condition,id,task,seed,prompt_hash,score,iterations,eligible,skipped,output_tokens
native_dense,ruler4k/ruler_4096_niah_single_1_p0391,niah_single_1,42,84b2a69d0f8ac3fdac3e2ec089bff85b2f7594e7a19aa175c45a04fa35d75559,1.0,4,0,0,23
native_dense,ruler4k/ruler_4096_niah_single_1_p0365,niah_single_1,42,362202745bfe5344c23483c584679b8839fa7f402a2275b041ef2e2eb0391df7,1.0,5,0,0,24
native_dense,ruler4k/ruler_4096_niah_single_1_p0359,niah_single_1,42,22c4aa54f702816bb0df17c72a45850f72c43521617c0530b766b288d42f243c,1.0,4,0,0,24
native_dense,ruler4k/ruler_4096_niah_single_1_p0356,niah_single_1,42,e16efe4e6f2434fe8070e5bd2ff9472be7f1f120929e46ab729ef1df42a999d4,1.0,4,0,0,28
native_dense,ruler4k/ruler_4096_niah_single_1_p0393,niah_single_1,42,2468ef9fd703f76cd57ba84a60c67a685a020d08698b2530f7d9e692ba5f44f0,1.0,3,0,0,27
native_dense,ruler4k/ruler_4096_niah_single_1_p0398,niah_single_1,42,97ce39fbf2025ceccac24ea9ecf655eb0604555785dbf104316e69637543ae8a,1.0,3,0,0,27
native_dense,ruler4k/ruler_4096_niah_single_1_p0373,niah_single_1,42,4c47f2828d442b0e5c0132156bd91b3ccbac339bb35f6c08447aa4cb23995306,1.0,4,0,0,24
native_dense,ruler4k/ruler_4096_niah_single_1_p0377,niah_single_1,42,b4b8b756d972020e9195f5487cd62eeb6355deef26eb2e8911eb7b203abb471d,1.0,3,0,0,28
native_dense,ruler4k/ruler_4096_niah_single_1_p0386,niah_single_1,42,c191837a0906eef75a272f52e39b79b35e2026870a511f6c47a1b8fd0104e6ca,1.0,3,0,0,29
native_dense,ruler4k/ruler_4096_niah_single_1_p0351,niah_single_1,42,4c5f87a7a4649fc38d57467051741d7abc30a788413f42f212337c9144556fb0,1.0,6,0,0,29
native_dense,ruler4k/ruler_4096_niah_single_2_p0418,niah_single_2,42,0c0970c55b901cac5e827bbc91c518ef9b6dd44decf09886a0e87b506488da09,1.0,3,0,0,25
native_dense,ruler4k/ruler_4096_niah_single_2_p0417,niah_single_2,42,9c24e81e63ccf9b37fd55a283a9de43b4cf8bdb8eca9700fd8780a44838a5b8a,1.0,3,0,0,27
native_dense,ruler4k/ruler_4096_niah_single_2_p0405,niah_single_2,42,12e3b643f0882dc1dd9c6bbbade302379bb4a2ca908d8d752366227d34af9c43,1.0,3,0,0,29
native_dense,ruler4k/ruler_4096_niah_single_2_p0433,niah_single_2,42,e68d45a10f3b6a2f2b432fee6387943942b3fc79e87860c551174e708fd6f712,1.0,3,0,0,27
native_dense,ruler4k/ruler_4096_niah_single_2_p0426,niah_single_2,42,e19912aa9fc527c02b94c5a6f9bd25b4a3b8860c0cf543acb7b2a6752625b655,1.0,5,0,0,27
native_dense,ruler4k/ruler_4096_niah_single_2_p0400,niah_single_2,42,23a78905359fae6c5b256969d7d7956bcac6bfedc6d6ba72c84e35f9e3c2b9d7,1.0,8,0,0,28
native_dense,ruler4k/ruler_4096_niah_single_2_p0429,niah_single_2,42,e6ae2e08b0022a1ab48df4a5249081768fbb7e281ae068e82284f6fdf1918129,1.0,3,0,0,27
native_dense,ruler4k/ruler_4096_niah_single_2_p0421,niah_single_2,42,35c2242668136cab280c6ec7c44248b6367ca3811041a841fc98747095cb0852,1.0,3,0,0,27
native_dense,ruler4k/ruler_4096_niah_single_2_p0428,niah_single_2,42,54ec3d0c7373a71a8c2ea1b0ed51bd6800842bd574fa81ac644aede61ff7173b,1.0,6,0,0,27
native_dense,ruler4k/ruler_4096_niah_single_2_p0437,niah_single_2,42,6064a204397272c101337e8220e155be0f35a2273bae28924392d42a2944d742,1.0,4,0,0,27
native_dense,ruler4k/ruler_4096_niah_single_3_p0468,niah_single_3,42,c3af63f11f27389ecd37df152d67c64d30cd233b8f5c795f95992f10b44cef78,1.0,5,0,0,50
native_dense,ruler4k/ruler_4096_niah_single_3_p0488,niah_single_3,42,56211e5bbb129174027e38ed20ea8a6fc6e73bea003e9590298b4044bfc46cae,1.0,4,0,0,55
native_dense,ruler4k/ruler_4096_niah_single_3_p0475,niah_single_3,42,7e9be5b0cbcf1dcbc00b2d27562173289648f82c0d9afa6be2663e5c09047119,1.0,4,0,0,54
native_dense,ruler4k/ruler_4096_niah_single_3_p0480,niah_single_3,42,8497f42fbfcb5ecb8b8a1bbac254b56627c0acd6a69feee34c318dcfd422f2b9,1.0,4,0,0,54
native_dense,ruler4k/ruler_4096_niah_single_3_p0451,niah_single_3,42,744f1a24096d7c51556722f87836779c8e1e172f920002ee79d5ba00fd2693be,1.0,5,0,0,55
native_dense,ruler4k/ruler_4096_niah_single_3_p0493,niah_single_3,42,206b9337b07a90a72a6663a468f70081366e428ce603582cde0b5f8e6074b221,1.0,5,0,0,54
native_dense,ruler4k/ruler_4096_niah_single_3_p0495,niah_single_3,42,65b164e9cb3f7277ed3185e5fadd121041b09ee6ccf2a688351bde02a9bd5299,1.0,4,0,0,53
native_dense,ruler4k/ruler_4096_niah_single_3_p0477,niah_single_3,42,ec8175b5f240daa35661b164849eb91484c7c48b1500f8b887fe7355e3dd8f9f,1.0,4,0,0,52
native_dense,ruler4k/ruler_4096_niah_single_3_p0491,niah_single_3,42,afbd45c86baed29f525f8652ca4a7afef5e5d0fcea1c22e486b3ab190c141d36,1.0,4,0,0,52
native_dense,ruler4k/ruler_4096_niah_single_3_p0464,niah_single_3,42,0def02e1833e5105697c667982c3db6b74fc599b3a23c1a1632eaed4930b203f,1.0,4,0,0,55
native_dense,ruler4k/ruler_4096_niah_multikey_1_p0143,niah_multikey_1,42,a4136de5f5df6c5da1bb8626f811a0e2c6c451efcb0a58778889c84d78779bb1,1.0,3,0,0,29
native_dense,ruler4k/ruler_4096_niah_multikey_1_p0130,niah_multikey_1,42,81ad2a12d9f42eb8553575cad78177b9d8e054a36587177d53e9bb832992d744,1.0,3,0,0,27
native_dense,ruler4k/ruler_4096_niah_multikey_1_p0104,niah_multikey_1,42,5949da444aa40e059027de62e9846fe4bf01d0b982dc634c685e4523057dec47,1.0,3,0,0,27
native_dense,ruler4k/ruler_4096_niah_multikey_1_p0140,niah_multikey_1,42,0dac50fb3c9a7cf274d390fc33deaaef863304b2b8cc58c26426b01b34360acd,1.0,3,0,0,29
native_dense,ruler4k/ruler_4096_niah_multikey_1_p0109,niah_multikey_1,42,eb29119b567c1acfc3fddd7dc23d99e3d07a451df1e9340863c41ab76fec8279,1.0,3,0,0,29
native_dense,ruler4k/ruler_4096_niah_multikey_1_p0112,niah_multikey_1,42,64a2a5358813d7cc70dee30933034b553e8ff4289fc2abfa2c0cac0577bd9869,1.0,3,0,0,24
native_dense,ruler4k/ruler_4096_niah_multikey_1_p0110,niah_multikey_1,42,0e985d0395cfd78473b765322e48855d9338f4292cc653dc4921ddd64e7aa6aa,1.0,3,0,0,28
native_dense,ruler4k/ruler_4096_niah_multikey_1_p0115,niah_multikey_1,42,eb7e20f6e8cd8787f1bdc6806bf396684517cb30e9a27351d0804cd4226948a7,1.0,3,0,0,28
native_dense,ruler4k/ruler_4096_niah_multikey_1_p0124,niah_multikey_1,42,813f07f91b5e61c369a986a6e0af49e8d31e8f836d6b80546513c9d17c4a822d,1.0,4,0,0,23
native_dense,ruler4k/ruler_4096_niah_multikey_1_p0138,niah_multikey_1,42,7458699c703be6ff351e77d62d5262b50c1c149ddc8ff259fe40054e25393e9d,1.0,4,0,0,29
native_dense,ruler4k/ruler_4096_niah_multikey_2_p0155,niah_multikey_2,42,89c401d63e557be37a2c9112dd8f8a9a5b86a1a4ddfef2bb152e3d3624581de6,1.0,2,0,0,24
native_dense,ruler4k/ruler_4096_niah_multikey_2_p0187,niah_multikey_2,42,b2b7c440a1d1925f2db27831d670136208061acf4309c804e48710e2e2b096ba,1.0,3,0,0,23
native_dense,ruler4k/ruler_4096_niah_multikey_2_p0199,niah_multikey_2,42,113cceb69e7cad1008b8faca879924601c4493030f01c185a0c143d1e35b5dec,1.0,6,0,0,25
native_dense,ruler4k/ruler_4096_niah_multikey_2_p0172,niah_multikey_2,42,299c5ce6f3b0ebeed623c66095efe93c8d28ff455696651e7a173c70f736ed2b,1.0,3,0,0,23
native_dense,ruler4k/ruler_4096_niah_multikey_2_p0160,niah_multikey_2,42,3652c8d513a6b1df9c2e8e3b8ed23eb74cdf168726c457745e5244234b8ac1da,1.0,2,0,0,26
native_dense,ruler4k/ruler_4096_niah_multikey_2_p0192,niah_multikey_2,42,263394c74e36959c503d578504af247e8f4cf5cb7580ad67bfb1f10c4be191d4,1.0,3,0,0,24
native_dense,ruler4k/ruler_4096_niah_multikey_2_p0191,niah_multikey_2,42,f412410977db6e493a67db293bc7d42ac0dd4318b396cfb4c964979dd3893c60,1.0,3,0,0,24
native_dense,ruler4k/ruler_4096_niah_multikey_2_p0186,niah_multikey_2,42,9a6750843eef9b6a259296690d489f907f8cadc16f29aedbb8d0492512c00168,1.0,2,0,0,24
native_dense,ruler4k/ruler_4096_niah_multikey_2_p0188,niah_multikey_2,42,79511fa19beeb3d6933bfe7327175585524e911f7a0f81655720b2aca3a0ba0c,1.0,2,0,0,24
native_dense,ruler4k/ruler_4096_niah_multikey_2_p0195,niah_multikey_2,42,f723391fa64b17bbbd3fe15c5144633074bdb872e8e5510aa6f7047e55cb924d,1.0,2,0,0,24
native_dense,ruler4k/ruler_4096_niah_multikey_3_p0221,niah_multikey_3,42,f8dd0f93eb33e91a61cf7fab499ffd7585047ae2afcf9f0d1a3160fd4341ed35,1.0,3,0,0,78
native_dense,ruler4k/ruler_4096_niah_multikey_3_p0247,niah_multikey_3,42,ae30df60444546e8777ee802f719cfae5dfe7ceae7b8f13f46e9b409ea28a312,1.0,3,0,0,78
native_dense,ruler4k/ruler_4096_niah_multikey_3_p0222,niah_multikey_3,42,eafa5bd73b366cbcac052d45d993a4d8f72a6c7cc5293a69af6f1fc6b7e44b91,1.0,4,0,0,77
native_dense,ruler4k/ruler_4096_niah_multikey_3_p0203,niah_multikey_3,42,42be70ae1b5d7d8f2d25f41c1ea6c5bef44467fb3821001bd8239e7cbf7d5825,1.0,3,0,0,78
native_dense,ruler4k/ruler_4096_niah_multikey_3_p0249,niah_multikey_3,42,4fffd45bb8c613b3c496fa0e52293424834107c78eb86377039d4bc2eafbc7c9,1.0,3,0,0,83
native_dense,ruler4k/ruler_4096_niah_multikey_3_p0201,niah_multikey_3,42,16107492e0e1f5f3e241995fd2634504edd00904c0e19d725ab3ae560a6060fb,1.0,3,0,0,76
native_dense,ruler4k/ruler_4096_niah_multikey_3_p0242,niah_multikey_3,42,f4329a354710003262cadef688f726df03362adeb32aba2eb7809f02e2dabbc4,1.0,3,0,0,75
native_dense,ruler4k/ruler_4096_niah_multikey_3_p0217,niah_multikey_3,42,bca3327d5aa55bfa3ccd0ea2c83739a1ada8873e873741e3e1c46d10abffdb66,1.0,4,0,0,75
native_dense,ruler4k/ruler_4096_niah_multikey_3_p0218,niah_multikey_3,42,5ee3579138079a2a3bf406113e49449c5c5486254c73d9d817ae3a58005386ba,1.0,4,0,0,81
native_dense,ruler4k/ruler_4096_niah_multikey_3_p0229,niah_multikey_3,42,80d5e6407cd842e86d45150d8235f8b98caef2804f44689d318f633c844232fe,1.0,3,0,0,79
native_dense,ruler4k/ruler_4096_niah_multivalue_p0333,niah_multivalue,42,cfb1f9c8c983a092c4fca7359d982b505400235942aa329a6b04f4b4ad3769ed,1.0,6,0,0,119
native_dense,ruler4k/ruler_4096_niah_multivalue_p0323,niah_multivalue,42,6cfcc849348a08389dfd9360dc35be5045e03b2545c0238142e0d33500b579b2,1.0,7,0,0,67
native_dense,ruler4k/ruler_4096_niah_multivalue_p0301,niah_multivalue,42,acf8258c21c0101725c9812e9febb8400cb26d111c5ff99a5e9f9c5ce5c9cf1a,1.0,4,0,0,67
native_dense,ruler4k/ruler_4096_niah_multivalue_p0341,niah_multivalue,42,28db1d98fca3a475372b00bf02bcfe115a530b792736a1c023bb7c2c3b5deccd,1.0,3,0,0,67
native_dense,ruler4k/ruler_4096_niah_multivalue_p0338,niah_multivalue,42,491956a4b5522d0af0ef17f13a2168ed7f82fd3c6976f2f140ee4a55d5754914,1.0,5,0,0,71
native_dense,ruler4k/ruler_4096_niah_multivalue_p0306,niah_multivalue,42,1a44769372eb079188f4a23cd39ba56394aae391ba10dbedf1a7fc3fb6a65f87,1.0,4,0,0,71
native_dense,ruler4k/ruler_4096_niah_multivalue_p0329,niah_multivalue,42,9ea03ab697be6f960e62e3e35e2cfb311adf0b86781e4a24646b27e846be74c0,1.0,5,0,0,72
native_dense,ruler4k/ruler_4096_niah_multivalue_p0336,niah_multivalue,42,67218f00ea86276217c8f8e5a4fa2739ad7a72e31068c476b6b809646343437c,1.0,4,0,0,71
native_dense,ruler4k/ruler_4096_niah_multivalue_p0305,niah_multivalue,42,0f59017fbd483ac5be5cd70d397811e097d529c2776fc6a0fdce9bbcde2dc055,1.0,12,0,0,128
native_dense,ruler4k/ruler_4096_niah_multivalue_p0334,niah_multivalue,42,8408b2cc181539d721124293f71f4afe4e80fecf3be6b08f136589ab1aedbfb1,1.0,3,0,0,67
native_dense,ruler4k/ruler_4096_niah_multiquery_p0250,niah_multiquery,42,d7ebeb31c67ef3aaff04b0a01f7a281e4a285a887e4088bdf1590297df0c5496,1.0,4,0,0,86
native_dense,ruler4k/ruler_4096_niah_multiquery_p0281,niah_multiquery,42,25f97397c1f56fcb22753a040a6b77236c8ffabd415fc7dc413de0043d0ad5b0,1.0,4,0,0,89
native_dense,ruler4k/ruler_4096_niah_multiquery_p0293,niah_multiquery,42,42cee0d9bcf07b284dea36a84610ce8eacd037e5da27b880199575aa15909544,1.0,3,0,0,89
native_dense,ruler4k/ruler_4096_niah_multiquery_p0268,niah_multiquery,42,12e8eabb09dfb861ca9ef3383dc04a81adaf4050c502abdebbfb61c58afacc90,1.0,3,0,0,90
native_dense,ruler4k/ruler_4096_niah_multiquery_p0273,niah_multiquery,42,561df18acab190c49616d28217638902060fe1a4b0f3aba3eaa0a587cf015a0a,1.0,4,0,0,89
native_dense,ruler4k/ruler_4096_niah_multiquery_p0252,niah_multiquery,42,e9e6216e984840a8ae40adb72219eac5190bfbbe72b8156a8933b52e10836e9b,1.0,3,0,0,88
native_dense,ruler4k/ruler_4096_niah_multiquery_p0266,niah_multiquery,42,74cbb1f7d07b7a148b8d78375d5d0cf013f8eb9e8b005f5af635cac28eb9b6b2,1.0,3,0,0,83
native_dense,ruler4k/ruler_4096_niah_multiquery_p0298,niah_multiquery,42,73b299958b02347e43ae5a010343d9f79a81286767fa4328bd5248826e121beb,1.0,4,0,0,85
native_dense,ruler4k/ruler_4096_niah_multiquery_p0264,niah_multiquery,42,d7c9f1221cd0d46c9c81dd74ef9bacbcb746734aa4e5e4e50c9ba36e70147889,1.0,5,0,0,89
native_dense,ruler4k/ruler_4096_niah_multiquery_p0285,niah_multiquery,42,128d8f2fd3612e9f5ad3ff88451b44c429d77965a5c067f7608185298be544f7,1.0,4,0,0,86
native_dense,ruler4k/ruler_4096_vt_p0601,vt,42,1ede7e3b3443c1da90f87dcbae808b715151e2640fae7040cd470a50adff47bf,0.0,4,0,0,30
native_dense,ruler4k/ruler_4096_vt_p0617,vt,42,87aea4b59ba3a6ec618d590d946c59a031df61f8d44e5f0be8e9525a6eccd336,0.0,7,0,0,30
native_dense,ruler4k/ruler_4096_vt_p0632,vt,42,5cb68cb1202f34f42296c6881510b2aca700e68c15043de09495cce28cac949c,0.0,4,0,0,30
native_dense,ruler4k/ruler_4096_vt_p0618,vt,42,6c29d37fdba15c5fd2ad421103ecb98036162ec4b7435c06f3d3027f320c762d,0.0,7,0,0,30
native_dense,ruler4k/ruler_4096_vt_p0603,vt,42,fe93b7aa159b81138de74e2be58b545f9b3f38aaf1119b6574944b4bb23c5fb1,0.0,3,0,0,30
native_dense,ruler4k/ruler_4096_vt_p0624,vt,42,1e3f850af723b632f4d1eaab713c671a0ecfbc55d1284baae00b92865c0165da,0.0,3,0,0,30
native_dense,ruler4k/ruler_4096_vt_p0607,vt,42,56b8fcd4e95162f8bcd8d7d3c9673315733632a084c7f0ff65cfe0a306019fb6,0.0,4,0,0,30
native_dense,ruler4k/ruler_4096_vt_p0611,vt,42,6c6d7581df6c35f0e144bdbd5a81728a2a46452052bff2c0aa1414823c79ba21,0.0,3,0,0,30
native_dense,ruler4k/ruler_4096_vt_p0623,vt,42,de3faf03d119ec292d87b818ebc27c76702806d4eacb19670dccc814d97242e6,0.0,4,0,0,30
native_dense,ruler4k/ruler_4096_vt_p0620,vt,42,63626bade152cd74b6120a42fcc713e53c86518e77cf94b8bb05c941bd6eee4a,0.0,4,0,0,30
native_dense,ruler4k/ruler_4096_cwe_p0045,cwe,42,bfcf4b52a0dd6646e7f1977825aed749da0db1624455550c7e4b0005d36bf4f6,1.0,6,0,0,63
native_dense,ruler4k/ruler_4096_cwe_p0014,cwe,42,6358699f441f11c7ee51c51d58e4013c22272ccbcc9d74cf9c224792227c9218,1.0,6,0,0,64
native_dense,ruler4k/ruler_4096_cwe_p0044,cwe,42,40da7d9a8dabc14ede9b3edd40572017ad91c060752fefb22d098b9e46a70569,1.0,6,0,0,68
native_dense,ruler4k/ruler_4096_cwe_p0005,cwe,42,a1ac0ee9b8d3d6fbfea8164480699498158e4f732b8f73fefd51e45c2af7798a,1.0,7,0,0,63
native_dense,ruler4k/ruler_4096_cwe_p0046,cwe,42,327255761be34b73002c16b49d33666ee697c40b80eb823e1ec9ee8d9d688038,1.0,9,0,0,63
native_dense,ruler4k/ruler_4096_cwe_p0036,cwe,42,a37348e65d33b1a14bb87bbd15896f1be9a2d8a20397882f28e64026f4767bb2,1.0,11,0,0,62
native_dense,ruler4k/ruler_4096_cwe_p0038,cwe,42,3d23bf868a9c20165654f8a7cc1d021bec3d59e4480962a475a1787eeeef120f,1.0,8,0,0,61
native_dense,ruler4k/ruler_4096_cwe_p0034,cwe,42,a2b5f9d437342694356a5bed5caa56516720c3c24209f10861dc66889f2cc4e5,1.0,9,0,0,62
native_dense,ruler4k/ruler_4096_cwe_p0004,cwe,42,12780ec9ff7d288d30ed09b658dd44e997d76aa4e696983f3e4779e953fe8f04,1.0,10,0,0,62
native_dense,ruler4k/ruler_4096_cwe_p0008,cwe,42,b81f61ad0d24a56feae85508d58c480040d0091f28c2682d5792bc97797325bd,1.0,8,0,0,62
native_dense,ruler4k/ruler_4096_fwe_p0087,fwe,42,16fa298c7245985713964f55babd9941866cd9f502561a080f2e1da4e46a255f,0.6667000000000001,3,0,0,22
native_dense,ruler4k/ruler_4096_fwe_p0096,fwe,42,57da086ecbea39898f7725d2a5594d0891924b1192f7cc832a39d3305048cdd9,1.0,3,0,0,24
native_dense,ruler4k/ruler_4096_fwe_p0067,fwe,42,6a00968813b930890b9d8a8236d421df73bb5653893e13b5579b1396a9f7e2b8,1.0,4,0,0,22
native_dense,ruler4k/ruler_4096_fwe_p0062,fwe,42,b9486e82e0a9970ff4f752085832989c02d3e0186e95a2b748bd9629e256facb,0.6667000000000001,4,0,0,23
native_dense,ruler4k/ruler_4096_fwe_p0088,fwe,42,8d120b2a4312ea91cd33c537f1cd10e6060c0a7e261052b2db531798e5e07bad,1.0,4,0,0,23
native_dense,ruler4k/ruler_4096_fwe_p0052,fwe,42,5a6004725b0a53d258f50ef247b40ea89414457abad6c43ecc9bb49f74e1169c,1.0,3,0,0,24
native_dense,ruler4k/ruler_4096_fwe_p0085,fwe,42,ce7fba76f73da72a29cb1a9eb674685845459dadf47bb1218e612954babad932,1.0,3,0,0,22
native_dense,ruler4k/ruler_4096_fwe_p0071,fwe,42,d843973080e5f93e1b39ce8cce5341d583b62b232342095ce6bf506321e01a94,1.0,3,0,0,23
native_dense,ruler4k/ruler_4096_fwe_p0075,fwe,42,74dab99d0aab3c14e77ba11a0d77b82c8d75abe3d622688ef64ebbc34be1644e,1.0,3,0,0,21
native_dense,ruler4k/ruler_4096_fwe_p0086,fwe,42,69670b27321fec6e735e4361d7b73c0920496cf79e1f424cff8d5a51ba3694fe,1.0,3,0,0,20
native_dense,ruler4k/ruler_4096_qa_1_p0505,qa_1,42,dfc616957fca79c516c29b6044a180b83f077b296a3202eedafb4e31029e4a76,0.0,2,0,0,10
native_dense,ruler4k/ruler_4096_qa_1_p0517,qa_1,42,a007c13dd1a196fb2ee764d65413cccb1d07b5cc996a33955f72923a68b3ee23,1.0,5,0,0,20
native_dense,ruler4k/ruler_4096_qa_1_p0501,qa_1,42,852969255c427f2ca395afdce4e633ba40eb8fb5921817992fc643ba1ab16b6d,1.0,4,0,0,17
native_dense,ruler4k/ruler_4096_qa_1_p0530,qa_1,42,a162c6477c6e6478fb97d42ec11716df2abc134feac1b5ec765622b9a358d3a2,1.0,4,0,0,8
native_dense,ruler4k/ruler_4096_qa_1_p0509,qa_1,42,255353b20d8ffd2d962d5830853b81014b8e4e2ad113cbe116fe1b2754189273,1.0,3,0,0,8
native_dense,ruler4k/ruler_4096_qa_1_p0549,qa_1,42,7d23ac5addd3206ea31de7705e76364b7d656d00cfd14354fa752b9e29579ae1,1.0,2,0,0,9
native_dense,ruler4k/ruler_4096_qa_1_p0514,qa_1,42,fcc5d586ab237ca84d597be8cd62496aeaa4374406bcbf84b9300656fe7288ad,1.0,5,0,0,18
native_dense,ruler4k/ruler_4096_qa_1_p0540,qa_1,42,333bb0dd8a9972c275fa9648978027c2a9fce7c10bb749106c0ccf25c0bb3612,1.0,2,0,0,10
native_dense,ruler4k/ruler_4096_qa_1_p0547,qa_1,42,811492b67af1ca7b375cc9017391a98155b214f7e2bb59abef0a79f75c6d70bf,1.0,2,0,0,6
native_dense,ruler4k/ruler_4096_qa_1_p0512,qa_1,42,660de8b61e41aa812403f334efcf909030631eb1e715a2764de1013981474ad5,1.0,2,0,0,8
native_dense,ruler4k/ruler_4096_qa_2_p0579,qa_2,42,515a1c9665425cbaaa1ae73b35d7616c50164b5880b10ba16d2d3cb581db8077,1.0,2,0,0,9
native_dense,ruler4k/ruler_4096_qa_2_p0588,qa_2,42,82a062b715ce57274a81267e8873b62e736b3d10889f90bdf3a43a3808af23aa,1.0,2,0,0,6
native_dense,ruler4k/ruler_4096_qa_2_p0551,qa_2,42,0c9d305f8640e44a8eee5fc63f283e409133ef5725d62b81317698828faecec2,1.0,4,0,0,21
native_dense,ruler4k/ruler_4096_qa_2_p0578,qa_2,42,cb4967b2c0e4b0770e147781ec0b71d6ef2bfbb2f4a21ae376e3f79d9db6d885,1.0,2,0,0,9
native_dense,ruler4k/ruler_4096_qa_2_p0583,qa_2,42,1ad492cdc5f1ff709e7d4c315cf766a566cf50f947e2a5aaa951bda8035ea058,1.0,3,0,0,6
native_dense,ruler4k/ruler_4096_qa_2_p0599,qa_2,42,5dfd7c7563dfc5e3f32396a60b8c9d9dbf1346a7780553e50810c9485a6a0adb,0.0,4,0,0,32
native_dense,ruler4k/ruler_4096_qa_2_p0589,qa_2,42,827954e15839b8ac59fb7e394b606d5eee0fd6f268f8832105e952034e485b7e,1.0,3,0,0,8
native_dense,ruler4k/ruler_4096_qa_2_p0559,qa_2,42,d55a6754a18b806b7b459ba27c9c9aaa785002acfcae3c2dde82d74ba0ac677a,1.0,2,0,0,6
native_dense,ruler4k/ruler_4096_qa_2_p0577,qa_2,42,60904ecb62467215293c6410d8edf1c80f081dd77dd637ece0c13ab0080c001e,1.0,2,0,0,6
native_dense,ruler4k/ruler_4096_qa_2_p0574,qa_2,42,a12ffe9225044b65b59b8c16d21eba0198d2f8d87f7e24e0ec2bc3b146b9d9c4,1.0,3,0,0,13
kernel_dense,ruler4k/ruler_4096_niah_single_1_p0391,niah_single_1,42,84b2a69d0f8ac3fdac3e2ec089bff85b2f7594e7a19aa175c45a04fa35d75559,1.0,3,77280,0,23
kernel_dense,ruler4k/ruler_4096_niah_single_1_p0365,niah_single_1,42,362202745bfe5344c23483c584679b8839fa7f402a2275b041ef2e2eb0391df7,1.0,4,103040,0,28
kernel_dense,ruler4k/ruler_4096_niah_single_1_p0359,niah_single_1,42,22c4aa54f702816bb0df17c72a45850f72c43521617c0530b766b288d42f243c,1.0,3,77280,0,24
kernel_dense,ruler4k/ruler_4096_niah_single_1_p0356,niah_single_1,42,e16efe4e6f2434fe8070e5bd2ff9472be7f1f120929e46ab729ef1df42a999d4,1.0,5,128800,0,28
kernel_dense,ruler4k/ruler_4096_niah_single_1_p0393,niah_single_1,42,2468ef9fd703f76cd57ba84a60c67a685a020d08698b2530f7d9e692ba5f44f0,1.0,3,77280,0,28
kernel_dense,ruler4k/ruler_4096_niah_single_1_p0398,niah_single_1,42,97ce39fbf2025ceccac24ea9ecf655eb0604555785dbf104316e69637543ae8a,1.0,4,103040,0,27
kernel_dense,ruler4k/ruler_4096_niah_single_1_p0373,niah_single_1,42,4c47f2828d442b0e5c0132156bd91b3ccbac339bb35f6c08447aa4cb23995306,1.0,6,154560,0,24
kernel_dense,ruler4k/ruler_4096_niah_single_1_p0377,niah_single_1,42,b4b8b756d972020e9195f5487cd62eeb6355deef26eb2e8911eb7b203abb471d,1.0,4,103040,0,28
kernel_dense,ruler4k/ruler_4096_niah_single_1_p0386,niah_single_1,42,c191837a0906eef75a272f52e39b79b35e2026870a511f6c47a1b8fd0104e6ca,1.0,4,103040,0,29
kernel_dense,ruler4k/ruler_4096_niah_single_1_p0351,niah_single_1,42,4c5f87a7a4649fc38d57467051741d7abc30a788413f42f212337c9144556fb0,1.0,4,103040,0,29
kernel_dense,ruler4k/ruler_4096_niah_single_2_p0418,niah_single_2,42,0c0970c55b901cac5e827bbc91c518ef9b6dd44decf09886a0e87b506488da09,1.0,4,96640,0,25
kernel_dense,ruler4k/ruler_4096_niah_single_2_p0417,niah_single_2,42,9c24e81e63ccf9b37fd55a283a9de43b4cf8bdb8eca9700fd8780a44838a5b8a,1.0,4,103040,0,27
kernel_dense,ruler4k/ruler_4096_niah_single_2_p0405,niah_single_2,42,12e3b643f0882dc1dd9c6bbbade302379bb4a2ca908d8d752366227d34af9c43,1.0,3,72480,0,29
kernel_dense,ruler4k/ruler_4096_niah_single_2_p0433,niah_single_2,42,e68d45a10f3b6a2f2b432fee6387943942b3fc79e87860c551174e708fd6f712,1.0,3,77280,0,27
kernel_dense,ruler4k/ruler_4096_niah_single_2_p0426,niah_single_2,42,e19912aa9fc527c02b94c5a6f9bd25b4a3b8860c0cf543acb7b2a6752625b655,1.0,3,77280,0,27
kernel_dense,ruler4k/ruler_4096_niah_single_2_p0400,niah_single_2,42,23a78905359fae6c5b256969d7d7956bcac6bfedc6d6ba72c84e35f9e3c2b9d7,1.0,4,96640,0,28
kernel_dense,ruler4k/ruler_4096_niah_single_2_p0429,niah_single_2,42,e6ae2e08b0022a1ab48df4a5249081768fbb7e281ae068e82284f6fdf1918129,1.0,3,72480,0,27
kernel_dense,ruler4k/ruler_4096_niah_single_2_p0421,niah_single_2,42,35c2242668136cab280c6ec7c44248b6367ca3811041a841fc98747095cb0852,1.0,5,128800,0,27
kernel_dense,ruler4k/ruler_4096_niah_single_2_p0428,niah_single_2,42,54ec3d0c7373a71a8c2ea1b0ed51bd6800842bd574fa81ac644aede61ff7173b,1.0,3,72480,0,23
kernel_dense,ruler4k/ruler_4096_niah_single_2_p0437,niah_single_2,42,6064a204397272c101337e8220e155be0f35a2273bae28924392d42a2944d742,1.0,3,77280,0,27
kernel_dense,ruler4k/ruler_4096_niah_single_3_p0468,niah_single_3,42,c3af63f11f27389ecd37df152d67c64d30cd233b8f5c795f95992f10b44cef78,1.0,3,72480,0,50
kernel_dense,ruler4k/ruler_4096_niah_single_3_p0488,niah_single_3,42,56211e5bbb129174027e38ed20ea8a6fc6e73bea003e9590298b4044bfc46cae,1.0,4,103040,0,55
kernel_dense,ruler4k/ruler_4096_niah_single_3_p0475,niah_single_3,42,7e9be5b0cbcf1dcbc00b2d27562173289648f82c0d9afa6be2663e5c09047119,1.0,5,128800,0,55
kernel_dense,ruler4k/ruler_4096_niah_single_3_p0480,niah_single_3,42,8497f42fbfcb5ecb8b8a1bbac254b56627c0acd6a69feee34c318dcfd422f2b9,1.0,3,77280,0,51
kernel_dense,ruler4k/ruler_4096_niah_single_3_p0451,niah_single_3,42,744f1a24096d7c51556722f87836779c8e1e172f920002ee79d5ba00fd2693be,1.0,5,128800,0,55
kernel_dense,ruler4k/ruler_4096_niah_single_3_p0493,niah_single_3,42,206b9337b07a90a72a6663a468f70081366e428ce603582cde0b5f8e6074b221,1.0,4,96640,0,54
kernel_dense,ruler4k/ruler_4096_niah_single_3_p0495,niah_single_3,42,65b164e9cb3f7277ed3185e5fadd121041b09ee6ccf2a688351bde02a9bd5299,1.0,3,77280,0,53
kernel_dense,ruler4k/ruler_4096_niah_single_3_p0477,niah_single_3,42,ec8175b5f240daa35661b164849eb91484c7c48b1500f8b887fe7355e3dd8f9f,1.0,3,72480,0,52
kernel_dense,ruler4k/ruler_4096_niah_single_3_p0491,niah_single_3,42,afbd45c86baed29f525f8652ca4a7afef5e5d0fcea1c22e486b3ab190c141d36,1.0,5,120800,0,52
kernel_dense,ruler4k/ruler_4096_niah_single_3_p0464,niah_single_3,42,0def02e1833e5105697c667982c3db6b74fc599b3a23c1a1632eaed4930b203f,1.0,4,103040,0,55
kernel_dense,ruler4k/ruler_4096_niah_multikey_1_p0143,niah_multikey_1,42,a4136de5f5df6c5da1bb8626f811a0e2c6c451efcb0a58778889c84d78779bb1,1.0,3,72480,0,29
kernel_dense,ruler4k/ruler_4096_niah_multikey_1_p0130,niah_multikey_1,42,81ad2a12d9f42eb8553575cad78177b9d8e054a36587177d53e9bb832992d744,1.0,3,72480,0,27
kernel_dense,ruler4k/ruler_4096_niah_multikey_1_p0104,niah_multikey_1,42,5949da444aa40e059027de62e9846fe4bf01d0b982dc634c685e4523057dec47,1.0,3,72480,0,27
kernel_dense,ruler4k/ruler_4096_niah_multikey_1_p0140,niah_multikey_1,42,0dac50fb3c9a7cf274d390fc33deaaef863304b2b8cc58c26426b01b34360acd,1.0,3,72480,0,25
kernel_dense,ruler4k/ruler_4096_niah_multikey_1_p0109,niah_multikey_1,42,eb29119b567c1acfc3fddd7dc23d99e3d07a451df1e9340863c41ab76fec8279,1.0,3,72480,0,29
kernel_dense,ruler4k/ruler_4096_niah_multikey_1_p0112,niah_multikey_1,42,64a2a5358813d7cc70dee30933034b553e8ff4289fc2abfa2c0cac0577bd9869,1.0,5,120800,0,28
kernel_dense,ruler4k/ruler_4096_niah_multikey_1_p0110,niah_multikey_1,42,0e985d0395cfd78473b765322e48855d9338f4292cc653dc4921ddd64e7aa6aa,1.0,4,96640,0,28
kernel_dense,ruler4k/ruler_4096_niah_multikey_1_p0115,niah_multikey_1,42,eb7e20f6e8cd8787f1bdc6806bf396684517cb30e9a27351d0804cd4226948a7,1.0,3,72480,0,28
kernel_dense,ruler4k/ruler_4096_niah_multikey_1_p0124,niah_multikey_1,42,813f07f91b5e61c369a986a6e0af49e8d31e8f836d6b80546513c9d17c4a822d,1.0,3,72480,0,27
kernel_dense,ruler4k/ruler_4096_niah_multikey_1_p0138,niah_multikey_1,42,7458699c703be6ff351e77d62d5262b50c1c149ddc8ff259fe40054e25393e9d,1.0,3,72480,0,25
kernel_dense,ruler4k/ruler_4096_niah_multikey_2_p0155,niah_multikey_2,42,89c401d63e557be37a2c9112dd8f8a9a5b86a1a4ddfef2bb152e3d3624581de6,1.0,3,77280,0,24
kernel_dense,ruler4k/ruler_4096_niah_multikey_2_p0187,niah_multikey_2,42,b2b7c440a1d1925f2db27831d670136208061acf4309c804e48710e2e2b096ba,1.0,3,77280,0,23
kernel_dense,ruler4k/ruler_4096_niah_multikey_2_p0199,niah_multikey_2,42,113cceb69e7cad1008b8faca879924601c4493030f01c185a0c143d1e35b5dec,1.0,4,97280,0,24
kernel_dense,ruler4k/ruler_4096_niah_multikey_2_p0172,niah_multikey_2,42,299c5ce6f3b0ebeed623c66095efe93c8d28ff455696651e7a173c70f736ed2b,1.0,4,103040,0,23
kernel_dense,ruler4k/ruler_4096_niah_multikey_2_p0160,niah_multikey_2,42,3652c8d513a6b1df9c2e8e3b8ed23eb74cdf168726c457745e5244234b8ac1da,1.0,4,103040,0,26
kernel_dense,ruler4k/ruler_4096_niah_multikey_2_p0192,niah_multikey_2,42,263394c74e36959c503d578504af247e8f4cf5cb7580ad67bfb1f10c4be191d4,1.0,3,77280,0,24
kernel_dense,ruler4k/ruler_4096_niah_multikey_2_p0191,niah_multikey_2,42,f412410977db6e493a67db293bc7d42ac0dd4318b396cfb4c964979dd3893c60,1.0,3,77280,0,24
kernel_dense,ruler4k/ruler_4096_niah_multikey_2_p0186,niah_multikey_2,42,9a6750843eef9b6a259296690d489f907f8cadc16f29aedbb8d0492512c00168,1.0,2,51520,0,24
kernel_dense,ruler4k/ruler_4096_niah_multikey_2_p0188,niah_multikey_2,42,79511fa19beeb3d6933bfe7327175585524e911f7a0f81655720b2aca3a0ba0c,1.0,3,77280,0,24
kernel_dense,ruler4k/ruler_4096_niah_multikey_2_p0195,niah_multikey_2,42,f723391fa64b17bbbd3fe15c5144633074bdb872e8e5510aa6f7047e55cb924d,1.0,2,51520,0,24
kernel_dense,ruler4k/ruler_4096_niah_multikey_3_p0221,niah_multikey_3,42,f8dd0f93eb33e91a61cf7fab499ffd7585047ae2afcf9f0d1a3160fd4341ed35,1.0,3,76800,0,78
kernel_dense,ruler4k/ruler_4096_niah_multikey_3_p0247,niah_multikey_3,42,ae30df60444546e8777ee802f719cfae5dfe7ceae7b8f13f46e9b409ea28a312,1.0,3,76800,0,78
kernel_dense,ruler4k/ruler_4096_niah_multikey_3_p0222,niah_multikey_3,42,eafa5bd73b366cbcac052d45d993a4d8f72a6c7cc5293a69af6f1fc6b7e44b91,1.0,4,102400,0,77
kernel_dense,ruler4k/ruler_4096_niah_multikey_3_p0203,niah_multikey_3,42,42be70ae1b5d7d8f2d25f41c1ea6c5bef44467fb3821001bd8239e7cbf7d5825,1.0,5,128000,0,78
kernel_dense,ruler4k/ruler_4096_niah_multikey_3_p0249,niah_multikey_3,42,4fffd45bb8c613b3c496fa0e52293424834107c78eb86377039d4bc2eafbc7c9,1.0,3,76800,0,83
kernel_dense,ruler4k/ruler_4096_niah_multikey_3_p0201,niah_multikey_3,42,16107492e0e1f5f3e241995fd2634504edd00904c0e19d725ab3ae560a6060fb,1.0,4,102400,0,76
kernel_dense,ruler4k/ruler_4096_niah_multikey_3_p0242,niah_multikey_3,42,f4329a354710003262cadef688f726df03362adeb32aba2eb7809f02e2dabbc4,1.0,3,76800,0,75
kernel_dense,ruler4k/ruler_4096_niah_multikey_3_p0217,niah_multikey_3,42,bca3327d5aa55bfa3ccd0ea2c83739a1ada8873e873741e3e1c46d10abffdb66,1.0,3,76800,0,75
kernel_dense,ruler4k/ruler_4096_niah_multikey_3_p0218,niah_multikey_3,42,5ee3579138079a2a3bf406113e49449c5c5486254c73d9d817ae3a58005386ba,1.0,4,102400,0,81
kernel_dense,ruler4k/ruler_4096_niah_multikey_3_p0229,niah_multikey_3,42,80d5e6407cd842e86d45150d8235f8b98caef2804f44689d318f633c844232fe,1.0,4,102400,0,79
kernel_dense,ruler4k/ruler_4096_niah_multivalue_p0333,niah_multivalue,42,cfb1f9c8c983a092c4fca7359d982b505400235942aa329a6b04f4b4ad3769ed,1.0,5,120800,0,120
kernel_dense,ruler4k/ruler_4096_niah_multivalue_p0323,niah_multivalue,42,6cfcc849348a08389dfd9360dc35be5045e03b2545c0238142e0d33500b579b2,1.0,4,96640,0,71
kernel_dense,ruler4k/ruler_4096_niah_multivalue_p0301,niah_multivalue,42,acf8258c21c0101725c9812e9febb8400cb26d111c5ff99a5e9f9c5ce5c9cf1a,1.0,4,96640,0,67
kernel_dense,ruler4k/ruler_4096_niah_multivalue_p0341,niah_multivalue,42,28db1d98fca3a475372b00bf02bcfe115a530b792736a1c023bb7c2c3b5deccd,1.0,4,103040,0,67
kernel_dense,ruler4k/ruler_4096_niah_multivalue_p0338,niah_multivalue,42,491956a4b5522d0af0ef17f13a2168ed7f82fd3c6976f2f140ee4a55d5754914,1.0,5,120800,0,71
kernel_dense,ruler4k/ruler_4096_niah_multivalue_p0306,niah_multivalue,42,1a44769372eb079188f4a23cd39ba56394aae391ba10dbedf1a7fc3fb6a65f87,1.0,4,96640,0,67
kernel_dense,ruler4k/ruler_4096_niah_multivalue_p0329,niah_multivalue,42,9ea03ab697be6f960e62e3e35e2cfb311adf0b86781e4a24646b27e846be74c0,1.0,5,120800,0,68
kernel_dense,ruler4k/ruler_4096_niah_multivalue_p0336,niah_multivalue,42,67218f00ea86276217c8f8e5a4fa2739ad7a72e31068c476b6b809646343437c,1.0,4,96640,0,71
kernel_dense,ruler4k/ruler_4096_niah_multivalue_p0305,niah_multivalue,42,0f59017fbd483ac5be5cd70d397811e097d529c2776fc6a0fdce9bbcde2dc055,1.0,12,309120,0,128
kernel_dense,ruler4k/ruler_4096_niah_multivalue_p0334,niah_multivalue,42,8408b2cc181539d721124293f71f4afe4e80fecf3be6b08f136589ab1aedbfb1,1.0,4,96640,0,67
kernel_dense,ruler4k/ruler_4096_niah_multiquery_p0250,niah_multiquery,42,d7ebeb31c67ef3aaff04b0a01f7a281e4a285a887e4088bdf1590297df0c5496,1.0,4,96640,0,85
kernel_dense,ruler4k/ruler_4096_niah_multiquery_p0281,niah_multiquery,42,25f97397c1f56fcb22753a040a6b77236c8ffabd415fc7dc413de0043d0ad5b0,1.0,5,120800,0,88
kernel_dense,ruler4k/ruler_4096_niah_multiquery_p0293,niah_multiquery,42,42cee0d9bcf07b284dea36a84610ce8eacd037e5da27b880199575aa15909544,1.0,4,96640,0,89
kernel_dense,ruler4k/ruler_4096_niah_multiquery_p0268,niah_multiquery,42,12e8eabb09dfb861ca9ef3383dc04a81adaf4050c502abdebbfb61c58afacc90,1.0,4,103040,0,90
kernel_dense,ruler4k/ruler_4096_niah_multiquery_p0273,niah_multiquery,42,561df18acab190c49616d28217638902060fe1a4b0f3aba3eaa0a587cf015a0a,1.0,4,103040,0,86
kernel_dense,ruler4k/ruler_4096_niah_multiquery_p0252,niah_multiquery,42,e9e6216e984840a8ae40adb72219eac5190bfbbe72b8156a8933b52e10836e9b,1.0,3,72480,0,88
kernel_dense,ruler4k/ruler_4096_niah_multiquery_p0266,niah_multiquery,42,74cbb1f7d07b7a148b8d78375d5d0cf013f8eb9e8b005f5af635cac28eb9b6b2,1.0,4,103040,0,83
kernel_dense,ruler4k/ruler_4096_niah_multiquery_p0298,niah_multiquery,42,73b299958b02347e43ae5a010343d9f79a81286767fa4328bd5248826e121beb,1.0,4,103040,0,88
kernel_dense,ruler4k/ruler_4096_niah_multiquery_p0264,niah_multiquery,42,d7c9f1221cd0d46c9c81dd74ef9bacbcb746734aa4e5e4e50c9ba36e70147889,1.0,6,144960,0,87
kernel_dense,ruler4k/ruler_4096_niah_multiquery_p0285,niah_multiquery,42,128d8f2fd3612e9f5ad3ff88451b44c429d77965a5c067f7608185298be544f7,1.0,6,144960,0,87
kernel_dense,ruler4k/ruler_4096_vt_p0601,vt,42,1ede7e3b3443c1da90f87dcbae808b715151e2640fae7040cd470a50adff47bf,0.0,4,104320,0,30
kernel_dense,ruler4k/ruler_4096_vt_p0617,vt,42,87aea4b59ba3a6ec618d590d946c59a031df61f8d44e5f0be8e9525a6eccd336,0.0,4,104320,0,30
kernel_dense,ruler4k/ruler_4096_vt_p0632,vt,42,5cb68cb1202f34f42296c6881510b2aca700e68c15043de09495cce28cac949c,0.0,3,78240,0,30
kernel_dense,ruler4k/ruler_4096_vt_p0618,vt,42,6c29d37fdba15c5fd2ad421103ecb98036162ec4b7435c06f3d3027f320c762d,0.0,6,156480,0,30
kernel_dense,ruler4k/ruler_4096_vt_p0603,vt,42,fe93b7aa159b81138de74e2be58b545f9b3f38aaf1119b6574944b4bb23c5fb1,0.0,4,104320,0,30
kernel_dense,ruler4k/ruler_4096_vt_p0624,vt,42,1e3f850af723b632f4d1eaab713c671a0ecfbc55d1284baae00b92865c0165da,0.0,4,104320,0,30
kernel_dense,ruler4k/ruler_4096_vt_p0607,vt,42,56b8fcd4e95162f8bcd8d7d3c9673315733632a084c7f0ff65cfe0a306019fb6,0.0,4,103680,0,30
kernel_dense,ruler4k/ruler_4096_vt_p0611,vt,42,6c6d7581df6c35f0e144bdbd5a81728a2a46452052bff2c0aa1414823c79ba21,0.0,4,101760,0,30
kernel_dense,ruler4k/ruler_4096_vt_p0623,vt,42,de3faf03d119ec292d87b818ebc27c76702806d4eacb19670dccc814d97242e6,0.0,4,104320,0,30
kernel_dense,ruler4k/ruler_4096_vt_p0620,vt,42,63626bade152cd74b6120a42fcc713e53c86518e77cf94b8bb05c941bd6eee4a,0.0,3,78240,0,30
kernel_dense,ruler4k/ruler_4096_cwe_p0045,cwe,42,bfcf4b52a0dd6646e7f1977825aed749da0db1624455550c7e4b0005d36bf4f6,1.0,7,176960,0,63
kernel_dense,ruler4k/ruler_4096_cwe_p0014,cwe,42,6358699f441f11c7ee51c51d58e4013c22272ccbcc9d74cf9c224792227c9218,1.0,7,178080,0,64
kernel_dense,ruler4k/ruler_4096_cwe_p0044,cwe,42,40da7d9a8dabc14ede9b3edd40572017ad91c060752fefb22d098b9e46a70569,1.0,9,231840,0,68
kernel_dense,ruler4k/ruler_4096_cwe_p0005,cwe,42,a1ac0ee9b8d3d6fbfea8164480699498158e4f732b8f73fefd51e45c2af7798a,1.0,9,227520,0,63
kernel_dense,ruler4k/ruler_4096_cwe_p0046,cwe,42,327255761be34b73002c16b49d33666ee697c40b80eb823e1ec9ee8d9d688038,1.0,8,206080,0,63
kernel_dense,ruler4k/ruler_4096_cwe_p0036,cwe,42,a37348e65d33b1a14bb87bbd15896f1be9a2d8a20397882f28e64026f4767bb2,1.0,9,231840,0,62
kernel_dense,ruler4k/ruler_4096_cwe_p0038,cwe,42,3d23bf868a9c20165654f8a7cc1d021bec3d59e4480962a475a1787eeeef120f,1.0,7,179200,0,61
kernel_dense,ruler4k/ruler_4096_cwe_p0034,cwe,42,a2b5f9d437342694356a5bed5caa56516720c3c24209f10861dc66889f2cc4e5,1.0,9,231840,0,62
kernel_dense,ruler4k/ruler_4096_cwe_p0004,cwe,42,12780ec9ff7d288d30ed09b658dd44e997d76aa4e696983f3e4779e953fe8f04,1.0,10,256000,0,62
kernel_dense,ruler4k/ruler_4096_cwe_p0008,cwe,42,b81f61ad0d24a56feae85508d58c480040d0091f28c2682d5792bc97797325bd,0.9,10,257600,0,62
kernel_dense,ruler4k/ruler_4096_fwe_p0087,fwe,42,16fa298c7245985713964f55babd9941866cd9f502561a080f2e1da4e46a255f,0.6667000000000001,6,152640,0,22
kernel_dense,ruler4k/ruler_4096_fwe_p0096,fwe,42,57da086ecbea39898f7725d2a5594d0891924b1192f7cc832a39d3305048cdd9,1.0,4,101760,0,24
kernel_dense,ruler4k/ruler_4096_fwe_p0067,fwe,42,6a00968813b930890b9d8a8236d421df73bb5653893e13b5579b1396a9f7e2b8,1.0,3,76800,0,22
kernel_dense,ruler4k/ruler_4096_fwe_p0062,fwe,42,b9486e82e0a9970ff4f752085832989c02d3e0186e95a2b748bd9629e256facb,0.6667000000000001,3,78240,0,23
kernel_dense,ruler4k/ruler_4096_fwe_p0088,fwe,42,8d120b2a4312ea91cd33c537f1cd10e6060c0a7e261052b2db531798e5e07bad,1.0,3,76320,0,23
kernel_dense,ruler4k/ruler_4096_fwe_p0052,fwe,42,5a6004725b0a53d258f50ef247b40ea89414457abad6c43ecc9bb49f74e1169c,1.0,3,76320,0,24
kernel_dense,ruler4k/ruler_4096_fwe_p0085,fwe,42,ce7fba76f73da72a29cb1a9eb674685845459dadf47bb1218e612954babad932,1.0,5,128000,0,22
kernel_dense,ruler4k/ruler_4096_fwe_p0071,fwe,42,d843973080e5f93e1b39ce8cce5341d583b62b232342095ce6bf506321e01a94,1.0,3,77280,0,23
kernel_dense,ruler4k/ruler_4096_fwe_p0075,fwe,42,74dab99d0aab3c14e77ba11a0d77b82c8d75abe3d622688ef64ebbc34be1644e,1.0,3,75840,0,21
kernel_dense,ruler4k/ruler_4096_fwe_p0086,fwe,42,69670b27321fec6e735e4361d7b73c0920496cf79e1f424cff8d5a51ba3694fe,1.0,4,100480,0,20
kernel_dense,ruler4k/ruler_4096_qa_1_p0505,qa_1,42,dfc616957fca79c516c29b6044a180b83f077b296a3202eedafb4e31029e4a76,0.0,2,51200,0,10
kernel_dense,ruler4k/ruler_4096_qa_1_p0517,qa_1,42,a007c13dd1a196fb2ee764d65413cccb1d07b5cc996a33955f72923a68b3ee23,1.0,4,99200,0,20
kernel_dense,ruler4k/ruler_4096_qa_1_p0501,qa_1,42,852969255c427f2ca395afdce4e633ba40eb8fb5921817992fc643ba1ab16b6d,1.0,4,98560,0,17
kernel_dense,ruler4k/ruler_4096_qa_1_p0530,qa_1,42,a162c6477c6e6478fb97d42ec11716df2abc134feac1b5ec765622b9a358d3a2,1.0,4,100480,0,8
kernel_dense,ruler4k/ruler_4096_qa_1_p0509,qa_1,42,255353b20d8ffd2d962d5830853b81014b8e4e2ad113cbe116fe1b2754189273,1.0,3,75360,0,8
kernel_dense,ruler4k/ruler_4096_qa_1_p0549,qa_1,42,7d23ac5addd3206ea31de7705e76364b7d656d00cfd14354fa752b9e29579ae1,1.0,3,74400,0,9
kernel_dense,ruler4k/ruler_4096_qa_1_p0514,qa_1,42,fcc5d586ab237ca84d597be8cd62496aeaa4374406bcbf84b9300656fe7288ad,1.0,5,126400,0,11
kernel_dense,ruler4k/ruler_4096_qa_1_p0540,qa_1,42,333bb0dd8a9972c275fa9648978027c2a9fce7c10bb749106c0ccf25c0bb3612,1.0,2,44480,0,10
kernel_dense,ruler4k/ruler_4096_qa_1_p0547,qa_1,42,811492b67af1ca7b375cc9017391a98155b214f7e2bb59abef0a79f75c6d70bf,1.0,2,51840,0,6
kernel_dense,ruler4k/ruler_4096_qa_1_p0512,qa_1,42,660de8b61e41aa812403f334efcf909030631eb1e715a2764de1013981474ad5,1.0,2,49600,0,8
kernel_dense,ruler4k/ruler_4096_qa_2_p0579,qa_2,42,515a1c9665425cbaaa1ae73b35d7616c50164b5880b10ba16d2d3cb581db8077,1.0,2,48640,0,9
kernel_dense,ruler4k/ruler_4096_qa_2_p0588,qa_2,42,82a062b715ce57274a81267e8873b62e736b3d10889f90bdf3a43a3808af23aa,1.0,2,49280,0,6
kernel_dense,ruler4k/ruler_4096_qa_2_p0551,qa_2,42,0c9d305f8640e44a8eee5fc63f283e409133ef5725d62b81317698828faecec2,1.0,4,92800,0,22
kernel_dense,ruler4k/ruler_4096_qa_2_p0578,qa_2,42,cb4967b2c0e4b0770e147781ec0b71d6ef2bfbb2f4a21ae376e3f79d9db6d885,1.0,2,47680,0,9
kernel_dense,ruler4k/ruler_4096_qa_2_p0583,qa_2,42,1ad492cdc5f1ff709e7d4c315cf766a566cf50f947e2a5aaa951bda8035ea058,1.0,3,76320,0,6
kernel_dense,ruler4k/ruler_4096_qa_2_p0599,qa_2,42,5dfd7c7563dfc5e3f32396a60b8c9d9dbf1346a7780553e50810c9485a6a0adb,0.0,3,63360,0,32
kernel_dense,ruler4k/ruler_4096_qa_2_p0589,qa_2,42,827954e15839b8ac59fb7e394b606d5eee0fd6f268f8832105e952034e485b7e,0.0,5,124000,0,7
kernel_dense,ruler4k/ruler_4096_qa_2_p0559,qa_2,42,d55a6754a18b806b7b459ba27c9c9aaa785002acfcae3c2dde82d74ba0ac677a,1.0,2,49280,0,6
kernel_dense,ruler4k/ruler_4096_qa_2_p0577,qa_2,42,60904ecb62467215293c6410d8edf1c80f081dd77dd637ece0c13ab0080c001e,1.0,2,48000,0,6
kernel_dense,ruler4k/ruler_4096_qa_2_p0574,qa_2,42,a12ffe9225044b65b59b8c16d21eba0198d2f8d87f7e24e0ec2bc3b146b9d9c4,1.0,3,69600,0,13
unweighted_s50,ruler4k/ruler_4096_niah_single_1_p0391,niah_single_1,42,84b2a69d0f8ac3fdac3e2ec089bff85b2f7594e7a19aa175c45a04fa35d75559,1.0,4,103040,63742,27
unweighted_s50,ruler4k/ruler_4096_niah_single_1_p0365,niah_single_1,42,362202745bfe5344c23483c584679b8839fa7f402a2275b041ef2e2eb0391df7,1.0,5,128800,75464,28
unweighted_s50,ruler4k/ruler_4096_niah_single_1_p0359,niah_single_1,42,22c4aa54f702816bb0df17c72a45850f72c43521617c0530b766b288d42f243c,1.0,5,128800,80030,24
unweighted_s50,ruler4k/ruler_4096_niah_single_1_p0356,niah_single_1,42,e16efe4e6f2434fe8070e5bd2ff9472be7f1f120929e46ab729ef1df42a999d4,1.0,3,77280,45893,28
unweighted_s50,ruler4k/ruler_4096_niah_single_1_p0393,niah_single_1,42,2468ef9fd703f76cd57ba84a60c67a685a020d08698b2530f7d9e692ba5f44f0,1.0,3,77280,45127,27
unweighted_s50,ruler4k/ruler_4096_niah_single_1_p0398,niah_single_1,42,97ce39fbf2025ceccac24ea9ecf655eb0604555785dbf104316e69637543ae8a,1.0,3,77280,44244,27
unweighted_s50,ruler4k/ruler_4096_niah_single_1_p0373,niah_single_1,42,4c47f2828d442b0e5c0132156bd91b3ccbac339bb35f6c08447aa4cb23995306,1.0,3,77280,45521,28
unweighted_s50,ruler4k/ruler_4096_niah_single_1_p0377,niah_single_1,42,b4b8b756d972020e9195f5487cd62eeb6355deef26eb2e8911eb7b203abb471d,1.0,3,77280,45745,28
unweighted_s50,ruler4k/ruler_4096_niah_single_1_p0386,niah_single_1,42,c191837a0906eef75a272f52e39b79b35e2026870a511f6c47a1b8fd0104e6ca,1.0,3,77280,44569,29
unweighted_s50,ruler4k/ruler_4096_niah_single_1_p0351,niah_single_1,42,4c5f87a7a4649fc38d57467051741d7abc30a788413f42f212337c9144556fb0,1.0,4,103040,61398,29
unweighted_s50,ruler4k/ruler_4096_niah_single_2_p0418,niah_single_2,42,0c0970c55b901cac5e827bbc91c518ef9b6dd44decf09886a0e87b506488da09,1.0,4,96640,46271,25
unweighted_s50,ruler4k/ruler_4096_niah_single_2_p0417,niah_single_2,42,9c24e81e63ccf9b37fd55a283a9de43b4cf8bdb8eca9700fd8780a44838a5b8a,1.0,3,77280,37262,27
unweighted_s50,ruler4k/ruler_4096_niah_single_2_p0405,niah_single_2,42,12e3b643f0882dc1dd9c6bbbade302379bb4a2ca908d8d752366227d34af9c43,1.0,4,96640,48029,29
unweighted_s50,ruler4k/ruler_4096_niah_single_2_p0433,niah_single_2,42,e68d45a10f3b6a2f2b432fee6387943942b3fc79e87860c551174e708fd6f712,1.0,3,77280,40657,27
unweighted_s50,ruler4k/ruler_4096_niah_single_2_p0426,niah_single_2,42,e19912aa9fc527c02b94c5a6f9bd25b4a3b8860c0cf543acb7b2a6752625b655,1.0,5,128800,65042,27
unweighted_s50,ruler4k/ruler_4096_niah_single_2_p0400,niah_single_2,42,23a78905359fae6c5b256969d7d7956bcac6bfedc6d6ba72c84e35f9e3c2b9d7,1.0,4,96640,48658,24
unweighted_s50,ruler4k/ruler_4096_niah_single_2_p0429,niah_single_2,42,e6ae2e08b0022a1ab48df4a5249081768fbb7e281ae068e82284f6fdf1918129,1.0,3,72480,32944,27
unweighted_s50,ruler4k/ruler_4096_niah_single_2_p0421,niah_single_2,42,35c2242668136cab280c6ec7c44248b6367ca3811041a841fc98747095cb0852,1.0,3,77280,37993,27
unweighted_s50,ruler4k/ruler_4096_niah_single_2_p0428,niah_single_2,42,54ec3d0c7373a71a8c2ea1b0ed51bd6800842bd574fa81ac644aede61ff7173b,1.0,3,72480,37221,27
unweighted_s50,ruler4k/ruler_4096_niah_single_2_p0437,niah_single_2,42,6064a204397272c101337e8220e155be0f35a2273bae28924392d42a2944d742,1.0,3,77280,36698,27
unweighted_s50,ruler4k/ruler_4096_niah_single_3_p0468,niah_single_3,42,c3af63f11f27389ecd37df152d67c64d30cd233b8f5c795f95992f10b44cef78,1.0,3,72480,32215,50
unweighted_s50,ruler4k/ruler_4096_niah_single_3_p0488,niah_single_3,42,56211e5bbb129174027e38ed20ea8a6fc6e73bea003e9590298b4044bfc46cae,1.0,3,77280,39206,55
unweighted_s50,ruler4k/ruler_4096_niah_single_3_p0475,niah_single_3,42,7e9be5b0cbcf1dcbc00b2d27562173289648f82c0d9afa6be2663e5c09047119,1.0,5,128800,71084,51
unweighted_s50,ruler4k/ruler_4096_niah_single_3_p0480,niah_single_3,42,8497f42fbfcb5ecb8b8a1bbac254b56627c0acd6a69feee34c318dcfd422f2b9,1.0,5,128800,63982,54
unweighted_s50,ruler4k/ruler_4096_niah_single_3_p0451,niah_single_3,42,744f1a24096d7c51556722f87836779c8e1e172f920002ee79d5ba00fd2693be,1.0,5,128800,63383,56
unweighted_s50,ruler4k/ruler_4096_niah_single_3_p0493,niah_single_3,42,206b9337b07a90a72a6663a468f70081366e428ce603582cde0b5f8e6074b221,1.0,4,96640,48808,54
unweighted_s50,ruler4k/ruler_4096_niah_single_3_p0495,niah_single_3,42,65b164e9cb3f7277ed3185e5fadd121041b09ee6ccf2a688351bde02a9bd5299,1.0,3,77280,38537,49
unweighted_s50,ruler4k/ruler_4096_niah_single_3_p0477,niah_single_3,42,ec8175b5f240daa35661b164849eb91484c7c48b1500f8b887fe7355e3dd8f9f,1.0,4,96640,47761,52
unweighted_s50,ruler4k/ruler_4096_niah_single_3_p0491,niah_single_3,42,afbd45c86baed29f525f8652ca4a7afef5e5d0fcea1c22e486b3ab190c141d36,1.0,3,72480,35664,52
unweighted_s50,ruler4k/ruler_4096_niah_single_3_p0464,niah_single_3,42,0def02e1833e5105697c667982c3db6b74fc599b3a23c1a1632eaed4930b203f,1.0,5,128800,67646,55
unweighted_s50,ruler4k/ruler_4096_niah_multikey_1_p0143,niah_multikey_1,42,a4136de5f5df6c5da1bb8626f811a0e2c6c451efcb0a58778889c84d78779bb1,1.0,6,144960,71073,29
unweighted_s50,ruler4k/ruler_4096_niah_multikey_1_p0130,niah_multikey_1,42,81ad2a12d9f42eb8553575cad78177b9d8e054a36587177d53e9bb832992d744,1.0,3,72480,36850,23
unweighted_s50,ruler4k/ruler_4096_niah_multikey_1_p0104,niah_multikey_1,42,5949da444aa40e059027de62e9846fe4bf01d0b982dc634c685e4523057dec47,1.0,3,72480,36940,27
unweighted_s50,ruler4k/ruler_4096_niah_multikey_1_p0140,niah_multikey_1,42,0dac50fb3c9a7cf274d390fc33deaaef863304b2b8cc58c26426b01b34360acd,1.0,3,72480,34769,29
unweighted_s50,ruler4k/ruler_4096_niah_multikey_1_p0109,niah_multikey_1,42,eb29119b567c1acfc3fddd7dc23d99e3d07a451df1e9340863c41ab76fec8279,1.0,6,144960,70013,29
unweighted_s50,ruler4k/ruler_4096_niah_multikey_1_p0112,niah_multikey_1,42,64a2a5358813d7cc70dee30933034b553e8ff4289fc2abfa2c0cac0577bd9869,1.0,4,96640,48497,24
unweighted_s50,ruler4k/ruler_4096_niah_multikey_1_p0110,niah_multikey_1,42,0e985d0395cfd78473b765322e48855d9338f4292cc653dc4921ddd64e7aa6aa,1.0,3,72480,32341,28
unweighted_s50,ruler4k/ruler_4096_niah_multikey_1_p0115,niah_multikey_1,42,eb7e20f6e8cd8787f1bdc6806bf396684517cb30e9a27351d0804cd4226948a7,1.0,6,144960,69978,28
unweighted_s50,ruler4k/ruler_4096_niah_multikey_1_p0124,niah_multikey_1,42,813f07f91b5e61c369a986a6e0af49e8d31e8f836d6b80546513c9d17c4a822d,1.0,3,72480,35420,27
unweighted_s50,ruler4k/ruler_4096_niah_multikey_1_p0138,niah_multikey_1,42,7458699c703be6ff351e77d62d5262b50c1c149ddc8ff259fe40054e25393e9d,1.0,4,96640,46168,25
unweighted_s50,ruler4k/ruler_4096_niah_multikey_2_p0155,niah_multikey_2,42,89c401d63e557be37a2c9112dd8f8a9a5b86a1a4ddfef2bb152e3d3624581de6,1.0,5,128800,73259,24
unweighted_s50,ruler4k/ruler_4096_niah_multikey_2_p0187,niah_multikey_2,42,b2b7c440a1d1925f2db27831d670136208061acf4309c804e48710e2e2b096ba,1.0,3,77280,42371,23
unweighted_s50,ruler4k/ruler_4096_niah_multikey_2_p0199,niah_multikey_2,42,113cceb69e7cad1008b8faca879924601c4493030f01c185a0c143d1e35b5dec,1.0,4,97280,53004,24
unweighted_s50,ruler4k/ruler_4096_niah_multikey_2_p0172,niah_multikey_2,42,299c5ce6f3b0ebeed623c66095efe93c8d28ff455696651e7a173c70f736ed2b,1.0,4,103040,57831,23
unweighted_s50,ruler4k/ruler_4096_niah_multikey_2_p0160,niah_multikey_2,42,3652c8d513a6b1df9c2e8e3b8ed23eb74cdf168726c457745e5244234b8ac1da,1.0,2,51520,28661,26
unweighted_s50,ruler4k/ruler_4096_niah_multikey_2_p0192,niah_multikey_2,42,263394c74e36959c503d578504af247e8f4cf5cb7580ad67bfb1f10c4be191d4,1.0,3,77280,42286,28
unweighted_s50,ruler4k/ruler_4096_niah_multikey_2_p0191,niah_multikey_2,42,f412410977db6e493a67db293bc7d42ac0dd4318b396cfb4c964979dd3893c60,1.0,3,77280,43998,24
unweighted_s50,ruler4k/ruler_4096_niah_multikey_2_p0186,niah_multikey_2,42,9a6750843eef9b6a259296690d489f907f8cadc16f29aedbb8d0492512c00168,1.0,4,103040,57996,24
unweighted_s50,ruler4k/ruler_4096_niah_multikey_2_p0188,niah_multikey_2,42,79511fa19beeb3d6933bfe7327175585524e911f7a0f81655720b2aca3a0ba0c,1.0,3,77280,43575,24
unweighted_s50,ruler4k/ruler_4096_niah_multikey_2_p0195,niah_multikey_2,42,f723391fa64b17bbbd3fe15c5144633074bdb872e8e5510aa6f7047e55cb924d,1.0,3,77280,43981,28
unweighted_s50,ruler4k/ruler_4096_niah_multikey_3_p0221,niah_multikey_3,42,f8dd0f93eb33e91a61cf7fab499ffd7585047ae2afcf9f0d1a3160fd4341ed35,1.0,4,102400,58275,78
unweighted_s50,ruler4k/ruler_4096_niah_multikey_3_p0247,niah_multikey_3,42,ae30df60444546e8777ee802f719cfae5dfe7ceae7b8f13f46e9b409ea28a312,1.0,5,128000,69609,78
unweighted_s50,ruler4k/ruler_4096_niah_multikey_3_p0222,niah_multikey_3,42,eafa5bd73b366cbcac052d45d993a4d8f72a6c7cc5293a69af6f1fc6b7e44b91,1.0,4,102400,54096,77
unweighted_s50,ruler4k/ruler_4096_niah_multikey_3_p0203,niah_multikey_3,42,42be70ae1b5d7d8f2d25f41c1ea6c5bef44467fb3821001bd8239e7cbf7d5825,1.0,3,76800,41448,78
unweighted_s50,ruler4k/ruler_4096_niah_multikey_3_p0249,niah_multikey_3,42,4fffd45bb8c613b3c496fa0e52293424834107c78eb86377039d4bc2eafbc7c9,1.0,4,102400,57270,83
unweighted_s50,ruler4k/ruler_4096_niah_multikey_3_p0201,niah_multikey_3,42,16107492e0e1f5f3e241995fd2634504edd00904c0e19d725ab3ae560a6060fb,1.0,5,128000,69438,76
unweighted_s50,ruler4k/ruler_4096_niah_multikey_3_p0242,niah_multikey_3,42,f4329a354710003262cadef688f726df03362adeb32aba2eb7809f02e2dabbc4,1.0,4,102400,54151,75
unweighted_s50,ruler4k/ruler_4096_niah_multikey_3_p0217,niah_multikey_3,42,bca3327d5aa55bfa3ccd0ea2c83739a1ada8873e873741e3e1c46d10abffdb66,1.0,4,102400,55447,75
unweighted_s50,ruler4k/ruler_4096_niah_multikey_3_p0218,niah_multikey_3,42,5ee3579138079a2a3bf406113e49449c5c5486254c73d9d817ae3a58005386ba,1.0,5,128000,68129,81
unweighted_s50,ruler4k/ruler_4096_niah_multikey_3_p0229,niah_multikey_3,42,80d5e6407cd842e86d45150d8235f8b98caef2804f44689d318f633c844232fe,1.0,5,128000,68994,79
unweighted_s50,ruler4k/ruler_4096_niah_multivalue_p0333,niah_multivalue,42,cfb1f9c8c983a092c4fca7359d982b505400235942aa329a6b04f4b4ad3769ed,1.0,10,241600,98693,117
unweighted_s50,ruler4k/ruler_4096_niah_multivalue_p0323,niah_multivalue,42,6cfcc849348a08389dfd9360dc35be5045e03b2545c0238142e0d33500b579b2,1.0,3,72480,30028,67
unweighted_s50,ruler4k/ruler_4096_niah_multivalue_p0301,niah_multivalue,42,acf8258c21c0101725c9812e9febb8400cb26d111c5ff99a5e9f9c5ce5c9cf1a,1.0,4,96640,43478,67
unweighted_s50,ruler4k/ruler_4096_niah_multivalue_p0341,niah_multivalue,42,28db1d98fca3a475372b00bf02bcfe115a530b792736a1c023bb7c2c3b5deccd,1.0,3,77280,34365,67
unweighted_s50,ruler4k/ruler_4096_niah_multivalue_p0338,niah_multivalue,42,491956a4b5522d0af0ef17f13a2168ed7f82fd3c6976f2f140ee4a55d5754914,1.0,12,289920,112474,121
unweighted_s50,ruler4k/ruler_4096_niah_multivalue_p0306,niah_multivalue,42,1a44769372eb079188f4a23cd39ba56394aae391ba10dbedf1a7fc3fb6a65f87,1.0,6,144960,69604,67
unweighted_s50,ruler4k/ruler_4096_niah_multivalue_p0329,niah_multivalue,42,9ea03ab697be6f960e62e3e35e2cfb311adf0b86781e4a24646b27e846be74c0,1.0,4,96640,45262,68
unweighted_s50,ruler4k/ruler_4096_niah_multivalue_p0336,niah_multivalue,42,67218f00ea86276217c8f8e5a4fa2739ad7a72e31068c476b6b809646343437c,1.0,5,120800,57497,71
unweighted_s50,ruler4k/ruler_4096_niah_multivalue_p0305,niah_multivalue,42,0f59017fbd483ac5be5cd70d397811e097d529c2776fc6a0fdce9bbcde2dc055,1.0,9,231840,86239,128
unweighted_s50,ruler4k/ruler_4096_niah_multivalue_p0334,niah_multivalue,42,8408b2cc181539d721124293f71f4afe4e80fecf3be6b08f136589ab1aedbfb1,1.0,4,96640,41417,67
unweighted_s50,ruler4k/ruler_4096_niah_multiquery_p0250,niah_multiquery,42,d7ebeb31c67ef3aaff04b0a01f7a281e4a285a887e4088bdf1590297df0c5496,1.0,6,144960,69161,86
unweighted_s50,ruler4k/ruler_4096_niah_multiquery_p0281,niah_multiquery,42,25f97397c1f56fcb22753a040a6b77236c8ffabd415fc7dc413de0043d0ad5b0,1.0,5,120800,55038,91
unweighted_s50,ruler4k/ruler_4096_niah_multiquery_p0293,niah_multiquery,42,42cee0d9bcf07b284dea36a84610ce8eacd037e5da27b880199575aa15909544,1.0,5,120800,55720,89
unweighted_s50,ruler4k/ruler_4096_niah_multiquery_p0268,niah_multiquery,42,12e8eabb09dfb861ca9ef3383dc04a81adaf4050c502abdebbfb61c58afacc90,1.0,5,128800,58342,89
unweighted_s50,ruler4k/ruler_4096_niah_multiquery_p0273,niah_multiquery,42,561df18acab190c49616d28217638902060fe1a4b0f3aba3eaa0a587cf015a0a,1.0,6,154560,69762,84
unweighted_s50,ruler4k/ruler_4096_niah_multiquery_p0252,niah_multiquery,42,e9e6216e984840a8ae40adb72219eac5190bfbbe72b8156a8933b52e10836e9b,1.0,4,96640,42175,88
unweighted_s50,ruler4k/ruler_4096_niah_multiquery_p0266,niah_multiquery,42,74cbb1f7d07b7a148b8d78375d5d0cf013f8eb9e8b005f5af635cac28eb9b6b2,1.0,4,103040,49385,84
unweighted_s50,ruler4k/ruler_4096_niah_multiquery_p0298,niah_multiquery,42,73b299958b02347e43ae5a010343d9f79a81286767fa4328bd5248826e121beb,1.0,4,103040,48069,84
unweighted_s50,ruler4k/ruler_4096_niah_multiquery_p0264,niah_multiquery,42,d7c9f1221cd0d46c9c81dd74ef9bacbcb746734aa4e5e4e50c9ba36e70147889,1.0,7,169120,79890,89
unweighted_s50,ruler4k/ruler_4096_niah_multiquery_p0285,niah_multiquery,42,128d8f2fd3612e9f5ad3ff88451b44c429d77965a5c067f7608185298be544f7,1.0,4,96640,42518,86
unweighted_s50,ruler4k/ruler_4096_vt_p0601,vt,42,1ede7e3b3443c1da90f87dcbae808b715151e2640fae7040cd470a50adff47bf,0.0,4,104320,57145,30
unweighted_s50,ruler4k/ruler_4096_vt_p0617,vt,42,87aea4b59ba3a6ec618d590d946c59a031df61f8d44e5f0be8e9525a6eccd336,0.0,5,130400,70811,30
unweighted_s50,ruler4k/ruler_4096_vt_p0632,vt,42,5cb68cb1202f34f42296c6881510b2aca700e68c15043de09495cce28cac949c,0.0,3,78240,41789,30
unweighted_s50,ruler4k/ruler_4096_vt_p0618,vt,42,6c29d37fdba15c5fd2ad421103ecb98036162ec4b7435c06f3d3027f320c762d,0.0,5,130400,73167,30
unweighted_s50,ruler4k/ruler_4096_vt_p0603,vt,42,fe93b7aa159b81138de74e2be58b545f9b3f38aaf1119b6574944b4bb23c5fb1,0.0,5,130400,68799,30
unweighted_s50,ruler4k/ruler_4096_vt_p0624,vt,42,1e3f850af723b632f4d1eaab713c671a0ecfbc55d1284baae00b92865c0165da,0.0,5,130400,75907,30
unweighted_s50,ruler4k/ruler_4096_vt_p0607,vt,42,56b8fcd4e95162f8bcd8d7d3c9673315733632a084c7f0ff65cfe0a306019fb6,0.0,5,129600,70241,30
unweighted_s50,ruler4k/ruler_4096_vt_p0611,vt,42,6c6d7581df6c35f0e144bdbd5a81728a2a46452052bff2c0aa1414823c79ba21,0.0,4,101760,52592,30
unweighted_s50,ruler4k/ruler_4096_vt_p0623,vt,42,de3faf03d119ec292d87b818ebc27c76702806d4eacb19670dccc814d97242e6,0.0,4,104320,57489,30
unweighted_s50,ruler4k/ruler_4096_vt_p0620,vt,42,63626bade152cd74b6120a42fcc713e53c86518e77cf94b8bb05c941bd6eee4a,0.0,4,104320,56422,30
unweighted_s50,ruler4k/ruler_4096_cwe_p0045,cwe,42,bfcf4b52a0dd6646e7f1977825aed749da0db1624455550c7e4b0005d36bf4f6,1.0,13,328640,141981,63
unweighted_s50,ruler4k/ruler_4096_cwe_p0014,cwe,42,6358699f441f11c7ee51c51d58e4013c22272ccbcc9d74cf9c224792227c9218,1.0,7,178080,78000,64
unweighted_s50,ruler4k/ruler_4096_cwe_p0044,cwe,42,40da7d9a8dabc14ede9b3edd40572017ad91c060752fefb22d098b9e46a70569,1.0,16,412160,183522,68
unweighted_s50,ruler4k/ruler_4096_cwe_p0005,cwe,42,a1ac0ee9b8d3d6fbfea8164480699498158e4f732b8f73fefd51e45c2af7798a,1.0,15,379200,163237,103
unweighted_s50,ruler4k/ruler_4096_cwe_p0046,cwe,42,327255761be34b73002c16b49d33666ee697c40b80eb823e1ec9ee8d9d688038,1.0,10,257600,114144,63
unweighted_s50,ruler4k/ruler_4096_cwe_p0036,cwe,42,a37348e65d33b1a14bb87bbd15896f1be9a2d8a20397882f28e64026f4767bb2,1.0,13,334880,147777,62
unweighted_s50,ruler4k/ruler_4096_cwe_p0038,cwe,42,3d23bf868a9c20165654f8a7cc1d021bec3d59e4480962a475a1787eeeef120f,1.0,13,332800,147410,61
unweighted_s50,ruler4k/ruler_4096_cwe_p0034,cwe,42,a2b5f9d437342694356a5bed5caa56516720c3c24209f10861dc66889f2cc4e5,1.0,15,386400,170228,62
unweighted_s50,ruler4k/ruler_4096_cwe_p0004,cwe,42,12780ec9ff7d288d30ed09b658dd44e997d76aa4e696983f3e4779e953fe8f04,1.0,13,332800,147945,62
unweighted_s50,ruler4k/ruler_4096_cwe_p0008,cwe,42,b81f61ad0d24a56feae85508d58c480040d0091f28c2682d5792bc97797325bd,1.0,13,334880,146962,62
unweighted_s50,ruler4k/ruler_4096_fwe_p0087,fwe,42,16fa298c7245985713964f55babd9941866cd9f502561a080f2e1da4e46a255f,1.0,4,101760,52719,16
unweighted_s50,ruler4k/ruler_4096_fwe_p0096,fwe,42,57da086ecbea39898f7725d2a5594d0891924b1192f7cc832a39d3305048cdd9,1.0,3,76320,39258,24
unweighted_s50,ruler4k/ruler_4096_fwe_p0067,fwe,42,6a00968813b930890b9d8a8236d421df73bb5653893e13b5579b1396a9f7e2b8,1.0,4,102400,52138,22
unweighted_s50,ruler4k/ruler_4096_fwe_p0062,fwe,42,b9486e82e0a9970ff4f752085832989c02d3e0186e95a2b748bd9629e256facb,1.0,5,130400,68927,24
unweighted_s50,ruler4k/ruler_4096_fwe_p0088,fwe,42,8d120b2a4312ea91cd33c537f1cd10e6060c0a7e261052b2db531798e5e07bad,1.0,3,76320,39704,23
unweighted_s50,ruler4k/ruler_4096_fwe_p0052,fwe,42,5a6004725b0a53d258f50ef247b40ea89414457abad6c43ecc9bb49f74e1169c,1.0,5,127200,66567,24
unweighted_s50,ruler4k/ruler_4096_fwe_p0085,fwe,42,ce7fba76f73da72a29cb1a9eb674685845459dadf47bb1218e612954babad932,1.0,4,102400,53335,22
unweighted_s50,ruler4k/ruler_4096_fwe_p0071,fwe,42,d843973080e5f93e1b39ce8cce5341d583b62b232342095ce6bf506321e01a94,1.0,5,128800,66563,23
unweighted_s50,ruler4k/ruler_4096_fwe_p0075,fwe,42,74dab99d0aab3c14e77ba11a0d77b82c8d75abe3d622688ef64ebbc34be1644e,1.0,4,101120,53015,21
unweighted_s50,ruler4k/ruler_4096_fwe_p0086,fwe,42,69670b27321fec6e735e4361d7b73c0920496cf79e1f424cff8d5a51ba3694fe,1.0,5,125600,68283,20
unweighted_s50,ruler4k/ruler_4096_qa_1_p0505,qa_1,42,dfc616957fca79c516c29b6044a180b83f077b296a3202eedafb4e31029e4a76,0.0,3,76800,37588,10
unweighted_s50,ruler4k/ruler_4096_qa_1_p0517,qa_1,42,a007c13dd1a196fb2ee764d65413cccb1d07b5cc996a33955f72923a68b3ee23,1.0,3,74400,34085,21
unweighted_s50,ruler4k/ruler_4096_qa_1_p0501,qa_1,42,852969255c427f2ca395afdce4e633ba40eb8fb5921817992fc643ba1ab16b6d,1.0,7,172480,81373,25
unweighted_s50,ruler4k/ruler_4096_qa_1_p0530,qa_1,42,a162c6477c6e6478fb97d42ec11716df2abc134feac1b5ec765622b9a358d3a2,1.0,3,75360,35484,8
unweighted_s50,ruler4k/ruler_4096_qa_1_p0509,qa_1,42,255353b20d8ffd2d962d5830853b81014b8e4e2ad113cbe116fe1b2754189273,1.0,2,50240,24965,8
unweighted_s50,ruler4k/ruler_4096_qa_1_p0549,qa_1,42,7d23ac5addd3206ea31de7705e76364b7d656d00cfd14354fa752b9e29579ae1,1.0,2,49600,23132,9
unweighted_s50,ruler4k/ruler_4096_qa_1_p0514,qa_1,42,fcc5d586ab237ca84d597be8cd62496aeaa4374406bcbf84b9300656fe7288ad,1.0,5,126400,60230,18
unweighted_s50,ruler4k/ruler_4096_qa_1_p0540,qa_1,42,333bb0dd8a9972c275fa9648978027c2a9fce7c10bb749106c0ccf25c0bb3612,1.0,2,44480,18361,10
unweighted_s50,ruler4k/ruler_4096_qa_1_p0547,qa_1,42,811492b67af1ca7b375cc9017391a98155b214f7e2bb59abef0a79f75c6d70bf,1.0,2,51840,25123,6
unweighted_s50,ruler4k/ruler_4096_qa_1_p0512,qa_1,42,660de8b61e41aa812403f334efcf909030631eb1e715a2764de1013981474ad5,1.0,3,74400,34336,8
unweighted_s50,ruler4k/ruler_4096_qa_2_p0579,qa_2,42,515a1c9665425cbaaa1ae73b35d7616c50164b5880b10ba16d2d3cb581db8077,1.0,2,48640,23760,9
unweighted_s50,ruler4k/ruler_4096_qa_2_p0588,qa_2,42,82a062b715ce57274a81267e8873b62e736b3d10889f90bdf3a43a3808af23aa,1.0,2,49280,26179,6
unweighted_s50,ruler4k/ruler_4096_qa_2_p0551,qa_2,42,0c9d305f8640e44a8eee5fc63f283e409133ef5725d62b81317698828faecec2,1.0,4,92800,42522,22
unweighted_s50,ruler4k/ruler_4096_qa_2_p0578,qa_2,42,cb4967b2c0e4b0770e147781ec0b71d6ef2bfbb2f4a21ae376e3f79d9db6d885,1.0,2,47680,22065,9
unweighted_s50,ruler4k/ruler_4096_qa_2_p0583,qa_2,42,1ad492cdc5f1ff709e7d4c315cf766a566cf50f947e2a5aaa951bda8035ea058,1.0,3,76320,40168,6
unweighted_s50,ruler4k/ruler_4096_qa_2_p0599,qa_2,42,5dfd7c7563dfc5e3f32396a60b8c9d9dbf1346a7780553e50810c9485a6a0adb,0.0,6,126720,55518,32
unweighted_s50,ruler4k/ruler_4096_qa_2_p0589,qa_2,42,827954e15839b8ac59fb7e394b606d5eee0fd6f268f8832105e952034e485b7e,0.0,2,49600,24078,7
unweighted_s50,ruler4k/ruler_4096_qa_2_p0559,qa_2,42,d55a6754a18b806b7b459ba27c9c9aaa785002acfcae3c2dde82d74ba0ac677a,1.0,2,49280,25602,6
unweighted_s50,ruler4k/ruler_4096_qa_2_p0577,qa_2,42,60904ecb62467215293c6410d8edf1c80f081dd77dd637ece0c13ab0080c001e,1.0,2,48000,23394,6
unweighted_s50,ruler4k/ruler_4096_qa_2_p0574,qa_2,42,a12ffe9225044b65b59b8c16d21eba0198d2f8d87f7e24e0ec2bc3b146b9d9c4,1.0,5,116000,58030,11
M_s50,ruler4k/ruler_4096_niah_single_1_p0391,niah_single_1,42,84b2a69d0f8ac3fdac3e2ec089bff85b2f7594e7a19aa175c45a04fa35d75559,1.0,4,103040,64989,27
M_s50,ruler4k/ruler_4096_niah_single_1_p0365,niah_single_1,42,362202745bfe5344c23483c584679b8839fa7f402a2275b041ef2e2eb0391df7,1.0,3,77280,47645,28
M_s50,ruler4k/ruler_4096_niah_single_1_p0359,niah_single_1,42,22c4aa54f702816bb0df17c72a45850f72c43521617c0530b766b288d42f243c,1.0,4,103040,65287,24
M_s50,ruler4k/ruler_4096_niah_single_1_p0356,niah_single_1,42,e16efe4e6f2434fe8070e5bd2ff9472be7f1f120929e46ab729ef1df42a999d4,1.0,3,77280,48060,24
M_s50,ruler4k/ruler_4096_niah_single_1_p0393,niah_single_1,42,2468ef9fd703f76cd57ba84a60c67a685a020d08698b2530f7d9e692ba5f44f0,1.0,8,206080,122815,27
M_s50,ruler4k/ruler_4096_niah_single_1_p0398,niah_single_1,42,97ce39fbf2025ceccac24ea9ecf655eb0604555785dbf104316e69637543ae8a,1.0,4,103040,60675,27
M_s50,ruler4k/ruler_4096_niah_single_1_p0373,niah_single_1,42,4c47f2828d442b0e5c0132156bd91b3ccbac339bb35f6c08447aa4cb23995306,1.0,4,103040,64243,24
M_s50,ruler4k/ruler_4096_niah_single_1_p0377,niah_single_1,42,b4b8b756d972020e9195f5487cd62eeb6355deef26eb2e8911eb7b203abb471d,1.0,7,180320,109202,24
M_s50,ruler4k/ruler_4096_niah_single_1_p0386,niah_single_1,42,c191837a0906eef75a272f52e39b79b35e2026870a511f6c47a1b8fd0104e6ca,1.0,4,103040,61279,25
M_s50,ruler4k/ruler_4096_niah_single_1_p0351,niah_single_1,42,4c5f87a7a4649fc38d57467051741d7abc30a788413f42f212337c9144556fb0,1.0,5,128800,79086,29
M_s50,ruler4k/ruler_4096_niah_single_2_p0418,niah_single_2,42,0c0970c55b901cac5e827bbc91c518ef9b6dd44decf09886a0e87b506488da09,1.0,4,96640,46831,29
M_s50,ruler4k/ruler_4096_niah_single_2_p0417,niah_single_2,42,9c24e81e63ccf9b37fd55a283a9de43b4cf8bdb8eca9700fd8780a44838a5b8a,1.0,6,154560,75364,27
M_s50,ruler4k/ruler_4096_niah_single_2_p0405,niah_single_2,42,12e3b643f0882dc1dd9c6bbbade302379bb4a2ca908d8d752366227d34af9c43,1.0,5,120800,61441,29
M_s50,ruler4k/ruler_4096_niah_single_2_p0433,niah_single_2,42,e68d45a10f3b6a2f2b432fee6387943942b3fc79e87860c551174e708fd6f712,1.0,3,77280,42968,27
M_s50,ruler4k/ruler_4096_niah_single_2_p0426,niah_single_2,42,e19912aa9fc527c02b94c5a6f9bd25b4a3b8860c0cf543acb7b2a6752625b655,1.0,4,103040,53412,27
M_s50,ruler4k/ruler_4096_niah_single_2_p0400,niah_single_2,42,23a78905359fae6c5b256969d7d7956bcac6bfedc6d6ba72c84e35f9e3c2b9d7,1.0,5,120800,63278,28
M_s50,ruler4k/ruler_4096_niah_single_2_p0429,niah_single_2,42,e6ae2e08b0022a1ab48df4a5249081768fbb7e281ae068e82284f6fdf1918129,1.0,4,96640,46753,27
M_s50,ruler4k/ruler_4096_niah_single_2_p0421,niah_single_2,42,35c2242668136cab280c6ec7c44248b6367ca3811041a841fc98747095cb0852,1.0,3,77280,40666,27
M_s50,ruler4k/ruler_4096_niah_single_2_p0428,niah_single_2,42,54ec3d0c7373a71a8c2ea1b0ed51bd6800842bd574fa81ac644aede61ff7173b,1.0,5,120800,65410,27
M_s50,ruler4k/ruler_4096_niah_single_2_p0437,niah_single_2,42,6064a204397272c101337e8220e155be0f35a2273bae28924392d42a2944d742,1.0,4,103040,52249,27
M_s50,ruler4k/ruler_4096_niah_single_3_p0468,niah_single_3,42,c3af63f11f27389ecd37df152d67c64d30cd233b8f5c795f95992f10b44cef78,1.0,6,144960,66779,53
M_s50,ruler4k/ruler_4096_niah_single_3_p0488,niah_single_3,42,56211e5bbb129174027e38ed20ea8a6fc6e73bea003e9590298b4044bfc46cae,1.0,4,103040,52537,54
M_s50,ruler4k/ruler_4096_niah_single_3_p0475,niah_single_3,42,7e9be5b0cbcf1dcbc00b2d27562173289648f82c0d9afa6be2663e5c09047119,1.0,4,103040,57361,50
M_s50,ruler4k/ruler_4096_niah_single_3_p0480,niah_single_3,42,8497f42fbfcb5ecb8b8a1bbac254b56627c0acd6a69feee34c318dcfd422f2b9,1.0,5,128800,63320,54
M_s50,ruler4k/ruler_4096_niah_single_3_p0451,niah_single_3,42,744f1a24096d7c51556722f87836779c8e1e172f920002ee79d5ba00fd2693be,1.0,4,103040,52054,54
M_s50,ruler4k/ruler_4096_niah_single_3_p0493,niah_single_3,42,206b9337b07a90a72a6663a468f70081366e428ce603582cde0b5f8e6074b221,1.0,5,120800,61210,52
M_s50,ruler4k/ruler_4096_niah_single_3_p0495,niah_single_3,42,65b164e9cb3f7277ed3185e5fadd121041b09ee6ccf2a688351bde02a9bd5299,1.0,6,154560,78227,53
M_s50,ruler4k/ruler_4096_niah_single_3_p0477,niah_single_3,42,ec8175b5f240daa35661b164849eb91484c7c48b1500f8b887fe7355e3dd8f9f,1.0,7,169120,82835,52
M_s50,ruler4k/ruler_4096_niah_single_3_p0491,niah_single_3,42,afbd45c86baed29f525f8652ca4a7afef5e5d0fcea1c22e486b3ab190c141d36,1.0,5,120800,62342,48
M_s50,ruler4k/ruler_4096_niah_single_3_p0464,niah_single_3,42,0def02e1833e5105697c667982c3db6b74fc599b3a23c1a1632eaed4930b203f,1.0,6,154560,80415,54
M_s50,ruler4k/ruler_4096_niah_multikey_1_p0143,niah_multikey_1,42,a4136de5f5df6c5da1bb8626f811a0e2c6c451efcb0a58778889c84d78779bb1,1.0,4,96640,48756,25
M_s50,ruler4k/ruler_4096_niah_multikey_1_p0130,niah_multikey_1,42,81ad2a12d9f42eb8553575cad78177b9d8e054a36587177d53e9bb832992d744,1.0,4,96640,50573,27
M_s50,ruler4k/ruler_4096_niah_multikey_1_p0104,niah_multikey_1,42,5949da444aa40e059027de62e9846fe4bf01d0b982dc634c685e4523057dec47,1.0,4,96640,51115,27
M_s50,ruler4k/ruler_4096_niah_multikey_1_p0140,niah_multikey_1,42,0dac50fb3c9a7cf274d390fc33deaaef863304b2b8cc58c26426b01b34360acd,1.0,3,72480,36899,29
M_s50,ruler4k/ruler_4096_niah_multikey_1_p0109,niah_multikey_1,42,eb29119b567c1acfc3fddd7dc23d99e3d07a451df1e9340863c41ab76fec8279,1.0,4,96640,46038,29
M_s50,ruler4k/ruler_4096_niah_multikey_1_p0112,niah_multikey_1,42,64a2a5358813d7cc70dee30933034b553e8ff4289fc2abfa2c0cac0577bd9869,1.0,7,169120,87025,28
M_s50,ruler4k/ruler_4096_niah_multikey_1_p0110,niah_multikey_1,42,0e985d0395cfd78473b765322e48855d9338f4292cc653dc4921ddd64e7aa6aa,1.0,4,96640,44835,28
M_s50,ruler4k/ruler_4096_niah_multikey_1_p0115,niah_multikey_1,42,eb7e20f6e8cd8787f1bdc6806bf396684517cb30e9a27351d0804cd4226948a7,1.0,5,120800,59052,27
M_s50,ruler4k/ruler_4096_niah_multikey_1_p0124,niah_multikey_1,42,813f07f91b5e61c369a986a6e0af49e8d31e8f836d6b80546513c9d17c4a822d,1.0,4,96640,48916,27
M_s50,ruler4k/ruler_4096_niah_multikey_1_p0138,niah_multikey_1,42,7458699c703be6ff351e77d62d5262b50c1c149ddc8ff259fe40054e25393e9d,1.0,5,120800,59177,29
M_s50,ruler4k/ruler_4096_niah_multikey_2_p0155,niah_multikey_2,42,89c401d63e557be37a2c9112dd8f8a9a5b86a1a4ddfef2bb152e3d3624581de6,1.0,3,77280,45488,24
M_s50,ruler4k/ruler_4096_niah_multikey_2_p0187,niah_multikey_2,42,b2b7c440a1d1925f2db27831d670136208061acf4309c804e48710e2e2b096ba,1.0,4,103040,58571,23
M_s50,ruler4k/ruler_4096_niah_multikey_2_p0199,niah_multikey_2,42,113cceb69e7cad1008b8faca879924601c4493030f01c185a0c143d1e35b5dec,1.0,3,72960,42140,24
M_s50,ruler4k/ruler_4096_niah_multikey_2_p0172,niah_multikey_2,42,299c5ce6f3b0ebeed623c66095efe93c8d28ff455696651e7a173c70f736ed2b,1.0,4,103040,58808,23
M_s50,ruler4k/ruler_4096_niah_multikey_2_p0160,niah_multikey_2,42,3652c8d513a6b1df9c2e8e3b8ed23eb74cdf168726c457745e5244234b8ac1da,1.0,4,103040,61267,26
M_s50,ruler4k/ruler_4096_niah_multikey_2_p0192,niah_multikey_2,42,263394c74e36959c503d578504af247e8f4cf5cb7580ad67bfb1f10c4be191d4,1.0,5,128800,75464,24
M_s50,ruler4k/ruler_4096_niah_multikey_2_p0191,niah_multikey_2,42,f412410977db6e493a67db293bc7d42ac0dd4318b396cfb4c964979dd3893c60,1.0,5,128800,73427,24
M_s50,ruler4k/ruler_4096_niah_multikey_2_p0186,niah_multikey_2,42,9a6750843eef9b6a259296690d489f907f8cadc16f29aedbb8d0492512c00168,1.0,4,103040,59996,24
M_s50,ruler4k/ruler_4096_niah_multikey_2_p0188,niah_multikey_2,42,79511fa19beeb3d6933bfe7327175585524e911f7a0f81655720b2aca3a0ba0c,1.0,3,77280,45869,24
M_s50,ruler4k/ruler_4096_niah_multikey_2_p0195,niah_multikey_2,42,f723391fa64b17bbbd3fe15c5144633074bdb872e8e5510aa6f7047e55cb924d,1.0,3,77280,46369,24
M_s50,ruler4k/ruler_4096_niah_multikey_3_p0221,niah_multikey_3,42,f8dd0f93eb33e91a61cf7fab499ffd7585047ae2afcf9f0d1a3160fd4341ed35,1.0,5,128000,73464,78
M_s50,ruler4k/ruler_4096_niah_multikey_3_p0247,niah_multikey_3,42,ae30df60444546e8777ee802f719cfae5dfe7ceae7b8f13f46e9b409ea28a312,1.0,5,128000,68617,78
M_s50,ruler4k/ruler_4096_niah_multikey_3_p0222,niah_multikey_3,42,eafa5bd73b366cbcac052d45d993a4d8f72a6c7cc5293a69af6f1fc6b7e44b91,1.0,4,102400,54192,77
M_s50,ruler4k/ruler_4096_niah_multikey_3_p0203,niah_multikey_3,42,42be70ae1b5d7d8f2d25f41c1ea6c5bef44467fb3821001bd8239e7cbf7d5825,1.0,5,128000,70563,78
M_s50,ruler4k/ruler_4096_niah_multikey_3_p0249,niah_multikey_3,42,4fffd45bb8c613b3c496fa0e52293424834107c78eb86377039d4bc2eafbc7c9,1.0,3,76800,41755,83
M_s50,ruler4k/ruler_4096_niah_multikey_3_p0201,niah_multikey_3,42,16107492e0e1f5f3e241995fd2634504edd00904c0e19d725ab3ae560a6060fb,1.0,3,76800,40623,76
M_s50,ruler4k/ruler_4096_niah_multikey_3_p0242,niah_multikey_3,42,f4329a354710003262cadef688f726df03362adeb32aba2eb7809f02e2dabbc4,1.0,4,102400,53472,75
M_s50,ruler4k/ruler_4096_niah_multikey_3_p0217,niah_multikey_3,42,bca3327d5aa55bfa3ccd0ea2c83739a1ada8873e873741e3e1c46d10abffdb66,1.0,4,102400,53691,75
M_s50,ruler4k/ruler_4096_niah_multikey_3_p0218,niah_multikey_3,42,5ee3579138079a2a3bf406113e49449c5c5486254c73d9d817ae3a58005386ba,1.0,5,128000,67632,81
M_s50,ruler4k/ruler_4096_niah_multikey_3_p0229,niah_multikey_3,42,80d5e6407cd842e86d45150d8235f8b98caef2804f44689d318f633c844232fe,1.0,5,128000,67838,79
M_s50,ruler4k/ruler_4096_niah_multivalue_p0333,niah_multivalue,42,cfb1f9c8c983a092c4fca7359d982b505400235942aa329a6b04f4b4ad3769ed,1.0,6,144960,55117,116
M_s50,ruler4k/ruler_4096_niah_multivalue_p0323,niah_multivalue,42,6cfcc849348a08389dfd9360dc35be5045e03b2545c0238142e0d33500b579b2,1.0,4,96640,40925,67
M_s50,ruler4k/ruler_4096_niah_multivalue_p0301,niah_multivalue,42,acf8258c21c0101725c9812e9febb8400cb26d111c5ff99a5e9f9c5ce5c9cf1a,1.0,4,96640,41021,71
M_s50,ruler4k/ruler_4096_niah_multivalue_p0341,niah_multivalue,42,28db1d98fca3a475372b00bf02bcfe115a530b792736a1c023bb7c2c3b5deccd,1.0,5,128800,55682,67
M_s50,ruler4k/ruler_4096_niah_multivalue_p0338,niah_multivalue,42,491956a4b5522d0af0ef17f13a2168ed7f82fd3c6976f2f140ee4a55d5754914,1.0,4,96640,41849,71
M_s50,ruler4k/ruler_4096_niah_multivalue_p0306,niah_multivalue,42,1a44769372eb079188f4a23cd39ba56394aae391ba10dbedf1a7fc3fb6a65f87,1.0,5,120800,53197,71
M_s50,ruler4k/ruler_4096_niah_multivalue_p0329,niah_multivalue,42,9ea03ab697be6f960e62e3e35e2cfb311adf0b86781e4a24646b27e846be74c0,1.0,5,120800,56604,68
M_s50,ruler4k/ruler_4096_niah_multivalue_p0336,niah_multivalue,42,67218f00ea86276217c8f8e5a4fa2739ad7a72e31068c476b6b809646343437c,1.0,5,120800,54082,67
M_s50,ruler4k/ruler_4096_niah_multivalue_p0305,niah_multivalue,42,0f59017fbd483ac5be5cd70d397811e097d529c2776fc6a0fdce9bbcde2dc055,1.0,10,257600,84741,128
M_s50,ruler4k/ruler_4096_niah_multivalue_p0334,niah_multivalue,42,8408b2cc181539d721124293f71f4afe4e80fecf3be6b08f136589ab1aedbfb1,1.0,4,96640,39937,67
M_s50,ruler4k/ruler_4096_niah_multiquery_p0250,niah_multiquery,42,d7ebeb31c67ef3aaff04b0a01f7a281e4a285a887e4088bdf1590297df0c5496,1.0,5,120800,56473,86
M_s50,ruler4k/ruler_4096_niah_multiquery_p0281,niah_multiquery,42,25f97397c1f56fcb22753a040a6b77236c8ffabd415fc7dc413de0043d0ad5b0,1.0,5,120800,53841,93
M_s50,ruler4k/ruler_4096_niah_multiquery_p0293,niah_multiquery,42,42cee0d9bcf07b284dea36a84610ce8eacd037e5da27b880199575aa15909544,1.0,4,96640,42374,90
M_s50,ruler4k/ruler_4096_niah_multiquery_p0268,niah_multiquery,42,12e8eabb09dfb861ca9ef3383dc04a81adaf4050c502abdebbfb61c58afacc90,1.0,5,128800,54955,88
M_s50,ruler4k/ruler_4096_niah_multiquery_p0273,niah_multiquery,42,561df18acab190c49616d28217638902060fe1a4b0f3aba3eaa0a587cf015a0a,1.0,5,128800,55517,85
M_s50,ruler4k/ruler_4096_niah_multiquery_p0252,niah_multiquery,42,e9e6216e984840a8ae40adb72219eac5190bfbbe72b8156a8933b52e10836e9b,1.0,3,72480,32043,89
M_s50,ruler4k/ruler_4096_niah_multiquery_p0266,niah_multiquery,42,74cbb1f7d07b7a148b8d78375d5d0cf013f8eb9e8b005f5af635cac28eb9b6b2,1.0,4,103040,49033,87
M_s50,ruler4k/ruler_4096_niah_multiquery_p0298,niah_multiquery,42,73b299958b02347e43ae5a010343d9f79a81286767fa4328bd5248826e121beb,1.0,3,77280,36516,85
M_s50,ruler4k/ruler_4096_niah_multiquery_p0264,niah_multiquery,42,d7c9f1221cd0d46c9c81dd74ef9bacbcb746734aa4e5e4e50c9ba36e70147889,1.0,4,96640,45175,86
M_s50,ruler4k/ruler_4096_niah_multiquery_p0285,niah_multiquery,42,128d8f2fd3612e9f5ad3ff88451b44c429d77965a5c067f7608185298be544f7,1.0,6,144960,61721,87
M_s50,ruler4k/ruler_4096_vt_p0601,vt,42,1ede7e3b3443c1da90f87dcbae808b715151e2640fae7040cd470a50adff47bf,0.0,5,130400,69621,30
M_s50,ruler4k/ruler_4096_vt_p0617,vt,42,87aea4b59ba3a6ec618d590d946c59a031df61f8d44e5f0be8e9525a6eccd336,0.0,6,156480,84244,30
M_s50,ruler4k/ruler_4096_vt_p0632,vt,42,5cb68cb1202f34f42296c6881510b2aca700e68c15043de09495cce28cac949c,0.0,4,104320,56715,30
M_s50,ruler4k/ruler_4096_vt_p0618,vt,42,6c29d37fdba15c5fd2ad421103ecb98036162ec4b7435c06f3d3027f320c762d,0.0,4,104320,56890,30
M_s50,ruler4k/ruler_4096_vt_p0603,vt,42,fe93b7aa159b81138de74e2be58b545f9b3f38aaf1119b6574944b4bb23c5fb1,0.0,5,130400,68653,30
M_s50,ruler4k/ruler_4096_vt_p0624,vt,42,1e3f850af723b632f4d1eaab713c671a0ecfbc55d1284baae00b92865c0165da,0.0,4,104320,58349,30
M_s50,ruler4k/ruler_4096_vt_p0607,vt,42,56b8fcd4e95162f8bcd8d7d3c9673315733632a084c7f0ff65cfe0a306019fb6,0.0,5,129600,69837,30
M_s50,ruler4k/ruler_4096_vt_p0611,vt,42,6c6d7581df6c35f0e144bdbd5a81728a2a46452052bff2c0aa1414823c79ba21,0.0,4,101760,52564,30
M_s50,ruler4k/ruler_4096_vt_p0623,vt,42,de3faf03d119ec292d87b818ebc27c76702806d4eacb19670dccc814d97242e6,0.0,4,104320,56764,30
M_s50,ruler4k/ruler_4096_vt_p0620,vt,42,63626bade152cd74b6120a42fcc713e53c86518e77cf94b8bb05c941bd6eee4a,0.0,3,78240,42692,30
M_s50,ruler4k/ruler_4096_cwe_p0045,cwe,42,bfcf4b52a0dd6646e7f1977825aed749da0db1624455550c7e4b0005d36bf4f6,1.0,10,252800,103511,63
M_s50,ruler4k/ruler_4096_cwe_p0014,cwe,42,6358699f441f11c7ee51c51d58e4013c22272ccbcc9d74cf9c224792227c9218,1.0,13,330720,140282,64
M_s50,ruler4k/ruler_4096_cwe_p0044,cwe,42,40da7d9a8dabc14ede9b3edd40572017ad91c060752fefb22d098b9e46a70569,1.0,11,283360,117335,68
M_s50,ruler4k/ruler_4096_cwe_p0005,cwe,42,a1ac0ee9b8d3d6fbfea8164480699498158e4f732b8f73fefd51e45c2af7798a,1.0,11,278080,118065,63
M_s50,ruler4k/ruler_4096_cwe_p0046,cwe,42,327255761be34b73002c16b49d33666ee697c40b80eb823e1ec9ee8d9d688038,1.0,9,231840,100302,63
M_s50,ruler4k/ruler_4096_cwe_p0036,cwe,42,a37348e65d33b1a14bb87bbd15896f1be9a2d8a20397882f28e64026f4767bb2,1.0,10,257600,107451,62
M_s50,ruler4k/ruler_4096_cwe_p0038,cwe,42,3d23bf868a9c20165654f8a7cc1d021bec3d59e4480962a475a1787eeeef120f,1.0,12,307200,131329,61
M_s50,ruler4k/ruler_4096_cwe_p0034,cwe,42,a2b5f9d437342694356a5bed5caa56516720c3c24209f10861dc66889f2cc4e5,1.0,10,257600,105185,62
M_s50,ruler4k/ruler_4096_cwe_p0004,cwe,42,12780ec9ff7d288d30ed09b658dd44e997d76aa4e696983f3e4779e953fe8f04,1.0,9,230400,98642,62
M_s50,ruler4k/ruler_4096_cwe_p0008,cwe,42,b81f61ad0d24a56feae85508d58c480040d0091f28c2682d5792bc97797325bd,1.0,10,257600,108325,62
M_s50,ruler4k/ruler_4096_fwe_p0087,fwe,42,16fa298c7245985713964f55babd9941866cd9f502561a080f2e1da4e46a255f,1.0,5,127200,67144,16
M_s50,ruler4k/ruler_4096_fwe_p0096,fwe,42,57da086ecbea39898f7725d2a5594d0891924b1192f7cc832a39d3305048cdd9,1.0,6,152640,78939,24
M_s50,ruler4k/ruler_4096_fwe_p0067,fwe,42,6a00968813b930890b9d8a8236d421df73bb5653893e13b5579b1396a9f7e2b8,1.0,6,153600,80119,22
M_s50,ruler4k/ruler_4096_fwe_p0062,fwe,42,b9486e82e0a9970ff4f752085832989c02d3e0186e95a2b748bd9629e256facb,1.0,5,130400,70888,18
M_s50,ruler4k/ruler_4096_fwe_p0088,fwe,42,8d120b2a4312ea91cd33c537f1cd10e6060c0a7e261052b2db531798e5e07bad,1.0,4,101760,54760,23
M_s50,ruler4k/ruler_4096_fwe_p0052,fwe,42,5a6004725b0a53d258f50ef247b40ea89414457abad6c43ecc9bb49f74e1169c,1.0,6,152640,78843,17
M_s50,ruler4k/ruler_4096_fwe_p0085,fwe,42,ce7fba76f73da72a29cb1a9eb674685845459dadf47bb1218e612954babad932,1.0,3,76800,41501,16
M_s50,ruler4k/ruler_4096_fwe_p0071,fwe,42,d843973080e5f93e1b39ce8cce5341d583b62b232342095ce6bf506321e01a94,1.0,3,77280,41606,23
M_s50,ruler4k/ruler_4096_fwe_p0075,fwe,42,74dab99d0aab3c14e77ba11a0d77b82c8d75abe3d622688ef64ebbc34be1644e,1.0,3,75840,41882,15
M_s50,ruler4k/ruler_4096_fwe_p0086,fwe,42,69670b27321fec6e735e4361d7b73c0920496cf79e1f424cff8d5a51ba3694fe,1.0,3,75360,42201,20
M_s50,ruler4k/ruler_4096_qa_1_p0505,qa_1,42,dfc616957fca79c516c29b6044a180b83f077b296a3202eedafb4e31029e4a76,0.0,5,128000,64567,9
M_s50,ruler4k/ruler_4096_qa_1_p0517,qa_1,42,a007c13dd1a196fb2ee764d65413cccb1d07b5cc996a33955f72923a68b3ee23,1.0,4,99200,46729,21
M_s50,ruler4k/ruler_4096_qa_1_p0501,qa_1,42,852969255c427f2ca395afdce4e633ba40eb8fb5921817992fc643ba1ab16b6d,1.0,4,98560,47441,17
M_s50,ruler4k/ruler_4096_qa_1_p0530,qa_1,42,a162c6477c6e6478fb97d42ec11716df2abc134feac1b5ec765622b9a358d3a2,1.0,3,75360,38373,8
M_s50,ruler4k/ruler_4096_qa_1_p0509,qa_1,42,255353b20d8ffd2d962d5830853b81014b8e4e2ad113cbe116fe1b2754189273,1.0,3,75360,40335,8
M_s50,ruler4k/ruler_4096_qa_1_p0549,qa_1,42,7d23ac5addd3206ea31de7705e76364b7d656d00cfd14354fa752b9e29579ae1,1.0,4,99200,49292,9
M_s50,ruler4k/ruler_4096_qa_1_p0514,qa_1,42,fcc5d586ab237ca84d597be8cd62496aeaa4374406bcbf84b9300656fe7288ad,1.0,4,101120,50524,11
M_s50,ruler4k/ruler_4096_qa_1_p0540,qa_1,42,333bb0dd8a9972c275fa9648978027c2a9fce7c10bb749106c0ccf25c0bb3612,1.0,3,66720,29748,10
M_s50,ruler4k/ruler_4096_qa_1_p0547,qa_1,42,811492b67af1ca7b375cc9017391a98155b214f7e2bb59abef0a79f75c6d70bf,1.0,2,51840,28453,6
M_s50,ruler4k/ruler_4096_qa_1_p0512,qa_1,42,660de8b61e41aa812403f334efcf909030631eb1e715a2764de1013981474ad5,1.0,3,74400,37236,9
M_s50,ruler4k/ruler_4096_qa_2_p0579,qa_2,42,515a1c9665425cbaaa1ae73b35d7616c50164b5880b10ba16d2d3cb581db8077,1.0,2,48640,26306,9
M_s50,ruler4k/ruler_4096_qa_2_p0588,qa_2,42,82a062b715ce57274a81267e8873b62e736b3d10889f90bdf3a43a3808af23aa,1.0,3,73920,41976,6
M_s50,ruler4k/ruler_4096_qa_2_p0551,qa_2,42,0c9d305f8640e44a8eee5fc63f283e409133ef5725d62b81317698828faecec2,1.0,4,92800,44285,21
M_s50,ruler4k/ruler_4096_qa_2_p0578,qa_2,42,cb4967b2c0e4b0770e147781ec0b71d6ef2bfbb2f4a21ae376e3f79d9db6d885,1.0,3,71520,36346,9
M_s50,ruler4k/ruler_4096_qa_2_p0583,qa_2,42,1ad492cdc5f1ff709e7d4c315cf766a566cf50f947e2a5aaa951bda8035ea058,1.0,2,50880,28957,7
M_s50,ruler4k/ruler_4096_qa_2_p0599,qa_2,42,5dfd7c7563dfc5e3f32396a60b8c9d9dbf1346a7780553e50810c9485a6a0adb,0.0,6,126720,53848,32
M_s50,ruler4k/ruler_4096_qa_2_p0589,qa_2,42,827954e15839b8ac59fb7e394b606d5eee0fd6f268f8832105e952034e485b7e,1.0,4,99200,50925,8
M_s50,ruler4k/ruler_4096_qa_2_p0559,qa_2,42,d55a6754a18b806b7b459ba27c9c9aaa785002acfcae3c2dde82d74ba0ac677a,1.0,3,73920,41324,6
M_s50,ruler4k/ruler_4096_qa_2_p0577,qa_2,42,60904ecb62467215293c6410d8edf1c80f081dd77dd637ece0c13ab0080c001e,1.0,4,96000,49758,6
M_s50,ruler4k/ruler_4096_qa_2_p0574,qa_2,42,a12ffe9225044b65b59b8c16d21eba0198d2f8d87f7e24e0ec2bc3b146b9d9c4,1.0,4,92800,47461,11
C_s50,ruler4k/ruler_4096_niah_single_1_p0391,niah_single_1,42,84b2a69d0f8ac3fdac3e2ec089bff85b2f7594e7a19aa175c45a04fa35d75559,1.0,3,77280,47997,27
C_s50,ruler4k/ruler_4096_niah_single_1_p0365,niah_single_1,42,362202745bfe5344c23483c584679b8839fa7f402a2275b041ef2e2eb0391df7,1.0,3,77280,46001,24
C_s50,ruler4k/ruler_4096_niah_single_1_p0359,niah_single_1,42,22c4aa54f702816bb0df17c72a45850f72c43521617c0530b766b288d42f243c,1.0,3,77280,48273,24
C_s50,ruler4k/ruler_4096_niah_single_1_p0356,niah_single_1,42,e16efe4e6f2434fe8070e5bd2ff9472be7f1f120929e46ab729ef1df42a999d4,1.0,4,103040,61841,28
C_s50,ruler4k/ruler_4096_niah_single_1_p0393,niah_single_1,42,2468ef9fd703f76cd57ba84a60c67a685a020d08698b2530f7d9e692ba5f44f0,1.0,3,77280,46101,27
C_s50,ruler4k/ruler_4096_niah_single_1_p0398,niah_single_1,42,97ce39fbf2025ceccac24ea9ecf655eb0604555785dbf104316e69637543ae8a,1.0,5,128800,74515,27
C_s50,ruler4k/ruler_4096_niah_single_1_p0373,niah_single_1,42,4c47f2828d442b0e5c0132156bd91b3ccbac339bb35f6c08447aa4cb23995306,1.0,5,128800,77635,28
C_s50,ruler4k/ruler_4096_niah_single_1_p0377,niah_single_1,42,b4b8b756d972020e9195f5487cd62eeb6355deef26eb2e8911eb7b203abb471d,1.0,5,128800,78558,28
C_s50,ruler4k/ruler_4096_niah_single_1_p0386,niah_single_1,42,c191837a0906eef75a272f52e39b79b35e2026870a511f6c47a1b8fd0104e6ca,1.0,3,77280,44628,29
C_s50,ruler4k/ruler_4096_niah_single_1_p0351,niah_single_1,42,4c5f87a7a4649fc38d57467051741d7abc30a788413f42f212337c9144556fb0,1.0,6,154560,92693,29
C_s50,ruler4k/ruler_4096_niah_single_2_p0418,niah_single_2,42,0c0970c55b901cac5e827bbc91c518ef9b6dd44decf09886a0e87b506488da09,1.0,5,120800,60401,29
C_s50,ruler4k/ruler_4096_niah_single_2_p0417,niah_single_2,42,9c24e81e63ccf9b37fd55a283a9de43b4cf8bdb8eca9700fd8780a44838a5b8a,1.0,5,128800,66116,27
C_s50,ruler4k/ruler_4096_niah_single_2_p0405,niah_single_2,42,12e3b643f0882dc1dd9c6bbbade302379bb4a2ca908d8d752366227d34af9c43,1.0,4,96640,48802,25
C_s50,ruler4k/ruler_4096_niah_single_2_p0433,niah_single_2,42,e68d45a10f3b6a2f2b432fee6387943942b3fc79e87860c551174e708fd6f712,1.0,3,77280,41984,27
C_s50,ruler4k/ruler_4096_niah_single_2_p0426,niah_single_2,42,e19912aa9fc527c02b94c5a6f9bd25b4a3b8860c0cf543acb7b2a6752625b655,1.0,3,77280,37335,27
C_s50,ruler4k/ruler_4096_niah_single_2_p0400,niah_single_2,42,23a78905359fae6c5b256969d7d7956bcac6bfedc6d6ba72c84e35f9e3c2b9d7,1.0,3,72480,36004,25
C_s50,ruler4k/ruler_4096_niah_single_2_p0429,niah_single_2,42,e6ae2e08b0022a1ab48df4a5249081768fbb7e281ae068e82284f6fdf1918129,1.0,3,72480,33346,27
C_s50,ruler4k/ruler_4096_niah_single_2_p0421,niah_single_2,42,35c2242668136cab280c6ec7c44248b6367ca3811041a841fc98747095cb0852,1.0,3,77280,39687,27
C_s50,ruler4k/ruler_4096_niah_single_2_p0428,niah_single_2,42,54ec3d0c7373a71a8c2ea1b0ed51bd6800842bd574fa81ac644aede61ff7173b,1.0,5,120800,65453,27
C_s50,ruler4k/ruler_4096_niah_single_2_p0437,niah_single_2,42,6064a204397272c101337e8220e155be0f35a2273bae28924392d42a2944d742,1.0,3,77280,38774,27
C_s50,ruler4k/ruler_4096_niah_single_3_p0468,niah_single_3,42,c3af63f11f27389ecd37df152d67c64d30cd233b8f5c795f95992f10b44cef78,1.0,4,96640,42326,53
C_s50,ruler4k/ruler_4096_niah_single_3_p0488,niah_single_3,42,56211e5bbb129174027e38ed20ea8a6fc6e73bea003e9590298b4044bfc46cae,1.0,4,103040,52955,55
C_s50,ruler4k/ruler_4096_niah_single_3_p0475,niah_single_3,42,7e9be5b0cbcf1dcbc00b2d27562173289648f82c0d9afa6be2663e5c09047119,1.0,5,128800,69696,51
C_s50,ruler4k/ruler_4096_niah_single_3_p0480,niah_single_3,42,8497f42fbfcb5ecb8b8a1bbac254b56627c0acd6a69feee34c318dcfd422f2b9,1.0,6,154560,74498,50
C_s50,ruler4k/ruler_4096_niah_single_3_p0451,niah_single_3,42,744f1a24096d7c51556722f87836779c8e1e172f920002ee79d5ba00fd2693be,1.0,5,128800,62860,55
C_s50,ruler4k/ruler_4096_niah_single_3_p0493,niah_single_3,42,206b9337b07a90a72a6663a468f70081366e428ce603582cde0b5f8e6074b221,1.0,6,144960,73943,54
C_s50,ruler4k/ruler_4096_niah_single_3_p0495,niah_single_3,42,65b164e9cb3f7277ed3185e5fadd121041b09ee6ccf2a688351bde02a9bd5299,1.0,4,103040,49145,53
C_s50,ruler4k/ruler_4096_niah_single_3_p0477,niah_single_3,42,ec8175b5f240daa35661b164849eb91484c7c48b1500f8b887fe7355e3dd8f9f,1.0,3,72480,34188,47
C_s50,ruler4k/ruler_4096_niah_single_3_p0491,niah_single_3,42,afbd45c86baed29f525f8652ca4a7afef5e5d0fcea1c22e486b3ab190c141d36,1.0,4,96640,47624,52
C_s50,ruler4k/ruler_4096_niah_single_3_p0464,niah_single_3,42,0def02e1833e5105697c667982c3db6b74fc599b3a23c1a1632eaed4930b203f,1.0,3,77280,39827,55
C_s50,ruler4k/ruler_4096_niah_multikey_1_p0143,niah_multikey_1,42,a4136de5f5df6c5da1bb8626f811a0e2c6c451efcb0a58778889c84d78779bb1,1.0,3,72480,35010,29
C_s50,ruler4k/ruler_4096_niah_multikey_1_p0130,niah_multikey_1,42,81ad2a12d9f42eb8553575cad78177b9d8e054a36587177d53e9bb832992d744,1.0,4,96640,50575,23
C_s50,ruler4k/ruler_4096_niah_multikey_1_p0104,niah_multikey_1,42,5949da444aa40e059027de62e9846fe4bf01d0b982dc634c685e4523057dec47,1.0,3,72480,37554,27
C_s50,ruler4k/ruler_4096_niah_multikey_1_p0140,niah_multikey_1,42,0dac50fb3c9a7cf274d390fc33deaaef863304b2b8cc58c26426b01b34360acd,1.0,3,72480,36571,25
C_s50,ruler4k/ruler_4096_niah_multikey_1_p0109,niah_multikey_1,42,eb29119b567c1acfc3fddd7dc23d99e3d07a451df1e9340863c41ab76fec8279,1.0,4,96640,47207,29
C_s50,ruler4k/ruler_4096_niah_multikey_1_p0112,niah_multikey_1,42,64a2a5358813d7cc70dee30933034b553e8ff4289fc2abfa2c0cac0577bd9869,1.0,4,96640,49577,28
C_s50,ruler4k/ruler_4096_niah_multikey_1_p0110,niah_multikey_1,42,0e985d0395cfd78473b765322e48855d9338f4292cc653dc4921ddd64e7aa6aa,1.0,5,120800,56975,28
C_s50,ruler4k/ruler_4096_niah_multikey_1_p0115,niah_multikey_1,42,eb7e20f6e8cd8787f1bdc6806bf396684517cb30e9a27351d0804cd4226948a7,1.0,3,72480,34260,28
C_s50,ruler4k/ruler_4096_niah_multikey_1_p0124,niah_multikey_1,42,813f07f91b5e61c369a986a6e0af49e8d31e8f836d6b80546513c9d17c4a822d,1.0,3,72480,36534,27
C_s50,ruler4k/ruler_4096_niah_multikey_1_p0138,niah_multikey_1,42,7458699c703be6ff351e77d62d5262b50c1c149ddc8ff259fe40054e25393e9d,1.0,4,96640,46811,25
C_s50,ruler4k/ruler_4096_niah_multikey_2_p0155,niah_multikey_2,42,89c401d63e557be37a2c9112dd8f8a9a5b86a1a4ddfef2bb152e3d3624581de6,1.0,4,103040,57571,24
C_s50,ruler4k/ruler_4096_niah_multikey_2_p0187,niah_multikey_2,42,b2b7c440a1d1925f2db27831d670136208061acf4309c804e48710e2e2b096ba,1.0,3,77280,44127,23
C_s50,ruler4k/ruler_4096_niah_multikey_2_p0199,niah_multikey_2,42,113cceb69e7cad1008b8faca879924601c4493030f01c185a0c143d1e35b5dec,1.0,4,97280,53972,24
C_s50,ruler4k/ruler_4096_niah_multikey_2_p0172,niah_multikey_2,42,299c5ce6f3b0ebeed623c66095efe93c8d28ff455696651e7a173c70f736ed2b,1.0,3,77280,44462,23
C_s50,ruler4k/ruler_4096_niah_multikey_2_p0160,niah_multikey_2,42,3652c8d513a6b1df9c2e8e3b8ed23eb74cdf168726c457745e5244234b8ac1da,1.0,5,128800,76325,26
C_s50,ruler4k/ruler_4096_niah_multikey_2_p0192,niah_multikey_2,42,263394c74e36959c503d578504af247e8f4cf5cb7580ad67bfb1f10c4be191d4,1.0,4,103040,58841,24
C_s50,ruler4k/ruler_4096_niah_multikey_2_p0191,niah_multikey_2,42,f412410977db6e493a67db293bc7d42ac0dd4318b396cfb4c964979dd3893c60,1.0,4,103040,60610,24
C_s50,ruler4k/ruler_4096_niah_multikey_2_p0186,niah_multikey_2,42,9a6750843eef9b6a259296690d489f907f8cadc16f29aedbb8d0492512c00168,1.0,3,77280,43242,24
C_s50,ruler4k/ruler_4096_niah_multikey_2_p0188,niah_multikey_2,42,79511fa19beeb3d6933bfe7327175585524e911f7a0f81655720b2aca3a0ba0c,1.0,3,77280,44265,24
C_s50,ruler4k/ruler_4096_niah_multikey_2_p0195,niah_multikey_2,42,f723391fa64b17bbbd3fe15c5144633074bdb872e8e5510aa6f7047e55cb924d,1.0,4,103040,59727,24
C_s50,ruler4k/ruler_4096_niah_multikey_3_p0221,niah_multikey_3,42,f8dd0f93eb33e91a61cf7fab499ffd7585047ae2afcf9f0d1a3160fd4341ed35,1.0,4,102400,58690,78
C_s50,ruler4k/ruler_4096_niah_multikey_3_p0247,niah_multikey_3,42,ae30df60444546e8777ee802f719cfae5dfe7ceae7b8f13f46e9b409ea28a312,1.0,3,76800,40455,78
C_s50,ruler4k/ruler_4096_niah_multikey_3_p0222,niah_multikey_3,42,eafa5bd73b366cbcac052d45d993a4d8f72a6c7cc5293a69af6f1fc6b7e44b91,1.0,4,102400,52117,77
C_s50,ruler4k/ruler_4096_niah_multikey_3_p0203,niah_multikey_3,42,42be70ae1b5d7d8f2d25f41c1ea6c5bef44467fb3821001bd8239e7cbf7d5825,1.0,3,76800,40050,78
C_s50,ruler4k/ruler_4096_niah_multikey_3_p0249,niah_multikey_3,42,4fffd45bb8c613b3c496fa0e52293424834107c78eb86377039d4bc2eafbc7c9,1.0,4,102400,57205,83
C_s50,ruler4k/ruler_4096_niah_multikey_3_p0201,niah_multikey_3,42,16107492e0e1f5f3e241995fd2634504edd00904c0e19d725ab3ae560a6060fb,1.0,4,102400,55142,76
C_s50,ruler4k/ruler_4096_niah_multikey_3_p0242,niah_multikey_3,42,f4329a354710003262cadef688f726df03362adeb32aba2eb7809f02e2dabbc4,1.0,4,102400,53670,75
C_s50,ruler4k/ruler_4096_niah_multikey_3_p0217,niah_multikey_3,42,bca3327d5aa55bfa3ccd0ea2c83739a1ada8873e873741e3e1c46d10abffdb66,1.0,4,102400,54281,75
C_s50,ruler4k/ruler_4096_niah_multikey_3_p0218,niah_multikey_3,42,5ee3579138079a2a3bf406113e49449c5c5486254c73d9d817ae3a58005386ba,1.0,4,102400,51936,81
C_s50,ruler4k/ruler_4096_niah_multikey_3_p0229,niah_multikey_3,42,80d5e6407cd842e86d45150d8235f8b98caef2804f44689d318f633c844232fe,1.0,4,102400,54286,79
C_s50,ruler4k/ruler_4096_niah_multivalue_p0333,niah_multivalue,42,cfb1f9c8c983a092c4fca7359d982b505400235942aa329a6b04f4b4ad3769ed,1.0,8,193280,71841,112
C_s50,ruler4k/ruler_4096_niah_multivalue_p0323,niah_multivalue,42,6cfcc849348a08389dfd9360dc35be5045e03b2545c0238142e0d33500b579b2,1.0,5,120800,49011,67
C_s50,ruler4k/ruler_4096_niah_multivalue_p0301,niah_multivalue,42,acf8258c21c0101725c9812e9febb8400cb26d111c5ff99a5e9f9c5ce5c9cf1a,1.0,3,72480,29139,67
C_s50,ruler4k/ruler_4096_niah_multivalue_p0341,niah_multivalue,42,28db1d98fca3a475372b00bf02bcfe115a530b792736a1c023bb7c2c3b5deccd,1.0,4,103040,45320,67
C_s50,ruler4k/ruler_4096_niah_multivalue_p0338,niah_multivalue,42,491956a4b5522d0af0ef17f13a2168ed7f82fd3c6976f2f140ee4a55d5754914,1.0,8,193280,61100,122
C_s50,ruler4k/ruler_4096_niah_multivalue_p0306,niah_multivalue,42,1a44769372eb079188f4a23cd39ba56394aae391ba10dbedf1a7fc3fb6a65f87,1.0,9,217440,98243,67
C_s50,ruler4k/ruler_4096_niah_multivalue_p0329,niah_multivalue,42,9ea03ab697be6f960e62e3e35e2cfb311adf0b86781e4a24646b27e846be74c0,1.0,3,72480,32246,68
C_s50,ruler4k/ruler_4096_niah_multivalue_p0336,niah_multivalue,42,67218f00ea86276217c8f8e5a4fa2739ad7a72e31068c476b6b809646343437c,1.0,3,72480,31154,71
C_s50,ruler4k/ruler_4096_niah_multivalue_p0305,niah_multivalue,42,0f59017fbd483ac5be5cd70d397811e097d529c2776fc6a0fdce9bbcde2dc055,0.75,10,257600,75254,128
C_s50,ruler4k/ruler_4096_niah_multivalue_p0334,niah_multivalue,42,8408b2cc181539d721124293f71f4afe4e80fecf3be6b08f136589ab1aedbfb1,1.0,4,96640,38610,67
C_s50,ruler4k/ruler_4096_niah_multiquery_p0250,niah_multiquery,42,d7ebeb31c67ef3aaff04b0a01f7a281e4a285a887e4088bdf1590297df0c5496,1.0,3,72480,32579,86
C_s50,ruler4k/ruler_4096_niah_multiquery_p0281,niah_multiquery,42,25f97397c1f56fcb22753a040a6b77236c8ffabd415fc7dc413de0043d0ad5b0,1.0,6,144960,63683,91
C_s50,ruler4k/ruler_4096_niah_multiquery_p0293,niah_multiquery,42,42cee0d9bcf07b284dea36a84610ce8eacd037e5da27b880199575aa15909544,1.0,5,120800,49893,92
C_s50,ruler4k/ruler_4096_niah_multiquery_p0268,niah_multiquery,42,12e8eabb09dfb861ca9ef3383dc04a81adaf4050c502abdebbfb61c58afacc90,1.0,5,128800,53273,88
C_s50,ruler4k/ruler_4096_niah_multiquery_p0273,niah_multiquery,42,561df18acab190c49616d28217638902060fe1a4b0f3aba3eaa0a587cf015a0a,1.0,4,103040,44381,88
C_s50,ruler4k/ruler_4096_niah_multiquery_p0252,niah_multiquery,42,e9e6216e984840a8ae40adb72219eac5190bfbbe72b8156a8933b52e10836e9b,1.0,4,96640,39370,88
C_s50,ruler4k/ruler_4096_niah_multiquery_p0266,niah_multiquery,42,74cbb1f7d07b7a148b8d78375d5d0cf013f8eb9e8b005f5af635cac28eb9b6b2,1.0,4,103040,47262,83
C_s50,ruler4k/ruler_4096_niah_multiquery_p0298,niah_multiquery,42,73b299958b02347e43ae5a010343d9f79a81286767fa4328bd5248826e121beb,1.0,3,77280,33592,84
C_s50,ruler4k/ruler_4096_niah_multiquery_p0264,niah_multiquery,42,d7c9f1221cd0d46c9c81dd74ef9bacbcb746734aa4e5e4e50c9ba36e70147889,1.0,4,96640,42898,87
C_s50,ruler4k/ruler_4096_niah_multiquery_p0285,niah_multiquery,42,128d8f2fd3612e9f5ad3ff88451b44c429d77965a5c067f7608185298be544f7,1.0,4,96640,39353,90
C_s50,ruler4k/ruler_4096_vt_p0601,vt,42,1ede7e3b3443c1da90f87dcbae808b715151e2640fae7040cd470a50adff47bf,0.0,4,104320,54738,30
C_s50,ruler4k/ruler_4096_vt_p0617,vt,42,87aea4b59ba3a6ec618d590d946c59a031df61f8d44e5f0be8e9525a6eccd336,0.0,5,130400,69930,30
C_s50,ruler4k/ruler_4096_vt_p0632,vt,42,5cb68cb1202f34f42296c6881510b2aca700e68c15043de09495cce28cac949c,0.0,5,130400,70465,30
C_s50,ruler4k/ruler_4096_vt_p0618,vt,42,6c29d37fdba15c5fd2ad421103ecb98036162ec4b7435c06f3d3027f320c762d,0.0,5,130400,70612,30
C_s50,ruler4k/ruler_4096_vt_p0603,vt,42,fe93b7aa159b81138de74e2be58b545f9b3f38aaf1119b6574944b4bb23c5fb1,0.0,6,156480,81239,30
C_s50,ruler4k/ruler_4096_vt_p0624,vt,42,1e3f850af723b632f4d1eaab713c671a0ecfbc55d1284baae00b92865c0165da,0.0,4,104320,58877,30
C_s50,ruler4k/ruler_4096_vt_p0607,vt,42,56b8fcd4e95162f8bcd8d7d3c9673315733632a084c7f0ff65cfe0a306019fb6,0.0,4,103680,54364,30
C_s50,ruler4k/ruler_4096_vt_p0611,vt,42,6c6d7581df6c35f0e144bdbd5a81728a2a46452052bff2c0aa1414823c79ba21,0.0,4,101760,46804,30
C_s50,ruler4k/ruler_4096_vt_p0623,vt,42,de3faf03d119ec292d87b818ebc27c76702806d4eacb19670dccc814d97242e6,0.0,4,104320,55535,30
C_s50,ruler4k/ruler_4096_vt_p0620,vt,42,63626bade152cd74b6120a42fcc713e53c86518e77cf94b8bb05c941bd6eee4a,0.0,4,104320,54558,30
C_s50,ruler4k/ruler_4096_cwe_p0045,cwe,42,bfcf4b52a0dd6646e7f1977825aed749da0db1624455550c7e4b0005d36bf4f6,1.0,7,176960,72252,63
C_s50,ruler4k/ruler_4096_cwe_p0014,cwe,42,6358699f441f11c7ee51c51d58e4013c22272ccbcc9d74cf9c224792227c9218,1.0,13,330720,138115,64
C_s50,ruler4k/ruler_4096_cwe_p0044,cwe,42,40da7d9a8dabc14ede9b3edd40572017ad91c060752fefb22d098b9e46a70569,1.0,12,309120,129988,68
C_s50,ruler4k/ruler_4096_cwe_p0005,cwe,42,a1ac0ee9b8d3d6fbfea8164480699498158e4f732b8f73fefd51e45c2af7798a,1.0,18,455040,176438,104
C_s50,ruler4k/ruler_4096_cwe_p0046,cwe,42,327255761be34b73002c16b49d33666ee697c40b80eb823e1ec9ee8d9d688038,1.0,10,257600,114233,63
C_s50,ruler4k/ruler_4096_cwe_p0036,cwe,42,a37348e65d33b1a14bb87bbd15896f1be9a2d8a20397882f28e64026f4767bb2,1.0,12,309120,131921,62
C_s50,ruler4k/ruler_4096_cwe_p0038,cwe,42,3d23bf868a9c20165654f8a7cc1d021bec3d59e4480962a475a1787eeeef120f,1.0,8,204800,88161,61
C_s50,ruler4k/ruler_4096_cwe_p0034,cwe,42,a2b5f9d437342694356a5bed5caa56516720c3c24209f10861dc66889f2cc4e5,1.0,10,257600,104446,62
C_s50,ruler4k/ruler_4096_cwe_p0004,cwe,42,12780ec9ff7d288d30ed09b658dd44e997d76aa4e696983f3e4779e953fe8f04,1.0,11,281600,123861,62
C_s50,ruler4k/ruler_4096_cwe_p0008,cwe,42,b81f61ad0d24a56feae85508d58c480040d0091f28c2682d5792bc97797325bd,1.0,9,231840,99567,62
C_s50,ruler4k/ruler_4096_fwe_p0087,fwe,42,16fa298c7245985713964f55babd9941866cd9f502561a080f2e1da4e46a255f,0.6667000000000001,8,203520,108661,16
C_s50,ruler4k/ruler_4096_fwe_p0096,fwe,42,57da086ecbea39898f7725d2a5594d0891924b1192f7cc832a39d3305048cdd9,1.0,3,76320,38664,24
C_s50,ruler4k/ruler_4096_fwe_p0067,fwe,42,6a00968813b930890b9d8a8236d421df73bb5653893e13b5579b1396a9f7e2b8,1.0,6,153600,80699,22
C_s50,ruler4k/ruler_4096_fwe_p0062,fwe,42,b9486e82e0a9970ff4f752085832989c02d3e0186e95a2b748bd9629e256facb,1.0,4,104320,54622,24
C_s50,ruler4k/ruler_4096_fwe_p0088,fwe,42,8d120b2a4312ea91cd33c537f1cd10e6060c0a7e261052b2db531798e5e07bad,1.0,3,76320,40370,23
C_s50,ruler4k/ruler_4096_fwe_p0052,fwe,42,5a6004725b0a53d258f50ef247b40ea89414457abad6c43ecc9bb49f74e1169c,1.0,4,101760,53536,24
C_s50,ruler4k/ruler_4096_fwe_p0085,fwe,42,ce7fba76f73da72a29cb1a9eb674685845459dadf47bb1218e612954babad932,1.0,3,76800,39661,22
C_s50,ruler4k/ruler_4096_fwe_p0071,fwe,42,d843973080e5f93e1b39ce8cce5341d583b62b232342095ce6bf506321e01a94,1.0,3,77280,39407,23
C_s50,ruler4k/ruler_4096_fwe_p0075,fwe,42,74dab99d0aab3c14e77ba11a0d77b82c8d75abe3d622688ef64ebbc34be1644e,1.0,3,75840,39892,21
C_s50,ruler4k/ruler_4096_fwe_p0086,fwe,42,69670b27321fec6e735e4361d7b73c0920496cf79e1f424cff8d5a51ba3694fe,1.0,4,100480,55395,20
C_s50,ruler4k/ruler_4096_qa_1_p0505,qa_1,42,dfc616957fca79c516c29b6044a180b83f077b296a3202eedafb4e31029e4a76,0.0,2,51200,25924,10
C_s50,ruler4k/ruler_4096_qa_1_p0517,qa_1,42,a007c13dd1a196fb2ee764d65413cccb1d07b5cc996a33955f72923a68b3ee23,1.0,4,99200,45916,21
C_s50,ruler4k/ruler_4096_qa_1_p0501,qa_1,42,852969255c427f2ca395afdce4e633ba40eb8fb5921817992fc643ba1ab16b6d,1.0,5,123200,56866,24
C_s50,ruler4k/ruler_4096_qa_1_p0530,qa_1,42,a162c6477c6e6478fb97d42ec11716df2abc134feac1b5ec765622b9a358d3a2,1.0,3,75360,36583,8
C_s50,ruler4k/ruler_4096_qa_1_p0509,qa_1,42,255353b20d8ffd2d962d5830853b81014b8e4e2ad113cbe116fe1b2754189273,1.0,2,50240,25619,8
C_s50,ruler4k/ruler_4096_qa_1_p0549,qa_1,42,7d23ac5addd3206ea31de7705e76364b7d656d00cfd14354fa752b9e29579ae1,1.0,2,49600,24088,9
C_s50,ruler4k/ruler_4096_qa_1_p0514,qa_1,42,fcc5d586ab237ca84d597be8cd62496aeaa4374406bcbf84b9300656fe7288ad,1.0,5,126400,59610,15
C_s50,ruler4k/ruler_4096_qa_1_p0540,qa_1,42,333bb0dd8a9972c275fa9648978027c2a9fce7c10bb749106c0ccf25c0bb3612,1.0,2,44480,19491,10
C_s50,ruler4k/ruler_4096_qa_1_p0547,qa_1,42,811492b67af1ca7b375cc9017391a98155b214f7e2bb59abef0a79f75c6d70bf,1.0,2,51840,26163,6
C_s50,ruler4k/ruler_4096_qa_1_p0512,qa_1,42,660de8b61e41aa812403f334efcf909030631eb1e715a2764de1013981474ad5,1.0,4,99200,47902,9
C_s50,ruler4k/ruler_4096_qa_2_p0579,qa_2,42,515a1c9665425cbaaa1ae73b35d7616c50164b5880b10ba16d2d3cb581db8077,1.0,2,48640,24515,9
C_s50,ruler4k/ruler_4096_qa_2_p0588,qa_2,42,82a062b715ce57274a81267e8873b62e736b3d10889f90bdf3a43a3808af23aa,1.0,3,73920,40903,6
C_s50,ruler4k/ruler_4096_qa_2_p0551,qa_2,42,0c9d305f8640e44a8eee5fc63f283e409133ef5725d62b81317698828faecec2,1.0,5,116000,53397,22
C_s50,ruler4k/ruler_4096_qa_2_p0578,qa_2,42,cb4967b2c0e4b0770e147781ec0b71d6ef2bfbb2f4a21ae376e3f79d9db6d885,1.0,3,71520,35146,9
C_s50,ruler4k/ruler_4096_qa_2_p0583,qa_2,42,1ad492cdc5f1ff709e7d4c315cf766a566cf50f947e2a5aaa951bda8035ea058,1.0,4,101760,55170,6
C_s50,ruler4k/ruler_4096_qa_2_p0599,qa_2,42,5dfd7c7563dfc5e3f32396a60b8c9d9dbf1346a7780553e50810c9485a6a0adb,0.0,5,105600,46068,32
C_s50,ruler4k/ruler_4096_qa_2_p0589,qa_2,42,827954e15839b8ac59fb7e394b606d5eee0fd6f268f8832105e952034e485b7e,1.0,4,99200,51959,8
C_s50,ruler4k/ruler_4096_qa_2_p0559,qa_2,42,d55a6754a18b806b7b459ba27c9c9aaa785002acfcae3c2dde82d74ba0ac677a,1.0,4,98560,54674,6
C_s50,ruler4k/ruler_4096_qa_2_p0577,qa_2,42,60904ecb62467215293c6410d8edf1c80f081dd77dd637ece0c13ab0080c001e,1.0,2,48000,24422,6
C_s50,ruler4k/ruler_4096_qa_2_p0574,qa_2,42,a12ffe9225044b65b59b8c16d21eba0198d2f8d87f7e24e0ec2bc3b146b9d9c4,1.0,3,69600,34287,13
T_s50,ruler4k/ruler_4096_niah_single_1_p0391,niah_single_1,42,84b2a69d0f8ac3fdac3e2ec089bff85b2f7594e7a19aa175c45a04fa35d75559,1.0,3,77280,48599,27
T_s50,ruler4k/ruler_4096_niah_single_1_p0365,niah_single_1,42,362202745bfe5344c23483c584679b8839fa7f402a2275b041ef2e2eb0391df7,1.0,3,77280,46910,24
T_s50,ruler4k/ruler_4096_niah_single_1_p0359,niah_single_1,42,22c4aa54f702816bb0df17c72a45850f72c43521617c0530b766b288d42f243c,1.0,4,103040,65598,24
T_s50,ruler4k/ruler_4096_niah_single_1_p0356,niah_single_1,42,e16efe4e6f2434fe8070e5bd2ff9472be7f1f120929e46ab729ef1df42a999d4,1.0,4,103040,62382,28
T_s50,ruler4k/ruler_4096_niah_single_1_p0393,niah_single_1,42,2468ef9fd703f76cd57ba84a60c67a685a020d08698b2530f7d9e692ba5f44f0,1.0,3,77280,46848,27
T_s50,ruler4k/ruler_4096_niah_single_1_p0398,niah_single_1,42,97ce39fbf2025ceccac24ea9ecf655eb0604555785dbf104316e69637543ae8a,1.0,5,128800,75073,27
T_s50,ruler4k/ruler_4096_niah_single_1_p0373,niah_single_1,42,4c47f2828d442b0e5c0132156bd91b3ccbac339bb35f6c08447aa4cb23995306,1.0,4,103040,62195,28
T_s50,ruler4k/ruler_4096_niah_single_1_p0377,niah_single_1,42,b4b8b756d972020e9195f5487cd62eeb6355deef26eb2e8911eb7b203abb471d,1.0,3,77280,46529,28
T_s50,ruler4k/ruler_4096_niah_single_1_p0386,niah_single_1,42,c191837a0906eef75a272f52e39b79b35e2026870a511f6c47a1b8fd0104e6ca,1.0,3,77280,45518,29
T_s50,ruler4k/ruler_4096_niah_single_1_p0351,niah_single_1,42,4c5f87a7a4649fc38d57467051741d7abc30a788413f42f212337c9144556fb0,1.0,5,128800,76875,29
T_s50,ruler4k/ruler_4096_niah_single_2_p0418,niah_single_2,42,0c0970c55b901cac5e827bbc91c518ef9b6dd44decf09886a0e87b506488da09,1.0,5,120800,59996,29
T_s50,ruler4k/ruler_4096_niah_single_2_p0417,niah_single_2,42,9c24e81e63ccf9b37fd55a283a9de43b4cf8bdb8eca9700fd8780a44838a5b8a,1.0,4,103040,52221,27
T_s50,ruler4k/ruler_4096_niah_single_2_p0405,niah_single_2,42,12e3b643f0882dc1dd9c6bbbade302379bb4a2ca908d8d752366227d34af9c43,1.0,5,120800,62146,25
T_s50,ruler4k/ruler_4096_niah_single_2_p0433,niah_single_2,42,e68d45a10f3b6a2f2b432fee6387943942b3fc79e87860c551174e708fd6f712,1.0,3,77280,42671,27
T_s50,ruler4k/ruler_4096_niah_single_2_p0426,niah_single_2,42,e19912aa9fc527c02b94c5a6f9bd25b4a3b8860c0cf543acb7b2a6752625b655,1.0,4,103040,52351,27
T_s50,ruler4k/ruler_4096_niah_single_2_p0400,niah_single_2,42,23a78905359fae6c5b256969d7d7956bcac6bfedc6d6ba72c84e35f9e3c2b9d7,1.0,3,72480,37418,25
T_s50,ruler4k/ruler_4096_niah_single_2_p0429,niah_single_2,42,e6ae2e08b0022a1ab48df4a5249081768fbb7e281ae068e82284f6fdf1918129,1.0,3,72480,34454,27
T_s50,ruler4k/ruler_4096_niah_single_2_p0421,niah_single_2,42,35c2242668136cab280c6ec7c44248b6367ca3811041a841fc98747095cb0852,1.0,3,77280,39788,27
T_s50,ruler4k/ruler_4096_niah_single_2_p0428,niah_single_2,42,54ec3d0c7373a71a8c2ea1b0ed51bd6800842bd574fa81ac644aede61ff7173b,1.0,3,72480,38578,27
T_s50,ruler4k/ruler_4096_niah_single_2_p0437,niah_single_2,42,6064a204397272c101337e8220e155be0f35a2273bae28924392d42a2944d742,1.0,4,103040,52266,27
T_s50,ruler4k/ruler_4096_niah_single_3_p0468,niah_single_3,42,c3af63f11f27389ecd37df152d67c64d30cd233b8f5c795f95992f10b44cef78,1.0,5,120800,54838,54
T_s50,ruler4k/ruler_4096_niah_single_3_p0488,niah_single_3,42,56211e5bbb129174027e38ed20ea8a6fc6e73bea003e9590298b4044bfc46cae,1.0,5,128800,67919,55
T_s50,ruler4k/ruler_4096_niah_single_3_p0475,niah_single_3,42,7e9be5b0cbcf1dcbc00b2d27562173289648f82c0d9afa6be2663e5c09047119,1.0,5,128800,70322,50
T_s50,ruler4k/ruler_4096_niah_single_3_p0480,niah_single_3,42,8497f42fbfcb5ecb8b8a1bbac254b56627c0acd6a69feee34c318dcfd422f2b9,1.0,5,128800,63481,50
T_s50,ruler4k/ruler_4096_niah_single_3_p0451,niah_single_3,42,744f1a24096d7c51556722f87836779c8e1e172f920002ee79d5ba00fd2693be,1.0,4,103040,51047,55
T_s50,ruler4k/ruler_4096_niah_single_3_p0493,niah_single_3,42,206b9337b07a90a72a6663a468f70081366e428ce603582cde0b5f8e6074b221,1.0,4,96640,49421,54
T_s50,ruler4k/ruler_4096_niah_single_3_p0495,niah_single_3,42,65b164e9cb3f7277ed3185e5fadd121041b09ee6ccf2a688351bde02a9bd5299,1.0,4,103040,49622,53
T_s50,ruler4k/ruler_4096_niah_single_3_p0477,niah_single_3,42,ec8175b5f240daa35661b164849eb91484c7c48b1500f8b887fe7355e3dd8f9f,1.0,4,96640,48528,47
T_s50,ruler4k/ruler_4096_niah_single_3_p0491,niah_single_3,42,afbd45c86baed29f525f8652ca4a7afef5e5d0fcea1c22e486b3ab190c141d36,1.0,3,72480,36340,52
T_s50,ruler4k/ruler_4096_niah_single_3_p0464,niah_single_3,42,0def02e1833e5105697c667982c3db6b74fc599b3a23c1a1632eaed4930b203f,1.0,5,128800,69639,55
T_s50,ruler4k/ruler_4096_niah_multikey_1_p0143,niah_multikey_1,42,a4136de5f5df6c5da1bb8626f811a0e2c6c451efcb0a58778889c84d78779bb1,1.0,3,72480,35573,29
T_s50,ruler4k/ruler_4096_niah_multikey_1_p0130,niah_multikey_1,42,81ad2a12d9f42eb8553575cad78177b9d8e054a36587177d53e9bb832992d744,1.0,4,96640,51839,23
T_s50,ruler4k/ruler_4096_niah_multikey_1_p0104,niah_multikey_1,42,5949da444aa40e059027de62e9846fe4bf01d0b982dc634c685e4523057dec47,1.0,3,72480,38139,27
T_s50,ruler4k/ruler_4096_niah_multikey_1_p0140,niah_multikey_1,42,0dac50fb3c9a7cf274d390fc33deaaef863304b2b8cc58c26426b01b34360acd,1.0,6,144960,75423,25
T_s50,ruler4k/ruler_4096_niah_multikey_1_p0109,niah_multikey_1,42,eb29119b567c1acfc3fddd7dc23d99e3d07a451df1e9340863c41ab76fec8279,1.0,4,96640,47402,29
T_s50,ruler4k/ruler_4096_niah_multikey_1_p0112,niah_multikey_1,42,64a2a5358813d7cc70dee30933034b553e8ff4289fc2abfa2c0cac0577bd9869,1.0,5,120800,62548,28
T_s50,ruler4k/ruler_4096_niah_multikey_1_p0110,niah_multikey_1,42,0e985d0395cfd78473b765322e48855d9338f4292cc653dc4921ddd64e7aa6aa,1.0,3,72480,33560,28
T_s50,ruler4k/ruler_4096_niah_multikey_1_p0115,niah_multikey_1,42,eb7e20f6e8cd8787f1bdc6806bf396684517cb30e9a27351d0804cd4226948a7,1.0,3,72480,34860,28
T_s50,ruler4k/ruler_4096_niah_multikey_1_p0124,niah_multikey_1,42,813f07f91b5e61c369a986a6e0af49e8d31e8f836d6b80546513c9d17c4a822d,1.0,3,72480,36734,27
T_s50,ruler4k/ruler_4096_niah_multikey_1_p0138,niah_multikey_1,42,7458699c703be6ff351e77d62d5262b50c1c149ddc8ff259fe40054e25393e9d,1.0,4,96640,47982,25
T_s50,ruler4k/ruler_4096_niah_multikey_2_p0155,niah_multikey_2,42,89c401d63e557be37a2c9112dd8f8a9a5b86a1a4ddfef2bb152e3d3624581de6,1.0,4,103040,58695,24
T_s50,ruler4k/ruler_4096_niah_multikey_2_p0187,niah_multikey_2,42,b2b7c440a1d1925f2db27831d670136208061acf4309c804e48710e2e2b096ba,1.0,3,77280,44382,23
T_s50,ruler4k/ruler_4096_niah_multikey_2_p0199,niah_multikey_2,42,113cceb69e7cad1008b8faca879924601c4493030f01c185a0c143d1e35b5dec,1.0,4,97280,54070,24
T_s50,ruler4k/ruler_4096_niah_multikey_2_p0172,niah_multikey_2,42,299c5ce6f3b0ebeed623c66095efe93c8d28ff455696651e7a173c70f736ed2b,1.0,3,77280,45043,23
T_s50,ruler4k/ruler_4096_niah_multikey_2_p0160,niah_multikey_2,42,3652c8d513a6b1df9c2e8e3b8ed23eb74cdf168726c457745e5244234b8ac1da,1.0,3,77280,45886,26
T_s50,ruler4k/ruler_4096_niah_multikey_2_p0192,niah_multikey_2,42,263394c74e36959c503d578504af247e8f4cf5cb7580ad67bfb1f10c4be191d4,1.0,4,103040,59542,24
T_s50,ruler4k/ruler_4096_niah_multikey_2_p0191,niah_multikey_2,42,f412410977db6e493a67db293bc7d42ac0dd4318b396cfb4c964979dd3893c60,1.0,4,103040,61256,24
T_s50,ruler4k/ruler_4096_niah_multikey_2_p0186,niah_multikey_2,42,9a6750843eef9b6a259296690d489f907f8cadc16f29aedbb8d0492512c00168,1.0,5,128800,74804,24
T_s50,ruler4k/ruler_4096_niah_multikey_2_p0188,niah_multikey_2,42,79511fa19beeb3d6933bfe7327175585524e911f7a0f81655720b2aca3a0ba0c,1.0,3,77280,45173,24
T_s50,ruler4k/ruler_4096_niah_multikey_2_p0195,niah_multikey_2,42,f723391fa64b17bbbd3fe15c5144633074bdb872e8e5510aa6f7047e55cb924d,1.0,4,103040,60746,24
T_s50,ruler4k/ruler_4096_niah_multikey_3_p0221,niah_multikey_3,42,f8dd0f93eb33e91a61cf7fab499ffd7585047ae2afcf9f0d1a3160fd4341ed35,1.0,4,102400,58750,78
T_s50,ruler4k/ruler_4096_niah_multikey_3_p0247,niah_multikey_3,42,ae30df60444546e8777ee802f719cfae5dfe7ceae7b8f13f46e9b409ea28a312,1.0,3,76800,41416,78
T_s50,ruler4k/ruler_4096_niah_multikey_3_p0222,niah_multikey_3,42,eafa5bd73b366cbcac052d45d993a4d8f72a6c7cc5293a69af6f1fc6b7e44b91,1.0,4,102400,52138,77
T_s50,ruler4k/ruler_4096_niah_multikey_3_p0203,niah_multikey_3,42,42be70ae1b5d7d8f2d25f41c1ea6c5bef44467fb3821001bd8239e7cbf7d5825,1.0,3,76800,41622,78
T_s50,ruler4k/ruler_4096_niah_multikey_3_p0249,niah_multikey_3,42,4fffd45bb8c613b3c496fa0e52293424834107c78eb86377039d4bc2eafbc7c9,1.0,5,128000,72075,83
T_s50,ruler4k/ruler_4096_niah_multikey_3_p0201,niah_multikey_3,42,16107492e0e1f5f3e241995fd2634504edd00904c0e19d725ab3ae560a6060fb,1.0,4,102400,55784,76
T_s50,ruler4k/ruler_4096_niah_multikey_3_p0242,niah_multikey_3,42,f4329a354710003262cadef688f726df03362adeb32aba2eb7809f02e2dabbc4,1.0,4,102400,53964,75
T_s50,ruler4k/ruler_4096_niah_multikey_3_p0217,niah_multikey_3,42,bca3327d5aa55bfa3ccd0ea2c83739a1ada8873e873741e3e1c46d10abffdb66,1.0,5,128000,69657,75
T_s50,ruler4k/ruler_4096_niah_multikey_3_p0218,niah_multikey_3,42,5ee3579138079a2a3bf406113e49449c5c5486254c73d9d817ae3a58005386ba,1.0,4,102400,52435,81
T_s50,ruler4k/ruler_4096_niah_multikey_3_p0229,niah_multikey_3,42,80d5e6407cd842e86d45150d8235f8b98caef2804f44689d318f633c844232fe,1.0,5,128000,68932,79
T_s50,ruler4k/ruler_4096_niah_multivalue_p0333,niah_multivalue,42,cfb1f9c8c983a092c4fca7359d982b505400235942aa329a6b04f4b4ad3769ed,1.0,5,120800,45355,112
T_s50,ruler4k/ruler_4096_niah_multivalue_p0323,niah_multivalue,42,6cfcc849348a08389dfd9360dc35be5045e03b2545c0238142e0d33500b579b2,1.0,6,144960,63476,67
T_s50,ruler4k/ruler_4096_niah_multivalue_p0301,niah_multivalue,42,acf8258c21c0101725c9812e9febb8400cb26d111c5ff99a5e9f9c5ce5c9cf1a,1.0,6,144960,66472,67
T_s50,ruler4k/ruler_4096_niah_multivalue_p0341,niah_multivalue,42,28db1d98fca3a475372b00bf02bcfe115a530b792736a1c023bb7c2c3b5deccd,1.0,4,103040,46706,67
T_s50,ruler4k/ruler_4096_niah_multivalue_p0338,niah_multivalue,42,491956a4b5522d0af0ef17f13a2168ed7f82fd3c6976f2f140ee4a55d5754914,1.0,8,193280,64520,123
T_s50,ruler4k/ruler_4096_niah_multivalue_p0306,niah_multivalue,42,1a44769372eb079188f4a23cd39ba56394aae391ba10dbedf1a7fc3fb6a65f87,1.0,7,169120,78337,67
T_s50,ruler4k/ruler_4096_niah_multivalue_p0329,niah_multivalue,42,9ea03ab697be6f960e62e3e35e2cfb311adf0b86781e4a24646b27e846be74c0,1.0,3,72480,34104,68
T_s50,ruler4k/ruler_4096_niah_multivalue_p0336,niah_multivalue,42,67218f00ea86276217c8f8e5a4fa2739ad7a72e31068c476b6b809646343437c,1.0,5,120800,57172,71
T_s50,ruler4k/ruler_4096_niah_multivalue_p0305,niah_multivalue,42,0f59017fbd483ac5be5cd70d397811e097d529c2776fc6a0fdce9bbcde2dc055,1.0,11,283360,91986,128
T_s50,ruler4k/ruler_4096_niah_multivalue_p0334,niah_multivalue,42,8408b2cc181539d721124293f71f4afe4e80fecf3be6b08f136589ab1aedbfb1,1.0,4,96640,39570,67
T_s50,ruler4k/ruler_4096_niah_multiquery_p0250,niah_multiquery,42,d7ebeb31c67ef3aaff04b0a01f7a281e4a285a887e4088bdf1590297df0c5496,1.0,3,72480,33788,86
T_s50,ruler4k/ruler_4096_niah_multiquery_p0281,niah_multiquery,42,25f97397c1f56fcb22753a040a6b77236c8ffabd415fc7dc413de0043d0ad5b0,1.0,5,120800,52102,90
T_s50,ruler4k/ruler_4096_niah_multiquery_p0293,niah_multiquery,42,42cee0d9bcf07b284dea36a84610ce8eacd037e5da27b880199575aa15909544,1.0,4,96640,42261,89
T_s50,ruler4k/ruler_4096_niah_multiquery_p0268,niah_multiquery,42,12e8eabb09dfb861ca9ef3383dc04a81adaf4050c502abdebbfb61c58afacc90,1.0,5,128800,53024,88
T_s50,ruler4k/ruler_4096_niah_multiquery_p0273,niah_multiquery,42,561df18acab190c49616d28217638902060fe1a4b0f3aba3eaa0a587cf015a0a,1.0,4,103040,45859,88
T_s50,ruler4k/ruler_4096_niah_multiquery_p0252,niah_multiquery,42,e9e6216e984840a8ae40adb72219eac5190bfbbe72b8156a8933b52e10836e9b,1.0,4,96640,40938,88
T_s50,ruler4k/ruler_4096_niah_multiquery_p0266,niah_multiquery,42,74cbb1f7d07b7a148b8d78375d5d0cf013f8eb9e8b005f5af635cac28eb9b6b2,1.0,4,103040,48851,83
T_s50,ruler4k/ruler_4096_niah_multiquery_p0298,niah_multiquery,42,73b299958b02347e43ae5a010343d9f79a81286767fa4328bd5248826e121beb,1.0,4,103040,46516,84
T_s50,ruler4k/ruler_4096_niah_multiquery_p0264,niah_multiquery,42,d7c9f1221cd0d46c9c81dd74ef9bacbcb746734aa4e5e4e50c9ba36e70147889,1.0,3,72480,33184,87
T_s50,ruler4k/ruler_4096_niah_multiquery_p0285,niah_multiquery,42,128d8f2fd3612e9f5ad3ff88451b44c429d77965a5c067f7608185298be544f7,1.0,5,120800,52704,91
T_s50,ruler4k/ruler_4096_vt_p0601,vt,42,1ede7e3b3443c1da90f87dcbae808b715151e2640fae7040cd470a50adff47bf,0.0,4,104320,56442,30
T_s50,ruler4k/ruler_4096_vt_p0617,vt,42,87aea4b59ba3a6ec618d590d946c59a031df61f8d44e5f0be8e9525a6eccd336,0.0,5,130400,71423,30
T_s50,ruler4k/ruler_4096_vt_p0632,vt,42,5cb68cb1202f34f42296c6881510b2aca700e68c15043de09495cce28cac949c,0.0,3,78240,42043,30
T_s50,ruler4k/ruler_4096_vt_p0618,vt,42,6c29d37fdba15c5fd2ad421103ecb98036162ec4b7435c06f3d3027f320c762d,0.0,5,130400,72452,30
T_s50,ruler4k/ruler_4096_vt_p0603,vt,42,fe93b7aa159b81138de74e2be58b545f9b3f38aaf1119b6574944b4bb23c5fb1,0.0,5,130400,69116,30
T_s50,ruler4k/ruler_4096_vt_p0624,vt,42,1e3f850af723b632f4d1eaab713c671a0ecfbc55d1284baae00b92865c0165da,0.0,4,104320,59535,30
T_s50,ruler4k/ruler_4096_vt_p0607,vt,42,56b8fcd4e95162f8bcd8d7d3c9673315733632a084c7f0ff65cfe0a306019fb6,0.0,4,103680,56107,30
T_s50,ruler4k/ruler_4096_vt_p0611,vt,42,6c6d7581df6c35f0e144bdbd5a81728a2a46452052bff2c0aa1414823c79ba21,0.0,4,101760,50398,30
T_s50,ruler4k/ruler_4096_vt_p0623,vt,42,de3faf03d119ec292d87b818ebc27c76702806d4eacb19670dccc814d97242e6,0.0,4,104320,56412,30
T_s50,ruler4k/ruler_4096_vt_p0620,vt,42,63626bade152cd74b6120a42fcc713e53c86518e77cf94b8bb05c941bd6eee4a,0.0,4,104320,56415,30
T_s50,ruler4k/ruler_4096_cwe_p0045,cwe,42,bfcf4b52a0dd6646e7f1977825aed749da0db1624455550c7e4b0005d36bf4f6,1.0,7,176960,73905,63
T_s50,ruler4k/ruler_4096_cwe_p0014,cwe,42,6358699f441f11c7ee51c51d58e4013c22272ccbcc9d74cf9c224792227c9218,1.0,18,457920,207018,64
T_s50,ruler4k/ruler_4096_cwe_p0044,cwe,42,40da7d9a8dabc14ede9b3edd40572017ad91c060752fefb22d098b9e46a70569,1.0,11,283360,119889,68
T_s50,ruler4k/ruler_4096_cwe_p0005,cwe,42,a1ac0ee9b8d3d6fbfea8164480699498158e4f732b8f73fefd51e45c2af7798a,1.0,12,303360,119960,103
T_s50,ruler4k/ruler_4096_cwe_p0046,cwe,42,327255761be34b73002c16b49d33666ee697c40b80eb823e1ec9ee8d9d688038,1.0,8,206080,89194,63
T_s50,ruler4k/ruler_4096_cwe_p0036,cwe,42,a37348e65d33b1a14bb87bbd15896f1be9a2d8a20397882f28e64026f4767bb2,1.0,12,309120,133233,62
T_s50,ruler4k/ruler_4096_cwe_p0038,cwe,42,3d23bf868a9c20165654f8a7cc1d021bec3d59e4480962a475a1787eeeef120f,1.0,7,179200,77469,61
T_s50,ruler4k/ruler_4096_cwe_p0034,cwe,42,a2b5f9d437342694356a5bed5caa56516720c3c24209f10861dc66889f2cc4e5,1.0,10,257600,111594,62
T_s50,ruler4k/ruler_4096_cwe_p0004,cwe,42,12780ec9ff7d288d30ed09b658dd44e997d76aa4e696983f3e4779e953fe8f04,1.0,7,179200,78417,62
T_s50,ruler4k/ruler_4096_cwe_p0008,cwe,42,b81f61ad0d24a56feae85508d58c480040d0091f28c2682d5792bc97797325bd,1.0,9,231840,101418,62
T_s50,ruler4k/ruler_4096_fwe_p0087,fwe,42,16fa298c7245985713964f55babd9941866cd9f502561a080f2e1da4e46a255f,1.0,5,127200,65656,16
T_s50,ruler4k/ruler_4096_fwe_p0096,fwe,42,57da086ecbea39898f7725d2a5594d0891924b1192f7cc832a39d3305048cdd9,1.0,4,101760,53749,24
T_s50,ruler4k/ruler_4096_fwe_p0067,fwe,42,6a00968813b930890b9d8a8236d421df73bb5653893e13b5579b1396a9f7e2b8,1.0,4,102400,53019,22
T_s50,ruler4k/ruler_4096_fwe_p0062,fwe,42,b9486e82e0a9970ff4f752085832989c02d3e0186e95a2b748bd9629e256facb,1.0,5,130400,70617,24
T_s50,ruler4k/ruler_4096_fwe_p0088,fwe,42,8d120b2a4312ea91cd33c537f1cd10e6060c0a7e261052b2db531798e5e07bad,1.0,3,76320,40411,23
T_s50,ruler4k/ruler_4096_fwe_p0052,fwe,42,5a6004725b0a53d258f50ef247b40ea89414457abad6c43ecc9bb49f74e1169c,1.0,4,101760,53417,24
T_s50,ruler4k/ruler_4096_fwe_p0085,fwe,42,ce7fba76f73da72a29cb1a9eb674685845459dadf47bb1218e612954babad932,1.0,4,102400,53721,22
T_s50,ruler4k/ruler_4096_fwe_p0071,fwe,42,d843973080e5f93e1b39ce8cce5341d583b62b232342095ce6bf506321e01a94,1.0,3,77280,40045,23
T_s50,ruler4k/ruler_4096_fwe_p0075,fwe,42,74dab99d0aab3c14e77ba11a0d77b82c8d75abe3d622688ef64ebbc34be1644e,1.0,4,101120,53900,21
T_s50,ruler4k/ruler_4096_fwe_p0086,fwe,42,69670b27321fec6e735e4361d7b73c0920496cf79e1f424cff8d5a51ba3694fe,1.0,4,100480,54847,20
T_s50,ruler4k/ruler_4096_qa_1_p0505,qa_1,42,dfc616957fca79c516c29b6044a180b83f077b296a3202eedafb4e31029e4a76,0.0,2,51200,26035,10
T_s50,ruler4k/ruler_4096_qa_1_p0517,qa_1,42,a007c13dd1a196fb2ee764d65413cccb1d07b5cc996a33955f72923a68b3ee23,1.0,3,74400,35083,21
T_s50,ruler4k/ruler_4096_qa_1_p0501,qa_1,42,852969255c427f2ca395afdce4e633ba40eb8fb5921817992fc643ba1ab16b6d,1.0,5,123200,58099,24
T_s50,ruler4k/ruler_4096_qa_1_p0530,qa_1,42,a162c6477c6e6478fb97d42ec11716df2abc134feac1b5ec765622b9a358d3a2,1.0,3,75360,36986,8
T_s50,ruler4k/ruler_4096_qa_1_p0509,qa_1,42,255353b20d8ffd2d962d5830853b81014b8e4e2ad113cbe116fe1b2754189273,1.0,2,50240,25762,8
T_s50,ruler4k/ruler_4096_qa_1_p0549,qa_1,42,7d23ac5addd3206ea31de7705e76364b7d656d00cfd14354fa752b9e29579ae1,1.0,2,49600,24460,9
T_s50,ruler4k/ruler_4096_qa_1_p0514,qa_1,42,fcc5d586ab237ca84d597be8cd62496aeaa4374406bcbf84b9300656fe7288ad,1.0,3,75840,36452,18
T_s50,ruler4k/ruler_4096_qa_1_p0540,qa_1,42,333bb0dd8a9972c275fa9648978027c2a9fce7c10bb749106c0ccf25c0bb3612,1.0,2,44480,19607,10
T_s50,ruler4k/ruler_4096_qa_1_p0547,qa_1,42,811492b67af1ca7b375cc9017391a98155b214f7e2bb59abef0a79f75c6d70bf,1.0,2,51840,26354,6
T_s50,ruler4k/ruler_4096_qa_1_p0512,qa_1,42,660de8b61e41aa812403f334efcf909030631eb1e715a2764de1013981474ad5,1.0,3,74400,35645,9
T_s50,ruler4k/ruler_4096_qa_2_p0579,qa_2,42,515a1c9665425cbaaa1ae73b35d7616c50164b5880b10ba16d2d3cb581db8077,1.0,2,48640,24657,9
T_s50,ruler4k/ruler_4096_qa_2_p0588,qa_2,42,82a062b715ce57274a81267e8873b62e736b3d10889f90bdf3a43a3808af23aa,1.0,2,49280,26978,7
T_s50,ruler4k/ruler_4096_qa_2_p0551,qa_2,42,0c9d305f8640e44a8eee5fc63f283e409133ef5725d62b81317698828faecec2,1.0,5,116000,55762,21
T_s50,ruler4k/ruler_4096_qa_2_p0578,qa_2,42,cb4967b2c0e4b0770e147781ec0b71d6ef2bfbb2f4a21ae376e3f79d9db6d885,1.0,3,71520,35543,9
T_s50,ruler4k/ruler_4096_qa_2_p0583,qa_2,42,1ad492cdc5f1ff709e7d4c315cf766a566cf50f947e2a5aaa951bda8035ea058,1.0,3,76320,41759,6
T_s50,ruler4k/ruler_4096_qa_2_p0599,qa_2,42,5dfd7c7563dfc5e3f32396a60b8c9d9dbf1346a7780553e50810c9485a6a0adb,0.0,6,126720,55195,32
T_s50,ruler4k/ruler_4096_qa_2_p0589,qa_2,42,827954e15839b8ac59fb7e394b606d5eee0fd6f268f8832105e952034e485b7e,0.0,3,74400,38835,7
T_s50,ruler4k/ruler_4096_qa_2_p0559,qa_2,42,d55a6754a18b806b7b459ba27c9c9aaa785002acfcae3c2dde82d74ba0ac677a,1.0,4,98560,54390,6
T_s50,ruler4k/ruler_4096_qa_2_p0577,qa_2,42,60904ecb62467215293c6410d8edf1c80f081dd77dd637ece0c13ab0080c001e,1.0,2,48000,24422,6
T_s50,ruler4k/ruler_4096_qa_2_p0574,qa_2,42,a12ffe9225044b65b59b8c16d21eba0198d2f8d87f7e24e0ec2bc3b146b9d9c4,1.0,5,116000,58483,13
MT_s50,ruler4k/ruler_4096_niah_single_1_p0391,niah_single_1,42,84b2a69d0f8ac3fdac3e2ec089bff85b2f7594e7a19aa175c45a04fa35d75559,1.0,3,77280,49852,23
MT_s50,ruler4k/ruler_4096_niah_single_1_p0365,niah_single_1,42,362202745bfe5344c23483c584679b8839fa7f402a2275b041ef2e2eb0391df7,1.0,4,103040,63487,28
MT_s50,ruler4k/ruler_4096_niah_single_1_p0359,niah_single_1,42,22c4aa54f702816bb0df17c72a45850f72c43521617c0530b766b288d42f243c,1.0,2,51520,32819,24
MT_s50,ruler4k/ruler_4096_niah_single_1_p0356,niah_single_1,42,e16efe4e6f2434fe8070e5bd2ff9472be7f1f120929e46ab729ef1df42a999d4,1.0,3,77280,47461,28
MT_s50,ruler4k/ruler_4096_niah_single_1_p0393,niah_single_1,42,2468ef9fd703f76cd57ba84a60c67a685a020d08698b2530f7d9e692ba5f44f0,1.0,5,128800,79085,27
MT_s50,ruler4k/ruler_4096_niah_single_1_p0398,niah_single_1,42,97ce39fbf2025ceccac24ea9ecf655eb0604555785dbf104316e69637543ae8a,1.0,7,180320,107313,23
MT_s50,ruler4k/ruler_4096_niah_single_1_p0373,niah_single_1,42,4c47f2828d442b0e5c0132156bd91b3ccbac339bb35f6c08447aa4cb23995306,1.0,4,103040,64255,25
MT_s50,ruler4k/ruler_4096_niah_single_1_p0377,niah_single_1,42,b4b8b756d972020e9195f5487cd62eeb6355deef26eb2e8911eb7b203abb471d,1.0,3,77280,47533,28
MT_s50,ruler4k/ruler_4096_niah_single_1_p0386,niah_single_1,42,c191837a0906eef75a272f52e39b79b35e2026870a511f6c47a1b8fd0104e6ca,1.0,5,128800,77661,29
MT_s50,ruler4k/ruler_4096_niah_single_1_p0351,niah_single_1,42,4c5f87a7a4649fc38d57467051741d7abc30a788413f42f212337c9144556fb0,1.0,4,103040,62782,29
MT_s50,ruler4k/ruler_4096_niah_single_2_p0418,niah_single_2,42,0c0970c55b901cac5e827bbc91c518ef9b6dd44decf09886a0e87b506488da09,1.0,3,72480,36521,25
MT_s50,ruler4k/ruler_4096_niah_single_2_p0417,niah_single_2,42,9c24e81e63ccf9b37fd55a283a9de43b4cf8bdb8eca9700fd8780a44838a5b8a,1.0,4,103040,52530,27
MT_s50,ruler4k/ruler_4096_niah_single_2_p0405,niah_single_2,42,12e3b643f0882dc1dd9c6bbbade302379bb4a2ca908d8d752366227d34af9c43,1.0,5,120800,63162,29
MT_s50,ruler4k/ruler_4096_niah_single_2_p0433,niah_single_2,42,e68d45a10f3b6a2f2b432fee6387943942b3fc79e87860c551174e708fd6f712,1.0,5,128800,70872,27
MT_s50,ruler4k/ruler_4096_niah_single_2_p0426,niah_single_2,42,e19912aa9fc527c02b94c5a6f9bd25b4a3b8860c0cf543acb7b2a6752625b655,1.0,6,154560,79987,27
MT_s50,ruler4k/ruler_4096_niah_single_2_p0400,niah_single_2,42,23a78905359fae6c5b256969d7d7956bcac6bfedc6d6ba72c84e35f9e3c2b9d7,1.0,4,96640,50844,24
MT_s50,ruler4k/ruler_4096_niah_single_2_p0429,niah_single_2,42,e6ae2e08b0022a1ab48df4a5249081768fbb7e281ae068e82284f6fdf1918129,1.0,3,72480,36841,27
MT_s50,ruler4k/ruler_4096_niah_single_2_p0421,niah_single_2,42,35c2242668136cab280c6ec7c44248b6367ca3811041a841fc98747095cb0852,1.0,5,128800,66950,27
MT_s50,ruler4k/ruler_4096_niah_single_2_p0428,niah_single_2,42,54ec3d0c7373a71a8c2ea1b0ed51bd6800842bd574fa81ac644aede61ff7173b,1.0,3,72480,39127,27
MT_s50,ruler4k/ruler_4096_niah_single_2_p0437,niah_single_2,42,6064a204397272c101337e8220e155be0f35a2273bae28924392d42a2944d742,1.0,3,77280,39411,27
MT_s50,ruler4k/ruler_4096_niah_single_3_p0468,niah_single_3,42,c3af63f11f27389ecd37df152d67c64d30cd233b8f5c795f95992f10b44cef78,1.0,4,96640,45835,49
MT_s50,ruler4k/ruler_4096_niah_single_3_p0488,niah_single_3,42,56211e5bbb129174027e38ed20ea8a6fc6e73bea003e9590298b4044bfc46cae,1.0,5,128800,67933,55
MT_s50,ruler4k/ruler_4096_niah_single_3_p0475,niah_single_3,42,7e9be5b0cbcf1dcbc00b2d27562173289648f82c0d9afa6be2663e5c09047119,1.0,5,128800,70815,50
MT_s50,ruler4k/ruler_4096_niah_single_3_p0480,niah_single_3,42,8497f42fbfcb5ecb8b8a1bbac254b56627c0acd6a69feee34c318dcfd422f2b9,1.0,3,77280,39902,51
MT_s50,ruler4k/ruler_4096_niah_single_3_p0451,niah_single_3,42,744f1a24096d7c51556722f87836779c8e1e172f920002ee79d5ba00fd2693be,1.0,7,180320,91022,55
MT_s50,ruler4k/ruler_4096_niah_single_3_p0493,niah_single_3,42,206b9337b07a90a72a6663a468f70081366e428ce603582cde0b5f8e6074b221,1.0,5,120800,62073,49
MT_s50,ruler4k/ruler_4096_niah_single_3_p0495,niah_single_3,42,65b164e9cb3f7277ed3185e5fadd121041b09ee6ccf2a688351bde02a9bd5299,1.0,4,103040,51783,53
MT_s50,ruler4k/ruler_4096_niah_single_3_p0477,niah_single_3,42,ec8175b5f240daa35661b164849eb91484c7c48b1500f8b887fe7355e3dd8f9f,1.0,4,96640,48719,48
MT_s50,ruler4k/ruler_4096_niah_single_3_p0491,niah_single_3,42,afbd45c86baed29f525f8652ca4a7afef5e5d0fcea1c22e486b3ab190c141d36,1.0,3,72480,38279,48
MT_s50,ruler4k/ruler_4096_niah_single_3_p0464,niah_single_3,42,0def02e1833e5105697c667982c3db6b74fc599b3a23c1a1632eaed4930b203f,1.0,5,128800,67896,55
MT_s50,ruler4k/ruler_4096_niah_multikey_1_p0143,niah_multikey_1,42,a4136de5f5df6c5da1bb8626f811a0e2c6c451efcb0a58778889c84d78779bb1,1.0,4,96640,47797,25
MT_s50,ruler4k/ruler_4096_niah_multikey_1_p0130,niah_multikey_1,42,81ad2a12d9f42eb8553575cad78177b9d8e054a36587177d53e9bb832992d744,1.0,3,72480,38319,27
MT_s50,ruler4k/ruler_4096_niah_multikey_1_p0104,niah_multikey_1,42,5949da444aa40e059027de62e9846fe4bf01d0b982dc634c685e4523057dec47,1.0,2,48320,26715,23
MT_s50,ruler4k/ruler_4096_niah_multikey_1_p0140,niah_multikey_1,42,0dac50fb3c9a7cf274d390fc33deaaef863304b2b8cc58c26426b01b34360acd,1.0,3,72480,37144,25
MT_s50,ruler4k/ruler_4096_niah_multikey_1_p0109,niah_multikey_1,42,eb29119b567c1acfc3fddd7dc23d99e3d07a451df1e9340863c41ab76fec8279,1.0,4,96640,46742,29
MT_s50,ruler4k/ruler_4096_niah_multikey_1_p0112,niah_multikey_1,42,64a2a5358813d7cc70dee30933034b553e8ff4289fc2abfa2c0cac0577bd9869,1.0,3,72480,38343,24
MT_s50,ruler4k/ruler_4096_niah_multikey_1_p0110,niah_multikey_1,42,0e985d0395cfd78473b765322e48855d9338f4292cc653dc4921ddd64e7aa6aa,1.0,3,72480,33994,28
MT_s50,ruler4k/ruler_4096_niah_multikey_1_p0115,niah_multikey_1,42,eb7e20f6e8cd8787f1bdc6806bf396684517cb30e9a27351d0804cd4226948a7,1.0,4,96640,48037,24
MT_s50,ruler4k/ruler_4096_niah_multikey_1_p0124,niah_multikey_1,42,813f07f91b5e61c369a986a6e0af49e8d31e8f836d6b80546513c9d17c4a822d,1.0,5,120800,63266,23
MT_s50,ruler4k/ruler_4096_niah_multikey_1_p0138,niah_multikey_1,42,7458699c703be6ff351e77d62d5262b50c1c149ddc8ff259fe40054e25393e9d,1.0,3,72480,36351,25
MT_s50,ruler4k/ruler_4096_niah_multikey_2_p0155,niah_multikey_2,42,89c401d63e557be37a2c9112dd8f8a9a5b86a1a4ddfef2bb152e3d3624581de6,1.0,5,128800,74510,25
MT_s50,ruler4k/ruler_4096_niah_multikey_2_p0187,niah_multikey_2,42,b2b7c440a1d1925f2db27831d670136208061acf4309c804e48710e2e2b096ba,1.0,4,103040,58992,23
MT_s50,ruler4k/ruler_4096_niah_multikey_2_p0199,niah_multikey_2,42,113cceb69e7cad1008b8faca879924601c4493030f01c185a0c143d1e35b5dec,1.0,5,121600,68286,28
MT_s50,ruler4k/ruler_4096_niah_multikey_2_p0172,niah_multikey_2,42,299c5ce6f3b0ebeed623c66095efe93c8d28ff455696651e7a173c70f736ed2b,1.0,5,128800,71608,27
MT_s50,ruler4k/ruler_4096_niah_multikey_2_p0160,niah_multikey_2,42,3652c8d513a6b1df9c2e8e3b8ed23eb74cdf168726c457745e5244234b8ac1da,1.0,4,103040,60810,26
MT_s50,ruler4k/ruler_4096_niah_multikey_2_p0192,niah_multikey_2,42,263394c74e36959c503d578504af247e8f4cf5cb7580ad67bfb1f10c4be191d4,1.0,4,103040,60485,24
MT_s50,ruler4k/ruler_4096_niah_multikey_2_p0191,niah_multikey_2,42,f412410977db6e493a67db293bc7d42ac0dd4318b396cfb4c964979dd3893c60,1.0,5,128800,75807,28
MT_s50,ruler4k/ruler_4096_niah_multikey_2_p0186,niah_multikey_2,42,9a6750843eef9b6a259296690d489f907f8cadc16f29aedbb8d0492512c00168,1.0,5,128800,73045,28
MT_s50,ruler4k/ruler_4096_niah_multikey_2_p0188,niah_multikey_2,42,79511fa19beeb3d6933bfe7327175585524e911f7a0f81655720b2aca3a0ba0c,1.0,4,103040,60225,24
MT_s50,ruler4k/ruler_4096_niah_multikey_2_p0195,niah_multikey_2,42,f723391fa64b17bbbd3fe15c5144633074bdb872e8e5510aa6f7047e55cb924d,1.0,4,103040,61332,28
MT_s50,ruler4k/ruler_4096_niah_multikey_3_p0221,niah_multikey_3,42,f8dd0f93eb33e91a61cf7fab499ffd7585047ae2afcf9f0d1a3160fd4341ed35,1.0,4,102400,58941,78
MT_s50,ruler4k/ruler_4096_niah_multikey_3_p0247,niah_multikey_3,42,ae30df60444546e8777ee802f719cfae5dfe7ceae7b8f13f46e9b409ea28a312,1.0,5,128000,70088,78
MT_s50,ruler4k/ruler_4096_niah_multikey_3_p0222,niah_multikey_3,42,eafa5bd73b366cbcac052d45d993a4d8f72a6c7cc5293a69af6f1fc6b7e44b91,1.0,5,128000,66004,81
MT_s50,ruler4k/ruler_4096_niah_multikey_3_p0203,niah_multikey_3,42,42be70ae1b5d7d8f2d25f41c1ea6c5bef44467fb3821001bd8239e7cbf7d5825,1.0,3,76800,42838,78
MT_s50,ruler4k/ruler_4096_niah_multikey_3_p0249,niah_multikey_3,42,4fffd45bb8c613b3c496fa0e52293424834107c78eb86377039d4bc2eafbc7c9,1.0,4,102400,57679,83
MT_s50,ruler4k/ruler_4096_niah_multikey_3_p0201,niah_multikey_3,42,16107492e0e1f5f3e241995fd2634504edd00904c0e19d725ab3ae560a6060fb,1.0,4,102400,54637,76
MT_s50,ruler4k/ruler_4096_niah_multikey_3_p0242,niah_multikey_3,42,f4329a354710003262cadef688f726df03362adeb32aba2eb7809f02e2dabbc4,1.0,4,102400,55155,75
MT_s50,ruler4k/ruler_4096_niah_multikey_3_p0217,niah_multikey_3,42,bca3327d5aa55bfa3ccd0ea2c83739a1ada8873e873741e3e1c46d10abffdb66,1.0,4,102400,55856,75
MT_s50,ruler4k/ruler_4096_niah_multikey_3_p0218,niah_multikey_3,42,5ee3579138079a2a3bf406113e49449c5c5486254c73d9d817ae3a58005386ba,1.0,4,102400,53171,81
MT_s50,ruler4k/ruler_4096_niah_multikey_3_p0229,niah_multikey_3,42,80d5e6407cd842e86d45150d8235f8b98caef2804f44689d318f633c844232fe,1.0,4,102400,55785,79
MT_s50,ruler4k/ruler_4096_niah_multivalue_p0333,niah_multivalue,42,cfb1f9c8c983a092c4fca7359d982b505400235942aa329a6b04f4b4ad3769ed,1.0,8,193280,75538,109
MT_s50,ruler4k/ruler_4096_niah_multivalue_p0323,niah_multivalue,42,6cfcc849348a08389dfd9360dc35be5045e03b2545c0238142e0d33500b579b2,1.0,4,96640,40285,67
MT_s50,ruler4k/ruler_4096_niah_multivalue_p0301,niah_multivalue,42,acf8258c21c0101725c9812e9febb8400cb26d111c5ff99a5e9f9c5ce5c9cf1a,1.0,4,96640,41603,67
MT_s50,ruler4k/ruler_4096_niah_multivalue_p0341,niah_multivalue,42,28db1d98fca3a475372b00bf02bcfe115a530b792736a1c023bb7c2c3b5deccd,1.0,4,103040,47063,67
MT_s50,ruler4k/ruler_4096_niah_multivalue_p0338,niah_multivalue,42,491956a4b5522d0af0ef17f13a2168ed7f82fd3c6976f2f140ee4a55d5754914,1.0,8,193280,65664,124
MT_s50,ruler4k/ruler_4096_niah_multivalue_p0306,niah_multivalue,42,1a44769372eb079188f4a23cd39ba56394aae391ba10dbedf1a7fc3fb6a65f87,1.0,6,144960,64981,67
MT_s50,ruler4k/ruler_4096_niah_multivalue_p0329,niah_multivalue,42,9ea03ab697be6f960e62e3e35e2cfb311adf0b86781e4a24646b27e846be74c0,1.0,5,120800,54370,68
MT_s50,ruler4k/ruler_4096_niah_multivalue_p0336,niah_multivalue,42,67218f00ea86276217c8f8e5a4fa2739ad7a72e31068c476b6b809646343437c,1.0,6,144960,68215,71
MT_s50,ruler4k/ruler_4096_niah_multivalue_p0305,niah_multivalue,42,0f59017fbd483ac5be5cd70d397811e097d529c2776fc6a0fdce9bbcde2dc055,1.0,9,231840,75721,128
MT_s50,ruler4k/ruler_4096_niah_multivalue_p0334,niah_multivalue,42,8408b2cc181539d721124293f71f4afe4e80fecf3be6b08f136589ab1aedbfb1,1.0,4,96640,41053,67
MT_s50,ruler4k/ruler_4096_niah_multiquery_p0250,niah_multiquery,42,d7ebeb31c67ef3aaff04b0a01f7a281e4a285a887e4088bdf1590297df0c5496,1.0,5,120800,55424,85
MT_s50,ruler4k/ruler_4096_niah_multiquery_p0281,niah_multiquery,42,25f97397c1f56fcb22753a040a6b77236c8ffabd415fc7dc413de0043d0ad5b0,1.0,4,96640,44227,89
MT_s50,ruler4k/ruler_4096_niah_multiquery_p0293,niah_multiquery,42,42cee0d9bcf07b284dea36a84610ce8eacd037e5da27b880199575aa15909544,1.0,4,96640,43452,90
MT_s50,ruler4k/ruler_4096_niah_multiquery_p0268,niah_multiquery,42,12e8eabb09dfb861ca9ef3383dc04a81adaf4050c502abdebbfb61c58afacc90,1.0,5,128800,56296,89
MT_s50,ruler4k/ruler_4096_niah_multiquery_p0273,niah_multiquery,42,561df18acab190c49616d28217638902060fe1a4b0f3aba3eaa0a587cf015a0a,1.0,5,128800,56303,86
MT_s50,ruler4k/ruler_4096_niah_multiquery_p0252,niah_multiquery,42,e9e6216e984840a8ae40adb72219eac5190bfbbe72b8156a8933b52e10836e9b,1.0,4,96640,42431,88
MT_s50,ruler4k/ruler_4096_niah_multiquery_p0266,niah_multiquery,42,74cbb1f7d07b7a148b8d78375d5d0cf013f8eb9e8b005f5af635cac28eb9b6b2,1.0,4,103040,49840,84
MT_s50,ruler4k/ruler_4096_niah_multiquery_p0298,niah_multiquery,42,73b299958b02347e43ae5a010343d9f79a81286767fa4328bd5248826e121beb,1.0,4,103040,48295,84
MT_s50,ruler4k/ruler_4096_niah_multiquery_p0264,niah_multiquery,42,d7c9f1221cd0d46c9c81dd74ef9bacbcb746734aa4e5e4e50c9ba36e70147889,1.0,4,96640,43195,87
MT_s50,ruler4k/ruler_4096_niah_multiquery_p0285,niah_multiquery,42,128d8f2fd3612e9f5ad3ff88451b44c429d77965a5c067f7608185298be544f7,1.0,4,96640,41707,89
MT_s50,ruler4k/ruler_4096_vt_p0601,vt,42,1ede7e3b3443c1da90f87dcbae808b715151e2640fae7040cd470a50adff47bf,0.0,4,104320,55560,30
MT_s50,ruler4k/ruler_4096_vt_p0617,vt,42,87aea4b59ba3a6ec618d590d946c59a031df61f8d44e5f0be8e9525a6eccd336,0.0,5,130400,70247,30
MT_s50,ruler4k/ruler_4096_vt_p0632,vt,42,5cb68cb1202f34f42296c6881510b2aca700e68c15043de09495cce28cac949c,0.0,4,104320,57122,30
MT_s50,ruler4k/ruler_4096_vt_p0618,vt,42,6c29d37fdba15c5fd2ad421103ecb98036162ec4b7435c06f3d3027f320c762d,0.0,4,104320,57537,30
MT_s50,ruler4k/ruler_4096_vt_p0603,vt,42,fe93b7aa159b81138de74e2be58b545f9b3f38aaf1119b6574944b4bb23c5fb1,0.0,5,130400,69066,30
MT_s50,ruler4k/ruler_4096_vt_p0624,vt,42,1e3f850af723b632f4d1eaab713c671a0ecfbc55d1284baae00b92865c0165da,0.0,5,130400,76408,30
MT_s50,ruler4k/ruler_4096_vt_p0607,vt,42,56b8fcd4e95162f8bcd8d7d3c9673315733632a084c7f0ff65cfe0a306019fb6,0.0,5,129600,71715,30
MT_s50,ruler4k/ruler_4096_vt_p0611,vt,42,6c6d7581df6c35f0e144bdbd5a81728a2a46452052bff2c0aa1414823c79ba21,0.0,4,101760,51117,30
MT_s50,ruler4k/ruler_4096_vt_p0623,vt,42,de3faf03d119ec292d87b818ebc27c76702806d4eacb19670dccc814d97242e6,0.0,5,130400,71357,30
MT_s50,ruler4k/ruler_4096_vt_p0620,vt,42,63626bade152cd74b6120a42fcc713e53c86518e77cf94b8bb05c941bd6eee4a,0.0,4,104320,56959,30
MT_s50,ruler4k/ruler_4096_cwe_p0045,cwe,42,bfcf4b52a0dd6646e7f1977825aed749da0db1624455550c7e4b0005d36bf4f6,1.0,9,227520,99117,63
MT_s50,ruler4k/ruler_4096_cwe_p0014,cwe,42,6358699f441f11c7ee51c51d58e4013c22272ccbcc9d74cf9c224792227c9218,1.0,9,228960,98938,64
MT_s50,ruler4k/ruler_4096_cwe_p0044,cwe,42,40da7d9a8dabc14ede9b3edd40572017ad91c060752fefb22d098b9e46a70569,1.0,7,180320,76597,68
MT_s50,ruler4k/ruler_4096_cwe_p0005,cwe,42,a1ac0ee9b8d3d6fbfea8164480699498158e4f732b8f73fefd51e45c2af7798a,0.9,24,606720,231147,120
MT_s50,ruler4k/ruler_4096_cwe_p0046,cwe,42,327255761be34b73002c16b49d33666ee697c40b80eb823e1ec9ee8d9d688038,1.0,11,283360,127298,63
MT_s50,ruler4k/ruler_4096_cwe_p0036,cwe,42,a37348e65d33b1a14bb87bbd15896f1be9a2d8a20397882f28e64026f4767bb2,1.0,22,566720,201449,120
MT_s50,ruler4k/ruler_4096_cwe_p0038,cwe,42,3d23bf868a9c20165654f8a7cc1d021bec3d59e4480962a475a1787eeeef120f,1.0,7,179200,79168,61
MT_s50,ruler4k/ruler_4096_cwe_p0034,cwe,42,a2b5f9d437342694356a5bed5caa56516720c3c24209f10861dc66889f2cc4e5,1.0,10,257600,109581,62
MT_s50,ruler4k/ruler_4096_cwe_p0004,cwe,42,12780ec9ff7d288d30ed09b658dd44e997d76aa4e696983f3e4779e953fe8f04,1.0,9,230400,100870,62
MT_s50,ruler4k/ruler_4096_cwe_p0008,cwe,42,b81f61ad0d24a56feae85508d58c480040d0091f28c2682d5792bc97797325bd,1.0,17,437920,198164,62
MT_s50,ruler4k/ruler_4096_fwe_p0087,fwe,42,16fa298c7245985713964f55babd9941866cd9f502561a080f2e1da4e46a255f,1.0,5,127200,68808,16
MT_s50,ruler4k/ruler_4096_fwe_p0096,fwe,42,57da086ecbea39898f7725d2a5594d0891924b1192f7cc832a39d3305048cdd9,1.0,4,101760,53928,24
MT_s50,ruler4k/ruler_4096_fwe_p0067,fwe,42,6a00968813b930890b9d8a8236d421df73bb5653893e13b5579b1396a9f7e2b8,1.0,5,128000,67817,16
MT_s50,ruler4k/ruler_4096_fwe_p0062,fwe,42,b9486e82e0a9970ff4f752085832989c02d3e0186e95a2b748bd9629e256facb,1.0,5,130400,68327,24
MT_s50,ruler4k/ruler_4096_fwe_p0088,fwe,42,8d120b2a4312ea91cd33c537f1cd10e6060c0a7e261052b2db531798e5e07bad,1.0,3,76320,40483,23
MT_s50,ruler4k/ruler_4096_fwe_p0052,fwe,42,5a6004725b0a53d258f50ef247b40ea89414457abad6c43ecc9bb49f74e1169c,1.0,4,101760,54693,17
MT_s50,ruler4k/ruler_4096_fwe_p0085,fwe,42,ce7fba76f73da72a29cb1a9eb674685845459dadf47bb1218e612954babad932,1.0,3,76800,40858,16
MT_s50,ruler4k/ruler_4096_fwe_p0071,fwe,42,d843973080e5f93e1b39ce8cce5341d583b62b232342095ce6bf506321e01a94,1.0,5,128800,66871,23
MT_s50,ruler4k/ruler_4096_fwe_p0075,fwe,42,74dab99d0aab3c14e77ba11a0d77b82c8d75abe3d622688ef64ebbc34be1644e,1.0,4,101120,54182,21
MT_s50,ruler4k/ruler_4096_fwe_p0086,fwe,42,69670b27321fec6e735e4361d7b73c0920496cf79e1f424cff8d5a51ba3694fe,1.0,4,100480,56011,20
MT_s50,ruler4k/ruler_4096_qa_1_p0505,qa_1,42,dfc616957fca79c516c29b6044a180b83f077b296a3202eedafb4e31029e4a76,0.0,3,76800,39736,10
MT_s50,ruler4k/ruler_4096_qa_1_p0517,qa_1,42,a007c13dd1a196fb2ee764d65413cccb1d07b5cc996a33955f72923a68b3ee23,1.0,3,74400,36603,21
MT_s50,ruler4k/ruler_4096_qa_1_p0501,qa_1,42,852969255c427f2ca395afdce4e633ba40eb8fb5921817992fc643ba1ab16b6d,1.0,4,98560,47495,24
MT_s50,ruler4k/ruler_4096_qa_1_p0530,qa_1,42,a162c6477c6e6478fb97d42ec11716df2abc134feac1b5ec765622b9a358d3a2,1.0,3,75360,37653,8
MT_s50,ruler4k/ruler_4096_qa_1_p0509,qa_1,42,255353b20d8ffd2d962d5830853b81014b8e4e2ad113cbe116fe1b2754189273,1.0,3,75360,40753,8
MT_s50,ruler4k/ruler_4096_qa_1_p0549,qa_1,42,7d23ac5addd3206ea31de7705e76364b7d656d00cfd14354fa752b9e29579ae1,1.0,2,49600,25492,9
MT_s50,ruler4k/ruler_4096_qa_1_p0514,qa_1,42,fcc5d586ab237ca84d597be8cd62496aeaa4374406bcbf84b9300656fe7288ad,1.0,5,126400,63546,11
MT_s50,ruler4k/ruler_4096_qa_1_p0540,qa_1,42,333bb0dd8a9972c275fa9648978027c2a9fce7c10bb749106c0ccf25c0bb3612,1.0,2,44480,20819,10
MT_s50,ruler4k/ruler_4096_qa_1_p0547,qa_1,42,811492b67af1ca7b375cc9017391a98155b214f7e2bb59abef0a79f75c6d70bf,1.0,2,51840,27737,6
MT_s50,ruler4k/ruler_4096_qa_1_p0512,qa_1,42,660de8b61e41aa812403f334efcf909030631eb1e715a2764de1013981474ad5,1.0,5,124000,60399,8
MT_s50,ruler4k/ruler_4096_qa_2_p0579,qa_2,42,515a1c9665425cbaaa1ae73b35d7616c50164b5880b10ba16d2d3cb581db8077,1.0,2,48640,26002,9
MT_s50,ruler4k/ruler_4096_qa_2_p0588,qa_2,42,82a062b715ce57274a81267e8873b62e736b3d10889f90bdf3a43a3808af23aa,1.0,2,49280,28147,6
MT_s50,ruler4k/ruler_4096_qa_2_p0551,qa_2,42,0c9d305f8640e44a8eee5fc63f283e409133ef5725d62b81317698828faecec2,1.0,5,116000,54246,21
MT_s50,ruler4k/ruler_4096_qa_2_p0578,qa_2,42,cb4967b2c0e4b0770e147781ec0b71d6ef2bfbb2f4a21ae376e3f79d9db6d885,1.0,4,95360,47707,9
MT_s50,ruler4k/ruler_4096_qa_2_p0583,qa_2,42,1ad492cdc5f1ff709e7d4c315cf766a566cf50f947e2a5aaa951bda8035ea058,1.0,3,76320,42290,6
MT_s50,ruler4k/ruler_4096_qa_2_p0599,qa_2,42,5dfd7c7563dfc5e3f32396a60b8c9d9dbf1346a7780553e50810c9485a6a0adb,0.0,7,147840,64267,32
MT_s50,ruler4k/ruler_4096_qa_2_p0589,qa_2,42,827954e15839b8ac59fb7e394b606d5eee0fd6f268f8832105e952034e485b7e,0.0,2,49600,27109,7
MT_s50,ruler4k/ruler_4096_qa_2_p0559,qa_2,42,d55a6754a18b806b7b459ba27c9c9aaa785002acfcae3c2dde82d74ba0ac677a,1.0,2,49280,28272,6
MT_s50,ruler4k/ruler_4096_qa_2_p0577,qa_2,42,60904ecb62467215293c6410d8edf1c80f081dd77dd637ece0c13ab0080c001e,1.0,2,48000,25705,6
MT_s50,ruler4k/ruler_4096_qa_2_p0574,qa_2,42,a12ffe9225044b65b59b8c16d21eba0198d2f8d87f7e24e0ec2bc3b146b9d9c4,1.0,5,116000,59305,13
CT_s50,ruler4k/ruler_4096_niah_single_1_p0391,niah_single_1,42,84b2a69d0f8ac3fdac3e2ec089bff85b2f7594e7a19aa175c45a04fa35d75559,1.0,3,77280,48803,27
CT_s50,ruler4k/ruler_4096_niah_single_1_p0365,niah_single_1,42,362202745bfe5344c23483c584679b8839fa7f402a2275b041ef2e2eb0391df7,1.0,3,77280,46764,24
CT_s50,ruler4k/ruler_4096_niah_single_1_p0359,niah_single_1,42,22c4aa54f702816bb0df17c72a45850f72c43521617c0530b766b288d42f243c,1.0,3,77280,48762,24
CT_s50,ruler4k/ruler_4096_niah_single_1_p0356,niah_single_1,42,e16efe4e6f2434fe8070e5bd2ff9472be7f1f120929e46ab729ef1df42a999d4,1.0,4,103040,62521,28
CT_s50,ruler4k/ruler_4096_niah_single_1_p0393,niah_single_1,42,2468ef9fd703f76cd57ba84a60c67a685a020d08698b2530f7d9e692ba5f44f0,1.0,3,77280,46621,27
CT_s50,ruler4k/ruler_4096_niah_single_1_p0398,niah_single_1,42,97ce39fbf2025ceccac24ea9ecf655eb0604555785dbf104316e69637543ae8a,1.0,6,154560,90847,27
CT_s50,ruler4k/ruler_4096_niah_single_1_p0373,niah_single_1,42,4c47f2828d442b0e5c0132156bd91b3ccbac339bb35f6c08447aa4cb23995306,1.0,4,103040,62520,28
CT_s50,ruler4k/ruler_4096_niah_single_1_p0377,niah_single_1,42,b4b8b756d972020e9195f5487cd62eeb6355deef26eb2e8911eb7b203abb471d,1.0,3,77280,46748,28
CT_s50,ruler4k/ruler_4096_niah_single_1_p0386,niah_single_1,42,c191837a0906eef75a272f52e39b79b35e2026870a511f6c47a1b8fd0104e6ca,1.0,5,128800,77324,29
CT_s50,ruler4k/ruler_4096_niah_single_1_p0351,niah_single_1,42,4c5f87a7a4649fc38d57467051741d7abc30a788413f42f212337c9144556fb0,1.0,4,103040,61240,29
CT_s50,ruler4k/ruler_4096_niah_single_2_p0418,niah_single_2,42,0c0970c55b901cac5e827bbc91c518ef9b6dd44decf09886a0e87b506488da09,1.0,5,120800,60645,29
CT_s50,ruler4k/ruler_4096_niah_single_2_p0417,niah_single_2,42,9c24e81e63ccf9b37fd55a283a9de43b4cf8bdb8eca9700fd8780a44838a5b8a,1.0,3,77280,38417,27
CT_s50,ruler4k/ruler_4096_niah_single_2_p0405,niah_single_2,42,12e3b643f0882dc1dd9c6bbbade302379bb4a2ca908d8d752366227d34af9c43,1.0,5,120800,61733,25
CT_s50,ruler4k/ruler_4096_niah_single_2_p0433,niah_single_2,42,e68d45a10f3b6a2f2b432fee6387943942b3fc79e87860c551174e708fd6f712,1.0,3,77280,42362,27
CT_s50,ruler4k/ruler_4096_niah_single_2_p0426,niah_single_2,42,e19912aa9fc527c02b94c5a6f9bd25b4a3b8860c0cf543acb7b2a6752625b655,1.0,3,77280,38771,27
CT_s50,ruler4k/ruler_4096_niah_single_2_p0400,niah_single_2,42,23a78905359fae6c5b256969d7d7956bcac6bfedc6d6ba72c84e35f9e3c2b9d7,1.0,3,72480,37092,25
CT_s50,ruler4k/ruler_4096_niah_single_2_p0429,niah_single_2,42,e6ae2e08b0022a1ab48df4a5249081768fbb7e281ae068e82284f6fdf1918129,1.0,3,72480,34229,27
CT_s50,ruler4k/ruler_4096_niah_single_2_p0421,niah_single_2,42,35c2242668136cab280c6ec7c44248b6367ca3811041a841fc98747095cb0852,1.0,4,103040,53831,27
CT_s50,ruler4k/ruler_4096_niah_single_2_p0428,niah_single_2,42,54ec3d0c7373a71a8c2ea1b0ed51bd6800842bd574fa81ac644aede61ff7173b,1.0,3,72480,38452,27
CT_s50,ruler4k/ruler_4096_niah_single_2_p0437,niah_single_2,42,6064a204397272c101337e8220e155be0f35a2273bae28924392d42a2944d742,1.0,3,77280,39055,27
CT_s50,ruler4k/ruler_4096_niah_single_3_p0468,niah_single_3,42,c3af63f11f27389ecd37df152d67c64d30cd233b8f5c795f95992f10b44cef78,1.0,6,144960,66022,54
CT_s50,ruler4k/ruler_4096_niah_single_3_p0488,niah_single_3,42,56211e5bbb129174027e38ed20ea8a6fc6e73bea003e9590298b4044bfc46cae,1.0,5,128800,67682,55
CT_s50,ruler4k/ruler_4096_niah_single_3_p0475,niah_single_3,42,7e9be5b0cbcf1dcbc00b2d27562173289648f82c0d9afa6be2663e5c09047119,1.0,5,128800,71173,50
CT_s50,ruler4k/ruler_4096_niah_single_3_p0480,niah_single_3,42,8497f42fbfcb5ecb8b8a1bbac254b56627c0acd6a69feee34c318dcfd422f2b9,1.0,5,128800,64090,50
CT_s50,ruler4k/ruler_4096_niah_single_3_p0451,niah_single_3,42,744f1a24096d7c51556722f87836779c8e1e172f920002ee79d5ba00fd2693be,1.0,4,103040,51137,55
CT_s50,ruler4k/ruler_4096_niah_single_3_p0493,niah_single_3,42,206b9337b07a90a72a6663a468f70081366e428ce603582cde0b5f8e6074b221,1.0,5,120800,61896,54
CT_s50,ruler4k/ruler_4096_niah_single_3_p0495,niah_single_3,42,65b164e9cb3f7277ed3185e5fadd121041b09ee6ccf2a688351bde02a9bd5299,1.0,4,103040,50249,53
CT_s50,ruler4k/ruler_4096_niah_single_3_p0477,niah_single_3,42,ec8175b5f240daa35661b164849eb91484c7c48b1500f8b887fe7355e3dd8f9f,1.0,3,72480,35247,47
CT_s50,ruler4k/ruler_4096_niah_single_3_p0491,niah_single_3,42,afbd45c86baed29f525f8652ca4a7afef5e5d0fcea1c22e486b3ab190c141d36,1.0,4,96640,48609,52
CT_s50,ruler4k/ruler_4096_niah_single_3_p0464,niah_single_3,42,0def02e1833e5105697c667982c3db6b74fc599b3a23c1a1632eaed4930b203f,1.0,3,77280,40950,55
CT_s50,ruler4k/ruler_4096_niah_multikey_1_p0143,niah_multikey_1,42,a4136de5f5df6c5da1bb8626f811a0e2c6c451efcb0a58778889c84d78779bb1,1.0,3,72480,35479,29
CT_s50,ruler4k/ruler_4096_niah_multikey_1_p0130,niah_multikey_1,42,81ad2a12d9f42eb8553575cad78177b9d8e054a36587177d53e9bb832992d744,1.0,4,96640,51434,23
CT_s50,ruler4k/ruler_4096_niah_multikey_1_p0104,niah_multikey_1,42,5949da444aa40e059027de62e9846fe4bf01d0b982dc634c685e4523057dec47,1.0,3,72480,38215,27
CT_s50,ruler4k/ruler_4096_niah_multikey_1_p0140,niah_multikey_1,42,0dac50fb3c9a7cf274d390fc33deaaef863304b2b8cc58c26426b01b34360acd,1.0,4,96640,50028,25
CT_s50,ruler4k/ruler_4096_niah_multikey_1_p0109,niah_multikey_1,42,eb29119b567c1acfc3fddd7dc23d99e3d07a451df1e9340863c41ab76fec8279,1.0,4,96640,47768,29
CT_s50,ruler4k/ruler_4096_niah_multikey_1_p0112,niah_multikey_1,42,64a2a5358813d7cc70dee30933034b553e8ff4289fc2abfa2c0cac0577bd9869,1.0,5,120800,63057,28
CT_s50,ruler4k/ruler_4096_niah_multikey_1_p0110,niah_multikey_1,42,0e985d0395cfd78473b765322e48855d9338f4292cc653dc4921ddd64e7aa6aa,1.0,5,120800,57499,28
CT_s50,ruler4k/ruler_4096_niah_multikey_1_p0115,niah_multikey_1,42,eb7e20f6e8cd8787f1bdc6806bf396684517cb30e9a27351d0804cd4226948a7,1.0,3,72480,34901,28
CT_s50,ruler4k/ruler_4096_niah_multikey_1_p0124,niah_multikey_1,42,813f07f91b5e61c369a986a6e0af49e8d31e8f836d6b80546513c9d17c4a822d,1.0,3,72480,36772,27
CT_s50,ruler4k/ruler_4096_niah_multikey_1_p0138,niah_multikey_1,42,7458699c703be6ff351e77d62d5262b50c1c149ddc8ff259fe40054e25393e9d,1.0,4,96640,47703,25
CT_s50,ruler4k/ruler_4096_niah_multikey_2_p0155,niah_multikey_2,42,89c401d63e557be37a2c9112dd8f8a9a5b86a1a4ddfef2bb152e3d3624581de6,1.0,4,103040,58910,24
CT_s50,ruler4k/ruler_4096_niah_multikey_2_p0187,niah_multikey_2,42,b2b7c440a1d1925f2db27831d670136208061acf4309c804e48710e2e2b096ba,1.0,3,77280,44231,23
CT_s50,ruler4k/ruler_4096_niah_multikey_2_p0199,niah_multikey_2,42,113cceb69e7cad1008b8faca879924601c4493030f01c185a0c143d1e35b5dec,1.0,4,97280,54193,24
CT_s50,ruler4k/ruler_4096_niah_multikey_2_p0172,niah_multikey_2,42,299c5ce6f3b0ebeed623c66095efe93c8d28ff455696651e7a173c70f736ed2b,1.0,3,77280,44816,23
CT_s50,ruler4k/ruler_4096_niah_multikey_2_p0160,niah_multikey_2,42,3652c8d513a6b1df9c2e8e3b8ed23eb74cdf168726c457745e5244234b8ac1da,1.0,3,77280,45732,26
CT_s50,ruler4k/ruler_4096_niah_multikey_2_p0192,niah_multikey_2,42,263394c74e36959c503d578504af247e8f4cf5cb7580ad67bfb1f10c4be191d4,1.0,5,128800,74725,24
CT_s50,ruler4k/ruler_4096_niah_multikey_2_p0191,niah_multikey_2,42,f412410977db6e493a67db293bc7d42ac0dd4318b396cfb4c964979dd3893c60,1.0,4,103040,61159,24
CT_s50,ruler4k/ruler_4096_niah_multikey_2_p0186,niah_multikey_2,42,9a6750843eef9b6a259296690d489f907f8cadc16f29aedbb8d0492512c00168,1.0,3,77280,44109,24
CT_s50,ruler4k/ruler_4096_niah_multikey_2_p0188,niah_multikey_2,42,79511fa19beeb3d6933bfe7327175585524e911f7a0f81655720b2aca3a0ba0c,1.0,4,103040,60135,24
CT_s50,ruler4k/ruler_4096_niah_multikey_2_p0195,niah_multikey_2,42,f723391fa64b17bbbd3fe15c5144633074bdb872e8e5510aa6f7047e55cb924d,1.0,4,103040,60979,24
CT_s50,ruler4k/ruler_4096_niah_multikey_3_p0221,niah_multikey_3,42,f8dd0f93eb33e91a61cf7fab499ffd7585047ae2afcf9f0d1a3160fd4341ed35,1.0,4,102400,59252,78
CT_s50,ruler4k/ruler_4096_niah_multikey_3_p0247,niah_multikey_3,42,ae30df60444546e8777ee802f719cfae5dfe7ceae7b8f13f46e9b409ea28a312,1.0,3,76800,41390,78
CT_s50,ruler4k/ruler_4096_niah_multikey_3_p0222,niah_multikey_3,42,eafa5bd73b366cbcac052d45d993a4d8f72a6c7cc5293a69af6f1fc6b7e44b91,1.0,6,153600,81741,77
CT_s50,ruler4k/ruler_4096_niah_multikey_3_p0203,niah_multikey_3,42,42be70ae1b5d7d8f2d25f41c1ea6c5bef44467fb3821001bd8239e7cbf7d5825,1.0,3,76800,41344,78
CT_s50,ruler4k/ruler_4096_niah_multikey_3_p0249,niah_multikey_3,42,4fffd45bb8c613b3c496fa0e52293424834107c78eb86377039d4bc2eafbc7c9,1.0,4,102400,57864,83
CT_s50,ruler4k/ruler_4096_niah_multikey_3_p0201,niah_multikey_3,42,16107492e0e1f5f3e241995fd2634504edd00904c0e19d725ab3ae560a6060fb,1.0,4,102400,56015,76
CT_s50,ruler4k/ruler_4096_niah_multikey_3_p0242,niah_multikey_3,42,f4329a354710003262cadef688f726df03362adeb32aba2eb7809f02e2dabbc4,1.0,4,102400,54507,75
CT_s50,ruler4k/ruler_4096_niah_multikey_3_p0217,niah_multikey_3,42,bca3327d5aa55bfa3ccd0ea2c83739a1ada8873e873741e3e1c46d10abffdb66,1.0,4,102400,55547,75
CT_s50,ruler4k/ruler_4096_niah_multikey_3_p0218,niah_multikey_3,42,5ee3579138079a2a3bf406113e49449c5c5486254c73d9d817ae3a58005386ba,1.0,5,128000,67290,81
CT_s50,ruler4k/ruler_4096_niah_multikey_3_p0229,niah_multikey_3,42,80d5e6407cd842e86d45150d8235f8b98caef2804f44689d318f633c844232fe,1.0,4,102400,54926,79
CT_s50,ruler4k/ruler_4096_niah_multivalue_p0333,niah_multivalue,42,cfb1f9c8c983a092c4fca7359d982b505400235942aa329a6b04f4b4ad3769ed,1.0,6,144960,54032,112
CT_s50,ruler4k/ruler_4096_niah_multivalue_p0323,niah_multivalue,42,6cfcc849348a08389dfd9360dc35be5045e03b2545c0238142e0d33500b579b2,1.0,4,96640,39229,67
CT_s50,ruler4k/ruler_4096_niah_multivalue_p0301,niah_multivalue,42,acf8258c21c0101725c9812e9febb8400cb26d111c5ff99a5e9f9c5ce5c9cf1a,1.0,3,72480,30701,67
CT_s50,ruler4k/ruler_4096_niah_multivalue_p0341,niah_multivalue,42,28db1d98fca3a475372b00bf02bcfe115a530b792736a1c023bb7c2c3b5deccd,1.0,4,103040,46435,67
CT_s50,ruler4k/ruler_4096_niah_multivalue_p0338,niah_multivalue,42,491956a4b5522d0af0ef17f13a2168ed7f82fd3c6976f2f140ee4a55d5754914,1.0,8,193280,65662,122
CT_s50,ruler4k/ruler_4096_niah_multivalue_p0306,niah_multivalue,42,1a44769372eb079188f4a23cd39ba56394aae391ba10dbedf1a7fc3fb6a65f87,1.0,5,120800,54338,71
CT_s50,ruler4k/ruler_4096_niah_multivalue_p0329,niah_multivalue,42,9ea03ab697be6f960e62e3e35e2cfb311adf0b86781e4a24646b27e846be74c0,1.0,3,72480,33677,68
CT_s50,ruler4k/ruler_4096_niah_multivalue_p0336,niah_multivalue,42,67218f00ea86276217c8f8e5a4fa2739ad7a72e31068c476b6b809646343437c,1.0,9,217440,107440,71
CT_s50,ruler4k/ruler_4096_niah_multivalue_p0305,niah_multivalue,42,0f59017fbd483ac5be5cd70d397811e097d529c2776fc6a0fdce9bbcde2dc055,1.0,9,231840,71758,128
CT_s50,ruler4k/ruler_4096_niah_multivalue_p0334,niah_multivalue,42,8408b2cc181539d721124293f71f4afe4e80fecf3be6b08f136589ab1aedbfb1,1.0,3,72480,28950,67
CT_s50,ruler4k/ruler_4096_niah_multiquery_p0250,niah_multiquery,42,d7ebeb31c67ef3aaff04b0a01f7a281e4a285a887e4088bdf1590297df0c5496,1.0,3,72480,33654,86
CT_s50,ruler4k/ruler_4096_niah_multiquery_p0281,niah_multiquery,42,25f97397c1f56fcb22753a040a6b77236c8ffabd415fc7dc413de0043d0ad5b0,1.0,7,169120,71484,91
CT_s50,ruler4k/ruler_4096_niah_multiquery_p0293,niah_multiquery,42,42cee0d9bcf07b284dea36a84610ce8eacd037e5da27b880199575aa15909544,1.0,5,120800,53332,89
CT_s50,ruler4k/ruler_4096_niah_multiquery_p0268,niah_multiquery,42,12e8eabb09dfb861ca9ef3383dc04a81adaf4050c502abdebbfb61c58afacc90,1.0,5,128800,53893,89
CT_s50,ruler4k/ruler_4096_niah_multiquery_p0273,niah_multiquery,42,561df18acab190c49616d28217638902060fe1a4b0f3aba3eaa0a587cf015a0a,1.0,4,103040,45496,88
CT_s50,ruler4k/ruler_4096_niah_multiquery_p0252,niah_multiquery,42,e9e6216e984840a8ae40adb72219eac5190bfbbe72b8156a8933b52e10836e9b,1.0,4,96640,40957,88
CT_s50,ruler4k/ruler_4096_niah_multiquery_p0266,niah_multiquery,42,74cbb1f7d07b7a148b8d78375d5d0cf013f8eb9e8b005f5af635cac28eb9b6b2,1.0,4,103040,48426,83
CT_s50,ruler4k/ruler_4096_niah_multiquery_p0298,niah_multiquery,42,73b299958b02347e43ae5a010343d9f79a81286767fa4328bd5248826e121beb,1.0,4,103040,47941,84
CT_s50,ruler4k/ruler_4096_niah_multiquery_p0264,niah_multiquery,42,d7c9f1221cd0d46c9c81dd74ef9bacbcb746734aa4e5e4e50c9ba36e70147889,1.0,4,96640,44186,87
CT_s50,ruler4k/ruler_4096_niah_multiquery_p0285,niah_multiquery,42,128d8f2fd3612e9f5ad3ff88451b44c429d77965a5c067f7608185298be544f7,1.0,6,144960,61693,91
CT_s50,ruler4k/ruler_4096_vt_p0601,vt,42,1ede7e3b3443c1da90f87dcbae808b715151e2640fae7040cd470a50adff47bf,0.0,4,104320,56201,30
CT_s50,ruler4k/ruler_4096_vt_p0617,vt,42,87aea4b59ba3a6ec618d590d946c59a031df61f8d44e5f0be8e9525a6eccd336,0.0,5,130400,70996,30
CT_s50,ruler4k/ruler_4096_vt_p0632,vt,42,5cb68cb1202f34f42296c6881510b2aca700e68c15043de09495cce28cac949c,0.0,3,78240,41071,30
CT_s50,ruler4k/ruler_4096_vt_p0618,vt,42,6c29d37fdba15c5fd2ad421103ecb98036162ec4b7435c06f3d3027f320c762d,0.0,5,130400,72268,30
CT_s50,ruler4k/ruler_4096_vt_p0603,vt,42,fe93b7aa159b81138de74e2be58b545f9b3f38aaf1119b6574944b4bb23c5fb1,0.0,5,130400,67865,30
CT_s50,ruler4k/ruler_4096_vt_p0624,vt,42,1e3f850af723b632f4d1eaab713c671a0ecfbc55d1284baae00b92865c0165da,0.0,5,130400,76288,30
CT_s50,ruler4k/ruler_4096_vt_p0607,vt,42,56b8fcd4e95162f8bcd8d7d3c9673315733632a084c7f0ff65cfe0a306019fb6,0.0,6,155520,86360,30
CT_s50,ruler4k/ruler_4096_vt_p0611,vt,42,6c6d7581df6c35f0e144bdbd5a81728a2a46452052bff2c0aa1414823c79ba21,0.0,4,101760,49782,30
CT_s50,ruler4k/ruler_4096_vt_p0623,vt,42,de3faf03d119ec292d87b818ebc27c76702806d4eacb19670dccc814d97242e6,0.0,4,104320,56684,30
CT_s50,ruler4k/ruler_4096_vt_p0620,vt,42,63626bade152cd74b6120a42fcc713e53c86518e77cf94b8bb05c941bd6eee4a,0.0,4,104320,55999,30
CT_s50,ruler4k/ruler_4096_cwe_p0045,cwe,42,bfcf4b52a0dd6646e7f1977825aed749da0db1624455550c7e4b0005d36bf4f6,1.0,12,303360,129245,63
CT_s50,ruler4k/ruler_4096_cwe_p0014,cwe,42,6358699f441f11c7ee51c51d58e4013c22272ccbcc9d74cf9c224792227c9218,1.0,10,254400,111590,64
CT_s50,ruler4k/ruler_4096_cwe_p0044,cwe,42,40da7d9a8dabc14ede9b3edd40572017ad91c060752fefb22d098b9e46a70569,1.0,9,231840,97898,68
CT_s50,ruler4k/ruler_4096_cwe_p0005,cwe,42,a1ac0ee9b8d3d6fbfea8164480699498158e4f732b8f73fefd51e45c2af7798a,1.0,17,429760,174909,103
CT_s50,ruler4k/ruler_4096_cwe_p0046,cwe,42,327255761be34b73002c16b49d33666ee697c40b80eb823e1ec9ee8d9d688038,1.0,10,257600,111627,63
CT_s50,ruler4k/ruler_4096_cwe_p0036,cwe,42,a37348e65d33b1a14bb87bbd15896f1be9a2d8a20397882f28e64026f4767bb2,1.0,9,231840,98012,62
CT_s50,ruler4k/ruler_4096_cwe_p0038,cwe,42,3d23bf868a9c20165654f8a7cc1d021bec3d59e4480962a475a1787eeeef120f,1.0,9,230400,101319,61
CT_s50,ruler4k/ruler_4096_cwe_p0034,cwe,42,a2b5f9d437342694356a5bed5caa56516720c3c24209f10861dc66889f2cc4e5,1.0,16,412160,179587,62
CT_s50,ruler4k/ruler_4096_cwe_p0004,cwe,42,12780ec9ff7d288d30ed09b658dd44e997d76aa4e696983f3e4779e953fe8f04,1.0,9,230400,98894,62
CT_s50,ruler4k/ruler_4096_cwe_p0008,cwe,42,b81f61ad0d24a56feae85508d58c480040d0091f28c2682d5792bc97797325bd,1.0,8,206080,88769,62
CT_s50,ruler4k/ruler_4096_fwe_p0087,fwe,42,16fa298c7245985713964f55babd9941866cd9f502561a080f2e1da4e46a255f,0.6667000000000001,6,152640,80401,16
CT_s50,ruler4k/ruler_4096_fwe_p0096,fwe,42,57da086ecbea39898f7725d2a5594d0891924b1192f7cc832a39d3305048cdd9,1.0,3,76320,39778,24
CT_s50,ruler4k/ruler_4096_fwe_p0067,fwe,42,6a00968813b930890b9d8a8236d421df73bb5653893e13b5579b1396a9f7e2b8,1.0,5,128000,66900,22
CT_s50,ruler4k/ruler_4096_fwe_p0062,fwe,42,b9486e82e0a9970ff4f752085832989c02d3e0186e95a2b748bd9629e256facb,1.0,3,78240,41162,24
CT_s50,ruler4k/ruler_4096_fwe_p0088,fwe,42,8d120b2a4312ea91cd33c537f1cd10e6060c0a7e261052b2db531798e5e07bad,1.0,4,101760,55036,23
CT_s50,ruler4k/ruler_4096_fwe_p0052,fwe,42,5a6004725b0a53d258f50ef247b40ea89414457abad6c43ecc9bb49f74e1169c,1.0,5,127200,68589,24
CT_s50,ruler4k/ruler_4096_fwe_p0085,fwe,42,ce7fba76f73da72a29cb1a9eb674685845459dadf47bb1218e612954babad932,1.0,5,128000,68719,22
CT_s50,ruler4k/ruler_4096_fwe_p0071,fwe,42,d843973080e5f93e1b39ce8cce5341d583b62b232342095ce6bf506321e01a94,1.0,3,77280,40044,23
CT_s50,ruler4k/ruler_4096_fwe_p0075,fwe,42,74dab99d0aab3c14e77ba11a0d77b82c8d75abe3d622688ef64ebbc34be1644e,1.0,3,75840,40380,21
CT_s50,ruler4k/ruler_4096_fwe_p0086,fwe,42,69670b27321fec6e735e4361d7b73c0920496cf79e1f424cff8d5a51ba3694fe,1.0,4,100480,55512,20
CT_s50,ruler4k/ruler_4096_qa_1_p0505,qa_1,42,dfc616957fca79c516c29b6044a180b83f077b296a3202eedafb4e31029e4a76,0.0,4,102400,52973,10
CT_s50,ruler4k/ruler_4096_qa_1_p0517,qa_1,42,a007c13dd1a196fb2ee764d65413cccb1d07b5cc996a33955f72923a68b3ee23,1.0,3,74400,35040,21
CT_s50,ruler4k/ruler_4096_qa_1_p0501,qa_1,42,852969255c427f2ca395afdce4e633ba40eb8fb5921817992fc643ba1ab16b6d,1.0,6,147840,70763,24
CT_s50,ruler4k/ruler_4096_qa_1_p0530,qa_1,42,a162c6477c6e6478fb97d42ec11716df2abc134feac1b5ec765622b9a358d3a2,1.0,3,75360,37031,8
CT_s50,ruler4k/ruler_4096_qa_1_p0509,qa_1,42,255353b20d8ffd2d962d5830853b81014b8e4e2ad113cbe116fe1b2754189273,1.0,2,50240,25830,8
CT_s50,ruler4k/ruler_4096_qa_1_p0549,qa_1,42,7d23ac5addd3206ea31de7705e76364b7d656d00cfd14354fa752b9e29579ae1,1.0,2,49600,24433,9
CT_s50,ruler4k/ruler_4096_qa_1_p0514,qa_1,42,fcc5d586ab237ca84d597be8cd62496aeaa4374406bcbf84b9300656fe7288ad,1.0,5,126400,61125,15
CT_s50,ruler4k/ruler_4096_qa_1_p0540,qa_1,42,333bb0dd8a9972c275fa9648978027c2a9fce7c10bb749106c0ccf25c0bb3612,1.0,2,44480,19639,10
CT_s50,ruler4k/ruler_4096_qa_1_p0547,qa_1,42,811492b67af1ca7b375cc9017391a98155b214f7e2bb59abef0a79f75c6d70bf,1.0,2,51840,26312,6
CT_s50,ruler4k/ruler_4096_qa_1_p0512,qa_1,42,660de8b61e41aa812403f334efcf909030631eb1e715a2764de1013981474ad5,1.0,7,173600,86218,9
CT_s50,ruler4k/ruler_4096_qa_2_p0579,qa_2,42,515a1c9665425cbaaa1ae73b35d7616c50164b5880b10ba16d2d3cb581db8077,1.0,2,48640,24586,9
CT_s50,ruler4k/ruler_4096_qa_2_p0588,qa_2,42,82a062b715ce57274a81267e8873b62e736b3d10889f90bdf3a43a3808af23aa,1.0,3,73920,40962,6
CT_s50,ruler4k/ruler_4096_qa_2_p0551,qa_2,42,0c9d305f8640e44a8eee5fc63f283e409133ef5725d62b81317698828faecec2,1.0,5,116000,54190,21
CT_s50,ruler4k/ruler_4096_qa_2_p0578,qa_2,42,cb4967b2c0e4b0770e147781ec0b71d6ef2bfbb2f4a21ae376e3f79d9db6d885,1.0,2,47680,23156,9
CT_s50,ruler4k/ruler_4096_qa_2_p0583,qa_2,42,1ad492cdc5f1ff709e7d4c315cf766a566cf50f947e2a5aaa951bda8035ea058,1.0,2,50880,27214,6
CT_s50,ruler4k/ruler_4096_qa_2_p0599,qa_2,42,5dfd7c7563dfc5e3f32396a60b8c9d9dbf1346a7780553e50810c9485a6a0adb,0.0,5,105600,45446,32
CT_s50,ruler4k/ruler_4096_qa_2_p0589,qa_2,42,827954e15839b8ac59fb7e394b606d5eee0fd6f268f8832105e952034e485b7e,0.0,4,99200,52111,7
CT_s50,ruler4k/ruler_4096_qa_2_p0559,qa_2,42,d55a6754a18b806b7b459ba27c9c9aaa785002acfcae3c2dde82d74ba0ac677a,1.0,4,98560,54574,6
CT_s50,ruler4k/ruler_4096_qa_2_p0577,qa_2,42,60904ecb62467215293c6410d8edf1c80f081dd77dd637ece0c13ab0080c001e,1.0,2,48000,24313,6
CT_s50,ruler4k/ruler_4096_qa_2_p0574,qa_2,42,a12ffe9225044b65b59b8c16d21eba0198d2f8d87f7e24e0ec2bc3b146b9d9c4,1.0,3,69600,35247,13
CT_shuffle_s50,ruler4k/ruler_4096_niah_single_1_p0391,niah_single_1,42,84b2a69d0f8ac3fdac3e2ec089bff85b2f7594e7a19aa175c45a04fa35d75559,1.0,3,77280,48362,27
CT_shuffle_s50,ruler4k/ruler_4096_niah_single_1_p0365,niah_single_1,42,362202745bfe5344c23483c584679b8839fa7f402a2275b041ef2e2eb0391df7,1.0,3,77280,46413,24
CT_shuffle_s50,ruler4k/ruler_4096_niah_single_1_p0359,niah_single_1,42,22c4aa54f702816bb0df17c72a45850f72c43521617c0530b766b288d42f243c,1.0,3,77280,48554,24
CT_shuffle_s50,ruler4k/ruler_4096_niah_single_1_p0356,niah_single_1,42,e16efe4e6f2434fe8070e5bd2ff9472be7f1f120929e46ab729ef1df42a999d4,1.0,3,77280,45920,28
CT_shuffle_s50,ruler4k/ruler_4096_niah_single_1_p0393,niah_single_1,42,2468ef9fd703f76cd57ba84a60c67a685a020d08698b2530f7d9e692ba5f44f0,1.0,3,77280,46367,27
CT_shuffle_s50,ruler4k/ruler_4096_niah_single_1_p0398,niah_single_1,42,97ce39fbf2025ceccac24ea9ecf655eb0604555785dbf104316e69637543ae8a,1.0,5,128800,74218,27
CT_shuffle_s50,ruler4k/ruler_4096_niah_single_1_p0373,niah_single_1,42,4c47f2828d442b0e5c0132156bd91b3ccbac339bb35f6c08447aa4cb23995306,1.0,4,103040,61236,28
CT_shuffle_s50,ruler4k/ruler_4096_niah_single_1_p0377,niah_single_1,42,b4b8b756d972020e9195f5487cd62eeb6355deef26eb2e8911eb7b203abb471d,1.0,4,103040,62442,28
CT_shuffle_s50,ruler4k/ruler_4096_niah_single_1_p0386,niah_single_1,42,c191837a0906eef75a272f52e39b79b35e2026870a511f6c47a1b8fd0104e6ca,1.0,4,103040,61176,29
CT_shuffle_s50,ruler4k/ruler_4096_niah_single_1_p0351,niah_single_1,42,4c5f87a7a4649fc38d57467051741d7abc30a788413f42f212337c9144556fb0,1.0,7,180320,106988,25
CT_shuffle_s50,ruler4k/ruler_4096_niah_single_2_p0418,niah_single_2,42,0c0970c55b901cac5e827bbc91c518ef9b6dd44decf09886a0e87b506488da09,1.0,5,120800,60062,29
CT_shuffle_s50,ruler4k/ruler_4096_niah_single_2_p0417,niah_single_2,42,9c24e81e63ccf9b37fd55a283a9de43b4cf8bdb8eca9700fd8780a44838a5b8a,1.0,5,128800,65602,27
CT_shuffle_s50,ruler4k/ruler_4096_niah_single_2_p0405,niah_single_2,42,12e3b643f0882dc1dd9c6bbbade302379bb4a2ca908d8d752366227d34af9c43,1.0,3,72480,36384,25
CT_shuffle_s50,ruler4k/ruler_4096_niah_single_2_p0433,niah_single_2,42,e68d45a10f3b6a2f2b432fee6387943942b3fc79e87860c551174e708fd6f712,1.0,4,103040,56753,27
CT_shuffle_s50,ruler4k/ruler_4096_niah_single_2_p0426,niah_single_2,42,e19912aa9fc527c02b94c5a6f9bd25b4a3b8860c0cf543acb7b2a6752625b655,1.0,4,103040,51547,27
CT_shuffle_s50,ruler4k/ruler_4096_niah_single_2_p0400,niah_single_2,42,23a78905359fae6c5b256969d7d7956bcac6bfedc6d6ba72c84e35f9e3c2b9d7,1.0,3,72480,36808,25
CT_shuffle_s50,ruler4k/ruler_4096_niah_single_2_p0429,niah_single_2,42,e6ae2e08b0022a1ab48df4a5249081768fbb7e281ae068e82284f6fdf1918129,1.0,3,72480,34065,27
CT_shuffle_s50,ruler4k/ruler_4096_niah_single_2_p0421,niah_single_2,42,35c2242668136cab280c6ec7c44248b6367ca3811041a841fc98747095cb0852,1.0,5,128800,67427,27
CT_shuffle_s50,ruler4k/ruler_4096_niah_single_2_p0428,niah_single_2,42,54ec3d0c7373a71a8c2ea1b0ed51bd6800842bd574fa81ac644aede61ff7173b,1.0,3,72480,38555,27
CT_shuffle_s50,ruler4k/ruler_4096_niah_single_2_p0437,niah_single_2,42,6064a204397272c101337e8220e155be0f35a2273bae28924392d42a2944d742,1.0,5,128800,66550,27
CT_shuffle_s50,ruler4k/ruler_4096_niah_single_3_p0468,niah_single_3,42,c3af63f11f27389ecd37df152d67c64d30cd233b8f5c795f95992f10b44cef78,1.0,5,120800,53713,54
CT_shuffle_s50,ruler4k/ruler_4096_niah_single_3_p0488,niah_single_3,42,56211e5bbb129174027e38ed20ea8a6fc6e73bea003e9590298b4044bfc46cae,1.0,5,128800,67041,55
CT_shuffle_s50,ruler4k/ruler_4096_niah_single_3_p0475,niah_single_3,42,7e9be5b0cbcf1dcbc00b2d27562173289648f82c0d9afa6be2663e5c09047119,1.0,6,154560,83783,51
CT_shuffle_s50,ruler4k/ruler_4096_niah_single_3_p0480,niah_single_3,42,8497f42fbfcb5ecb8b8a1bbac254b56627c0acd6a69feee34c318dcfd422f2b9,1.0,4,103040,49158,50
CT_shuffle_s50,ruler4k/ruler_4096_niah_single_3_p0451,niah_single_3,42,744f1a24096d7c51556722f87836779c8e1e172f920002ee79d5ba00fd2693be,1.0,6,154560,75849,55
CT_shuffle_s50,ruler4k/ruler_4096_niah_single_3_p0493,niah_single_3,42,206b9337b07a90a72a6663a468f70081366e428ce603582cde0b5f8e6074b221,1.0,3,72480,35537,54
CT_shuffle_s50,ruler4k/ruler_4096_niah_single_3_p0495,niah_single_3,42,65b164e9cb3f7277ed3185e5fadd121041b09ee6ccf2a688351bde02a9bd5299,1.0,4,103040,48437,53
CT_shuffle_s50,ruler4k/ruler_4096_niah_single_3_p0477,niah_single_3,42,ec8175b5f240daa35661b164849eb91484c7c48b1500f8b887fe7355e3dd8f9f,1.0,3,72480,34112,47
CT_shuffle_s50,ruler4k/ruler_4096_niah_single_3_p0491,niah_single_3,42,afbd45c86baed29f525f8652ca4a7afef5e5d0fcea1c22e486b3ab190c141d36,1.0,4,96640,47179,52
CT_shuffle_s50,ruler4k/ruler_4096_niah_single_3_p0464,niah_single_3,42,0def02e1833e5105697c667982c3db6b74fc599b3a23c1a1632eaed4930b203f,1.0,3,77280,40321,55
CT_shuffle_s50,ruler4k/ruler_4096_niah_multikey_1_p0143,niah_multikey_1,42,a4136de5f5df6c5da1bb8626f811a0e2c6c451efcb0a58778889c84d78779bb1,1.0,4,96640,48001,29
CT_shuffle_s50,ruler4k/ruler_4096_niah_multikey_1_p0130,niah_multikey_1,42,81ad2a12d9f42eb8553575cad78177b9d8e054a36587177d53e9bb832992d744,1.0,4,96640,51203,23
CT_shuffle_s50,ruler4k/ruler_4096_niah_multikey_1_p0104,niah_multikey_1,42,5949da444aa40e059027de62e9846fe4bf01d0b982dc634c685e4523057dec47,1.0,5,120800,63598,27
CT_shuffle_s50,ruler4k/ruler_4096_niah_multikey_1_p0140,niah_multikey_1,42,0dac50fb3c9a7cf274d390fc33deaaef863304b2b8cc58c26426b01b34360acd,1.0,3,72480,37038,25
CT_shuffle_s50,ruler4k/ruler_4096_niah_multikey_1_p0109,niah_multikey_1,42,eb29119b567c1acfc3fddd7dc23d99e3d07a451df1e9340863c41ab76fec8279,1.0,3,72480,34899,29
CT_shuffle_s50,ruler4k/ruler_4096_niah_multikey_1_p0112,niah_multikey_1,42,64a2a5358813d7cc70dee30933034b553e8ff4289fc2abfa2c0cac0577bd9869,1.0,3,72480,36149,28
CT_shuffle_s50,ruler4k/ruler_4096_niah_multikey_1_p0110,niah_multikey_1,42,0e985d0395cfd78473b765322e48855d9338f4292cc653dc4921ddd64e7aa6aa,1.0,3,72480,33354,28
CT_shuffle_s50,ruler4k/ruler_4096_niah_multikey_1_p0115,niah_multikey_1,42,eb7e20f6e8cd8787f1bdc6806bf396684517cb30e9a27351d0804cd4226948a7,1.0,4,96640,46809,28
CT_shuffle_s50,ruler4k/ruler_4096_niah_multikey_1_p0124,niah_multikey_1,42,813f07f91b5e61c369a986a6e0af49e8d31e8f836d6b80546513c9d17c4a822d,1.0,3,72480,36681,27
CT_shuffle_s50,ruler4k/ruler_4096_niah_multikey_1_p0138,niah_multikey_1,42,7458699c703be6ff351e77d62d5262b50c1c149ddc8ff259fe40054e25393e9d,1.0,5,120800,59776,25
CT_shuffle_s50,ruler4k/ruler_4096_niah_multikey_2_p0155,niah_multikey_2,42,89c401d63e557be37a2c9112dd8f8a9a5b86a1a4ddfef2bb152e3d3624581de6,1.0,4,103040,58472,24
CT_shuffle_s50,ruler4k/ruler_4096_niah_multikey_2_p0187,niah_multikey_2,42,b2b7c440a1d1925f2db27831d670136208061acf4309c804e48710e2e2b096ba,1.0,3,77280,44285,23
CT_shuffle_s50,ruler4k/ruler_4096_niah_multikey_2_p0199,niah_multikey_2,42,113cceb69e7cad1008b8faca879924601c4493030f01c185a0c143d1e35b5dec,1.0,5,121600,68084,24
CT_shuffle_s50,ruler4k/ruler_4096_niah_multikey_2_p0172,niah_multikey_2,42,299c5ce6f3b0ebeed623c66095efe93c8d28ff455696651e7a173c70f736ed2b,1.0,3,77280,44627,23
CT_shuffle_s50,ruler4k/ruler_4096_niah_multikey_2_p0160,niah_multikey_2,42,3652c8d513a6b1df9c2e8e3b8ed23eb74cdf168726c457745e5244234b8ac1da,1.0,3,77280,45653,26
CT_shuffle_s50,ruler4k/ruler_4096_niah_multikey_2_p0192,niah_multikey_2,42,263394c74e36959c503d578504af247e8f4cf5cb7580ad67bfb1f10c4be191d4,1.0,4,103040,59242,24
CT_shuffle_s50,ruler4k/ruler_4096_niah_multikey_2_p0191,niah_multikey_2,42,f412410977db6e493a67db293bc7d42ac0dd4318b396cfb4c964979dd3893c60,1.0,4,103040,60866,24
CT_shuffle_s50,ruler4k/ruler_4096_niah_multikey_2_p0186,niah_multikey_2,42,9a6750843eef9b6a259296690d489f907f8cadc16f29aedbb8d0492512c00168,1.0,3,77280,43911,24
CT_shuffle_s50,ruler4k/ruler_4096_niah_multikey_2_p0188,niah_multikey_2,42,79511fa19beeb3d6933bfe7327175585524e911f7a0f81655720b2aca3a0ba0c,1.0,3,77280,44784,24
CT_shuffle_s50,ruler4k/ruler_4096_niah_multikey_2_p0195,niah_multikey_2,42,f723391fa64b17bbbd3fe15c5144633074bdb872e8e5510aa6f7047e55cb924d,1.0,3,77280,44423,24
CT_shuffle_s50,ruler4k/ruler_4096_niah_multikey_3_p0221,niah_multikey_3,42,f8dd0f93eb33e91a61cf7fab499ffd7585047ae2afcf9f0d1a3160fd4341ed35,1.0,4,102400,58488,78
CT_shuffle_s50,ruler4k/ruler_4096_niah_multikey_3_p0247,niah_multikey_3,42,ae30df60444546e8777ee802f719cfae5dfe7ceae7b8f13f46e9b409ea28a312,1.0,3,76800,40888,78
CT_shuffle_s50,ruler4k/ruler_4096_niah_multikey_3_p0222,niah_multikey_3,42,eafa5bd73b366cbcac052d45d993a4d8f72a6c7cc5293a69af6f1fc6b7e44b91,1.0,4,102400,52996,77
CT_shuffle_s50,ruler4k/ruler_4096_niah_multikey_3_p0203,niah_multikey_3,42,42be70ae1b5d7d8f2d25f41c1ea6c5bef44467fb3821001bd8239e7cbf7d5825,1.0,4,102400,55346,78
CT_shuffle_s50,ruler4k/ruler_4096_niah_multikey_3_p0249,niah_multikey_3,42,4fffd45bb8c613b3c496fa0e52293424834107c78eb86377039d4bc2eafbc7c9,1.0,4,102400,57305,83
CT_shuffle_s50,ruler4k/ruler_4096_niah_multikey_3_p0201,niah_multikey_3,42,16107492e0e1f5f3e241995fd2634504edd00904c0e19d725ab3ae560a6060fb,1.0,4,102400,55278,76
CT_shuffle_s50,ruler4k/ruler_4096_niah_multikey_3_p0242,niah_multikey_3,42,f4329a354710003262cadef688f726df03362adeb32aba2eb7809f02e2dabbc4,1.0,4,102400,53770,75
CT_shuffle_s50,ruler4k/ruler_4096_niah_multikey_3_p0217,niah_multikey_3,42,bca3327d5aa55bfa3ccd0ea2c83739a1ada8873e873741e3e1c46d10abffdb66,1.0,5,128000,69248,75
CT_shuffle_s50,ruler4k/ruler_4096_niah_multikey_3_p0218,niah_multikey_3,42,5ee3579138079a2a3bf406113e49449c5c5486254c73d9d817ae3a58005386ba,1.0,5,128000,66882,81
CT_shuffle_s50,ruler4k/ruler_4096_niah_multikey_3_p0229,niah_multikey_3,42,80d5e6407cd842e86d45150d8235f8b98caef2804f44689d318f633c844232fe,1.0,4,102400,53996,79
CT_shuffle_s50,ruler4k/ruler_4096_niah_multivalue_p0333,niah_multivalue,42,cfb1f9c8c983a092c4fca7359d982b505400235942aa329a6b04f4b4ad3769ed,1.0,5,120800,42869,112
CT_shuffle_s50,ruler4k/ruler_4096_niah_multivalue_p0323,niah_multivalue,42,6cfcc849348a08389dfd9360dc35be5045e03b2545c0238142e0d33500b579b2,1.0,4,96640,38096,67
CT_shuffle_s50,ruler4k/ruler_4096_niah_multivalue_p0301,niah_multivalue,42,acf8258c21c0101725c9812e9febb8400cb26d111c5ff99a5e9f9c5ce5c9cf1a,1.0,3,72480,30065,67
CT_shuffle_s50,ruler4k/ruler_4096_niah_multivalue_p0341,niah_multivalue,42,28db1d98fca3a475372b00bf02bcfe115a530b792736a1c023bb7c2c3b5deccd,1.0,3,77280,32809,67
CT_shuffle_s50,ruler4k/ruler_4096_niah_multivalue_p0338,niah_multivalue,42,491956a4b5522d0af0ef17f13a2168ed7f82fd3c6976f2f140ee4a55d5754914,1.0,8,193280,65476,128
CT_shuffle_s50,ruler4k/ruler_4096_niah_multivalue_p0306,niah_multivalue,42,1a44769372eb079188f4a23cd39ba56394aae391ba10dbedf1a7fc3fb6a65f87,1.0,4,96640,40963,67
CT_shuffle_s50,ruler4k/ruler_4096_niah_multivalue_p0329,niah_multivalue,42,9ea03ab697be6f960e62e3e35e2cfb311adf0b86781e4a24646b27e846be74c0,1.0,3,72480,33028,68
CT_shuffle_s50,ruler4k/ruler_4096_niah_multivalue_p0336,niah_multivalue,42,67218f00ea86276217c8f8e5a4fa2739ad7a72e31068c476b6b809646343437c,1.0,3,72480,31882,71
CT_shuffle_s50,ruler4k/ruler_4096_niah_multivalue_p0305,niah_multivalue,42,0f59017fbd483ac5be5cd70d397811e097d529c2776fc6a0fdce9bbcde2dc055,1.0,13,334880,100074,128
CT_shuffle_s50,ruler4k/ruler_4096_niah_multivalue_p0334,niah_multivalue,42,8408b2cc181539d721124293f71f4afe4e80fecf3be6b08f136589ab1aedbfb1,1.0,3,72480,28398,67
CT_shuffle_s50,ruler4k/ruler_4096_niah_multiquery_p0250,niah_multiquery,42,d7ebeb31c67ef3aaff04b0a01f7a281e4a285a887e4088bdf1590297df0c5496,1.0,4,96640,44730,86
CT_shuffle_s50,ruler4k/ruler_4096_niah_multiquery_p0281,niah_multiquery,42,25f97397c1f56fcb22753a040a6b77236c8ffabd415fc7dc413de0043d0ad5b0,1.0,5,120800,51293,91
CT_shuffle_s50,ruler4k/ruler_4096_niah_multiquery_p0293,niah_multiquery,42,42cee0d9bcf07b284dea36a84610ce8eacd037e5da27b880199575aa15909544,1.0,5,120800,51353,90
CT_shuffle_s50,ruler4k/ruler_4096_niah_multiquery_p0268,niah_multiquery,42,12e8eabb09dfb861ca9ef3383dc04a81adaf4050c502abdebbfb61c58afacc90,1.0,6,154560,63743,89
CT_shuffle_s50,ruler4k/ruler_4096_niah_multiquery_p0273,niah_multiquery,42,561df18acab190c49616d28217638902060fe1a4b0f3aba3eaa0a587cf015a0a,1.0,4,103040,44946,88
CT_shuffle_s50,ruler4k/ruler_4096_niah_multiquery_p0252,niah_multiquery,42,e9e6216e984840a8ae40adb72219eac5190bfbbe72b8156a8933b52e10836e9b,1.0,4,96640,39242,88
CT_shuffle_s50,ruler4k/ruler_4096_niah_multiquery_p0266,niah_multiquery,42,74cbb1f7d07b7a148b8d78375d5d0cf013f8eb9e8b005f5af635cac28eb9b6b2,1.0,4,103040,47531,83
CT_shuffle_s50,ruler4k/ruler_4096_niah_multiquery_p0298,niah_multiquery,42,73b299958b02347e43ae5a010343d9f79a81286767fa4328bd5248826e121beb,1.0,4,103040,46591,84
CT_shuffle_s50,ruler4k/ruler_4096_niah_multiquery_p0264,niah_multiquery,42,d7c9f1221cd0d46c9c81dd74ef9bacbcb746734aa4e5e4e50c9ba36e70147889,1.0,4,96640,42617,87
CT_shuffle_s50,ruler4k/ruler_4096_niah_multiquery_p0285,niah_multiquery,42,128d8f2fd3612e9f5ad3ff88451b44c429d77965a5c067f7608185298be544f7,1.0,5,120800,49990,90
CT_shuffle_s50,ruler4k/ruler_4096_vt_p0601,vt,42,1ede7e3b3443c1da90f87dcbae808b715151e2640fae7040cd470a50adff47bf,0.0,4,104320,55955,30
CT_shuffle_s50,ruler4k/ruler_4096_vt_p0617,vt,42,87aea4b59ba3a6ec618d590d946c59a031df61f8d44e5f0be8e9525a6eccd336,0.0,5,130400,70402,30
CT_shuffle_s50,ruler4k/ruler_4096_vt_p0632,vt,42,5cb68cb1202f34f42296c6881510b2aca700e68c15043de09495cce28cac949c,0.0,4,104320,56154,30
CT_shuffle_s50,ruler4k/ruler_4096_vt_p0618,vt,42,6c29d37fdba15c5fd2ad421103ecb98036162ec4b7435c06f3d3027f320c762d,0.0,4,104320,56417,30
CT_shuffle_s50,ruler4k/ruler_4096_vt_p0603,vt,42,fe93b7aa159b81138de74e2be58b545f9b3f38aaf1119b6574944b4bb23c5fb1,0.0,6,156480,83376,30
CT_shuffle_s50,ruler4k/ruler_4096_vt_p0624,vt,42,1e3f850af723b632f4d1eaab713c671a0ecfbc55d1284baae00b92865c0165da,0.0,4,104320,60048,30
CT_shuffle_s50,ruler4k/ruler_4096_vt_p0607,vt,42,56b8fcd4e95162f8bcd8d7d3c9673315733632a084c7f0ff65cfe0a306019fb6,0.0,4,103680,55303,30
CT_shuffle_s50,ruler4k/ruler_4096_vt_p0611,vt,42,6c6d7581df6c35f0e144bdbd5a81728a2a46452052bff2c0aa1414823c79ba21,0.0,4,101760,49063,30
CT_shuffle_s50,ruler4k/ruler_4096_vt_p0623,vt,42,de3faf03d119ec292d87b818ebc27c76702806d4eacb19670dccc814d97242e6,0.0,4,104320,56223,30
CT_shuffle_s50,ruler4k/ruler_4096_vt_p0620,vt,42,63626bade152cd74b6120a42fcc713e53c86518e77cf94b8bb05c941bd6eee4a,0.0,4,104320,55510,30
CT_shuffle_s50,ruler4k/ruler_4096_cwe_p0045,cwe,42,bfcf4b52a0dd6646e7f1977825aed749da0db1624455550c7e4b0005d36bf4f6,1.0,7,176960,71404,63
CT_shuffle_s50,ruler4k/ruler_4096_cwe_p0014,cwe,42,6358699f441f11c7ee51c51d58e4013c22272ccbcc9d74cf9c224792227c9218,1.0,6,152640,62288,64
CT_shuffle_s50,ruler4k/ruler_4096_cwe_p0044,cwe,42,40da7d9a8dabc14ede9b3edd40572017ad91c060752fefb22d098b9e46a70569,1.0,9,231840,96811,68
CT_shuffle_s50,ruler4k/ruler_4096_cwe_p0005,cwe,42,a1ac0ee9b8d3d6fbfea8164480699498158e4f732b8f73fefd51e45c2af7798a,1.0,20,505600,207373,103
CT_shuffle_s50,ruler4k/ruler_4096_cwe_p0046,cwe,42,327255761be34b73002c16b49d33666ee697c40b80eb823e1ec9ee8d9d688038,1.0,9,231840,101173,63
CT_shuffle_s50,ruler4k/ruler_4096_cwe_p0036,cwe,42,a37348e65d33b1a14bb87bbd15896f1be9a2d8a20397882f28e64026f4767bb2,1.0,10,257600,109499,62
CT_shuffle_s50,ruler4k/ruler_4096_cwe_p0038,cwe,42,3d23bf868a9c20165654f8a7cc1d021bec3d59e4480962a475a1787eeeef120f,1.0,9,230400,100044,61
CT_shuffle_s50,ruler4k/ruler_4096_cwe_p0034,cwe,42,a2b5f9d437342694356a5bed5caa56516720c3c24209f10861dc66889f2cc4e5,1.0,10,257600,105415,62
CT_shuffle_s50,ruler4k/ruler_4096_cwe_p0004,cwe,42,12780ec9ff7d288d30ed09b658dd44e997d76aa4e696983f3e4779e953fe8f04,1.0,9,230400,99362,62
CT_shuffle_s50,ruler4k/ruler_4096_cwe_p0008,cwe,42,b81f61ad0d24a56feae85508d58c480040d0091f28c2682d5792bc97797325bd,1.0,8,206080,83639,62
CT_shuffle_s50,ruler4k/ruler_4096_fwe_p0087,fwe,42,16fa298c7245985713964f55babd9941866cd9f502561a080f2e1da4e46a255f,1.0,10,254400,130987,16
CT_shuffle_s50,ruler4k/ruler_4096_fwe_p0096,fwe,42,57da086ecbea39898f7725d2a5594d0891924b1192f7cc832a39d3305048cdd9,1.0,4,101760,53914,24
CT_shuffle_s50,ruler4k/ruler_4096_fwe_p0067,fwe,42,6a00968813b930890b9d8a8236d421df73bb5653893e13b5579b1396a9f7e2b8,1.0,5,128000,66140,22
CT_shuffle_s50,ruler4k/ruler_4096_fwe_p0062,fwe,42,b9486e82e0a9970ff4f752085832989c02d3e0186e95a2b748bd9629e256facb,1.0,5,130400,71034,24
CT_shuffle_s50,ruler4k/ruler_4096_fwe_p0088,fwe,42,8d120b2a4312ea91cd33c537f1cd10e6060c0a7e261052b2db531798e5e07bad,1.0,4,101760,55130,23
CT_shuffle_s50,ruler4k/ruler_4096_fwe_p0052,fwe,42,5a6004725b0a53d258f50ef247b40ea89414457abad6c43ecc9bb49f74e1169c,1.0,4,101760,53604,24
CT_shuffle_s50,ruler4k/ruler_4096_fwe_p0085,fwe,42,ce7fba76f73da72a29cb1a9eb674685845459dadf47bb1218e612954babad932,1.0,3,76800,39922,22
CT_shuffle_s50,ruler4k/ruler_4096_fwe_p0071,fwe,42,d843973080e5f93e1b39ce8cce5341d583b62b232342095ce6bf506321e01a94,1.0,3,77280,40026,23
CT_shuffle_s50,ruler4k/ruler_4096_fwe_p0075,fwe,42,74dab99d0aab3c14e77ba11a0d77b82c8d75abe3d622688ef64ebbc34be1644e,1.0,4,101120,53942,21
CT_shuffle_s50,ruler4k/ruler_4096_fwe_p0086,fwe,42,69670b27321fec6e735e4361d7b73c0920496cf79e1f424cff8d5a51ba3694fe,1.0,4,100480,55171,20
CT_shuffle_s50,ruler4k/ruler_4096_qa_1_p0505,qa_1,42,dfc616957fca79c516c29b6044a180b83f077b296a3202eedafb4e31029e4a76,0.0,3,76800,39358,10
CT_shuffle_s50,ruler4k/ruler_4096_qa_1_p0517,qa_1,42,a007c13dd1a196fb2ee764d65413cccb1d07b5cc996a33955f72923a68b3ee23,1.0,3,74400,34423,21
CT_shuffle_s50,ruler4k/ruler_4096_qa_1_p0501,qa_1,42,852969255c427f2ca395afdce4e633ba40eb8fb5921817992fc643ba1ab16b6d,1.0,5,123200,56596,24
CT_shuffle_s50,ruler4k/ruler_4096_qa_1_p0530,qa_1,42,a162c6477c6e6478fb97d42ec11716df2abc134feac1b5ec765622b9a358d3a2,1.0,3,75360,36920,8
CT_shuffle_s50,ruler4k/ruler_4096_qa_1_p0509,qa_1,42,255353b20d8ffd2d962d5830853b81014b8e4e2ad113cbe116fe1b2754189273,1.0,2,50240,25823,8
CT_shuffle_s50,ruler4k/ruler_4096_qa_1_p0549,qa_1,42,7d23ac5addd3206ea31de7705e76364b7d656d00cfd14354fa752b9e29579ae1,1.0,2,49600,24393,9
CT_shuffle_s50,ruler4k/ruler_4096_qa_1_p0514,qa_1,42,fcc5d586ab237ca84d597be8cd62496aeaa4374406bcbf84b9300656fe7288ad,1.0,4,101120,47550,18
CT_shuffle_s50,ruler4k/ruler_4096_qa_1_p0540,qa_1,42,333bb0dd8a9972c275fa9648978027c2a9fce7c10bb749106c0ccf25c0bb3612,1.0,2,44480,19529,10
CT_shuffle_s50,ruler4k/ruler_4096_qa_1_p0547,qa_1,42,811492b67af1ca7b375cc9017391a98155b214f7e2bb59abef0a79f75c6d70bf,1.0,2,51840,26199,6
CT_shuffle_s50,ruler4k/ruler_4096_qa_1_p0512,qa_1,42,660de8b61e41aa812403f334efcf909030631eb1e715a2764de1013981474ad5,1.0,3,74400,35423,9
CT_shuffle_s50,ruler4k/ruler_4096_qa_2_p0579,qa_2,42,515a1c9665425cbaaa1ae73b35d7616c50164b5880b10ba16d2d3cb581db8077,1.0,2,48640,24651,9
CT_shuffle_s50,ruler4k/ruler_4096_qa_2_p0588,qa_2,42,82a062b715ce57274a81267e8873b62e736b3d10889f90bdf3a43a3808af23aa,1.0,3,73920,40729,6
CT_shuffle_s50,ruler4k/ruler_4096_qa_2_p0551,qa_2,42,0c9d305f8640e44a8eee5fc63f283e409133ef5725d62b81317698828faecec2,1.0,4,92800,41936,22
CT_shuffle_s50,ruler4k/ruler_4096_qa_2_p0578,qa_2,42,cb4967b2c0e4b0770e147781ec0b71d6ef2bfbb2f4a21ae376e3f79d9db6d885,1.0,5,119200,59178,9
CT_shuffle_s50,ruler4k/ruler_4096_qa_2_p0583,qa_2,42,1ad492cdc5f1ff709e7d4c315cf766a566cf50f947e2a5aaa951bda8035ea058,1.0,5,127200,69314,6
CT_shuffle_s50,ruler4k/ruler_4096_qa_2_p0599,qa_2,42,5dfd7c7563dfc5e3f32396a60b8c9d9dbf1346a7780553e50810c9485a6a0adb,0.0,5,105600,45827,32
CT_shuffle_s50,ruler4k/ruler_4096_qa_2_p0589,qa_2,42,827954e15839b8ac59fb7e394b606d5eee0fd6f268f8832105e952034e485b7e,0.0,2,49600,25170,7
CT_shuffle_s50,ruler4k/ruler_4096_qa_2_p0559,qa_2,42,d55a6754a18b806b7b459ba27c9c9aaa785002acfcae3c2dde82d74ba0ac677a,1.0,6,147840,81973,6
CT_shuffle_s50,ruler4k/ruler_4096_qa_2_p0577,qa_2,42,60904ecb62467215293c6410d8edf1c80f081dd77dd637ece0c13ab0080c001e,1.0,4,96000,49053,6
CT_shuffle_s50,ruler4k/ruler_4096_qa_2_p0574,qa_2,42,a12ffe9225044b65b59b8c16d21eba0198d2f8d87f7e24e0ec2bc3b146b9d9c4,1.0,3,69600,34562,13
CT_uniform_s50,ruler4k/ruler_4096_niah_single_1_p0391,niah_single_1,42,84b2a69d0f8ac3fdac3e2ec089bff85b2f7594e7a19aa175c45a04fa35d75559,1.0,3,77280,48845,27
CT_uniform_s50,ruler4k/ruler_4096_niah_single_1_p0365,niah_single_1,42,362202745bfe5344c23483c584679b8839fa7f402a2275b041ef2e2eb0391df7,1.0,3,77280,46679,24
CT_uniform_s50,ruler4k/ruler_4096_niah_single_1_p0359,niah_single_1,42,22c4aa54f702816bb0df17c72a45850f72c43521617c0530b766b288d42f243c,1.0,6,154560,99508,24
CT_uniform_s50,ruler4k/ruler_4096_niah_single_1_p0356,niah_single_1,42,e16efe4e6f2434fe8070e5bd2ff9472be7f1f120929e46ab729ef1df42a999d4,1.0,4,103040,62997,28
CT_uniform_s50,ruler4k/ruler_4096_niah_single_1_p0393,niah_single_1,42,2468ef9fd703f76cd57ba84a60c67a685a020d08698b2530f7d9e692ba5f44f0,1.0,3,77280,47012,27
CT_uniform_s50,ruler4k/ruler_4096_niah_single_1_p0398,niah_single_1,42,97ce39fbf2025ceccac24ea9ecf655eb0604555785dbf104316e69637543ae8a,1.0,5,128800,76354,27
CT_uniform_s50,ruler4k/ruler_4096_niah_single_1_p0373,niah_single_1,42,4c47f2828d442b0e5c0132156bd91b3ccbac339bb35f6c08447aa4cb23995306,1.0,4,103040,62971,28
CT_uniform_s50,ruler4k/ruler_4096_niah_single_1_p0377,niah_single_1,42,b4b8b756d972020e9195f5487cd62eeb6355deef26eb2e8911eb7b203abb471d,1.0,4,103040,63561,28
CT_uniform_s50,ruler4k/ruler_4096_niah_single_1_p0386,niah_single_1,42,c191837a0906eef75a272f52e39b79b35e2026870a511f6c47a1b8fd0104e6ca,1.0,4,103040,61675,29
CT_uniform_s50,ruler4k/ruler_4096_niah_single_1_p0351,niah_single_1,42,4c5f87a7a4649fc38d57467051741d7abc30a788413f42f212337c9144556fb0,1.0,6,154560,93275,29
CT_uniform_s50,ruler4k/ruler_4096_niah_single_2_p0418,niah_single_2,42,0c0970c55b901cac5e827bbc91c518ef9b6dd44decf09886a0e87b506488da09,1.0,3,72480,36023,29
CT_uniform_s50,ruler4k/ruler_4096_niah_single_2_p0417,niah_single_2,42,9c24e81e63ccf9b37fd55a283a9de43b4cf8bdb8eca9700fd8780a44838a5b8a,1.0,3,77280,38567,27
CT_uniform_s50,ruler4k/ruler_4096_niah_single_2_p0405,niah_single_2,42,12e3b643f0882dc1dd9c6bbbade302379bb4a2ca908d8d752366227d34af9c43,1.0,3,72480,36698,25
CT_uniform_s50,ruler4k/ruler_4096_niah_single_2_p0433,niah_single_2,42,e68d45a10f3b6a2f2b432fee6387943942b3fc79e87860c551174e708fd6f712,1.0,3,77280,42695,27
CT_uniform_s50,ruler4k/ruler_4096_niah_single_2_p0426,niah_single_2,42,e19912aa9fc527c02b94c5a6f9bd25b4a3b8860c0cf543acb7b2a6752625b655,1.0,3,77280,38899,27
CT_uniform_s50,ruler4k/ruler_4096_niah_single_2_p0400,niah_single_2,42,23a78905359fae6c5b256969d7d7956bcac6bfedc6d6ba72c84e35f9e3c2b9d7,1.0,3,72480,37245,25
CT_uniform_s50,ruler4k/ruler_4096_niah_single_2_p0429,niah_single_2,42,e6ae2e08b0022a1ab48df4a5249081768fbb7e281ae068e82284f6fdf1918129,1.0,3,72480,34618,27
CT_uniform_s50,ruler4k/ruler_4096_niah_single_2_p0421,niah_single_2,42,35c2242668136cab280c6ec7c44248b6367ca3811041a841fc98747095cb0852,1.0,7,180320,97821,27
CT_uniform_s50,ruler4k/ruler_4096_niah_single_2_p0428,niah_single_2,42,54ec3d0c7373a71a8c2ea1b0ed51bd6800842bd574fa81ac644aede61ff7173b,1.0,4,96640,52590,27
CT_uniform_s50,ruler4k/ruler_4096_niah_single_2_p0437,niah_single_2,42,6064a204397272c101337e8220e155be0f35a2273bae28924392d42a2944d742,1.0,3,77280,39379,27
CT_uniform_s50,ruler4k/ruler_4096_niah_single_3_p0468,niah_single_3,42,c3af63f11f27389ecd37df152d67c64d30cd233b8f5c795f95992f10b44cef78,1.0,4,96640,43987,54
CT_uniform_s50,ruler4k/ruler_4096_niah_single_3_p0488,niah_single_3,42,56211e5bbb129174027e38ed20ea8a6fc6e73bea003e9590298b4044bfc46cae,1.0,5,128800,67649,55
CT_uniform_s50,ruler4k/ruler_4096_niah_single_3_p0475,niah_single_3,42,7e9be5b0cbcf1dcbc00b2d27562173289648f82c0d9afa6be2663e5c09047119,1.0,5,128800,71278,51
CT_uniform_s50,ruler4k/ruler_4096_niah_single_3_p0480,niah_single_3,42,8497f42fbfcb5ecb8b8a1bbac254b56627c0acd6a69feee34c318dcfd422f2b9,1.0,5,128800,64213,50
CT_uniform_s50,ruler4k/ruler_4096_niah_single_3_p0451,niah_single_3,42,744f1a24096d7c51556722f87836779c8e1e172f920002ee79d5ba00fd2693be,1.0,3,77280,37748,55
CT_uniform_s50,ruler4k/ruler_4096_niah_single_3_p0493,niah_single_3,42,206b9337b07a90a72a6663a468f70081366e428ce603582cde0b5f8e6074b221,1.0,4,96640,49244,54
CT_uniform_s50,ruler4k/ruler_4096_niah_single_3_p0495,niah_single_3,42,65b164e9cb3f7277ed3185e5fadd121041b09ee6ccf2a688351bde02a9bd5299,1.0,4,103040,50116,53
CT_uniform_s50,ruler4k/ruler_4096_niah_single_3_p0477,niah_single_3,42,ec8175b5f240daa35661b164849eb91484c7c48b1500f8b887fe7355e3dd8f9f,1.0,3,72480,35390,47
CT_uniform_s50,ruler4k/ruler_4096_niah_single_3_p0491,niah_single_3,42,afbd45c86baed29f525f8652ca4a7afef5e5d0fcea1c22e486b3ab190c141d36,1.0,5,120800,60945,52
CT_uniform_s50,ruler4k/ruler_4096_niah_single_3_p0464,niah_single_3,42,0def02e1833e5105697c667982c3db6b74fc599b3a23c1a1632eaed4930b203f,1.0,3,77280,40847,55
CT_uniform_s50,ruler4k/ruler_4096_niah_multikey_1_p0143,niah_multikey_1,42,a4136de5f5df6c5da1bb8626f811a0e2c6c451efcb0a58778889c84d78779bb1,1.0,3,72480,35966,29
CT_uniform_s50,ruler4k/ruler_4096_niah_multikey_1_p0130,niah_multikey_1,42,81ad2a12d9f42eb8553575cad78177b9d8e054a36587177d53e9bb832992d744,1.0,4,96640,51555,23
CT_uniform_s50,ruler4k/ruler_4096_niah_multikey_1_p0104,niah_multikey_1,42,5949da444aa40e059027de62e9846fe4bf01d0b982dc634c685e4523057dec47,1.0,4,96640,51995,27
CT_uniform_s50,ruler4k/ruler_4096_niah_multikey_1_p0140,niah_multikey_1,42,0dac50fb3c9a7cf274d390fc33deaaef863304b2b8cc58c26426b01b34360acd,1.0,3,72480,36960,25
CT_uniform_s50,ruler4k/ruler_4096_niah_multikey_1_p0109,niah_multikey_1,42,eb29119b567c1acfc3fddd7dc23d99e3d07a451df1e9340863c41ab76fec8279,1.0,3,72480,35316,29
CT_uniform_s50,ruler4k/ruler_4096_niah_multikey_1_p0112,niah_multikey_1,42,64a2a5358813d7cc70dee30933034b553e8ff4289fc2abfa2c0cac0577bd9869,1.0,6,144960,77439,28
CT_uniform_s50,ruler4k/ruler_4096_niah_multikey_1_p0110,niah_multikey_1,42,0e985d0395cfd78473b765322e48855d9338f4292cc653dc4921ddd64e7aa6aa,1.0,3,72480,33806,28
CT_uniform_s50,ruler4k/ruler_4096_niah_multikey_1_p0115,niah_multikey_1,42,eb7e20f6e8cd8787f1bdc6806bf396684517cb30e9a27351d0804cd4226948a7,1.0,5,120800,60789,28
CT_uniform_s50,ruler4k/ruler_4096_niah_multikey_1_p0124,niah_multikey_1,42,813f07f91b5e61c369a986a6e0af49e8d31e8f836d6b80546513c9d17c4a822d,1.0,3,72480,37067,27
CT_uniform_s50,ruler4k/ruler_4096_niah_multikey_1_p0138,niah_multikey_1,42,7458699c703be6ff351e77d62d5262b50c1c149ddc8ff259fe40054e25393e9d,1.0,4,96640,47912,25
CT_uniform_s50,ruler4k/ruler_4096_niah_multikey_2_p0155,niah_multikey_2,42,89c401d63e557be37a2c9112dd8f8a9a5b86a1a4ddfef2bb152e3d3624581de6,1.0,4,103040,59025,24
CT_uniform_s50,ruler4k/ruler_4096_niah_multikey_2_p0187,niah_multikey_2,42,b2b7c440a1d1925f2db27831d670136208061acf4309c804e48710e2e2b096ba,1.0,3,77280,44439,23
CT_uniform_s50,ruler4k/ruler_4096_niah_multikey_2_p0199,niah_multikey_2,42,113cceb69e7cad1008b8faca879924601c4493030f01c185a0c143d1e35b5dec,1.0,4,97280,54821,24
CT_uniform_s50,ruler4k/ruler_4096_niah_multikey_2_p0172,niah_multikey_2,42,299c5ce6f3b0ebeed623c66095efe93c8d28ff455696651e7a173c70f736ed2b,1.0,3,77280,44985,23
CT_uniform_s50,ruler4k/ruler_4096_niah_multikey_2_p0160,niah_multikey_2,42,3652c8d513a6b1df9c2e8e3b8ed23eb74cdf168726c457745e5244234b8ac1da,1.0,5,128800,77414,26
CT_uniform_s50,ruler4k/ruler_4096_niah_multikey_2_p0192,niah_multikey_2,42,263394c74e36959c503d578504af247e8f4cf5cb7580ad67bfb1f10c4be191d4,1.0,5,128800,75546,24
CT_uniform_s50,ruler4k/ruler_4096_niah_multikey_2_p0191,niah_multikey_2,42,f412410977db6e493a67db293bc7d42ac0dd4318b396cfb4c964979dd3893c60,1.0,4,103040,61225,24
CT_uniform_s50,ruler4k/ruler_4096_niah_multikey_2_p0186,niah_multikey_2,42,9a6750843eef9b6a259296690d489f907f8cadc16f29aedbb8d0492512c00168,1.0,4,103040,59838,24
CT_uniform_s50,ruler4k/ruler_4096_niah_multikey_2_p0188,niah_multikey_2,42,79511fa19beeb3d6933bfe7327175585524e911f7a0f81655720b2aca3a0ba0c,1.0,2,51520,29578,24
CT_uniform_s50,ruler4k/ruler_4096_niah_multikey_2_p0195,niah_multikey_2,42,f723391fa64b17bbbd3fe15c5144633074bdb872e8e5510aa6f7047e55cb924d,1.0,4,103040,61060,24
CT_uniform_s50,ruler4k/ruler_4096_niah_multikey_3_p0221,niah_multikey_3,42,f8dd0f93eb33e91a61cf7fab499ffd7585047ae2afcf9f0d1a3160fd4341ed35,1.0,4,102400,59367,78
CT_uniform_s50,ruler4k/ruler_4096_niah_multikey_3_p0247,niah_multikey_3,42,ae30df60444546e8777ee802f719cfae5dfe7ceae7b8f13f46e9b409ea28a312,1.0,3,76800,41506,78
CT_uniform_s50,ruler4k/ruler_4096_niah_multikey_3_p0222,niah_multikey_3,42,eafa5bd73b366cbcac052d45d993a4d8f72a6c7cc5293a69af6f1fc6b7e44b91,1.0,4,102400,53401,77
CT_uniform_s50,ruler4k/ruler_4096_niah_multikey_3_p0203,niah_multikey_3,42,42be70ae1b5d7d8f2d25f41c1ea6c5bef44467fb3821001bd8239e7cbf7d5825,1.0,5,128000,71593,78
CT_uniform_s50,ruler4k/ruler_4096_niah_multikey_3_p0249,niah_multikey_3,42,4fffd45bb8c613b3c496fa0e52293424834107c78eb86377039d4bc2eafbc7c9,1.0,4,102400,58073,83
CT_uniform_s50,ruler4k/ruler_4096_niah_multikey_3_p0201,niah_multikey_3,42,16107492e0e1f5f3e241995fd2634504edd00904c0e19d725ab3ae560a6060fb,1.0,4,102400,56220,76
CT_uniform_s50,ruler4k/ruler_4096_niah_multikey_3_p0242,niah_multikey_3,42,f4329a354710003262cadef688f726df03362adeb32aba2eb7809f02e2dabbc4,1.0,4,102400,54807,75
CT_uniform_s50,ruler4k/ruler_4096_niah_multikey_3_p0217,niah_multikey_3,42,bca3327d5aa55bfa3ccd0ea2c83739a1ada8873e873741e3e1c46d10abffdb66,1.0,4,102400,55698,75
CT_uniform_s50,ruler4k/ruler_4096_niah_multikey_3_p0218,niah_multikey_3,42,5ee3579138079a2a3bf406113e49449c5c5486254c73d9d817ae3a58005386ba,1.0,4,102400,53970,81
CT_uniform_s50,ruler4k/ruler_4096_niah_multikey_3_p0229,niah_multikey_3,42,80d5e6407cd842e86d45150d8235f8b98caef2804f44689d318f633c844232fe,1.0,4,102400,55031,79
CT_uniform_s50,ruler4k/ruler_4096_niah_multivalue_p0333,niah_multivalue,42,cfb1f9c8c983a092c4fca7359d982b505400235942aa329a6b04f4b4ad3769ed,1.0,6,144960,51845,116
CT_uniform_s50,ruler4k/ruler_4096_niah_multivalue_p0323,niah_multivalue,42,6cfcc849348a08389dfd9360dc35be5045e03b2545c0238142e0d33500b579b2,1.0,4,96640,38739,67
CT_uniform_s50,ruler4k/ruler_4096_niah_multivalue_p0301,niah_multivalue,42,acf8258c21c0101725c9812e9febb8400cb26d111c5ff99a5e9f9c5ce5c9cf1a,1.0,3,72480,30876,67
CT_uniform_s50,ruler4k/ruler_4096_niah_multivalue_p0341,niah_multivalue,42,28db1d98fca3a475372b00bf02bcfe115a530b792736a1c023bb7c2c3b5deccd,1.0,3,77280,33748,67
CT_uniform_s50,ruler4k/ruler_4096_niah_multivalue_p0338,niah_multivalue,42,491956a4b5522d0af0ef17f13a2168ed7f82fd3c6976f2f140ee4a55d5754914,1.0,8,193280,64416,124
CT_uniform_s50,ruler4k/ruler_4096_niah_multivalue_p0306,niah_multivalue,42,1a44769372eb079188f4a23cd39ba56394aae391ba10dbedf1a7fc3fb6a65f87,1.0,4,96640,41891,67
CT_uniform_s50,ruler4k/ruler_4096_niah_multivalue_p0329,niah_multivalue,42,9ea03ab697be6f960e62e3e35e2cfb311adf0b86781e4a24646b27e846be74c0,1.0,3,72480,33182,68
CT_uniform_s50,ruler4k/ruler_4096_niah_multivalue_p0336,niah_multivalue,42,67218f00ea86276217c8f8e5a4fa2739ad7a72e31068c476b6b809646343437c,1.0,5,120800,55742,71
CT_uniform_s50,ruler4k/ruler_4096_niah_multivalue_p0305,niah_multivalue,42,0f59017fbd483ac5be5cd70d397811e097d529c2776fc6a0fdce9bbcde2dc055,1.0,9,231840,73987,128
CT_uniform_s50,ruler4k/ruler_4096_niah_multivalue_p0334,niah_multivalue,42,8408b2cc181539d721124293f71f4afe4e80fecf3be6b08f136589ab1aedbfb1,1.0,6,144960,63742,67
CT_uniform_s50,ruler4k/ruler_4096_niah_multiquery_p0250,niah_multiquery,42,d7ebeb31c67ef3aaff04b0a01f7a281e4a285a887e4088bdf1590297df0c5496,1.0,4,96640,45294,86
CT_uniform_s50,ruler4k/ruler_4096_niah_multiquery_p0281,niah_multiquery,42,25f97397c1f56fcb22753a040a6b77236c8ffabd415fc7dc413de0043d0ad5b0,1.0,6,144960,62496,89
CT_uniform_s50,ruler4k/ruler_4096_niah_multiquery_p0293,niah_multiquery,42,42cee0d9bcf07b284dea36a84610ce8eacd037e5da27b880199575aa15909544,1.0,5,120800,51075,90
CT_uniform_s50,ruler4k/ruler_4096_niah_multiquery_p0268,niah_multiquery,42,12e8eabb09dfb861ca9ef3383dc04a81adaf4050c502abdebbfb61c58afacc90,1.0,7,180320,77135,89
CT_uniform_s50,ruler4k/ruler_4096_niah_multiquery_p0273,niah_multiquery,42,561df18acab190c49616d28217638902060fe1a4b0f3aba3eaa0a587cf015a0a,1.0,4,103040,45502,88
CT_uniform_s50,ruler4k/ruler_4096_niah_multiquery_p0252,niah_multiquery,42,e9e6216e984840a8ae40adb72219eac5190bfbbe72b8156a8933b52e10836e9b,1.0,4,96640,40134,88
CT_uniform_s50,ruler4k/ruler_4096_niah_multiquery_p0266,niah_multiquery,42,74cbb1f7d07b7a148b8d78375d5d0cf013f8eb9e8b005f5af635cac28eb9b6b2,1.0,4,103040,48548,83
CT_uniform_s50,ruler4k/ruler_4096_niah_multiquery_p0298,niah_multiquery,42,73b299958b02347e43ae5a010343d9f79a81286767fa4328bd5248826e121beb,1.0,3,77280,34489,84
CT_uniform_s50,ruler4k/ruler_4096_niah_multiquery_p0264,niah_multiquery,42,d7c9f1221cd0d46c9c81dd74ef9bacbcb746734aa4e5e4e50c9ba36e70147889,1.0,4,96640,44690,87
CT_uniform_s50,ruler4k/ruler_4096_niah_multiquery_p0285,niah_multiquery,42,128d8f2fd3612e9f5ad3ff88451b44c429d77965a5c067f7608185298be544f7,1.0,6,144960,62460,91
CT_uniform_s50,ruler4k/ruler_4096_vt_p0601,vt,42,1ede7e3b3443c1da90f87dcbae808b715151e2640fae7040cd470a50adff47bf,0.0,5,130400,72423,30
CT_uniform_s50,ruler4k/ruler_4096_vt_p0617,vt,42,87aea4b59ba3a6ec618d590d946c59a031df61f8d44e5f0be8e9525a6eccd336,0.0,5,130400,71705,30
CT_uniform_s50,ruler4k/ruler_4096_vt_p0632,vt,42,5cb68cb1202f34f42296c6881510b2aca700e68c15043de09495cce28cac949c,0.0,3,78240,41780,30
CT_uniform_s50,ruler4k/ruler_4096_vt_p0618,vt,42,6c29d37fdba15c5fd2ad421103ecb98036162ec4b7435c06f3d3027f320c762d,0.0,5,130400,72801,30
CT_uniform_s50,ruler4k/ruler_4096_vt_p0603,vt,42,fe93b7aa159b81138de74e2be58b545f9b3f38aaf1119b6574944b4bb23c5fb1,0.0,6,156480,84516,30
CT_uniform_s50,ruler4k/ruler_4096_vt_p0624,vt,42,1e3f850af723b632f4d1eaab713c671a0ecfbc55d1284baae00b92865c0165da,0.0,4,104320,60691,30
CT_uniform_s50,ruler4k/ruler_4096_vt_p0607,vt,42,56b8fcd4e95162f8bcd8d7d3c9673315733632a084c7f0ff65cfe0a306019fb6,0.0,4,103680,56023,30
CT_uniform_s50,ruler4k/ruler_4096_vt_p0611,vt,42,6c6d7581df6c35f0e144bdbd5a81728a2a46452052bff2c0aa1414823c79ba21,0.0,4,101760,50056,30
CT_uniform_s50,ruler4k/ruler_4096_vt_p0623,vt,42,de3faf03d119ec292d87b818ebc27c76702806d4eacb19670dccc814d97242e6,0.0,4,104320,57196,30
CT_uniform_s50,ruler4k/ruler_4096_vt_p0620,vt,42,63626bade152cd74b6120a42fcc713e53c86518e77cf94b8bb05c941bd6eee4a,0.0,4,104320,56697,30
CT_uniform_s50,ruler4k/ruler_4096_cwe_p0045,cwe,42,bfcf4b52a0dd6646e7f1977825aed749da0db1624455550c7e4b0005d36bf4f6,1.0,15,379200,165658,63
CT_uniform_s50,ruler4k/ruler_4096_cwe_p0014,cwe,42,6358699f441f11c7ee51c51d58e4013c22272ccbcc9d74cf9c224792227c9218,1.0,10,254400,110933,64
CT_uniform_s50,ruler4k/ruler_4096_cwe_p0044,cwe,42,40da7d9a8dabc14ede9b3edd40572017ad91c060752fefb22d098b9e46a70569,1.0,10,257600,112461,68
CT_uniform_s50,ruler4k/ruler_4096_cwe_p0005,cwe,42,a1ac0ee9b8d3d6fbfea8164480699498158e4f732b8f73fefd51e45c2af7798a,1.0,18,455040,189246,103
CT_uniform_s50,ruler4k/ruler_4096_cwe_p0046,cwe,42,327255761be34b73002c16b49d33666ee697c40b80eb823e1ec9ee8d9d688038,1.0,11,283360,126495,63
CT_uniform_s50,ruler4k/ruler_4096_cwe_p0036,cwe,42,a37348e65d33b1a14bb87bbd15896f1be9a2d8a20397882f28e64026f4767bb2,1.0,12,309120,137070,62
CT_uniform_s50,ruler4k/ruler_4096_cwe_p0038,cwe,42,3d23bf868a9c20165654f8a7cc1d021bec3d59e4480962a475a1787eeeef120f,1.0,10,256000,117061,61
CT_uniform_s50,ruler4k/ruler_4096_cwe_p0034,cwe,42,a2b5f9d437342694356a5bed5caa56516720c3c24209f10861dc66889f2cc4e5,1.0,10,257600,114222,62
CT_uniform_s50,ruler4k/ruler_4096_cwe_p0004,cwe,42,12780ec9ff7d288d30ed09b658dd44e997d76aa4e696983f3e4779e953fe8f04,1.0,9,230400,102571,62
CT_uniform_s50,ruler4k/ruler_4096_cwe_p0008,cwe,42,b81f61ad0d24a56feae85508d58c480040d0091f28c2682d5792bc97797325bd,1.0,10,257600,115658,62
CT_uniform_s50,ruler4k/ruler_4096_fwe_p0087,fwe,42,16fa298c7245985713964f55babd9941866cd9f502561a080f2e1da4e46a255f,1.0,8,203520,107425,16
CT_uniform_s50,ruler4k/ruler_4096_fwe_p0096,fwe,42,57da086ecbea39898f7725d2a5594d0891924b1192f7cc832a39d3305048cdd9,1.0,3,76320,40238,24
CT_uniform_s50,ruler4k/ruler_4096_fwe_p0067,fwe,42,6a00968813b930890b9d8a8236d421df73bb5653893e13b5579b1396a9f7e2b8,1.0,3,76800,39747,22
CT_uniform_s50,ruler4k/ruler_4096_fwe_p0062,fwe,42,b9486e82e0a9970ff4f752085832989c02d3e0186e95a2b748bd9629e256facb,1.0,4,104320,56260,24
CT_uniform_s50,ruler4k/ruler_4096_fwe_p0088,fwe,42,8d120b2a4312ea91cd33c537f1cd10e6060c0a7e261052b2db531798e5e07bad,1.0,3,76320,41114,23
CT_uniform_s50,ruler4k/ruler_4096_fwe_p0052,fwe,42,5a6004725b0a53d258f50ef247b40ea89414457abad6c43ecc9bb49f74e1169c,1.0,4,101760,54474,24
CT_uniform_s50,ruler4k/ruler_4096_fwe_p0085,fwe,42,ce7fba76f73da72a29cb1a9eb674685845459dadf47bb1218e612954babad932,1.0,4,102400,54878,22
CT_uniform_s50,ruler4k/ruler_4096_fwe_p0071,fwe,42,d843973080e5f93e1b39ce8cce5341d583b62b232342095ce6bf506321e01a94,1.0,5,128800,69460,23
CT_uniform_s50,ruler4k/ruler_4096_fwe_p0075,fwe,42,74dab99d0aab3c14e77ba11a0d77b82c8d75abe3d622688ef64ebbc34be1644e,1.0,4,101120,55075,21
CT_uniform_s50,ruler4k/ruler_4096_fwe_p0086,fwe,42,69670b27321fec6e735e4361d7b73c0920496cf79e1f424cff8d5a51ba3694fe,1.0,4,100480,55680,20
CT_uniform_s50,ruler4k/ruler_4096_qa_1_p0505,qa_1,42,dfc616957fca79c516c29b6044a180b83f077b296a3202eedafb4e31029e4a76,0.0,2,51200,26135,10
CT_uniform_s50,ruler4k/ruler_4096_qa_1_p0517,qa_1,42,a007c13dd1a196fb2ee764d65413cccb1d07b5cc996a33955f72923a68b3ee23,1.0,4,99200,47316,21
CT_uniform_s50,ruler4k/ruler_4096_qa_1_p0501,qa_1,42,852969255c427f2ca395afdce4e633ba40eb8fb5921817992fc643ba1ab16b6d,1.0,5,123200,59428,24
CT_uniform_s50,ruler4k/ruler_4096_qa_1_p0530,qa_1,42,a162c6477c6e6478fb97d42ec11716df2abc134feac1b5ec765622b9a358d3a2,1.0,3,75360,37253,8
CT_uniform_s50,ruler4k/ruler_4096_qa_1_p0509,qa_1,42,255353b20d8ffd2d962d5830853b81014b8e4e2ad113cbe116fe1b2754189273,1.0,2,50240,25926,8
CT_uniform_s50,ruler4k/ruler_4096_qa_1_p0549,qa_1,42,7d23ac5addd3206ea31de7705e76364b7d656d00cfd14354fa752b9e29579ae1,1.0,2,49600,24484,9
CT_uniform_s50,ruler4k/ruler_4096_qa_1_p0514,qa_1,42,fcc5d586ab237ca84d597be8cd62496aeaa4374406bcbf84b9300656fe7288ad,1.0,5,126400,61584,18
CT_uniform_s50,ruler4k/ruler_4096_qa_1_p0540,qa_1,42,333bb0dd8a9972c275fa9648978027c2a9fce7c10bb749106c0ccf25c0bb3612,1.0,2,44480,19568,10
CT_uniform_s50,ruler4k/ruler_4096_qa_1_p0547,qa_1,42,811492b67af1ca7b375cc9017391a98155b214f7e2bb59abef0a79f75c6d70bf,1.0,2,51840,26402,6
CT_uniform_s50,ruler4k/ruler_4096_qa_1_p0512,qa_1,42,660de8b61e41aa812403f334efcf909030631eb1e715a2764de1013981474ad5,1.0,3,74400,36070,9
CT_uniform_s50,ruler4k/ruler_4096_qa_2_p0579,qa_2,42,515a1c9665425cbaaa1ae73b35d7616c50164b5880b10ba16d2d3cb581db8077,1.0,2,48640,24670,9
CT_uniform_s50,ruler4k/ruler_4096_qa_2_p0588,qa_2,42,82a062b715ce57274a81267e8873b62e736b3d10889f90bdf3a43a3808af23aa,1.0,3,73920,41229,6
CT_uniform_s50,ruler4k/ruler_4096_qa_2_p0551,qa_2,42,0c9d305f8640e44a8eee5fc63f283e409133ef5725d62b81317698828faecec2,1.0,5,116000,54839,21
CT_uniform_s50,ruler4k/ruler_4096_qa_2_p0578,qa_2,42,cb4967b2c0e4b0770e147781ec0b71d6ef2bfbb2f4a21ae376e3f79d9db6d885,1.0,3,71520,35527,9
CT_uniform_s50,ruler4k/ruler_4096_qa_2_p0583,qa_2,42,1ad492cdc5f1ff709e7d4c315cf766a566cf50f947e2a5aaa951bda8035ea058,1.0,2,50880,27333,6
CT_uniform_s50,ruler4k/ruler_4096_qa_2_p0599,qa_2,42,5dfd7c7563dfc5e3f32396a60b8c9d9dbf1346a7780553e50810c9485a6a0adb,0.0,4,84480,37248,32
CT_uniform_s50,ruler4k/ruler_4096_qa_2_p0589,qa_2,42,827954e15839b8ac59fb7e394b606d5eee0fd6f268f8832105e952034e485b7e,0.0,4,99200,52742,7
CT_uniform_s50,ruler4k/ruler_4096_qa_2_p0559,qa_2,42,d55a6754a18b806b7b459ba27c9c9aaa785002acfcae3c2dde82d74ba0ac677a,1.0,4,98560,54757,6
CT_uniform_s50,ruler4k/ruler_4096_qa_2_p0577,qa_2,42,60904ecb62467215293c6410d8edf1c80f081dd77dd637ece0c13ab0080c001e,1.0,2,48000,24531,6
CT_uniform_s50,ruler4k/ruler_4096_qa_2_p0574,qa_2,42,a12ffe9225044b65b59b8c16d21eba0198d2f8d87f7e24e0ec2bc3b146b9d9c4,1.0,5,116000,59240,13
bootstrap_unweighted_s50,ruler4k/ruler_4096_niah_single_1_p0391,niah_single_1,42,84b2a69d0f8ac3fdac3e2ec089bff85b2f7594e7a19aa175c45a04fa35d75559,1.0,3,77280,37231,23
bootstrap_unweighted_s50,ruler4k/ruler_4096_niah_single_1_p0365,niah_single_1,42,362202745bfe5344c23483c584679b8839fa7f402a2275b041ef2e2eb0391df7,1.0,3,77280,36161,28
bootstrap_unweighted_s50,ruler4k/ruler_4096_niah_single_1_p0359,niah_single_1,42,22c4aa54f702816bb0df17c72a45850f72c43521617c0530b766b288d42f243c,1.0,4,103040,56027,24
bootstrap_unweighted_s50,ruler4k/ruler_4096_niah_single_1_p0356,niah_single_1,42,e16efe4e6f2434fe8070e5bd2ff9472be7f1f120929e46ab729ef1df42a999d4,1.0,4,103040,53884,28
bootstrap_unweighted_s50,ruler4k/ruler_4096_niah_single_1_p0393,niah_single_1,42,2468ef9fd703f76cd57ba84a60c67a685a020d08698b2530f7d9e692ba5f44f0,1.0,4,103040,54196,28
bootstrap_unweighted_s50,ruler4k/ruler_4096_niah_single_1_p0398,niah_single_1,42,97ce39fbf2025ceccac24ea9ecf655eb0604555785dbf104316e69637543ae8a,1.0,5,128800,70457,27
bootstrap_unweighted_s50,ruler4k/ruler_4096_niah_single_1_p0373,niah_single_1,42,4c47f2828d442b0e5c0132156bd91b3ccbac339bb35f6c08447aa4cb23995306,1.0,4,103040,54996,24
bootstrap_unweighted_s50,ruler4k/ruler_4096_niah_single_1_p0377,niah_single_1,42,b4b8b756d972020e9195f5487cd62eeb6355deef26eb2e8911eb7b203abb471d,1.0,5,128800,72614,28
bootstrap_unweighted_s50,ruler4k/ruler_4096_niah_single_1_p0386,niah_single_1,42,c191837a0906eef75a272f52e39b79b35e2026870a511f6c47a1b8fd0104e6ca,1.0,4,103040,53430,29
bootstrap_unweighted_s50,ruler4k/ruler_4096_niah_single_1_p0351,niah_single_1,42,4c5f87a7a4649fc38d57467051741d7abc30a788413f42f212337c9144556fb0,1.0,4,103040,54867,29
bootstrap_unweighted_s50,ruler4k/ruler_4096_niah_single_2_p0418,niah_single_2,42,0c0970c55b901cac5e827bbc91c518ef9b6dd44decf09886a0e87b506488da09,1.0,3,72480,30112,25
bootstrap_unweighted_s50,ruler4k/ruler_4096_niah_single_2_p0417,niah_single_2,42,9c24e81e63ccf9b37fd55a283a9de43b4cf8bdb8eca9700fd8780a44838a5b8a,1.0,4,103040,48861,27
bootstrap_unweighted_s50,ruler4k/ruler_4096_niah_single_2_p0405,niah_single_2,42,12e3b643f0882dc1dd9c6bbbade302379bb4a2ca908d8d752366227d34af9c43,1.0,4,96640,45318,29
bootstrap_unweighted_s50,ruler4k/ruler_4096_niah_single_2_p0433,niah_single_2,42,e68d45a10f3b6a2f2b432fee6387943942b3fc79e87860c551174e708fd6f712,1.0,3,77280,33797,27
bootstrap_unweighted_s50,ruler4k/ruler_4096_niah_single_2_p0426,niah_single_2,42,e19912aa9fc527c02b94c5a6f9bd25b4a3b8860c0cf543acb7b2a6752625b655,1.0,4,103040,48399,27
bootstrap_unweighted_s50,ruler4k/ruler_4096_niah_single_2_p0400,niah_single_2,42,23a78905359fae6c5b256969d7d7956bcac6bfedc6d6ba72c84e35f9e3c2b9d7,1.0,4,96640,45799,28
bootstrap_unweighted_s50,ruler4k/ruler_4096_niah_single_2_p0429,niah_single_2,42,e6ae2e08b0022a1ab48df4a5249081768fbb7e281ae068e82284f6fdf1918129,1.0,4,96640,44583,27
bootstrap_unweighted_s50,ruler4k/ruler_4096_niah_single_2_p0421,niah_single_2,42,35c2242668136cab280c6ec7c44248b6367ca3811041a841fc98747095cb0852,1.0,3,77280,33210,27
bootstrap_unweighted_s50,ruler4k/ruler_4096_niah_single_2_p0428,niah_single_2,42,54ec3d0c7373a71a8c2ea1b0ed51bd6800842bd574fa81ac644aede61ff7173b,1.0,5,120800,63563,23
bootstrap_unweighted_s50,ruler4k/ruler_4096_niah_single_2_p0437,niah_single_2,42,6064a204397272c101337e8220e155be0f35a2273bae28924392d42a2944d742,1.0,4,103040,48204,27
bootstrap_unweighted_s50,ruler4k/ruler_4096_niah_single_3_p0468,niah_single_3,42,c3af63f11f27389ecd37df152d67c64d30cd233b8f5c795f95992f10b44cef78,1.0,4,96640,44279,50
bootstrap_unweighted_s50,ruler4k/ruler_4096_niah_single_3_p0488,niah_single_3,42,56211e5bbb129174027e38ed20ea8a6fc6e73bea003e9590298b4044bfc46cae,1.0,3,77280,33705,55
bootstrap_unweighted_s50,ruler4k/ruler_4096_niah_single_3_p0475,niah_single_3,42,7e9be5b0cbcf1dcbc00b2d27562173289648f82c0d9afa6be2663e5c09047119,1.0,5,128800,69118,55
bootstrap_unweighted_s50,ruler4k/ruler_4096_niah_single_3_p0480,niah_single_3,42,8497f42fbfcb5ecb8b8a1bbac254b56627c0acd6a69feee34c318dcfd422f2b9,1.0,4,103040,49208,51
bootstrap_unweighted_s50,ruler4k/ruler_4096_niah_single_3_p0451,niah_single_3,42,744f1a24096d7c51556722f87836779c8e1e172f920002ee79d5ba00fd2693be,1.0,5,128800,64673,54
bootstrap_unweighted_s50,ruler4k/ruler_4096_niah_single_3_p0493,niah_single_3,42,206b9337b07a90a72a6663a468f70081366e428ce603582cde0b5f8e6074b221,1.0,4,96640,46513,54
bootstrap_unweighted_s50,ruler4k/ruler_4096_niah_single_3_p0495,niah_single_3,42,65b164e9cb3f7277ed3185e5fadd121041b09ee6ccf2a688351bde02a9bd5299,1.0,10,257600,147690,53
bootstrap_unweighted_s50,ruler4k/ruler_4096_niah_single_3_p0477,niah_single_3,42,ec8175b5f240daa35661b164849eb91484c7c48b1500f8b887fe7355e3dd8f9f,1.0,5,120800,60921,51
bootstrap_unweighted_s50,ruler4k/ruler_4096_niah_single_3_p0491,niah_single_3,42,afbd45c86baed29f525f8652ca4a7afef5e5d0fcea1c22e486b3ab190c141d36,1.0,4,96640,46021,52
bootstrap_unweighted_s50,ruler4k/ruler_4096_niah_single_3_p0464,niah_single_3,42,0def02e1833e5105697c667982c3db6b74fc599b3a23c1a1632eaed4930b203f,1.0,4,103040,51077,55
bootstrap_unweighted_s50,ruler4k/ruler_4096_niah_multikey_1_p0143,niah_multikey_1,42,a4136de5f5df6c5da1bb8626f811a0e2c6c451efcb0a58778889c84d78779bb1,1.0,4,96640,45202,29
bootstrap_unweighted_s50,ruler4k/ruler_4096_niah_multikey_1_p0130,niah_multikey_1,42,81ad2a12d9f42eb8553575cad78177b9d8e054a36587177d53e9bb832992d744,1.0,4,96640,46147,27
bootstrap_unweighted_s50,ruler4k/ruler_4096_niah_multikey_1_p0104,niah_multikey_1,42,5949da444aa40e059027de62e9846fe4bf01d0b982dc634c685e4523057dec47,1.0,4,96640,47461,27
bootstrap_unweighted_s50,ruler4k/ruler_4096_niah_multikey_1_p0140,niah_multikey_1,42,0dac50fb3c9a7cf274d390fc33deaaef863304b2b8cc58c26426b01b34360acd,1.0,3,72480,29976,25
bootstrap_unweighted_s50,ruler4k/ruler_4096_niah_multikey_1_p0109,niah_multikey_1,42,eb29119b567c1acfc3fddd7dc23d99e3d07a451df1e9340863c41ab76fec8279,1.0,4,96640,43463,29
bootstrap_unweighted_s50,ruler4k/ruler_4096_niah_multikey_1_p0112,niah_multikey_1,42,64a2a5358813d7cc70dee30933034b553e8ff4289fc2abfa2c0cac0577bd9869,1.0,5,120800,61397,28
bootstrap_unweighted_s50,ruler4k/ruler_4096_niah_multikey_1_p0110,niah_multikey_1,42,0e985d0395cfd78473b765322e48855d9338f4292cc653dc4921ddd64e7aa6aa,1.0,4,96640,42365,28
bootstrap_unweighted_s50,ruler4k/ruler_4096_niah_multikey_1_p0115,niah_multikey_1,42,eb7e20f6e8cd8787f1bdc6806bf396684517cb30e9a27351d0804cd4226948a7,1.0,4,96640,44356,28
bootstrap_unweighted_s50,ruler4k/ruler_4096_niah_multikey_1_p0124,niah_multikey_1,42,813f07f91b5e61c369a986a6e0af49e8d31e8f836d6b80546513c9d17c4a822d,1.0,5,120800,61070,27
bootstrap_unweighted_s50,ruler4k/ruler_4096_niah_multikey_1_p0138,niah_multikey_1,42,7458699c703be6ff351e77d62d5262b50c1c149ddc8ff259fe40054e25393e9d,1.0,4,96640,43782,25
bootstrap_unweighted_s50,ruler4k/ruler_4096_niah_multikey_2_p0155,niah_multikey_2,42,89c401d63e557be37a2c9112dd8f8a9a5b86a1a4ddfef2bb152e3d3624581de6,1.0,3,77280,35628,24
bootstrap_unweighted_s50,ruler4k/ruler_4096_niah_multikey_2_p0187,niah_multikey_2,42,b2b7c440a1d1925f2db27831d670136208061acf4309c804e48710e2e2b096ba,1.0,3,77280,34592,23
bootstrap_unweighted_s50,ruler4k/ruler_4096_niah_multikey_2_p0199,niah_multikey_2,42,113cceb69e7cad1008b8faca879924601c4493030f01c185a0c143d1e35b5dec,1.0,3,72960,32429,24
bootstrap_unweighted_s50,ruler4k/ruler_4096_niah_multikey_2_p0172,niah_multikey_2,42,299c5ce6f3b0ebeed623c66095efe93c8d28ff455696651e7a173c70f736ed2b,1.0,3,77280,35408,23
bootstrap_unweighted_s50,ruler4k/ruler_4096_niah_multikey_2_p0160,niah_multikey_2,42,3652c8d513a6b1df9c2e8e3b8ed23eb74cdf168726c457745e5244234b8ac1da,1.0,3,77280,35615,26
bootstrap_unweighted_s50,ruler4k/ruler_4096_niah_multikey_2_p0192,niah_multikey_2,42,263394c74e36959c503d578504af247e8f4cf5cb7580ad67bfb1f10c4be191d4,1.0,3,77280,34969,24
bootstrap_unweighted_s50,ruler4k/ruler_4096_niah_multikey_2_p0191,niah_multikey_2,42,f412410977db6e493a67db293bc7d42ac0dd4318b396cfb4c964979dd3893c60,1.0,3,77280,35443,24
bootstrap_unweighted_s50,ruler4k/ruler_4096_niah_multikey_2_p0186,niah_multikey_2,42,9a6750843eef9b6a259296690d489f907f8cadc16f29aedbb8d0492512c00168,1.0,3,77280,35542,24
bootstrap_unweighted_s50,ruler4k/ruler_4096_niah_multikey_2_p0188,niah_multikey_2,42,79511fa19beeb3d6933bfe7327175585524e911f7a0f81655720b2aca3a0ba0c,1.0,3,77280,34988,24
bootstrap_unweighted_s50,ruler4k/ruler_4096_niah_multikey_2_p0195,niah_multikey_2,42,f723391fa64b17bbbd3fe15c5144633074bdb872e8e5510aa6f7047e55cb924d,1.0,3,77280,35882,24
bootstrap_unweighted_s50,ruler4k/ruler_4096_niah_multikey_3_p0221,niah_multikey_3,42,f8dd0f93eb33e91a61cf7fab499ffd7585047ae2afcf9f0d1a3160fd4341ed35,1.0,5,128000,69825,78
bootstrap_unweighted_s50,ruler4k/ruler_4096_niah_multikey_3_p0247,niah_multikey_3,42,ae30df60444546e8777ee802f719cfae5dfe7ceae7b8f13f46e9b409ea28a312,1.0,5,128000,66403,78
bootstrap_unweighted_s50,ruler4k/ruler_4096_niah_multikey_3_p0222,niah_multikey_3,42,eafa5bd73b366cbcac052d45d993a4d8f72a6c7cc5293a69af6f1fc6b7e44b91,1.0,4,102400,48648,77
bootstrap_unweighted_s50,ruler4k/ruler_4096_niah_multikey_3_p0203,niah_multikey_3,42,42be70ae1b5d7d8f2d25f41c1ea6c5bef44467fb3821001bd8239e7cbf7d5825,1.0,3,76800,33911,78
bootstrap_unweighted_s50,ruler4k/ruler_4096_niah_multikey_3_p0249,niah_multikey_3,42,4fffd45bb8c613b3c496fa0e52293424834107c78eb86377039d4bc2eafbc7c9,1.0,4,102400,51664,83
bootstrap_unweighted_s50,ruler4k/ruler_4096_niah_multikey_3_p0201,niah_multikey_3,42,16107492e0e1f5f3e241995fd2634504edd00904c0e19d725ab3ae560a6060fb,1.0,6,153600,83813,76
bootstrap_unweighted_s50,ruler4k/ruler_4096_niah_multikey_3_p0242,niah_multikey_3,42,f4329a354710003262cadef688f726df03362adeb32aba2eb7809f02e2dabbc4,1.0,5,128000,65759,75
bootstrap_unweighted_s50,ruler4k/ruler_4096_niah_multikey_3_p0217,niah_multikey_3,42,bca3327d5aa55bfa3ccd0ea2c83739a1ada8873e873741e3e1c46d10abffdb66,1.0,5,128000,67203,75
bootstrap_unweighted_s50,ruler4k/ruler_4096_niah_multikey_3_p0218,niah_multikey_3,42,5ee3579138079a2a3bf406113e49449c5c5486254c73d9d817ae3a58005386ba,1.0,4,102400,48535,81
bootstrap_unweighted_s50,ruler4k/ruler_4096_niah_multikey_3_p0229,niah_multikey_3,42,80d5e6407cd842e86d45150d8235f8b98caef2804f44689d318f633c844232fe,1.0,4,102400,50646,79
bootstrap_unweighted_s50,ruler4k/ruler_4096_niah_multivalue_p0333,niah_multivalue,42,cfb1f9c8c983a092c4fca7359d982b505400235942aa329a6b04f4b4ad3769ed,1.0,14,338240,167148,121
bootstrap_unweighted_s50,ruler4k/ruler_4096_niah_multivalue_p0323,niah_multivalue,42,6cfcc849348a08389dfd9360dc35be5045e03b2545c0238142e0d33500b579b2,1.0,5,120800,54646,67
bootstrap_unweighted_s50,ruler4k/ruler_4096_niah_multivalue_p0301,niah_multivalue,42,acf8258c21c0101725c9812e9febb8400cb26d111c5ff99a5e9f9c5ce5c9cf1a,1.0,5,120800,57306,67
bootstrap_unweighted_s50,ruler4k/ruler_4096_niah_multivalue_p0341,niah_multivalue,42,28db1d98fca3a475372b00bf02bcfe115a530b792736a1c023bb7c2c3b5deccd,1.0,6,154560,77173,67
bootstrap_unweighted_s50,ruler4k/ruler_4096_niah_multivalue_p0338,niah_multivalue,42,491956a4b5522d0af0ef17f13a2168ed7f82fd3c6976f2f140ee4a55d5754914,1.0,8,193280,99630,71
bootstrap_unweighted_s50,ruler4k/ruler_4096_niah_multivalue_p0306,niah_multivalue,42,1a44769372eb079188f4a23cd39ba56394aae391ba10dbedf1a7fc3fb6a65f87,1.0,5,120800,58354,71
bootstrap_unweighted_s50,ruler4k/ruler_4096_niah_multivalue_p0329,niah_multivalue,42,9ea03ab697be6f960e62e3e35e2cfb311adf0b86781e4a24646b27e846be74c0,1.0,6,144960,73327,68
bootstrap_unweighted_s50,ruler4k/ruler_4096_niah_multivalue_p0336,niah_multivalue,42,67218f00ea86276217c8f8e5a4fa2739ad7a72e31068c476b6b809646343437c,1.0,5,120800,58867,71
bootstrap_unweighted_s50,ruler4k/ruler_4096_niah_multivalue_p0305,niah_multivalue,42,0f59017fbd483ac5be5cd70d397811e097d529c2776fc6a0fdce9bbcde2dc055,1.0,31,798560,391625,128
bootstrap_unweighted_s50,ruler4k/ruler_4096_niah_multivalue_p0334,niah_multivalue,42,8408b2cc181539d721124293f71f4afe4e80fecf3be6b08f136589ab1aedbfb1,1.0,4,96640,41841,67
bootstrap_unweighted_s50,ruler4k/ruler_4096_niah_multiquery_p0250,niah_multiquery,42,d7ebeb31c67ef3aaff04b0a01f7a281e4a285a887e4088bdf1590297df0c5496,1.0,4,96640,43534,85
bootstrap_unweighted_s50,ruler4k/ruler_4096_niah_multiquery_p0281,niah_multiquery,42,25f97397c1f56fcb22753a040a6b77236c8ffabd415fc7dc413de0043d0ad5b0,1.0,5,120800,56727,89
bootstrap_unweighted_s50,ruler4k/ruler_4096_niah_multiquery_p0293,niah_multiquery,42,42cee0d9bcf07b284dea36a84610ce8eacd037e5da27b880199575aa15909544,1.0,4,96640,43006,89
bootstrap_unweighted_s50,ruler4k/ruler_4096_niah_multiquery_p0268,niah_multiquery,42,12e8eabb09dfb861ca9ef3383dc04a81adaf4050c502abdebbfb61c58afacc90,1.0,5,128800,61012,90
bootstrap_unweighted_s50,ruler4k/ruler_4096_niah_multiquery_p0273,niah_multiquery,42,561df18acab190c49616d28217638902060fe1a4b0f3aba3eaa0a587cf015a0a,1.0,5,128800,58775,85
bootstrap_unweighted_s50,ruler4k/ruler_4096_niah_multiquery_p0252,niah_multiquery,42,e9e6216e984840a8ae40adb72219eac5190bfbbe72b8156a8933b52e10836e9b,1.0,4,96640,41873,88
bootstrap_unweighted_s50,ruler4k/ruler_4096_niah_multiquery_p0266,niah_multiquery,42,74cbb1f7d07b7a148b8d78375d5d0cf013f8eb9e8b005f5af635cac28eb9b6b2,1.0,5,128800,63894,83
bootstrap_unweighted_s50,ruler4k/ruler_4096_niah_multiquery_p0298,niah_multiquery,42,73b299958b02347e43ae5a010343d9f79a81286767fa4328bd5248826e121beb,1.0,5,128800,61731,85
bootstrap_unweighted_s50,ruler4k/ruler_4096_niah_multiquery_p0264,niah_multiquery,42,d7c9f1221cd0d46c9c81dd74ef9bacbcb746734aa4e5e4e50c9ba36e70147889,1.0,5,120800,57908,86
bootstrap_unweighted_s50,ruler4k/ruler_4096_niah_multiquery_p0285,niah_multiquery,42,128d8f2fd3612e9f5ad3ff88451b44c429d77965a5c067f7608185298be544f7,1.0,7,169120,85069,87
bootstrap_unweighted_s50,ruler4k/ruler_4096_vt_p0601,vt,42,1ede7e3b3443c1da90f87dcbae808b715151e2640fae7040cd470a50adff47bf,0.0,5,130400,68758,30
bootstrap_unweighted_s50,ruler4k/ruler_4096_vt_p0617,vt,42,87aea4b59ba3a6ec618d590d946c59a031df61f8d44e5f0be8e9525a6eccd336,0.0,10,260800,153733,30
bootstrap_unweighted_s50,ruler4k/ruler_4096_vt_p0632,vt,42,5cb68cb1202f34f42296c6881510b2aca700e68c15043de09495cce28cac949c,0.0,5,130400,68804,30
bootstrap_unweighted_s50,ruler4k/ruler_4096_vt_p0618,vt,42,6c29d37fdba15c5fd2ad421103ecb98036162ec4b7435c06f3d3027f320c762d,0.0,7,182560,104792,30
bootstrap_unweighted_s50,ruler4k/ruler_4096_vt_p0603,vt,42,fe93b7aa159b81138de74e2be58b545f9b3f38aaf1119b6574944b4bb23c5fb1,0.0,4,104320,50229,30
bootstrap_unweighted_s50,ruler4k/ruler_4096_vt_p0624,vt,42,1e3f850af723b632f4d1eaab713c671a0ecfbc55d1284baae00b92865c0165da,0.0,5,130400,70234,30
bootstrap_unweighted_s50,ruler4k/ruler_4096_vt_p0607,vt,42,56b8fcd4e95162f8bcd8d7d3c9673315733632a084c7f0ff65cfe0a306019fb6,0.0,4,103680,49672,30
bootstrap_unweighted_s50,ruler4k/ruler_4096_vt_p0611,vt,42,6c6d7581df6c35f0e144bdbd5a81728a2a46452052bff2c0aa1414823c79ba21,0.0,6,152640,82036,30
bootstrap_unweighted_s50,ruler4k/ruler_4096_vt_p0623,vt,42,de3faf03d119ec292d87b818ebc27c76702806d4eacb19670dccc814d97242e6,0.0,4,104320,51261,30
bootstrap_unweighted_s50,ruler4k/ruler_4096_vt_p0620,vt,42,63626bade152cd74b6120a42fcc713e53c86518e77cf94b8bb05c941bd6eee4a,0.0,5,130400,69130,30
bootstrap_unweighted_s50,ruler4k/ruler_4096_cwe_p0045,cwe,42,bfcf4b52a0dd6646e7f1977825aed749da0db1624455550c7e4b0005d36bf4f6,1.0,15,379200,196210,63
bootstrap_unweighted_s50,ruler4k/ruler_4096_cwe_p0014,cwe,42,6358699f441f11c7ee51c51d58e4013c22272ccbcc9d74cf9c224792227c9218,1.0,17,432480,233168,64
bootstrap_unweighted_s50,ruler4k/ruler_4096_cwe_p0044,cwe,42,40da7d9a8dabc14ede9b3edd40572017ad91c060752fefb22d098b9e46a70569,1.0,26,669760,367349,68
bootstrap_unweighted_s50,ruler4k/ruler_4096_cwe_p0005,cwe,42,a1ac0ee9b8d3d6fbfea8164480699498158e4f732b8f73fefd51e45c2af7798a,1.0,37,935360,511415,103
bootstrap_unweighted_s50,ruler4k/ruler_4096_cwe_p0046,cwe,42,327255761be34b73002c16b49d33666ee697c40b80eb823e1ec9ee8d9d688038,1.0,16,412160,225213,63
bootstrap_unweighted_s50,ruler4k/ruler_4096_cwe_p0036,cwe,42,a37348e65d33b1a14bb87bbd15896f1be9a2d8a20397882f28e64026f4767bb2,1.0,15,386400,210805,62
bootstrap_unweighted_s50,ruler4k/ruler_4096_cwe_p0038,cwe,42,3d23bf868a9c20165654f8a7cc1d021bec3d59e4480962a475a1787eeeef120f,1.0,17,435200,234952,61
bootstrap_unweighted_s50,ruler4k/ruler_4096_cwe_p0034,cwe,42,a2b5f9d437342694356a5bed5caa56516720c3c24209f10861dc66889f2cc4e5,1.0,13,334880,174991,62
bootstrap_unweighted_s50,ruler4k/ruler_4096_cwe_p0004,cwe,42,12780ec9ff7d288d30ed09b658dd44e997d76aa4e696983f3e4779e953fe8f04,1.0,17,435200,238084,62
bootstrap_unweighted_s50,ruler4k/ruler_4096_cwe_p0008,cwe,42,b81f61ad0d24a56feae85508d58c480040d0091f28c2682d5792bc97797325bd,1.0,13,334880,175858,62
bootstrap_unweighted_s50,ruler4k/ruler_4096_fwe_p0087,fwe,42,16fa298c7245985713964f55babd9941866cd9f502561a080f2e1da4e46a255f,0.6667000000000001,4,101760,47495,22
bootstrap_unweighted_s50,ruler4k/ruler_4096_fwe_p0096,fwe,42,57da086ecbea39898f7725d2a5594d0891924b1192f7cc832a39d3305048cdd9,1.0,4,101760,49145,24
bootstrap_unweighted_s50,ruler4k/ruler_4096_fwe_p0067,fwe,42,6a00968813b930890b9d8a8236d421df73bb5653893e13b5579b1396a9f7e2b8,1.0,5,128000,66749,22
bootstrap_unweighted_s50,ruler4k/ruler_4096_fwe_p0062,fwe,42,b9486e82e0a9970ff4f752085832989c02d3e0186e95a2b748bd9629e256facb,1.0,3,78240,33985,24
bootstrap_unweighted_s50,ruler4k/ruler_4096_fwe_p0088,fwe,42,8d120b2a4312ea91cd33c537f1cd10e6060c0a7e261052b2db531798e5e07bad,1.0,4,101760,50703,23
bootstrap_unweighted_s50,ruler4k/ruler_4096_fwe_p0052,fwe,42,5a6004725b0a53d258f50ef247b40ea89414457abad6c43ecc9bb49f74e1169c,1.0,4,101760,49945,24
bootstrap_unweighted_s50,ruler4k/ruler_4096_fwe_p0085,fwe,42,ce7fba76f73da72a29cb1a9eb674685845459dadf47bb1218e612954babad932,1.0,6,153600,81205,22
bootstrap_unweighted_s50,ruler4k/ruler_4096_fwe_p0071,fwe,42,d843973080e5f93e1b39ce8cce5341d583b62b232342095ce6bf506321e01a94,1.0,4,103040,50685,23
bootstrap_unweighted_s50,ruler4k/ruler_4096_fwe_p0075,fwe,42,74dab99d0aab3c14e77ba11a0d77b82c8d75abe3d622688ef64ebbc34be1644e,1.0,4,101120,49678,21
bootstrap_unweighted_s50,ruler4k/ruler_4096_fwe_p0086,fwe,42,69670b27321fec6e735e4361d7b73c0920496cf79e1f424cff8d5a51ba3694fe,1.0,4,100480,49751,20
bootstrap_unweighted_s50,ruler4k/ruler_4096_qa_1_p0505,qa_1,42,dfc616957fca79c516c29b6044a180b83f077b296a3202eedafb4e31029e4a76,0.0,2,51200,15903,10
bootstrap_unweighted_s50,ruler4k/ruler_4096_qa_1_p0517,qa_1,42,a007c13dd1a196fb2ee764d65413cccb1d07b5cc996a33955f72923a68b3ee23,1.0,4,99200,43737,19
bootstrap_unweighted_s50,ruler4k/ruler_4096_qa_1_p0501,qa_1,42,852969255c427f2ca395afdce4e633ba40eb8fb5921817992fc643ba1ab16b6d,1.0,3,73920,30004,17
bootstrap_unweighted_s50,ruler4k/ruler_4096_qa_1_p0530,qa_1,42,a162c6477c6e6478fb97d42ec11716df2abc134feac1b5ec765622b9a358d3a2,0.0,5,125600,60043,8
bootstrap_unweighted_s50,ruler4k/ruler_4096_qa_1_p0509,qa_1,42,255353b20d8ffd2d962d5830853b81014b8e4e2ad113cbe116fe1b2754189273,1.0,3,75360,31385,8
bootstrap_unweighted_s50,ruler4k/ruler_4096_qa_1_p0549,qa_1,42,7d23ac5addd3206ea31de7705e76364b7d656d00cfd14354fa752b9e29579ae1,1.0,3,74400,30532,9
bootstrap_unweighted_s50,ruler4k/ruler_4096_qa_1_p0514,qa_1,42,fcc5d586ab237ca84d597be8cd62496aeaa4374406bcbf84b9300656fe7288ad,1.0,5,126400,62365,11
bootstrap_unweighted_s50,ruler4k/ruler_4096_qa_1_p0540,qa_1,42,333bb0dd8a9972c275fa9648978027c2a9fce7c10bb749106c0ccf25c0bb3612,1.0,2,44480,12312,10
bootstrap_unweighted_s50,ruler4k/ruler_4096_qa_1_p0547,qa_1,42,811492b67af1ca7b375cc9017391a98155b214f7e2bb59abef0a79f75c6d70bf,1.0,2,51840,16220,6
bootstrap_unweighted_s50,ruler4k/ruler_4096_qa_1_p0512,qa_1,42,660de8b61e41aa812403f334efcf909030631eb1e715a2764de1013981474ad5,1.0,4,99200,44362,8
bootstrap_unweighted_s50,ruler4k/ruler_4096_qa_2_p0579,qa_2,42,515a1c9665425cbaaa1ae73b35d7616c50164b5880b10ba16d2d3cb581db8077,1.0,2,48640,15162,9
bootstrap_unweighted_s50,ruler4k/ruler_4096_qa_2_p0588,qa_2,42,82a062b715ce57274a81267e8873b62e736b3d10889f90bdf3a43a3808af23aa,1.0,2,49280,16313,6
bootstrap_unweighted_s50,ruler4k/ruler_4096_qa_2_p0551,qa_2,42,0c9d305f8640e44a8eee5fc63f283e409133ef5725d62b81317698828faecec2,1.0,5,116000,53465,22
bootstrap_unweighted_s50,ruler4k/ruler_4096_qa_2_p0578,qa_2,42,cb4967b2c0e4b0770e147781ec0b71d6ef2bfbb2f4a21ae376e3f79d9db6d885,1.0,2,47680,14388,9
bootstrap_unweighted_s50,ruler4k/ruler_4096_qa_2_p0583,qa_2,42,1ad492cdc5f1ff709e7d4c315cf766a566cf50f947e2a5aaa951bda8035ea058,1.0,3,76320,32886,6
bootstrap_unweighted_s50,ruler4k/ruler_4096_qa_2_p0599,qa_2,42,5dfd7c7563dfc5e3f32396a60b8c9d9dbf1346a7780553e50810c9485a6a0adb,0.0,7,147840,72294,32
bootstrap_unweighted_s50,ruler4k/ruler_4096_qa_2_p0589,qa_2,42,827954e15839b8ac59fb7e394b606d5eee0fd6f268f8832105e952034e485b7e,0.0,4,99200,46289,7
bootstrap_unweighted_s50,ruler4k/ruler_4096_qa_2_p0559,qa_2,42,d55a6754a18b806b7b459ba27c9c9aaa785002acfcae3c2dde82d74ba0ac677a,1.0,2,49280,16183,6
bootstrap_unweighted_s50,ruler4k/ruler_4096_qa_2_p0577,qa_2,42,60904ecb62467215293c6410d8edf1c80f081dd77dd637ece0c13ab0080c001e,1.0,5,120000,58762,6
bootstrap_unweighted_s50,ruler4k/ruler_4096_qa_2_p0574,qa_2,42,a12ffe9225044b65b59b8c16d21eba0198d2f8d87f7e24e0ec2bc3b146b9d9c4,1.0,4,92800,42979,11
bootstrap_CT_s50,ruler4k/ruler_4096_niah_single_1_p0391,niah_single_1,42,84b2a69d0f8ac3fdac3e2ec089bff85b2f7594e7a19aa175c45a04fa35d75559,1.0,3,77280,38132,23
bootstrap_CT_s50,ruler4k/ruler_4096_niah_single_1_p0365,niah_single_1,42,362202745bfe5344c23483c584679b8839fa7f402a2275b041ef2e2eb0391df7,1.0,3,77280,36999,28
bootstrap_CT_s50,ruler4k/ruler_4096_niah_single_1_p0359,niah_single_1,42,22c4aa54f702816bb0df17c72a45850f72c43521617c0530b766b288d42f243c,1.0,4,103040,57547,24
bootstrap_CT_s50,ruler4k/ruler_4096_niah_single_1_p0356,niah_single_1,42,e16efe4e6f2434fe8070e5bd2ff9472be7f1f120929e46ab729ef1df42a999d4,1.0,4,103040,55398,28
bootstrap_CT_s50,ruler4k/ruler_4096_niah_single_1_p0393,niah_single_1,42,2468ef9fd703f76cd57ba84a60c67a685a020d08698b2530f7d9e692ba5f44f0,1.0,4,103040,55124,27
bootstrap_CT_s50,ruler4k/ruler_4096_niah_single_1_p0398,niah_single_1,42,97ce39fbf2025ceccac24ea9ecf655eb0604555785dbf104316e69637543ae8a,1.0,4,103040,54382,27
bootstrap_CT_s50,ruler4k/ruler_4096_niah_single_1_p0373,niah_single_1,42,4c47f2828d442b0e5c0132156bd91b3ccbac339bb35f6c08447aa4cb23995306,1.0,4,103040,56620,24
bootstrap_CT_s50,ruler4k/ruler_4096_niah_single_1_p0377,niah_single_1,42,b4b8b756d972020e9195f5487cd62eeb6355deef26eb2e8911eb7b203abb471d,1.0,4,103040,55996,28
bootstrap_CT_s50,ruler4k/ruler_4096_niah_single_1_p0386,niah_single_1,42,c191837a0906eef75a272f52e39b79b35e2026870a511f6c47a1b8fd0104e6ca,1.0,4,103040,54857,29
bootstrap_CT_s50,ruler4k/ruler_4096_niah_single_1_p0351,niah_single_1,42,4c5f87a7a4649fc38d57467051741d7abc30a788413f42f212337c9144556fb0,1.0,5,128800,74819,29
bootstrap_CT_s50,ruler4k/ruler_4096_niah_single_2_p0418,niah_single_2,42,0c0970c55b901cac5e827bbc91c518ef9b6dd44decf09886a0e87b506488da09,1.0,3,72480,31834,25
bootstrap_CT_s50,ruler4k/ruler_4096_niah_single_2_p0417,niah_single_2,42,9c24e81e63ccf9b37fd55a283a9de43b4cf8bdb8eca9700fd8780a44838a5b8a,1.0,4,103040,51547,27
bootstrap_CT_s50,ruler4k/ruler_4096_niah_single_2_p0405,niah_single_2,42,12e3b643f0882dc1dd9c6bbbade302379bb4a2ca908d8d752366227d34af9c43,1.0,3,72480,31742,29
bootstrap_CT_s50,ruler4k/ruler_4096_niah_single_2_p0433,niah_single_2,42,e68d45a10f3b6a2f2b432fee6387943942b3fc79e87860c551174e708fd6f712,1.0,4,103040,53261,27
bootstrap_CT_s50,ruler4k/ruler_4096_niah_single_2_p0426,niah_single_2,42,e19912aa9fc527c02b94c5a6f9bd25b4a3b8860c0cf543acb7b2a6752625b655,1.0,3,77280,33756,27
bootstrap_CT_s50,ruler4k/ruler_4096_niah_single_2_p0400,niah_single_2,42,23a78905359fae6c5b256969d7d7956bcac6bfedc6d6ba72c84e35f9e3c2b9d7,1.0,4,96640,48039,28
bootstrap_CT_s50,ruler4k/ruler_4096_niah_single_2_p0429,niah_single_2,42,e6ae2e08b0022a1ab48df4a5249081768fbb7e281ae068e82284f6fdf1918129,1.0,4,96640,46825,27
bootstrap_CT_s50,ruler4k/ruler_4096_niah_single_2_p0421,niah_single_2,42,35c2242668136cab280c6ec7c44248b6367ca3811041a841fc98747095cb0852,1.0,3,77280,34762,27
bootstrap_CT_s50,ruler4k/ruler_4096_niah_single_2_p0428,niah_single_2,42,54ec3d0c7373a71a8c2ea1b0ed51bd6800842bd574fa81ac644aede61ff7173b,1.0,4,96640,50066,23
bootstrap_CT_s50,ruler4k/ruler_4096_niah_single_2_p0437,niah_single_2,42,6064a204397272c101337e8220e155be0f35a2273bae28924392d42a2944d742,1.0,4,103040,50576,27
bootstrap_CT_s50,ruler4k/ruler_4096_niah_single_3_p0468,niah_single_3,42,c3af63f11f27389ecd37df152d67c64d30cd233b8f5c795f95992f10b44cef78,1.0,4,96640,44933,49
bootstrap_CT_s50,ruler4k/ruler_4096_niah_single_3_p0488,niah_single_3,42,56211e5bbb129174027e38ed20ea8a6fc6e73bea003e9590298b4044bfc46cae,1.0,8,206080,122697,55
bootstrap_CT_s50,ruler4k/ruler_4096_niah_single_3_p0475,niah_single_3,42,7e9be5b0cbcf1dcbc00b2d27562173289648f82c0d9afa6be2663e5c09047119,1.0,4,103040,53228,55
bootstrap_CT_s50,ruler4k/ruler_4096_niah_single_3_p0480,niah_single_3,42,8497f42fbfcb5ecb8b8a1bbac254b56627c0acd6a69feee34c318dcfd422f2b9,1.0,5,128800,67118,51
bootstrap_CT_s50,ruler4k/ruler_4096_niah_single_3_p0451,niah_single_3,42,744f1a24096d7c51556722f87836779c8e1e172f920002ee79d5ba00fd2693be,1.0,5,128800,66356,54
bootstrap_CT_s50,ruler4k/ruler_4096_niah_single_3_p0493,niah_single_3,42,206b9337b07a90a72a6663a468f70081366e428ce603582cde0b5f8e6074b221,1.0,8,193280,111708,53
bootstrap_CT_s50,ruler4k/ruler_4096_niah_single_3_p0495,niah_single_3,42,65b164e9cb3f7277ed3185e5fadd121041b09ee6ccf2a688351bde02a9bd5299,1.0,3,77280,32990,53
bootstrap_CT_s50,ruler4k/ruler_4096_niah_single_3_p0477,niah_single_3,42,ec8175b5f240daa35661b164849eb91484c7c48b1500f8b887fe7355e3dd8f9f,1.0,4,96640,46752,51
bootstrap_CT_s50,ruler4k/ruler_4096_niah_single_3_p0491,niah_single_3,42,afbd45c86baed29f525f8652ca4a7afef5e5d0fcea1c22e486b3ab190c141d36,1.0,7,169120,95343,52
bootstrap_CT_s50,ruler4k/ruler_4096_niah_single_3_p0464,niah_single_3,42,0def02e1833e5105697c667982c3db6b74fc599b3a23c1a1632eaed4930b203f,1.0,4,103040,52423,55
bootstrap_CT_s50,ruler4k/ruler_4096_niah_multikey_1_p0143,niah_multikey_1,42,a4136de5f5df6c5da1bb8626f811a0e2c6c451efcb0a58778889c84d78779bb1,1.0,4,96640,47410,29
bootstrap_CT_s50,ruler4k/ruler_4096_niah_multikey_1_p0130,niah_multikey_1,42,81ad2a12d9f42eb8553575cad78177b9d8e054a36587177d53e9bb832992d744,1.0,3,72480,32165,27
bootstrap_CT_s50,ruler4k/ruler_4096_niah_multikey_1_p0104,niah_multikey_1,42,5949da444aa40e059027de62e9846fe4bf01d0b982dc634c685e4523057dec47,1.0,4,96640,49549,27
bootstrap_CT_s50,ruler4k/ruler_4096_niah_multikey_1_p0140,niah_multikey_1,42,0dac50fb3c9a7cf274d390fc33deaaef863304b2b8cc58c26426b01b34360acd,1.0,4,96640,47955,25
bootstrap_CT_s50,ruler4k/ruler_4096_niah_multikey_1_p0109,niah_multikey_1,42,eb29119b567c1acfc3fddd7dc23d99e3d07a451df1e9340863c41ab76fec8279,1.0,4,96640,46377,29
bootstrap_CT_s50,ruler4k/ruler_4096_niah_multikey_1_p0112,niah_multikey_1,42,64a2a5358813d7cc70dee30933034b553e8ff4289fc2abfa2c0cac0577bd9869,1.0,5,120800,63809,28
bootstrap_CT_s50,ruler4k/ruler_4096_niah_multikey_1_p0110,niah_multikey_1,42,0e985d0395cfd78473b765322e48855d9338f4292cc653dc4921ddd64e7aa6aa,1.0,3,72480,29682,28
bootstrap_CT_s50,ruler4k/ruler_4096_niah_multikey_1_p0115,niah_multikey_1,42,eb7e20f6e8cd8787f1bdc6806bf396684517cb30e9a27351d0804cd4226948a7,1.0,4,96640,46749,28
bootstrap_CT_s50,ruler4k/ruler_4096_niah_multikey_1_p0124,niah_multikey_1,42,813f07f91b5e61c369a986a6e0af49e8d31e8f836d6b80546513c9d17c4a822d,1.0,5,120800,63600,27
bootstrap_CT_s50,ruler4k/ruler_4096_niah_multikey_1_p0138,niah_multikey_1,42,7458699c703be6ff351e77d62d5262b50c1c149ddc8ff259fe40054e25393e9d,1.0,8,193280,106967,29
bootstrap_CT_s50,ruler4k/ruler_4096_niah_multikey_2_p0155,niah_multikey_2,42,89c401d63e557be37a2c9112dd8f8a9a5b86a1a4ddfef2bb152e3d3624581de6,1.0,4,103040,55148,24
bootstrap_CT_s50,ruler4k/ruler_4096_niah_multikey_2_p0187,niah_multikey_2,42,b2b7c440a1d1925f2db27831d670136208061acf4309c804e48710e2e2b096ba,1.0,4,103040,53998,23
bootstrap_CT_s50,ruler4k/ruler_4096_niah_multikey_2_p0199,niah_multikey_2,42,113cceb69e7cad1008b8faca879924601c4493030f01c185a0c143d1e35b5dec,1.0,3,72960,33432,24
bootstrap_CT_s50,ruler4k/ruler_4096_niah_multikey_2_p0172,niah_multikey_2,42,299c5ce6f3b0ebeed623c66095efe93c8d28ff455696651e7a173c70f736ed2b,1.0,3,77280,36109,23
bootstrap_CT_s50,ruler4k/ruler_4096_niah_multikey_2_p0160,niah_multikey_2,42,3652c8d513a6b1df9c2e8e3b8ed23eb74cdf168726c457745e5244234b8ac1da,1.0,7,180320,110234,26
bootstrap_CT_s50,ruler4k/ruler_4096_niah_multikey_2_p0192,niah_multikey_2,42,263394c74e36959c503d578504af247e8f4cf5cb7580ad67bfb1f10c4be191d4,1.0,3,77280,36590,24
bootstrap_CT_s50,ruler4k/ruler_4096_niah_multikey_2_p0191,niah_multikey_2,42,f412410977db6e493a67db293bc7d42ac0dd4318b396cfb4c964979dd3893c60,1.0,3,77280,36756,24
bootstrap_CT_s50,ruler4k/ruler_4096_niah_multikey_2_p0186,niah_multikey_2,42,9a6750843eef9b6a259296690d489f907f8cadc16f29aedbb8d0492512c00168,1.0,5,128800,73389,24
bootstrap_CT_s50,ruler4k/ruler_4096_niah_multikey_2_p0188,niah_multikey_2,42,79511fa19beeb3d6933bfe7327175585524e911f7a0f81655720b2aca3a0ba0c,1.0,3,77280,37097,24
bootstrap_CT_s50,ruler4k/ruler_4096_niah_multikey_2_p0195,niah_multikey_2,42,f723391fa64b17bbbd3fe15c5144633074bdb872e8e5510aa6f7047e55cb924d,1.0,3,77280,37126,24
bootstrap_CT_s50,ruler4k/ruler_4096_niah_multikey_3_p0221,niah_multikey_3,42,f8dd0f93eb33e91a61cf7fab499ffd7585047ae2afcf9f0d1a3160fd4341ed35,1.0,4,102400,53355,78
bootstrap_CT_s50,ruler4k/ruler_4096_niah_multikey_3_p0247,niah_multikey_3,42,ae30df60444546e8777ee802f719cfae5dfe7ceae7b8f13f46e9b409ea28a312,1.0,4,102400,50944,78
bootstrap_CT_s50,ruler4k/ruler_4096_niah_multikey_3_p0222,niah_multikey_3,42,eafa5bd73b366cbcac052d45d993a4d8f72a6c7cc5293a69af6f1fc6b7e44b91,1.0,3,76800,33049,77
bootstrap_CT_s50,ruler4k/ruler_4096_niah_multikey_3_p0203,niah_multikey_3,42,42be70ae1b5d7d8f2d25f41c1ea6c5bef44467fb3821001bd8239e7cbf7d5825,1.0,5,128000,70600,78
bootstrap_CT_s50,ruler4k/ruler_4096_niah_multikey_3_p0249,niah_multikey_3,42,4fffd45bb8c613b3c496fa0e52293424834107c78eb86377039d4bc2eafbc7c9,1.0,4,102400,53052,83
bootstrap_CT_s50,ruler4k/ruler_4096_niah_multikey_3_p0201,niah_multikey_3,42,16107492e0e1f5f3e241995fd2634504edd00904c0e19d725ab3ae560a6060fb,1.0,4,102400,51149,76
bootstrap_CT_s50,ruler4k/ruler_4096_niah_multikey_3_p0242,niah_multikey_3,42,f4329a354710003262cadef688f726df03362adeb32aba2eb7809f02e2dabbc4,1.0,5,128000,67381,75
bootstrap_CT_s50,ruler4k/ruler_4096_niah_multikey_3_p0217,niah_multikey_3,42,bca3327d5aa55bfa3ccd0ea2c83739a1ada8873e873741e3e1c46d10abffdb66,1.0,5,128000,68320,75
bootstrap_CT_s50,ruler4k/ruler_4096_niah_multikey_3_p0218,niah_multikey_3,42,5ee3579138079a2a3bf406113e49449c5c5486254c73d9d817ae3a58005386ba,1.0,4,102400,50262,81
bootstrap_CT_s50,ruler4k/ruler_4096_niah_multikey_3_p0229,niah_multikey_3,42,80d5e6407cd842e86d45150d8235f8b98caef2804f44689d318f633c844232fe,1.0,4,102400,51379,79
bootstrap_CT_s50,ruler4k/ruler_4096_niah_multivalue_p0333,niah_multivalue,42,cfb1f9c8c983a092c4fca7359d982b505400235942aa329a6b04f4b4ad3769ed,1.0,7,169120,74495,123
bootstrap_CT_s50,ruler4k/ruler_4096_niah_multivalue_p0323,niah_multivalue,42,6cfcc849348a08389dfd9360dc35be5045e03b2545c0238142e0d33500b579b2,1.0,4,96640,39946,67
bootstrap_CT_s50,ruler4k/ruler_4096_niah_multivalue_p0301,niah_multivalue,42,acf8258c21c0101725c9812e9febb8400cb26d111c5ff99a5e9f9c5ce5c9cf1a,1.0,5,120800,58389,67
bootstrap_CT_s50,ruler4k/ruler_4096_niah_multivalue_p0341,niah_multivalue,42,28db1d98fca3a475372b00bf02bcfe115a530b792736a1c023bb7c2c3b5deccd,1.0,4,103040,45246,67
bootstrap_CT_s50,ruler4k/ruler_4096_niah_multivalue_p0338,niah_multivalue,42,491956a4b5522d0af0ef17f13a2168ed7f82fd3c6976f2f140ee4a55d5754914,1.0,4,96640,41285,71
bootstrap_CT_s50,ruler4k/ruler_4096_niah_multivalue_p0306,niah_multivalue,42,1a44769372eb079188f4a23cd39ba56394aae391ba10dbedf1a7fc3fb6a65f87,1.0,4,96640,43318,71
bootstrap_CT_s50,ruler4k/ruler_4096_niah_multivalue_p0329,niah_multivalue,42,9ea03ab697be6f960e62e3e35e2cfb311adf0b86781e4a24646b27e846be74c0,1.0,4,96640,42994,68
bootstrap_CT_s50,ruler4k/ruler_4096_niah_multivalue_p0336,niah_multivalue,42,67218f00ea86276217c8f8e5a4fa2739ad7a72e31068c476b6b809646343437c,1.0,4,96640,44707,71
bootstrap_CT_s50,ruler4k/ruler_4096_niah_multivalue_p0305,niah_multivalue,42,0f59017fbd483ac5be5cd70d397811e097d529c2776fc6a0fdce9bbcde2dc055,1.0,13,334880,140167,128
bootstrap_CT_s50,ruler4k/ruler_4096_niah_multivalue_p0334,niah_multivalue,42,8408b2cc181539d721124293f71f4afe4e80fecf3be6b08f136589ab1aedbfb1,1.0,4,96640,41199,67
bootstrap_CT_s50,ruler4k/ruler_4096_niah_multiquery_p0250,niah_multiquery,42,d7ebeb31c67ef3aaff04b0a01f7a281e4a285a887e4088bdf1590297df0c5496,1.0,5,120800,58076,85
bootstrap_CT_s50,ruler4k/ruler_4096_niah_multiquery_p0281,niah_multiquery,42,25f97397c1f56fcb22753a040a6b77236c8ffabd415fc7dc413de0043d0ad5b0,1.0,5,120800,56781,89
bootstrap_CT_s50,ruler4k/ruler_4096_niah_multiquery_p0293,niah_multiquery,42,42cee0d9bcf07b284dea36a84610ce8eacd037e5da27b880199575aa15909544,1.0,4,96640,43105,89
bootstrap_CT_s50,ruler4k/ruler_4096_niah_multiquery_p0268,niah_multiquery,42,12e8eabb09dfb861ca9ef3383dc04a81adaf4050c502abdebbfb61c58afacc90,1.0,5,128800,59308,91
bootstrap_CT_s50,ruler4k/ruler_4096_niah_multiquery_p0273,niah_multiquery,42,561df18acab190c49616d28217638902060fe1a4b0f3aba3eaa0a587cf015a0a,1.0,6,154560,72078,85
bootstrap_CT_s50,ruler4k/ruler_4096_niah_multiquery_p0252,niah_multiquery,42,e9e6216e984840a8ae40adb72219eac5190bfbbe72b8156a8933b52e10836e9b,1.0,3,72480,28194,88
bootstrap_CT_s50,ruler4k/ruler_4096_niah_multiquery_p0266,niah_multiquery,42,74cbb1f7d07b7a148b8d78375d5d0cf013f8eb9e8b005f5af635cac28eb9b6b2,1.0,5,128800,63091,84
bootstrap_CT_s50,ruler4k/ruler_4096_niah_multiquery_p0298,niah_multiquery,42,73b299958b02347e43ae5a010343d9f79a81286767fa4328bd5248826e121beb,1.0,4,103040,46467,85
bootstrap_CT_s50,ruler4k/ruler_4096_niah_multiquery_p0264,niah_multiquery,42,d7c9f1221cd0d46c9c81dd74ef9bacbcb746734aa4e5e4e50c9ba36e70147889,1.0,4,96640,42416,86
bootstrap_CT_s50,ruler4k/ruler_4096_niah_multiquery_p0285,niah_multiquery,42,128d8f2fd3612e9f5ad3ff88451b44c429d77965a5c067f7608185298be544f7,1.0,5,120800,56219,86
bootstrap_CT_s50,ruler4k/ruler_4096_vt_p0601,vt,42,1ede7e3b3443c1da90f87dcbae808b715151e2640fae7040cd470a50adff47bf,0.0,5,130400,69454,30
bootstrap_CT_s50,ruler4k/ruler_4096_vt_p0617,vt,42,87aea4b59ba3a6ec618d590d946c59a031df61f8d44e5f0be8e9525a6eccd336,0.0,6,156480,86393,30
bootstrap_CT_s50,ruler4k/ruler_4096_vt_p0632,vt,42,5cb68cb1202f34f42296c6881510b2aca700e68c15043de09495cce28cac949c,0.0,3,78240,34175,30
bootstrap_CT_s50,ruler4k/ruler_4096_vt_p0618,vt,42,6c29d37fdba15c5fd2ad421103ecb98036162ec4b7435c06f3d3027f320c762d,0.0,6,156480,88987,30
bootstrap_CT_s50,ruler4k/ruler_4096_vt_p0603,vt,42,fe93b7aa159b81138de74e2be58b545f9b3f38aaf1119b6574944b4bb23c5fb1,0.0,5,130400,68901,30
bootstrap_CT_s50,ruler4k/ruler_4096_vt_p0624,vt,42,1e3f850af723b632f4d1eaab713c671a0ecfbc55d1284baae00b92865c0165da,0.0,8,208640,128264,30
bootstrap_CT_s50,ruler4k/ruler_4096_vt_p0607,vt,42,56b8fcd4e95162f8bcd8d7d3c9673315733632a084c7f0ff65cfe0a306019fb6,0.0,5,129600,67646,30
bootstrap_CT_s50,ruler4k/ruler_4096_vt_p0611,vt,42,6c6d7581df6c35f0e144bdbd5a81728a2a46452052bff2c0aa1414823c79ba21,0.0,5,127200,65956,30
bootstrap_CT_s50,ruler4k/ruler_4096_vt_p0623,vt,42,de3faf03d119ec292d87b818ebc27c76702806d4eacb19670dccc814d97242e6,0.0,4,104320,52017,30
bootstrap_CT_s50,ruler4k/ruler_4096_vt_p0620,vt,42,63626bade152cd74b6120a42fcc713e53c86518e77cf94b8bb05c941bd6eee4a,0.0,5,130400,70928,30
bootstrap_CT_s50,ruler4k/ruler_4096_cwe_p0045,cwe,42,bfcf4b52a0dd6646e7f1977825aed749da0db1624455550c7e4b0005d36bf4f6,0.9,13,328640,169870,63
bootstrap_CT_s50,ruler4k/ruler_4096_cwe_p0014,cwe,42,6358699f441f11c7ee51c51d58e4013c22272ccbcc9d74cf9c224792227c9218,1.0,12,305280,163425,64
bootstrap_CT_s50,ruler4k/ruler_4096_cwe_p0044,cwe,42,40da7d9a8dabc14ede9b3edd40572017ad91c060752fefb22d098b9e46a70569,1.0,16,412160,223991,68
bootstrap_CT_s50,ruler4k/ruler_4096_cwe_p0005,cwe,42,a1ac0ee9b8d3d6fbfea8164480699498158e4f732b8f73fefd51e45c2af7798a,1.0,9,227520,116177,63
bootstrap_CT_s50,ruler4k/ruler_4096_cwe_p0046,cwe,42,327255761be34b73002c16b49d33666ee697c40b80eb823e1ec9ee8d9d688038,1.0,11,283360,150837,63
bootstrap_CT_s50,ruler4k/ruler_4096_cwe_p0036,cwe,42,a37348e65d33b1a14bb87bbd15896f1be9a2d8a20397882f28e64026f4767bb2,1.0,14,360640,198940,62
bootstrap_CT_s50,ruler4k/ruler_4096_cwe_p0038,cwe,42,3d23bf868a9c20165654f8a7cc1d021bec3d59e4480962a475a1787eeeef120f,1.0,12,307200,168640,61
bootstrap_CT_s50,ruler4k/ruler_4096_cwe_p0034,cwe,42,a2b5f9d437342694356a5bed5caa56516720c3c24209f10861dc66889f2cc4e5,1.0,13,334880,181120,62
bootstrap_CT_s50,ruler4k/ruler_4096_cwe_p0004,cwe,42,12780ec9ff7d288d30ed09b658dd44e997d76aa4e696983f3e4779e953fe8f04,1.0,21,537600,301121,62
bootstrap_CT_s50,ruler4k/ruler_4096_cwe_p0008,cwe,42,b81f61ad0d24a56feae85508d58c480040d0091f28c2682d5792bc97797325bd,1.0,8,206080,103496,62
bootstrap_CT_s50,ruler4k/ruler_4096_fwe_p0087,fwe,42,16fa298c7245985713964f55babd9941866cd9f502561a080f2e1da4e46a255f,0.6667000000000001,5,127200,68554,22
bootstrap_CT_s50,ruler4k/ruler_4096_fwe_p0096,fwe,42,57da086ecbea39898f7725d2a5594d0891924b1192f7cc832a39d3305048cdd9,1.0,5,127200,69249,24
bootstrap_CT_s50,ruler4k/ruler_4096_fwe_p0067,fwe,42,6a00968813b930890b9d8a8236d421df73bb5653893e13b5579b1396a9f7e2b8,1.0,3,76800,34338,22
bootstrap_CT_s50,ruler4k/ruler_4096_fwe_p0062,fwe,42,b9486e82e0a9970ff4f752085832989c02d3e0186e95a2b748bd9629e256facb,1.0,3,78240,35757,24
bootstrap_CT_s50,ruler4k/ruler_4096_fwe_p0088,fwe,42,8d120b2a4312ea91cd33c537f1cd10e6060c0a7e261052b2db531798e5e07bad,1.0,3,76320,34478,23
bootstrap_CT_s50,ruler4k/ruler_4096_fwe_p0052,fwe,42,5a6004725b0a53d258f50ef247b40ea89414457abad6c43ecc9bb49f74e1169c,1.0,4,101760,52413,24
bootstrap_CT_s50,ruler4k/ruler_4096_fwe_p0085,fwe,42,ce7fba76f73da72a29cb1a9eb674685845459dadf47bb1218e612954babad932,0.6667000000000001,4,102400,51999,23
bootstrap_CT_s50,ruler4k/ruler_4096_fwe_p0071,fwe,42,d843973080e5f93e1b39ce8cce5341d583b62b232342095ce6bf506321e01a94,1.0,3,77280,35292,23
bootstrap_CT_s50,ruler4k/ruler_4096_fwe_p0075,fwe,42,74dab99d0aab3c14e77ba11a0d77b82c8d75abe3d622688ef64ebbc34be1644e,1.0,5,126400,68351,21
bootstrap_CT_s50,ruler4k/ruler_4096_fwe_p0086,fwe,42,69670b27321fec6e735e4361d7b73c0920496cf79e1f424cff8d5a51ba3694fe,1.0,4,100480,52461,20
bootstrap_CT_s50,ruler4k/ruler_4096_qa_1_p0505,qa_1,42,dfc616957fca79c516c29b6044a180b83f077b296a3202eedafb4e31029e4a76,0.0,2,51200,16961,10
bootstrap_CT_s50,ruler4k/ruler_4096_qa_1_p0517,qa_1,42,a007c13dd1a196fb2ee764d65413cccb1d07b5cc996a33955f72923a68b3ee23,1.0,5,124000,62100,19
bootstrap_CT_s50,ruler4k/ruler_4096_qa_1_p0501,qa_1,42,852969255c427f2ca395afdce4e633ba40eb8fb5921817992fc643ba1ab16b6d,1.0,5,123200,63334,17
bootstrap_CT_s50,ruler4k/ruler_4096_qa_1_p0530,qa_1,42,a162c6477c6e6478fb97d42ec11716df2abc134feac1b5ec765622b9a358d3a2,1.0,3,75360,32104,8
bootstrap_CT_s50,ruler4k/ruler_4096_qa_1_p0509,qa_1,42,255353b20d8ffd2d962d5830853b81014b8e4e2ad113cbe116fe1b2754189273,1.0,8,200960,117234,8
bootstrap_CT_s50,ruler4k/ruler_4096_qa_1_p0549,qa_1,42,7d23ac5addd3206ea31de7705e76364b7d656d00cfd14354fa752b9e29579ae1,1.0,3,74400,32613,9
bootstrap_CT_s50,ruler4k/ruler_4096_qa_1_p0514,qa_1,42,fcc5d586ab237ca84d597be8cd62496aeaa4374406bcbf84b9300656fe7288ad,1.0,8,202240,113797,11
bootstrap_CT_s50,ruler4k/ruler_4096_qa_1_p0540,qa_1,42,333bb0dd8a9972c275fa9648978027c2a9fce7c10bb749106c0ccf25c0bb3612,1.0,2,44480,13360,10
bootstrap_CT_s50,ruler4k/ruler_4096_qa_1_p0547,qa_1,42,811492b67af1ca7b375cc9017391a98155b214f7e2bb59abef0a79f75c6d70bf,1.0,2,51840,17613,6
bootstrap_CT_s50,ruler4k/ruler_4096_qa_1_p0512,qa_1,42,660de8b61e41aa812403f334efcf909030631eb1e715a2764de1013981474ad5,1.0,3,74400,31703,8
bootstrap_CT_s50,ruler4k/ruler_4096_qa_2_p0579,qa_2,42,515a1c9665425cbaaa1ae73b35d7616c50164b5880b10ba16d2d3cb581db8077,1.0,2,48640,16164,9
bootstrap_CT_s50,ruler4k/ruler_4096_qa_2_p0588,qa_2,42,82a062b715ce57274a81267e8873b62e736b3d10889f90bdf3a43a3808af23aa,1.0,5,123200,67611,6
bootstrap_CT_s50,ruler4k/ruler_4096_qa_2_p0551,qa_2,42,0c9d305f8640e44a8eee5fc63f283e409133ef5725d62b81317698828faecec2,1.0,6,139200,70159,21
bootstrap_CT_s50,ruler4k/ruler_4096_qa_2_p0578,qa_2,42,cb4967b2c0e4b0770e147781ec0b71d6ef2bfbb2f4a21ae376e3f79d9db6d885,1.0,2,47680,15510,9
bootstrap_CT_s50,ruler4k/ruler_4096_qa_2_p0583,qa_2,42,1ad492cdc5f1ff709e7d4c315cf766a566cf50f947e2a5aaa951bda8035ea058,1.0,4,101760,51754,6
bootstrap_CT_s50,ruler4k/ruler_4096_qa_2_p0599,qa_2,42,5dfd7c7563dfc5e3f32396a60b8c9d9dbf1346a7780553e50810c9485a6a0adb,0.0,5,105600,49891,32
bootstrap_CT_s50,ruler4k/ruler_4096_qa_2_p0589,qa_2,42,827954e15839b8ac59fb7e394b606d5eee0fd6f268f8832105e952034e485b7e,0.0,3,74400,32680,7
bootstrap_CT_s50,ruler4k/ruler_4096_qa_2_p0559,qa_2,42,d55a6754a18b806b7b459ba27c9c9aaa785002acfcae3c2dde82d74ba0ac677a,1.0,2,49280,17060,6
bootstrap_CT_s50,ruler4k/ruler_4096_qa_2_p0577,qa_2,42,60904ecb62467215293c6410d8edf1c80f081dd77dd637ece0c13ab0080c001e,1.0,2,48000,15548,6
bootstrap_CT_s50,ruler4k/ruler_4096_qa_2_p0574,qa_2,42,a12ffe9225044b65b59b8c16d21eba0198d2f8d87f7e24e0ec2bc3b146b9d9c4,1.0,5,116000,60046,11
unweighted_s70,ruler4k/ruler_4096_niah_single_1_p0391,niah_single_1,42,84b2a69d0f8ac3fdac3e2ec089bff85b2f7594e7a19aa175c45a04fa35d75559,1.0,12,309120,238131,23
unweighted_s70,ruler4k/ruler_4096_niah_single_1_p0365,niah_single_1,42,362202745bfe5344c23483c584679b8839fa7f402a2275b041ef2e2eb0391df7,1.0,6,154560,118063,28
unweighted_s70,ruler4k/ruler_4096_niah_single_1_p0359,niah_single_1,42,22c4aa54f702816bb0df17c72a45850f72c43521617c0530b766b288d42f243c,1.0,5,128800,99372,24
unweighted_s70,ruler4k/ruler_4096_niah_single_1_p0356,niah_single_1,42,e16efe4e6f2434fe8070e5bd2ff9472be7f1f120929e46ab729ef1df42a999d4,1.0,13,334880,253778,28
unweighted_s70,ruler4k/ruler_4096_niah_single_1_p0393,niah_single_1,42,2468ef9fd703f76cd57ba84a60c67a685a020d08698b2530f7d9e692ba5f44f0,1.0,9,231840,175840,27
unweighted_s70,ruler4k/ruler_4096_niah_single_1_p0398,niah_single_1,42,97ce39fbf2025ceccac24ea9ecf655eb0604555785dbf104316e69637543ae8a,1.0,5,128800,95927,27
unweighted_s70,ruler4k/ruler_4096_niah_single_1_p0373,niah_single_1,42,4c47f2828d442b0e5c0132156bd91b3ccbac339bb35f6c08447aa4cb23995306,1.0,6,154560,118356,28
unweighted_s70,ruler4k/ruler_4096_niah_single_1_p0377,niah_single_1,42,b4b8b756d972020e9195f5487cd62eeb6355deef26eb2e8911eb7b203abb471d,1.0,22,566720,431346,24
unweighted_s70,ruler4k/ruler_4096_niah_single_1_p0386,niah_single_1,42,c191837a0906eef75a272f52e39b79b35e2026870a511f6c47a1b8fd0104e6ca,1.0,12,309120,230572,29
unweighted_s70,ruler4k/ruler_4096_niah_single_1_p0351,niah_single_1,42,4c5f87a7a4649fc38d57467051741d7abc30a788413f42f212337c9144556fb0,1.0,5,128800,98231,29
unweighted_s70,ruler4k/ruler_4096_niah_single_2_p0418,niah_single_2,42,0c0970c55b901cac5e827bbc91c518ef9b6dd44decf09886a0e87b506488da09,1.0,8,193280,134113,25
unweighted_s70,ruler4k/ruler_4096_niah_single_2_p0417,niah_single_2,42,9c24e81e63ccf9b37fd55a283a9de43b4cf8bdb8eca9700fd8780a44838a5b8a,1.0,7,180320,125041,27
unweighted_s70,ruler4k/ruler_4096_niah_single_2_p0405,niah_single_2,42,12e3b643f0882dc1dd9c6bbbade302379bb4a2ca908d8d752366227d34af9c43,1.0,5,120800,84052,29
unweighted_s70,ruler4k/ruler_4096_niah_single_2_p0433,niah_single_2,42,e68d45a10f3b6a2f2b432fee6387943942b3fc79e87860c551174e708fd6f712,1.0,11,283360,206437,27
unweighted_s70,ruler4k/ruler_4096_niah_single_2_p0426,niah_single_2,42,e19912aa9fc527c02b94c5a6f9bd25b4a3b8860c0cf543acb7b2a6752625b655,1.0,5,128800,90976,23
unweighted_s70,ruler4k/ruler_4096_niah_single_2_p0400,niah_single_2,42,23a78905359fae6c5b256969d7d7956bcac6bfedc6d6ba72c84e35f9e3c2b9d7,1.0,5,120800,85891,24
unweighted_s70,ruler4k/ruler_4096_niah_single_2_p0429,niah_single_2,42,e6ae2e08b0022a1ab48df4a5249081768fbb7e281ae068e82284f6fdf1918129,1.0,6,144960,99341,23
unweighted_s70,ruler4k/ruler_4096_niah_single_2_p0421,niah_single_2,42,35c2242668136cab280c6ec7c44248b6367ca3811041a841fc98747095cb0852,1.0,9,231840,165119,27
unweighted_s70,ruler4k/ruler_4096_niah_single_2_p0428,niah_single_2,42,54ec3d0c7373a71a8c2ea1b0ed51bd6800842bd574fa81ac644aede61ff7173b,1.0,6,144960,104656,27
unweighted_s70,ruler4k/ruler_4096_niah_single_2_p0437,niah_single_2,42,6064a204397272c101337e8220e155be0f35a2273bae28924392d42a2944d742,1.0,7,180320,127605,27
unweighted_s70,ruler4k/ruler_4096_niah_single_3_p0468,niah_single_3,42,c3af63f11f27389ecd37df152d67c64d30cd233b8f5c795f95992f10b44cef78,1.0,18,434880,298488,48
unweighted_s70,ruler4k/ruler_4096_niah_single_3_p0488,niah_single_3,42,56211e5bbb129174027e38ed20ea8a6fc6e73bea003e9590298b4044bfc46cae,1.0,12,309120,224236,54
unweighted_s70,ruler4k/ruler_4096_niah_single_3_p0475,niah_single_3,42,7e9be5b0cbcf1dcbc00b2d27562173289648f82c0d9afa6be2663e5c09047119,1.0,14,360640,263279,50
unweighted_s70,ruler4k/ruler_4096_niah_single_3_p0480,niah_single_3,42,8497f42fbfcb5ecb8b8a1bbac254b56627c0acd6a69feee34c318dcfd422f2b9,1.0,10,257600,184134,50
unweighted_s70,ruler4k/ruler_4096_niah_single_3_p0451,niah_single_3,42,744f1a24096d7c51556722f87836779c8e1e172f920002ee79d5ba00fd2693be,1.0,10,257600,184186,50
unweighted_s70,ruler4k/ruler_4096_niah_single_3_p0493,niah_single_3,42,206b9337b07a90a72a6663a468f70081366e428ce603582cde0b5f8e6074b221,1.0,13,314080,223509,48
unweighted_s70,ruler4k/ruler_4096_niah_single_3_p0495,niah_single_3,42,65b164e9cb3f7277ed3185e5fadd121041b09ee6ccf2a688351bde02a9bd5299,1.0,12,309120,218084,48
unweighted_s70,ruler4k/ruler_4096_niah_single_3_p0477,niah_single_3,42,ec8175b5f240daa35661b164849eb91484c7c48b1500f8b887fe7355e3dd8f9f,1.0,12,289920,203119,50
unweighted_s70,ruler4k/ruler_4096_niah_single_3_p0491,niah_single_3,42,afbd45c86baed29f525f8652ca4a7afef5e5d0fcea1c22e486b3ab190c141d36,1.0,6,144960,102376,51
unweighted_s70,ruler4k/ruler_4096_niah_single_3_p0464,niah_single_3,42,0def02e1833e5105697c667982c3db6b74fc599b3a23c1a1632eaed4930b203f,1.0,14,360640,263065,54
unweighted_s70,ruler4k/ruler_4096_niah_multikey_1_p0143,niah_multikey_1,42,a4136de5f5df6c5da1bb8626f811a0e2c6c451efcb0a58778889c84d78779bb1,1.0,6,144960,99989,25
unweighted_s70,ruler4k/ruler_4096_niah_multikey_1_p0130,niah_multikey_1,42,81ad2a12d9f42eb8553575cad78177b9d8e054a36587177d53e9bb832992d744,1.0,6,144960,102321,23
unweighted_s70,ruler4k/ruler_4096_niah_multikey_1_p0104,niah_multikey_1,42,5949da444aa40e059027de62e9846fe4bf01d0b982dc634c685e4523057dec47,1.0,6,144960,104095,23
unweighted_s70,ruler4k/ruler_4096_niah_multikey_1_p0140,niah_multikey_1,42,0dac50fb3c9a7cf274d390fc33deaaef863304b2b8cc58c26426b01b34360acd,1.0,6,144960,100472,25
unweighted_s70,ruler4k/ruler_4096_niah_multikey_1_p0109,niah_multikey_1,42,eb29119b567c1acfc3fddd7dc23d99e3d07a451df1e9340863c41ab76fec8279,1.0,8,193280,131212,25
unweighted_s70,ruler4k/ruler_4096_niah_multikey_1_p0112,niah_multikey_1,42,64a2a5358813d7cc70dee30933034b553e8ff4289fc2abfa2c0cac0577bd9869,1.0,4,96640,67865,24
unweighted_s70,ruler4k/ruler_4096_niah_multikey_1_p0110,niah_multikey_1,42,0e985d0395cfd78473b765322e48855d9338f4292cc653dc4921ddd64e7aa6aa,1.0,7,169120,113856,24
unweighted_s70,ruler4k/ruler_4096_niah_multikey_1_p0115,niah_multikey_1,42,eb7e20f6e8cd8787f1bdc6806bf396684517cb30e9a27351d0804cd4226948a7,1.0,7,169120,115163,24
unweighted_s70,ruler4k/ruler_4096_niah_multikey_1_p0124,niah_multikey_1,42,813f07f91b5e61c369a986a6e0af49e8d31e8f836d6b80546513c9d17c4a822d,1.0,4,96640,67555,27
unweighted_s70,ruler4k/ruler_4096_niah_multikey_1_p0138,niah_multikey_1,42,7458699c703be6ff351e77d62d5262b50c1c149ddc8ff259fe40054e25393e9d,1.0,9,217440,150113,25
unweighted_s70,ruler4k/ruler_4096_niah_multikey_2_p0155,niah_multikey_2,42,89c401d63e557be37a2c9112dd8f8a9a5b86a1a4ddfef2bb152e3d3624581de6,1.0,9,231840,173204,24
unweighted_s70,ruler4k/ruler_4096_niah_multikey_2_p0187,niah_multikey_2,42,b2b7c440a1d1925f2db27831d670136208061acf4309c804e48710e2e2b096ba,1.0,8,206080,152883,23
unweighted_s70,ruler4k/ruler_4096_niah_multikey_2_p0199,niah_multikey_2,42,113cceb69e7cad1008b8faca879924601c4493030f01c185a0c143d1e35b5dec,1.0,8,194560,143938,24
unweighted_s70,ruler4k/ruler_4096_niah_multikey_2_p0172,niah_multikey_2,42,299c5ce6f3b0ebeed623c66095efe93c8d28ff455696651e7a173c70f736ed2b,1.0,23,592480,441160,23
unweighted_s70,ruler4k/ruler_4096_niah_multikey_2_p0160,niah_multikey_2,42,3652c8d513a6b1df9c2e8e3b8ed23eb74cdf168726c457745e5244234b8ac1da,1.0,6,154560,116175,26
unweighted_s70,ruler4k/ruler_4096_niah_multikey_2_p0192,niah_multikey_2,42,263394c74e36959c503d578504af247e8f4cf5cb7580ad67bfb1f10c4be191d4,1.0,7,180320,134374,24
unweighted_s70,ruler4k/ruler_4096_niah_multikey_2_p0191,niah_multikey_2,42,f412410977db6e493a67db293bc7d42ac0dd4318b396cfb4c964979dd3893c60,1.0,14,360640,271274,24
unweighted_s70,ruler4k/ruler_4096_niah_multikey_2_p0186,niah_multikey_2,42,9a6750843eef9b6a259296690d489f907f8cadc16f29aedbb8d0492512c00168,1.0,11,283360,212480,24
unweighted_s70,ruler4k/ruler_4096_niah_multikey_2_p0188,niah_multikey_2,42,79511fa19beeb3d6933bfe7327175585524e911f7a0f81655720b2aca3a0ba0c,1.0,12,309120,231877,24
unweighted_s70,ruler4k/ruler_4096_niah_multikey_2_p0195,niah_multikey_2,42,f723391fa64b17bbbd3fe15c5144633074bdb872e8e5510aa6f7047e55cb924d,1.0,5,128800,96908,24
unweighted_s70,ruler4k/ruler_4096_niah_multikey_3_p0221,niah_multikey_3,42,f8dd0f93eb33e91a61cf7fab499ffd7585047ae2afcf9f0d1a3160fd4341ed35,0.0,48,1228800,914565,77
unweighted_s70,ruler4k/ruler_4096_niah_multikey_3_p0247,niah_multikey_3,42,ae30df60444546e8777ee802f719cfae5dfe7ceae7b8f13f46e9b409ea28a312,1.0,12,307200,219446,78
unweighted_s70,ruler4k/ruler_4096_niah_multikey_3_p0222,niah_multikey_3,42,eafa5bd73b366cbcac052d45d993a4d8f72a6c7cc5293a69af6f1fc6b7e44b91,1.0,32,819200,583634,77
unweighted_s70,ruler4k/ruler_4096_niah_multikey_3_p0203,niah_multikey_3,42,42be70ae1b5d7d8f2d25f41c1ea6c5bef44467fb3821001bd8239e7cbf7d5825,1.0,17,435200,319788,78
unweighted_s70,ruler4k/ruler_4096_niah_multikey_3_p0249,niah_multikey_3,42,4fffd45bb8c613b3c496fa0e52293424834107c78eb86377039d4bc2eafbc7c9,1.0,22,563200,414931,83
unweighted_s70,ruler4k/ruler_4096_niah_multikey_3_p0201,niah_multikey_3,42,16107492e0e1f5f3e241995fd2634504edd00904c0e19d725ab3ae560a6060fb,1.0,32,819200,586542,76
unweighted_s70,ruler4k/ruler_4096_niah_multikey_3_p0242,niah_multikey_3,42,f4329a354710003262cadef688f726df03362adeb32aba2eb7809f02e2dabbc4,1.0,37,947200,680236,75
unweighted_s70,ruler4k/ruler_4096_niah_multikey_3_p0217,niah_multikey_3,42,bca3327d5aa55bfa3ccd0ea2c83739a1ada8873e873741e3e1c46d10abffdb66,1.0,42,1075200,776862,75
unweighted_s70,ruler4k/ruler_4096_niah_multikey_3_p0218,niah_multikey_3,42,5ee3579138079a2a3bf406113e49449c5c5486254c73d9d817ae3a58005386ba,1.0,47,1203200,861928,81
unweighted_s70,ruler4k/ruler_4096_niah_multikey_3_p0229,niah_multikey_3,42,80d5e6407cd842e86d45150d8235f8b98caef2804f44689d318f633c844232fe,1.0,36,921600,662471,79
unweighted_s70,ruler4k/ruler_4096_niah_multivalue_p0333,niah_multivalue,42,cfb1f9c8c983a092c4fca7359d982b505400235942aa329a6b04f4b4ad3769ed,1.0,33,797280,531003,69
unweighted_s70,ruler4k/ruler_4096_niah_multivalue_p0323,niah_multivalue,42,6cfcc849348a08389dfd9360dc35be5045e03b2545c0238142e0d33500b579b2,1.0,22,531520,358575,67
unweighted_s70,ruler4k/ruler_4096_niah_multivalue_p0301,niah_multivalue,42,acf8258c21c0101725c9812e9febb8400cb26d111c5ff99a5e9f9c5ce5c9cf1a,1.0,9,217440,145124,67
unweighted_s70,ruler4k/ruler_4096_niah_multivalue_p0341,niah_multivalue,42,28db1d98fca3a475372b00bf02bcfe115a530b792736a1c023bb7c2c3b5deccd,1.0,21,540960,370990,67
unweighted_s70,ruler4k/ruler_4096_niah_multivalue_p0338,niah_multivalue,42,491956a4b5522d0af0ef17f13a2168ed7f82fd3c6976f2f140ee4a55d5754914,1.0,21,507360,341826,67
unweighted_s70,ruler4k/ruler_4096_niah_multivalue_p0306,niah_multivalue,42,1a44769372eb079188f4a23cd39ba56394aae391ba10dbedf1a7fc3fb6a65f87,1.0,10,241600,166754,67
unweighted_s70,ruler4k/ruler_4096_niah_multivalue_p0329,niah_multivalue,42,9ea03ab697be6f960e62e3e35e2cfb311adf0b86781e4a24646b27e846be74c0,1.0,30,724800,502728,68
unweighted_s70,ruler4k/ruler_4096_niah_multivalue_p0336,niah_multivalue,42,67218f00ea86276217c8f8e5a4fa2739ad7a72e31068c476b6b809646343437c,1.0,14,338240,231897,67
unweighted_s70,ruler4k/ruler_4096_niah_multivalue_p0305,niah_multivalue,42,0f59017fbd483ac5be5cd70d397811e097d529c2776fc6a0fdce9bbcde2dc055,1.0,33,850080,576414,67
unweighted_s70,ruler4k/ruler_4096_niah_multivalue_p0334,niah_multivalue,42,8408b2cc181539d721124293f71f4afe4e80fecf3be6b08f136589ab1aedbfb1,1.0,28,676480,451987,67
unweighted_s70,ruler4k/ruler_4096_niah_multiquery_p0250,niah_multiquery,42,d7ebeb31c67ef3aaff04b0a01f7a281e4a285a887e4088bdf1590297df0c5496,1.0,23,555680,387000,85
unweighted_s70,ruler4k/ruler_4096_niah_multiquery_p0281,niah_multiquery,42,25f97397c1f56fcb22753a040a6b77236c8ffabd415fc7dc413de0043d0ad5b0,1.0,28,676480,458305,90
unweighted_s70,ruler4k/ruler_4096_niah_multiquery_p0293,niah_multiquery,42,42cee0d9bcf07b284dea36a84610ce8eacd037e5da27b880199575aa15909544,1.0,48,1159680,792196,89
unweighted_s70,ruler4k/ruler_4096_niah_multiquery_p0268,niah_multiquery,42,12e8eabb09dfb861ca9ef3383dc04a81adaf4050c502abdebbfb61c58afacc90,1.0,41,1056160,722725,88
unweighted_s70,ruler4k/ruler_4096_niah_multiquery_p0273,niah_multiquery,42,561df18acab190c49616d28217638902060fe1a4b0f3aba3eaa0a587cf015a0a,1.0,28,721280,487720,85
unweighted_s70,ruler4k/ruler_4096_niah_multiquery_p0252,niah_multiquery,42,e9e6216e984840a8ae40adb72219eac5190bfbbe72b8156a8933b52e10836e9b,1.0,31,748960,502731,88
unweighted_s70,ruler4k/ruler_4096_niah_multiquery_p0266,niah_multiquery,42,74cbb1f7d07b7a148b8d78375d5d0cf013f8eb9e8b005f5af635cac28eb9b6b2,1.0,27,695520,486281,84
unweighted_s70,ruler4k/ruler_4096_niah_multiquery_p0298,niah_multiquery,42,73b299958b02347e43ae5a010343d9f79a81286767fa4328bd5248826e121beb,1.0,18,463680,318633,84
unweighted_s70,ruler4k/ruler_4096_niah_multiquery_p0264,niah_multiquery,42,d7c9f1221cd0d46c9c81dd74ef9bacbcb746734aa4e5e4e50c9ba36e70147889,1.0,42,1014720,696771,84
unweighted_s70,ruler4k/ruler_4096_niah_multiquery_p0285,niah_multiquery,42,128d8f2fd3612e9f5ad3ff88451b44c429d77965a5c067f7608185298be544f7,1.0,44,1063040,718854,86
unweighted_s70,ruler4k/ruler_4096_vt_p0601,vt,42,1ede7e3b3443c1da90f87dcbae808b715151e2640fae7040cd470a50adff47bf,0.0,7,182560,132386,30
unweighted_s70,ruler4k/ruler_4096_vt_p0617,vt,42,87aea4b59ba3a6ec618d590d946c59a031df61f8d44e5f0be8e9525a6eccd336,0.0,13,339040,242783,30
unweighted_s70,ruler4k/ruler_4096_vt_p0632,vt,42,5cb68cb1202f34f42296c6881510b2aca700e68c15043de09495cce28cac949c,0.0,6,156480,113789,30
unweighted_s70,ruler4k/ruler_4096_vt_p0618,vt,42,6c29d37fdba15c5fd2ad421103ecb98036162ec4b7435c06f3d3027f320c762d,0.0,11,286880,208181,30
unweighted_s70,ruler4k/ruler_4096_vt_p0603,vt,42,fe93b7aa159b81138de74e2be58b545f9b3f38aaf1119b6574944b4bb23c5fb1,0.0,8,208640,149062,30
unweighted_s70,ruler4k/ruler_4096_vt_p0624,vt,42,1e3f850af723b632f4d1eaab713c671a0ecfbc55d1284baae00b92865c0165da,0.0,11,286880,211953,30
unweighted_s70,ruler4k/ruler_4096_vt_p0607,vt,42,56b8fcd4e95162f8bcd8d7d3c9673315733632a084c7f0ff65cfe0a306019fb6,0.0,11,285120,203376,30
unweighted_s70,ruler4k/ruler_4096_vt_p0611,vt,42,6c6d7581df6c35f0e144bdbd5a81728a2a46452052bff2c0aa1414823c79ba21,0.0,8,203520,145631,30
unweighted_s70,ruler4k/ruler_4096_vt_p0623,vt,42,de3faf03d119ec292d87b818ebc27c76702806d4eacb19670dccc814d97242e6,0.0,27,704160,508135,30
unweighted_s70,ruler4k/ruler_4096_vt_p0620,vt,42,63626bade152cd74b6120a42fcc713e53c86518e77cf94b8bb05c941bd6eee4a,0.0,6,156480,113359,30
unweighted_s70,ruler4k/ruler_4096_cwe_p0045,cwe,42,bfcf4b52a0dd6646e7f1977825aed749da0db1624455550c7e4b0005d36bf4f6,1.0,42,1061760,714777,63
unweighted_s70,ruler4k/ruler_4096_cwe_p0014,cwe,42,6358699f441f11c7ee51c51d58e4013c22272ccbcc9d74cf9c224792227c9218,1.0,43,1093920,753126,64
unweighted_s70,ruler4k/ruler_4096_cwe_p0044,cwe,42,40da7d9a8dabc14ede9b3edd40572017ad91c060752fefb22d098b9e46a70569,0.5,48,1236480,841376,68
unweighted_s70,ruler4k/ruler_4096_cwe_p0005,cwe,42,a1ac0ee9b8d3d6fbfea8164480699498158e4f732b8f73fefd51e45c2af7798a,1.0,20,505600,348869,63
unweighted_s70,ruler4k/ruler_4096_cwe_p0046,cwe,42,327255761be34b73002c16b49d33666ee697c40b80eb823e1ec9ee8d9d688038,1.0,36,927360,639777,63
unweighted_s70,ruler4k/ruler_4096_cwe_p0036,cwe,42,a37348e65d33b1a14bb87bbd15896f1be9a2d8a20397882f28e64026f4767bb2,1.0,43,1107680,763947,62
unweighted_s70,ruler4k/ruler_4096_cwe_p0038,cwe,42,3d23bf868a9c20165654f8a7cc1d021bec3d59e4480962a475a1787eeeef120f,1.0,48,1228800,845346,61
unweighted_s70,ruler4k/ruler_4096_cwe_p0034,cwe,42,a2b5f9d437342694356a5bed5caa56516720c3c24209f10861dc66889f2cc4e5,0.8,48,1236480,846669,62
unweighted_s70,ruler4k/ruler_4096_cwe_p0004,cwe,42,12780ec9ff7d288d30ed09b658dd44e997d76aa4e696983f3e4779e953fe8f04,1.0,48,1228800,846507,62
unweighted_s70,ruler4k/ruler_4096_cwe_p0008,cwe,42,b81f61ad0d24a56feae85508d58c480040d0091f28c2682d5792bc97797325bd,1.0,29,747040,511542,62
unweighted_s70,ruler4k/ruler_4096_fwe_p0087,fwe,42,16fa298c7245985713964f55babd9941866cd9f502561a080f2e1da4e46a255f,0.6667000000000001,31,788640,563299,22
unweighted_s70,ruler4k/ruler_4096_fwe_p0096,fwe,42,57da086ecbea39898f7725d2a5594d0891924b1192f7cc832a39d3305048cdd9,1.0,5,127200,91389,24
unweighted_s70,ruler4k/ruler_4096_fwe_p0067,fwe,42,6a00968813b930890b9d8a8236d421df73bb5653893e13b5579b1396a9f7e2b8,1.0,9,230400,165896,22
unweighted_s70,ruler4k/ruler_4096_fwe_p0062,fwe,42,b9486e82e0a9970ff4f752085832989c02d3e0186e95a2b748bd9629e256facb,1.0,10,260800,190124,24
unweighted_s70,ruler4k/ruler_4096_fwe_p0088,fwe,42,8d120b2a4312ea91cd33c537f1cd10e6060c0a7e261052b2db531798e5e07bad,1.0,11,279840,202672,17
unweighted_s70,ruler4k/ruler_4096_fwe_p0052,fwe,42,5a6004725b0a53d258f50ef247b40ea89414457abad6c43ecc9bb49f74e1169c,1.0,13,330720,238525,17
unweighted_s70,ruler4k/ruler_4096_fwe_p0085,fwe,42,ce7fba76f73da72a29cb1a9eb674685845459dadf47bb1218e612954babad932,1.0,10,256000,188608,16
unweighted_s70,ruler4k/ruler_4096_fwe_p0071,fwe,42,d843973080e5f93e1b39ce8cce5341d583b62b232342095ce6bf506321e01a94,1.0,11,283360,202515,23
unweighted_s70,ruler4k/ruler_4096_fwe_p0075,fwe,42,74dab99d0aab3c14e77ba11a0d77b82c8d75abe3d622688ef64ebbc34be1644e,1.0,15,379200,272170,15
unweighted_s70,ruler4k/ruler_4096_fwe_p0086,fwe,42,69670b27321fec6e735e4361d7b73c0920496cf79e1f424cff8d5a51ba3694fe,0.6667000000000001,10,251200,180106,20
unweighted_s70,ruler4k/ruler_4096_qa_1_p0505,qa_1,42,dfc616957fca79c516c29b6044a180b83f077b296a3202eedafb4e31029e4a76,0.0,16,409600,289363,10
unweighted_s70,ruler4k/ruler_4096_qa_1_p0517,qa_1,42,a007c13dd1a196fb2ee764d65413cccb1d07b5cc996a33955f72923a68b3ee23,1.0,18,446400,305526,21
unweighted_s70,ruler4k/ruler_4096_qa_1_p0501,qa_1,42,852969255c427f2ca395afdce4e633ba40eb8fb5921817992fc643ba1ab16b6d,1.0,11,271040,184894,24
unweighted_s70,ruler4k/ruler_4096_qa_1_p0530,qa_1,42,a162c6477c6e6478fb97d42ec11716df2abc134feac1b5ec765622b9a358d3a2,0.0,19,477280,328437,8
unweighted_s70,ruler4k/ruler_4096_qa_1_p0509,qa_1,42,255353b20d8ffd2d962d5830853b81014b8e4e2ad113cbe116fe1b2754189273,1.0,3,75360,53384,8
unweighted_s70,ruler4k/ruler_4096_qa_1_p0549,qa_1,42,7d23ac5addd3206ea31de7705e76364b7d656d00cfd14354fa752b9e29579ae1,1.0,8,198400,138901,9
unweighted_s70,ruler4k/ruler_4096_qa_1_p0514,qa_1,42,fcc5d586ab237ca84d597be8cd62496aeaa4374406bcbf84b9300656fe7288ad,1.0,4,101120,70677,11
unweighted_s70,ruler4k/ruler_4096_qa_1_p0540,qa_1,42,333bb0dd8a9972c275fa9648978027c2a9fce7c10bb749106c0ccf25c0bb3612,1.0,5,111200,71273,10
unweighted_s70,ruler4k/ruler_4096_qa_1_p0547,qa_1,42,811492b67af1ca7b375cc9017391a98155b214f7e2bb59abef0a79f75c6d70bf,1.0,5,129600,90266,6
unweighted_s70,ruler4k/ruler_4096_qa_1_p0512,qa_1,42,660de8b61e41aa812403f334efcf909030631eb1e715a2764de1013981474ad5,1.0,4,99200,68106,8
unweighted_s70,ruler4k/ruler_4096_qa_2_p0579,qa_2,42,515a1c9665425cbaaa1ae73b35d7616c50164b5880b10ba16d2d3cb581db8077,1.0,4,97280,68565,9
unweighted_s70,ruler4k/ruler_4096_qa_2_p0588,qa_2,42,82a062b715ce57274a81267e8873b62e736b3d10889f90bdf3a43a3808af23aa,1.0,7,172480,123481,6
unweighted_s70,ruler4k/ruler_4096_qa_2_p0551,qa_2,42,0c9d305f8640e44a8eee5fc63f283e409133ef5725d62b81317698828faecec2,1.0,9,208800,138010,21
unweighted_s70,ruler4k/ruler_4096_qa_2_p0578,qa_2,42,cb4967b2c0e4b0770e147781ec0b71d6ef2bfbb2f4a21ae376e3f79d9db6d885,1.0,2,47680,32211,9
unweighted_s70,ruler4k/ruler_4096_qa_2_p0583,qa_2,42,1ad492cdc5f1ff709e7d4c315cf766a566cf50f947e2a5aaa951bda8035ea058,1.0,5,127200,91736,6
unweighted_s70,ruler4k/ruler_4096_qa_2_p0599,qa_2,42,5dfd7c7563dfc5e3f32396a60b8c9d9dbf1346a7780553e50810c9485a6a0adb,0.0,21,443520,291704,6
unweighted_s70,ruler4k/ruler_4096_qa_2_p0589,qa_2,42,827954e15839b8ac59fb7e394b606d5eee0fd6f268f8832105e952034e485b7e,0.0,18,446400,316527,7
unweighted_s70,ruler4k/ruler_4096_qa_2_p0559,qa_2,42,d55a6754a18b806b7b459ba27c9c9aaa785002acfcae3c2dde82d74ba0ac677a,1.0,9,221760,159677,6
unweighted_s70,ruler4k/ruler_4096_qa_2_p0577,qa_2,42,60904ecb62467215293c6410d8edf1c80f081dd77dd637ece0c13ab0080c001e,1.0,2,48000,33017,6
unweighted_s70,ruler4k/ruler_4096_qa_2_p0574,qa_2,42,a12ffe9225044b65b59b8c16d21eba0198d2f8d87f7e24e0ec2bc3b146b9d9c4,0.0,4,92800,65062,10
M_s70,ruler4k/ruler_4096_niah_single_1_p0391,niah_single_1,42,84b2a69d0f8ac3fdac3e2ec089bff85b2f7594e7a19aa175c45a04fa35d75559,1.0,6,154560,121739,23
M_s70,ruler4k/ruler_4096_niah_single_1_p0365,niah_single_1,42,362202745bfe5344c23483c584679b8839fa7f402a2275b041ef2e2eb0391df7,1.0,9,231840,181132,28
M_s70,ruler4k/ruler_4096_niah_single_1_p0359,niah_single_1,42,22c4aa54f702816bb0df17c72a45850f72c43521617c0530b766b288d42f243c,1.0,48,1236480,933916,128
M_s70,ruler4k/ruler_4096_niah_single_1_p0356,niah_single_1,42,e16efe4e6f2434fe8070e5bd2ff9472be7f1f120929e46ab729ef1df42a999d4,1.0,7,180320,139304,24
M_s70,ruler4k/ruler_4096_niah_single_1_p0393,niah_single_1,42,2468ef9fd703f76cd57ba84a60c67a685a020d08698b2530f7d9e692ba5f44f0,1.0,6,154560,121587,27
M_s70,ruler4k/ruler_4096_niah_single_1_p0398,niah_single_1,42,97ce39fbf2025ceccac24ea9ecf655eb0604555785dbf104316e69637543ae8a,1.0,18,463680,353120,27
M_s70,ruler4k/ruler_4096_niah_single_1_p0373,niah_single_1,42,4c47f2828d442b0e5c0132156bd91b3ccbac339bb35f6c08447aa4cb23995306,1.0,6,154560,121408,28
M_s70,ruler4k/ruler_4096_niah_single_1_p0377,niah_single_1,42,b4b8b756d972020e9195f5487cd62eeb6355deef26eb2e8911eb7b203abb471d,0.0,48,1236480,926831,128
M_s70,ruler4k/ruler_4096_niah_single_1_p0386,niah_single_1,42,c191837a0906eef75a272f52e39b79b35e2026870a511f6c47a1b8fd0104e6ca,1.0,9,231840,177558,29
M_s70,ruler4k/ruler_4096_niah_single_1_p0351,niah_single_1,42,4c5f87a7a4649fc38d57467051741d7abc30a788413f42f212337c9144556fb0,1.0,12,309120,243986,29
M_s70,ruler4k/ruler_4096_niah_single_2_p0418,niah_single_2,42,0c0970c55b901cac5e827bbc91c518ef9b6dd44decf09886a0e87b506488da09,1.0,9,217440,158271,29
M_s70,ruler4k/ruler_4096_niah_single_2_p0417,niah_single_2,42,9c24e81e63ccf9b37fd55a283a9de43b4cf8bdb8eca9700fd8780a44838a5b8a,1.0,8,206080,150345,27
M_s70,ruler4k/ruler_4096_niah_single_2_p0405,niah_single_2,42,12e3b643f0882dc1dd9c6bbbade302379bb4a2ca908d8d752366227d34af9c43,1.0,48,1159680,763176,29
M_s70,ruler4k/ruler_4096_niah_single_2_p0433,niah_single_2,42,e68d45a10f3b6a2f2b432fee6387943942b3fc79e87860c551174e708fd6f712,1.0,13,334880,251882,27
M_s70,ruler4k/ruler_4096_niah_single_2_p0426,niah_single_2,42,e19912aa9fc527c02b94c5a6f9bd25b4a3b8860c0cf543acb7b2a6752625b655,1.0,10,257600,185907,27
M_s70,ruler4k/ruler_4096_niah_single_2_p0400,niah_single_2,42,23a78905359fae6c5b256969d7d7956bcac6bfedc6d6ba72c84e35f9e3c2b9d7,1.0,8,193280,143631,28
M_s70,ruler4k/ruler_4096_niah_single_2_p0429,niah_single_2,42,e6ae2e08b0022a1ab48df4a5249081768fbb7e281ae068e82284f6fdf1918129,1.0,5,120800,88374,23
M_s70,ruler4k/ruler_4096_niah_single_2_p0421,niah_single_2,42,35c2242668136cab280c6ec7c44248b6367ca3811041a841fc98747095cb0852,1.0,9,231840,173156,27
M_s70,ruler4k/ruler_4096_niah_single_2_p0428,niah_single_2,42,54ec3d0c7373a71a8c2ea1b0ed51bd6800842bd574fa81ac644aede61ff7173b,1.0,14,338240,249227,23
M_s70,ruler4k/ruler_4096_niah_single_2_p0437,niah_single_2,42,6064a204397272c101337e8220e155be0f35a2273bae28924392d42a2944d742,1.0,14,360640,265994,27
M_s70,ruler4k/ruler_4096_niah_single_3_p0468,niah_single_3,42,c3af63f11f27389ecd37df152d67c64d30cd233b8f5c795f95992f10b44cef78,0.0,48,1159680,715361,128
M_s70,ruler4k/ruler_4096_niah_single_3_p0488,niah_single_3,42,56211e5bbb129174027e38ed20ea8a6fc6e73bea003e9590298b4044bfc46cae,1.0,10,257600,189929,50
M_s70,ruler4k/ruler_4096_niah_single_3_p0475,niah_single_3,42,7e9be5b0cbcf1dcbc00b2d27562173289648f82c0d9afa6be2663e5c09047119,1.0,8,206080,152342,50
M_s70,ruler4k/ruler_4096_niah_single_3_p0480,niah_single_3,42,8497f42fbfcb5ecb8b8a1bbac254b56627c0acd6a69feee34c318dcfd422f2b9,1.0,10,257600,186798,50
M_s70,ruler4k/ruler_4096_niah_single_3_p0451,niah_single_3,42,744f1a24096d7c51556722f87836779c8e1e172f920002ee79d5ba00fd2693be,1.0,15,386400,281770,54
M_s70,ruler4k/ruler_4096_niah_single_3_p0493,niah_single_3,42,206b9337b07a90a72a6663a468f70081366e428ce603582cde0b5f8e6074b221,1.0,36,869760,642621,48
M_s70,ruler4k/ruler_4096_niah_single_3_p0495,niah_single_3,42,65b164e9cb3f7277ed3185e5fadd121041b09ee6ccf2a688351bde02a9bd5299,1.0,48,1236480,819825,128
M_s70,ruler4k/ruler_4096_niah_single_3_p0477,niah_single_3,42,ec8175b5f240daa35661b164849eb91484c7c48b1500f8b887fe7355e3dd8f9f,1.0,6,144960,106165,50
M_s70,ruler4k/ruler_4096_niah_single_3_p0491,niah_single_3,42,afbd45c86baed29f525f8652ca4a7afef5e5d0fcea1c22e486b3ab190c141d36,1.0,12,289920,210133,47
M_s70,ruler4k/ruler_4096_niah_single_3_p0464,niah_single_3,42,0def02e1833e5105697c667982c3db6b74fc599b3a23c1a1632eaed4930b203f,1.0,16,412160,303254,55
M_s70,ruler4k/ruler_4096_niah_multikey_1_p0143,niah_multikey_1,42,a4136de5f5df6c5da1bb8626f811a0e2c6c451efcb0a58778889c84d78779bb1,1.0,7,169120,121801,25
M_s70,ruler4k/ruler_4096_niah_multikey_1_p0130,niah_multikey_1,42,81ad2a12d9f42eb8553575cad78177b9d8e054a36587177d53e9bb832992d744,1.0,9,217440,161623,23
M_s70,ruler4k/ruler_4096_niah_multikey_1_p0104,niah_multikey_1,42,5949da444aa40e059027de62e9846fe4bf01d0b982dc634c685e4523057dec47,1.0,48,1159680,818913,108
M_s70,ruler4k/ruler_4096_niah_multikey_1_p0140,niah_multikey_1,42,0dac50fb3c9a7cf274d390fc33deaaef863304b2b8cc58c26426b01b34360acd,1.0,7,169120,123699,25
M_s70,ruler4k/ruler_4096_niah_multikey_1_p0109,niah_multikey_1,42,eb29119b567c1acfc3fddd7dc23d99e3d07a451df1e9340863c41ab76fec8279,1.0,8,193280,135209,29
M_s70,ruler4k/ruler_4096_niah_multikey_1_p0112,niah_multikey_1,42,64a2a5358813d7cc70dee30933034b553e8ff4289fc2abfa2c0cac0577bd9869,1.0,9,217440,153754,24
M_s70,ruler4k/ruler_4096_niah_multikey_1_p0110,niah_multikey_1,42,0e985d0395cfd78473b765322e48855d9338f4292cc653dc4921ddd64e7aa6aa,1.0,48,1159680,719399,128
M_s70,ruler4k/ruler_4096_niah_multikey_1_p0115,niah_multikey_1,42,eb7e20f6e8cd8787f1bdc6806bf396684517cb30e9a27351d0804cd4226948a7,1.0,16,386560,277277,28
M_s70,ruler4k/ruler_4096_niah_multikey_1_p0124,niah_multikey_1,42,813f07f91b5e61c369a986a6e0af49e8d31e8f836d6b80546513c9d17c4a822d,1.0,6,144960,104701,27
M_s70,ruler4k/ruler_4096_niah_multikey_1_p0138,niah_multikey_1,42,7458699c703be6ff351e77d62d5262b50c1c149ddc8ff259fe40054e25393e9d,1.0,9,217440,155225,25
M_s70,ruler4k/ruler_4096_niah_multikey_2_p0155,niah_multikey_2,42,89c401d63e557be37a2c9112dd8f8a9a5b86a1a4ddfef2bb152e3d3624581de6,1.0,9,231840,176914,24
M_s70,ruler4k/ruler_4096_niah_multikey_2_p0187,niah_multikey_2,42,b2b7c440a1d1925f2db27831d670136208061acf4309c804e48710e2e2b096ba,1.0,4,103040,79990,23
M_s70,ruler4k/ruler_4096_niah_multikey_2_p0199,niah_multikey_2,42,113cceb69e7cad1008b8faca879924601c4493030f01c185a0c143d1e35b5dec,1.0,9,218880,165366,24
M_s70,ruler4k/ruler_4096_niah_multikey_2_p0172,niah_multikey_2,42,299c5ce6f3b0ebeed623c66095efe93c8d28ff455696651e7a173c70f736ed2b,1.0,27,695520,528816,23
M_s70,ruler4k/ruler_4096_niah_multikey_2_p0160,niah_multikey_2,42,3652c8d513a6b1df9c2e8e3b8ed23eb74cdf168726c457745e5244234b8ac1da,1.0,6,154560,118956,26
M_s70,ruler4k/ruler_4096_niah_multikey_2_p0192,niah_multikey_2,42,263394c74e36959c503d578504af247e8f4cf5cb7580ad67bfb1f10c4be191d4,1.0,18,463680,355973,24
M_s70,ruler4k/ruler_4096_niah_multikey_2_p0191,niah_multikey_2,42,f412410977db6e493a67db293bc7d42ac0dd4318b396cfb4c964979dd3893c60,1.0,18,463680,354775,24
M_s70,ruler4k/ruler_4096_niah_multikey_2_p0186,niah_multikey_2,42,9a6750843eef9b6a259296690d489f907f8cadc16f29aedbb8d0492512c00168,1.0,11,283360,217143,24
M_s70,ruler4k/ruler_4096_niah_multikey_2_p0188,niah_multikey_2,42,79511fa19beeb3d6933bfe7327175585524e911f7a0f81655720b2aca3a0ba0c,0.0,48,1236480,920333,128
M_s70,ruler4k/ruler_4096_niah_multikey_2_p0195,niah_multikey_2,42,f723391fa64b17bbbd3fe15c5144633074bdb872e8e5510aa6f7047e55cb924d,1.0,5,128800,98935,24
M_s70,ruler4k/ruler_4096_niah_multikey_3_p0221,niah_multikey_3,42,f8dd0f93eb33e91a61cf7fab499ffd7585047ae2afcf9f0d1a3160fd4341ed35,1.0,38,972800,723267,78
M_s70,ruler4k/ruler_4096_niah_multikey_3_p0247,niah_multikey_3,42,ae30df60444546e8777ee802f719cfae5dfe7ceae7b8f13f46e9b409ea28a312,1.0,8,204800,150535,78
M_s70,ruler4k/ruler_4096_niah_multikey_3_p0222,niah_multikey_3,42,eafa5bd73b366cbcac052d45d993a4d8f72a6c7cc5293a69af6f1fc6b7e44b91,1.0,18,460800,333286,77
M_s70,ruler4k/ruler_4096_niah_multikey_3_p0203,niah_multikey_3,42,42be70ae1b5d7d8f2d25f41c1ea6c5bef44467fb3821001bd8239e7cbf7d5825,1.0,10,256000,187092,78
M_s70,ruler4k/ruler_4096_niah_multikey_3_p0249,niah_multikey_3,42,4fffd45bb8c613b3c496fa0e52293424834107c78eb86377039d4bc2eafbc7c9,1.0,17,435200,320856,83
M_s70,ruler4k/ruler_4096_niah_multikey_3_p0201,niah_multikey_3,42,16107492e0e1f5f3e241995fd2634504edd00904c0e19d725ab3ae560a6060fb,1.0,17,435200,310852,76
M_s70,ruler4k/ruler_4096_niah_multikey_3_p0242,niah_multikey_3,42,f4329a354710003262cadef688f726df03362adeb32aba2eb7809f02e2dabbc4,1.0,13,332800,240054,75
M_s70,ruler4k/ruler_4096_niah_multikey_3_p0217,niah_multikey_3,42,bca3327d5aa55bfa3ccd0ea2c83739a1ada8873e873741e3e1c46d10abffdb66,1.0,24,614400,449354,75
M_s70,ruler4k/ruler_4096_niah_multikey_3_p0218,niah_multikey_3,42,5ee3579138079a2a3bf406113e49449c5c5486254c73d9d817ae3a58005386ba,1.0,29,742400,532959,81
M_s70,ruler4k/ruler_4096_niah_multikey_3_p0229,niah_multikey_3,42,80d5e6407cd842e86d45150d8235f8b98caef2804f44689d318f633c844232fe,1.0,18,460800,338560,79
M_s70,ruler4k/ruler_4096_niah_multivalue_p0333,niah_multivalue,42,cfb1f9c8c983a092c4fca7359d982b505400235942aa329a6b04f4b4ad3769ed,1.0,43,1038880,656208,114
M_s70,ruler4k/ruler_4096_niah_multivalue_p0323,niah_multivalue,42,6cfcc849348a08389dfd9360dc35be5045e03b2545c0238142e0d33500b579b2,1.0,15,362400,247309,67
M_s70,ruler4k/ruler_4096_niah_multivalue_p0301,niah_multivalue,42,acf8258c21c0101725c9812e9febb8400cb26d111c5ff99a5e9f9c5ce5c9cf1a,1.0,21,507360,337606,70
M_s70,ruler4k/ruler_4096_niah_multivalue_p0341,niah_multivalue,42,28db1d98fca3a475372b00bf02bcfe115a530b792736a1c023bb7c2c3b5deccd,1.0,29,747040,517329,67
M_s70,ruler4k/ruler_4096_niah_multivalue_p0338,niah_multivalue,42,491956a4b5522d0af0ef17f13a2168ed7f82fd3c6976f2f140ee4a55d5754914,1.0,15,362400,247832,71
M_s70,ruler4k/ruler_4096_niah_multivalue_p0306,niah_multivalue,42,1a44769372eb079188f4a23cd39ba56394aae391ba10dbedf1a7fc3fb6a65f87,1.0,12,289920,204918,67
M_s70,ruler4k/ruler_4096_niah_multivalue_p0329,niah_multivalue,42,9ea03ab697be6f960e62e3e35e2cfb311adf0b86781e4a24646b27e846be74c0,1.0,30,724800,505191,67
M_s70,ruler4k/ruler_4096_niah_multivalue_p0336,niah_multivalue,42,67218f00ea86276217c8f8e5a4fa2739ad7a72e31068c476b6b809646343437c,1.0,16,386560,272277,67
M_s70,ruler4k/ruler_4096_niah_multivalue_p0305,niah_multivalue,42,0f59017fbd483ac5be5cd70d397811e097d529c2776fc6a0fdce9bbcde2dc055,1.0,48,1236480,759076,123
M_s70,ruler4k/ruler_4096_niah_multivalue_p0334,niah_multivalue,42,8408b2cc181539d721124293f71f4afe4e80fecf3be6b08f136589ab1aedbfb1,1.0,24,579840,390809,67
M_s70,ruler4k/ruler_4096_niah_multiquery_p0250,niah_multiquery,42,d7ebeb31c67ef3aaff04b0a01f7a281e4a285a887e4088bdf1590297df0c5496,1.0,14,338240,235807,87
M_s70,ruler4k/ruler_4096_niah_multiquery_p0281,niah_multiquery,42,25f97397c1f56fcb22753a040a6b77236c8ffabd415fc7dc413de0043d0ad5b0,1.0,23,555680,383424,89
M_s70,ruler4k/ruler_4096_niah_multiquery_p0293,niah_multiquery,42,42cee0d9bcf07b284dea36a84610ce8eacd037e5da27b880199575aa15909544,1.0,43,1038880,723489,87
M_s70,ruler4k/ruler_4096_niah_multiquery_p0268,niah_multiquery,42,12e8eabb09dfb861ca9ef3383dc04a81adaf4050c502abdebbfb61c58afacc90,1.0,23,592480,410181,85
M_s70,ruler4k/ruler_4096_niah_multiquery_p0273,niah_multiquery,42,561df18acab190c49616d28217638902060fe1a4b0f3aba3eaa0a587cf015a0a,1.0,27,695520,467630,88
M_s70,ruler4k/ruler_4096_niah_multiquery_p0252,niah_multiquery,42,e9e6216e984840a8ae40adb72219eac5190bfbbe72b8156a8933b52e10836e9b,1.0,21,507360,342001,85
M_s70,ruler4k/ruler_4096_niah_multiquery_p0266,niah_multiquery,42,74cbb1f7d07b7a148b8d78375d5d0cf013f8eb9e8b005f5af635cac28eb9b6b2,1.0,17,437920,308358,81
M_s70,ruler4k/ruler_4096_niah_multiquery_p0298,niah_multiquery,42,73b299958b02347e43ae5a010343d9f79a81286767fa4328bd5248826e121beb,1.0,19,489440,341652,85
M_s70,ruler4k/ruler_4096_niah_multiquery_p0264,niah_multiquery,42,d7c9f1221cd0d46c9c81dd74ef9bacbcb746734aa4e5e4e50c9ba36e70147889,1.0,24,579840,403929,87
M_s70,ruler4k/ruler_4096_niah_multiquery_p0285,niah_multiquery,42,128d8f2fd3612e9f5ad3ff88451b44c429d77965a5c067f7608185298be544f7,1.0,30,724800,489598,87
M_s70,ruler4k/ruler_4096_vt_p0601,vt,42,1ede7e3b3443c1da90f87dcbae808b715151e2640fae7040cd470a50adff47bf,0.0,48,1251840,845763,30
M_s70,ruler4k/ruler_4096_vt_p0617,vt,42,87aea4b59ba3a6ec618d590d946c59a031df61f8d44e5f0be8e9525a6eccd336,0.0,21,547680,376261,30
M_s70,ruler4k/ruler_4096_vt_p0632,vt,42,5cb68cb1202f34f42296c6881510b2aca700e68c15043de09495cce28cac949c,0.0,11,286880,214667,30
M_s70,ruler4k/ruler_4096_vt_p0618,vt,42,6c29d37fdba15c5fd2ad421103ecb98036162ec4b7435c06f3d3027f320c762d,0.0,8,208640,154543,30
M_s70,ruler4k/ruler_4096_vt_p0603,vt,42,fe93b7aa159b81138de74e2be58b545f9b3f38aaf1119b6574944b4bb23c5fb1,0.0,8,208640,153621,30
M_s70,ruler4k/ruler_4096_vt_p0624,vt,42,1e3f850af723b632f4d1eaab713c671a0ecfbc55d1284baae00b92865c0165da,0.0,9,234720,177781,30
M_s70,ruler4k/ruler_4096_vt_p0607,vt,42,56b8fcd4e95162f8bcd8d7d3c9673315733632a084c7f0ff65cfe0a306019fb6,0.0,9,233280,169290,30
M_s70,ruler4k/ruler_4096_vt_p0611,vt,42,6c6d7581df6c35f0e144bdbd5a81728a2a46452052bff2c0aa1414823c79ba21,0.2,48,1221120,814622,30
M_s70,ruler4k/ruler_4096_vt_p0623,vt,42,de3faf03d119ec292d87b818ebc27c76702806d4eacb19670dccc814d97242e6,0.2,48,1251840,838860,30
M_s70,ruler4k/ruler_4096_vt_p0620,vt,42,63626bade152cd74b6120a42fcc713e53c86518e77cf94b8bb05c941bd6eee4a,0.0,9,234720,172615,30
M_s70,ruler4k/ruler_4096_cwe_p0045,cwe,42,bfcf4b52a0dd6646e7f1977825aed749da0db1624455550c7e4b0005d36bf4f6,0.5,48,1213440,766408,120
M_s70,ruler4k/ruler_4096_cwe_p0014,cwe,42,6358699f441f11c7ee51c51d58e4013c22272ccbcc9d74cf9c224792227c9218,1.0,48,1221120,789529,120
M_s70,ruler4k/ruler_4096_cwe_p0044,cwe,42,40da7d9a8dabc14ede9b3edd40572017ad91c060752fefb22d098b9e46a70569,0.8,48,1236480,833606,68
M_s70,ruler4k/ruler_4096_cwe_p0005,cwe,42,a1ac0ee9b8d3d6fbfea8164480699498158e4f732b8f73fefd51e45c2af7798a,0.9,48,1213440,767372,120
M_s70,ruler4k/ruler_4096_cwe_p0046,cwe,42,327255761be34b73002c16b49d33666ee697c40b80eb823e1ec9ee8d9d688038,1.0,21,540960,377942,63
M_s70,ruler4k/ruler_4096_cwe_p0036,cwe,42,a37348e65d33b1a14bb87bbd15896f1be9a2d8a20397882f28e64026f4767bb2,1.0,33,850080,584753,64
M_s70,ruler4k/ruler_4096_cwe_p0038,cwe,42,3d23bf868a9c20165654f8a7cc1d021bec3d59e4480962a475a1787eeeef120f,0.9,47,1203200,831068,61
M_s70,ruler4k/ruler_4096_cwe_p0034,cwe,42,a2b5f9d437342694356a5bed5caa56516720c3c24209f10861dc66889f2cc4e5,1.0,36,927360,636138,62
M_s70,ruler4k/ruler_4096_cwe_p0004,cwe,42,12780ec9ff7d288d30ed09b658dd44e997d76aa4e696983f3e4779e953fe8f04,0.6,48,1228800,787531,120
M_s70,ruler4k/ruler_4096_cwe_p0008,cwe,42,b81f61ad0d24a56feae85508d58c480040d0091f28c2682d5792bc97797325bd,1.0,29,747040,519911,62
M_s70,ruler4k/ruler_4096_fwe_p0087,fwe,42,16fa298c7245985713964f55babd9941866cd9f502561a080f2e1da4e46a255f,1.0,48,1221120,859415,50
M_s70,ruler4k/ruler_4096_fwe_p0096,fwe,42,57da086ecbea39898f7725d2a5594d0891924b1192f7cc832a39d3305048cdd9,1.0,48,1221120,855665,50
M_s70,ruler4k/ruler_4096_fwe_p0067,fwe,42,6a00968813b930890b9d8a8236d421df73bb5653893e13b5579b1396a9f7e2b8,1.0,48,1228800,860504,22
M_s70,ruler4k/ruler_4096_fwe_p0062,fwe,42,b9486e82e0a9970ff4f752085832989c02d3e0186e95a2b748bd9629e256facb,1.0,18,469440,350833,24
M_s70,ruler4k/ruler_4096_fwe_p0088,fwe,42,8d120b2a4312ea91cd33c537f1cd10e6060c0a7e261052b2db531798e5e07bad,1.0,11,279840,207776,23
M_s70,ruler4k/ruler_4096_fwe_p0052,fwe,42,5a6004725b0a53d258f50ef247b40ea89414457abad6c43ecc9bb49f74e1169c,1.0,8,203520,152936,17
M_s70,ruler4k/ruler_4096_fwe_p0085,fwe,42,ce7fba76f73da72a29cb1a9eb674685845459dadf47bb1218e612954babad932,1.0,11,281600,207906,16
M_s70,ruler4k/ruler_4096_fwe_p0071,fwe,42,d843973080e5f93e1b39ce8cce5341d583b62b232342095ce6bf506321e01a94,1.0,8,206080,150696,16
M_s70,ruler4k/ruler_4096_fwe_p0075,fwe,42,74dab99d0aab3c14e77ba11a0d77b82c8d75abe3d622688ef64ebbc34be1644e,1.0,48,1213440,857069,50
M_s70,ruler4k/ruler_4096_fwe_p0086,fwe,42,69670b27321fec6e735e4361d7b73c0920496cf79e1f424cff8d5a51ba3694fe,0.6667000000000001,48,1205760,806295,50
M_s70,ruler4k/ruler_4096_qa_1_p0505,qa_1,42,dfc616957fca79c516c29b6044a180b83f077b296a3202eedafb4e31029e4a76,0.0,48,1228800,802354,32
M_s70,ruler4k/ruler_4096_qa_1_p0517,qa_1,42,a007c13dd1a196fb2ee764d65413cccb1d07b5cc996a33955f72923a68b3ee23,1.0,13,322400,232291,22
M_s70,ruler4k/ruler_4096_qa_1_p0501,qa_1,42,852969255c427f2ca395afdce4e633ba40eb8fb5921817992fc643ba1ab16b6d,1.0,12,295680,210106,17
M_s70,ruler4k/ruler_4096_qa_1_p0530,qa_1,42,a162c6477c6e6478fb97d42ec11716df2abc134feac1b5ec765622b9a358d3a2,0.0,48,1205760,873408,3
M_s70,ruler4k/ruler_4096_qa_1_p0509,qa_1,42,255353b20d8ffd2d962d5830853b81014b8e4e2ad113cbe116fe1b2754189273,1.0,48,1205760,846434,8
M_s70,ruler4k/ruler_4096_qa_1_p0549,qa_1,42,7d23ac5addd3206ea31de7705e76364b7d656d00cfd14354fa752b9e29579ae1,0.0,48,1190400,780436,32
M_s70,ruler4k/ruler_4096_qa_1_p0514,qa_1,42,fcc5d586ab237ca84d597be8cd62496aeaa4374406bcbf84b9300656fe7288ad,1.0,7,176960,127806,11
M_s70,ruler4k/ruler_4096_qa_1_p0540,qa_1,42,333bb0dd8a9972c275fa9648978027c2a9fce7c10bb749106c0ccf25c0bb3612,0.0,48,1067520,645265,32
M_s70,ruler4k/ruler_4096_qa_1_p0547,qa_1,42,811492b67af1ca7b375cc9017391a98155b214f7e2bb59abef0a79f75c6d70bf,1.0,4,103680,79181,6
M_s70,ruler4k/ruler_4096_qa_1_p0512,qa_1,42,660de8b61e41aa812403f334efcf909030631eb1e715a2764de1013981474ad5,1.0,7,173600,124358,9
M_s70,ruler4k/ruler_4096_qa_2_p0579,qa_2,42,515a1c9665425cbaaa1ae73b35d7616c50164b5880b10ba16d2d3cb581db8077,1.0,6,145920,107500,9
M_s70,ruler4k/ruler_4096_qa_2_p0588,qa_2,42,82a062b715ce57274a81267e8873b62e736b3d10889f90bdf3a43a3808af23aa,1.0,5,123200,92559,6
M_s70,ruler4k/ruler_4096_qa_2_p0551,qa_2,42,0c9d305f8640e44a8eee5fc63f283e409133ef5725d62b81317698828faecec2,1.0,13,301600,203155,22
M_s70,ruler4k/ruler_4096_qa_2_p0578,qa_2,42,cb4967b2c0e4b0770e147781ec0b71d6ef2bfbb2f4a21ae376e3f79d9db6d885,1.0,10,238400,168852,9
M_s70,ruler4k/ruler_4096_qa_2_p0583,qa_2,42,1ad492cdc5f1ff709e7d4c315cf766a566cf50f947e2a5aaa951bda8035ea058,1.0,11,279840,209318,6
M_s70,ruler4k/ruler_4096_qa_2_p0599,qa_2,42,5dfd7c7563dfc5e3f32396a60b8c9d9dbf1346a7780553e50810c9485a6a0adb,0.0,42,887040,584984,32
M_s70,ruler4k/ruler_4096_qa_2_p0589,qa_2,42,827954e15839b8ac59fb7e394b606d5eee0fd6f268f8832105e952034e485b7e,1.0,48,1190400,781914,32
M_s70,ruler4k/ruler_4096_qa_2_p0559,qa_2,42,d55a6754a18b806b7b459ba27c9c9aaa785002acfcae3c2dde82d74ba0ac677a,1.0,7,172480,129398,6
M_s70,ruler4k/ruler_4096_qa_2_p0577,qa_2,42,60904ecb62467215293c6410d8edf1c80f081dd77dd637ece0c13ab0080c001e,1.0,4,96000,70069,6
M_s70,ruler4k/ruler_4096_qa_2_p0574,qa_2,42,a12ffe9225044b65b59b8c16d21eba0198d2f8d87f7e24e0ec2bc3b146b9d9c4,0.0,13,301600,218095,4
C_s70,ruler4k/ruler_4096_niah_single_1_p0391,niah_single_1,42,84b2a69d0f8ac3fdac3e2ec089bff85b2f7594e7a19aa175c45a04fa35d75559,1.0,5,128800,101434,27
C_s70,ruler4k/ruler_4096_niah_single_1_p0365,niah_single_1,42,362202745bfe5344c23483c584679b8839fa7f402a2275b041ef2e2eb0391df7,1.0,5,128800,98567,28
C_s70,ruler4k/ruler_4096_niah_single_1_p0359,niah_single_1,42,22c4aa54f702816bb0df17c72a45850f72c43521617c0530b766b288d42f243c,1.0,4,103040,80851,28
C_s70,ruler4k/ruler_4096_niah_single_1_p0356,niah_single_1,42,e16efe4e6f2434fe8070e5bd2ff9472be7f1f120929e46ab729ef1df42a999d4,1.0,7,180320,140441,28
C_s70,ruler4k/ruler_4096_niah_single_1_p0393,niah_single_1,42,2468ef9fd703f76cd57ba84a60c67a685a020d08698b2530f7d9e692ba5f44f0,1.0,8,206080,160614,27
C_s70,ruler4k/ruler_4096_niah_single_1_p0398,niah_single_1,42,97ce39fbf2025ceccac24ea9ecf655eb0604555785dbf104316e69637543ae8a,1.0,9,231840,173095,27
C_s70,ruler4k/ruler_4096_niah_single_1_p0373,niah_single_1,42,4c47f2828d442b0e5c0132156bd91b3ccbac339bb35f6c08447aa4cb23995306,1.0,6,154560,122113,28
C_s70,ruler4k/ruler_4096_niah_single_1_p0377,niah_single_1,42,b4b8b756d972020e9195f5487cd62eeb6355deef26eb2e8911eb7b203abb471d,1.0,3,77280,60024,28
C_s70,ruler4k/ruler_4096_niah_single_1_p0386,niah_single_1,42,c191837a0906eef75a272f52e39b79b35e2026870a511f6c47a1b8fd0104e6ca,1.0,9,231840,171410,29
C_s70,ruler4k/ruler_4096_niah_single_1_p0351,niah_single_1,42,4c5f87a7a4649fc38d57467051741d7abc30a788413f42f212337c9144556fb0,1.0,8,206080,159292,29
C_s70,ruler4k/ruler_4096_niah_single_2_p0418,niah_single_2,42,0c0970c55b901cac5e827bbc91c518ef9b6dd44decf09886a0e87b506488da09,1.0,5,120800,84145,29
C_s70,ruler4k/ruler_4096_niah_single_2_p0417,niah_single_2,42,9c24e81e63ccf9b37fd55a283a9de43b4cf8bdb8eca9700fd8780a44838a5b8a,1.0,4,103040,73975,27
C_s70,ruler4k/ruler_4096_niah_single_2_p0405,niah_single_2,42,12e3b643f0882dc1dd9c6bbbade302379bb4a2ca908d8d752366227d34af9c43,1.0,5,120800,84835,29
C_s70,ruler4k/ruler_4096_niah_single_2_p0433,niah_single_2,42,e68d45a10f3b6a2f2b432fee6387943942b3fc79e87860c551174e708fd6f712,1.0,7,180320,132899,27
C_s70,ruler4k/ruler_4096_niah_single_2_p0426,niah_single_2,42,e19912aa9fc527c02b94c5a6f9bd25b4a3b8860c0cf543acb7b2a6752625b655,1.0,5,128800,92123,23
C_s70,ruler4k/ruler_4096_niah_single_2_p0400,niah_single_2,42,23a78905359fae6c5b256969d7d7956bcac6bfedc6d6ba72c84e35f9e3c2b9d7,1.0,5,120800,86503,28
C_s70,ruler4k/ruler_4096_niah_single_2_p0429,niah_single_2,42,e6ae2e08b0022a1ab48df4a5249081768fbb7e281ae068e82284f6fdf1918129,1.0,5,120800,83674,27
C_s70,ruler4k/ruler_4096_niah_single_2_p0421,niah_single_2,42,35c2242668136cab280c6ec7c44248b6367ca3811041a841fc98747095cb0852,1.0,7,180320,131119,27
C_s70,ruler4k/ruler_4096_niah_single_2_p0428,niah_single_2,42,54ec3d0c7373a71a8c2ea1b0ed51bd6800842bd574fa81ac644aede61ff7173b,1.0,5,120800,89368,27
C_s70,ruler4k/ruler_4096_niah_single_2_p0437,niah_single_2,42,6064a204397272c101337e8220e155be0f35a2273bae28924392d42a2944d742,1.0,4,103040,74819,27
C_s70,ruler4k/ruler_4096_niah_single_3_p0468,niah_single_3,42,c3af63f11f27389ecd37df152d67c64d30cd233b8f5c795f95992f10b44cef78,1.0,8,193280,132977,52
C_s70,ruler4k/ruler_4096_niah_single_3_p0488,niah_single_3,42,56211e5bbb129174027e38ed20ea8a6fc6e73bea003e9590298b4044bfc46cae,1.0,5,128800,92280,54
C_s70,ruler4k/ruler_4096_niah_single_3_p0475,niah_single_3,42,7e9be5b0cbcf1dcbc00b2d27562173289648f82c0d9afa6be2663e5c09047119,1.0,7,180320,132721,54
C_s70,ruler4k/ruler_4096_niah_single_3_p0480,niah_single_3,42,8497f42fbfcb5ecb8b8a1bbac254b56627c0acd6a69feee34c318dcfd422f2b9,1.0,7,180320,128736,54
C_s70,ruler4k/ruler_4096_niah_single_3_p0451,niah_single_3,42,744f1a24096d7c51556722f87836779c8e1e172f920002ee79d5ba00fd2693be,1.0,4,103040,72603,50
C_s70,ruler4k/ruler_4096_niah_single_3_p0493,niah_single_3,42,206b9337b07a90a72a6663a468f70081366e428ce603582cde0b5f8e6074b221,1.0,10,241600,170676,52
C_s70,ruler4k/ruler_4096_niah_single_3_p0495,niah_single_3,42,65b164e9cb3f7277ed3185e5fadd121041b09ee6ccf2a688351bde02a9bd5299,1.0,8,206080,145927,48
C_s70,ruler4k/ruler_4096_niah_single_3_p0477,niah_single_3,42,ec8175b5f240daa35661b164849eb91484c7c48b1500f8b887fe7355e3dd8f9f,1.0,5,120800,84993,50
C_s70,ruler4k/ruler_4096_niah_single_3_p0491,niah_single_3,42,afbd45c86baed29f525f8652ca4a7afef5e5d0fcea1c22e486b3ab190c141d36,1.0,10,241600,172640,51
C_s70,ruler4k/ruler_4096_niah_single_3_p0464,niah_single_3,42,0def02e1833e5105697c667982c3db6b74fc599b3a23c1a1632eaed4930b203f,1.0,14,360640,262189,55
C_s70,ruler4k/ruler_4096_niah_multikey_1_p0143,niah_multikey_1,42,a4136de5f5df6c5da1bb8626f811a0e2c6c451efcb0a58778889c84d78779bb1,1.0,4,96640,68273,29
C_s70,ruler4k/ruler_4096_niah_multikey_1_p0130,niah_multikey_1,42,81ad2a12d9f42eb8553575cad78177b9d8e054a36587177d53e9bb832992d744,1.0,4,96640,69506,27
C_s70,ruler4k/ruler_4096_niah_multikey_1_p0104,niah_multikey_1,42,5949da444aa40e059027de62e9846fe4bf01d0b982dc634c685e4523057dec47,1.0,5,120800,88301,23
C_s70,ruler4k/ruler_4096_niah_multikey_1_p0140,niah_multikey_1,42,0dac50fb3c9a7cf274d390fc33deaaef863304b2b8cc58c26426b01b34360acd,1.0,5,120800,86369,29
C_s70,ruler4k/ruler_4096_niah_multikey_1_p0109,niah_multikey_1,42,eb29119b567c1acfc3fddd7dc23d99e3d07a451df1e9340863c41ab76fec8279,1.0,3,72480,50350,29
C_s70,ruler4k/ruler_4096_niah_multikey_1_p0112,niah_multikey_1,42,64a2a5358813d7cc70dee30933034b553e8ff4289fc2abfa2c0cac0577bd9869,1.0,5,120800,83875,28
C_s70,ruler4k/ruler_4096_niah_multikey_1_p0110,niah_multikey_1,42,0e985d0395cfd78473b765322e48855d9338f4292cc653dc4921ddd64e7aa6aa,1.0,5,120800,83576,28
C_s70,ruler4k/ruler_4096_niah_multikey_1_p0115,niah_multikey_1,42,eb7e20f6e8cd8787f1bdc6806bf396684517cb30e9a27351d0804cd4226948a7,1.0,5,120800,85494,28
C_s70,ruler4k/ruler_4096_niah_multikey_1_p0124,niah_multikey_1,42,813f07f91b5e61c369a986a6e0af49e8d31e8f836d6b80546513c9d17c4a822d,1.0,5,120800,86810,27
C_s70,ruler4k/ruler_4096_niah_multikey_1_p0138,niah_multikey_1,42,7458699c703be6ff351e77d62d5262b50c1c149ddc8ff259fe40054e25393e9d,1.0,5,120800,81370,29
C_s70,ruler4k/ruler_4096_niah_multikey_2_p0155,niah_multikey_2,42,89c401d63e557be37a2c9112dd8f8a9a5b86a1a4ddfef2bb152e3d3624581de6,1.0,7,180320,135610,24
C_s70,ruler4k/ruler_4096_niah_multikey_2_p0187,niah_multikey_2,42,b2b7c440a1d1925f2db27831d670136208061acf4309c804e48710e2e2b096ba,1.0,5,128800,96804,23
C_s70,ruler4k/ruler_4096_niah_multikey_2_p0199,niah_multikey_2,42,113cceb69e7cad1008b8faca879924601c4493030f01c185a0c143d1e35b5dec,1.0,4,97280,73757,24
C_s70,ruler4k/ruler_4096_niah_multikey_2_p0172,niah_multikey_2,42,299c5ce6f3b0ebeed623c66095efe93c8d28ff455696651e7a173c70f736ed2b,1.0,3,77280,57560,23
C_s70,ruler4k/ruler_4096_niah_multikey_2_p0160,niah_multikey_2,42,3652c8d513a6b1df9c2e8e3b8ed23eb74cdf168726c457745e5244234b8ac1da,1.0,3,77280,57473,26
C_s70,ruler4k/ruler_4096_niah_multikey_2_p0192,niah_multikey_2,42,263394c74e36959c503d578504af247e8f4cf5cb7580ad67bfb1f10c4be191d4,1.0,6,154560,117773,24
C_s70,ruler4k/ruler_4096_niah_multikey_2_p0191,niah_multikey_2,42,f412410977db6e493a67db293bc7d42ac0dd4318b396cfb4c964979dd3893c60,1.0,7,180320,136642,28
C_s70,ruler4k/ruler_4096_niah_multikey_2_p0186,niah_multikey_2,42,9a6750843eef9b6a259296690d489f907f8cadc16f29aedbb8d0492512c00168,1.0,3,77280,56531,24
C_s70,ruler4k/ruler_4096_niah_multikey_2_p0188,niah_multikey_2,42,79511fa19beeb3d6933bfe7327175585524e911f7a0f81655720b2aca3a0ba0c,1.0,7,180320,138744,24
C_s70,ruler4k/ruler_4096_niah_multikey_2_p0195,niah_multikey_2,42,f723391fa64b17bbbd3fe15c5144633074bdb872e8e5510aa6f7047e55cb924d,1.0,4,103040,76792,28
C_s70,ruler4k/ruler_4096_niah_multikey_3_p0221,niah_multikey_3,42,f8dd0f93eb33e91a61cf7fab499ffd7585047ae2afcf9f0d1a3160fd4341ed35,1.0,15,384000,279995,78
C_s70,ruler4k/ruler_4096_niah_multikey_3_p0247,niah_multikey_3,42,ae30df60444546e8777ee802f719cfae5dfe7ceae7b8f13f46e9b409ea28a312,1.0,4,102400,73311,78
C_s70,ruler4k/ruler_4096_niah_multikey_3_p0222,niah_multikey_3,42,eafa5bd73b366cbcac052d45d993a4d8f72a6c7cc5293a69af6f1fc6b7e44b91,1.0,7,179200,128099,77
C_s70,ruler4k/ruler_4096_niah_multikey_3_p0203,niah_multikey_3,42,42be70ae1b5d7d8f2d25f41c1ea6c5bef44467fb3821001bd8239e7cbf7d5825,1.0,7,179200,130233,78
C_s70,ruler4k/ruler_4096_niah_multikey_3_p0249,niah_multikey_3,42,4fffd45bb8c613b3c496fa0e52293424834107c78eb86377039d4bc2eafbc7c9,1.0,5,128000,91905,83
C_s70,ruler4k/ruler_4096_niah_multikey_3_p0201,niah_multikey_3,42,16107492e0e1f5f3e241995fd2634504edd00904c0e19d725ab3ae560a6060fb,1.0,9,230400,166333,76
C_s70,ruler4k/ruler_4096_niah_multikey_3_p0242,niah_multikey_3,42,f4329a354710003262cadef688f726df03362adeb32aba2eb7809f02e2dabbc4,1.0,16,409600,283420,75
C_s70,ruler4k/ruler_4096_niah_multikey_3_p0217,niah_multikey_3,42,bca3327d5aa55bfa3ccd0ea2c83739a1ada8873e873741e3e1c46d10abffdb66,1.0,7,179200,125418,75
C_s70,ruler4k/ruler_4096_niah_multikey_3_p0218,niah_multikey_3,42,5ee3579138079a2a3bf406113e49449c5c5486254c73d9d817ae3a58005386ba,1.0,7,179200,127158,81
C_s70,ruler4k/ruler_4096_niah_multikey_3_p0229,niah_multikey_3,42,80d5e6407cd842e86d45150d8235f8b98caef2804f44689d318f633c844232fe,1.0,15,384000,270521,79
C_s70,ruler4k/ruler_4096_niah_multivalue_p0333,niah_multivalue,42,cfb1f9c8c983a092c4fca7359d982b505400235942aa329a6b04f4b4ad3769ed,1.0,22,531520,337280,115
C_s70,ruler4k/ruler_4096_niah_multivalue_p0323,niah_multivalue,42,6cfcc849348a08389dfd9360dc35be5045e03b2545c0238142e0d33500b579b2,1.0,6,144960,89967,67
C_s70,ruler4k/ruler_4096_niah_multivalue_p0301,niah_multivalue,42,acf8258c21c0101725c9812e9febb8400cb26d111c5ff99a5e9f9c5ce5c9cf1a,1.0,5,120800,75259,67
C_s70,ruler4k/ruler_4096_niah_multivalue_p0341,niah_multivalue,42,28db1d98fca3a475372b00bf02bcfe115a530b792736a1c023bb7c2c3b5deccd,1.0,6,154560,95113,67
C_s70,ruler4k/ruler_4096_niah_multivalue_p0338,niah_multivalue,42,491956a4b5522d0af0ef17f13a2168ed7f82fd3c6976f2f140ee4a55d5754914,1.0,9,217440,134684,67
C_s70,ruler4k/ruler_4096_niah_multivalue_p0306,niah_multivalue,42,1a44769372eb079188f4a23cd39ba56394aae391ba10dbedf1a7fc3fb6a65f87,1.0,5,120800,79905,67
C_s70,ruler4k/ruler_4096_niah_multivalue_p0329,niah_multivalue,42,9ea03ab697be6f960e62e3e35e2cfb311adf0b86781e4a24646b27e846be74c0,1.0,4,96640,63792,68
C_s70,ruler4k/ruler_4096_niah_multivalue_p0336,niah_multivalue,42,67218f00ea86276217c8f8e5a4fa2739ad7a72e31068c476b6b809646343437c,1.0,7,169120,113478,71
C_s70,ruler4k/ruler_4096_niah_multivalue_p0305,niah_multivalue,42,0f59017fbd483ac5be5cd70d397811e097d529c2776fc6a0fdce9bbcde2dc055,1.0,48,1236480,751628,128
C_s70,ruler4k/ruler_4096_niah_multivalue_p0334,niah_multivalue,42,8408b2cc181539d721124293f71f4afe4e80fecf3be6b08f136589ab1aedbfb1,1.0,6,144960,92113,67
C_s70,ruler4k/ruler_4096_niah_multiquery_p0250,niah_multiquery,42,d7ebeb31c67ef3aaff04b0a01f7a281e4a285a887e4088bdf1590297df0c5496,1.0,10,241600,165689,84
C_s70,ruler4k/ruler_4096_niah_multiquery_p0281,niah_multiquery,42,25f97397c1f56fcb22753a040a6b77236c8ffabd415fc7dc413de0043d0ad5b0,1.0,6,144960,96466,89
C_s70,ruler4k/ruler_4096_niah_multiquery_p0293,niah_multiquery,42,42cee0d9bcf07b284dea36a84610ce8eacd037e5da27b880199575aa15909544,1.0,9,217440,144530,87
C_s70,ruler4k/ruler_4096_niah_multiquery_p0268,niah_multiquery,42,12e8eabb09dfb861ca9ef3383dc04a81adaf4050c502abdebbfb61c58afacc90,1.0,4,103040,65800,91
C_s70,ruler4k/ruler_4096_niah_multiquery_p0273,niah_multiquery,42,561df18acab190c49616d28217638902060fe1a4b0f3aba3eaa0a587cf015a0a,1.0,6,154560,98413,82
C_s70,ruler4k/ruler_4096_niah_multiquery_p0252,niah_multiquery,42,e9e6216e984840a8ae40adb72219eac5190bfbbe72b8156a8933b52e10836e9b,1.0,5,120800,78406,89
C_s70,ruler4k/ruler_4096_niah_multiquery_p0266,niah_multiquery,42,74cbb1f7d07b7a148b8d78375d5d0cf013f8eb9e8b005f5af635cac28eb9b6b2,1.0,10,257600,173596,84
C_s70,ruler4k/ruler_4096_niah_multiquery_p0298,niah_multiquery,42,73b299958b02347e43ae5a010343d9f79a81286767fa4328bd5248826e121beb,1.0,6,154560,103176,82
C_s70,ruler4k/ruler_4096_niah_multiquery_p0264,niah_multiquery,42,d7c9f1221cd0d46c9c81dd74ef9bacbcb746734aa4e5e4e50c9ba36e70147889,1.0,12,289920,190192,86
C_s70,ruler4k/ruler_4096_niah_multiquery_p0285,niah_multiquery,42,128d8f2fd3612e9f5ad3ff88451b44c429d77965a5c067f7608185298be544f7,1.0,4,96640,60907,90
C_s70,ruler4k/ruler_4096_vt_p0601,vt,42,1ede7e3b3443c1da90f87dcbae808b715151e2640fae7040cd470a50adff47bf,0.0,8,208640,148376,30
C_s70,ruler4k/ruler_4096_vt_p0617,vt,42,87aea4b59ba3a6ec618d590d946c59a031df61f8d44e5f0be8e9525a6eccd336,0.0,5,130400,89848,30
C_s70,ruler4k/ruler_4096_vt_p0632,vt,42,5cb68cb1202f34f42296c6881510b2aca700e68c15043de09495cce28cac949c,0.0,6,156480,112665,30
C_s70,ruler4k/ruler_4096_vt_p0618,vt,42,6c29d37fdba15c5fd2ad421103ecb98036162ec4b7435c06f3d3027f320c762d,0.0,6,156480,113166,30
C_s70,ruler4k/ruler_4096_vt_p0603,vt,42,fe93b7aa159b81138de74e2be58b545f9b3f38aaf1119b6574944b4bb23c5fb1,0.0,4,104320,70122,30
C_s70,ruler4k/ruler_4096_vt_p0624,vt,42,1e3f850af723b632f4d1eaab713c671a0ecfbc55d1284baae00b92865c0165da,0.0,6,156480,112969,30
C_s70,ruler4k/ruler_4096_vt_p0607,vt,42,56b8fcd4e95162f8bcd8d7d3c9673315733632a084c7f0ff65cfe0a306019fb6,0.0,5,129600,92070,30
C_s70,ruler4k/ruler_4096_vt_p0611,vt,42,6c6d7581df6c35f0e144bdbd5a81728a2a46452052bff2c0aa1414823c79ba21,0.0,6,152640,107599,30
C_s70,ruler4k/ruler_4096_vt_p0623,vt,42,de3faf03d119ec292d87b818ebc27c76702806d4eacb19670dccc814d97242e6,0.0,7,182560,129028,30
C_s70,ruler4k/ruler_4096_vt_p0620,vt,42,63626bade152cd74b6120a42fcc713e53c86518e77cf94b8bb05c941bd6eee4a,0.0,17,443360,316589,30
C_s70,ruler4k/ruler_4096_cwe_p0045,cwe,42,bfcf4b52a0dd6646e7f1977825aed749da0db1624455550c7e4b0005d36bf4f6,1.0,25,632000,410484,63
C_s70,ruler4k/ruler_4096_cwe_p0014,cwe,42,6358699f441f11c7ee51c51d58e4013c22272ccbcc9d74cf9c224792227c9218,1.0,17,432480,289022,64
C_s70,ruler4k/ruler_4096_cwe_p0044,cwe,42,40da7d9a8dabc14ede9b3edd40572017ad91c060752fefb22d098b9e46a70569,1.0,28,721280,468061,68
C_s70,ruler4k/ruler_4096_cwe_p0005,cwe,42,a1ac0ee9b8d3d6fbfea8164480699498158e4f732b8f73fefd51e45c2af7798a,1.0,15,379200,252780,63
C_s70,ruler4k/ruler_4096_cwe_p0046,cwe,42,327255761be34b73002c16b49d33666ee697c40b80eb823e1ec9ee8d9d688038,1.0,21,540960,360067,63
C_s70,ruler4k/ruler_4096_cwe_p0036,cwe,42,a37348e65d33b1a14bb87bbd15896f1be9a2d8a20397882f28e64026f4767bb2,1.0,23,592480,393989,62
C_s70,ruler4k/ruler_4096_cwe_p0038,cwe,42,3d23bf868a9c20165654f8a7cc1d021bec3d59e4480962a475a1787eeeef120f,1.0,27,691200,460528,61
C_s70,ruler4k/ruler_4096_cwe_p0034,cwe,42,a2b5f9d437342694356a5bed5caa56516720c3c24209f10861dc66889f2cc4e5,1.0,23,592480,397524,62
C_s70,ruler4k/ruler_4096_cwe_p0004,cwe,42,12780ec9ff7d288d30ed09b658dd44e997d76aa4e696983f3e4779e953fe8f04,1.0,32,819200,555538,62
C_s70,ruler4k/ruler_4096_cwe_p0008,cwe,42,b81f61ad0d24a56feae85508d58c480040d0091f28c2682d5792bc97797325bd,1.0,21,540960,366495,62
C_s70,ruler4k/ruler_4096_fwe_p0087,fwe,42,16fa298c7245985713964f55babd9941866cd9f502561a080f2e1da4e46a255f,0.6667000000000001,8,203520,146281,22
C_s70,ruler4k/ruler_4096_fwe_p0096,fwe,42,57da086ecbea39898f7725d2a5594d0891924b1192f7cc832a39d3305048cdd9,1.0,3,76320,54766,18
C_s70,ruler4k/ruler_4096_fwe_p0067,fwe,42,6a00968813b930890b9d8a8236d421df73bb5653893e13b5579b1396a9f7e2b8,1.0,6,153600,114019,16
C_s70,ruler4k/ruler_4096_fwe_p0062,fwe,42,b9486e82e0a9970ff4f752085832989c02d3e0186e95a2b748bd9629e256facb,1.0,10,260800,194169,24
C_s70,ruler4k/ruler_4096_fwe_p0088,fwe,42,8d120b2a4312ea91cd33c537f1cd10e6060c0a7e261052b2db531798e5e07bad,1.0,4,101760,75708,23
C_s70,ruler4k/ruler_4096_fwe_p0052,fwe,42,5a6004725b0a53d258f50ef247b40ea89414457abad6c43ecc9bb49f74e1169c,1.0,8,203520,151629,24
C_s70,ruler4k/ruler_4096_fwe_p0085,fwe,42,ce7fba76f73da72a29cb1a9eb674685845459dadf47bb1218e612954babad932,1.0,5,128000,95157,16
C_s70,ruler4k/ruler_4096_fwe_p0071,fwe,42,d843973080e5f93e1b39ce8cce5341d583b62b232342095ce6bf506321e01a94,1.0,5,128800,94135,16
C_s70,ruler4k/ruler_4096_fwe_p0075,fwe,42,74dab99d0aab3c14e77ba11a0d77b82c8d75abe3d622688ef64ebbc34be1644e,1.0,6,151680,112390,21
C_s70,ruler4k/ruler_4096_fwe_p0086,fwe,42,69670b27321fec6e735e4361d7b73c0920496cf79e1f424cff8d5a51ba3694fe,1.0,12,301440,222810,20
C_s70,ruler4k/ruler_4096_qa_1_p0505,qa_1,42,dfc616957fca79c516c29b6044a180b83f077b296a3202eedafb4e31029e4a76,0.0,6,153600,111598,10
C_s70,ruler4k/ruler_4096_qa_1_p0517,qa_1,42,a007c13dd1a196fb2ee764d65413cccb1d07b5cc996a33955f72923a68b3ee23,1.0,5,124000,86338,21
C_s70,ruler4k/ruler_4096_qa_1_p0501,qa_1,42,852969255c427f2ca395afdce4e633ba40eb8fb5921817992fc643ba1ab16b6d,0.0,22,542080,367142,32
C_s70,ruler4k/ruler_4096_qa_1_p0530,qa_1,42,a162c6477c6e6478fb97d42ec11716df2abc134feac1b5ec765622b9a358d3a2,1.0,14,351680,252073,8
C_s70,ruler4k/ruler_4096_qa_1_p0509,qa_1,42,255353b20d8ffd2d962d5830853b81014b8e4e2ad113cbe116fe1b2754189273,1.0,18,452160,331764,8
C_s70,ruler4k/ruler_4096_qa_1_p0549,qa_1,42,7d23ac5addd3206ea31de7705e76364b7d656d00cfd14354fa752b9e29579ae1,1.0,18,446400,322837,9
C_s70,ruler4k/ruler_4096_qa_1_p0514,qa_1,42,fcc5d586ab237ca84d597be8cd62496aeaa4374406bcbf84b9300656fe7288ad,1.0,9,227520,157067,15
C_s70,ruler4k/ruler_4096_qa_1_p0540,qa_1,42,333bb0dd8a9972c275fa9648978027c2a9fce7c10bb749106c0ccf25c0bb3612,1.0,9,200160,133499,10
C_s70,ruler4k/ruler_4096_qa_1_p0547,qa_1,42,811492b67af1ca7b375cc9017391a98155b214f7e2bb59abef0a79f75c6d70bf,1.0,6,155520,113912,6
C_s70,ruler4k/ruler_4096_qa_1_p0512,qa_1,42,660de8b61e41aa812403f334efcf909030631eb1e715a2764de1013981474ad5,1.0,4,99200,70010,8
C_s70,ruler4k/ruler_4096_qa_2_p0579,qa_2,42,515a1c9665425cbaaa1ae73b35d7616c50164b5880b10ba16d2d3cb581db8077,1.0,5,121600,88959,9
C_s70,ruler4k/ruler_4096_qa_2_p0588,qa_2,42,82a062b715ce57274a81267e8873b62e736b3d10889f90bdf3a43a3808af23aa,1.0,12,295680,220851,6
C_s70,ruler4k/ruler_4096_qa_2_p0551,qa_2,42,0c9d305f8640e44a8eee5fc63f283e409133ef5725d62b81317698828faecec2,1.0,9,208800,141064,21
C_s70,ruler4k/ruler_4096_qa_2_p0578,qa_2,42,cb4967b2c0e4b0770e147781ec0b71d6ef2bfbb2f4a21ae376e3f79d9db6d885,1.0,3,71520,51030,9
C_s70,ruler4k/ruler_4096_qa_2_p0583,qa_2,42,1ad492cdc5f1ff709e7d4c315cf766a566cf50f947e2a5aaa951bda8035ea058,1.0,3,76320,55784,6
C_s70,ruler4k/ruler_4096_qa_2_p0599,qa_2,42,5dfd7c7563dfc5e3f32396a60b8c9d9dbf1346a7780553e50810c9485a6a0adb,0.0,8,168960,115637,6
C_s70,ruler4k/ruler_4096_qa_2_p0589,qa_2,42,827954e15839b8ac59fb7e394b606d5eee0fd6f268f8832105e952034e485b7e,1.0,17,421600,310631,8
C_s70,ruler4k/ruler_4096_qa_2_p0559,qa_2,42,d55a6754a18b806b7b459ba27c9c9aaa785002acfcae3c2dde82d74ba0ac677a,1.0,5,123200,91417,6
C_s70,ruler4k/ruler_4096_qa_2_p0577,qa_2,42,60904ecb62467215293c6410d8edf1c80f081dd77dd637ece0c13ab0080c001e,1.0,4,96000,68986,6
C_s70,ruler4k/ruler_4096_qa_2_p0574,qa_2,42,a12ffe9225044b65b59b8c16d21eba0198d2f8d87f7e24e0ec2bc3b146b9d9c4,1.0,7,162400,117189,11
T_s70,ruler4k/ruler_4096_niah_single_1_p0391,niah_single_1,42,84b2a69d0f8ac3fdac3e2ec089bff85b2f7594e7a19aa175c45a04fa35d75559,1.0,6,154560,120066,23
T_s70,ruler4k/ruler_4096_niah_single_1_p0365,niah_single_1,42,362202745bfe5344c23483c584679b8839fa7f402a2275b041ef2e2eb0391df7,1.0,7,180320,137088,28
T_s70,ruler4k/ruler_4096_niah_single_1_p0359,niah_single_1,42,22c4aa54f702816bb0df17c72a45850f72c43521617c0530b766b288d42f243c,1.0,5,128800,99974,28
T_s70,ruler4k/ruler_4096_niah_single_1_p0356,niah_single_1,42,e16efe4e6f2434fe8070e5bd2ff9472be7f1f120929e46ab729ef1df42a999d4,1.0,5,128800,97503,28
T_s70,ruler4k/ruler_4096_niah_single_1_p0393,niah_single_1,42,2468ef9fd703f76cd57ba84a60c67a685a020d08698b2530f7d9e692ba5f44f0,1.0,5,128800,98881,27
T_s70,ruler4k/ruler_4096_niah_single_1_p0398,niah_single_1,42,97ce39fbf2025ceccac24ea9ecf655eb0604555785dbf104316e69637543ae8a,1.0,5,128800,93420,27
T_s70,ruler4k/ruler_4096_niah_single_1_p0373,niah_single_1,42,4c47f2828d442b0e5c0132156bd91b3ccbac339bb35f6c08447aa4cb23995306,1.0,5,128800,99765,28
T_s70,ruler4k/ruler_4096_niah_single_1_p0377,niah_single_1,42,b4b8b756d972020e9195f5487cd62eeb6355deef26eb2e8911eb7b203abb471d,1.0,5,128800,98752,28
T_s70,ruler4k/ruler_4096_niah_single_1_p0386,niah_single_1,42,c191837a0906eef75a272f52e39b79b35e2026870a511f6c47a1b8fd0104e6ca,1.0,6,154560,115202,29
T_s70,ruler4k/ruler_4096_niah_single_1_p0351,niah_single_1,42,4c5f87a7a4649fc38d57467051741d7abc30a788413f42f212337c9144556fb0,1.0,6,154560,119141,29
T_s70,ruler4k/ruler_4096_niah_single_2_p0418,niah_single_2,42,0c0970c55b901cac5e827bbc91c518ef9b6dd44decf09886a0e87b506488da09,1.0,5,120800,83887,29
T_s70,ruler4k/ruler_4096_niah_single_2_p0417,niah_single_2,42,9c24e81e63ccf9b37fd55a283a9de43b4cf8bdb8eca9700fd8780a44838a5b8a,1.0,5,128800,90789,27
T_s70,ruler4k/ruler_4096_niah_single_2_p0405,niah_single_2,42,12e3b643f0882dc1dd9c6bbbade302379bb4a2ca908d8d752366227d34af9c43,1.0,6,144960,103592,29
T_s70,ruler4k/ruler_4096_niah_single_2_p0433,niah_single_2,42,e68d45a10f3b6a2f2b432fee6387943942b3fc79e87860c551174e708fd6f712,1.0,4,103040,74395,27
T_s70,ruler4k/ruler_4096_niah_single_2_p0426,niah_single_2,42,e19912aa9fc527c02b94c5a6f9bd25b4a3b8860c0cf543acb7b2a6752625b655,1.0,6,154560,110746,27
T_s70,ruler4k/ruler_4096_niah_single_2_p0400,niah_single_2,42,23a78905359fae6c5b256969d7d7956bcac6bfedc6d6ba72c84e35f9e3c2b9d7,1.0,5,120800,87316,24
T_s70,ruler4k/ruler_4096_niah_single_2_p0429,niah_single_2,42,e6ae2e08b0022a1ab48df4a5249081768fbb7e281ae068e82284f6fdf1918129,1.0,5,120800,83712,27
T_s70,ruler4k/ruler_4096_niah_single_2_p0421,niah_single_2,42,35c2242668136cab280c6ec7c44248b6367ca3811041a841fc98747095cb0852,1.0,5,128800,91945,27
T_s70,ruler4k/ruler_4096_niah_single_2_p0428,niah_single_2,42,54ec3d0c7373a71a8c2ea1b0ed51bd6800842bd574fa81ac644aede61ff7173b,1.0,5,120800,87815,27
T_s70,ruler4k/ruler_4096_niah_single_2_p0437,niah_single_2,42,6064a204397272c101337e8220e155be0f35a2273bae28924392d42a2944d742,1.0,5,128800,91634,27
T_s70,ruler4k/ruler_4096_niah_single_3_p0468,niah_single_3,42,c3af63f11f27389ecd37df152d67c64d30cd233b8f5c795f95992f10b44cef78,1.0,4,96640,65764,48
T_s70,ruler4k/ruler_4096_niah_single_3_p0488,niah_single_3,42,56211e5bbb129174027e38ed20ea8a6fc6e73bea003e9590298b4044bfc46cae,1.0,5,128800,92507,53
T_s70,ruler4k/ruler_4096_niah_single_3_p0475,niah_single_3,42,7e9be5b0cbcf1dcbc00b2d27562173289648f82c0d9afa6be2663e5c09047119,1.0,7,180320,131878,54
T_s70,ruler4k/ruler_4096_niah_single_3_p0480,niah_single_3,42,8497f42fbfcb5ecb8b8a1bbac254b56627c0acd6a69feee34c318dcfd422f2b9,1.0,8,206080,143411,54
T_s70,ruler4k/ruler_4096_niah_single_3_p0451,niah_single_3,42,744f1a24096d7c51556722f87836779c8e1e172f920002ee79d5ba00fd2693be,1.0,5,128800,89570,50
T_s70,ruler4k/ruler_4096_niah_single_3_p0493,niah_single_3,42,206b9337b07a90a72a6663a468f70081366e428ce603582cde0b5f8e6074b221,1.0,5,120800,85243,52
T_s70,ruler4k/ruler_4096_niah_single_3_p0495,niah_single_3,42,65b164e9cb3f7277ed3185e5fadd121041b09ee6ccf2a688351bde02a9bd5299,1.0,9,231840,162233,48
T_s70,ruler4k/ruler_4096_niah_single_3_p0477,niah_single_3,42,ec8175b5f240daa35661b164849eb91484c7c48b1500f8b887fe7355e3dd8f9f,1.0,5,120800,82958,50
T_s70,ruler4k/ruler_4096_niah_single_3_p0491,niah_single_3,42,afbd45c86baed29f525f8652ca4a7afef5e5d0fcea1c22e486b3ab190c141d36,1.0,6,144960,102649,51
T_s70,ruler4k/ruler_4096_niah_single_3_p0464,niah_single_3,42,0def02e1833e5105697c667982c3db6b74fc599b3a23c1a1632eaed4930b203f,1.0,7,180320,131206,54
T_s70,ruler4k/ruler_4096_niah_multikey_1_p0143,niah_multikey_1,42,a4136de5f5df6c5da1bb8626f811a0e2c6c451efcb0a58778889c84d78779bb1,1.0,7,169120,118437,29
T_s70,ruler4k/ruler_4096_niah_multikey_1_p0130,niah_multikey_1,42,81ad2a12d9f42eb8553575cad78177b9d8e054a36587177d53e9bb832992d744,1.0,5,120800,85747,27
T_s70,ruler4k/ruler_4096_niah_multikey_1_p0104,niah_multikey_1,42,5949da444aa40e059027de62e9846fe4bf01d0b982dc634c685e4523057dec47,1.0,6,144960,105300,27
T_s70,ruler4k/ruler_4096_niah_multikey_1_p0140,niah_multikey_1,42,0dac50fb3c9a7cf274d390fc33deaaef863304b2b8cc58c26426b01b34360acd,1.0,7,169120,117776,25
T_s70,ruler4k/ruler_4096_niah_multikey_1_p0109,niah_multikey_1,42,eb29119b567c1acfc3fddd7dc23d99e3d07a451df1e9340863c41ab76fec8279,1.0,6,144960,99591,29
T_s70,ruler4k/ruler_4096_niah_multikey_1_p0112,niah_multikey_1,42,64a2a5358813d7cc70dee30933034b553e8ff4289fc2abfa2c0cac0577bd9869,1.0,7,169120,119872,24
T_s70,ruler4k/ruler_4096_niah_multikey_1_p0110,niah_multikey_1,42,0e985d0395cfd78473b765322e48855d9338f4292cc653dc4921ddd64e7aa6aa,1.0,7,169120,114319,28
T_s70,ruler4k/ruler_4096_niah_multikey_1_p0115,niah_multikey_1,42,eb7e20f6e8cd8787f1bdc6806bf396684517cb30e9a27351d0804cd4226948a7,1.0,5,120800,82805,28
T_s70,ruler4k/ruler_4096_niah_multikey_1_p0124,niah_multikey_1,42,813f07f91b5e61c369a986a6e0af49e8d31e8f836d6b80546513c9d17c4a822d,1.0,5,120800,85998,27
T_s70,ruler4k/ruler_4096_niah_multikey_1_p0138,niah_multikey_1,42,7458699c703be6ff351e77d62d5262b50c1c149ddc8ff259fe40054e25393e9d,1.0,7,169120,118616,29
T_s70,ruler4k/ruler_4096_niah_multikey_2_p0155,niah_multikey_2,42,89c401d63e557be37a2c9112dd8f8a9a5b86a1a4ddfef2bb152e3d3624581de6,1.0,5,128800,96873,24
T_s70,ruler4k/ruler_4096_niah_multikey_2_p0187,niah_multikey_2,42,b2b7c440a1d1925f2db27831d670136208061acf4309c804e48710e2e2b096ba,1.0,5,128800,96372,23
T_s70,ruler4k/ruler_4096_niah_multikey_2_p0199,niah_multikey_2,42,113cceb69e7cad1008b8faca879924601c4493030f01c185a0c143d1e35b5dec,1.0,5,121600,89603,24
T_s70,ruler4k/ruler_4096_niah_multikey_2_p0172,niah_multikey_2,42,299c5ce6f3b0ebeed623c66095efe93c8d28ff455696651e7a173c70f736ed2b,1.0,5,128800,96507,23
T_s70,ruler4k/ruler_4096_niah_multikey_2_p0160,niah_multikey_2,42,3652c8d513a6b1df9c2e8e3b8ed23eb74cdf168726c457745e5244234b8ac1da,1.0,6,154560,115560,26
T_s70,ruler4k/ruler_4096_niah_multikey_2_p0192,niah_multikey_2,42,263394c74e36959c503d578504af247e8f4cf5cb7580ad67bfb1f10c4be191d4,1.0,5,128800,95744,23
T_s70,ruler4k/ruler_4096_niah_multikey_2_p0191,niah_multikey_2,42,f412410977db6e493a67db293bc7d42ac0dd4318b396cfb4c964979dd3893c60,1.0,6,154560,114937,24
T_s70,ruler4k/ruler_4096_niah_multikey_2_p0186,niah_multikey_2,42,9a6750843eef9b6a259296690d489f907f8cadc16f29aedbb8d0492512c00168,1.0,5,128800,97306,24
T_s70,ruler4k/ruler_4096_niah_multikey_2_p0188,niah_multikey_2,42,79511fa19beeb3d6933bfe7327175585524e911f7a0f81655720b2aca3a0ba0c,1.0,5,128800,96778,24
T_s70,ruler4k/ruler_4096_niah_multikey_2_p0195,niah_multikey_2,42,f723391fa64b17bbbd3fe15c5144633074bdb872e8e5510aa6f7047e55cb924d,1.0,6,154560,116590,23
T_s70,ruler4k/ruler_4096_niah_multikey_3_p0221,niah_multikey_3,42,f8dd0f93eb33e91a61cf7fab499ffd7585047ae2afcf9f0d1a3160fd4341ed35,1.0,5,128000,94327,78
T_s70,ruler4k/ruler_4096_niah_multikey_3_p0247,niah_multikey_3,42,ae30df60444546e8777ee802f719cfae5dfe7ceae7b8f13f46e9b409ea28a312,1.0,6,153600,107341,78
T_s70,ruler4k/ruler_4096_niah_multikey_3_p0222,niah_multikey_3,42,eafa5bd73b366cbcac052d45d993a4d8f72a6c7cc5293a69af6f1fc6b7e44b91,1.0,5,128000,89148,77
T_s70,ruler4k/ruler_4096_niah_multikey_3_p0203,niah_multikey_3,42,42be70ae1b5d7d8f2d25f41c1ea6c5bef44467fb3821001bd8239e7cbf7d5825,1.0,7,179200,128177,78
T_s70,ruler4k/ruler_4096_niah_multikey_3_p0249,niah_multikey_3,42,4fffd45bb8c613b3c496fa0e52293424834107c78eb86377039d4bc2eafbc7c9,1.0,7,179200,131311,83
T_s70,ruler4k/ruler_4096_niah_multikey_3_p0201,niah_multikey_3,42,16107492e0e1f5f3e241995fd2634504edd00904c0e19d725ab3ae560a6060fb,1.0,6,153600,107539,76
T_s70,ruler4k/ruler_4096_niah_multikey_3_p0242,niah_multikey_3,42,f4329a354710003262cadef688f726df03362adeb32aba2eb7809f02e2dabbc4,1.0,7,179200,127251,75
T_s70,ruler4k/ruler_4096_niah_multikey_3_p0217,niah_multikey_3,42,bca3327d5aa55bfa3ccd0ea2c83739a1ada8873e873741e3e1c46d10abffdb66,1.0,6,153600,109199,75
T_s70,ruler4k/ruler_4096_niah_multikey_3_p0218,niah_multikey_3,42,5ee3579138079a2a3bf406113e49449c5c5486254c73d9d817ae3a58005386ba,1.0,7,179200,123292,81
T_s70,ruler4k/ruler_4096_niah_multikey_3_p0229,niah_multikey_3,42,80d5e6407cd842e86d45150d8235f8b98caef2804f44689d318f633c844232fe,1.0,5,128000,90495,79
T_s70,ruler4k/ruler_4096_niah_multivalue_p0333,niah_multivalue,42,cfb1f9c8c983a092c4fca7359d982b505400235942aa329a6b04f4b4ad3769ed,1.0,6,144960,91240,69
T_s70,ruler4k/ruler_4096_niah_multivalue_p0323,niah_multivalue,42,6cfcc849348a08389dfd9360dc35be5045e03b2545c0238142e0d33500b579b2,1.0,6,144960,90759,67
T_s70,ruler4k/ruler_4096_niah_multivalue_p0301,niah_multivalue,42,acf8258c21c0101725c9812e9febb8400cb26d111c5ff99a5e9f9c5ce5c9cf1a,1.0,5,120800,79689,67
T_s70,ruler4k/ruler_4096_niah_multivalue_p0341,niah_multivalue,42,28db1d98fca3a475372b00bf02bcfe115a530b792736a1c023bb7c2c3b5deccd,1.0,7,180320,120326,67
T_s70,ruler4k/ruler_4096_niah_multivalue_p0338,niah_multivalue,42,491956a4b5522d0af0ef17f13a2168ed7f82fd3c6976f2f140ee4a55d5754914,1.0,6,144960,91280,67
T_s70,ruler4k/ruler_4096_niah_multivalue_p0306,niah_multivalue,42,1a44769372eb079188f4a23cd39ba56394aae391ba10dbedf1a7fc3fb6a65f87,1.0,7,169120,111125,67
T_s70,ruler4k/ruler_4096_niah_multivalue_p0329,niah_multivalue,42,9ea03ab697be6f960e62e3e35e2cfb311adf0b86781e4a24646b27e846be74c0,1.0,5,120800,77758,68
T_s70,ruler4k/ruler_4096_niah_multivalue_p0336,niah_multivalue,42,67218f00ea86276217c8f8e5a4fa2739ad7a72e31068c476b6b809646343437c,1.0,5,120800,81727,67
T_s70,ruler4k/ruler_4096_niah_multivalue_p0305,niah_multivalue,42,0f59017fbd483ac5be5cd70d397811e097d529c2776fc6a0fdce9bbcde2dc055,1.0,6,154560,96134,67
T_s70,ruler4k/ruler_4096_niah_multivalue_p0334,niah_multivalue,42,8408b2cc181539d721124293f71f4afe4e80fecf3be6b08f136589ab1aedbfb1,1.0,6,144960,95423,67
T_s70,ruler4k/ruler_4096_niah_multiquery_p0250,niah_multiquery,42,d7ebeb31c67ef3aaff04b0a01f7a281e4a285a887e4088bdf1590297df0c5496,1.0,6,144960,97612,86
T_s70,ruler4k/ruler_4096_niah_multiquery_p0281,niah_multiquery,42,25f97397c1f56fcb22753a040a6b77236c8ffabd415fc7dc413de0043d0ad5b0,1.0,5,120800,79050,89
T_s70,ruler4k/ruler_4096_niah_multiquery_p0293,niah_multiquery,42,42cee0d9bcf07b284dea36a84610ce8eacd037e5da27b880199575aa15909544,1.0,7,169120,109849,90
T_s70,ruler4k/ruler_4096_niah_multiquery_p0268,niah_multiquery,42,12e8eabb09dfb861ca9ef3383dc04a81adaf4050c502abdebbfb61c58afacc90,1.0,6,154560,98959,92
T_s70,ruler4k/ruler_4096_niah_multiquery_p0273,niah_multiquery,42,561df18acab190c49616d28217638902060fe1a4b0f3aba3eaa0a587cf015a0a,1.0,6,154560,99521,84
T_s70,ruler4k/ruler_4096_niah_multiquery_p0252,niah_multiquery,42,e9e6216e984840a8ae40adb72219eac5190bfbbe72b8156a8933b52e10836e9b,1.0,6,144960,90422,86
T_s70,ruler4k/ruler_4096_niah_multiquery_p0266,niah_multiquery,42,74cbb1f7d07b7a148b8d78375d5d0cf013f8eb9e8b005f5af635cac28eb9b6b2,1.0,5,128800,85814,81
T_s70,ruler4k/ruler_4096_niah_multiquery_p0298,niah_multiquery,42,73b299958b02347e43ae5a010343d9f79a81286767fa4328bd5248826e121beb,1.0,5,128800,85265,82
T_s70,ruler4k/ruler_4096_niah_multiquery_p0264,niah_multiquery,42,d7c9f1221cd0d46c9c81dd74ef9bacbcb746734aa4e5e4e50c9ba36e70147889,1.0,6,144960,94265,84
T_s70,ruler4k/ruler_4096_niah_multiquery_p0285,niah_multiquery,42,128d8f2fd3612e9f5ad3ff88451b44c429d77965a5c067f7608185298be544f7,1.0,5,120800,78961,86
T_s70,ruler4k/ruler_4096_vt_p0601,vt,42,1ede7e3b3443c1da90f87dcbae808b715151e2640fae7040cd470a50adff47bf,0.0,9,234720,169056,30
T_s70,ruler4k/ruler_4096_vt_p0617,vt,42,87aea4b59ba3a6ec618d590d946c59a031df61f8d44e5f0be8e9525a6eccd336,0.0,5,130400,93088,30
T_s70,ruler4k/ruler_4096_vt_p0632,vt,42,5cb68cb1202f34f42296c6881510b2aca700e68c15043de09495cce28cac949c,0.0,6,156480,113949,30
T_s70,ruler4k/ruler_4096_vt_p0618,vt,42,6c29d37fdba15c5fd2ad421103ecb98036162ec4b7435c06f3d3027f320c762d,0.0,5,130400,94229,30
T_s70,ruler4k/ruler_4096_vt_p0603,vt,42,fe93b7aa159b81138de74e2be58b545f9b3f38aaf1119b6574944b4bb23c5fb1,0.0,5,130400,91767,30
T_s70,ruler4k/ruler_4096_vt_p0624,vt,42,1e3f850af723b632f4d1eaab713c671a0ecfbc55d1284baae00b92865c0165da,0.0,6,156480,113426,30
T_s70,ruler4k/ruler_4096_vt_p0607,vt,42,56b8fcd4e95162f8bcd8d7d3c9673315733632a084c7f0ff65cfe0a306019fb6,0.0,6,155520,110239,30
T_s70,ruler4k/ruler_4096_vt_p0611,vt,42,6c6d7581df6c35f0e144bdbd5a81728a2a46452052bff2c0aa1414823c79ba21,0.0,6,152640,108313,30
T_s70,ruler4k/ruler_4096_vt_p0623,vt,42,de3faf03d119ec292d87b818ebc27c76702806d4eacb19670dccc814d97242e6,0.0,6,156480,112887,30
T_s70,ruler4k/ruler_4096_vt_p0620,vt,42,63626bade152cd74b6120a42fcc713e53c86518e77cf94b8bb05c941bd6eee4a,0.0,7,182560,131269,30
T_s70,ruler4k/ruler_4096_cwe_p0045,cwe,42,bfcf4b52a0dd6646e7f1977825aed749da0db1624455550c7e4b0005d36bf4f6,1.0,11,278080,181445,63
T_s70,ruler4k/ruler_4096_cwe_p0014,cwe,42,6358699f441f11c7ee51c51d58e4013c22272ccbcc9d74cf9c224792227c9218,1.0,12,305280,201081,64
T_s70,ruler4k/ruler_4096_cwe_p0044,cwe,42,40da7d9a8dabc14ede9b3edd40572017ad91c060752fefb22d098b9e46a70569,1.0,41,1056160,690043,68
T_s70,ruler4k/ruler_4096_cwe_p0005,cwe,42,a1ac0ee9b8d3d6fbfea8164480699498158e4f732b8f73fefd51e45c2af7798a,1.0,17,429760,286802,63
T_s70,ruler4k/ruler_4096_cwe_p0046,cwe,42,327255761be34b73002c16b49d33666ee697c40b80eb823e1ec9ee8d9d688038,1.0,20,515200,344309,63
T_s70,ruler4k/ruler_4096_cwe_p0036,cwe,42,a37348e65d33b1a14bb87bbd15896f1be9a2d8a20397882f28e64026f4767bb2,1.0,16,412160,277242,62
T_s70,ruler4k/ruler_4096_cwe_p0038,cwe,42,3d23bf868a9c20165654f8a7cc1d021bec3d59e4480962a475a1787eeeef120f,1.0,15,384000,254433,61
T_s70,ruler4k/ruler_4096_cwe_p0034,cwe,42,a2b5f9d437342694356a5bed5caa56516720c3c24209f10861dc66889f2cc4e5,1.0,15,386400,256631,62
T_s70,ruler4k/ruler_4096_cwe_p0004,cwe,42,12780ec9ff7d288d30ed09b658dd44e997d76aa4e696983f3e4779e953fe8f04,1.0,32,819200,547303,62
T_s70,ruler4k/ruler_4096_cwe_p0008,cwe,42,b81f61ad0d24a56feae85508d58c480040d0091f28c2682d5792bc97797325bd,1.0,18,463680,310739,62
T_s70,ruler4k/ruler_4096_fwe_p0087,fwe,42,16fa298c7245985713964f55babd9941866cd9f502561a080f2e1da4e46a255f,0.6667000000000001,7,178080,130118,16
T_s70,ruler4k/ruler_4096_fwe_p0096,fwe,42,57da086ecbea39898f7725d2a5594d0891924b1192f7cc832a39d3305048cdd9,1.0,8,203520,150389,24
T_s70,ruler4k/ruler_4096_fwe_p0067,fwe,42,6a00968813b930890b9d8a8236d421df73bb5653893e13b5579b1396a9f7e2b8,1.0,5,128000,93896,22
T_s70,ruler4k/ruler_4096_fwe_p0062,fwe,42,b9486e82e0a9970ff4f752085832989c02d3e0186e95a2b748bd9629e256facb,1.0,4,104320,76250,24
T_s70,ruler4k/ruler_4096_fwe_p0088,fwe,42,8d120b2a4312ea91cd33c537f1cd10e6060c0a7e261052b2db531798e5e07bad,1.0,4,101760,74158,23
T_s70,ruler4k/ruler_4096_fwe_p0052,fwe,42,5a6004725b0a53d258f50ef247b40ea89414457abad6c43ecc9bb49f74e1169c,1.0,5,127200,93796,17
T_s70,ruler4k/ruler_4096_fwe_p0085,fwe,42,ce7fba76f73da72a29cb1a9eb674685845459dadf47bb1218e612954babad932,1.0,7,179200,132087,16
T_s70,ruler4k/ruler_4096_fwe_p0071,fwe,42,d843973080e5f93e1b39ce8cce5341d583b62b232342095ce6bf506321e01a94,1.0,5,128800,93812,23
T_s70,ruler4k/ruler_4096_fwe_p0075,fwe,42,74dab99d0aab3c14e77ba11a0d77b82c8d75abe3d622688ef64ebbc34be1644e,1.0,4,101120,74931,21
T_s70,ruler4k/ruler_4096_fwe_p0086,fwe,42,69670b27321fec6e735e4361d7b73c0920496cf79e1f424cff8d5a51ba3694fe,1.0,9,226080,165660,20
T_s70,ruler4k/ruler_4096_qa_1_p0505,qa_1,42,dfc616957fca79c516c29b6044a180b83f077b296a3202eedafb4e31029e4a76,0.0,7,179200,127022,10
T_s70,ruler4k/ruler_4096_qa_1_p0517,qa_1,42,a007c13dd1a196fb2ee764d65413cccb1d07b5cc996a33955f72923a68b3ee23,1.0,5,124000,86052,21
T_s70,ruler4k/ruler_4096_qa_1_p0501,qa_1,42,852969255c427f2ca395afdce4e633ba40eb8fb5921817992fc643ba1ab16b6d,1.0,4,98560,68845,17
T_s70,ruler4k/ruler_4096_qa_1_p0530,qa_1,42,a162c6477c6e6478fb97d42ec11716df2abc134feac1b5ec765622b9a358d3a2,1.0,4,100480,71089,8
T_s70,ruler4k/ruler_4096_qa_1_p0509,qa_1,42,255353b20d8ffd2d962d5830853b81014b8e4e2ad113cbe116fe1b2754189273,1.0,3,75360,55029,8
T_s70,ruler4k/ruler_4096_qa_1_p0549,qa_1,42,7d23ac5addd3206ea31de7705e76364b7d656d00cfd14354fa752b9e29579ae1,1.0,9,223200,160314,9
T_s70,ruler4k/ruler_4096_qa_1_p0514,qa_1,42,fcc5d586ab237ca84d597be8cd62496aeaa4374406bcbf84b9300656fe7288ad,1.0,7,176960,125413,11
T_s70,ruler4k/ruler_4096_qa_1_p0540,qa_1,42,333bb0dd8a9972c275fa9648978027c2a9fce7c10bb749106c0ccf25c0bb3612,1.0,4,88960,58630,10
T_s70,ruler4k/ruler_4096_qa_1_p0547,qa_1,42,811492b67af1ca7b375cc9017391a98155b214f7e2bb59abef0a79f75c6d70bf,1.0,8,207360,149600,6
T_s70,ruler4k/ruler_4096_qa_1_p0512,qa_1,42,660de8b61e41aa812403f334efcf909030631eb1e715a2764de1013981474ad5,1.0,7,173600,122198,9
T_s70,ruler4k/ruler_4096_qa_2_p0579,qa_2,42,515a1c9665425cbaaa1ae73b35d7616c50164b5880b10ba16d2d3cb581db8077,1.0,7,170240,121330,9
T_s70,ruler4k/ruler_4096_qa_2_p0588,qa_2,42,82a062b715ce57274a81267e8873b62e736b3d10889f90bdf3a43a3808af23aa,1.0,6,147840,108886,6
T_s70,ruler4k/ruler_4096_qa_2_p0551,qa_2,42,0c9d305f8640e44a8eee5fc63f283e409133ef5725d62b81317698828faecec2,1.0,8,185600,125062,22
T_s70,ruler4k/ruler_4096_qa_2_p0578,qa_2,42,cb4967b2c0e4b0770e147781ec0b71d6ef2bfbb2f4a21ae376e3f79d9db6d885,1.0,6,143040,98027,9
T_s70,ruler4k/ruler_4096_qa_2_p0583,qa_2,42,1ad492cdc5f1ff709e7d4c315cf766a566cf50f947e2a5aaa951bda8035ea058,1.0,4,101760,74852,6
T_s70,ruler4k/ruler_4096_qa_2_p0599,qa_2,42,5dfd7c7563dfc5e3f32396a60b8c9d9dbf1346a7780553e50810c9485a6a0adb,0.0,4,84480,57159,5
T_s70,ruler4k/ruler_4096_qa_2_p0589,qa_2,42,827954e15839b8ac59fb7e394b606d5eee0fd6f268f8832105e952034e485b7e,0.0,3,74400,53990,6
T_s70,ruler4k/ruler_4096_qa_2_p0559,qa_2,42,d55a6754a18b806b7b459ba27c9c9aaa785002acfcae3c2dde82d74ba0ac677a,1.0,4,98560,72294,6
T_s70,ruler4k/ruler_4096_qa_2_p0577,qa_2,42,60904ecb62467215293c6410d8edf1c80f081dd77dd637ece0c13ab0080c001e,1.0,2,48000,33585,6
T_s70,ruler4k/ruler_4096_qa_2_p0574,qa_2,42,a12ffe9225044b65b59b8c16d21eba0198d2f8d87f7e24e0ec2bc3b146b9d9c4,1.0,5,116000,81988,11
MT_s70,ruler4k/ruler_4096_niah_single_1_p0391,niah_single_1,42,84b2a69d0f8ac3fdac3e2ec089bff85b2f7594e7a19aa175c45a04fa35d75559,1.0,6,154560,120507,27
MT_s70,ruler4k/ruler_4096_niah_single_1_p0365,niah_single_1,42,362202745bfe5344c23483c584679b8839fa7f402a2275b041ef2e2eb0391df7,1.0,6,154560,119793,28
MT_s70,ruler4k/ruler_4096_niah_single_1_p0359,niah_single_1,42,22c4aa54f702816bb0df17c72a45850f72c43521617c0530b766b288d42f243c,1.0,12,309120,243413,28
MT_s70,ruler4k/ruler_4096_niah_single_1_p0356,niah_single_1,42,e16efe4e6f2434fe8070e5bd2ff9472be7f1f120929e46ab729ef1df42a999d4,1.0,6,154560,120598,28
MT_s70,ruler4k/ruler_4096_niah_single_1_p0393,niah_single_1,42,2468ef9fd703f76cd57ba84a60c67a685a020d08698b2530f7d9e692ba5f44f0,1.0,13,334880,263487,27
MT_s70,ruler4k/ruler_4096_niah_single_1_p0398,niah_single_1,42,97ce39fbf2025ceccac24ea9ecf655eb0604555785dbf104316e69637543ae8a,1.0,6,154560,118340,27
MT_s70,ruler4k/ruler_4096_niah_single_1_p0373,niah_single_1,42,4c47f2828d442b0e5c0132156bd91b3ccbac339bb35f6c08447aa4cb23995306,1.0,6,154560,122739,24
MT_s70,ruler4k/ruler_4096_niah_single_1_p0377,niah_single_1,42,b4b8b756d972020e9195f5487cd62eeb6355deef26eb2e8911eb7b203abb471d,0.0,48,1236480,911974,55
MT_s70,ruler4k/ruler_4096_niah_single_1_p0386,niah_single_1,42,c191837a0906eef75a272f52e39b79b35e2026870a511f6c47a1b8fd0104e6ca,1.0,6,154560,115631,29
MT_s70,ruler4k/ruler_4096_niah_single_1_p0351,niah_single_1,42,4c5f87a7a4649fc38d57467051741d7abc30a788413f42f212337c9144556fb0,1.0,10,257600,202457,29
MT_s70,ruler4k/ruler_4096_niah_single_2_p0418,niah_single_2,42,0c0970c55b901cac5e827bbc91c518ef9b6dd44decf09886a0e87b506488da09,1.0,8,193280,139329,29
MT_s70,ruler4k/ruler_4096_niah_single_2_p0417,niah_single_2,42,9c24e81e63ccf9b37fd55a283a9de43b4cf8bdb8eca9700fd8780a44838a5b8a,1.0,6,154560,110757,27
MT_s70,ruler4k/ruler_4096_niah_single_2_p0405,niah_single_2,42,12e3b643f0882dc1dd9c6bbbade302379bb4a2ca908d8d752366227d34af9c43,1.0,9,217440,155097,29
MT_s70,ruler4k/ruler_4096_niah_single_2_p0433,niah_single_2,42,e68d45a10f3b6a2f2b432fee6387943942b3fc79e87860c551174e708fd6f712,1.0,11,283360,212983,27
MT_s70,ruler4k/ruler_4096_niah_single_2_p0426,niah_single_2,42,e19912aa9fc527c02b94c5a6f9bd25b4a3b8860c0cf543acb7b2a6752625b655,1.0,9,231840,171458,23
MT_s70,ruler4k/ruler_4096_niah_single_2_p0400,niah_single_2,42,23a78905359fae6c5b256969d7d7956bcac6bfedc6d6ba72c84e35f9e3c2b9d7,1.0,12,289920,212806,29
MT_s70,ruler4k/ruler_4096_niah_single_2_p0429,niah_single_2,42,e6ae2e08b0022a1ab48df4a5249081768fbb7e281ae068e82284f6fdf1918129,1.0,9,217440,153113,27
MT_s70,ruler4k/ruler_4096_niah_single_2_p0421,niah_single_2,42,35c2242668136cab280c6ec7c44248b6367ca3811041a841fc98747095cb0852,1.0,7,180320,131178,27
MT_s70,ruler4k/ruler_4096_niah_single_2_p0428,niah_single_2,42,54ec3d0c7373a71a8c2ea1b0ed51bd6800842bd574fa81ac644aede61ff7173b,1.0,17,410720,304359,27
MT_s70,ruler4k/ruler_4096_niah_single_2_p0437,niah_single_2,42,6064a204397272c101337e8220e155be0f35a2273bae28924392d42a2944d742,1.0,7,180320,130528,27
MT_s70,ruler4k/ruler_4096_niah_single_3_p0468,niah_single_3,42,c3af63f11f27389ecd37df152d67c64d30cd233b8f5c795f95992f10b44cef78,1.0,9,217440,153277,48
MT_s70,ruler4k/ruler_4096_niah_single_3_p0488,niah_single_3,42,56211e5bbb129174027e38ed20ea8a6fc6e73bea003e9590298b4044bfc46cae,1.0,11,283360,208200,54
MT_s70,ruler4k/ruler_4096_niah_single_3_p0475,niah_single_3,42,7e9be5b0cbcf1dcbc00b2d27562173289648f82c0d9afa6be2663e5c09047119,1.0,7,180320,133609,50
MT_s70,ruler4k/ruler_4096_niah_single_3_p0480,niah_single_3,42,8497f42fbfcb5ecb8b8a1bbac254b56627c0acd6a69feee34c318dcfd422f2b9,1.0,7,180320,129496,54
MT_s70,ruler4k/ruler_4096_niah_single_3_p0451,niah_single_3,42,744f1a24096d7c51556722f87836779c8e1e172f920002ee79d5ba00fd2693be,1.0,12,309120,224882,54
MT_s70,ruler4k/ruler_4096_niah_single_3_p0493,niah_single_3,42,206b9337b07a90a72a6663a468f70081366e428ce603582cde0b5f8e6074b221,1.0,9,217440,158865,49
MT_s70,ruler4k/ruler_4096_niah_single_3_p0495,niah_single_3,42,65b164e9cb3f7277ed3185e5fadd121041b09ee6ccf2a688351bde02a9bd5299,1.0,7,180320,127983,48
MT_s70,ruler4k/ruler_4096_niah_single_3_p0477,niah_single_3,42,ec8175b5f240daa35661b164849eb91484c7c48b1500f8b887fe7355e3dd8f9f,1.0,8,193280,135299,51
MT_s70,ruler4k/ruler_4096_niah_single_3_p0491,niah_single_3,42,afbd45c86baed29f525f8652ca4a7afef5e5d0fcea1c22e486b3ab190c141d36,1.0,7,169120,121702,47
MT_s70,ruler4k/ruler_4096_niah_single_3_p0464,niah_single_3,42,0def02e1833e5105697c667982c3db6b74fc599b3a23c1a1632eaed4930b203f,1.0,27,695520,520214,54
MT_s70,ruler4k/ruler_4096_niah_multikey_1_p0143,niah_multikey_1,42,a4136de5f5df6c5da1bb8626f811a0e2c6c451efcb0a58778889c84d78779bb1,1.0,10,241600,175886,25
MT_s70,ruler4k/ruler_4096_niah_multikey_1_p0130,niah_multikey_1,42,81ad2a12d9f42eb8553575cad78177b9d8e054a36587177d53e9bb832992d744,1.0,10,241600,177767,27
MT_s70,ruler4k/ruler_4096_niah_multikey_1_p0104,niah_multikey_1,42,5949da444aa40e059027de62e9846fe4bf01d0b982dc634c685e4523057dec47,1.0,7,169120,121411,27
MT_s70,ruler4k/ruler_4096_niah_multikey_1_p0140,niah_multikey_1,42,0dac50fb3c9a7cf274d390fc33deaaef863304b2b8cc58c26426b01b34360acd,1.0,9,217440,156414,25
MT_s70,ruler4k/ruler_4096_niah_multikey_1_p0109,niah_multikey_1,42,eb29119b567c1acfc3fddd7dc23d99e3d07a451df1e9340863c41ab76fec8279,1.0,11,265760,186979,29
MT_s70,ruler4k/ruler_4096_niah_multikey_1_p0112,niah_multikey_1,42,64a2a5358813d7cc70dee30933034b553e8ff4289fc2abfa2c0cac0577bd9869,1.0,24,579840,412667,28
MT_s70,ruler4k/ruler_4096_niah_multikey_1_p0110,niah_multikey_1,42,0e985d0395cfd78473b765322e48855d9338f4292cc653dc4921ddd64e7aa6aa,1.0,18,434880,305705,24
MT_s70,ruler4k/ruler_4096_niah_multikey_1_p0115,niah_multikey_1,42,eb7e20f6e8cd8787f1bdc6806bf396684517cb30e9a27351d0804cd4226948a7,1.0,7,169120,120831,24
MT_s70,ruler4k/ruler_4096_niah_multikey_1_p0124,niah_multikey_1,42,813f07f91b5e61c369a986a6e0af49e8d31e8f836d6b80546513c9d17c4a822d,1.0,16,386560,281339,27
MT_s70,ruler4k/ruler_4096_niah_multikey_1_p0138,niah_multikey_1,42,7458699c703be6ff351e77d62d5262b50c1c149ddc8ff259fe40054e25393e9d,1.0,6,144960,103004,25
MT_s70,ruler4k/ruler_4096_niah_multikey_2_p0155,niah_multikey_2,42,89c401d63e557be37a2c9112dd8f8a9a5b86a1a4ddfef2bb152e3d3624581de6,1.0,8,206080,155053,24
MT_s70,ruler4k/ruler_4096_niah_multikey_2_p0187,niah_multikey_2,42,b2b7c440a1d1925f2db27831d670136208061acf4309c804e48710e2e2b096ba,1.0,27,695520,532251,23
MT_s70,ruler4k/ruler_4096_niah_multikey_2_p0199,niah_multikey_2,42,113cceb69e7cad1008b8faca879924601c4493030f01c185a0c143d1e35b5dec,1.0,7,170240,127924,24
MT_s70,ruler4k/ruler_4096_niah_multikey_2_p0172,niah_multikey_2,42,299c5ce6f3b0ebeed623c66095efe93c8d28ff455696651e7a173c70f736ed2b,1.0,19,489440,378482,23
MT_s70,ruler4k/ruler_4096_niah_multikey_2_p0160,niah_multikey_2,42,3652c8d513a6b1df9c2e8e3b8ed23eb74cdf168726c457745e5244234b8ac1da,1.0,15,386400,297477,26
MT_s70,ruler4k/ruler_4096_niah_multikey_2_p0192,niah_multikey_2,42,263394c74e36959c503d578504af247e8f4cf5cb7580ad67bfb1f10c4be191d4,1.0,19,489440,372456,24
MT_s70,ruler4k/ruler_4096_niah_multikey_2_p0191,niah_multikey_2,42,f412410977db6e493a67db293bc7d42ac0dd4318b396cfb4c964979dd3893c60,1.0,14,360640,269329,24
MT_s70,ruler4k/ruler_4096_niah_multikey_2_p0186,niah_multikey_2,42,9a6750843eef9b6a259296690d489f907f8cadc16f29aedbb8d0492512c00168,1.0,10,257600,196615,24
MT_s70,ruler4k/ruler_4096_niah_multikey_2_p0188,niah_multikey_2,42,79511fa19beeb3d6933bfe7327175585524e911f7a0f81655720b2aca3a0ba0c,1.0,32,824320,639964,24
MT_s70,ruler4k/ruler_4096_niah_multikey_2_p0195,niah_multikey_2,42,f723391fa64b17bbbd3fe15c5144633074bdb872e8e5510aa6f7047e55cb924d,1.0,13,334880,258751,24
MT_s70,ruler4k/ruler_4096_niah_multikey_3_p0221,niah_multikey_3,42,f8dd0f93eb33e91a61cf7fab499ffd7585047ae2afcf9f0d1a3160fd4341ed35,1.0,44,1126400,846481,78
MT_s70,ruler4k/ruler_4096_niah_multikey_3_p0247,niah_multikey_3,42,ae30df60444546e8777ee802f719cfae5dfe7ceae7b8f13f46e9b409ea28a312,1.0,30,768000,573336,39
MT_s70,ruler4k/ruler_4096_niah_multikey_3_p0222,niah_multikey_3,42,eafa5bd73b366cbcac052d45d993a4d8f72a6c7cc5293a69af6f1fc6b7e44b91,1.0,24,614400,444433,77
MT_s70,ruler4k/ruler_4096_niah_multikey_3_p0203,niah_multikey_3,42,42be70ae1b5d7d8f2d25f41c1ea6c5bef44467fb3821001bd8239e7cbf7d5825,1.0,25,640000,475877,78
MT_s70,ruler4k/ruler_4096_niah_multikey_3_p0249,niah_multikey_3,42,4fffd45bb8c613b3c496fa0e52293424834107c78eb86377039d4bc2eafbc7c9,1.0,48,1228800,911704,83
MT_s70,ruler4k/ruler_4096_niah_multikey_3_p0201,niah_multikey_3,42,16107492e0e1f5f3e241995fd2634504edd00904c0e19d725ab3ae560a6060fb,1.0,25,640000,467006,76
MT_s70,ruler4k/ruler_4096_niah_multikey_3_p0242,niah_multikey_3,42,f4329a354710003262cadef688f726df03362adeb32aba2eb7809f02e2dabbc4,1.0,35,896000,652679,75
MT_s70,ruler4k/ruler_4096_niah_multikey_3_p0217,niah_multikey_3,42,bca3327d5aa55bfa3ccd0ea2c83739a1ada8873e873741e3e1c46d10abffdb66,1.0,8,204800,148996,75
MT_s70,ruler4k/ruler_4096_niah_multikey_3_p0218,niah_multikey_3,42,5ee3579138079a2a3bf406113e49449c5c5486254c73d9d817ae3a58005386ba,1.0,46,1177600,853923,81
MT_s70,ruler4k/ruler_4096_niah_multikey_3_p0229,niah_multikey_3,42,80d5e6407cd842e86d45150d8235f8b98caef2804f44689d318f633c844232fe,1.0,41,1049600,763691,79
MT_s70,ruler4k/ruler_4096_niah_multivalue_p0333,niah_multivalue,42,cfb1f9c8c983a092c4fca7359d982b505400235942aa329a6b04f4b4ad3769ed,1.0,41,990560,633397,112
MT_s70,ruler4k/ruler_4096_niah_multivalue_p0323,niah_multivalue,42,6cfcc849348a08389dfd9360dc35be5045e03b2545c0238142e0d33500b579b2,0.75,32,773120,526905,55
MT_s70,ruler4k/ruler_4096_niah_multivalue_p0301,niah_multivalue,42,acf8258c21c0101725c9812e9febb8400cb26d111c5ff99a5e9f9c5ce5c9cf1a,0.75,48,1159680,722457,128
MT_s70,ruler4k/ruler_4096_niah_multivalue_p0341,niah_multivalue,42,28db1d98fca3a475372b00bf02bcfe115a530b792736a1c023bb7c2c3b5deccd,1.0,27,695520,484535,67
MT_s70,ruler4k/ruler_4096_niah_multivalue_p0338,niah_multivalue,42,491956a4b5522d0af0ef17f13a2168ed7f82fd3c6976f2f140ee4a55d5754914,1.0,48,1159680,702027,128
MT_s70,ruler4k/ruler_4096_niah_multivalue_p0306,niah_multivalue,42,1a44769372eb079188f4a23cd39ba56394aae391ba10dbedf1a7fc3fb6a65f87,1.0,34,821440,592396,59
MT_s70,ruler4k/ruler_4096_niah_multivalue_p0329,niah_multivalue,42,9ea03ab697be6f960e62e3e35e2cfb311adf0b86781e4a24646b27e846be74c0,1.0,38,918080,602042,111
MT_s70,ruler4k/ruler_4096_niah_multivalue_p0336,niah_multivalue,42,67218f00ea86276217c8f8e5a4fa2739ad7a72e31068c476b6b809646343437c,1.0,24,579840,413019,71
MT_s70,ruler4k/ruler_4096_niah_multivalue_p0305,niah_multivalue,42,0f59017fbd483ac5be5cd70d397811e097d529c2776fc6a0fdce9bbcde2dc055,0.75,48,1236480,794343,128
MT_s70,ruler4k/ruler_4096_niah_multivalue_p0334,niah_multivalue,42,8408b2cc181539d721124293f71f4afe4e80fecf3be6b08f136589ab1aedbfb1,1.0,42,1014720,691092,67
MT_s70,ruler4k/ruler_4096_niah_multiquery_p0250,niah_multiquery,42,d7ebeb31c67ef3aaff04b0a01f7a281e4a285a887e4088bdf1590297df0c5496,1.0,7,169120,115285,83
MT_s70,ruler4k/ruler_4096_niah_multiquery_p0281,niah_multiquery,42,25f97397c1f56fcb22753a040a6b77236c8ffabd415fc7dc413de0043d0ad5b0,1.0,20,483200,322925,90
MT_s70,ruler4k/ruler_4096_niah_multiquery_p0293,niah_multiquery,42,42cee0d9bcf07b284dea36a84610ce8eacd037e5da27b880199575aa15909544,1.0,29,700640,481401,87
MT_s70,ruler4k/ruler_4096_niah_multiquery_p0268,niah_multiquery,42,12e8eabb09dfb861ca9ef3383dc04a81adaf4050c502abdebbfb61c58afacc90,1.0,18,463680,318386,88
MT_s70,ruler4k/ruler_4096_niah_multiquery_p0273,niah_multiquery,42,561df18acab190c49616d28217638902060fe1a4b0f3aba3eaa0a587cf015a0a,1.0,26,669760,451221,88
MT_s70,ruler4k/ruler_4096_niah_multiquery_p0252,niah_multiquery,42,e9e6216e984840a8ae40adb72219eac5190bfbbe72b8156a8933b52e10836e9b,1.0,20,483200,322856,86
MT_s70,ruler4k/ruler_4096_niah_multiquery_p0266,niah_multiquery,42,74cbb1f7d07b7a148b8d78375d5d0cf013f8eb9e8b005f5af635cac28eb9b6b2,1.0,48,1236480,871061,83
MT_s70,ruler4k/ruler_4096_niah_multiquery_p0298,niah_multiquery,42,73b299958b02347e43ae5a010343d9f79a81286767fa4328bd5248826e121beb,1.0,27,695520,481914,84
MT_s70,ruler4k/ruler_4096_niah_multiquery_p0264,niah_multiquery,42,d7c9f1221cd0d46c9c81dd74ef9bacbcb746734aa4e5e4e50c9ba36e70147889,1.0,45,1087200,760386,84
MT_s70,ruler4k/ruler_4096_niah_multiquery_p0285,niah_multiquery,42,128d8f2fd3612e9f5ad3ff88451b44c429d77965a5c067f7608185298be544f7,1.0,40,966400,665932,84
MT_s70,ruler4k/ruler_4096_vt_p0601,vt,42,1ede7e3b3443c1da90f87dcbae808b715151e2640fae7040cd470a50adff47bf,0.0,48,1251840,816745,30
MT_s70,ruler4k/ruler_4096_vt_p0617,vt,42,87aea4b59ba3a6ec618d590d946c59a031df61f8d44e5f0be8e9525a6eccd336,0.0,7,182560,132299,30
MT_s70,ruler4k/ruler_4096_vt_p0632,vt,42,5cb68cb1202f34f42296c6881510b2aca700e68c15043de09495cce28cac949c,0.0,6,156480,114131,30
MT_s70,ruler4k/ruler_4096_vt_p0618,vt,42,6c29d37fdba15c5fd2ad421103ecb98036162ec4b7435c06f3d3027f320c762d,0.0,11,286880,212204,30
MT_s70,ruler4k/ruler_4096_vt_p0603,vt,42,fe93b7aa159b81138de74e2be58b545f9b3f38aaf1119b6574944b4bb23c5fb1,0.0,48,1251840,822029,30
MT_s70,ruler4k/ruler_4096_vt_p0624,vt,42,1e3f850af723b632f4d1eaab713c671a0ecfbc55d1284baae00b92865c0165da,0.0,20,521600,348761,30
MT_s70,ruler4k/ruler_4096_vt_p0607,vt,42,56b8fcd4e95162f8bcd8d7d3c9673315733632a084c7f0ff65cfe0a306019fb6,0.0,17,440640,322336,30
MT_s70,ruler4k/ruler_4096_vt_p0611,vt,42,6c6d7581df6c35f0e144bdbd5a81728a2a46452052bff2c0aa1414823c79ba21,0.0,6,152640,109902,30
MT_s70,ruler4k/ruler_4096_vt_p0623,vt,42,de3faf03d119ec292d87b818ebc27c76702806d4eacb19670dccc814d97242e6,0.0,9,234720,171442,30
MT_s70,ruler4k/ruler_4096_vt_p0620,vt,42,63626bade152cd74b6120a42fcc713e53c86518e77cf94b8bb05c941bd6eee4a,0.0,7,182560,134551,30
MT_s70,ruler4k/ruler_4096_cwe_p0045,cwe,42,bfcf4b52a0dd6646e7f1977825aed749da0db1624455550c7e4b0005d36bf4f6,1.0,40,1011200,700148,63
MT_s70,ruler4k/ruler_4096_cwe_p0014,cwe,42,6358699f441f11c7ee51c51d58e4013c22272ccbcc9d74cf9c224792227c9218,1.0,48,1221120,848878,64
MT_s70,ruler4k/ruler_4096_cwe_p0044,cwe,42,40da7d9a8dabc14ede9b3edd40572017ad91c060752fefb22d098b9e46a70569,0.8,48,1236480,754592,120
MT_s70,ruler4k/ruler_4096_cwe_p0005,cwe,42,a1ac0ee9b8d3d6fbfea8164480699498158e4f732b8f73fefd51e45c2af7798a,1.0,48,1213440,720858,120
MT_s70,ruler4k/ruler_4096_cwe_p0046,cwe,42,327255761be34b73002c16b49d33666ee697c40b80eb823e1ec9ee8d9d688038,1.0,48,1236480,765405,120
MT_s70,ruler4k/ruler_4096_cwe_p0036,cwe,42,a37348e65d33b1a14bb87bbd15896f1be9a2d8a20397882f28e64026f4767bb2,1.0,27,695520,483276,62
MT_s70,ruler4k/ruler_4096_cwe_p0038,cwe,42,3d23bf868a9c20165654f8a7cc1d021bec3d59e4480962a475a1787eeeef120f,1.0,46,1177600,826534,61
MT_s70,ruler4k/ruler_4096_cwe_p0034,cwe,42,a2b5f9d437342694356a5bed5caa56516720c3c24209f10861dc66889f2cc4e5,1.0,44,1133440,783041,62
MT_s70,ruler4k/ruler_4096_cwe_p0004,cwe,42,12780ec9ff7d288d30ed09b658dd44e997d76aa4e696983f3e4779e953fe8f04,1.0,42,1075200,764993,62
MT_s70,ruler4k/ruler_4096_cwe_p0008,cwe,42,b81f61ad0d24a56feae85508d58c480040d0091f28c2682d5792bc97797325bd,1.0,32,824320,568071,62
MT_s70,ruler4k/ruler_4096_fwe_p0087,fwe,42,16fa298c7245985713964f55babd9941866cd9f502561a080f2e1da4e46a255f,0.6667000000000001,7,178080,129723,22
MT_s70,ruler4k/ruler_4096_fwe_p0096,fwe,42,57da086ecbea39898f7725d2a5594d0891924b1192f7cc832a39d3305048cdd9,1.0,15,381600,278836,24
MT_s70,ruler4k/ruler_4096_fwe_p0067,fwe,42,6a00968813b930890b9d8a8236d421df73bb5653893e13b5579b1396a9f7e2b8,1.0,48,1228800,785971,50
MT_s70,ruler4k/ruler_4096_fwe_p0062,fwe,42,b9486e82e0a9970ff4f752085832989c02d3e0186e95a2b748bd9629e256facb,1.0,48,1251840,773731,50
MT_s70,ruler4k/ruler_4096_fwe_p0088,fwe,42,8d120b2a4312ea91cd33c537f1cd10e6060c0a7e261052b2db531798e5e07bad,1.0,24,610560,456513,17
MT_s70,ruler4k/ruler_4096_fwe_p0052,fwe,42,5a6004725b0a53d258f50ef247b40ea89414457abad6c43ecc9bb49f74e1169c,1.0,9,228960,156852,17
MT_s70,ruler4k/ruler_4096_fwe_p0085,fwe,42,ce7fba76f73da72a29cb1a9eb674685845459dadf47bb1218e612954babad932,0.6667000000000001,48,1228800,787291,50
MT_s70,ruler4k/ruler_4096_fwe_p0071,fwe,42,d843973080e5f93e1b39ce8cce5341d583b62b232342095ce6bf506321e01a94,1.0,7,180320,123644,23
MT_s70,ruler4k/ruler_4096_fwe_p0075,fwe,42,74dab99d0aab3c14e77ba11a0d77b82c8d75abe3d622688ef64ebbc34be1644e,0.3333,48,1213440,791537,50
MT_s70,ruler4k/ruler_4096_fwe_p0086,fwe,42,69670b27321fec6e735e4361d7b73c0920496cf79e1f424cff8d5a51ba3694fe,1.0,13,326560,244052,14
MT_s70,ruler4k/ruler_4096_qa_1_p0505,qa_1,42,dfc616957fca79c516c29b6044a180b83f077b296a3202eedafb4e31029e4a76,1.0,35,896000,659578,18
MT_s70,ruler4k/ruler_4096_qa_1_p0517,qa_1,42,a007c13dd1a196fb2ee764d65413cccb1d07b5cc996a33955f72923a68b3ee23,1.0,14,347200,247615,19
MT_s70,ruler4k/ruler_4096_qa_1_p0501,qa_1,42,852969255c427f2ca395afdce4e633ba40eb8fb5921817992fc643ba1ab16b6d,1.0,15,369600,267481,24
MT_s70,ruler4k/ruler_4096_qa_1_p0530,qa_1,42,a162c6477c6e6478fb97d42ec11716df2abc134feac1b5ec765622b9a358d3a2,1.0,13,326560,239726,8
MT_s70,ruler4k/ruler_4096_qa_1_p0509,qa_1,42,255353b20d8ffd2d962d5830853b81014b8e4e2ad113cbe116fe1b2754189273,1.0,5,125600,90240,8
MT_s70,ruler4k/ruler_4096_qa_1_p0549,qa_1,42,7d23ac5addd3206ea31de7705e76364b7d656d00cfd14354fa752b9e29579ae1,1.0,24,595200,427530,9
MT_s70,ruler4k/ruler_4096_qa_1_p0514,qa_1,42,fcc5d586ab237ca84d597be8cd62496aeaa4374406bcbf84b9300656fe7288ad,0.0,12,303360,218917,11
MT_s70,ruler4k/ruler_4096_qa_1_p0540,qa_1,42,333bb0dd8a9972c275fa9648978027c2a9fce7c10bb749106c0ccf25c0bb3612,1.0,6,133440,90624,10
MT_s70,ruler4k/ruler_4096_qa_1_p0547,qa_1,42,811492b67af1ca7b375cc9017391a98155b214f7e2bb59abef0a79f75c6d70bf,1.0,8,207360,150968,6
MT_s70,ruler4k/ruler_4096_qa_1_p0512,qa_1,42,660de8b61e41aa812403f334efcf909030631eb1e715a2764de1013981474ad5,0.0,13,322400,234999,4
MT_s70,ruler4k/ruler_4096_qa_2_p0579,qa_2,42,515a1c9665425cbaaa1ae73b35d7616c50164b5880b10ba16d2d3cb581db8077,1.0,5,121600,87086,9
MT_s70,ruler4k/ruler_4096_qa_2_p0588,qa_2,42,82a062b715ce57274a81267e8873b62e736b3d10889f90bdf3a43a3808af23aa,1.0,4,98560,73311,6
MT_s70,ruler4k/ruler_4096_qa_2_p0551,qa_2,42,0c9d305f8640e44a8eee5fc63f283e409133ef5725d62b81317698828faecec2,1.0,8,185600,123142,21
MT_s70,ruler4k/ruler_4096_qa_2_p0578,qa_2,42,cb4967b2c0e4b0770e147781ec0b71d6ef2bfbb2f4a21ae376e3f79d9db6d885,1.0,18,429120,305279,9
MT_s70,ruler4k/ruler_4096_qa_2_p0583,qa_2,42,1ad492cdc5f1ff709e7d4c315cf766a566cf50f947e2a5aaa951bda8035ea058,1.0,8,203520,149132,6
MT_s70,ruler4k/ruler_4096_qa_2_p0599,qa_2,42,5dfd7c7563dfc5e3f32396a60b8c9d9dbf1346a7780553e50810c9485a6a0adb,0.0,32,675840,456033,32
MT_s70,ruler4k/ruler_4096_qa_2_p0589,qa_2,42,827954e15839b8ac59fb7e394b606d5eee0fd6f268f8832105e952034e485b7e,0.0,47,1165600,820396,7
MT_s70,ruler4k/ruler_4096_qa_2_p0559,qa_2,42,d55a6754a18b806b7b459ba27c9c9aaa785002acfcae3c2dde82d74ba0ac677a,1.0,4,98560,72548,6
MT_s70,ruler4k/ruler_4096_qa_2_p0577,qa_2,42,60904ecb62467215293c6410d8edf1c80f081dd77dd637ece0c13ab0080c001e,1.0,4,96000,66303,6
MT_s70,ruler4k/ruler_4096_qa_2_p0574,qa_2,42,a12ffe9225044b65b59b8c16d21eba0198d2f8d87f7e24e0ec2bc3b146b9d9c4,1.0,5,116000,83447,11
CT_s70,ruler4k/ruler_4096_niah_single_1_p0391,niah_single_1,42,84b2a69d0f8ac3fdac3e2ec089bff85b2f7594e7a19aa175c45a04fa35d75559,1.0,7,180320,140178,27
CT_s70,ruler4k/ruler_4096_niah_single_1_p0365,niah_single_1,42,362202745bfe5344c23483c584679b8839fa7f402a2275b041ef2e2eb0391df7,1.0,5,128800,98987,28
CT_s70,ruler4k/ruler_4096_niah_single_1_p0359,niah_single_1,42,22c4aa54f702816bb0df17c72a45850f72c43521617c0530b766b288d42f243c,1.0,4,103040,79757,28
CT_s70,ruler4k/ruler_4096_niah_single_1_p0356,niah_single_1,42,e16efe4e6f2434fe8070e5bd2ff9472be7f1f120929e46ab729ef1df42a999d4,1.0,6,154560,117708,28
CT_s70,ruler4k/ruler_4096_niah_single_1_p0393,niah_single_1,42,2468ef9fd703f76cd57ba84a60c67a685a020d08698b2530f7d9e692ba5f44f0,1.0,4,103040,79481,27
CT_s70,ruler4k/ruler_4096_niah_single_1_p0398,niah_single_1,42,97ce39fbf2025ceccac24ea9ecf655eb0604555785dbf104316e69637543ae8a,1.0,8,206080,154594,27
CT_s70,ruler4k/ruler_4096_niah_single_1_p0373,niah_single_1,42,4c47f2828d442b0e5c0132156bd91b3ccbac339bb35f6c08447aa4cb23995306,1.0,5,128800,99965,28
CT_s70,ruler4k/ruler_4096_niah_single_1_p0377,niah_single_1,42,b4b8b756d972020e9195f5487cd62eeb6355deef26eb2e8911eb7b203abb471d,1.0,5,128800,98591,28
CT_s70,ruler4k/ruler_4096_niah_single_1_p0386,niah_single_1,42,c191837a0906eef75a272f52e39b79b35e2026870a511f6c47a1b8fd0104e6ca,1.0,5,128800,96275,29
CT_s70,ruler4k/ruler_4096_niah_single_1_p0351,niah_single_1,42,4c5f87a7a4649fc38d57467051741d7abc30a788413f42f212337c9144556fb0,1.0,5,128800,98977,29
CT_s70,ruler4k/ruler_4096_niah_single_2_p0418,niah_single_2,42,0c0970c55b901cac5e827bbc91c518ef9b6dd44decf09886a0e87b506488da09,1.0,5,120800,84845,29
CT_s70,ruler4k/ruler_4096_niah_single_2_p0417,niah_single_2,42,9c24e81e63ccf9b37fd55a283a9de43b4cf8bdb8eca9700fd8780a44838a5b8a,1.0,5,128800,92400,27
CT_s70,ruler4k/ruler_4096_niah_single_2_p0405,niah_single_2,42,12e3b643f0882dc1dd9c6bbbade302379bb4a2ca908d8d752366227d34af9c43,1.0,10,241600,171794,29
CT_s70,ruler4k/ruler_4096_niah_single_2_p0433,niah_single_2,42,e68d45a10f3b6a2f2b432fee6387943942b3fc79e87860c551174e708fd6f712,1.0,6,154560,112407,27
CT_s70,ruler4k/ruler_4096_niah_single_2_p0426,niah_single_2,42,e19912aa9fc527c02b94c5a6f9bd25b4a3b8860c0cf543acb7b2a6752625b655,1.0,5,128800,92685,27
CT_s70,ruler4k/ruler_4096_niah_single_2_p0400,niah_single_2,42,23a78905359fae6c5b256969d7d7956bcac6bfedc6d6ba72c84e35f9e3c2b9d7,1.0,9,217440,157050,24
CT_s70,ruler4k/ruler_4096_niah_single_2_p0429,niah_single_2,42,e6ae2e08b0022a1ab48df4a5249081768fbb7e281ae068e82284f6fdf1918129,1.0,5,120800,83914,27
CT_s70,ruler4k/ruler_4096_niah_single_2_p0421,niah_single_2,42,35c2242668136cab280c6ec7c44248b6367ca3811041a841fc98747095cb0852,1.0,5,128800,93222,27
CT_s70,ruler4k/ruler_4096_niah_single_2_p0428,niah_single_2,42,54ec3d0c7373a71a8c2ea1b0ed51bd6800842bd574fa81ac644aede61ff7173b,1.0,5,120800,88132,27
CT_s70,ruler4k/ruler_4096_niah_single_2_p0437,niah_single_2,42,6064a204397272c101337e8220e155be0f35a2273bae28924392d42a2944d742,1.0,4,103040,73783,27
CT_s70,ruler4k/ruler_4096_niah_single_3_p0468,niah_single_3,42,c3af63f11f27389ecd37df152d67c64d30cd233b8f5c795f95992f10b44cef78,1.0,5,120800,82088,52
CT_s70,ruler4k/ruler_4096_niah_single_3_p0488,niah_single_3,42,56211e5bbb129174027e38ed20ea8a6fc6e73bea003e9590298b4044bfc46cae,1.0,7,180320,129358,54
CT_s70,ruler4k/ruler_4096_niah_single_3_p0475,niah_single_3,42,7e9be5b0cbcf1dcbc00b2d27562173289648f82c0d9afa6be2663e5c09047119,1.0,3,77280,55887,50
CT_s70,ruler4k/ruler_4096_niah_single_3_p0480,niah_single_3,42,8497f42fbfcb5ecb8b8a1bbac254b56627c0acd6a69feee34c318dcfd422f2b9,1.0,6,154560,106106,54
CT_s70,ruler4k/ruler_4096_niah_single_3_p0451,niah_single_3,42,744f1a24096d7c51556722f87836779c8e1e172f920002ee79d5ba00fd2693be,1.0,6,154560,108523,54
CT_s70,ruler4k/ruler_4096_niah_single_3_p0493,niah_single_3,42,206b9337b07a90a72a6663a468f70081366e428ce603582cde0b5f8e6074b221,1.0,6,144960,103784,52
CT_s70,ruler4k/ruler_4096_niah_single_3_p0495,niah_single_3,42,65b164e9cb3f7277ed3185e5fadd121041b09ee6ccf2a688351bde02a9bd5299,1.0,7,180320,122717,53
CT_s70,ruler4k/ruler_4096_niah_single_3_p0477,niah_single_3,42,ec8175b5f240daa35661b164849eb91484c7c48b1500f8b887fe7355e3dd8f9f,1.0,6,144960,97738,50
CT_s70,ruler4k/ruler_4096_niah_single_3_p0491,niah_single_3,42,afbd45c86baed29f525f8652ca4a7afef5e5d0fcea1c22e486b3ab190c141d36,1.0,11,265760,189346,52
CT_s70,ruler4k/ruler_4096_niah_single_3_p0464,niah_single_3,42,0def02e1833e5105697c667982c3db6b74fc599b3a23c1a1632eaed4930b203f,1.0,6,154560,111877,54
CT_s70,ruler4k/ruler_4096_niah_multikey_1_p0143,niah_multikey_1,42,a4136de5f5df6c5da1bb8626f811a0e2c6c451efcb0a58778889c84d78779bb1,1.0,5,120800,85102,29
CT_s70,ruler4k/ruler_4096_niah_multikey_1_p0130,niah_multikey_1,42,81ad2a12d9f42eb8553575cad78177b9d8e054a36587177d53e9bb832992d744,1.0,5,120800,86698,27
CT_s70,ruler4k/ruler_4096_niah_multikey_1_p0104,niah_multikey_1,42,5949da444aa40e059027de62e9846fe4bf01d0b982dc634c685e4523057dec47,1.0,4,96640,70309,23
CT_s70,ruler4k/ruler_4096_niah_multikey_1_p0140,niah_multikey_1,42,0dac50fb3c9a7cf274d390fc33deaaef863304b2b8cc58c26426b01b34360acd,1.0,5,120800,84109,29
CT_s70,ruler4k/ruler_4096_niah_multikey_1_p0109,niah_multikey_1,42,eb29119b567c1acfc3fddd7dc23d99e3d07a451df1e9340863c41ab76fec8279,1.0,4,96640,66210,29
CT_s70,ruler4k/ruler_4096_niah_multikey_1_p0112,niah_multikey_1,42,64a2a5358813d7cc70dee30933034b553e8ff4289fc2abfa2c0cac0577bd9869,1.0,6,144960,104270,28
CT_s70,ruler4k/ruler_4096_niah_multikey_1_p0110,niah_multikey_1,42,0e985d0395cfd78473b765322e48855d9338f4292cc653dc4921ddd64e7aa6aa,1.0,8,193280,133118,24
CT_s70,ruler4k/ruler_4096_niah_multikey_1_p0115,niah_multikey_1,42,eb7e20f6e8cd8787f1bdc6806bf396684517cb30e9a27351d0804cd4226948a7,1.0,4,96640,67510,28
CT_s70,ruler4k/ruler_4096_niah_multikey_1_p0124,niah_multikey_1,42,813f07f91b5e61c369a986a6e0af49e8d31e8f836d6b80546513c9d17c4a822d,1.0,3,72480,51626,23
CT_s70,ruler4k/ruler_4096_niah_multikey_1_p0138,niah_multikey_1,42,7458699c703be6ff351e77d62d5262b50c1c149ddc8ff259fe40054e25393e9d,1.0,3,72480,50764,29
CT_s70,ruler4k/ruler_4096_niah_multikey_2_p0155,niah_multikey_2,42,89c401d63e557be37a2c9112dd8f8a9a5b86a1a4ddfef2bb152e3d3624581de6,1.0,5,128800,94367,28
CT_s70,ruler4k/ruler_4096_niah_multikey_2_p0187,niah_multikey_2,42,b2b7c440a1d1925f2db27831d670136208061acf4309c804e48710e2e2b096ba,1.0,4,103040,76446,23
CT_s70,ruler4k/ruler_4096_niah_multikey_2_p0199,niah_multikey_2,42,113cceb69e7cad1008b8faca879924601c4493030f01c185a0c143d1e35b5dec,1.0,7,170240,124992,28
CT_s70,ruler4k/ruler_4096_niah_multikey_2_p0172,niah_multikey_2,42,299c5ce6f3b0ebeed623c66095efe93c8d28ff455696651e7a173c70f736ed2b,1.0,6,154560,115490,23
CT_s70,ruler4k/ruler_4096_niah_multikey_2_p0160,niah_multikey_2,42,3652c8d513a6b1df9c2e8e3b8ed23eb74cdf168726c457745e5244234b8ac1da,1.0,6,154560,115820,26
CT_s70,ruler4k/ruler_4096_niah_multikey_2_p0192,niah_multikey_2,42,263394c74e36959c503d578504af247e8f4cf5cb7580ad67bfb1f10c4be191d4,1.0,5,128800,94914,28
CT_s70,ruler4k/ruler_4096_niah_multikey_2_p0191,niah_multikey_2,42,f412410977db6e493a67db293bc7d42ac0dd4318b396cfb4c964979dd3893c60,1.0,5,128800,96451,28
CT_s70,ruler4k/ruler_4096_niah_multikey_2_p0186,niah_multikey_2,42,9a6750843eef9b6a259296690d489f907f8cadc16f29aedbb8d0492512c00168,1.0,9,231840,174735,24
CT_s70,ruler4k/ruler_4096_niah_multikey_2_p0188,niah_multikey_2,42,79511fa19beeb3d6933bfe7327175585524e911f7a0f81655720b2aca3a0ba0c,1.0,3,77280,58321,24
CT_s70,ruler4k/ruler_4096_niah_multikey_2_p0195,niah_multikey_2,42,f723391fa64b17bbbd3fe15c5144633074bdb872e8e5510aa6f7047e55cb924d,1.0,5,128800,96874,24
CT_s70,ruler4k/ruler_4096_niah_multikey_3_p0221,niah_multikey_3,42,f8dd0f93eb33e91a61cf7fab499ffd7585047ae2afcf9f0d1a3160fd4341ed35,1.0,4,102400,74364,78
CT_s70,ruler4k/ruler_4096_niah_multikey_3_p0247,niah_multikey_3,42,ae30df60444546e8777ee802f719cfae5dfe7ceae7b8f13f46e9b409ea28a312,1.0,7,179200,126716,78
CT_s70,ruler4k/ruler_4096_niah_multikey_3_p0222,niah_multikey_3,42,eafa5bd73b366cbcac052d45d993a4d8f72a6c7cc5293a69af6f1fc6b7e44b91,1.0,4,102400,72189,77
CT_s70,ruler4k/ruler_4096_niah_multikey_3_p0203,niah_multikey_3,42,42be70ae1b5d7d8f2d25f41c1ea6c5bef44467fb3821001bd8239e7cbf7d5825,1.0,4,102400,73446,78
CT_s70,ruler4k/ruler_4096_niah_multikey_3_p0249,niah_multikey_3,42,4fffd45bb8c613b3c496fa0e52293424834107c78eb86377039d4bc2eafbc7c9,1.0,16,409600,303399,83
CT_s70,ruler4k/ruler_4096_niah_multikey_3_p0201,niah_multikey_3,42,16107492e0e1f5f3e241995fd2634504edd00904c0e19d725ab3ae560a6060fb,1.0,9,230400,165664,76
CT_s70,ruler4k/ruler_4096_niah_multikey_3_p0242,niah_multikey_3,42,f4329a354710003262cadef688f726df03362adeb32aba2eb7809f02e2dabbc4,1.0,4,102400,72194,75
CT_s70,ruler4k/ruler_4096_niah_multikey_3_p0217,niah_multikey_3,42,bca3327d5aa55bfa3ccd0ea2c83739a1ada8873e873741e3e1c46d10abffdb66,1.0,5,128000,89808,75
CT_s70,ruler4k/ruler_4096_niah_multikey_3_p0218,niah_multikey_3,42,5ee3579138079a2a3bf406113e49449c5c5486254c73d9d817ae3a58005386ba,1.0,21,537600,379571,81
CT_s70,ruler4k/ruler_4096_niah_multikey_3_p0229,niah_multikey_3,42,80d5e6407cd842e86d45150d8235f8b98caef2804f44689d318f633c844232fe,1.0,10,256000,185175,79
CT_s70,ruler4k/ruler_4096_niah_multivalue_p0333,niah_multivalue,42,cfb1f9c8c983a092c4fca7359d982b505400235942aa329a6b04f4b4ad3769ed,1.0,42,1014720,667217,112
CT_s70,ruler4k/ruler_4096_niah_multivalue_p0323,niah_multivalue,42,6cfcc849348a08389dfd9360dc35be5045e03b2545c0238142e0d33500b579b2,1.0,5,120800,74906,67
CT_s70,ruler4k/ruler_4096_niah_multivalue_p0301,niah_multivalue,42,acf8258c21c0101725c9812e9febb8400cb26d111c5ff99a5e9f9c5ce5c9cf1a,1.0,5,120800,78101,67
CT_s70,ruler4k/ruler_4096_niah_multivalue_p0341,niah_multivalue,42,28db1d98fca3a475372b00bf02bcfe115a530b792736a1c023bb7c2c3b5deccd,1.0,4,103040,66651,67
CT_s70,ruler4k/ruler_4096_niah_multivalue_p0338,niah_multivalue,42,491956a4b5522d0af0ef17f13a2168ed7f82fd3c6976f2f140ee4a55d5754914,1.0,10,241600,159576,67
CT_s70,ruler4k/ruler_4096_niah_multivalue_p0306,niah_multivalue,42,1a44769372eb079188f4a23cd39ba56394aae391ba10dbedf1a7fc3fb6a65f87,1.0,7,169120,112042,71
CT_s70,ruler4k/ruler_4096_niah_multivalue_p0329,niah_multivalue,42,9ea03ab697be6f960e62e3e35e2cfb311adf0b86781e4a24646b27e846be74c0,1.0,5,120800,78199,68
CT_s70,ruler4k/ruler_4096_niah_multivalue_p0336,niah_multivalue,42,67218f00ea86276217c8f8e5a4fa2739ad7a72e31068c476b6b809646343437c,1.0,5,120800,80164,71
CT_s70,ruler4k/ruler_4096_niah_multivalue_p0305,niah_multivalue,42,0f59017fbd483ac5be5cd70d397811e097d529c2776fc6a0fdce9bbcde2dc055,1.0,27,695520,407319,128
CT_s70,ruler4k/ruler_4096_niah_multivalue_p0334,niah_multivalue,42,8408b2cc181539d721124293f71f4afe4e80fecf3be6b08f136589ab1aedbfb1,1.0,5,120800,75406,71
CT_s70,ruler4k/ruler_4096_niah_multiquery_p0250,niah_multiquery,42,d7ebeb31c67ef3aaff04b0a01f7a281e4a285a887e4088bdf1590297df0c5496,1.0,4,96640,64993,86
CT_s70,ruler4k/ruler_4096_niah_multiquery_p0281,niah_multiquery,42,25f97397c1f56fcb22753a040a6b77236c8ffabd415fc7dc413de0043d0ad5b0,1.0,6,144960,93606,88
CT_s70,ruler4k/ruler_4096_niah_multiquery_p0293,niah_multiquery,42,42cee0d9bcf07b284dea36a84610ce8eacd037e5da27b880199575aa15909544,1.0,6,144960,94600,93
CT_s70,ruler4k/ruler_4096_niah_multiquery_p0268,niah_multiquery,42,12e8eabb09dfb861ca9ef3383dc04a81adaf4050c502abdebbfb61c58afacc90,1.0,5,128800,84453,89
CT_s70,ruler4k/ruler_4096_niah_multiquery_p0273,niah_multiquery,42,561df18acab190c49616d28217638902060fe1a4b0f3aba3eaa0a587cf015a0a,1.0,4,103040,66307,85
CT_s70,ruler4k/ruler_4096_niah_multiquery_p0252,niah_multiquery,42,e9e6216e984840a8ae40adb72219eac5190bfbbe72b8156a8933b52e10836e9b,1.0,4,96640,61739,88
CT_s70,ruler4k/ruler_4096_niah_multiquery_p0266,niah_multiquery,42,74cbb1f7d07b7a148b8d78375d5d0cf013f8eb9e8b005f5af635cac28eb9b6b2,1.0,5,128800,88326,81
CT_s70,ruler4k/ruler_4096_niah_multiquery_p0298,niah_multiquery,42,73b299958b02347e43ae5a010343d9f79a81286767fa4328bd5248826e121beb,1.0,5,128800,85599,82
CT_s70,ruler4k/ruler_4096_niah_multiquery_p0264,niah_multiquery,42,d7c9f1221cd0d46c9c81dd74ef9bacbcb746734aa4e5e4e50c9ba36e70147889,1.0,5,120800,79253,84
CT_s70,ruler4k/ruler_4096_niah_multiquery_p0285,niah_multiquery,42,128d8f2fd3612e9f5ad3ff88451b44c429d77965a5c067f7608185298be544f7,1.0,6,144960,94617,87
CT_s70,ruler4k/ruler_4096_vt_p0601,vt,42,1ede7e3b3443c1da90f87dcbae808b715151e2640fae7040cd470a50adff47bf,0.0,7,182560,131693,30
CT_s70,ruler4k/ruler_4096_vt_p0617,vt,42,87aea4b59ba3a6ec618d590d946c59a031df61f8d44e5f0be8e9525a6eccd336,0.0,7,182560,130528,30
CT_s70,ruler4k/ruler_4096_vt_p0632,vt,42,5cb68cb1202f34f42296c6881510b2aca700e68c15043de09495cce28cac949c,0.0,4,104320,74182,30
CT_s70,ruler4k/ruler_4096_vt_p0618,vt,42,6c29d37fdba15c5fd2ad421103ecb98036162ec4b7435c06f3d3027f320c762d,0.0,6,156480,111799,30
CT_s70,ruler4k/ruler_4096_vt_p0603,vt,42,fe93b7aa159b81138de74e2be58b545f9b3f38aaf1119b6574944b4bb23c5fb1,0.0,6,156480,109850,30
CT_s70,ruler4k/ruler_4096_vt_p0624,vt,42,1e3f850af723b632f4d1eaab713c671a0ecfbc55d1284baae00b92865c0165da,0.0,6,156480,113928,30
CT_s70,ruler4k/ruler_4096_vt_p0607,vt,42,56b8fcd4e95162f8bcd8d7d3c9673315733632a084c7f0ff65cfe0a306019fb6,0.0,4,103680,71993,30
CT_s70,ruler4k/ruler_4096_vt_p0611,vt,42,6c6d7581df6c35f0e144bdbd5a81728a2a46452052bff2c0aa1414823c79ba21,0.0,6,152640,106832,30
CT_s70,ruler4k/ruler_4096_vt_p0623,vt,42,de3faf03d119ec292d87b818ebc27c76702806d4eacb19670dccc814d97242e6,0.0,4,104320,73534,30
CT_s70,ruler4k/ruler_4096_vt_p0620,vt,42,63626bade152cd74b6120a42fcc713e53c86518e77cf94b8bb05c941bd6eee4a,0.0,4,104320,73883,30
CT_s70,ruler4k/ruler_4096_cwe_p0045,cwe,42,bfcf4b52a0dd6646e7f1977825aed749da0db1624455550c7e4b0005d36bf4f6,1.0,29,733120,479204,63
CT_s70,ruler4k/ruler_4096_cwe_p0014,cwe,42,6358699f441f11c7ee51c51d58e4013c22272ccbcc9d74cf9c224792227c9218,1.0,13,330720,221151,64
CT_s70,ruler4k/ruler_4096_cwe_p0044,cwe,42,40da7d9a8dabc14ede9b3edd40572017ad91c060752fefb22d098b9e46a70569,1.0,42,1081920,712902,68
CT_s70,ruler4k/ruler_4096_cwe_p0005,cwe,42,a1ac0ee9b8d3d6fbfea8164480699498158e4f732b8f73fefd51e45c2af7798a,1.0,17,429760,281970,63
CT_s70,ruler4k/ruler_4096_cwe_p0046,cwe,42,327255761be34b73002c16b49d33666ee697c40b80eb823e1ec9ee8d9d688038,1.0,13,334880,221360,63
CT_s70,ruler4k/ruler_4096_cwe_p0036,cwe,42,a37348e65d33b1a14bb87bbd15896f1be9a2d8a20397882f28e64026f4767bb2,1.0,15,386400,255779,62
CT_s70,ruler4k/ruler_4096_cwe_p0038,cwe,42,3d23bf868a9c20165654f8a7cc1d021bec3d59e4480962a475a1787eeeef120f,1.0,25,640000,419319,61
CT_s70,ruler4k/ruler_4096_cwe_p0034,cwe,42,a2b5f9d437342694356a5bed5caa56516720c3c24209f10861dc66889f2cc4e5,1.0,18,463680,315662,62
CT_s70,ruler4k/ruler_4096_cwe_p0004,cwe,42,12780ec9ff7d288d30ed09b658dd44e997d76aa4e696983f3e4779e953fe8f04,1.0,20,512000,336849,62
CT_s70,ruler4k/ruler_4096_cwe_p0008,cwe,42,b81f61ad0d24a56feae85508d58c480040d0091f28c2682d5792bc97797325bd,1.0,22,566720,374250,62
CT_s70,ruler4k/ruler_4096_fwe_p0087,fwe,42,16fa298c7245985713964f55babd9941866cd9f502561a080f2e1da4e46a255f,1.0,11,279840,203433,16
CT_s70,ruler4k/ruler_4096_fwe_p0096,fwe,42,57da086ecbea39898f7725d2a5594d0891924b1192f7cc832a39d3305048cdd9,1.0,4,101760,73634,18
CT_s70,ruler4k/ruler_4096_fwe_p0067,fwe,42,6a00968813b930890b9d8a8236d421df73bb5653893e13b5579b1396a9f7e2b8,1.0,8,204800,147248,22
CT_s70,ruler4k/ruler_4096_fwe_p0062,fwe,42,b9486e82e0a9970ff4f752085832989c02d3e0186e95a2b748bd9629e256facb,1.0,4,104320,76065,24
CT_s70,ruler4k/ruler_4096_fwe_p0088,fwe,42,8d120b2a4312ea91cd33c537f1cd10e6060c0a7e261052b2db531798e5e07bad,1.0,4,101760,74885,23
CT_s70,ruler4k/ruler_4096_fwe_p0052,fwe,42,5a6004725b0a53d258f50ef247b40ea89414457abad6c43ecc9bb49f74e1169c,1.0,4,101760,74876,17
CT_s70,ruler4k/ruler_4096_fwe_p0085,fwe,42,ce7fba76f73da72a29cb1a9eb674685845459dadf47bb1218e612954babad932,0.6667000000000001,6,153600,112473,17
CT_s70,ruler4k/ruler_4096_fwe_p0071,fwe,42,d843973080e5f93e1b39ce8cce5341d583b62b232342095ce6bf506321e01a94,1.0,4,103040,73943,23
CT_s70,ruler4k/ruler_4096_fwe_p0075,fwe,42,74dab99d0aab3c14e77ba11a0d77b82c8d75abe3d622688ef64ebbc34be1644e,1.0,4,101120,74436,21
CT_s70,ruler4k/ruler_4096_fwe_p0086,fwe,42,69670b27321fec6e735e4361d7b73c0920496cf79e1f424cff8d5a51ba3694fe,0.6667000000000001,9,226080,165690,21
CT_s70,ruler4k/ruler_4096_qa_1_p0505,qa_1,42,dfc616957fca79c516c29b6044a180b83f077b296a3202eedafb4e31029e4a76,0.0,4,102400,73107,10
CT_s70,ruler4k/ruler_4096_qa_1_p0517,qa_1,42,a007c13dd1a196fb2ee764d65413cccb1d07b5cc996a33955f72923a68b3ee23,1.0,6,148800,102421,21
CT_s70,ruler4k/ruler_4096_qa_1_p0501,qa_1,42,852969255c427f2ca395afdce4e633ba40eb8fb5921817992fc643ba1ab16b6d,1.0,10,246400,171881,17
CT_s70,ruler4k/ruler_4096_qa_1_p0530,qa_1,42,a162c6477c6e6478fb97d42ec11716df2abc134feac1b5ec765622b9a358d3a2,1.0,7,175840,124184,8
CT_s70,ruler4k/ruler_4096_qa_1_p0509,qa_1,42,255353b20d8ffd2d962d5830853b81014b8e4e2ad113cbe116fe1b2754189273,1.0,5,125600,90544,8
CT_s70,ruler4k/ruler_4096_qa_1_p0549,qa_1,42,7d23ac5addd3206ea31de7705e76364b7d656d00cfd14354fa752b9e29579ae1,1.0,12,297600,212726,9
CT_s70,ruler4k/ruler_4096_qa_1_p0514,qa_1,42,fcc5d586ab237ca84d597be8cd62496aeaa4374406bcbf84b9300656fe7288ad,1.0,5,126400,89593,11
CT_s70,ruler4k/ruler_4096_qa_1_p0540,qa_1,42,333bb0dd8a9972c275fa9648978027c2a9fce7c10bb749106c0ccf25c0bb3612,1.0,7,155680,103736,10
CT_s70,ruler4k/ruler_4096_qa_1_p0547,qa_1,42,811492b67af1ca7b375cc9017391a98155b214f7e2bb59abef0a79f75c6d70bf,1.0,4,103680,74283,6
CT_s70,ruler4k/ruler_4096_qa_1_p0512,qa_1,42,660de8b61e41aa812403f334efcf909030631eb1e715a2764de1013981474ad5,1.0,5,124000,87105,9
CT_s70,ruler4k/ruler_4096_qa_2_p0579,qa_2,42,515a1c9665425cbaaa1ae73b35d7616c50164b5880b10ba16d2d3cb581db8077,1.0,7,170240,121071,9
CT_s70,ruler4k/ruler_4096_qa_2_p0588,qa_2,42,82a062b715ce57274a81267e8873b62e736b3d10889f90bdf3a43a3808af23aa,1.0,4,98560,72390,6
CT_s70,ruler4k/ruler_4096_qa_2_p0551,qa_2,42,0c9d305f8640e44a8eee5fc63f283e409133ef5725d62b81317698828faecec2,1.0,6,139200,93054,21
CT_s70,ruler4k/ruler_4096_qa_2_p0578,qa_2,42,cb4967b2c0e4b0770e147781ec0b71d6ef2bfbb2f4a21ae376e3f79d9db6d885,1.0,5,119200,82336,9
CT_s70,ruler4k/ruler_4096_qa_2_p0583,qa_2,42,1ad492cdc5f1ff709e7d4c315cf766a566cf50f947e2a5aaa951bda8035ea058,1.0,6,152640,111833,7
CT_s70,ruler4k/ruler_4096_qa_2_p0599,qa_2,42,5dfd7c7563dfc5e3f32396a60b8c9d9dbf1346a7780553e50810c9485a6a0adb,0.0,6,126720,85136,6
CT_s70,ruler4k/ruler_4096_qa_2_p0589,qa_2,42,827954e15839b8ac59fb7e394b606d5eee0fd6f268f8832105e952034e485b7e,0.0,6,148800,108357,6
CT_s70,ruler4k/ruler_4096_qa_2_p0559,qa_2,42,d55a6754a18b806b7b459ba27c9c9aaa785002acfcae3c2dde82d74ba0ac677a,1.0,3,73920,53598,6
CT_s70,ruler4k/ruler_4096_qa_2_p0577,qa_2,42,60904ecb62467215293c6410d8edf1c80f081dd77dd637ece0c13ab0080c001e,1.0,6,144000,102030,6
CT_s70,ruler4k/ruler_4096_qa_2_p0574,qa_2,42,a12ffe9225044b65b59b8c16d21eba0198d2f8d87f7e24e0ec2bc3b146b9d9c4,1.0,7,162400,115030,11
CT_shuffle_s70,ruler4k/ruler_4096_niah_single_1_p0391,niah_single_1,42,84b2a69d0f8ac3fdac3e2ec089bff85b2f7594e7a19aa175c45a04fa35d75559,1.0,4,103040,79115,27
CT_shuffle_s70,ruler4k/ruler_4096_niah_single_1_p0365,niah_single_1,42,362202745bfe5344c23483c584679b8839fa7f402a2275b041ef2e2eb0391df7,1.0,13,334880,256737,28
CT_shuffle_s70,ruler4k/ruler_4096_niah_single_1_p0359,niah_single_1,42,22c4aa54f702816bb0df17c72a45850f72c43521617c0530b766b288d42f243c,1.0,4,103040,78698,28
CT_shuffle_s70,ruler4k/ruler_4096_niah_single_1_p0356,niah_single_1,42,e16efe4e6f2434fe8070e5bd2ff9472be7f1f120929e46ab729ef1df42a999d4,1.0,7,180320,136695,27
CT_shuffle_s70,ruler4k/ruler_4096_niah_single_1_p0393,niah_single_1,42,2468ef9fd703f76cd57ba84a60c67a685a020d08698b2530f7d9e692ba5f44f0,1.0,6,154560,119199,27
CT_shuffle_s70,ruler4k/ruler_4096_niah_single_1_p0398,niah_single_1,42,97ce39fbf2025ceccac24ea9ecf655eb0604555785dbf104316e69637543ae8a,1.0,5,128800,94247,27
CT_shuffle_s70,ruler4k/ruler_4096_niah_single_1_p0373,niah_single_1,42,4c47f2828d442b0e5c0132156bd91b3ccbac339bb35f6c08447aa4cb23995306,1.0,3,77280,59724,24
CT_shuffle_s70,ruler4k/ruler_4096_niah_single_1_p0377,niah_single_1,42,b4b8b756d972020e9195f5487cd62eeb6355deef26eb2e8911eb7b203abb471d,1.0,10,257600,195921,24
CT_shuffle_s70,ruler4k/ruler_4096_niah_single_1_p0386,niah_single_1,42,c191837a0906eef75a272f52e39b79b35e2026870a511f6c47a1b8fd0104e6ca,1.0,5,128800,94721,29
CT_shuffle_s70,ruler4k/ruler_4096_niah_single_1_p0351,niah_single_1,42,4c5f87a7a4649fc38d57467051741d7abc30a788413f42f212337c9144556fb0,1.0,4,103040,78223,29
CT_shuffle_s70,ruler4k/ruler_4096_niah_single_2_p0418,niah_single_2,42,0c0970c55b901cac5e827bbc91c518ef9b6dd44decf09886a0e87b506488da09,1.0,9,217440,153537,29
CT_shuffle_s70,ruler4k/ruler_4096_niah_single_2_p0417,niah_single_2,42,9c24e81e63ccf9b37fd55a283a9de43b4cf8bdb8eca9700fd8780a44838a5b8a,1.0,5,128800,90492,27
CT_shuffle_s70,ruler4k/ruler_4096_niah_single_2_p0405,niah_single_2,42,12e3b643f0882dc1dd9c6bbbade302379bb4a2ca908d8d752366227d34af9c43,1.0,4,96640,67591,29
CT_shuffle_s70,ruler4k/ruler_4096_niah_single_2_p0433,niah_single_2,42,e68d45a10f3b6a2f2b432fee6387943942b3fc79e87860c551174e708fd6f712,1.0,4,103040,74260,27
CT_shuffle_s70,ruler4k/ruler_4096_niah_single_2_p0426,niah_single_2,42,e19912aa9fc527c02b94c5a6f9bd25b4a3b8860c0cf543acb7b2a6752625b655,1.0,4,103040,73223,27
CT_shuffle_s70,ruler4k/ruler_4096_niah_single_2_p0400,niah_single_2,42,23a78905359fae6c5b256969d7d7956bcac6bfedc6d6ba72c84e35f9e3c2b9d7,1.0,7,169120,121135,25
CT_shuffle_s70,ruler4k/ruler_4096_niah_single_2_p0429,niah_single_2,42,e6ae2e08b0022a1ab48df4a5249081768fbb7e281ae068e82284f6fdf1918129,1.0,5,120800,84181,27
CT_shuffle_s70,ruler4k/ruler_4096_niah_single_2_p0421,niah_single_2,42,35c2242668136cab280c6ec7c44248b6367ca3811041a841fc98747095cb0852,1.0,4,103040,73862,23
CT_shuffle_s70,ruler4k/ruler_4096_niah_single_2_p0428,niah_single_2,42,54ec3d0c7373a71a8c2ea1b0ed51bd6800842bd574fa81ac644aede61ff7173b,1.0,5,120800,86544,27
CT_shuffle_s70,ruler4k/ruler_4096_niah_single_2_p0437,niah_single_2,42,6064a204397272c101337e8220e155be0f35a2273bae28924392d42a2944d742,1.0,8,206080,147579,27
CT_shuffle_s70,ruler4k/ruler_4096_niah_single_3_p0468,niah_single_3,42,c3af63f11f27389ecd37df152d67c64d30cd233b8f5c795f95992f10b44cef78,1.0,9,217440,144472,52
CT_shuffle_s70,ruler4k/ruler_4096_niah_single_3_p0488,niah_single_3,42,56211e5bbb129174027e38ed20ea8a6fc6e73bea003e9590298b4044bfc46cae,1.0,11,283360,203538,54
CT_shuffle_s70,ruler4k/ruler_4096_niah_single_3_p0475,niah_single_3,42,7e9be5b0cbcf1dcbc00b2d27562173289648f82c0d9afa6be2663e5c09047119,1.0,4,103040,75076,50
CT_shuffle_s70,ruler4k/ruler_4096_niah_single_3_p0480,niah_single_3,42,8497f42fbfcb5ecb8b8a1bbac254b56627c0acd6a69feee34c318dcfd422f2b9,1.0,6,154560,105840,50
CT_shuffle_s70,ruler4k/ruler_4096_niah_single_3_p0451,niah_single_3,42,744f1a24096d7c51556722f87836779c8e1e172f920002ee79d5ba00fd2693be,1.0,6,154560,105151,54
CT_shuffle_s70,ruler4k/ruler_4096_niah_single_3_p0493,niah_single_3,42,206b9337b07a90a72a6663a468f70081366e428ce603582cde0b5f8e6074b221,1.0,4,96640,66492,52
CT_shuffle_s70,ruler4k/ruler_4096_niah_single_3_p0495,niah_single_3,42,65b164e9cb3f7277ed3185e5fadd121041b09ee6ccf2a688351bde02a9bd5299,1.0,7,180320,126647,49
CT_shuffle_s70,ruler4k/ruler_4096_niah_single_3_p0477,niah_single_3,42,ec8175b5f240daa35661b164849eb91484c7c48b1500f8b887fe7355e3dd8f9f,1.0,7,169120,115253,51
CT_shuffle_s70,ruler4k/ruler_4096_niah_single_3_p0491,niah_single_3,42,afbd45c86baed29f525f8652ca4a7afef5e5d0fcea1c22e486b3ab190c141d36,1.0,8,193280,136661,52
CT_shuffle_s70,ruler4k/ruler_4096_niah_single_3_p0464,niah_single_3,42,0def02e1833e5105697c667982c3db6b74fc599b3a23c1a1632eaed4930b203f,1.0,5,128800,90592,54
CT_shuffle_s70,ruler4k/ruler_4096_niah_multikey_1_p0143,niah_multikey_1,42,a4136de5f5df6c5da1bb8626f811a0e2c6c451efcb0a58778889c84d78779bb1,1.0,4,96640,66437,29
CT_shuffle_s70,ruler4k/ruler_4096_niah_multikey_1_p0130,niah_multikey_1,42,81ad2a12d9f42eb8553575cad78177b9d8e054a36587177d53e9bb832992d744,1.0,9,217440,153844,27
CT_shuffle_s70,ruler4k/ruler_4096_niah_multikey_1_p0104,niah_multikey_1,42,5949da444aa40e059027de62e9846fe4bf01d0b982dc634c685e4523057dec47,1.0,4,96640,69576,23
CT_shuffle_s70,ruler4k/ruler_4096_niah_multikey_1_p0140,niah_multikey_1,42,0dac50fb3c9a7cf274d390fc33deaaef863304b2b8cc58c26426b01b34360acd,1.0,5,120800,84334,25
CT_shuffle_s70,ruler4k/ruler_4096_niah_multikey_1_p0109,niah_multikey_1,42,eb29119b567c1acfc3fddd7dc23d99e3d07a451df1e9340863c41ab76fec8279,1.0,5,120800,83070,29
CT_shuffle_s70,ruler4k/ruler_4096_niah_multikey_1_p0112,niah_multikey_1,42,64a2a5358813d7cc70dee30933034b553e8ff4289fc2abfa2c0cac0577bd9869,1.0,4,96640,68302,24
CT_shuffle_s70,ruler4k/ruler_4096_niah_multikey_1_p0110,niah_multikey_1,42,0e985d0395cfd78473b765322e48855d9338f4292cc653dc4921ddd64e7aa6aa,1.0,4,96640,65535,24
CT_shuffle_s70,ruler4k/ruler_4096_niah_multikey_1_p0115,niah_multikey_1,42,eb7e20f6e8cd8787f1bdc6806bf396684517cb30e9a27351d0804cd4226948a7,1.0,7,169120,116419,28
CT_shuffle_s70,ruler4k/ruler_4096_niah_multikey_1_p0124,niah_multikey_1,42,813f07f91b5e61c369a986a6e0af49e8d31e8f836d6b80546513c9d17c4a822d,1.0,5,120800,85440,27
CT_shuffle_s70,ruler4k/ruler_4096_niah_multikey_1_p0138,niah_multikey_1,42,7458699c703be6ff351e77d62d5262b50c1c149ddc8ff259fe40054e25393e9d,1.0,5,120800,84639,25
CT_shuffle_s70,ruler4k/ruler_4096_niah_multikey_2_p0155,niah_multikey_2,42,89c401d63e557be37a2c9112dd8f8a9a5b86a1a4ddfef2bb152e3d3624581de6,1.0,4,103040,76662,24
CT_shuffle_s70,ruler4k/ruler_4096_niah_multikey_2_p0187,niah_multikey_2,42,b2b7c440a1d1925f2db27831d670136208061acf4309c804e48710e2e2b096ba,1.0,4,103040,76877,23
CT_shuffle_s70,ruler4k/ruler_4096_niah_multikey_2_p0199,niah_multikey_2,42,113cceb69e7cad1008b8faca879924601c4493030f01c185a0c143d1e35b5dec,1.0,6,145920,107501,24
CT_shuffle_s70,ruler4k/ruler_4096_niah_multikey_2_p0172,niah_multikey_2,42,299c5ce6f3b0ebeed623c66095efe93c8d28ff455696651e7a173c70f736ed2b,1.0,5,128800,96024,23
CT_shuffle_s70,ruler4k/ruler_4096_niah_multikey_2_p0160,niah_multikey_2,42,3652c8d513a6b1df9c2e8e3b8ed23eb74cdf168726c457745e5244234b8ac1da,1.0,5,128800,96079,26
CT_shuffle_s70,ruler4k/ruler_4096_niah_multikey_2_p0192,niah_multikey_2,42,263394c74e36959c503d578504af247e8f4cf5cb7580ad67bfb1f10c4be191d4,1.0,6,154560,115198,24
CT_shuffle_s70,ruler4k/ruler_4096_niah_multikey_2_p0191,niah_multikey_2,42,f412410977db6e493a67db293bc7d42ac0dd4318b396cfb4c964979dd3893c60,1.0,5,128800,95821,24
CT_shuffle_s70,ruler4k/ruler_4096_niah_multikey_2_p0186,niah_multikey_2,42,9a6750843eef9b6a259296690d489f907f8cadc16f29aedbb8d0492512c00168,1.0,4,103040,77327,24
CT_shuffle_s70,ruler4k/ruler_4096_niah_multikey_2_p0188,niah_multikey_2,42,79511fa19beeb3d6933bfe7327175585524e911f7a0f81655720b2aca3a0ba0c,1.0,5,128800,97507,24
CT_shuffle_s70,ruler4k/ruler_4096_niah_multikey_2_p0195,niah_multikey_2,42,f723391fa64b17bbbd3fe15c5144633074bdb872e8e5510aa6f7047e55cb924d,1.0,9,231840,174969,24
CT_shuffle_s70,ruler4k/ruler_4096_niah_multikey_3_p0221,niah_multikey_3,42,f8dd0f93eb33e91a61cf7fab499ffd7585047ae2afcf9f0d1a3160fd4341ed35,1.0,5,128000,92813,78
CT_shuffle_s70,ruler4k/ruler_4096_niah_multikey_3_p0247,niah_multikey_3,42,ae30df60444546e8777ee802f719cfae5dfe7ceae7b8f13f46e9b409ea28a312,1.0,4,102400,71337,78
CT_shuffle_s70,ruler4k/ruler_4096_niah_multikey_3_p0222,niah_multikey_3,42,eafa5bd73b366cbcac052d45d993a4d8f72a6c7cc5293a69af6f1fc6b7e44b91,1.0,6,153600,109102,77
CT_shuffle_s70,ruler4k/ruler_4096_niah_multikey_3_p0203,niah_multikey_3,42,42be70ae1b5d7d8f2d25f41c1ea6c5bef44467fb3821001bd8239e7cbf7d5825,1.0,7,179200,129218,78
CT_shuffle_s70,ruler4k/ruler_4096_niah_multikey_3_p0249,niah_multikey_3,42,4fffd45bb8c613b3c496fa0e52293424834107c78eb86377039d4bc2eafbc7c9,1.0,5,128000,92555,83
CT_shuffle_s70,ruler4k/ruler_4096_niah_multikey_3_p0201,niah_multikey_3,42,16107492e0e1f5f3e241995fd2634504edd00904c0e19d725ab3ae560a6060fb,1.0,5,128000,89844,76
CT_shuffle_s70,ruler4k/ruler_4096_niah_multikey_3_p0242,niah_multikey_3,42,f4329a354710003262cadef688f726df03362adeb32aba2eb7809f02e2dabbc4,1.0,5,128000,89427,75
CT_shuffle_s70,ruler4k/ruler_4096_niah_multikey_3_p0217,niah_multikey_3,42,bca3327d5aa55bfa3ccd0ea2c83739a1ada8873e873741e3e1c46d10abffdb66,1.0,4,102400,70664,75
CT_shuffle_s70,ruler4k/ruler_4096_niah_multikey_3_p0218,niah_multikey_3,42,5ee3579138079a2a3bf406113e49449c5c5486254c73d9d817ae3a58005386ba,1.0,6,153600,105464,80
CT_shuffle_s70,ruler4k/ruler_4096_niah_multikey_3_p0229,niah_multikey_3,42,80d5e6407cd842e86d45150d8235f8b98caef2804f44689d318f633c844232fe,1.0,4,102400,71428,79
CT_shuffle_s70,ruler4k/ruler_4096_niah_multivalue_p0333,niah_multivalue,42,cfb1f9c8c983a092c4fca7359d982b505400235942aa329a6b04f4b4ad3769ed,1.0,7,169120,101238,102
CT_shuffle_s70,ruler4k/ruler_4096_niah_multivalue_p0323,niah_multivalue,42,6cfcc849348a08389dfd9360dc35be5045e03b2545c0238142e0d33500b579b2,1.0,4,96640,58502,67
CT_shuffle_s70,ruler4k/ruler_4096_niah_multivalue_p0301,niah_multivalue,42,acf8258c21c0101725c9812e9febb8400cb26d111c5ff99a5e9f9c5ce5c9cf1a,1.0,4,96640,61361,67
CT_shuffle_s70,ruler4k/ruler_4096_niah_multivalue_p0341,niah_multivalue,42,28db1d98fca3a475372b00bf02bcfe115a530b792736a1c023bb7c2c3b5deccd,1.0,4,103040,65538,67
CT_shuffle_s70,ruler4k/ruler_4096_niah_multivalue_p0338,niah_multivalue,42,491956a4b5522d0af0ef17f13a2168ed7f82fd3c6976f2f140ee4a55d5754914,1.0,5,120800,76236,67
CT_shuffle_s70,ruler4k/ruler_4096_niah_multivalue_p0306,niah_multivalue,42,1a44769372eb079188f4a23cd39ba56394aae391ba10dbedf1a7fc3fb6a65f87,1.0,4,96640,61455,71
CT_shuffle_s70,ruler4k/ruler_4096_niah_multivalue_p0329,niah_multivalue,42,9ea03ab697be6f960e62e3e35e2cfb311adf0b86781e4a24646b27e846be74c0,1.0,6,144960,93801,73
CT_shuffle_s70,ruler4k/ruler_4096_niah_multivalue_p0336,niah_multivalue,42,67218f00ea86276217c8f8e5a4fa2739ad7a72e31068c476b6b809646343437c,1.0,5,120800,77456,71
CT_shuffle_s70,ruler4k/ruler_4096_niah_multivalue_p0305,niah_multivalue,42,0f59017fbd483ac5be5cd70d397811e097d529c2776fc6a0fdce9bbcde2dc055,1.0,42,1081920,636196,128
CT_shuffle_s70,ruler4k/ruler_4096_niah_multivalue_p0334,niah_multivalue,42,8408b2cc181539d721124293f71f4afe4e80fecf3be6b08f136589ab1aedbfb1,1.0,5,120800,75711,67
CT_shuffle_s70,ruler4k/ruler_4096_niah_multiquery_p0250,niah_multiquery,42,d7ebeb31c67ef3aaff04b0a01f7a281e4a285a887e4088bdf1590297df0c5496,1.0,4,96640,63605,87
CT_shuffle_s70,ruler4k/ruler_4096_niah_multiquery_p0281,niah_multiquery,42,25f97397c1f56fcb22753a040a6b77236c8ffabd415fc7dc413de0043d0ad5b0,1.0,5,120800,76036,89
CT_shuffle_s70,ruler4k/ruler_4096_niah_multiquery_p0293,niah_multiquery,42,42cee0d9bcf07b284dea36a84610ce8eacd037e5da27b880199575aa15909544,1.0,29,700640,487736,93
CT_shuffle_s70,ruler4k/ruler_4096_niah_multiquery_p0268,niah_multiquery,42,12e8eabb09dfb861ca9ef3383dc04a81adaf4050c502abdebbfb61c58afacc90,1.0,6,154560,98069,88
CT_shuffle_s70,ruler4k/ruler_4096_niah_multiquery_p0273,niah_multiquery,42,561df18acab190c49616d28217638902060fe1a4b0f3aba3eaa0a587cf015a0a,1.0,10,257600,169771,85
CT_shuffle_s70,ruler4k/ruler_4096_niah_multiquery_p0252,niah_multiquery,42,e9e6216e984840a8ae40adb72219eac5190bfbbe72b8156a8933b52e10836e9b,1.0,5,120800,77363,89
CT_shuffle_s70,ruler4k/ruler_4096_niah_multiquery_p0266,niah_multiquery,42,74cbb1f7d07b7a148b8d78375d5d0cf013f8eb9e8b005f5af635cac28eb9b6b2,1.0,4,103040,69327,81
CT_shuffle_s70,ruler4k/ruler_4096_niah_multiquery_p0298,niah_multiquery,42,73b299958b02347e43ae5a010343d9f79a81286767fa4328bd5248826e121beb,1.0,5,128800,82969,85
CT_shuffle_s70,ruler4k/ruler_4096_niah_multiquery_p0264,niah_multiquery,42,d7c9f1221cd0d46c9c81dd74ef9bacbcb746734aa4e5e4e50c9ba36e70147889,1.0,5,120800,79281,84
CT_shuffle_s70,ruler4k/ruler_4096_niah_multiquery_p0285,niah_multiquery,42,128d8f2fd3612e9f5ad3ff88451b44c429d77965a5c067f7608185298be544f7,1.0,11,265760,175474,87
CT_shuffle_s70,ruler4k/ruler_4096_vt_p0601,vt,42,1ede7e3b3443c1da90f87dcbae808b715151e2640fae7040cd470a50adff47bf,0.0,5,130400,92746,30
CT_shuffle_s70,ruler4k/ruler_4096_vt_p0617,vt,42,87aea4b59ba3a6ec618d590d946c59a031df61f8d44e5f0be8e9525a6eccd336,0.0,6,156480,110690,30
CT_shuffle_s70,ruler4k/ruler_4096_vt_p0632,vt,42,5cb68cb1202f34f42296c6881510b2aca700e68c15043de09495cce28cac949c,0.0,4,104320,73471,30
CT_shuffle_s70,ruler4k/ruler_4096_vt_p0618,vt,42,6c29d37fdba15c5fd2ad421103ecb98036162ec4b7435c06f3d3027f320c762d,0.0,6,156480,110935,30
CT_shuffle_s70,ruler4k/ruler_4096_vt_p0603,vt,42,fe93b7aa159b81138de74e2be58b545f9b3f38aaf1119b6574944b4bb23c5fb1,0.0,4,104320,71371,30
CT_shuffle_s70,ruler4k/ruler_4096_vt_p0624,vt,42,1e3f850af723b632f4d1eaab713c671a0ecfbc55d1284baae00b92865c0165da,0.0,6,156480,109999,30
CT_shuffle_s70,ruler4k/ruler_4096_vt_p0607,vt,42,56b8fcd4e95162f8bcd8d7d3c9673315733632a084c7f0ff65cfe0a306019fb6,0.0,4,103680,71187,30
CT_shuffle_s70,ruler4k/ruler_4096_vt_p0611,vt,42,6c6d7581df6c35f0e144bdbd5a81728a2a46452052bff2c0aa1414823c79ba21,0.0,4,101760,69019,30
CT_shuffle_s70,ruler4k/ruler_4096_vt_p0623,vt,42,de3faf03d119ec292d87b818ebc27c76702806d4eacb19670dccc814d97242e6,0.0,6,156480,112781,30
CT_shuffle_s70,ruler4k/ruler_4096_vt_p0620,vt,42,63626bade152cd74b6120a42fcc713e53c86518e77cf94b8bb05c941bd6eee4a,0.0,5,130400,92037,30
CT_shuffle_s70,ruler4k/ruler_4096_cwe_p0045,cwe,42,bfcf4b52a0dd6646e7f1977825aed749da0db1624455550c7e4b0005d36bf4f6,1.0,19,480320,311785,63
CT_shuffle_s70,ruler4k/ruler_4096_cwe_p0014,cwe,42,6358699f441f11c7ee51c51d58e4013c22272ccbcc9d74cf9c224792227c9218,1.0,15,381600,246104,64
CT_shuffle_s70,ruler4k/ruler_4096_cwe_p0044,cwe,42,40da7d9a8dabc14ede9b3edd40572017ad91c060752fefb22d098b9e46a70569,1.0,20,515200,337182,68
CT_shuffle_s70,ruler4k/ruler_4096_cwe_p0005,cwe,42,a1ac0ee9b8d3d6fbfea8164480699498158e4f732b8f73fefd51e45c2af7798a,1.0,8,202240,129688,63
CT_shuffle_s70,ruler4k/ruler_4096_cwe_p0046,cwe,42,327255761be34b73002c16b49d33666ee697c40b80eb823e1ec9ee8d9d688038,1.0,12,309120,200923,63
CT_shuffle_s70,ruler4k/ruler_4096_cwe_p0036,cwe,42,a37348e65d33b1a14bb87bbd15896f1be9a2d8a20397882f28e64026f4767bb2,1.0,18,463680,309177,62
CT_shuffle_s70,ruler4k/ruler_4096_cwe_p0038,cwe,42,3d23bf868a9c20165654f8a7cc1d021bec3d59e4480962a475a1787eeeef120f,1.0,20,512000,337244,61
CT_shuffle_s70,ruler4k/ruler_4096_cwe_p0034,cwe,42,a2b5f9d437342694356a5bed5caa56516720c3c24209f10861dc66889f2cc4e5,1.0,11,283360,182695,62
CT_shuffle_s70,ruler4k/ruler_4096_cwe_p0004,cwe,42,12780ec9ff7d288d30ed09b658dd44e997d76aa4e696983f3e4779e953fe8f04,1.0,22,563200,373028,62
CT_shuffle_s70,ruler4k/ruler_4096_cwe_p0008,cwe,42,b81f61ad0d24a56feae85508d58c480040d0091f28c2682d5792bc97797325bd,1.0,14,360640,239253,62
CT_shuffle_s70,ruler4k/ruler_4096_fwe_p0087,fwe,42,16fa298c7245985713964f55babd9941866cd9f502561a080f2e1da4e46a255f,0.6667000000000001,7,178080,129288,16
CT_shuffle_s70,ruler4k/ruler_4096_fwe_p0096,fwe,42,57da086ecbea39898f7725d2a5594d0891924b1192f7cc832a39d3305048cdd9,1.0,4,101760,72922,18
CT_shuffle_s70,ruler4k/ruler_4096_fwe_p0067,fwe,42,6a00968813b930890b9d8a8236d421df73bb5653893e13b5579b1396a9f7e2b8,1.0,5,128000,93177,22
CT_shuffle_s70,ruler4k/ruler_4096_fwe_p0062,fwe,42,b9486e82e0a9970ff4f752085832989c02d3e0186e95a2b748bd9629e256facb,1.0,5,130400,94098,24
CT_shuffle_s70,ruler4k/ruler_4096_fwe_p0088,fwe,42,8d120b2a4312ea91cd33c537f1cd10e6060c0a7e261052b2db531798e5e07bad,1.0,4,101760,74287,23
CT_shuffle_s70,ruler4k/ruler_4096_fwe_p0052,fwe,42,5a6004725b0a53d258f50ef247b40ea89414457abad6c43ecc9bb49f74e1169c,1.0,5,127200,92569,17
CT_shuffle_s70,ruler4k/ruler_4096_fwe_p0085,fwe,42,ce7fba76f73da72a29cb1a9eb674685845459dadf47bb1218e612954babad932,1.0,4,102400,75390,16
CT_shuffle_s70,ruler4k/ruler_4096_fwe_p0071,fwe,42,d843973080e5f93e1b39ce8cce5341d583b62b232342095ce6bf506321e01a94,1.0,6,154560,111237,23
CT_shuffle_s70,ruler4k/ruler_4096_fwe_p0075,fwe,42,74dab99d0aab3c14e77ba11a0d77b82c8d75abe3d622688ef64ebbc34be1644e,1.0,3,75840,55624,21
CT_shuffle_s70,ruler4k/ruler_4096_fwe_p0086,fwe,42,69670b27321fec6e735e4361d7b73c0920496cf79e1f424cff8d5a51ba3694fe,1.0,10,251200,181375,20
CT_shuffle_s70,ruler4k/ruler_4096_qa_1_p0505,qa_1,42,dfc616957fca79c516c29b6044a180b83f077b296a3202eedafb4e31029e4a76,0.0,5,128000,90713,10
CT_shuffle_s70,ruler4k/ruler_4096_qa_1_p0517,qa_1,42,a007c13dd1a196fb2ee764d65413cccb1d07b5cc996a33955f72923a68b3ee23,1.0,7,173600,119559,17
CT_shuffle_s70,ruler4k/ruler_4096_qa_1_p0501,qa_1,42,852969255c427f2ca395afdce4e633ba40eb8fb5921817992fc643ba1ab16b6d,1.0,5,123200,85370,17
CT_shuffle_s70,ruler4k/ruler_4096_qa_1_p0530,qa_1,42,a162c6477c6e6478fb97d42ec11716df2abc134feac1b5ec765622b9a358d3a2,1.0,4,100480,69950,8
CT_shuffle_s70,ruler4k/ruler_4096_qa_1_p0509,qa_1,42,255353b20d8ffd2d962d5830853b81014b8e4e2ad113cbe116fe1b2754189273,1.0,4,100480,72257,8
CT_shuffle_s70,ruler4k/ruler_4096_qa_1_p0549,qa_1,42,7d23ac5addd3206ea31de7705e76364b7d656d00cfd14354fa752b9e29579ae1,1.0,4,99200,70130,9
CT_shuffle_s70,ruler4k/ruler_4096_qa_1_p0514,qa_1,42,fcc5d586ab237ca84d597be8cd62496aeaa4374406bcbf84b9300656fe7288ad,1.0,7,176960,123812,11
CT_shuffle_s70,ruler4k/ruler_4096_qa_1_p0540,qa_1,42,333bb0dd8a9972c275fa9648978027c2a9fce7c10bb749106c0ccf25c0bb3612,1.0,6,133440,88359,10
CT_shuffle_s70,ruler4k/ruler_4096_qa_1_p0547,qa_1,42,811492b67af1ca7b375cc9017391a98155b214f7e2bb59abef0a79f75c6d70bf,1.0,3,77760,55039,6
CT_shuffle_s70,ruler4k/ruler_4096_qa_1_p0512,qa_1,42,660de8b61e41aa812403f334efcf909030631eb1e715a2764de1013981474ad5,0.0,4,99200,69424,9
CT_shuffle_s70,ruler4k/ruler_4096_qa_2_p0579,qa_2,42,515a1c9665425cbaaa1ae73b35d7616c50164b5880b10ba16d2d3cb581db8077,1.0,2,48640,34515,9
CT_shuffle_s70,ruler4k/ruler_4096_qa_2_p0588,qa_2,42,82a062b715ce57274a81267e8873b62e736b3d10889f90bdf3a43a3808af23aa,1.0,3,73920,53775,6
CT_shuffle_s70,ruler4k/ruler_4096_qa_2_p0551,qa_2,42,0c9d305f8640e44a8eee5fc63f283e409133ef5725d62b81317698828faecec2,1.0,12,278400,186752,21
CT_shuffle_s70,ruler4k/ruler_4096_qa_2_p0578,qa_2,42,cb4967b2c0e4b0770e147781ec0b71d6ef2bfbb2f4a21ae376e3f79d9db6d885,1.0,3,71520,48850,9
CT_shuffle_s70,ruler4k/ruler_4096_qa_2_p0583,qa_2,42,1ad492cdc5f1ff709e7d4c315cf766a566cf50f947e2a5aaa951bda8035ea058,1.0,3,76320,55321,6
CT_shuffle_s70,ruler4k/ruler_4096_qa_2_p0599,qa_2,42,5dfd7c7563dfc5e3f32396a60b8c9d9dbf1346a7780553e50810c9485a6a0adb,0.0,14,295680,194414,32
CT_shuffle_s70,ruler4k/ruler_4096_qa_2_p0589,qa_2,42,827954e15839b8ac59fb7e394b606d5eee0fd6f268f8832105e952034e485b7e,0.0,3,74400,53437,6
CT_shuffle_s70,ruler4k/ruler_4096_qa_2_p0559,qa_2,42,d55a6754a18b806b7b459ba27c9c9aaa785002acfcae3c2dde82d74ba0ac677a,1.0,3,73920,54320,6
CT_shuffle_s70,ruler4k/ruler_4096_qa_2_p0577,qa_2,42,60904ecb62467215293c6410d8edf1c80f081dd77dd637ece0c13ab0080c001e,1.0,3,72000,50392,6
CT_shuffle_s70,ruler4k/ruler_4096_qa_2_p0574,qa_2,42,a12ffe9225044b65b59b8c16d21eba0198d2f8d87f7e24e0ec2bc3b146b9d9c4,1.0,4,92800,64790,11
CT_uniform_s70,ruler4k/ruler_4096_niah_single_1_p0391,niah_single_1,42,84b2a69d0f8ac3fdac3e2ec089bff85b2f7594e7a19aa175c45a04fa35d75559,1.0,4,103040,80654,23
CT_uniform_s70,ruler4k/ruler_4096_niah_single_1_p0365,niah_single_1,42,362202745bfe5344c23483c584679b8839fa7f402a2275b041ef2e2eb0391df7,1.0,5,128800,99345,24
CT_uniform_s70,ruler4k/ruler_4096_niah_single_1_p0359,niah_single_1,42,22c4aa54f702816bb0df17c72a45850f72c43521617c0530b766b288d42f243c,1.0,10,257600,200285,24
CT_uniform_s70,ruler4k/ruler_4096_niah_single_1_p0356,niah_single_1,42,e16efe4e6f2434fe8070e5bd2ff9472be7f1f120929e46ab729ef1df42a999d4,1.0,7,180320,138317,24
CT_uniform_s70,ruler4k/ruler_4096_niah_single_1_p0393,niah_single_1,42,2468ef9fd703f76cd57ba84a60c67a685a020d08698b2530f7d9e692ba5f44f0,1.0,5,128800,98831,27
CT_uniform_s70,ruler4k/ruler_4096_niah_single_1_p0398,niah_single_1,42,97ce39fbf2025ceccac24ea9ecf655eb0604555785dbf104316e69637543ae8a,1.0,34,875840,659290,27
CT_uniform_s70,ruler4k/ruler_4096_niah_single_1_p0373,niah_single_1,42,4c47f2828d442b0e5c0132156bd91b3ccbac339bb35f6c08447aa4cb23995306,1.0,4,103040,79793,28
CT_uniform_s70,ruler4k/ruler_4096_niah_single_1_p0377,niah_single_1,42,b4b8b756d972020e9195f5487cd62eeb6355deef26eb2e8911eb7b203abb471d,1.0,17,437920,336993,24
CT_uniform_s70,ruler4k/ruler_4096_niah_single_1_p0386,niah_single_1,42,c191837a0906eef75a272f52e39b79b35e2026870a511f6c47a1b8fd0104e6ca,1.0,12,309120,231740,29
CT_uniform_s70,ruler4k/ruler_4096_niah_single_1_p0351,niah_single_1,42,4c5f87a7a4649fc38d57467051741d7abc30a788413f42f212337c9144556fb0,1.0,4,103040,79459,29
CT_uniform_s70,ruler4k/ruler_4096_niah_single_2_p0418,niah_single_2,42,0c0970c55b901cac5e827bbc91c518ef9b6dd44decf09886a0e87b506488da09,1.0,8,193280,137232,25
CT_uniform_s70,ruler4k/ruler_4096_niah_single_2_p0417,niah_single_2,42,9c24e81e63ccf9b37fd55a283a9de43b4cf8bdb8eca9700fd8780a44838a5b8a,1.0,9,231840,165159,27
CT_uniform_s70,ruler4k/ruler_4096_niah_single_2_p0405,niah_single_2,42,12e3b643f0882dc1dd9c6bbbade302379bb4a2ca908d8d752366227d34af9c43,1.0,9,217440,153291,29
CT_uniform_s70,ruler4k/ruler_4096_niah_single_2_p0433,niah_single_2,42,e68d45a10f3b6a2f2b432fee6387943942b3fc79e87860c551174e708fd6f712,1.0,12,309120,227177,27
CT_uniform_s70,ruler4k/ruler_4096_niah_single_2_p0426,niah_single_2,42,e19912aa9fc527c02b94c5a6f9bd25b4a3b8860c0cf543acb7b2a6752625b655,1.0,11,283360,203162,27
CT_uniform_s70,ruler4k/ruler_4096_niah_single_2_p0400,niah_single_2,42,23a78905359fae6c5b256969d7d7956bcac6bfedc6d6ba72c84e35f9e3c2b9d7,1.0,6,144960,105429,24
CT_uniform_s70,ruler4k/ruler_4096_niah_single_2_p0429,niah_single_2,42,e6ae2e08b0022a1ab48df4a5249081768fbb7e281ae068e82284f6fdf1918129,1.0,17,410720,286921,23
CT_uniform_s70,ruler4k/ruler_4096_niah_single_2_p0421,niah_single_2,42,35c2242668136cab280c6ec7c44248b6367ca3811041a841fc98747095cb0852,1.0,5,128800,93026,23
CT_uniform_s70,ruler4k/ruler_4096_niah_single_2_p0428,niah_single_2,42,54ec3d0c7373a71a8c2ea1b0ed51bd6800842bd574fa81ac644aede61ff7173b,1.0,5,120800,88300,23
CT_uniform_s70,ruler4k/ruler_4096_niah_single_2_p0437,niah_single_2,42,6064a204397272c101337e8220e155be0f35a2273bae28924392d42a2944d742,1.0,3,77280,55226,27
CT_uniform_s70,ruler4k/ruler_4096_niah_single_3_p0468,niah_single_3,42,c3af63f11f27389ecd37df152d67c64d30cd233b8f5c795f95992f10b44cef78,1.0,13,314080,213822,52
CT_uniform_s70,ruler4k/ruler_4096_niah_single_3_p0488,niah_single_3,42,56211e5bbb129174027e38ed20ea8a6fc6e73bea003e9590298b4044bfc46cae,1.0,16,412160,296113,54
CT_uniform_s70,ruler4k/ruler_4096_niah_single_3_p0475,niah_single_3,42,7e9be5b0cbcf1dcbc00b2d27562173289648f82c0d9afa6be2663e5c09047119,1.0,11,283360,208954,50
CT_uniform_s70,ruler4k/ruler_4096_niah_single_3_p0480,niah_single_3,42,8497f42fbfcb5ecb8b8a1bbac254b56627c0acd6a69feee34c318dcfd422f2b9,1.0,10,257600,181066,54
CT_uniform_s70,ruler4k/ruler_4096_niah_single_3_p0451,niah_single_3,42,744f1a24096d7c51556722f87836779c8e1e172f920002ee79d5ba00fd2693be,1.0,7,180320,124850,50
CT_uniform_s70,ruler4k/ruler_4096_niah_single_3_p0493,niah_single_3,42,206b9337b07a90a72a6663a468f70081366e428ce603582cde0b5f8e6074b221,1.0,10,241600,171812,48
CT_uniform_s70,ruler4k/ruler_4096_niah_single_3_p0495,niah_single_3,42,65b164e9cb3f7277ed3185e5fadd121041b09ee6ccf2a688351bde02a9bd5299,1.0,19,489440,343401,48
CT_uniform_s70,ruler4k/ruler_4096_niah_single_3_p0477,niah_single_3,42,ec8175b5f240daa35661b164849eb91484c7c48b1500f8b887fe7355e3dd8f9f,1.0,6,144960,98536,50
CT_uniform_s70,ruler4k/ruler_4096_niah_single_3_p0491,niah_single_3,42,afbd45c86baed29f525f8652ca4a7afef5e5d0fcea1c22e486b3ab190c141d36,1.0,9,217440,153276,51
CT_uniform_s70,ruler4k/ruler_4096_niah_single_3_p0464,niah_single_3,42,0def02e1833e5105697c667982c3db6b74fc599b3a23c1a1632eaed4930b203f,1.0,7,180320,129081,54
CT_uniform_s70,ruler4k/ruler_4096_niah_multikey_1_p0143,niah_multikey_1,42,a4136de5f5df6c5da1bb8626f811a0e2c6c451efcb0a58778889c84d78779bb1,1.0,7,169120,118880,25
CT_uniform_s70,ruler4k/ruler_4096_niah_multikey_1_p0130,niah_multikey_1,42,81ad2a12d9f42eb8553575cad78177b9d8e054a36587177d53e9bb832992d744,1.0,5,120800,86197,23
CT_uniform_s70,ruler4k/ruler_4096_niah_multikey_1_p0104,niah_multikey_1,42,5949da444aa40e059027de62e9846fe4bf01d0b982dc634c685e4523057dec47,1.0,6,144960,105351,23
CT_uniform_s70,ruler4k/ruler_4096_niah_multikey_1_p0140,niah_multikey_1,42,0dac50fb3c9a7cf274d390fc33deaaef863304b2b8cc58c26426b01b34360acd,1.0,11,265760,187327,25
CT_uniform_s70,ruler4k/ruler_4096_niah_multikey_1_p0109,niah_multikey_1,42,eb29119b567c1acfc3fddd7dc23d99e3d07a451df1e9340863c41ab76fec8279,1.0,5,120800,82558,25
CT_uniform_s70,ruler4k/ruler_4096_niah_multikey_1_p0112,niah_multikey_1,42,64a2a5358813d7cc70dee30933034b553e8ff4289fc2abfa2c0cac0577bd9869,1.0,6,144960,103344,24
CT_uniform_s70,ruler4k/ruler_4096_niah_multikey_1_p0110,niah_multikey_1,42,0e985d0395cfd78473b765322e48855d9338f4292cc653dc4921ddd64e7aa6aa,1.0,4,96640,65151,24
CT_uniform_s70,ruler4k/ruler_4096_niah_multikey_1_p0115,niah_multikey_1,42,eb7e20f6e8cd8787f1bdc6806bf396684517cb30e9a27351d0804cd4226948a7,1.0,9,217440,151597,24
CT_uniform_s70,ruler4k/ruler_4096_niah_multikey_1_p0124,niah_multikey_1,42,813f07f91b5e61c369a986a6e0af49e8d31e8f836d6b80546513c9d17c4a822d,1.0,3,72480,51515,23
CT_uniform_s70,ruler4k/ruler_4096_niah_multikey_1_p0138,niah_multikey_1,42,7458699c703be6ff351e77d62d5262b50c1c149ddc8ff259fe40054e25393e9d,1.0,11,265760,185826,25
CT_uniform_s70,ruler4k/ruler_4096_niah_multikey_2_p0155,niah_multikey_2,42,89c401d63e557be37a2c9112dd8f8a9a5b86a1a4ddfef2bb152e3d3624581de6,0.0,13,334880,253029,3
CT_uniform_s70,ruler4k/ruler_4096_niah_multikey_2_p0187,niah_multikey_2,42,b2b7c440a1d1925f2db27831d670136208061acf4309c804e48710e2e2b096ba,1.0,31,798560,606782,23
CT_uniform_s70,ruler4k/ruler_4096_niah_multikey_2_p0199,niah_multikey_2,42,113cceb69e7cad1008b8faca879924601c4493030f01c185a0c143d1e35b5dec,1.0,10,243200,179698,24
CT_uniform_s70,ruler4k/ruler_4096_niah_multikey_2_p0172,niah_multikey_2,42,299c5ce6f3b0ebeed623c66095efe93c8d28ff455696651e7a173c70f736ed2b,1.0,17,437920,333359,23
CT_uniform_s70,ruler4k/ruler_4096_niah_multikey_2_p0160,niah_multikey_2,42,3652c8d513a6b1df9c2e8e3b8ed23eb74cdf168726c457745e5244234b8ac1da,1.0,13,334880,253492,26
CT_uniform_s70,ruler4k/ruler_4096_niah_multikey_2_p0192,niah_multikey_2,42,263394c74e36959c503d578504af247e8f4cf5cb7580ad67bfb1f10c4be191d4,1.0,7,180320,134000,24
CT_uniform_s70,ruler4k/ruler_4096_niah_multikey_2_p0191,niah_multikey_2,42,f412410977db6e493a67db293bc7d42ac0dd4318b396cfb4c964979dd3893c60,1.0,5,128800,96250,24
CT_uniform_s70,ruler4k/ruler_4096_niah_multikey_2_p0186,niah_multikey_2,42,9a6750843eef9b6a259296690d489f907f8cadc16f29aedbb8d0492512c00168,1.0,10,257600,196963,24
CT_uniform_s70,ruler4k/ruler_4096_niah_multikey_2_p0188,niah_multikey_2,42,79511fa19beeb3d6933bfe7327175585524e911f7a0f81655720b2aca3a0ba0c,1.0,19,489440,369601,24
CT_uniform_s70,ruler4k/ruler_4096_niah_multikey_2_p0195,niah_multikey_2,42,f723391fa64b17bbbd3fe15c5144633074bdb872e8e5510aa6f7047e55cb924d,1.0,11,283360,214458,24
CT_uniform_s70,ruler4k/ruler_4096_niah_multikey_3_p0221,niah_multikey_3,42,f8dd0f93eb33e91a61cf7fab499ffd7585047ae2afcf9f0d1a3160fd4341ed35,1.0,34,870400,640585,78
CT_uniform_s70,ruler4k/ruler_4096_niah_multikey_3_p0247,niah_multikey_3,42,ae30df60444546e8777ee802f719cfae5dfe7ceae7b8f13f46e9b409ea28a312,1.0,11,281600,202744,78
CT_uniform_s70,ruler4k/ruler_4096_niah_multikey_3_p0222,niah_multikey_3,42,eafa5bd73b366cbcac052d45d993a4d8f72a6c7cc5293a69af6f1fc6b7e44b91,1.0,15,384000,270186,77
CT_uniform_s70,ruler4k/ruler_4096_niah_multikey_3_p0203,niah_multikey_3,42,42be70ae1b5d7d8f2d25f41c1ea6c5bef44467fb3821001bd8239e7cbf7d5825,1.0,10,256000,186734,78
CT_uniform_s70,ruler4k/ruler_4096_niah_multikey_3_p0249,niah_multikey_3,42,4fffd45bb8c613b3c496fa0e52293424834107c78eb86377039d4bc2eafbc7c9,1.0,33,844800,624830,83
CT_uniform_s70,ruler4k/ruler_4096_niah_multikey_3_p0201,niah_multikey_3,42,16107492e0e1f5f3e241995fd2634504edd00904c0e19d725ab3ae560a6060fb,1.0,21,537600,379405,75
CT_uniform_s70,ruler4k/ruler_4096_niah_multikey_3_p0242,niah_multikey_3,42,f4329a354710003262cadef688f726df03362adeb32aba2eb7809f02e2dabbc4,1.0,17,435200,304912,75
CT_uniform_s70,ruler4k/ruler_4096_niah_multikey_3_p0217,niah_multikey_3,42,bca3327d5aa55bfa3ccd0ea2c83739a1ada8873e873741e3e1c46d10abffdb66,1.0,17,435200,304341,75
CT_uniform_s70,ruler4k/ruler_4096_niah_multikey_3_p0218,niah_multikey_3,42,5ee3579138079a2a3bf406113e49449c5c5486254c73d9d817ae3a58005386ba,1.0,37,947200,664852,81
CT_uniform_s70,ruler4k/ruler_4096_niah_multikey_3_p0229,niah_multikey_3,42,80d5e6407cd842e86d45150d8235f8b98caef2804f44689d318f633c844232fe,1.0,37,947200,686086,79
CT_uniform_s70,ruler4k/ruler_4096_niah_multivalue_p0333,niah_multivalue,42,cfb1f9c8c983a092c4fca7359d982b505400235942aa329a6b04f4b4ad3769ed,1.0,19,459040,294256,69
CT_uniform_s70,ruler4k/ruler_4096_niah_multivalue_p0323,niah_multivalue,42,6cfcc849348a08389dfd9360dc35be5045e03b2545c0238142e0d33500b579b2,1.0,7,169120,107342,67
CT_uniform_s70,ruler4k/ruler_4096_niah_multivalue_p0301,niah_multivalue,42,acf8258c21c0101725c9812e9febb8400cb26d111c5ff99a5e9f9c5ce5c9cf1a,1.0,11,265760,173090,71
CT_uniform_s70,ruler4k/ruler_4096_niah_multivalue_p0341,niah_multivalue,42,28db1d98fca3a475372b00bf02bcfe115a530b792736a1c023bb7c2c3b5deccd,1.0,35,901600,559898,67
CT_uniform_s70,ruler4k/ruler_4096_niah_multivalue_p0338,niah_multivalue,42,491956a4b5522d0af0ef17f13a2168ed7f82fd3c6976f2f140ee4a55d5754914,1.0,12,289920,182609,67
CT_uniform_s70,ruler4k/ruler_4096_niah_multivalue_p0306,niah_multivalue,42,1a44769372eb079188f4a23cd39ba56394aae391ba10dbedf1a7fc3fb6a65f87,1.0,48,1159680,720730,115
CT_uniform_s70,ruler4k/ruler_4096_niah_multivalue_p0329,niah_multivalue,42,9ea03ab697be6f960e62e3e35e2cfb311adf0b86781e4a24646b27e846be74c0,1.0,30,724800,493336,68
CT_uniform_s70,ruler4k/ruler_4096_niah_multivalue_p0336,niah_multivalue,42,67218f00ea86276217c8f8e5a4fa2739ad7a72e31068c476b6b809646343437c,1.0,9,217440,143752,67
CT_uniform_s70,ruler4k/ruler_4096_niah_multivalue_p0305,niah_multivalue,42,0f59017fbd483ac5be5cd70d397811e097d529c2776fc6a0fdce9bbcde2dc055,0.75,48,1236480,727755,128
CT_uniform_s70,ruler4k/ruler_4096_niah_multivalue_p0334,niah_multivalue,42,8408b2cc181539d721124293f71f4afe4e80fecf3be6b08f136589ab1aedbfb1,1.0,32,773120,514343,67
CT_uniform_s70,ruler4k/ruler_4096_niah_multiquery_p0250,niah_multiquery,42,d7ebeb31c67ef3aaff04b0a01f7a281e4a285a887e4088bdf1590297df0c5496,1.0,43,1038880,715015,86
CT_uniform_s70,ruler4k/ruler_4096_niah_multiquery_p0281,niah_multiquery,42,25f97397c1f56fcb22753a040a6b77236c8ffabd415fc7dc413de0043d0ad5b0,1.0,16,386560,262638,89
CT_uniform_s70,ruler4k/ruler_4096_niah_multiquery_p0293,niah_multiquery,42,42cee0d9bcf07b284dea36a84610ce8eacd037e5da27b880199575aa15909544,1.0,45,1087200,744870,93
CT_uniform_s70,ruler4k/ruler_4096_niah_multiquery_p0268,niah_multiquery,42,12e8eabb09dfb861ca9ef3383dc04a81adaf4050c502abdebbfb61c58afacc90,1.0,34,875840,584766,88
CT_uniform_s70,ruler4k/ruler_4096_niah_multiquery_p0273,niah_multiquery,42,561df18acab190c49616d28217638902060fe1a4b0f3aba3eaa0a587cf015a0a,1.0,29,747040,496929,85
CT_uniform_s70,ruler4k/ruler_4096_niah_multiquery_p0252,niah_multiquery,42,e9e6216e984840a8ae40adb72219eac5190bfbbe72b8156a8933b52e10836e9b,1.0,17,410720,268730,89
CT_uniform_s70,ruler4k/ruler_4096_niah_multiquery_p0266,niah_multiquery,42,74cbb1f7d07b7a148b8d78375d5d0cf013f8eb9e8b005f5af635cac28eb9b6b2,1.0,20,515200,354380,81
CT_uniform_s70,ruler4k/ruler_4096_niah_multiquery_p0298,niah_multiquery,42,73b299958b02347e43ae5a010343d9f79a81286767fa4328bd5248826e121beb,1.0,38,978880,672283,85
CT_uniform_s70,ruler4k/ruler_4096_niah_multiquery_p0264,niah_multiquery,42,d7c9f1221cd0d46c9c81dd74ef9bacbcb746734aa4e5e4e50c9ba36e70147889,1.0,48,1159680,791999,84
CT_uniform_s70,ruler4k/ruler_4096_niah_multiquery_p0285,niah_multiquery,42,128d8f2fd3612e9f5ad3ff88451b44c429d77965a5c067f7608185298be544f7,1.0,26,628160,413788,86
CT_uniform_s70,ruler4k/ruler_4096_vt_p0601,vt,42,1ede7e3b3443c1da90f87dcbae808b715151e2640fae7040cd470a50adff47bf,0.0,41,1069280,777300,30
CT_uniform_s70,ruler4k/ruler_4096_vt_p0617,vt,42,87aea4b59ba3a6ec618d590d946c59a031df61f8d44e5f0be8e9525a6eccd336,0.0,42,1095360,788575,30
CT_uniform_s70,ruler4k/ruler_4096_vt_p0632,vt,42,5cb68cb1202f34f42296c6881510b2aca700e68c15043de09495cce28cac949c,0.0,6,156480,111802,30
CT_uniform_s70,ruler4k/ruler_4096_vt_p0618,vt,42,6c29d37fdba15c5fd2ad421103ecb98036162ec4b7435c06f3d3027f320c762d,0.0,6,156480,110593,30
CT_uniform_s70,ruler4k/ruler_4096_vt_p0603,vt,42,fe93b7aa159b81138de74e2be58b545f9b3f38aaf1119b6574944b4bb23c5fb1,0.0,48,1251840,904031,30
CT_uniform_s70,ruler4k/ruler_4096_vt_p0624,vt,42,1e3f850af723b632f4d1eaab713c671a0ecfbc55d1284baae00b92865c0165da,0.0,6,156480,112925,30
CT_uniform_s70,ruler4k/ruler_4096_vt_p0607,vt,42,56b8fcd4e95162f8bcd8d7d3c9673315733632a084c7f0ff65cfe0a306019fb6,0.0,37,959040,682759,30
CT_uniform_s70,ruler4k/ruler_4096_vt_p0611,vt,42,6c6d7581df6c35f0e144bdbd5a81728a2a46452052bff2c0aa1414823c79ba21,0.0,12,305280,215851,30
CT_uniform_s70,ruler4k/ruler_4096_vt_p0623,vt,42,de3faf03d119ec292d87b818ebc27c76702806d4eacb19670dccc814d97242e6,0.0,17,443360,320798,30
CT_uniform_s70,ruler4k/ruler_4096_vt_p0620,vt,42,63626bade152cd74b6120a42fcc713e53c86518e77cf94b8bb05c941bd6eee4a,0.0,8,208640,148569,30
CT_uniform_s70,ruler4k/ruler_4096_cwe_p0045,cwe,42,bfcf4b52a0dd6646e7f1977825aed749da0db1624455550c7e4b0005d36bf4f6,0.0,48,1213440,795671,3
CT_uniform_s70,ruler4k/ruler_4096_cwe_p0014,cwe,42,6358699f441f11c7ee51c51d58e4013c22272ccbcc9d74cf9c224792227c9218,1.0,40,1017600,682560,64
CT_uniform_s70,ruler4k/ruler_4096_cwe_p0044,cwe,42,40da7d9a8dabc14ede9b3edd40572017ad91c060752fefb22d098b9e46a70569,0.9,48,1236480,819108,68
CT_uniform_s70,ruler4k/ruler_4096_cwe_p0005,cwe,42,a1ac0ee9b8d3d6fbfea8164480699498158e4f732b8f73fefd51e45c2af7798a,1.0,40,1011200,685991,63
CT_uniform_s70,ruler4k/ruler_4096_cwe_p0046,cwe,42,327255761be34b73002c16b49d33666ee697c40b80eb823e1ec9ee8d9d688038,1.0,25,644000,438665,63
CT_uniform_s70,ruler4k/ruler_4096_cwe_p0036,cwe,42,a37348e65d33b1a14bb87bbd15896f1be9a2d8a20397882f28e64026f4767bb2,1.0,48,1236480,831082,62
CT_uniform_s70,ruler4k/ruler_4096_cwe_p0038,cwe,42,3d23bf868a9c20165654f8a7cc1d021bec3d59e4480962a475a1787eeeef120f,0.8,48,1228800,816109,120
CT_uniform_s70,ruler4k/ruler_4096_cwe_p0034,cwe,42,a2b5f9d437342694356a5bed5caa56516720c3c24209f10861dc66889f2cc4e5,0.7,48,1236480,835315,61
CT_uniform_s70,ruler4k/ruler_4096_cwe_p0004,cwe,42,12780ec9ff7d288d30ed09b658dd44e997d76aa4e696983f3e4779e953fe8f04,0.3,48,1228800,813251,63
CT_uniform_s70,ruler4k/ruler_4096_cwe_p0008,cwe,42,b81f61ad0d24a56feae85508d58c480040d0091f28c2682d5792bc97797325bd,0.0,33,850080,579848,3
CT_uniform_s70,ruler4k/ruler_4096_fwe_p0087,fwe,42,16fa298c7245985713964f55babd9941866cd9f502561a080f2e1da4e46a255f,0.3333,42,1068480,774539,16
CT_uniform_s70,ruler4k/ruler_4096_fwe_p0096,fwe,42,57da086ecbea39898f7725d2a5594d0891924b1192f7cc832a39d3305048cdd9,1.0,25,636000,466054,24
CT_uniform_s70,ruler4k/ruler_4096_fwe_p0067,fwe,42,6a00968813b930890b9d8a8236d421df73bb5653893e13b5579b1396a9f7e2b8,1.0,18,460800,324740,22
CT_uniform_s70,ruler4k/ruler_4096_fwe_p0062,fwe,42,b9486e82e0a9970ff4f752085832989c02d3e0186e95a2b748bd9629e256facb,1.0,26,678080,499952,24
CT_uniform_s70,ruler4k/ruler_4096_fwe_p0088,fwe,42,8d120b2a4312ea91cd33c537f1cd10e6060c0a7e261052b2db531798e5e07bad,1.0,41,1043040,768358,23
CT_uniform_s70,ruler4k/ruler_4096_fwe_p0052,fwe,42,5a6004725b0a53d258f50ef247b40ea89414457abad6c43ecc9bb49f74e1169c,1.0,22,559680,407264,17
CT_uniform_s70,ruler4k/ruler_4096_fwe_p0085,fwe,42,ce7fba76f73da72a29cb1a9eb674685845459dadf47bb1218e612954babad932,1.0,19,486400,363266,16
CT_uniform_s70,ruler4k/ruler_4096_fwe_p0071,fwe,42,d843973080e5f93e1b39ce8cce5341d583b62b232342095ce6bf506321e01a94,1.0,24,618240,449361,23
CT_uniform_s70,ruler4k/ruler_4096_fwe_p0075,fwe,42,74dab99d0aab3c14e77ba11a0d77b82c8d75abe3d622688ef64ebbc34be1644e,1.0,28,707840,516728,21
CT_uniform_s70,ruler4k/ruler_4096_fwe_p0086,fwe,42,69670b27321fec6e735e4361d7b73c0920496cf79e1f424cff8d5a51ba3694fe,1.0,12,301440,217876,20
CT_uniform_s70,ruler4k/ruler_4096_qa_1_p0505,qa_1,42,dfc616957fca79c516c29b6044a180b83f077b296a3202eedafb4e31029e4a76,0.0,28,716800,507937,9
CT_uniform_s70,ruler4k/ruler_4096_qa_1_p0517,qa_1,42,a007c13dd1a196fb2ee764d65413cccb1d07b5cc996a33955f72923a68b3ee23,1.0,20,496000,340789,21
CT_uniform_s70,ruler4k/ruler_4096_qa_1_p0501,qa_1,42,852969255c427f2ca395afdce4e633ba40eb8fb5921817992fc643ba1ab16b6d,1.0,13,320320,220526,17
CT_uniform_s70,ruler4k/ruler_4096_qa_1_p0530,qa_1,42,a162c6477c6e6478fb97d42ec11716df2abc134feac1b5ec765622b9a358d3a2,0.0,30,753600,531029,8
CT_uniform_s70,ruler4k/ruler_4096_qa_1_p0509,qa_1,42,255353b20d8ffd2d962d5830853b81014b8e4e2ad113cbe116fe1b2754189273,0.0,15,376800,274994,4
CT_uniform_s70,ruler4k/ruler_4096_qa_1_p0549,qa_1,42,7d23ac5addd3206ea31de7705e76364b7d656d00cfd14354fa752b9e29579ae1,1.0,5,124000,88380,9
CT_uniform_s70,ruler4k/ruler_4096_qa_1_p0514,qa_1,42,fcc5d586ab237ca84d597be8cd62496aeaa4374406bcbf84b9300656fe7288ad,1.0,8,202240,142591,11
CT_uniform_s70,ruler4k/ruler_4096_qa_1_p0540,qa_1,42,333bb0dd8a9972c275fa9648978027c2a9fce7c10bb749106c0ccf25c0bb3612,1.0,11,244640,163243,10
CT_uniform_s70,ruler4k/ruler_4096_qa_1_p0547,qa_1,42,811492b67af1ca7b375cc9017391a98155b214f7e2bb59abef0a79f75c6d70bf,1.0,3,77760,54956,6
CT_uniform_s70,ruler4k/ruler_4096_qa_1_p0512,qa_1,42,660de8b61e41aa812403f334efcf909030631eb1e715a2764de1013981474ad5,1.0,3,74400,52016,9
CT_uniform_s70,ruler4k/ruler_4096_qa_2_p0579,qa_2,42,515a1c9665425cbaaa1ae73b35d7616c50164b5880b10ba16d2d3cb581db8077,1.0,6,145920,103157,9
CT_uniform_s70,ruler4k/ruler_4096_qa_2_p0588,qa_2,42,82a062b715ce57274a81267e8873b62e736b3d10889f90bdf3a43a3808af23aa,1.0,6,147840,107982,6
CT_uniform_s70,ruler4k/ruler_4096_qa_2_p0551,qa_2,42,0c9d305f8640e44a8eee5fc63f283e409133ef5725d62b81317698828faecec2,1.0,7,162400,109054,21
CT_uniform_s70,ruler4k/ruler_4096_qa_2_p0578,qa_2,42,cb4967b2c0e4b0770e147781ec0b71d6ef2bfbb2f4a21ae376e3f79d9db6d885,0.0,14,333760,233273,4
CT_uniform_s70,ruler4k/ruler_4096_qa_2_p0583,qa_2,42,1ad492cdc5f1ff709e7d4c315cf766a566cf50f947e2a5aaa951bda8035ea058,1.0,4,101760,74188,6
CT_uniform_s70,ruler4k/ruler_4096_qa_2_p0599,qa_2,42,5dfd7c7563dfc5e3f32396a60b8c9d9dbf1346a7780553e50810c9485a6a0adb,0.0,4,84480,57232,5
CT_uniform_s70,ruler4k/ruler_4096_qa_2_p0589,qa_2,42,827954e15839b8ac59fb7e394b606d5eee0fd6f268f8832105e952034e485b7e,0.0,27,669600,483725,4
CT_uniform_s70,ruler4k/ruler_4096_qa_2_p0559,qa_2,42,d55a6754a18b806b7b459ba27c9c9aaa785002acfcae3c2dde82d74ba0ac677a,1.0,4,98560,72537,6
CT_uniform_s70,ruler4k/ruler_4096_qa_2_p0577,qa_2,42,60904ecb62467215293c6410d8edf1c80f081dd77dd637ece0c13ab0080c001e,1.0,2,48000,33458,6
CT_uniform_s70,ruler4k/ruler_4096_qa_2_p0574,qa_2,42,a12ffe9225044b65b59b8c16d21eba0198d2f8d87f7e24e0ec2bc3b146b9d9c4,1.0,5,116000,82190,11
bootstrap_unweighted_s70,ruler4k/ruler_4096_niah_single_1_p0391,niah_single_1,42,84b2a69d0f8ac3fdac3e2ec089bff85b2f7594e7a19aa175c45a04fa35d75559,1.0,4,103040,61376,23
bootstrap_unweighted_s70,ruler4k/ruler_4096_niah_single_1_p0365,niah_single_1,42,362202745bfe5344c23483c584679b8839fa7f402a2275b041ef2e2eb0391df7,1.0,11,283360,203374,28
bootstrap_unweighted_s70,ruler4k/ruler_4096_niah_single_1_p0359,niah_single_1,42,22c4aa54f702816bb0df17c72a45850f72c43521617c0530b766b288d42f243c,1.0,11,283360,205093,24
bootstrap_unweighted_s70,ruler4k/ruler_4096_niah_single_1_p0356,niah_single_1,42,e16efe4e6f2434fe8070e5bd2ff9472be7f1f120929e46ab729ef1df42a999d4,1.0,6,154560,100529,28
bootstrap_unweighted_s70,ruler4k/ruler_4096_niah_single_1_p0393,niah_single_1,42,2468ef9fd703f76cd57ba84a60c67a685a020d08698b2530f7d9e692ba5f44f0,1.0,6,154560,101530,27
bootstrap_unweighted_s70,ruler4k/ruler_4096_niah_single_1_p0398,niah_single_1,42,97ce39fbf2025ceccac24ea9ecf655eb0604555785dbf104316e69637543ae8a,1.0,6,154560,99654,27
bootstrap_unweighted_s70,ruler4k/ruler_4096_niah_single_1_p0373,niah_single_1,42,4c47f2828d442b0e5c0132156bd91b3ccbac339bb35f6c08447aa4cb23995306,1.0,4,103040,61140,24
bootstrap_unweighted_s70,ruler4k/ruler_4096_niah_single_1_p0377,niah_single_1,42,b4b8b756d972020e9195f5487cd62eeb6355deef26eb2e8911eb7b203abb471d,1.0,23,592480,444889,28
bootstrap_unweighted_s70,ruler4k/ruler_4096_niah_single_1_p0386,niah_single_1,42,c191837a0906eef75a272f52e39b79b35e2026870a511f6c47a1b8fd0104e6ca,0.0,48,1236480,930521,25
bootstrap_unweighted_s70,ruler4k/ruler_4096_niah_single_1_p0351,niah_single_1,42,4c5f87a7a4649fc38d57467051741d7abc30a788413f42f212337c9144556fb0,1.0,4,103040,60937,29
bootstrap_unweighted_s70,ruler4k/ruler_4096_niah_single_2_p0418,niah_single_2,42,0c0970c55b901cac5e827bbc91c518ef9b6dd44decf09886a0e87b506488da09,1.0,15,362400,244093,25
bootstrap_unweighted_s70,ruler4k/ruler_4096_niah_single_2_p0417,niah_single_2,42,9c24e81e63ccf9b37fd55a283a9de43b4cf8bdb8eca9700fd8780a44838a5b8a,1.0,3,77280,37525,27
bootstrap_unweighted_s70,ruler4k/ruler_4096_niah_single_2_p0405,niah_single_2,42,12e3b643f0882dc1dd9c6bbbade302379bb4a2ca908d8d752366227d34af9c43,1.0,4,96640,52852,29
bootstrap_unweighted_s70,ruler4k/ruler_4096_niah_single_2_p0433,niah_single_2,42,e68d45a10f3b6a2f2b432fee6387943942b3fc79e87860c551174e708fd6f712,1.0,5,128800,77365,27
bootstrap_unweighted_s70,ruler4k/ruler_4096_niah_single_2_p0426,niah_single_2,42,e19912aa9fc527c02b94c5a6f9bd25b4a3b8860c0cf543acb7b2a6752625b655,0.0,7,180320,114546,4
bootstrap_unweighted_s70,ruler4k/ruler_4096_niah_single_2_p0400,niah_single_2,42,23a78905359fae6c5b256969d7d7956bcac6bfedc6d6ba72c84e35f9e3c2b9d7,1.0,5,120800,72326,28
bootstrap_unweighted_s70,ruler4k/ruler_4096_niah_single_2_p0429,niah_single_2,42,e6ae2e08b0022a1ab48df4a5249081768fbb7e281ae068e82284f6fdf1918129,1.0,3,72480,34903,27
bootstrap_unweighted_s70,ruler4k/ruler_4096_niah_single_2_p0421,niah_single_2,42,35c2242668136cab280c6ec7c44248b6367ca3811041a841fc98747095cb0852,1.0,6,154560,96449,27
bootstrap_unweighted_s70,ruler4k/ruler_4096_niah_single_2_p0428,niah_single_2,42,54ec3d0c7373a71a8c2ea1b0ed51bd6800842bd574fa81ac644aede61ff7173b,1.0,19,459040,325469,27
bootstrap_unweighted_s70,ruler4k/ruler_4096_niah_single_2_p0437,niah_single_2,42,6064a204397272c101337e8220e155be0f35a2273bae28924392d42a2944d742,1.0,8,206080,133491,27
bootstrap_unweighted_s70,ruler4k/ruler_4096_niah_single_3_p0468,niah_single_3,42,c3af63f11f27389ecd37df152d67c64d30cd233b8f5c795f95992f10b44cef78,1.0,31,748960,519160,48
bootstrap_unweighted_s70,ruler4k/ruler_4096_niah_single_3_p0488,niah_single_3,42,56211e5bbb129174027e38ed20ea8a6fc6e73bea003e9590298b4044bfc46cae,1.0,43,1107680,811334,50
bootstrap_unweighted_s70,ruler4k/ruler_4096_niah_single_3_p0475,niah_single_3,42,7e9be5b0cbcf1dcbc00b2d27562173289648f82c0d9afa6be2663e5c09047119,1.0,17,437920,311900,54
bootstrap_unweighted_s70,ruler4k/ruler_4096_niah_single_3_p0480,niah_single_3,42,8497f42fbfcb5ecb8b8a1bbac254b56627c0acd6a69feee34c318dcfd422f2b9,1.0,38,978880,702829,50
bootstrap_unweighted_s70,ruler4k/ruler_4096_niah_single_3_p0451,niah_single_3,42,744f1a24096d7c51556722f87836779c8e1e172f920002ee79d5ba00fd2693be,1.0,28,721280,517265,54
bootstrap_unweighted_s70,ruler4k/ruler_4096_niah_single_3_p0493,niah_single_3,42,206b9337b07a90a72a6663a468f70081366e428ce603582cde0b5f8e6074b221,1.0,22,531520,375649,52
bootstrap_unweighted_s70,ruler4k/ruler_4096_niah_single_3_p0495,niah_single_3,42,65b164e9cb3f7277ed3185e5fadd121041b09ee6ccf2a688351bde02a9bd5299,1.0,30,772800,546815,48
bootstrap_unweighted_s70,ruler4k/ruler_4096_niah_single_3_p0477,niah_single_3,42,ec8175b5f240daa35661b164849eb91484c7c48b1500f8b887fe7355e3dd8f9f,1.0,27,652320,454297,50
bootstrap_unweighted_s70,ruler4k/ruler_4096_niah_single_3_p0491,niah_single_3,42,afbd45c86baed29f525f8652ca4a7afef5e5d0fcea1c22e486b3ab190c141d36,1.0,10,241600,162383,51
bootstrap_unweighted_s70,ruler4k/ruler_4096_niah_single_3_p0464,niah_single_3,42,0def02e1833e5105697c667982c3db6b74fc599b3a23c1a1632eaed4930b203f,1.0,14,360640,250907,54
bootstrap_unweighted_s70,ruler4k/ruler_4096_niah_multikey_1_p0143,niah_multikey_1,42,a4136de5f5df6c5da1bb8626f811a0e2c6c451efcb0a58778889c84d78779bb1,1.0,8,193280,123589,29
bootstrap_unweighted_s70,ruler4k/ruler_4096_niah_multikey_1_p0130,niah_multikey_1,42,81ad2a12d9f42eb8553575cad78177b9d8e054a36587177d53e9bb832992d744,1.0,8,193280,124707,27
bootstrap_unweighted_s70,ruler4k/ruler_4096_niah_multikey_1_p0104,niah_multikey_1,42,5949da444aa40e059027de62e9846fe4bf01d0b982dc634c685e4523057dec47,1.0,5,120800,72680,27
bootstrap_unweighted_s70,ruler4k/ruler_4096_niah_multikey_1_p0140,niah_multikey_1,42,0dac50fb3c9a7cf274d390fc33deaaef863304b2b8cc58c26426b01b34360acd,1.0,5,120800,70193,25
bootstrap_unweighted_s70,ruler4k/ruler_4096_niah_multikey_1_p0109,niah_multikey_1,42,eb29119b567c1acfc3fddd7dc23d99e3d07a451df1e9340863c41ab76fec8279,1.0,5,120800,69948,29
bootstrap_unweighted_s70,ruler4k/ruler_4096_niah_multikey_1_p0112,niah_multikey_1,42,64a2a5358813d7cc70dee30933034b553e8ff4289fc2abfa2c0cac0577bd9869,1.0,12,289920,194573,24
bootstrap_unweighted_s70,ruler4k/ruler_4096_niah_multikey_1_p0110,niah_multikey_1,42,0e985d0395cfd78473b765322e48855d9338f4292cc653dc4921ddd64e7aa6aa,1.0,5,120800,67780,28
bootstrap_unweighted_s70,ruler4k/ruler_4096_niah_multikey_1_p0115,niah_multikey_1,42,eb7e20f6e8cd8787f1bdc6806bf396684517cb30e9a27351d0804cd4226948a7,1.0,4,96640,51910,28
bootstrap_unweighted_s70,ruler4k/ruler_4096_niah_multikey_1_p0124,niah_multikey_1,42,813f07f91b5e61c369a986a6e0af49e8d31e8f836d6b80546513c9d17c4a822d,1.0,8,193280,124562,27
bootstrap_unweighted_s70,ruler4k/ruler_4096_niah_multikey_1_p0138,niah_multikey_1,42,7458699c703be6ff351e77d62d5262b50c1c149ddc8ff259fe40054e25393e9d,1.0,18,434880,295189,25
bootstrap_unweighted_s70,ruler4k/ruler_4096_niah_multikey_2_p0155,niah_multikey_2,42,89c401d63e557be37a2c9112dd8f8a9a5b86a1a4ddfef2bb152e3d3624581de6,1.0,34,875840,652996,24
bootstrap_unweighted_s70,ruler4k/ruler_4096_niah_multikey_2_p0187,niah_multikey_2,42,b2b7c440a1d1925f2db27831d670136208061acf4309c804e48710e2e2b096ba,1.0,25,644000,474517,23
bootstrap_unweighted_s70,ruler4k/ruler_4096_niah_multikey_2_p0199,niah_multikey_2,42,113cceb69e7cad1008b8faca879924601c4493030f01c185a0c143d1e35b5dec,1.0,8,194560,130386,24
bootstrap_unweighted_s70,ruler4k/ruler_4096_niah_multikey_2_p0172,niah_multikey_2,42,299c5ce6f3b0ebeed623c66095efe93c8d28ff455696651e7a173c70f736ed2b,1.0,23,592480,438228,23
bootstrap_unweighted_s70,ruler4k/ruler_4096_niah_multikey_2_p0160,niah_multikey_2,42,3652c8d513a6b1df9c2e8e3b8ed23eb74cdf168726c457745e5244234b8ac1da,1.0,21,540960,395050,26
bootstrap_unweighted_s70,ruler4k/ruler_4096_niah_multikey_2_p0192,niah_multikey_2,42,263394c74e36959c503d578504af247e8f4cf5cb7580ad67bfb1f10c4be191d4,1.0,8,206080,139175,24
bootstrap_unweighted_s70,ruler4k/ruler_4096_niah_multikey_2_p0191,niah_multikey_2,42,f412410977db6e493a67db293bc7d42ac0dd4318b396cfb4c964979dd3893c60,1.0,14,360640,256971,24
bootstrap_unweighted_s70,ruler4k/ruler_4096_niah_multikey_2_p0186,niah_multikey_2,42,9a6750843eef9b6a259296690d489f907f8cadc16f29aedbb8d0492512c00168,1.0,2,51520,19865,24
bootstrap_unweighted_s70,ruler4k/ruler_4096_niah_multikey_2_p0188,niah_multikey_2,42,79511fa19beeb3d6933bfe7327175585524e911f7a0f81655720b2aca3a0ba0c,1.0,32,824320,616815,24
bootstrap_unweighted_s70,ruler4k/ruler_4096_niah_multikey_2_p0195,niah_multikey_2,42,f723391fa64b17bbbd3fe15c5144633074bdb872e8e5510aa6f7047e55cb924d,1.0,2,51520,20111,24
bootstrap_unweighted_s70,ruler4k/ruler_4096_niah_multikey_3_p0221,niah_multikey_3,42,f8dd0f93eb33e91a61cf7fab499ffd7585047ae2afcf9f0d1a3160fd4341ed35,0.0,48,1228800,928278,6
bootstrap_unweighted_s70,ruler4k/ruler_4096_niah_multikey_3_p0247,niah_multikey_3,42,ae30df60444546e8777ee802f719cfae5dfe7ceae7b8f13f46e9b409ea28a312,1.0,36,921600,666605,79
bootstrap_unweighted_s70,ruler4k/ruler_4096_niah_multikey_3_p0222,niah_multikey_3,42,eafa5bd73b366cbcac052d45d993a4d8f72a6c7cc5293a69af6f1fc6b7e44b91,0.0,48,1228800,890881,77
bootstrap_unweighted_s70,ruler4k/ruler_4096_niah_multikey_3_p0203,niah_multikey_3,42,42be70ae1b5d7d8f2d25f41c1ea6c5bef44467fb3821001bd8239e7cbf7d5825,1.0,48,1228800,911249,36
bootstrap_unweighted_s70,ruler4k/ruler_4096_niah_multikey_3_p0249,niah_multikey_3,42,4fffd45bb8c613b3c496fa0e52293424834107c78eb86377039d4bc2eafbc7c9,0.0,48,1228800,913059,44
bootstrap_unweighted_s70,ruler4k/ruler_4096_niah_multikey_3_p0201,niah_multikey_3,42,16107492e0e1f5f3e241995fd2634504edd00904c0e19d725ab3ae560a6060fb,1.0,48,1228800,897446,38
bootstrap_unweighted_s70,ruler4k/ruler_4096_niah_multikey_3_p0242,niah_multikey_3,42,f4329a354710003262cadef688f726df03362adeb32aba2eb7809f02e2dabbc4,0.0,48,1228800,900122,104
bootstrap_unweighted_s70,ruler4k/ruler_4096_niah_multikey_3_p0217,niah_multikey_3,42,bca3327d5aa55bfa3ccd0ea2c83739a1ada8873e873741e3e1c46d10abffdb66,0.0,48,1228800,908534,8
bootstrap_unweighted_s70,ruler4k/ruler_4096_niah_multikey_3_p0218,niah_multikey_3,42,5ee3579138079a2a3bf406113e49449c5c5486254c73d9d817ae3a58005386ba,0.0,48,1228800,898111,30
bootstrap_unweighted_s70,ruler4k/ruler_4096_niah_multikey_3_p0229,niah_multikey_3,42,80d5e6407cd842e86d45150d8235f8b98caef2804f44689d318f633c844232fe,0.0,48,1228800,903284,37
bootstrap_unweighted_s70,ruler4k/ruler_4096_niah_multivalue_p0333,niah_multivalue,42,cfb1f9c8c983a092c4fca7359d982b505400235942aa329a6b04f4b4ad3769ed,1.0,48,1159680,789814,69
bootstrap_unweighted_s70,ruler4k/ruler_4096_niah_multivalue_p0323,niah_multivalue,42,6cfcc849348a08389dfd9360dc35be5045e03b2545c0238142e0d33500b579b2,0.5,37,893920,614775,43
bootstrap_unweighted_s70,ruler4k/ruler_4096_niah_multivalue_p0301,niah_multivalue,42,acf8258c21c0101725c9812e9febb8400cb26d111c5ff99a5e9f9c5ce5c9cf1a,1.0,44,1063040,732953,67
bootstrap_unweighted_s70,ruler4k/ruler_4096_niah_multivalue_p0341,niah_multivalue,42,28db1d98fca3a475372b00bf02bcfe115a530b792736a1c023bb7c2c3b5deccd,1.0,48,1236480,863138,67
bootstrap_unweighted_s70,ruler4k/ruler_4096_niah_multivalue_p0338,niah_multivalue,42,491956a4b5522d0af0ef17f13a2168ed7f82fd3c6976f2f140ee4a55d5754914,1.0,48,1159680,799939,67
bootstrap_unweighted_s70,ruler4k/ruler_4096_niah_multivalue_p0306,niah_multivalue,42,1a44769372eb079188f4a23cd39ba56394aae391ba10dbedf1a7fc3fb6a65f87,1.0,40,966400,674738,67
bootstrap_unweighted_s70,ruler4k/ruler_4096_niah_multivalue_p0329,niah_multivalue,42,9ea03ab697be6f960e62e3e35e2cfb311adf0b86781e4a24646b27e846be74c0,1.0,34,821440,574434,60
bootstrap_unweighted_s70,ruler4k/ruler_4096_niah_multivalue_p0336,niah_multivalue,42,67218f00ea86276217c8f8e5a4fa2739ad7a72e31068c476b6b809646343437c,1.0,15,362400,243724,67
bootstrap_unweighted_s70,ruler4k/ruler_4096_niah_multivalue_p0305,niah_multivalue,42,0f59017fbd483ac5be5cd70d397811e097d529c2776fc6a0fdce9bbcde2dc055,1.0,47,1210720,835025,69
bootstrap_unweighted_s70,ruler4k/ruler_4096_niah_multivalue_p0334,niah_multivalue,42,8408b2cc181539d721124293f71f4afe4e80fecf3be6b08f136589ab1aedbfb1,1.0,48,1159680,796176,67
bootstrap_unweighted_s70,ruler4k/ruler_4096_niah_multiquery_p0250,niah_multiquery,42,d7ebeb31c67ef3aaff04b0a01f7a281e4a285a887e4088bdf1590297df0c5496,0.0,41,990560,696532,3
bootstrap_unweighted_s70,ruler4k/ruler_4096_niah_multiquery_p0281,niah_multiquery,42,25f97397c1f56fcb22753a040a6b77236c8ffabd415fc7dc413de0043d0ad5b0,0.5,48,1159680,804223,128
bootstrap_unweighted_s70,ruler4k/ruler_4096_niah_multiquery_p0293,niah_multiquery,42,42cee0d9bcf07b284dea36a84610ce8eacd037e5da27b880199575aa15909544,0.75,48,1159680,808634,79
bootstrap_unweighted_s70,ruler4k/ruler_4096_niah_multiquery_p0268,niah_multiquery,42,12e8eabb09dfb861ca9ef3383dc04a81adaf4050c502abdebbfb61c58afacc90,0.25,48,1236480,867349,34
bootstrap_unweighted_s70,ruler4k/ruler_4096_niah_multiquery_p0273,niah_multiquery,42,561df18acab190c49616d28217638902060fe1a4b0f3aba3eaa0a587cf015a0a,0.75,48,1236480,861760,83
bootstrap_unweighted_s70,ruler4k/ruler_4096_niah_multiquery_p0252,niah_multiquery,42,e9e6216e984840a8ae40adb72219eac5190bfbbe72b8156a8933b52e10836e9b,0.75,48,1159680,791500,110
bootstrap_unweighted_s70,ruler4k/ruler_4096_niah_multiquery_p0266,niah_multiquery,42,74cbb1f7d07b7a148b8d78375d5d0cf013f8eb9e8b005f5af635cac28eb9b6b2,0.75,48,1236480,876733,85
bootstrap_unweighted_s70,ruler4k/ruler_4096_niah_multiquery_p0298,niah_multiquery,42,73b299958b02347e43ae5a010343d9f79a81286767fa4328bd5248826e121beb,0.5,48,1236480,860879,100
bootstrap_unweighted_s70,ruler4k/ruler_4096_niah_multiquery_p0264,niah_multiquery,42,d7c9f1221cd0d46c9c81dd74ef9bacbcb746734aa4e5e4e50c9ba36e70147889,0.25,48,1159680,808367,38
bootstrap_unweighted_s70,ruler4k/ruler_4096_niah_multiquery_p0285,niah_multiquery,42,128d8f2fd3612e9f5ad3ff88451b44c429d77965a5c067f7608185298be544f7,0.0,48,1159680,807307,18
bootstrap_unweighted_s70,ruler4k/ruler_4096_vt_p0601,vt,42,1ede7e3b3443c1da90f87dcbae808b715151e2640fae7040cd470a50adff47bf,0.0,48,1251840,911308,30
bootstrap_unweighted_s70,ruler4k/ruler_4096_vt_p0617,vt,42,87aea4b59ba3a6ec618d590d946c59a031df61f8d44e5f0be8e9525a6eccd336,0.0,48,1251840,908930,30
bootstrap_unweighted_s70,ruler4k/ruler_4096_vt_p0632,vt,42,5cb68cb1202f34f42296c6881510b2aca700e68c15043de09495cce28cac949c,0.0,39,1017120,740483,30
bootstrap_unweighted_s70,ruler4k/ruler_4096_vt_p0618,vt,42,6c29d37fdba15c5fd2ad421103ecb98036162ec4b7435c06f3d3027f320c762d,0.0,48,1251840,912187,30
bootstrap_unweighted_s70,ruler4k/ruler_4096_vt_p0603,vt,42,fe93b7aa159b81138de74e2be58b545f9b3f38aaf1119b6574944b4bb23c5fb1,0.0,39,1017120,730392,30
bootstrap_unweighted_s70,ruler4k/ruler_4096_vt_p0624,vt,42,1e3f850af723b632f4d1eaab713c671a0ecfbc55d1284baae00b92865c0165da,0.0,48,1251840,927983,30
bootstrap_unweighted_s70,ruler4k/ruler_4096_vt_p0607,vt,42,56b8fcd4e95162f8bcd8d7d3c9673315733632a084c7f0ff65cfe0a306019fb6,0.0,48,1244160,897421,30
bootstrap_unweighted_s70,ruler4k/ruler_4096_vt_p0611,vt,42,6c6d7581df6c35f0e144bdbd5a81728a2a46452052bff2c0aa1414823c79ba21,0.0,25,636000,450550,30
bootstrap_unweighted_s70,ruler4k/ruler_4096_vt_p0623,vt,42,de3faf03d119ec292d87b818ebc27c76702806d4eacb19670dccc814d97242e6,0.0,48,1251840,908721,30
bootstrap_unweighted_s70,ruler4k/ruler_4096_vt_p0620,vt,42,63626bade152cd74b6120a42fcc713e53c86518e77cf94b8bb05c941bd6eee4a,0.0,47,1225760,890376,30
bootstrap_unweighted_s70,ruler4k/ruler_4096_cwe_p0045,cwe,42,bfcf4b52a0dd6646e7f1977825aed749da0db1624455550c7e4b0005d36bf4f6,0.6,48,1213440,838584,62
bootstrap_unweighted_s70,ruler4k/ruler_4096_cwe_p0014,cwe,42,6358699f441f11c7ee51c51d58e4013c22272ccbcc9d74cf9c224792227c9218,0.9,48,1221120,859541,64
bootstrap_unweighted_s70,ruler4k/ruler_4096_cwe_p0044,cwe,42,40da7d9a8dabc14ede9b3edd40572017ad91c060752fefb22d098b9e46a70569,0.4,48,1236480,862774,66
bootstrap_unweighted_s70,ruler4k/ruler_4096_cwe_p0005,cwe,42,a1ac0ee9b8d3d6fbfea8164480699498158e4f732b8f73fefd51e45c2af7798a,0.8,47,1188160,834762,62
bootstrap_unweighted_s70,ruler4k/ruler_4096_cwe_p0046,cwe,42,327255761be34b73002c16b49d33666ee697c40b80eb823e1ec9ee8d9d688038,0.8,48,1236480,866980,61
bootstrap_unweighted_s70,ruler4k/ruler_4096_cwe_p0036,cwe,42,a37348e65d33b1a14bb87bbd15896f1be9a2d8a20397882f28e64026f4767bb2,0.5,48,1236480,872182,52
bootstrap_unweighted_s70,ruler4k/ruler_4096_cwe_p0038,cwe,42,3d23bf868a9c20165654f8a7cc1d021bec3d59e4480962a475a1787eeeef120f,0.0,48,1228800,871987,5
bootstrap_unweighted_s70,ruler4k/ruler_4096_cwe_p0034,cwe,42,a2b5f9d437342694356a5bed5caa56516720c3c24209f10861dc66889f2cc4e5,0.1,48,1236480,869398,27
bootstrap_unweighted_s70,ruler4k/ruler_4096_cwe_p0004,cwe,42,12780ec9ff7d288d30ed09b658dd44e997d76aa4e696983f3e4779e953fe8f04,0.0,48,1228800,869534,23
bootstrap_unweighted_s70,ruler4k/ruler_4096_cwe_p0008,cwe,42,b81f61ad0d24a56feae85508d58c480040d0091f28c2682d5792bc97797325bd,0.2,48,1236480,868440,59
bootstrap_unweighted_s70,ruler4k/ruler_4096_fwe_p0087,fwe,42,16fa298c7245985713964f55babd9941866cd9f502561a080f2e1da4e46a255f,0.3333,48,1221120,899799,22
bootstrap_unweighted_s70,ruler4k/ruler_4096_fwe_p0096,fwe,42,57da086ecbea39898f7725d2a5594d0891924b1192f7cc832a39d3305048cdd9,1.0,42,1068480,782316,24
bootstrap_unweighted_s70,ruler4k/ruler_4096_fwe_p0067,fwe,42,6a00968813b930890b9d8a8236d421df73bb5653893e13b5579b1396a9f7e2b8,0.0,48,1228800,902733,15
bootstrap_unweighted_s70,ruler4k/ruler_4096_fwe_p0062,fwe,42,b9486e82e0a9970ff4f752085832989c02d3e0186e95a2b748bd9629e256facb,1.0,48,1251840,923515,24
bootstrap_unweighted_s70,ruler4k/ruler_4096_fwe_p0088,fwe,42,8d120b2a4312ea91cd33c537f1cd10e6060c0a7e261052b2db531798e5e07bad,0.6667000000000001,48,1221120,897031,23
bootstrap_unweighted_s70,ruler4k/ruler_4096_fwe_p0052,fwe,42,5a6004725b0a53d258f50ef247b40ea89414457abad6c43ecc9bb49f74e1169c,1.0,38,966720,707243,24
bootstrap_unweighted_s70,ruler4k/ruler_4096_fwe_p0085,fwe,42,ce7fba76f73da72a29cb1a9eb674685845459dadf47bb1218e612954babad932,1.0,43,1100800,810684,22
bootstrap_unweighted_s70,ruler4k/ruler_4096_fwe_p0071,fwe,42,d843973080e5f93e1b39ce8cce5341d583b62b232342095ce6bf506321e01a94,1.0,47,1210720,881762,23
bootstrap_unweighted_s70,ruler4k/ruler_4096_fwe_p0075,fwe,42,74dab99d0aab3c14e77ba11a0d77b82c8d75abe3d622688ef64ebbc34be1644e,1.0,22,556160,399070,21
bootstrap_unweighted_s70,ruler4k/ruler_4096_fwe_p0086,fwe,42,69670b27321fec6e735e4361d7b73c0920496cf79e1f424cff8d5a51ba3694fe,0.6667000000000001,22,552640,392253,20
bootstrap_unweighted_s70,ruler4k/ruler_4096_qa_1_p0505,qa_1,42,dfc616957fca79c516c29b6044a180b83f077b296a3202eedafb4e31029e4a76,0.0,2,51200,19241,10
bootstrap_unweighted_s70,ruler4k/ruler_4096_qa_1_p0517,qa_1,42,a007c13dd1a196fb2ee764d65413cccb1d07b5cc996a33955f72923a68b3ee23,0.0,48,1190400,834481,3
bootstrap_unweighted_s70,ruler4k/ruler_4096_qa_1_p0501,qa_1,42,852969255c427f2ca395afdce4e633ba40eb8fb5921817992fc643ba1ab16b6d,1.0,13,320320,214286,17
bootstrap_unweighted_s70,ruler4k/ruler_4096_qa_1_p0530,qa_1,42,a162c6477c6e6478fb97d42ec11716df2abc134feac1b5ec765622b9a358d3a2,0.0,35,879200,620001,8
bootstrap_unweighted_s70,ruler4k/ruler_4096_qa_1_p0509,qa_1,42,255353b20d8ffd2d962d5830853b81014b8e4e2ad113cbe116fe1b2754189273,0.0,5,125600,74562,4
bootstrap_unweighted_s70,ruler4k/ruler_4096_qa_1_p0549,qa_1,42,7d23ac5addd3206ea31de7705e76364b7d656d00cfd14354fa752b9e29579ae1,0.0,5,124000,73395,4
bootstrap_unweighted_s70,ruler4k/ruler_4096_qa_1_p0514,qa_1,42,fcc5d586ab237ca84d597be8cd62496aeaa4374406bcbf84b9300656fe7288ad,1.0,11,278080,180646,11
bootstrap_unweighted_s70,ruler4k/ruler_4096_qa_1_p0540,qa_1,42,333bb0dd8a9972c275fa9648978027c2a9fce7c10bb749106c0ccf25c0bb3612,1.0,2,44480,15083,10
bootstrap_unweighted_s70,ruler4k/ruler_4096_qa_1_p0547,qa_1,42,811492b67af1ca7b375cc9017391a98155b214f7e2bb59abef0a79f75c6d70bf,1.0,11,285120,190749,6
bootstrap_unweighted_s70,ruler4k/ruler_4096_qa_1_p0512,qa_1,42,660de8b61e41aa812403f334efcf909030631eb1e715a2764de1013981474ad5,1.0,8,198400,124768,7
bootstrap_unweighted_s70,ruler4k/ruler_4096_qa_2_p0579,qa_2,42,515a1c9665425cbaaa1ae73b35d7616c50164b5880b10ba16d2d3cb581db8077,1.0,7,170240,107729,9
bootstrap_unweighted_s70,ruler4k/ruler_4096_qa_2_p0588,qa_2,42,82a062b715ce57274a81267e8873b62e736b3d10889f90bdf3a43a3808af23aa,0.0,7,172480,112067,3
bootstrap_unweighted_s70,ruler4k/ruler_4096_qa_2_p0551,qa_2,42,0c9d305f8640e44a8eee5fc63f283e409133ef5725d62b81317698828faecec2,1.0,20,464000,304009,21
bootstrap_unweighted_s70,ruler4k/ruler_4096_qa_2_p0578,qa_2,42,cb4967b2c0e4b0770e147781ec0b71d6ef2bfbb2f4a21ae376e3f79d9db6d885,1.0,6,143040,84939,9
bootstrap_unweighted_s70,ruler4k/ruler_4096_qa_2_p0583,qa_2,42,1ad492cdc5f1ff709e7d4c315cf766a566cf50f947e2a5aaa951bda8035ea058,1.0,17,432480,302151,6
bootstrap_unweighted_s70,ruler4k/ruler_4096_qa_2_p0599,qa_2,42,5dfd7c7563dfc5e3f32396a60b8c9d9dbf1346a7780553e50810c9485a6a0adb,0.0,33,696960,468631,4
bootstrap_unweighted_s70,ruler4k/ruler_4096_qa_2_p0589,qa_2,42,827954e15839b8ac59fb7e394b606d5eee0fd6f268f8832105e952034e485b7e,0.0,8,198400,128525,7
bootstrap_unweighted_s70,ruler4k/ruler_4096_qa_2_p0559,qa_2,42,d55a6754a18b806b7b459ba27c9c9aaa785002acfcae3c2dde82d74ba0ac677a,1.0,2,49280,18660,6
bootstrap_unweighted_s70,ruler4k/ruler_4096_qa_2_p0577,qa_2,42,60904ecb62467215293c6410d8edf1c80f081dd77dd637ece0c13ab0080c001e,1.0,7,168000,105001,6
bootstrap_unweighted_s70,ruler4k/ruler_4096_qa_2_p0574,qa_2,42,a12ffe9225044b65b59b8c16d21eba0198d2f8d87f7e24e0ec2bc3b146b9d9c4,0.0,14,324800,220513,4
bootstrap_CT_s70,ruler4k/ruler_4096_niah_single_1_p0391,niah_single_1,42,84b2a69d0f8ac3fdac3e2ec089bff85b2f7594e7a19aa175c45a04fa35d75559,1.0,4,103040,63046,23
bootstrap_CT_s70,ruler4k/ruler_4096_niah_single_1_p0365,niah_single_1,42,362202745bfe5344c23483c584679b8839fa7f402a2275b041ef2e2eb0391df7,1.0,20,515200,393212,28
bootstrap_CT_s70,ruler4k/ruler_4096_niah_single_1_p0359,niah_single_1,42,22c4aa54f702816bb0df17c72a45850f72c43521617c0530b766b288d42f243c,1.0,11,283360,210030,24
bootstrap_CT_s70,ruler4k/ruler_4096_niah_single_1_p0356,niah_single_1,42,e16efe4e6f2434fe8070e5bd2ff9472be7f1f120929e46ab729ef1df42a999d4,1.0,13,334880,249944,28
bootstrap_CT_s70,ruler4k/ruler_4096_niah_single_1_p0393,niah_single_1,42,2468ef9fd703f76cd57ba84a60c67a685a020d08698b2530f7d9e692ba5f44f0,1.0,4,103040,61858,27
bootstrap_CT_s70,ruler4k/ruler_4096_niah_single_1_p0398,niah_single_1,42,97ce39fbf2025ceccac24ea9ecf655eb0604555785dbf104316e69637543ae8a,1.0,6,154560,101727,27
bootstrap_CT_s70,ruler4k/ruler_4096_niah_single_1_p0373,niah_single_1,42,4c47f2828d442b0e5c0132156bd91b3ccbac339bb35f6c08447aa4cb23995306,1.0,7,180320,124269,24
bootstrap_CT_s70,ruler4k/ruler_4096_niah_single_1_p0377,niah_single_1,42,b4b8b756d972020e9195f5487cd62eeb6355deef26eb2e8911eb7b203abb471d,1.0,6,154560,101169,24
bootstrap_CT_s70,ruler4k/ruler_4096_niah_single_1_p0386,niah_single_1,42,c191837a0906eef75a272f52e39b79b35e2026870a511f6c47a1b8fd0104e6ca,1.0,48,1236480,824273,128
bootstrap_CT_s70,ruler4k/ruler_4096_niah_single_1_p0351,niah_single_1,42,4c5f87a7a4649fc38d57467051741d7abc30a788413f42f212337c9144556fb0,1.0,15,386400,290994,29
bootstrap_CT_s70,ruler4k/ruler_4096_niah_single_2_p0418,niah_single_2,42,0c0970c55b901cac5e827bbc91c518ef9b6dd44decf09886a0e87b506488da09,1.0,18,434880,307433,29
bootstrap_CT_s70,ruler4k/ruler_4096_niah_single_2_p0417,niah_single_2,42,9c24e81e63ccf9b37fd55a283a9de43b4cf8bdb8eca9700fd8780a44838a5b8a,1.0,6,154560,98734,27
bootstrap_CT_s70,ruler4k/ruler_4096_niah_single_2_p0405,niah_single_2,42,12e3b643f0882dc1dd9c6bbbade302379bb4a2ca908d8d752366227d34af9c43,1.0,18,434880,306441,29
bootstrap_CT_s70,ruler4k/ruler_4096_niah_single_2_p0433,niah_single_2,42,e68d45a10f3b6a2f2b432fee6387943942b3fc79e87860c551174e708fd6f712,1.0,8,206080,141690,27
bootstrap_CT_s70,ruler4k/ruler_4096_niah_single_2_p0426,niah_single_2,42,e19912aa9fc527c02b94c5a6f9bd25b4a3b8860c0cf543acb7b2a6752625b655,1.0,4,103040,59611,27
bootstrap_CT_s70,ruler4k/ruler_4096_niah_single_2_p0400,niah_single_2,42,23a78905359fae6c5b256969d7d7956bcac6bfedc6d6ba72c84e35f9e3c2b9d7,1.0,13,314080,212427,28
bootstrap_CT_s70,ruler4k/ruler_4096_niah_single_2_p0429,niah_single_2,42,e6ae2e08b0022a1ab48df4a5249081768fbb7e281ae068e82284f6fdf1918129,1.0,5,120800,69300,27
bootstrap_CT_s70,ruler4k/ruler_4096_niah_single_2_p0421,niah_single_2,42,35c2242668136cab280c6ec7c44248b6367ca3811041a841fc98747095cb0852,1.0,8,206080,141000,27
bootstrap_CT_s70,ruler4k/ruler_4096_niah_single_2_p0428,niah_single_2,42,54ec3d0c7373a71a8c2ea1b0ed51bd6800842bd574fa81ac644aede61ff7173b,1.0,6,144960,94747,23
bootstrap_CT_s70,ruler4k/ruler_4096_niah_single_2_p0437,niah_single_2,42,6064a204397272c101337e8220e155be0f35a2273bae28924392d42a2944d742,1.0,5,128800,77748,27
bootstrap_CT_s70,ruler4k/ruler_4096_niah_single_3_p0468,niah_single_3,42,c3af63f11f27389ecd37df152d67c64d30cd233b8f5c795f95992f10b44cef78,1.0,8,193280,123731,49
bootstrap_CT_s70,ruler4k/ruler_4096_niah_single_3_p0488,niah_single_3,42,56211e5bbb129174027e38ed20ea8a6fc6e73bea003e9590298b4044bfc46cae,1.0,7,180320,117133,54
bootstrap_CT_s70,ruler4k/ruler_4096_niah_single_3_p0475,niah_single_3,42,7e9be5b0cbcf1dcbc00b2d27562173289648f82c0d9afa6be2663e5c09047119,1.0,20,515200,382283,55
bootstrap_CT_s70,ruler4k/ruler_4096_niah_single_3_p0480,niah_single_3,42,8497f42fbfcb5ecb8b8a1bbac254b56627c0acd6a69feee34c318dcfd422f2b9,1.0,4,103040,57364,50
bootstrap_CT_s70,ruler4k/ruler_4096_niah_single_3_p0451,niah_single_3,42,744f1a24096d7c51556722f87836779c8e1e172f920002ee79d5ba00fd2693be,1.0,13,334880,236703,50
bootstrap_CT_s70,ruler4k/ruler_4096_niah_single_3_p0493,niah_single_3,42,206b9337b07a90a72a6663a468f70081366e428ce603582cde0b5f8e6074b221,1.0,9,217440,143990,52
bootstrap_CT_s70,ruler4k/ruler_4096_niah_single_3_p0495,niah_single_3,42,65b164e9cb3f7277ed3185e5fadd121041b09ee6ccf2a688351bde02a9bd5299,1.0,9,231840,155480,53
bootstrap_CT_s70,ruler4k/ruler_4096_niah_single_3_p0477,niah_single_3,42,ec8175b5f240daa35661b164849eb91484c7c48b1500f8b887fe7355e3dd8f9f,1.0,19,459040,322461,51
bootstrap_CT_s70,ruler4k/ruler_4096_niah_single_3_p0491,niah_single_3,42,afbd45c86baed29f525f8652ca4a7afef5e5d0fcea1c22e486b3ab190c141d36,1.0,6,144960,91638,51
bootstrap_CT_s70,ruler4k/ruler_4096_niah_single_3_p0464,niah_single_3,42,0def02e1833e5105697c667982c3db6b74fc599b3a23c1a1632eaed4930b203f,1.0,9,231840,157346,54
bootstrap_CT_s70,ruler4k/ruler_4096_niah_multikey_1_p0143,niah_multikey_1,42,a4136de5f5df6c5da1bb8626f811a0e2c6c451efcb0a58778889c84d78779bb1,1.0,5,120800,72771,29
bootstrap_CT_s70,ruler4k/ruler_4096_niah_multikey_1_p0130,niah_multikey_1,42,81ad2a12d9f42eb8553575cad78177b9d8e054a36587177d53e9bb832992d744,1.0,5,120800,73948,27
bootstrap_CT_s70,ruler4k/ruler_4096_niah_multikey_1_p0104,niah_multikey_1,42,5949da444aa40e059027de62e9846fe4bf01d0b982dc634c685e4523057dec47,1.0,10,241600,170098,27
bootstrap_CT_s70,ruler4k/ruler_4096_niah_multikey_1_p0140,niah_multikey_1,42,0dac50fb3c9a7cf274d390fc33deaaef863304b2b8cc58c26426b01b34360acd,1.0,4,96640,54393,25
bootstrap_CT_s70,ruler4k/ruler_4096_niah_multikey_1_p0109,niah_multikey_1,42,eb29119b567c1acfc3fddd7dc23d99e3d07a451df1e9340863c41ab76fec8279,1.0,4,96640,53347,29
bootstrap_CT_s70,ruler4k/ruler_4096_niah_multikey_1_p0112,niah_multikey_1,42,64a2a5358813d7cc70dee30933034b553e8ff4289fc2abfa2c0cac0577bd9869,1.0,9,217440,140324,28
bootstrap_CT_s70,ruler4k/ruler_4096_niah_multikey_1_p0110,niah_multikey_1,42,0e985d0395cfd78473b765322e48855d9338f4292cc653dc4921ddd64e7aa6aa,1.0,21,507360,356046,28
bootstrap_CT_s70,ruler4k/ruler_4096_niah_multikey_1_p0115,niah_multikey_1,42,eb7e20f6e8cd8787f1bdc6806bf396684517cb30e9a27351d0804cd4226948a7,1.0,4,96640,54933,28
bootstrap_CT_s70,ruler4k/ruler_4096_niah_multikey_1_p0124,niah_multikey_1,42,813f07f91b5e61c369a986a6e0af49e8d31e8f836d6b80546513c9d17c4a822d,1.0,4,96640,55233,27
bootstrap_CT_s70,ruler4k/ruler_4096_niah_multikey_1_p0138,niah_multikey_1,42,7458699c703be6ff351e77d62d5262b50c1c149ddc8ff259fe40054e25393e9d,1.0,6,144960,91686,25
bootstrap_CT_s70,ruler4k/ruler_4096_niah_multikey_2_p0155,niah_multikey_2,42,89c401d63e557be37a2c9112dd8f8a9a5b86a1a4ddfef2bb152e3d3624581de6,1.0,10,257600,182234,24
bootstrap_CT_s70,ruler4k/ruler_4096_niah_multikey_2_p0187,niah_multikey_2,42,b2b7c440a1d1925f2db27831d670136208061acf4309c804e48710e2e2b096ba,1.0,7,180320,121835,23
bootstrap_CT_s70,ruler4k/ruler_4096_niah_multikey_2_p0199,niah_multikey_2,42,113cceb69e7cad1008b8faca879924601c4493030f01c185a0c143d1e35b5dec,1.0,12,291840,208356,24
bootstrap_CT_s70,ruler4k/ruler_4096_niah_multikey_2_p0172,niah_multikey_2,42,299c5ce6f3b0ebeed623c66095efe93c8d28ff455696651e7a173c70f736ed2b,1.0,24,618240,468880,23
bootstrap_CT_s70,ruler4k/ruler_4096_niah_multikey_2_p0160,niah_multikey_2,42,3652c8d513a6b1df9c2e8e3b8ed23eb74cdf168726c457745e5244234b8ac1da,1.0,12,309120,224217,26
bootstrap_CT_s70,ruler4k/ruler_4096_niah_multikey_2_p0192,niah_multikey_2,42,263394c74e36959c503d578504af247e8f4cf5cb7580ad67bfb1f10c4be191d4,1.0,5,128800,82359,24
bootstrap_CT_s70,ruler4k/ruler_4096_niah_multikey_2_p0191,niah_multikey_2,42,f412410977db6e493a67db293bc7d42ac0dd4318b396cfb4c964979dd3893c60,1.0,17,437920,323611,24
bootstrap_CT_s70,ruler4k/ruler_4096_niah_multikey_2_p0186,niah_multikey_2,42,9a6750843eef9b6a259296690d489f907f8cadc16f29aedbb8d0492512c00168,1.0,13,334880,240185,24
bootstrap_CT_s70,ruler4k/ruler_4096_niah_multikey_2_p0188,niah_multikey_2,42,79511fa19beeb3d6933bfe7327175585524e911f7a0f81655720b2aca3a0ba0c,1.0,5,128800,80737,24
bootstrap_CT_s70,ruler4k/ruler_4096_niah_multikey_2_p0195,niah_multikey_2,42,f723391fa64b17bbbd3fe15c5144633074bdb872e8e5510aa6f7047e55cb924d,1.0,9,231840,164433,24
bootstrap_CT_s70,ruler4k/ruler_4096_niah_multikey_3_p0221,niah_multikey_3,42,f8dd0f93eb33e91a61cf7fab499ffd7585047ae2afcf9f0d1a3160fd4341ed35,1.0,33,844800,620783,78
bootstrap_CT_s70,ruler4k/ruler_4096_niah_multikey_3_p0247,niah_multikey_3,42,ae30df60444546e8777ee802f719cfae5dfe7ceae7b8f13f46e9b409ea28a312,1.0,24,614400,437291,78
bootstrap_CT_s70,ruler4k/ruler_4096_niah_multikey_3_p0222,niah_multikey_3,42,eafa5bd73b366cbcac052d45d993a4d8f72a6c7cc5293a69af6f1fc6b7e44b91,1.0,20,512000,361035,77
bootstrap_CT_s70,ruler4k/ruler_4096_niah_multikey_3_p0203,niah_multikey_3,42,42be70ae1b5d7d8f2d25f41c1ea6c5bef44467fb3821001bd8239e7cbf7d5825,1.0,19,486400,343079,78
bootstrap_CT_s70,ruler4k/ruler_4096_niah_multikey_3_p0249,niah_multikey_3,42,4fffd45bb8c613b3c496fa0e52293424834107c78eb86377039d4bc2eafbc7c9,1.0,48,1228800,911372,83
bootstrap_CT_s70,ruler4k/ruler_4096_niah_multikey_3_p0201,niah_multikey_3,42,16107492e0e1f5f3e241995fd2634504edd00904c0e19d725ab3ae560a6060fb,1.0,29,742400,534947,76
bootstrap_CT_s70,ruler4k/ruler_4096_niah_multikey_3_p0242,niah_multikey_3,42,f4329a354710003262cadef688f726df03362adeb32aba2eb7809f02e2dabbc4,0.0,48,1228800,901907,5
bootstrap_CT_s70,ruler4k/ruler_4096_niah_multikey_3_p0217,niah_multikey_3,42,bca3327d5aa55bfa3ccd0ea2c83739a1ada8873e873741e3e1c46d10abffdb66,1.0,19,486400,340673,75
bootstrap_CT_s70,ruler4k/ruler_4096_niah_multikey_3_p0218,niah_multikey_3,42,5ee3579138079a2a3bf406113e49449c5c5486254c73d9d817ae3a58005386ba,1.0,22,563200,395876,81
bootstrap_CT_s70,ruler4k/ruler_4096_niah_multikey_3_p0229,niah_multikey_3,42,80d5e6407cd842e86d45150d8235f8b98caef2804f44689d318f633c844232fe,1.0,13,332800,226441,79
bootstrap_CT_s70,ruler4k/ruler_4096_niah_multivalue_p0333,niah_multivalue,42,cfb1f9c8c983a092c4fca7359d982b505400235942aa329a6b04f4b4ad3769ed,1.0,40,966400,621784,112
bootstrap_CT_s70,ruler4k/ruler_4096_niah_multivalue_p0323,niah_multivalue,42,6cfcc849348a08389dfd9360dc35be5045e03b2545c0238142e0d33500b579b2,1.0,32,773120,538460,67
bootstrap_CT_s70,ruler4k/ruler_4096_niah_multivalue_p0301,niah_multivalue,42,acf8258c21c0101725c9812e9febb8400cb26d111c5ff99a5e9f9c5ce5c9cf1a,1.0,25,604000,398355,115
bootstrap_CT_s70,ruler4k/ruler_4096_niah_multivalue_p0341,niah_multivalue,42,28db1d98fca3a475372b00bf02bcfe115a530b792736a1c023bb7c2c3b5deccd,1.0,28,721280,501417,67
bootstrap_CT_s70,ruler4k/ruler_4096_niah_multivalue_p0338,niah_multivalue,42,491956a4b5522d0af0ef17f13a2168ed7f82fd3c6976f2f140ee4a55d5754914,1.0,48,1159680,758045,125
bootstrap_CT_s70,ruler4k/ruler_4096_niah_multivalue_p0306,niah_multivalue,42,1a44769372eb079188f4a23cd39ba56394aae391ba10dbedf1a7fc3fb6a65f87,1.0,16,386560,269233,67
bootstrap_CT_s70,ruler4k/ruler_4096_niah_multivalue_p0329,niah_multivalue,42,9ea03ab697be6f960e62e3e35e2cfb311adf0b86781e4a24646b27e846be74c0,1.0,10,241600,155941,68
bootstrap_CT_s70,ruler4k/ruler_4096_niah_multivalue_p0336,niah_multivalue,42,67218f00ea86276217c8f8e5a4fa2739ad7a72e31068c476b6b809646343437c,1.0,32,773120,548388,71
bootstrap_CT_s70,ruler4k/ruler_4096_niah_multivalue_p0305,niah_multivalue,42,0f59017fbd483ac5be5cd70d397811e097d529c2776fc6a0fdce9bbcde2dc055,1.0,48,1236480,776026,128
bootstrap_CT_s70,ruler4k/ruler_4096_niah_multivalue_p0334,niah_multivalue,42,8408b2cc181539d721124293f71f4afe4e80fecf3be6b08f136589ab1aedbfb1,1.0,17,410720,270531,67
bootstrap_CT_s70,ruler4k/ruler_4096_niah_multiquery_p0250,niah_multiquery,42,d7ebeb31c67ef3aaff04b0a01f7a281e4a285a887e4088bdf1590297df0c5496,1.0,4,96640,50686,86
bootstrap_CT_s70,ruler4k/ruler_4096_niah_multiquery_p0281,niah_multiquery,42,25f97397c1f56fcb22753a040a6b77236c8ffabd415fc7dc413de0043d0ad5b0,1.0,10,241600,152871,89
bootstrap_CT_s70,ruler4k/ruler_4096_niah_multiquery_p0293,niah_multiquery,42,42cee0d9bcf07b284dea36a84610ce8eacd037e5da27b880199575aa15909544,1.0,15,362400,241695,89
bootstrap_CT_s70,ruler4k/ruler_4096_niah_multiquery_p0268,niah_multiquery,42,12e8eabb09dfb861ca9ef3383dc04a81adaf4050c502abdebbfb61c58afacc90,1.0,48,1236480,866092,89
bootstrap_CT_s70,ruler4k/ruler_4096_niah_multiquery_p0273,niah_multiquery,42,561df18acab190c49616d28217638902060fe1a4b0f3aba3eaa0a587cf015a0a,1.0,30,772800,515135,85
bootstrap_CT_s70,ruler4k/ruler_4096_niah_multiquery_p0252,niah_multiquery,42,e9e6216e984840a8ae40adb72219eac5190bfbbe72b8156a8933b52e10836e9b,1.0,48,1159680,807799,88
bootstrap_CT_s70,ruler4k/ruler_4096_niah_multiquery_p0266,niah_multiquery,42,74cbb1f7d07b7a148b8d78375d5d0cf013f8eb9e8b005f5af635cac28eb9b6b2,1.0,13,334880,223205,83
bootstrap_CT_s70,ruler4k/ruler_4096_niah_multiquery_p0298,niah_multiquery,42,73b299958b02347e43ae5a010343d9f79a81286767fa4328bd5248826e121beb,1.0,35,901600,632355,85
bootstrap_CT_s70,ruler4k/ruler_4096_niah_multiquery_p0264,niah_multiquery,42,d7c9f1221cd0d46c9c81dd74ef9bacbcb746734aa4e5e4e50c9ba36e70147889,1.0,35,845600,588958,86
bootstrap_CT_s70,ruler4k/ruler_4096_niah_multiquery_p0285,niah_multiquery,42,128d8f2fd3612e9f5ad3ff88451b44c429d77965a5c067f7608185298be544f7,1.0,46,1111360,780406,87
bootstrap_CT_s70,ruler4k/ruler_4096_vt_p0601,vt,42,1ede7e3b3443c1da90f87dcbae808b715151e2640fae7040cd470a50adff47bf,0.0,6,156480,97968,30
bootstrap_CT_s70,ruler4k/ruler_4096_vt_p0617,vt,42,87aea4b59ba3a6ec618d590d946c59a031df61f8d44e5f0be8e9525a6eccd336,0.0,48,1251840,838839,30
bootstrap_CT_s70,ruler4k/ruler_4096_vt_p0632,vt,42,5cb68cb1202f34f42296c6881510b2aca700e68c15043de09495cce28cac949c,0.0,4,104320,58060,30
bootstrap_CT_s70,ruler4k/ruler_4096_vt_p0618,vt,42,6c29d37fdba15c5fd2ad421103ecb98036162ec4b7435c06f3d3027f320c762d,0.0,19,495520,361593,30
bootstrap_CT_s70,ruler4k/ruler_4096_vt_p0603,vt,42,fe93b7aa159b81138de74e2be58b545f9b3f38aaf1119b6574944b4bb23c5fb1,0.0,5,130400,79253,30
bootstrap_CT_s70,ruler4k/ruler_4096_vt_p0624,vt,42,1e3f850af723b632f4d1eaab713c671a0ecfbc55d1284baae00b92865c0165da,0.0,4,104320,57340,30
bootstrap_CT_s70,ruler4k/ruler_4096_vt_p0607,vt,42,56b8fcd4e95162f8bcd8d7d3c9673315733632a084c7f0ff65cfe0a306019fb6,0.0,21,544320,397479,30
bootstrap_CT_s70,ruler4k/ruler_4096_vt_p0611,vt,42,6c6d7581df6c35f0e144bdbd5a81728a2a46452052bff2c0aa1414823c79ba21,0.0,6,152640,93298,30
bootstrap_CT_s70,ruler4k/ruler_4096_vt_p0623,vt,42,de3faf03d119ec292d87b818ebc27c76702806d4eacb19670dccc814d97242e6,0.0,4,104320,58307,30
bootstrap_CT_s70,ruler4k/ruler_4096_vt_p0620,vt,42,63626bade152cd74b6120a42fcc713e53c86518e77cf94b8bb05c941bd6eee4a,0.0,4,104320,58900,30
bootstrap_CT_s70,ruler4k/ruler_4096_cwe_p0045,cwe,42,bfcf4b52a0dd6646e7f1977825aed749da0db1624455550c7e4b0005d36bf4f6,1.0,45,1137600,790121,63
bootstrap_CT_s70,ruler4k/ruler_4096_cwe_p0014,cwe,42,6358699f441f11c7ee51c51d58e4013c22272ccbcc9d74cf9c224792227c9218,0.0,48,1221120,861020,3
bootstrap_CT_s70,ruler4k/ruler_4096_cwe_p0044,cwe,42,40da7d9a8dabc14ede9b3edd40572017ad91c060752fefb22d098b9e46a70569,0.5,48,1236480,840084,68
bootstrap_CT_s70,ruler4k/ruler_4096_cwe_p0005,cwe,42,a1ac0ee9b8d3d6fbfea8164480699498158e4f732b8f73fefd51e45c2af7798a,0.9,48,1213440,806781,103
bootstrap_CT_s70,ruler4k/ruler_4096_cwe_p0046,cwe,42,327255761be34b73002c16b49d33666ee697c40b80eb823e1ec9ee8d9d688038,1.0,37,953120,667817,63
bootstrap_CT_s70,ruler4k/ruler_4096_cwe_p0036,cwe,42,a37348e65d33b1a14bb87bbd15896f1be9a2d8a20397882f28e64026f4767bb2,1.0,39,1004640,699259,62
bootstrap_CT_s70,ruler4k/ruler_4096_cwe_p0038,cwe,42,3d23bf868a9c20165654f8a7cc1d021bec3d59e4480962a475a1787eeeef120f,1.0,35,896000,620001,61
bootstrap_CT_s70,ruler4k/ruler_4096_cwe_p0034,cwe,42,a2b5f9d437342694356a5bed5caa56516720c3c24209f10861dc66889f2cc4e5,1.0,33,850080,588752,62
bootstrap_CT_s70,ruler4k/ruler_4096_cwe_p0004,cwe,42,12780ec9ff7d288d30ed09b658dd44e997d76aa4e696983f3e4779e953fe8f04,1.0,34,870400,603396,62
bootstrap_CT_s70,ruler4k/ruler_4096_cwe_p0008,cwe,42,b81f61ad0d24a56feae85508d58c480040d0091f28c2682d5792bc97797325bd,1.0,28,721280,490975,62
bootstrap_CT_s70,ruler4k/ruler_4096_fwe_p0087,fwe,42,16fa298c7245985713964f55babd9941866cd9f502561a080f2e1da4e46a255f,0.6667000000000001,13,330720,236189,22
bootstrap_CT_s70,ruler4k/ruler_4096_fwe_p0096,fwe,42,57da086ecbea39898f7725d2a5594d0891924b1192f7cc832a39d3305048cdd9,1.0,4,101760,59505,24
bootstrap_CT_s70,ruler4k/ruler_4096_fwe_p0067,fwe,42,6a00968813b930890b9d8a8236d421df73bb5653893e13b5579b1396a9f7e2b8,1.0,8,204800,137553,22
bootstrap_CT_s70,ruler4k/ruler_4096_fwe_p0062,fwe,42,b9486e82e0a9970ff4f752085832989c02d3e0186e95a2b748bd9629e256facb,1.0,4,104320,61559,24
bootstrap_CT_s70,ruler4k/ruler_4096_fwe_p0088,fwe,42,8d120b2a4312ea91cd33c537f1cd10e6060c0a7e261052b2db531798e5e07bad,1.0,10,254400,177442,23
bootstrap_CT_s70,ruler4k/ruler_4096_fwe_p0052,fwe,42,5a6004725b0a53d258f50ef247b40ea89414457abad6c43ecc9bb49f74e1169c,1.0,24,610560,456934,24
bootstrap_CT_s70,ruler4k/ruler_4096_fwe_p0085,fwe,42,ce7fba76f73da72a29cb1a9eb674685845459dadf47bb1218e612954babad932,0.6667000000000001,18,460800,337085,23
bootstrap_CT_s70,ruler4k/ruler_4096_fwe_p0071,fwe,42,d843973080e5f93e1b39ce8cce5341d583b62b232342095ce6bf506321e01a94,1.0,13,334880,234381,23
bootstrap_CT_s70,ruler4k/ruler_4096_fwe_p0075,fwe,42,74dab99d0aab3c14e77ba11a0d77b82c8d75abe3d622688ef64ebbc34be1644e,1.0,7,176960,118209,21
bootstrap_CT_s70,ruler4k/ruler_4096_fwe_p0086,fwe,42,69670b27321fec6e735e4361d7b73c0920496cf79e1f424cff8d5a51ba3694fe,1.0,14,351680,256590,20
bootstrap_CT_s70,ruler4k/ruler_4096_qa_1_p0505,qa_1,42,dfc616957fca79c516c29b6044a180b83f077b296a3202eedafb4e31029e4a76,1.0,25,640000,469327,19
bootstrap_CT_s70,ruler4k/ruler_4096_qa_1_p0517,qa_1,42,a007c13dd1a196fb2ee764d65413cccb1d07b5cc996a33955f72923a68b3ee23,1.0,14,347200,241093,17
bootstrap_CT_s70,ruler4k/ruler_4096_qa_1_p0501,qa_1,42,852969255c427f2ca395afdce4e633ba40eb8fb5921817992fc643ba1ab16b6d,1.0,19,468160,336155,17
bootstrap_CT_s70,ruler4k/ruler_4096_qa_1_p0530,qa_1,42,a162c6477c6e6478fb97d42ec11716df2abc134feac1b5ec765622b9a358d3a2,1.0,13,326560,224372,8
bootstrap_CT_s70,ruler4k/ruler_4096_qa_1_p0509,qa_1,42,255353b20d8ffd2d962d5830853b81014b8e4e2ad113cbe116fe1b2754189273,1.0,10,251200,174948,8
bootstrap_CT_s70,ruler4k/ruler_4096_qa_1_p0549,qa_1,42,7d23ac5addd3206ea31de7705e76364b7d656d00cfd14354fa752b9e29579ae1,1.0,20,496000,358453,9
bootstrap_CT_s70,ruler4k/ruler_4096_qa_1_p0514,qa_1,42,fcc5d586ab237ca84d597be8cd62496aeaa4374406bcbf84b9300656fe7288ad,1.0,9,227520,153210,11
bootstrap_CT_s70,ruler4k/ruler_4096_qa_1_p0540,qa_1,42,333bb0dd8a9972c275fa9648978027c2a9fce7c10bb749106c0ccf25c0bb3612,1.0,5,111200,64244,10
bootstrap_CT_s70,ruler4k/ruler_4096_qa_1_p0547,qa_1,42,811492b67af1ca7b375cc9017391a98155b214f7e2bb59abef0a79f75c6d70bf,1.0,4,103680,60528,6
bootstrap_CT_s70,ruler4k/ruler_4096_qa_1_p0512,qa_1,42,660de8b61e41aa812403f334efcf909030631eb1e715a2764de1013981474ad5,1.0,3,74400,37397,8
bootstrap_CT_s70,ruler4k/ruler_4096_qa_2_p0579,qa_2,42,515a1c9665425cbaaa1ae73b35d7616c50164b5880b10ba16d2d3cb581db8077,1.0,5,121600,73886,9
bootstrap_CT_s70,ruler4k/ruler_4096_qa_2_p0588,qa_2,42,82a062b715ce57274a81267e8873b62e736b3d10889f90bdf3a43a3808af23aa,1.0,10,246400,167303,6
bootstrap_CT_s70,ruler4k/ruler_4096_qa_2_p0551,qa_2,42,0c9d305f8640e44a8eee5fc63f283e409133ef5725d62b81317698828faecec2,1.0,14,324800,216065,21
bootstrap_CT_s70,ruler4k/ruler_4096_qa_2_p0578,qa_2,42,cb4967b2c0e4b0770e147781ec0b71d6ef2bfbb2f4a21ae376e3f79d9db6d885,1.0,15,357600,241707,9
bootstrap_CT_s70,ruler4k/ruler_4096_qa_2_p0583,qa_2,42,1ad492cdc5f1ff709e7d4c315cf766a566cf50f947e2a5aaa951bda8035ea058,1.0,6,152640,99293,6
bootstrap_CT_s70,ruler4k/ruler_4096_qa_2_p0599,qa_2,42,5dfd7c7563dfc5e3f32396a60b8c9d9dbf1346a7780553e50810c9485a6a0adb,0.0,31,654720,438988,32
bootstrap_CT_s70,ruler4k/ruler_4096_qa_2_p0589,qa_2,42,827954e15839b8ac59fb7e394b606d5eee0fd6f268f8832105e952034e485b7e,0.0,21,520800,382489,6
bootstrap_CT_s70,ruler4k/ruler_4096_qa_2_p0559,qa_2,42,d55a6754a18b806b7b459ba27c9c9aaa785002acfcae3c2dde82d74ba0ac677a,1.0,15,369600,266813,6
bootstrap_CT_s70,ruler4k/ruler_4096_qa_2_p0577,qa_2,42,60904ecb62467215293c6410d8edf1c80f081dd77dd637ece0c13ab0080c001e,1.0,14,336000,231106,6
bootstrap_CT_s70,ruler4k/ruler_4096_qa_2_p0574,qa_2,42,a12ffe9225044b65b59b8c16d21eba0198d2f8d87f7e24e0ec2bc3b146b9d9c4,1.0,19,440800,316086,11
