split,new_max_protection,estimator,accumulation_rule,base_budget,total_tiles,baseline_skipped_tiles,additional_skipped_tiles,additional_physical_sparsity,downstream_work_reduction,unsafe_removals,unsafe_removal_rate,unsafe_wilson95_upper,new_max_removals,affected_masked_rows,mean_masked_relative_error,maximum_masked_relative_error,half_downstream_kernel_speedup,passes_offline_work_gate
calibration,all,oracle_relative_effect,sum,0.0010000000474974513,786432,285190,91,0.00011571248372395833,0.00018154903220400526,0,0.0,0.04050400392888021,0,9634,6.547282650770098e-05,0.000988890416920185,1.0000907827568628,False
calibration,all,oracle_relative_effect,sum,0.0020000000949949026,786432,285190,318,0.00040435791015625,0.0006344240905590513,0,0.0,0.011935873130733904,0,33514,0.0001627927416866271,0.0019945327658206224,1.0003173127006904,False
calibration,all,oracle_relative_effect,sum,0.004999999888241291,786432,285190,1273,0.0016187032063802083,0.0025396914065461394,0,0.0,0.0030085636663475367,0,133752,0.0004067787458601045,0.004990229383111,1.001271460261623,False
calibration,all,oracle_relative_effect,sum,0.009999999776482582,786432,285190,3486,0.00443267822265625,0.006954724464430355,2080,0.5966724039013196,0.6128421332826663,0,359614,0.0010316304044714734,0.009997586719691753,1.0034894964754684,False
calibration,all,oracle_relative_effect,sum,0.019999999552965164,786432,285190,8687,0.011046091715494791,0.017330949920397732,7135,0.8213422355243467,0.8292550534575817,0,872232,0.0026609605316015154,0.019997883588075638,1.008741221798818,False
calibration,all,oracle_relative_effect,sum,0.05000000074505806,786432,285190,20606,0.026201883951822918,0.04110988305050255,18841,0.9143453363098126,0.9180895736003589,0,2004360,0.005106689234048413,0.04999938979744911,1.0209863139819815,False
calibration,all,oracle_relative_effect,rss,0.0010000000474974513,786432,285190,105,0.000133514404296875,0.00020947965254308298,0,0.0,0.035294076929109894,0,11149,6.454722059114846e-05,0.000988890416920185,1.000104750797852,False
calibration,all,oracle_relative_effect,rss,0.0020000000949949026,786432,285190,389,0.0004946390787760416,0.0007760722365643741,0,0.0,0.009778649209342986,0,41283,0.0001542044827717766,0.0019945327658206224,1.0003881867487614,False
calibration,all,oracle_relative_effect,rss,0.004999999888241291,786432,285190,1692,0.0021514892578125,0.0033756149724085372,0,0.0,0.002265222848936313,0,180326,0.00039011360459870035,0.004990229383111,1.0016906609964908,False
calibration,all,oracle_relative_effect,rss,0.009999999776482582,786432,285190,4913,0.006247202555338542,0.009801652694706349,3027,0.6161204966415632,0.6296237008878031,0,516642,0.0009682361975176001,0.009997586719691753,1.004924962734482,False
calibration,all,oracle_relative_effect,rss,0.019999999552965164,786432,285190,13647,0.017353057861328125,0.027226369697670984,11661,0.8544735106616839,0.8602900624287129,0,1408745,0.0024196995668136624,0.019997883588075638,1.0138010612466968,False
calibration,all,oracle_relative_effect,rss,0.05000000074505806,786432,285190,40149,0.051052093505859375,0.08009903399954513,38119,0.9494383421753967,0.9515388336086911,0,4033005,0.005653694504444096,0.04999938979744911,1.0417203988216162,False
calibration,all,oracle_relative_effect,max,0.0010000000474974513,786432,285190,117,0.000148773193359375,0.00023342018426229246,0,0.0,0.03178924566273338,0,12305,6.618351872686081e-05,0.000988890416920185,1.0001167237149666,False
calibration,all,oracle_relative_effect,max,0.0020000000949949026,786432,285190,460,0.0005849202473958334,0.0009177203825696969,0,0.0,0.008281835846370746,0,49198,0.0001535501448284749,0.001997635466977954,1.0004590708406185,False
calibration,all,oracle_relative_effect,max,0.004999999888241291,786432,285190,2062,0.0026219685872395835,0.004113781367084163,0,0.0,0.0018595128896711462,0,220643,0.0004037024521326408,0.004990229383111,1.0020611302030544,False
calibration,all,oracle_relative_effect,max,0.009999999776482582,786432,285190,6425,0.008169809977213541,0.012818159691326745,4363,0.6790661478599221,0.6903712248180977,0,680799,0.0011155259503977009,0.009998872876167297,1.006450421109593,False
calibration,all,oracle_relative_effect,max,0.019999999552965164,786432,285190,23168,0.029459635416666668,0.04622118657255378,21106,0.9109979281767956,0.9145967134035692,0,2386640,0.004258366525312519,0.019999461248517036,1.0236573281759922,False
calibration,all,oracle_relative_effect,max,0.05000000074505806,786432,285190,92541,0.11767196655273438,0.18462339548561374,90479,0.9777179844609416,0.9786493078773063,0,9275029,0.010870356381018489,0.049999430775642395,1.101699776799206,False
calibration,all,online_relative_proxy,sum,0.0010000000474974513,786432,285190,0,0.0,0.0,0,0.0,1.0,0,0,0.0,0.0,1.0,False
calibration,all,online_relative_proxy,sum,0.0020000000949949026,786432,285190,14,1.7801920572916668e-05,2.7930620339077732e-05,0,0.0,0.2153108027376358,0,1573,0.00015068217195471,0.0019454577704891562,1.000013965505202,False
calibration,all,online_relative_proxy,sum,0.004999999888241291,786432,285190,120,0.000152587890625,0.00023940531719209484,0,0.0,0.031019166418703486,0,13464,0.0004926556776839668,0.0049181142821908,1.000119716989038,False
calibration,all,online_relative_proxy,sum,0.009999999776482582,786432,285190,701,0.0008913675944010416,0.0013985260612638206,504,0.7189728958630528,0.7509852294543694,0,77918,0.0013160837957765543,0.009993831627070904,1.000699752341575,False
calibration,all,online_relative_proxy,sum,0.019999999552965164,786432,285190,2928,0.00372314453125,0.005841489739487114,2666,0.9105191256830601,0.9203273063930647,0,316695,0.003036118674384074,0.019952353090047836,1.0029293006094706,False
calibration,all,online_relative_proxy,sum,0.05000000074505806,786432,285190,10150,0.012906392415364584,0.020249699745831354,9609,0.9466995073891625,0.950903003426157,0,1030134,0.005799868216251499,0.04994257539510727,1.0102284109987163,False
calibration,all,online_relative_proxy,rss,0.0010000000474974513,786432,285190,0,0.0,0.0,0,0.0,1.0,0,0,0.0,0.0,1.0,False
calibration,all,online_relative_proxy,rss,0.0020000000949949026,786432,285190,15,1.9073486328125e-05,2.9925664649011856e-05,0,0.0,0.20388330103584862,0,1688,0.00015369497330073638,0.0019454577704891562,1.0000149630562143,False
calibration,all,online_relative_proxy,rss,0.004999999888241291,786432,285190,139,0.00017674763997395834,0.0002773111590808432,0,0.0,0.026893164298442428,0,15618,0.0004679948373682552,0.0049181142821908,1.0001386748075762,False
calibration,all,online_relative_proxy,rss,0.009999999776482582,786432,285190,870,0.00110626220703125,0.0017356885496426875,606,0.696551724137931,0.7261824294597533,0,96996,0.0012436131033312652,0.009993831627070904,1.0008685980826946,False
calibration,all,online_relative_proxy,rss,0.019999999552965164,786432,285190,4276,0.005437215169270833,0.008530809469278313,3892,0.9101964452759589,0.9184015928677921,0,467738,0.0027097940062801667,0.019952353090047836,1.0042836763480156,False
calibration,all,online_relative_proxy,rss,0.05000000074505806,786432,285190,19621,0.024949391682942707,0.03914476440521744,18852,0.9608072983028388,0.9634335702172933,0,2055902,0.0053588998725608555,0.04994257539510727,1.0199631077779914,False
calibration,all,online_relative_proxy,max,0.0010000000474974513,786432,285190,0,0.0,0.0,0,0.0,1.0,0,0,0.0,0.0,1.0,False
calibration,all,online_relative_proxy,max,0.0020000000949949026,786432,285190,21,2.6702880859375e-05,4.1895930508616595e-05,0,0.0,0.154639018924847,0,2370,0.00012691451368248286,0.0019454577704891562,1.0000209484040807,False
calibration,all,online_relative_proxy,max,0.004999999888241291,786432,285190,198,0.00025177001953125,0.0003950187733669565,0,0.0,0.019032060326648184,0,22268,0.0004314581053735508,0.004933650139719248,1.0001975484043477,False
calibration,all,online_relative_proxy,max,0.009999999776482582,786432,285190,1266,0.00160980224609375,0.0025257260963766005,918,0.7251184834123223,0.7490025109600174,0,139445,0.001361279785629414,0.009993831627070904,1.0012644598878566,False
calibration,all,online_relative_proxy,max,0.019999999552965164,786432,285190,7756,0.009862263997395834,0.015473563667849063,7292,0.9401753481175864,0.9452386855043516,0,829164,0.004082606147605193,0.019952353090047836,1.007797106344649,False
calibration,all,online_relative_proxy,max,0.05000000074505806,786432,285190,48735,0.061969757080078125,0.09722848444463951,47902,0.9829075613009131,0.9840208470067711,0,4962169,0.009735855300564806,0.050259582698345184,1.0510983497754651,False
calibration,critical,oracle_relative_effect,sum,0.0010000000474974513,786432,285190,120,0.000152587890625,0.00023940531719209484,0,0.0,0.031019166418703486,30,10481,7.17699811161971e-05,0.0009984165662899613,1.000119716989038,False
calibration,critical,oracle_relative_effect,sum,0.0020000000949949026,786432,285190,434,0.0005518595377604166,0.0008658492305114097,0,0.0,0.008773629685596515,126,37411,0.00017111098824933808,0.001999419881030917,1.0004331121201537,False
calibration,critical,oracle_relative_effect,sum,0.004999999888241291,786432,285190,1864,0.0023701985677083335,0.0037187625937172065,0,0.0,0.002056630022078812,646,151577,0.00043486886671954925,0.004993048962205648,1.0018628450360776,False
calibration,critical,oracle_relative_effect,sum,0.009999999776482582,786432,285190,5218,0.006635030110677083,0.010410141209236256,3196,0.6124952088922959,0.6256264622350098,1957,407793,0.0010683701760810882,0.009997586719691753,1.005232305122204,False
calibration,critical,oracle_relative_effect,sum,0.019999999552965164,786432,285190,13024,0.016560872395833332,0.025983457092582027,10708,0.8221744471744472,0.8286459858949664,5150,989443,0.0026758597108034747,0.019997883588075638,1.013162735229317,False
calibration,critical,oracle_relative_effect,sum,0.05000000074505806,786432,285190,31125,0.039577484130859375,0.0620957541466996,28510,0.9159839357429719,0.9190147382936611,13483,2264559,0.00510295626470197,0.04999938979744911,1.0320427360018283,False
calibration,critical,oracle_relative_effect,rss,0.0010000000474974513,786432,285190,141,0.000179290771484375,0.0002813012477007114,0,0.0,0.026521818075925647,37,12307,7.31325651987859e-05,0.0009984165662899613,1.0001406704092313,False
calibration,critical,oracle_relative_effect,rss,0.0020000000949949026,786432,285190,534,0.00067901611328125,0.001065353661504822,0,0.0,0.0071423627868278435,152,46633,0.00016392824986696607,0.001999419881030917,1.0005329607265832,False
calibration,critical,oracle_relative_effect,rss,0.004999999888241291,786432,285190,2473,0.0031445821126302085,0.004933744578467088,0,0.0,0.0015509506298893956,804,206916,0.0004145739809489239,0.004993048962205648,1.0024729727972992,False
calibration,critical,oracle_relative_effect,rss,0.009999999776482582,786432,285190,7363,0.009362538655598959,0.014689511254044952,4622,0.6277332608990901,0.6387056614124783,2575,594131,0.0010038458670073127,0.009997586719691753,1.0073991002099243,False
calibration,critical,oracle_relative_effect,rss,0.019999999552965164,786432,285190,20204,0.025690714518229168,0.04030787523790903,17327,0.857602454959414,0.8623531281536411,7215,1610158,0.00243829958357539,0.019997883588075638,1.0205684733477216,False
calibration,critical,oracle_relative_effect,rss,0.05000000074505806,786432,285190,58087,0.07386144002278645,0.11588613883114345,55131,0.94911081653382,0.9508685326016637,21254,4542677,0.005615820986852476,0.04999938979744911,1.0615069721737787,False
calibration,critical,oracle_relative_effect,max,0.0010000000474974513,786432,285190,162,0.00020599365234375,0.00032319717820932805,0,0.0,0.023163440842904465,45,13785,7.538597854704717e-05,0.0009984165662899613,1.0001616247074294,False
calibration,critical,oracle_relative_effect,max,0.0020000000949949026,786432,285190,634,0.0008061726888020834,0.0012648580924982343,0,0.0,0.006022591927148485,174,55735,0.00016426006226663445,0.001999419881030917,1.0006328292658582,False
calibration,critical,oracle_relative_effect,max,0.004999999888241291,786432,285190,2999,0.0038134256998697915,0.005983137885492437,0,0.0,0.0012792746048613506,937,254006,0.0004346136318417748,0.004993048962205648,1.0030005452808197,False
calibration,critical,oracle_relative_effect,max,0.009999999776482582,786432,285190,9645,0.012264251708984375,0.019242202369314624,6646,0.689061689994816,0.6982225720906627,3220,792057,0.0011727787641992336,0.009998872876167297,1.0097145660071773,False
calibration,critical,oracle_relative_effect,max,0.019999999552965164,786432,285190,33097,0.04208501180013021,0.0660299815258897,30098,0.9093875577846935,0.9124328214723618,9929,2767085,0.004362267111063631,0.019999461248517036,1.0341421950160257,False
calibration,critical,oracle_relative_effect,max,0.05000000074505806,786432,285190,128475,0.16336441040039062,0.2563133177187865,125476,0.976656937147305,0.977468432158951,35934,10662876,0.011193608641596067,0.04999949038028717,1.1469950538266767,True
calibration,critical,online_relative_proxy,sum,0.0010000000474974513,786432,285190,0,0.0,0.0,0,0.0,1.0,0,0,0.0,0.0,1.0,False
calibration,critical,online_relative_proxy,sum,0.0020000000949949026,786432,285190,14,1.7801920572916668e-05,2.7930620339077732e-05,0,0.0,0.2153108027376358,0,1573,0.00015068217195471,0.0019454577704891562,1.000013965505202,False
calibration,critical,online_relative_proxy,sum,0.004999999888241291,786432,285190,120,0.000152587890625,0.00023940531719209484,0,0.0,0.031019166418703486,1,13464,0.0005039366225725006,0.0049181142821908,1.000119716989038,False
calibration,critical,online_relative_proxy,sum,0.009999999776482582,786432,285190,706,0.0008977254231770834,0.0014085012828134913,511,0.7237960339943342,0.7554992176473547,8,77899,0.0013204275220570505,0.009993831627070904,1.0007047469599053,False
calibration,critical,online_relative_proxy,sum,0.019999999552965164,786432,285190,3002,0.0038172403971354165,0.005989123018422239,2738,0.9120586275816123,0.9216701913316091,101,318246,0.0030475594237886886,0.019952353090047836,1.0030035558419261,False
calibration,critical,online_relative_proxy,sum,0.05000000074505806,786432,285190,11384,0.014475504557291666,0.022711584424290065,10812,0.94975404075896,0.9536174015573845,1532,1050143,0.005893425812512334,0.05018431693315506,1.0114862274240741,False
calibration,critical,online_relative_proxy,rss,0.0010000000474974513,786432,285190,0,0.0,0.0,0,0.0,1.0,0,0,0.0,0.0,1.0,False
calibration,critical,online_relative_proxy,rss,0.0020000000949949026,786432,285190,15,1.9073486328125e-05,2.9925664649011856e-05,0,0.0,0.20388330103584862,0,1688,0.00015369497330073638,0.0019454577704891562,1.0000149630562143,False
calibration,critical,online_relative_proxy,rss,0.004999999888241291,786432,285190,139,0.00017674763997395834,0.0002773111590808432,0,0.0,0.026893164298442428,1,15618,0.0004777199393005908,0.0049181142821908,1.0001386748075762,False
calibration,critical,online_relative_proxy,rss,0.009999999776482582,786432,285190,874,0.0011113484700520833,0.0017436687268824241,613,0.7013729977116705,0.7307792542128746,9,96859,0.0012479559291501219,0.009993831627070904,1.0008725951218538,False
calibration,critical,online_relative_proxy,rss,0.019999999552965164,786432,285190,4358,0.005541483561197917,0.008694403102692911,3975,0.9121156493804498,0.9201627527469128,115,468878,0.0027199525997017517,0.019952353090047836,1.0043661822254906,False
calibration,critical,online_relative_proxy,rss,0.05000000074505806,786432,285190,21207,0.026966094970703125,0.04230890468077296,20410,0.962418069505352,0.9648951057378806,2017,2080845,0.005390720596907656,0.05018431693315506,1.0216116346352764,False
calibration,critical,online_relative_proxy,max,0.0010000000474974513,786432,285190,0,0.0,0.0,0,0.0,1.0,0,0,0.0,0.0,1.0,False
calibration,critical,online_relative_proxy,max,0.0020000000949949026,786432,285190,21,2.6702880859375e-05,4.1895930508616595e-05,0,0.0,0.154639018924847,0,2370,0.00012691451368248286,0.0019454577704891562,1.0000209484040807,False
calibration,critical,online_relative_proxy,max,0.004999999888241291,786432,285190,199,0.0002530415852864583,0.0003970138176768906,0,0.0,0.018938233056634942,1,22386,0.0004383530340963797,0.004933650139719248,1.0001985463216552,False
calibration,critical,online_relative_proxy,max,0.009999999776482582,786432,285190,1276,0.0016225179036458333,0.002545676539475942,927,0.7264890282131662,0.7502401548142591,10,139902,0.0013665311096812444,0.009993831627070904,1.0012744604517743,False
calibration,critical,online_relative_proxy,max,0.019999999552965164,786432,285190,7961,0.010122934977213541,0.01588254775138556,7491,0.9409621906795629,0.9459300772471928,205,838639,0.004123095742292556,0.019952353090047836,1.0080048425224957,False
calibration,critical,online_relative_proxy,max,0.05000000074505806,786432,285190,54156,0.0688629150390625,0.1080436196487924,53266,0.9835659945343083,0.9846029824075855,5421,5166175,0.010006289206598176,0.050259582698345184,1.0571068237993606,False
calibration,masked,oracle_relative_effect,sum,0.0010000000474974513,786432,285190,120,0.000152587890625,0.00023940531719209484,0,0.0,0.031019166418703486,30,10481,7.17699811161971e-05,0.0009984165662899613,1.000119716989038,False
calibration,masked,oracle_relative_effect,sum,0.0020000000949949026,786432,285190,434,0.0005518595377604166,0.0008658492305114097,0,0.0,0.008773629685596515,126,37411,0.00017111098824933808,0.001999419881030917,1.0004331121201537,False
calibration,masked,oracle_relative_effect,sum,0.004999999888241291,786432,285190,1868,0.0023752848307291665,0.003726742770956943,0,0.0,0.002052235141278652,652,151930,0.0004352752183765828,0.004993048962205648,1.0018668500203873,False
calibration,masked,oracle_relative_effect,sum,0.009999999776482582,786432,285190,5231,0.006651560465494792,0.0104360767852654,3205,0.612693557637163,0.6258072115974457,1973,408581,0.0010716580193848334,0.009997586719691753,1.0052454091389045,False
calibration,masked,oracle_relative_effect,sum,0.019999999552965164,786432,285190,13053,0.016597747802734375,0.026041313377570117,10729,0.8219566383206925,0.828424299008044,5203,990960,0.0026745250406459173,0.019997883588075638,1.0131924308011373,False
calibration,masked,oracle_relative_effect,sum,0.05000000074505806,786432,285190,31147,0.03960545857747396,0.06213964512151815,28523,0.9157543262593508,0.9187879235384111,13646,2263829,0.005107777260486546,0.04999938979744911,1.0320661109378104,False
calibration,masked,oracle_relative_effect,rss,0.0010000000474974513,786432,285190,141,0.000179290771484375,0.0002813012477007114,0,0.0,0.026521818075925647,37,12307,7.31325651987859e-05,0.0009984165662899613,1.0001406704092313,False
calibration,masked,oracle_relative_effect,rss,0.0020000000949949026,786432,285190,534,0.00067901611328125,0.001065353661504822,0,0.0,0.0071423627868278435,152,46633,0.00016392824986696607,0.001999419881030917,1.0005329607265832,False
calibration,masked,oracle_relative_effect,rss,0.004999999888241291,786432,285190,2476,0.0031483968098958335,0.0049397297113968905,0,0.0,0.0015490743599878994,813,207063,0.00041521971359476475,0.004993048962205648,1.0024759801921586,False
calibration,masked,oracle_relative_effect,rss,0.009999999776482582,786432,285190,7392,0.0093994140625,0.014747367539033041,4642,0.6279761904761905,0.6389255976570933,2609,595853,0.0010067521606612936,0.009997586719691753,1.0074284588761642,False
calibration,masked,oracle_relative_effect,rss,0.019999999552965164,786432,285190,20263,0.025765736897786457,0.04042558285219515,17378,0.8576222671864976,0.8623658350284038,7304,1613332,0.002440231784542121,0.019997883588075638,1.0206297768017585,False
calibration,masked,oracle_relative_effect,rss,0.05000000074505806,786432,285190,58218,0.07402801513671875,0.11614748963574481,55252,0.9490535573190422,0.9508102813968663,21611,4548837,0.005615578640498793,0.04999938979744911,1.0616542372594164,False
calibration,masked,oracle_relative_effect,max,0.0010000000474974513,786432,285190,162,0.00020599365234375,0.00032319717820932805,0,0.0,0.023163440842904465,45,13785,7.538597854704717e-05,0.0009984165662899613,1.0001616247074294,False
calibration,masked,oracle_relative_effect,max,0.0020000000949949026,786432,285190,634,0.0008061726888020834,0.0012648580924982343,0,0.0,0.006022591927148485,174,55735,0.00016426006226663445,0.001999419881030917,1.0006328292658582,False
calibration,masked,oracle_relative_effect,max,0.004999999888241291,786432,285190,3009,0.003826141357421875,0.006003088328591778,0,0.0,0.001275028531437487,947,254783,0.0004359170741090358,0.004993048962205648,1.0030105805547913,False
calibration,masked,oracle_relative_effect,max,0.009999999776482582,786432,285190,9690,0.01232147216796875,0.01933197936326166,6681,0.6894736842105263,0.6986099357279444,3265,795040,0.0011755360342667106,0.009998872876167297,1.0097603329593048,False
calibration,masked,oracle_relative_effect,max,0.019999999552965164,786432,285190,33334,0.042386372884114586,0.06650280702734408,30325,0.9097318053638928,0.9127610760439657,10166,2783982,0.004383604780922469,0.019999461248517036,1.0343950884795956,False
calibration,masked,oracle_relative_effect,max,0.05000000074505806,786432,285190,129620,0.16482035319010416,0.2585976434536611,126611,0.9767859898163863,0.9775917299692359,37079,10743591,0.011244109688128622,0.04999949038028717,1.1484996517212303,True
calibration,masked,online_relative_proxy,sum,0.0010000000474974513,786432,285190,0,0.0,0.0,0,0.0,1.0,0,0,0.0,0.0,1.0,False
calibration,masked,online_relative_proxy,sum,0.0020000000949949026,786432,285190,14,1.7801920572916668e-05,2.7930620339077732e-05,0,0.0,0.2153108027376358,0,1573,0.00015068217195471,0.0019454577704891562,1.000013965505202,False
calibration,masked,online_relative_proxy,sum,0.004999999888241291,786432,285190,120,0.000152587890625,0.00023940531719209484,0,0.0,0.031019166418703486,1,13464,0.0005039366225725006,0.0049181142821908,1.000119716989038,False
calibration,masked,online_relative_proxy,sum,0.009999999776482582,786432,285190,706,0.0008977254231770834,0.0014085012828134913,511,0.7237960339943342,0.7554992176473547,8,77899,0.0013204275220570505,0.009993831627070904,1.0007047469599053,False
calibration,masked,online_relative_proxy,sum,0.019999999552965164,786432,285190,3002,0.0038172403971354165,0.005989123018422239,2738,0.9120586275816123,0.9216701913316091,101,318246,0.0030475594237886886,0.019952353090047836,1.0030035558419261,False
calibration,masked,online_relative_proxy,sum,0.05000000074505806,786432,285190,11384,0.014475504557291666,0.022711584424290065,10812,0.94975404075896,0.9536174015573845,1537,1050048,0.0058925140907894686,0.05018431693315506,1.0114862274240741,False
calibration,masked,online_relative_proxy,rss,0.0010000000474974513,786432,285190,0,0.0,0.0,0,0.0,1.0,0,0,0.0,0.0,1.0,False
calibration,masked,online_relative_proxy,rss,0.0020000000949949026,786432,285190,15,1.9073486328125e-05,2.9925664649011856e-05,0,0.0,0.20388330103584862,0,1688,0.00015369497330073638,0.0019454577704891562,1.0000149630562143,False
calibration,masked,online_relative_proxy,rss,0.004999999888241291,786432,285190,139,0.00017674763997395834,0.0002773111590808432,0,0.0,0.026893164298442428,1,15618,0.0004777199393005908,0.0049181142821908,1.0001386748075762,False
calibration,masked,online_relative_proxy,rss,0.009999999776482582,786432,285190,874,0.0011113484700520833,0.0017436687268824241,613,0.7013729977116705,0.7307792542128746,9,96859,0.0012479559291501219,0.009993831627070904,1.0008725951218538,False
calibration,masked,online_relative_proxy,rss,0.019999999552965164,786432,285190,4358,0.005541483561197917,0.008694403102692911,3975,0.9121156493804498,0.9201627527469128,115,468878,0.0027199525997017517,0.019952353090047836,1.0043661822254906,False
calibration,masked,online_relative_proxy,rss,0.05000000074505806,786432,285190,21210,0.02696990966796875,0.04231488981370276,20413,0.9624233851956624,0.9649000772324168,2024,2081093,0.005390115713495414,0.05018431693315506,1.0216147579575123,False
calibration,masked,online_relative_proxy,max,0.0010000000474974513,786432,285190,0,0.0,0.0,0,0.0,1.0,0,0,0.0,0.0,1.0,False
calibration,masked,online_relative_proxy,max,0.0020000000949949026,786432,285190,21,2.6702880859375e-05,4.1895930508616595e-05,0,0.0,0.154639018924847,0,2370,0.00012691451368248286,0.0019454577704891562,1.0000209484040807,False
calibration,masked,online_relative_proxy,max,0.004999999888241291,786432,285190,199,0.0002530415852864583,0.0003970138176768906,0,0.0,0.018938233056634942,1,22386,0.0004383530340963797,0.004933650139719248,1.0001985463216552,False
calibration,masked,online_relative_proxy,max,0.009999999776482582,786432,285190,1276,0.0016225179036458333,0.002545676539475942,927,0.7264890282131662,0.7502401548142591,10,139902,0.0013665311096812444,0.009993831627070904,1.0012744604517743,False
calibration,masked,online_relative_proxy,max,0.019999999552965164,786432,285190,7962,0.01012420654296875,0.015884542795695494,7492,0.9409696056267269,0.9459368853349237,206,838706,0.004123433917770116,0.019952353090047836,1.0080058560796041,False
calibration,masked,online_relative_proxy,max,0.05000000074505806,786432,285190,54252,0.0689849853515625,0.10823514390254607,53361,0.9835766423357665,0.9846124003542854,5517,5172065,0.010014573717182361,0.050259582698345184,1.0572138464004588,False
calibration,none,oracle_relative_effect,sum,0.0010000000474974513,786432,285190,212,0.0002695719401041667,0.00042294939370603424,0,0.0,0.017797594779441046,126,17370,6.870383221116432e-05,0.0009984165662899613,1.0002115194278598,False
calibration,none,oracle_relative_effect,sum,0.0020000000949949026,786432,285190,672,0.0008544921875,0.001340669776275731,0,0.0,0.005683964442485163,405,55031,0.0001679537937472431,0.001999419881030917,1.0006707845384164,False
calibration,none,oracle_relative_effect,sum,0.004999999888241291,786432,285190,2730,0.00347137451171875,0.005446470966120157,0,0.0,0.0014051505467881915,1773,212590,0.0004421322593409362,0.004992441274225712,1.0027306717452493,False
calibration,none,oracle_relative_effect,sum,0.009999999776482582,786432,285190,7267,0.009240468343098959,0.014497987000291276,4320,0.5944681436631347,0.6057041477639603,4913,550040,0.0010370040346110508,0.009998582303524017,1.0073019251077906,False
calibration,none,oracle_relative_effect,sum,0.019999999552965164,786432,285190,16641,0.021160125732421875,0.03319953236161375,13250,0.7962261883300282,0.8022774891434435,11816,1221661,0.0025155741693426346,0.019998515024781227,1.0168799697314885,False
calibration,none,oracle_relative_effect,sum,0.05000000074505806,786432,285190,37620,0.0478363037109375,0.07505356693972173,33548,0.8917597022860181,0.8948592730409062,30077,2621309,0.004815697044673502,0.04999938979744911,1.0389899509153622,False
calibration,none,oracle_relative_effect,rss,0.0010000000474974513,786432,285190,270,0.00034332275390625,0.0005386619636822134,0,0.0,0.014028039571646583,169,21585,6.911809670484633e-05,0.0009984165662899613,1.0002694035405613,False
calibration,none,oracle_relative_effect,rss,0.0020000000949949026,786432,285190,896,0.0011393229166666667,0.0017875597017009749,0,0.0,0.004269039599185204,545,73478,0.00016198059738956337,0.001999419881030917,1.0008945794079003,False
calibration,none,oracle_relative_effect,rss,0.004999999888241291,786432,285190,4053,0.005153656005859375,0.008085914588163002,0,0.0,0.0009469087859821912,2573,320069,0.00041891231093588437,0.004992441274225712,1.0040593691501967,False
calibration,none,oracle_relative_effect,rss,0.009999999776482582,786432,285190,11742,0.01493072509765625,0.02342581028724648,7062,0.6014307613694431,0.6102518793484556,7694,901447,0.0009596003722418468,0.009998582303524017,1.0118517232538844,False
calibration,none,oracle_relative_effect,rss,0.019999999552965164,786432,285190,30744,0.039093017578125,0.061335642264614694,25629,0.8336260733801717,0.8377472426411391,20536,2312646,0.0021976356237670956,0.019998515024781227,1.031638092493877,False
calibration,none,oracle_relative_effect,rss,0.05000000074505806,786432,285190,84996,0.1080780029296875,0.1695707861671608,79622,0.9367734952233047,0.9383899600849951,60542,6230332,0.004910541114013057,0.04999938979744911,1.0926399037371606,False
calibration,none,oracle_relative_effect,max,0.0010000000474974513,786432,285190,322,0.0004094441731770833,0.0006424042677987878,0,0.0,0.011789349441895376,205,25641,7.039956306721632e-05,0.0009984165662899613,1.0003213053378595,False
calibration,none,oracle_relative_effect,max,0.0020000000949949026,786432,285190,1134,0.00144195556640625,0.002262380247465296,0,0.0,0.0033760932078143583,674,92645,0.00016260303540326034,0.001999419881030917,1.0011324711639287,False
calibration,none,oracle_relative_effect,max,0.004999999888241291,786432,285190,5511,0.007007598876953125,0.010994689192046955,0,0.0,0.0006965674080348978,3449,430958,0.00045313832446559996,0.004997473210096359,1.0055277324461145,False
calibration,none,oracle_relative_effect,max,0.009999999776482582,786432,285190,17807,0.022642771402994793,0.03552575402699694,12296,0.690514966024597,0.6972631005600107,11382,1362953,0.001140143224735645,0.00999931525439024,1.0180841027057603,False
calibration,none,oracle_relative_effect,max,0.019999999552965164,786432,285190,56976,0.07244873046875,0.11366964460280662,51465,0.9032750631844987,0.9056750103906696,33808,4428276,0.0038078363180899795,0.019999461248517036,1.060259669934046,False
calibration,none,oracle_relative_effect,max,0.05000000074505806,786432,285190,211403,0.2688128153483073,0.42175835225300357,205892,0.9739313065566714,0.9746019723510261,118862,16315718,0.010658084964221317,0.04999968409538269,1.2672330646292858,True
calibration,none,online_relative_proxy,sum,0.0010000000474974513,786432,285190,0,0.0,0.0,0,0.0,1.0,0,0,0.0,0.0,1.0,False
calibration,none,online_relative_proxy,sum,0.0020000000949949026,786432,285190,14,1.7801920572916668e-05,2.7930620339077732e-05,0,0.0,0.2153108027376358,0,1573,0.00015068217195471,0.0019454577704891562,1.000013965505202,False
calibration,none,online_relative_proxy,sum,0.004999999888241291,786432,285190,120,0.000152587890625,0.00023940531719209484,0,0.0,0.031019166418703486,1,13464,0.0005039366225725006,0.0049181142821908,1.000119716989038,False
calibration,none,online_relative_proxy,sum,0.009999999776482582,786432,285190,706,0.0008977254231770834,0.0014085012828134913,511,0.7237960339943342,0.7554992176473547,8,77899,0.0013204275220570505,0.009993831627070904,1.0007047469599053,False
calibration,none,online_relative_proxy,sum,0.019999999552965164,786432,285190,3004,0.0038197835286458335,0.005993113107042107,2740,0.9121171770972037,0.9217225989626792,104,318424,0.0030490984052867283,0.019952353090047836,1.0030055628927042,False
calibration,none,online_relative_proxy,sum,0.05000000074505806,786432,285190,11415,0.014514923095703125,0.022773430797898023,10838,0.9494524748138414,0.9533222433056989,1656,1050575,0.005889843503673925,0.05018431693315506,1.0115178660617978,False
calibration,none,online_relative_proxy,rss,0.0010000000474974513,786432,285190,0,0.0,0.0,0,0.0,1.0,0,0,0.0,0.0,1.0,False
calibration,none,online_relative_proxy,rss,0.0020000000949949026,786432,285190,15,1.9073486328125e-05,2.9925664649011856e-05,0,0.0,0.20388330103584862,0,1688,0.00015369497330073638,0.0019454577704891562,1.0000149630562143,False
calibration,none,online_relative_proxy,rss,0.004999999888241291,786432,285190,139,0.00017674763997395834,0.0002773111590808432,0,0.0,0.026893164298442428,1,15618,0.0004777199393005908,0.0049181142821908,1.0001386748075762,False
calibration,none,online_relative_proxy,rss,0.009999999776482582,786432,285190,874,0.0011113484700520833,0.0017436687268824241,613,0.7013729977116705,0.7307792542128746,9,96859,0.0012479559291501219,0.009993831627070904,1.0008725951218538,False
calibration,none,online_relative_proxy,rss,0.019999999552965164,786432,285190,4361,0.005545298258463542,0.008700388235622714,3978,0.9121761063976153,0.9202179034588291,119,469167,0.0027228488503046495,0.019952353090047836,1.0043692009902587,False
calibration,none,online_relative_proxy,rss,0.05000000074505806,786432,285190,21254,0.027025858561197918,0.042402671763339866,20452,0.9622659264138516,0.9647453034797387,2181,2082369,0.005379703989999446,0.05018431693315506,1.021660568877837,False
calibration,none,online_relative_proxy,max,0.0010000000474974513,786432,285190,0,0.0,0.0,0,0.0,1.0,0,0,0.0,0.0,1.0,False
calibration,none,online_relative_proxy,max,0.0020000000949949026,786432,285190,21,2.6702880859375e-05,4.1895930508616595e-05,0,0.0,0.154639018924847,0,2370,0.00012691451368248286,0.0019454577704891562,1.0000209484040807,False
calibration,none,online_relative_proxy,max,0.004999999888241291,786432,285190,199,0.0002530415852864583,0.0003970138176768906,0,0.0,0.018938233056634942,1,22386,0.0004383530340963797,0.004933650139719248,1.0001985463216552,False
calibration,none,online_relative_proxy,max,0.009999999776482582,786432,285190,1276,0.0016225179036458333,0.002545676539475942,927,0.7264890282131662,0.7502401548142591,10,139902,0.0013665311096812444,0.009993831627070904,1.0012744604517743,False
calibration,none,online_relative_proxy,max,0.019999999552965164,786432,285190,7972,0.010136922200520834,0.015904493238794833,7502,0.9410436527847467,0.9460048720324455,216,839434,0.004130315151028382,0.019952353090047836,1.0080159917627942,False
calibration,none,online_relative_proxy,max,0.05000000074505806,786432,285190,56212,0.07147725423177083,0.11214543075001696,55316,0.9840603429872625,0.9850631002828114,7477,5303874,0.01034218855858952,0.050259582698345184,1.0594036387000778,False
heldout,all,oracle_relative_effect,sum,0.0010000000474974513,786432,220192,121,0.00015385945638020834,0.00021369030799660922,0,0.0,0.03077069794747827,0,13039,8.39904714457517e-05,0.000998126924969256,1.000106856571105,False
heldout,all,oracle_relative_effect,sum,0.0020000000949949026,786432,220192,379,0.0004819234212239583,0.0006693274936422719,0,0.0,0.010034072152288222,0,40268,0.00015205966734825184,0.0019999281503260136,1.0003347757841394,False
heldout,all,oracle_relative_effect,sum,0.004999999888241291,786432,220192,1680,0.00213623046875,0.00296693981350664,0,0.0,0.00228136609926718,0,173151,0.00043418090279428686,0.0049987128004431725,1.0014856738592146,False
heldout,all,oracle_relative_effect,sum,0.009999999776482582,786432,220192,4323,0.005496978759765625,0.0076345719129697655,2506,0.5796900300717095,0.5943271700623901,0,435744,0.0009386366505975724,0.009996592067182064,1.0038319134659448,False
heldout,all,oracle_relative_effect,sum,0.019999999552965164,786432,220192,9935,0.012633005777994791,0.017545563718564566,7812,0.7863110216406644,0.7942598836856936,0,977829,0.0024037834081524823,0.019999731332063675,1.0088504247045775,False
heldout,all,oracle_relative_effect,sum,0.05000000074505806,786432,220192,23434,0.029797871907552082,0.041385278327211075,20842,0.8893914824613809,0.8933435798669496,0,2246662,0.004649639357105839,0.04999804124236107,1.021129871980062,False
heldout,all,oracle_relative_effect,rss,0.0010000000474974513,786432,220192,172,0.00021870930989583334,0.00030375812376377505,0,0.0,0.0218461496307948,0,18618,7.58747302682766e-05,0.000998126924969256,1.0001519021326353,False
heldout,all,oracle_relative_effect,rss,0.0020000000949949026,786432,220192,556,0.0007069905598958334,0.0009819157954224357,0,0.0,0.006861690502139942,0,59711,0.00014991002062367148,0.0019999281503260136,1.000491199055767,False
heldout,all,oracle_relative_effect,rss,0.004999999888241291,786432,220192,2515,0.0031979878743489585,0.004441579542243571,0,0.0,0.001525089563395019,0,264045,0.0004129632427207322,0.0049987128004431725,1.0022257326554362,False
heldout,all,oracle_relative_effect,rss,0.009999999776482582,786432,220192,6949,0.008836110432942709,0.012272181407177169,4018,0.5782126924737372,0.589777562697935,0,716770,0.0008725670054713977,0.009996592067182064,1.006173974772796,False
heldout,all,oracle_relative_effect,rss,0.019999999552965164,786432,220192,17373,0.022090911865234375,0.03068133653574456,14151,0.8145398031428078,0.8202495736426615,0,1760579,0.0021211181654424535,0.019999731332063675,1.0155796708297948,False
heldout,all,oracle_relative_effect,rss,0.05000000074505806,786432,220192,48363,0.061496734619140625,0.08541077988132241,44969,0.9298223848810041,0.9320650336637497,0,4791242,0.00504862579405023,0.04999804124236107,1.0446104986823377,False
heldout,all,oracle_relative_effect,max,0.0010000000474974513,786432,220192,223,0.0002835591634114583,0.00039382593953094094,0,0.0,0.016934553501221267,0,24189,8.301254647032262e-05,0.000998126924969256,1.0001969517521199,False
heldout,all,oracle_relative_effect,max,0.0020000000949949026,786432,220192,707,0.0008989969889322916,0.0012485871715173778,0,0.0,0.005404100693658489,0,76421,0.0001591632030962424,0.0019999281503260136,1.0006246835717056,False
heldout,all,oracle_relative_effect,max,0.004999999888241291,786432,220192,3448,0.004384358723958333,0.0060892907601017236,0,0.0,0.0011128723223593653,0,365417,0.0004414502821041765,0.0049987128004431725,1.003053943555187,False
heldout,all,oracle_relative_effect,max,0.009999999776482582,786432,220192,10201,0.012971242268880209,0.01801532918903645,6753,0.6619939221644937,0.6711108521547232,0,1066052,0.0010589306269547388,0.009999187663197517,1.009089540123267,False
heldout,all,oracle_relative_effect,max,0.019999999552965164,786432,220192,29905,0.03802617390950521,0.052813294716021475,26457,0.8847015549239258,0.8882720634823629,0,3065883,0.00352626015287453,0.019999999552965164,1.0271228714599914,False
heldout,all,oracle_relative_effect,max,0.05000000074505806,786432,220192,99434,0.1264368693033854,0.175603984176321,95986,0.9653237323249593,0.9664430668630243,0,9909876,0.009716046073151461,0.04999958723783493,1.0962532162168965,False
heldout,all,online_relative_proxy,sum,0.0010000000474974513,786432,220192,1,1.2715657552083333e-06,1.766035603277762e-06,0,0.0,0.7934506856227626,0,112,5.6810444220900536e-05,0.000748192542232573,1.0000008830185814,False
heldout,all,online_relative_proxy,sum,0.0020000000949949026,786432,220192,1,1.2715657552083333e-06,1.766035603277762e-06,0,0.0,0.7934506856227626,0,112,5.535088296580527e-05,0.0012149916728958488,1.0000008830185814,False
heldout,all,online_relative_proxy,sum,0.004999999888241291,786432,220192,59,7.502237955729167e-05,0.00010419610059338797,0,0.0,0.06112937052678839,0,6673,0.0005289358628399321,0.004960218910127878,1.000052100764645,False
heldout,all,online_relative_proxy,sum,0.009999999776482582,786432,220192,393,0.000499725341796875,0.0006940519920881605,269,0.6844783715012722,0.7284503895763481,0,44183,0.0011445261605918112,0.009883435443043709,1.0003471464648919,False
heldout,all,online_relative_proxy,sum,0.019999999552965164,786432,220192,2017,0.0025647481282552085,0.003562093811811246,1652,0.8190381755081805,0.8352279006679406,0,221260,0.0029646635173604156,0.019992906600236893,1.001784224693776,False
heldout,all,online_relative_proxy,sum,0.05000000074505806,786432,220192,8674,0.011029561360677084,0.015318592822831309,7805,0.8998155406963338,0.9059581519107683,0,884465,0.006031304483988488,0.05003642663359642,1.0077184140323152,False
heldout,all,online_relative_proxy,rss,0.0010000000474974513,786432,220192,1,1.2715657552083333e-06,1.766035603277762e-06,0,0.0,0.7934506856227626,0,112,5.6810444220900536e-05,0.000748192542232573,1.0000008830185814,False
heldout,all,online_relative_proxy,rss,0.0020000000949949026,786432,220192,2,2.5431315104166665e-06,3.532071206555524e-06,0,0.0,0.6576197724933469,0,224,5.608066359335291e-05,0.0012149916728958488,1.0000017660387222,False
heldout,all,online_relative_proxy,rss,0.004999999888241291,786432,220192,73,9.282430013020833e-05,0.00012892059903927663,0,0.0,0.0499920079557311,0,8250,0.000500571348337513,0.004960218910127878,1.0000644644549177,False
heldout,all,online_relative_proxy,rss,0.009999999776482582,786432,220192,481,0.0006116231282552084,0.0008494631251766035,320,0.6652806652806653,0.7059955749709388,0,54131,0.001093537573970618,0.009883435443043709,1.0004249120361413,False
heldout,all,online_relative_proxy,rss,0.019999999552965164,786432,220192,2813,0.0035769144694010415,0.004967858152020345,2307,0.8201208674013508,0.833874938442219,0,311149,0.002640787996704599,0.019992906600236893,1.0024901143434304,False
heldout,all,online_relative_proxy,rss,0.05000000074505806,786432,220192,15722,0.019991556803385418,0.027765611754732977,14336,0.9118432769367765,0.9161750926904881,0,1649850,0.005574267434937975,0.05003642663359642,1.014078251510175,False
heldout,all,online_relative_proxy,max,0.0010000000474974513,786432,220192,2,2.5431315104166665e-06,3.532071206555524e-06,0,0.0,0.6576197724933469,0,224,5.270161117160959e-05,0.0008036642102524638,1.0000017660387222,False
heldout,all,online_relative_proxy,max,0.0020000000949949026,786432,220192,8,1.0172526041666666e-05,1.4128284826222096e-05,0,0.0,0.32440756488388023,0,896,7.001719547718364e-05,0.0012149916728958488,1.0000070641923156,False
heldout,all,online_relative_proxy,max,0.004999999888241291,786432,220192,94,0.00011952718098958333,0.00016600734670810965,0,0.0,0.03926207629154474,0,10625,0.00047482772447607097,0.004960218910127878,1.0000830105635357,False
heldout,all,online_relative_proxy,max,0.009999999776482582,786432,220192,707,0.0008989969889322916,0.0012485871715173778,495,0.7001414427157001,0.7327603791864385,0,78530,0.0013619840694040531,0.00996030867099762,1.0006246835717056,False
heldout,all,online_relative_proxy,max,0.019999999552965164,786432,220192,4733,0.006018320719401042,0.008358646510313648,4142,0.8751320515529263,0.8842465646610311,0,511431,0.004108717180551321,0.020060231909155846,1.00419686330356,False
heldout,all,online_relative_proxy,max,0.05000000074505806,786432,220192,36420,0.0463104248046875,0.0643190166713761,34702,0.9528281164195497,0.9549581113873249,0,3742735,0.009785747172269786,0.05003642663359642,1.0332281079502947,False
heldout,critical,oracle_relative_effect,sum,0.0010000000474974513,786432,220192,148,0.00018819173177083334,0.00026137326928510877,0,0.0,0.025299143267784395,29,13932,8.703611362957458e-05,0.000998126924969256,1.0001307037158713,False
heldout,critical,oracle_relative_effect,sum,0.0020000000949949026,786432,220192,507,0.000644683837890625,0.0008953800508618254,0,0.0,0.007519865027326377,131,44365,0.00016079660625027272,0.0019999281503260136,1.0004478905415588,False
heldout,critical,oracle_relative_effect,sum,0.004999999888241291,786432,220192,2275,0.0028928120930989585,0.0040177309974569085,0,0.0,0.0016857069217452666,668,189551,0.000454488891859677,0.004998872056603432,1.0020129091624972,False
heldout,critical,oracle_relative_effect,sum,0.009999999776482582,786432,220192,6117,0.007778167724609375,0.010802839785250071,3631,0.59359162988393,0.6058376382533766,2067,484588,0.000992299357245922,0.009996592067182064,1.0054307536735492,False
heldout,critical,oracle_relative_effect,sum,0.019999999552965164,786432,220192,14274,0.01815032958984375,0.025208392201186775,11355,0.7955023118957545,0.8020390749935097,5225,1093438,0.0024791425246580255,0.019999731332063675,1.012765089795619,False
heldout,critical,oracle_relative_effect,sum,0.05000000074505806,786432,220192,34163,0.04344050089518229,0.06033307431477818,30607,0.895910780669145,0.8991046039045153,13796,2511481,0.004699633921044457,0.04999804124236107,1.0311048631679196,False
heldout,critical,oracle_relative_effect,rss,0.0010000000474974513,786432,220192,203,0.0002581278483072917,0.0003585052274653857,0,0.0,0.018571996361832828,34,19775,7.853859228431689e-05,0.000998126924969256,1.000179284750993,False
heldout,critical,oracle_relative_effect,rss,0.0020000000949949026,786432,220192,707,0.0008989969889322916,0.0012485871715173778,0,0.0,0.005404100693658489,160,64477,0.00015686996951642346,0.0019999281503260136,1.0006246835717056,False
heldout,critical,oracle_relative_effect,rss,0.004999999888241291,786432,220192,3371,0.004286448160807292,0.005953306018649336,0,0.0,0.001138263491060847,908,289889,0.00043271026426700443,0.004998872056603432,1.002985539925729,False
heldout,critical,oracle_relative_effect,rss,0.009999999776482582,786432,220192,9640,0.012257893880208334,0.017024583215597626,5716,0.5929460580912863,0.6027143085611744,2901,798356,0.0009207914082184014,0.009996592067182064,1.0085853728046739,False
heldout,critical,oracle_relative_effect,rss,0.019999999552965164,786432,220192,24878,0.031634012858072914,0.043935433738344166,20571,0.8268751507355897,0.8315261319342553,8311,1988948,0.0021905160194992594,0.019999731332063675,1.0224611367621221,False
heldout,critical,oracle_relative_effect,rss,0.05000000074505806,786432,220192,69913,0.0888989766438802,0.12346884713195819,65360,0.9348762032812209,0.9366814253779562,25158,5430090,0.005079697492315133,0.04999804124236107,1.0657963215496058,False
heldout,critical,oracle_relative_effect,max,0.0010000000474974513,786432,220192,260,0.0003306070963541667,0.00045916925685221815,0,0.0,0.014559724001923326,37,25631,8.528986872440878e-05,0.000998126924969256,1.0002296373496318,False
heldout,critical,oracle_relative_effect,max,0.0020000000949949026,786432,220192,903,0.001148223876953125,0.001594730149759819,0,0.0,0.004236086455166889,196,83179,0.00016741404146157623,0.0019999281503260136,1.0007980013733047,False
heldout,critical,oracle_relative_effect,max,0.004999999888241291,786432,220192,4616,0.005869547526041667,0.00815202034473015,0,0.0,0.0008315131276549766,1168,405026,0.0004654675135011303,0.004998872056603432,1.0040926920266982,False
heldout,critical,oracle_relative_effect,max,0.009999999776482582,786432,220192,14300,0.018183390299479168,0.025254309126871998,9684,0.6772027972027972,0.6848174231399798,4099,1209016,0.0011319122219842122,0.009999805130064487,1.0127886386807132,False
heldout,critical,oracle_relative_effect,max,0.019999999552965164,786432,220192,43392,0.05517578125,0.07663181689742865,38776,0.8936209439528023,0.8964871827078309,13487,3572342,0.0037757604286435863,0.019999999552965164,1.0398425104307458,False
heldout,critical,oracle_relative_effect,max,0.05000000074505806,786432,220192,145012,0.18439229329427084,0.2560963549025148,140396,0.9681681516012468,0.969059373531496,45578,11735642,0.010210640120766898,0.04999958723783493,1.146852353696525,True
heldout,critical,online_relative_proxy,sum,0.0010000000474974513,786432,220192,1,1.2715657552083333e-06,1.766035603277762e-06,0,0.0,0.7934506856227626,0,112,5.6810444220900536e-05,0.000748192542232573,1.0000008830185814,False
heldout,critical,online_relative_proxy,sum,0.0020000000949949026,786432,220192,1,1.2715657552083333e-06,1.766035603277762e-06,0,0.0,0.7934506856227626,0,112,5.535088296580527e-05,0.0012149916728958488,1.0000008830185814,False
heldout,critical,online_relative_proxy,sum,0.004999999888241291,786432,220192,60,7.62939453125e-05,0.00010596213619666572,0,0.0,0.06017185214208986,3,6693,0.0005641255991656684,0.004960218910127878,1.0000529838752408,False
heldout,critical,online_relative_proxy,sum,0.009999999776482582,786432,220192,401,0.0005098978678385416,0.0007081802769143826,273,0.6807980049875312,0.7245244295306157,9,44366,0.0011383472669557345,0.009883435443043709,1.0003542155626948,False
heldout,critical,online_relative_proxy,sum,0.019999999552965164,786432,220192,2109,0.002681732177734375,0.0037245690873128003,1732,0.8212422949265055,0.8370060557137036,118,223828,0.002998485123934019,0.019992906600236893,1.0018657591180242,False
heldout,critical,online_relative_proxy,sum,0.05000000074505806,786432,220192,9970,0.012677510579427084,0.017607374964679286,8996,0.9023069207622869,0.9079807743587769,1668,911401,0.006099335123811604,0.050146397203207016,1.0088818807850264,False
heldout,critical,online_relative_proxy,rss,0.0010000000474974513,786432,220192,1,1.2715657552083333e-06,1.766035603277762e-06,0,0.0,0.7934506856227626,0,112,5.6810444220900536e-05,0.000748192542232573,1.0000008830185814,False
heldout,critical,online_relative_proxy,rss,0.0020000000949949026,786432,220192,2,2.5431315104166665e-06,3.532071206555524e-06,0,0.0,0.6576197724933469,0,224,5.608066359335291e-05,0.0012149916728958488,1.0000017660387222,False
heldout,critical,online_relative_proxy,rss,0.004999999888241291,786432,220192,74,9.409586588541667e-05,0.00013068663464255439,0,0.0,0.049349779396386066,3,8270,0.0005291193768161348,0.004960218910127878,1.0000653475873496,False
heldout,critical,online_relative_proxy,rss,0.009999999776482582,786432,220192,489,0.000621795654296875,0.0008635914100028257,324,0.6625766871165644,0.703073290080025,13,54214,0.0010883886561119584,0.009883435443043709,1.0004319822330743,False
heldout,critical,online_relative_proxy,rss,0.019999999552965164,786432,220192,2912,0.0037027994791666665,0.005142695676744843,2397,0.8231456043956044,0.8365752282706425,136,313601,0.0026771684034652015,0.019992906600236893,1.0025779767132212,False
heldout,critical,online_relative_proxy,rss,0.05000000074505806,786432,220192,17282,0.021975199381510418,0.030520627295846283,15773,0.9126837171623655,0.9168013428942076,2137,1679116,0.005575961605931072,0.050146397203207016,1.0154967996714486,False
heldout,critical,online_relative_proxy,max,0.0010000000474974513,786432,220192,2,2.5431315104166665e-06,3.532071206555524e-06,0,0.0,0.6576197724933469,0,224,5.270161117160959e-05,0.0008036642102524638,1.0000017660387222,False
heldout,critical,online_relative_proxy,max,0.0020000000949949026,786432,220192,8,1.0172526041666666e-05,1.4128284826222096e-05,0,0.0,0.32440756488388023,0,896,7.001719547718364e-05,0.0012149916728958488,1.0000070641923156,False
heldout,critical,online_relative_proxy,max,0.004999999888241291,786432,220192,98,0.00012461344401041666,0.0001730714891212207,0,0.0,0.03771999012168061,4,10901,0.0005040106875091482,0.004960218910127878,1.0000865432336439,False
heldout,critical,online_relative_proxy,max,0.009999999776482582,786432,220192,740,0.0009409586588541666,0.001306866346425544,515,0.6959459459459459,0.7280070766082302,33,80510,0.0013878565626277333,0.00996030867099762,1.0006538604273065,False
heldout,critical,online_relative_proxy,max,0.019999999552965164,786432,220192,5031,0.006397247314453125,0.00888492512009042,4419,0.8783542039355993,0.8870991204811058,298,526107,0.004220488760044527,0.020060231909155846,1.004462286098972,False
heldout,critical,online_relative_proxy,max,0.05000000074505806,786432,220192,42888,0.054534912109375,0.07574173495337666,40992,0.9557918298824846,0.9576967684606806,6468,4027225,0.010286421616429441,0.050146397203207016,1.0393615224781385,False
heldout,masked,oracle_relative_effect,sum,0.0010000000474974513,786432,220192,149,0.00018946329752604166,0.0002631393048883865,0,0.0,0.025133617870009537,30,13944,8.712665173657238e-05,0.000998126924969256,1.0001315869652956,False
heldout,masked,oracle_relative_effect,sum,0.0020000000949949026,786432,220192,509,0.0006472269694010416,0.0008989121220683809,0,0.0,0.0074905387515427505,133,44397,0.00016119266692223006,0.0019999281503260136,1.0004496581626208,False
heldout,masked,oracle_relative_effect,sum,0.004999999888241291,786432,220192,2285,0.0029055277506510415,0.0040353913534896865,0,0.0,0.0016783420301524092,682,189901,0.00045522942346362563,0.004998872056603432,1.0020217750034286,False
heldout,masked,oracle_relative_effect,sum,0.009999999776482582,786432,220192,6154,0.007825215657552084,0.010868183102571347,3653,0.5935976600584986,0.6058069652372526,2117,485908,0.0009944888802696373,0.009996592067182064,1.0054637822442172,False
heldout,masked,oracle_relative_effect,sum,0.019999999552965164,786432,220192,14366,0.018267313639322918,0.02537086747668833,11436,0.7960462202422386,0.8025556077864279,5364,1096722,0.0024840430820691492,0.019999731332063675,1.012848421538412,False
heldout,masked,oracle_relative_effect,sum,0.05000000074505806,786432,220192,34382,0.043718973795572914,0.06071983611189601,30787,0.8954394741434472,0.898629749570352,14127,2519141,0.004697991363255855,0.04999804124236107,1.031310502341321,False
heldout,masked,oracle_relative_effect,rss,0.0010000000474974513,786432,220192,205,0.0002606709798177083,0.00036203729867194124,0,0.0,0.01839413899130202,36,19799,7.870958937638069e-05,0.000998126924969256,1.00018105142302,False
heldout,masked,oracle_relative_effect,rss,0.0020000000949949026,786432,220192,709,0.0009015401204427084,0.0012521192427239333,0,0.0,0.005388938554512995,162,64509,0.00015712472473911087,0.0019999281503260136,1.0006264518175496,False
heldout,masked,oracle_relative_effect,rss,0.004999999888241291,786432,220192,3400,0.004323323567708333,0.006004521051144391,0,0.0,0.0011285657299752881,938,290832,0.00043322039003571445,0.004998872056603432,1.0030113012364048,False
heldout,masked,oracle_relative_effect,rss,0.009999999776482582,786432,220192,9714,0.01235198974609375,0.01715526985024018,5760,0.592958616429895,0.6026896918752119,2985,801187,0.0009222203895573891,0.009996592067182064,1.0086518473127972,False
heldout,masked,oracle_relative_effect,rss,0.019999999552965164,786432,220192,25112,0.031931559244791664,0.04434868606951116,20764,0.8268556865243708,0.8314853937401866,8596,1996762,0.0021931111316884654,0.019999731332063675,1.0226771949342948,False
heldout,masked,oracle_relative_effect,rss,0.05000000074505806,786432,220192,70587,0.08975601196289062,0.12465915512856739,65987,0.934832192896709,0.9366294629177986,26053,5449785,0.005079424866716232,0.04999804124236107,1.0664727990484917,False
heldout,masked,oracle_relative_effect,max,0.0010000000474974513,786432,220192,262,0.0003331502278645833,0.00046270132805877366,0,0.0,0.014450187106763993,39,25655,8.541551833622749e-05,0.000998126924969256,1.0002314041995446,False
heldout,masked,oracle_relative_effect,max,0.0020000000949949026,786432,220192,913,0.0011609395345052083,0.0016123905057925968,0,0.0,0.004189883413033351,206,83442,0.0001680108565304058,0.0019999281503260136,1.000806845728092,False
heldout,masked,oracle_relative_effect,max,0.004999999888241291,786432,220192,4665,0.005931854248046875,0.00823855608929076,0,0.0,0.0008227863067478075,1217,406443,0.0004668394692087245,0.004998872056603432,1.004136316683144,False
heldout,masked,oracle_relative_effect,max,0.009999999776482582,786432,220192,14479,0.018411000569661457,0.025570429499858716,9814,0.6778092409696802,0.6853730452135736,4278,1215917,0.0011368603055965576,0.009999805130064487,1.0129507934250506,False
heldout,masked,oracle_relative_effect,max,0.019999999552965164,786432,220192,44325,0.056362152099609375,0.07827952811528681,39660,0.8947546531302877,0.8975773077735535,14420,3614621,0.0038285862990612447,0.019999999552965164,1.0407340865961192,False
heldout,masked,oracle_relative_effect,max,0.05000000074505806,786432,220192,148569,0.18891525268554688,0.26237814354337385,143904,0.9686004482765583,0.969475187980317,49135,11899817,0.010310812526255183,0.04999958723783493,1.1509984134743894,True
heldout,masked,online_relative_proxy,sum,0.0010000000474974513,786432,220192,1,1.2715657552083333e-06,1.766035603277762e-06,0,0.0,0.7934506856227626,0,112,5.6810444220900536e-05,0.000748192542232573,1.0000008830185814,False
heldout,masked,online_relative_proxy,sum,0.0020000000949949026,786432,220192,1,1.2715657552083333e-06,1.766035603277762e-06,0,0.0,0.7934506856227626,0,112,5.535088296580527e-05,0.0012149916728958488,1.0000008830185814,False
heldout,masked,online_relative_proxy,sum,0.004999999888241291,786432,220192,60,7.62939453125e-05,0.00010596213619666572,0,0.0,0.06017185214208986,3,6693,0.0005641255991656684,0.004960218910127878,1.0000529838752408,False
heldout,masked,online_relative_proxy,sum,0.009999999776482582,786432,220192,401,0.0005098978678385416,0.0007081802769143826,273,0.6807980049875312,0.7245244295306157,9,44366,0.0011383472669557345,0.009883435443043709,1.0003542155626948,False
heldout,masked,online_relative_proxy,sum,0.019999999552965164,786432,220192,2109,0.002681732177734375,0.0037245690873128003,1732,0.8212422949265055,0.8370060557137036,119,223828,0.0029945682506441005,0.019992906600236893,1.0018657591180242,False
heldout,masked,online_relative_proxy,sum,0.05000000074505806,786432,220192,9983,0.012694040934244791,0.017630333427521898,9010,0.902534308324151,0.9081984351895089,1692,911735,0.006094758146397015,0.050146397203207016,1.0088935649716657,False
heldout,masked,online_relative_proxy,rss,0.0010000000474974513,786432,220192,1,1.2715657552083333e-06,1.766035603277762e-06,0,0.0,0.7934506856227626,0,112,5.6810444220900536e-05,0.000748192542232573,1.0000008830185814,False
heldout,masked,online_relative_proxy,rss,0.0020000000949949026,786432,220192,2,2.5431315104166665e-06,3.532071206555524e-06,0,0.0,0.6576197724933469,0,224,5.608066359335291e-05,0.0012149916728958488,1.0000017660387222,False
heldout,masked,online_relative_proxy,rss,0.004999999888241291,786432,220192,74,9.409586588541667e-05,0.00013068663464255439,0,0.0,0.049349779396386066,3,8270,0.0005291193768161348,0.004960218910127878,1.0000653475873496,False
heldout,masked,online_relative_proxy,rss,0.009999999776482582,786432,220192,489,0.000621795654296875,0.0008635914100028257,324,0.6625766871165644,0.703073290080025,13,54214,0.0010883886561119584,0.009883435443043709,1.0004319822330743,False
heldout,masked,online_relative_proxy,rss,0.019999999552965164,786432,220192,2912,0.0037027994791666665,0.005142695676744843,2397,0.8231456043956044,0.8365752282706425,138,313601,0.002673225217735653,0.019992906600236893,1.0025779767132212,False
heldout,masked,online_relative_proxy,rss,0.05000000074505806,786432,220192,17292,0.0219879150390625,0.030538287651879062,15783,0.9127342123525329,0.9168495624594737,2172,1679125,0.005568761850867283,0.050146397203207016,1.015505905730693,False
heldout,masked,online_relative_proxy,max,0.0010000000474974513,786432,220192,2,2.5431315104166665e-06,3.532071206555524e-06,0,0.0,0.6576197724933469,0,224,5.270161117160959e-05,0.0008036642102524638,1.0000017660387222,False
heldout,masked,online_relative_proxy,max,0.0020000000949949026,786432,220192,8,1.0172526041666666e-05,1.4128284826222096e-05,0,0.0,0.32440756488388023,0,896,7.001719547718364e-05,0.0012149916728958488,1.0000070641923156,False
heldout,masked,online_relative_proxy,max,0.004999999888241291,786432,220192,98,0.00012461344401041666,0.0001730714891212207,0,0.0,0.03771999012168061,4,10901,0.0005040106875091482,0.004960218910127878,1.0000865432336439,False
heldout,masked,online_relative_proxy,max,0.009999999776482582,786432,220192,740,0.0009409586588541666,0.001306866346425544,515,0.6959459459459459,0.7280070766082302,33,80510,0.0013878565626277333,0.00996030867099762,1.0006538604273065,False
heldout,masked,online_relative_proxy,max,0.019999999552965164,786432,220192,5040,0.00640869140625,0.008900819440519922,4428,0.8785714285714286,0.8873016886390158,307,526684,0.004228427657206155,0.020060231909155846,1.004470304406443,False
heldout,masked,online_relative_proxy,max,0.05000000074505806,786432,220192,43526,0.055346171061197914,0.07686846566826787,41630,0.9564398290676837,0.9583174399778713,7106,4059757,0.01035904778464856,0.050146397203207016,1.039970467072071,False
heldout,none,oracle_relative_effect,sum,0.0010000000474974513,786432,220192,180,0.0002288818359375,0.00031788640858999715,0,0.0,0.02089549792161305,79,15288,9.023529005572951e-05,0.000998126924969256,1.0001589684712533,False
heldout,none,oracle_relative_effect,sum,0.0020000000949949026,786432,220192,652,0.0008290608723958334,0.0011514552133371008,0,0.0,0.005857297932341256,329,53318,0.00017192634177365252,0.0019999281503260136,1.0005760592598876,False
heldout,none,oracle_relative_effect,sum,0.004999999888241291,786432,220192,2850,0.00362396240234375,0.005033201469341622,0,0.0,0.0013460659521995833,1564,223067,0.00048193979215875084,0.004998872056603432,1.0025229499924755,False
heldout,none,oracle_relative_effect,sum,0.009999999776482582,786432,220192,7388,0.009394327799479166,0.013047471037016107,4493,0.6081483486735246,0.6192208061966236,4410,556386,0.0010417221824890015,0.009999816305935383,1.0065665741112726,False
heldout,none,oracle_relative_effect,sum,0.019999999552965164,786432,220192,16589,0.021094004313151043,0.029296764622774796,13327,0.8033636747242149,0.8093413471400936,10810,1218184,0.0025402911225415378,0.019999731332063675,1.0148661473208405,False
heldout,none,oracle_relative_effect,sum,0.05000000074505806,786432,220192,36943,0.04697545369466146,0.06524265329189037,32908,0.8907776845410498,0.8939178460045105,27625,2607509,0.004866655517329676,0.04999804124236107,1.0337213622177983,False
heldout,none,oracle_relative_effect,rss,0.0010000000474974513,786432,220192,268,0.0003407796223958333,0.00047329754167844024,0,0.0,0.01413124707820208,107,23720,7.99889307812486e-05,0.000998126924969256,1.000236704786736,False
heldout,none,oracle_relative_effect,rss,0.0020000000949949026,786432,220192,982,0.0012486775716145833,0.0017342469624187624,0,0.0,0.0038966294086368036,459,82711,0.00016445604408432186,0.0019999281503260136,1.0008678760368999,False
heldout,none,oracle_relative_effect,rss,0.004999999888241291,786432,220192,4652,0.005915323893229167,0.008215597626448148,0,0.0,0.0008250836835125289,2450,373047,0.00044239703951402977,0.004998872056603432,1.0041247424252635,False
heldout,none,oracle_relative_effect,rss,0.009999999776482582,786432,220192,13039,0.016579945882161457,0.02302733823113874,7586,0.5817930822915868,0.5902343168589286,7282,1015904,0.0009185223466968471,0.009999816305935383,1.0116477777748,False
heldout,none,oracle_relative_effect,rss,0.019999999552965164,786432,220192,32775,0.041675567626953125,0.057881816897428655,26768,0.8167200610221205,0.8208714812015689,19934,2481574,0.002125492032891593,0.019999731332063675,1.0298034472881363,False
heldout,none,oracle_relative_effect,rss,0.05000000074505806,786432,220192,91494,0.11634063720703125,0.16158166148629557,84697,0.9257109755830983,0.9273923894308155,61851,6734204,0.004690967973216794,0.04999804124236107,1.0878916719341085,False
heldout,none,oracle_relative_effect,max,0.0010000000474974513,786432,220192,367,0.0004666646321614583,0.0006481350664029387,0,0.0,0.01035876310299899,144,32222,8.715663079337584e-05,0.000998126924969256,1.000324172587012,False
heldout,none,oracle_relative_effect,max,0.0020000000949949026,786432,220192,1341,0.001705169677734375,0.002368253743995479,0,0.0,0.0028564399137893486,634,111468,0.00017658961048161516,0.0019999281503260136,1.0011855306907462,False
heldout,none,oracle_relative_effect,max,0.004999999888241291,786432,220192,7189,0.009141286214192709,0.012696029951963832,0,0.0,0.0005340669390096572,3741,578940,0.00048570458317750785,0.004999655764549971,1.00638856971219,False
heldout,none,oracle_relative_effect,max,0.009999999776482582,786432,220192,23110,0.029385884602864582,0.040813082791749083,15921,0.6889225443530939,0.6948592653392867,12909,1809135,0.0011805247739283382,0.009999816305935383,1.0208316431848707,False
heldout,none,oracle_relative_effect,max,0.019999999552965164,786432,220192,71753,0.09123865763346355,0.12671835264198927,64564,0.8998090672167017,0.9019846453708333,41848,5510324,0.0036551804540222044,0.019999999552965164,1.0676451150955901,False
heldout,none,oracle_relative_effect,max,0.05000000074505806,786432,220192,250503,0.3185310363769531,0.44239721672788923,243314,0.9713017408973146,0.971948350898812,151069,18921935,0.01018242620680222,0.04999995231628418,1.2840244133350416,True
heldout,none,online_relative_proxy,sum,0.0010000000474974513,786432,220192,1,1.2715657552083333e-06,1.766035603277762e-06,0,0.0,0.7934506856227626,0,112,5.6810444220900536e-05,0.000748192542232573,1.0000008830185814,False
heldout,none,online_relative_proxy,sum,0.0020000000949949026,786432,220192,1,1.2715657552083333e-06,1.766035603277762e-06,0,0.0,0.7934506856227626,0,112,5.535088296580527e-05,0.0012149916728958488,1.0000008830185814,False
heldout,none,online_relative_proxy,sum,0.004999999888241291,786432,220192,60,7.62939453125e-05,0.00010596213619666572,0,0.0,0.06017185214208986,3,6693,0.0005641255991656684,0.004960218910127878,1.0000529838752408,False
heldout,none,online_relative_proxy,sum,0.009999999776482582,786432,220192,401,0.0005098978678385416,0.0007081802769143826,273,0.6807980049875312,0.7245244295306157,9,44366,0.0011383472669557345,0.009883435443043709,1.0003542155626948,False
heldout,none,online_relative_proxy,sum,0.019999999552965164,786432,220192,2115,0.002689361572265625,0.003735165300932467,1738,0.8217494089834515,0.8374726282941372,127,224084,0.0030013959729366063,0.019992906600236893,1.0018710770414867,False
heldout,none,online_relative_proxy,sum,0.05000000074505806,786432,220192,10023,0.012744903564453125,0.01770097485165301,9046,0.9025241943529881,0.9081775846779228,1857,912290,0.006089309598470588,0.050146397203207016,1.0089295180127167,False
heldout,none,online_relative_proxy,rss,0.0010000000474974513,786432,220192,1,1.2715657552083333e-06,1.766035603277762e-06,0,0.0,0.7934506856227626,0,112,5.6810444220900536e-05,0.000748192542232573,1.0000008830185814,False
heldout,none,online_relative_proxy,rss,0.0020000000949949026,786432,220192,2,2.5431315104166665e-06,3.532071206555524e-06,0,0.0,0.6576197724933469,0,224,5.608066359335291e-05,0.0012149916728958488,1.0000017660387222,False
heldout,none,online_relative_proxy,rss,0.004999999888241291,786432,220192,74,9.409586588541667e-05,0.00013068663464255439,0,0.0,0.049349779396386066,3,8270,0.0005291193768161348,0.004960218910127878,1.0000653475873496,False
heldout,none,online_relative_proxy,rss,0.009999999776482582,786432,220192,489,0.000621795654296875,0.0008635914100028257,324,0.6625766871165644,0.703073290080025,13,54214,0.0010883886561119584,0.009883435443043709,1.0004319822330743,False
heldout,none,online_relative_proxy,rss,0.019999999552965164,786432,220192,2918,0.0037104288736979165,0.0051532918903645095,2403,0.8235092529129541,0.8369138679371381,146,313857,0.0026783621021722543,0.019992906600236893,1.0025833022003219,False
heldout,none,online_relative_proxy,rss,0.05000000074505806,786432,220192,17328,0.02203369140625,0.03060186493359706,15805,0.9121075715604802,0.9162324821278215,2396,1678888,0.005535605512434799,0.050146397203207016,1.0155386888962221,False
heldout,none,online_relative_proxy,max,0.0010000000474974513,786432,220192,2,2.5431315104166665e-06,3.532071206555524e-06,0,0.0,0.6576197724933469,0,224,5.270161117160959e-05,0.0008036642102524638,1.0000017660387222,False
heldout,none,online_relative_proxy,max,0.0020000000949949026,786432,220192,8,1.0172526041666666e-05,1.4128284826222096e-05,0,0.0,0.32440756488388023,0,896,7.001719547718364e-05,0.0012149916728958488,1.0000070641923156,False
heldout,none,online_relative_proxy,max,0.004999999888241291,786432,220192,98,0.00012461344401041666,0.0001730714891212207,0,0.0,0.03771999012168061,4,10901,0.0005040106875091482,0.004960218910127878,1.0000865432336439,False
heldout,none,online_relative_proxy,max,0.009999999776482582,786432,220192,740,0.0009409586588541666,0.001306866346425544,515,0.6959459459459459,0.7280070766082302,33,80510,0.0013878565626277333,0.00996030867099762,1.0006538604273065,False
heldout,none,online_relative_proxy,max,0.019999999552965164,786432,220192,5057,0.006430308024088542,0.008930842045775643,4444,0.8787818864939687,0.8874910635195744,324,527802,0.004241825558688412,0.020060231909155846,1.0044854504476137,False
heldout,none,online_relative_proxy,max,0.05000000074505806,786432,220192,46392,0.058990478515625,0.08192992370726195,44464,0.9584411105362993,0.9602195803655598,9972,4247412,0.01083970039228134,0.050146397203207016,1.0427147708104685,False
final_benchmark,all,oracle_relative_effect,sum,0.0010000000474974513,786432,328882,24,3.0517578125e-05,5.245328379412086e-05,0,0.0,0.1379762046749802,0,2497,4.0517368989455424e-05,0.0009710084996186197,1.000026227329752,False
final_benchmark,all,oracle_relative_effect,sum,0.0020000000949949026,786432,328882,119,0.00015131632486979166,0.0002600808654791826,0,0.0,0.031271680241939506,0,12627,0.0001383280556169479,0.0019941385835409164,1.000130057345453,False
final_benchmark,all,oracle_relative_effect,sum,0.004999999888241291,786432,328882,614,0.0007807413736979166,0.0013419298437329253,0,0.0,0.006217547828574852,0,65919,0.00039369821487184,0.004997604060918093,1.00067141541806,False
final_benchmark,all,oracle_relative_effect,sum,0.009999999776482582,786432,328882,2143,0.0027249654134114585,0.004683641132116709,1500,0.6999533364442371,0.7189843525304294,0,229103,0.0011198228655564045,0.009999826550483704,1.0023473175626014,False
final_benchmark,all,oracle_relative_effect,sum,0.019999999552965164,786432,328882,6285,0.007991790771484375,0.0137362036935854,5595,0.8902147971360382,0.8977066020881324,0,656908,0.0030404248355367703,0.019999608397483826,1.0069155988842613,False
final_benchmark,all,oracle_relative_effect,sum,0.05000000074505806,786432,328882,16723,0.021264394124348957,0.03654901103704513,15937,0.95299886384022,0.9561038297812885,0,1661760,0.005864415527302028,0.04999557510018349,1.018614679583293,False
final_benchmark,all,oracle_relative_effect,rss,0.0010000000474974513,786432,328882,31,3.9418538411458336e-05,6.775215823407277e-05,0,0.0,0.11025539546043596,0,3244,3.8049076037147256e-05,0.0009710084996186197,1.0000338772267447,False
final_benchmark,all,oracle_relative_effect,rss,0.0020000000949949026,786432,328882,143,0.00018183390299479166,0.00031253414927330346,0,0.0,0.026160587422281553,0,15321,0.00013031007022707588,0.0019941385835409164,1.000156291497852,False
final_benchmark,all,oracle_relative_effect,rss,0.004999999888241291,786432,328882,777,0.000988006591796875,0.001698175062834663,0,0.0,0.004919639931127486,0,84005,0.000366171321144252,0.004997604060918093,1.0008498090937228,False
final_benchmark,all,oracle_relative_effect,rss,0.009999999776482582,786432,328882,2948,0.0037485758463541665,0.0064430116927111794,2071,0.7025101763907734,0.7187403836210501,0,318075,0.001018256470931602,0.009999826550483704,1.0032319174874362,False
final_benchmark,all,oracle_relative_effect,rss,0.019999999552965164,786432,328882,9962,0.012667338053385416,0.021772483881543,9036,0.9070467777554708,0.9125928662707211,0,1060911,0.0026995665216739415,0.019999608397483826,1.0110060565350256,False
final_benchmark,all,oracle_relative_effect,rss,0.05000000074505806,786432,328882,34573,0.04396184285481771,0.07556114085892252,33613,0.9722326671101726,0.9739128363677768,0,3534763,0.006058689052697401,0.04999557510018349,1.0392639862264303,False
final_benchmark,all,oracle_relative_effect,max,0.0010000000474974513,786432,328882,35,4.4504801432291664e-05,7.64943721997596e-05,0,0.0,0.09890099232440402,0,3694,3.7684085750276685e-05,0.0009710084996186197,1.0000382486490031,False
final_benchmark,all,oracle_relative_effect,max,0.0020000000949949026,786432,328882,167,0.00021235148111979166,0.0003649874330674243,0,0.0,0.02248551872134217,0,17985,0.00012744086811578945,0.0019941385835409164,1.0001825270265692,False
final_benchmark,all,oracle_relative_effect,max,0.004999999888241291,786432,328882,995,0.0012652079264322917,0.002174625723964594,0,0.0,0.0038459144709808457,0,107945,0.00038265029590546604,0.004997604060918093,1.0010884963981161,False
final_benchmark,all,oracle_relative_effect,max,0.009999999776482582,786432,328882,4099,0.005212148030598958,0.008958583761337558,3104,0.7572578677726275,0.7701381942171207,0,441762,0.0013005472820044688,0.009999826550483704,1.0044994462135606,False
final_benchmark,all,oracle_relative_effect,max,0.019999999552965164,786432,328882,19982,0.025408426920572918,0.04367172986558846,18987,0.9502051846661996,0.9531355889362682,0,2092896,0.005002289111324304,0.019999608397483826,1.022323313797734,False
final_benchmark,all,oracle_relative_effect,max,0.05000000074505806,786432,328882,94265,0.11986414591471355,0.2060211998688668,93270,0.9894446507187185,0.9900773837725044,0,9537760,0.011344371749444238,0.04999931529164314,1.1148403759586274,True
final_benchmark,all,online_relative_proxy,sum,0.0010000000474974513,786432,328882,0,0.0,0.0,0,0.0,1.0,0,0,0.0,0.0,1.0,False
final_benchmark,all,online_relative_proxy,sum,0.0020000000949949026,786432,328882,4,5.086263020833333e-06,8.74221396568681e-06,0,0.0,0.4898908364545973,0,442,0.00016537222566664623,0.0018106959760189056,1.0000043711260895,False
final_benchmark,all,online_relative_proxy,sum,0.004999999888241291,786432,328882,83,0.00010553995768229167,0.00018140093978800132,0,0.0,0.04423530964197384,0,9055,0.000614211989606796,0.004813227336853743,1.0000907086972155,False
final_benchmark,all,online_relative_proxy,sum,0.009999999776482582,786432,328882,552,0.000701904296875,0.0012064255272647797,405,0.7336956521739131,0.7688628579368114,0,60543,0.0013283588465086377,0.009987244382500648,1.0006035768488915,False
final_benchmark,all,online_relative_proxy,sum,0.019999999552965164,786432,328882,2567,0.0032641092936197915,0.00561031581247951,2372,0.9240358395013635,0.933663206272955,0,277894,0.0029047143762624098,0.01995648629963398,1.0028130489527503,False
final_benchmark,all,online_relative_proxy,sum,0.05000000074505806,786432,328882,9244,0.011754353841145834,0.020203256474702218,8938,0.9668974469926439,0.9703549271117953,0,947295,0.005639919088990749,0.04985746741294861,1.0102047124487776,False
final_benchmark,all,online_relative_proxy,rss,0.0010000000474974513,786432,328882,0,0.0,0.0,0,0.0,1.0,0,0,0.0,0.0,1.0,False
final_benchmark,all,online_relative_proxy,rss,0.0020000000949949026,786432,328882,4,5.086263020833333e-06,8.74221396568681e-06,0,0.0,0.4898908364545973,0,442,0.00016537222566664623,0.0018106959760189056,1.0000043711260895,False
final_benchmark,all,online_relative_proxy,rss,0.004999999888241291,786432,328882,96,0.0001220703125,0.00020981313517648344,0,0.0,0.038475587857675686,0,10488,0.0005675506199803132,0.004813227336853743,1.0001049175741308,False
final_benchmark,all,online_relative_proxy,rss,0.009999999776482582,786432,328882,699,0.000888824462890625,0.0015277018905037701,491,0.7024320457796852,0.7351435746508848,0,76778,0.0012458297399136576,0.009987244382500648,1.000764434859542,False
final_benchmark,all,online_relative_proxy,rss,0.019999999552965164,786432,328882,3674,0.004671732584635417,0.008029723527483336,3364,0.9156232988568318,0.9241826664420023,0,400360,0.0026736572182354907,0.01995648629963398,1.0040310458556152,False
final_benchmark,all,online_relative_proxy,rss,0.05000000074505806,786432,328882,17537,0.022299448649088543,0.0383280515790624,17051,0.972287164281234,0.9746151192539892,0,1847631,0.00520989792296513,0.04985746741294861,1.0195384613670573,False
final_benchmark,all,online_relative_proxy,max,0.0010000000474974513,786432,328882,0,0.0,0.0,0,0.0,1.0,0,0,0.0,0.0,1.0,False
final_benchmark,all,online_relative_proxy,max,0.0020000000949949026,786432,328882,5,6.357828776041667e-06,1.0927767457108513e-05,0,0.0,0.43448246478317476,0,551,0.0001519295152871719,0.0018106959760189056,1.0000054639135827,False
final_benchmark,all,online_relative_proxy,max,0.004999999888241291,786432,328882,134,0.00017038981119791666,0.0002928641678505081,0,0.0,0.027868675023899322,0,14688,0.0005179085590870805,0.004954956006258726,1.0001464535294209,False
final_benchmark,all,online_relative_proxy,max,0.009999999776482582,786432,328882,1072,0.0013631184895833333,0.002342913342804065,804,0.75,0.7749973861395272,0,115455,0.0016217440441814248,0.009987244382500648,1.001172830591623,False
final_benchmark,all,online_relative_proxy,max,0.019999999552965164,786432,328882,7345,0.009339650472005209,0.016052890394492404,6961,0.9477195371000681,0.9525800647019583,0,776365,0.0045353042474132604,0.020017873495817184,1.0080913902980428,False
final_benchmark,all,online_relative_proxy,max,0.05000000074505806,786432,328882,50071,0.06366856892903645,0.10943284886897607,49518,0.988955682930239,0.9898343101198037,0,5122694,0.009865781984190863,0.050114624202251434,1.0578836085264194,False
final_benchmark,critical,oracle_relative_effect,sum,0.0010000000474974513,786432,328882,33,4.1961669921875e-05,7.212326521691618e-05,0,0.0,0.10426999754245206,9,2866,4.878304187086231e-05,0.0009710084996186197,1.0000360629330967,False
final_benchmark,critical,oracle_relative_effect,sum,0.0020000000949949026,786432,328882,142,0.00018056233723958334,0.0003103485957818818,0,0.0,0.02633996431300811,27,13319,0.00014281938327305766,0.0019941385835409164,1.0001551983806907,False
final_benchmark,critical,oracle_relative_effect,sum,0.004999999888241291,786432,328882,772,0.0009816487630208333,0.0016872472953775545,0,0.0,0.004951345119572852,169,71606,0.00040804041708990263,0.004997604060918093,1.0008443359494623,False
final_benchmark,critical,oracle_relative_effect,sum,0.009999999776482582,786432,328882,2689,0.0034192403157552085,0.005876953338432958,1886,0.7013759761993306,0.7183765342733139,614,245721,0.0011250368197662983,0.009999826550483704,1.0029471367618321,False
final_benchmark,critical,oracle_relative_effect,sum,0.019999999552965164,786432,328882,7865,0.010000864664713541,0.01718937821003169,7005,0.8906547997457088,0.8973619306898639,1902,703531,0.0030221318452180587,0.019999608397483826,1.00866919816806,False
final_benchmark,critical,oracle_relative_effect,sum,0.05000000074505806,786432,328882,22044,0.0280303955078125,0.04817834116490001,21056,0.9551805479949192,0.9578335135503974,6853,1808579,0.005932010706149491,0.04999557510018349,1.0246837824279775,False
final_benchmark,critical,oracle_relative_effect,rss,0.0010000000474974513,786432,328882,41,5.2134195963541664e-05,8.960769314828981e-05,0,0.0,0.08566757018443186,10,3636,4.576655655519932e-05,0.0009710084996186197,1.0000448058540488,False
final_benchmark,critical,oracle_relative_effect,rss,0.0020000000949949026,786432,328882,172,0.00021870930989583334,0.00037591520052453285,0,0.0,0.0218461496307948,29,16431,0.00013331973325450607,0.0019941385835409164,1.000187992934963,False
final_benchmark,critical,oracle_relative_effect,rss,0.004999999888241291,786432,328882,970,0.0012334187825520833,0.0021199868866790513,0,0.0,0.003944644978810071,200,91148,0.00038333922871474377,0.004997604060918093,1.001061118221697,False
final_benchmark,critical,oracle_relative_effect,rss,0.009999999776482582,786432,328882,3640,0.004628499348958333,0.007955414708774998,2553,0.7013736263736263,0.7160224490956646,738,341668,0.0010272580686429963,0.009999826550483704,1.0039935926974306,False
final_benchmark,critical,oracle_relative_effect,rss,0.019999999552965164,786432,328882,12005,0.015265146891276041,0.02623756966451754,10868,0.905289462723865,0.9103985154179628,2344,1127201,0.002687958942689172,0.019999608397483826,1.0132931751366137,False
final_benchmark,critical,oracle_relative_effect,rss,0.05000000074505806,786432,328882,42431,0.05395380655924479,0.09273522019451426,41241,0.9719544672527162,0.9734831988894527,9999,3767682,0.006109737116390642,0.04999557510018349,1.048622100704849,False
final_benchmark,critical,oracle_relative_effect,max,0.0010000000474974513,786432,328882,45,5.7220458984375e-05,9.834990711397662e-05,0,0.0,0.07865159873288836,10,4086,4.4586639679814275e-05,0.0009710084996186197,1.0000491773718518,False
final_benchmark,critical,oracle_relative_effect,max,0.0020000000949949026,786432,328882,198,0.00025177001953125,0.0004327395913014971,0,0.0,0.019032060326648184,31,19136,0.0001306532922141337,0.0019941385835409164,1.000216416621671,False
final_benchmark,critical,oracle_relative_effect,max,0.004999999888241291,786432,328882,1228,0.0015614827473958333,0.0026838596874658505,0,0.0,0.003118468527899486,233,117929,0.00040680880161003945,0.004997604060918093,1.0013437330392003,False
final_benchmark,critical,oracle_relative_effect,max,0.009999999776482582,786432,328882,4956,0.0063018798828125,0.010831603103485958,3728,0.7522195318805488,0.7640406690903948,857,476286,0.0013082659835555767,0.009999826550483704,1.0054452921735462,False
final_benchmark,critical,oracle_relative_effect,max,0.019999999552965164,786432,328882,23245,0.029557545979817707,0.05080319090809748,22017,0.9471714347171435,0.9499738826171472,3263,2245898,0.005122910923827319,0.019999608397483826,1.0260636538450758,False
final_benchmark,critical,oracle_relative_effect,max,0.05000000074505806,786432,328882,112676,0.14327494303385416,0.24625942519943175,111448,0.9891014945507473,0.9896912675470253,18411,10374178,0.011735881386834303,0.04999931529164314,1.1404195288276522,True
final_benchmark,critical,online_relative_proxy,sum,0.0010000000474974513,786432,328882,0,0.0,0.0,0,0.0,1.0,0,0,0.0,0.0,1.0,False
final_benchmark,critical,online_relative_proxy,sum,0.0020000000949949026,786432,328882,4,5.086263020833333e-06,8.74221396568681e-06,0,0.0,0.4898908364545973,0,442,0.00016537222566664623,0.0018106959760189056,1.0000043711260895,False
final_benchmark,critical,online_relative_proxy,sum,0.004999999888241291,786432,328882,83,0.00010553995768229167,0.00018140093978800132,0,0.0,0.04423530964197384,0,9055,0.000614211989606796,0.004813227336853743,1.0000907086972155,False
final_benchmark,critical,online_relative_proxy,sum,0.009999999776482582,786432,328882,554,0.0007044474283854166,0.0012107966342476233,407,0.7346570397111913,0.7697153344493065,2,60579,0.001328462464416446,0.009987244382500648,1.0006057650462634,False
final_benchmark,critical,online_relative_proxy,sum,0.019999999552965164,786432,328882,2605,0.0033124287923177085,0.005693366845153535,2410,0.9251439539347409,0.9346354872132997,50,278980,0.002911666880085958,0.01995648629963398,1.0028548101633434,False
final_benchmark,critical,online_relative_proxy,sum,0.05000000074505806,786432,328882,10142,0.012896219889322916,0.02216588350999891,9830,0.9692368369157957,0.9724238295638937,1091,965527,0.00576636090655806,0.04985746741294861,1.0112071499450803,False
final_benchmark,critical,online_relative_proxy,rss,0.0010000000474974513,786432,328882,0,0.0,0.0,0,0.0,1.0,0,0,0.0,0.0,1.0,False
final_benchmark,critical,online_relative_proxy,rss,0.0020000000949949026,786432,328882,4,5.086263020833333e-06,8.74221396568681e-06,0,0.0,0.4898908364545973,0,442,0.00016537222566664623,0.0018106959760189056,1.0000043711260895,False
final_benchmark,critical,online_relative_proxy,rss,0.004999999888241291,786432,328882,96,0.0001220703125,0.00020981313517648344,0,0.0,0.038475587857675686,0,10488,0.0005675506199803132,0.004813227336853743,1.0001049175741308,False
final_benchmark,critical,online_relative_proxy,rss,0.009999999776482582,786432,328882,701,0.0008913675944010416,0.0015320729974866135,493,0.703281027104137,0.7359153489750566,2,76814,0.0012459501361575002,0.009987244382500648,1.0007666237605246,False
final_benchmark,critical,online_relative_proxy,rss,0.019999999552965164,786432,328882,3712,0.004720052083333333,0.00811277456015736,3402,0.9164870689655172,0.9249621948888939,50,401442,0.0026793770857493422,0.01995648629963398,1.0040729085746136,False
final_benchmark,critical,online_relative_proxy,rss,0.05000000074505806,786432,328882,18612,0.0236663818359375,0.040677521582340725,18121,0.9736191704276811,0.9758257238170543,1364,1868736,0.005276359723668489,0.04985746741294861,1.0207610140905399,False
final_benchmark,critical,online_relative_proxy,max,0.0010000000474974513,786432,328882,0,0.0,0.0,0,0.0,1.0,0,0,0.0,0.0,1.0,False
final_benchmark,critical,online_relative_proxy,max,0.0020000000949949026,786432,328882,5,6.357828776041667e-06,1.0927767457108513e-05,0,0.0,0.43448246478317476,0,551,0.0001519295152871719,0.0018106959760189056,1.0000054639135827,False
final_benchmark,critical,online_relative_proxy,max,0.004999999888241291,786432,328882,134,0.00017038981119791666,0.0002928641678505081,0,0.0,0.027868675023899322,0,14688,0.0005179085590870805,0.004954956006258726,1.0001464535294209,False
final_benchmark,critical,online_relative_proxy,max,0.009999999776482582,786432,328882,1074,0.00136566162109375,0.0023472844497869085,806,0.750465549348231,0.7754228732101299,2,115491,0.0016217069434733256,0.009987244382500648,1.0011750212794823,False
final_benchmark,critical,online_relative_proxy,max,0.019999999552965164,786432,328882,7431,0.009449005126953125,0.01624084799475467,7045,0.9480554434127304,0.9528735294319406,86,781277,0.004549946631730345,0.020017873495817184,1.0081869051383268,False
final_benchmark,critical,online_relative_proxy,max,0.05000000074505806,786432,328882,53550,0.06809234619140625,0.11703638946563218,52972,0.9892063492063492,0.9900471070905297,3479,5279235,0.01007407286722111,0.050114624202251434,1.0621554175613719,False
final_benchmark,masked,oracle_relative_effect,sum,0.0010000000474974513,786432,328882,33,4.1961669921875e-05,7.212326521691618e-05,0,0.0,0.10426999754245206,9,2866,4.878304187086231e-05,0.0009710084996186197,1.0000360629330967,False
final_benchmark,masked,oracle_relative_effect,sum,0.0020000000949949026,786432,328882,142,0.00018056233723958334,0.0003103485957818818,0,0.0,0.02633996431300811,27,13319,0.00014281938327305766,0.0019941385835409164,1.0001551983806907,False
final_benchmark,masked,oracle_relative_effect,sum,0.004999999888241291,786432,328882,773,0.0009829203287760417,0.001689432848868976,0,0.0,0.004944971431527044,170,71629,0.00040817649540579153,0.004997604060918093,1.0008454305735257,False
final_benchmark,masked,oracle_relative_effect,sum,0.009999999776482582,786432,328882,2697,0.003429412841796875,0.005894437766364332,1893,0.7018909899888766,0.7188574906159877,623,246117,0.001124391319307585,0.009999826550483704,1.0029559306578344,False
final_benchmark,masked,oracle_relative_effect,sum,0.019999999552965164,786432,328882,7892,0.010035196940104166,0.017248388154300076,7030,0.8907754688291941,0.8974680501846662,1932,704378,0.0030221127563647516,0.019999608397483826,1.0086992178199488,False
final_benchmark,masked,oracle_relative_effect,sum,0.05000000074505806,786432,328882,22109,0.028113047281901043,0.04832040214184242,21121,0.9553123162513004,0.9579576483159649,6955,1810525,0.005930499013492696,0.04999557510018349,1.0247583682254355,False
final_benchmark,masked,oracle_relative_effect,rss,0.0010000000474974513,786432,328882,41,5.2134195963541664e-05,8.960769314828981e-05,0,0.0,0.08566757018443186,10,3636,4.576655655519932e-05,0.0009710084996186197,1.0000448058540488,False
final_benchmark,masked,oracle_relative_effect,rss,0.0020000000949949026,786432,328882,172,0.00021870930989583334,0.00037591520052453285,0,0.0,0.0218461496307948,29,16431,0.00013331973325450607,0.0019941385835409164,1.000187992934963,False
final_benchmark,masked,oracle_relative_effect,rss,0.004999999888241291,786432,328882,971,0.0012346903483072917,0.0021221724401704733,0,0.0,0.003940598531110172,201,91171,0.00038345237084350657,0.004997604060918093,1.001062213320002,False
final_benchmark,masked,oracle_relative_effect,rss,0.009999999776482582,786432,328882,3653,0.004645029703776042,0.00798382690416348,2565,0.7021626060771968,0.7167736451004906,751,342256,0.0010284804017231899,0.009999826550483704,1.0040079126926744,False
final_benchmark,masked,oracle_relative_effect,rss,0.019999999552965164,786432,328882,12045,0.015316009521484375,0.026324991804174407,10907,0.9055209630552097,0.9106159414693943,2387,1128500,0.0026889022733141855,0.019999608397483826,1.0133380580363323,False
final_benchmark,masked,oracle_relative_effect,rss,0.05000000074505806,786432,328882,42569,0.05412928263346354,0.09303682657633046,41378,0.9720218938664287,0.9735463757897315,10210,3771400,0.006109215608763628,0.04999557510018349,1.0487879513736473,False
final_benchmark,masked,oracle_relative_effect,max,0.0010000000474974513,786432,328882,45,5.7220458984375e-05,9.834990711397662e-05,0,0.0,0.07865159873288836,10,4086,4.4586639679814275e-05,0.0009710084996186197,1.0000491773718518,False
final_benchmark,masked,oracle_relative_effect,max,0.0020000000949949026,786432,328882,198,0.00025177001953125,0.0004327395913014971,0,0.0,0.019032060326648184,31,19136,0.0001306532922141337,0.0019941385835409164,1.000216416621671,False
final_benchmark,masked,oracle_relative_effect,max,0.004999999888241291,786432,328882,1229,0.0015627543131510417,0.0026860452409572726,0,0.0,0.003115939031097129,234,117952,0.00040689167838063123,0.004997604060918093,1.0013448287559183,False
final_benchmark,masked,oracle_relative_effect,max,0.009999999776482582,786432,328882,4970,0.006319681803385417,0.01086220085236586,3741,0.7527162977867203,0.7645126044689148,871,476897,0.001308846491677931,0.009999826550483704,1.0054607583532023,False
final_benchmark,masked,oracle_relative_effect,max,0.019999999552965164,786432,328882,23360,0.029703776041666668,0.05105452955961097,22131,0.947388698630137,0.9501788090719536,3378,2251612,0.005137393471652576,0.019999608397483826,1.0261959764056787,False
final_benchmark,masked,oracle_relative_effect,max,0.05000000074505806,786432,328882,113317,0.14409001668294272,0.24766036498743307,112088,0.9891543192989578,0.9897410158305836,19052,10402706,0.011758430471490094,0.04999931529164314,1.1413312579588244,True
final_benchmark,masked,online_relative_proxy,sum,0.0010000000474974513,786432,328882,0,0.0,0.0,0,0.0,1.0,0,0,0.0,0.0,1.0,False
final_benchmark,masked,online_relative_proxy,sum,0.0020000000949949026,786432,328882,4,5.086263020833333e-06,8.74221396568681e-06,0,0.0,0.4898908364545973,0,442,0.00016537222566664623,0.0018106959760189056,1.0000043711260895,False
final_benchmark,masked,online_relative_proxy,sum,0.004999999888241291,786432,328882,83,0.00010553995768229167,0.00018140093978800132,0,0.0,0.04423530964197384,0,9055,0.000614211989606796,0.004813227336853743,1.0000907086972155,False
final_benchmark,masked,online_relative_proxy,sum,0.009999999776482582,786432,328882,554,0.0007044474283854166,0.0012107966342476233,407,0.7346570397111913,0.7697153344493065,2,60579,0.001328462464416446,0.009987244382500648,1.0006057650462634,False
final_benchmark,masked,online_relative_proxy,sum,0.019999999552965164,786432,328882,2605,0.0033124287923177085,0.005693366845153535,2410,0.9251439539347409,0.9346354872132997,50,278980,0.002911666880085958,0.01995648629963398,1.0028548101633434,False
final_benchmark,masked,online_relative_proxy,sum,0.05000000074505806,786432,328882,10147,0.012902577718098959,0.022176811277456014,9835,0.969251995663743,0.9724374389733264,1097,965622,0.005768929725708021,0.04985746741294861,1.0112127370150716,False
final_benchmark,masked,online_relative_proxy,rss,0.0010000000474974513,786432,328882,0,0.0,0.0,0,0.0,1.0,0,0,0.0,0.0,1.0,False
final_benchmark,masked,online_relative_proxy,rss,0.0020000000949949026,786432,328882,4,5.086263020833333e-06,8.74221396568681e-06,0,0.0,0.4898908364545973,0,442,0.00016537222566664623,0.0018106959760189056,1.0000043711260895,False
final_benchmark,masked,online_relative_proxy,rss,0.004999999888241291,786432,328882,96,0.0001220703125,0.00020981313517648344,0,0.0,0.038475587857675686,0,10488,0.0005675506199803132,0.004813227336853743,1.0001049175741308,False
final_benchmark,masked,online_relative_proxy,rss,0.009999999776482582,786432,328882,701,0.0008913675944010416,0.0015320729974866135,493,0.703281027104137,0.7359153489750566,2,76814,0.0012459501361575002,0.009987244382500648,1.0007666237605246,False
final_benchmark,masked,online_relative_proxy,rss,0.019999999552965164,786432,328882,3712,0.004720052083333333,0.00811277456015736,3402,0.9164870689655172,0.9249621948888939,50,401442,0.0026793770857493422,0.01995648629963398,1.0040729085746136,False
final_benchmark,masked,online_relative_proxy,rss,0.05000000074505806,786432,328882,18620,0.023676554361979168,0.0406950060102721,18129,0.9736305048335123,0.9758361214247249,1373,1868984,0.005277485546516443,0.04985746741294861,1.0207701231483135,False
final_benchmark,masked,online_relative_proxy,max,0.0010000000474974513,786432,328882,0,0.0,0.0,0,0.0,1.0,0,0,0.0,0.0,1.0,False
final_benchmark,masked,online_relative_proxy,max,0.0020000000949949026,786432,328882,5,6.357828776041667e-06,1.0927767457108513e-05,0,0.0,0.43448246478317476,0,551,0.0001519295152871719,0.0018106959760189056,1.0000054639135827,False
final_benchmark,masked,online_relative_proxy,max,0.004999999888241291,786432,328882,134,0.00017038981119791666,0.0002928641678505081,0,0.0,0.027868675023899322,0,14688,0.0005179085590870805,0.004954956006258726,1.0001464535294209,False
final_benchmark,masked,online_relative_proxy,max,0.009999999776482582,786432,328882,1074,0.00136566162109375,0.0023472844497869085,806,0.750465549348231,0.7754228732101299,2,115491,0.0016217069434733256,0.009987244382500648,1.0011750212794823,False
final_benchmark,masked,online_relative_proxy,max,0.019999999552965164,786432,328882,7431,0.009449005126953125,0.01624084799475467,7045,0.9480554434127304,0.9528735294319406,86,781277,0.004549946631730345,0.020017873495817184,1.0081869051383268,False
final_benchmark,masked,online_relative_proxy,max,0.05000000074505806,786432,328882,53623,0.06818517049153645,0.11719593487050596,53045,0.9892210432090708,0.9900606620370651,3552,5282771,0.010081310144878104,0.050114624202251434,1.0622454226868507,False
final_benchmark,none,oracle_relative_effect,sum,0.0010000000474974513,786432,328882,74,9.409586588541667e-05,0.000161730958365206,0,0.0,0.049349779396386066,55,5951,6.581690174636937e-05,0.0009984085336327553,1.0000808720189371,False
final_benchmark,none,oracle_relative_effect,sum,0.0020000000949949026,786432,328882,255,0.000324249267578125,0.0005573161403125341,0,0.0,0.014840971914608158,163,21218,0.00015362652857267534,0.0019941385835409164,1.0002787357421203,False
final_benchmark,none,oracle_relative_effect,sum,0.004999999888241291,786432,328882,1256,0.0015970865885416667,0.0027450551852256583,0,0.0,0.003049160506505333,756,105546,0.0004181807677251324,0.004997604060918093,1.0013744140137704,False
final_benchmark,none,oracle_relative_effect,sum,0.009999999776482582,786432,328882,4002,0.00508880615234375,0.008746585072669654,2713,0.6779110444777611,0.6922116715466251,2340,332137,0.0010744570922295415,0.009999826550483704,1.0043925022335687,False
final_benchmark,none,oracle_relative_effect,sum,0.019999999552965164,786432,328882,10757,0.013678232828776041,0.023509998907223256,9301,0.864646276842986,0.8709810863415065,6436,870630,0.002804241391274658,0.019999733194708824,1.0118948230925655,False
final_benchmark,none,oracle_relative_effect,sum,0.05000000074505806,786432,328882,27946,0.035535176595052086,0.0610774778712709,26270,0.9400271953052315,0.942750967810991,19505,2104675,0.005619730624505944,0.049995020031929016,1.0315007315528082,False
final_benchmark,none,oracle_relative_effect,rss,0.0010000000474974513,786432,328882,93,0.000118255615234375,0.00020325647470221834,0,0.0,0.03966750261173514,66,7589,6.014300892874758e-05,0.0009984085336327553,1.0001016385666996,False
final_benchmark,none,oracle_relative_effect,rss,0.0020000000949949026,786432,328882,330,0.00041961669921875,0.0007212326521691618,0,0.0,0.011506835712569085,200,27531,0.00014275270099467748,0.0019941385835409164,1.000360746417132,False
final_benchmark,none,oracle_relative_effect,rss,0.004999999888241291,786432,328882,1675,0.0021298726399739585,0.003660802098131352,0,0.0,0.0022881605648412844,954,142727,0.000394972015820867,0.004997604060918093,1.0018337575608287,False
final_benchmark,none,oracle_relative_effect,rss,0.009999999776482582,786432,328882,5801,0.007376352945963542,0.012678395803737296,3918,0.6754007929667298,0.6873302946716127,3166,490774,0.0009809853599701658,0.009999826550483704,1.0063796397004725,False
final_benchmark,none,oracle_relative_effect,rss,0.019999999552965164,786432,328882,17696,0.022501627604166668,0.03867555458419845,15669,0.8854543399638336,0.8900631894245019,9285,1492749,0.002448152470483504,0.019999733194708824,1.0197191008731852,False
final_benchmark,none,oracle_relative_effect,rss,0.05000000074505806,786432,328882,57044,0.07253519694010417,0.1246727133646596,54958,0.9634317369048454,0.9649410963351647,32614,4598714,0.0056516406263342,0.049995020031929016,1.06648050943062,False
final_benchmark,none,oracle_relative_effect,max,0.0010000000474974513,786432,328882,112,0.00014241536458333334,0.0002447819910392307,0,0.0,0.033161347066943875,77,9050,5.997451251399709e-05,0.0009984085336327553,1.000122405976909,False
final_benchmark,none,oracle_relative_effect,max,0.0020000000949949026,786432,328882,400,0.0005086263020833334,0.000874221396568681,0,0.0,0.009512294334296508,233,33322,0.00014737526135165437,0.0019941385835409164,1.0004373018476003,False
final_benchmark,none,oracle_relative_effect,max,0.004999999888241291,786432,328882,2170,0.0027592976888020835,0.004742651076385095,0,0.0,0.001767129247216635,1175,186892,0.0004237744626964748,0.004997604060918093,1.0023769620890977,False
final_benchmark,none,oracle_relative_effect,max,0.009999999776482582,786432,328882,8146,0.010358174641927084,0.01780351874112119,5976,0.733611588509698,0.7430997422576687,4047,701306,0.0012130701782739838,0.009999863803386688,1.0089817124131986,False
final_benchmark,none,oracle_relative_effect,max,0.019999999552965164,786432,328882,33116,0.042109171549479164,0.0723767894219211,30946,0.9344727624109191,0.9370878519587593,13134,2933880,0.004648213718308611,0.019999733194708824,1.0375471663885059,False
final_benchmark,none,oracle_relative_effect,max,0.05000000074505806,786432,328882,157983,0.20088577270507812,0.3452802972352748,155813,0.9862643448978687,0.9868265732101121,63718,13474201,0.01179599796068098,0.049999549984931946,1.2086639185225005,True
final_benchmark,none,online_relative_proxy,sum,0.0010000000474974513,786432,328882,0,0.0,0.0,0,0.0,1.0,0,0,0.0,0.0,1.0,False
final_benchmark,none,online_relative_proxy,sum,0.0020000000949949026,786432,328882,4,5.086263020833333e-06,8.74221396568681e-06,0,0.0,0.4898908364545973,0,442,0.00016537222566664623,0.0018106959760189056,1.0000043711260895,False
final_benchmark,none,online_relative_proxy,sum,0.004999999888241291,786432,328882,83,0.00010553995768229167,0.00018140093978800132,0,0.0,0.04423530964197384,0,9055,0.000614211989606796,0.004813227336853743,1.0000907086972155,False
final_benchmark,none,online_relative_proxy,sum,0.009999999776482582,786432,328882,554,0.0007044474283854166,0.0012107966342476233,407,0.7346570397111913,0.7697153344493065,2,60579,0.001328462464416446,0.009987244382500648,1.0006057650462634,False
final_benchmark,none,online_relative_proxy,sum,0.019999999552965164,786432,328882,2607,0.003314971923828125,0.005697737952136379,2412,0.9252013808975834,0.9346858709287125,53,279160,0.002919635761555129,0.01995648629963398,1.0028570082181452,False
final_benchmark,none,online_relative_proxy,sum,0.05000000074505806,786432,328882,10174,0.012936909993489584,0.022235821221724402,9861,0.969235305681148,0.9724176299218324,1204,966741,0.005767552703905853,0.04996408522129059,1.011242908259902,False
final_benchmark,none,online_relative_proxy,rss,0.0010000000474974513,786432,328882,0,0.0,0.0,0,0.0,1.0,0,0,0.0,0.0,1.0,False
final_benchmark,none,online_relative_proxy,rss,0.0020000000949949026,786432,328882,4,5.086263020833333e-06,8.74221396568681e-06,0,0.0,0.4898908364545973,0,442,0.00016537222566664623,0.0018106959760189056,1.0000043711260895,False
final_benchmark,none,online_relative_proxy,rss,0.004999999888241291,786432,328882,96,0.0001220703125,0.00020981313517648344,0,0.0,0.038475587857675686,0,10488,0.0005675506199803132,0.004813227336853743,1.0001049175741308,False
final_benchmark,none,online_relative_proxy,rss,0.009999999776482582,786432,328882,701,0.0008913675944010416,0.0015320729974866135,493,0.703281027104137,0.7359153489750566,2,76814,0.0012459501361575002,0.009987244382500648,1.0007666237605246,False
final_benchmark,none,online_relative_proxy,rss,0.019999999552965164,786432,328882,3715,0.004723866780598958,0.008119331220631625,3405,0.9165545087483177,0.9250230543898916,53,401735,0.00268716091911964,0.01995648629963398,1.0040762136747916,False
final_benchmark,none,online_relative_proxy,rss,0.05000000074505806,786432,328882,18623,0.023680369059244793,0.040701562670746365,18129,0.9734736616012458,0.9756857802935878,1496,1868232,0.005267620386067762,0.04996408522129059,1.0207735390868924,False
final_benchmark,none,online_relative_proxy,max,0.0010000000474974513,786432,328882,0,0.0,0.0,0,0.0,1.0,0,0,0.0,0.0,1.0,False
final_benchmark,none,online_relative_proxy,max,0.0020000000949949026,786432,328882,5,6.357828776041667e-06,1.0927767457108513e-05,0,0.0,0.43448246478317476,0,551,0.0001519295152871719,0.0018106959760189056,1.0000054639135827,False
final_benchmark,none,online_relative_proxy,max,0.004999999888241291,786432,328882,134,0.00017038981119791666,0.0002928641678505081,0,0.0,0.027868675023899322,0,14688,0.0005179085590870805,0.004954956006258726,1.0001464535294209,False
final_benchmark,none,online_relative_proxy,max,0.009999999776482582,786432,328882,1074,0.00136566162109375,0.0023472844497869085,806,0.750465549348231,0.7754228732101299,2,115491,0.0016217069434733256,0.009987244382500648,1.0011750212794823,False
final_benchmark,none,online_relative_proxy,max,0.019999999552965164,786432,328882,7438,0.009457906087239584,0.016256146869194625,7052,0.9481043291207314,0.9529179876059339,93,781877,0.0045571896693548854,0.020017873495817184,1.0081946803986506,False
final_benchmark,none,online_relative_proxy,max,0.05000000074505806,786432,328882,55306,0.07032521565755208,0.12087422139656868,54720,0.9894044045853976,0.9902243801781507,5235,5398127,0.010367915292284204,0.050114624202251434,1.0643247103375926,False
