run,host,cell_id,file,role,dataset,id,seed,arm,condition,decoder_calls,canvases,output_tokens,termination,request_wall_seconds,first_score,strict_correct,parsed
v21_natural_zero_pruning,dllm,bc7289b164f22d8e2f8e6e4ffdc804e7,v21_natural_zero_pruning/dllm/bc7289b164f22d8e2f8e6e4ffdc804e7/attempt00.json,first,longbench_v2,longbench_v2/66f2aac2821e116aacb2a9de,101,D_matched_legacy,v20_dense_consumer,86,6,1508,eos,17.126012174005155,,,
v21_natural_zero_pruning,dllm,aa6c6f577d8c3b09878f5800fe538f0a,v21_natural_zero_pruning/dllm/aa6c6f577d8c3b09878f5800fe538f0a/attempt00.json,first,longbench_v2,longbench_v2/66f2aac2821e116aacb2a9de,101,D_matched_new_numeric,v20_dense_consumer,81,6,1412,eos,18.249352562997956,,,
v21_natural_zero_pruning,dllm,bbf6ecf0feb64b5d88aea87debb5a64c,v21_natural_zero_pruning/dllm/bbf6ecf0feb64b5d88aea87debb5a64c/attempt00.json,first,longbench_v2,longbench_v2/66f2aac2821e116aacb2a9de,101,D_native,native_dense,110,7,1663,eos,21.558371457998874,,,
v21_natural_zero_pruning,dllm,623ac2d41125eb6bdead6be96accadda,v21_natural_zero_pruning/dllm/623ac2d41125eb6bdead6be96accadda/attempt00.json,first,longbench_v2,longbench_v2/66f2aac2821e116aacb2a9de,202,D_matched_legacy,v20_dense_consumer,89,6,1522,eos,17.650641244996223,,,
v21_natural_zero_pruning,dllm,8f4d3762590f947ac0417405a6dac614,v21_natural_zero_pruning/dllm/8f4d3762590f947ac0417405a6dac614/attempt00.json,first,longbench_v2,longbench_v2/66f2aac2821e116aacb2a9de,202,D_matched_new_numeric,v20_dense_consumer,167,11,2653,eos,31.020643377007218,,,
v21_natural_zero_pruning,dllm,eb903160231a26803fb56679e0dd583e,v21_natural_zero_pruning/dllm/eb903160231a26803fb56679e0dd583e/attempt00.json,first,longbench_v2,longbench_v2/66f2aac2821e116aacb2a9de,202,D_native,native_dense,86,7,1552,eos,17.862177691000397,,,
v21_natural_zero_pruning,mpk,1834355c4cb83ae1b44c532d2c09ed49,v21_natural_zero_pruning/mpk/1834355c4cb83ae1b44c532d2c09ed49/attempt00.json,first,longbench_v2,longbench_v2/66f9625fbb02136c067c5456,101,D_matched_legacy,v20_dense_consumer,407,19,4837,eos,71.34669723291881,,,
v21_natural_zero_pruning,mpk,8b496f110dea6a6192477e89961a3fa8,v21_natural_zero_pruning/mpk/8b496f110dea6a6192477e89961a3fa8/attempt00.json,first,longbench_v2,longbench_v2/66f9625fbb02136c067c5456,101,D_matched_new_numeric,v20_dense_consumer,278,14,3569,eos,48.94265478104353,,,
v21_natural_zero_pruning,mpk,fe271c02cd93318c5fc2bc3877ea15a2,v21_natural_zero_pruning/mpk/fe271c02cd93318c5fc2bc3877ea15a2/attempt00.json,first,longbench_v2,longbench_v2/66f9625fbb02136c067c5456,101,D_native,native_dense,246,13,3174,eos,47.05472031701356,,,
v21_natural_zero_pruning,mpk,166b125d76f5a7e56573d5b0c0993a2d,v21_natural_zero_pruning/mpk/166b125d76f5a7e56573d5b0c0993a2d/attempt00.json,first,longbench_v2,longbench_v2/66f9625fbb02136c067c5456,202,D_matched_legacy,v20_dense_consumer,335,16,4001,eos,58.587814884027466,,,
v21_natural_zero_pruning,mpk,c1af72b3d039aa0ca9da2b1c24f099ef,v21_natural_zero_pruning/mpk/c1af72b3d039aa0ca9da2b1c24f099ef/attempt00.json,first,longbench_v2,longbench_v2/66f9625fbb02136c067c5456,202,D_matched_new_numeric,v20_dense_consumer,240,12,2901,eos,42.58212614385411,,,
v21_natural_zero_pruning,mpk,bd1a385cb7e6cd288cf8717e4276ffba,v21_natural_zero_pruning/mpk/bd1a385cb7e6cd288cf8717e4276ffba/attempt00.json,first,longbench_v2,longbench_v2/66f9625fbb02136c067c5456,202,D_native,native_dense,318,17,4133,eos,56.82798912189901,,,
v23_bootstrap6_lb_rest,mpk,adf63b9b2bf5258bb3d8aae3,v23_bootstrap6_lb_rest/mpk/adf63b9b2bf5258bb3d8aae3/attempt00.json,first,longbench_v2,longbench_v2/66ed2c87821e116aacb1f149,101,B_native_bootstrap2_observe1,global_B8,91,6,1494,eos,18.05016051302664,0.0,False,True
v23_bootstrap6_lb_rest,mpk,adf63b9b2bf5258bb3d8aae3,v23_bootstrap6_lb_rest/mpk/adf63b9b2bf5258bb3d8aae3/warm1.json,warm,longbench_v2,longbench_v2/66ed2c87821e116aacb1f149,101,B_native_bootstrap2_observe1,global_B8,91,6,1494,eos,18.50108065083623,,,
v23_bootstrap6_lb_rest,mpk,6b35204a13482a293f0e1527,v23_bootstrap6_lb_rest/mpk/6b35204a13482a293f0e1527/attempt00.json,first,longbench_v2,longbench_v2/66ed2c87821e116aacb1f149,101,D_native,native_dense,128,8,2002,eos,25.98478562803939,0.0,False,True
v23_bootstrap6_lb_rest,mpk,6b35204a13482a293f0e1527,v23_bootstrap6_lb_rest/mpk/6b35204a13482a293f0e1527/warm1.json,warm,longbench_v2,longbench_v2/66ed2c87821e116aacb1f149,101,D_native,native_dense,128,8,2002,eos,26.629953304072842,,,
v23_bootstrap6_lb_rest,mpk,24db3ff566646f25aef3fd6e,v23_bootstrap6_lb_rest/mpk/24db3ff566646f25aef3fd6e/attempt00.json,first,longbench_v2,longbench_v2/66ed2c87821e116aacb1f149,101,M1_native_bootstrap2_observe1,global_M1,61,5,1174,eos,14.250353930983692,0.0,False,True
v23_bootstrap6_lb_rest,mpk,24db3ff566646f25aef3fd6e,v23_bootstrap6_lb_rest/mpk/24db3ff566646f25aef3fd6e/warm1.json,warm,longbench_v2,longbench_v2/66ed2c87821e116aacb1f149,101,M1_native_bootstrap2_observe1,global_M1,61,5,1174,eos,14.250460962066427,,,
v23_bootstrap6_lb_rest,mpk,a5276c55fe339f23456b9411,v23_bootstrap6_lb_rest/mpk/a5276c55fe339f23456b9411/attempt00.json,first,longbench_v2,longbench_v2/66ed2c87821e116aacb1f149,101,M3_R3_A8_incumbent,v20_global_M3_R3,73,6,1365,eos,15.669415531912819,0.0,False,True
v23_bootstrap6_lb_rest,mpk,a5276c55fe339f23456b9411,v23_bootstrap6_lb_rest/mpk/a5276c55fe339f23456b9411/warm1.json,warm,longbench_v2,longbench_v2/66ed2c87821e116aacb1f149,101,M3_R3_A8_incumbent,v20_global_M3_R3,73,6,1365,eos,15.930098752956837,,,
v23_bootstrap6_lb_rest,mpk,a5579568cd455e9740cffcd3,v23_bootstrap6_lb_rest/mpk/a5579568cd455e9740cffcd3/attempt00.json,first,longbench_v2,longbench_v2/66ed2c87821e116aacb1f149,101,M3_native_bootstrap2_observe1,v20_global_M3_R3,62,5,1029,eos,15.714071586960927,0.0,False,True
v23_bootstrap6_lb_rest,mpk,a5579568cd455e9740cffcd3,v23_bootstrap6_lb_rest/mpk/a5579568cd455e9740cffcd3/warm1.json,warm,longbench_v2,longbench_v2/66ed2c87821e116aacb1f149,101,M3_native_bootstrap2_observe1,v20_global_M3_R3,62,5,1029,eos,14.238481151172891,,,
v23_bootstrap6_lb_rest,mpk,6b69ef3312747ac7f143cc3f,v23_bootstrap6_lb_rest/mpk/6b69ef3312747ac7f143cc3f/attempt00.json,first,longbench_v2,longbench_v2/66ed2c87821e116aacb1f149,101,T_scope,v20_fresh_T,86,6,1505,eos,19.131179849850014,0.0,False,True
v23_bootstrap6_lb_rest,mpk,6b69ef3312747ac7f143cc3f,v23_bootstrap6_lb_rest/mpk/6b69ef3312747ac7f143cc3f/warm1.json,warm,longbench_v2,longbench_v2/66ed2c87821e116aacb1f149,101,T_scope,v20_fresh_T,86,6,1505,eos,18.832357966108248,,,
v23_bootstrap6_lb_rest,dllm,fcaad719e199c1ed7ef634c7,v23_bootstrap6_lb_rest/dllm/fcaad719e199c1ed7ef634c7/attempt00.json,first,longbench_v2,longbench_v2/66ed2c87821e116aacb1f149,202,B_native_bootstrap2_observe1,global_B8,79,6,1514,eos,18.037218795987428,0.0,False,True
v23_bootstrap6_lb_rest,dllm,fcaad719e199c1ed7ef634c7,v23_bootstrap6_lb_rest/dllm/fcaad719e199c1ed7ef634c7/warm1.json,warm,longbench_v2,longbench_v2/66ed2c87821e116aacb1f149,202,B_native_bootstrap2_observe1,global_B8,79,6,1514,eos,16.124428552997415,,,
v23_bootstrap6_lb_rest,dllm,b5a5965889bf656d5fa9d3c8,v23_bootstrap6_lb_rest/dllm/b5a5965889bf656d5fa9d3c8/attempt00.json,first,longbench_v2,longbench_v2/66ed2c87821e116aacb1f149,202,D_native,native_dense,73,5,1219,eos,16.39462457400805,0.0,False,True
v23_bootstrap6_lb_rest,dllm,b5a5965889bf656d5fa9d3c8,v23_bootstrap6_lb_rest/dllm/b5a5965889bf656d5fa9d3c8/warm1.json,warm,longbench_v2,longbench_v2/66ed2c87821e116aacb1f149,202,D_native,native_dense,73,5,1219,eos,16.5962712969922,,,
v23_bootstrap6_lb_rest,dllm,3cfb13da64fc75e2e69d82a0,v23_bootstrap6_lb_rest/dllm/3cfb13da64fc75e2e69d82a0/attempt00.json,first,longbench_v2,longbench_v2/66ed2c87821e116aacb1f149,202,M1_native_bootstrap2_observe1,global_M1,71,5,1193,eos,15.425725471010082,0.0,False,True
v23_bootstrap6_lb_rest,dllm,3cfb13da64fc75e2e69d82a0,v23_bootstrap6_lb_rest/dllm/3cfb13da64fc75e2e69d82a0/warm1.json,warm,longbench_v2,longbench_v2/66ed2c87821e116aacb1f149,202,M1_native_bootstrap2_observe1,global_M1,71,5,1193,eos,15.441444887997932,,,
v23_bootstrap6_lb_rest,dllm,6320a4ac0ecb9a9543184206,v23_bootstrap6_lb_rest/dllm/6320a4ac0ecb9a9543184206/attempt00.json,first,longbench_v2,longbench_v2/66ed2c87821e116aacb1f149,202,M3_R3_A8_incumbent,v20_global_M3_R3,78,5,1197,eos,16.024586681989604,0.0,False,True
v23_bootstrap6_lb_rest,dllm,6320a4ac0ecb9a9543184206,v23_bootstrap6_lb_rest/dllm/6320a4ac0ecb9a9543184206/warm1.json,warm,longbench_v2,longbench_v2/66ed2c87821e116aacb1f149,202,M3_R3_A8_incumbent,v20_global_M3_R3,78,5,1197,eos,16.03799676601193,,,
v23_bootstrap6_lb_rest,dllm,20535a27a566df5152ced69e,v23_bootstrap6_lb_rest/dllm/20535a27a566df5152ced69e/attempt00.json,first,longbench_v2,longbench_v2/66ed2c87821e116aacb1f149,202,M3_native_bootstrap2_observe1,v20_global_M3_R3,175,11,2647,eos,31.849474570990424,0.0,False,True
v23_bootstrap6_lb_rest,dllm,20535a27a566df5152ced69e,v23_bootstrap6_lb_rest/dllm/20535a27a566df5152ced69e/warm1.json,warm,longbench_v2,longbench_v2/66ed2c87821e116aacb1f149,202,M3_native_bootstrap2_observe1,v20_global_M3_R3,175,11,2647,eos,32.06494885600114,,,
v23_bootstrap6_lb_rest,dllm,30fab35ba8937f11b163c450,v23_bootstrap6_lb_rest/dllm/30fab35ba8937f11b163c450/attempt00.json,first,longbench_v2,longbench_v2/66ed2c87821e116aacb1f149,202,T_scope,v20_fresh_T,58,5,1139,eos,13.75990622700192,0.0,False,True
v23_bootstrap6_lb_rest,dllm,30fab35ba8937f11b163c450,v23_bootstrap6_lb_rest/dllm/30fab35ba8937f11b163c450/warm1.json,warm,longbench_v2,longbench_v2/66ed2c87821e116aacb1f149,202,T_scope,v20_fresh_T,58,5,1139,eos,13.53030026399938,,,
v23_bootstrap6_lb_rest,mpk,c1d28f1907c2682fb182c42d,v23_bootstrap6_lb_rest/mpk/c1d28f1907c2682fb182c42d/attempt00.json,first,longbench_v2,longbench_v2/66f120a9821e116aacb26d02,101,B_native_bootstrap2_observe1,global_B8,384,17,4168,eos,66.06956861494109,0.0,False,True
v23_bootstrap6_lb_rest,mpk,c1d28f1907c2682fb182c42d,v23_bootstrap6_lb_rest/mpk/c1d28f1907c2682fb182c42d/warm1.json,warm,longbench_v2,longbench_v2/66f120a9821e116aacb26d02,101,B_native_bootstrap2_observe1,global_B8,384,17,4168,eos,66.12117387307808,,,
v23_bootstrap6_lb_rest,mpk,4be765c2fcfcd71576428758,v23_bootstrap6_lb_rest/mpk/4be765c2fcfcd71576428758/attempt00.json,first,longbench_v2,longbench_v2/66f120a9821e116aacb26d02,101,D_native,native_dense,338,15,3809,eos,63.39325742307119,1.0,True,True
v23_bootstrap6_lb_rest,mpk,4be765c2fcfcd71576428758,v23_bootstrap6_lb_rest/mpk/4be765c2fcfcd71576428758/warm1.json,warm,longbench_v2,longbench_v2/66f120a9821e116aacb26d02,101,D_native,native_dense,338,15,3809,eos,64.02157851820812,,,
v23_bootstrap6_lb_rest,mpk,4f4c8656b0f0b3bc0fe6f2b4,v23_bootstrap6_lb_rest/mpk/4f4c8656b0f0b3bc0fe6f2b4/attempt00.json,first,longbench_v2,longbench_v2/66f120a9821e116aacb26d02,101,M1_native_bootstrap2_observe1,global_M1,248,10,2512,eos,45.98752872715704,1.0,True,True
v23_bootstrap6_lb_rest,mpk,4f4c8656b0f0b3bc0fe6f2b4,v23_bootstrap6_lb_rest/mpk/4f4c8656b0f0b3bc0fe6f2b4/warm1.json,warm,longbench_v2,longbench_v2/66f120a9821e116aacb26d02,101,M1_native_bootstrap2_observe1,global_M1,248,10,2512,eos,46.26729570305906,,,
v23_bootstrap6_lb_rest,mpk,a7d1af5f257449724966aebe,v23_bootstrap6_lb_rest/mpk/a7d1af5f257449724966aebe/attempt00.json,first,longbench_v2,longbench_v2/66f120a9821e116aacb26d02,101,M3_R3_A8_incumbent,v20_global_M3_R3,391,17,4193,eos,67.70084570511244,1.0,True,True
v23_bootstrap6_lb_rest,mpk,a7d1af5f257449724966aebe,v23_bootstrap6_lb_rest/mpk/a7d1af5f257449724966aebe/warm1.json,warm,longbench_v2,longbench_v2/66f120a9821e116aacb26d02,101,M3_R3_A8_incumbent,v20_global_M3_R3,391,17,4193,eos,67.83434128388762,,,
v23_bootstrap6_lb_rest,mpk,9274cc0710f3a90f0df2480b,v23_bootstrap6_lb_rest/mpk/9274cc0710f3a90f0df2480b/attempt00.json,first,longbench_v2,longbench_v2/66f120a9821e116aacb26d02,101,M3_native_bootstrap2_observe1,v20_global_M3_R3,374,18,4540,eos,65.92413638788275,1.0,True,True
v23_bootstrap6_lb_rest,mpk,9274cc0710f3a90f0df2480b,v23_bootstrap6_lb_rest/mpk/9274cc0710f3a90f0df2480b/warm1.json,warm,longbench_v2,longbench_v2/66f120a9821e116aacb26d02,101,M3_native_bootstrap2_observe1,v20_global_M3_R3,374,18,4540,eos,66.04765848186798,,,
v23_bootstrap6_lb_rest,mpk,3b20cff74492bd4f2957e9f4,v23_bootstrap6_lb_rest/mpk/3b20cff74492bd4f2957e9f4/attempt00.json,first,longbench_v2,longbench_v2/66f120a9821e116aacb26d02,101,T_scope,v20_fresh_T,335,14,3498,eos,62.047948099905625,1.0,True,True
v23_bootstrap6_lb_rest,mpk,3b20cff74492bd4f2957e9f4,v23_bootstrap6_lb_rest/mpk/3b20cff74492bd4f2957e9f4/warm1.json,warm,longbench_v2,longbench_v2/66f120a9821e116aacb26d02,101,T_scope,v20_fresh_T,335,14,3498,eos,62.08571455208585,,,
v23_bootstrap6_lb_rest,dllm,cf9f5a0473cbcfb033e04281,v23_bootstrap6_lb_rest/dllm/cf9f5a0473cbcfb033e04281/attempt00.json,first,longbench_v2,longbench_v2/66f120a9821e116aacb26d02,202,B_native_bootstrap2_observe1,global_B8,339,15,3735,eos,57.05050328699872,1.0,True,True
v23_bootstrap6_lb_rest,dllm,cf9f5a0473cbcfb033e04281,v23_bootstrap6_lb_rest/dllm/cf9f5a0473cbcfb033e04281/warm1.json,warm,longbench_v2,longbench_v2/66f120a9821e116aacb26d02,202,B_native_bootstrap2_observe1,global_B8,339,15,3735,eos,56.56658431500546,,,
v23_bootstrap6_lb_rest,dllm,132ed1287ccfd7167590147b,v23_bootstrap6_lb_rest/dllm/132ed1287ccfd7167590147b/attempt00.json,first,longbench_v2,longbench_v2/66f120a9821e116aacb26d02,202,D_native,native_dense,314,14,3530,eos,58.247325845004525,1.0,True,True
v23_bootstrap6_lb_rest,dllm,132ed1287ccfd7167590147b,v23_bootstrap6_lb_rest/dllm/132ed1287ccfd7167590147b/warm1.json,warm,longbench_v2,longbench_v2/66f120a9821e116aacb26d02,202,D_native,native_dense,314,14,3530,eos,57.5336822399986,,,
v23_bootstrap6_lb_rest,dllm,3b39f39fa68b096d22058ed2,v23_bootstrap6_lb_rest/dllm/3b39f39fa68b096d22058ed2/attempt00.json,first,longbench_v2,longbench_v2/66f120a9821e116aacb26d02,202,M1_native_bootstrap2_observe1,global_M1,368,18,4444,eos,65.28771107501234,1.0,True,True
v23_bootstrap6_lb_rest,dllm,3b39f39fa68b096d22058ed2,v23_bootstrap6_lb_rest/dllm/3b39f39fa68b096d22058ed2/warm1.json,warm,longbench_v2,longbench_v2/66f120a9821e116aacb26d02,202,M1_native_bootstrap2_observe1,global_M1,368,18,4444,eos,64.87386968798819,,,
v23_bootstrap6_lb_rest,dllm,92bb9899c8f86e4d2626432c,v23_bootstrap6_lb_rest/dllm/92bb9899c8f86e4d2626432c/attempt00.json,first,longbench_v2,longbench_v2/66f120a9821e116aacb26d02,202,M3_R3_A8_incumbent,v20_global_M3_R3,401,16,3867,eos,66.38401240599342,0.0,False,True
v23_bootstrap6_lb_rest,dllm,92bb9899c8f86e4d2626432c,v23_bootstrap6_lb_rest/dllm/92bb9899c8f86e4d2626432c/warm1.json,warm,longbench_v2,longbench_v2/66f120a9821e116aacb26d02,202,M3_R3_A8_incumbent,v20_global_M3_R3,401,16,3867,eos,66.5653218219959,,,
v23_bootstrap6_lb_rest,dllm,f774fc822b04dcc269844cd7,v23_bootstrap6_lb_rest/dllm/f774fc822b04dcc269844cd7/attempt00.json,first,longbench_v2,longbench_v2/66f120a9821e116aacb26d02,202,M3_native_bootstrap2_observe1,v20_global_M3_R3,290,14,3577,eos,50.06050881299598,1.0,True,True
v23_bootstrap6_lb_rest,dllm,f774fc822b04dcc269844cd7,v23_bootstrap6_lb_rest/dllm/f774fc822b04dcc269844cd7/warm1.json,warm,longbench_v2,longbench_v2/66f120a9821e116aacb26d02,202,M3_native_bootstrap2_observe1,v20_global_M3_R3,290,14,3577,eos,50.02532783499919,,,
v23_bootstrap6_lb_rest,dllm,ece7b13f83fe883de1cd391a,v23_bootstrap6_lb_rest/dllm/ece7b13f83fe883de1cd391a/attempt00.json,first,longbench_v2,longbench_v2/66f120a9821e116aacb26d02,202,T_scope,v20_fresh_T,380,17,4230,eos,67.43892177900125,1.0,True,True
v23_bootstrap6_lb_rest,dllm,ece7b13f83fe883de1cd391a,v23_bootstrap6_lb_rest/dllm/ece7b13f83fe883de1cd391a/warm1.json,warm,longbench_v2,longbench_v2/66f120a9821e116aacb26d02,202,T_scope,v20_fresh_T,380,17,4230,eos,67.52864025000599,,,
v23_bootstrap6_lb_rest,mpk,726cde2217e991562bcb43fd,v23_bootstrap6_lb_rest/mpk/726cde2217e991562bcb43fd/attempt00.json,first,longbench_v2,longbench_v2/66f8c6b4bb02136c067c4480,101,B_native_bootstrap2_observe1,global_B8,101,13,3216,eos,18.99792003398761,1.0,True,True
v23_bootstrap6_lb_rest,mpk,726cde2217e991562bcb43fd,v23_bootstrap6_lb_rest/mpk/726cde2217e991562bcb43fd/warm1.json,warm,longbench_v2,longbench_v2/66f8c6b4bb02136c067c4480,101,B_native_bootstrap2_observe1,global_B8,101,13,3216,eos,19.011147707002237,,,
v23_bootstrap6_lb_rest,mpk,982ed02a12ba29a703369db3,v23_bootstrap6_lb_rest/mpk/982ed02a12ba29a703369db3/attempt00.json,first,longbench_v2,longbench_v2/66f8c6b4bb02136c067c4480,101,D_native,native_dense,87,12,2939,eos,17.619514054153115,1.0,True,True
v23_bootstrap6_lb_rest,mpk,982ed02a12ba29a703369db3,v23_bootstrap6_lb_rest/mpk/982ed02a12ba29a703369db3/warm1.json,warm,longbench_v2,longbench_v2/66f8c6b4bb02136c067c4480,101,D_native,native_dense,87,12,2939,eos,17.7898559528403,,,
v23_bootstrap6_lb_rest,mpk,c4a80c942f90b9b7069fec60,v23_bootstrap6_lb_rest/mpk/c4a80c942f90b9b7069fec60/attempt00.json,first,longbench_v2,longbench_v2/66f8c6b4bb02136c067c4480,101,M1_native_bootstrap2_observe1,global_M1,101,13,3174,eos,19.73272318416275,1.0,True,True
v23_bootstrap6_lb_rest,mpk,c4a80c942f90b9b7069fec60,v23_bootstrap6_lb_rest/mpk/c4a80c942f90b9b7069fec60/warm1.json,warm,longbench_v2,longbench_v2/66f8c6b4bb02136c067c4480,101,M1_native_bootstrap2_observe1,global_M1,101,13,3174,eos,19.8548405719921,,,
v23_bootstrap6_lb_rest,mpk,21ea34e1871ee8aed9dc0ef0,v23_bootstrap6_lb_rest/mpk/21ea34e1871ee8aed9dc0ef0/attempt00.json,first,longbench_v2,longbench_v2/66f8c6b4bb02136c067c4480,101,M3_R3_A8_incumbent,v20_global_M3_R3,84,12,2929,eos,16.229162715142593,1.0,True,True
v23_bootstrap6_lb_rest,mpk,21ea34e1871ee8aed9dc0ef0,v23_bootstrap6_lb_rest/mpk/21ea34e1871ee8aed9dc0ef0/warm1.json,warm,longbench_v2,longbench_v2/66f8c6b4bb02136c067c4480,101,M3_R3_A8_incumbent,v20_global_M3_R3,84,12,2929,eos,16.236371646169573,,,
v23_bootstrap6_lb_rest,mpk,3af0c2dec5afeb3c3da0ddd0,v23_bootstrap6_lb_rest/mpk/3af0c2dec5afeb3c3da0ddd0/attempt00.json,first,longbench_v2,longbench_v2/66f8c6b4bb02136c067c4480,101,M3_native_bootstrap2_observe1,v20_global_M3_R3,100,13,3249,eos,19.22690334613435,1.0,True,True
v23_bootstrap6_lb_rest,mpk,3af0c2dec5afeb3c3da0ddd0,v23_bootstrap6_lb_rest/mpk/3af0c2dec5afeb3c3da0ddd0/warm1.json,warm,longbench_v2,longbench_v2/66f8c6b4bb02136c067c4480,101,M3_native_bootstrap2_observe1,v20_global_M3_R3,100,13,3249,eos,19.06192309013568,,,
v23_bootstrap6_lb_rest,mpk,2b163085b9f4a0d0fb81ebfa,v23_bootstrap6_lb_rest/mpk/2b163085b9f4a0d0fb81ebfa/attempt00.json,first,longbench_v2,longbench_v2/66f8c6b4bb02136c067c4480,101,T_scope,v20_fresh_T,104,12,2920,eos,20.14650520309806,1.0,True,True
v23_bootstrap6_lb_rest,mpk,2b163085b9f4a0d0fb81ebfa,v23_bootstrap6_lb_rest/mpk/2b163085b9f4a0d0fb81ebfa/warm1.json,warm,longbench_v2,longbench_v2/66f8c6b4bb02136c067c4480,101,T_scope,v20_fresh_T,104,12,2920,eos,20.0945040860679,,,
v23_bootstrap6_lb_rest,dllm,700c7d8a7e7c8e5df5dc6373,v23_bootstrap6_lb_rest/dllm/700c7d8a7e7c8e5df5dc6373/attempt00.json,first,longbench_v2,longbench_v2/66f8c6b4bb02136c067c4480,202,B_native_bootstrap2_observe1,global_B8,92,13,3157,eos,17.277185301994905,1.0,True,True
v23_bootstrap6_lb_rest,dllm,700c7d8a7e7c8e5df5dc6373,v23_bootstrap6_lb_rest/dllm/700c7d8a7e7c8e5df5dc6373/warm1.json,warm,longbench_v2,longbench_v2/66f8c6b4bb02136c067c4480,202,B_native_bootstrap2_observe1,global_B8,92,13,3157,eos,17.268456571997376,,,
v23_bootstrap6_lb_rest,dllm,0ce41d7603e3543e688e4f76,v23_bootstrap6_lb_rest/dllm/0ce41d7603e3543e688e4f76/attempt00.json,first,longbench_v2,longbench_v2/66f8c6b4bb02136c067c4480,202,D_native,native_dense,98,14,3385,eos,19.23029159400903,1.0,True,True
v23_bootstrap6_lb_rest,dllm,0ce41d7603e3543e688e4f76,v23_bootstrap6_lb_rest/dllm/0ce41d7603e3543e688e4f76/warm1.json,warm,longbench_v2,longbench_v2/66f8c6b4bb02136c067c4480,202,D_native,native_dense,98,14,3385,eos,19.251283388992306,,,
v23_bootstrap6_lb_rest,dllm,277376ab731f6adf35da0f5c,v23_bootstrap6_lb_rest/dllm/277376ab731f6adf35da0f5c/attempt00.json,first,longbench_v2,longbench_v2/66f8c6b4bb02136c067c4480,202,M1_native_bootstrap2_observe1,global_M1,104,14,3551,eos,20.04898463599966,1.0,True,True
v23_bootstrap6_lb_rest,dllm,277376ab731f6adf35da0f5c,v23_bootstrap6_lb_rest/dllm/277376ab731f6adf35da0f5c/warm1.json,warm,longbench_v2,longbench_v2/66f8c6b4bb02136c067c4480,202,M1_native_bootstrap2_observe1,global_M1,104,14,3551,eos,20.223667587008094,,,
v23_bootstrap6_lb_rest,dllm,bf38199e7423571a9dbc83dd,v23_bootstrap6_lb_rest/dllm/bf38199e7423571a9dbc83dd/attempt00.json,first,longbench_v2,longbench_v2/66f8c6b4bb02136c067c4480,202,M3_R3_A8_incumbent,v20_global_M3_R3,87,11,2707,eos,16.859855137998238,1.0,True,True
v23_bootstrap6_lb_rest,dllm,bf38199e7423571a9dbc83dd,v23_bootstrap6_lb_rest/dllm/bf38199e7423571a9dbc83dd/warm1.json,warm,longbench_v2,longbench_v2/66f8c6b4bb02136c067c4480,202,M3_R3_A8_incumbent,v20_global_M3_R3,87,11,2707,eos,16.16850653900474,,,
v23_bootstrap6_lb_rest,dllm,cee7864a79e2b08479cc221a,v23_bootstrap6_lb_rest/dllm/cee7864a79e2b08479cc221a/attempt00.json,first,longbench_v2,longbench_v2/66f8c6b4bb02136c067c4480,202,M3_native_bootstrap2_observe1,v20_global_M3_R3,89,12,3018,eos,17.157316522003384,1.0,True,True
v23_bootstrap6_lb_rest,dllm,cee7864a79e2b08479cc221a,v23_bootstrap6_lb_rest/dllm/cee7864a79e2b08479cc221a/warm1.json,warm,longbench_v2,longbench_v2/66f8c6b4bb02136c067c4480,202,M3_native_bootstrap2_observe1,v20_global_M3_R3,89,12,3018,eos,16.93155153299449,,,
v23_bootstrap6_lb_rest,dllm,b3ad7d69ba90b19ef1c342ed,v23_bootstrap6_lb_rest/dllm/b3ad7d69ba90b19ef1c342ed/attempt00.json,first,longbench_v2,longbench_v2/66f8c6b4bb02136c067c4480,202,T_scope,v20_fresh_T,84,11,2816,eos,16.383789367013378,1.0,True,True
v23_bootstrap6_lb_rest,dllm,b3ad7d69ba90b19ef1c342ed,v23_bootstrap6_lb_rest/dllm/b3ad7d69ba90b19ef1c342ed/warm1.json,warm,longbench_v2,longbench_v2/66f8c6b4bb02136c067c4480,202,T_scope,v20_fresh_T,84,11,2816,eos,16.402647258000798,,,
v23_bootstrap6_lb_rest,mpk,7d3dcd9a631b577ae01c9684,v23_bootstrap6_lb_rest/mpk/7d3dcd9a631b577ae01c9684/attempt00.json,first,longbench_v2,longbench_v2/67040276bb02136c067cd8ae,101,B_native_bootstrap2_observe1,global_B8,309,14,3491,eos,52.12188596604392,1.0,True,True
v23_bootstrap6_lb_rest,mpk,7d3dcd9a631b577ae01c9684,v23_bootstrap6_lb_rest/mpk/7d3dcd9a631b577ae01c9684/warm1.json,warm,longbench_v2,longbench_v2/67040276bb02136c067cd8ae,101,B_native_bootstrap2_observe1,global_B8,309,14,3491,eos,51.61086948495358,,,
v23_bootstrap6_lb_rest,mpk,0239de207831ada808872ff9,v23_bootstrap6_lb_rest/mpk/0239de207831ada808872ff9/attempt00.json,first,longbench_v2,longbench_v2/67040276bb02136c067cd8ae,101,D_native,native_dense,369,17,4142,eos,66.10359885613434,1.0,True,True
v23_bootstrap6_lb_rest,mpk,0239de207831ada808872ff9,v23_bootstrap6_lb_rest/mpk/0239de207831ada808872ff9/warm1.json,warm,longbench_v2,longbench_v2/67040276bb02136c067cd8ae,101,D_native,native_dense,369,17,4142,eos,66.0016293800436,,,
v23_bootstrap6_lb_rest,mpk,4c4fe820ae83482b036d5d1c,v23_bootstrap6_lb_rest/mpk/4c4fe820ae83482b036d5d1c/attempt00.json,first,longbench_v2,longbench_v2/67040276bb02136c067cd8ae,101,M1_native_bootstrap2_observe1,global_M1,309,15,3673,eos,55.305290560936555,1.0,True,True
v23_bootstrap6_lb_rest,mpk,4c4fe820ae83482b036d5d1c,v23_bootstrap6_lb_rest/mpk/4c4fe820ae83482b036d5d1c/warm1.json,warm,longbench_v2,longbench_v2/67040276bb02136c067cd8ae,101,M1_native_bootstrap2_observe1,global_M1,309,15,3673,eos,55.51503634196706,,,
v23_bootstrap6_lb_rest,mpk,ff769790f9a889c8e55c574c,v23_bootstrap6_lb_rest/mpk/ff769790f9a889c8e55c574c/attempt00.json,first,longbench_v2,longbench_v2/67040276bb02136c067cd8ae,101,M3_R3_A8_incumbent,v20_global_M3_R3,208,11,2651,eos,36.71469751209952,1.0,True,True
v23_bootstrap6_lb_rest,mpk,ff769790f9a889c8e55c574c,v23_bootstrap6_lb_rest/mpk/ff769790f9a889c8e55c574c/warm1.json,warm,longbench_v2,longbench_v2/67040276bb02136c067cd8ae,101,M3_R3_A8_incumbent,v20_global_M3_R3,208,11,2651,eos,36.48435157793574,,,
v23_bootstrap6_lb_rest,mpk,25aab7e3a4f9f4944db33cd4,v23_bootstrap6_lb_rest/mpk/25aab7e3a4f9f4944db33cd4/attempt00.json,first,longbench_v2,longbench_v2/67040276bb02136c067cd8ae,101,M3_native_bootstrap2_observe1,v20_global_M3_R3,297,14,3439,eos,52.07821169286035,1.0,True,True
v23_bootstrap6_lb_rest,mpk,25aab7e3a4f9f4944db33cd4,v23_bootstrap6_lb_rest/mpk/25aab7e3a4f9f4944db33cd4/warm1.json,warm,longbench_v2,longbench_v2/67040276bb02136c067cd8ae,101,M3_native_bootstrap2_observe1,v20_global_M3_R3,297,14,3439,eos,51.18851290503517,,,
v23_bootstrap6_lb_rest,mpk,321d0433a510a0d26bfb7a12,v23_bootstrap6_lb_rest/mpk/321d0433a510a0d26bfb7a12/attempt00.json,first,longbench_v2,longbench_v2/67040276bb02136c067cd8ae,101,T_scope,v20_fresh_T,139,8,1917,eos,25.94882618705742,1.0,True,True
v23_bootstrap6_lb_rest,mpk,321d0433a510a0d26bfb7a12,v23_bootstrap6_lb_rest/mpk/321d0433a510a0d26bfb7a12/warm1.json,warm,longbench_v2,longbench_v2/67040276bb02136c067cd8ae,101,T_scope,v20_fresh_T,139,8,1917,eos,25.89457689388655,,,
v23_bootstrap6_lb_rest,dllm,46bcb5926d60d2245326e435,v23_bootstrap6_lb_rest/dllm/46bcb5926d60d2245326e435/attempt00.json,first,longbench_v2,longbench_v2/67040276bb02136c067cd8ae,202,B_native_bootstrap2_observe1,global_B8,253,14,3382,eos,42.71723564399872,0.0,False,True
v23_bootstrap6_lb_rest,dllm,46bcb5926d60d2245326e435,v23_bootstrap6_lb_rest/dllm/46bcb5926d60d2245326e435/warm1.json,warm,longbench_v2,longbench_v2/67040276bb02136c067cd8ae,202,B_native_bootstrap2_observe1,global_B8,253,14,3382,eos,42.10669304500334,,,
v23_bootstrap6_lb_rest,dllm,21009c06d3d4253afb1abb8a,v23_bootstrap6_lb_rest/dllm/21009c06d3d4253afb1abb8a/attempt00.json,first,longbench_v2,longbench_v2/67040276bb02136c067cd8ae,202,D_native,native_dense,193,11,2582,eos,34.272217415011255,1.0,True,True
v23_bootstrap6_lb_rest,dllm,21009c06d3d4253afb1abb8a,v23_bootstrap6_lb_rest/dllm/21009c06d3d4253afb1abb8a/warm1.json,warm,longbench_v2,longbench_v2/67040276bb02136c067cd8ae,202,D_native,native_dense,193,11,2582,eos,34.35138574500161,,,
v23_bootstrap6_lb_rest,dllm,bf809a763379a2d10d497506,v23_bootstrap6_lb_rest/dllm/bf809a763379a2d10d497506/attempt00.json,first,longbench_v2,longbench_v2/67040276bb02136c067cd8ae,202,M1_native_bootstrap2_observe1,global_M1,220,11,2639,eos,38.46898437199707,0.0,False,True
v23_bootstrap6_lb_rest,dllm,bf809a763379a2d10d497506,v23_bootstrap6_lb_rest/dllm/bf809a763379a2d10d497506/warm1.json,warm,longbench_v2,longbench_v2/67040276bb02136c067cd8ae,202,M1_native_bootstrap2_observe1,global_M1,220,11,2639,eos,38.53676206000091,,,
v23_bootstrap6_lb_rest,dllm,9a4e86f96873258f5a5f1bef,v23_bootstrap6_lb_rest/dllm/9a4e86f96873258f5a5f1bef/attempt00.json,first,longbench_v2,longbench_v2/67040276bb02136c067cd8ae,202,M3_R3_A8_incumbent,v20_global_M3_R3,168,9,2294,eos,29.07363685000746,1.0,True,True
v23_bootstrap6_lb_rest,dllm,9a4e86f96873258f5a5f1bef,v23_bootstrap6_lb_rest/dllm/9a4e86f96873258f5a5f1bef/warm1.json,warm,longbench_v2,longbench_v2/67040276bb02136c067cd8ae,202,M3_R3_A8_incumbent,v20_global_M3_R3,168,9,2294,eos,29.074141617995338,,,
v23_bootstrap6_lb_rest,dllm,e83320832d2726e4599eb227,v23_bootstrap6_lb_rest/dllm/e83320832d2726e4599eb227/attempt00.json,first,longbench_v2,longbench_v2/67040276bb02136c067cd8ae,202,M3_native_bootstrap2_observe1,v20_global_M3_R3,222,12,2886,eos,37.55838149199553,1.0,True,True
v23_bootstrap6_lb_rest,dllm,e83320832d2726e4599eb227,v23_bootstrap6_lb_rest/dllm/e83320832d2726e4599eb227/warm1.json,warm,longbench_v2,longbench_v2/67040276bb02136c067cd8ae,202,M3_native_bootstrap2_observe1,v20_global_M3_R3,222,12,2886,eos,37.5587060580001,,,
v23_bootstrap6_lb_rest,dllm,d59fb5758cf5721efc1d44fa,v23_bootstrap6_lb_rest/dllm/d59fb5758cf5721efc1d44fa/attempt00.json,first,longbench_v2,longbench_v2/67040276bb02136c067cd8ae,202,T_scope,v20_fresh_T,204,10,2493,eos,35.4895932500076,1.0,True,True
v23_bootstrap6_lb_rest,dllm,d59fb5758cf5721efc1d44fa,v23_bootstrap6_lb_rest/dllm/d59fb5758cf5721efc1d44fa/warm1.json,warm,longbench_v2,longbench_v2/67040276bb02136c067cd8ae,202,T_scope,v20_fresh_T,204,10,2493,eos,35.59071319800569,,,
v23_bootstrap6_preview_aime,mpk,914b77c46280f7cb759773d1,v23_bootstrap6_preview_aime/mpk/914b77c46280f7cb759773d1/attempt00.json,first,aime26,aime26/14,101,B_native_bootstrap2_observe1,global_B8,498,32,8192,length,76.07659451500513,0.0,False,False
v23_bootstrap6_preview_aime,mpk,914b77c46280f7cb759773d1,v23_bootstrap6_preview_aime/mpk/914b77c46280f7cb759773d1/warm1.json,warm,aime26,aime26/14,101,B_native_bootstrap2_observe1,global_B8,498,32,8192,length,75.78304843395017,,,
v23_bootstrap6_preview_aime,mpk,a119053df7aa43f76ceba722,v23_bootstrap6_preview_aime/mpk/a119053df7aa43f76ceba722/attempt00.json,first,aime26,aime26/14,101,D_native,native_dense,526,32,8192,length,77.18428100389428,0.0,False,False
v23_bootstrap6_preview_aime,mpk,a119053df7aa43f76ceba722,v23_bootstrap6_preview_aime/mpk/a119053df7aa43f76ceba722/warm1.json,warm,aime26,aime26/14,101,D_native,native_dense,526,32,8192,length,76.80570738087408,,,
v23_bootstrap6_preview_aime,mpk,010abdbccbebb82793ee0e40,v23_bootstrap6_preview_aime/mpk/010abdbccbebb82793ee0e40/attempt00.json,first,aime26,aime26/14,101,M1_native_bootstrap2_observe1,global_M1,510,32,8192,length,78.13951301015913,0.0,False,False
v23_bootstrap6_preview_aime,mpk,010abdbccbebb82793ee0e40,v23_bootstrap6_preview_aime/mpk/010abdbccbebb82793ee0e40/warm1.json,warm,aime26,aime26/14,101,M1_native_bootstrap2_observe1,global_M1,510,32,8192,length,78.28254586900584,,,
v23_bootstrap6_preview_aime,mpk,9c4a15549e8228af5aea464b,v23_bootstrap6_preview_aime/mpk/9c4a15549e8228af5aea464b/attempt00.json,first,aime26,aime26/14,101,M3_R3_A8_incumbent,v20_global_M3_R3,403,32,8192,length,61.15795763186179,0.0,False,True
v23_bootstrap6_preview_aime,mpk,9c4a15549e8228af5aea464b,v23_bootstrap6_preview_aime/mpk/9c4a15549e8228af5aea464b/warm1.json,warm,aime26,aime26/14,101,M3_R3_A8_incumbent,v20_global_M3_R3,403,32,8192,length,60.86003168905154,,,
v23_bootstrap6_preview_aime,mpk,89f31b9b0b3bac4e7998e31b,v23_bootstrap6_preview_aime/mpk/89f31b9b0b3bac4e7998e31b/attempt00.json,first,aime26,aime26/14,101,M3_native_bootstrap2_observe1,v20_global_M3_R3,538,32,8192,length,83.04941132408567,0.0,False,True
v23_bootstrap6_preview_aime,mpk,89f31b9b0b3bac4e7998e31b,v23_bootstrap6_preview_aime/mpk/89f31b9b0b3bac4e7998e31b/warm1.json,warm,aime26,aime26/14,101,M3_native_bootstrap2_observe1,v20_global_M3_R3,538,32,8192,length,82.47781521012075,,,
v23_bootstrap6_preview_aime,mpk,b0c6016697194afd430c8df3,v23_bootstrap6_preview_aime/mpk/b0c6016697194afd430c8df3/attempt00.json,first,aime26,aime26/14,101,T_scope,v20_fresh_T,551,32,8192,length,82.4774753160309,0.0,False,False
v23_bootstrap6_preview_aime,mpk,b0c6016697194afd430c8df3,v23_bootstrap6_preview_aime/mpk/b0c6016697194afd430c8df3/warm1.json,warm,aime26,aime26/14,101,T_scope,v20_fresh_T,551,32,8192,length,82.50805804994889,,,
v23_bootstrap6_preview_aime,dllm,c7ddbc42d1e55f1b913e8c74,v23_bootstrap6_preview_aime/dllm/c7ddbc42d1e55f1b913e8c74/attempt00.json,first,aime26,aime26/14,202,B_native_bootstrap2_observe1,global_B8,486,32,8192,length,68.16458277498896,0.0,False,False
v23_bootstrap6_preview_aime,dllm,c7ddbc42d1e55f1b913e8c74,v23_bootstrap6_preview_aime/dllm/c7ddbc42d1e55f1b913e8c74/warm1.json,warm,aime26,aime26/14,202,B_native_bootstrap2_observe1,global_B8,486,32,8192,length,67.94895905800513,,,
v23_bootstrap6_preview_aime,dllm,efd7d1f1d1c602feabf86d2c,v23_bootstrap6_preview_aime/dllm/efd7d1f1d1c602feabf86d2c/attempt00.json,first,aime26,aime26/14,202,D_native,native_dense,550,32,8192,length,76.74408304599638,0.0,False,False
v23_bootstrap6_preview_aime,dllm,efd7d1f1d1c602feabf86d2c,v23_bootstrap6_preview_aime/dllm/efd7d1f1d1c602feabf86d2c/warm1.json,warm,aime26,aime26/14,202,D_native,native_dense,550,32,8192,length,76.59155614300107,,,
v23_bootstrap6_preview_aime,dllm,4f783f101790272aadde6650,v23_bootstrap6_preview_aime/dllm/4f783f101790272aadde6650/attempt00.json,first,aime26,aime26/14,202,M1_native_bootstrap2_observe1,global_M1,505,32,8192,length,73.97123363699939,0.0,False,False
v23_bootstrap6_preview_aime,dllm,4f783f101790272aadde6650,v23_bootstrap6_preview_aime/dllm/4f783f101790272aadde6650/warm1.json,warm,aime26,aime26/14,202,M1_native_bootstrap2_observe1,global_M1,505,32,8192,length,74.01286795799388,,,
v23_bootstrap6_preview_aime,dllm,3d96d4a6f25e0d1dcd71b209,v23_bootstrap6_preview_aime/dllm/3d96d4a6f25e0d1dcd71b209/attempt00.json,first,aime26,aime26/14,202,M3_R3_A8_incumbent,v20_global_M3_R3,420,32,8192,length,59.46354670700384,0.0,False,False
v23_bootstrap6_preview_aime,dllm,3d96d4a6f25e0d1dcd71b209,v23_bootstrap6_preview_aime/dllm/3d96d4a6f25e0d1dcd71b209/warm1.json,warm,aime26,aime26/14,202,M3_R3_A8_incumbent,v20_global_M3_R3,420,32,8192,length,59.37143907599966,,,
v23_bootstrap6_preview_aime,dllm,8b485a8c30f898553b2c7e2d,v23_bootstrap6_preview_aime/dllm/8b485a8c30f898553b2c7e2d/attempt00.json,first,aime26,aime26/14,202,M3_native_bootstrap2_observe1,v20_global_M3_R3,559,32,8192,length,79.15829356200993,0.0,False,False
v23_bootstrap6_preview_aime,dllm,8b485a8c30f898553b2c7e2d,v23_bootstrap6_preview_aime/dllm/8b485a8c30f898553b2c7e2d/warm1.json,warm,aime26,aime26/14,202,M3_native_bootstrap2_observe1,v20_global_M3_R3,559,32,8192,length,79.27428369199333,,,
v23_bootstrap6_preview_aime,dllm,9cf8ec5b0ca308b115b527a6,v23_bootstrap6_preview_aime/dllm/9cf8ec5b0ca308b115b527a6/attempt00.json,first,aime26,aime26/14,202,T_scope,v20_fresh_T,567,32,8192,length,80.23496677199728,0.0,False,False
v23_bootstrap6_preview_aime,dllm,9cf8ec5b0ca308b115b527a6,v23_bootstrap6_preview_aime/dllm/9cf8ec5b0ca308b115b527a6/warm1.json,warm,aime26,aime26/14,202,T_scope,v20_fresh_T,567,32,8192,length,80.24208565300796,,,
v23_bootstrap6_preview_aime,mpk,27c7c1c793bdb2ba5f2951cf,v23_bootstrap6_preview_aime/mpk/27c7c1c793bdb2ba5f2951cf/attempt00.json,first,aime26,aime26/2,101,B_native_bootstrap2_observe1,global_B8,130,16,4082,eos,20.297475921921432,0.0,False,True
v23_bootstrap6_preview_aime,mpk,27c7c1c793bdb2ba5f2951cf,v23_bootstrap6_preview_aime/mpk/27c7c1c793bdb2ba5f2951cf/warm1.json,warm,aime26,aime26/2,101,B_native_bootstrap2_observe1,global_B8,130,16,4082,eos,20.226150516886264,,,
v23_bootstrap6_preview_aime,mpk,bf4a244020912601cd1b1ff1,v23_bootstrap6_preview_aime/mpk/bf4a244020912601cd1b1ff1/attempt00.json,first,aime26,aime26/2,101,D_native,native_dense,264,30,7527,eos,42.26250562607311,1.0,True,True
v23_bootstrap6_preview_aime,mpk,bf4a244020912601cd1b1ff1,v23_bootstrap6_preview_aime/mpk/bf4a244020912601cd1b1ff1/warm1.json,warm,aime26,aime26/2,101,D_native,native_dense,264,30,7527,eos,40.87611595308408,,,
v23_bootstrap6_preview_aime,mpk,31d899a8d53f84c47e903949,v23_bootstrap6_preview_aime/mpk/31d899a8d53f84c47e903949/attempt00.json,first,aime26,aime26/2,101,M1_native_bootstrap2_observe1,global_M1,172,21,5322,eos,27.508548491168767,1.0,True,True
v23_bootstrap6_preview_aime,mpk,31d899a8d53f84c47e903949,v23_bootstrap6_preview_aime/mpk/31d899a8d53f84c47e903949/warm1.json,warm,aime26,aime26/2,101,M1_native_bootstrap2_observe1,global_M1,172,21,5322,eos,27.469208125025034,,,
v23_bootstrap6_preview_aime,mpk,d6446c68b7c223dd3b7dd76e,v23_bootstrap6_preview_aime/mpk/d6446c68b7c223dd3b7dd76e/attempt00.json,first,aime26,aime26/2,101,M3_R3_A8_incumbent,v20_global_M3_R3,207,26,6621,eos,32.60226795892231,1.0,True,True
v23_bootstrap6_preview_aime,mpk,d6446c68b7c223dd3b7dd76e,v23_bootstrap6_preview_aime/mpk/d6446c68b7c223dd3b7dd76e/warm1.json,warm,aime26,aime26/2,101,M3_R3_A8_incumbent,v20_global_M3_R3,207,26,6621,eos,32.53754767100327,,,
v23_bootstrap6_preview_aime,mpk,06177f4a56bc9c4fea2d4c73,v23_bootstrap6_preview_aime/mpk/06177f4a56bc9c4fea2d4c73/attempt00.json,first,aime26,aime26/2,101,M3_native_bootstrap2_observe1,v20_global_M3_R3,121,16,3958,eos,19.144075681921095,1.0,True,True
v23_bootstrap6_preview_aime,mpk,06177f4a56bc9c4fea2d4c73,v23_bootstrap6_preview_aime/mpk/06177f4a56bc9c4fea2d4c73/warm1.json,warm,aime26,aime26/2,101,M3_native_bootstrap2_observe1,v20_global_M3_R3,121,16,3958,eos,19.17324266396463,,,
v23_bootstrap6_preview_aime,mpk,7d14791518d39ae026a98de9,v23_bootstrap6_preview_aime/mpk/7d14791518d39ae026a98de9/attempt00.json,first,aime26,aime26/2,101,T_scope,v20_fresh_T,128,17,4167,eos,20.320309950970113,1.0,True,True
v23_bootstrap6_preview_aime,mpk,7d14791518d39ae026a98de9,v23_bootstrap6_preview_aime/mpk/7d14791518d39ae026a98de9/warm1.json,warm,aime26,aime26/2,101,T_scope,v20_fresh_T,128,17,4167,eos,20.05765020707622,,,
v23_bootstrap6_preview_aime,dllm,959e85979d7dbf953689c7e2,v23_bootstrap6_preview_aime/dllm/959e85979d7dbf953689c7e2/attempt00.json,first,aime26,aime26/2,202,B_native_bootstrap2_observe1,global_B8,175,20,4998,eos,25.92772606399376,1.0,True,True
v23_bootstrap6_preview_aime,dllm,959e85979d7dbf953689c7e2,v23_bootstrap6_preview_aime/dllm/959e85979d7dbf953689c7e2/warm1.json,warm,aime26,aime26/2,202,B_native_bootstrap2_observe1,global_B8,175,20,4998,eos,25.806776786004775,,,
v23_bootstrap6_preview_aime,dllm,0217fd9ff4ff100f30eb311e,v23_bootstrap6_preview_aime/dllm/0217fd9ff4ff100f30eb311e/attempt00.json,first,aime26,aime26/2,202,D_native,native_dense,123,18,4476,eos,18.115923028002726,1.0,True,True
v23_bootstrap6_preview_aime,dllm,0217fd9ff4ff100f30eb311e,v23_bootstrap6_preview_aime/dllm/0217fd9ff4ff100f30eb311e/warm1.json,warm,aime26,aime26/2,202,D_native,native_dense,123,18,4476,eos,18.075408057004097,,,
v23_bootstrap6_preview_aime,dllm,c9272413162dc41783692240,v23_bootstrap6_preview_aime/dllm/c9272413162dc41783692240/attempt00.json,first,aime26,aime26/2,202,M1_native_bootstrap2_observe1,global_M1,191,19,4703,eos,28.355311870996957,1.0,True,True
v23_bootstrap6_preview_aime,dllm,c9272413162dc41783692240,v23_bootstrap6_preview_aime/dllm/c9272413162dc41783692240/warm1.json,warm,aime26,aime26/2,202,M1_native_bootstrap2_observe1,global_M1,191,19,4703,eos,28.230589604994748,,,
v23_bootstrap6_preview_aime,dllm,90fb5a9b7566c59bc3ab1052,v23_bootstrap6_preview_aime/dllm/90fb5a9b7566c59bc3ab1052/attempt00.json,first,aime26,aime26/2,202,M3_R3_A8_incumbent,v20_global_M3_R3,83,11,2771,eos,12.690400473991758,1.0,True,True
v23_bootstrap6_preview_aime,dllm,90fb5a9b7566c59bc3ab1052,v23_bootstrap6_preview_aime/dllm/90fb5a9b7566c59bc3ab1052/warm1.json,warm,aime26,aime26/2,202,M3_R3_A8_incumbent,v20_global_M3_R3,83,11,2771,eos,12.50096391099214,,,
v23_bootstrap6_preview_aime,dllm,f08e96b968e27917a9fc0025,v23_bootstrap6_preview_aime/dllm/f08e96b968e27917a9fc0025/attempt00.json,first,aime26,aime26/2,202,M3_native_bootstrap2_observe1,v20_global_M3_R3,178,24,6003,eos,26.87998584000161,1.0,True,True
v23_bootstrap6_preview_aime,dllm,f08e96b968e27917a9fc0025,v23_bootstrap6_preview_aime/dllm/f08e96b968e27917a9fc0025/warm1.json,warm,aime26,aime26/2,202,M3_native_bootstrap2_observe1,v20_global_M3_R3,178,24,6003,eos,26.82796703200438,,,
v23_bootstrap6_preview_aime,dllm,417cf8e19f19eac3da931463,v23_bootstrap6_preview_aime/dllm/417cf8e19f19eac3da931463/attempt00.json,first,aime26,aime26/2,202,T_scope,v20_fresh_T,168,20,4953,eos,26.512451910006348,1.0,True,True
v23_bootstrap6_preview_aime,dllm,417cf8e19f19eac3da931463,v23_bootstrap6_preview_aime/dllm/417cf8e19f19eac3da931463/warm1.json,warm,aime26,aime26/2,202,T_scope,v20_fresh_T,168,20,4953,eos,24.532875870005228,,,
v23_bootstrap6_preview_aime,mpk,241aada29e994005d987bdb3,v23_bootstrap6_preview_aime/mpk/241aada29e994005d987bdb3/attempt00.json,first,aime26,aime26/20,101,B_native_bootstrap2_observe1,global_B8,243,24,5916,eos,36.93759873788804,1.0,True,True
v23_bootstrap6_preview_aime,mpk,241aada29e994005d987bdb3,v23_bootstrap6_preview_aime/mpk/241aada29e994005d987bdb3/warm1.json,warm,aime26,aime26/20,101,B_native_bootstrap2_observe1,global_B8,243,24,5916,eos,36.97569731902331,,,
v23_bootstrap6_preview_aime,mpk,281af9ce1c4177743c6cc481,v23_bootstrap6_preview_aime/mpk/281af9ce1c4177743c6cc481/attempt00.json,first,aime26,aime26/20,101,D_native,native_dense,105,12,2969,eos,16.105583891971037,0.0,False,True
v23_bootstrap6_preview_aime,mpk,281af9ce1c4177743c6cc481,v23_bootstrap6_preview_aime/mpk/281af9ce1c4177743c6cc481/warm1.json,warm,aime26,aime26/20,101,D_native,native_dense,105,12,2969,eos,16.093674954026937,,,
v23_bootstrap6_preview_aime,mpk,9f138c0102312150bbce5785,v23_bootstrap6_preview_aime/mpk/9f138c0102312150bbce5785/attempt00.json,first,aime26,aime26/20,101,M1_native_bootstrap2_observe1,global_M1,86,9,2294,eos,13.277073305100203,1.0,True,True
v23_bootstrap6_preview_aime,mpk,9f138c0102312150bbce5785,v23_bootstrap6_preview_aime/mpk/9f138c0102312150bbce5785/warm1.json,warm,aime26,aime26/20,101,M1_native_bootstrap2_observe1,global_M1,86,9,2294,eos,13.299641069024801,,,
v23_bootstrap6_preview_aime,mpk,d294f3577ff838384daed634,v23_bootstrap6_preview_aime/mpk/d294f3577ff838384daed634/attempt00.json,first,aime26,aime26/20,101,M3_R3_A8_incumbent,v20_global_M3_R3,232,21,5196,eos,35.114593020873144,1.0,True,True
v23_bootstrap6_preview_aime,mpk,d294f3577ff838384daed634,v23_bootstrap6_preview_aime/mpk/d294f3577ff838384daed634/warm1.json,warm,aime26,aime26/20,101,M3_R3_A8_incumbent,v20_global_M3_R3,232,21,5196,eos,35.029587391996756,,,
v23_bootstrap6_preview_aime,mpk,f8dfafc3b9610a046a5dc470,v23_bootstrap6_preview_aime/mpk/f8dfafc3b9610a046a5dc470/attempt00.json,first,aime26,aime26/20,101,M3_native_bootstrap2_observe1,v20_global_M3_R3,163,17,4274,eos,24.84775036200881,1.0,True,True
v23_bootstrap6_preview_aime,mpk,f8dfafc3b9610a046a5dc470,v23_bootstrap6_preview_aime/mpk/f8dfafc3b9610a046a5dc470/warm1.json,warm,aime26,aime26/20,101,M3_native_bootstrap2_observe1,v20_global_M3_R3,163,17,4274,eos,24.89510296517983,,,
v23_bootstrap6_preview_aime,mpk,fc6200aa159c88f6083725af,v23_bootstrap6_preview_aime/mpk/fc6200aa159c88f6083725af/attempt00.json,first,aime26,aime26/20,101,T_scope,v20_fresh_T,275,25,6249,eos,41.69389367988333,1.0,True,True
v23_bootstrap6_preview_aime,mpk,fc6200aa159c88f6083725af,v23_bootstrap6_preview_aime/mpk/fc6200aa159c88f6083725af/warm1.json,warm,aime26,aime26/20,101,T_scope,v20_fresh_T,275,25,6249,eos,41.664992683101445,,,
v23_bootstrap6_preview_aime,dllm,52b1d49a383757a5e3deaff5,v23_bootstrap6_preview_aime/dllm/52b1d49a383757a5e3deaff5/attempt00.json,first,aime26,aime26/20,202,B_native_bootstrap2_observe1,global_B8,134,14,3533,eos,19.27791319899552,1.0,True,True
v23_bootstrap6_preview_aime,dllm,52b1d49a383757a5e3deaff5,v23_bootstrap6_preview_aime/dllm/52b1d49a383757a5e3deaff5/warm1.json,warm,aime26,aime26/20,202,B_native_bootstrap2_observe1,global_B8,134,14,3533,eos,19.12653344499995,,,
v23_bootstrap6_preview_aime,dllm,6ffe79c68565707d7f76bea3,v23_bootstrap6_preview_aime/dllm/6ffe79c68565707d7f76bea3/attempt00.json,first,aime26,aime26/20,202,D_native,native_dense,128,12,3018,eos,17.881954284996027,0.0,False,True
v23_bootstrap6_preview_aime,dllm,6ffe79c68565707d7f76bea3,v23_bootstrap6_preview_aime/dllm/6ffe79c68565707d7f76bea3/warm1.json,warm,aime26,aime26/20,202,D_native,native_dense,128,12,3018,eos,17.739208198996494,,,
v23_bootstrap6_preview_aime,dllm,6a1af1438c22dfb47fd0542c,v23_bootstrap6_preview_aime/dllm/6a1af1438c22dfb47fd0542c/attempt00.json,first,aime26,aime26/20,202,M1_native_bootstrap2_observe1,global_M1,92,11,2750,eos,13.5984295859962,1.0,True,True
v23_bootstrap6_preview_aime,dllm,6a1af1438c22dfb47fd0542c,v23_bootstrap6_preview_aime/dllm/6a1af1438c22dfb47fd0542c/warm1.json,warm,aime26,aime26/20,202,M1_native_bootstrap2_observe1,global_M1,92,11,2750,eos,13.558334760004072,,,
v23_bootstrap6_preview_aime,dllm,7de51147b570a80c3bbb144c,v23_bootstrap6_preview_aime/dllm/7de51147b570a80c3bbb144c/attempt00.json,first,aime26,aime26/20,202,M3_R3_A8_incumbent,v20_global_M3_R3,292,26,6460,eos,41.46685428499768,1.0,True,True
v23_bootstrap6_preview_aime,dllm,7de51147b570a80c3bbb144c,v23_bootstrap6_preview_aime/dllm/7de51147b570a80c3bbb144c/warm1.json,warm,aime26,aime26/20,202,M3_R3_A8_incumbent,v20_global_M3_R3,292,26,6460,eos,41.51854787200864,,,
v23_bootstrap6_preview_aime,dllm,9dd061f46a229fa75fee3552,v23_bootstrap6_preview_aime/dllm/9dd061f46a229fa75fee3552/attempt00.json,first,aime26,aime26/20,202,M3_native_bootstrap2_observe1,v20_global_M3_R3,155,16,3876,eos,22.352555946999928,1.0,True,True
v23_bootstrap6_preview_aime,dllm,9dd061f46a229fa75fee3552,v23_bootstrap6_preview_aime/dllm/9dd061f46a229fa75fee3552/warm1.json,warm,aime26,aime26/20,202,M3_native_bootstrap2_observe1,v20_global_M3_R3,155,16,3876,eos,22.220542954004486,,,
v23_bootstrap6_preview_aime,dllm,c55d72beb82ab129ddb6f966,v23_bootstrap6_preview_aime/dllm/c55d72beb82ab129ddb6f966/attempt00.json,first,aime26,aime26/20,202,T_scope,v20_fresh_T,72,8,1972,eos,10.204955003006035,1.0,True,True
v23_bootstrap6_preview_aime,dllm,c55d72beb82ab129ddb6f966,v23_bootstrap6_preview_aime/dllm/c55d72beb82ab129ddb6f966/warm1.json,warm,aime26,aime26/20,202,T_scope,v20_fresh_T,72,8,1972,eos,10.240531646995805,,,
v23_bootstrap6_preview_aime,mpk,920cf7e80857b8faa8d59532,v23_bootstrap6_preview_aime/mpk/920cf7e80857b8faa8d59532/attempt00.json,first,aime26,aime26/8,101,B_native_bootstrap2_observe1,global_B8,134,16,3959,eos,21.04335907101631,1.0,True,True
v23_bootstrap6_preview_aime,mpk,920cf7e80857b8faa8d59532,v23_bootstrap6_preview_aime/mpk/920cf7e80857b8faa8d59532/warm1.json,warm,aime26,aime26/8,101,B_native_bootstrap2_observe1,global_B8,134,16,3959,eos,20.995889347977936,,,
v23_bootstrap6_preview_aime,mpk,e3f3f9ba6c803e801a764d2b,v23_bootstrap6_preview_aime/mpk/e3f3f9ba6c803e801a764d2b/attempt00.json,first,aime26,aime26/8,101,D_native,native_dense,142,18,4541,eos,22.008907568873838,1.0,True,True
v23_bootstrap6_preview_aime,mpk,e3f3f9ba6c803e801a764d2b,v23_bootstrap6_preview_aime/mpk/e3f3f9ba6c803e801a764d2b/warm1.json,warm,aime26,aime26/8,101,D_native,native_dense,142,18,4541,eos,22.032035037176684,,,
v23_bootstrap6_preview_aime,mpk,57f37f2b88b84a2b27dd0c6b,v23_bootstrap6_preview_aime/mpk/57f37f2b88b84a2b27dd0c6b/attempt00.json,first,aime26,aime26/8,101,M1_native_bootstrap2_observe1,global_M1,136,16,3861,eos,21.428095187060535,1.0,True,True
v23_bootstrap6_preview_aime,mpk,57f37f2b88b84a2b27dd0c6b,v23_bootstrap6_preview_aime/mpk/57f37f2b88b84a2b27dd0c6b/warm1.json,warm,aime26,aime26/8,101,M1_native_bootstrap2_observe1,global_M1,136,16,3861,eos,21.30226228106767,,,
v23_bootstrap6_preview_aime,mpk,1cf98899b03328ab69f11dff,v23_bootstrap6_preview_aime/mpk/1cf98899b03328ab69f11dff/attempt00.json,first,aime26,aime26/8,101,M3_R3_A8_incumbent,v20_global_M3_R3,92,11,2623,eos,15.276416379027069,1.0,True,True
v23_bootstrap6_preview_aime,mpk,1cf98899b03328ab69f11dff,v23_bootstrap6_preview_aime/mpk/1cf98899b03328ab69f11dff/warm1.json,warm,aime26,aime26/8,101,M3_R3_A8_incumbent,v20_global_M3_R3,92,11,2623,eos,14.600194939877838,,,
v23_bootstrap6_preview_aime,mpk,b0d319cfbb059cc2770e191b,v23_bootstrap6_preview_aime/mpk/b0d319cfbb059cc2770e191b/attempt00.json,first,aime26,aime26/8,101,M3_native_bootstrap2_observe1,v20_global_M3_R3,129,14,3554,eos,20.138778096996248,1.0,True,True
v23_bootstrap6_preview_aime,mpk,b0d319cfbb059cc2770e191b,v23_bootstrap6_preview_aime/mpk/b0d319cfbb059cc2770e191b/warm1.json,warm,aime26,aime26/8,101,M3_native_bootstrap2_observe1,v20_global_M3_R3,129,14,3554,eos,20.011301693040878,,,
v23_bootstrap6_preview_aime,mpk,95c7f5490d188a1ddc3cb0d1,v23_bootstrap6_preview_aime/mpk/95c7f5490d188a1ddc3cb0d1/attempt00.json,first,aime26,aime26/8,101,T_scope,v20_fresh_T,138,14,3394,eos,21.248151414096355,1.0,True,True
v23_bootstrap6_preview_aime,mpk,95c7f5490d188a1ddc3cb0d1,v23_bootstrap6_preview_aime/mpk/95c7f5490d188a1ddc3cb0d1/warm1.json,warm,aime26,aime26/8,101,T_scope,v20_fresh_T,138,14,3394,eos,21.216836621053517,,,
v23_bootstrap6_preview_aime,dllm,e87faf093ff23010134277db,v23_bootstrap6_preview_aime/dllm/e87faf093ff23010134277db/attempt00.json,first,aime26,aime26/8,202,B_native_bootstrap2_observe1,global_B8,131,15,3711,eos,19.025469041996985,1.0,True,True
v23_bootstrap6_preview_aime,dllm,e87faf093ff23010134277db,v23_bootstrap6_preview_aime/dllm/e87faf093ff23010134277db/warm1.json,warm,aime26,aime26/8,202,B_native_bootstrap2_observe1,global_B8,131,15,3711,eos,18.879649837006582,,,
v23_bootstrap6_preview_aime,dllm,a866a32ac4c85a2442b4f17d,v23_bootstrap6_preview_aime/dllm/a866a32ac4c85a2442b4f17d/attempt00.json,first,aime26,aime26/8,202,D_native,native_dense,123,14,3374,eos,17.551974418005557,1.0,True,True
v23_bootstrap6_preview_aime,dllm,a866a32ac4c85a2442b4f17d,v23_bootstrap6_preview_aime/dllm/a866a32ac4c85a2442b4f17d/warm1.json,warm,aime26,aime26/8,202,D_native,native_dense,123,14,3374,eos,17.478255237991107,,,
v23_bootstrap6_preview_aime,dllm,d7a2928020eb7abccd0ea243,v23_bootstrap6_preview_aime/dllm/d7a2928020eb7abccd0ea243/attempt00.json,first,aime26,aime26/8,202,M1_native_bootstrap2_observe1,global_M1,155,16,3850,eos,22.74793876199692,1.0,True,True
v23_bootstrap6_preview_aime,dllm,d7a2928020eb7abccd0ea243,v23_bootstrap6_preview_aime/dllm/d7a2928020eb7abccd0ea243/warm1.json,warm,aime26,aime26/8,202,M1_native_bootstrap2_observe1,global_M1,155,16,3850,eos,22.606681794000906,,,
v23_bootstrap6_preview_aime,dllm,d1ad5be270497d23a1e9381c,v23_bootstrap6_preview_aime/dllm/d1ad5be270497d23a1e9381c/attempt00.json,first,aime26,aime26/8,202,M3_R3_A8_incumbent,v20_global_M3_R3,126,14,3488,eos,18.56822965799074,1.0,True,True
v23_bootstrap6_preview_aime,dllm,d1ad5be270497d23a1e9381c,v23_bootstrap6_preview_aime/dllm/d1ad5be270497d23a1e9381c/warm1.json,warm,aime26,aime26/8,202,M3_R3_A8_incumbent,v20_global_M3_R3,126,14,3488,eos,18.54317920799076,,,
v23_bootstrap6_preview_aime,dllm,ddbfb188f83e57396b81f7e2,v23_bootstrap6_preview_aime/dllm/ddbfb188f83e57396b81f7e2/attempt00.json,first,aime26,aime26/8,202,M3_native_bootstrap2_observe1,v20_global_M3_R3,124,13,3257,eos,17.96434449199296,1.0,True,True
v23_bootstrap6_preview_aime,dllm,ddbfb188f83e57396b81f7e2,v23_bootstrap6_preview_aime/dllm/ddbfb188f83e57396b81f7e2/warm1.json,warm,aime26,aime26/8,202,M3_native_bootstrap2_observe1,v20_global_M3_R3,124,13,3257,eos,17.770285214995965,,,
v23_bootstrap6_preview_aime,dllm,e50f9d4e4c294e1d3e90b9b1,v23_bootstrap6_preview_aime/dllm/e50f9d4e4c294e1d3e90b9b1/attempt00.json,first,aime26,aime26/8,202,T_scope,v20_fresh_T,121,14,3406,eos,17.646682403006707,1.0,True,True
v23_bootstrap6_preview_aime,dllm,e50f9d4e4c294e1d3e90b9b1,v23_bootstrap6_preview_aime/dllm/e50f9d4e4c294e1d3e90b9b1/warm1.json,warm,aime26,aime26/8,202,T_scope,v20_fresh_T,121,14,3406,eos,17.614806468001916,,,
v23_bootstrap6_preview_aime,mpk,e33acb5f151d6d009b3eb870,v23_bootstrap6_preview_aime/mpk/e33acb5f151d6d009b3eb870/attempt00.json,first,longbench_v2,longbench_v2/66f2aac2821e116aacb2a9de,101,B_native_bootstrap2_observe1,global_B8,79,6,1438,eos,16.247071558842435,0.0,False,True
v23_bootstrap6_preview_aime,mpk,e33acb5f151d6d009b3eb870,v23_bootstrap6_preview_aime/mpk/e33acb5f151d6d009b3eb870/warm1.json,warm,longbench_v2,longbench_v2/66f2aac2821e116aacb2a9de,101,B_native_bootstrap2_observe1,global_B8,79,6,1438,eos,16.38113379618153,,,
v23_bootstrap6_preview_aime,mpk,e7685c548e218af052f28adf,v23_bootstrap6_preview_aime/mpk/e7685c548e218af052f28adf/attempt00.json,first,longbench_v2,longbench_v2/66f2aac2821e116aacb2a9de,101,D_native,native_dense,110,7,1663,eos,22.854583741165698,0.0,False,True
v23_bootstrap6_preview_aime,mpk,e7685c548e218af052f28adf,v23_bootstrap6_preview_aime/mpk/e7685c548e218af052f28adf/warm1.json,warm,longbench_v2,longbench_v2/66f2aac2821e116aacb2a9de,101,D_native,native_dense,110,7,1663,eos,22.76209386996925,,,
v23_bootstrap6_preview_aime,mpk,97331dd3bcc1c4aac52364d4,v23_bootstrap6_preview_aime/mpk/97331dd3bcc1c4aac52364d4/attempt00.json,first,longbench_v2,longbench_v2/66f2aac2821e116aacb2a9de,101,M1_native_bootstrap2_observe1,global_M1,141,8,1968,eos,27.841593790100887,0.0,False,True
v23_bootstrap6_preview_aime,mpk,97331dd3bcc1c4aac52364d4,v23_bootstrap6_preview_aime/mpk/97331dd3bcc1c4aac52364d4/warm1.json,warm,longbench_v2,longbench_v2/66f2aac2821e116aacb2a9de,101,M1_native_bootstrap2_observe1,global_M1,141,8,1968,eos,27.766803852049634,,,
v23_bootstrap6_preview_aime,mpk,9bc3e2e7f79982310d1b416a,v23_bootstrap6_preview_aime/mpk/9bc3e2e7f79982310d1b416a/attempt00.json,first,longbench_v2,longbench_v2/66f2aac2821e116aacb2a9de,101,M3_R3_A8_incumbent,v20_global_M3_R3,231,13,3268,eos,42.93756178300828,0.0,False,True
v23_bootstrap6_preview_aime,mpk,9bc3e2e7f79982310d1b416a,v23_bootstrap6_preview_aime/mpk/9bc3e2e7f79982310d1b416a/warm1.json,warm,longbench_v2,longbench_v2/66f2aac2821e116aacb2a9de,101,M3_R3_A8_incumbent,v20_global_M3_R3,231,13,3268,eos,42.428263686131686,,,
v23_bootstrap6_preview_aime,mpk,189e8e27c5265bc762d046cf,v23_bootstrap6_preview_aime/mpk/189e8e27c5265bc762d046cf/attempt00.json,first,longbench_v2,longbench_v2/66f2aac2821e116aacb2a9de,101,M3_native_bootstrap2_observe1,v20_global_M3_R3,81,6,1451,eos,16.855876859044656,0.0,False,True
v23_bootstrap6_preview_aime,mpk,189e8e27c5265bc762d046cf,v23_bootstrap6_preview_aime/mpk/189e8e27c5265bc762d046cf/warm1.json,warm,longbench_v2,longbench_v2/66f2aac2821e116aacb2a9de,101,M3_native_bootstrap2_observe1,v20_global_M3_R3,81,6,1451,eos,17.226314031984657,,,
v23_bootstrap6_preview_aime,mpk,9a582d6935615cdbfc4f0bf0,v23_bootstrap6_preview_aime/mpk/9a582d6935615cdbfc4f0bf0/attempt00.json,first,longbench_v2,longbench_v2/66f2aac2821e116aacb2a9de,101,T_scope,v20_fresh_T,100,7,1551,eos,20.728440875886008,0.0,False,True
v23_bootstrap6_preview_aime,mpk,9a582d6935615cdbfc4f0bf0,v23_bootstrap6_preview_aime/mpk/9a582d6935615cdbfc4f0bf0/warm1.json,warm,longbench_v2,longbench_v2/66f2aac2821e116aacb2a9de,101,T_scope,v20_fresh_T,100,7,1551,eos,20.84504832001403,,,
v23_bootstrap6_preview_aime,dllm,a04bc9d31282c50810fff1bd,v23_bootstrap6_preview_aime/dllm/a04bc9d31282c50810fff1bd/attempt00.json,first,longbench_v2,longbench_v2/66f2aac2821e116aacb2a9de,202,B_native_bootstrap2_observe1,global_B8,205,11,2811,eos,35.916197638987796,0.0,False,True
v23_bootstrap6_preview_aime,dllm,a04bc9d31282c50810fff1bd,v23_bootstrap6_preview_aime/dllm/a04bc9d31282c50810fff1bd/warm1.json,warm,longbench_v2,longbench_v2/66f2aac2821e116aacb2a9de,202,B_native_bootstrap2_observe1,global_B8,205,11,2811,eos,35.72079228700022,,,
v23_bootstrap6_preview_aime,dllm,667808c2bc99c6e74bde99b6,v23_bootstrap6_preview_aime/dllm/667808c2bc99c6e74bde99b6/attempt00.json,first,longbench_v2,longbench_v2/66f2aac2821e116aacb2a9de,202,D_native,native_dense,86,7,1552,eos,17.8553366450069,0.0,False,True
v23_bootstrap6_preview_aime,dllm,667808c2bc99c6e74bde99b6,v23_bootstrap6_preview_aime/dllm/667808c2bc99c6e74bde99b6/warm1.json,warm,longbench_v2,longbench_v2/66f2aac2821e116aacb2a9de,202,D_native,native_dense,86,7,1552,eos,17.815858653004398,,,
v23_bootstrap6_preview_aime,dllm,63933ef0b5cd5bbbc7312861,v23_bootstrap6_preview_aime/dllm/63933ef0b5cd5bbbc7312861/attempt00.json,first,longbench_v2,longbench_v2/66f2aac2821e116aacb2a9de,202,M1_native_bootstrap2_observe1,global_M1,140,9,2239,eos,26.786066211003345,0.0,False,True
v23_bootstrap6_preview_aime,dllm,63933ef0b5cd5bbbc7312861,v23_bootstrap6_preview_aime/dllm/63933ef0b5cd5bbbc7312861/warm1.json,warm,longbench_v2,longbench_v2/66f2aac2821e116aacb2a9de,202,M1_native_bootstrap2_observe1,global_M1,140,9,2239,eos,26.96213114100101,,,
v23_bootstrap6_preview_aime,dllm,2069958eb84b990875d98fc9,v23_bootstrap6_preview_aime/dllm/2069958eb84b990875d98fc9/attempt00.json,first,longbench_v2,longbench_v2/66f2aac2821e116aacb2a9de,202,M3_R3_A8_incumbent,v20_global_M3_R3,94,7,1591,eos,18.08949531399412,0.0,False,True
v23_bootstrap6_preview_aime,dllm,2069958eb84b990875d98fc9,v23_bootstrap6_preview_aime/dllm/2069958eb84b990875d98fc9/warm1.json,warm,longbench_v2,longbench_v2/66f2aac2821e116aacb2a9de,202,M3_R3_A8_incumbent,v20_global_M3_R3,94,7,1591,eos,18.083823551991372,,,
v23_bootstrap6_preview_aime,dllm,9191a3322991accd369e0e25,v23_bootstrap6_preview_aime/dllm/9191a3322991accd369e0e25/attempt00.json,first,longbench_v2,longbench_v2/66f2aac2821e116aacb2a9de,202,M3_native_bootstrap2_observe1,v20_global_M3_R3,171,10,2479,eos,30.82989134801028,0.0,False,True
v23_bootstrap6_preview_aime,dllm,9191a3322991accd369e0e25,v23_bootstrap6_preview_aime/dllm/9191a3322991accd369e0e25/warm1.json,warm,longbench_v2,longbench_v2/66f2aac2821e116aacb2a9de,202,M3_native_bootstrap2_observe1,v20_global_M3_R3,171,10,2479,eos,30.801596028002677,,,
v23_bootstrap6_preview_aime,dllm,b0d7babe23df3a41a2d78b83,v23_bootstrap6_preview_aime/dllm/b0d7babe23df3a41a2d78b83/attempt00.json,first,longbench_v2,longbench_v2/66f2aac2821e116aacb2a9de,202,T_scope,v20_fresh_T,85,6,1485,eos,17.308958627996617,0.0,False,True
v23_bootstrap6_preview_aime,dllm,b0d7babe23df3a41a2d78b83,v23_bootstrap6_preview_aime/dllm/b0d7babe23df3a41a2d78b83/warm1.json,warm,longbench_v2,longbench_v2/66f2aac2821e116aacb2a9de,202,T_scope,v20_fresh_T,85,6,1485,eos,17.484987108997302,,,
v23_bootstrap6_preview_aime,mpk,47bc47c8782f4115406f3a5f,v23_bootstrap6_preview_aime/mpk/47bc47c8782f4115406f3a5f/attempt00.json,first,longbench_v2,longbench_v2/66f9625fbb02136c067c5456,101,B_native_bootstrap2_observe1,global_B8,276,13,3208,eos,48.07878865208477,0.0,False,True
v23_bootstrap6_preview_aime,mpk,47bc47c8782f4115406f3a5f,v23_bootstrap6_preview_aime/mpk/47bc47c8782f4115406f3a5f/warm1.json,warm,longbench_v2,longbench_v2/66f9625fbb02136c067c5456,101,B_native_bootstrap2_observe1,global_B8,276,13,3208,eos,47.85202348092571,,,
v23_bootstrap6_preview_aime,mpk,1cba0cde2bee1d931494fb4c,v23_bootstrap6_preview_aime/mpk/1cba0cde2bee1d931494fb4c/attempt00.json,first,longbench_v2,longbench_v2/66f9625fbb02136c067c5456,101,D_native,native_dense,246,13,3174,eos,46.33662085281685,0.0,False,True
v23_bootstrap6_preview_aime,mpk,1cba0cde2bee1d931494fb4c,v23_bootstrap6_preview_aime/mpk/1cba0cde2bee1d931494fb4c/warm1.json,warm,longbench_v2,longbench_v2/66f9625fbb02136c067c5456,101,D_native,native_dense,246,13,3174,eos,44.99312563496642,,,
v23_bootstrap6_preview_aime,mpk,c33dd9c55cdc3a455a034916,v23_bootstrap6_preview_aime/mpk/c33dd9c55cdc3a455a034916/attempt00.json,first,longbench_v2,longbench_v2/66f9625fbb02136c067c5456,101,M1_native_bootstrap2_observe1,global_M1,344,17,4181,eos,64.12193287094124,0.0,False,True
v23_bootstrap6_preview_aime,mpk,c33dd9c55cdc3a455a034916,v23_bootstrap6_preview_aime/mpk/c33dd9c55cdc3a455a034916/warm1.json,warm,longbench_v2,longbench_v2/66f9625fbb02136c067c5456,101,M1_native_bootstrap2_observe1,global_M1,344,17,4181,eos,64.10857707285322,,,
v23_bootstrap6_preview_aime,mpk,30cb9fd5961f15e79e44e0c9,v23_bootstrap6_preview_aime/mpk/30cb9fd5961f15e79e44e0c9/attempt00.json,first,longbench_v2,longbench_v2/66f9625fbb02136c067c5456,101,M3_R3_A8_incumbent,v20_global_M3_R3,407,20,4879,eos,70.78910070285201,0.0,False,True
v23_bootstrap6_preview_aime,mpk,30cb9fd5961f15e79e44e0c9,v23_bootstrap6_preview_aime/mpk/30cb9fd5961f15e79e44e0c9/warm1.json,warm,longbench_v2,longbench_v2/66f9625fbb02136c067c5456,101,M3_R3_A8_incumbent,v20_global_M3_R3,407,20,4879,eos,71.01239199889824,,,
v23_bootstrap6_preview_aime,mpk,0b202600273f9e48bdd742d8,v23_bootstrap6_preview_aime/mpk/0b202600273f9e48bdd742d8/attempt00.json,first,longbench_v2,longbench_v2/66f9625fbb02136c067c5456,101,M3_native_bootstrap2_observe1,v20_global_M3_R3,230,12,3001,eos,41.16401390405372,0.0,False,True
v23_bootstrap6_preview_aime,mpk,0b202600273f9e48bdd742d8,v23_bootstrap6_preview_aime/mpk/0b202600273f9e48bdd742d8/warm1.json,warm,longbench_v2,longbench_v2/66f9625fbb02136c067c5456,101,M3_native_bootstrap2_observe1,v20_global_M3_R3,230,12,3001,eos,41.206800737883896,,,
v23_bootstrap6_preview_aime,mpk,9c378da17e1e6e54951f0ac2,v23_bootstrap6_preview_aime/mpk/9c378da17e1e6e54951f0ac2/attempt00.json,first,longbench_v2,longbench_v2/66f9625fbb02136c067c5456,101,T_scope,v20_fresh_T,314,16,4036,eos,56.630535459844396,0.0,False,True
v23_bootstrap6_preview_aime,mpk,9c378da17e1e6e54951f0ac2,v23_bootstrap6_preview_aime/mpk/9c378da17e1e6e54951f0ac2/warm1.json,warm,longbench_v2,longbench_v2/66f9625fbb02136c067c5456,101,T_scope,v20_fresh_T,314,16,4036,eos,56.135324300965294,,,
v23_bootstrap6_preview_aime,dllm,01ebb92c9549757463fd0374,v23_bootstrap6_preview_aime/dllm/01ebb92c9549757463fd0374/attempt00.json,first,longbench_v2,longbench_v2/66f9625fbb02136c067c5456,202,B_native_bootstrap2_observe1,global_B8,316,16,3871,eos,52.79679701299756,0.0,False,True
v23_bootstrap6_preview_aime,dllm,01ebb92c9549757463fd0374,v23_bootstrap6_preview_aime/dllm/01ebb92c9549757463fd0374/warm1.json,warm,longbench_v2,longbench_v2/66f9625fbb02136c067c5456,202,B_native_bootstrap2_observe1,global_B8,316,16,3871,eos,52.64009689699742,,,
v23_bootstrap6_preview_aime,dllm,19f1283309bfbc2ba4b012f2,v23_bootstrap6_preview_aime/dllm/19f1283309bfbc2ba4b012f2/attempt00.json,first,longbench_v2,longbench_v2/66f9625fbb02136c067c5456,202,D_native,native_dense,318,17,4133,eos,55.041489940005704,0.0,False,True
v23_bootstrap6_preview_aime,dllm,19f1283309bfbc2ba4b012f2,v23_bootstrap6_preview_aime/dllm/19f1283309bfbc2ba4b012f2/warm1.json,warm,longbench_v2,longbench_v2/66f9625fbb02136c067c5456,202,D_native,native_dense,318,17,4133,eos,55.10817410099844,,,
v23_bootstrap6_preview_aime,dllm,2dd1113f98917735fd313621,v23_bootstrap6_preview_aime/dllm/2dd1113f98917735fd313621/attempt00.json,first,longbench_v2,longbench_v2/66f9625fbb02136c067c5456,202,M1_native_bootstrap2_observe1,global_M1,516,22,5567,eos,91.20070986000064,0.0,False,True
v23_bootstrap6_preview_aime,dllm,2dd1113f98917735fd313621,v23_bootstrap6_preview_aime/dllm/2dd1113f98917735fd313621/warm1.json,warm,longbench_v2,longbench_v2/66f9625fbb02136c067c5456,202,M1_native_bootstrap2_observe1,global_M1,516,22,5567,eos,91.52309732600406,,,
v23_bootstrap6_preview_aime,dllm,01d688e80ca27b690e1ececc,v23_bootstrap6_preview_aime/dllm/01d688e80ca27b690e1ececc/attempt00.json,first,longbench_v2,longbench_v2/66f9625fbb02136c067c5456,202,M3_R3_A8_incumbent,v20_global_M3_R3,382,18,4543,eos,65.12540910999815,0.0,False,True
v23_bootstrap6_preview_aime,dllm,01d688e80ca27b690e1ececc,v23_bootstrap6_preview_aime/dllm/01d688e80ca27b690e1ececc/warm1.json,warm,longbench_v2,longbench_v2/66f9625fbb02136c067c5456,202,M3_R3_A8_incumbent,v20_global_M3_R3,382,18,4543,eos,64.702932582004,,,
v23_bootstrap6_preview_aime,dllm,65cf503a9c19aa9aaaf9ad06,v23_bootstrap6_preview_aime/dllm/65cf503a9c19aa9aaaf9ad06/attempt00.json,first,longbench_v2,longbench_v2/66f9625fbb02136c067c5456,202,M3_native_bootstrap2_observe1,v20_global_M3_R3,324,16,3996,eos,55.07138698299241,0.0,False,True
v23_bootstrap6_preview_aime,dllm,65cf503a9c19aa9aaaf9ad06,v23_bootstrap6_preview_aime/dllm/65cf503a9c19aa9aaaf9ad06/warm1.json,warm,longbench_v2,longbench_v2/66f9625fbb02136c067c5456,202,M3_native_bootstrap2_observe1,v20_global_M3_R3,324,16,3996,eos,55.13904371998797,,,
v23_bootstrap6_preview_aime,dllm,ea51ddc75a5764886b208083,v23_bootstrap6_preview_aime/dllm/ea51ddc75a5764886b208083/attempt00.json,first,longbench_v2,longbench_v2/66f9625fbb02136c067c5456,202,T_scope,v20_fresh_T,334,16,3878,eos,58.92781061399728,0.0,False,True
v23_bootstrap6_preview_aime,dllm,ea51ddc75a5764886b208083,v23_bootstrap6_preview_aime/dllm/ea51ddc75a5764886b208083/warm1.json,warm,longbench_v2,longbench_v2/66f9625fbb02136c067c5456,202,T_scope,v20_fresh_T,334,16,3878,eos,57.08088487900386,,,
v24_bootstrap6_ruler,mpk,b7a0048d4d8bf46c5ee047af,v24_bootstrap6_ruler/mpk/b7a0048d4d8bf46c5ee047af/attempt00.json,first,ruler4k,ruler4k/ruler_4096_cwe_p0046,101,B_native_bootstrap2_observe1,global_B8,9,1,63,eos,1.6902175031136721,1.0,True,True
v24_bootstrap6_ruler,mpk,b7a0048d4d8bf46c5ee047af,v24_bootstrap6_ruler/mpk/b7a0048d4d8bf46c5ee047af/warm1.json,warm,ruler4k,ruler4k/ruler_4096_cwe_p0046,101,B_native_bootstrap2_observe1,global_B8,9,1,63,eos,1.6870518869254738,,,
v24_bootstrap6_ruler,mpk,0f14091118f9e0c40a6fafad,v24_bootstrap6_ruler/mpk/0f14091118f9e0c40a6fafad/attempt00.json,first,ruler4k,ruler4k/ruler_4096_cwe_p0046,101,D_native,native_dense,7,1,63,eos,2.8983359849080443,1.0,True,True
v24_bootstrap6_ruler,mpk,0f14091118f9e0c40a6fafad,v24_bootstrap6_ruler/mpk/0f14091118f9e0c40a6fafad/warm1.json,warm,ruler4k,ruler4k/ruler_4096_cwe_p0046,101,D_native,native_dense,7,1,63,eos,1.3966727829538286,,,
v24_bootstrap6_ruler,mpk,0b8ad3023702ea622e121357,v24_bootstrap6_ruler/mpk/0b8ad3023702ea622e121357/attempt00.json,first,ruler4k,ruler4k/ruler_4096_cwe_p0046,101,M1_native_bootstrap2_observe1,global_M1,11,1,63,eos,1.9966268518473953,1.0,True,True
v24_bootstrap6_ruler,mpk,0b8ad3023702ea622e121357,v24_bootstrap6_ruler/mpk/0b8ad3023702ea622e121357/warm1.json,warm,ruler4k,ruler4k/ruler_4096_cwe_p0046,101,M1_native_bootstrap2_observe1,global_M1,11,1,63,eos,1.9974137630779296,,,
v24_bootstrap6_ruler,mpk,7851ec6676546e5ade4b4240,v24_bootstrap6_ruler/mpk/7851ec6676546e5ade4b4240/attempt00.json,first,ruler4k,ruler4k/ruler_4096_cwe_p0046,101,M3_R3_A8_incumbent,v20_global_M3_R3,7,1,63,eos,1.4917754861526191,1.0,True,True
v24_bootstrap6_ruler,mpk,7851ec6676546e5ade4b4240,v24_bootstrap6_ruler/mpk/7851ec6676546e5ade4b4240/warm1.json,warm,ruler4k,ruler4k/ruler_4096_cwe_p0046,101,M3_R3_A8_incumbent,v20_global_M3_R3,7,1,63,eos,1.413983111968264,,,
v24_bootstrap6_ruler,mpk,37c6b182de3f2845895a892f,v24_bootstrap6_ruler/mpk/37c6b182de3f2845895a892f/attempt00.json,first,ruler4k,ruler4k/ruler_4096_cwe_p0046,101,M3_native_bootstrap2_observe1,v20_global_M3_R3,7,1,63,eos,1.408653544029221,1.0,True,True
v24_bootstrap6_ruler,mpk,37c6b182de3f2845895a892f,v24_bootstrap6_ruler/mpk/37c6b182de3f2845895a892f/warm1.json,warm,ruler4k,ruler4k/ruler_4096_cwe_p0046,101,M3_native_bootstrap2_observe1,v20_global_M3_R3,7,1,63,eos,1.4105440550483763,,,
v24_bootstrap6_ruler,mpk,9ad2e43ba7ca55be917f477c,v24_bootstrap6_ruler/mpk/9ad2e43ba7ca55be917f477c/attempt00.json,first,ruler4k,ruler4k/ruler_4096_cwe_p0046,101,T_scope,v20_fresh_T,8,1,63,eos,1.8597396980039775,1.0,True,True
v24_bootstrap6_ruler,mpk,9ad2e43ba7ca55be917f477c,v24_bootstrap6_ruler/mpk/9ad2e43ba7ca55be917f477c/warm1.json,warm,ruler4k,ruler4k/ruler_4096_cwe_p0046,101,T_scope,v20_fresh_T,8,1,63,eos,1.5572227048687637,,,
v24_bootstrap6_ruler,dllm,1d6e5e493f5276a75c26bd03,v24_bootstrap6_ruler/dllm/1d6e5e493f5276a75c26bd03/attempt00.json,first,ruler4k,ruler4k/ruler_4096_fwe_p0096,101,B_native_bootstrap2_observe1,global_B8,3,1,24,eos,0.7772676050080918,1.0,True,True
v24_bootstrap6_ruler,dllm,1d6e5e493f5276a75c26bd03,v24_bootstrap6_ruler/dllm/1d6e5e493f5276a75c26bd03/warm1.json,warm,ruler4k,ruler4k/ruler_4096_fwe_p0096,101,B_native_bootstrap2_observe1,global_B8,3,1,24,eos,0.7561793730128556,,,
v24_bootstrap6_ruler,dllm,e7e2bef1bc96298ce3b0e355,v24_bootstrap6_ruler/dllm/e7e2bef1bc96298ce3b0e355/attempt00.json,first,ruler4k,ruler4k/ruler_4096_fwe_p0096,101,D_native,native_dense,3,1,24,eos,0.7481244810041972,1.0,True,True
v24_bootstrap6_ruler,dllm,e7e2bef1bc96298ce3b0e355,v24_bootstrap6_ruler/dllm/e7e2bef1bc96298ce3b0e355/warm1.json,warm,ruler4k,ruler4k/ruler_4096_fwe_p0096,101,D_native,native_dense,3,1,24,eos,0.7451088649977464,,,
v24_bootstrap6_ruler,dllm,7be00d06e01c45ebcaf8b947,v24_bootstrap6_ruler/dllm/7be00d06e01c45ebcaf8b947/attempt00.json,first,ruler4k,ruler4k/ruler_4096_fwe_p0096,101,M1_native_bootstrap2_observe1,global_M1,3,1,24,eos,0.7653105809877161,1.0,True,True
v24_bootstrap6_ruler,dllm,7be00d06e01c45ebcaf8b947,v24_bootstrap6_ruler/dllm/7be00d06e01c45ebcaf8b947/warm1.json,warm,ruler4k,ruler4k/ruler_4096_fwe_p0096,101,M1_native_bootstrap2_observe1,global_M1,3,1,24,eos,0.7599652480275836,,,
v24_bootstrap6_ruler,dllm,8ba0668bc8369b641b9359d8,v24_bootstrap6_ruler/dllm/8ba0668bc8369b641b9359d8/attempt00.json,first,ruler4k,ruler4k/ruler_4096_fwe_p0096,101,M3_R3_A8_incumbent,v20_global_M3_R3,3,1,24,eos,0.8543381620256696,1.0,True,True
v24_bootstrap6_ruler,dllm,8ba0668bc8369b641b9359d8,v24_bootstrap6_ruler/dllm/8ba0668bc8369b641b9359d8/warm1.json,warm,ruler4k,ruler4k/ruler_4096_fwe_p0096,101,M3_R3_A8_incumbent,v20_global_M3_R3,3,1,24,eos,0.7519150050065946,,,
v24_bootstrap6_ruler,dllm,a9e779e55ad478dbcdb19538,v24_bootstrap6_ruler/dllm/a9e779e55ad478dbcdb19538/attempt00.json,first,ruler4k,ruler4k/ruler_4096_fwe_p0096,101,M3_native_bootstrap2_observe1,v20_global_M3_R3,3,1,24,eos,0.757315328984987,1.0,True,True
v24_bootstrap6_ruler,dllm,a9e779e55ad478dbcdb19538,v24_bootstrap6_ruler/dllm/a9e779e55ad478dbcdb19538/warm1.json,warm,ruler4k,ruler4k/ruler_4096_fwe_p0096,101,M3_native_bootstrap2_observe1,v20_global_M3_R3,3,1,24,eos,0.7565029879915528,,,
v24_bootstrap6_ruler,dllm,bb765bb80be86041cf097c65,v24_bootstrap6_ruler/dllm/bb765bb80be86041cf097c65/attempt00.json,first,ruler4k,ruler4k/ruler_4096_fwe_p0096,101,T_scope,v20_fresh_T,3,1,24,eos,2.6551919229968917,1.0,True,True
v24_bootstrap6_ruler,dllm,bb765bb80be86041cf097c65,v24_bootstrap6_ruler/dllm/bb765bb80be86041cf097c65/warm1.json,warm,ruler4k,ruler4k/ruler_4096_fwe_p0096,101,T_scope,v20_fresh_T,3,1,24,eos,0.7530757269996684,,,
v24_bootstrap6_ruler,mpk,c1dd0b888947c444fe3758af,v24_bootstrap6_ruler/mpk/c1dd0b888947c444fe3758af/attempt00.json,first,ruler4k,ruler4k/ruler_4096_niah_multikey_1_p0112,101,B_native_bootstrap2_observe1,global_B8,5,1,28,eos,1.0987772590015084,1.0,True,True
v24_bootstrap6_ruler,mpk,11976ae6743ff5f745bca448,v24_bootstrap6_ruler/mpk/11976ae6743ff5f745bca448/attempt00.json,first,ruler4k,ruler4k/ruler_4096_niah_multikey_1_p0112,101,D_native,native_dense,5,1,28,eos,1.0766002668533474,1.0,True,True
v24_bootstrap6_ruler,mpk,59b3d83e903eb81213272957,v24_bootstrap6_ruler/mpk/59b3d83e903eb81213272957/attempt00.json,first,ruler4k,ruler4k/ruler_4096_niah_multikey_1_p0112,101,M1_native_bootstrap2_observe1,global_M1,6,1,28,eos,1.2525629810988903,1.0,True,True
v24_bootstrap6_ruler,mpk,ebc96a55eeb0fd085dfdb9b4,v24_bootstrap6_ruler/mpk/ebc96a55eeb0fd085dfdb9b4/attempt00.json,first,ruler4k,ruler4k/ruler_4096_niah_multikey_1_p0112,101,M3_R3_A8_incumbent,v20_global_M3_R3,3,1,28,eos,0.825887915911153,1.0,True,True
v24_bootstrap6_ruler,mpk,d44271f3299ba2f53590c8a9,v24_bootstrap6_ruler/mpk/d44271f3299ba2f53590c8a9/attempt00.json,first,ruler4k,ruler4k/ruler_4096_niah_multikey_1_p0112,101,M3_native_bootstrap2_observe1,v20_global_M3_R3,6,1,28,eos,1.2358476829249412,1.0,True,True
v24_bootstrap6_ruler,mpk,ee405de9c0c2a84e52a51ddd,v24_bootstrap6_ruler/mpk/ee405de9c0c2a84e52a51ddd/attempt00.json,first,ruler4k,ruler4k/ruler_4096_niah_multikey_1_p0112,101,T_scope,v20_fresh_T,4,1,28,eos,0.939956485060975,1.0,True,True
v24_bootstrap6_ruler,dllm,bf1aa4b07715a03020057b1c,v24_bootstrap6_ruler/dllm/bf1aa4b07715a03020057b1c/attempt00.json,first,ruler4k,ruler4k/ruler_4096_niah_multikey_2_p0160,101,B_native_bootstrap2_observe1,global_B8,2,1,26,eos,0.6840538179967552,1.0,True,True
v24_bootstrap6_ruler,dllm,4d6d55198381d10041dd2436,v24_bootstrap6_ruler/dllm/4d6d55198381d10041dd2436/attempt00.json,first,ruler4k,ruler4k/ruler_4096_niah_multikey_2_p0160,101,D_native,native_dense,2,1,26,eos,0.6603329409845173,1.0,True,True
v24_bootstrap6_ruler,dllm,124b862ca30e0f03d5ea6162,v24_bootstrap6_ruler/dllm/124b862ca30e0f03d5ea6162/attempt00.json,first,ruler4k,ruler4k/ruler_4096_niah_multikey_2_p0160,101,M1_native_bootstrap2_observe1,global_M1,2,1,26,eos,0.6955262259871233,1.0,True,True
v24_bootstrap6_ruler,dllm,cc259a2e3698621cbe568b53,v24_bootstrap6_ruler/dllm/cc259a2e3698621cbe568b53/attempt00.json,first,ruler4k,ruler4k/ruler_4096_niah_multikey_2_p0160,101,M3_R3_A8_incumbent,v20_global_M3_R3,2,1,26,eos,0.6732488790003117,1.0,True,True
v24_bootstrap6_ruler,dllm,e0ba445c4ea3a11b044a8a00,v24_bootstrap6_ruler/dllm/e0ba445c4ea3a11b044a8a00/attempt00.json,first,ruler4k,ruler4k/ruler_4096_niah_multikey_2_p0160,101,M3_native_bootstrap2_observe1,v20_global_M3_R3,2,1,26,eos,0.6757105700089596,1.0,True,True
v24_bootstrap6_ruler,dllm,d86af8b79a8e133dc7d06b75,v24_bootstrap6_ruler/dllm/d86af8b79a8e133dc7d06b75/attempt00.json,first,ruler4k,ruler4k/ruler_4096_niah_multikey_2_p0160,101,T_scope,v20_fresh_T,2,1,26,eos,0.6701864610076882,1.0,True,True
v24_bootstrap6_ruler,mpk,5670ceb6c71c6cba1ced5c15,v24_bootstrap6_ruler/mpk/5670ceb6c71c6cba1ced5c15/attempt00.json,first,ruler4k,ruler4k/ruler_4096_niah_multikey_3_p0229,101,B_native_bootstrap2_observe1,global_B8,4,1,79,eos,0.9590740138664842,1.0,True,True
v24_bootstrap6_ruler,mpk,4e13539d5b685ab5307cd62d,v24_bootstrap6_ruler/mpk/4e13539d5b685ab5307cd62d/attempt00.json,first,ruler4k,ruler4k/ruler_4096_niah_multikey_3_p0229,101,D_native,native_dense,4,1,79,eos,0.9428557921200991,1.0,True,True
v24_bootstrap6_ruler,mpk,8f607c78183b41af632695c1,v24_bootstrap6_ruler/mpk/8f607c78183b41af632695c1/attempt00.json,first,ruler4k,ruler4k/ruler_4096_niah_multikey_3_p0229,101,M1_native_bootstrap2_observe1,global_M1,4,1,79,eos,0.9660269611049443,1.0,True,True
v24_bootstrap6_ruler,mpk,bde173a599d9643c1634ab00,v24_bootstrap6_ruler/mpk/bde173a599d9643c1634ab00/attempt00.json,first,ruler4k,ruler4k/ruler_4096_niah_multikey_3_p0229,101,M3_R3_A8_incumbent,v20_global_M3_R3,4,1,79,eos,0.9596280409023166,1.0,True,True
v24_bootstrap6_ruler,mpk,45928063acdc71c8bfb1623a,v24_bootstrap6_ruler/mpk/45928063acdc71c8bfb1623a/attempt00.json,first,ruler4k,ruler4k/ruler_4096_niah_multikey_3_p0229,101,M3_native_bootstrap2_observe1,v20_global_M3_R3,4,1,79,eos,0.9672049949876964,1.0,True,True
v24_bootstrap6_ruler,mpk,8116915d7ac09c2fee869efd,v24_bootstrap6_ruler/mpk/8116915d7ac09c2fee869efd/attempt00.json,first,ruler4k,ruler4k/ruler_4096_niah_multikey_3_p0229,101,T_scope,v20_fresh_T,4,1,79,eos,0.9514958579093218,1.0,True,True
v24_bootstrap6_ruler,dllm,caac468c614aebc6bce9f0c8,v24_bootstrap6_ruler/dllm/caac468c614aebc6bce9f0c8/attempt00.json,first,ruler4k,ruler4k/ruler_4096_niah_multiquery_p0281,101,B_native_bootstrap2_observe1,global_B8,4,1,90,eos,0.9387968959927093,1.0,True,True
v24_bootstrap6_ruler,dllm,3d252065a58cf6e1d8bbf427,v24_bootstrap6_ruler/dllm/3d252065a58cf6e1d8bbf427/attempt00.json,first,ruler4k,ruler4k/ruler_4096_niah_multiquery_p0281,101,D_native,native_dense,4,1,90,eos,0.9149384069896769,1.0,True,True
v24_bootstrap6_ruler,dllm,77bbd5100e8ab5ed5c78c97c,v24_bootstrap6_ruler/dllm/77bbd5100e8ab5ed5c78c97c/attempt00.json,first,ruler4k,ruler4k/ruler_4096_niah_multiquery_p0281,101,M1_native_bootstrap2_observe1,global_M1,4,1,90,eos,0.9375217919878196,1.0,True,True
v24_bootstrap6_ruler,dllm,6dbb72a488bdc2b1dd0e65f9,v24_bootstrap6_ruler/dllm/6dbb72a488bdc2b1dd0e65f9/attempt00.json,first,ruler4k,ruler4k/ruler_4096_niah_multiquery_p0281,101,M3_R3_A8_incumbent,v20_global_M3_R3,4,1,89,eos,0.9314901370089501,1.0,True,True
v24_bootstrap6_ruler,dllm,cd17619a048449f519afbe4a,v24_bootstrap6_ruler/dllm/cd17619a048449f519afbe4a/attempt00.json,first,ruler4k,ruler4k/ruler_4096_niah_multiquery_p0281,101,M3_native_bootstrap2_observe1,v20_global_M3_R3,4,1,90,eos,0.9315385170048103,1.0,True,True
v24_bootstrap6_ruler,dllm,d8882c6c1981ea3b6ca3a162,v24_bootstrap6_ruler/dllm/d8882c6c1981ea3b6ca3a162/attempt00.json,first,ruler4k,ruler4k/ruler_4096_niah_multiquery_p0281,101,T_scope,v20_fresh_T,5,1,89,eos,1.0644113050075248,1.0,True,True
v24_bootstrap6_ruler,mpk,c5ddc971fb5132b8a6fa770e,v24_bootstrap6_ruler/mpk/c5ddc971fb5132b8a6fa770e/attempt00.json,first,ruler4k,ruler4k/ruler_4096_niah_multivalue_p0341,101,B_native_bootstrap2_observe1,global_B8,5,1,67,eos,1.1662916890345514,1.0,True,True
v24_bootstrap6_ruler,mpk,0f0a5650f1e7a47246321bc4,v24_bootstrap6_ruler/mpk/0f0a5650f1e7a47246321bc4/attempt00.json,first,ruler4k,ruler4k/ruler_4096_niah_multivalue_p0341,101,D_native,native_dense,5,1,67,eos,1.1547976080328226,1.0,True,True
v24_bootstrap6_ruler,mpk,87eededfdc13bdce5580ef41,v24_bootstrap6_ruler/mpk/87eededfdc13bdce5580ef41/attempt00.json,first,ruler4k,ruler4k/ruler_4096_niah_multivalue_p0341,101,M1_native_bootstrap2_observe1,global_M1,5,1,67,eos,1.1801285010296851,1.0,True,True
v24_bootstrap6_ruler,mpk,80fa490459e95bfaa513e8c6,v24_bootstrap6_ruler/mpk/80fa490459e95bfaa513e8c6/attempt00.json,first,ruler4k,ruler4k/ruler_4096_niah_multivalue_p0341,101,M3_R3_A8_incumbent,v20_global_M3_R3,4,1,67,eos,1.0194061710499227,1.0,True,True
v24_bootstrap6_ruler,mpk,30f443dff2a73ce700552376,v24_bootstrap6_ruler/mpk/30f443dff2a73ce700552376/attempt00.json,first,ruler4k,ruler4k/ruler_4096_niah_multivalue_p0341,101,M3_native_bootstrap2_observe1,v20_global_M3_R3,5,1,67,eos,1.170429860940203,1.0,True,True
v24_bootstrap6_ruler,mpk,d60fc53494bb82ce638a6eb9,v24_bootstrap6_ruler/mpk/d60fc53494bb82ce638a6eb9/attempt00.json,first,ruler4k,ruler4k/ruler_4096_niah_multivalue_p0341,101,T_scope,v20_fresh_T,4,1,67,eos,1.0050956490449607,1.0,True,True
v24_bootstrap6_ruler,dllm,48f56cae2afdd217126e5983,v24_bootstrap6_ruler/dllm/48f56cae2afdd217126e5983/attempt00.json,first,ruler4k,ruler4k/ruler_4096_niah_single_1_p0391,101,B_native_bootstrap2_observe1,global_B8,3,1,23,eos,0.8041824959800579,1.0,True,True
v24_bootstrap6_ruler,dllm,72af9d24a19313a485910a1a,v24_bootstrap6_ruler/dllm/72af9d24a19313a485910a1a/attempt00.json,first,ruler4k,ruler4k/ruler_4096_niah_single_1_p0391,101,D_native,native_dense,3,1,23,eos,0.78656129798037,1.0,True,True
v24_bootstrap6_ruler,dllm,a8cbdbe0eb094046a1844aa6,v24_bootstrap6_ruler/dllm/a8cbdbe0eb094046a1844aa6/attempt00.json,first,ruler4k,ruler4k/ruler_4096_niah_single_1_p0391,101,M1_native_bootstrap2_observe1,global_M1,3,1,23,eos,0.8055721319979057,1.0,True,True
v24_bootstrap6_ruler,dllm,a38ff7a749a4d85d4bf64c57,v24_bootstrap6_ruler/dllm/a38ff7a749a4d85d4bf64c57/attempt00.json,first,ruler4k,ruler4k/ruler_4096_niah_single_1_p0391,101,M3_R3_A8_incumbent,v20_global_M3_R3,4,1,23,eos,0.9293249659822322,1.0,True,True
v24_bootstrap6_ruler,dllm,f7b9f037a61f437df6cce27f,v24_bootstrap6_ruler/dllm/f7b9f037a61f437df6cce27f/attempt00.json,first,ruler4k,ruler4k/ruler_4096_niah_single_1_p0391,101,M3_native_bootstrap2_observe1,v20_global_M3_R3,3,1,23,eos,0.8032187590142712,1.0,True,True
v24_bootstrap6_ruler,dllm,fb8e5ee53baaa454c39ab3a6,v24_bootstrap6_ruler/dllm/fb8e5ee53baaa454c39ab3a6/attempt00.json,first,ruler4k,ruler4k/ruler_4096_niah_single_1_p0391,101,T_scope,v20_fresh_T,3,1,23,eos,0.8010612979996949,1.0,True,True
v24_bootstrap6_ruler,mpk,66c94ba985b81957de288ee4,v24_bootstrap6_ruler/mpk/66c94ba985b81957de288ee4/attempt00.json,first,ruler4k,ruler4k/ruler_4096_niah_single_2_p0437,101,B_native_bootstrap2_observe1,global_B8,5,1,27,eos,1.1440681419335306,1.0,True,True
v24_bootstrap6_ruler,mpk,795b107ca1abeed5c3ec8534,v24_bootstrap6_ruler/mpk/795b107ca1abeed5c3ec8534/attempt00.json,first,ruler4k,ruler4k/ruler_4096_niah_single_2_p0437,101,D_native,native_dense,4,1,27,eos,0.9845185060985386,1.0,True,True
v24_bootstrap6_ruler,mpk,0f9f4311a2ef66fab6fd2c74,v24_bootstrap6_ruler/mpk/0f9f4311a2ef66fab6fd2c74/attempt00.json,first,ruler4k,ruler4k/ruler_4096_niah_single_2_p0437,101,M1_native_bootstrap2_observe1,global_M1,5,1,27,eos,1.1577475669328123,1.0,True,True
v24_bootstrap6_ruler,mpk,3757977ebbfb10443613e96b,v24_bootstrap6_ruler/mpk/3757977ebbfb10443613e96b/attempt00.json,first,ruler4k,ruler4k/ruler_4096_niah_single_2_p0437,101,M3_R3_A8_incumbent,v20_global_M3_R3,3,1,27,eos,0.863680160138756,1.0,True,True
v24_bootstrap6_ruler,mpk,f7b393448bd3c29ddde069e7,v24_bootstrap6_ruler/mpk/f7b393448bd3c29ddde069e7/attempt00.json,first,ruler4k,ruler4k/ruler_4096_niah_single_2_p0437,101,M3_native_bootstrap2_observe1,v20_global_M3_R3,5,1,27,eos,1.1480343521106988,1.0,True,True
v24_bootstrap6_ruler,mpk,7812e452d78be50112a9251d,v24_bootstrap6_ruler/mpk/7812e452d78be50112a9251d/attempt00.json,first,ruler4k,ruler4k/ruler_4096_niah_single_2_p0437,101,T_scope,v20_fresh_T,3,1,27,eos,0.8532562949694693,1.0,True,True
v24_bootstrap6_ruler,dllm,d899b49435227c72311dd568,v24_bootstrap6_ruler/dllm/d899b49435227c72311dd568/attempt00.json,first,ruler4k,ruler4k/ruler_4096_niah_single_3_p0480,101,B_native_bootstrap2_observe1,global_B8,5,1,51,eos,1.1072170220140833,1.0,True,True
v24_bootstrap6_ruler,dllm,a4b92d828a7cf85967a01cd3,v24_bootstrap6_ruler/dllm/a4b92d828a7cf85967a01cd3/attempt00.json,first,ruler4k,ruler4k/ruler_4096_niah_single_3_p0480,101,D_native,native_dense,4,1,51,eos,0.9617659579962492,1.0,True,True
v24_bootstrap6_ruler,dllm,f16b92e0b7bd5cab7df652c2,v24_bootstrap6_ruler/dllm/f16b92e0b7bd5cab7df652c2/attempt00.json,first,ruler4k,ruler4k/ruler_4096_niah_single_3_p0480,101,M1_native_bootstrap2_observe1,global_M1,4,1,51,eos,0.9941800119995605,1.0,True,True
v24_bootstrap6_ruler,dllm,d949921a6f855a29cceccb29,v24_bootstrap6_ruler/dllm/d949921a6f855a29cceccb29/attempt00.json,first,ruler4k,ruler4k/ruler_4096_niah_single_3_p0480,101,M3_R3_A8_incumbent,v20_global_M3_R3,4,1,51,eos,0.9633490059932228,1.0,True,True
v24_bootstrap6_ruler,dllm,1628797be96c0b3b9b3bff53,v24_bootstrap6_ruler/dllm/1628797be96c0b3b9b3bff53/attempt00.json,first,ruler4k,ruler4k/ruler_4096_niah_single_3_p0480,101,M3_native_bootstrap2_observe1,v20_global_M3_R3,5,1,51,eos,1.1072879590210505,1.0,True,True
v24_bootstrap6_ruler,dllm,6727f5afd1398cbf7733edcc,v24_bootstrap6_ruler/dllm/6727f5afd1398cbf7733edcc/attempt00.json,first,ruler4k,ruler4k/ruler_4096_niah_single_3_p0480,101,T_scope,v20_fresh_T,4,1,51,eos,0.9615073780005332,1.0,True,True
v24_bootstrap6_ruler,mpk,c1d5a3684e8c78540e3ce875,v24_bootstrap6_ruler/mpk/c1d5a3684e8c78540e3ce875/attempt00.json,first,ruler4k,ruler4k/ruler_4096_qa_1_p0547,101,B_native_bootstrap2_observe1,global_B8,2,1,6,eos,0.7003331580199301,1.0,True,True
v24_bootstrap6_ruler,mpk,70df4aa3dece45b1e35b43ae,v24_bootstrap6_ruler/mpk/70df4aa3dece45b1e35b43ae/attempt00.json,first,ruler4k,ruler4k/ruler_4096_qa_1_p0547,101,D_native,native_dense,2,1,6,eos,0.680245601804927,1.0,True,True
v24_bootstrap6_ruler,mpk,d17972e27ee1c258395a4bbf,v24_bootstrap6_ruler/mpk/d17972e27ee1c258395a4bbf/attempt00.json,first,ruler4k,ruler4k/ruler_4096_qa_1_p0547,101,M1_native_bootstrap2_observe1,global_M1,2,1,6,eos,0.7009203489869833,1.0,True,True
v24_bootstrap6_ruler,mpk,7909f7d1fb2b1eb3fbc3d6f0,v24_bootstrap6_ruler/mpk/7909f7d1fb2b1eb3fbc3d6f0/attempt00.json,first,ruler4k,ruler4k/ruler_4096_qa_1_p0547,101,M3_R3_A8_incumbent,v20_global_M3_R3,2,1,6,eos,0.6929816170595586,1.0,True,True
v24_bootstrap6_ruler,mpk,ad06cb15c17f68189d670710,v24_bootstrap6_ruler/mpk/ad06cb15c17f68189d670710/attempt00.json,first,ruler4k,ruler4k/ruler_4096_qa_1_p0547,101,M3_native_bootstrap2_observe1,v20_global_M3_R3,2,1,6,eos,0.7074507100041956,1.0,True,True
v24_bootstrap6_ruler,mpk,6e08273cbac652c0820b6c7c,v24_bootstrap6_ruler/mpk/6e08273cbac652c0820b6c7c/attempt00.json,first,ruler4k,ruler4k/ruler_4096_qa_1_p0547,101,T_scope,v20_fresh_T,2,1,6,eos,0.685517662903294,1.0,True,True
v24_bootstrap6_ruler,dllm,385d7840a8508745f6338d44,v24_bootstrap6_ruler/dllm/385d7840a8508745f6338d44/attempt00.json,first,ruler4k,ruler4k/ruler_4096_qa_2_p0578,101,B_native_bootstrap2_observe1,global_B8,2,1,9,eos,0.5956452469981741,1.0,True,True
v24_bootstrap6_ruler,dllm,20a90dae36263dadb3ee4d08,v24_bootstrap6_ruler/dllm/20a90dae36263dadb3ee4d08/attempt00.json,first,ruler4k,ruler4k/ruler_4096_qa_2_p0578,101,D_native,native_dense,2,1,9,eos,0.5848161639878526,1.0,True,True
v24_bootstrap6_ruler,dllm,7489f6bd750719daf1280ed9,v24_bootstrap6_ruler/dllm/7489f6bd750719daf1280ed9/attempt00.json,first,ruler4k,ruler4k/ruler_4096_qa_2_p0578,101,M1_native_bootstrap2_observe1,global_M1,2,1,9,eos,0.5920198149979115,1.0,True,True
v24_bootstrap6_ruler,dllm,6cfbbc2c5e11147649d6d7b5,v24_bootstrap6_ruler/dllm/6cfbbc2c5e11147649d6d7b5/attempt00.json,first,ruler4k,ruler4k/ruler_4096_qa_2_p0578,101,M3_R3_A8_incumbent,v20_global_M3_R3,2,1,9,eos,0.5889620799862314,1.0,True,True
v24_bootstrap6_ruler,dllm,2cdd8647774be03b9fe8d7bb,v24_bootstrap6_ruler/dllm/2cdd8647774be03b9fe8d7bb/attempt00.json,first,ruler4k,ruler4k/ruler_4096_qa_2_p0578,101,M3_native_bootstrap2_observe1,v20_global_M3_R3,2,1,9,eos,0.5941764499875717,1.0,True,True
v24_bootstrap6_ruler,dllm,550055ac4f67e1c0878c7f39,v24_bootstrap6_ruler/dllm/550055ac4f67e1c0878c7f39/attempt00.json,first,ruler4k,ruler4k/ruler_4096_qa_2_p0578,101,T_scope,v20_fresh_T,2,1,9,eos,0.5872736920136958,1.0,True,True
v24_bootstrap6_ruler,mpk,8bd4fa86359256db8ce62598,v24_bootstrap6_ruler/mpk/8bd4fa86359256db8ce62598/attempt00.json,first,ruler4k,ruler4k/ruler_4096_vt_p0603,101,B_native_bootstrap2_observe1,global_B8,4,1,30,length,1.0034713370259851,0.0,False,True
v24_bootstrap6_ruler,mpk,1a73dd6a1b56ee27f2cad650,v24_bootstrap6_ruler/mpk/1a73dd6a1b56ee27f2cad650/attempt00.json,first,ruler4k,ruler4k/ruler_4096_vt_p0603,101,D_native,native_dense,4,1,30,length,0.9922205989714712,0.0,False,True
v24_bootstrap6_ruler,mpk,d811e1415ba47e29f9e9f86e,v24_bootstrap6_ruler/mpk/d811e1415ba47e29f9e9f86e/attempt00.json,first,ruler4k,ruler4k/ruler_4096_vt_p0603,101,M1_native_bootstrap2_observe1,global_M1,4,1,30,length,1.0123022159095854,0.0,False,True
v24_bootstrap6_ruler,mpk,ed471b3be665f342abc699e9,v24_bootstrap6_ruler/mpk/ed471b3be665f342abc699e9/attempt00.json,first,ruler4k,ruler4k/ruler_4096_vt_p0603,101,M3_R3_A8_incumbent,v20_global_M3_R3,4,1,30,length,1.0030574609991163,0.0,False,True
v24_bootstrap6_ruler,mpk,add64fc679a1d16286b26933,v24_bootstrap6_ruler/mpk/add64fc679a1d16286b26933/attempt00.json,first,ruler4k,ruler4k/ruler_4096_vt_p0603,101,M3_native_bootstrap2_observe1,v20_global_M3_R3,4,1,30,length,1.002911247080192,0.0,False,True
v24_bootstrap6_ruler,mpk,5f7a587bcaa42d270c3ba9e7,v24_bootstrap6_ruler/mpk/5f7a587bcaa42d270c3ba9e7/attempt00.json,first,ruler4k,ruler4k/ruler_4096_vt_p0603,101,T_scope,v20_fresh_T,4,1,30,length,0.9950296729803085,0.0,False,True
v25_aligned6_pilot,mpk,1bd050e301035a829a0d2881,v25_aligned6_pilot/mpk/1bd050e301035a829a0d2881/attempt00.json,first,aime26,aime26/14,101,B_boot_aligned16,global_B8,498,32,8192,length,77.73110092803836,0.0,False,False
v25_aligned6_pilot,mpk,1bd050e301035a829a0d2881,v25_aligned6_pilot/mpk/1bd050e301035a829a0d2881/warm1.json,warm,aime26,aime26/14,101,B_boot_aligned16,global_B8,498,32,8192,length,76.80074530909769,,,
v25_aligned6_pilot,mpk,75db595ca61874e7cbd6d3a0,v25_aligned6_pilot/mpk/75db595ca61874e7cbd6d3a0/attempt00.json,first,aime26,aime26/14,101,D_native,native_dense,526,32,8192,length,79.13155846507289,0.0,False,False
v25_aligned6_pilot,mpk,75db595ca61874e7cbd6d3a0,v25_aligned6_pilot/mpk/75db595ca61874e7cbd6d3a0/warm1.json,warm,aime26,aime26/14,101,D_native,native_dense,526,32,8192,length,78.29986034310423,,,
v25_aligned6_pilot,mpk,036b126323716b615a674272,v25_aligned6_pilot/mpk/036b126323716b615a674272/attempt00.json,first,aime26,aime26/14,101,M1_boot_aligned16,global_M1,510,32,8192,length,78.43940138607286,0.0,False,False
v25_aligned6_pilot,mpk,036b126323716b615a674272,v25_aligned6_pilot/mpk/036b126323716b615a674272/warm1.json,warm,aime26,aime26/14,101,M1_boot_aligned16,global_M1,510,32,8192,length,78.07755416305736,,,
v25_aligned6_pilot,mpk,07861ace1f713b0e9c845449,v25_aligned6_pilot/mpk/07861ace1f713b0e9c845449/attempt00.json,first,aime26,aime26/14,101,M3_boot_aligned16,v20_global_M3_R3,538,32,8192,length,84.30141716008075,0.0,False,True
v25_aligned6_pilot,mpk,07861ace1f713b0e9c845449,v25_aligned6_pilot/mpk/07861ace1f713b0e9c845449/warm1.json,warm,aime26,aime26/14,101,M3_boot_aligned16,v20_global_M3_R3,538,32,8192,length,83.70577373099513,,,
v25_aligned6_pilot,mpk,cfe73bfd93e383eccf40b73d,v25_aligned6_pilot/mpk/cfe73bfd93e383eccf40b73d/attempt00.json,first,aime26,aime26/14,101,M3_boot_logical,v20_global_M3_R3,538,32,8192,length,84.67415101989172,0.0,False,True
v25_aligned6_pilot,mpk,cfe73bfd93e383eccf40b73d,v25_aligned6_pilot/mpk/cfe73bfd93e383eccf40b73d/warm1.json,warm,aime26,aime26/14,101,M3_boot_logical,v20_global_M3_R3,538,32,8192,length,84.20736007695086,,,
v25_aligned6_pilot,mpk,0d7ef04860513e43d964cbdf,v25_aligned6_pilot/mpk/0d7ef04860513e43d964cbdf/attempt00.json,first,aime26,aime26/14,101,T_scope,v20_fresh_T,551,32,8192,length,84.57236163504422,0.0,False,False
v25_aligned6_pilot,mpk,0d7ef04860513e43d964cbdf,v25_aligned6_pilot/mpk/0d7ef04860513e43d964cbdf/warm1.json,warm,aime26,aime26/14,101,T_scope,v20_fresh_T,551,32,8192,length,83.82872455497272,,,
v25_aligned6_pilot,dllm,bb4e2a3de0890bfd4fbc4275,v25_aligned6_pilot/dllm/bb4e2a3de0890bfd4fbc4275/attempt00.json,first,aime26,aime26/14,202,B_boot_aligned16,global_B8,486,32,8192,length,67.34603277599672,0.0,False,False
v25_aligned6_pilot,dllm,bb4e2a3de0890bfd4fbc4275,v25_aligned6_pilot/dllm/bb4e2a3de0890bfd4fbc4275/warm1.json,warm,aime26,aime26/14,202,B_boot_aligned16,global_B8,486,32,8192,length,66.64634103002027,,,
v25_aligned6_pilot,dllm,200b3e63eea35e029f662bf2,v25_aligned6_pilot/dllm/200b3e63eea35e029f662bf2/attempt00.json,first,aime26,aime26/14,202,D_native,native_dense,550,32,8192,length,75.79341552499682,0.0,False,False
v25_aligned6_pilot,dllm,200b3e63eea35e029f662bf2,v25_aligned6_pilot/dllm/200b3e63eea35e029f662bf2/warm1.json,warm,aime26,aime26/14,202,D_native,native_dense,550,32,8192,length,75.98237357000471,,,
v25_aligned6_pilot,dllm,7f6cfee9b7a3678ced64ca20,v25_aligned6_pilot/dllm/7f6cfee9b7a3678ced64ca20/attempt00.json,first,aime26,aime26/14,202,M1_boot_aligned16,global_M1,505,32,8192,length,71.8037236489763,0.0,False,False
v25_aligned6_pilot,dllm,7f6cfee9b7a3678ced64ca20,v25_aligned6_pilot/dllm/7f6cfee9b7a3678ced64ca20/warm1.json,warm,aime26,aime26/14,202,M1_boot_aligned16,global_M1,505,32,8192,length,71.90023293398554,,,
v25_aligned6_pilot,dllm,4e5a590ddf2b30bc0e572821,v25_aligned6_pilot/dllm/4e5a590ddf2b30bc0e572821/attempt00.json,first,aime26,aime26/14,202,M3_boot_aligned16,v20_global_M3_R3,559,32,8192,length,77.21655686301528,0.0,False,False
v25_aligned6_pilot,dllm,4e5a590ddf2b30bc0e572821,v25_aligned6_pilot/dllm/4e5a590ddf2b30bc0e572821/warm1.json,warm,aime26,aime26/14,202,M3_boot_aligned16,v20_global_M3_R3,559,32,8192,length,77.5136058810167,,,
v25_aligned6_pilot,dllm,c2510e303dbbfdcf868d66bb,v25_aligned6_pilot/dllm/c2510e303dbbfdcf868d66bb/attempt00.json,first,aime26,aime26/14,202,M3_boot_logical,v20_global_M3_R3,559,32,8192,length,78.29153335100273,0.0,False,False
v25_aligned6_pilot,dllm,c2510e303dbbfdcf868d66bb,v25_aligned6_pilot/dllm/c2510e303dbbfdcf868d66bb/warm1.json,warm,aime26,aime26/14,202,M3_boot_logical,v20_global_M3_R3,559,32,8192,length,78.33414594302303,,,
v25_aligned6_pilot,dllm,db1416240da3d64085050649,v25_aligned6_pilot/dllm/db1416240da3d64085050649/attempt00.json,first,aime26,aime26/14,202,T_scope,v20_fresh_T,567,32,8192,length,79.53848295198986,0.0,False,False
v25_aligned6_pilot,dllm,db1416240da3d64085050649,v25_aligned6_pilot/dllm/db1416240da3d64085050649/warm1.json,warm,aime26,aime26/14,202,T_scope,v20_fresh_T,567,32,8192,length,79.5465839440003,,,
v25_aligned6_pilot,mpk,82bf152d6502cd4181fd0488,v25_aligned6_pilot/mpk/82bf152d6502cd4181fd0488/attempt00.json,first,longbench_v2,longbench_v2/66ed2c87821e116aacb1f149,101,B_boot_aligned16,global_B8,91,6,1494,eos,18.94012506096624,0.0,False,True
v25_aligned6_pilot,mpk,82bf152d6502cd4181fd0488,v25_aligned6_pilot/mpk/82bf152d6502cd4181fd0488/warm1.json,warm,longbench_v2,longbench_v2/66ed2c87821e116aacb1f149,101,B_boot_aligned16,global_B8,91,6,1494,eos,19.19940592092462,,,
v25_aligned6_pilot,mpk,4457128030af900db63559c5,v25_aligned6_pilot/mpk/4457128030af900db63559c5/attempt00.json,first,longbench_v2,longbench_v2/66ed2c87821e116aacb1f149,101,D_native,native_dense,128,8,2002,eos,28.486191153991967,0.0,False,True
v25_aligned6_pilot,mpk,4457128030af900db63559c5,v25_aligned6_pilot/mpk/4457128030af900db63559c5/warm1.json,warm,longbench_v2,longbench_v2/66ed2c87821e116aacb1f149,101,D_native,native_dense,128,8,2002,eos,27.12267002486624,,,
v25_aligned6_pilot,mpk,0d818a748ba73ac02f9fd496,v25_aligned6_pilot/mpk/0d818a748ba73ac02f9fd496/attempt00.json,first,longbench_v2,longbench_v2/66ed2c87821e116aacb1f149,101,M1_boot_aligned16,global_M1,61,5,1174,eos,14.600523064145818,0.0,False,True
v25_aligned6_pilot,mpk,0d818a748ba73ac02f9fd496,v25_aligned6_pilot/mpk/0d818a748ba73ac02f9fd496/warm1.json,warm,longbench_v2,longbench_v2/66ed2c87821e116aacb1f149,101,M1_boot_aligned16,global_M1,61,5,1174,eos,14.566665542079136,,,
v25_aligned6_pilot,mpk,f87f9776af05b4d6d760d200,v25_aligned6_pilot/mpk/f87f9776af05b4d6d760d200/attempt00.json,first,longbench_v2,longbench_v2/66ed2c87821e116aacb1f149,101,M3_boot_aligned16,v20_global_M3_R3,62,5,1029,eos,14.301285122986883,0.0,False,True
v25_aligned6_pilot,mpk,f87f9776af05b4d6d760d200,v25_aligned6_pilot/mpk/f87f9776af05b4d6d760d200/warm1.json,warm,longbench_v2,longbench_v2/66ed2c87821e116aacb1f149,101,M3_boot_aligned16,v20_global_M3_R3,62,5,1029,eos,14.306540757184848,,,
v25_aligned6_pilot,mpk,8e3cacf503cc52c24d849ccc,v25_aligned6_pilot/mpk/8e3cacf503cc52c24d849ccc/attempt00.json,first,longbench_v2,longbench_v2/66ed2c87821e116aacb1f149,101,M3_boot_logical,v20_global_M3_R3,62,5,1029,eos,14.992150411941111,0.0,False,True
v25_aligned6_pilot,mpk,8e3cacf503cc52c24d849ccc,v25_aligned6_pilot/mpk/8e3cacf503cc52c24d849ccc/warm1.json,warm,longbench_v2,longbench_v2/66ed2c87821e116aacb1f149,101,M3_boot_logical,v20_global_M3_R3,62,5,1029,eos,14.274999839952216,,,
v25_aligned6_pilot,mpk,ee0c82f3aed0043425a3ca35,v25_aligned6_pilot/mpk/ee0c82f3aed0043425a3ca35/attempt00.json,first,longbench_v2,longbench_v2/66ed2c87821e116aacb1f149,101,T_scope,v20_fresh_T,86,6,1505,eos,19.370635687140748,0.0,False,True
v25_aligned6_pilot,mpk,ee0c82f3aed0043425a3ca35,v25_aligned6_pilot/mpk/ee0c82f3aed0043425a3ca35/warm1.json,warm,longbench_v2,longbench_v2/66ed2c87821e116aacb1f149,101,T_scope,v20_fresh_T,86,6,1505,eos,19.482701467117295,,,
v25_aligned6_pilot,dllm,69d2b5c238566399eb630e59,v25_aligned6_pilot/dllm/69d2b5c238566399eb630e59/attempt00.json,first,longbench_v2,longbench_v2/66ed2c87821e116aacb1f149,202,B_boot_aligned16,global_B8,79,6,1514,eos,15.80107082700124,0.0,False,True
v25_aligned6_pilot,dllm,69d2b5c238566399eb630e59,v25_aligned6_pilot/dllm/69d2b5c238566399eb630e59/warm1.json,warm,longbench_v2,longbench_v2/66ed2c87821e116aacb1f149,202,B_boot_aligned16,global_B8,79,6,1514,eos,15.815343159018084,,,
v25_aligned6_pilot,dllm,1b44df0df78a903c7105122f,v25_aligned6_pilot/dllm/1b44df0df78a903c7105122f/attempt00.json,first,longbench_v2,longbench_v2/66ed2c87821e116aacb1f149,202,D_native,native_dense,73,5,1219,eos,16.04912855301518,0.0,False,True
v25_aligned6_pilot,dllm,1b44df0df78a903c7105122f,v25_aligned6_pilot/dllm/1b44df0df78a903c7105122f/warm1.json,warm,longbench_v2,longbench_v2/66ed2c87821e116aacb1f149,202,D_native,native_dense,73,5,1219,eos,16.27456771497964,,,
v25_aligned6_pilot,dllm,281b3a4e2572a1ce4d206f68,v25_aligned6_pilot/dllm/281b3a4e2572a1ce4d206f68/attempt00.json,first,longbench_v2,longbench_v2/66ed2c87821e116aacb1f149,202,M1_boot_aligned16,global_M1,71,5,1193,eos,15.376358226989396,0.0,False,True
v25_aligned6_pilot,dllm,281b3a4e2572a1ce4d206f68,v25_aligned6_pilot/dllm/281b3a4e2572a1ce4d206f68/warm1.json,warm,longbench_v2,longbench_v2/66ed2c87821e116aacb1f149,202,M1_boot_aligned16,global_M1,71,5,1193,eos,15.156838786002481,,,
v25_aligned6_pilot,dllm,bacb4a1912660d6fa0a02762,v25_aligned6_pilot/dllm/bacb4a1912660d6fa0a02762/attempt00.json,first,longbench_v2,longbench_v2/66ed2c87821e116aacb1f149,202,M3_boot_aligned16,v20_global_M3_R3,175,11,2647,eos,31.131573669001227,0.0,False,True
v25_aligned6_pilot,dllm,bacb4a1912660d6fa0a02762,v25_aligned6_pilot/dllm/bacb4a1912660d6fa0a02762/warm1.json,warm,longbench_v2,longbench_v2/66ed2c87821e116aacb1f149,202,M3_boot_aligned16,v20_global_M3_R3,175,11,2647,eos,31.154579879017547,,,
v25_aligned6_pilot,dllm,75201e9e07ff1efbaa9d6fbd,v25_aligned6_pilot/dllm/75201e9e07ff1efbaa9d6fbd/attempt00.json,first,longbench_v2,longbench_v2/66ed2c87821e116aacb1f149,202,M3_boot_logical,v20_global_M3_R3,175,11,2647,eos,31.17799427700811,0.0,False,True
v25_aligned6_pilot,dllm,75201e9e07ff1efbaa9d6fbd,v25_aligned6_pilot/dllm/75201e9e07ff1efbaa9d6fbd/warm1.json,warm,longbench_v2,longbench_v2/66ed2c87821e116aacb1f149,202,M3_boot_logical,v20_global_M3_R3,175,11,2647,eos,31.210165755997878,,,
v25_aligned6_pilot,dllm,9f8e5d6a03ee929921db406c,v25_aligned6_pilot/dllm/9f8e5d6a03ee929921db406c/attempt00.json,first,longbench_v2,longbench_v2/66ed2c87821e116aacb1f149,202,T_scope,v20_fresh_T,58,5,1139,eos,15.006933630007552,0.0,False,True
v25_aligned6_pilot,dllm,9f8e5d6a03ee929921db406c,v25_aligned6_pilot/dllm/9f8e5d6a03ee929921db406c/warm1.json,warm,longbench_v2,longbench_v2/66ed2c87821e116aacb1f149,202,T_scope,v20_fresh_T,58,5,1139,eos,13.228458566009067,,,
v25_aligned6_pilot,dllm,6eb86426e82966b8eeea8db6,v25_aligned6_pilot/dllm/6eb86426e82966b8eeea8db6/attempt00.json,first,longbench_v2,longbench_v2/66f8c6b4bb02136c067c4480,101,B_boot_aligned16,global_B8,101,13,3216,eos,18.15582354401704,1.0,True,True
v25_aligned6_pilot,dllm,6eb86426e82966b8eeea8db6,v25_aligned6_pilot/dllm/6eb86426e82966b8eeea8db6/warm1.json,warm,longbench_v2,longbench_v2/66f8c6b4bb02136c067c4480,101,B_boot_aligned16,global_B8,101,13,3216,eos,18.329678715992486,,,
v25_aligned6_pilot,dllm,f44a31b540e3fb6fe2e5a90e,v25_aligned6_pilot/dllm/f44a31b540e3fb6fe2e5a90e/attempt00.json,first,longbench_v2,longbench_v2/66f8c6b4bb02136c067c4480,101,D_native,native_dense,87,12,2939,eos,16.807093303010333,1.0,True,True
v25_aligned6_pilot,dllm,f44a31b540e3fb6fe2e5a90e,v25_aligned6_pilot/dllm/f44a31b540e3fb6fe2e5a90e/warm1.json,warm,longbench_v2,longbench_v2/66f8c6b4bb02136c067c4480,101,D_native,native_dense,87,12,2939,eos,16.75145150400931,,,
v25_aligned6_pilot,dllm,18102214f6550f60c6a42fa9,v25_aligned6_pilot/dllm/18102214f6550f60c6a42fa9/attempt00.json,first,longbench_v2,longbench_v2/66f8c6b4bb02136c067c4480,101,M1_boot_aligned16,global_M1,101,13,3174,eos,18.974386860994855,1.0,True,True
v25_aligned6_pilot,dllm,18102214f6550f60c6a42fa9,v25_aligned6_pilot/dllm/18102214f6550f60c6a42fa9/warm1.json,warm,longbench_v2,longbench_v2/66f8c6b4bb02136c067c4480,101,M1_boot_aligned16,global_M1,101,13,3174,eos,18.960546829999657,,,
v25_aligned6_pilot,dllm,cca2b811440c506cf3a5d1cd,v25_aligned6_pilot/dllm/cca2b811440c506cf3a5d1cd/attempt00.json,first,longbench_v2,longbench_v2/66f8c6b4bb02136c067c4480,101,M3_boot_aligned16,v20_global_M3_R3,100,13,3249,eos,18.37725305298227,1.0,True,True
v25_aligned6_pilot,dllm,cca2b811440c506cf3a5d1cd,v25_aligned6_pilot/dllm/cca2b811440c506cf3a5d1cd/warm1.json,warm,longbench_v2,longbench_v2/66f8c6b4bb02136c067c4480,101,M3_boot_aligned16,v20_global_M3_R3,100,13,3249,eos,18.160474342003,,,
v25_aligned6_pilot,dllm,4ee012f577ed0faa58f48bd8,v25_aligned6_pilot/dllm/4ee012f577ed0faa58f48bd8/attempt00.json,first,longbench_v2,longbench_v2/66f8c6b4bb02136c067c4480,101,M3_boot_logical,v20_global_M3_R3,100,13,3249,eos,18.166615779977292,1.0,True,True
v25_aligned6_pilot,dllm,4ee012f577ed0faa58f48bd8,v25_aligned6_pilot/dllm/4ee012f577ed0faa58f48bd8/warm1.json,warm,longbench_v2,longbench_v2/66f8c6b4bb02136c067c4480,101,M3_boot_logical,v20_global_M3_R3,100,13,3249,eos,18.158316516986815,,,
v25_aligned6_pilot,dllm,98e58a241fc9a024a66a3e3e,v25_aligned6_pilot/dllm/98e58a241fc9a024a66a3e3e/attempt00.json,first,longbench_v2,longbench_v2/66f8c6b4bb02136c067c4480,101,T_scope,v20_fresh_T,104,12,2920,eos,19.145610074017895,1.0,True,True
v25_aligned6_pilot,dllm,98e58a241fc9a024a66a3e3e,v25_aligned6_pilot/dllm/98e58a241fc9a024a66a3e3e/warm1.json,warm,longbench_v2,longbench_v2/66f8c6b4bb02136c067c4480,101,T_scope,v20_fresh_T,104,12,2920,eos,19.120547211990925,,,
v25_aligned6_pilot,mpk,364cff1d77497141cdfd0fe7,v25_aligned6_pilot/mpk/364cff1d77497141cdfd0fe7/attempt00.json,first,longbench_v2,longbench_v2/66f8c6b4bb02136c067c4480,202,B_boot_aligned16,global_B8,92,13,3157,eos,18.31933125294745,1.0,True,True
v25_aligned6_pilot,mpk,364cff1d77497141cdfd0fe7,v25_aligned6_pilot/mpk/364cff1d77497141cdfd0fe7/warm1.json,warm,longbench_v2,longbench_v2/66f8c6b4bb02136c067c4480,202,B_boot_aligned16,global_B8,92,13,3157,eos,18.592123101931065,,,
v25_aligned6_pilot,mpk,1585f1098edbf4d48aa96ffa,v25_aligned6_pilot/mpk/1585f1098edbf4d48aa96ffa/attempt00.json,first,longbench_v2,longbench_v2/66f8c6b4bb02136c067c4480,202,D_native,native_dense,98,14,3385,eos,20.54919895902276,1.0,True,True
v25_aligned6_pilot,mpk,1585f1098edbf4d48aa96ffa,v25_aligned6_pilot/mpk/1585f1098edbf4d48aa96ffa/warm1.json,warm,longbench_v2,longbench_v2/66f8c6b4bb02136c067c4480,202,D_native,native_dense,98,14,3385,eos,20.33022448187694,,,
v25_aligned6_pilot,mpk,269dcb3bf5afc7d67d7d1c81,v25_aligned6_pilot/mpk/269dcb3bf5afc7d67d7d1c81/attempt00.json,first,longbench_v2,longbench_v2/66f8c6b4bb02136c067c4480,202,M1_boot_aligned16,global_M1,104,14,3551,eos,21.154062958899885,1.0,True,True
v25_aligned6_pilot,mpk,269dcb3bf5afc7d67d7d1c81,v25_aligned6_pilot/mpk/269dcb3bf5afc7d67d7d1c81/warm1.json,warm,longbench_v2,longbench_v2/66f8c6b4bb02136c067c4480,202,M1_boot_aligned16,global_M1,104,14,3551,eos,21.27729271305725,,,
v25_aligned6_pilot,mpk,0ce0794e89ea3ab653be1333,v25_aligned6_pilot/mpk/0ce0794e89ea3ab653be1333/attempt00.json,first,longbench_v2,longbench_v2/66f8c6b4bb02136c067c4480,202,M3_boot_aligned16,v20_global_M3_R3,89,12,3018,eos,17.947165529010817,1.0,True,True
v25_aligned6_pilot,mpk,0ce0794e89ea3ab653be1333,v25_aligned6_pilot/mpk/0ce0794e89ea3ab653be1333/warm1.json,warm,longbench_v2,longbench_v2/66f8c6b4bb02136c067c4480,202,M3_boot_aligned16,v20_global_M3_R3,89,12,3018,eos,18.005179890897125,,,
v25_aligned6_pilot,mpk,fc75341a107c550bffc71ea4,v25_aligned6_pilot/mpk/fc75341a107c550bffc71ea4/attempt00.json,first,longbench_v2,longbench_v2/66f8c6b4bb02136c067c4480,202,M3_boot_logical,v20_global_M3_R3,89,12,3018,eos,17.974555653054267,1.0,True,True
v25_aligned6_pilot,mpk,fc75341a107c550bffc71ea4,v25_aligned6_pilot/mpk/fc75341a107c550bffc71ea4/warm1.json,warm,longbench_v2,longbench_v2/66f8c6b4bb02136c067c4480,202,M3_boot_logical,v20_global_M3_R3,89,12,3018,eos,17.955299291061237,,,
v25_aligned6_pilot,mpk,b2bc83d41a6047f43b85d2b2,v25_aligned6_pilot/mpk/b2bc83d41a6047f43b85d2b2/attempt00.json,first,longbench_v2,longbench_v2/66f8c6b4bb02136c067c4480,202,T_scope,v20_fresh_T,84,11,2816,eos,17.378400204936042,1.0,True,True
v25_aligned6_pilot,mpk,b2bc83d41a6047f43b85d2b2,v25_aligned6_pilot/mpk/b2bc83d41a6047f43b85d2b2/warm1.json,warm,longbench_v2,longbench_v2/66f8c6b4bb02136c067c4480,202,T_scope,v20_fresh_T,84,11,2816,eos,17.405548244016245,,,
v25_aligned6_pilot,mpk,1e1d6b1cf503ceeb4631b15d,v25_aligned6_pilot/mpk/1e1d6b1cf503ceeb4631b15d/attempt00.json,first,ruler4k,ruler4k/ruler_4096_niah_multikey_1_p0112,101,B_boot_aligned16,global_B8,5,1,28,eos,1.1115428761113435,1.0,True,True
v25_aligned6_pilot,mpk,1e1d6b1cf503ceeb4631b15d,v25_aligned6_pilot/mpk/1e1d6b1cf503ceeb4631b15d/warm1.json,warm,ruler4k,ruler4k/ruler_4096_niah_multikey_1_p0112,101,B_boot_aligned16,global_B8,5,1,28,eos,1.1140924750361592,,,
v25_aligned6_pilot,mpk,9e2b5c49ef182b442c5585bc,v25_aligned6_pilot/mpk/9e2b5c49ef182b442c5585bc/attempt00.json,first,ruler4k,ruler4k/ruler_4096_niah_multikey_1_p0112,101,D_native,native_dense,5,1,28,eos,1.1021293031517416,1.0,True,True
v25_aligned6_pilot,mpk,9e2b5c49ef182b442c5585bc,v25_aligned6_pilot/mpk/9e2b5c49ef182b442c5585bc/warm1.json,warm,ruler4k,ruler4k/ruler_4096_niah_multikey_1_p0112,101,D_native,native_dense,5,1,28,eos,1.0996801799628884,,,
v25_aligned6_pilot,mpk,248e3120d1729c39818c2936,v25_aligned6_pilot/mpk/248e3120d1729c39818c2936/attempt00.json,first,ruler4k,ruler4k/ruler_4096_niah_multikey_1_p0112,101,M1_boot_aligned16,global_M1,6,1,28,eos,1.2670702028553933,1.0,True,True
v25_aligned6_pilot,mpk,248e3120d1729c39818c2936,v25_aligned6_pilot/mpk/248e3120d1729c39818c2936/warm1.json,warm,ruler4k,ruler4k/ruler_4096_niah_multikey_1_p0112,101,M1_boot_aligned16,global_M1,6,1,28,eos,1.268006962025538,,,
v25_aligned6_pilot,mpk,e44e367180130a8e90afe953,v25_aligned6_pilot/mpk/e44e367180130a8e90afe953/attempt00.json,first,ruler4k,ruler4k/ruler_4096_niah_multikey_1_p0112,101,M3_boot_aligned16,v20_global_M3_R3,6,1,28,eos,1.2596822460182011,1.0,True,True
v25_aligned6_pilot,mpk,e44e367180130a8e90afe953,v25_aligned6_pilot/mpk/e44e367180130a8e90afe953/warm1.json,warm,ruler4k,ruler4k/ruler_4096_niah_multikey_1_p0112,101,M3_boot_aligned16,v20_global_M3_R3,6,1,28,eos,1.2600698191672564,,,
v25_aligned6_pilot,mpk,a99ed5388350e25bfab660dd,v25_aligned6_pilot/mpk/a99ed5388350e25bfab660dd/attempt00.json,first,ruler4k,ruler4k/ruler_4096_niah_multikey_1_p0112,101,M3_boot_logical,v20_global_M3_R3,6,1,28,eos,1.2612695309799165,1.0,True,True
v25_aligned6_pilot,mpk,a99ed5388350e25bfab660dd,v25_aligned6_pilot/mpk/a99ed5388350e25bfab660dd/warm1.json,warm,ruler4k,ruler4k/ruler_4096_niah_multikey_1_p0112,101,M3_boot_logical,v20_global_M3_R3,6,1,28,eos,1.262656694976613,,,
v25_aligned6_pilot,mpk,33a1340df01734789e8978fd,v25_aligned6_pilot/mpk/33a1340df01734789e8978fd/attempt00.json,first,ruler4k,ruler4k/ruler_4096_niah_multikey_1_p0112,101,T_scope,v20_fresh_T,4,1,28,eos,0.9534192089922726,1.0,True,True
v25_aligned6_pilot,mpk,33a1340df01734789e8978fd,v25_aligned6_pilot/mpk/33a1340df01734789e8978fd/warm1.json,warm,ruler4k,ruler4k/ruler_4096_niah_multikey_1_p0112,101,T_scope,v20_fresh_T,4,1,28,eos,0.9583851341158152,,,
v25_aligned6_pilot,dllm,b758d3233d5d4081fbae0f85,v25_aligned6_pilot/dllm/b758d3233d5d4081fbae0f85/attempt00.json,first,ruler4k,ruler4k/ruler_4096_niah_single_1_p0391,101,B_boot_aligned16,global_B8,3,1,23,eos,0.7859572469897103,1.0,True,True
v25_aligned6_pilot,dllm,42040bfca36fab0652ebf4eb,v25_aligned6_pilot/dllm/42040bfca36fab0652ebf4eb/attempt00.json,first,ruler4k,ruler4k/ruler_4096_niah_single_1_p0391,101,D_native,native_dense,3,1,23,eos,0.7733859340078197,1.0,True,True
v25_aligned6_pilot,dllm,5410b516a8e84a359b8fbde8,v25_aligned6_pilot/dllm/5410b516a8e84a359b8fbde8/attempt00.json,first,ruler4k,ruler4k/ruler_4096_niah_single_1_p0391,101,M1_boot_aligned16,global_M1,3,1,23,eos,0.7865098299807869,1.0,True,True
v25_aligned6_pilot,dllm,abc54c8e4dc4b68785725214,v25_aligned6_pilot/dllm/abc54c8e4dc4b68785725214/attempt00.json,first,ruler4k,ruler4k/ruler_4096_niah_single_1_p0391,101,M3_boot_aligned16,v20_global_M3_R3,3,1,23,eos,0.7856563690002076,1.0,True,True
v25_aligned6_pilot,dllm,233c6045d110e5c26ca1221a,v25_aligned6_pilot/dllm/233c6045d110e5c26ca1221a/attempt00.json,first,ruler4k,ruler4k/ruler_4096_niah_single_1_p0391,101,M3_boot_logical,v20_global_M3_R3,3,1,23,eos,0.8017702260112856,1.0,True,True
v25_aligned6_pilot,dllm,aaffb92efafdaf01ed495656,v25_aligned6_pilot/dllm/aaffb92efafdaf01ed495656/attempt00.json,first,ruler4k,ruler4k/ruler_4096_niah_single_1_p0391,101,T_scope,v20_fresh_T,3,1,23,eos,0.7844607920269482,1.0,True,True
v25b_aligned_bridge,dllm,957d76a2abf9383c3cfb574b,v25b_aligned_bridge/dllm/957d76a2abf9383c3cfb574b/attempt00.json,first,longbench_v2,longbench_v2/66f8c6b4bb02136c067c4480,101,M3_boot_aligned16,v20_global_M3_R3,100,13,3249,eos,18.308582243014826,1.0,True,True
v25b_aligned_bridge,dllm,957d76a2abf9383c3cfb574b,v25b_aligned_bridge/dllm/957d76a2abf9383c3cfb574b/warm1.json,warm,longbench_v2,longbench_v2/66f8c6b4bb02136c067c4480,101,M3_boot_aligned16,v20_global_M3_R3,100,13,3249,eos,18.326055850018747,,,
v25b_aligned_bridge,dllm,a5f4a24397cd1cc0a8ada771,v25b_aligned_bridge/dllm/a5f4a24397cd1cc0a8ada771/attempt00.json,first,longbench_v2,longbench_v2/66f8c6b4bb02136c067c4480,101,M3_boot_logical,v20_global_M3_R3,100,13,3249,eos,18.53018077998422,1.0,True,True
v25b_aligned_bridge,dllm,a5f4a24397cd1cc0a8ada771,v25b_aligned_bridge/dllm/a5f4a24397cd1cc0a8ada771/warm1.json,warm,longbench_v2,longbench_v2/66f8c6b4bb02136c067c4480,101,M3_boot_logical,v20_global_M3_R3,100,13,3249,eos,18.306422040011967,,,
v25b_aligned_bridge,mpk,582d55f7161cc02987a6f19b,v25b_aligned_bridge/mpk/582d55f7161cc02987a6f19b/attempt00.json,first,longbench_v2,longbench_v2/66f8c6b4bb02136c067c4480,202,M3_boot_aligned16,v20_global_M3_R3,89,12,3018,eos,17.29748580395244,1.0,True,True
v25b_aligned_bridge,mpk,582d55f7161cc02987a6f19b,v25b_aligned_bridge/mpk/582d55f7161cc02987a6f19b/warm1.json,warm,longbench_v2,longbench_v2/66f8c6b4bb02136c067c4480,202,M3_boot_aligned16,v20_global_M3_R3,89,12,3018,eos,17.269456893904135,,,
v25b_aligned_bridge,mpk,c8fb8734827e5dde5b6af5d4,v25b_aligned_bridge/mpk/c8fb8734827e5dde5b6af5d4/attempt00.json,first,longbench_v2,longbench_v2/66f8c6b4bb02136c067c4480,202,M3_boot_logical,v20_global_M3_R3,89,12,3018,eos,17.506758923875168,1.0,True,True
v25b_aligned_bridge,mpk,c8fb8734827e5dde5b6af5d4,v25b_aligned_bridge/mpk/c8fb8734827e5dde5b6af5d4/warm1.json,warm,longbench_v2,longbench_v2/66f8c6b4bb02136c067c4480,202,M3_boot_logical,v20_global_M3_R3,89,12,3018,eos,17.240100966067985,,,
v25b_aligned_bridge,mpk,1736bb9caacd37b39559a0cf,v25b_aligned_bridge/mpk/1736bb9caacd37b39559a0cf/attempt00.json,first,longbench_v2,longbench_v2/66f9625fbb02136c067c5456,101,M3_boot_aligned16,v20_global_M3_R3,230,12,3001,eos,39.73022868600674,0.0,False,True
v25b_aligned_bridge,mpk,1736bb9caacd37b39559a0cf,v25b_aligned_bridge/mpk/1736bb9caacd37b39559a0cf/warm1.json,warm,longbench_v2,longbench_v2/66f9625fbb02136c067c5456,101,M3_boot_aligned16,v20_global_M3_R3,230,12,3001,eos,39.76482378109358,,,
v25b_aligned_bridge,mpk,df324003984feffa1ca1631e,v25b_aligned_bridge/mpk/df324003984feffa1ca1631e/attempt00.json,first,longbench_v2,longbench_v2/66f9625fbb02136c067c5456,101,M3_boot_logical,v20_global_M3_R3,230,12,3001,eos,42.8559694129508,0.0,False,True
v25b_aligned_bridge,mpk,df324003984feffa1ca1631e,v25b_aligned_bridge/mpk/df324003984feffa1ca1631e/warm1.json,warm,longbench_v2,longbench_v2/66f9625fbb02136c067c5456,101,M3_boot_logical,v20_global_M3_R3,230,12,3001,eos,40.81656072195619,,,
v25b_aligned_bridge,dllm,fd289623bac0bf24a2cd9414,v25b_aligned_bridge/dllm/fd289623bac0bf24a2cd9414/attempt00.json,first,longbench_v2,longbench_v2/66f9625fbb02136c067c5456,202,M3_boot_aligned16,v20_global_M3_R3,324,16,3996,eos,55.30833676899783,0.0,False,True
v25b_aligned_bridge,dllm,fd289623bac0bf24a2cd9414,v25b_aligned_bridge/dllm/fd289623bac0bf24a2cd9414/warm1.json,warm,longbench_v2,longbench_v2/66f9625fbb02136c067c5456,202,M3_boot_aligned16,v20_global_M3_R3,324,16,3996,eos,53.17101653901045,,,
v25b_aligned_bridge,dllm,7834f9c8acca33ddfe2d5f78,v25b_aligned_bridge/dllm/7834f9c8acca33ddfe2d5f78/attempt00.json,first,longbench_v2,longbench_v2/66f9625fbb02136c067c5456,202,M3_boot_logical,v20_global_M3_R3,324,16,3996,eos,54.605844484991394,0.0,False,True
v25b_aligned_bridge,dllm,7834f9c8acca33ddfe2d5f78,v25b_aligned_bridge/dllm/7834f9c8acca33ddfe2d5f78/warm1.json,warm,longbench_v2,longbench_v2/66f9625fbb02136c067c5456,202,M3_boot_logical,v20_global_M3_R3,324,16,3996,eos,54.59605686899158,,,
