condition,task,target,count,accuracy,dense_accuracy,delta,paired_ci95,matching_tokens,compared_tokens,token_agreement,sequence_exact_match,relative_accuracy,length_terminated,empty_outputs,overall_eligible,overall_skipped,overall_softmax_skipped,overall_pv_omitted,overall_compensated,overall_mass_sum,overall_rows,overall_error_sq,overall_dense_sq,overall_denominator_mass_sum,overall_same_budget_best_mass_sum,overall_wrongly_replaced_vs_mass,overall_unnecessarily_retained_vs_mass,overall_physical_sparsity,overall_pv_omission,overall_mass,overall_denominator_mass,overall_relative_error,overall_rescued_rows,overall_prefix_eligible,overall_prefix_skipped,overall_prefix_replaced,overall_canvas_eligible,overall_canvas_skipped,overall_canvas_replaced,overall_boundary_eligible,overall_boundary_skipped,overall_boundary_replaced,overall_softmax_sparsity,overall_compensation_fraction,overall_mass_selection_gap,overall_wrongly_replaced_fraction,overall_rescued_row_rate,overall_prefix_sparsity,overall_canvas_sparsity,overall_boundary_sparsity,global_eligible,global_skipped,global_softmax_skipped,global_pv_omitted,global_compensated,global_mass_sum,global_rows,global_error_sq,global_dense_sq,global_denominator_mass_sum,global_same_budget_best_mass_sum,global_wrongly_replaced_vs_mass,global_unnecessarily_retained_vs_mass,global_physical_sparsity,global_pv_omission,global_mass,global_denominator_mass,global_relative_error,global_rescued_rows,global_prefix_eligible,global_prefix_skipped,global_prefix_replaced,global_canvas_eligible,global_canvas_skipped,global_canvas_replaced,global_boundary_eligible,global_boundary_skipped,global_boundary_replaced,global_softmax_sparsity,global_compensation_fraction,global_mass_selection_gap,global_wrongly_replaced_fraction,global_rescued_row_rate,global_prefix_sparsity,global_canvas_sparsity,global_boundary_sparsity,local_eligible,local_skipped,local_softmax_skipped,local_pv_omitted,local_compensated,local_mass_sum,local_rows,local_error_sq,local_dense_sq,local_denominator_mass_sum,local_same_budget_best_mass_sum,local_wrongly_replaced_vs_mass,local_unnecessarily_retained_vs_mass,local_physical_sparsity,local_pv_omission,local_mass,local_denominator_mass,local_relative_error,local_rescued_rows,local_prefix_eligible,local_prefix_skipped,local_prefix_replaced,local_canvas_eligible,local_canvas_skipped,local_canvas_replaced,local_boundary_eligible,local_boundary_skipped,local_boundary_replaced,local_softmax_sparsity,local_compensation_fraction,local_mass_selection_gap,local_wrongly_replaced_fraction,local_rescued_row_rate,local_prefix_sparsity,local_canvas_sparsity,local_boundary_sparsity,overall_mass_sample_p10_p50_p90,overall_relative_error_sample_p10_p50_p90,overall_physical_sparsity_sample_p10_p50_p90,global_mass_sample_p10_p50_p90,global_relative_error_sample_p10_p50_p90,global_physical_sparsity_sample_p10_p50_p90,local_mass_sample_p10_p50_p90,local_relative_error_sample_p10_p50_p90,local_physical_sparsity_sample_p10_p50_p90
dense,niah_single_1,0.0,10,1.0,1.0,0.0,"[0.0, 0.0]",291,291,1.0,1.0,1.0,0,0,1337440.0,0.0,0.0,0.0,0.0,4546560.0,4546560.0,0.0,535887497.52874756,4546560.0,4546560.0,0.0,0.0,0.0,0.0,1.0,1.0,0.0,0.0,1159840.0,0.0,0.0,142080.0,0.0,0.0,35520.0,0.0,0.0,0.0,0.0,0.0,0.0,0.0,0.0,0.0,0.0,775040.0,0.0,0.0,0.0,0.0,757760.0,757760.0,0.0,142408366.45996094,757760.0,757760.0,0.0,0.0,0.0,0.0,1.0,1.0,0.0,0.0,745440.0,0.0,0.0,23680.0,0.0,0.0,5920.0,0.0,0.0,0.0,0.0,0.0,0.0,0.0,0.0,0.0,0.0,562400.0,0.0,0.0,0.0,0.0,3788800.0,3788800.0,0.0,393479131.0687866,3788800.0,3788800.0,0.0,0.0,0.0,0.0,1.0,1.0,0.0,0.0,414400.0,0.0,0.0,118400.0,0.0,0.0,29600.0,0.0,0.0,0.0,0.0,0.0,0.0,0.0,0.0,0.0,0.0,"[1.0, 1.0, 1.0]","[0.0, 0.0, 0.0]","[0.0, 0.0, 0.0]","[1.0, 1.0, 1.0]","[0.0, 0.0, 0.0]","[0.0, 0.0, 0.0]","[1.0, 1.0, 1.0]","[0.0, 0.0, 0.0]","[0.0, 0.0, 0.0]"
dense,niah_single_2,0.0,10,1.0,1.0,0.0,"[0.0, 0.0]",283,283,1.0,1.0,1.0,0,0,1064000.0,0.0,0.0,0.0,0.0,3686400.0,3686400.0,0.0,402876964.0648804,3686400.0,3686400.0,0.0,0.0,0.0,0.0,1.0,1.0,0.0,0.0,920000.0,0.0,0.0,115200.0,0.0,0.0,28800.0,0.0,0.0,0.0,0.0,0.0,0.0,0.0,0.0,0.0,0.0,608000.0,0.0,0.0,0.0,0.0,614400.0,614400.0,0.0,100384615.52246094,614400.0,614400.0,0.0,0.0,0.0,0.0,1.0,1.0,0.0,0.0,584000.0,0.0,0.0,19200.0,0.0,0.0,4800.0,0.0,0.0,0.0,0.0,0.0,0.0,0.0,0.0,0.0,0.0,456000.0,0.0,0.0,0.0,0.0,3072000.0,3072000.0,0.0,302492348.54241943,3072000.0,3072000.0,0.0,0.0,0.0,0.0,1.0,1.0,0.0,0.0,336000.0,0.0,0.0,96000.0,0.0,0.0,24000.0,0.0,0.0,0.0,0.0,0.0,0.0,0.0,0.0,0.0,0.0,"[1.0, 1.0, 1.0]","[0.0, 0.0, 0.0]","[0.0, 0.0, 0.0]","[1.0, 1.0, 1.0]","[0.0, 0.0, 0.0]","[0.0, 0.0, 0.0]","[1.0, 1.0, 1.0]","[0.0, 0.0, 0.0]","[0.0, 0.0, 0.0]"
dense,niah_single_3,0.0,10,1.0,1.0,0.0,"[0.0, 0.0]",547,547,1.0,1.0,1.0,0,0,1265600.0,0.0,0.0,0.0,0.0,4300800.0,4300800.0,0.0,467894988.74884033,4300800.0,4300800.0,0.0,0.0,0.0,0.0,1.0,1.0,0.0,0.0,1097600.0,0.0,0.0,134400.0,0.0,0.0,33600.0,0.0,0.0,0.0,0.0,0.0,0.0,0.0,0.0,0.0,0.0,733600.0,0.0,0.0,0.0,0.0,716800.0,716800.0,0.0,118482530.6225586,716800.0,716800.0,0.0,0.0,0.0,0.0,1.0,1.0,0.0,0.0,705600.0,0.0,0.0,22400.0,0.0,0.0,5600.0,0.0,0.0,0.0,0.0,0.0,0.0,0.0,0.0,0.0,0.0,532000.0,0.0,0.0,0.0,0.0,3584000.0,3584000.0,0.0,349412458.12628174,3584000.0,3584000.0,0.0,0.0,0.0,0.0,1.0,1.0,0.0,0.0,392000.0,0.0,0.0,112000.0,0.0,0.0,28000.0,0.0,0.0,0.0,0.0,0.0,0.0,0.0,0.0,0.0,0.0,"[1.0, 1.0, 1.0]","[0.0, 0.0, 0.0]","[0.0, 0.0, 0.0]","[1.0, 1.0, 1.0]","[0.0, 0.0, 0.0]","[0.0, 0.0, 0.0]","[1.0, 1.0, 1.0]","[0.0, 0.0, 0.0]","[0.0, 0.0, 0.0]"
dense,niah_multikey_1,0.0,10,1.0,1.0,0.0,"[0.0, 0.0]",287,287,1.0,1.0,1.0,0,0,858240.0,0.0,0.0,0.0,0.0,2949120.0,2949120.0,0.0,320641508.25531006,2949120.0,2949120.0,0.0,0.0,0.0,0.0,1.0,1.0,0.0,0.0,743040.0,0.0,0.0,92160.0,0.0,0.0,23040.0,0.0,0.0,0.0,0.0,0.0,0.0,0.0,0.0,0.0,0.0,493440.0,0.0,0.0,0.0,0.0,491520.0,491520.0,0.0,79275245.42138672,491520.0,491520.0,0.0,0.0,0.0,0.0,1.0,1.0,0.0,0.0,474240.0,0.0,0.0,15360.0,0.0,0.0,3840.0,0.0,0.0,0.0,0.0,0.0,0.0,0.0,0.0,0.0,0.0,364800.0,0.0,0.0,0.0,0.0,2457600.0,2457600.0,0.0,241366262.83392334,2457600.0,2457600.0,0.0,0.0,0.0,0.0,1.0,1.0,0.0,0.0,268800.0,0.0,0.0,76800.0,0.0,0.0,19200.0,0.0,0.0,0.0,0.0,0.0,0.0,0.0,0.0,0.0,0.0,"[1.0, 1.0, 1.0]","[0.0, 0.0, 0.0]","[0.0, 0.0, 0.0]","[1.0, 1.0, 1.0]","[0.0, 0.0, 0.0]","[0.0, 0.0, 0.0]","[1.0, 1.0, 1.0]","[0.0, 0.0, 0.0]","[0.0, 0.0, 0.0]"
dense,niah_multikey_2,0.0,10,1.0,1.0,0.0,"[0.0, 0.0]",289,289,1.0,1.0,1.0,0,0,994560.0,0.0,0.0,0.0,0.0,3440640.0,3440640.0,0.0,380044124.7774658,3440640.0,3440640.0,0.0,0.0,0.0,0.0,1.0,1.0,0.0,0.0,860160.0,0.0,0.0,107520.0,0.0,0.0,26880.0,0.0,0.0,0.0,0.0,0.0,0.0,0.0,0.0,0.0,0.0,568960.0,0.0,0.0,0.0,0.0,573440.0,573440.0,0.0,97169500.46679688,573440.0,573440.0,0.0,0.0,0.0,0.0,1.0,1.0,0.0,0.0,546560.0,0.0,0.0,17920.0,0.0,0.0,4480.0,0.0,0.0,0.0,0.0,0.0,0.0,0.0,0.0,0.0,0.0,425600.0,0.0,0.0,0.0,0.0,2867200.0,2867200.0,0.0,282874624.31066895,2867200.0,2867200.0,0.0,0.0,0.0,0.0,1.0,1.0,0.0,0.0,313600.0,0.0,0.0,89600.0,0.0,0.0,22400.0,0.0,0.0,0.0,0.0,0.0,0.0,0.0,0.0,0.0,0.0,"[1.0, 1.0, 1.0]","[0.0, 0.0, 0.0]","[0.0, 0.0, 0.0]","[1.0, 1.0, 1.0]","[0.0, 0.0, 0.0]","[0.0, 0.0, 0.0]","[1.0, 1.0, 1.0]","[0.0, 0.0, 0.0]","[0.0, 0.0, 0.0]"
dense,niah_multikey_3,0.0,10,1.0,1.0,0.0,"[0.0, 0.0]",827,827,1.0,1.0,1.0,0,0,1400000.0,0.0,0.0,0.0,0.0,4792320.0,4792320.0,0.0,537092111.4506226,4792320.0,4792320.0,0.0,0.0,0.0,0.0,1.0,1.0,0.0,0.0,1213600.0,0.0,0.0,149760.0,0.0,0.0,36640.0,0.0,0.0,0.0,0.0,0.0,0.0,0.0,0.0,0.0,0.0,807200.0,0.0,0.0,0.0,0.0,798720.0,798720.0,0.0,141493182.54882812,798720.0,798720.0,0.0,0.0,0.0,0.0,1.0,1.0,0.0,0.0,776800.0,0.0,0.0,24960.0,0.0,0.0,5440.0,0.0,0.0,0.0,0.0,0.0,0.0,0.0,0.0,0.0,0.0,592800.0,0.0,0.0,0.0,0.0,3993600.0,3993600.0,0.0,395598928.90179443,3993600.0,3993600.0,0.0,0.0,0.0,0.0,1.0,1.0,0.0,0.0,436800.0,0.0,0.0,124800.0,0.0,0.0,31200.0,0.0,0.0,0.0,0.0,0.0,0.0,0.0,0.0,0.0,0.0,"[1.0, 1.0, 1.0]","[0.0, 0.0, 0.0]","[0.0, 0.0, 0.0]","[1.0, 1.0, 1.0]","[0.0, 0.0, 0.0]","[0.0, 0.0, 0.0]","[1.0, 1.0, 1.0]","[0.0, 0.0, 0.0]","[0.0, 0.0, 0.0]"
dense,niah_multivalue,0.0,10,1.0,1.0,0.0,"[0.0, 0.0]",830,830,1.0,1.0,1.0,0,0,1699520.0,0.0,0.0,0.0,0.0,5775360.0,5775360.0,0.0,612380649.033081,5775360.0,5775360.0,0.0,0.0,0.0,0.0,1.0,1.0,0.0,0.0,1473920.0,0.0,0.0,180480.0,0.0,0.0,45120.0,0.0,0.0,0.0,0.0,0.0,0.0,0.0,0.0,0.0,0.0,985120.0,0.0,0.0,0.0,0.0,962560.0,962560.0,0.0,156356523.77246094,962560.0,962560.0,0.0,0.0,0.0,0.0,1.0,1.0,0.0,0.0,947520.0,0.0,0.0,30080.0,0.0,0.0,7520.0,0.0,0.0,0.0,0.0,0.0,0.0,0.0,0.0,0.0,0.0,714400.0,0.0,0.0,0.0,0.0,4812800.0,4812800.0,0.0,456024125.2606201,4812800.0,4812800.0,0.0,0.0,0.0,0.0,1.0,1.0,0.0,0.0,526400.0,0.0,0.0,150400.0,0.0,0.0,37600.0,0.0,0.0,0.0,0.0,0.0,0.0,0.0,0.0,0.0,0.0,"[1.0, 1.0, 1.0]","[0.0, 0.0, 0.0]","[0.0, 0.0, 0.0]","[1.0, 1.0, 1.0]","[0.0, 0.0, 0.0]","[0.0, 0.0, 0.0]","[1.0, 1.0, 1.0]","[0.0, 0.0, 0.0]","[0.0, 0.0, 0.0]"
dense,niah_multiquery,0.0,10,1.0,1.0,0.0,"[0.0, 0.0]",1076,1076,1.0,1.0,1.0,0,0,1434080.0,0.0,0.0,0.0,0.0,5038080.0,5038080.0,0.0,539911038.4128418,5038080.0,5038080.0,0.0,0.0,0.0,0.0,1.0,1.0,0.0,0.0,1237280.0,0.0,0.0,157440.0,0.0,0.0,39360.0,0.0,0.0,0.0,0.0,0.0,0.0,0.0,0.0,0.0,0.0,810880.0,0.0,0.0,0.0,0.0,839680.0,839680.0,0.0,143891978.54882812,839680.0,839680.0,0.0,0.0,0.0,0.0,1.0,1.0,0.0,0.0,778080.0,0.0,0.0,26240.0,0.0,0.0,6560.0,0.0,0.0,0.0,0.0,0.0,0.0,0.0,0.0,0.0,0.0,623200.0,0.0,0.0,0.0,0.0,4198400.0,4198400.0,0.0,396019059.8640137,4198400.0,4198400.0,0.0,0.0,0.0,0.0,1.0,1.0,0.0,0.0,459200.0,0.0,0.0,131200.0,0.0,0.0,32800.0,0.0,0.0,0.0,0.0,0.0,0.0,0.0,0.0,0.0,0.0,"[1.0, 1.0, 1.0]","[0.0, 0.0, 0.0]","[0.0, 0.0, 0.0]","[1.0, 1.0, 1.0]","[0.0, 0.0, 0.0]","[0.0, 0.0, 0.0]","[1.0, 1.0, 1.0]","[0.0, 0.0, 0.0]","[0.0, 0.0, 0.0]"
dense,vt,0.0,10,0.0,0.0,0.0,"[0.0, 0.0]",300,300,1.0,1.0,,10,0,1489120.0,0.0,0.0,0.0,0.0,5038080.0,5038080.0,0.0,579522024.5284424,5038080.0,5038080.0,0.0,0.0,0.0,0.0,1.0,1.0,0.0,0.0,1292320.0,0.0,0.0,157440.0,0.0,0.0,39360.0,0.0,0.0,0.0,0.0,0.0,0.0,0.0,0.0,0.0,0.0,865920.0,0.0,0.0,0.0,0.0,839680.0,839680.0,0.0,151419842.62939453,839680.0,839680.0,0.0,0.0,0.0,0.0,1.0,1.0,0.0,0.0,833120.0,0.0,0.0,26240.0,0.0,0.0,6560.0,0.0,0.0,0.0,0.0,0.0,0.0,0.0,0.0,0.0,0.0,623200.0,0.0,0.0,0.0,0.0,4198400.0,4198400.0,0.0,428102181.89904785,4198400.0,4198400.0,0.0,0.0,0.0,0.0,1.0,1.0,0.0,0.0,459200.0,0.0,0.0,131200.0,0.0,0.0,32800.0,0.0,0.0,0.0,0.0,0.0,0.0,0.0,0.0,0.0,0.0,"[1.0, 1.0, 1.0]","[0.0, 0.0, 0.0]","[0.0, 0.0, 0.0]","[1.0, 1.0, 1.0]","[0.0, 0.0, 0.0]","[0.0, 0.0, 0.0]","[1.0, 1.0, 1.0]","[0.0, 0.0, 0.0]","[0.0, 0.0, 0.0]"
dense,cwe,0.0,10,1.0,1.0,0.0,"[0.0, 0.0]",631,631,1.0,1.0,1.0,0,0,3164960.0,0.0,0.0,0.0,0.0,10813440.0,10813440.0,0.0,1163661126.6875,10813440.0,10813440.0,0.0,0.0,0.0,0.0,1.0,1.0,0.0,0.0,2742560.0,0.0,0.0,337920.0,0.0,0.0,84480.0,0.0,0.0,0.0,0.0,0.0,0.0,0.0,0.0,0.0,0.0,1827360.0,0.0,0.0,0.0,0.0,1802240.0,1802240.0,0.0,303050839.8129883,1802240.0,1802240.0,0.0,0.0,0.0,0.0,1.0,1.0,0.0,0.0,1756960.0,0.0,0.0,56320.0,0.0,0.0,14080.0,0.0,0.0,0.0,0.0,0.0,0.0,0.0,0.0,0.0,0.0,1337600.0,0.0,0.0,0.0,0.0,9011200.0,9011200.0,0.0,860610286.8745117,9011200.0,9011200.0,0.0,0.0,0.0,0.0,1.0,1.0,0.0,0.0,985600.0,0.0,0.0,281600.0,0.0,0.0,70400.0,0.0,0.0,0.0,0.0,0.0,0.0,0.0,0.0,0.0,0.0,"[1.0, 1.0, 1.0]","[0.0, 0.0, 0.0]","[0.0, 0.0, 0.0]","[1.0, 1.0, 1.0]","[0.0, 0.0, 0.0]","[0.0, 0.0, 0.0]","[1.0, 1.0, 1.0]","[0.0, 0.0, 0.0]","[0.0, 0.0, 0.0]"
dense,fwe,0.0,10,1.0,1.0,0.0,"[0.0, 0.0]",341,341,1.0,1.0,1.0,0,0,1458880.0,0.0,0.0,0.0,0.0,5038080.0,5038080.0,0.0,551667951.7618408,5038080.0,5038080.0,0.0,0.0,0.0,0.0,1.0,1.0,0.0,0.0,1262080.0,0.0,0.0,157440.0,0.0,0.0,39360.0,0.0,0.0,0.0,0.0,0.0,0.0,0.0,0.0,0.0,0.0,835680.0,0.0,0.0,0.0,0.0,839680.0,839680.0,0.0,147163292.9013672,839680.0,839680.0,0.0,0.0,0.0,0.0,1.0,1.0,0.0,0.0,802880.0,0.0,0.0,26240.0,0.0,0.0,6560.0,0.0,0.0,0.0,0.0,0.0,0.0,0.0,0.0,0.0,0.0,623200.0,0.0,0.0,0.0,0.0,4198400.0,4198400.0,0.0,404504658.86047363,4198400.0,4198400.0,0.0,0.0,0.0,0.0,1.0,1.0,0.0,0.0,459200.0,0.0,0.0,131200.0,0.0,0.0,32800.0,0.0,0.0,0.0,0.0,0.0,0.0,0.0,0.0,0.0,0.0,"[1.0, 1.0, 1.0]","[0.0, 0.0, 0.0]","[0.0, 0.0, 0.0]","[1.0, 1.0, 1.0]","[0.0, 0.0, 0.0]","[0.0, 0.0, 0.0]","[1.0, 1.0, 1.0]","[0.0, 0.0, 0.0]","[0.0, 0.0, 0.0]"
dense,qa_1,0.0,10,1.0,1.0,0.0,"[0.0, 0.0]",92,92,1.0,1.0,1.0,0,0,974400.0,0.0,0.0,0.0,0.0,3440640.0,3440640.0,0.0,374509697.86968994,3440640.0,3440640.0,0.0,0.0,0.0,0.0,1.0,1.0,0.0,0.0,840000.0,0.0,0.0,107520.0,0.0,0.0,26880.0,0.0,0.0,0.0,0.0,0.0,0.0,0.0,0.0,0.0,0.0,548800.0,0.0,0.0,0.0,0.0,573440.0,573440.0,0.0,91858053.13232422,573440.0,573440.0,0.0,0.0,0.0,0.0,1.0,1.0,0.0,0.0,526400.0,0.0,0.0,17920.0,0.0,0.0,4480.0,0.0,0.0,0.0,0.0,0.0,0.0,0.0,0.0,0.0,0.0,425600.0,0.0,0.0,0.0,0.0,2867200.0,2867200.0,0.0,282651644.7373657,2867200.0,2867200.0,0.0,0.0,0.0,0.0,1.0,1.0,0.0,0.0,313600.0,0.0,0.0,89600.0,0.0,0.0,22400.0,0.0,0.0,0.0,0.0,0.0,0.0,0.0,0.0,0.0,0.0,"[1.0, 1.0, 1.0]","[0.0, 0.0, 0.0]","[0.0, 0.0, 0.0]","[1.0, 1.0, 1.0]","[0.0, 0.0, 0.0]","[0.0, 0.0, 0.0]","[1.0, 1.0, 1.0]","[0.0, 0.0, 0.0]","[0.0, 0.0, 0.0]"
dense,qa_2,0.0,10,0.6,0.6,0.0,"[0.0, 0.0]",108,108,1.0,1.0,1.0,0,0,1047520.0,0.0,0.0,0.0,0.0,3809280.0,3809280.0,0.0,411823534.14282227,3809280.0,3809280.0,0.0,0.0,0.0,0.0,1.0,1.0,0.0,0.0,898720.0,0.0,0.0,119040.0,0.0,0.0,29760.0,0.0,0.0,0.0,0.0,0.0,0.0,0.0,0.0,0.0,0.0,576320.0,0.0,0.0,0.0,0.0,634880.0,634880.0,0.0,103370681.4663086,634880.0,634880.0,0.0,0.0,0.0,0.0,1.0,1.0,0.0,0.0,551520.0,0.0,0.0,19840.0,0.0,0.0,4960.0,0.0,0.0,0.0,0.0,0.0,0.0,0.0,0.0,0.0,0.0,471200.0,0.0,0.0,0.0,0.0,3174400.0,3174400.0,0.0,308452852.6765137,3174400.0,3174400.0,0.0,0.0,0.0,0.0,1.0,1.0,0.0,0.0,347200.0,0.0,0.0,99200.0,0.0,0.0,24800.0,0.0,0.0,0.0,0.0,0.0,0.0,0.0,0.0,0.0,0.0,"[1.0, 1.0, 1.0]","[0.0, 0.0, 0.0]","[0.0, 0.0, 0.0]","[1.0, 1.0, 1.0]","[0.0, 0.0, 0.0]","[0.0, 0.0, 0.0]","[1.0, 1.0, 1.0]","[0.0, 0.0, 0.0]","[0.0, 0.0, 0.0]"
blasst_s50,niah_single_1,0.5,10,1.0,1.0,0.0,"[0.0, 0.0]",215,291,0.738831615120275,0.5,1.0,0,0,1337120.0,817621.0,817621.0,817621.0,0.0,4037967.2032785416,4546560.0,22577032.168792013,517424015.51745605,4037967.2032785416,4313977.983356476,90214.0,90214.0,0.6114791492162259,0.6114791492162259,0.8881367898539867,0.8881367898539867,0.20888638540716417,0.0,1159520.0,760459.0,760459.0,142080.0,54950.0,54950.0,35520.0,2212.0,2212.0,0.6114791492162259,0.0,0.06070760752699497,0.06746888835706594,0.0,0.6558394853042638,0.38675394144144143,0.06227477477477478,774720.0,670880.0,670880.0,670880.0,0.0,605107.9142913818,757760.0,8177726.443393748,137604985.85791016,605107.9142913818,622707.937828064,21337.0,21337.0,0.865964477488641,0.865964477488641,0.7985482399326724,0.7985482399326724,0.24378063520741913,0.0,745120.0,659938.0,659938.0,23680.0,10764.0,10764.0,5920.0,178.0,178.0,0.865964477488641,0.0,0.02322638241221776,0.027541563403552252,0.0,0.8856801589005797,0.4545608108108108,0.03006756756756757,562400.0,146741.0,146741.0,146741.0,0.0,3432859.2889871597,3788800.0,14399305.725398265,379819029.6595459,3432859.2889871597,3691270.045528412,68877.0,68877.0,0.2609192745376956,0.2609192745376956,0.9060544998382495,0.9060544998382495,0.19470738156430864,0.0,414400.0,100521.0,100521.0,118400.0,44186.0,44186.0,29600.0,2034.0,2034.0,0.2609192745376956,0.0,0.06820385254995041,0.12246977240398293,0.0,0.2425699806949807,0.3731925675675676,0.06871621621621622,"[0.8783664025112133, 0.8877549834019091, 0.8977193390954441]","[0.19844425123104922, 0.20920984513780966, 0.21700327465433222]","[0.6057086559734514, 0.6098750921828908, 0.6183102876106195]","[0.786907611253361, 0.798342186533846, 0.8023153836745769]","[0.23496019437584031, 0.24871705747335862, 0.2555550189696017]","[0.8499212786259542, 0.8660861959287531, 0.8761927480916031]","[0.8965589910654818, 0.9065809152512034, 0.9151680894554592]","[0.17989020136393388, 0.1926946590410216, 0.20306184091890897]","[0.23537774122807018, 0.2639254385964912, 0.2733486842105263]"
blasst_s50,niah_single_2,0.5,10,1.0,1.0,0.0,"[0.0, 0.0]",280,283,0.9893992932862191,0.7,1.0,0,0,1243200.0,676876.0,676876.0,676876.0,0.0,3783336.68964386,4300800.0,19330117.83670002,455801588.28692627,3783336.68964386,4050503.0191688538,114135.0,114135.0,0.5444626769626769,0.5444626769626769,0.8796820799953171,0.8796820799953171,0.20593460622836943,0.0,1075200.0,623365.0,623365.0,134400.0,50773.0,50773.0,33600.0,2738.0,2738.0,0.5444626769626769,0.0,0.062120147303988536,0.09180743243243243,0.0,0.5797665550595238,0.3777752976190476,0.08148809523809523,711200.0,513937.0,513937.0,513937.0,0.0,536229.9481506348,716800.0,9139409.735889647,112383843.05029297,536229.9481506348,560514.6399879456,47877.0,47877.0,0.7226335770528683,0.7226335770528683,0.7480886553440775,0.7480886553440775,0.28517216611253865,0.0,683200.0,505593.0,505593.0,22400.0,8229.0,8229.0,5600.0,115.0,115.0,0.7226335770528683,0.0,0.03387931338910546,0.06731861642294713,0.0,0.7400365925058549,0.3673660714285714,0.020535714285714286,532000.0,162939.0,162939.0,162939.0,0.0,3247106.741493225,3584000.0,10190708.100810371,343417745.2366333,3247106.741493225,3489988.379180908,66258.0,66258.0,0.3062763157894737,0.3062763157894737,0.906000764925565,0.906000764925565,0.1722625273818056,0.0,392000.0,117772.0,117772.0,112000.0,42544.0,42544.0,28000.0,2623.0,2623.0,0.3062763157894737,0.0,0.06776831408696515,0.12454511278195489,0.0,0.3004387755102041,0.37985714285714284,0.09367857142857143,"[0.8729218165659889, 0.8795702762617212, 0.8876192033865179]","[0.19707799419095823, 0.20650131753893675, 0.20941910269881656]","[0.5090697850090135, 0.5381413966049382, 0.5675706120943952]","[0.7411529570771381, 0.7505032198037953, 0.7547252282314002]","[0.27648464502548226, 0.2843453430667968, 0.29085555770827354]","[0.6819150014194688, 0.7308125440298194, 0.7494219430162135]","[0.8979190143260639, 0.9047770554572343, 0.9161275414843112]","[0.16332023048249383, 0.17254597967957747, 0.1754629358614037]","[0.2823980263157895, 0.30848684210526317, 0.32465241228070174]"
blasst_s50,niah_single_3,0.5,10,1.0,1.0,0.0,"[0.0, 0.0]",508,548,0.927007299270073,0.7,1.0,0,0,1446400.0,804456.0,804456.0,804456.0,0.0,4315600.456192017,4915200.0,24249575.410197657,519132677.2041626,4315600.456192017,4629367.2082595825,137312.0,137312.0,0.5561780973451328,0.5561780973451328,0.8780111605208367,0.8780111605208367,0.21612892138046425,0.0,1254400.0,737774.0,737774.0,153600.0,63118.0,63118.0,38400.0,3564.0,3564.0,0.5561780973451328,0.0,0.06383600912832965,0.09493362831858407,0.0,0.5881489158163266,0.4109244791666667,0.0928125,838400.0,608048.0,608048.0,608048.0,0.0,619067.7710151672,819200.0,9923889.285081511,128772552.29882812,619067.7710151672,646119.0491638184,56525.0,56525.0,0.7252480916030535,0.7252480916030535,0.7556979626649991,0.7556979626649991,0.2776062908337468,0.0,806400.0,596356.0,596356.0,25600.0,11553.0,11553.0,6400.0,139.0,139.0,0.7252480916030535,0.0,0.03302157977130264,0.06742008587786259,0.0,0.7395287698412698,0.4512890625,0.02171875,608000.0,196408.0,196408.0,196408.0,0.0,3696532.6851768494,4096000.0,14325686.125116147,390360124.9053345,3696532.6851768494,3983248.159095764,80787.0,80787.0,0.32303947368421054,0.32303947368421054,0.9024738000920043,0.9024738000920043,0.19156889388350776,0.0,448000.0,141418.0,141418.0,128000.0,51565.0,51565.0,32000.0,3425.0,3425.0,0.32303947368421054,0.0,0.06999889499973505,0.13287335526315788,0.0,0.31566517857142856,0.4028515625,0.10703125,"[0.8716751076175522, 0.8800754670265856, 0.8830710435497653]","[0.2078648367676979, 0.2139296714746216, 0.22237422585310385]","[0.5387439159292036, 0.5508630623156342, 0.5784752949852507]","[0.7455336854358514, 0.7553304825909436, 0.7682683842427407]","[0.26111534706297806, 0.27694097031100184, 0.29105009211421107]","[0.6977727417302799, 0.7177600190839695, 0.7563136132315521]","[0.8965617990717292, 0.9038589091940472, 0.9082130332796369]","[0.18403077088637446, 0.18853728851257456, 0.19606814710652853]","[0.3093559210526316, 0.3259539473684211, 0.3385074561403508]"
blasst_s50,niah_multikey_1,0.5,10,1.0,1.0,0.0,"[0.0, 0.0]",285,287,0.9930313588850174,0.8,1.0,0,0,932160.0,495976.0,495976.0,495976.0,0.0,2813879.593976021,3194880.0,13703869.95569721,337815834.9365845,2813879.593976021,3013695.0851631165,89325.0,89325.0,0.5320717473395126,0.5320717473395126,0.8807465676257077,0.8807465676257077,0.20141027054615554,0.0,807360.0,455551.0,455551.0,99840.0,38283.0,38283.0,24960.0,2142.0,2142.0,0.5320717473395126,0.0,0.06254240885012759,0.09582582389289393,0.0,0.5642476714229092,0.3834435096153846,0.08581730769230769,536960.0,374228.0,374228.0,374228.0,0.0,402555.1397705078,532480.0,6278855.535598723,82506819.60986328,402555.1397705078,420584.5029182434,37559.0,37559.0,0.6969383194278903,0.6969383194278903,0.7560004878502625,0.7560004878502625,0.2758641860866526,0.0,516160.0,367447.0,367447.0,16640.0,6669.0,6669.0,4160.0,112.0,112.0,0.6969383194278903,0.0,0.03385923067107797,0.0699474821215733,0.0,0.7118858493490391,0.40078125,0.026923076923076925,395200.0,121748.0,121748.0,121748.0,0.0,2411324.454205513,2662400.0,7425014.420098489,255309015.3267212,2411324.454205513,2593110.582244873,51766.0,51766.0,0.3080668016194332,0.3080668016194332,0.9056957835807966,0.9056957835807966,0.1705358049229667,0.0,291200.0,88104.0,88104.0,83200.0,31614.0,31614.0,20800.0,2030.0,2030.0,0.3080668016194332,0.0,0.06827904448593752,0.13098684210526315,0.0,0.30255494505494507,0.3799759615384615,0.09759615384615385,"[0.8770994433766464, 0.8810863864853875, 0.8866353639164785]","[0.19307286865957843, 0.2016028746880056, 0.2078228915522495]","[0.5035568768436578, 0.5284849400469791, 0.547382005899705]","[0.7489454483737548, 0.7576930541079492, 0.7611321189068257]","[0.26496231740592974, 0.27555764390723614, 0.28743373229966435]","[0.6714646946564886, 0.6963680820610687, 0.7159521744159149]","[0.9022425103227142, 0.9071602559423384, 0.9118847565669567]","[0.16248228758817404, 0.16727003874153257, 0.17750712915241107]","[0.2858519736842105, 0.3085910087719298, 0.322078947368421]"
blasst_s50,niah_multikey_2,0.5,10,1.0,1.0,0.0,"[0.0, 0.0]",284,289,0.9826989619377162,0.6,1.0,0,0,1134560.0,656168.0,656168.0,656168.0,0.0,3457416.1172323227,3932160.0,18983685.172552742,423985708.5467529,3457416.1172323227,3688443.2943992615,96318.0,96318.0,0.5783457904385841,0.5783457904385841,0.8792663872355964,0.8792663872355964,0.21159950747562334,0.0,980960.0,607901.0,607901.0,122880.0,46264.0,46264.0,30720.0,2003.0,2003.0,0.5783457904385841,0.0,0.058753249401585585,0.08489458468481173,0.0,0.6197000897080411,0.37649739583333336,0.06520182291666667,648160.0,504946.0,504946.0,504946.0,0.0,496677.30859184265,655360.0,8710664.461138956,108410318.6508789,496677.30859184265,516342.81901168823,36860.0,36860.0,0.7790452974574179,0.7790452974574179,0.7578694283933146,0.7578694283933146,0.28345905304918906,0.0,622560.0,497673.0,497673.0,20480.0,7163.0,7163.0,5120.0,110.0,110.0,0.7790452974574179,0.0,0.030007187530281955,0.05686867440138237,0.0,0.7993976484194295,0.349755859375,0.021484375,486400.0,151222.0,151222.0,151222.0,0.0,2960738.80864048,3276800.0,10273020.711413788,315575389.895874,2960738.80864048,3172100.4753875732,59458.0,59458.0,0.31090049342105264,0.31090049342105264,0.9035457790040528,0.9035457790040528,0.18042533407830177,0.0,358400.0,110228.0,110228.0,102400.0,39101.0,39101.0,25600.0,1893.0,1893.0,0.31090049342105264,0.0,0.06450246177584631,0.12224095394736842,0.0,0.3075558035714286,0.381845703125,0.0739453125,"[0.873994314322869, 0.8781112106397309, 0.8860319422992567]","[0.2047458479480094, 0.20955244551687358, 0.21911733884225856]","[0.5674603613569321, 0.5780551288615805, 0.5924106758832565]","[0.7495792193338275, 0.7580324000678956, 0.7670694823997717]","[0.2721400089269495, 0.2824960028543003, 0.2912124925992384]","[0.7561879770992366, 0.7806650641025641, 0.7971990266393443]","[0.8988773333206773, 0.9019789321654632, 0.9110303045697511]","[0.17124257969953963, 0.17584274969926234, 0.1930956416062071]","[0.29870833333333335, 0.3047697368421053, 0.3323404605263158]"
blasst_s50,niah_multikey_3,0.5,10,1.0,1.0,0.0,"[0.0, 0.0]",750,827,0.9068923821039904,0.6,1.0,0,0,1328480.0,751217.0,751217.0,751217.0,0.0,4028204.906763077,4546560.0,21862468.815964542,498990830.70043945,4028204.906763077,4296368.135101318,116046.0,116046.0,0.5654710646754185,0.5654710646754185,0.8859896068154993,0.8859896068154993,0.20931642994138067,0.0,1151360.0,696379.0,696379.0,142080.0,51457.0,51457.0,35040.0,3381.0,3381.0,0.5654710646754185,0.0,0.05898156591758199,0.0873524629651933,0.0,0.6048316773207337,0.3621692004504504,0.09648972602739726,766080.0,573939.0,573939.0,573939.0,0.0,583718.8934555054,757760.0,8832367.72121784,129651229.48876953,583718.8934555054,604526.7651824951,45028.0,45028.0,0.7491893796992481,0.7491893796992481,0.7703215971488405,0.7703215971488405,0.2610058558631806,0.0,736960.0,565451.0,565451.0,23680.0,8356.0,8356.0,5440.0,132.0,132.0,0.7491893796992481,0.0,0.027459712477551926,0.05877715121136174,0.0,0.767275021710812,0.3528716216216216,0.02426470588235294,562400.0,177278.0,177278.0,177278.0,0.0,3444486.0133075714,3788800.0,13030101.0947467,369339601.2116699,3444486.0133075714,3691841.3699188232,71018.0,71018.0,0.31521692745376956,0.31521692745376956,0.9091232087488311,0.9091232087488311,0.18782826836094266,0.0,414400.0,130928.0,130928.0,118400.0,43101.0,43101.0,29600.0,3249.0,3249.0,0.31521692745376956,0.0,0.065285936605588,0.12627667140825036,0.0,0.31594594594594594,0.36402871621621624,0.10976351351351352,"[0.8779982262790048, 0.8866361492986066, 0.8932226209086366]","[0.19704767522773167, 0.20638701793801967, 0.21812094178932584]","[0.5398886532738095, 0.5590169270833334, 0.5955075925925927]","[0.7542512218772123, 0.7735094217552493, 0.781234722044319]","[0.24739981066958708, 0.25468434288693675, 0.2758307469532559]","[0.7101361309878752, 0.7400839793281654, 0.7996541666666667]","[0.8999009129735641, 0.9097406028149029, 0.9188373161399116]","[0.1729105735809292, 0.1854875647199479, 0.1989858304066184]","[0.30360197368421055, 0.3169188596491228, 0.3246921052631579]"
blasst_s50,niah_multivalue,0.5,10,1.0,1.0,0.0,"[0.0, 0.0]",571,833,0.6854741896758704,0.5,1.0,0,0,1699520.0,791304.0,791304.0,791304.0,0.0,5223930.641934395,5775360.0,18267939.062586818,600797244.0425415,5223930.641934395,5510845.712154388,165286.0,165286.0,0.46560440594991526,0.46560440594991526,0.9045203488500102,0.9045203488500102,0.17437363108234782,0.0,1473920.0,728986.0,728986.0,180480.0,57547.0,57547.0,45120.0,4771.0,4771.0,0.46560440594991526,0.0,0.04967916635845966,0.09725451892299002,0.0,0.49458993703864523,0.31885527482269505,0.10574024822695036,985120.0,586280.0,586280.0,586280.0,0.0,777050.2028503418,962560.0,7490862.423536003,149317423.89453125,777050.2028503418,805354.3600578308,80628.0,80628.0,0.5951356179957772,0.5951356179957772,0.8072745624691882,0.8072745624691882,0.22398073535376892,0.0,947520.0,575219.0,575219.0,30080.0,10858.0,10858.0,7520.0,203.0,203.0,0.5951356179957772,0.0,0.029405083535040948,0.08184586649342213,0.0,0.6070784785545423,0.36097074468085105,0.02699468085106383,714400.0,205024.0,205024.0,205024.0,0.0,4446880.439084053,4812800.0,10777076.639050815,451479820.14801025,4446880.439084053,4705491.352096558,84658.0,84658.0,0.28698768197088464,0.28698768197088464,0.9239695061261746,0.9239695061261746,0.15450100684151233,0.0,526400.0,153767.0,153767.0,150400.0,46689.0,46689.0,37600.0,4568.0,4568.0,0.28698768197088464,0.0,0.0537339829231434,0.11850223964165733,0.0,0.2921105623100304,0.31043218085106383,0.12148936170212767,"[0.8905172104934334, 0.8967671772954053, 0.9206287445293532]","[0.14947628427341092, 0.18347249601232885, 0.1981189718322565]","[0.4147286366150443, 0.48523460545722713, 0.5198478982300885]","[0.7802892692728589, 0.794353261180222, 0.8336669602897019]","[0.201842705311173, 0.23247018256014523, 0.2509935617086498]","[0.5291781965648855, 0.6180482665394402, 0.6675815044529262]","[0.9143024534542734, 0.9174213816327974, 0.9368977010219047]","[0.1308740780967662, 0.1639727382451174, 0.179446447552145]","[0.2624416118421053, 0.30209155701754387, 0.31170230263157894]"
blasst_s50,niah_multiquery,0.5,10,1.0,1.0,0.0,"[0.0, 0.0]",935,1077,0.8681522748375116,0.7,1.0,0,0,1534880.0,769508.0,769508.0,769508.0,0.0,4918636.68062973,5406720.0,16169147.727900349,566115774.8662109,4918636.68062973,5161173.3008461,138536.0,138536.0,0.5013473365996038,0.5013473365996038,0.9097265404218695,0.9097265404218695,0.1690016466429801,0.0,1323680.0,714149.0,714149.0,168960.0,51676.0,51676.0,42240.0,3683.0,3683.0,0.5013473365996038,0.0,0.04485836518561524,0.09025852183884082,0.0,0.5395178593013417,0.3058475378787879,0.08719223484848485,866080.0,587508.0,587508.0,587508.0,0.0,727612.2733840942,901120.0,7213012.7151381355,147840231.94482422,727612.2733840942,751344.6774940491,63830.0,63830.0,0.6783530389802328,0.6783530389802328,0.8074532508257438,0.8074532508257438,0.22088286729126924,0.0,830880.0,579221.0,579221.0,28160.0,8115.0,8115.0,7040.0,172.0,172.0,0.6783530389802328,0.0,0.026336563509804282,0.07369988915573619,0.0,0.6971175139611014,0.2881747159090909,0.024431818181818183,668800.0,182000.0,182000.0,182000.0,0.0,4191024.407245636,4505600.0,8956135.012762213,418275542.9213867,4191024.407245636,4409828.623352051,74706.0,74706.0,0.27212918660287083,0.27212918660287083,0.9301811983410946,0.9301811983410946,0.14632855372189915,0.0,492800.0,134928.0,134928.0,140800.0,43561.0,43561.0,35200.0,3511.0,3511.0,0.27212918660287083,0.0,0.04856272552077743,0.11170155502392344,0.0,0.2737987012987013,0.3093821022727273,0.09974431818181818,"[0.9056280360533856, 0.9104328755863631, 0.9126662736570773]","[0.16416343635729522, 0.16628349690043032, 0.17604391982591786]","[0.48484572598487014, 0.499363425925926, 0.5199844616604136]","[0.7983222514390945, 0.8077206524321809, 0.8180181184522808]","[0.21398197278668635, 0.219259665267534, 0.23033958590913564]","[0.6587510285008134, 0.6766012396694214, 0.7013262028349817]","[0.9264987957980484, 0.931029191520065, 0.9330545082446188]","[0.1365855280959655, 0.14481490929003427, 0.1544227249310787]","[0.25911019736842106, 0.271625, 0.28705427631578945]"
blasst_s50,vt,0.5,10,0.4,0.0,0.4,"[0.1, 0.7]",196,300,0.6533333333333333,0.6,,6,0,1416480.0,778457.0,778457.0,778457.0,0.0,4365496.969963074,4792320.0,17819336.14795509,541572334.9900513,4365496.969963074,4619782.844463348,106789.0,106789.0,0.5495714729470236,0.5495714729470236,0.9109360330618727,0.9109360330618727,0.18139174744983913,0.0,1229280.0,726006.0,726006.0,149760.0,50849.0,50849.0,37440.0,1602.0,1602.0,0.5495714729470236,0.0,0.053061121648862064,0.07539040438269513,0.0,0.5905944943381491,0.33953659188034185,0.04278846153846154,823680.0,649870.0,649870.0,649870.0,0.0,663919.3271026611,798720.0,5516500.8743277015,139776934.10351562,663919.3271026611,685428.315322876,34604.0,34604.0,0.7889835858585859,0.7889835858585859,0.831229125479093,0.831229125479093,0.19866167391826964,0.0,792480.0,641722.0,641722.0,24960.0,8029.0,8029.0,6240.0,119.0,119.0,0.7889835858585859,0.0,0.02692932219077379,0.04201146076146076,0.0,0.8097642842721583,0.3216746794871795,0.019070512820512822,592800.0,128587.0,128587.0,128587.0,0.0,3701577.6428604126,3993600.0,12302835.27362739,401795400.88653564,3701577.6428604126,3934354.5291404724,72185.0,72185.0,0.2169146423751687,0.2169146423751687,0.9268774145784286,0.9268774145784286,0.17498471878727004,0.0,436800.0,84284.0,84284.0,124800.0,42820.0,42820.0,31200.0,1483.0,1483.0,0.2169146423751687,0.0,0.05828748154047972,0.1217695681511471,0.0,0.19295787545787546,0.34310897435897436,0.047532051282051284,"[0.9052883756661322, 0.9116873977570019, 0.9148773308164285]","[0.17028201024756293, 0.18156182578441443, 0.19127864452632043]","[0.5191003579295155, 0.5561983755506608, 0.570116327092511]","[0.8254848438082263, 0.8305626510409638, 0.8403346425062046]","[0.18864866962726928, 0.19851318148844604, 0.20843575807379183]","[0.771897095959596, 0.7923117897727272, 0.8001029829545454]","[0.9200014901789836, 0.9278953698393888, 0.9323180111465044]","[0.1586242352925592, 0.17688258252079347, 0.18815393529830543]","[0.15340526315789474, 0.23220394736842104, 0.279500548245614]"
blasst_s50,cwe,0.5,10,0.99,1.0,-0.010000000000000009,"[-0.029999999999999992, 0.0]",436,631,0.6909667194928685,0.0,0.99,0,0,3416480.0,1456214.0,1456214.0,1456214.0,0.0,10545928.00985527,11673600.0,41815824.31093472,1230915823.256836,10545928.00985527,11170406.346364975,325370.0,325370.0,0.426232262445558,0.426232262445558,0.9033998089582709,0.9033998089582709,0.18431307889621276,0.0,2960480.0,1328563.0,1328563.0,364800.0,116601.0,116601.0,91200.0,11050.0,11050.0,0.426232262445558,0.0,0.053494923289277053,0.09523544700978785,0.0,0.448766078473761,0.3196299342105263,0.12116228070175439,1972480.0,1081327.0,1081327.0,1081327.0,0.0,1612693.756263733,1945600.0,14381239.942157283,315143701.2368164,1612693.756263733,1659287.5940914154,149923.0,149923.0,0.5482068259247243,0.5482068259247243,0.8288927612375272,0.8288927612375272,0.21362095412169083,0.0,1896480.0,1066296.0,1066296.0,60800.0,14730.0,14730.0,15200.0,301.0,301.0,0.5482068259247243,0.0,0.023948313028208518,0.07600736129136924,0.0,0.5622500632751202,0.24226973684210526,0.019802631578947367,1444000.0,374887.0,374887.0,374887.0,0.0,8933234.253591537,9728000.0,27434584.368777435,915772122.0200195,8933234.253591537,9511118.75227356,175447.0,175447.0,0.2596170360110803,0.2596170360110803,0.9183012185024195,0.9183012185024195,0.17308342609530403,0.0,1064000.0,262267.0,262267.0,304000.0,101871.0,101871.0,76000.0,10749.0,10749.0,0.2596170360110803,0.0,0.05940424534149076,0.12150069252077562,0.0,0.24649154135338347,0.3351019736842105,0.1414342105263158,"[0.9004266278442099, 0.9042118459280271, 0.9073107318773067]","[0.17395302240828397, 0.18222365430982426, 0.19514905844731764]","[0.4159737053571429, 0.42836446227796676, 0.4348153008783713]","[0.822935172279831, 0.8274700371561838, 0.8349714421558061]","[0.20630215830137927, 0.2113667881592283, 0.22341290570815614]","[0.5275695312500001, 0.5488637698179684, 0.5673574773901809]","[0.9154833613030923, 0.9193272843507843, 0.9236476103524486]","[0.16065409611813672, 0.17129843836381897, 0.18243832550518746]","[0.23742631578947368, 0.26245065789473687, 0.276703007518797]"
blasst_s50,fwe,0.5,10,1.0,1.0,0.0,"[0.0, 0.0]",281,344,0.8168604651162791,0.3,1.0,0,0,1423200.0,776714.0,776714.0,776714.0,0.0,4379972.1653261185,4915200.0,20347186.12616716,529483490.9425049,4379972.1653261185,4670177.87461853,130105.0,130105.0,0.5457518268690276,0.5457518268690276,0.8911076182711016,0.8911076182711016,0.19603154697023442,0.0,1231200.0,721448.0,721448.0,153600.0,52337.0,52337.0,38400.0,2929.0,2929.0,0.5457518268690276,0.0,0.059042502704348104,0.0914172287802136,0.0,0.5859714100064978,0.34073567708333335,0.07627604166666667,815200.0,599988.0,599988.0,599988.0,0.0,650711.0961723328,819200.0,7639453.783692956,141433706.16015625,650711.0961723328,673365.6880874634,51117.0,51117.0,0.736000981354269,0.736000981354269,0.7943250685697422,0.7943250685697422,0.2324099370267533,0.0,783200.0,592496.0,592496.0,25600.0,7357.0,7357.0,6400.0,135.0,135.0,0.736000981354269,0.0,0.027654531146399677,0.06270485770363102,0.0,0.7565066394279878,0.2873828125,0.02109375,608000.0,176726.0,176726.0,176726.0,0.0,3729261.0691537857,4096000.0,12707732.342474204,388049784.78234863,3729261.0691537857,3996812.186531067,78988.0,78988.0,0.2906677631578947,0.2906677631578947,0.9104641282113735,0.9104641282113735,0.1809632161039023,0.0,448000.0,128952.0,128952.0,128000.0,44980.0,44980.0,32000.0,2794.0,2794.0,0.2906677631578947,0.0,0.06532009701593779,0.12991447368421052,0.0,0.28783928571428574,0.35140625,0.0873125,"[0.8842547663931812, 0.8918624174189366, 0.8973990127289047]","[0.1849223357648915, 0.19819092469509242, 0.20425774670555175]","[0.5323140950932365, 0.547320706451411, 0.5607303977272727]","[0.7913233158877119, 0.792954460112378, 0.8006954860314727]","[0.2243382614879481, 0.2338309406739687, 0.23841867223066476]","[0.7178172709923664, 0.7352932692307692, 0.7520685119047619]","[0.9027159308318514, 0.9115468491811771, 0.9174884885000065]","[0.1675135137666786, 0.18343654541025378, 0.18998769556005454]","[0.26563980263157894, 0.28176809210526316, 0.3164605263157894]"
blasst_s50,qa_1,0.5,10,1.0,1.0,0.0,"[0.0, 0.0]",88,93,0.946236559139785,0.8,1.0,0,0,1047520.0,582476.0,582476.0,582476.0,0.0,3221059.6672229767,3686400.0,17118898.865219522,392460949.1347656,3221059.6672229767,3439001.5594673157,93177.0,93177.0,0.5560523904078204,0.5560523904078204,0.8737683559090106,0.8737683559090106,0.20885250480321027,0.0,903520.0,541621.0,541621.0,115200.0,38485.0,38485.0,28800.0,2370.0,2370.0,0.5560523904078204,0.0,0.05912052198468397,0.08895009164502826,0.0,0.5994565698601028,0.33407118055555557,0.08229166666666667,591520.0,432953.0,432953.0,432953.0,0.0,449217.5139198303,614400.0,8319912.003202203,95315550.88574219,449217.5139198303,469058.24545669556,37721.0,37721.0,0.7319329862050311,0.7319329862050311,0.7311482973955572,0.7311482973955572,0.29544557198183513,0.0,567520.0,426240.0,426240.0,19200.0,6565.0,6565.0,4800.0,148.0,148.0,0.7319329862050311,0.0,0.032292857319116595,0.06376961049499594,0.0,0.7510572314632084,0.3419270833333333,0.030833333333333334,456000.0,149523.0,149523.0,149523.0,0.0,2771842.1533031464,3072000.0,8798986.86201732,297145398.24902344,2771842.1533031464,2969943.31401062,55456.0,55456.0,0.3279013157894737,0.3279013157894737,0.9022923676117013,0.9022923676117013,0.1720805677085417,0.0,336000.0,115381.0,115381.0,96000.0,31920.0,31920.0,24000.0,2222.0,2222.0,0.3279013157894737,0.0,0.06448605491779745,0.1216140350877193,0.0,0.34339583333333334,0.3325,0.09258333333333334,"[0.8656663590964551, 0.8721631995402277, 0.8806448281005336]","[0.20258572243963677, 0.2076463998941439, 0.21844780079358278]","[0.5459098451327434, 0.5527694989510058, 0.5723354900881057]","[0.7141821289714426, 0.7317244830153262, 0.7446258698962629]","[0.2797804085470109, 0.2899180997320596, 0.3148931124996811]","[0.708657616238723, 0.7345562792199803, 0.7585018203883495]","[0.8963711085449905, 0.8997179305274039, 0.9081312286828955]","[0.16559151561528682, 0.1740093606712106, 0.17773214339269983]","[0.30964802631578947, 0.3297203947368421, 0.34735855263157894]"
blasst_s50,qa_2,0.5,10,0.6,0.6,0.0,"[0.0, 0.0]",106,108,0.9814814814814815,0.8,1.0,0,0,1081760.0,596474.0,596474.0,596474.0,0.0,3472084.934396744,3932160.0,16416030.368543502,416936222.3765869,3472084.934396744,3686183.0777626038,93392.0,93392.0,0.5513921757136518,0.5513921757136518,0.8829968603507344,0.8829968603507344,0.19842631167018135,0.0,928160.0,555035.0,555035.0,122880.0,39359.0,39359.0,30720.0,2080.0,2080.0,0.5513921757136518,0.0,0.05444797347154236,0.08633338263570478,0.0,0.5979949577659024,0.3203043619791667,0.06770833333333333,595360.0,442352.0,442352.0,442352.0,0.0,488501.6441497803,655360.0,8495114.661699837,103828193.15185547,488501.6441497803,509246.4442329407,37093.0,37093.0,0.7429991937651169,0.7429991937651169,0.7453943544765934,0.7453943544765934,0.2860401350122888,0.0,569760.0,435903.0,435903.0,20480.0,6300.0,6300.0,5120.0,149.0,149.0,0.7429991937651169,0.0,0.0316540528612677,0.062303480247245364,0.0,0.7650642375737152,0.3076171875,0.0291015625,486400.0,154122.0,154122.0,154122.0,0.0,2983583.2902469635,3276800.0,7920915.706843665,313108029.22473145,2983583.2902469635,3176936.633529663,56299.0,56299.0,0.3168626644736842,0.3168626644736842,0.9105173615255626,0.9105173615255626,0.15905253432147334,0.0,358400.0,119132.0,119132.0,102400.0,33059.0,33059.0,25600.0,1931.0,1931.0,0.3168626644736842,0.0,0.05900675759359728,0.11574629934210526,0.0,0.3323995535714286,0.322841796875,0.0754296875,"[0.8651765437315528, 0.8812703303790962, 0.9012978622470466]","[0.18307770618263455, 0.19399230253561103, 0.21410835004060225]","[0.536560482794603, 0.546586311468499, 0.5652226055806938]","[0.7209619445974629, 0.7484922890271992, 0.7630559370021025]","[0.25471600172688014, 0.276895924022418, 0.3169565132732061]","[0.7079989053377815, 0.7405465587044534, 0.7793895920018493]","[0.8959869252238423, 0.9075233439309522, 0.9286964316055178]","[0.14927300602327476, 0.1560113291255948, 0.17430452219341977]","[0.30485833333333334, 0.31574013157894737, 0.3222412280701754]"
mass_s50,niah_single_1,0.5,10,1.0,1.0,0.0,"[0.0, 0.0]",113,291,0.38831615120274915,0.1,1.0,0,0,1445920.0,927139.0,927139.0,927139.0,0.0,3665899.933819771,4915200.0,57633605.17285883,554871772.2400513,3665899.933819771,4485607.43642807,149101.0,149101.0,0.641210440411641,0.641210440411641,0.7458292508585146,0.7458292508585146,0.3222861019170581,0.0,1253920.0,835218.0,835218.0,153600.0,87839.0,87839.0,38400.0,4082.0,4082.0,0.641210440411641,0.0,0.16676991833664942,0.10311842978864667,0.0,0.6660855556973332,0.5718684895833334,0.10630208333333334,837920.0,609930.0,609930.0,609930.0,0.0,737089.2040596008,819200.0,2843378.3336723,144995838.29052734,737089.2040596008,744377.9618225098,32171.0,32171.0,0.7279095856406339,0.7279095856406339,0.8997670947993174,0.8997670947993174,0.14003595462152585,0.0,805920.0,602218.0,602218.0,25600.0,7702.0,7702.0,6400.0,10.0,10.0,0.7279095856406339,0.0,0.008897409378550946,0.03839388008401757,0.0,0.7472429025213421,0.300859375,0.0015625,608000.0,317209.0,317209.0,317209.0,0.0,2928810.72976017,4096000.0,54790226.83918653,409875933.9495239,2928810.72976017,3741229.4746055603,116930.0,116930.0,0.5217253289473684,0.5217253289473684,0.715041682070354,0.715041682070354,0.36561612344716926,0.0,448000.0,233000.0,233000.0,128000.0,80137.0,80137.0,32000.0,4072.0,4072.0,0.5217253289473684,0.0,0.1983444201282691,0.1923190789473684,0.0,0.5200892857142857,0.6260703125,0.12725,"[0.7399577083762269, 0.7443045008398864, 0.759089850453246]","[0.31295442790415445, 0.3180937372496263, 0.3405616254551559]","[0.6324455875122911, 0.6375221238938054, 0.6520912610619469]","[0.8964135811260591, 0.9002303712256252, 0.9022363766444227]","[0.136651237671523, 0.1391386543482459, 0.1434938970667744]","[0.7079922318457623, 0.7232725031806615, 0.7364723282442749]","[0.7075905269981362, 0.7135549992116867, 0.7315744890098771]","[0.35437176735496617, 0.3606215261433181, 0.3868594428504959]","[0.5113947368421053, 0.5227439692982456, 0.5331951754385964]"
mass_s50,niah_single_2,0.5,10,1.0,1.0,0.0,"[0.0, 0.0]",276,283,0.9752650176678446,0.3,1.0,0,0,922560.0,437385.0,437385.0,437385.0,0.0,2381613.6497223377,3194880.0,32784064.182251777,331303359.52996826,2381613.6497223377,2912146.33442688,120301.0,120301.0,0.4740992455775234,0.4740992455775234,0.7454469807073624,0.7454469807073624,0.3145708499231927,0.0,797760.0,377619.0,377619.0,99840.0,55368.0,55368.0,24960.0,4398.0,4398.0,0.4740992455775234,0.0,0.16605715541883956,0.1303991068331599,0.0,0.47334912755716,0.5545673076923077,0.1762019230769231,527360.0,241627.0,241627.0,241627.0,0.0,467775.112197876,532480.0,1328724.112959016,78833604.5859375,467775.112197876,478348.82375335693,49133.0,49133.0,0.45818226638349513,0.45818226638349513,0.8784839096264198,0.8784839096264198,0.12982601177186714,0.0,506560.0,238003.0,238003.0,16640.0,3623.0,3623.0,4160.0,1.0,1.0,0.45818226638349513,0.0,0.019857481136344945,0.09316785497572816,0.0,0.469841677195199,0.21772836538461537,0.0002403846153846154,395200.0,195758.0,195758.0,195758.0,0.0,1913838.5375244617,2662400.0,31455340.06929276,252469754.94403076,1913838.5375244617,2433797.510673523,71168.0,71168.0,0.49533906882591094,0.49533906882591094,0.7188395949235509,0.7188395949235509,0.3529738347062955,0.0,291200.0,139616.0,139616.0,83200.0,51745.0,51745.0,20800.0,4397.0,4397.0,0.49533906882591094,0.0,0.19529709027533848,0.18008097165991901,0.0,0.47945054945054943,0.6219350961538461,0.21139423076923078,"[0.7439996366235169, 0.745418592557932, 0.747441761556159]","[0.3041482241645607, 0.31034245582945763, 0.3283538678248625]","[0.45139703171091444, 0.47584276927646674, 0.48959308935594886]","[0.8658259262517095, 0.880943866011997, 0.8843784435590109]","[0.123120676337196, 0.1282336692567131, 0.13788506529477554]","[0.4286275445292621, 0.4616285052993502, 0.4830033396946565]","[0.7156494888888361, 0.7183846634366394, 0.722948454335332]","[0.3394803563607935, 0.3475235405299553, 0.37113087760596136]","[0.48975328947368424, 0.49585526315789474, 0.5015000000000001]"
mass_s50,niah_single_3,0.5,10,1.0,1.0,0.0,"[0.0, 0.0]",503,548,0.9178832116788321,0.2,1.0,0,0,1482560.0,722626.0,722626.0,722626.0,0.0,3812205.6476967335,5038080.0,57945940.900651015,528137259.835083,3812205.6476967335,4638535.6289711,197830.0,197830.0,0.4874177099071876,0.4874177099071876,0.7566782678513905,0.7566782678513905,0.33123643792710145,0.0,1285760.0,623408.0,623408.0,157440.0,92513.0,92513.0,39360.0,6705.0,6705.0,0.4874177099071876,0.0,0.1640168439711887,0.13343810705806172,0.0,0.4848556495769039,0.5876079776422765,0.17035060975609756,859360.0,411817.0,411817.0,411817.0,0.0,739105.4507598877,839680.0,2088349.2171477545,129281763.67285156,739105.4507598877,756444.6349067688,83849.0,83849.0,0.4792136008192143,0.4792136008192143,0.880222764338662,0.880222764338662,0.12709630590806326,0.0,826560.0,403219.0,403219.0,26240.0,8593.0,8593.0,6560.0,5.0,5.0,0.4792136008192143,0.0,0.020649752461510462,0.09757144851982871,0.0,0.4878278648857917,0.32747713414634144,0.0007621951219512195,623200.0,310809.0,310809.0,310809.0,0.0,3073100.196936846,4198400.0,55857591.68350326,398855496.16223145,3073100.196936846,3882090.994064331,113981.0,113981.0,0.49873074454428756,0.49873074454428756,0.7319693685539362,0.7319693685539362,0.3742254446223454,0.0,459200.0,220189.0,220189.0,131200.0,83920.0,83920.0,32800.0,6700.0,6700.0,0.49873074454428756,0.0,0.19269026227312436,0.18289634146341463,0.0,0.47950566202090594,0.6396341463414634,0.20426829268292682,"[0.7524311686638491, 0.7558080504904016, 0.7611854278715166]","[0.3250960609883523, 0.3319523968441086, 0.33568851299397173]","[0.46800539269911506, 0.47788993362831855, 0.5183445796460177]","[0.8692287060208619, 0.8814674033317715, 0.887857223059982]","[0.11837472570141647, 0.123268998016211, 0.14040438965247892]","[0.4506226145038168, 0.4598520992366412, 0.5288382633587786]","[0.726242535048339, 0.7318701367949252, 0.7359342564164971]","[0.3663206106583374, 0.3750458594960766, 0.37940721309332265]","[0.4837763157894737, 0.5024950657894737, 0.5097302631578948]"
mass_s50,niah_multikey_1,0.5,10,1.0,1.0,0.0,"[0.0, 0.0]",277,287,0.9651567944250871,0.0,1.0,0,0,1039040.0,493286.0,493286.0,493286.0,0.0,2667706.9833009243,3563520.0,36618083.28965745,370091619.2418213,2667706.9833009243,3263919.6733703613,137745.0,137745.0,0.47475169387126576,0.47475169387126576,0.7486156899079911,0.7486156899079911,0.3145525272176179,0.0,899840.0,425333.0,425333.0,111360.0,63368.0,63368.0,27840.0,4585.0,4585.0,0.47475169387126576,0.0,0.1673100445821651,0.13256948721897135,0.0,0.47267625355618775,0.569037356321839,0.16469109195402298,598240.0,274409.0,274409.0,274409.0,0.0,523485.1508407593,593920.0,1384038.8060723096,88808119.32373047,523485.1508407593,535128.7143325806,55679.0,55679.0,0.45869383525006685,0.45869383525006685,0.8814068407205672,0.8814068407205672,0.12483828592030365,0.0,575040.0,269281.0,269281.0,18560.0,5125.0,5125.0,4640.0,3.0,3.0,0.45869383525006685,0.0,0.019604599090485737,0.09307134260497459,0.0,0.46828220645520313,0.2761314655172414,0.000646551724137931,440800.0,218877.0,218877.0,218877.0,0.0,2144221.832460165,2969600.0,35234044.48358514,281283499.9180908,2144221.832460165,2728790.9590377808,82066.0,82066.0,0.4965449183303085,0.4965449183303085,0.7220574597454759,0.7220574597454759,0.35392327217433794,0.0,324800.0,156052.0,156052.0,92800.0,58243.0,58243.0,23200.0,4582.0,4582.0,0.4965449183303085,0.0,0.196851133680501,0.18617513611615244,0.0,0.48045566502463055,0.6276185344827586,0.1975,"[0.7427786235350261, 0.7504143325508469, 0.7540540065381598]","[0.3061645990198156, 0.3125232863501922, 0.3276733597988241]","[0.455006145526057, 0.4786118622309625, 0.4925912610619469]","[0.8742224828526378, 0.8783260503783823, 0.8929681889091929]","[0.11364566416328635, 0.12489395327551571, 0.13121268195782282]","[0.41856673080562745, 0.4557013358778626, 0.4973346055979644]","[0.7129239981800783, 0.7247588034094467, 0.7300127974541393]","[0.3444102845868325, 0.3520578542432896, 0.3693070279623598]","[0.4863355263157895, 0.4936293859649123, 0.5113618421052631]"
mass_s50,niah_multikey_2,0.5,10,1.0,1.0,0.0,"[0.0, 0.0]",285,289,0.986159169550173,0.6,1.0,0,0,1171840.0,656926.0,656926.0,656926.0,0.0,2951374.293840885,4055040.0,49159417.270555995,435476449.626709,2951374.293840885,3632949.064929962,146362.0,146362.0,0.5605935963954124,0.5605935963954124,0.7278286512194417,0.7278286512194417,0.3359858800202824,0.0,1013440.0,580102.0,580102.0,126720.0,72332.0,72332.0,31680.0,4492.0,4492.0,0.5605935963954124,0.0,0.16808089959385777,0.12489930365920263,0.0,0.5724088253868014,0.5708017676767677,0.1417929292929293,670240.0,393721.0,393721.0,393721.0,0.0,584054.5476608276,675840.0,2498046.8895045277,110098908.44482422,584054.5476608276,595714.9559555054,55374.0,55374.0,0.587432859871091,0.587432859871091,0.8641905593939803,0.8641905593939803,0.15062906710738777,0.0,643840.0,389879.0,389879.0,21120.0,3842.0,3842.0,5280.0,0.0,0.0,0.587432859871091,0.0,0.01725320829586549,0.08261816662687993,0.0,0.6055526217693837,0.1819128787878788,0.0,501600.0,263205.0,263205.0,263205.0,0.0,2367319.7461800575,3379200.0,46661370.381051466,325377541.18188477,2367319.7461800575,3037234.108974457,90988.0,90988.0,0.5247308612440191,0.5247308612440191,0.7005562695845341,0.7005562695845341,0.37869097767859256,0.0,369600.0,190223.0,190223.0,105600.0,68490.0,68490.0,26400.0,4492.0,4492.0,0.5247308612440191,0.0,0.19824643785345622,0.18139553429027114,0.0,0.5146726190476191,0.6485795454545454,0.17015151515151516,"[0.7245221108359854, 0.7267572781677396, 0.7326088094341362]","[0.32690783274203894, 0.33645624913956534, 0.3436472552581171]","[0.5497681600294985, 0.5591526958374303, 0.5683957693292371]","[0.8592636060807853, 0.8638038134668022, 0.8705167888167004]","[0.14295468835657846, 0.14768634911179745, 0.15962481096941292]","[0.5770165394402035, 0.5843497464796132, 0.604577947667087]","[0.6964968363849137, 0.699328637838286, 0.7061651033787056]","[0.36610520777342487, 0.379753615353394, 0.38754276936199833]","[0.5125394736842106, 0.5212719298245614, 0.5363881578947368]"
mass_s50,niah_multikey_3,0.5,10,1.0,1.0,0.0,"[0.0, 0.0]",737,827,0.8911729141475212,0.2,1.0,0,0,1579840.0,838135.0,838135.0,838135.0,0.0,4138554.2882852554,5406720.0,63281267.41830027,595652868.5984497,4138554.2882852554,4981364.129486084,192656.0,192656.0,0.5305189133076768,0.5305189133076768,0.7654463867715094,0.7654463867715094,0.3259424799426755,0.0,1369280.0,741197.0,741197.0,168960.0,89365.0,89365.0,41600.0,7573.0,7573.0,0.5305189133076768,0.0,0.15588191014160685,0.12194652623050435,0.0,0.5413041890628651,0.5289121685606061,0.18204326923076924,911040.0,512860.0,512860.0,512860.0,0.0,786430.9788398743,901120.0,3025278.416339794,152988139.04736328,786430.9788398743,804055.3081054688,74905.0,74905.0,0.5629390586582368,0.5629390586582368,0.8727261395151303,0.8727261395151303,0.14062216938313282,0.0,876480.0,506281.0,506281.0,28160.0,6576.0,6576.0,6400.0,3.0,3.0,0.5629390586582368,0.0,0.019558248918672853,0.0822192219880576,0.0,0.577629837531946,0.23352272727272727,0.00046875,668800.0,325275.0,325275.0,325275.0,0.0,3352123.309445381,4505600.0,60255989.00196048,442664729.5510864,3352123.309445381,4177308.8213806152,117751.0,117751.0,0.48635616028708134,0.48635616028708134,0.7439904362227853,0.7439904362227853,0.3689458669647755,0.0,492800.0,234916.0,234916.0,140800.0,82789.0,82789.0,35200.0,7570.0,7570.0,0.48635616028708134,0.0,0.18314664238619363,0.17606309808612441,0.0,0.4766964285714286,0.5879900568181818,0.21505681818181818,"[0.760338962066744, 0.7652753698911208, 0.7705507780980163]","[0.31580823471653646, 0.3278545736904365, 0.33303878913523155]","[0.5130485243055556, 0.5283258928571428, 0.5484278199404762]","[0.8639745741561056, 0.8731990913239618, 0.8809558912878855]","[0.12942987244738705, 0.1367644682213419, 0.15068766392124472]","[0.5269081227638641, 0.5580499031007752, 0.5967105769230769]","[0.73774819143496, 0.7420796168828383, 0.7508232090177945]","[0.35718627806197256, 0.37110393585762447, 0.37619354447046155]","[0.4808845394736842, 0.4841776315789474, 0.4931361842105263]"
mass_s50,niah_multivalue,0.5,10,1.0,1.0,0.0,"[0.0, 0.0]",554,890,0.6224719101123596,0.5,1.0,0,0,2639680.0,1124266.0,1124266.0,1124266.0,0.0,6985306.39843297,8970240.0,77439903.31276937,930833390.1851196,6985306.39843297,8324128.857120514,342819.0,342819.0,0.4259099587828828,0.4259099587828828,0.7787201232556732,0.7787201232556732,0.2884339810323675,0.0,2289280.0,966305.0,966305.0,280320.0,142673.0,142673.0,70080.0,15288.0,15288.0,0.4259099587828828,0.0,0.1492515761771752,0.12987142380894653,0.0,0.42209996155996643,0.50896475456621,0.21815068493150686,1530080.0,590503.0,590503.0,590503.0,0.0,1348684.771850586,1495040.0,2400342.041956555,227642926.27392578,1348684.771850586,1377529.9645843506,143722.0,143722.0,0.3859294938826728,0.3859294938826728,0.9021061455550259,0.9021061455550259,0.10268558605459929,0.0,1471680.0,575749.0,575749.0,46720.0,14729.0,14729.0,11680.0,25.0,25.0,0.3859294938826728,0.0,0.01929392707470345,0.0939310362856844,0.0,0.3912188791041531,0.3152611301369863,0.0021404109589041095,1109600.0,533763.0,533763.0,533763.0,0.0,5636621.626582384,7475200.0,75039561.27081281,703190463.9111938,5636621.626582384,6946598.892536163,199097.0,199097.0,0.48104091564527757,0.48104091564527757,0.7540429187958027,0.7540429187958027,0.32666955192349617,0.0,817600.0,390556.0,390556.0,233600.0,127944.0,127944.0,58400.0,15263.0,15263.0,0.48104091564527757,0.0,0.1752431059976695,0.17943132660418168,0.0,0.47768590998043053,0.5477054794520548,0.2613527397260274,"[0.7600127367074472, 0.7690379215564462, 0.7966255007686293]","[0.2644195131139041, 0.2978924590208234, 0.3190420718067107]","[0.4048053256892444, 0.4298292311946903, 0.4670247203785644]","[0.8885633902313809, 0.8999005046207458, 0.9129691237078693]","[0.09487254926370696, 0.10013643684562928, 0.1140505657924553]","[0.360060921902525, 0.39577821391394863, 0.4447513782866836]","[0.7319513706597242, 0.7438470181176672, 0.7736494846907086]","[0.2981642678558137, 0.33831785187277547, 0.3617917590351659]","[0.4635913231505337, 0.488125, 0.49773848684210525]"
mass_s50,niah_multiquery,0.5,10,1.0,1.0,0.0,"[0.0, 0.0]",955,1076,0.887546468401487,0.7,1.0,0,0,1780640.0,790012.0,790012.0,790012.0,0.0,4877201.716876984,6266880.0,53633289.147184104,655033813.7272949,4877201.716876984,5788564.750637054,230286.0,230286.0,0.4436674454128853,0.4436674454128853,0.7782503760845881,0.7782503760845881,0.2861444692623962,0.0,1535840.0,683888.0,683888.0,195840.0,97357.0,97357.0,48960.0,8767.0,8767.0,0.4436674454128853,0.0,0.14542532069547698,0.12932765747147093,0.0,0.4452859672882592,0.49712520424836604,0.17906454248366013,1005440.0,417794.0,417794.0,417794.0,0.0,955000.7114639282,1044480.0,1446047.4257859949,169103921.3623047,955000.7114639282,971662.6580276489,94570.0,94570.0,0.4155334977721197,0.4155334977721197,0.914331257146071,0.914331257146071,0.09247288967061604,0.0,964640.0,411175.0,411175.0,32640.0,6610.0,6610.0,8160.0,9.0,9.0,0.4155334977721197,0.0,0.015952384501111274,0.09405832272437938,0.0,0.42624709736274674,0.2025122549019608,0.0011029411764705882,775200.0,372218.0,372218.0,372218.0,0.0,3922201.0054130554,5222400.0,52187241.72139811,485929892.36499023,3922201.0054130554,4816902.0926094055,135716.0,135716.0,0.4801573787409701,0.4801573787409701,0.7510341998722916,0.7510341998722916,0.3277142783640211,0.0,571200.0,272713.0,272713.0,163200.0,90747.0,90747.0,40800.0,8758.0,8758.0,0.4801573787409701,0.0,0.17131990793435012,0.17507223942208464,0.0,0.47743872549019606,0.556047794117647,0.21465686274509804,"[0.7729583066658815, 0.7787271081258464, 0.782770740352959]","[0.27545012587305134, 0.28500175008621265, 0.29429945439098776]","[0.4299259586899276, 0.4414033564814815, 0.46375121600702796]","[0.9049808222334832, 0.9136361059639603, 0.9236904658323952]","[0.08491093235083061, 0.09394458184572928, 0.09970078506827217]","[0.3950053249656454, 0.40598527892561986, 0.447811092166187]","[0.7455911779604852, 0.7519860527913551, 0.7562387112646829]","[0.31636834605584224, 0.3259978941381402, 0.3364802251281777]","[0.47105592105263155, 0.48332456140350877, 0.4887105263157895]"
mass_s50,vt,0.5,10,0.3,0.0,0.3,"[0.0, 0.6]",222,300,0.74,0.7,,7,0,1525440.0,899433.0,899433.0,899433.0,0.0,4027536.09812212,5160960.0,50312381.8644351,584023553.6032104,4027536.09812212,4826789.557281494,163381.0,163381.0,0.5896220106985526,0.5896220106985526,0.7803850636552346,0.7803850636552346,0.2935095642995474,0.0,1323840.0,810151.0,810151.0,161280.0,86377.0,86377.0,40320.0,2905.0,2905.0,0.5896220106985526,0.0,0.15486526908935047,0.10710417977763793,0.0,0.611970479816292,0.5355716765873015,0.0720486111111111,887040.0,584235.0,584235.0,584235.0,0.0,782387.63621521,860160.0,1895640.8110179342,148769094.59472656,782387.63621521,794069.5070953369,39337.0,39337.0,0.6586343344155844,0.6586343344155844,0.9095838404659714,0.9095838404659714,0.11288121233118989,0.0,853440.0,577350.0,577350.0,26880.0,6881.0,6881.0,6720.0,4.0,4.0,0.6586343344155844,0.0,0.013581044084969022,0.04434636544011544,0.0,0.6764974690663667,0.2559895833333333,0.0005952380952380953,638400.0,315198.0,315198.0,315198.0,0.0,3245148.46190691,4300800.0,48416741.05341717,435254459.0084839,3245148.46190691,4032720.050186157,124044.0,124044.0,0.49373120300751877,0.49373120300751877,0.7545453082930873,0.7545453082930873,0.33352328701704115,0.0,470400.0,232801.0,232801.0,134400.0,79496.0,79496.0,33600.0,2901.0,2901.0,0.49373120300751877,0.0,0.18312211409022677,0.19430451127819548,0.0,0.4949000850340136,0.5914880952380952,0.08633928571428572,"[0.7726097844622564, 0.7790931835139054, 0.7932207876611695]","[0.2750696929714927, 0.2971252421628445, 0.30623603470076977]","[0.5764792125550661, 0.5858308094713657, 0.6047409140969163]","[0.9052331173792482, 0.9102539713541046, 0.9131620445214212]","[0.10877387214551687, 0.11295136213543869, 0.11617780206219736]","[0.6444803503787879, 0.6580800189393939, 0.6739318181818181]","[0.745989044828806, 0.7525749585941667, 0.7697126852717483]","[0.3097008723428732, 0.3382122416220619, 0.35003046958608325]","[0.4702190789473684, 0.4863075657894737, 0.5304651315789474]"
mass_s50,cwe,0.5,10,1.0,1.0,0.0,"[0.0, 0.0]",371,631,0.5879556259904913,0.0,1.0,0,0,3920800.0,1714026.0,1714026.0,1714026.0,0.0,10129330.650957584,13393920.0,142092045.20004058,1420743283.607483,10129330.650957584,12215808.962539673,511348.0,511348.0,0.43716231381350745,0.43716231381350745,0.7562633382129791,0.7562633382129791,0.3162474823932038,0.0,3397600.0,1465955.0,1465955.0,418560.0,225504.0,225504.0,104640.0,22567.0,22567.0,0.43716231381350745,0.0,0.15577801805461647,0.13041930218322792,0.0,0.4314678008005651,0.5387614678899083,0.2156632262996942,2264000.0,904744.0,904744.0,904744.0,0.0,1969032.8454208374,2232320.0,6093401.844175907,353630979.9863281,1969032.8454208374,2011925.370098114,198770.0,198770.0,0.3996219081272085,0.3996219081272085,0.8820567147276543,0.8820567147276543,0.1312667574868009,0.0,2176800.0,891091.0,891091.0,69760.0,13640.0,13640.0,17440.0,13.0,13.0,0.3996219081272085,0.0,0.019214326206492174,0.08779593639575972,0.0,0.4093582322675487,0.19552752293577982,0.0007454128440366973,1656800.0,809282.0,809282.0,809282.0,0.0,8160297.805536747,11161600.0,135998643.35586467,1067112303.6211548,8160297.805536747,10203883.592441559,312578.0,312578.0,0.48846088845968133,0.48846088845968133,0.731104662910044,0.731104662910044,0.3569950747280887,0.0,1220800.0,574864.0,574864.0,348800.0,211864.0,211864.0,87200.0,22554.0,22554.0,0.48846088845968133,0.0,0.1830907564242413,0.18866368903911154,0.0,0.4708912188728703,0.607408256880734,0.2586467889908257,"[0.7518058905813139, 0.7554765940810925, 0.7630109860541453]","[0.3094867842374404, 0.31574638400203603, 0.3246323744287684]","[0.43072341269841274, 0.43862228835978834, 0.45654563546934257]","[0.8757109890309059, 0.8816386668513028, 0.8848160839094116]","[0.12922035842316834, 0.13093962411915894, 0.13494304723577902]","[0.38756530008453083, 0.4000890930774652, 0.4306054537250725]","[0.7253239110055523, 0.7307472146012952, 0.7389140987701309]","[0.34868726829514757, 0.3565518646798475, 0.367312169530285]","[0.4702171052631579, 0.4895937921727396, 0.5033475877192982]"
mass_s50,fwe,0.5,10,1.0,1.0,0.0,"[0.0, 0.0]",262,353,0.7422096317280453,0.2,1.0,0,0,1710080.0,897393.0,897393.0,897393.0,0.0,4465313.384707689,5898240.0,60208862.18010246,630018282.1103516,4465313.384707689,5409066.474067688,216461.0,216461.0,0.5247666775823353,0.5247666775823353,0.7570586115023616,0.7570586115023616,0.30913888340422474,0.0,1479680.0,791263.0,791263.0,184320.0,100396.0,100396.0,46080.0,5734.0,5734.0,0.5247666775823353,0.0,0.1600058813069659,0.1265794582709581,0.0,0.5347527843858132,0.5446831597222223,0.12443576388888888,980480.0,528235.0,528235.0,528235.0,0.0,865408.7764282227,983040.0,2722338.3437299654,165040682.30371094,865408.7764282227,880573.345451355,81306.0,81306.0,0.5387514278720626,0.5387514278720626,0.8803393314902981,0.8803393314902981,0.1284326799493633,0.0,942080.0,522885.0,522885.0,30720.0,5346.0,5346.0,7680.0,4.0,4.0,0.5387514278720626,0.0,0.01542619732984652,0.08292468994778068,0.0,0.5550324813179348,0.1740234375,0.0005208333333333333,729600.0,369158.0,369158.0,369158.0,0.0,3599904.6082794666,4915200.0,57486523.836372495,464977599.8066406,3599904.6082794666,4528493.128616333,135155.0,135155.0,0.5059731359649123,0.5059731359649123,0.7324024675047743,0.7324024675047743,0.351614687807104,0.0,537600.0,268378.0,268378.0,153600.0,95050.0,95050.0,38400.0,5730.0,5730.0,0.5059731359649123,0.0,0.1889218181023898,0.1852453399122807,0.0,0.49921502976190474,0.6188151041666666,0.14921875,"[0.7469883773916324, 0.7562650655522399, 0.7641281644330593]","[0.29924505201779794, 0.30854075500973166, 0.3200446180441916]","[0.5130514177744425, 0.5234032755375806, 0.5357956597222222]","[0.8736990029923618, 0.877376136987337, 0.8872847885917873]","[0.12352480293916383, 0.12988652904563755, 0.1330976596210866]","[0.5168055662393162, 0.5441423762571187, 0.5569684747504404]","[0.7201160786121619, 0.7326655567976801, 0.7394968396013137]","[0.33932977767190375, 0.35037134191703223, 0.3675672488831519]","[0.4925293703007519, 0.5088651315789474, 0.5236858552631579]"
mass_s50,qa_1,0.5,10,1.0,1.0,0.0,"[0.0, 0.0]",86,95,0.9052631578947369,0.6,1.0,0,0,1029280.0,523943.0,523943.0,523943.0,0.0,2728646.6939833164,3686400.0,39611420.30156214,385600495.0864563,2728646.6939833164,3333738.5685653687,127063.0,127063.0,0.5090383569096845,0.5090383569096845,0.7401927880814118,0.7401927880814118,0.32050987583187845,0.0,885280.0,458463.0,458463.0,115200.0,61225.0,61225.0,28800.0,4255.0,4255.0,0.5090383569096845,0.0,0.1641416760476487,0.12344842997046479,0.0,0.5178734411711549,0.5314670138888888,0.14774305555555556,573280.0,294495.0,294495.0,294495.0,0.0,528994.573348999,614400.0,1785736.76153256,90734794.49853516,528994.573348999,540726.8318786621,48171.0,48171.0,0.5137018559866035,0.5137018559866035,0.8609937717268864,0.8609937717268864,0.1402884088934171,0.0,549280.0,290233.0,290233.0,19200.0,4260.0,4260.0,4800.0,2.0,2.0,0.5137018559866035,0.0,0.01909547286729018,0.08402700251186157,0.0,0.5283880716574425,0.221875,0.0004166666666666667,456000.0,229448.0,229448.0,229448.0,0.0,2199652.1206343174,3072000.0,37825683.54002958,294865700.58792114,2199652.1206343174,2793011.7366867065,78892.0,78892.0,0.5031754385964913,0.5031754385964913,0.7160325913523169,0.7160325913523169,0.3581634491495275,0.0,336000.0,168230.0,168230.0,96000.0,56965.0,56965.0,24000.0,4253.0,4253.0,0.5031754385964913,0.0,0.19315091668372042,0.17300877192982456,0.0,0.5006845238095238,0.5933854166666667,0.17720833333333333,"[0.7321143313638944, 0.7412661382453127, 0.7479932070950356]","[0.2992167089653401, 0.3214374708275539, 0.3351018046789289]","[0.4937984160958904, 0.5153249027889515, 0.534027134926777]","[0.8437813151814043, 0.8523136618733406, 0.8743020829664809]","[0.12862023211888576, 0.1455910714150555, 0.15104601118032987]","[0.48216562431424187, 0.5258084409291508, 0.5528459421975662]","[0.7045768942654831, 0.7174918481019892, 0.7274123745849356]","[0.33128568252248797, 0.3593860909174732, 0.3749879649536987]","[0.491156484962406, 0.5074506578947369, 0.5136480263157895]"
mass_s50,qa_2,0.5,10,0.8,0.6,0.20000000000000007,"[0.0, 0.5]",83,120,0.6916666666666667,0.4,1.3333333333333335,0,0,1484480.0,744019.0,744019.0,744019.0,0.0,4031352.040979147,5406720.0,52958805.048251346,562110545.1244812,4031352.040979147,4930267.360656738,184203.0,184203.0,0.5011983994395344,0.5011983994395344,0.7456187930906626,0.7456187930906626,0.3069433454333567,0.0,1273280.0,651637.0,651637.0,168960.0,87158.0,87158.0,42240.0,5224.0,5224.0,0.5011983994395344,0.0,0.16625889997588025,0.12408587518861823,0.0,0.5117782420206082,0.5158499053030303,0.12367424242424242,815680.0,410243.0,410243.0,410243.0,0.0,788906.2639770508,901120.0,2410987.0294874627,135357937.29101562,788906.2639770508,803765.8620223999,68331.0,68331.0,0.5029460082385249,0.5029460082385249,0.8754730379716916,0.8754730379716916,0.1334613683338419,0.0,780480.0,406235.0,406235.0,28160.0,4006.0,4006.0,7040.0,2.0,2.0,0.5029460082385249,0.0,0.01649014342745597,0.08377182228324834,0.0,0.5204937986879868,0.14225852272727274,0.0002840909090909091,668800.0,333776.0,333776.0,333776.0,0.0,3242445.777002096,4505600.0,50547818.018763885,426752607.8334656,3242445.777002096,4126501.4986343384,115872.0,115872.0,0.499066985645933,0.499066985645933,0.7196479441144568,0.7196479441144568,0.3441621568706375,0.0,492800.0,245402.0,245402.0,140800.0,83152.0,83152.0,35200.0,5222.0,5222.0,0.499066985645933,0.0,0.19621265128556512,0.1732535885167464,0.0,0.4979748376623377,0.5905681818181818,0.14835227272727272,"[0.7358464255004219, 0.7450987959247002, 0.7612291902696597]","[0.29156955591833505, 0.3088857256380788, 0.3194604940665579]","[0.49182545723869575, 0.49753057986953597, 0.5208408371040725]","[0.8582222938395682, 0.8811734415590763, 0.8873166796937585]","[0.12393882504488642, 0.12968740125118228, 0.14650446192728084]","[0.4854203403630009, 0.4963241943310143, 0.5375325091575092]","[0.7060489462249389, 0.7221473147588715, 0.73601169238484]","[0.32823231803555475, 0.34577192848228994, 0.35845496409865824]","[0.4927313596491228, 0.4967214912280702, 0.505439418859649]"
full_centered_s50,niah_single_1,0.5,10,1.0,1.0,0.0,"[0.0, 0.0]",257,291,0.8831615120274914,0.2,1.0,0,0,1337280.0,886380.0,0.0,886380.0,0.0,3289624.321304083,4546560.0,34152549.52606799,519489195.0459595,3289624.321304083,4098996.118583679,148289.0,148289.0,0.6628230437903805,0.6628230437903805,0.7235413854219636,0.7235413854219636,0.25640311992341397,0.0,1159680.0,818025.0,818025.0,142080.0,66315.0,66315.0,35520.0,2040.0,2040.0,0.0,0.0,0.17801850130199454,0.11088851998085666,0.0,0.7053885554635762,0.46674408783783783,0.057432432432432436,774880.0,572120.0,0.0,572120.0,0.0,672510.4550514221,757760.0,2620364.604311254,138159649.30810547,672510.4550514221,683640.5928115845,44201.0,44201.0,0.7383336774726409,0.7383336774726409,0.8874979611637221,0.8874979611637221,0.137717855408688,0.0,745280.0,567577.0,567577.0,23680.0,4535.0,4535.0,5920.0,8.0,8.0,0.0,0.0,0.014688209670822362,0.05704238075572992,0.0,0.7615620974667239,0.19151182432432431,0.0013513513513513514,562400.0,314260.0,0.0,314260.0,0.0,2617113.8662526608,3788800.0,31532184.921756733,381329545.737854,2617113.8662526608,3415355.5257720947,104088.0,104088.0,0.5587837837837838,0.5587837837837838,0.6907500702736119,0.6907500702736119,0.2875588938696642,0.0,414400.0,250448.0,250448.0,118400.0,61780.0,61780.0,29600.0,2032.0,2032.0,0.0,0.0,0.210684559628229,0.1850782361308677,0.0,0.6043629343629343,0.5217905405405405,0.06864864864864866,"[0.7123871076946671, 0.7203188149463838, 0.7505191761547596]","[0.2464788207663507, 0.2562144373556271, 0.27555713028097223]","[0.6549077064896756, 0.6600836559734513, 0.6719244100294985]","[0.8800550471991301, 0.8873518192643921, 0.8946362965988617]","[0.1295306849178366, 0.13649058450866408, 0.14817589250054547]","[0.7259660709042866, 0.7341444020356234, 0.7483279262086514]","[0.6778828507010767, 0.6884835900612718, 0.7217761517120526]","[0.27646636382444756, 0.28569959886298646, 0.3092050854218221]","[0.5515838815789474, 0.5585526315789473, 0.5673618421052632]"
full_centered_s50,niah_single_2,0.5,10,1.0,1.0,0.0,"[0.0, 0.0]",276,283,0.9752650176678446,0.3,1.0,0,0,1065600.0,536930.0,0.0,536930.0,0.0,2610268.787790656,3686400.0,24587731.65990943,392748806.46398926,2610268.787790656,3374872.4475479126,160805.0,160805.0,0.5038757507507508,0.5038757507507508,0.7080807258546702,0.7080807258546702,0.2502083479641603,0.0,921600.0,482209.0,482209.0,115200.0,52478.0,52478.0,28800.0,2243.0,2243.0,0.0,0.0,0.20741201707824883,0.1509055930930931,0.0,0.5232302517361112,0.45553819444444443,0.07788194444444445,609600.0,305345.0,0.0,305345.0,0.0,530034.6648635864,614400.0,1578952.0464084372,95936520.14697266,530034.6648635864,549112.1214065552,71759.0,71759.0,0.5008940288713911,0.5008940288713911,0.8626866290097436,0.8626866290097436,0.12828990675763274,0.0,585600.0,303540.0,303540.0,19200.0,1804.0,1804.0,4800.0,1.0,1.0,0.0,0.0,0.0310505477587382,0.11771489501312336,0.0,0.5183401639344263,0.09395833333333334,0.00020833333333333335,456000.0,231585.0,0.0,231585.0,0.0,2080234.1229270697,3072000.0,23008779.613500994,296812286.3170166,2080234.1229270697,2825760.3261413574,89046.0,89046.0,0.5078618421052632,0.5078618421052632,0.6771595452236555,0.6771595452236555,0.27842347847286053,0.0,336000.0,178669.0,178669.0,96000.0,50674.0,50674.0,24000.0,2242.0,2242.0,0.0,0.0,0.24268431094215095,0.1952763157894737,0.0,0.5317529761904762,0.5278541666666666,0.09341666666666666,"[0.7014327072033242, 0.7099580055489141, 0.7166321206223316]","[0.24631633467985564, 0.24981062837887902, 0.2545197267756934]","[0.47142706796951817, 0.5024358048590626, 0.5272098543510325]","[0.8514382100477815, 0.8604900663718581, 0.8737771815340966]","[0.11974578729199357, 0.12700208838871546, 0.13995633617454492]","[0.45099073665173595, 0.49676617405841905, 0.53624006043257]","[0.6676612732493377, 0.679406713815212, 0.687938479774457]","[0.2733488037249251, 0.27841394857252916, 0.2832889953080078]","[0.4965361842105263, 0.5099671052631579, 0.515391447368421]"
full_centered_s50,niah_single_3,0.5,10,1.0,1.0,0.0,"[0.0, 0.0]",546,547,0.9981718464351006,0.9,1.0,0,0,1627200.0,829300.0,0.0,829300.0,0.0,4025311.0810775757,5529600.0,38038090.15836778,602046215.6397095,4025311.0810775757,5128335.625026703,248138.0,248138.0,0.5096484759095379,0.5096484759095379,0.7279570097434852,0.7279570097434852,0.25135899791726973,0.0,1411200.0,744375.0,744375.0,172800.0,81099.0,81099.0,43200.0,3826.0,3826.0,0.0,0.0,0.1994763715185777,0.15249385447394298,0.0,0.5274766156462585,0.46932291666666665,0.08856481481481482,943200.0,482138.0,0.0,482138.0,0.0,802680.5245056152,921600.0,2146058.450178465,151870761.43798828,802680.5245056152,833583.525428772,116134.0,116134.0,0.5111726039016116,0.5111726039016116,0.8709641107916832,0.8709641107916832,0.11887312722205816,0.0,907200.0,476892.0,476892.0,28800.0,5244.0,5244.0,7200.0,2.0,2.0,0.0,0.0,0.033531902043355835,0.12312765055131468,0.0,0.5256746031746031,0.18208333333333335,0.0002777777777777778,684000.0,347162.0,0.0,347162.0,0.0,3222630.5565719604,4608000.0,35892031.708189316,450175454.2017212,3222630.5565719604,4294752.099597931,132004.0,132004.0,0.507546783625731,0.507546783625731,0.6993555895338456,0.6993555895338456,0.28236321338501286,0.0,504000.0,267483.0,267483.0,144000.0,75855.0,75855.0,36000.0,3824.0,3824.0,0.0,0.0,0.23266526541362206,0.19298830409356726,0.0,0.530720238095238,0.5267708333333333,0.10622222222222222,"[0.7205020786150514, 0.7300818571229724, 0.7371164580775075]","[0.24381945885613063, 0.25077832894334035, 0.2570943901739466]","[0.48771985619469027, 0.5009865873893805, 0.5456041666666667]","[0.8586068437521657, 0.8707679581021269, 0.881597508020699]","[0.10837336472439736, 0.11653632076739323, 0.13281311715063532]","[0.4825357824427481, 0.4948175095419847, 0.5685645674300255]","[0.6918995446174405, 0.7020851256023161, 0.7084577764960704]","[0.27392709105724805, 0.2815611959852921, 0.2874612771206398]","[0.4938026315789474, 0.5113706140350878, 0.5180828947368421]"
full_centered_s50,niah_multikey_1,0.5,10,1.0,1.0,0.0,"[0.0, 0.0]",284,287,0.9895470383275261,0.7,1.0,0,0,1147520.0,575367.0,0.0,575367.0,0.0,2793346.383920312,3932160.0,26465613.48016017,422391124.24658203,2793346.383920312,3619903.004714966,175513.0,175513.0,0.501400411321807,0.501400411321807,0.7103847208456197,0.7103847208456197,0.2503131069827181,0.0,993920.0,515251.0,515251.0,122880.0,57600.0,57600.0,30720.0,2516.0,2516.0,0.0,0.0,0.21020421874864043,0.15294983965421083,0.0,0.5184028895685769,0.46875,0.08190104166666666,661120.0,328848.0,0.0,328848.0,0.0,565983.2361488342,655360.0,1649121.280586712,103289588.9790039,565983.2361488342,587526.7495346069,80271.0,80271.0,0.4974104549854792,0.4974104549854792,0.8636218813306187,0.8636218813306187,0.1263566267517661,0.0,635520.0,325537.0,325537.0,20480.0,3309.0,3309.0,5120.0,2.0,2.0,0.0,0.0,0.03287279264186509,0.12141668683446273,0.0,0.51223722306143,0.161572265625,0.000390625,486400.0,246519.0,0.0,246519.0,0.0,2227363.1477714777,3276800.0,24816492.199573457,319101535.2675781,2227363.1477714777,3032376.255180359,95242.0,95242.0,0.5068236019736843,0.5068236019736843,0.6797372887486199,0.6797372887486199,0.27887253867988926,0.0,358400.0,189714.0,189714.0,102400.0,54291.0,54291.0,25600.0,2514.0,2514.0,0.0,0.0,0.24567050396999549,0.19581003289473684,0.0,0.5293359375,0.530185546875,0.098203125,"[0.7007306898848571, 0.7133758344412653, 0.7259220783263057]","[0.23592458179848685, 0.2494571553119398, 0.26019707103690115]","[0.4817928163921665, 0.502354696718289, 0.5189746957964602]","[0.8489847973641008, 0.8587067786604166, 0.8750662060976028]","[0.11419197260599091, 0.13078662769410232, 0.13948738856436044]","[0.46076913917103024, 0.5075262404580152, 0.531354961832061]","[0.6659861117363849, 0.6848878264887026, 0.7013095345187467]","[0.26267889554784896, 0.2758355687116837, 0.2900199260227905]","[0.49167105263157895, 0.49860197368421055, 0.5196023026315789]"
full_centered_s50,niah_multikey_2,0.5,10,1.0,1.0,0.0,"[0.0, 0.0]",282,289,0.9757785467128027,0.4,1.0,0,0,1244160.0,706805.0,0.0,706805.0,0.0,3017489.2012664676,4300800.0,33946914.589070745,468236275.6953125,3017489.2012664676,3852008.744117737,176263.0,176263.0,0.5680981545781894,0.5680981545781894,0.7016111424075678,0.7016111424075678,0.26925738611655087,0.0,1076160.0,643087.0,643087.0,134400.0,61327.0,61327.0,33600.0,2391.0,2391.0,0.0,0.0,0.19403821215849823,0.1416722929526749,0.0,0.5975756393101398,0.45630208333333333,0.07116071428571429,712160.0,420649.0,0.0,420649.0,0.0,617561.3419494629,716800.0,2234342.7163746394,118671746.46142578,617561.3419494629,635386.9082565308,75736.0,75736.0,0.5906664232756684,0.5906664232756684,0.8615532114250319,0.8615532114250319,0.13721488543197313,0.0,684160.0,419085.0,419085.0,22400.0,1564.0,1564.0,5600.0,0.0,0.0,0.0,0.0,0.024868256566779955,0.10634688833969895,0.0,0.6125540809167446,0.06982142857142858,0.0,532000.0,286156.0,0.0,286156.0,0.0,2399927.8593170047,3584000.0,31712571.8726961,349564529.2338867,2399927.8593170047,3216621.835861206,100527.0,100527.0,0.5378872180451127,0.5378872180451127,0.669622728604075,0.669622728604075,0.30119797892270717,0.0,392000.0,224002.0,224002.0,112000.0,59763.0,59763.0,28000.0,2391.0,2391.0,0.0,0.0,0.2278722032768419,0.18896052631578947,0.0,0.5714336734693878,0.5335982142857143,0.08539285714285715,"[0.6822432606744122, 0.6948419458770028, 0.7307520121267185]","[0.25142728153705246, 0.27085165026846547, 0.2843967749861654]","[0.5497700737802971, 0.5679940529527223, 0.5812840277777778]","[0.8575456437747925, 0.8621381722856314, 0.8669385019379358]","[0.13064673553703943, 0.13421462343544796, 0.14365198575149873]","[0.5609101254536354, 0.5896609231258563, 0.6079591346153845]","[0.6460632181377781, 0.6610618608344521, 0.7035147141644751]","[0.27915743738361204, 0.3031598608602277, 0.3202008568438658]","[0.5274824561403508, 0.5398684210526317, 0.5453684210526315]"
full_centered_s50,niah_multikey_3,0.5,10,1.0,1.0,0.0,"[0.0, 0.0]",514,827,0.6215235792019347,0.2,1.0,0,0,1436160.0,744563.0,0.0,744563.0,0.0,3728862.133898258,4915200.0,29631309.243623644,546751468.2471313,3728862.133898258,4559200.330787659,200581.0,200581.0,0.5184401459447415,0.5184401459447415,0.7586389432572954,0.7586389432572954,0.23279864142007764,0.0,1244960.0,679300.0,679300.0,153600.0,61946.0,61946.0,37600.0,3317.0,3317.0,0.0,0.0,0.16893273862495942,0.13966480057932265,0.0,0.5456400205629096,0.40329427083333336,0.08821808510638297,828160.0,450582.0,0.0,450582.0,0.0,719431.6133956909,819200.0,1898326.0275583006,142171700.56103516,719431.6133956909,740186.0951156616,88373.0,88373.0,0.5440760239567234,0.5440760239567234,0.8782124186959117,0.8782124186959117,0.1155523606059547,0.0,796960.0,448675.0,448675.0,25600.0,1907.0,1907.0,5600.0,0.0,0.0,0.0,0.0,0.025335060693323613,0.10671005602782072,0.0,0.5629830857257578,0.0744921875,0.0,608000.0,293981.0,0.0,293981.0,0.0,3009430.5205025673,4096000.0,27732983.21606534,404579767.6860962,3009430.5205025673,3819014.235671997,112208.0,112208.0,0.48352138157894736,0.48352138157894736,0.734724248169572,0.734724248169572,0.26181601844905633,0.0,448000.0,230625.0,230625.0,128000.0,60039.0,60039.0,32000.0,3317.0,3317.0,0.0,0.0,0.19765227421128656,0.18455263157894736,0.0,0.5147879464285714,0.4690546875,0.10365625,"[0.744343892332472, 0.7632357810110423, 0.773340768389171]","[0.21707588405734818, 0.2320744714786122, 0.23927399252473353]","[0.4952722222222222, 0.5054827008928572, 0.5421108796296296]","[0.869901818378518, 0.8804971812292934, 0.8849077652525156]","[0.10663331218473221, 0.11134683007802634, 0.125835567566011]","[0.5020385360763268, 0.5304263565891473, 0.5844579326923077]","[0.719659531799698, 0.739121819588511, 0.7531280459878036]","[0.2412877065962968, 0.26158742981162897, 0.27089852972923895]","[0.47043640350877197, 0.4805372807017544, 0.49213201754385966]"
full_centered_s50,niah_multivalue,0.5,10,0.95,1.0,-0.050000000000000044,"[-0.15, 0.0]",499,909,0.5489548954895489,0.3,0.95,1,0,2350400.0,997434.0,0.0,997434.0,0.0,6141061.163846254,7987200.0,42407866.81845146,829892293.74469,6141061.163846254,7457375.123577118,342358.0,342358.0,0.42436776718856367,0.42436776718856367,0.7688628260023856,0.7688628260023856,0.22605407886992623,0.0,2038400.0,894396.0,894396.0,249600.0,95740.0,95740.0,62400.0,7298.0,7298.0,0.0,0.0,0.16480292965380403,0.14565946221919673,0.0,0.43877354788069073,0.383573717948718,0.11695512820512821,1362400.0,533482.0,0.0,533482.0,0.0,1195216.150604248,1331200.0,1910540.0018775798,209138592.8852539,1195216.150604248,1230106.5485229492,153493.0,153493.0,0.39157516147974164,0.39157516147974164,0.8978486708265084,0.8978486708265084,0.0955786686377901,0.0,1310400.0,524964.0,524964.0,41600.0,8512.0,8512.0,10400.0,6.0,6.0,0.0,0.0,0.026209734013447394,0.11266368173810921,0.0,0.4006135531135531,0.20461538461538462,0.000576923076923077,988000.0,463952.0,0.0,463952.0,0.0,4945845.013242006,6656000.0,40497326.81657387,620753700.859436,4945845.013242006,6227268.575054169,188865.0,188865.0,0.46958704453441297,0.46958704453441297,0.743065657037561,0.743065657037561,0.2554191878865647,0.0,728000.0,369432.0,369432.0,208000.0,87228.0,87228.0,52000.0,7292.0,7292.0,0.0,0.0,0.19252156878187537,0.1911589068825911,0.0,0.5074615384615384,0.41936538461538464,0.14023076923076924,"[0.7469938385466036, 0.7622769445180893, 0.7855894936929357]","[0.21755462841683576, 0.22669948245204385, 0.23624245313605052]","[0.3891800331858407, 0.4445888643067847, 0.4846050884955752]","[0.871632275223732, 0.8865421018625299, 0.9133125289420908]","[0.08348681116308024, 0.10027343271818366, 0.11775755110105722]","[0.3260060830152672, 0.41493320610687023, 0.48074809160305343]","[0.7187370168825147, 0.7392283695862862, 0.7612676223796708]","[0.2460428652198341, 0.25608853726422065, 0.2687957538319259]","[0.450991759702286, 0.4802456140350877, 0.49091842105263156]"
full_centered_s50,niah_multiquery,0.5,10,1.0,1.0,0.0,"[0.0, 0.0]",853,1078,0.7912801484230055,0.6,1.0,0,0,1572640.0,726779.0,0.0,726779.0,0.0,4224255.123942375,5529600.0,34930315.30267287,579138620.3712158,4224255.123942375,5127907.824550629,237109.0,237109.0,0.462139459761929,0.462139459761929,0.7639350267546251,0.7639350267546251,0.2455896099346463,0.0,1356640.0,659598.0,659598.0,172800.0,63815.0,63815.0,43200.0,3366.0,3366.0,0.0,0.0,0.16342098896995325,0.1507713144775664,0.0,0.4861997287415969,0.36929976851851853,0.07791666666666666,888640.0,398752.0,0.0,398752.0,0.0,830498.8505020142,921600.0,1361296.8339528828,153123887.3984375,830498.8505020142,853123.4044952393,105440.0,105440.0,0.4487216420597767,0.4487216420597767,0.9011489263259702,0.9011489263259702,0.09428767877315787,0.0,852640.0,396254.0,396254.0,28800.0,2497.0,2497.0,7200.0,1.0,1.0,0.0,0.0,0.024549212232232095,0.11865322290241267,0.0,0.4647377556764871,0.08670138888888888,0.0001388888888888889,684000.0,328027.0,0.0,328027.0,0.0,3393756.273440361,4608000.0,33569018.46871999,426014732.9727783,3393756.273440361,4274784.420055389,131669.0,131669.0,0.47957163742690057,0.47957163742690057,0.7364922468403561,0.7364922468403561,0.2807094363568205,0.0,504000.0,263344.0,263344.0,144000.0,61318.0,61318.0,36000.0,3365.0,3365.0,0.0,0.0,0.1911953443174975,0.19249853801169592,0.0,0.5225079365079365,0.4258194444444444,0.09347222222222222,"[0.7471370649646657, 0.7669664299105838, 0.7809366905993859]","[0.2317140436890468, 0.24337657866092105, 0.2643692794421341]","[0.4414467121293993, 0.4564453125, 0.48724091085192284]","[0.8914067089029899, 0.902744497358799, 0.9051965179871768]","[0.08966793063539046, 0.09221493738627093, 0.10172386193442434]","[0.4175824908523122, 0.4358923037190082, 0.49669022181203853]","[0.7161330799171701, 0.7398503010987769, 0.7587525481804429]","[0.26392111970329024, 0.27870127613246376, 0.30343006282376134]","[0.47276776315789476, 0.4764720394736842, 0.49087631578947366]"
full_centered_s50,vt,0.5,10,0.4,0.0,0.4,"[0.1, 0.7]",196,300,0.6533333333333333,0.6,,6,0,1561760.0,941897.0,0.0,941897.0,0.0,4209884.784006596,5283840.0,23315488.44603123,600658943.7297363,4209884.784006596,4927618.59078598,166100.0,166100.0,0.6030997080217191,0.6030997080217191,0.7967472111204343,0.7967472111204343,0.1970190792163913,0.0,1355360.0,871214.0,871214.0,165120.0,67817.0,67817.0,41280.0,2866.0,2866.0,0.0,0.0,0.13583564354321565,0.10635436942936174,0.0,0.6427915830480463,0.41071342054263565,0.06942829457364341,908160.0,603590.0,0.0,603590.0,0.0,802679.6207580566,880640.0,1735429.1116569769,155439221.88867188,802679.6207580566,814202.0970077515,47413.0,47413.0,0.6646295806906272,0.6646295806906272,0.9114730431936507,0.9114730431936507,0.10566304752771995,0.0,873760.0,601287.0,601287.0,27520.0,2303.0,2303.0,6880.0,0.0,0.0,0.0,0.0,0.013084207223944886,0.052207760747004936,0.0,0.6881603644021241,0.08368459302325582,0.0,653600.0,338307.0,0.0,338307.0,0.0,3407205.163248539,4403200.0,21580059.334374253,445219721.84106445,3407205.163248539,4113416.4937782288,118687.0,118687.0,0.5176055691554468,0.5176055691554468,0.7738020447057911,0.7738020447057911,0.22016035672042206,0.0,481600.0,269927.0,269927.0,137600.0,65514.0,65514.0,34400.0,2866.0,2866.0,0.0,0.0,0.1603859308070698,0.18158965728274173,0.0,0.5604796511627907,0.47611918604651166,0.08331395348837209,"[0.7793660030052222, 0.8008826127279705, 0.8204611596134491]","[0.1816256685324583, 0.1970038849010629, 0.21116906574129118]","[0.590443281938326, 0.6021441354625551, 0.6159388766519823]","[0.9048741991892457, 0.9111166962888092, 0.9169839638825505]","[0.10062805054508564, 0.10644502806522896, 0.11185754272266422]","[0.6487685448232323, 0.6625769412878788, 0.6792784090909091]","[0.753261551160831, 0.7775424319808371, 0.802544323979877]","[0.20066276987134582, 0.22148228835181533, 0.23715837417989763]","[0.49339342105263156, 0.5187417763157895, 0.5486131578947369]"
full_centered_s50,cwe,0.5,10,1.0,1.0,0.0,"[0.0, 0.0]",484,631,0.7670364500792393,0.0,1.0,0,0,3596000.0,1630582.0,0.0,1630582.0,0.0,9222883.702764988,12288000.0,68471037.28350075,1303982942.1923828,9222883.702764988,11257751.927467346,525471.0,525471.0,0.4534432703003337,0.4534432703003337,0.7505601971651195,0.7505601971651195,0.22914875311478905,0.0,3116000.0,1458427.0,1458427.0,384000.0,161130.0,161130.0,96000.0,11025.0,11025.0,0.0,0.0,0.16559800005715805,0.1461265294771969,0.0,0.46804460847240054,0.419609375,0.11484375,2076000.0,883296.0,0.0,883296.0,0.0,1796969.356716156,2048000.0,4621399.72085543,335077700.07958984,1796969.356716156,1846437.2186393738,224665.0,224665.0,0.42547976878612714,0.42547976878612714,0.8774264437090605,0.8774264437090605,0.11743944872938561,0.0,1996000.0,877675.0,877675.0,64000.0,5621.0,5621.0,16000.0,0.0,0.0,0.0,0.0,0.02415422945469618,0.10822013487475915,0.0,0.43971693386773547,0.087828125,0.0,1520000.0,747286.0,0.0,747286.0,0.0,7425914.346048832,10240000.0,63849637.56264531,968905242.112793,7425914.346048832,9411314.708827972,300806.0,300806.0,0.4916355263157895,0.4916355263157895,0.7251869478563312,0.7251869478563312,0.25670750480261617,0.0,1120000.0,580752.0,580752.0,320000.0,155509.0,155509.0,80000.0,11025.0,11025.0,0.0,0.0,0.19388675417765044,0.1978986842105263,0.0,0.5185285714285714,0.485965625,0.1378125,"[0.7376961988924304, 0.751809480872518, 0.760705669758628]","[0.21714539147092296, 0.2303667877305513, 0.23885375984025306]","[0.4428745587384259, 0.4511143378226712, 0.4656048440402054]","[0.871212410055101, 0.8786027308722788, 0.881273774279592]","[0.11517913866621979, 0.11673852983328986, 0.12167563112247409]","[0.41264403200159017, 0.4234246798492649, 0.44677609365825016]","[0.7091041473239195, 0.7265248475473308, 0.7367249601272168]","[0.24285891944496485, 0.25810807439559613, 0.2679650529782484]","[0.4848534688995216, 0.4900767543859649, 0.5017677631578947]"
full_centered_s50,fwe,0.5,10,1.0,1.0,0.0,"[0.0, 0.0]",282,352,0.8011363636363636,0.2,1.0,0,0,1530720.0,812001.0,0.0,812001.0,0.0,3929874.2167127132,5283840.0,30157238.860221367,569078390.8751221,3929874.2167127132,4877358.994140625,219418.0,219418.0,0.530469974913766,0.530469974913766,0.7437534476276181,0.7437534476276181,0.23020234349639573,0.0,1324320.0,736027.0,736027.0,165120.0,74352.0,74352.0,41280.0,1622.0,1622.0,0.0,0.0,0.17931746181336145,0.1433430019859935,0.0,0.5557773045789537,0.4502906976744186,0.03929263565891473,877120.0,480463.0,0.0,480463.0,0.0,774293.0394248962,880640.0,2043340.7947705388,150749051.95117188,774293.0394248962,794395.308052063,93329.0,93329.0,0.5477733947464429,0.5477733947464429,0.879239007341134,0.879239007341134,0.11642415862255458,0.0,842720.0,478415.0,478415.0,27520.0,2047.0,2047.0,6880.0,1.0,1.0,0.0,0.0,0.022826885704904102,0.10640391280554543,0.0,0.567703389026011,0.07438226744186047,0.00014534883720930232,653600.0,331538.0,0.0,331538.0,0.0,3155581.177287817,4403200.0,28113898.06545083,418329338.9239502,3155581.177287817,4082963.686088562,126089.0,126089.0,0.507249082007344,0.507249082007344,0.7166563356849148,0.7166563356849148,0.2592396167823074,0.0,481600.0,257612.0,257612.0,137600.0,72305.0,72305.0,34400.0,1621.0,1621.0,0.0,0.0,0.21061557703505293,0.19291462668298653,0.0,0.5349086378737542,0.5254723837209302,0.04712209302325581,"[0.7202111033895603, 0.7485024882151063, 0.7564615225963062]","[0.21109574695529068, 0.23013478806847942, 0.24395498898986162]","[0.5180456839622641, 0.5274208603896104, 0.5471596091000502]","[0.8731984565891325, 0.8768581691011786, 0.883919465791434]","[0.11273725702583841, 0.11868043698011355, 0.12125402456177144]","[0.5294509615384616, 0.5464731393129771, 0.5690094436813187]","[0.6892623709219236, 0.7218530985852413, 0.7320543586358894]","[0.23576136049524662, 0.2608275589697575, 0.2759688240304124]","[0.4984171052631579, 0.5109013157894737, 0.5209753289473684]"
full_centered_s50,qa_1,0.5,10,1.0,1.0,0.0,"[0.0, 0.0]",78,100,0.78,0.4,1.0,0,0,969120.0,502114.0,0.0,502114.0,0.0,2424560.4383815527,3440640.0,22968519.21799382,368966939.8364258,2424560.4383815527,3124373.448097229,139225.0,139225.0,0.5181133399372627,0.5181133399372627,0.7046829771151741,0.7046829771151741,0.24950127622124602,0.0,834720.0,453605.0,453605.0,107520.0,46298.0,46298.0,26880.0,2211.0,2211.0,0.0,0.0,0.20339617330370988,0.1436612596995212,0.0,0.5434217462142994,0.43059895833333334,0.08225446428571428,543520.0,283454.0,0.0,283454.0,0.0,493492.99908447266,573440.0,1476387.1949794888,89940009.2084961,493492.99908447266,509981.3162765503,59089.0,59089.0,0.5215153076243745,0.5215153076243745,0.8605834944971971,0.8605834944971971,0.12812198867827104,0.0,521120.0,281968.0,281968.0,17920.0,1486.0,1486.0,4480.0,0.0,0.0,0.0,0.0,0.02875334331765771,0.10871541065646158,0.0,0.5410807491556647,0.08292410714285714,0.0,425600.0,218660.0,0.0,218660.0,0.0,1931067.43929708,2867200.0,21492132.02301433,279026930.6279297,1931067.43929708,2614392.1318206787,80136.0,80136.0,0.5137687969924812,0.5137687969924812,0.6735028736387696,0.6735028736387696,0.277534315637424,0.0,313600.0,171637.0,171637.0,89600.0,44812.0,44812.0,22400.0,2211.0,2211.0,0.0,0.0,0.2383247393009203,0.18828947368421053,0.0,0.5473118622448979,0.5001339285714286,0.09870535714285714,"[0.697325189408277, 0.7020216415289421, 0.7160832194670123]","[0.24148197418557432, 0.24942891070257953, 0.26198503748429564]","[0.4924068279109589, 0.525353016212047, 0.5372767560235212]","[0.8423052493358653, 0.8521180024370552, 0.8806749879661948]","[0.10898711700516546, 0.1333494132887232, 0.14344775419116804]","[0.47659557411674347, 0.534007023979957, 0.5501143761837121]","[0.6643669654313902, 0.6702499017842153, 0.6879819762241678]","[0.2659282448057921, 0.27824180870008064, 0.2904275029272064]","[0.5070855263157894, 0.5132894736842105, 0.5215328947368421]"
full_centered_s50,qa_2,0.5,10,0.6,0.6,0.0,"[0.0, 0.0]",105,108,0.9722222222222222,0.7,1.0,0,0,1172000.0,607008.0,0.0,607008.0,0.0,3020976.085383594,4300800.0,30489259.377039187,459349740.4397888,3020976.085383594,3895152.9609832764,169420.0,169420.0,0.517924914675768,0.517924914675768,0.7024218948529563,0.7024218948529563,0.25763312406279076,0.0,1004000.0,546541.0,546541.0,134400.0,58140.0,58140.0,33600.0,2327.0,2327.0,0.0,0.0,0.20325913216138447,0.14455631399317406,0.0,0.5443635458167331,0.43258928571428573,0.06925595238095238,640000.0,329651.0,0.0,329651.0,0.0,626397.7415924072,716800.0,1631425.9439448342,113771936.7368164,626397.7415924072,644641.0914611816,68450.0,68450.0,0.5150796875,0.5150796875,0.8738807778911931,0.8738807778911931,0.11974740386852503,0.0,612000.0,328432.0,328432.0,22400.0,1217.0,1217.0,5600.0,2.0,2.0,0.0,0.0,0.025451101937464304,0.106953125,0.0,0.5366535947712419,0.054330357142857146,0.00035714285714285714,532000.0,277357.0,0.0,277357.0,0.0,2394578.343791187,3584000.0,28857833.433094352,345577803.7029724,2394578.343791187,3250511.8695220947,100970.0,100970.0,0.5213477443609023,0.5213477443609023,0.6681301182453088,0.6681301182453088,0.2889741141545782,0.0,392000.0,218109.0,218109.0,112000.0,56923.0,56923.0,28000.0,2325.0,2325.0,0.0,0.0,0.2388207382061685,0.18979323308270676,0.0,0.5564005102040817,0.5082410714285714,0.08303571428571428,"[0.6881886235033016, 0.6980703610411082, 0.7283363426317131]","[0.24073191314469478, 0.25446357394470653, 0.2716489880228565]","[0.505422368975123, 0.5138578179500415, 0.5378003770739065]","[0.8515603494644165, 0.8735701944989462, 0.8867232556169232]","[0.10850757060721566, 0.11896947517247057, 0.13887919357818584]","[0.4995230617528496, 0.5088348599137931, 0.5550264677452177]","[0.6529909653845202, 0.6633914070704486, 0.6966747508826083]","[0.27161838566453866, 0.28480929152751433, 0.3041627819345274]","[0.5110032894736842, 0.5170921052631579, 0.5302716165413535]"
jl_gaussian_r2_s50,niah_single_1,0.5,10,1.0,1.0,0.0,"[0.0, 0.0]",234,291,0.8041237113402062,0.3,1.0,0,0,1301280.0,863202.0,0.0,863202.0,0.0,3175606.9635004997,4423680.0,40972375.0602263,504159958.1133423,3175606.9635004997,3974655.0895881653,146966.0,146966.0,0.6633483954260421,0.6633483954260421,0.7178654340957076,0.7178654340957076,0.2850764847521328,0.0,1128480.0,795669.0,795669.0,138240.0,64665.0,64665.0,34560.0,2868.0,2868.0,0.0,0.0,0.18062973047048284,0.11293956719537686,0.0,0.7050802849851128,0.4677734375,0.08298611111111111,754080.0,558680.0,0.0,558680.0,0.0,652536.1991081238,737280.0,2791826.27368897,133872612.77685547,652536.1991081238,666119.4970436096,45594.0,45594.0,0.7408762995968597,0.7408762995968597,0.8850588638076766,0.8850588638076766,0.14441035155819748,0.0,725280.0,553831.0,553831.0,23040.0,4840.0,4840.0,5760.0,9.0,9.0,0.0,0.0,0.018423526930726238,0.06046308084022915,0.0,0.7636099161703066,0.21006944444444445,0.0015625,547200.0,304522.0,0.0,304522.0,0.0,2523070.764392376,3686400.0,38180548.78653733,370287345.3364868,2523070.764392376,3308535.5925445557,101372.0,101372.0,0.5565095029239766,0.5565095029239766,0.6844267481533138,0.6844267481533138,0.3211083863395082,0.0,403200.0,241838.0,241838.0,115200.0,59825.0,59825.0,28800.0,2859.0,2859.0,0.0,0.0,0.21307097117843418,0.18525584795321637,0.0,0.599796626984127,0.5193142361111112,0.09927083333333334,"[0.7051070143032929, 0.7114110729767467, 0.7412030465893072]","[0.27239589908960116, 0.28687146283131204, 0.29713777463392244]","[0.6555481194690266, 0.6612278761061947, 0.6708699760324484]","[0.8776218394873043, 0.8820673018538703, 0.8914094099216163]","[0.14027747037399152, 0.14521176433580754, 0.15303809731036114]","[0.7292334605597965, 0.7366666666666666, 0.7498620388040712]","[0.6699122693365207, 0.6773928791616345, 0.7099207237713583]","[0.30596639595431596, 0.32292036816576586, 0.3359211049691472]","[0.551339802631579, 0.556515899122807, 0.5653865131578947]"
jl_gaussian_r2_s50,niah_single_2,0.5,10,1.0,1.0,0.0,"[0.0, 0.0]",279,283,0.9858657243816255,0.6,1.0,0,0,1634560.0,836292.0,0.0,836292.0,0.0,3870670.178979695,5652480.0,50818532.25062594,613312332.9075928,3870670.178979695,5152267.383213043,252817.0,252817.0,0.5116312646828505,0.5116312646828505,0.684773794684757,0.684773794684757,0.28785263532743455,0.0,1413760.0,748487.0,748487.0,176640.0,83082.0,83082.0,44160.0,4723.0,4723.0,0.0,0.0,0.22673184234766836,0.15466975822239623,0.0,0.529430030556813,0.47034646739130437,0.10695199275362319,935360.0,475728.0,0.0,475728.0,0.0,810740.6528930664,942080.0,2693055.73444557,150208431.90966797,810740.6528930664,842209.3509292603,115451.0,115451.0,0.5086041737940472,0.5086041737940472,0.8605857813487883,0.8605857813487883,0.1338984391765657,0.0,898560.0,472414.0,472414.0,29440.0,3302.0,3302.0,7360.0,12.0,12.0,0.0,0.0,0.03340342437605495,0.12342948169688676,0.0,0.5257456374643875,0.11216032608695652,0.0016304347826086956,699200.0,360564.0,0.0,360564.0,0.0,3059929.5260866284,4710400.0,48125476.51618037,463103900.9979248,3059929.5260866284,4310058.032283783,137366.0,137366.0,0.5156807780320366,0.5156807780320366,0.6496113973519507,0.6496113973519507,0.32236531062368456,0.0,515200.0,276073.0,276073.0,147200.0,79780.0,79780.0,36800.0,4711.0,4711.0,0.0,0.0,0.265397525941991,0.1964616704805492,0.0,0.5358559782608696,0.5419836956521739,0.1280163043478261,"[0.677358059322493, 0.6850946605988308, 0.6975790898244304]","[0.27525091680439623, 0.2829926603715177, 0.29658765559057043]","[0.48827411222754835, 0.5055292450221238, 0.5323351078539823]","[0.8526194048859179, 0.860337048691387, 0.8683027013391257]","[0.1292392469019728, 0.13307155424381617, 0.14123883229337658]","[0.47355000276007825, 0.5022838070153303, 0.536896075168759]","[0.6406727317577606, 0.6505001953159081, 0.6646540208242173]","[0.30704866435842987, 0.31658271935282933, 0.3330089295076039]","[0.5059166666666667, 0.5134484649122807, 0.5224434210526315]"
jl_gaussian_r2_s50,niah_single_3,0.5,10,1.0,1.0,0.0,"[0.0, 0.0]",547,547,1.0,1.0,1.0,0,0,1482560.0,748096.0,0.0,748096.0,0.0,3604962.9534329176,5038080.0,43458466.90295863,547984609.9846802,3604962.9534329176,4650676.064357758,230238.0,230238.0,0.5045974530541766,0.5045974530541766,0.715543015083706,0.715543015083706,0.28161320804960116,0.0,1285760.0,669218.0,669218.0,157440.0,74413.0,74413.0,39360.0,4465.0,4465.0,0.0,0.0,0.20756183127795508,0.15529759335203971,0.0,0.5204843827775012,0.4726435467479675,0.1134400406504065,859360.0,431204.0,0.0,431204.0,0.0,728482.0201644897,839680.0,2195610.453581035,137283679.42285156,728482.0201644897,758065.5289077759,110191.0,110191.0,0.5017734127722957,0.5017734127722957,0.867571003435225,0.867571003435225,0.12646437140778366,0.0,826560.0,425861.0,425861.0,26240.0,5328.0,5328.0,6560.0,15.0,15.0,0.0,0.0,0.035231884459896785,0.1282244926456898,0.0,0.5152209156020131,0.2030487804878049,0.0022865853658536584,623200.0,316892.0,0.0,316892.0,0.0,2876480.933268428,4198400.0,41262856.4493776,410700930.5618286,2876480.933268428,3892610.5354499817,120047.0,120047.0,0.5084916559691913,0.5084916559691913,0.6851374174134022,0.6851374174134022,0.31696900829453273,0.0,459200.0,243357.0,243357.0,131200.0,69085.0,69085.0,32800.0,4450.0,4450.0,0.0,0.0,0.24202782064156675,0.19262997432605905,0.0,0.5299586236933798,0.5265625,0.13567073170731708,"[0.7066112975053644, 0.7155649564542627, 0.7325446551272762]","[0.27201076959713333, 0.2814320871697515, 0.28737736085155835]","[0.47673764749262537, 0.49190818584070795, 0.5345591814159292]","[0.853409025914967, 0.8686926142250498, 0.8752096948269755]","[0.1181607026350794, 0.1227000243994606, 0.14024675910624948]","[0.4665537531806616, 0.48381202290076336, 0.5525400763358779]","[0.6741721184846945, 0.6850880124449031, 0.704458387635687]","[0.3061102990301659, 0.3180918551356432, 0.3238792524640654]","[0.4963048245614035, 0.5057565789473684, 0.5220171052631578]"
jl_gaussian_r2_s50,niah_multikey_1,0.5,10,1.0,1.0,0.0,"[0.0, 0.0]",284,287,0.9895470383275261,0.7,1.0,0,0,1326720.0,675592.0,0.0,675592.0,0.0,3162303.127066046,4546560.0,38678282.28135784,493574623.4326782,3162303.127066046,4169008.3832321167,206868.0,206868.0,0.5092197298601061,0.5092197298601061,0.6955375332264494,0.6955375332264494,0.2799349849284943,0.0,1149120.0,603807.0,603807.0,142080.0,68019.0,68019.0,35520.0,3766.0,3766.0,0.0,0.0,0.22142130669474738,0.15592438494934877,0.0,0.5254516499582289,0.4787373310810811,0.10602477477477477,764320.0,389378.0,0.0,389378.0,0.0,651225.8664970398,757760.0,2147432.9522904884,120973201.3569336,651225.8664970398,677276.0462417603,95209.0,95209.0,0.5094436885074315,0.5094436885074315,0.8594091354743452,0.8594091354743452,0.13323404695240212,0.0,734720.0,384793.0,384793.0,23680.0,4571.0,4571.0,5920.0,14.0,14.0,0.0,0.0,0.034377876563450774,0.1245669353150513,0.0,0.523727406358885,0.19303209459459458,0.002364864864864865,562400.0,286214.0,0.0,286214.0,0.0,2511077.260569006,3788800.0,36530849.32906735,372601422.0757446,2511077.260569006,3491732.3369903564,111659.0,111659.0,0.5089153627311522,0.5089153627311522,0.6627632127768703,0.6627632127768703,0.3131177090027793,0.0,414400.0,219014.0,219014.0,118400.0,63448.0,63448.0,29600.0,3752.0,3752.0,0.0,0.0,0.2588299927210067,0.19854018492176387,0.0,0.5285086872586873,0.5358783783783784,0.12675675675675677,"[0.6859916153161127, 0.6937771312510752, 0.7153173191397703]","[0.2701192090554077, 0.2781874117959371, 0.28727789572786705]","[0.47505133434734514, 0.5067443307522124, 0.530496865781711]","[0.848242260273546, 0.8564791078834484, 0.8703016076143831]","[0.1195467967060125, 0.1352618811767008, 0.14275300127165227]","[0.446845950176645, 0.5136450381679389, 0.5465688613231552]","[0.6503563627878902, 0.6615126279656034, 0.685103656212159]","[0.3017154177423944, 0.31138023052641817, 0.3233522033820648]","[0.49066776315789473, 0.5087061403508772, 0.5247105263157895]"
jl_gaussian_r2_s50,niah_multikey_2,0.5,10,1.0,1.0,0.0,"[0.0, 0.0]",254,289,0.8788927335640139,0.1,1.0,0,0,1350720.0,757011.0,0.0,757011.0,0.0,3214381.9132891893,4669440.0,45732671.5528434,514647539.2484131,3214381.9132891893,4179540.321559906,198759.0,198759.0,0.5604499822316986,0.5604499822316986,0.6883870257009811,0.6883870257009811,0.29809750135760205,0.0,1168320.0,686920.0,686920.0,145920.0,66487.0,66487.0,36480.0,3604.0,3604.0,0.0,0.0,0.2066968219466824,0.14715040867093107,0.0,0.5879553546973432,0.45564007675438595,0.09879385964912281,773120.0,445853.0,0.0,445853.0,0.0,674579.353729248,778240.0,2431635.6771308687,131534807.78222656,674579.353729248,695839.1050109863,89019.0,89019.0,0.5766931394867549,0.5766931394867549,0.8668011843766037,0.8668011843766037,0.13596555699074514,0.0,742720.0,444000.0,444000.0,24320.0,1852.0,1852.0,6080.0,1.0,1.0,0.0,0.0,0.02731773139614808,0.11514253932119205,0.0,0.597802671262387,0.07615131578947368,0.0001644736842105263,577600.0,311158.0,0.0,311158.0,0.0,2539802.5595599413,3891200.0,43301035.87571253,383112731.4661865,2539802.5595599413,3483701.2165489197,109740.0,109740.0,0.5387084487534626,0.5387084487534626,0.6527041939658567,0.6527041939658567,0.3361908201945188,0.0,425600.0,242920.0,242920.0,121600.0,64635.0,64635.0,30400.0,3603.0,3603.0,0.0,0.0,0.24257264005678927,0.18999307479224375,0.0,0.5707706766917293,0.5315378289473685,0.11851973684210526,"[0.6709279932427897, 0.6822464536432664, 0.727248737006618]","[0.2736613526184883, 0.29902998147710325, 0.3172407923140597]","[0.5374245022123894, 0.5562480665429255, 0.5771765873015873]","[0.8626867959754808, 0.8668512818713983, 0.8735682667326182]","[0.12955171242922095, 0.13333851343781436, 0.14043688744263758]","[0.551141771873165, 0.5681928790983606, 0.5986195054945055]","[0.6317214108818817, 0.6450915835452664, 0.6981303808465309]","[0.3080825545532378, 0.336536399457228, 0.35881597905862533]","[0.5216918859649123, 0.5413212719298246, 0.5478336466165413]"
jl_gaussian_r2_s50,niah_multikey_3,0.5,10,0.9,1.0,-0.09999999999999998,"[-0.3, 0.0]",437,827,0.528415961305925,0.3,0.9,0,0,1794880.0,898003.0,0.0,898003.0,0.0,4604363.676589966,6144000.0,47450824.78325811,682811904.4673462,4604363.676589966,5694779.015968323,260574.0,260574.0,0.5003136699946514,0.5003136699946514,0.7494081504866481,0.7494081504866481,0.2636157419002018,0.0,1556160.0,815708.0,815708.0,192000.0,76728.0,76728.0,46720.0,5567.0,5567.0,0.0,0.0,0.1774764549769461,0.14517627919415227,0.0,0.5241800329015012,0.399625,0.11915667808219178,1034880.0,530477.0,0.0,530477.0,0.0,908505.2566604614,1024000.0,2134796.062800686,177769162.55615234,908505.2566604614,936373.9113082886,117766.0,117766.0,0.5125975958565244,0.5125975958565244,0.8872121647074819,0.8872121647074819,0.10958471520993396,0.0,996160.0,527565.0,527565.0,32000.0,2912.0,2912.0,6720.0,0.0,0.0,0.0,0.0,0.0272154830545187,0.113796768707483,0.0,0.5295986588499839,0.091,0.0,760000.0,367526.0,0.0,367526.0,0.0,3695858.4199295044,5120000.0,45316028.72045742,505042741.91119385,3695858.4199295044,4758405.104660034,142808.0,142808.0,0.48358684210526315,0.48358684210526315,0.7218473476424814,0.7218473476424814,0.299544848167061,0.0,560000.0,288143.0,288143.0,160000.0,73816.0,73816.0,40000.0,5567.0,5567.0,0.0,0.0,0.2075286493614316,0.18790526315789474,0.0,0.5145410714285714,0.46135,0.139175,"[0.7386746941682941, 0.7488579164121498, 0.7577900901139139]","[0.2534729912637177, 0.26075760630875644, 0.2802601257271675]","[0.47385184151785714, 0.49215785435267856, 0.5328944444444444]","[0.8754844494629651, 0.8879560833796859, 0.8954512936808169]","[0.09679309637188649, 0.1094442489342082, 0.12208657088026283]","[0.4736543120155039, 0.5038680959302325, 0.5668762019230769]","[0.7073918053992287, 0.7208809307611228, 0.7337650464887847]","[0.28516620937597903, 0.29635310817616073, 0.3201132292490679]","[0.4681831140350877, 0.48343201754385967, 0.4933700657894737]"
jl_gaussian_r2_s50,niah_multivalue,0.5,10,0.95,1.0,-0.050000000000000044,"[-0.15, 0.0]",543,900,0.6033333333333334,0.4,0.95,0,0,2278080.0,966069.0,0.0,966069.0,0.0,5883381.919579744,7741440.0,50436438.59705211,801968375.9276123,5883381.919579744,7200714.718097687,334743.0,334743.0,0.4240715865992415,0.4240715865992415,0.7599854703491526,0.7599854703491526,0.2507803965770656,0.0,1975680.0,864257.0,864257.0,241920.0,93206.0,93206.0,60480.0,8606.0,8606.0,0.0,0.0,0.17016637712337013,0.1469408449220396,0.0,0.43744786605118235,0.38527612433862435,0.14229497354497356,1320480.0,516624.0,0.0,516624.0,0.0,1152667.0056991577,1290240.0,2060315.3032688687,200697680.18896484,1152667.0056991577,1188569.6205291748,151974.0,151974.0,0.3912395492548164,0.3912395492548164,0.8933741053595903,0.8933741053595903,0.10132011355395684,0.0,1270080.0,508101.0,508101.0,40320.0,8502.0,8502.0,10080.0,21.0,21.0,0.0,0.0,0.02782630737693537,0.11508996728462377,0.0,0.40005432728647017,0.21086309523809524,0.0020833333333333333,957600.0,449445.0,0.0,449445.0,0.0,4730714.913880587,6451200.0,48376123.29378324,601270695.7386475,4730714.913880587,6012145.097568512,182769.0,182769.0,0.4693452380952381,0.4693452380952381,0.7333077433470652,0.7333077433470652,0.28364851368190536,0.0,705600.0,356156.0,356156.0,201600.0,84704.0,84704.0,50400.0,8585.0,8585.0,0.0,0.0,0.19863439107265707,0.19086152882205515,0.0,0.5047562358276644,0.4201587301587302,0.1703373015873016,"[0.7384120343328977, 0.7565162438179498, 0.7777187101834363]","[0.24233898304927382, 0.25216507284567347, 0.2666083543137049]","[0.3938027956556718, 0.4442224373156342, 0.4807129424778761]","[0.8691843940690159, 0.8846605857523779, 0.9071341999146071]","[0.09083114735138999, 0.10262277554799554, 0.11943811039068046]","[0.3347033310201249, 0.41707220101781173, 0.4743253816793893]","[0.7092631359266002, 0.7301279237044056, 0.7521366588991185]","[0.27502951350127525, 0.2856977310455799, 0.29967733647227784]","[0.4505962406015038, 0.4793795687134503, 0.4896201754385965]"
jl_gaussian_r2_s50,niah_multiquery,0.5,10,1.0,1.0,0.0,"[0.0, 0.0]",839,1078,0.7782931354359925,0.6,1.0,0,0,1641920.0,749096.0,0.0,749096.0,0.0,4348941.34226644,5775360.0,44998961.41811555,602741427.1652222,4348941.34226644,5331273.088108063,249469.0,249469.0,0.4562317287078542,0.4562317287078542,0.7530164946023175,0.7530164946023175,0.27323461914493113,0.0,1416320.0,677322.0,677322.0,180480.0,67374.0,67374.0,45120.0,4400.0,4400.0,0.0,0.0,0.17009013218944313,0.15193736601052427,0.0,0.47822667193854496,0.37330452127659575,0.0975177304964539,927520.0,406356.0,0.0,406356.0,0.0,866347.8841629028,962560.0,1516908.268781572,158531990.1118164,866347.8841629028,890886.8065872192,111633.0,111633.0,0.438110229429015,0.438110229429015,0.9000455910934413,0.9000455910934413,0.09781854611884294,0.0,889920.0,403223.0,403223.0,30080.0,3125.0,3125.0,7520.0,8.0,8.0,0.0,0.0,0.02549339513829414,0.12035643436260135,0.0,0.45310027867673497,0.10388962765957446,0.0010638297872340426,714400.0,342740.0,0.0,342740.0,0.0,3482593.4581035376,4812800.0,43482053.149333976,444209437.05340576,3482593.4581035376,4440386.2815208435,137836.0,137836.0,0.4797592385218365,0.4797592385218365,0.7236106753040927,0.7236106753040927,0.3128679891528375,0.0,526400.0,274099.0,274099.0,150400.0,64249.0,64249.0,37600.0,4392.0,4392.0,0.0,0.0,0.19900947959967294,0.19293952967525196,0.0,0.5207047872340426,0.4271875,0.11680851063829788,"[0.7381752121483804, 0.7557582852424498, 0.764278101236135]","[0.2472479192855851, 0.2769094593233685, 0.2918398470549165]","[0.44043215721558393, 0.45742476851851854, 0.4770432996207332]","[0.8936179650295526, 0.9008455763198435, 0.9070171297124276]","[0.09044336152386251, 0.09763580382612513, 0.10394745712212364]","[0.4094326823491683, 0.4362099690082645, 0.47980594379614566]","[0.7053184126415727, 0.7263608318274297, 0.7383930787476274]","[0.2816644192008269, 0.31788539780711067, 0.3341987827763854]","[0.4707993421052632, 0.48175164473684207, 0.4892059210526316]"
jl_gaussian_r2_s50,vt,0.5,10,0.4,0.0,0.4,"[0.1, 0.7]",196,300,0.6533333333333333,0.6,,6,0,1634400.0,982500.0,0.0,982500.0,0.0,4374090.255514264,5529600.0,31573830.205667894,628680613.7630615,4374090.255514264,5164040.955799103,179888.0,179888.0,0.6011380323054332,0.6011380323054332,0.79103194725012,0.79103194725012,0.22410347988569213,0.0,1418400.0,907562.0,907562.0,172800.0,70776.0,70776.0,43200.0,4162.0,4162.0,0.0,0.0,0.14285856124942828,0.11006363191385218,0.0,0.6398491257755217,0.40958333333333335,0.09634259259259259,950400.0,636180.0,0.0,636180.0,0.0,837963.9089279175,921600.0,1948018.9954284234,163256464.18310547,837963.9089279175,852447.9392700195,53059.0,53059.0,0.6693813131313131,0.6693813131313131,0.9092490331249105,0.9092490331249105,0.10923489626073069,0.0,914400.0,633446.0,633446.0,28800.0,2732.0,2732.0,7200.0,2.0,2.0,0.0,0.0,0.01571617875662115,0.05582807239057239,0.0,0.6927449693788277,0.0948611111111111,0.0002777777777777778,684000.0,346320.0,0.0,346320.0,0.0,3536126.3465863466,4608000.0,29625811.21023947,465424149.57995605,3536126.3465863466,4311593.016529083,126829.0,126829.0,0.5063157894736842,0.5063157894736842,0.7673885300751621,0.7673885300751621,0.25229617628481676,0.0,504000.0,274116.0,274116.0,144000.0,68044.0,68044.0,36000.0,4160.0,4160.0,0.0,0.0,0.16828703774798973,0.18542251461988304,0.0,0.5438809523809524,0.47252777777777777,0.11555555555555555,"[0.7643151706181703, 0.7942604784546469, 0.8182049585320443]","[0.21110232192007136, 0.22400502047813753, 0.23776112307593597]","[0.585460077092511, 0.5994520925110132, 0.6162147577092512]","[0.9026705163531005, 0.9099316159263253, 0.9130730286836625]","[0.10406091145907051, 0.10911633036690985, 0.11498407837883465]","[0.6522372159090909, 0.6639737215909092, 0.6873181029040404]","[0.7357989488726889, 0.7711356151349901, 0.7997021003991831]","[0.23574404629950035, 0.25275327009769366, 0.26860675992125327]","[0.47741184210526316, 0.5013870614035087, 0.5317490131578947]"
jl_gaussian_r2_s50,cwe,0.5,10,1.0,1.0,0.0,"[0.0, 0.0]",423,631,0.6703645007923931,0.0,1.0,0,0,3308960.0,1478745.0,0.0,1478745.0,0.0,8405160.378884763,11304960.0,80532221.7928322,1204330664.336914,8405160.378884763,10334984.631126404,492380.0,492380.0,0.44689116822203956,0.44689116822203956,0.7434931551181749,0.7434931551181749,0.2585901441697091,0.0,2867360.0,1318176.0,1318176.0,353280.0,147674.0,147674.0,88320.0,12895.0,12895.0,0.0,0.0,0.17070597792841738,0.1488020405202843,0.0,0.4597176496847274,0.4180083786231884,0.14600317028985507,1910560.0,793787.0,0.0,793787.0,0.0,1661903.638721466,1884160.0,3999232.1895695888,309475476.6538086,1661903.638721466,1709891.780822754,213821.0,213821.0,0.4154734737459174,0.4154734737459174,0.8820395501026803,0.8820395501026803,0.11367767679421086,0.0,1836960.0,788450.0,788450.0,58880.0,5334.0,5334.0,14720.0,3.0,3.0,0.0,0.0,0.02546925001129832,0.1119153546604137,0.0,0.42921457190140233,0.09059103260869565,0.00020380434782608695,1398400.0,684958.0,0.0,684958.0,0.0,6743256.740163296,9420800.0,76532989.60326262,894855187.6831055,6743256.740163296,8625092.85030365,278559.0,278559.0,0.4898155034324943,0.4898155034324943,0.7157838761212738,0.7157838761212738,0.29244753100051607,0.0,1030400.0,529726.0,529726.0,294400.0,142340.0,142340.0,73600.0,12892.0,12892.0,0.0,0.0,0.1997533235118412,0.1991983695652174,0.0,0.5140974378881987,0.48349184782608695,0.17516304347826087,"[0.7325577157798291, 0.7402002095653003, 0.7552048203481694]","[0.2428956218154419, 0.2569951571088797, 0.26989767116471297]","[0.43594601322964155, 0.44681443442974533, 0.45815098852040814]","[0.8771106768835868, 0.8817443170149315, 0.8856205052910373]","[0.11086270901889679, 0.11403169499732607, 0.11753310390878492]","[0.39761917138205305, 0.4184862664186515, 0.4296112956810631]","[0.7022095115452297, 0.7123989033184956, 0.7291808379229929]","[0.2735877352734735, 0.290064513794397, 0.30651130071910276]","[0.48206306933198384, 0.48942140507518794, 0.4969048872180451]"
jl_gaussian_r2_s50,fwe,0.5,10,1.0,1.0,0.0,"[0.0, 0.0]",291,349,0.833810888252149,0.3,1.0,0,0,1635840.0,859731.0,0.0,859731.0,0.0,4131104.1573471576,5652480.0,42196840.46196259,612810181.4244385,4131104.1573471576,5199124.063865662,239102.0,239102.0,0.525559345657277,0.525559345657277,0.7308480803730677,0.7308480803730677,0.2624079454098497,0.0,1415040.0,778186.0,778186.0,176640.0,78886.0,78886.0,44160.0,2659.0,2659.0,0.0,0.0,0.18894713586222403,0.14616466158059468,0.0,0.549939224332881,0.4465919384057971,0.06021286231884058,936640.0,502130.0,0.0,502130.0,0.0,833647.9319267273,942080.0,2165486.4209474176,162481015.17041016,833647.9319267273,856402.1444396973,103880.0,103880.0,0.53609711308507,0.53609711308507,0.8849014223067333,0.8849014223067333,0.11544534354287216,0.0,899840.0,499590.0,499590.0,29440.0,2538.0,2538.0,7360.0,2.0,2.0,0.0,0.0,0.024153163757823084,0.11090707208746156,0.0,0.5551987019914651,0.08620923913043478,0.0002717391304347826,699200.0,357601.0,0.0,357601.0,0.0,3297456.2254204303,4710400.0,40031354.04101517,450329166.2540283,3297456.2254204303,4342721.919425964,135222.0,135222.0,0.5114430778032036,0.5114430778032036,0.7000374119863345,0.7000374119863345,0.2981501981188376,0.0,515200.0,278596.0,278596.0,147200.0,76348.0,76348.0,36800.0,2657.0,2657.0,0.0,0.0,0.2219059302831042,0.19339530892448512,0.0,0.5407531055900621,0.5186684782608696,0.07220108695652173,"[0.7117679368859253, 0.7405556178585813, 0.7481110859235718]","[0.24556191524943555, 0.2585055865489555, 0.27910334242951906]","[0.5080627680102916, 0.5247020115057596, 0.5463083017676768]","[0.8772672998346389, 0.8833863043691963, 0.8935005549043417]","[0.11023742093432917, 0.11782745820761756, 0.11906290555401342]","[0.507894155982906, 0.5402755859757291, 0.5587023084263065]","[0.6774946612845475, 0.713019365377883, 0.7220072298752479]","[0.277615003720584, 0.29265936292326333, 0.3184371155011787]","[0.4992384868421052, 0.5107072368421053, 0.5273179824561404]"
jl_gaussian_r2_s50,qa_1,0.5,10,1.0,1.0,0.0,"[0.0, 0.0]",79,101,0.7821782178217822,0.5,1.0,0,0,995680.0,519454.0,0.0,519454.0,0.0,2465196.864422612,3563520.0,30807379.275842927,383419143.83203125,2465196.864422612,3220421.707714081,146854.0,146854.0,0.5217077775992287,0.5217077775992287,0.6917870152048008,0.6917870152048008,0.2834591504057983,0.0,856480.0,467939.0,467939.0,111360.0,48306.0,48306.0,27840.0,3209.0,3209.0,0.0,0.0,0.21193225891575435,0.14749116181905833,0.0,0.5463513450401644,0.4337823275862069,0.11526580459770115,554880.0,292727.0,0.0,292727.0,0.0,509958.97440338135,593920.0,1612211.3333831988,93012327.53076172,509958.97440338135,527750.7384262085,63325.0,63325.0,0.527550100922722,0.527550100922722,0.8586324326565553,0.8586324326565553,0.1316560220208091,0.0,531680.0,291008.0,291008.0,18560.0,1719.0,1719.0,4640.0,0.0,0.0,0.0,0.0,0.029956499230245064,0.11412377450980392,0.0,0.547336743906109,0.09261853448275863,0.0,440800.0,226727.0,0.0,226727.0,0.0,1955237.8900192305,2969600.0,29195167.94245973,290406816.30126953,1955237.8900192305,2692670.9692878723,83529.0,83529.0,0.514353448275862,0.514353448275862,0.65841793171445,0.65841793171445,0.31706776116975705,0.0,324800.0,176931.0,176931.0,92800.0,46587.0,46587.0,23200.0,3209.0,3209.0,0.0,0.0,0.2483274108528562,0.18949410163339384,0.0,0.5447383004926108,0.5020150862068965,0.13831896551724138,"[0.6835363547306936, 0.6956010407730597, 0.7005248219953502]","[0.2775681472875224, 0.2836861485594563, 0.29016487172560324]","[0.5068536924751244, 0.5218761819739243, 0.5377372060962308]","[0.8422089611925184, 0.8498288631439208, 0.8752337391674518]","[0.11877901394573492, 0.13639760590758793, 0.14434483231813366]","[0.5041549545384497, 0.5327676815868609, 0.5566736128198819]","[0.6469144257901263, 0.6625308115362714, 0.6720777629798977]","[0.3072374314119269, 0.31745326945820895, 0.3229338022286369]","[0.5050756578947369, 0.5118421052631579, 0.5270811403508772]"
jl_gaussian_r2_s50,qa_2,0.5,10,0.7,0.6,0.09999999999999998,"[0.0, 0.3]",95,119,0.7983193277310925,0.3,1.1666666666666667,0,0,1294720.0,673175.0,0.0,673175.0,0.0,3209580.235180199,4669440.0,43330557.13309682,500550938.7489624,3209580.235180199,4212277.032619476,190676.0,190676.0,0.5199386739990114,0.5199386739990114,0.6873587057934568,0.6873587057934568,0.29422054557225563,0.0,1112320.0,606943.0,606943.0,145920.0,62806.0,62806.0,36480.0,3426.0,3426.0,0.0,0.0,0.21473598492309082,0.14727199703410776,0.0,0.5456550273302647,0.43041392543859647,0.09391447368421052,717120.0,371444.0,0.0,371444.0,0.0,677417.4171829224,778240.0,1981675.7947319448,122430658.85888672,677417.4171829224,698314.2762756348,80928.0,80928.0,0.5179663096831771,0.5179663096831771,0.8704479558785495,0.8704479558785495,0.12722463366560416,0.0,686720.0,369882.0,369882.0,24320.0,1551.0,1551.0,6080.0,11.0,11.0,0.0,0.0,0.026851432839114415,0.11285140562248996,0.0,0.5386212721342032,0.06377467105263158,0.0018092105263157895,577600.0,301731.0,0.0,301731.0,0.0,2532162.817997277,3891200.0,41348881.33836488,378120279.8900757,2532162.817997277,3513962.7563438416,109748.0,109748.0,0.5223874653739612,0.5223874653739612,0.6507408557764384,0.6507408557764384,0.3306868284540205,0.0,425600.0,237061.0,237061.0,121600.0,61255.0,61255.0,30400.0,3415.0,3415.0,0.0,0.0,0.2523128953398861,0.19000692520775622,0.0,0.5570042293233083,0.5037417763157894,0.11233552631578947,"[0.6721508243514716, 0.6821914589700948, 0.7215112699909271]","[0.2719007093143725, 0.29373736980596576, 0.309226263898061]","[0.5077046236424304, 0.5161766460626488, 0.5396701640271494]","[0.8513784271106124, 0.8714198519630978, 0.8861846842896194]","[0.11122447139770476, 0.12520685431427925, 0.14083272735920868]","[0.5015344582680251, 0.519946596323265, 0.5585875877594627]","[0.6331065395611367, 0.6458702832230483, 0.6916335340570076]","[0.3084801115945048, 0.3300821334663405, 0.34647548800742817]","[0.5101184210526316, 0.5197598684210527, 0.5312828947368421]"
blasst_s75,niah_single_1,0.75,10,0.0,1.0,-1.0,"[-1.0, -1.0]",30,291,0.10309278350515463,0.0,0.0,0,0,12868480.0,10647497.0,10647497.0,10647497.0,0.0,18099466.057172533,43745280.0,3870846207.889187,5819435264.202332,18099466.057172533,35859582.033462524,1137295.0,1137295.0,0.8274090646292336,0.8274090646292336,0.4137467186670775,0.4137467186670775,0.8155724326473345,0.0,11159680.0,9444177.0,9444177.0,1367040.0,1065753.0,1065753.0,341760.0,137567.0,137567.0,0.8274090646292336,0.0,0.4059893084760228,0.08837834771472622,0.0,0.8462766853529851,0.7796063026685394,0.4025251638576779,7457280.0,6537130.0,6537130.0,6537130.0,0.0,6143283.523933411,7290880.0,52238034.36773291,1438998213.8413086,6143283.523933411,6299671.729034424,193661.0,193661.0,0.8766105067799519,0.8766105067799519,0.8425983590366883,0.8425983590366883,0.1905299642436454,0.0,7172480.0,6459700.0,6459700.0,227840.0,74764.0,74764.0,56960.0,2666.0,2666.0,0.8766105067799519,0.0,0.02144983940224132,0.02596938830243735,0.0,0.9006229365575087,0.3281425561797753,0.04680477528089887,5411200.0,4110367.0,4110367.0,4110367.0,0.0,11956182.533239122,36454400.0,3818608173.5214534,4380437050.361023,11956182.533239122,29559910.3044281,943634.0,943634.0,0.7596035999408633,0.7596035999408633,0.32797639059315536,0.32797639059315536,0.9336709082899737,0.0,3987200.0,2984477.0,2984477.0,1139200.0,990989.0,990989.0,284800.0,134901.0,134901.0,0.7596035999408633,0.0,0.4828972022907791,0.1743853489059728,0.0,0.748514496388443,0.8698990519662921,0.4736692415730337,"[0.39910965847836416, 0.4167381819525179, 0.4217410156262049]","[0.7837263720081349, 0.8051753720743445, 0.8512451877606925]","[0.8210768259629404, 0.8260249585176991, 0.8360222384639696]","[0.8344951899865798, 0.8407074915241017, 0.8547100502584363]","[0.18180299827782995, 0.19299492071234736, 0.1961539916937985]","[0.8694757803588664, 0.8737033834287532, 0.8844865219465649]","[0.31150575040940554, 0.33199216369276613, 0.3376841351501993]","[0.901493466178261, 0.9243130290824825, 0.9747220204386103]","[0.7467514619883041, 0.7601687323778196, 0.7703507401315789]"
blasst_s75,niah_single_2,0.75,10,0.1,1.0,-0.9,"[-1.0, -0.7]",37,283,0.13074204946996468,0.0,0.1,0,0,16462080.0,11943150.0,11943150.0,11943150.0,0.0,21230008.38886507,56893440.0,4853234599.698309,6843262296.690704,21230008.38886507,43184556.10156822,1940386.0,1940386.0,0.7254945912059716,0.7254945912059716,0.3731538888994068,0.3731538888994068,0.8421395217008738,0.0,14239680.0,10332256.0,10332256.0,1777920.0,1372396.0,1372396.0,444480.0,238498.0,238498.0,0.7254945912059716,0.0,0.3858889128993282,0.11787003829406734,0.0,0.7255960808108047,0.7719109971202304,0.5365775737940964,9424480.0,6631634.0,6631634.0,6631634.0,0.0,7466953.229930878,9482240.0,87411424.40788138,1512313465.6079102,7466953.229930878,7726921.18180275,659371.0,659371.0,0.7036604672088009,0.7036604672088009,0.7874672260911849,0.7874672260911849,0.24041590142744068,0.0,9054080.0,6545120.0,6545120.0,296320.0,84225.0,84225.0,74080.0,2289.0,2289.0,0.7036604672088009,0.0,0.027416301619856906,0.0699636478617388,0.0,0.722891779175797,0.2842366360691145,0.03089902807775378,7037600.0,5311516.0,5311516.0,5311516.0,0.0,13763055.158934189,47411200.0,4765823175.290428,5330948831.082794,13763055.158934189,35457634.91976547,1281015.0,1281015.0,0.7547340002273503,0.7547340002273503,0.2902912214610512,0.2902912214610512,0.9455112605230958,0.0,5185600.0,3787136.0,3787136.0,1481600.0,1288171.0,1288171.0,370400.0,236209.0,236209.0,0.7547340002273503,0.0,0.45758343515522243,0.182024411731272,0.0,0.7303178031471768,0.8694458693304535,0.637713282937365,"[0.35994579325254716, 0.3751488672649035, 0.3849528277452724]","[0.7898961246111688, 0.8579427300993067, 0.8726010920179172]","[0.7151697893620944, 0.7267870099438576, 0.7363863154498524]","[0.7767188120963208, 0.7845729773369385, 0.8059732287738006]","[0.22816422293196292, 0.24282558122639242, 0.2510682529912278]","[0.6807034231870229, 0.7051941530869545, 0.7244478414216768]","[0.27659118948379247, 0.2911036720206408, 0.30350088727598434]","[0.88384438382902, 0.961292054032298, 0.9791534759032562]","[0.7443129111842105, 0.7561143092105262, 0.7630749725877193]"
blasst_s75,niah_single_3,0.75,10,0.0,1.0,-1.0,"[-1.0, -1.0]",23,547,0.04204753199268738,0.0,0.0,0,0,16705920.0,12079265.0,12079265.0,12079265.0,0.0,21276090.96409206,56770560.0,5146843006.545512,7073536101.308136,21276090.96409206,44104826.99809265,1960273.0,1960273.0,0.7230529656552886,0.7230529656552886,0.3747733149733253,0.3747733149733253,0.8530061717366461,0.0,14488320.0,10460724.0,10460724.0,1774080.0,1370313.0,1370313.0,443520.0,248228.0,248228.0,0.7230529656552886,0.0,0.4021227910029528,0.11734002078305175,0.0,0.7220108335542009,0.7724076704545455,0.5596771284271285,9683520.0,6770433.0,6770433.0,6770433.0,0.0,7622925.507535934,9461760.0,80277773.29452533,1590790413.2607422,7622925.507535934,7872713.828639984,693881.0,693881.0,0.699170652820462,0.699170652820462,0.8056561894970845,0.8056561894970845,0.22464211343892737,0.0,9313920.0,6675440.0,6675440.0,295680.0,91865.0,91865.0,73920.0,3128.0,3128.0,0.699170652820462,0.0,0.0263997735203651,0.07165586480949077,0.0,0.7167164845736275,0.31069061147186144,0.042316017316017314,7022400.0,5308832.0,5308832.0,5308832.0,0.0,13653165.456556125,47308800.0,5066565233.250987,5482745688.047394,13653165.456556125,36232113.16945267,1266392.0,1266392.0,0.7559854180906812,0.7559854180906812,0.2885967400685734,0.2885967400685734,0.9612974014193684,0.0,5174400.0,3785284.0,3785284.0,1478400.0,1278448.0,1278448.0,369600.0,245100.0,245100.0,0.7559854180906812,0.0,0.4772673944994703,0.1803360674413306,0.0,0.7315406617192332,0.8647510822510822,0.6631493506493507,"[0.362694745966885, 0.37207056263902843, 0.3853007782895081]","[0.8324489225182851, 0.8559880498329312, 0.8716804759588165]","[0.7129337781157817, 0.7253154383296461, 0.7317624216445427]","[0.7806269741562816, 0.8064289097257036, 0.819606107371898]","[0.21224227966754314, 0.22195003997912055, 0.2495930695399304]","[0.6801179826653944, 0.7006092954834606, 0.7184723282442748]","[0.27735752260317686, 0.28624646002979504, 0.3009483865670179]","[0.9381071111837762, 0.9640593391658465, 0.9803421301242934]","[0.7483412828947369, 0.757881716008772, 0.7621146655701755]"
blasst_s75,niah_multikey_1,0.75,10,0.0,1.0,-1.0,"[-1.0, -1.0]",30,287,0.10452961672473868,0.0,0.0,0,0,11866560.0,8486627.0,8486627.0,8486627.0,0.0,15484442.57212511,40673280.0,3215378292.07277,4890601807.056946,15484442.57212511,31667717.66506195,1430519.0,1430519.0,0.7151716251382035,0.7151716251382035,0.3807030702250989,0.3807030702250989,0.8108394785914865,0.0,10277760.0,7338390.0,7338390.0,1271040.0,981374.0,981374.0,317760.0,166863.0,166863.0,0.7151716251382035,0.0,0.39788468235010405,0.12055043753202276,0.0,0.7140067485522137,0.7721031596173212,0.5251227341389728,6835360.0,4736520.0,4736520.0,4736520.0,0.0,5361958.386133194,6778880.0,60993037.85322439,1087997204.5498047,5361958.386133194,5540497.997587204,487520.0,487520.0,0.6929437513166826,0.6929437513166826,0.7909799828486703,0.7909799828486703,0.23676976469990926,0.0,6570560.0,4670087.0,4670087.0,211840.0,64434.0,64434.0,52960.0,1999.0,1999.0,0.6929437513166826,0.0,0.026337626784072,0.07132323681561761,0.0,0.7107593568889106,0.30416351963746224,0.03774546827794562,5031200.0,3750107.0,3750107.0,3750107.0,0.0,10122484.185991917,33894400.0,3154385254.219546,3802604602.507141,10122484.185991917,26127219.667474747,942999.0,942999.0,0.7453702893941803,0.7453702893941803,0.29864768770038463,0.29864768770038463,0.9107869140996138,0.0,3707200.0,2668303.0,2668303.0,1059200.0,916940.0,916940.0,264800.0,164864.0,164864.0,0.7453702893941803,0.0,0.4721940934633105,0.18743023533153125,0.0,0.7197623543375054,0.865691087613293,0.6225981873111782,"[0.37214601194814695, 0.3787736222694943, 0.390189816251948]","[0.7932574679282683, 0.7962089615548406, 0.8332169186764534]","[0.7022415883112094, 0.7133361863084507, 0.733253628741089]","[0.770018389001618, 0.790541062210859, 0.8147052696289029]","[0.2173711180514749, 0.23603424035440068, 0.2589909167959873]","[0.6698425307463952, 0.6877993466391009, 0.7273366616919542]","[0.2861569844381972, 0.29791863259632, 0.3060590290638328]","[0.8876087028905111, 0.8933686984511419, 0.9397368671935707]","[0.7374330378898636, 0.7435064875730995, 0.757460115131579]"
blasst_s75,niah_multikey_2,0.75,10,0.0,1.0,-1.0,"[-1.0, -1.0]",26,289,0.08996539792387544,0.0,0.0,0,0,11708960.0,9178512.0,9178512.0,9178512.0,0.0,15423759.43793989,40550400.0,3322761734.8786755,5000600827.270569,15423759.43793989,31106715.93896103,1220760.0,1220760.0,0.7838878943988193,0.7838878943988193,0.38036022919477713,0.38036022919477713,0.8151518265550205,0.0,10124960.0,8060176.0,8060176.0,1267200.0,966795.0,966795.0,316800.0,151541.0,151541.0,0.7838878943988193,0.0,0.3867522022229408,0.10425861904046133,0.0,0.796069910399646,0.7629379734848485,0.4783491161616162,6692960.0,5358310.0,5358310.0,5358310.0,0.0,5402102.928930283,6758400.0,67115209.09052137,1178388681.4511719,5402102.928930283,5557390.139921188,340420.0,340420.0,0.8005889770744185,0.8005889770744185,0.7993168396262847,0.7993168396262847,0.23865261231465448,0.0,6428960.0,5304014.0,5304014.0,211200.0,52581.0,52581.0,52800.0,1715.0,1715.0,0.8005889770744185,0.0,0.02297691923989491,0.050862398699529056,0.0,0.8250189766307459,0.24896306818181818,0.032481060606060604,5016000.0,3820202.0,3820202.0,3820202.0,0.0,10021656.509009607,33792000.0,3255646525.788154,3822212145.819397,10021656.509009607,25549325.79903984,880340.0,880340.0,0.76160326953748,0.76160326953748,0.2965689071084756,0.2965689071084756,0.9229139894339143,0.0,3696000.0,2756162.0,2756162.0,1056000.0,914214.0,914214.0,264000.0,149826.0,149826.0,0.76160326953748,0.0,0.45950725881955,0.17550637958532694,0.0,0.7457148268398268,0.8657329545454545,0.5675227272727272,"[0.3737102416454147, 0.38141644040145006, 0.3888293649581165]","[0.7961614990739757, 0.8123331599710621, 0.8433843546768182]","[0.7737678467365967, 0.7819522569444444, 0.7944160088158686]","[0.7918239875731876, 0.802027968809566, 0.8073697746838802]","[0.22844580596017747, 0.23657269745179338, 0.24508854113424403]","[0.7810316496480618, 0.8047952222602572, 0.8161105473675914]","[0.2868275550969824, 0.2981484037262213, 0.30770340439747806]","[0.8993022432244072, 0.9193007374013098, 0.956925015450628]","[0.748644437799043, 0.7592879037081339, 0.7725841291145925]"
blasst_s75,niah_multikey_3,0.75,10,0.0,1.0,-1.0,"[-1.0, -1.0]",25,827,0.030229746070133012,0.0,0.0,0,0,16624640.0,12732616.0,12732616.0,12732616.0,0.0,20599110.6159384,56893440.0,5435149260.818596,7328236011.386841,20599110.6159384,44109892.43925476,1820754.0,1820754.0,0.7658882237449954,0.7658882237449954,0.3620647761137031,0.3620647761137031,0.8612039513775757,0.0,14409920.0,11091139.0,11091139.0,1777920.0,1354854.0,1354854.0,436800.0,286623.0,286623.0,0.7658882237449954,0.0,0.41324240234579523,0.10952140918540192,0.0,0.7696877567675601,0.7620444114470842,0.6561881868131868,9587040.0,7415823.0,7415823.0,7415823.0,0.0,7696278.423101425,9482240.0,88162846.37168477,1701223089.2822266,7696278.423101425,7914395.107637405,526353.0,526353.0,0.7735258223601863,0.7735258223601863,0.8116519327818559,0.8116519327818559,0.2276471236693756,0.0,9224320.0,7339427.0,7339427.0,296320.0,73714.0,73714.0,66400.0,2682.0,2682.0,0.7735258223601863,0.0,0.023002653859845377,0.05490255595053322,0.0,0.795660493131201,0.24876484881209504,0.04039156626506024,7037600.0,5316793.0,5316793.0,5316793.0,0.0,12902832.192836974,47411200.0,5346986414.446912,5627012922.104614,12902832.192836974,36195497.331617355,1294401.0,1294401.0,0.7554838297146754,0.7554838297146754,0.2721473447800725,0.2721473447800725,0.9748001426863853,0.0,5185600.0,3751712.0,3751712.0,1481600.0,1281140.0,1281140.0,370400.0,283941.0,283941.0,0.7554838297146754,0.0,0.4912903520429852,0.18392648061839265,0.0,0.7234865782165998,0.864700323974082,0.766579373650108,"[0.3520605851730213, 0.36600084747326594, 0.36885644885488367]","[0.8449153778652349, 0.8631652096183804, 0.8808100935760267]","[0.7587737650876323, 0.7654775933159723, 0.7720694323020006]","[0.804202893897503, 0.8144621090158277, 0.8203448106146728]","[0.21790202349215412, 0.2258888373808233, 0.23871426379509225]","[0.7663676883012821, 0.7731584100452196, 0.7810565812276387]","[0.2599713533651857, 0.2761513837988405, 0.2790626776292559]","[0.9538460050037472, 0.9807137299413674, 0.9949745699492744]","[0.7438045637026033, 0.7582846765350877, 0.7677938596491228]"
blasst_s75,niah_multivalue,0.75,10,0.0,1.0,-1.0,"[-1.0, -1.0]",22,830,0.02650602409638554,0.0,0.0,0,0,15657280.0,11095712.0,11095712.0,11095712.0,0.0,20851438.726527285,53207040.0,4555450440.55792,6787884623.22699,20851438.726527285,42836496.615470886,1888378.0,1888378.0,0.7086615299720003,0.7086615299720003,0.3918924775091282,0.3918924775091282,0.8192160214197284,0.0,13578880.0,9607116.0,9607116.0,1662720.0,1252502.0,1252502.0,415680.0,236094.0,236094.0,0.7086615299720003,0.0,0.41319828896596394,0.12060702752968587,0.0,0.707504300796531,0.7532849788298691,0.5679705542725173,9075680.0,6201105.0,6201105.0,6201105.0,0.0,7315125.919586182,8867840.0,66724079.6414808,1608319968.6518555,7315125.919586182,7521098.118961334,647812.0,647812.0,0.6832661574669887,0.6832661574669887,0.8249050410907484,0.8249050410907484,0.2036831341306576,0.0,8729280.0,6115548.0,6115548.0,277120.0,82514.0,82514.0,69280.0,3043.0,3043.0,0.6832661574669887,0.0,0.02322687366654705,0.07137889392309997,0.0,0.7005787418893654,0.29775548498845267,0.04392321016166282,6581600.0,4894607.0,4894607.0,4894607.0,0.0,13536312.806941103,44339200.0,4488726360.916439,5179564654.575134,13536312.806941103,35315398.49650955,1240566.0,1240566.0,0.7436804120578583,0.7436804120578583,0.3052899647928042,0.3052899647928042,0.9309255203901172,0.0,4849600.0,3491568.0,3491568.0,1385600.0,1169988.0,1169988.0,346400.0,233051.0,233051.0,0.7436804120578583,0.0,0.4911925720258473,0.18849003281876747,0.0,0.7199703068294292,0.8443908775981525,0.6727800230946882,"[0.38469189575515994, 0.3903034738398814, 0.40153098260540127]","[0.8004935310203517, 0.8191153874182505, 0.8479694858271007]","[0.6929928903945428, 0.7098559971554994, 0.7212283370206489]","[0.8123024536611047, 0.8317894725129009, 0.841426253011051]","[0.18745316343045504, 0.19838077006342786, 0.2160901407340491]","[0.658589475986005, 0.6856778217011996, 0.7022741730279899]","[0.29868173773328704, 0.30530902980492575, 0.3137362965788549]","[0.9096237067739182, 0.9308749723573098, 0.9607159641826808]","[0.7358798754699248, 0.742068941885965, 0.7527586231203007]"
blasst_s75,niah_multiquery,0.75,10,0.025,1.0,-0.975,"[-1.0, -0.925]",28,1108,0.02527075812274368,0.0,0.025,2,0,16757760.0,12180907.0,12180907.0,12180907.0,0.0,22626398.12581871,58982400.0,5057932515.467543,7539253513.270782,22626398.12581871,45781101.471131325,1894853.0,1894853.0,0.7268815760578979,0.7268815760578979,0.3836127069400145,0.3836127069400145,0.8190724940061287,0.0,14453760.0,10522240.0,10522240.0,1843200.0,1375838.0,1375838.0,460800.0,282829.0,282829.0,0.7268815760578979,0.0,0.39256970461209806,0.11307316729682249,0.0,0.727993269571378,0.7464398871527778,0.6137782118055556,9461760.0,6615445.0,6615445.0,6615445.0,0.0,8104053.57438755,9830400.0,77794740.85853916,1802552484.7163086,8104053.57438755,8341544.980055809,627566.0,627566.0,0.6991770030100108,0.6991770030100108,0.8243869602851919,0.8243869602851919,0.2077452773460295,0.0,9077760.0,6531982.0,6531982.0,307200.0,79965.0,79965.0,76800.0,3498.0,3498.0,0.6991770030100108,0.0,0.024158875088323838,0.06632656080898268,0.0,0.7195587898336153,0.260302734375,0.045546875,7296000.0,5565462.0,5565462.0,5565462.0,0.0,14522344.55143116,49152000.0,4980137774.609003,5736701028.554474,14522344.55143116,37439556.491075516,1267287.0,1267287.0,0.7628100328947368,0.7628100328947368,0.29545785627097904,0.29545785627097904,0.9317289082494357,0.0,5376000.0,3990258.0,3990258.0,1536000.0,1295873.0,1295873.0,384000.0,279331.0,279331.0,0.7628100328947368,0.0,0.4662518705168529,0.17369613486842106,0.0,0.7422354910714286,0.8436673177083334,0.7274244791666666,"[0.37882518786474134, 0.38502076455863377, 0.3900676357731832]","[0.797187776558563, 0.8175448950231227, 0.8355750885507811]","[0.7016927439108315, 0.7296322141608214, 0.7461663290895061]","[0.8094319962423954, 0.829436874788856, 0.8387733573436466]","[0.19474376257512915, 0.2038327587892827, 0.22303875274544688]","[0.6658747500268144, 0.7033476296120671, 0.7301481792355371]","[0.28839509828818904, 0.29767855507163365, 0.30302669918376113]","[0.8979081414823403, 0.9339789726312266, 0.954475795979538]","[0.7459370888157895, 0.7660553728070175, 0.7713593750000001]"
blasst_s75,vt,0.75,10,0.1,0.0,0.1,"[0.0, 0.3]",29,300,0.09666666666666666,0.0,,0,0,11513440.0,9122573.0,9122573.0,9122573.0,0.0,17340157.18789317,38952960.0,3535009602.073702,5284064799.732056,17340157.18789317,33605706.952913284,1102804.0,1102804.0,0.7923412116621965,0.7923412116621965,0.44515634210835764,0.44515634210835764,0.8179207602597725,0.0,9991840.0,8099786.0,8099786.0,1217280.0,899774.0,899774.0,304320.0,123013.0,123013.0,0.7923412116621965,0.0,0.417569031083135,0.09578405758834892,0.0,0.8106400823071627,0.7391676524710831,0.40422252891692956,6695040.0,5575352.0,5575352.0,5575352.0,0.0,5568156.428113937,6492160.0,39110518.61059596,1292094686.2231445,5568156.428113937,5701700.508422852,218053.0,218053.0,0.8327585794857089,0.8327585794857089,0.8576739371971636,0.8576739371971636,0.1739801164434675,0.0,6441440.0,5529046.0,5529046.0,202880.0,44386.0,44386.0,50720.0,1920.0,1920.0,0.8327585794857089,0.0,0.020570053773923347,0.0325693349106204,0.0,0.8583555850865645,0.2187795741324921,0.03785488958990536,4818400.0,3547221.0,3547221.0,3547221.0,0.0,11772000.759779233,32460800.0,3495899083.463106,3991970113.508911,11772000.759779233,27904006.444490433,884751.0,884751.0,0.736182342686369,0.736182342686369,0.36265282309059643,0.36265282309059643,0.9358059518777889,0.0,3550400.0,2570740.0,2570740.0,1014400.0,855388.0,855388.0,253600.0,121093.0,121093.0,0.736182342686369,0.0,0.4969688265449773,0.18361925120371908,0.0,0.7240705272645336,0.8432452681388013,0.47749605678233437,"[0.41844596039519794, 0.43860847809359443, 0.4764749053758051]","[0.7865688646369423, 0.8386729889442877, 0.8786327808367006]","[0.7798493024963289, 0.7905363780286344, 0.8052520219385213]","[0.8381022898014635, 0.8550952969274173, 0.8766345641583515]","[0.16148104621803708, 0.1772577589046868, 0.1911821749188761]","[0.8131376262626263, 0.8316672585227273, 0.8467233332755912]","[0.3345146945139449, 0.3536312863954347, 0.3968783553142876]","[0.9052895689891078, 0.9557210337147957, 0.9988720241999163]","[0.7244277686403509, 0.7364983926435407, 0.7502857611739994]"
blasst_s75,cwe,0.75,10,0.0,1.0,-1.0,"[-1.0, -1.0]",17,675,0.025185185185185185,0.0,0.0,0,0,14446880.0,10619752.0,10619752.0,10619752.0,0.0,19020932.072218366,49397760.0,4607900109.540642,6554870022.451843,19020932.072218366,39176918.80660057,1636249.0,1636249.0,0.7350896525755042,0.7350896525755042,0.38505657082868466,0.38505657082868466,0.8384351666362608,0.0,12517280.0,9230905.0,9230905.0,1543680.0,1168583.0,1168583.0,385920.0,220264.0,220264.0,0.7350896525755042,0.0,0.4080344277631659,0.11325967959863999,0.0,0.7374529450487646,0.7570111681177446,0.5707504145936981,8336480.0,5994190.0,5994190.0,5994190.0,0.0,6734023.578275681,8232960.0,76659811.3541007,1551561117.2822266,6734023.578275681,6934330.758638382,536364.0,536364.0,0.7190312937834674,0.7190312937834674,0.8179346891367966,0.8179346891367966,0.2222795092932095,0.0,8014880.0,5930534.0,5930534.0,257280.0,60872.0,60872.0,64320.0,2784.0,2784.0,0.7190312937834674,0.0,0.024329910550118235,0.06433938544805481,0.0,0.739940460743018,0.23659825870646767,0.04328358208955224,6110400.0,4625562.0,4625562.0,4625562.0,0.0,12286908.493942687,41164800.0,4531240298.186541,5003308905.169617,12286908.493942687,32242588.04796219,1099885.0,1099885.0,0.7569982325216025,0.7569982325216025,0.2984809471670623,0.2984809471670623,0.951655777312371,0.0,4502400.0,3300371.0,3300371.0,1286400.0,1107711.0,1107711.0,321600.0,217480.0,217480.0,0.7569982325216025,0.0,0.48477533120577543,0.18000212752029326,0.0,0.7330248312011372,0.86109375,0.6762437810945273,"[0.37281221650876706, 0.39190940565803256, 0.3977346805679243]","[0.8149447058163968, 0.8435836264079168, 0.8675101040003439]","[0.7172871791294644, 0.7423127893518519, 0.7614686361270172]","[0.8090933575857627, 0.8190040964119059, 0.8353539881552227]","[0.20488793816743608, 0.22343770433280946, 0.23148848229225744]","[0.6869017640165548, 0.7305133213141026, 0.7560635800815312]","[0.28512935451130483, 0.3052700019949196, 0.3109877684783552]","[0.9132024289905961, 0.9610223151526267, 0.9875594561557066]","[0.7484343475877193, 0.7580291445035461, 0.767953904368765]"
blasst_s75,fwe,0.75,10,0.0,1.0,-1.0,"[-1.0, -1.0]",25,341,0.07331378299120235,0.0,0.0,0,0,16245760.0,12634824.0,12634824.0,12634824.0,0.0,23002671.22290572,56033280.0,5192718604.5238085,7419661357.125,23002671.22290572,45406624.53760719,1670916.0,1670916.0,0.7777305586196029,0.7777305586196029,0.4105180211279033,0.4105180211279033,0.8365759058262645,0.0,14056960.0,11102054.0,11102054.0,1751040.0,1327214.0,1327214.0,437760.0,205556.0,205556.0,0.7777305586196029,0.0,0.399832979877342,0.10285243657421998,0.0,0.7897905379256966,0.7579575566520468,0.46956323099415204,9314560.0,7404745.0,7404745.0,7404745.0,0.0,7634845.411482811,9338880.0,86848732.81797217,1827253707.3530273,7634845.411482811,7836093.543787003,452589.0,452589.0,0.7949645501236774,0.7949645501236774,0.8175333028674542,0.8175333028674542,0.21801296290701977,0.0,8949760.0,7332239.0,7332239.0,291840.0,69454.0,69454.0,72960.0,3052.0,3052.0,0.7949645501236774,0.0,0.0215494933336965,0.04858941270441116,0.0,0.8192665501644737,0.23798656798245615,0.04183114035087719,6931200.0,5230079.0,5230079.0,5230079.0,0.0,15367825.81142291,46694400.0,5105869871.705836,5592407649.771973,15367825.81142291,37570530.99382019,1218327.0,1218327.0,0.754570492843952,0.754570492843952,0.32911496477999314,0.32911496477999314,0.9555104927429926,0.0,5107200.0,3769815.0,3769815.0,1459200.0,1257760.0,1257760.0,364800.0,202504.0,202504.0,0.754570492843952,0.0,0.47548967718607116,0.17577432479224378,0.0,0.7381373355263158,0.8619517543859649,0.555109649122807,"[0.4044460552329936, 0.41083243994361707, 0.4166697228482949]","[0.7969629986563136, 0.8336804179211907, 0.8631487474821493]","[0.7660437407817109, 0.7819739517571549, 0.7878622914957616]","[0.8032395082809186, 0.8129833213267073, 0.8377114479446975]","[0.20374264388358584, 0.22037352083645367, 0.22972854267629783]","[0.7746781568066158, 0.7991677226197575, 0.8107729831498514]","[0.3196651359150377, 0.33073626720153604, 0.3371862285420746]","[0.90104720062849, 0.9554812233125062, 0.9862749730119152]","[0.7477277960526316, 0.7516970585430969, 0.7634789136302295]"
blasst_s75,qa_1,0.75,10,0.1,1.0,-0.9,"[-1.0, -0.7]",26,92,0.2826086956521739,0.0,0.1,0,0,16657920.0,12534210.0,12534210.0,12534210.0,0.0,21191489.59436305,58982400.0,5015058766.008053,7358613415.694122,21191489.59436305,45397864.50116348,1895702.0,1895702.0,0.752447484439834,0.752447484439834,0.3592849662672772,0.3592849662672772,0.8255436082929403,0.0,14353920.0,10860408.0,10860408.0,1843200.0,1443246.0,1443246.0,460800.0,230556.0,230556.0,0.752447484439834,0.0,0.41039996518962324,0.11380184320731519,0.0,0.7566161717495987,0.7830110677083333,0.5003385416666667,9361920.0,7025516.0,7025516.0,7025516.0,0.0,7550048.809944153,9830400.0,98949225.5442695,1566178701.0292969,7550048.809944153,7851169.523633957,577447.0,577447.0,0.7504353807765929,0.7504353807765929,0.7680306813501132,0.7680306813501132,0.2513538506965557,0.0,8977920.0,6926819.0,6926819.0,307200.0,95428.0,95428.0,76800.0,3269.0,3269.0,0.7504353807765929,0.0,0.030631583016947843,0.061680403165162705,0.0,0.7715393988808098,0.3106380208333333,0.042565104166666666,7296000.0,5508694.0,5508694.0,5508694.0,0.0,13641440.784418894,49152000.0,4916109540.463783,5792434714.664825,13641440.784418894,37546694.977529526,1318255.0,1318255.0,0.7550293311403509,0.7550293311403509,0.2775358232507099,0.2775358232507099,0.9212557293894672,0.0,5376000.0,3933589.0,3933589.0,1536000.0,1347818.0,1347818.0,384000.0,227287.0,227287.0,0.7550293311403509,0.0,0.48635364162415834,0.18068188048245615,0.0,0.7316943824404762,0.8774856770833334,0.5918932291666666,"[0.35071575794676474, 0.3605633524402424, 0.368561784120221]","[0.8058685426769532, 0.8168561551254112, 0.8594380215389321]","[0.7357316188262719, 0.7542088899276662, 0.7715767290728228]","[0.7525275830103784, 0.7661268459089721, 0.7802990832540673]","[0.2392399810539016, 0.2519471280074537, 0.26620044157356804]","[0.7183764782701818, 0.7560188157564508, 0.7782683873500187]","[0.26742556058684497, 0.28139791291785154, 0.2859308801027271]","[0.893310921868168, 0.9127866182293367, 0.9606901786686696]","[0.7473159265350877, 0.7553632127192982, 0.7625435855263158]"
blasst_s75,qa_2,0.75,10,0.1,0.6,-0.5,"[-0.8, -0.2]",30,111,0.2702702702702703,0.0,0.16666666666666669,0,0,14785920.0,11342727.0,11342727.0,11342727.0,0.0,19959402.841900233,53329920.0,4462346951.728029,6605080151.499786,19959402.841900233,41549168.6767025,1603504.0,1603504.0,0.7671302834047526,0.7671302834047526,0.3742627561020199,0.3742627561020199,0.8219447408376376,0.0,12702720.0,9864319.0,9864319.0,1666560.0,1284038.0,1284038.0,416640.0,194370.0,194370.0,0.7671302834047526,0.0,0.4048340187797444,0.10844803705146518,0.0,0.7765517149083031,0.7704721102150538,0.46651785714285715,8189120.0,6342602.0,6342602.0,6342602.0,0.0,6978276.543984413,8888320.0,90189103.18600655,1470517839.616211,6978276.543984413,7207269.647809982,426732.0,426732.0,0.774515698878512,0.774515698878512,0.7851063580051588,0.7851063580051588,0.2476520261355531,0.0,7841920.0,6267044.0,6267044.0,277760.0,73028.0,73028.0,69440.0,2530.0,2530.0,0.774515698878512,0.0,0.02576337303625085,0.052109628384979095,0.0,0.7991721415163633,0.2629176267281106,0.03643433179723502,6596800.0,5000125.0,5000125.0,5000125.0,0.0,12981126.29791582,44441600.0,4372157848.542023,5134562311.883575,12981126.29791582,34341899.02889252,1176772.0,1176772.0,0.7579621937909289,0.7579621937909289,0.29209403572139214,0.29209403572139214,0.922775811859723,0.0,4860800.0,3597275.0,3597275.0,1388800.0,1211010.0,1211010.0,347200.0,191840.0,191840.0,0.7579621937909289,0.0,0.4806481479284431,0.17838527771040505,0.0,0.7400582208689928,0.8719830069124423,0.5525345622119816,"[0.3612255245989237, 0.37510888144002014, 0.3878443699965494]","[0.8002371421615965, 0.8234339368729692, 0.8476792060973648]","[0.7563218681167401, 0.7678827765959357, 0.7830631232516216]","[0.7645200862335818, 0.7801531548398392, 0.8087925976780631]","[0.2312567791588675, 0.25265186490446045, 0.26857003032352716]","[0.754499392968143, 0.7760903569425539, 0.8037772281444704]","[0.2800995969939306, 0.2942524393469914, 0.3045933792445062]","[0.9019845596964788, 0.9228584686586336, 0.948627473189925]","[0.7495098684210527, 0.7584176260964912, 0.7662039473684211]"
mass_s75,niah_single_1,0.75,10,0.5,1.0,-0.5,"[-0.8, -0.2]",61,291,0.20962199312714777,0.1,0.5,0,0,12829760.0,10470259.0,10470259.0,10470259.0,0.0,18311353.232882172,43622400.0,2797078681.597862,5257111392.525391,18311353.232882172,35145875.034944534,1157728.0,1157728.0,0.8160915714713292,0.8160915714713292,0.4197695044949882,0.4197695044949882,0.7294218220655079,0.0,11125760.0,9237624.0,9237624.0,1363200.0,1090404.0,1090404.0,340800.0,142231.0,142231.0,0.8160915714713292,0.0,0.3859146173081344,0.09023769735365275,0.0,0.8302915036815463,0.7998855633802817,0.41734448356807513,7433760.0,6390829.0,6390829.0,6390829.0,0.0,6119241.793388367,7270400.0,40764221.63593228,1315355031.383789,6119241.793388367,6319640.612377167,201230.0,201230.0,0.8597034340629776,0.8597034340629776,0.8416650794163136,0.8416650794163136,0.17604272477396068,0.0,7149760.0,6291188.0,6291188.0,227200.0,98763.0,98763.0,56800.0,878.0,878.0,0.8597034340629776,0.0,0.02756365798151409,0.027069746669249477,0.0,0.879915969207358,0.4346963028169014,0.01545774647887324,5396000.0,4079430.0,4079430.0,4079430.0,0.0,12192111.439493805,36352000.0,2756314459.9619293,3941756361.1416016,12192111.439493805,28826234.422567368,956498.0,956498.0,0.7560100074128985,0.7560100074128985,0.3353903895107231,0.3353903895107231,0.836217964266208,0.0,3976000.0,2946436.0,2946436.0,1136000.0,991641.0,991641.0,284000.0,141353.0,141353.0,0.7560100074128985,0.0,0.45758480917345845,0.17726056338028168,0.0,0.7410553319919517,0.8729234154929577,0.4977218309859155,"[0.41387502806490417, 0.4211456642181297, 0.4307931902630817]","[0.7041398956409345, 0.730589802931829, 0.7690407017357078]","[0.8117628633542281, 0.8160569690265487, 0.8208372720568518]","[0.8320569819098131, 0.8416216285647049, 0.853919221413]","[0.16264340575273417, 0.1759854785932307, 0.18643040819204568]","[0.8552742326653944, 0.8609390676117775, 0.8654074228689568]","[0.3300007409474974, 0.33713363803718494, 0.3480731964841477]","[0.8073967758713715, 0.8381881458090186, 0.8803816545022222]","[0.7490844298245614, 0.7543816337719298, 0.76255493848257]"
mass_s75,niah_single_2,0.75,10,0.7,1.0,-0.30000000000000004,"[-0.6, 0.0]",126,283,0.4452296819787986,0.2,0.7,0,0,16582720.0,12021346.0,12021346.0,12021346.0,0.0,22203203.558814332,57384960.0,3210121689.4934664,6174457300.855164,22203203.558814332,43087521.25612259,2122408.0,2122408.0,0.7249320979911619,0.7249320979911619,0.38691677329415813,0.38691677329415813,0.7210433107493783,0.0,14341120.0,10395961.0,10395961.0,1793280.0,1405958.0,1405958.0,448320.0,219427.0,219427.0,0.7249320979911619,0.0,0.3639336456330763,0.1279891356785859,0.0,0.7249057953632632,0.7840147662384012,0.48944280870806567,9484320.0,6709303.0,6709303.0,6709303.0,0.0,7316961.382694244,9564160.0,69028445.52548765,1376520656.7094727,7316961.382694244,7695453.037876129,833940.0,833940.0,0.7074100199065405,0.7074100199065405,0.7650396252984313,0.7650396252984313,0.22393536256145913,0.0,9110720.0,6591965.0,6591965.0,298880.0,116780.0,116780.0,74720.0,558.0,558.0,0.7074100199065405,0.0,0.039573956853700146,0.08792828584442533,0.0,0.7235394129113835,0.39072537473233404,0.007467880085653105,7098400.0,5312043.0,5312043.0,5312043.0,0.0,14886242.176120088,47820800.0,3141093243.967979,4797936644.145691,14886242.176120088,35392068.21824646,1288468.0,1288468.0,0.7483437112588752,0.7483437112588752,0.3112922028933035,0.3112922028933035,0.8091204166167154,0.0,5230400.0,3803996.0,3803996.0,1494400.0,1289178.0,1289178.0,373600.0,218869.0,218869.0,0.7483437112588752,0.0,0.42880558338895153,0.1815152710469965,0.0,0.7272858672376874,0.8626726445396146,0.5858377944325481,"[0.37861998496593213, 0.38793559004212863, 0.39490794941826585]","[0.7054627726763293, 0.7263322630487201, 0.7339933000265216]","[0.7136755089236526, 0.7211217690842084, 0.7389138550884956]","[0.7506503589091265, 0.7635743002562474, 0.7785884379539044]","[0.21495266744184943, 0.22546213886248717, 0.2313953332186645]","[0.6866501216301039, 0.7021254429865471, 0.7324589495865139]","[0.30347421055382556, 0.31090462579131284, 0.3198377113733122]","[0.7897818142510765, 0.8148389352279558, 0.8224543030803997]","[0.7437793952967525, 0.7488144188596491, 0.7515278234649122]"
mass_s75,niah_single_3,0.75,10,0.6,1.0,-0.4,"[-0.7, -0.1]",92,547,0.16819012797074953,0.0,0.6,0,0,14861760.0,10839094.0,10839094.0,10839094.0,0.0,20547131.159777224,50503680.0,2876695887.133972,5454228217.877533,20547131.159777224,38764568.5509243,1898532.0,1898532.0,0.729327751221928,0.729327751221928,0.4068442370888067,0.4068442370888067,0.726240263988022,0.0,12888960.0,9400514.0,9400514.0,1578240.0,1237946.0,1237946.0,394560.0,200634.0,200634.0,0.729327751221928,0.0,0.36071504870827387,0.12774610813254958,0.0,0.7293462001588957,0.7843838706407137,0.5085006082725061,8614560.0,6165953.0,6165953.0,6165953.0,0.0,6465144.488391876,8417280.0,61742729.46285428,1235061102.1689453,6465144.488391876,6821037.80241394,787760.0,787760.0,0.7157594816218124,0.7157594816218124,0.7680800078400476,0.7680800078400476,0.22358810247193858,0.0,8285760.0,6037787.0,6037787.0,263040.0,127364.0,127364.0,65760.0,802.0,802.0,0.7157594816218124,0.0,0.042281273050446724,0.09144518118162738,0.0,0.7286944106515274,0.4842001216545012,0.012195863746958637,6247200.0,4673141.0,4673141.0,4673141.0,0.0,14081986.671385348,42086400.0,2814953157.6711183,4219167115.7085876,14081986.671385348,31943530.74851036,1110772.0,1110772.0,0.7480376808810347,0.7480376808810347,0.3345970829385585,0.3345970829385585,0.8168122124090167,0.0,4603200.0,3362727.0,3362727.0,1315200.0,1110582.0,1110582.0,328800.0,199832.0,199832.0,0.7480376808810347,0.0,0.42440180383983933,0.1778031758227686,0.0,0.7305194212721585,0.8444206204379562,0.6077615571776156,"[0.403232402800459, 0.4059538559369255, 0.41024327758688595]","[0.714912432443852, 0.729503688510627, 0.736152463780623]","[0.7157023509643132, 0.7267583886430677, 0.7465265486725664]","[0.7622491444306164, 0.7679037360183429, 0.775777947159983]","[0.2118317127726401, 0.2222135759048575, 0.23145792453887723]","[0.6997586500165948, 0.7111745586832061, 0.7434473401717557]","[0.32910872431769667, 0.33343851812704695, 0.34015183571348034]","[0.8017504758214142, 0.821565003340273, 0.8303467608781905]","[0.7382150016685736, 0.7507367050438596, 0.7520925164473684]"
mass_s75,niah_multikey_1,0.75,10,0.3,1.0,-0.7,"[-1.0, -0.4]",45,287,0.156794425087108,0.0,0.3,0,0,12575360.0,9065509.0,9065509.0,9065509.0,0.0,16874003.315624774,43130880.0,2463075010.3867817,4724277875.732361,16874003.315624774,33068603.386066437,1630199.0,1630199.0,0.7208945906916383,0.7208945906916383,0.39122789323159585,0.39122789323159585,0.7220563669377932,0.0,10890560.0,7825195.0,7825195.0,1347840.0,1072716.0,1072716.0,336960.0,167598.0,167598.0,0.7208945906916383,0.0,0.3754757628511559,0.1296343802483587,0.0,0.7185300847706637,0.795877849002849,0.49738247863247864,7240160.0,5099351.0,5099351.0,5099351.0,0.0,5484573.380519867,7188480.0,53185163.45560239,1048071922.8076172,5484573.380519867,5779335.564216614,647902.0,647902.0,0.7043146836533999,0.7043146836533999,0.7629670501301898,0.7629670501301898,0.22526810506874922,0.0,6959360.0,4997679.0,4997679.0,224640.0,100743.0,100743.0,56160.0,929.0,929.0,0.7043146836533999,0.0,0.04100479985987953,0.08948724890057679,0.0,0.7181233619183374,0.4484642094017094,0.01654202279202279,5335200.0,3966158.0,3966158.0,3966158.0,0.0,11389429.935104907,35942400.0,2409889846.931179,3676205952.9247437,11389429.935104907,27289267.821849823,982297.0,982297.0,0.7433944369470685,0.7433944369470685,0.31688006185187706,0.31688006185187706,0.8096525331659609,0.0,3931200.0,2827516.0,2827516.0,1123200.0,971973.0,971973.0,280800.0,166669.0,166669.0,0.7433944369470685,0.0,0.44236995544941116,0.18411624681361524,0.0,0.7192501017501017,0.8653605769230769,0.5935505698005697,"[0.3848919366148794, 0.39323949898352173, 0.3982015788603433]","[0.7128711324745608, 0.7234436418385572, 0.7448084175624419]","[0.7071869779096273, 0.7266494835509749, 0.7319272038801906]","[0.7536967331998436, 0.7618414201296102, 0.7744465296533114]","[0.2120330292166737, 0.22371919570518845, 0.23881959277556072]","[0.6734321436081845, 0.7086421252996656, 0.726567844428949]","[0.3105346164878632, 0.31973917789122314, 0.32358467112734973]","[0.7970737053192767, 0.812446396339503, 0.8370519303654261]","[0.7371108951355662, 0.7393957263585793, 0.7528899890350877]"
mass_s75,niah_multikey_2,0.75,10,0.1,1.0,-0.9,"[-1.0, -0.7]",38,289,0.1314878892733564,0.0,0.1,0,0,12593440.0,9920183.0,9920183.0,9920183.0,0.0,16983309.046261415,43376640.0,2656425767.4083047,4988065601.396179,16983309.046261415,33165070.398406982,1335203.0,1335203.0,0.7877262288937733,0.7877262288937733,0.3915312261683112,0.3915312261683112,0.7297645519737449,0.0,10899040.0,8708376.0,8708376.0,1355520.0,1053365.0,1053365.0,338880.0,158442.0,158442.0,0.7877262288937733,0.0,0.37305243910421754,0.10602369169980562,0.0,0.7990039489716525,0.7770929237488197,0.46754603399433425,7227840.0,5868481.0,5868481.0,5868481.0,0.0,5605060.368886948,7229440.0,65577848.22722182,1190799824.8564453,5605060.368886948,5840692.634296417,384216.0,384216.0,0.8119273531234781,0.8119273531234781,0.7753104485114958,0.7753104485114958,0.234670879016171,0.0,6945440.0,5792936.0,5792936.0,225920.0,75017.0,75017.0,56480.0,528.0,528.0,0.8119273531234781,0.0,0.03259343260466504,0.05315778987913401,0.0,0.8340632126978277,0.3320511685552408,0.009348441926345609,5365600.0,4051702.0,4051702.0,4051702.0,0.0,11378248.677374467,36147200.0,2590847919.181083,3797265776.539734,11378248.677374467,27324377.764110565,950987.0,950987.0,0.755125615029074,0.755125615029074,0.3147753816996743,0.3147753816996743,0.8260103001702906,0.0,3953600.0,2915440.0,2915440.0,1129600.0,978348.0,978348.0,282400.0,157914.0,157914.0,0.755125615029074,0.0,0.4411442404041281,0.17723777396749665,0.0,0.7374140024281667,0.8661012747875354,0.559185552407932,"[0.3860666532415392, 0.39116772904048414, 0.3960067270818526]","[0.7044405105811984, 0.7196842205088154, 0.7595141906705916]","[0.7824366319444445, 0.7882845980755321, 0.7939805171530978]","[0.7706570121642667, 0.7737633094579602, 0.7823205016864951]","[0.2217971309565116, 0.2310363735808062, 0.24635649107523314]","[0.8067081522171011, 0.8125282829576503, 0.8189629790177946]","[0.3088914120920422, 0.31467352335815374, 0.319739639896147]","[0.798535937651993, 0.8178451693180047, 0.8612034574329851]","[0.7468788708030853, 0.7548770363408521, 0.7674452668128655]"
mass_s75,niah_multikey_3,0.75,10,0.0,1.0,-1.0,"[-1.0, -1.0]",30,827,0.036275695284159616,0.0,0.0,0,0,9652640.0,7474425.0,7474425.0,7474425.0,0.0,13111209.9473233,33054720.0,2121558371.999955,3884311459.8234863,13111209.9473233,25563133.382692337,1086153.0,1086153.0,0.7743399733130004,0.7743399733130004,0.39665167175287824,0.39665167175287824,0.7390442963040466,0.0,8366080.0,6534114.0,6534114.0,1032960.0,791038.0,791038.0,253600.0,149273.0,149273.0,0.7743399733130004,0.0,0.376706365546858,0.11252393127683204,0.0,0.781024565865973,0.765797320322181,0.5886159305993691,5563840.0,4429010.0,4429010.0,4429010.0,0.0,4284683.828964233,5509120.0,44484342.86570577,929173292.3618164,4284683.828964233,4501049.208999634,333461.0,333461.0,0.7960347529763616,0.7960347529763616,0.7777437828481197,0.7777437828481197,0.2188039866320824,0.0,5353280.0,4364608.0,4364608.0,172160.0,63791.0,63791.0,38400.0,611.0,611.0,0.7960347529763616,0.0,0.0392740365131637,0.05993360700523379,0.0,0.8153147229362185,0.3705332249070632,0.015911458333333333,4088800.0,3045415.0,3045415.0,3045415.0,0.0,8826526.118359067,27545600.0,2077074029.134249,2955138167.46167,8826526.118359067,21062084.173692703,752692.0,752692.0,0.7448187732342008,0.7448187732342008,0.32043324953382996,0.32043324953382996,0.8383726310813933,0.0,3012800.0,2169506.0,2169506.0,860800.0,727247.0,727247.0,215200.0,148662.0,148662.0,0.7448187732342008,0.0,0.44419283135359683,0.1840862844844453,0.0,0.7200962559745088,0.8448501394052045,0.6908085501858736,"[0.38427949533038436, 0.3933971766493676, 0.4011181131965806]","[0.720184440331474, 0.7434792318492421, 0.7709964235035806]","[0.7668274263302851, 0.7756449481732348, 0.7843865079365079]","[0.7554834592469658, 0.7775876841726632, 0.783988443926823]","[0.21365936605221783, 0.22022712618322876, 0.24273125455008313]","[0.7851307199779471, 0.7973811470445736, 0.812336406689241]","[0.30824980623592674, 0.3152331758034652, 0.32598754113129824]","[0.8190690011152104, 0.8431744068778065, 0.8681579351830252]","[0.7383518233588002, 0.7464309210526316, 0.7565804543686804]"
mass_s75,niah_multivalue,0.75,10,0.4,1.0,-0.6,"[-0.825, -0.375]",93,830,0.11204819277108434,0.0,0.4,0,0,17356800.0,12403526.0,12403526.0,12403526.0,0.0,24311417.78385134,58982400.0,3561285518.6162834,6850353135.344299,24311417.78385134,46978716.295778275,2303859.0,2303859.0,0.7146205521755162,0.7146205521755162,0.4121808841934431,0.4121808841934431,0.7210193447838515,0.0,15052800.0,10732657.0,10732657.0,1843200.0,1415145.0,1415145.0,460800.0,255724.0,255724.0,0.7146205521755162,0.0,0.3843061406780147,0.13273523921460176,0.0,0.7130007041879252,0.7677652994791667,0.5549565972222222,10060800.0,7003156.0,7003156.0,7003156.0,0.0,7732695.193857193,9830400.0,62182722.798316866,1630327910.2592773,7732695.193857193,8175361.738147736,954951.0,954951.0,0.6960834128498727,0.6960834128498727,0.7866104323178297,0.7866104323178297,0.19529781551696165,0.0,9676800.0,6861027.0,6861027.0,307200.0,140504.0,140504.0,76800.0,1625.0,1625.0,0.6960834128498727,0.0,0.045030369495701356,0.0949179985687023,0.0,0.7090181671626984,0.4573697916666667,0.021158854166666668,7296000.0,5400370.0,5400370.0,5400370.0,0.0,16578722.589994147,49152000.0,3499102795.8179665,5220025225.085022,16578722.589994147,38803354.55763054,1348908.0,1348908.0,0.7401822916666667,0.7401822916666667,0.33729497456856583,0.33729497456856583,0.8187325368105325,0.0,5376000.0,3871630.0,3871630.0,1536000.0,1274641.0,1274641.0,384000.0,254099.0,254099.0,0.7401822916666667,0.0,0.4521612949144774,0.18488322368421053,0.0,0.7201692708333334,0.8298444010416667,0.6617161458333334,"[0.40749285454171263, 0.41327380712709527, 0.41649031315354074]","[0.7024624884167853, 0.7254169447426511, 0.7313476122972948]","[0.7053057015117994, 0.7125495483038349, 0.7264743501106194]","[0.7808434140057459, 0.7879312564774106, 0.7943355733536495]","[0.18609782934610136, 0.19601979317424623, 0.20560036844759924]","[0.6845157442748092, 0.6940223441475827, 0.7148394759860052]","[0.3323730263742491, 0.33749960510436416, 0.3426431124862817]","[0.7960134829435948, 0.8250420413385683, 0.8294809076280942]","[0.7334747807017543, 0.7402062774122806, 0.7471366502192983]"
mass_s75,niah_multiquery,0.75,10,0.025,1.0,-0.975,"[-1.0, -0.925]",81,1086,0.07458563535911603,0.0,0.025,0,0,15962240.0,11497666.0,11497666.0,11497666.0,0.0,23655479.389841326,56279040.0,3151884927.741822,6544014547.267456,23655479.389841326,44141171.77843857,2023764.0,2023764.0,0.7203040425403954,0.7203040425403954,0.4203248561070218,0.4203248561070218,0.6940057179910826,0.0,13763840.0,9960599.0,9960599.0,1758720.0,1296450.0,1296450.0,439680.0,240617.0,240617.0,0.7203040425403954,0.0,0.3640021647241538,0.1267844613287358,0.0,0.7236787844090021,0.7371554312227074,0.5472548216885007,9000640.0,6270803.0,6270803.0,6270803.0,0.0,7620521.552951813,9379840.0,48259247.89954025,1637266891.2197266,7620521.552951813,8041112.298549652,808600.0,808600.0,0.6967063453265545,0.6967063453265545,0.8124361985867363,0.8124361985867363,0.17168428132869154,0.0,8634240.0,6169122.0,6169122.0,293120.0,100356.0,100356.0,73280.0,1325.0,1325.0,0.6967063453265545,0.0,0.044839863536887556,0.08983805596046503,0.0,0.7144950800533689,0.3423717248908297,0.018081331877729256,6961600.0,5226863.0,5226863.0,5226863.0,0.0,16034957.836889513,46899200.0,3103625679.8422813,4906747656.0477295,16034957.836889513,36100059.479888916,1215164.0,1215164.0,0.7508134624224316,0.7508134624224316,0.34190258761107895,0.34190258761107895,0.7953124965550078,0.0,5129600.0,3791477.0,3791477.0,1465600.0,1196094.0,1196094.0,366400.0,239292.0,239292.0,0.7508134624224316,0.0,0.42783462496160707,0.1745524017467249,0.0,0.7391369697442296,0.816112172489083,0.653089519650655,"[0.40402810008187146, 0.4230050734370454, 0.4310871514448829]","[0.6740703710944123, 0.6958289864843978, 0.7100196583044414]","[0.7060467544922875, 0.7203486689814815, 0.729810775945216]","[0.7950207390150844, 0.8128253384920148, 0.8287698121970364]","[0.15834145113790205, 0.17086293017777435, 0.18997671183186804]","[0.678039472830014, 0.6958737487645363, 0.7139510016802757]","[0.3258295722952289, 0.34444543089058544, 0.3524815177955825]","[0.7775273052362116, 0.7935600758194217, 0.8165808592458274]","[0.739280975877193, 0.7522944078947369, 0.7577717927631579]"
mass_s75,vt,0.75,10,0.04,0.0,0.04,"[0.0, 0.12000000000000002]",26,300,0.08666666666666667,0.0,,1,0,13474720.0,10670879.0,10670879.0,10670879.0,0.0,19723255.398789182,45588480.0,3310090159.5205464,5830667898.452454,19723255.398789182,38900620.845386505,1301664.0,1301664.0,0.7919184220525547,0.7919184220525547,0.4326368284002709,0.4326368284002709,0.7534609671614195,0.0,11693920.0,9418311.0,9418311.0,1424640.0,1115014.0,1115014.0,356160.0,137554.0,137554.0,0.7919184220525547,0.0,0.42066253243357365,0.09660044884049539,0.0,0.805402380040226,0.7826636904761904,0.38621406109613654,7835520.0,6482195.0,6482195.0,6482195.0,0.0,6350914.576969147,7598080.0,36382379.094098836,1423976973.3510742,6350914.576969147,6670576.687492371,272871.0,272871.0,0.8272833200604427,0.8272833200604427,0.8358578189449369,0.8358578189449369,0.15984316273210952,0.0,7538720.0,6387595.0,6387595.0,237440.0,93677.0,93677.0,59360.0,923.0,923.0,0.8272833200604427,0.0,0.042071432588657115,0.03482487441803479,0.0,0.8473049801557824,0.39452914420485174,0.015549191374663074,5639200.0,4188684.0,4188684.0,4188684.0,0.0,13372340.821820036,37990400.0,3273707780.426448,4406690925.101379,13372340.821820036,32230044.157894135,1028793.0,1028793.0,0.7427798269258051,0.7427798269258051,0.3519926302913377,0.3519926302913377,0.8619134536481862,0.0,4155200.0,3030716.0,3030716.0,1187200.0,1021337.0,1021337.0,296800.0,136631.0,136631.0,0.7427798269258051,0.0,0.4963807524025569,0.18243598382749326,0.0,0.7293790912591451,0.8602905997304582,0.4603470350404313,"[0.4233674869135965, 0.43022696411154715, 0.44006527007508883]","[0.7279228125025403, 0.7522819605906756, 0.7913686988315258]","[0.7883673257248129, 0.7906820736967695, 0.7997383259911894]","[0.8221071052330433, 0.834830630659475, 0.8437705605480975]","[0.1501441294847896, 0.16202986420776005, 0.1693782880990083]","[0.8198845288825758, 0.8257343947285354, 0.8363094223484848]","[0.3430120151807546, 0.3494473130452641, 0.35792514493993005]","[0.8332032338416854, 0.858182762459617, 0.9053515437445147]","[0.7358899561403509, 0.740655091208134, 0.7505439555921053]"
mass_s75,cwe,0.75,10,0.0,1.0,-1.0,"[-1.0, -1.0]",37,688,0.05377906976744186,0.0,0.0,1,0,15932800.0,12205828.0,12205828.0,12205828.0,0.0,22622290.446069688,54435840.0,3796351900.3145947,6803113612.315247,22622290.446069688,43647695.53546333,1928901.0,1928901.0,0.7660817935328379,0.7660817935328379,0.4155771353224215,0.4155771353224215,0.7470150804121302,0.0,13806400.0,10698508.0,10698508.0,1701120.0,1270302.0,1270302.0,425280.0,237018.0,237018.0,0.7660817935328379,0.0,0.3862419517985512,0.12106478459530026,0.0,0.7748948313825472,0.7467444977426636,0.5573222347629797,9199200.0,7161086.0,7161086.0,7161086.0,0.0,6939677.764349937,9072640.0,83815749.65471126,1686146369.6259766,6939677.764349937,7440492.955282211,728783.0,728783.0,0.7784466040525263,0.7784466040525263,0.76490170053589,0.76490170053589,0.22295395511250432,0.0,8844800.0,7056118.0,7056118.0,283520.0,103370.0,103370.0,70880.0,1598.0,1598.0,0.7784466040525263,0.0,0.05520060213259579,0.07922243238542483,0.0,0.797770215267728,0.3645950902934537,0.0225451467268623,6733600.0,5044742.0,5044742.0,5044742.0,0.0,15682612.68171975,45363200.0,3712536150.6598835,5116967242.68927,15682612.68171975,36207202.58018112,1200118.0,1200118.0,0.7491894380420577,0.7491894380420577,0.34571222227972787,0.34571222227972787,0.8517831159920413,0.0,4961600.0,3642390.0,3642390.0,1417600.0,1166932.0,1166932.0,354400.0,235420.0,235420.0,0.7491894380420577,0.0,0.45245022173174226,0.17822828798859452,0.0,0.7341160109642051,0.8231743792325057,0.6642776523702032,"[0.405091354697562, 0.41665550868238166, 0.42093768211418137]","[0.7142140924619129, 0.7391871564313259, 0.7673802997988827]","[0.7579732263107263, 0.7670230509603781, 0.7710932849702381]","[0.7591053446150512, 0.7622546999695865, 0.7707252313009635]","[0.21401716814822003, 0.22416427863203087, 0.23168050124803943]","[0.7653661539929708, 0.7774233774038461, 0.7935736635981913]","[0.3346440984188159, 0.3467728624378924, 0.35130920562313256]","[0.812513362866594, 0.840942402885478, 0.8730011361476562]","[0.7406106085526315, 0.7472032620614035, 0.7593712308114036]"
mass_s75,fwe,0.75,10,0.1,1.0,-0.9,"[-1.0, -0.7]",54,341,0.15835777126099707,0.0,0.1,0,0,11089600.0,8617375.0,8617375.0,8617375.0,0.0,16031407.243479222,38338560.0,2453800931.6814623,4606028637.300354,16031407.243479222,30461800.911029816,1217625.0,1217625.0,0.7770681539460396,0.7770681539460396,0.4181536094073231,0.4181536094073231,0.7298882068614247,0.0,9592000.0,7549309.0,7549309.0,1198080.0,930845.0,930845.0,299520.0,137221.0,137221.0,0.7770681539460396,0.0,0.3763937317298979,0.10979882051651998,0.0,0.7870422226855713,0.7769472823183761,0.4581363514957265,6347200.0,5045373.0,5045373.0,5045373.0,0.0,4997333.952760696,6389760.0,49671093.841756925,1154429417.1142578,4997333.952760696,5257486.603933334,386377.0,386377.0,0.7948974350894883,0.7948974350894883,0.7820847657440493,0.7820847657440493,0.20742837713322723,0.0,6097600.0,4971612.0,4971612.0,199680.0,72918.0,72918.0,49920.0,843.0,843.0,0.7948974350894883,0.0,0.04071399413634283,0.06087361356188556,0.0,0.8153391498294411,0.36517427884615383,0.01688701923076923,4742400.0,3572002.0,3572002.0,3572002.0,0.0,11034073.290718526,31948800.0,2404129837.839705,3451599220.186096,11034073.290718526,25204314.30709648,831248.0,831248.0,0.7532055499325236,0.7532055499325236,0.34536737813997787,0.34536737813997787,0.8345815472918352,0.0,3494400.0,2577697.0,2577697.0,998400.0,857927.0,857927.0,249600.0,136378.0,136378.0,0.7532055499325236,0.0,0.44352967924860887,0.1752800269905533,0.0,0.7376651213369964,0.8593018830128205,0.546386217948718,"[0.40928625713683736, 0.4202042418326535, 0.42447168956889614]","[0.7075762183923848, 0.7394694224805942, 0.7669190440208635]","[0.7710153339854917, 0.7814676186431431, 0.7842901298048357]","[0.766599652417625, 0.7767927415452474, 0.7997888359786399]","[0.19138407549219263, 0.21074962354725538, 0.22227106787902773]","[0.7904775985010359, 0.8008749748895139, 0.8085967458297992]","[0.33817854923385254, 0.34732573760236196, 0.3526122870458878]","[0.8100944191583802, 0.8444597374311538, 0.8790165858288163]","[0.744097009569378, 0.7519092180883242, 0.7595087445175438]"
mass_s75,qa_1,0.75,10,0.0,1.0,-1.0,"[-1.0, -1.0]",29,92,0.31521739130434784,0.0,0.0,0,0,10508640.0,7806396.0,7806396.0,7806396.0,0.0,13920883.36939913,37232640.0,2200345286.0847306,4209772366.8056335,13920883.36939913,27938118.51945305,1260706.0,1260706.0,0.7428550221531997,0.7428550221531997,0.37388923722301537,0.37388923722301537,0.7229630676907265,0.0,9054240.0,6737642.0,6737642.0,1163520.0,926998.0,926998.0,290880.0,141756.0,141756.0,0.7428550221531997,0.0,0.3764770682404986,0.11996852114069946,0.0,0.7441421919454311,0.7967185781078108,0.48733498349834986,5903040.0,4326650.0,4326650.0,4326650.0,0.0,4670585.390968323,6205440.0,46033468.89113057,900744486.2363281,4670585.390968323,4916404.804531097,446230.0,446230.0,0.7329528514121537,0.7329528514121537,0.752659826050743,0.752659826050743,0.22606641393879773,0.0,5660640.0,4243925.0,4243925.0,193920.0,81863.0,81863.0,48480.0,862.0,862.0,0.7329528514121537,0.0,0.03961353482795332,0.07559325364557923,0.0,0.7497252960795953,0.4221483085808581,0.01778052805280528,4605600.0,3479746.0,3479746.0,3479746.0,0.0,9250297.978430808,31027200.0,2154311817.1936,3309027880.5693054,9250297.978430808,23021713.71492195,814476.0,814476.0,0.7555467257252041,0.7555467257252041,0.29813511945746984,0.29813511945746984,0.8068709294734528,0.0,3393600.0,2493717.0,2493717.0,969600.0,845135.0,845135.0,242400.0,140894.0,140894.0,0.7555467257252041,0.0,0.4438497749230077,0.17684471078686817,0.0,0.7348293847241867,0.8716326320132013,0.5812458745874588,"[0.37076667689857173, 0.37399974839788247, 0.38499357242871096]","[0.6951258116788065, 0.7318792557712483, 0.746146377098949]","[0.7272473785585959, 0.7449914602794165, 0.7542955629431745]","[0.7356894471945071, 0.7525142210981963, 0.7704447771146388]","[0.20868139018749735, 0.22705083543570065, 0.24110551154792334]","[0.7065430081058802, 0.7355978981128075, 0.7609767316683071]","[0.2930847577255479, 0.29819995831939095, 0.30970752045796834]","[0.7726683257816508, 0.8144128330893561, 0.8330093591034241]","[0.7490291118421053, 0.7561622807017544, 0.7593206472149642]"
mass_s75,qa_2,0.75,10,0.0,0.6,-0.6,"[-0.9, -0.3]",28,108,0.25925925925925924,0.0,0.0,0,0,8956320.0,6694978.0,6694978.0,6694978.0,0.0,12625866.692326844,32563200.0,1804609471.6231387,3650884707.17099,12625866.692326844,25000033.122213364,1043155.0,1043155.0,0.7475143809064437,0.7475143809064437,0.3877342120039444,0.3877342120039444,0.7030602706880927,0.0,7684320.0,5791874.0,5791874.0,1017600.0,791608.0,791608.0,254400.0,111496.0,111496.0,0.7475143809064437,0.0,0.3800046196284923,0.11647138556907301,0.0,0.7537262893788911,0.7779166666666667,0.4382704402515723,4928320.0,3657734.0,3657734.0,3657734.0,0.0,4246519.932128906,5427200.0,37940926.01075104,812002187.6240234,4246519.932128906,4425348.806285858,322429.0,322429.0,0.7421867898188429,0.7421867898188429,0.7824513436263463,0.7824513436263463,0.21616001585695058,0.0,4716320.0,3605593.0,3605593.0,169600.0,51659.0,51659.0,42400.0,482.0,482.0,0.7421867898188429,0.0,0.03295048536205629,0.0654237143691968,0.0,0.7644928673202837,0.3045931603773585,0.011367924528301886,4028000.0,3037244.0,3037244.0,3037244.0,0.0,8379346.7601979375,27136000.0,1766668545.6123877,2838882519.5469666,8379346.7601979375,20574684.315927505,720726.0,720726.0,0.7540327706057597,0.7540327706057597,0.3087907856794641,0.3087907856794641,0.788867071014576,0.0,2968000.0,2186281.0,2186281.0,848000.0,739949.0,739949.0,212000.0,111014.0,111014.0,0.7540327706057597,0.0,0.4494154464817795,0.17892899702085402,0.0,0.7366175876010782,0.8725813679245283,0.5236509433962264,"[0.376671748570413, 0.387382426937782, 0.40680803571262913]","[0.6838411472078391, 0.7094320005689314, 0.7326557110582123]","[0.7338862609724123, 0.7490999038226192, 0.757509783925225]","[0.7495250274112852, 0.7800962399029558, 0.8035378269847328]","[0.18526606640379958, 0.21498107664789606, 0.2507886044613152]","[0.7221670549025229, 0.7480030280417479, 0.7643449651975137]","[0.29804637457545446, 0.3081013932081914, 0.32596596706580017]","[0.7643218922333004, 0.793554485558527, 0.8234009605019297]","[0.7470733278508772, 0.7524976503759399, 0.7617402995100363]"
full_centered_s75,niah_single_1,0.75,10,0.8,1.0,-0.19999999999999996,"[-0.5, 0.0]",65,687,0.09461426491994178,0.0,0.8,4,0,15216320.0,12507952.0,0.0,12507952.0,0.0,22042764.127225764,51732480.0,1854980136.0216243,6255836563.810913,22042764.127225764,41757877.269138336,1304892.0,1304892.0,0.8220090008622322,0.8220090008622322,0.4260913864408929,0.4260913864408929,0.5445364235541736,0.0,13195520.0,11242293.0,11242293.0,1616640.0,1108533.0,1108533.0,404160.0,157126.0,157126.0,0.0,0.0,0.3810973906898059,0.08575608294252487,0.0,0.851978019812785,0.6857018260095011,0.38877177355502773,8817120.0,7642222.0,0.0,7642222.0,0.0,7455751.308231354,8622080.0,50435924.124260694,1707401789.5683594,7455751.308231354,7557285.322242737,281283.0,281283.0,0.8667480991525578,0.8667480991525578,0.8647276884732401,0.8647276884732401,0.17187081058379722,0.0,8480320.0,7581316.0,7581316.0,269440.0,60487.0,60487.0,67360.0,419.0,419.0,0.0,0.0,0.011776046384559534,0.03190191355000272,0.0,0.8939893777593299,0.2244915380047506,0.006220308788598575,6399200.0,4865730.0,0.0,4865730.0,0.0,14587012.81899441,43110400.0,1804544211.8973637,4548434774.242554,14587012.81899441,34200591.9468956,1023609.0,1023609.0,0.7603653581697712,0.7603653581697712,0.3383641260344235,0.3383641260344235,0.6298726888536225,0.0,4715200.0,3660977.0,3660977.0,1347200.0,1048046.0,1048046.0,336800.0,156707.0,156707.0,0.0,0.0,0.4549616595508552,0.15995890111263908,0.0,0.7764203003053953,0.7779438836104513,0.46528206650831355,"[0.3993439361949167, 0.4190777392155761, 0.4562688484469888]","[0.5319091293242822, 0.5456156665832961, 0.555113348286491]","[0.8165408193779904, 0.8196460026692959, 0.8273704830383481]","[0.8566502969485928, 0.8585254556848667, 0.8770862001819921]","[0.160602820611902, 0.1754092784939673, 0.1829538453602733]","[0.8550946683326216, 0.86267543336514, 0.876648576653944]","[0.308218618703801, 0.33095387648481084, 0.3757732295271498]","[0.6159298256419761, 0.6292515887029213, 0.6432886875776915]","[0.7554819078947368, 0.7617695521071701, 0.7641534838516746]"
full_centered_s75,niah_single_2,0.75,10,0.7,1.0,-0.30000000000000004,"[-0.6, 0.0]",231,283,0.8162544169611308,0.3,0.7,0,0,16760320.0,12451543.0,0.0,12451543.0,0.0,21551953.06513254,57999360.0,2038467096.0933764,6400456818.601044,21551953.06513254,45152093.77623558,2160597.0,2160597.0,0.7429179753131205,0.7429179753131205,0.3715894979726076,0.3715894979726076,0.564347189924537,0.0,14494720.0,10999868.0,10999868.0,1812480.0,1271776.0,1271776.0,453120.0,179899.0,179899.0,0.0,0.0,0.4069034677469379,0.12891144083167863,0.0,0.7588879260861886,0.7016772598870057,0.397022863700565,9585920.0,7054556.0,0.0,7054556.0,0.0,7871958.771270752,9666560.0,57287289.95787102,1630100569.0913086,7871958.771270752,8144027.090770721,888006.0,888006.0,0.7359289457871545,0.7359289457871545,0.8143495484713023,0.8143495484713023,0.18746575248329284,0.0,9208320.0,7006464.0,7006464.0,302080.0,47774.0,47774.0,75520.0,318.0,318.0,0.0,0.0,0.02814530913789078,0.09263649185472025,0.0,0.760884070058382,0.15815015889830508,0.004210805084745763,7174400.0,5396987.0,0.0,5396987.0,0.0,13679994.293861788,48332800.0,1981179806.1355054,4770356249.509735,13679994.293861788,37008066.68546486,1272591.0,1272591.0,0.7522562165477252,0.7522562165477252,0.2830374878728687,0.2830374878728687,0.6444460107558124,0.0,5286400.0,3993404.0,3993404.0,1510400.0,1224002.0,1224002.0,377600.0,179581.0,179581.0,0.0,0.0,0.48265509946874735,0.177379432426405,0.0,0.7554108656174334,0.8103826800847458,0.4755852754237288,"[0.3626404628702749, 0.3657638283065757, 0.3854355336651181]","[0.542602189428211, 0.5744690471766911, 0.5780342353278889]","[0.7303639116998867, 0.7441240587529362, 0.757663739859882]","[0.8068598446486673, 0.8122616457054391, 0.8255394754834319]","[0.18117311103517464, 0.18821652508925285, 0.1947356368853993]","[0.7179764281104767, 0.736751977727483, 0.7589315958969466]","[0.2728169582050665, 0.27669231547977197, 0.29546901416761184]","[0.6211015566855151, 0.6556468095951945, 0.6604301444633554]","[0.7471011513157895, 0.7505274122807017, 0.7579581962719297]"
full_centered_s75,niah_single_3,0.75,10,0.4,1.0,-0.6,"[-0.9, -0.3]",172,548,0.31386861313868614,0.1,0.4,0,0,17320640.0,12864797.0,0.0,12864797.0,0.0,23340926.067755125,58859520.0,2095798091.3578272,6634009733.374268,23340926.067755125,47191223.35877609,2222140.0,2222140.0,0.7427437438801338,0.7427437438801338,0.39655311609328664,0.39655311609328664,0.5620651625681137,0.0,15021440.0,11374827.0,11374827.0,1839360.0,1285186.0,1285186.0,459840.0,204784.0,204784.0,0.0,0.0,0.40520713201570396,0.12829433554418312,0.0,0.7572394524093562,0.6987136830201809,0.4453375086986778,10039840.0,7423295.0,0.0,7423295.0,0.0,8024608.710979462,9809920.0,56402273.75781652,1687151957.7490234,8024608.710979462,8314709.5489349365,948516.0,948516.0,0.7393837949608759,0.7393837949608759,0.8180095975277537,0.8180095975277537,0.1828399971996706,0.0,9656640.0,7348097.0,7348097.0,306560.0,74972.0,74972.0,76640.0,226.0,226.0,0.0,0.0,0.029572192021492007,0.09447521076033084,0.0,0.7609372411107798,0.2445589770354906,0.0029488517745302712,7280800.0,5441502.0,0.0,5441502.0,0.0,15316317.356775666,49049600.0,2039395817.6000106,4946857775.625244,15316317.356775666,38876513.809841156,1273624.0,1273624.0,0.7473769366003736,0.7473769366003736,0.3122618198063932,0.3122618198063932,0.642075428041442,0.0,5364800.0,4026730.0,4026730.0,1532800.0,1210214.0,1210214.0,383200.0,204558.0,204558.0,0.0,0.0,0.48033412001454634,0.17492912866717944,0.0,0.750583432746794,0.789544624217119,0.5338152400835073,"[0.38685234658838524, 0.3922157940270784, 0.4097448579693141]","[0.5585638139814378, 0.5605602029376743, 0.5650795287791547]","[0.731774923949115, 0.7375282310103244, 0.7616963380346607]","[0.8111699077987579, 0.8179131051486668, 0.8255856828845571]","[0.17710669694901643, 0.18165608404352312, 0.19108653725560634]","[0.7224739583333334, 0.729680542302799, 0.7715118082061069]","[0.3025439196019199, 0.30701713190467483, 0.32680552427653287]","[0.6378252177476441, 0.641863157873638, 0.6449254431343182]","[0.7444300986842105, 0.747452028508772, 0.7508149671052631]"
full_centered_s75,niah_multikey_1,0.75,10,0.9,1.0,-0.09999999999999998,"[-0.3, 0.0]",269,287,0.9372822299651568,0.8,0.9,0,0,13770240.0,10204148.0,0.0,10204148.0,0.0,17899858.182630084,47185920.0,1573714371.5463228,5159279045.55957,17899858.182630084,36883539.4519043,1729191.0,1729191.0,0.7410290597694739,0.7410290597694739,0.37934744480196814,0.37934744480196814,0.5522916109534358,0.0,11927040.0,9002080.0,9002080.0,1474560.0,1049211.0,1049211.0,368640.0,152857.0,152857.0,0.0,0.0,0.4023166501633159,0.1255744997908533,0.0,0.7547622880446447,0.711541748046875,0.4146511501736111,7933440.0,5808025.0,0.0,5808025.0,0.0,6356992.19468689,7864320.0,48223935.81797701,1298963041.2402344,6356992.19468689,6577802.35105896,723694.0,723694.0,0.7320941483139722,0.7320941483139722,0.8083333580890515,0.8083333580890515,0.19267835465510327,0.0,7626240.0,5751770.0,5751770.0,245760.0,55959.0,55959.0,61440.0,296.0,296.0,0.0,0.0,0.028077463324492177,0.09122070627621813,0.0,0.754207840298758,0.22769775390625,0.0048177083333333336,5836800.0,4396123.0,0.0,4396123.0,0.0,11542865.987943195,39321600.0,1525490435.7283456,3860316004.319336,11542865.987943195,30305737.100845337,1005497.0,1005497.0,0.7531734854714912,0.7531734854714912,0.2935502621445515,0.2935502621445515,0.6286274132982611,0.0,4300800.0,3250310.0,3250310.0,1228800.0,993252.0,993252.0,307200.0,152561.0,152561.0,0.0,0.0,0.4771644875310807,0.17226853755482457,0.0,0.7557454427083333,0.808310546875,0.4966178385416667,"[0.3727294436983209, 0.37963293252342734, 0.3853683239747553]","[0.5434871929961032, 0.5516779047098612, 0.5608645906704657]","[0.726229830724899, 0.7398417550803791, 0.7542865229737751]","[0.797264950636352, 0.8057182766204334, 0.8160476858913899]","[0.1845956868368316, 0.19483180190630212, 0.20571215787472677]","[0.7065426011502955, 0.730748152835041, 0.7578262238759077]","[0.2886743272118853, 0.29404818465600696, 0.30134387041814914]","[0.6164272838218008, 0.626418551037047, 0.636324284812175]","[0.7486593790115533, 0.7518326319014448, 0.7607623355263158]"
full_centered_s75,niah_multikey_2,0.75,10,0.8,1.0,-0.19999999999999996,"[-0.5, 0.0]",40,289,0.1384083044982699,0.0,0.8,0,0,12532160.0,9776685.0,0.0,9776685.0,0.0,16543278.196016863,43376640.0,1502941889.2942119,4870578304.645447,16543278.196016863,33468796.46357155,1372626.0,1372626.0,0.780127687485637,0.780127687485637,0.3813868062629301,0.3813868062629301,0.5554958638325151,0.0,10837760.0,8694261.0,8694261.0,1355520.0,944507.0,944507.0,338880.0,137917.0,137917.0,0.0,0.0,0.3901989242955352,0.10952828562673952,0.0,0.8022193700543285,0.6967857353635505,0.4069788715769594,7166560.0,5716430.0,0.0,5716430.0,0.0,5901131.161613464,7229440.0,50863899.336700745,1256771331.697754,5901131.161613464,6044144.237850189,462466.0,462466.0,0.7976532673974682,0.7976532673974682,0.8162639376789163,0.8162639376789163,0.20117624274930646,0.0,6884160.0,5684195.0,5684195.0,225920.0,31924.0,31924.0,56480.0,311.0,311.0,0.0,0.0,0.01978204068872898,0.0645310999977674,0.0,0.8256918781666899,0.14130665722379604,0.005506373937677054,5365600.0,4060255.0,0.0,4060255.0,0.0,10642147.034403399,36147200.0,1452077989.957511,3613806972.947693,10642147.034403399,27424652.22572136,910160.0,910160.0,0.7567196585656777,0.7567196585656777,0.2944113799797328,0.2944113799797328,0.633887949234683,0.0,3953600.0,3010066.0,3010066.0,1129600.0,912583.0,912583.0,282400.0,137606.0,137606.0,0.0,0.0,0.4642823010168965,0.16962874608617862,0.0,0.7613481384055039,0.8078815509915014,0.4872733711048159,"[0.3584537649363305, 0.37637571706195355, 0.3993484042686313]","[0.5438860973908239, 0.5550214437472989, 0.572082956400552]","[0.7717477047734594, 0.7814855792052351, 0.7881378752240144]","[0.8022605336845542, 0.8157434600771272, 0.8268695387840446]","[0.18928546834198354, 0.1997887868679185, 0.21624022437716656]","[0.7870867190783943, 0.797992374005305, 0.8080361512846784]","[0.2670988735783912, 0.2868235747910185, 0.31586677450646544]","[0.6197211604755017, 0.6323796982043737, 0.6521580740746737]","[0.7528470881083758, 0.7569024595432547, 0.7625923558897243]"
full_centered_s75,niah_multikey_3,0.75,10,0.1,1.0,-0.9,"[-1.0, -0.7]",41,827,0.049576783555018135,0.0,0.1,0,0,17233920.0,13061762.0,0.0,13061762.0,0.0,23300545.142284386,58982400.0,2105232131.5048609,6828005808.593262,23300545.142284386,46211129.10521698,1970275.0,1970275.0,0.757910098224896,0.757910098224896,0.39504233707486275,0.39504233707486275,0.5552685218067831,0.0,14937600.0,11562980.0,11562980.0,1843200.0,1245270.0,1245270.0,453120.0,253512.0,253512.0,0.0,0.0,0.3884308533212042,0.11432541174613785,0.0,0.774085529134533,0.6756022135416667,0.5594809322033898,9937920.0,7598754.0,0.0,7598754.0,0.0,7956449.096069336,9830400.0,64211167.644350074,1707091439.5610352,7956449.096069336,8174111.9802742,706969.0,706969.0,0.7646221744590417,0.7646221744590417,0.8093718562896053,0.8093718562896053,0.19394424247043265,0.0,9561600.0,7555134.0,7555134.0,307200.0,43301.0,43301.0,69120.0,319.0,319.0,0.0,0.0,0.0221418135787826,0.07113852798171046,0.0,0.7901537399598394,0.14095377604166667,0.004615162037037037,7296000.0,5463008.0,0.0,5463008.0,0.0,15344096.04621505,49152000.0,2041020963.8605106,5120914369.032227,15344096.04621505,38037017.12494278,1263306.0,1263306.0,0.7487675438596492,0.7487675438596492,0.31217643323191424,0.31217643323191424,0.6313206222409429,0.0,5376000.0,4007846.0,4007846.0,1536000.0,1201969.0,1201969.0,384000.0,253193.0,253193.0,0.0,0.0,0.4616886612696885,0.17315049342105263,0.0,0.7455070684523809,0.7825319010416667,0.6593567708333333,"[0.3846810950536686, 0.39383069274926724, 0.4049927908066876]","[0.5426332170063282, 0.553276675750098, 0.5707084217963937]","[0.7502728587962963, 0.7584251999627976, 0.7622280598958333]","[0.800358968472962, 0.8077231252371955, 0.8224340682651382]","[0.18529003188185633, 0.19439421383290836, 0.2024617222266273]","[0.7521861979166666, 0.763696604489664, 0.7723954326923077]","[0.29743998904222835, 0.31088634745498334, 0.32499325543089264]","[0.6162240425323874, 0.6287318644407206, 0.6461777180956877]","[0.7453426535087719, 0.7488774671052632, 0.7523610197368421]"
full_centered_s75,niah_multivalue,0.75,10,0.65,1.0,-0.35,"[-0.525, -0.225]",196,889,0.2204724409448819,0.0,0.65,1,0,16199680.0,11942638.0,0.0,11942638.0,0.0,22143426.217283297,55050240.0,1943750227.423277,6302592948.365723,22143426.217283297,44039507.20688629,2043417.0,2043417.0,0.7372144388037295,0.7372144388037295,0.40224032115542635,0.40224032115542635,0.5553421009960311,0.0,14049280.0,10555336.0,10555336.0,1720320.0,1186177.0,1186177.0,430080.0,201125.0,201125.0,0.0,0.0,0.39774723942353374,0.1261393434932048,0.0,0.7513079673833819,0.6895095098586309,0.46764555431547616,9390080.0,6815555.0,0.0,6815555.0,0.0,7520137.509082794,9175040.0,51161624.65352781,1657033541.399414,7520137.509082794,7781521.39384079,893096.0,893096.0,0.7258250195951472,0.7258250195951472,0.8196299426577752,0.8196299426577752,0.17571406013294702,0.0,9031680.0,6743694.0,6743694.0,286720.0,71476.0,71476.0,71680.0,385.0,385.0,0.0,0.0,0.0284885825847076,0.09511058478735006,0.0,0.7466710512329932,0.24928850446428572,0.00537109375,6809600.0,5127083.0,0.0,5127083.0,0.0,14623288.708200503,45875200.0,1892588602.7697492,4645559406.966309,14623288.708200503,36257985.8130455,1150321.0,1150321.0,0.7529198484492481,0.7529198484492481,0.31876239685495655,0.31876239685495655,0.6382768618634564,0.0,5017600.0,3811642.0,3811642.0,1433600.0,1114701.0,1114701.0,358400.0,200740.0,200740.0,0.0,0.0,0.471598970791299,0.16892636865601504,0.0,0.7596544164540816,0.7775537109375,0.5601004464285714,"[0.39075872669501066, 0.4020360730655504, 0.41195384685642694]","[0.545339313440853, 0.5571638839626077, 0.5620403692866826]","[0.729011869153664, 0.7327859974188791, 0.7503074529867256]","[0.8122343112465582, 0.8204565636313369, 0.8259763196331915]","[0.16835379728118682, 0.17456111835395727, 0.18598167246916916]","[0.7108766698473282, 0.7184188780861014, 0.7463309875954198]","[0.3064636097847011, 0.3181377160854715, 0.3293344957531962]","[0.6263374142242739, 0.638038033448078, 0.6465453671859696]","[0.7486453860803324, 0.7523132816204362, 0.7566621984649122]"
full_centered_s75,niah_multiquery,0.75,10,0.075,1.0,-0.925,"[-1.0, -0.775]",219,1146,0.19109947643979058,0.0,0.075,3,0,16757760.0,12258726.0,0.0,12258726.0,0.0,23394594.864733532,58982400.0,2200317359.152725,6752324711.065002,23394594.864733532,46479094.48949814,2137910.0,2137910.0,0.7315253351283226,0.7315253351283226,0.3966368758262385,0.3966368758262385,0.5708421105106369,0.0,14453760.0,10810783.0,10810783.0,1843200.0,1222247.0,1222247.0,460800.0,225696.0,225696.0,0.0,0.0,0.3913794559862706,0.1275773134356859,0.0,0.7479564487026213,0.6631114366319445,0.4897916666666667,9461760.0,6744622.0,0.0,6744622.0,0.0,8215768.8327178955,9830400.0,49010613.38179347,1830093756.9614258,8215768.8327178955,8463464.525417328,899336.0,899336.0,0.7128295369994588,0.7128295369994588,0.8357512240313615,0.8357512240313615,0.16364713226501912,0.0,9077760.0,6699880.0,6699880.0,307200.0,44090.0,44090.0,76800.0,652.0,652.0,0.0,0.0,0.025196908843936397,0.0950495468073593,0.0,0.7380543217710096,0.14352213541666667,0.008489583333333333,7296000.0,5514104.0,0.0,5514104.0,0.0,15178826.032015635,49152000.0,2151306745.7709317,4922230954.103577,15178826.032015635,38015629.96408081,1238574.0,1238574.0,0.7557708333333333,0.7557708333333333,0.30881400618521393,0.30881400618521393,0.6611045952698451,0.0,5376000.0,4110903.0,4110903.0,1536000.0,1178157.0,1178157.0,384000.0,225044.0,225044.0,0.0,0.0,0.46461596541473743,0.16976069078947367,0.0,0.7646768973214285,0.767029296875,0.5860520833333334,"[0.3796894650747653, 0.3897356384467606, 0.4251486386911315]","[0.5485568036642402, 0.5798402704408643, 0.5849390739365944]","[0.7187699918989506, 0.7319462528935186, 0.7441482199993543]","[0.8262007270097578, 0.8347067616821733, 0.8478218346271509]","[0.15157719117029433, 0.1644938730677181, 0.1735497475730666]","[0.691616138388825, 0.7101928374655648, 0.7406563210434656]","[0.28965034201316775, 0.3009760787735508, 0.344207889257029]","[0.6371974968971872, 0.6679846565802401, 0.6789618876056716]","[0.7487857730263159, 0.7568263432017543, 0.7617711074561404]"
full_centered_s75,vt,0.75,10,0.36,0.0,0.36,"[0.13999999999999999, 0.6]",102,300,0.34,0.1,,6,0,17433600.0,13863551.0,0.0,13863551.0,0.0,27329652.36659865,58982400.0,2097139167.7773151,7175669454.997131,27329652.36659865,49798156.459199905,1487498.0,1487498.0,0.7952202069566814,0.7952202069566814,0.463352667348203,0.463352667348203,0.5406079317547219,0.0,15129600.0,12452571.0,12452571.0,1843200.0,1206492.0,1206492.0,460800.0,204488.0,204488.0,0.0,0.0,0.3809357383321339,0.08532362793685756,0.0,0.823060160215736,0.6545638020833333,0.4437673611111111,10137600.0,8338604.0,0.0,8338604.0,0.0,8505015.571994781,9830400.0,45275685.23873315,1855317092.3276367,8505015.571994781,8661180.61631012,376246.0,376246.0,0.8225422190656566,0.8225422190656566,0.8651749239089743,0.8651749239089743,0.1562152554048559,0.0,9753600.0,8290396.0,8290396.0,307200.0,47705.0,47705.0,76800.0,503.0,503.0,0.0,0.0,0.015885929800958064,0.03711391256313131,0.0,0.8499831856955381,0.15528971354166668,0.006549479166666667,7296000.0,5524947.0,0.0,5524947.0,0.0,18824636.79460387,49152000.0,2051863482.538582,5320352362.669495,18824636.79460387,41136975.842889786,1111252.0,1111252.0,0.757256990131579,0.757256990131579,0.38298821603604877,0.38298821603604877,0.6210177780781219,0.0,5376000.0,4162175.0,4162175.0,1536000.0,1158787.0,1158787.0,384000.0,203985.0,203985.0,0.0,0.0,0.4539457000383691,0.15230975877192982,0.0,0.774214099702381,0.7544186197916667,0.5312109375,"[0.42434539130275445, 0.45736364063786966, 0.5184723141839138]","[0.5213732296142155, 0.5420732472172205, 0.563500642859576]","[0.7896845746145374, 0.7944824935756241, 0.8029603180066078]","[0.8500076241787368, 0.8603252035623882, 0.8871432920087439]","[0.14117739773548763, 0.15988410863788974, 0.16836182586527465]","[0.8100243647411617, 0.8239193694760101, 0.835301452020202]","[0.33872850045943254, 0.37555994149211547, 0.4444615431479836]","[0.5993064501268527, 0.6280275161395152, 0.6411024017595318]","[0.7507395833333333, 0.7552802905701754, 0.7641613212719298]"
full_centered_s75,cwe,0.75,10,0.22,1.0,-0.78,"[-0.9199999999999999, -0.61]",114,691,0.1649782923299566,0.0,0.22000000000000003,1,0,17264640.0,12909174.0,0.0,12909174.0,0.0,24158397.082811225,58982400.0,2189936158.1960034,6795179247.346191,24158397.082811225,46609826.488536835,2122380.0,2122380.0,0.7477233235097864,0.7477233235097864,0.4095865390830354,0.4095865390830354,0.5676952605621864,0.0,14960640.0,11461678.0,11461678.0,1843200.0,1209090.0,1209090.0,460800.0,238406.0,238406.0,0.0,0.0,0.3806462505039742,0.1229321897241993,0.0,0.7661221712440109,0.6559733072916667,0.5173741319444445,9968640.0,7395764.0,0.0,7395764.0,0.0,7789793.507827759,9830400.0,73865858.3318225,1782095295.3515625,7789793.507827759,8092077.344150543,922891.0,922891.0,0.7419030078325629,0.7419030078325629,0.7924187731758381,0.7924187731758381,0.20358998601395836,0.0,9584640.0,7353188.0,7353188.0,307200.0,41770.0,41770.0,76800.0,806.0,806.0,0.0,0.0,0.030749901969684287,0.09257942908962506,0.0,0.767184578659188,0.13597005208333332,0.010494791666666666,7296000.0,5513410.0,0.0,5513410.0,0.0,16368603.574983465,49152000.0,2116070299.864181,5013083951.994629,16368603.574983465,38517749.14438629,1199489.0,1199489.0,0.7556757127192982,0.7556757127192982,0.33302009226447477,0.33302009226447477,0.6496995366456391,0.0,5376000.0,4108490.0,4108490.0,1536000.0,1167320.0,1167320.0,384000.0,237600.0,237600.0,0.0,0.0,0.4506255202108323,0.16440364583333333,0.0,0.7642280505952381,0.7599739583333334,0.61875,"[0.39099813105692266, 0.4079211918569656, 0.4219005963453422]","[0.5578838033637716, 0.5676813677342665, 0.5762436989284729]","[0.7344710286458334, 0.7502718575876761, 0.7556056462226415]","[0.7852016360797763, 0.7904123568752159, 0.8000365810571626]","[0.19194607671595001, 0.20517006544109806, 0.20992299833802758]","[0.7208583221526536, 0.7459913147858279, 0.7564324415247602]","[0.31119909547772073, 0.33087205851396273, 0.3490242361775686]","[0.6346244082157643, 0.6508469896734476, 0.6586614423452849]","[0.7507782346491229, 0.7556524122807018, 0.7603569078947369]"
full_centered_s75,fwe,0.75,10,0.3667,1.0,-0.6333,"[-0.86667, -0.36666]",196,358,0.547486033519553,0.1,0.36667,1,0,16979520.0,13101815.0,0.0,13101815.0,0.0,24372706.215525724,58613760.0,2118584589.123233,6883937557.566956,24372706.215525724,48016581.400979996,1843056.0,1843056.0,0.7716245806713028,0.7716245806713028,0.4158188489447823,0.4158188489447823,0.5547591106677067,0.0,14689920.0,11685138.0,11685138.0,1831680.0,1251786.0,1251786.0,457920.0,164891.0,164891.0,0.0,0.0,0.4033843791194128,0.10854582461695031,0.0,0.7954528002875441,0.6834086740041929,0.3600869147449336,9729120.0,7645971.0,0.0,7645971.0,0.0,8091700.767320633,9768960.0,62229792.351199195,1873233745.484375,8091700.767320633,8264402.5947647095,634062.0,634062.0,0.7858851571365139,0.7858851571365139,0.8283072883214418,0.8283072883214418,0.18226496205731707,0.0,9347520.0,7603792.0,7603792.0,305280.0,41455.0,41455.0,76320.0,724.0,724.0,0.0,0.0,0.017678629807479664,0.06517156741822487,0.0,0.8134555475676971,0.13579337002096437,0.009486373165618449,7250400.0,5455844.0,0.0,5455844.0,0.0,16281005.44820509,48844800.0,2056354796.772034,5010703812.082581,16281005.44820509,39752178.806215286,1208994.0,1208994.0,0.752488690279157,0.752488690279157,0.33332116106945037,0.33332116106945037,0.6406187686245929,0.0,5342400.0,4081346.0,4081346.0,1526400.0,1210331.0,1210331.0,381600.0,164167.0,164167.0,0.0,0.0,0.4805255289817994,0.16674859318106589,0.0,0.7639536537885594,0.7929317348008386,0.43020702306079667,"[0.3948102282674555, 0.41445470381387006, 0.4419213908596452]","[0.5350923492486145, 0.5536286167763471, 0.5698796461290317]","[0.7634577866496562, 0.7697340104585679, 0.7814052015692641]","[0.8198710785456546, 0.8228647526935675, 0.8445487826496052]","[0.16909170421086336, 0.18623890003914048, 0.19085312921301772]","[0.7739719685508688, 0.782319638903161, 0.8014567885981911]","[0.30907324395864716, 0.33363179265926424, 0.36274414022973384]","[0.6128881025406558, 0.6411435890843981, 0.6625729991833037]","[0.7483700657894737, 0.7512095668859649, 0.7594412006578948]"
full_centered_s75,qa_1,0.75,10,0.6,1.0,-0.4,"[-0.7, -0.1]",70,92,0.7608695652173914,0.4,0.6,0,0,12629760.0,9506681.0,0.0,9506681.0,0.0,16319926.508640794,45096960.0,1500538126.9348788,5075625914.672974,16319926.508640794,34778774.454055786,1517370.0,1517370.0,0.7527206376051485,0.7527206376051485,0.3618852913509202,0.3618852913509202,0.5437242643661807,0.0,10868160.0,8355860.0,8355860.0,1409280.0,1009287.0,1009287.0,352320.0,141534.0,141534.0,0.0,0.0,0.4093146843027776,0.12014242550927333,0.0,0.7688385154432765,0.7161720878746594,0.4017200272479564,7051360.0,5280388.0,0.0,5280388.0,0.0,6044880.606506348,7516160.0,45830995.66454965,1233999591.7006836,6044880.606506348,6235784.927253723,549105.0,549105.0,0.748846747294139,0.748846747294139,0.804251187641874,0.804251187641874,0.19271793706058069,0.0,6757760.0,5240998.0,5240998.0,234880.0,39039.0,39039.0,58720.0,351.0,351.0,0.0,0.0,0.025399182660743716,0.07787221188536679,0.0,0.7755525499573823,0.1662082765667575,0.005977520435967302,5578400.0,4226293.0,0.0,4226293.0,0.0,10275045.902134446,37580800.0,1454707131.270329,3841626322.97229,10275045.902134446,28542989.526802063,968265.0,968265.0,0.7576174171805535,0.7576174171805535,0.2734121120927294,0.2734121120927294,0.6153613632174887,0.0,4110400.0,3114862.0,3114862.0,1174400.0,970248.0,970248.0,293600.0,141183.0,141183.0,0.0,0.0,0.4860977846311844,0.1735739638606052,0.0,0.757800214091086,0.8261648501362397,0.48086852861035423,"[0.35110368131511965, 0.35827564915293086, 0.37438739467718024]","[0.5328696342803593, 0.5451895762023184, 0.5534260033042739]","[0.7440884735827935, 0.7567957697301868, 0.7634823361348549]","[0.7840910620043191, 0.7952192122174893, 0.8253490422825174]","[0.16968447706678502, 0.1975145501281658, 0.21573125932081064]","[0.7323627557977664, 0.7543368124852217, 0.7703718149573563]","[0.26315023640576846, 0.26832808049435974, 0.2918767299296111]","[0.5967792482545063, 0.6170118682503656, 0.6291743954680007]","[0.7518737203738733, 0.7579239659832722, 0.7636300908521303]"
full_centered_s75,qa_2,0.75,10,0.5,0.6,-0.09999999999999998,"[-0.4, 0.2]",65,108,0.6018518518518519,0.3,0.8333333333333334,0,0,11380320.0,8458670.0,0.0,8458670.0,0.0,15217556.00929785,41656320.0,1433846383.2189305,4643417403.369904,15217556.00929785,32382112.63950348,1381421.0,1381421.0,0.743271718194216,0.743271718194216,0.36531205851351845,0.36531205851351845,0.5556898320787749,0.0,9753120.0,7417447.0,7417447.0,1301760.0,920350.0,920350.0,325440.0,120873.0,120873.0,0.0,0.0,0.4120516797980626,0.12138683270769188,0.0,0.7605204283347278,0.7070043633235005,0.3714140855457227,6227520.0,4572481.0,0.0,4572481.0,0.0,5706509.960823059,6942720.0,38993503.94428863,1158975095.1606445,5706509.960823059,5857376.739200592,465699.0,465699.0,0.7342378667591594,0.7342378667591594,0.8219415388814556,0.8219415388814556,0.1834252330043486,0.0,5956320.0,4544259.0,4544259.0,216960.0,27755.0,27755.0,54240.0,467.0,467.0,0.0,0.0,0.021730212132641525,0.0747808116232465,0.0,0.7629306350229672,0.12792680678466076,0.008609882005899705,5152800.0,3886189.0,0.0,3886189.0,0.0,9511046.04847479,34713600.0,1394852879.274642,3484442308.209259,9511046.04847479,26524735.900302887,915722.0,915722.0,0.7541897609066915,0.7541897609066915,0.27398616243993107,0.27398616243993107,0.6326996037453856,0.0,3796800.0,2873188.0,2873188.0,1084800.0,892595.0,892595.0,271200.0,120406.0,120406.0,0.0,0.0,0.4901159733311468,0.17771347616829686,0.0,0.7567393594605984,0.8228198746312685,0.44397492625368734,"[0.3584175089988303, 0.36355830426327107, 0.3830437084614732]","[0.5384227096392398, 0.5581893998279069, 0.5711664616182107]","[0.7322921455222109, 0.742010536661829, 0.763039218542895]","[0.7980566292536784, 0.8222188472359752, 0.8357522588172772]","[0.17339342296943952, 0.1785137710944013, 0.2054970745902374]","[0.7181789636656636, 0.7286931451180934, 0.7688587992889464]","[0.2644353548732697, 0.2737603002004231, 0.2964416857710348]","[0.6067167660107491, 0.6357458020272929, 0.6538261629706837]","[0.7480455239661654, 0.7542162828947369, 0.7589481907894736]"
jl_gaussian_r2_s75,niah_single_1,0.75,10,0.0,1.0,-1.0,"[-1.0, -1.0]",29,291,0.09965635738831616,0.0,0.0,0,0,16625920.0,13767373.0,0.0,13767373.0,0.0,23094041.546658527,56524800.0,3072027777.3964415,7031891381.399353,23094041.546658527,44479685.283792496,1370778.0,1370778.0,0.8280668378050658,0.8280668378050658,0.40856476354907095,0.40856476354907095,0.6609620007622338,0.0,14417920.0,12331022.0,12331022.0,1766400.0,1220519.0,1220519.0,441600.0,215832.0,215832.0,0.0,0.0,0.3783409005805234,0.08244824948032951,0.0,0.8552566528320312,0.6909641077898551,0.48875,9633920.0,8365735.0,0.0,8365735.0,0.0,8082273.098739624,9420800.0,59529608.59990253,1905368294.5332031,8082273.098739624,8210208.627662659,289199.0,289199.0,0.8683625149471866,0.8683625149471866,0.8579179155421646,0.8579179155421646,0.17675717278233924,0.0,9265920.0,8293809.0,8293809.0,294400.0,71205.0,71205.0,73600.0,721.0,721.0,0.0,0.0,0.013580113039554462,0.030018829303128946,0.0,0.8950874818690426,0.2418648097826087,0.009796195652173913,6992000.0,5401638.0,0.0,5401638.0,0.0,15011768.447918903,47104000.0,3012498168.796539,5126523086.86615,15011768.447918903,36269476.65612984,1081579.0,1081579.0,0.7725454805491991,0.7725454805491991,0.31869413315045225,0.31869413315045225,0.7665702083814933,0.0,5152000.0,4037213.0,4037213.0,1472000.0,1149314.0,1149314.0,368000.0,215111.0,215111.0,0.0,0.0,0.45129305808871717,0.15468807208237986,0.0,0.7836205357142857,0.7807839673913044,0.5845407608695652,"[0.3970451342055631, 0.40294211360482146, 0.42116273310233315]","[0.651130299882349, 0.6604516390066371, 0.6719314032369351]","[0.8241977207780237, 0.8268917657632744, 0.8312721815081121]","[0.8460313964996021, 0.8530263747612481, 0.8705612823079961]","[0.16950249969891124, 0.1783650038582709, 0.18671121829216653]","[0.8620515267175572, 0.8653819775763358, 0.8739035663167939]","[0.306881593734784, 0.31187829264243827, 0.3325913930494067]","[0.7556810045347647, 0.7670120717273906, 0.7768072371686205]","[0.7708323739035088, 0.7732332785087719, 0.7740034265350877]"
jl_gaussian_r2_s75,niah_single_2,0.75,10,0.0,1.0,-1.0,"[-1.0, -1.0]",20,383,0.05221932114882506,0.0,0.0,1,0,16557760.0,12059050.0,0.0,12059050.0,0.0,21098320.950753346,57262080.0,2841001183.87651,6401315362.467621,21098320.950753346,43374164.16052055,2161236.0,2161236.0,0.7283020166979108,0.7283020166979108,0.368451878638592,0.368451878638592,0.6661945809495591,0.0,14320960.0,10580298.0,10580298.0,1789440.0,1239310.0,1239310.0,447360.0,239442.0,239442.0,0.0,0.0,0.3890156139938893,0.1305270761262393,0.0,0.7387980973342569,0.6925686248211731,0.5352333690987124,9474560.0,6688052.0,0.0,6688052.0,0.0,7607420.4765815735,9543680.0,61384295.171451285,1584295103.6748047,7607420.4765815735,7926015.654438019,948697.0,948697.0,0.7058957883004593,0.7058957883004593,0.7971160471203533,0.7971160471203533,0.1968387492423647,0.0,9101760.0,6631975.0,6631975.0,298240.0,55134.0,55134.0,74560.0,943.0,943.0,0.0,0.0,0.03338284370981061,0.10013098233585517,0.0,0.7286475363006715,0.18486453862660945,0.012647532188841201,7083200.0,5370998.0,0.0,5370998.0,0.0,13490900.474171773,47718400.0,2779616888.705059,4817020258.792816,13490900.474171773,35448148.506082535,1212539.0,1212539.0,0.7582728145470974,0.7582728145470974,0.28271904494223976,0.28271904494223976,0.7596319703946115,0.0,5219200.0,3948323.0,3948323.0,1491200.0,1184176.0,1184176.0,372800.0,238499.0,238499.0,0.0,0.0,0.460142168050705,0.17118519878021232,0.0,0.7564996551195585,0.7941094420600858,0.6397505364806867,"[0.36256806129980934, 0.36751685496303377, 0.37728876025856495]","[0.646719688623647, 0.6725924992029308, 0.6765919319046423]","[0.7132771976296128, 0.729733170007443, 0.7420757992578205]","[0.7863245708080164, 0.7952497818060995, 0.8102969604804634]","[0.1868741068392466, 0.19781001114597446, 0.2058414345413536]","[0.6820214338399139, 0.7071136662644839, 0.7306160197164033]","[0.27645314940876137, 0.2814341698856263, 0.29068712021418525]","[0.7360280341806658, 0.7676432640285398, 0.7710683694827284]","[0.7555464956905344, 0.7572668901821862, 0.7625596217105264]"
jl_gaussian_r2_s75,niah_single_3,0.75,10,0.0,1.0,-1.0,"[-1.0, -1.0]",42,565,0.0743362831858407,0.0,0.0,0,0,15548800.0,11320157.0,0.0,11320157.0,0.0,20450732.622454807,52838400.0,2705638344.9558053,6016512000.027191,20450732.622454807,41086691.43105888,2054446.0,2054446.0,0.7280405561844001,0.7280405561844001,0.38704299567085315,0.38704299567085315,0.6705983476399024,0.0,13484800.0,9958906.0,9958906.0,1651200.0,1136296.0,1136296.0,412800.0,224955.0,224955.0,0.0,0.0,0.3905485179075081,0.1321289102696028,0.0,0.7385282688656858,0.6881637596899225,0.5449491279069767,9012800.0,6387699.0,0.0,6387699.0,0.0,7078395.833042145,8806400.0,56029918.64226116,1504633795.9140625,7078395.833042145,7383864.401672363,946592.0,946592.0,0.7087363527427658,0.7087363527427658,0.8037785965936302,0.8037785965936302,0.19297212963681376,0.0,8668800.0,6317309.0,6317309.0,275200.0,69628.0,69628.0,68800.0,762.0,762.0,0.0,0.0,0.03468711035499392,0.10502751642109001,0.0,0.7287408868586194,0.2530087209302326,0.011075581395348838,6536000.0,4932458.0,0.0,4932458.0,0.0,13372336.78941266,44032000.0,2649608426.3135443,4511878204.113129,13372336.78941266,33702827.02938652,1107854.0,1107854.0,0.7546600367197063,0.7546600367197063,0.30369587548629773,0.30369587548629773,0.7663235362598391,0.0,4816000.0,3641597.0,3641597.0,1376000.0,1066668.0,1066668.0,344000.0,224193.0,224193.0,0.0,0.0,0.461720799418011,0.16950030599755203,0.0,0.7561455564784053,0.7751947674418604,0.6517238372093023,"[0.37095121109443024, 0.3870109429182786, 0.3990578826702921]","[0.6637641042811697, 0.6716286945210055, 0.6790051678839204]","[0.7137710676315143, 0.7249256775442479, 0.7515959946533923]","[0.7896226847673301, 0.8022458572736164, 0.8160085218717965]","[0.18690171130313346, 0.19138421494262411, 0.20034352486239332]","[0.6827298027989822, 0.7022637364821883, 0.7468626192748092]","[0.2872169163598503, 0.30235398082167675, 0.316219943551472]","[0.7598892524403505, 0.7669038059120934, 0.7721756226459112]","[0.7498722130847953, 0.7560188646331738, 0.7579333717105263]"
jl_gaussian_r2_s75,niah_multikey_1,0.75,10,0.3,1.0,-0.7,"[-1.0, -0.4]",37,287,0.1289198606271777,0.0,0.3,0,0,15733440.0,11429476.0,0.0,11429476.0,0.0,20653835.82207126,53944320.0,2687661840.267973,6104495996.722656,20653835.82207126,41631694.38188362,2045446.0,2045446.0,0.7264448207130799,0.7264448207130799,0.3828732259869299,0.3828732259869299,0.6635328153185196,0.0,13626240.0,10038828.0,10038828.0,1685760.0,1162793.0,1162793.0,421440.0,227855.0,227855.0,0.0,0.0,0.3888798405432186,0.13000627961844327,0.0,0.7367276666196985,0.6897737518982536,0.540658219438117,9060640.0,6381206.0,0.0,6381206.0,0.0,7193999.128932953,8990720.0,57019520.40925977,1525628434.5073242,7193999.128932953,7488274.714530945,918886.0,918886.0,0.7042776227727843,0.7042776227727843,0.8001582886501807,0.8001582886501807,0.19332472133611167,0.0,8709440.0,6315500.0,6315500.0,280960.0,64708.0,64708.0,70240.0,998.0,998.0,0.0,0.0,0.03273103662420718,0.10141513182291759,0.0,0.725132729544035,0.2303103644646925,0.014208428246013668,6672800.0,5048270.0,0.0,5048270.0,0.0,13459836.693138309,44953600.0,2630642319.858713,4578867562.215332,13459836.693138309,34143419.66735268,1126560.0,1126560.0,0.756544479079247,0.756544479079247,0.2994162134542797,0.2994162134542797,0.7579697263645542,0.0,4916800.0,3723328.0,3723328.0,1404800.0,1098085.0,1098085.0,351200.0,226857.0,226857.0,0.0,0.0,0.46010960132702095,0.16882867761659273,0.0,0.7572665148063781,0.7816664293849658,0.6459481776765376,"[0.37450736047301403, 0.38442114136667516, 0.3919970051129775]","[0.6592655751929648, 0.6618446757184602, 0.6700452072020792]","[0.7087819644174042, 0.7287173470916298, 0.7431510992809734]","[0.7910615173942808, 0.8019497461908032, 0.8098078883819593]","[0.1848534066082655, 0.1956472729840683, 0.20029616343740347]","[0.6721002080901836, 0.7063290195610687, 0.7334051964058523]","[0.29181599563981336, 0.3006994989331272, 0.3096464490272461]","[0.7505573723980409, 0.7578017775761736, 0.7670144448867728]","[0.7526006030701755, 0.7557448308270677, 0.7609388706140351]"
jl_gaussian_r2_s75,niah_multikey_2,0.75,10,0.0,1.0,-1.0,"[-1.0, -1.0]",28,289,0.09688581314878893,0.0,0.0,0,0,11329920.0,8734499.0,0.0,8734499.0,0.0,14711371.410674853,39198720.0,2054082089.683784,4496839381.815063,14711371.410674853,29591070.648210526,1285374.0,1285374.0,0.7709232721855053,0.7709232721855053,0.37530234177735533,0.37530234177735533,0.675857612874384,0.0,9798720.0,7730034.0,7730034.0,1224960.0,841638.0,841638.0,306240.0,162827.0,162827.0,0.0,0.0,0.3795965592125374,0.11344952126758176,0.0,0.7888820172430685,0.6870738636363637,0.5316973615464995,6481120.0,5023973.0,0.0,5023973.0,0.0,5285225.211921692,6533120.0,48176603.47246094,1142409037.9213867,5285225.211921692,5441760.060764313,492376.0,492376.0,0.7751704952230478,0.7751704952230478,0.8089894586233977,0.8089894586233977,0.20535594212776578,0.0,6225920.0,4994758.0,4994758.0,204160.0,28791.0,28791.0,51040.0,424.0,424.0,0.0,0.0,0.02396019801298933,0.0759708198582961,0.0,0.802252197265625,0.14102174764890282,0.008307210031347963,4848800.0,3710526.0,0.0,3710526.0,0.0,9426146.198753161,32665600.0,2005905486.211323,3354430343.8936768,9426146.198753161,24149310.587446213,792998.0,792998.0,0.7652462464939779,0.7652462464939779,0.28856491840814685,0.28856491840814685,0.7732961430929204,0.0,3572800.0,2735276.0,2735276.0,1020800.0,812847.0,812847.0,255200.0,162403.0,162403.0,0.0,0.0,0.45072383145244693,0.163545207061541,0.0,0.7655832960143305,0.7962842868338558,0.6363753918495297,"[0.3549723836853038, 0.36757930371936715, 0.38918808159875967]","[0.6644214900183936, 0.6745765839855566, 0.6863177556103787]","[0.7671294557724281, 0.7694033745002786, 0.7804311117256637]","[0.7899624113844369, 0.8051264718576407, 0.8175349140418807]","[0.19742987659921482, 0.2062093778196355, 0.2287420211665156]","[0.7671808664861944, 0.7735121269436049, 0.7903647920642494]","[0.26530551288206417, 0.28060545288770644, 0.30458156312480167]","[0.7605159875125268, 0.7716400428844099, 0.7873683468385811]","[0.762996339457638, 0.7667708545011176, 0.7715227272727273]"
jl_gaussian_r2_s75,niah_multikey_3,0.75,10,0.0,1.0,-1.0,"[-1.0, -1.0]",15,827,0.018137847642079808,0.0,0.0,0,0,15473280.0,11756304.0,0.0,11756304.0,0.0,20128196.866508238,52961280.0,2967689717.774562,6530206380.82959,20128196.866508238,41459502.6584301,1800656.0,1800656.0,0.759780990197295,0.759780990197295,0.38005495461039157,0.38005495461039157,0.6741333188025243,0.0,13412160.0,10398096.0,10398096.0,1655040.0,1102888.0,1102888.0,406080.0,255320.0,255320.0,0.0,0.0,0.40277171911105364,0.11637196509078876,0.0,0.7752737814043376,0.6663814771848414,0.6287431048069346,8922080.0,6792940.0,0.0,6792940.0,0.0,7255145.754241943,8826880.0,59518096.99919103,1672353963.7207031,7255145.754241943,7474349.320846558,689751.0,689751.0,0.7613628212255438,0.7613628212255438,0.8219377349915195,0.8219377349915195,0.18865156680780537,0.0,8584960.0,6756526.0,6756526.0,275840.0,35834.0,35834.0,61280.0,580.0,580.0,0.0,0.0,0.024833640720686615,0.07730831823969299,0.0,0.7870189261219621,0.1299086426914153,0.009464751958224544,6551200.0,4963364.0,0.0,4963364.0,0.0,12873051.112266297,44134400.0,2908171620.775371,4857852417.108887,12873051.112266297,33985153.33758354,1110905.0,1110905.0,0.757626694346074,0.757626694346074,0.291678398534166,0.291678398534166,0.773727187827369,0.0,4827200.0,3641570.0,3641570.0,1379200.0,1067054.0,1067054.0,344800.0,254740.0,254740.0,0.0,0.0,0.478359334789127,0.16957275003052877,0.0,0.7543855651309248,0.7736760440835266,0.7388051044083527,"[0.3707299971352848, 0.3792108310333544, 0.39485327046998614]","[0.6674497125022564, 0.675269820254105, 0.6826102054997962]","[0.7526636574074074, 0.7602736700148809, 0.7670497784391535]","[0.8143932535720524, 0.8218098273270125, 0.827524628341974]","[0.18562907938943882, 0.188541092028259, 0.19259173406758118]","[0.7509755608974359, 0.762529271640827, 0.7759586626112547]","[0.280562474929098, 0.2893980534091152, 0.3089902396019734]","[0.7668359572004204, 0.7735978322968693, 0.7838840433674301]","[0.7539981907894736, 0.7573403234649123, 0.7611123903508772]"
jl_gaussian_r2_s75,niah_multivalue,0.75,10,0.025,1.0,-0.975,"[-1.0, -0.925]",61,854,0.07142857142857142,0.0,0.025,0,0,16886720.0,12256234.0,0.0,12256234.0,0.0,22428947.288936306,57384960.0,2981359536.433822,6722090973.663086,22428947.288936306,45001530.84675026,2200489.0,2200489.0,0.7257912726687006,0.7257912726687006,0.3908506216426099,0.3908506216426099,0.665970487101314,0.0,14645120.0,10776026.0,10776026.0,1793280.0,1228430.0,1228430.0,448320.0,251778.0,251778.0,0.0,0.0,0.3933536515110223,0.13030884624130679,0.0,0.7358100172617227,0.6850185135617416,0.5616033190578158,9788320.0,6881823.0,0.0,6881823.0,0.0,7722633.000495911,9564160.0,58969890.01382924,1713819662.4458008,7722633.000495911,8030659.26858139,1009728.0,1009728.0,0.7030647751605996,0.7030647751605996,0.8074554378529751,0.8074554378529751,0.18549516682144276,0.0,9414720.0,6803123.0,6803123.0,298880.0,77362.0,77362.0,74720.0,1338.0,1338.0,0.0,0.0,0.032206306469724444,0.10315641499256256,0.0,0.7226049208048673,0.25883966809421843,0.017906852248394004,7098400.0,5374411.0,0.0,5374411.0,0.0,14706314.288440397,47820800.0,2922389646.4199934,5008271311.217285,14706314.288440397,36970871.57816887,1190761.0,1190761.0,0.7571299166009241,0.7571299166009241,0.3075296584005369,0.3075296584005369,0.7638799947272943,0.0,5230400.0,3972903.0,3972903.0,1494400.0,1151068.0,1151068.0,373600.0,250440.0,250440.0,0.0,0.0,0.4655831205192818,0.16775061985799616,0.0,0.7595791908840624,0.7702542826552462,0.6703426124197002,"[0.3846607036333295, 0.3883426134105203, 0.39605710045636294]","[0.661308834633543, 0.6663530524442554, 0.6723959277395827]","[0.7167368408923305, 0.7262326580936578, 0.7325835407448378]","[0.8010439962074937, 0.8065547889738809, 0.8145211565013354]","[0.1758804518251566, 0.18609863822444125, 0.19432881274555205]","[0.6853089217557251, 0.7030377163985824, 0.7170571922709924]","[0.3009122683903296, 0.3046528613432158, 0.31470366433404046]","[0.7574429839509755, 0.7639926246538082, 0.7688932359465243]","[0.7541165021929824, 0.7567557565789473, 0.7605508497807018]"
jl_gaussian_r2_s75,niah_multiquery,0.75,10,0.0,1.0,-1.0,"[-1.0, -1.0]",20,1088,0.01838235294117647,0.0,0.0,1,0,14750080.0,10644065.0,0.0,10644065.0,0.0,19249622.02756726,51855360.0,2689669063.2191396,6044444917.108582,19249622.02756726,39476234.32921982,1940151.0,1940151.0,0.7216276115112596,0.7216276115112596,0.3712175950097976,0.3712175950097976,0.6670696960129199,0.0,12724480.0,9303748.0,9303748.0,1620480.0,1106594.0,1106594.0,405120.0,233723.0,233723.0,0.0,0.0,0.3900582755891109,0.13153494760706383,0.0,0.7311692108439795,0.682880381121643,0.5769228870458136,8335680.0,5752484.0,0.0,5752484.0,0.0,7089351.117362976,8642560.0,46562612.53087613,1567373685.9067383,7089351.117362976,7354646.781620026,860482.0,860482.0,0.6901037467849054,0.6901037467849054,0.8202837026717751,0.8202837026717751,0.17235837631352513,0.0,7998080.0,5705755.0,5705755.0,270080.0,45636.0,45636.0,67520.0,1093.0,1093.0,0.0,0.0,0.030696421460429498,0.10322877077814888,0.0,0.7133905887412979,0.16897215639810426,0.016187796208530805,6414400.0,4891581.0,0.0,4891581.0,0.0,12160270.910204282,43212800.0,2643106450.6882634,4477071231.201843,12160270.910204282,32121587.547599792,1079669.0,1079669.0,0.7625936954352707,0.7625936954352707,0.2814043734774021,0.2814043734774021,0.7683521754423963,0.0,4726400.0,3597993.0,3597993.0,1350400.0,1060958.0,1060958.0,337600.0,232630.0,232630.0,0.0,0.0,0.4619306464148472,0.16831956223497133,0.0,0.7612544431279621,0.7856620260663507,0.6890699052132702,"[0.35614079411259997, 0.36622550227191847, 0.38656356580470336]","[0.6626741360458553, 0.6662522508915463, 0.6738176157499731]","[0.7066912560939254, 0.7249287640249684, 0.7297665775609639]","[0.8036193661108889, 0.8206767675576743, 0.831281803114883]","[0.16351115875755548, 0.17333950764329167, 0.18466204502856098]","[0.6633212614262459, 0.6967287270021645, 0.7028340264959538]","[0.2655221388597048, 0.27523193589979583, 0.3002616932008839]","[0.7585985787019311, 0.767923127844529, 0.7780550282212099]","[0.7607294407894737, 0.7628913103070176, 0.766649259868421]"
jl_gaussian_r2_s75,vt,0.75,10,0.0,0.0,0.0,"[0.0, 0.0]",28,300,0.09333333333333334,0.0,,1,0,16198720.0,13080663.0,0.0,13080663.0,0.0,23097534.968663234,54804480.0,3070392471.895177,6941488016.929321,23097534.968663234,45157139.55334282,1361083.0,1361083.0,0.8075121367614231,0.8075121367614231,0.4214534098063376,0.4214534098063376,0.6650750521089084,0.0,14057920.0,11697120.0,11697120.0,1712640.0,1160030.0,1160030.0,428160.0,223513.0,223513.0,0.0,0.0,0.40251462261259635,0.08402410807767527,0.0,0.8320661947144385,0.6773344076980568,0.5220314835575486,9419520.0,7869729.0,0.0,7869729.0,0.0,7739101.838882446,9134080.0,51475067.30813779,1770882741.3618164,7739101.838882446,7901102.984153748,320985.0,320985.0,0.835470278740318,0.835470278740318,0.8472776501719326,0.8472776501719326,0.17049182470730967,0.0,9062720.0,7818609.0,7818609.0,285440.0,50463.0,50463.0,71360.0,657.0,657.0,0.0,0.0,0.017735901729709097,0.03407657715042805,0.0,0.862722118745807,0.17679021860986546,0.009206838565022421,6779200.0,5210934.0,0.0,5210934.0,0.0,15358433.129780788,45670400.0,3018917404.5870395,5170605275.567505,15358433.129780788,37256036.56918907,1040098.0,1040098.0,0.7686650342223271,0.7686650342223271,0.33628856173321864,0.33628856173321864,0.7641083104841206,0.0,4995200.0,3878511.0,3878511.0,1427200.0,1109567.0,1109567.0,356800.0,222856.0,222856.0,0.0,0.0,0.4794703667891738,0.15342488789237668,0.0,0.7764475896860986,0.7774432455156951,0.6245964125560538,"[0.4019731309838068, 0.41142635110288067, 0.4424666027727388]","[0.6565458079668968, 0.6637977329996246, 0.671650410114997]","[0.801414814901866, 0.805769605818649, 0.8145723201174743]","[0.8386646790823774, 0.847979908248332, 0.8554963782825507]","[0.16230751715518646, 0.16995385176581107, 0.17782502012155751]","[0.8284237357377126, 0.8317437065972222, 0.8458716066919192]","[0.3121730873978186, 0.3244937022137572, 0.3591226699686834]","[0.7562125056173012, 0.7632937244299416, 0.7708743388754349]","[0.7621251370614035, 0.7681659011285836, 0.7729836896929825]"
jl_gaussian_r2_s75,cwe,0.75,10,0.0,1.0,-1.0,"[-1.0, -1.0]",58,858,0.0675990675990676,0.0,0.0,4,0,17264640.0,13221392.0,0.0,13221392.0,0.0,22735844.404549446,58982400.0,3429031009.99639,7509860634.1241455,22735844.404549446,46542853.73939705,2016206.0,2016206.0,0.7658075696915777,0.7658075696915777,0.38546828214093437,0.38546828214093437,0.6757246586043186,0.0,14960640.0,11716739.0,11716739.0,1843200.0,1232426.0,1232426.0,460800.0,272227.0,272227.0,0.0,0.0,0.40362903738823114,0.11678239453588375,0.0,0.783170973969028,0.6686338975694445,0.5907703993055555,9968640.0,7621360.0,0.0,7621360.0,0.0,7950412.009870529,9830400.0,73509376.46465948,2029597191.8642578,7950412.009870529,8237635.178987503,838080.0,838080.0,0.7645335772984078,0.7645335772984078,0.8087577321238738,0.8087577321238738,0.19031211809006138,0.0,9584640.0,7572138.0,7572138.0,307200.0,48117.0,48117.0,76800.0,1105.0,1105.0,0.0,0.0,0.029217851676124458,0.08407164869029275,0.0,0.7900284204727565,0.156630859375,0.014388020833333333,7296000.0,5600032.0,0.0,5600032.0,0.0,14785432.394678917,49152000.0,3355521633.53173,5480263442.259888,14785432.394678917,38305218.560409546,1178126.0,1178126.0,0.7675482456140351,0.7675482456140351,0.30081039214434646,0.30081039214434646,0.7824909143307058,0.0,5376000.0,4144601.0,4144601.0,1536000.0,1184309.0,1184309.0,384000.0,271122.0,271122.0,0.0,0.0,0.47851127453065245,0.16147560307017544,0.0,0.7709451264880952,0.7710345052083334,0.706046875,"[0.37077774586676426, 0.3824454934376772, 0.3993093489418299]","[0.6663337791897064, 0.6757289354943277, 0.6852715400834812]","[0.7594085069444444, 0.7664454403831845, 0.7720687646299187]","[0.7962211378378561, 0.8096722973840467, 0.8190295256561755]","[0.18337366338682815, 0.18915455115035673, 0.19807067749699792]","[0.7539225761217949, 0.7667466473489366, 0.7754136478120007]","[0.2828442230334817, 0.2985096031101547, 0.3168066451488964]","[0.7710003477088028, 0.7829392293726626, 0.7938680236376856]","[0.7650106907894737, 0.7669894462719298, 0.7714384594298246]"
jl_gaussian_r2_s75,fwe,0.75,10,0.0,1.0,-1.0,"[-1.0, -1.0]",67,401,0.16708229426433915,0.0,0.0,3,0,16193920.0,12550625.0,0.0,12550625.0,0.0,22336307.67855998,55910400.0,3198638416.539967,6813608468.468628,22336307.67855998,44914242.03780365,1758514.0,1758514.0,0.7750208102794135,0.7750208102794135,0.3995018400612405,0.3995018400612405,0.6851631344117984,0.0,14009920.0,11143908.0,11143908.0,1747200.0,1187633.0,1187633.0,436800.0,219084.0,219084.0,0.0,0.0,0.40382351689924717,0.10859100205509228,0.0,0.7954298097348165,0.6797350045787546,0.5015659340659341,9277920.0,7255093.0,0.0,7255093.0,0.0,7675310.675991058,9318400.0,62358516.50436814,1858020287.020996,7675310.675991058,7879364.560253143,655209.0,655209.0,0.7819740847086416,0.7819740847086416,0.8236725914310459,0.8236725914310459,0.18319881562659807,0.0,8913920.0,7210379.0,7210379.0,291200.0,43797.0,43797.0,72800.0,917.0,917.0,0.0,0.0,0.021897952895570588,0.07062024677945057,0.0,0.8088898038124641,0.15040178571428572,0.012596153846153845,6916000.0,5295532.0,0.0,5295532.0,0.0,14660997.002568925,46592000.0,3136279900.0355988,4955588181.447632,14660997.002568925,37034877.47755051,1103305.0,1103305.0,0.7656928860613071,0.7656928860613071,0.3146676897872795,0.3146676897872795,0.7955359372789795,0.0,5096000.0,3933529.0,3933529.0,1456000.0,1143836.0,1143836.0,364000.0,218167.0,218167.0,0.0,0.0,0.48020862969998246,0.15952935222672066,0.0,0.7718855965463108,0.7856016483516484,0.5993598901098901,"[0.38790500156311264, 0.3993058774925673, 0.4124752234408751]","[0.6751199526686525, 0.6863686269070652, 0.6957591009130165]","[0.7653427879899621, 0.7759028161873156, 0.786340040330763]","[0.812472115804527, 0.8240236904646736, 0.8330324518498188]","[0.17522850358031888, 0.1821779570755547, 0.19232138720582637]","[0.7619954081919542, 0.7864558484414759, 0.8006589962855297]","[0.3001390497222878, 0.3155069359282372, 0.3292659486515808]","[0.7837314345791467, 0.7986013120686366, 0.8092128001857559]","[0.7609211896929824, 0.7655119243421052, 0.7705298264850723]"
jl_gaussian_r2_s75,qa_1,0.75,10,0.0,1.0,-1.0,"[-1.0, -1.0]",28,92,0.30434782608695654,0.0,0.0,0,0,10645920.0,7885401.0,0.0,7885401.0,0.0,13690201.801474573,37355520.0,1807053530.541789,4117806045.1659546,13690201.801474573,28109649.936891556,1284565.0,1284565.0,0.7406969994138599,0.7406969994138599,0.3664840377399263,0.3664840377399263,0.662449177991538,0.0,9186720.0,6909569.0,6909569.0,1167360.0,828303.0,828303.0,291840.0,147529.0,147529.0,0.0,0.0,0.3860058201683977,0.1206626576190691,0.0,0.7521257859170629,0.7095523231907894,0.5055132949561404,6025120.0,4366149.0,0.0,4366149.0,0.0,4902016.619251251,6225920.0,39167703.27618579,972725176.0297852,4902016.619251251,5091158.817775726,514716.0,514716.0,0.7246576001805773,0.7246576001805773,0.7873561849897286,0.7873561849897286,0.2006637734463106,0.0,5781920.0,4329671.0,4329671.0,194560.0,36025.0,36025.0,48640.0,453.0,453.0,0.0,0.0,0.03037979905371015,0.0854283400164644,0.0,0.7488292816227136,0.18516138980263158,0.009313322368421053,4620800.0,3519252.0,0.0,3519252.0,0.0,8788185.182223322,31129600.0,1767885827.2656033,3145080869.1361694,8788185.182223322,23018491.11911583,769849.0,769849.0,0.7616109764542937,0.7616109764542937,0.2823096082899659,0.2823096082899659,0.7497408921370048,0.0,3404800.0,2579898.0,2579898.0,972800.0,792278.0,792278.0,243200.0,147076.0,147076.0,0.0,0.0,0.4571310243913352,0.16660513331024931,0.0,0.7577238016917294,0.814430509868421,0.6047532894736842,"[0.358921283054003, 0.3638246406879969, 0.37106534928471063]","[0.6518641698261262, 0.6680109313489853, 0.6730855289431368]","[0.7290585462767826, 0.7399544218456691, 0.7547682310270072]","[0.7697463061869774, 0.7845272224862129, 0.8050324199991601]","[0.17972189760863144, 0.20235517636074907, 0.21436083713327098]","[0.6987731395578547, 0.7223788457089984, 0.7485916179200967]","[0.2745394381574815, 0.27772730863733613, 0.2906417849027902]","[0.7379391593828415, 0.7546217148614374, 0.7620735514829374]","[0.7596977796052632, 0.7624051339285715, 0.7656758951998766]"
jl_gaussian_r2_s75,qa_2,0.75,10,0.0,0.6,-0.6,"[-0.9, -0.3]",26,108,0.24074074074074073,0.0,0.0,0,0,8335360.0,6179257.0,0.0,6179257.0,0.0,11328275.910249513,30351360.0,1524032989.8346176,3379630178.181183,11328275.910249513,23050982.433395386,990580.0,990580.0,0.7413305484106265,0.7413305484106265,0.3732378354791849,0.3732378354791849,0.6715256320375429,0.0,7149760.0,5398486.0,5398486.0,948480.0,659853.0,659853.0,237120.0,120918.0,120918.0,0.0,0.0,0.38623331946726186,0.11884069794226045,0.0,0.755058351609005,0.695695217611336,0.5099443319838056,4580960.0,3318165.0,0.0,3318165.0,0.0,4065491.238193512,5058560.0,30520591.787799537,817603640.144043,4065491.238193512,4196607.000743866,364838.0,364838.0,0.7243383482938074,0.7243383482938074,0.8036854832587756,0.8036854832587756,0.19320798310479131,0.0,4383360.0,3291790.0,3291790.0,158080.0,25968.0,25968.0,39520.0,407.0,407.0,0.0,0.0,0.025919582361453457,0.07964225839125423,0.0,0.7509741385603738,0.16427125506072873,0.010298582995951417,3754400.0,2861092.0,0.0,2861092.0,0.0,7262784.672056001,25292800.0,1493512398.046818,2562026538.03714,7262784.672056001,18854375.43265152,625742.0,625742.0,0.7620637119113574,0.7620637119113574,0.28714830592326673,0.28714830592326673,0.7635062633499422,0.0,2766400.0,2106696.0,2106696.0,790400.0,633885.0,633885.0,197600.0,120511.0,120511.0,0.0,0.0,0.45829606688842356,0.16666897506925207,0.0,0.7615297860034702,0.8019800101214575,0.6098734817813766,"[0.35619714728916724, 0.36192736653382074, 0.3871936366642706]","[0.6624036859007536, 0.670029836630927, 0.6799964426349148]","[0.7358813483062211, 0.7402272286025996, 0.7581896563914027]","[0.7796587358782334, 0.8037401908412576, 0.8253853443812114]","[0.1741393898927235, 0.1952025079144195, 0.2124815516773921]","[0.7103508760737077, 0.7209633783960292, 0.756060549259768]","[0.26859568441468645, 0.2751968578623719, 0.2999497395910986]","[0.7524615812161151, 0.7600630644093911, 0.7709282245046003]","[0.7586389428827752, 0.7627078829887217, 0.7661903618421053]"
