dimension,value,active_count,tile_count
kv_head,0,0,126277
kv_head,0,1,24045
kv_head,0,2,13881
kv_head,0,3,9812
kv_head,0,4,7925
kv_head,0,5,6685
kv_head,0,6,6003
kv_head,0,7,5267
kv_head,0,8,5049
kv_head,0,9,4441
kv_head,0,10,4272
kv_head,0,11,3975
kv_head,0,12,3650
kv_head,0,13,3412
kv_head,0,14,3084
kv_head,0,15,2885
kv_head,0,16,2615
kv_head,0,17,2554
kv_head,0,18,2373
kv_head,0,19,2241
kv_head,0,20,2179
kv_head,0,21,2152
kv_head,0,22,1988
kv_head,0,23,1858
kv_head,0,24,1781
kv_head,0,25,1726
kv_head,0,26,1681
kv_head,0,27,1675
kv_head,0,28,1495
kv_head,0,29,1476
kv_head,0,30,1489
kv_head,0,31,1351
kv_head,0,32,1320
kv_head,0,33,1314
kv_head,0,34,1265
kv_head,0,35,1322
kv_head,0,36,1196
kv_head,0,37,1157
kv_head,0,38,1240
kv_head,0,39,1185
kv_head,0,40,1140
kv_head,0,41,1100
kv_head,0,42,1118
kv_head,0,43,1122
kv_head,0,44,1051
kv_head,0,45,1011
kv_head,0,46,1073
kv_head,0,47,1017
kv_head,0,48,1068
kv_head,0,49,1023
kv_head,0,50,1000
kv_head,0,51,1018
kv_head,0,52,1010
kv_head,0,53,1014
kv_head,0,54,1024
kv_head,0,55,1004
kv_head,0,56,1003
kv_head,0,57,990
kv_head,0,58,957
kv_head,0,59,1047
kv_head,0,60,1048
kv_head,0,61,1005
kv_head,0,62,959
kv_head,0,63,1159
kv_head,0,64,1456
kv_head,0,65,1449
kv_head,0,66,1344
kv_head,0,67,1019
kv_head,0,68,1007
kv_head,0,69,1041
kv_head,0,70,1023
kv_head,0,71,1014
kv_head,0,72,985
kv_head,0,73,990
kv_head,0,74,881
kv_head,0,75,913
kv_head,0,76,846
kv_head,0,77,906
kv_head,0,78,901
kv_head,0,79,860
kv_head,0,80,915
kv_head,0,81,842
kv_head,0,82,901
kv_head,0,83,850
kv_head,0,84,897
kv_head,0,85,902
kv_head,0,86,895
kv_head,0,87,867
kv_head,0,88,853
kv_head,0,89,913
kv_head,0,90,865
kv_head,0,91,930
kv_head,0,92,894
kv_head,0,93,915
kv_head,0,94,894
kv_head,0,95,985
kv_head,0,96,954
kv_head,0,97,954
kv_head,0,98,996
kv_head,0,99,931
kv_head,0,100,1010
kv_head,0,101,984
kv_head,0,102,1035
kv_head,0,103,1045
kv_head,0,104,1090
kv_head,0,105,1069
kv_head,0,106,1058
kv_head,0,107,1100
kv_head,0,108,1125
kv_head,0,109,1119
kv_head,0,110,1252
kv_head,0,111,1251
kv_head,0,112,1299
kv_head,0,113,1377
kv_head,0,114,1344
kv_head,0,115,1408
kv_head,0,116,1431
kv_head,0,117,1518
kv_head,0,118,1504
kv_head,0,119,1534
kv_head,0,120,1569
kv_head,0,121,1449
kv_head,0,122,1385
kv_head,0,123,1491
kv_head,0,124,1587
kv_head,0,125,1882
kv_head,0,126,2569
kv_head,0,127,4480
kv_head,0,128,21206
kv_head,1,0,104551
kv_head,1,1,23030
kv_head,1,2,13978
kv_head,1,3,10640
kv_head,1,4,8430
kv_head,1,5,7050
kv_head,1,6,6095
kv_head,1,7,5416
kv_head,1,8,5052
kv_head,1,9,4658
kv_head,1,10,4310
kv_head,1,11,4083
kv_head,1,12,3882
kv_head,1,13,3646
kv_head,1,14,3350
kv_head,1,15,3228
kv_head,1,16,3013
kv_head,1,17,2829
kv_head,1,18,2624
kv_head,1,19,2498
kv_head,1,20,2386
kv_head,1,21,2292
kv_head,1,22,2230
kv_head,1,23,2107
kv_head,1,24,1990
kv_head,1,25,2003
kv_head,1,26,1876
kv_head,1,27,1885
kv_head,1,28,1803
kv_head,1,29,1691
kv_head,1,30,1716
kv_head,1,31,1638
kv_head,1,32,1597
kv_head,1,33,1501
kv_head,1,34,1545
kv_head,1,35,1462
kv_head,1,36,1426
kv_head,1,37,1333
kv_head,1,38,1384
kv_head,1,39,1339
kv_head,1,40,1354
kv_head,1,41,1344
kv_head,1,42,1277
kv_head,1,43,1213
kv_head,1,44,1220
kv_head,1,45,1170
kv_head,1,46,1220
kv_head,1,47,1229
kv_head,1,48,1179
kv_head,1,49,1154
kv_head,1,50,1107
kv_head,1,51,1112
kv_head,1,52,1093
kv_head,1,53,1102
kv_head,1,54,1087
kv_head,1,55,1110
kv_head,1,56,1169
kv_head,1,57,1115
kv_head,1,58,1178
kv_head,1,59,1170
kv_head,1,60,1127
kv_head,1,61,1148
kv_head,1,62,1139
kv_head,1,63,1025
kv_head,1,64,1022
kv_head,1,65,1045
kv_head,1,66,993
kv_head,1,67,993
kv_head,1,68,904
kv_head,1,69,957
kv_head,1,70,940
kv_head,1,71,986
kv_head,1,72,970
kv_head,1,73,893
kv_head,1,74,988
kv_head,1,75,956
kv_head,1,76,896
kv_head,1,77,892
kv_head,1,78,954
kv_head,1,79,861
kv_head,1,80,851
kv_head,1,81,892
kv_head,1,82,851
kv_head,1,83,902
kv_head,1,84,872
kv_head,1,85,914
kv_head,1,86,861
kv_head,1,87,891
kv_head,1,88,961
kv_head,1,89,929
kv_head,1,90,862
kv_head,1,91,958
kv_head,1,92,879
kv_head,1,93,940
kv_head,1,94,914
kv_head,1,95,933
kv_head,1,96,890
kv_head,1,97,987
kv_head,1,98,916
kv_head,1,99,979
kv_head,1,100,974
kv_head,1,101,941
kv_head,1,102,985
kv_head,1,103,978
kv_head,1,104,997
kv_head,1,105,1027
kv_head,1,106,1041
kv_head,1,107,1032
kv_head,1,108,1078
kv_head,1,109,1166
kv_head,1,110,1068
kv_head,1,111,1222
kv_head,1,112,1253
kv_head,1,113,1190
kv_head,1,114,1288
kv_head,1,115,1328
kv_head,1,116,1287
kv_head,1,117,1385
kv_head,1,118,1469
kv_head,1,119,1529
kv_head,1,120,1568
kv_head,1,121,1643
kv_head,1,122,1814
kv_head,1,123,2039
kv_head,1,124,2311
kv_head,1,125,2777
kv_head,1,126,3452
kv_head,1,127,5256
kv_head,1,128,30077
kv_head,10,0,116851
kv_head,10,1,22839
kv_head,10,2,13969
kv_head,10,3,10211
kv_head,10,4,8060
kv_head,10,5,6538
kv_head,10,6,5754
kv_head,10,7,5036
kv_head,10,8,4663
kv_head,10,9,4129
kv_head,10,10,3852
kv_head,10,11,3577
kv_head,10,12,3157
kv_head,10,13,2976
kv_head,10,14,2795
kv_head,10,15,2641
kv_head,10,16,2473
kv_head,10,17,2325
kv_head,10,18,2234
kv_head,10,19,2172
kv_head,10,20,2001
kv_head,10,21,1969
kv_head,10,22,1848
kv_head,10,23,1847
kv_head,10,24,1809
kv_head,10,25,1659
kv_head,10,26,1695
kv_head,10,27,1585
kv_head,10,28,1559
kv_head,10,29,1495
kv_head,10,30,1468
kv_head,10,31,1474
kv_head,10,32,1440
kv_head,10,33,1375
kv_head,10,34,1359
kv_head,10,35,1271
kv_head,10,36,1304
kv_head,10,37,1258
kv_head,10,38,1244
kv_head,10,39,1195
kv_head,10,40,1233
kv_head,10,41,1208
kv_head,10,42,1193
kv_head,10,43,1171
kv_head,10,44,1112
kv_head,10,45,1176
kv_head,10,46,1122
kv_head,10,47,1093
kv_head,10,48,1108
kv_head,10,49,1081
kv_head,10,50,1059
kv_head,10,51,1055
kv_head,10,52,1054
kv_head,10,53,1048
kv_head,10,54,1004
kv_head,10,55,1091
kv_head,10,56,1115
kv_head,10,57,1049
kv_head,10,58,1089
kv_head,10,59,967
kv_head,10,60,1007
kv_head,10,61,1038
kv_head,10,62,1030
kv_head,10,63,989
kv_head,10,64,967
kv_head,10,65,1064
kv_head,10,66,994
kv_head,10,67,975
kv_head,10,68,861
kv_head,10,69,962
kv_head,10,70,926
kv_head,10,71,885
kv_head,10,72,998
kv_head,10,73,854
kv_head,10,74,855
kv_head,10,75,875
kv_head,10,76,875
kv_head,10,77,876
kv_head,10,78,858
kv_head,10,79,840
kv_head,10,80,849
kv_head,10,81,851
kv_head,10,82,865
kv_head,10,83,884
kv_head,10,84,901
kv_head,10,85,902
kv_head,10,86,910
kv_head,10,87,897
kv_head,10,88,894
kv_head,10,89,912
kv_head,10,90,950
kv_head,10,91,920
kv_head,10,92,972
kv_head,10,93,978
kv_head,10,94,1000
kv_head,10,95,984
kv_head,10,96,1052
kv_head,10,97,1044
kv_head,10,98,1020
kv_head,10,99,954
kv_head,10,100,1065
kv_head,10,101,1054
kv_head,10,102,995
kv_head,10,103,975
kv_head,10,104,941
kv_head,10,105,985
kv_head,10,106,970
kv_head,10,107,984
kv_head,10,108,1039
kv_head,10,109,1024
kv_head,10,110,1018
kv_head,10,111,1100
kv_head,10,112,1087
kv_head,10,113,1104
kv_head,10,114,1169
kv_head,10,115,1212
kv_head,10,116,1267
kv_head,10,117,1399
kv_head,10,118,1427
kv_head,10,119,1592
kv_head,10,120,1583
kv_head,10,121,1887
kv_head,10,122,2069
kv_head,10,123,2425
kv_head,10,124,2532
kv_head,10,125,3151
kv_head,10,126,3835
kv_head,10,127,5636
kv_head,10,128,31088
kv_head,11,0,108982
kv_head,11,1,24132
kv_head,11,2,14953
kv_head,11,3,10559
kv_head,11,4,8255
kv_head,11,5,6876
kv_head,11,6,5967
kv_head,11,7,5124
kv_head,11,8,4654
kv_head,11,9,4226
kv_head,11,10,3820
kv_head,11,11,3595
kv_head,11,12,3331
kv_head,11,13,3000
kv_head,11,14,2884
kv_head,11,15,2732
kv_head,11,16,2545
kv_head,11,17,2430
kv_head,11,18,2304
kv_head,11,19,2304
kv_head,11,20,2147
kv_head,11,21,2066
kv_head,11,22,2090
kv_head,11,23,1984
kv_head,11,24,1875
kv_head,11,25,1776
kv_head,11,26,1731
kv_head,11,27,1657
kv_head,11,28,1644
kv_head,11,29,1608
kv_head,11,30,1529
kv_head,11,31,1487
kv_head,11,32,1482
kv_head,11,33,1443
kv_head,11,34,1439
kv_head,11,35,1357
kv_head,11,36,1347
kv_head,11,37,1364
kv_head,11,38,1371
kv_head,11,39,1329
kv_head,11,40,1205
kv_head,11,41,1277
kv_head,11,42,1207
kv_head,11,43,1212
kv_head,11,44,1161
kv_head,11,45,1171
kv_head,11,46,1179
kv_head,11,47,1186
kv_head,11,48,1085
kv_head,11,49,1019
kv_head,11,50,1090
kv_head,11,51,970
kv_head,11,52,1083
kv_head,11,53,993
kv_head,11,54,1019
kv_head,11,55,1012
kv_head,11,56,1042
kv_head,11,57,1006
kv_head,11,58,1060
kv_head,11,59,982
kv_head,11,60,1007
kv_head,11,61,1065
kv_head,11,62,1037
kv_head,11,63,1059
kv_head,11,64,1261
kv_head,11,65,1086
kv_head,11,66,1032
kv_head,11,67,1012
kv_head,11,68,1032
kv_head,11,69,1021
kv_head,11,70,1006
kv_head,11,71,967
kv_head,11,72,973
kv_head,11,73,1027
kv_head,11,74,972
kv_head,11,75,960
kv_head,11,76,950
kv_head,11,77,933
kv_head,11,78,951
kv_head,11,79,912
kv_head,11,80,870
kv_head,11,81,920
kv_head,11,82,948
kv_head,11,83,931
kv_head,11,84,904
kv_head,11,85,928
kv_head,11,86,911
kv_head,11,87,915
kv_head,11,88,926
kv_head,11,89,949
kv_head,11,90,887
kv_head,11,91,874
kv_head,11,92,869
kv_head,11,93,946
kv_head,11,94,920
kv_head,11,95,922
kv_head,11,96,954
kv_head,11,97,897
kv_head,11,98,894
kv_head,11,99,987
kv_head,11,100,955
kv_head,11,101,1062
kv_head,11,102,953
kv_head,11,103,1112
kv_head,11,104,1073
kv_head,11,105,1057
kv_head,11,106,1044
kv_head,11,107,1067
kv_head,11,108,1117
kv_head,11,109,1092
kv_head,11,110,1122
kv_head,11,111,1180
kv_head,11,112,1246
kv_head,11,113,1235
kv_head,11,114,1233
kv_head,11,115,1341
kv_head,11,116,1394
kv_head,11,117,1296
kv_head,11,118,1404
kv_head,11,119,1501
kv_head,11,120,1617
kv_head,11,121,1696
kv_head,11,122,1813
kv_head,11,123,2038
kv_head,11,124,2363
kv_head,11,125,2872
kv_head,11,126,3434
kv_head,11,127,5071
kv_head,11,128,32855
kv_head,12,0,105418
kv_head,12,1,21731
kv_head,12,2,13568
kv_head,12,3,10576
kv_head,12,4,8727
kv_head,12,5,7433
kv_head,12,6,6289
kv_head,12,7,5760
kv_head,12,8,5073
kv_head,12,9,4651
kv_head,12,10,4047
kv_head,12,11,3764
kv_head,12,12,3480
kv_head,12,13,3174
kv_head,12,14,2962
kv_head,12,15,2843
kv_head,12,16,2640
kv_head,12,17,2564
kv_head,12,18,2432
kv_head,12,19,2401
kv_head,12,20,2285
kv_head,12,21,2190
kv_head,12,22,2112
kv_head,12,23,1964
kv_head,12,24,1961
kv_head,12,25,1826
kv_head,12,26,1766
kv_head,12,27,1702
kv_head,12,28,1679
kv_head,12,29,1562
kv_head,12,30,1583
kv_head,12,31,1545
kv_head,12,32,1496
kv_head,12,33,1479
kv_head,12,34,1478
kv_head,12,35,1374
kv_head,12,36,1392
kv_head,12,37,1373
kv_head,12,38,1263
kv_head,12,39,1270
kv_head,12,40,1254
kv_head,12,41,1289
kv_head,12,42,1202
kv_head,12,43,1267
kv_head,12,44,1193
kv_head,12,45,1272
kv_head,12,46,1203
kv_head,12,47,1168
kv_head,12,48,1222
kv_head,12,49,1128
kv_head,12,50,1184
kv_head,12,51,1119
kv_head,12,52,1115
kv_head,12,53,1120
kv_head,12,54,1159
kv_head,12,55,1123
kv_head,12,56,1118
kv_head,12,57,1090
kv_head,12,58,1065
kv_head,12,59,1052
kv_head,12,60,1048
kv_head,12,61,1054
kv_head,12,62,1035
kv_head,12,63,945
kv_head,12,64,985
kv_head,12,65,1012
kv_head,12,66,893
kv_head,12,67,945
kv_head,12,68,895
kv_head,12,69,912
kv_head,12,70,853
kv_head,12,71,855
kv_head,12,72,821
kv_head,12,73,869
kv_head,12,74,856
kv_head,12,75,882
kv_head,12,76,842
kv_head,12,77,808
kv_head,12,78,874
kv_head,12,79,869
kv_head,12,80,819
kv_head,12,81,836
kv_head,12,82,837
kv_head,12,83,811
kv_head,12,84,841
kv_head,12,85,857
kv_head,12,86,787
kv_head,12,87,858
kv_head,12,88,858
kv_head,12,89,858
kv_head,12,90,826
kv_head,12,91,882
kv_head,12,92,855
kv_head,12,93,882
kv_head,12,94,896
kv_head,12,95,844
kv_head,12,96,910
kv_head,12,97,955
kv_head,12,98,948
kv_head,12,99,958
kv_head,12,100,974
kv_head,12,101,953
kv_head,12,102,979
kv_head,12,103,1041
kv_head,12,104,1058
kv_head,12,105,1017
kv_head,12,106,1149
kv_head,12,107,1147
kv_head,12,108,1179
kv_head,12,109,1161
kv_head,12,110,1222
kv_head,12,111,1283
kv_head,12,112,1301
kv_head,12,113,1331
kv_head,12,114,1419
kv_head,12,115,1507
kv_head,12,116,1570
kv_head,12,117,1615
kv_head,12,118,1787
kv_head,12,119,1901
kv_head,12,120,1986
kv_head,12,121,2131
kv_head,12,122,2301
kv_head,12,123,2515
kv_head,12,124,2615
kv_head,12,125,3248
kv_head,12,126,4027
kv_head,12,127,6068
kv_head,12,128,30984
kv_head,13,0,100336
kv_head,13,1,22628
kv_head,13,2,14558
kv_head,13,3,10982
kv_head,13,4,8649
kv_head,13,5,7414
kv_head,13,6,6376
kv_head,13,7,5522
kv_head,13,8,5139
kv_head,13,9,4512
kv_head,13,10,4251
kv_head,13,11,3834
kv_head,13,12,3610
kv_head,13,13,3407
kv_head,13,14,3263
kv_head,13,15,2971
kv_head,13,16,2871
kv_head,13,17,2733
kv_head,13,18,2617
kv_head,13,19,2516
kv_head,13,20,2423
kv_head,13,21,2291
kv_head,13,22,2200
kv_head,13,23,2089
kv_head,13,24,1969
kv_head,13,25,1921
kv_head,13,26,1899
kv_head,13,27,1870
kv_head,13,28,1745
kv_head,13,29,1648
kv_head,13,30,1655
kv_head,13,31,1619
kv_head,13,32,1582
kv_head,13,33,1587
kv_head,13,34,1553
kv_head,13,35,1466
kv_head,13,36,1424
kv_head,13,37,1416
kv_head,13,38,1421
kv_head,13,39,1411
kv_head,13,40,1333
kv_head,13,41,1317
kv_head,13,42,1244
kv_head,13,43,1221
kv_head,13,44,1254
kv_head,13,45,1123
kv_head,13,46,1139
kv_head,13,47,1160
kv_head,13,48,1194
kv_head,13,49,1160
kv_head,13,50,1147
kv_head,13,51,1087
kv_head,13,52,1072
kv_head,13,53,1078
kv_head,13,54,1086
kv_head,13,55,1125
kv_head,13,56,1034
kv_head,13,57,955
kv_head,13,58,1006
kv_head,13,59,1001
kv_head,13,60,1032
kv_head,13,61,948
kv_head,13,62,1021
kv_head,13,63,1046
kv_head,13,64,1010
kv_head,13,65,980
kv_head,13,66,958
kv_head,13,67,928
kv_head,13,68,921
kv_head,13,69,974
kv_head,13,70,896
kv_head,13,71,920
kv_head,13,72,920
kv_head,13,73,938
kv_head,13,74,877
kv_head,13,75,829
kv_head,13,76,924
kv_head,13,77,839
kv_head,13,78,874
kv_head,13,79,863
kv_head,13,80,874
kv_head,13,81,867
kv_head,13,82,864
kv_head,13,83,880
kv_head,13,84,907
kv_head,13,85,821
kv_head,13,86,885
kv_head,13,87,877
kv_head,13,88,893
kv_head,13,89,882
kv_head,13,90,827
kv_head,13,91,838
kv_head,13,92,880
kv_head,13,93,862
kv_head,13,94,852
kv_head,13,95,877
kv_head,13,96,879
kv_head,13,97,902
kv_head,13,98,889
kv_head,13,99,864
kv_head,13,100,908
kv_head,13,101,898
kv_head,13,102,938
kv_head,13,103,969
kv_head,13,104,956
kv_head,13,105,1005
kv_head,13,106,970
kv_head,13,107,1005
kv_head,13,108,1013
kv_head,13,109,1073
kv_head,13,110,1006
kv_head,13,111,1114
kv_head,13,112,1152
kv_head,13,113,1133
kv_head,13,114,1154
kv_head,13,115,1246
kv_head,13,116,1289
kv_head,13,117,1441
kv_head,13,118,1600
kv_head,13,119,1637
kv_head,13,120,1693
kv_head,13,121,1804
kv_head,13,122,2184
kv_head,13,123,2808
kv_head,13,124,2741
kv_head,13,125,3203
kv_head,13,126,3865
kv_head,13,127,4955
kv_head,13,128,35224
kv_head,14,0,104794
kv_head,14,1,22787
kv_head,14,2,14496
kv_head,14,3,10724
kv_head,14,4,8654
kv_head,14,5,6979
kv_head,14,6,6054
kv_head,14,7,5373
kv_head,14,8,4693
kv_head,14,9,4296
kv_head,14,10,4000
kv_head,14,11,3736
kv_head,14,12,3350
kv_head,14,13,3214
kv_head,14,14,2992
kv_head,14,15,2735
kv_head,14,16,2576
kv_head,14,17,2413
kv_head,14,18,2355
kv_head,14,19,2167
kv_head,14,20,2108
kv_head,14,21,2036
kv_head,14,22,1948
kv_head,14,23,1907
kv_head,14,24,1793
kv_head,14,25,1710
kv_head,14,26,1631
kv_head,14,27,1638
kv_head,14,28,1524
kv_head,14,29,1510
kv_head,14,30,1386
kv_head,14,31,1454
kv_head,14,32,1369
kv_head,14,33,1355
kv_head,14,34,1354
kv_head,14,35,1278
kv_head,14,36,1234
kv_head,14,37,1252
kv_head,14,38,1277
kv_head,14,39,1242
kv_head,14,40,1267
kv_head,14,41,1208
kv_head,14,42,1221
kv_head,14,43,1153
kv_head,14,44,1158
kv_head,14,45,1188
kv_head,14,46,1117
kv_head,14,47,1175
kv_head,14,48,1086
kv_head,14,49,1046
kv_head,14,50,1062
kv_head,14,51,1120
kv_head,14,52,1106
kv_head,14,53,1036
kv_head,14,54,1059
kv_head,14,55,1089
kv_head,14,56,1079
kv_head,14,57,1042
kv_head,14,58,1080
kv_head,14,59,1120
kv_head,14,60,1105
kv_head,14,61,1052
kv_head,14,62,1054
kv_head,14,63,1037
kv_head,14,64,1103
kv_head,14,65,1066
kv_head,14,66,1019
kv_head,14,67,1006
kv_head,14,68,1016
kv_head,14,69,1028
kv_head,14,70,975
kv_head,14,71,969
kv_head,14,72,1051
kv_head,14,73,970
kv_head,14,74,958
kv_head,14,75,967
kv_head,14,76,968
kv_head,14,77,917
kv_head,14,78,895
kv_head,14,79,1022
kv_head,14,80,911
kv_head,14,81,920
kv_head,14,82,898
kv_head,14,83,899
kv_head,14,84,909
kv_head,14,85,894
kv_head,14,86,931
kv_head,14,87,973
kv_head,14,88,907
kv_head,14,89,948
kv_head,14,90,996
kv_head,14,91,947
kv_head,14,92,932
kv_head,14,93,976
kv_head,14,94,906
kv_head,14,95,989
kv_head,14,96,982
kv_head,14,97,999
kv_head,14,98,1000
kv_head,14,99,998
kv_head,14,100,991
kv_head,14,101,967
kv_head,14,102,1086
kv_head,14,103,1062
kv_head,14,104,1134
kv_head,14,105,1140
kv_head,14,106,1100
kv_head,14,107,1118
kv_head,14,108,1203
kv_head,14,109,1160
kv_head,14,110,1226
kv_head,14,111,1216
kv_head,14,112,1310
kv_head,14,113,1219
kv_head,14,114,1386
kv_head,14,115,1403
kv_head,14,116,1422
kv_head,14,117,1528
kv_head,14,118,1548
kv_head,14,119,1783
kv_head,14,120,1760
kv_head,14,121,1971
kv_head,14,122,2068
kv_head,14,123,2235
kv_head,14,124,2482
kv_head,14,125,2949
kv_head,14,126,3650
kv_head,14,127,5398
kv_head,14,128,34802
kv_head,15,0,118431
kv_head,15,1,21941
kv_head,15,2,13673
kv_head,15,3,9951
kv_head,15,4,8084
kv_head,15,5,6667
kv_head,15,6,5900
kv_head,15,7,5047
kv_head,15,8,4634
kv_head,15,9,4244
kv_head,15,10,3833
kv_head,15,11,3466
kv_head,15,12,3165
kv_head,15,13,3003
kv_head,15,14,2920
kv_head,15,15,2747
kv_head,15,16,2465
kv_head,15,17,2369
kv_head,15,18,2240
kv_head,15,19,2165
kv_head,15,20,2075
kv_head,15,21,2024
kv_head,15,22,2020
kv_head,15,23,1936
kv_head,15,24,1704
kv_head,15,25,1783
kv_head,15,26,1677
kv_head,15,27,1602
kv_head,15,28,1652
kv_head,15,29,1426
kv_head,15,30,1507
kv_head,15,31,1448
kv_head,15,32,1429
kv_head,15,33,1390
kv_head,15,34,1373
kv_head,15,35,1346
kv_head,15,36,1268
kv_head,15,37,1222
kv_head,15,38,1287
kv_head,15,39,1257
kv_head,15,40,1258
kv_head,15,41,1180
kv_head,15,42,1168
kv_head,15,43,1125
kv_head,15,44,1118
kv_head,15,45,1100
kv_head,15,46,1086
kv_head,15,47,1004
kv_head,15,48,1002
kv_head,15,49,1042
kv_head,15,50,956
kv_head,15,51,1017
kv_head,15,52,936
kv_head,15,53,982
kv_head,15,54,997
kv_head,15,55,964
kv_head,15,56,911
kv_head,15,57,928
kv_head,15,58,926
kv_head,15,59,908
kv_head,15,60,922
kv_head,15,61,934
kv_head,15,62,902
kv_head,15,63,952
kv_head,15,64,988
kv_head,15,65,1014
kv_head,15,66,1008
kv_head,15,67,901
kv_head,15,68,931
kv_head,15,69,836
kv_head,15,70,891
kv_head,15,71,836
kv_head,15,72,840
kv_head,15,73,842
kv_head,15,74,842
kv_head,15,75,806
kv_head,15,76,847
kv_head,15,77,861
kv_head,15,78,831
kv_head,15,79,896
kv_head,15,80,871
kv_head,15,81,798
kv_head,15,82,800
kv_head,15,83,824
kv_head,15,84,792
kv_head,15,85,829
kv_head,15,86,893
kv_head,15,87,827
kv_head,15,88,909
kv_head,15,89,908
kv_head,15,90,896
kv_head,15,91,921
kv_head,15,92,947
kv_head,15,93,1014
kv_head,15,94,1002
kv_head,15,95,976
kv_head,15,96,1039
kv_head,15,97,994
kv_head,15,98,960
kv_head,15,99,1024
kv_head,15,100,1044
kv_head,15,101,1039
kv_head,15,102,1065
kv_head,15,103,1092
kv_head,15,104,1087
kv_head,15,105,1158
kv_head,15,106,1238
kv_head,15,107,1135
kv_head,15,108,1149
kv_head,15,109,1169
kv_head,15,110,1264
kv_head,15,111,1363
kv_head,15,112,1398
kv_head,15,113,1412
kv_head,15,114,1469
kv_head,15,115,1576
kv_head,15,116,1569
kv_head,15,117,1595
kv_head,15,118,1592
kv_head,15,119,1611
kv_head,15,120,1732
kv_head,15,121,1756
kv_head,15,122,1964
kv_head,15,123,2110
kv_head,15,124,2476
kv_head,15,125,3123
kv_head,15,126,4126
kv_head,15,127,6404
kv_head,15,128,28417
kv_head,16,0,107329
kv_head,16,1,21760
kv_head,16,2,13734
kv_head,16,3,10192
kv_head,16,4,8355
kv_head,16,5,6767
kv_head,16,6,5827
kv_head,16,7,5135
kv_head,16,8,4641
kv_head,16,9,4278
kv_head,16,10,3845
kv_head,16,11,3630
kv_head,16,12,3374
kv_head,16,13,3243
kv_head,16,14,3004
kv_head,16,15,2766
kv_head,16,16,2561
kv_head,16,17,2439
kv_head,16,18,2472
kv_head,16,19,2322
kv_head,16,20,2228
kv_head,16,21,2192
kv_head,16,22,2159
kv_head,16,23,2013
kv_head,16,24,1978
kv_head,16,25,1840
kv_head,16,26,1879
kv_head,16,27,1887
kv_head,16,28,1743
kv_head,16,29,1705
kv_head,16,30,1756
kv_head,16,31,1659
kv_head,16,32,1586
kv_head,16,33,1597
kv_head,16,34,1514
kv_head,16,35,1474
kv_head,16,36,1454
kv_head,16,37,1453
kv_head,16,38,1388
kv_head,16,39,1341
kv_head,16,40,1355
kv_head,16,41,1342
kv_head,16,42,1271
kv_head,16,43,1328
kv_head,16,44,1251
kv_head,16,45,1247
kv_head,16,46,1185
kv_head,16,47,1182
kv_head,16,48,1196
kv_head,16,49,1093
kv_head,16,50,1121
kv_head,16,51,1101
kv_head,16,52,1047
kv_head,16,53,1059
kv_head,16,54,1055
kv_head,16,55,1063
kv_head,16,56,1042
kv_head,16,57,994
kv_head,16,58,1011
kv_head,16,59,1044
kv_head,16,60,1032
kv_head,16,61,956
kv_head,16,62,967
kv_head,16,63,1058
kv_head,16,64,978
kv_head,16,65,911
kv_head,16,66,878
kv_head,16,67,927
kv_head,16,68,904
kv_head,16,69,916
kv_head,16,70,868
kv_head,16,71,879
kv_head,16,72,913
kv_head,16,73,835
kv_head,16,74,919
kv_head,16,75,914
kv_head,16,76,891
kv_head,16,77,889
kv_head,16,78,865
kv_head,16,79,840
kv_head,16,80,808
kv_head,16,81,854
kv_head,16,82,840
kv_head,16,83,796
kv_head,16,84,836
kv_head,16,85,822
kv_head,16,86,869
kv_head,16,87,844
kv_head,16,88,843
kv_head,16,89,835
kv_head,16,90,884
kv_head,16,91,838
kv_head,16,92,841
kv_head,16,93,892
kv_head,16,94,866
kv_head,16,95,852
kv_head,16,96,914
kv_head,16,97,899
kv_head,16,98,902
kv_head,16,99,909
kv_head,16,100,990
kv_head,16,101,963
kv_head,16,102,1023
kv_head,16,103,999
kv_head,16,104,1066
kv_head,16,105,1126
kv_head,16,106,1147
kv_head,16,107,1283
kv_head,16,108,1246
kv_head,16,109,1254
kv_head,16,110,1263
kv_head,16,111,1343
kv_head,16,112,1345
kv_head,16,113,1363
kv_head,16,114,1400
kv_head,16,115,1460
kv_head,16,116,1487
kv_head,16,117,1556
kv_head,16,118,1721
kv_head,16,119,1679
kv_head,16,120,1805
kv_head,16,121,1984
kv_head,16,122,2050
kv_head,16,123,2184
kv_head,16,124,2553
kv_head,16,125,2846
kv_head,16,126,3456
kv_head,16,127,5100
kv_head,16,128,34533
kv_head,17,0,109658
kv_head,17,1,21955
kv_head,17,2,13875
kv_head,17,3,10352
kv_head,17,4,8319
kv_head,17,5,7333
kv_head,17,6,6305
kv_head,17,7,5534
kv_head,17,8,5086
kv_head,17,9,4567
kv_head,17,10,4155
kv_head,17,11,3847
kv_head,17,12,3567
kv_head,17,13,3315
kv_head,17,14,3080
kv_head,17,15,2774
kv_head,17,16,2704
kv_head,17,17,2578
kv_head,17,18,2342
kv_head,17,19,2340
kv_head,17,20,2154
kv_head,17,21,2078
kv_head,17,22,2027
kv_head,17,23,1889
kv_head,17,24,1840
kv_head,17,25,1736
kv_head,17,26,1631
kv_head,17,27,1617
kv_head,17,28,1588
kv_head,17,29,1597
kv_head,17,30,1509
kv_head,17,31,1545
kv_head,17,32,1426
kv_head,17,33,1336
kv_head,17,34,1368
kv_head,17,35,1446
kv_head,17,36,1330
kv_head,17,37,1372
kv_head,17,38,1285
kv_head,17,39,1241
kv_head,17,40,1217
kv_head,17,41,1215
kv_head,17,42,1163
kv_head,17,43,1166
kv_head,17,44,1117
kv_head,17,45,1189
kv_head,17,46,1148
kv_head,17,47,1145
kv_head,17,48,1097
kv_head,17,49,1029
kv_head,17,50,1096
kv_head,17,51,1109
kv_head,17,52,1028
kv_head,17,53,1006
kv_head,17,54,1027
kv_head,17,55,1014
kv_head,17,56,1024
kv_head,17,57,1044
kv_head,17,58,1018
kv_head,17,59,974
kv_head,17,60,1028
kv_head,17,61,1043
kv_head,17,62,1065
kv_head,17,63,1223
kv_head,17,64,1017
kv_head,17,65,997
kv_head,17,66,1035
kv_head,17,67,1013
kv_head,17,68,946
kv_head,17,69,966
kv_head,17,70,994
kv_head,17,71,983
kv_head,17,72,880
kv_head,17,73,1035
kv_head,17,74,967
kv_head,17,75,961
kv_head,17,76,1053
kv_head,17,77,1022
kv_head,17,78,990
kv_head,17,79,962
kv_head,17,80,916
kv_head,17,81,1002
kv_head,17,82,973
kv_head,17,83,936
kv_head,17,84,988
kv_head,17,85,991
kv_head,17,86,936
kv_head,17,87,924
kv_head,17,88,986
kv_head,17,89,987
kv_head,17,90,986
kv_head,17,91,988
kv_head,17,92,973
kv_head,17,93,926
kv_head,17,94,925
kv_head,17,95,1009
kv_head,17,96,1019
kv_head,17,97,983
kv_head,17,98,964
kv_head,17,99,960
kv_head,17,100,987
kv_head,17,101,1013
kv_head,17,102,1005
kv_head,17,103,1031
kv_head,17,104,1013
kv_head,17,105,1031
kv_head,17,106,1100
kv_head,17,107,1096
kv_head,17,108,1123
kv_head,17,109,1215
kv_head,17,110,1181
kv_head,17,111,1251
kv_head,17,112,1363
kv_head,17,113,1341
kv_head,17,114,1297
kv_head,17,115,1384
kv_head,17,116,1499
kv_head,17,117,1663
kv_head,17,118,1791
kv_head,17,119,1812
kv_head,17,120,1922
kv_head,17,121,2087
kv_head,17,122,2185
kv_head,17,123,2385
kv_head,17,124,2685
kv_head,17,125,3249
kv_head,17,126,3988
kv_head,17,127,5376
kv_head,17,128,27064
kv_head,18,0,108107
kv_head,18,1,22400
kv_head,18,2,14218
kv_head,18,3,10605
kv_head,18,4,8459
kv_head,18,5,7207
kv_head,18,6,6027
kv_head,18,7,5292
kv_head,18,8,4783
kv_head,18,9,4270
kv_head,18,10,3814
kv_head,18,11,3551
kv_head,18,12,3377
kv_head,18,13,3178
kv_head,18,14,2967
kv_head,18,15,2742
kv_head,18,16,2608
kv_head,18,17,2568
kv_head,18,18,2345
kv_head,18,19,2329
kv_head,18,20,2064
kv_head,18,21,2041
kv_head,18,22,2014
kv_head,18,23,1907
kv_head,18,24,1853
kv_head,18,25,1758
kv_head,18,26,1698
kv_head,18,27,1589
kv_head,18,28,1604
kv_head,18,29,1619
kv_head,18,30,1540
kv_head,18,31,1505
kv_head,18,32,1479
kv_head,18,33,1420
kv_head,18,34,1400
kv_head,18,35,1367
kv_head,18,36,1316
kv_head,18,37,1307
kv_head,18,38,1301
kv_head,18,39,1235
kv_head,18,40,1294
kv_head,18,41,1276
kv_head,18,42,1239
kv_head,18,43,1168
kv_head,18,44,1155
kv_head,18,45,1115
kv_head,18,46,1141
kv_head,18,47,1195
kv_head,18,48,1128
kv_head,18,49,1195
kv_head,18,50,1179
kv_head,18,51,1235
kv_head,18,52,1183
kv_head,18,53,1146
kv_head,18,54,1173
kv_head,18,55,1182
kv_head,18,56,1180
kv_head,18,57,1227
kv_head,18,58,1153
kv_head,18,59,1166
kv_head,18,60,1170
kv_head,18,61,1169
kv_head,18,62,1122
kv_head,18,63,1185
kv_head,18,64,1130
kv_head,18,65,1169
kv_head,18,66,1071
kv_head,18,67,1104
kv_head,18,68,1067
kv_head,18,69,1071
kv_head,18,70,976
kv_head,18,71,1012
kv_head,18,72,939
kv_head,18,73,978
kv_head,18,74,967
kv_head,18,75,1009
kv_head,18,76,986
kv_head,18,77,991
kv_head,18,78,972
kv_head,18,79,975
kv_head,18,80,928
kv_head,18,81,920
kv_head,18,82,979
kv_head,18,83,965
kv_head,18,84,908
kv_head,18,85,961
kv_head,18,86,975
kv_head,18,87,992
kv_head,18,88,900
kv_head,18,89,944
kv_head,18,90,914
kv_head,18,91,976
kv_head,18,92,974
kv_head,18,93,1002
kv_head,18,94,963
kv_head,18,95,1052
kv_head,18,96,1014
kv_head,18,97,978
kv_head,18,98,987
kv_head,18,99,956
kv_head,18,100,1018
kv_head,18,101,1039
kv_head,18,102,1003
kv_head,18,103,1008
kv_head,18,104,1089
kv_head,18,105,1073
kv_head,18,106,1112
kv_head,18,107,1106
kv_head,18,108,1139
kv_head,18,109,1306
kv_head,18,110,1237
kv_head,18,111,1322
kv_head,18,112,1356
kv_head,18,113,1416
kv_head,18,114,1440
kv_head,18,115,1475
kv_head,18,116,1643
kv_head,18,117,1659
kv_head,18,118,1824
kv_head,18,119,1979
kv_head,18,120,2101
kv_head,18,121,2279
kv_head,18,122,2611
kv_head,18,123,2600
kv_head,18,124,2923
kv_head,18,125,3235
kv_head,18,126,3694
kv_head,18,127,5172
kv_head,18,128,25412
kv_head,19,0,115411
kv_head,19,1,22558
kv_head,19,2,14024
kv_head,19,3,10500
kv_head,19,4,8228
kv_head,19,5,6994
kv_head,19,6,5799
kv_head,19,7,5316
kv_head,19,8,4538
kv_head,19,9,4179
kv_head,19,10,3773
kv_head,19,11,3438
kv_head,19,12,3282
kv_head,19,13,3061
kv_head,19,14,2807
kv_head,19,15,2726
kv_head,19,16,2438
kv_head,19,17,2367
kv_head,19,18,2274
kv_head,19,19,2194
kv_head,19,20,2102
kv_head,19,21,2002
kv_head,19,22,1992
kv_head,19,23,1863
kv_head,19,24,1736
kv_head,19,25,1836
kv_head,19,26,1663
kv_head,19,27,1591
kv_head,19,28,1582
kv_head,19,29,1594
kv_head,19,30,1438
kv_head,19,31,1431
kv_head,19,32,1398
kv_head,19,33,1325
kv_head,19,34,1321
kv_head,19,35,1309
kv_head,19,36,1199
kv_head,19,37,1205
kv_head,19,38,1223
kv_head,19,39,1215
kv_head,19,40,1219
kv_head,19,41,1178
kv_head,19,42,1094
kv_head,19,43,1148
kv_head,19,44,1089
kv_head,19,45,1091
kv_head,19,46,1045
kv_head,19,47,1072
kv_head,19,48,1025
kv_head,19,49,1003
kv_head,19,50,997
kv_head,19,51,954
kv_head,19,52,1028
kv_head,19,53,959
kv_head,19,54,940
kv_head,19,55,970
kv_head,19,56,966
kv_head,19,57,925
kv_head,19,58,972
kv_head,19,59,917
kv_head,19,60,969
kv_head,19,61,977
kv_head,19,62,880
kv_head,19,63,912
kv_head,19,64,911
kv_head,19,65,919
kv_head,19,66,888
kv_head,19,67,858
kv_head,19,68,822
kv_head,19,69,844
kv_head,19,70,883
kv_head,19,71,935
kv_head,19,72,819
kv_head,19,73,812
kv_head,19,74,848
kv_head,19,75,859
kv_head,19,76,892
kv_head,19,77,885
kv_head,19,78,864
kv_head,19,79,823
kv_head,19,80,877
kv_head,19,81,809
kv_head,19,82,792
kv_head,19,83,839
kv_head,19,84,838
kv_head,19,85,872
kv_head,19,86,878
kv_head,19,87,850
kv_head,19,88,820
kv_head,19,89,799
kv_head,19,90,885
kv_head,19,91,894
kv_head,19,92,886
kv_head,19,93,858
kv_head,19,94,831
kv_head,19,95,907
kv_head,19,96,855
kv_head,19,97,897
kv_head,19,98,943
kv_head,19,99,978
kv_head,19,100,951
kv_head,19,101,877
kv_head,19,102,904
kv_head,19,103,976
kv_head,19,104,900
kv_head,19,105,976
kv_head,19,106,978
kv_head,19,107,978
kv_head,19,108,1022
kv_head,19,109,1032
kv_head,19,110,1082
kv_head,19,111,1105
kv_head,19,112,1148
kv_head,19,113,1241
kv_head,19,114,1297
kv_head,19,115,1297
kv_head,19,116,1377
kv_head,19,117,1539
kv_head,19,118,1517
kv_head,19,119,1598
kv_head,19,120,1699
kv_head,19,121,1735
kv_head,19,122,1888
kv_head,19,123,1991
kv_head,19,124,2343
kv_head,19,125,2736
kv_head,19,126,3473
kv_head,19,127,5390
kv_head,19,128,36734
kv_head,2,0,97087
kv_head,2,1,22449
kv_head,2,2,14521
kv_head,2,3,10776
kv_head,2,4,8643
kv_head,2,5,7491
kv_head,2,6,6308
kv_head,2,7,5556
kv_head,2,8,4939
kv_head,2,9,4541
kv_head,2,10,4104
kv_head,2,11,3703
kv_head,2,12,3465
kv_head,2,13,3158
kv_head,2,14,3000
kv_head,2,15,2920
kv_head,2,16,2743
kv_head,2,17,2621
kv_head,2,18,2435
kv_head,2,19,2271
kv_head,2,20,2212
kv_head,2,21,2151
kv_head,2,22,2021
kv_head,2,23,1871
kv_head,2,24,1845
kv_head,2,25,1758
kv_head,2,26,1691
kv_head,2,27,1689
kv_head,2,28,1590
kv_head,2,29,1530
kv_head,2,30,1540
kv_head,2,31,1518
kv_head,2,32,1419
kv_head,2,33,1474
kv_head,2,34,1428
kv_head,2,35,1351
kv_head,2,36,1411
kv_head,2,37,1244
kv_head,2,38,1272
kv_head,2,39,1169
kv_head,2,40,1252
kv_head,2,41,1121
kv_head,2,42,1180
kv_head,2,43,1152
kv_head,2,44,1059
kv_head,2,45,1071
kv_head,2,46,1099
kv_head,2,47,1095
kv_head,2,48,1043
kv_head,2,49,1047
kv_head,2,50,1024
kv_head,2,51,1010
kv_head,2,52,960
kv_head,2,53,940
kv_head,2,54,996
kv_head,2,55,946
kv_head,2,56,949
kv_head,2,57,960
kv_head,2,58,1020
kv_head,2,59,1021
kv_head,2,60,942
kv_head,2,61,995
kv_head,2,62,978
kv_head,2,63,908
kv_head,2,64,940
kv_head,2,65,1050
kv_head,2,66,974
kv_head,2,67,948
kv_head,2,68,945
kv_head,2,69,924
kv_head,2,70,884
kv_head,2,71,913
kv_head,2,72,912
kv_head,2,73,909
kv_head,2,74,922
kv_head,2,75,875
kv_head,2,76,903
kv_head,2,77,941
kv_head,2,78,899
kv_head,2,79,935
kv_head,2,80,880
kv_head,2,81,901
kv_head,2,82,877
kv_head,2,83,947
kv_head,2,84,958
kv_head,2,85,921
kv_head,2,86,959
kv_head,2,87,924
kv_head,2,88,932
kv_head,2,89,954
kv_head,2,90,973
kv_head,2,91,898
kv_head,2,92,942
kv_head,2,93,960
kv_head,2,94,895
kv_head,2,95,990
kv_head,2,96,977
kv_head,2,97,975
kv_head,2,98,915
kv_head,2,99,1001
kv_head,2,100,1016
kv_head,2,101,1037
kv_head,2,102,996
kv_head,2,103,996
kv_head,2,104,1019
kv_head,2,105,1080
kv_head,2,106,1091
kv_head,2,107,1051
kv_head,2,108,1148
kv_head,2,109,1179
kv_head,2,110,1129
kv_head,2,111,1274
kv_head,2,112,1212
kv_head,2,113,1291
kv_head,2,114,1346
kv_head,2,115,1399
kv_head,2,116,1502
kv_head,2,117,1541
kv_head,2,118,1678
kv_head,2,119,1801
kv_head,2,120,2088
kv_head,2,121,2191
kv_head,2,122,2324
kv_head,2,123,2474
kv_head,2,124,2646
kv_head,2,125,3417
kv_head,2,126,4468
kv_head,2,127,8010
kv_head,2,128,37476
kv_head,20,0,115430
kv_head,20,1,22431
kv_head,20,2,13550
kv_head,20,3,9775
kv_head,20,4,8000
kv_head,20,5,6618
kv_head,20,6,5722
kv_head,20,7,5239
kv_head,20,8,4714
kv_head,20,9,4348
kv_head,20,10,3918
kv_head,20,11,3603
kv_head,20,12,3474
kv_head,20,13,3142
kv_head,20,14,2916
kv_head,20,15,2747
kv_head,20,16,2547
kv_head,20,17,2525
kv_head,20,18,2397
kv_head,20,19,2317
kv_head,20,20,2195
kv_head,20,21,2098
kv_head,20,22,2036
kv_head,20,23,1978
kv_head,20,24,1855
kv_head,20,25,1743
kv_head,20,26,1660
kv_head,20,27,1656
kv_head,20,28,1581
kv_head,20,29,1542
kv_head,20,30,1520
kv_head,20,31,1450
kv_head,20,32,1403
kv_head,20,33,1348
kv_head,20,34,1281
kv_head,20,35,1285
kv_head,20,36,1253
kv_head,20,37,1226
kv_head,20,38,1218
kv_head,20,39,1126
kv_head,20,40,1092
kv_head,20,41,1082
kv_head,20,42,1045
kv_head,20,43,1058
kv_head,20,44,1129
kv_head,20,45,1103
kv_head,20,46,1036
kv_head,20,47,1075
kv_head,20,48,1041
kv_head,20,49,1056
kv_head,20,50,1044
kv_head,20,51,1023
kv_head,20,52,1017
kv_head,20,53,978
kv_head,20,54,1074
kv_head,20,55,1013
kv_head,20,56,993
kv_head,20,57,1056
kv_head,20,58,1017
kv_head,20,59,1030
kv_head,20,60,1047
kv_head,20,61,1028
kv_head,20,62,1117
kv_head,20,63,1101
kv_head,20,64,1082
kv_head,20,65,1071
kv_head,20,66,1047
kv_head,20,67,1069
kv_head,20,68,1006
kv_head,20,69,1043
kv_head,20,70,996
kv_head,20,71,960
kv_head,20,72,994
kv_head,20,73,972
kv_head,20,74,932
kv_head,20,75,938
kv_head,20,76,900
kv_head,20,77,921
kv_head,20,78,961
kv_head,20,79,923
kv_head,20,80,949
kv_head,20,81,897
kv_head,20,82,961
kv_head,20,83,934
kv_head,20,84,933
kv_head,20,85,860
kv_head,20,86,928
kv_head,20,87,980
kv_head,20,88,882
kv_head,20,89,913
kv_head,20,90,936
kv_head,20,91,918
kv_head,20,92,928
kv_head,20,93,889
kv_head,20,94,977
kv_head,20,95,940
kv_head,20,96,966
kv_head,20,97,1001
kv_head,20,98,1015
kv_head,20,99,979
kv_head,20,100,1021
kv_head,20,101,1069
kv_head,20,102,1083
kv_head,20,103,1138
kv_head,20,104,1074
kv_head,20,105,1123
kv_head,20,106,1153
kv_head,20,107,1202
kv_head,20,108,1240
kv_head,20,109,1309
kv_head,20,110,1311
kv_head,20,111,1321
kv_head,20,112,1394
kv_head,20,113,1429
kv_head,20,114,1334
kv_head,20,115,1449
kv_head,20,116,1463
kv_head,20,117,1513
kv_head,20,118,1522
kv_head,20,119,1568
kv_head,20,120,1678
kv_head,20,121,1759
kv_head,20,122,2016
kv_head,20,123,2204
kv_head,20,124,2506
kv_head,20,125,2863
kv_head,20,126,3545
kv_head,20,127,5100
kv_head,20,128,29106
kv_head,21,0,105013
kv_head,21,1,23506
kv_head,21,2,14311
kv_head,21,3,10342
kv_head,21,4,8399
kv_head,21,5,7088
kv_head,21,6,6106
kv_head,21,7,5377
kv_head,21,8,4949
kv_head,21,9,4393
kv_head,21,10,4231
kv_head,21,11,3815
kv_head,21,12,3636
kv_head,21,13,3541
kv_head,21,14,3179
kv_head,21,15,3138
kv_head,21,16,2809
kv_head,21,17,2737
kv_head,21,18,2560
kv_head,21,19,2498
kv_head,21,20,2311
kv_head,21,21,2208
kv_head,21,22,2106
kv_head,21,23,2096
kv_head,21,24,2038
kv_head,21,25,1963
kv_head,21,26,1801
kv_head,21,27,1830
kv_head,21,28,1769
kv_head,21,29,1708
kv_head,21,30,1694
kv_head,21,31,1609
kv_head,21,32,1608
kv_head,21,33,1549
kv_head,21,34,1530
kv_head,21,35,1492
kv_head,21,36,1495
kv_head,21,37,1497
kv_head,21,38,1437
kv_head,21,39,1445
kv_head,21,40,1466
kv_head,21,41,1465
kv_head,21,42,1355
kv_head,21,43,1422
kv_head,21,44,1448
kv_head,21,45,1326
kv_head,21,46,1367
kv_head,21,47,1405
kv_head,21,48,1351
kv_head,21,49,1386
kv_head,21,50,1326
kv_head,21,51,1294
kv_head,21,52,1285
kv_head,21,53,1266
kv_head,21,54,1281
kv_head,21,55,1219
kv_head,21,56,1222
kv_head,21,57,1169
kv_head,21,58,1166
kv_head,21,59,1199
kv_head,21,60,1164
kv_head,21,61,1137
kv_head,21,62,1187
kv_head,21,63,1184
kv_head,21,64,1081
kv_head,21,65,1109
kv_head,21,66,1042
kv_head,21,67,1127
kv_head,21,68,1092
kv_head,21,69,1060
kv_head,21,70,1000
kv_head,21,71,1075
kv_head,21,72,1010
kv_head,21,73,1079
kv_head,21,74,951
kv_head,21,75,1071
kv_head,21,76,1004
kv_head,21,77,1003
kv_head,21,78,1006
kv_head,21,79,928
kv_head,21,80,1032
kv_head,21,81,998
kv_head,21,82,1002
kv_head,21,83,991
kv_head,21,84,991
kv_head,21,85,1012
kv_head,21,86,965
kv_head,21,87,994
kv_head,21,88,930
kv_head,21,89,973
kv_head,21,90,941
kv_head,21,91,870
kv_head,21,92,941
kv_head,21,93,921
kv_head,21,94,876
kv_head,21,95,968
kv_head,21,96,906
kv_head,21,97,912
kv_head,21,98,964
kv_head,21,99,907
kv_head,21,100,986
kv_head,21,101,985
kv_head,21,102,996
kv_head,21,103,986
kv_head,21,104,959
kv_head,21,105,985
kv_head,21,106,1028
kv_head,21,107,1094
kv_head,21,108,1137
kv_head,21,109,1122
kv_head,21,110,1144
kv_head,21,111,1146
kv_head,21,112,1221
kv_head,21,113,1299
kv_head,21,114,1359
kv_head,21,115,1499
kv_head,21,116,1522
kv_head,21,117,1527
kv_head,21,118,1519
kv_head,21,119,1574
kv_head,21,120,1630
kv_head,21,121,1655
kv_head,21,122,1812
kv_head,21,123,2013
kv_head,21,124,2172
kv_head,21,125,2572
kv_head,21,126,3207
kv_head,21,127,4850
kv_head,21,128,25581
kv_head,22,0,116075
kv_head,22,1,22794
kv_head,22,2,13995
kv_head,22,3,10138
kv_head,22,4,8089
kv_head,22,5,6985
kv_head,22,6,5830
kv_head,22,7,5218
kv_head,22,8,4524
kv_head,22,9,4192
kv_head,22,10,3843
kv_head,22,11,3632
kv_head,22,12,3270
kv_head,22,13,2952
kv_head,22,14,2754
kv_head,22,15,2738
kv_head,22,16,2552
kv_head,22,17,2408
kv_head,22,18,2286
kv_head,22,19,2142
kv_head,22,20,2054
kv_head,22,21,1991
kv_head,22,22,1911
kv_head,22,23,1819
kv_head,22,24,1729
kv_head,22,25,1666
kv_head,22,26,1600
kv_head,22,27,1634
kv_head,22,28,1548
kv_head,22,29,1467
kv_head,22,30,1456
kv_head,22,31,1457
kv_head,22,32,1315
kv_head,22,33,1381
kv_head,22,34,1403
kv_head,22,35,1435
kv_head,22,36,1299
kv_head,22,37,1348
kv_head,22,38,1328
kv_head,22,39,1279
kv_head,22,40,1225
kv_head,22,41,1187
kv_head,22,42,1144
kv_head,22,43,1193
kv_head,22,44,1142
kv_head,22,45,1105
kv_head,22,46,1140
kv_head,22,47,1108
kv_head,22,48,1067
kv_head,22,49,1044
kv_head,22,50,1065
kv_head,22,51,1080
kv_head,22,52,1064
kv_head,22,53,1072
kv_head,22,54,1052
kv_head,22,55,988
kv_head,22,56,1018
kv_head,22,57,992
kv_head,22,58,1016
kv_head,22,59,956
kv_head,22,60,930
kv_head,22,61,983
kv_head,22,62,1010
kv_head,22,63,989
kv_head,22,64,1027
kv_head,22,65,962
kv_head,22,66,963
kv_head,22,67,983
kv_head,22,68,991
kv_head,22,69,962
kv_head,22,70,992
kv_head,22,71,940
kv_head,22,72,940
kv_head,22,73,950
kv_head,22,74,901
kv_head,22,75,894
kv_head,22,76,893
kv_head,22,77,925
kv_head,22,78,865
kv_head,22,79,912
kv_head,22,80,867
kv_head,22,81,912
kv_head,22,82,886
kv_head,22,83,905
kv_head,22,84,897
kv_head,22,85,869
kv_head,22,86,936
kv_head,22,87,846
kv_head,22,88,922
kv_head,22,89,909
kv_head,22,90,859
kv_head,22,91,906
kv_head,22,92,865
kv_head,22,93,983
kv_head,22,94,894
kv_head,22,95,904
kv_head,22,96,931
kv_head,22,97,870
kv_head,22,98,832
kv_head,22,99,895
kv_head,22,100,971
kv_head,22,101,900
kv_head,22,102,902
kv_head,22,103,890
kv_head,22,104,904
kv_head,22,105,968
kv_head,22,106,992
kv_head,22,107,952
kv_head,22,108,1024
kv_head,22,109,1022
kv_head,22,110,1019
kv_head,22,111,1112
kv_head,22,112,1114
kv_head,22,113,1151
kv_head,22,114,1235
kv_head,22,115,1313
kv_head,22,116,1360
kv_head,22,117,1431
kv_head,22,118,1495
kv_head,22,119,1519
kv_head,22,120,1592
kv_head,22,121,1791
kv_head,22,122,1791
kv_head,22,123,1999
kv_head,22,124,2334
kv_head,22,125,2758
kv_head,22,126,3523
kv_head,22,127,5477
kv_head,22,128,33582
kv_head,23,0,106691
kv_head,23,1,21950
kv_head,23,2,13539
kv_head,23,3,10146
kv_head,23,4,8173
kv_head,23,5,6798
kv_head,23,6,5958
kv_head,23,7,5475
kv_head,23,8,4823
kv_head,23,9,4480
kv_head,23,10,4069
kv_head,23,11,3819
kv_head,23,12,3524
kv_head,23,13,3383
kv_head,23,14,3086
kv_head,23,15,2916
kv_head,23,16,2782
kv_head,23,17,2558
kv_head,23,18,2606
kv_head,23,19,2354
kv_head,23,20,2280
kv_head,23,21,2251
kv_head,23,22,2202
kv_head,23,23,2027
kv_head,23,24,2033
kv_head,23,25,1937
kv_head,23,26,1933
kv_head,23,27,1851
kv_head,23,28,1749
kv_head,23,29,1801
kv_head,23,30,1726
kv_head,23,31,1679
kv_head,23,32,1713
kv_head,23,33,1628
kv_head,23,34,1581
kv_head,23,35,1467
kv_head,23,36,1603
kv_head,23,37,1504
kv_head,23,38,1430
kv_head,23,39,1404
kv_head,23,40,1430
kv_head,23,41,1392
kv_head,23,42,1332
kv_head,23,43,1329
kv_head,23,44,1351
kv_head,23,45,1255
kv_head,23,46,1251
kv_head,23,47,1259
kv_head,23,48,1229
kv_head,23,49,1173
kv_head,23,50,1145
kv_head,23,51,1187
kv_head,23,52,1118
kv_head,23,53,1157
kv_head,23,54,1082
kv_head,23,55,1043
kv_head,23,56,1126
kv_head,23,57,1059
kv_head,23,58,1114
kv_head,23,59,1121
kv_head,23,60,1056
kv_head,23,61,1067
kv_head,23,62,1001
kv_head,23,63,1029
kv_head,23,64,1085
kv_head,23,65,1066
kv_head,23,66,1089
kv_head,23,67,1095
kv_head,23,68,1011
kv_head,23,69,1003
kv_head,23,70,990
kv_head,23,71,974
kv_head,23,72,937
kv_head,23,73,988
kv_head,23,74,898
kv_head,23,75,959
kv_head,23,76,972
kv_head,23,77,895
kv_head,23,78,983
kv_head,23,79,959
kv_head,23,80,928
kv_head,23,81,917
kv_head,23,82,935
kv_head,23,83,968
kv_head,23,84,1007
kv_head,23,85,952
kv_head,23,86,923
kv_head,23,87,901
kv_head,23,88,1003
kv_head,23,89,955
kv_head,23,90,974
kv_head,23,91,942
kv_head,23,92,993
kv_head,23,93,982
kv_head,23,94,955
kv_head,23,95,981
kv_head,23,96,909
kv_head,23,97,927
kv_head,23,98,1027
kv_head,23,99,968
kv_head,23,100,987
kv_head,23,101,971
kv_head,23,102,1043
kv_head,23,103,978
kv_head,23,104,999
kv_head,23,105,1066
kv_head,23,106,1129
kv_head,23,107,1181
kv_head,23,108,1172
kv_head,23,109,1188
kv_head,23,110,1246
kv_head,23,111,1259
kv_head,23,112,1342
kv_head,23,113,1378
kv_head,23,114,1298
kv_head,23,115,1335
kv_head,23,116,1425
kv_head,23,117,1430
kv_head,23,118,1409
kv_head,23,119,1604
kv_head,23,120,1570
kv_head,23,121,1609
kv_head,23,122,1755
kv_head,23,123,1940
kv_head,23,124,2326
kv_head,23,125,2902
kv_head,23,126,3492
kv_head,23,127,5400
kv_head,23,128,29496
kv_head,24,0,105217
kv_head,24,1,23018
kv_head,24,2,14122
kv_head,24,3,10604
kv_head,24,4,8304
kv_head,24,5,7011
kv_head,24,6,5902
kv_head,24,7,5188
kv_head,24,8,4645
kv_head,24,9,4257
kv_head,24,10,3776
kv_head,24,11,3539
kv_head,24,12,3279
kv_head,24,13,3040
kv_head,24,14,2867
kv_head,24,15,2685
kv_head,24,16,2480
kv_head,24,17,2449
kv_head,24,18,2331
kv_head,24,19,2139
kv_head,24,20,2081
kv_head,24,21,2035
kv_head,24,22,1918
kv_head,24,23,1832
kv_head,24,24,1769
kv_head,24,25,1570
kv_head,24,26,1715
kv_head,24,27,1647
kv_head,24,28,1563
kv_head,24,29,1546
kv_head,24,30,1436
kv_head,24,31,1413
kv_head,24,32,1472
kv_head,24,33,1464
kv_head,24,34,1340
kv_head,24,35,1390
kv_head,24,36,1315
kv_head,24,37,1280
kv_head,24,38,1202
kv_head,24,39,1314
kv_head,24,40,1234
kv_head,24,41,1225
kv_head,24,42,1181
kv_head,24,43,1178
kv_head,24,44,1145
kv_head,24,45,1163
kv_head,24,46,1177
kv_head,24,47,1146
kv_head,24,48,1165
kv_head,24,49,1160
kv_head,24,50,1082
kv_head,24,51,1066
kv_head,24,52,1109
kv_head,24,53,1098
kv_head,24,54,1025
kv_head,24,55,1100
kv_head,24,56,1066
kv_head,24,57,1058
kv_head,24,58,1031
kv_head,24,59,1071
kv_head,24,60,1050
kv_head,24,61,995
kv_head,24,62,1080
kv_head,24,63,1066
kv_head,24,64,1097
kv_head,24,65,985
kv_head,24,66,1023
kv_head,24,67,978
kv_head,24,68,973
kv_head,24,69,960
kv_head,24,70,973
kv_head,24,71,940
kv_head,24,72,992
kv_head,24,73,947
kv_head,24,74,952
kv_head,24,75,957
kv_head,24,76,967
kv_head,24,77,903
kv_head,24,78,966
kv_head,24,79,918
kv_head,24,80,922
kv_head,24,81,934
kv_head,24,82,857
kv_head,24,83,920
kv_head,24,84,927
kv_head,24,85,891
kv_head,24,86,923
kv_head,24,87,944
kv_head,24,88,920
kv_head,24,89,893
kv_head,24,90,848
kv_head,24,91,869
kv_head,24,92,873
kv_head,24,93,885
kv_head,24,94,918
kv_head,24,95,931
kv_head,24,96,911
kv_head,24,97,891
kv_head,24,98,970
kv_head,24,99,938
kv_head,24,100,987
kv_head,24,101,971
kv_head,24,102,1007
kv_head,24,103,1011
kv_head,24,104,983
kv_head,24,105,1059
kv_head,24,106,989
kv_head,24,107,1021
kv_head,24,108,1041
kv_head,24,109,1007
kv_head,24,110,1054
kv_head,24,111,1147
kv_head,24,112,1114
kv_head,24,113,1232
kv_head,24,114,1301
kv_head,24,115,1307
kv_head,24,116,1385
kv_head,24,117,1420
kv_head,24,118,1420
kv_head,24,119,1495
kv_head,24,120,1663
kv_head,24,121,1865
kv_head,24,122,2056
kv_head,24,123,2318
kv_head,24,124,2638
kv_head,24,125,3149
kv_head,24,126,3999
kv_head,24,127,6739
kv_head,24,128,37316
kv_head,25,0,121912
kv_head,25,1,22182
kv_head,25,2,13281
kv_head,25,3,9731
kv_head,25,4,7657
kv_head,25,5,6496
kv_head,25,6,5542
kv_head,25,7,4885
kv_head,25,8,4318
kv_head,25,9,3874
kv_head,25,10,3588
kv_head,25,11,3345
kv_head,25,12,3055
kv_head,25,13,2869
kv_head,25,14,2699
kv_head,25,15,2575
kv_head,25,16,2419
kv_head,25,17,2275
kv_head,25,18,2089
kv_head,25,19,2073
kv_head,25,20,1953
kv_head,25,21,1883
kv_head,25,22,1837
kv_head,25,23,1835
kv_head,25,24,1661
kv_head,25,25,1693
kv_head,25,26,1582
kv_head,25,27,1590
kv_head,25,28,1588
kv_head,25,29,1529
kv_head,25,30,1466
kv_head,25,31,1444
kv_head,25,32,1419
kv_head,25,33,1424
kv_head,25,34,1386
kv_head,25,35,1353
kv_head,25,36,1354
kv_head,25,37,1255
kv_head,25,38,1321
kv_head,25,39,1265
kv_head,25,40,1216
kv_head,25,41,1251
kv_head,25,42,1185
kv_head,25,43,1161
kv_head,25,44,1172
kv_head,25,45,1088
kv_head,25,46,1111
kv_head,25,47,1053
kv_head,25,48,1088
kv_head,25,49,1100
kv_head,25,50,1093
kv_head,25,51,978
kv_head,25,52,1055
kv_head,25,53,1029
kv_head,25,54,981
kv_head,25,55,1037
kv_head,25,56,922
kv_head,25,57,980
kv_head,25,58,1011
kv_head,25,59,943
kv_head,25,60,1023
kv_head,25,61,965
kv_head,25,62,964
kv_head,25,63,1094
kv_head,25,64,1064
kv_head,25,65,927
kv_head,25,66,926
kv_head,25,67,915
kv_head,25,68,895
kv_head,25,69,822
kv_head,25,70,838
kv_head,25,71,838
kv_head,25,72,893
kv_head,25,73,870
kv_head,25,74,816
kv_head,25,75,784
kv_head,25,76,902
kv_head,25,77,863
kv_head,25,78,851
kv_head,25,79,874
kv_head,25,80,874
kv_head,25,81,858
kv_head,25,82,878
kv_head,25,83,866
kv_head,25,84,788
kv_head,25,85,883
kv_head,25,86,907
kv_head,25,87,887
kv_head,25,88,850
kv_head,25,89,891
kv_head,25,90,896
kv_head,25,91,842
kv_head,25,92,849
kv_head,25,93,824
kv_head,25,94,877
kv_head,25,95,865
kv_head,25,96,833
kv_head,25,97,838
kv_head,25,98,867
kv_head,25,99,939
kv_head,25,100,871
kv_head,25,101,942
kv_head,25,102,939
kv_head,25,103,894
kv_head,25,104,921
kv_head,25,105,973
kv_head,25,106,1017
kv_head,25,107,1063
kv_head,25,108,1081
kv_head,25,109,1042
kv_head,25,110,1164
kv_head,25,111,1235
kv_head,25,112,1219
kv_head,25,113,1226
kv_head,25,114,1300
kv_head,25,115,1330
kv_head,25,116,1388
kv_head,25,117,1586
kv_head,25,118,1607
kv_head,25,119,1683
kv_head,25,120,1706
kv_head,25,121,2027
kv_head,25,122,2076
kv_head,25,123,2205
kv_head,25,124,2549
kv_head,25,125,3502
kv_head,25,126,4095
kv_head,25,127,6372
kv_head,25,128,30610
kv_head,26,0,107371
kv_head,26,1,21357
kv_head,26,2,13379
kv_head,26,3,9652
kv_head,26,4,7750
kv_head,26,5,6709
kv_head,26,6,6001
kv_head,26,7,5470
kv_head,26,8,4780
kv_head,26,9,4408
kv_head,26,10,4116
kv_head,26,11,3655
kv_head,26,12,3636
kv_head,26,13,3455
kv_head,26,14,3280
kv_head,26,15,3058
kv_head,26,16,2749
kv_head,26,17,2740
kv_head,26,18,2592
kv_head,26,19,2507
kv_head,26,20,2314
kv_head,26,21,2162
kv_head,26,22,2252
kv_head,26,23,2085
kv_head,26,24,2014
kv_head,26,25,1893
kv_head,26,26,1920
kv_head,26,27,1840
kv_head,26,28,1837
kv_head,26,29,1745
kv_head,26,30,1642
kv_head,26,31,1727
kv_head,26,32,1596
kv_head,26,33,1577
kv_head,26,34,1527
kv_head,26,35,1516
kv_head,26,36,1424
kv_head,26,37,1473
kv_head,26,38,1362
kv_head,26,39,1378
kv_head,26,40,1335
kv_head,26,41,1297
kv_head,26,42,1260
kv_head,26,43,1236
kv_head,26,44,1261
kv_head,26,45,1234
kv_head,26,46,1174
kv_head,26,47,1215
kv_head,26,48,1241
kv_head,26,49,1159
kv_head,26,50,1167
kv_head,26,51,1135
kv_head,26,52,1086
kv_head,26,53,1137
kv_head,26,54,1103
kv_head,26,55,1053
kv_head,26,56,1128
kv_head,26,57,1124
kv_head,26,58,1059
kv_head,26,59,1067
kv_head,26,60,1015
kv_head,26,61,1021
kv_head,26,62,1036
kv_head,26,63,1203
kv_head,26,64,1156
kv_head,26,65,1060
kv_head,26,66,1041
kv_head,26,67,1036
kv_head,26,68,989
kv_head,26,69,987
kv_head,26,70,1006
kv_head,26,71,982
kv_head,26,72,961
kv_head,26,73,947
kv_head,26,74,1026
kv_head,26,75,952
kv_head,26,76,967
kv_head,26,77,938
kv_head,26,78,866
kv_head,26,79,890
kv_head,26,80,907
kv_head,26,81,896
kv_head,26,82,874
kv_head,26,83,868
kv_head,26,84,912
kv_head,26,85,910
kv_head,26,86,938
kv_head,26,87,826
kv_head,26,88,888
kv_head,26,89,922
kv_head,26,90,911
kv_head,26,91,918
kv_head,26,92,883
kv_head,26,93,838
kv_head,26,94,901
kv_head,26,95,871
kv_head,26,96,873
kv_head,26,97,892
kv_head,26,98,859
kv_head,26,99,895
kv_head,26,100,845
kv_head,26,101,849
kv_head,26,102,872
kv_head,26,103,922
kv_head,26,104,903
kv_head,26,105,925
kv_head,26,106,899
kv_head,26,107,974
kv_head,26,108,958
kv_head,26,109,938
kv_head,26,110,1072
kv_head,26,111,1089
kv_head,26,112,1110
kv_head,26,113,1146
kv_head,26,114,1232
kv_head,26,115,1232
kv_head,26,116,1295
kv_head,26,117,1386
kv_head,26,118,1367
kv_head,26,119,1507
kv_head,26,120,1577
kv_head,26,121,1762
kv_head,26,122,1892
kv_head,26,123,1985
kv_head,26,124,2113
kv_head,26,125,2535
kv_head,26,126,3133
kv_head,26,127,5020
kv_head,26,128,36397
kv_head,27,0,112272
kv_head,27,1,23668
kv_head,27,2,14491
kv_head,27,3,10427
kv_head,27,4,8505
kv_head,27,5,7024
kv_head,27,6,6031
kv_head,27,7,5294
kv_head,27,8,4658
kv_head,27,9,4326
kv_head,27,10,3905
kv_head,27,11,3453
kv_head,27,12,3249
kv_head,27,13,3032
kv_head,27,14,2910
kv_head,27,15,2610
kv_head,27,16,2490
kv_head,27,17,2551
kv_head,27,18,2277
kv_head,27,19,2182
kv_head,27,20,2092
kv_head,27,21,2006
kv_head,27,22,1996
kv_head,27,23,1977
kv_head,27,24,1792
kv_head,27,25,1749
kv_head,27,26,1692
kv_head,27,27,1636
kv_head,27,28,1596
kv_head,27,29,1573
kv_head,27,30,1502
kv_head,27,31,1493
kv_head,27,32,1418
kv_head,27,33,1456
kv_head,27,34,1329
kv_head,27,35,1260
kv_head,27,36,1327
kv_head,27,37,1334
kv_head,27,38,1263
kv_head,27,39,1243
kv_head,27,40,1277
kv_head,27,41,1239
kv_head,27,42,1220
kv_head,27,43,1123
kv_head,27,44,1180
kv_head,27,45,1149
kv_head,27,46,1122
kv_head,27,47,1095
kv_head,27,48,1020
kv_head,27,49,1067
kv_head,27,50,978
kv_head,27,51,1050
kv_head,27,52,1014
kv_head,27,53,1067
kv_head,27,54,1014
kv_head,27,55,978
kv_head,27,56,1042
kv_head,27,57,881
kv_head,27,58,945
kv_head,27,59,950
kv_head,27,60,956
kv_head,27,61,978
kv_head,27,62,973
kv_head,27,63,900
kv_head,27,64,1060
kv_head,27,65,1129
kv_head,27,66,992
kv_head,27,67,983
kv_head,27,68,961
kv_head,27,69,922
kv_head,27,70,869
kv_head,27,71,898
kv_head,27,72,926
kv_head,27,73,893
kv_head,27,74,890
kv_head,27,75,860
kv_head,27,76,905
kv_head,27,77,816
kv_head,27,78,825
kv_head,27,79,874
kv_head,27,80,875
kv_head,27,81,882
kv_head,27,82,877
kv_head,27,83,889
kv_head,27,84,814
kv_head,27,85,809
kv_head,27,86,807
kv_head,27,87,835
kv_head,27,88,823
kv_head,27,89,813
kv_head,27,90,831
kv_head,27,91,886
kv_head,27,92,862
kv_head,27,93,800
kv_head,27,94,859
kv_head,27,95,860
kv_head,27,96,829
kv_head,27,97,835
kv_head,27,98,787
kv_head,27,99,845
kv_head,27,100,878
kv_head,27,101,873
kv_head,27,102,845
kv_head,27,103,897
kv_head,27,104,900
kv_head,27,105,903
kv_head,27,106,977
kv_head,27,107,952
kv_head,27,108,957
kv_head,27,109,1030
kv_head,27,110,1080
kv_head,27,111,1145
kv_head,27,112,1123
kv_head,27,113,1148
kv_head,27,114,1196
kv_head,27,115,1248
kv_head,27,116,1359
kv_head,27,117,1353
kv_head,27,118,1505
kv_head,27,119,1540
kv_head,27,120,1622
kv_head,27,121,1960
kv_head,27,122,2301
kv_head,27,123,2426
kv_head,27,124,2662
kv_head,27,125,3469
kv_head,27,126,4215
kv_head,27,127,6337
kv_head,27,128,32387
kv_head,28,0,105612
kv_head,28,1,22018
kv_head,28,2,13962
kv_head,28,3,10551
kv_head,28,4,8593
kv_head,28,5,7266
kv_head,28,6,6515
kv_head,28,7,5915
kv_head,28,8,5348
kv_head,28,9,4908
kv_head,28,10,4442
kv_head,28,11,4025
kv_head,28,12,3793
kv_head,28,13,3603
kv_head,28,14,3333
kv_head,28,15,3231
kv_head,28,16,2988
kv_head,28,17,2787
kv_head,28,18,2655
kv_head,28,19,2549
kv_head,28,20,2346
kv_head,28,21,2230
kv_head,28,22,2143
kv_head,28,23,2147
kv_head,28,24,1963
kv_head,28,25,1940
kv_head,28,26,1772
kv_head,28,27,1813
kv_head,28,28,1763
kv_head,28,29,1728
kv_head,28,30,1566
kv_head,28,31,1587
kv_head,28,32,1524
kv_head,28,33,1466
kv_head,28,34,1382
kv_head,28,35,1372
kv_head,28,36,1359
kv_head,28,37,1362
kv_head,28,38,1197
kv_head,28,39,1295
kv_head,28,40,1223
kv_head,28,41,1175
kv_head,28,42,1151
kv_head,28,43,1110
kv_head,28,44,1125
kv_head,28,45,1116
kv_head,28,46,1083
kv_head,28,47,1071
kv_head,28,48,1070
kv_head,28,49,1093
kv_head,28,50,1090
kv_head,28,51,1040
kv_head,28,52,1025
kv_head,28,53,1068
kv_head,28,54,1101
kv_head,28,55,988
kv_head,28,56,995
kv_head,28,57,1044
kv_head,28,58,1026
kv_head,28,59,924
kv_head,28,60,1045
kv_head,28,61,1085
kv_head,28,62,1096
kv_head,28,63,1121
kv_head,28,64,1028
kv_head,28,65,1030
kv_head,28,66,1053
kv_head,28,67,1076
kv_head,28,68,1114
kv_head,28,69,993
kv_head,28,70,977
kv_head,28,71,1009
kv_head,28,72,971
kv_head,28,73,940
kv_head,28,74,957
kv_head,28,75,942
kv_head,28,76,982
kv_head,28,77,982
kv_head,28,78,997
kv_head,28,79,1039
kv_head,28,80,954
kv_head,28,81,977
kv_head,28,82,1007
kv_head,28,83,988
kv_head,28,84,925
kv_head,28,85,965
kv_head,28,86,954
kv_head,28,87,1018
kv_head,28,88,959
kv_head,28,89,976
kv_head,28,90,1015
kv_head,28,91,977
kv_head,28,92,984
kv_head,28,93,958
kv_head,28,94,986
kv_head,28,95,991
kv_head,28,96,973
kv_head,28,97,947
kv_head,28,98,993
kv_head,28,99,1001
kv_head,28,100,1047
kv_head,28,101,980
kv_head,28,102,1067
kv_head,28,103,1034
kv_head,28,104,1076
kv_head,28,105,1051
kv_head,28,106,1048
kv_head,28,107,1061
kv_head,28,108,1034
kv_head,28,109,1131
kv_head,28,110,1109
kv_head,28,111,1042
kv_head,28,112,1262
kv_head,28,113,1161
kv_head,28,114,1187
kv_head,28,115,1298
kv_head,28,116,1278
kv_head,28,117,1391
kv_head,28,118,1470
kv_head,28,119,1469
kv_head,28,120,1544
kv_head,28,121,1718
kv_head,28,122,1812
kv_head,28,123,2008
kv_head,28,124,2355
kv_head,28,125,2887
kv_head,28,126,3385
kv_head,28,127,4883
kv_head,28,128,29876
kv_head,29,0,115406
kv_head,29,1,22559
kv_head,29,2,14062
kv_head,29,3,10481
kv_head,29,4,8436
kv_head,29,5,6980
kv_head,29,6,5920
kv_head,29,7,5163
kv_head,29,8,4688
kv_head,29,9,4364
kv_head,29,10,3886
kv_head,29,11,3505
kv_head,29,12,3229
kv_head,29,13,3077
kv_head,29,14,2833
kv_head,29,15,2623
kv_head,29,16,2505
kv_head,29,17,2473
kv_head,29,18,2368
kv_head,29,19,2318
kv_head,29,20,2102
kv_head,29,21,2063
kv_head,29,22,2039
kv_head,29,23,1859
kv_head,29,24,1847
kv_head,29,25,1793
kv_head,29,26,1719
kv_head,29,27,1653
kv_head,29,28,1671
kv_head,29,29,1608
kv_head,29,30,1561
kv_head,29,31,1503
kv_head,29,32,1471
kv_head,29,33,1504
kv_head,29,34,1353
kv_head,29,35,1353
kv_head,29,36,1416
kv_head,29,37,1387
kv_head,29,38,1257
kv_head,29,39,1181
kv_head,29,40,1223
kv_head,29,41,1219
kv_head,29,42,1230
kv_head,29,43,1164
kv_head,29,44,1205
kv_head,29,45,1201
kv_head,29,46,1132
kv_head,29,47,1138
kv_head,29,48,1097
kv_head,29,49,1109
kv_head,29,50,1021
kv_head,29,51,1095
kv_head,29,52,1080
kv_head,29,53,1060
kv_head,29,54,1075
kv_head,29,55,1040
kv_head,29,56,990
kv_head,29,57,1073
kv_head,29,58,1018
kv_head,29,59,1040
kv_head,29,60,998
kv_head,29,61,1029
kv_head,29,62,1090
kv_head,29,63,1040
kv_head,29,64,992
kv_head,29,65,1035
kv_head,29,66,1004
kv_head,29,67,1004
kv_head,29,68,975
kv_head,29,69,900
kv_head,29,70,929
kv_head,29,71,962
kv_head,29,72,922
kv_head,29,73,891
kv_head,29,74,900
kv_head,29,75,925
kv_head,29,76,860
kv_head,29,77,904
kv_head,29,78,886
kv_head,29,79,846
kv_head,29,80,893
kv_head,29,81,886
kv_head,29,82,897
kv_head,29,83,854
kv_head,29,84,837
kv_head,29,85,868
kv_head,29,86,912
kv_head,29,87,831
kv_head,29,88,882
kv_head,29,89,868
kv_head,29,90,876
kv_head,29,91,913
kv_head,29,92,924
kv_head,29,93,892
kv_head,29,94,880
kv_head,29,95,852
kv_head,29,96,937
kv_head,29,97,962
kv_head,29,98,954
kv_head,29,99,912
kv_head,29,100,986
kv_head,29,101,969
kv_head,29,102,968
kv_head,29,103,989
kv_head,29,104,1024
kv_head,29,105,993
kv_head,29,106,1089
kv_head,29,107,1059
kv_head,29,108,1099
kv_head,29,109,1129
kv_head,29,110,1169
kv_head,29,111,1174
kv_head,29,112,1170
kv_head,29,113,1198
kv_head,29,114,1216
kv_head,29,115,1327
kv_head,29,116,1429
kv_head,29,117,1444
kv_head,29,118,1496
kv_head,29,119,1601
kv_head,29,120,1712
kv_head,29,121,1779
kv_head,29,122,1973
kv_head,29,123,2014
kv_head,29,124,2349
kv_head,29,125,2599
kv_head,29,126,3411
kv_head,29,127,4750
kv_head,29,128,30752
kv_head,3,0,110854
kv_head,3,1,23856
kv_head,3,2,14638
kv_head,3,3,10828
kv_head,3,4,8324
kv_head,3,5,7090
kv_head,3,6,5862
kv_head,3,7,5402
kv_head,3,8,4612
kv_head,3,9,4322
kv_head,3,10,3920
kv_head,3,11,3390
kv_head,3,12,3283
kv_head,3,13,3073
kv_head,3,14,2844
kv_head,3,15,2671
kv_head,3,16,2528
kv_head,3,17,2448
kv_head,3,18,2377
kv_head,3,19,2147
kv_head,3,20,2121
kv_head,3,21,2076
kv_head,3,22,2019
kv_head,3,23,1960
kv_head,3,24,1826
kv_head,3,25,1779
kv_head,3,26,1729
kv_head,3,27,1665
kv_head,3,28,1652
kv_head,3,29,1669
kv_head,3,30,1656
kv_head,3,31,1546
kv_head,3,32,1544
kv_head,3,33,1519
kv_head,3,34,1504
kv_head,3,35,1407
kv_head,3,36,1415
kv_head,3,37,1327
kv_head,3,38,1349
kv_head,3,39,1332
kv_head,3,40,1348
kv_head,3,41,1249
kv_head,3,42,1244
kv_head,3,43,1281
kv_head,3,44,1245
kv_head,3,45,1201
kv_head,3,46,1190
kv_head,3,47,1139
kv_head,3,48,1097
kv_head,3,49,1129
kv_head,3,50,1066
kv_head,3,51,1064
kv_head,3,52,1045
kv_head,3,53,955
kv_head,3,54,1060
kv_head,3,55,1039
kv_head,3,56,1036
kv_head,3,57,994
kv_head,3,58,1041
kv_head,3,59,978
kv_head,3,60,1042
kv_head,3,61,1076
kv_head,3,62,1104
kv_head,3,63,1110
kv_head,3,64,1096
kv_head,3,65,1049
kv_head,3,66,1060
kv_head,3,67,1101
kv_head,3,68,1088
kv_head,3,69,1039
kv_head,3,70,1017
kv_head,3,71,1013
kv_head,3,72,994
kv_head,3,73,960
kv_head,3,74,959
kv_head,3,75,1011
kv_head,3,76,1047
kv_head,3,77,1024
kv_head,3,78,930
kv_head,3,79,959
kv_head,3,80,996
kv_head,3,81,1035
kv_head,3,82,1014
kv_head,3,83,1015
kv_head,3,84,1000
kv_head,3,85,1059
kv_head,3,86,962
kv_head,3,87,975
kv_head,3,88,1008
kv_head,3,89,965
kv_head,3,90,979
kv_head,3,91,994
kv_head,3,92,998
kv_head,3,93,1000
kv_head,3,94,944
kv_head,3,95,1029
kv_head,3,96,938
kv_head,3,97,992
kv_head,3,98,981
kv_head,3,99,928
kv_head,3,100,987
kv_head,3,101,1036
kv_head,3,102,993
kv_head,3,103,1031
kv_head,3,104,1031
kv_head,3,105,1085
kv_head,3,106,1049
kv_head,3,107,1126
kv_head,3,108,1126
kv_head,3,109,1165
kv_head,3,110,1153
kv_head,3,111,1185
kv_head,3,112,1286
kv_head,3,113,1363
kv_head,3,114,1441
kv_head,3,115,1581
kv_head,3,116,1568
kv_head,3,117,1767
kv_head,3,118,1763
kv_head,3,119,1773
kv_head,3,120,1939
kv_head,3,121,2185
kv_head,3,122,2408
kv_head,3,123,2300
kv_head,3,124,2532
kv_head,3,125,2917
kv_head,3,126,3466
kv_head,3,127,4367
kv_head,3,128,25137
kv_head,30,0,130173
kv_head,30,1,20685
kv_head,30,2,12907
kv_head,30,3,9520
kv_head,30,4,7565
kv_head,30,5,6427
kv_head,30,6,5558
kv_head,30,7,4946
kv_head,30,8,4411
kv_head,30,9,3926
kv_head,30,10,3695
kv_head,30,11,3283
kv_head,30,12,3085
kv_head,30,13,2956
kv_head,30,14,2758
kv_head,30,15,2587
kv_head,30,16,2493
kv_head,30,17,2281
kv_head,30,18,2187
kv_head,30,19,2163
kv_head,30,20,1992
kv_head,30,21,1992
kv_head,30,22,1895
kv_head,30,23,1828
kv_head,30,24,1752
kv_head,30,25,1644
kv_head,30,26,1626
kv_head,30,27,1520
kv_head,30,28,1481
kv_head,30,29,1459
kv_head,30,30,1470
kv_head,30,31,1382
kv_head,30,32,1318
kv_head,30,33,1264
kv_head,30,34,1257
kv_head,30,35,1207
kv_head,30,36,1192
kv_head,30,37,1190
kv_head,30,38,1180
kv_head,30,39,1167
kv_head,30,40,1070
kv_head,30,41,1110
kv_head,30,42,1016
kv_head,30,43,1029
kv_head,30,44,1040
kv_head,30,45,1016
kv_head,30,46,1005
kv_head,30,47,1004
kv_head,30,48,996
kv_head,30,49,961
kv_head,30,50,957
kv_head,30,51,967
kv_head,30,52,965
kv_head,30,53,870
kv_head,30,54,959
kv_head,30,55,958
kv_head,30,56,1026
kv_head,30,57,923
kv_head,30,58,887
kv_head,30,59,889
kv_head,30,60,915
kv_head,30,61,921
kv_head,30,62,883
kv_head,30,63,956
kv_head,30,64,911
kv_head,30,65,898
kv_head,30,66,925
kv_head,30,67,874
kv_head,30,68,819
kv_head,30,69,919
kv_head,30,70,936
kv_head,30,71,858
kv_head,30,72,864
kv_head,30,73,838
kv_head,30,74,856
kv_head,30,75,871
kv_head,30,76,900
kv_head,30,77,820
kv_head,30,78,841
kv_head,30,79,789
kv_head,30,80,869
kv_head,30,81,814
kv_head,30,82,859
kv_head,30,83,899
kv_head,30,84,862
kv_head,30,85,878
kv_head,30,86,858
kv_head,30,87,864
kv_head,30,88,834
kv_head,30,89,844
kv_head,30,90,827
kv_head,30,91,826
kv_head,30,92,875
kv_head,30,93,870
kv_head,30,94,873
kv_head,30,95,898
kv_head,30,96,881
kv_head,30,97,956
kv_head,30,98,922
kv_head,30,99,925
kv_head,30,100,928
kv_head,30,101,870
kv_head,30,102,919
kv_head,30,103,895
kv_head,30,104,1011
kv_head,30,105,1022
kv_head,30,106,1066
kv_head,30,107,988
kv_head,30,108,1076
kv_head,30,109,1127
kv_head,30,110,1136
kv_head,30,111,1154
kv_head,30,112,1294
kv_head,30,113,1330
kv_head,30,114,1522
kv_head,30,115,1693
kv_head,30,116,1555
kv_head,30,117,1805
kv_head,30,118,1628
kv_head,30,119,1659
kv_head,30,120,1740
kv_head,30,121,1805
kv_head,30,122,1869
kv_head,30,123,2077
kv_head,30,124,2366
kv_head,30,125,2709
kv_head,30,126,3294
kv_head,30,127,4750
kv_head,30,128,29830
kv_head,31,0,106153
kv_head,31,1,23726
kv_head,31,2,14717
kv_head,31,3,10629
kv_head,31,4,8527
kv_head,31,5,7119
kv_head,31,6,6307
kv_head,31,7,5497
kv_head,31,8,4988
kv_head,31,9,4510
kv_head,31,10,4110
kv_head,31,11,3909
kv_head,31,12,3581
kv_head,31,13,3288
kv_head,31,14,3141
kv_head,31,15,2797
kv_head,31,16,2689
kv_head,31,17,2565
kv_head,31,18,2455
kv_head,31,19,2329
kv_head,31,20,2309
kv_head,31,21,2108
kv_head,31,22,2139
kv_head,31,23,1905
kv_head,31,24,1904
kv_head,31,25,1820
kv_head,31,26,1879
kv_head,31,27,1648
kv_head,31,28,1657
kv_head,31,29,1600
kv_head,31,30,1529
kv_head,31,31,1497
kv_head,31,32,1523
kv_head,31,33,1418
kv_head,31,34,1346
kv_head,31,35,1401
kv_head,31,36,1294
kv_head,31,37,1326
kv_head,31,38,1297
kv_head,31,39,1318
kv_head,31,40,1200
kv_head,31,41,1310
kv_head,31,42,1225
kv_head,31,43,1169
kv_head,31,44,1220
kv_head,31,45,1158
kv_head,31,46,1263
kv_head,31,47,1167
kv_head,31,48,1114
kv_head,31,49,1125
kv_head,31,50,1088
kv_head,31,51,1078
kv_head,31,52,1068
kv_head,31,53,1035
kv_head,31,54,1052
kv_head,31,55,1053
kv_head,31,56,1040
kv_head,31,57,996
kv_head,31,58,1054
kv_head,31,59,1014
kv_head,31,60,1048
kv_head,31,61,959
kv_head,31,62,932
kv_head,31,63,1005
kv_head,31,64,1096
kv_head,31,65,1031
kv_head,31,66,958
kv_head,31,67,989
kv_head,31,68,896
kv_head,31,69,908
kv_head,31,70,945
kv_head,31,71,928
kv_head,31,72,903
kv_head,31,73,993
kv_head,31,74,982
kv_head,31,75,836
kv_head,31,76,924
kv_head,31,77,940
kv_head,31,78,974
kv_head,31,79,914
kv_head,31,80,902
kv_head,31,81,941
kv_head,31,82,942
kv_head,31,83,929
kv_head,31,84,897
kv_head,31,85,945
kv_head,31,86,871
kv_head,31,87,920
kv_head,31,88,886
kv_head,31,89,905
kv_head,31,90,909
kv_head,31,91,848
kv_head,31,92,853
kv_head,31,93,861
kv_head,31,94,839
kv_head,31,95,901
kv_head,31,96,915
kv_head,31,97,890
kv_head,31,98,922
kv_head,31,99,933
kv_head,31,100,891
kv_head,31,101,882
kv_head,31,102,855
kv_head,31,103,933
kv_head,31,104,947
kv_head,31,105,916
kv_head,31,106,881
kv_head,31,107,994
kv_head,31,108,985
kv_head,31,109,979
kv_head,31,110,943
kv_head,31,111,1028
kv_head,31,112,968
kv_head,31,113,1058
kv_head,31,114,1063
kv_head,31,115,1109
kv_head,31,116,1141
kv_head,31,117,1309
kv_head,31,118,1242
kv_head,31,119,1425
kv_head,31,120,1505
kv_head,31,121,1610
kv_head,31,122,1811
kv_head,31,123,2027
kv_head,31,124,2575
kv_head,31,125,3087
kv_head,31,126,3948
kv_head,31,127,5566
kv_head,31,128,34984
kv_head,4,0,125638
kv_head,4,1,21960
kv_head,4,2,13888
kv_head,4,3,10183
kv_head,4,4,7980
kv_head,4,5,6491
kv_head,4,6,5664
kv_head,4,7,5011
kv_head,4,8,4413
kv_head,4,9,3935
kv_head,4,10,3655
kv_head,4,11,3449
kv_head,4,12,3104
kv_head,4,13,2818
kv_head,4,14,2666
kv_head,4,15,2547
kv_head,4,16,2433
kv_head,4,17,2243
kv_head,4,18,2119
kv_head,4,19,2047
kv_head,4,20,1958
kv_head,4,21,1860
kv_head,4,22,1779
kv_head,4,23,1724
kv_head,4,24,1653
kv_head,4,25,1671
kv_head,4,26,1523
kv_head,4,27,1511
kv_head,4,28,1507
kv_head,4,29,1488
kv_head,4,30,1435
kv_head,4,31,1364
kv_head,4,32,1357
kv_head,4,33,1319
kv_head,4,34,1275
kv_head,4,35,1252
kv_head,4,36,1214
kv_head,4,37,1197
kv_head,4,38,1249
kv_head,4,39,1142
kv_head,4,40,1138
kv_head,4,41,1071
kv_head,4,42,1119
kv_head,4,43,1068
kv_head,4,44,1085
kv_head,4,45,1122
kv_head,4,46,1058
kv_head,4,47,1128
kv_head,4,48,1041
kv_head,4,49,1096
kv_head,4,50,1085
kv_head,4,51,1083
kv_head,4,52,1086
kv_head,4,53,1026
kv_head,4,54,1054
kv_head,4,55,1069
kv_head,4,56,1069
kv_head,4,57,1031
kv_head,4,58,1045
kv_head,4,59,1049
kv_head,4,60,1010
kv_head,4,61,1046
kv_head,4,62,1009
kv_head,4,63,1047
kv_head,4,64,1058
kv_head,4,65,1019
kv_head,4,66,961
kv_head,4,67,963
kv_head,4,68,1027
kv_head,4,69,935
kv_head,4,70,988
kv_head,4,71,984
kv_head,4,72,943
kv_head,4,73,897
kv_head,4,74,901
kv_head,4,75,914
kv_head,4,76,890
kv_head,4,77,835
kv_head,4,78,924
kv_head,4,79,837
kv_head,4,80,920
kv_head,4,81,906
kv_head,4,82,887
kv_head,4,83,889
kv_head,4,84,936
kv_head,4,85,895
kv_head,4,86,892
kv_head,4,87,881
kv_head,4,88,882
kv_head,4,89,897
kv_head,4,90,885
kv_head,4,91,915
kv_head,4,92,872
kv_head,4,93,892
kv_head,4,94,882
kv_head,4,95,952
kv_head,4,96,887
kv_head,4,97,923
kv_head,4,98,897
kv_head,4,99,912
kv_head,4,100,977
kv_head,4,101,975
kv_head,4,102,916
kv_head,4,103,987
kv_head,4,104,1025
kv_head,4,105,1011
kv_head,4,106,1023
kv_head,4,107,999
kv_head,4,108,964
kv_head,4,109,1004
kv_head,4,110,1042
kv_head,4,111,1066
kv_head,4,112,1166
kv_head,4,113,1216
kv_head,4,114,1194
kv_head,4,115,1205
kv_head,4,116,1248
kv_head,4,117,1249
kv_head,4,118,1291
kv_head,4,119,1385
kv_head,4,120,1508
kv_head,4,121,1587
kv_head,4,122,1821
kv_head,4,123,1975
kv_head,4,124,2208
kv_head,4,125,2652
kv_head,4,126,3388
kv_head,4,127,5281
kv_head,4,128,30418
kv_head,5,0,118482
kv_head,5,1,22314
kv_head,5,2,13768
kv_head,5,3,9891
kv_head,5,4,7989
kv_head,5,5,6839
kv_head,5,6,5850
kv_head,5,7,4944
kv_head,5,8,4436
kv_head,5,9,4130
kv_head,5,10,3756
kv_head,5,11,3462
kv_head,5,12,3137
kv_head,5,13,2911
kv_head,5,14,2761
kv_head,5,15,2607
kv_head,5,16,2563
kv_head,5,17,2404
kv_head,5,18,2328
kv_head,5,19,2228
kv_head,5,20,2170
kv_head,5,21,1996
kv_head,5,22,1921
kv_head,5,23,1880
kv_head,5,24,1812
kv_head,5,25,1726
kv_head,5,26,1737
kv_head,5,27,1605
kv_head,5,28,1619
kv_head,5,29,1505
kv_head,5,30,1531
kv_head,5,31,1504
kv_head,5,32,1387
kv_head,5,33,1363
kv_head,5,34,1325
kv_head,5,35,1357
kv_head,5,36,1350
kv_head,5,37,1283
kv_head,5,38,1275
kv_head,5,39,1203
kv_head,5,40,1228
kv_head,5,41,1204
kv_head,5,42,1170
kv_head,5,43,1155
kv_head,5,44,1071
kv_head,5,45,1032
kv_head,5,46,1067
kv_head,5,47,1083
kv_head,5,48,1058
kv_head,5,49,982
kv_head,5,50,1034
kv_head,5,51,926
kv_head,5,52,959
kv_head,5,53,966
kv_head,5,54,1007
kv_head,5,55,863
kv_head,5,56,938
kv_head,5,57,907
kv_head,5,58,895
kv_head,5,59,925
kv_head,5,60,910
kv_head,5,61,934
kv_head,5,62,963
kv_head,5,63,903
kv_head,5,64,945
kv_head,5,65,960
kv_head,5,66,978
kv_head,5,67,942
kv_head,5,68,863
kv_head,5,69,876
kv_head,5,70,849
kv_head,5,71,787
kv_head,5,72,855
kv_head,5,73,853
kv_head,5,74,837
kv_head,5,75,813
kv_head,5,76,887
kv_head,5,77,850
kv_head,5,78,799
kv_head,5,79,845
kv_head,5,80,844
kv_head,5,81,878
kv_head,5,82,851
kv_head,5,83,866
kv_head,5,84,893
kv_head,5,85,827
kv_head,5,86,807
kv_head,5,87,855
kv_head,5,88,825
kv_head,5,89,810
kv_head,5,90,850
kv_head,5,91,797
kv_head,5,92,837
kv_head,5,93,885
kv_head,5,94,909
kv_head,5,95,891
kv_head,5,96,916
kv_head,5,97,866
kv_head,5,98,912
kv_head,5,99,874
kv_head,5,100,980
kv_head,5,101,970
kv_head,5,102,898
kv_head,5,103,954
kv_head,5,104,943
kv_head,5,105,909
kv_head,5,106,1018
kv_head,5,107,1017
kv_head,5,108,987
kv_head,5,109,1083
kv_head,5,110,1072
kv_head,5,111,1102
kv_head,5,112,1208
kv_head,5,113,1148
kv_head,5,114,1233
kv_head,5,115,1245
kv_head,5,116,1318
kv_head,5,117,1429
kv_head,5,118,1517
kv_head,5,119,1612
kv_head,5,120,1584
kv_head,5,121,1719
kv_head,5,122,1792
kv_head,5,123,2014
kv_head,5,124,2552
kv_head,5,125,3065
kv_head,5,126,3738
kv_head,5,127,5549
kv_head,5,128,34899
kv_head,6,0,120144
kv_head,6,1,21902
kv_head,6,2,13809
kv_head,6,3,10287
kv_head,6,4,8523
kv_head,6,5,6953
kv_head,6,6,6281
kv_head,6,7,5293
kv_head,6,8,4815
kv_head,6,9,4313
kv_head,6,10,3817
kv_head,6,11,3636
kv_head,6,12,3348
kv_head,6,13,3236
kv_head,6,14,2870
kv_head,6,15,2781
kv_head,6,16,2701
kv_head,6,17,2566
kv_head,6,18,2426
kv_head,6,19,2240
kv_head,6,20,2132
kv_head,6,21,2110
kv_head,6,22,1975
kv_head,6,23,1937
kv_head,6,24,1908
kv_head,6,25,1903
kv_head,6,26,1764
kv_head,6,27,1636
kv_head,6,28,1626
kv_head,6,29,1670
kv_head,6,30,1579
kv_head,6,31,1477
kv_head,6,32,1521
kv_head,6,33,1556
kv_head,6,34,1491
kv_head,6,35,1336
kv_head,6,36,1362
kv_head,6,37,1355
kv_head,6,38,1286
kv_head,6,39,1304
kv_head,6,40,1283
kv_head,6,41,1192
kv_head,6,42,1243
kv_head,6,43,1219
kv_head,6,44,1208
kv_head,6,45,1181
kv_head,6,46,1180
kv_head,6,47,1155
kv_head,6,48,1137
kv_head,6,49,1125
kv_head,6,50,1156
kv_head,6,51,1125
kv_head,6,52,1079
kv_head,6,53,1051
kv_head,6,54,1048
kv_head,6,55,1092
kv_head,6,56,1044
kv_head,6,57,1019
kv_head,6,58,1011
kv_head,6,59,1038
kv_head,6,60,1030
kv_head,6,61,1033
kv_head,6,62,1028
kv_head,6,63,1063
kv_head,6,64,1128
kv_head,6,65,1130
kv_head,6,66,1049
kv_head,6,67,1020
kv_head,6,68,1095
kv_head,6,69,1026
kv_head,6,70,1023
kv_head,6,71,994
kv_head,6,72,1010
kv_head,6,73,987
kv_head,6,74,982
kv_head,6,75,993
kv_head,6,76,876
kv_head,6,77,956
kv_head,6,78,972
kv_head,6,79,967
kv_head,6,80,955
kv_head,6,81,933
kv_head,6,82,905
kv_head,6,83,990
kv_head,6,84,921
kv_head,6,85,932
kv_head,6,86,902
kv_head,6,87,916
kv_head,6,88,945
kv_head,6,89,898
kv_head,6,90,851
kv_head,6,91,945
kv_head,6,92,902
kv_head,6,93,913
kv_head,6,94,933
kv_head,6,95,976
kv_head,6,96,995
kv_head,6,97,955
kv_head,6,98,957
kv_head,6,99,943
kv_head,6,100,982
kv_head,6,101,898
kv_head,6,102,951
kv_head,6,103,991
kv_head,6,104,1029
kv_head,6,105,1022
kv_head,6,106,1061
kv_head,6,107,1032
kv_head,6,108,1037
kv_head,6,109,1109
kv_head,6,110,1102
kv_head,6,111,1206
kv_head,6,112,1146
kv_head,6,113,1164
kv_head,6,114,1202
kv_head,6,115,1245
kv_head,6,116,1278
kv_head,6,117,1251
kv_head,6,118,1318
kv_head,6,119,1331
kv_head,6,120,1380
kv_head,6,121,1546
kv_head,6,122,1633
kv_head,6,123,1833
kv_head,6,124,1946
kv_head,6,125,2171
kv_head,6,126,2840
kv_head,6,127,4201
kv_head,6,128,26827
kv_head,7,0,88509
kv_head,7,1,22923
kv_head,7,2,14681
kv_head,7,3,10743
kv_head,7,4,9083
kv_head,7,5,7626
kv_head,7,6,6583
kv_head,7,7,5812
kv_head,7,8,5296
kv_head,7,9,4692
kv_head,7,10,4397
kv_head,7,11,4183
kv_head,7,12,3791
kv_head,7,13,3677
kv_head,7,14,3405
kv_head,7,15,3199
kv_head,7,16,2865
kv_head,7,17,2801
kv_head,7,18,2670
kv_head,7,19,2481
kv_head,7,20,2466
kv_head,7,21,2307
kv_head,7,22,2293
kv_head,7,23,2161
kv_head,7,24,2083
kv_head,7,25,2026
kv_head,7,26,1970
kv_head,7,27,1915
kv_head,7,28,1812
kv_head,7,29,1825
kv_head,7,30,1697
kv_head,7,31,1643
kv_head,7,32,1676
kv_head,7,33,1611
kv_head,7,34,1538
kv_head,7,35,1576
kv_head,7,36,1540
kv_head,7,37,1473
kv_head,7,38,1472
kv_head,7,39,1419
kv_head,7,40,1378
kv_head,7,41,1331
kv_head,7,42,1356
kv_head,7,43,1302
kv_head,7,44,1332
kv_head,7,45,1234
kv_head,7,46,1292
kv_head,7,47,1289
kv_head,7,48,1344
kv_head,7,49,1318
kv_head,7,50,1291
kv_head,7,51,1224
kv_head,7,52,1234
kv_head,7,53,1193
kv_head,7,54,1237
kv_head,7,55,1234
kv_head,7,56,1149
kv_head,7,57,1203
kv_head,7,58,1118
kv_head,7,59,1194
kv_head,7,60,1128
kv_head,7,61,1121
kv_head,7,62,1081
kv_head,7,63,1081
kv_head,7,64,1112
kv_head,7,65,1030
kv_head,7,66,1036
kv_head,7,67,994
kv_head,7,68,1038
kv_head,7,69,1069
kv_head,7,70,1013
kv_head,7,71,1063
kv_head,7,72,1045
kv_head,7,73,1055
kv_head,7,74,1053
kv_head,7,75,1056
kv_head,7,76,986
kv_head,7,77,1009
kv_head,7,78,988
kv_head,7,79,982
kv_head,7,80,946
kv_head,7,81,995
kv_head,7,82,915
kv_head,7,83,981
kv_head,7,84,975
kv_head,7,85,939
kv_head,7,86,975
kv_head,7,87,958
kv_head,7,88,928
kv_head,7,89,1015
kv_head,7,90,1014
kv_head,7,91,1018
kv_head,7,92,973
kv_head,7,93,984
kv_head,7,94,978
kv_head,7,95,1067
kv_head,7,96,1043
kv_head,7,97,986
kv_head,7,98,1060
kv_head,7,99,1003
kv_head,7,100,1079
kv_head,7,101,1094
kv_head,7,102,1022
kv_head,7,103,1055
kv_head,7,104,1050
kv_head,7,105,1062
kv_head,7,106,1122
kv_head,7,107,1062
kv_head,7,108,1116
kv_head,7,109,1095
kv_head,7,110,1158
kv_head,7,111,1228
kv_head,7,112,1254
kv_head,7,113,1305
kv_head,7,114,1315
kv_head,7,115,1406
kv_head,7,116,1413
kv_head,7,117,1576
kv_head,7,118,1651
kv_head,7,119,1710
kv_head,7,120,1891
kv_head,7,121,1894
kv_head,7,122,2138
kv_head,7,123,2397
kv_head,7,124,2874
kv_head,7,125,3815
kv_head,7,126,4419
kv_head,7,127,5988
kv_head,7,128,31161
kv_head,8,0,118012
kv_head,8,1,22895
kv_head,8,2,13819
kv_head,8,3,10390
kv_head,8,4,8223
kv_head,8,5,6930
kv_head,8,6,6099
kv_head,8,7,5376
kv_head,8,8,4670
kv_head,8,9,4230
kv_head,8,10,3933
kv_head,8,11,3746
kv_head,8,12,3279
kv_head,8,13,3085
kv_head,8,14,2891
kv_head,8,15,2616
kv_head,8,16,2590
kv_head,8,17,2487
kv_head,8,18,2207
kv_head,8,19,2149
kv_head,8,20,2056
kv_head,8,21,1956
kv_head,8,22,2028
kv_head,8,23,1863
kv_head,8,24,1684
kv_head,8,25,1708
kv_head,8,26,1659
kv_head,8,27,1533
kv_head,8,28,1559
kv_head,8,29,1510
kv_head,8,30,1438
kv_head,8,31,1437
kv_head,8,32,1401
kv_head,8,33,1303
kv_head,8,34,1257
kv_head,8,35,1260
kv_head,8,36,1257
kv_head,8,37,1301
kv_head,8,38,1235
kv_head,8,39,1213
kv_head,8,40,1174
kv_head,8,41,1191
kv_head,8,42,1117
kv_head,8,43,1164
kv_head,8,44,1125
kv_head,8,45,1092
kv_head,8,46,1117
kv_head,8,47,1094
kv_head,8,48,1061
kv_head,8,49,1063
kv_head,8,50,1064
kv_head,8,51,980
kv_head,8,52,1038
kv_head,8,53,1055
kv_head,8,54,1028
kv_head,8,55,980
kv_head,8,56,996
kv_head,8,57,959
kv_head,8,58,965
kv_head,8,59,967
kv_head,8,60,942
kv_head,8,61,998
kv_head,8,62,961
kv_head,8,63,910
kv_head,8,64,1001
kv_head,8,65,1026
kv_head,8,66,975
kv_head,8,67,973
kv_head,8,68,904
kv_head,8,69,906
kv_head,8,70,922
kv_head,8,71,887
kv_head,8,72,841
kv_head,8,73,827
kv_head,8,74,893
kv_head,8,75,840
kv_head,8,76,850
kv_head,8,77,789
kv_head,8,78,801
kv_head,8,79,758
kv_head,8,80,840
kv_head,8,81,830
kv_head,8,82,853
kv_head,8,83,794
kv_head,8,84,834
kv_head,8,85,826
kv_head,8,86,800
kv_head,8,87,807
kv_head,8,88,846
kv_head,8,89,834
kv_head,8,90,842
kv_head,8,91,802
kv_head,8,92,843
kv_head,8,93,845
kv_head,8,94,826
kv_head,8,95,859
kv_head,8,96,858
kv_head,8,97,845
kv_head,8,98,858
kv_head,8,99,860
kv_head,8,100,902
kv_head,8,101,944
kv_head,8,102,952
kv_head,8,103,920
kv_head,8,104,989
kv_head,8,105,976
kv_head,8,106,988
kv_head,8,107,965
kv_head,8,108,1039
kv_head,8,109,974
kv_head,8,110,1050
kv_head,8,111,1055
kv_head,8,112,1131
kv_head,8,113,1111
kv_head,8,114,1198
kv_head,8,115,1292
kv_head,8,116,1366
kv_head,8,117,1355
kv_head,8,118,1394
kv_head,8,119,1569
kv_head,8,120,1657
kv_head,8,121,1805
kv_head,8,122,1996
kv_head,8,123,2104
kv_head,8,124,2203
kv_head,8,125,3026
kv_head,8,126,3609
kv_head,8,127,5339
kv_head,8,128,33086
kv_head,9,0,94983
kv_head,9,1,22006
kv_head,9,2,14540
kv_head,9,3,11374
kv_head,9,4,9038
kv_head,9,5,7558
kv_head,9,6,6657
kv_head,9,7,5958
kv_head,9,8,5262
kv_head,9,9,4669
kv_head,9,10,4344
kv_head,9,11,3989
kv_head,9,12,3735
kv_head,9,13,3478
kv_head,9,14,3284
kv_head,9,15,3031
kv_head,9,16,2889
kv_head,9,17,2657
kv_head,9,18,2507
kv_head,9,19,2462
kv_head,9,20,2249
kv_head,9,21,2250
kv_head,9,22,2133
kv_head,9,23,2045
kv_head,9,24,1984
kv_head,9,25,1911
kv_head,9,26,1811
kv_head,9,27,1714
kv_head,9,28,1726
kv_head,9,29,1675
kv_head,9,30,1622
kv_head,9,31,1562
kv_head,9,32,1478
kv_head,9,33,1559
kv_head,9,34,1467
kv_head,9,35,1399
kv_head,9,36,1361
kv_head,9,37,1355
kv_head,9,38,1318
kv_head,9,39,1271
kv_head,9,40,1263
kv_head,9,41,1198
kv_head,9,42,1299
kv_head,9,43,1218
kv_head,9,44,1246
kv_head,9,45,1216
kv_head,9,46,1184
kv_head,9,47,1164
kv_head,9,48,1146
kv_head,9,49,1132
kv_head,9,50,1134
kv_head,9,51,1157
kv_head,9,52,1160
kv_head,9,53,1080
kv_head,9,54,1107
kv_head,9,55,1201
kv_head,9,56,1079
kv_head,9,57,1080
kv_head,9,58,1060
kv_head,9,59,1071
kv_head,9,60,1119
kv_head,9,61,1118
kv_head,9,62,1080
kv_head,9,63,1111
kv_head,9,64,1121
kv_head,9,65,1077
kv_head,9,66,1051
kv_head,9,67,1079
kv_head,9,68,1096
kv_head,9,69,1072
kv_head,9,70,1013
kv_head,9,71,1018
kv_head,9,72,1039
kv_head,9,73,1068
kv_head,9,74,1108
kv_head,9,75,1008
kv_head,9,76,1059
kv_head,9,77,1055
kv_head,9,78,1051
kv_head,9,79,1037
kv_head,9,80,1146
kv_head,9,81,1053
kv_head,9,82,989
kv_head,9,83,961
kv_head,9,84,1050
kv_head,9,85,1036
kv_head,9,86,999
kv_head,9,87,1001
kv_head,9,88,1095
kv_head,9,89,994
kv_head,9,90,1071
kv_head,9,91,1042
kv_head,9,92,1052
kv_head,9,93,1059
kv_head,9,94,1068
kv_head,9,95,1048
kv_head,9,96,954
kv_head,9,97,1014
kv_head,9,98,1083
kv_head,9,99,1083
kv_head,9,100,1134
kv_head,9,101,1040
kv_head,9,102,1130
kv_head,9,103,1042
kv_head,9,104,1146
kv_head,9,105,1070
kv_head,9,106,1049
kv_head,9,107,1115
kv_head,9,108,1142
kv_head,9,109,1207
kv_head,9,110,1231
kv_head,9,111,1235
kv_head,9,112,1322
kv_head,9,113,1255
kv_head,9,114,1301
kv_head,9,115,1417
kv_head,9,116,1486
kv_head,9,117,1559
kv_head,9,118,1691
kv_head,9,119,1779
kv_head,9,120,1872
kv_head,9,121,1922
kv_head,9,122,2155
kv_head,9,123,2384
kv_head,9,124,2728
kv_head,9,125,3354
kv_head,9,126,4505
kv_head,9,127,7057
kv_head,9,128,28204
kv_tile,0,0,83905
kv_tile,0,1,13711
kv_tile,0,2,7868
kv_tile,0,3,5626
kv_tile,0,4,4357
kv_tile,0,5,3360
kv_tile,0,6,2834
kv_tile,0,7,2334
kv_tile,0,8,2145
kv_tile,0,9,1835
kv_tile,0,10,1690
kv_tile,0,11,1535
kv_tile,0,12,1375
kv_tile,0,13,1336
kv_tile,0,14,1177
kv_tile,0,15,1135
kv_tile,0,16,1000
kv_tile,0,17,943
kv_tile,0,18,940
kv_tile,0,19,892
kv_tile,0,20,885
kv_tile,0,21,832
kv_tile,0,22,802
kv_tile,0,23,780
kv_tile,0,24,719
kv_tile,0,25,717
kv_tile,0,26,627
kv_tile,0,27,619
kv_tile,0,28,658
kv_tile,0,29,579
kv_tile,0,30,613
kv_tile,0,31,570
kv_tile,0,32,578
kv_tile,0,33,564
kv_tile,0,34,555
kv_tile,0,35,527
kv_tile,0,36,512
kv_tile,0,37,453
kv_tile,0,38,513
kv_tile,0,39,479
kv_tile,0,40,474
kv_tile,0,41,486
kv_tile,0,42,485
kv_tile,0,43,485
kv_tile,0,44,463
kv_tile,0,45,443
kv_tile,0,46,450
kv_tile,0,47,458
kv_tile,0,48,423
kv_tile,0,49,422
kv_tile,0,50,434
kv_tile,0,51,435
kv_tile,0,52,405
kv_tile,0,53,391
kv_tile,0,54,413
kv_tile,0,55,422
kv_tile,0,56,424
kv_tile,0,57,410
kv_tile,0,58,388
kv_tile,0,59,383
kv_tile,0,60,422
kv_tile,0,61,380
kv_tile,0,62,359
kv_tile,0,63,451
kv_tile,0,64,406
kv_tile,0,65,423
kv_tile,0,66,411
kv_tile,0,67,350
kv_tile,0,68,368
kv_tile,0,69,369
kv_tile,0,70,330
kv_tile,0,71,374
kv_tile,0,72,342
kv_tile,0,73,345
kv_tile,0,74,347
kv_tile,0,75,344
kv_tile,0,76,319
kv_tile,0,77,332
kv_tile,0,78,301
kv_tile,0,79,301
kv_tile,0,80,290
kv_tile,0,81,316
kv_tile,0,82,329
kv_tile,0,83,328
kv_tile,0,84,331
kv_tile,0,85,325
kv_tile,0,86,343
kv_tile,0,87,300
kv_tile,0,88,292
kv_tile,0,89,301
kv_tile,0,90,307
kv_tile,0,91,291
kv_tile,0,92,287
kv_tile,0,93,328
kv_tile,0,94,292
kv_tile,0,95,305
kv_tile,0,96,330
kv_tile,0,97,300
kv_tile,0,98,351
kv_tile,0,99,334
kv_tile,0,100,315
kv_tile,0,101,355
kv_tile,0,102,305
kv_tile,0,103,316
kv_tile,0,104,317
kv_tile,0,105,367
kv_tile,0,106,350
kv_tile,0,107,342
kv_tile,0,108,347
kv_tile,0,109,382
kv_tile,0,110,382
kv_tile,0,111,415
kv_tile,0,112,372
kv_tile,0,113,439
kv_tile,0,114,499
kv_tile,0,115,454
kv_tile,0,116,522
kv_tile,0,117,492
kv_tile,0,118,534
kv_tile,0,119,586
kv_tile,0,120,617
kv_tile,0,121,653
kv_tile,0,122,733
kv_tile,0,123,765
kv_tile,0,124,906
kv_tile,0,125,1153
kv_tile,0,126,1258
kv_tile,0,127,1751
kv_tile,0,128,5853
kv_tile,1,0,66554
kv_tile,1,1,15307
kv_tile,1,2,9415
kv_tile,1,3,6747
kv_tile,1,4,5113
kv_tile,1,5,4240
kv_tile,1,6,3624
kv_tile,1,7,3065
kv_tile,1,8,2628
kv_tile,1,9,2385
kv_tile,1,10,2299
kv_tile,1,11,2014
kv_tile,1,12,1768
kv_tile,1,13,1612
kv_tile,1,14,1587
kv_tile,1,15,1465
kv_tile,1,16,1282
kv_tile,1,17,1319
kv_tile,1,18,1212
kv_tile,1,19,1133
kv_tile,1,20,1071
kv_tile,1,21,1102
kv_tile,1,22,1021
kv_tile,1,23,967
kv_tile,1,24,861
kv_tile,1,25,907
kv_tile,1,26,869
kv_tile,1,27,816
kv_tile,1,28,773
kv_tile,1,29,800
kv_tile,1,30,705
kv_tile,1,31,716
kv_tile,1,32,670
kv_tile,1,33,679
kv_tile,1,34,654
kv_tile,1,35,654
kv_tile,1,36,637
kv_tile,1,37,615
kv_tile,1,38,573
kv_tile,1,39,574
kv_tile,1,40,553
kv_tile,1,41,545
kv_tile,1,42,569
kv_tile,1,43,543
kv_tile,1,44,498
kv_tile,1,45,452
kv_tile,1,46,487
kv_tile,1,47,487
kv_tile,1,48,511
kv_tile,1,49,475
kv_tile,1,50,475
kv_tile,1,51,447
kv_tile,1,52,402
kv_tile,1,53,430
kv_tile,1,54,461
kv_tile,1,55,389
kv_tile,1,56,442
kv_tile,1,57,397
kv_tile,1,58,406
kv_tile,1,59,373
kv_tile,1,60,351
kv_tile,1,61,358
kv_tile,1,62,388
kv_tile,1,63,365
kv_tile,1,64,369
kv_tile,1,65,372
kv_tile,1,66,380
kv_tile,1,67,340
kv_tile,1,68,372
kv_tile,1,69,348
kv_tile,1,70,365
kv_tile,1,71,333
kv_tile,1,72,342
kv_tile,1,73,324
kv_tile,1,74,334
kv_tile,1,75,312
kv_tile,1,76,314
kv_tile,1,77,337
kv_tile,1,78,341
kv_tile,1,79,316
kv_tile,1,80,317
kv_tile,1,81,343
kv_tile,1,82,324
kv_tile,1,83,286
kv_tile,1,84,339
kv_tile,1,85,312
kv_tile,1,86,331
kv_tile,1,87,319
kv_tile,1,88,312
kv_tile,1,89,321
kv_tile,1,90,290
kv_tile,1,91,325
kv_tile,1,92,323
kv_tile,1,93,330
kv_tile,1,94,316
kv_tile,1,95,357
kv_tile,1,96,294
kv_tile,1,97,334
kv_tile,1,98,303
kv_tile,1,99,317
kv_tile,1,100,376
kv_tile,1,101,324
kv_tile,1,102,340
kv_tile,1,103,334
kv_tile,1,104,344
kv_tile,1,105,350
kv_tile,1,106,348
kv_tile,1,107,412
kv_tile,1,108,394
kv_tile,1,109,408
kv_tile,1,110,384
kv_tile,1,111,443
kv_tile,1,112,484
kv_tile,1,113,481
kv_tile,1,114,466
kv_tile,1,115,479
kv_tile,1,116,549
kv_tile,1,117,557
kv_tile,1,118,594
kv_tile,1,119,613
kv_tile,1,120,663
kv_tile,1,121,718
kv_tile,1,122,760
kv_tile,1,123,834
kv_tile,1,124,1007
kv_tile,1,125,1237
kv_tile,1,126,1316
kv_tile,1,127,1848
kv_tile,1,128,6416
kv_tile,10,0,76753
kv_tile,10,1,11241
kv_tile,10,2,6580
kv_tile,10,3,4778
kv_tile,10,4,3587
kv_tile,10,5,3023
kv_tile,10,6,2599
kv_tile,10,7,2210
kv_tile,10,8,2089
kv_tile,10,9,1775
kv_tile,10,10,1619
kv_tile,10,11,1549
kv_tile,10,12,1371
kv_tile,10,13,1244
kv_tile,10,14,1262
kv_tile,10,15,1143
kv_tile,10,16,1018
kv_tile,10,17,1062
kv_tile,10,18,1003
kv_tile,10,19,922
kv_tile,10,20,926
kv_tile,10,21,837
kv_tile,10,22,794
kv_tile,10,23,744
kv_tile,10,24,793
kv_tile,10,25,701
kv_tile,10,26,720
kv_tile,10,27,734
kv_tile,10,28,651
kv_tile,10,29,579
kv_tile,10,30,547
kv_tile,10,31,598
kv_tile,10,32,595
kv_tile,10,33,551
kv_tile,10,34,529
kv_tile,10,35,518
kv_tile,10,36,471
kv_tile,10,37,548
kv_tile,10,38,543
kv_tile,10,39,532
kv_tile,10,40,492
kv_tile,10,41,483
kv_tile,10,42,496
kv_tile,10,43,459
kv_tile,10,44,477
kv_tile,10,45,441
kv_tile,10,46,422
kv_tile,10,47,439
kv_tile,10,48,438
kv_tile,10,49,424
kv_tile,10,50,421
kv_tile,10,51,417
kv_tile,10,52,418
kv_tile,10,53,440
kv_tile,10,54,476
kv_tile,10,55,456
kv_tile,10,56,424
kv_tile,10,57,419
kv_tile,10,58,435
kv_tile,10,59,489
kv_tile,10,60,440
kv_tile,10,61,485
kv_tile,10,62,467
kv_tile,10,63,463
kv_tile,10,64,460
kv_tile,10,65,472
kv_tile,10,66,450
kv_tile,10,67,430
kv_tile,10,68,435
kv_tile,10,69,439
kv_tile,10,70,386
kv_tile,10,71,402
kv_tile,10,72,395
kv_tile,10,73,402
kv_tile,10,74,379
kv_tile,10,75,399
kv_tile,10,76,454
kv_tile,10,77,421
kv_tile,10,78,431
kv_tile,10,79,434
kv_tile,10,80,406
kv_tile,10,81,375
kv_tile,10,82,352
kv_tile,10,83,375
kv_tile,10,84,411
kv_tile,10,85,416
kv_tile,10,86,369
kv_tile,10,87,373
kv_tile,10,88,438
kv_tile,10,89,405
kv_tile,10,90,414
kv_tile,10,91,424
kv_tile,10,92,394
kv_tile,10,93,403
kv_tile,10,94,428
kv_tile,10,95,436
kv_tile,10,96,412
kv_tile,10,97,459
kv_tile,10,98,407
kv_tile,10,99,395
kv_tile,10,100,392
kv_tile,10,101,396
kv_tile,10,102,412
kv_tile,10,103,489
kv_tile,10,104,434
kv_tile,10,105,500
kv_tile,10,106,441
kv_tile,10,107,459
kv_tile,10,108,520
kv_tile,10,109,533
kv_tile,10,110,535
kv_tile,10,111,558
kv_tile,10,112,628
kv_tile,10,113,637
kv_tile,10,114,671
kv_tile,10,115,658
kv_tile,10,116,681
kv_tile,10,117,697
kv_tile,10,118,796
kv_tile,10,119,748
kv_tile,10,120,850
kv_tile,10,121,805
kv_tile,10,122,961
kv_tile,10,123,1044
kv_tile,10,124,1148
kv_tile,10,125,1383
kv_tile,10,126,1679
kv_tile,10,127,2379
kv_tile,10,128,9733
kv_tile,11,0,99664
kv_tile,11,1,12282
kv_tile,11,2,6477
kv_tile,11,3,4355
kv_tile,11,4,3204
kv_tile,11,5,2523
kv_tile,11,6,2039
kv_tile,11,7,1753
kv_tile,11,8,1567
kv_tile,11,9,1363
kv_tile,11,10,1195
kv_tile,11,11,1065
kv_tile,11,12,1073
kv_tile,11,13,985
kv_tile,11,14,845
kv_tile,11,15,793
kv_tile,11,16,705
kv_tile,11,17,711
kv_tile,11,18,637
kv_tile,11,19,584
kv_tile,11,20,522
kv_tile,11,21,559
kv_tile,11,22,557
kv_tile,11,23,524
kv_tile,11,24,548
kv_tile,11,25,533
kv_tile,11,26,501
kv_tile,11,27,493
kv_tile,11,28,428
kv_tile,11,29,449
kv_tile,11,30,458
kv_tile,11,31,390
kv_tile,11,32,394
kv_tile,11,33,410
kv_tile,11,34,418
kv_tile,11,35,402
kv_tile,11,36,382
kv_tile,11,37,399
kv_tile,11,38,393
kv_tile,11,39,415
kv_tile,11,40,371
kv_tile,11,41,361
kv_tile,11,42,375
kv_tile,11,43,350
kv_tile,11,44,341
kv_tile,11,45,364
kv_tile,11,46,380
kv_tile,11,47,330
kv_tile,11,48,367
kv_tile,11,49,332
kv_tile,11,50,378
kv_tile,11,51,368
kv_tile,11,52,346
kv_tile,11,53,362
kv_tile,11,54,336
kv_tile,11,55,316
kv_tile,11,56,350
kv_tile,11,57,354
kv_tile,11,58,350
kv_tile,11,59,327
kv_tile,11,60,369
kv_tile,11,61,355
kv_tile,11,62,353
kv_tile,11,63,342
kv_tile,11,64,343
kv_tile,11,65,345
kv_tile,11,66,354
kv_tile,11,67,346
kv_tile,11,68,347
kv_tile,11,69,326
kv_tile,11,70,319
kv_tile,11,71,324
kv_tile,11,72,348
kv_tile,11,73,350
kv_tile,11,74,338
kv_tile,11,75,354
kv_tile,11,76,313
kv_tile,11,77,291
kv_tile,11,78,328
kv_tile,11,79,305
kv_tile,11,80,331
kv_tile,11,81,269
kv_tile,11,82,258
kv_tile,11,83,310
kv_tile,11,84,290
kv_tile,11,85,323
kv_tile,11,86,297
kv_tile,11,87,297
kv_tile,11,88,298
kv_tile,11,89,303
kv_tile,11,90,297
kv_tile,11,91,290
kv_tile,11,92,302
kv_tile,11,93,291
kv_tile,11,94,293
kv_tile,11,95,321
kv_tile,11,96,271
kv_tile,11,97,326
kv_tile,11,98,284
kv_tile,11,99,282
kv_tile,11,100,302
kv_tile,11,101,315
kv_tile,11,102,340
kv_tile,11,103,332
kv_tile,11,104,329
kv_tile,11,105,329
kv_tile,11,106,360
kv_tile,11,107,379
kv_tile,11,108,388
kv_tile,11,109,332
kv_tile,11,110,389
kv_tile,11,111,385
kv_tile,11,112,411
kv_tile,11,113,382
kv_tile,11,114,422
kv_tile,11,115,487
kv_tile,11,116,490
kv_tile,11,117,456
kv_tile,11,118,493
kv_tile,11,119,551
kv_tile,11,120,563
kv_tile,11,121,615
kv_tile,11,122,643
kv_tile,11,123,703
kv_tile,11,124,796
kv_tile,11,125,1031
kv_tile,11,126,1257
kv_tile,11,127,1821
kv_tile,11,128,8571
kv_tile,12,0,91569
kv_tile,12,1,15473
kv_tile,12,2,8692
kv_tile,12,3,6248
kv_tile,12,4,4665
kv_tile,12,5,3788
kv_tile,12,6,3111
kv_tile,12,7,2588
kv_tile,12,8,2297
kv_tile,12,9,2031
kv_tile,12,10,1827
kv_tile,12,11,1597
kv_tile,12,12,1477
kv_tile,12,13,1312
kv_tile,12,14,1198
kv_tile,12,15,1133
kv_tile,12,16,985
kv_tile,12,17,986
kv_tile,12,18,893
kv_tile,12,19,871
kv_tile,12,20,785
kv_tile,12,21,762
kv_tile,12,22,663
kv_tile,12,23,644
kv_tile,12,24,659
kv_tile,12,25,656
kv_tile,12,26,576
kv_tile,12,27,610
kv_tile,12,28,524
kv_tile,12,29,542
kv_tile,12,30,580
kv_tile,12,31,561
kv_tile,12,32,547
kv_tile,12,33,515
kv_tile,12,34,509
kv_tile,12,35,504
kv_tile,12,36,421
kv_tile,12,37,436
kv_tile,12,38,407
kv_tile,12,39,420
kv_tile,12,40,430
kv_tile,12,41,394
kv_tile,12,42,395
kv_tile,12,43,377
kv_tile,12,44,376
kv_tile,12,45,385
kv_tile,12,46,366
kv_tile,12,47,393
kv_tile,12,48,373
kv_tile,12,49,380
kv_tile,12,50,387
kv_tile,12,51,342
kv_tile,12,52,357
kv_tile,12,53,370
kv_tile,12,54,355
kv_tile,12,55,355
kv_tile,12,56,341
kv_tile,12,57,351
kv_tile,12,58,373
kv_tile,12,59,390
kv_tile,12,60,344
kv_tile,12,61,343
kv_tile,12,62,364
kv_tile,12,63,425
kv_tile,12,64,384
kv_tile,12,65,353
kv_tile,12,66,333
kv_tile,12,67,337
kv_tile,12,68,335
kv_tile,12,69,291
kv_tile,12,70,292
kv_tile,12,71,271
kv_tile,12,72,295
kv_tile,12,73,245
kv_tile,12,74,268
kv_tile,12,75,255
kv_tile,12,76,261
kv_tile,12,77,267
kv_tile,12,78,243
kv_tile,12,79,279
kv_tile,12,80,240
kv_tile,12,81,262
kv_tile,12,82,256
kv_tile,12,83,223
kv_tile,12,84,254
kv_tile,12,85,220
kv_tile,12,86,224
kv_tile,12,87,234
kv_tile,12,88,235
kv_tile,12,89,247
kv_tile,12,90,249
kv_tile,12,91,229
kv_tile,12,92,197
kv_tile,12,93,212
kv_tile,12,94,195
kv_tile,12,95,228
kv_tile,12,96,234
kv_tile,12,97,234
kv_tile,12,98,219
kv_tile,12,99,215
kv_tile,12,100,174
kv_tile,12,101,240
kv_tile,12,102,205
kv_tile,12,103,213
kv_tile,12,104,215
kv_tile,12,105,219
kv_tile,12,106,220
kv_tile,12,107,220
kv_tile,12,108,228
kv_tile,12,109,241
kv_tile,12,110,272
kv_tile,12,111,264
kv_tile,12,112,274
kv_tile,12,113,294
kv_tile,12,114,295
kv_tile,12,115,292
kv_tile,12,116,289
kv_tile,12,117,324
kv_tile,12,118,330
kv_tile,12,119,321
kv_tile,12,120,327
kv_tile,12,121,349
kv_tile,12,122,401
kv_tile,12,123,379
kv_tile,12,124,415
kv_tile,12,125,570
kv_tile,12,126,750
kv_tile,12,127,1031
kv_tile,12,128,4912
kv_tile,13,0,56618
kv_tile,13,1,13060
kv_tile,13,2,7966
kv_tile,13,3,5789
kv_tile,13,4,4508
kv_tile,13,5,3679
kv_tile,13,6,3250
kv_tile,13,7,2721
kv_tile,13,8,2442
kv_tile,13,9,2244
kv_tile,13,10,1938
kv_tile,13,11,1828
kv_tile,13,12,1771
kv_tile,13,13,1626
kv_tile,13,14,1480
kv_tile,13,15,1438
kv_tile,13,16,1367
kv_tile,13,17,1283
kv_tile,13,18,1241
kv_tile,13,19,1154
kv_tile,13,20,1074
kv_tile,13,21,1033
kv_tile,13,22,973
kv_tile,13,23,903
kv_tile,13,24,915
kv_tile,13,25,895
kv_tile,13,26,874
kv_tile,13,27,777
kv_tile,13,28,765
kv_tile,13,29,736
kv_tile,13,30,776
kv_tile,13,31,728
kv_tile,13,32,795
kv_tile,13,33,729
kv_tile,13,34,739
kv_tile,13,35,647
kv_tile,13,36,676
kv_tile,13,37,626
kv_tile,13,38,601
kv_tile,13,39,612
kv_tile,13,40,614
kv_tile,13,41,631
kv_tile,13,42,603
kv_tile,13,43,587
kv_tile,13,44,589
kv_tile,13,45,591
kv_tile,13,46,596
kv_tile,13,47,550
kv_tile,13,48,524
kv_tile,13,49,552
kv_tile,13,50,510
kv_tile,13,51,523
kv_tile,13,52,569
kv_tile,13,53,484
kv_tile,13,54,508
kv_tile,13,55,524
kv_tile,13,56,485
kv_tile,13,57,491
kv_tile,13,58,476
kv_tile,13,59,454
kv_tile,13,60,440
kv_tile,13,61,494
kv_tile,13,62,505
kv_tile,13,63,515
kv_tile,13,64,516
kv_tile,13,65,529
kv_tile,13,66,513
kv_tile,13,67,493
kv_tile,13,68,498
kv_tile,13,69,461
kv_tile,13,70,482
kv_tile,13,71,462
kv_tile,13,72,407
kv_tile,13,73,493
kv_tile,13,74,486
kv_tile,13,75,465
kv_tile,13,76,453
kv_tile,13,77,473
kv_tile,13,78,484
kv_tile,13,79,481
kv_tile,13,80,481
kv_tile,13,81,481
kv_tile,13,82,473
kv_tile,13,83,463
kv_tile,13,84,468
kv_tile,13,85,440
kv_tile,13,86,483
kv_tile,13,87,450
kv_tile,13,88,469
kv_tile,13,89,448
kv_tile,13,90,456
kv_tile,13,91,462
kv_tile,13,92,463
kv_tile,13,93,492
kv_tile,13,94,483
kv_tile,13,95,445
kv_tile,13,96,461
kv_tile,13,97,421
kv_tile,13,98,471
kv_tile,13,99,469
kv_tile,13,100,493
kv_tile,13,101,497
kv_tile,13,102,517
kv_tile,13,103,490
kv_tile,13,104,528
kv_tile,13,105,521
kv_tile,13,106,560
kv_tile,13,107,558
kv_tile,13,108,580
kv_tile,13,109,672
kv_tile,13,110,621
kv_tile,13,111,669
kv_tile,13,112,662
kv_tile,13,113,672
kv_tile,13,114,691
kv_tile,13,115,703
kv_tile,13,116,784
kv_tile,13,117,759
kv_tile,13,118,821
kv_tile,13,119,801
kv_tile,13,120,849
kv_tile,13,121,927
kv_tile,13,122,1000
kv_tile,13,123,1103
kv_tile,13,124,1219
kv_tile,13,125,1544
kv_tile,13,126,1723
kv_tile,13,127,2549
kv_tile,13,128,10028
kv_tile,14,0,97385
kv_tile,14,1,12316
kv_tile,14,2,6622
kv_tile,14,3,4600
kv_tile,14,4,3394
kv_tile,14,5,2704
kv_tile,14,6,2245
kv_tile,14,7,1913
kv_tile,14,8,1650
kv_tile,14,9,1489
kv_tile,14,10,1298
kv_tile,14,11,1158
kv_tile,14,12,1087
kv_tile,14,13,1012
kv_tile,14,14,944
kv_tile,14,15,833
kv_tile,14,16,739
kv_tile,14,17,794
kv_tile,14,18,735
kv_tile,14,19,667
kv_tile,14,20,693
kv_tile,14,21,652
kv_tile,14,22,641
kv_tile,14,23,593
kv_tile,14,24,540
kv_tile,14,25,544
kv_tile,14,26,510
kv_tile,14,27,506
kv_tile,14,28,444
kv_tile,14,29,514
kv_tile,14,30,474
kv_tile,14,31,484
kv_tile,14,32,435
kv_tile,14,33,483
kv_tile,14,34,418
kv_tile,14,35,395
kv_tile,14,36,408
kv_tile,14,37,439
kv_tile,14,38,430
kv_tile,14,39,380
kv_tile,14,40,383
kv_tile,14,41,390
kv_tile,14,42,383
kv_tile,14,43,385
kv_tile,14,44,385
kv_tile,14,45,369
kv_tile,14,46,387
kv_tile,14,47,408
kv_tile,14,48,339
kv_tile,14,49,411
kv_tile,14,50,342
kv_tile,14,51,358
kv_tile,14,52,360
kv_tile,14,53,388
kv_tile,14,54,344
kv_tile,14,55,374
kv_tile,14,56,366
kv_tile,14,57,348
kv_tile,14,58,390
kv_tile,14,59,408
kv_tile,14,60,387
kv_tile,14,61,375
kv_tile,14,62,396
kv_tile,14,63,397
kv_tile,14,64,383
kv_tile,14,65,392
kv_tile,14,66,391
kv_tile,14,67,339
kv_tile,14,68,303
kv_tile,14,69,352
kv_tile,14,70,350
kv_tile,14,71,334
kv_tile,14,72,312
kv_tile,14,73,297
kv_tile,14,74,295
kv_tile,14,75,310
kv_tile,14,76,302
kv_tile,14,77,319
kv_tile,14,78,305
kv_tile,14,79,306
kv_tile,14,80,275
kv_tile,14,81,302
kv_tile,14,82,301
kv_tile,14,83,304
kv_tile,14,84,304
kv_tile,14,85,312
kv_tile,14,86,286
kv_tile,14,87,292
kv_tile,14,88,293
kv_tile,14,89,308
kv_tile,14,90,315
kv_tile,14,91,288
kv_tile,14,92,277
kv_tile,14,93,319
kv_tile,14,94,311
kv_tile,14,95,275
kv_tile,14,96,282
kv_tile,14,97,329
kv_tile,14,98,312
kv_tile,14,99,294
kv_tile,14,100,301
kv_tile,14,101,340
kv_tile,14,102,306
kv_tile,14,103,289
kv_tile,14,104,307
kv_tile,14,105,306
kv_tile,14,106,328
kv_tile,14,107,345
kv_tile,14,108,315
kv_tile,14,109,351
kv_tile,14,110,315
kv_tile,14,111,370
kv_tile,14,112,325
kv_tile,14,113,388
kv_tile,14,114,376
kv_tile,14,115,391
kv_tile,14,116,463
kv_tile,14,117,452
kv_tile,14,118,470
kv_tile,14,119,477
kv_tile,14,120,519
kv_tile,14,121,525
kv_tile,14,122,545
kv_tile,14,123,648
kv_tile,14,124,670
kv_tile,14,125,969
kv_tile,14,126,1111
kv_tile,14,127,1721
kv_tile,14,128,8775
kv_tile,15,0,81939
kv_tile,15,1,12366
kv_tile,15,2,6776
kv_tile,15,3,4796
kv_tile,15,4,3621
kv_tile,15,5,2969
kv_tile,15,6,2325
kv_tile,15,7,2088
kv_tile,15,8,1836
kv_tile,15,9,1622
kv_tile,15,10,1491
kv_tile,15,11,1368
kv_tile,15,12,1298
kv_tile,15,13,1166
kv_tile,15,14,1048
kv_tile,15,15,953
kv_tile,15,16,914
kv_tile,15,17,927
kv_tile,15,18,860
kv_tile,15,19,768
kv_tile,15,20,767
kv_tile,15,21,711
kv_tile,15,22,657
kv_tile,15,23,682
kv_tile,15,24,595
kv_tile,15,25,604
kv_tile,15,26,564
kv_tile,15,27,586
kv_tile,15,28,561
kv_tile,15,29,493
kv_tile,15,30,520
kv_tile,15,31,498
kv_tile,15,32,458
kv_tile,15,33,552
kv_tile,15,34,472
kv_tile,15,35,446
kv_tile,15,36,463
kv_tile,15,37,468
kv_tile,15,38,425
kv_tile,15,39,433
kv_tile,15,40,414
kv_tile,15,41,406
kv_tile,15,42,381
kv_tile,15,43,377
kv_tile,15,44,417
kv_tile,15,45,404
kv_tile,15,46,433
kv_tile,15,47,397
kv_tile,15,48,405
kv_tile,15,49,387
kv_tile,15,50,389
kv_tile,15,51,353
kv_tile,15,52,368
kv_tile,15,53,405
kv_tile,15,54,378
kv_tile,15,55,381
kv_tile,15,56,396
kv_tile,15,57,354
kv_tile,15,58,388
kv_tile,15,59,378
kv_tile,15,60,376
kv_tile,15,61,381
kv_tile,15,62,364
kv_tile,15,63,337
kv_tile,15,64,353
kv_tile,15,65,357
kv_tile,15,66,404
kv_tile,15,67,372
kv_tile,15,68,370
kv_tile,15,69,348
kv_tile,15,70,372
kv_tile,15,71,336
kv_tile,15,72,315
kv_tile,15,73,348
kv_tile,15,74,346
kv_tile,15,75,363
kv_tile,15,76,358
kv_tile,15,77,397
kv_tile,15,78,340
kv_tile,15,79,350
kv_tile,15,80,377
kv_tile,15,81,335
kv_tile,15,82,386
kv_tile,15,83,367
kv_tile,15,84,359
kv_tile,15,85,360
kv_tile,15,86,350
kv_tile,15,87,327
kv_tile,15,88,400
kv_tile,15,89,345
kv_tile,15,90,387
kv_tile,15,91,388
kv_tile,15,92,394
kv_tile,15,93,377
kv_tile,15,94,367
kv_tile,15,95,407
kv_tile,15,96,375
kv_tile,15,97,405
kv_tile,15,98,395
kv_tile,15,99,406
kv_tile,15,100,399
kv_tile,15,101,405
kv_tile,15,102,416
kv_tile,15,103,448
kv_tile,15,104,430
kv_tile,15,105,460
kv_tile,15,106,468
kv_tile,15,107,466
kv_tile,15,108,461
kv_tile,15,109,497
kv_tile,15,110,524
kv_tile,15,111,542
kv_tile,15,112,547
kv_tile,15,113,539
kv_tile,15,114,595
kv_tile,15,115,694
kv_tile,15,116,621
kv_tile,15,117,681
kv_tile,15,118,743
kv_tile,15,119,709
kv_tile,15,120,787
kv_tile,15,121,823
kv_tile,15,122,941
kv_tile,15,123,1009
kv_tile,15,124,1112
kv_tile,15,125,1427
kv_tile,15,126,1696
kv_tile,15,127,2522
kv_tile,15,128,11055
kv_tile,16,0,81489
kv_tile,16,1,13863
kv_tile,16,2,8256
kv_tile,16,3,5819
kv_tile,16,4,4410
kv_tile,16,5,3594
kv_tile,16,6,3059
kv_tile,16,7,2567
kv_tile,16,8,2303
kv_tile,16,9,2072
kv_tile,16,10,1884
kv_tile,16,11,1725
kv_tile,16,12,1489
kv_tile,16,13,1427
kv_tile,16,14,1428
kv_tile,16,15,1326
kv_tile,16,16,1239
kv_tile,16,17,1061
kv_tile,16,18,1181
kv_tile,16,19,1027
kv_tile,16,20,982
kv_tile,16,21,887
kv_tile,16,22,874
kv_tile,16,23,840
kv_tile,16,24,798
kv_tile,16,25,792
kv_tile,16,26,735
kv_tile,16,27,686
kv_tile,16,28,771
kv_tile,16,29,715
kv_tile,16,30,667
kv_tile,16,31,614
kv_tile,16,32,625
kv_tile,16,33,588
kv_tile,16,34,584
kv_tile,16,35,605
kv_tile,16,36,593
kv_tile,16,37,536
kv_tile,16,38,520
kv_tile,16,39,519
kv_tile,16,40,485
kv_tile,16,41,541
kv_tile,16,42,502
kv_tile,16,43,449
kv_tile,16,44,494
kv_tile,16,45,501
kv_tile,16,46,492
kv_tile,16,47,499
kv_tile,16,48,486
kv_tile,16,49,466
kv_tile,16,50,445
kv_tile,16,51,426
kv_tile,16,52,439
kv_tile,16,53,371
kv_tile,16,54,410
kv_tile,16,55,426
kv_tile,16,56,406
kv_tile,16,57,440
kv_tile,16,58,431
kv_tile,16,59,373
kv_tile,16,60,416
kv_tile,16,61,449
kv_tile,16,62,476
kv_tile,16,63,446
kv_tile,16,64,466
kv_tile,16,65,410
kv_tile,16,66,405
kv_tile,16,67,408
kv_tile,16,68,364
kv_tile,16,69,408
kv_tile,16,70,356
kv_tile,16,71,367
kv_tile,16,72,372
kv_tile,16,73,365
kv_tile,16,74,332
kv_tile,16,75,373
kv_tile,16,76,386
kv_tile,16,77,346
kv_tile,16,78,355
kv_tile,16,79,326
kv_tile,16,80,343
kv_tile,16,81,352
kv_tile,16,82,314
kv_tile,16,83,327
kv_tile,16,84,327
kv_tile,16,85,315
kv_tile,16,86,323
kv_tile,16,87,340
kv_tile,16,88,315
kv_tile,16,89,322
kv_tile,16,90,331
kv_tile,16,91,350
kv_tile,16,92,321
kv_tile,16,93,320
kv_tile,16,94,342
kv_tile,16,95,331
kv_tile,16,96,327
kv_tile,16,97,325
kv_tile,16,98,323
kv_tile,16,99,307
kv_tile,16,100,350
kv_tile,16,101,302
kv_tile,16,102,300
kv_tile,16,103,295
kv_tile,16,104,353
kv_tile,16,105,345
kv_tile,16,106,349
kv_tile,16,107,314
kv_tile,16,108,311
kv_tile,16,109,328
kv_tile,16,110,341
kv_tile,16,111,349
kv_tile,16,112,401
kv_tile,16,113,379
kv_tile,16,114,375
kv_tile,16,115,396
kv_tile,16,116,426
kv_tile,16,117,414
kv_tile,16,118,437
kv_tile,16,119,417
kv_tile,16,120,444
kv_tile,16,121,455
kv_tile,16,122,483
kv_tile,16,123,518
kv_tile,16,124,562
kv_tile,16,125,746
kv_tile,16,126,814
kv_tile,16,127,1239
kv_tile,16,128,5552
kv_tile,17,0,99576
kv_tile,17,1,13698
kv_tile,17,2,7650
kv_tile,17,3,5061
kv_tile,17,4,3879
kv_tile,17,5,3066
kv_tile,17,6,2568
kv_tile,17,7,2201
kv_tile,17,8,1861
kv_tile,17,9,1643
kv_tile,17,10,1538
kv_tile,17,11,1369
kv_tile,17,12,1229
kv_tile,17,13,1117
kv_tile,17,14,1088
kv_tile,17,15,940
kv_tile,17,16,836
kv_tile,17,17,860
kv_tile,17,18,814
kv_tile,17,19,796
kv_tile,17,20,724
kv_tile,17,21,699
kv_tile,17,22,695
kv_tile,17,23,622
kv_tile,17,24,615
kv_tile,17,25,570
kv_tile,17,26,584
kv_tile,17,27,554
kv_tile,17,28,488
kv_tile,17,29,516
kv_tile,17,30,489
kv_tile,17,31,459
kv_tile,17,32,471
kv_tile,17,33,459
kv_tile,17,34,403
kv_tile,17,35,411
kv_tile,17,36,410
kv_tile,17,37,418
kv_tile,17,38,428
kv_tile,17,39,384
kv_tile,17,40,424
kv_tile,17,41,392
kv_tile,17,42,396
kv_tile,17,43,413
kv_tile,17,44,373
kv_tile,17,45,398
kv_tile,17,46,368
kv_tile,17,47,416
kv_tile,17,48,391
kv_tile,17,49,389
kv_tile,17,50,376
kv_tile,17,51,382
kv_tile,17,52,387
kv_tile,17,53,329
kv_tile,17,54,333
kv_tile,17,55,376
kv_tile,17,56,334
kv_tile,17,57,337
kv_tile,17,58,371
kv_tile,17,59,344
kv_tile,17,60,351
kv_tile,17,61,362
kv_tile,17,62,352
kv_tile,17,63,356
kv_tile,17,64,365
kv_tile,17,65,350
kv_tile,17,66,304
kv_tile,17,67,333
kv_tile,17,68,286
kv_tile,17,69,310
kv_tile,17,70,338
kv_tile,17,71,302
kv_tile,17,72,349
kv_tile,17,73,320
kv_tile,17,74,306
kv_tile,17,75,339
kv_tile,17,76,303
kv_tile,17,77,337
kv_tile,17,78,317
kv_tile,17,79,282
kv_tile,17,80,268
kv_tile,17,81,302
kv_tile,17,82,256
kv_tile,17,83,259
kv_tile,17,84,254
kv_tile,17,85,279
kv_tile,17,86,257
kv_tile,17,87,235
kv_tile,17,88,266
kv_tile,17,89,226
kv_tile,17,90,250
kv_tile,17,91,273
kv_tile,17,92,248
kv_tile,17,93,276
kv_tile,17,94,273
kv_tile,17,95,240
kv_tile,17,96,262
kv_tile,17,97,223
kv_tile,17,98,257
kv_tile,17,99,238
kv_tile,17,100,263
kv_tile,17,101,265
kv_tile,17,102,217
kv_tile,17,103,232
kv_tile,17,104,257
kv_tile,17,105,248
kv_tile,17,106,262
kv_tile,17,107,236
kv_tile,17,108,244
kv_tile,17,109,242
kv_tile,17,110,260
kv_tile,17,111,272
kv_tile,17,112,295
kv_tile,17,113,309
kv_tile,17,114,297
kv_tile,17,115,314
kv_tile,17,116,305
kv_tile,17,117,338
kv_tile,17,118,326
kv_tile,17,119,352
kv_tile,17,120,390
kv_tile,17,121,420
kv_tile,17,122,404
kv_tile,17,123,441
kv_tile,17,124,524
kv_tile,17,125,699
kv_tile,17,126,823
kv_tile,17,127,1463
kv_tile,17,128,4488
kv_tile,18,0,50980
kv_tile,18,1,12118
kv_tile,18,2,7426
kv_tile,18,3,5336
kv_tile,18,4,4345
kv_tile,18,5,3710
kv_tile,18,6,2991
kv_tile,18,7,2706
kv_tile,18,8,2471
kv_tile,18,9,2141
kv_tile,18,10,1926
kv_tile,18,11,1902
kv_tile,18,12,1748
kv_tile,18,13,1601
kv_tile,18,14,1544
kv_tile,18,15,1454
kv_tile,18,16,1362
kv_tile,18,17,1227
kv_tile,18,18,1132
kv_tile,18,19,1130
kv_tile,18,20,1180
kv_tile,18,21,1020
kv_tile,18,22,1049
kv_tile,18,23,1013
kv_tile,18,24,899
kv_tile,18,25,924
kv_tile,18,26,931
kv_tile,18,27,898
kv_tile,18,28,834
kv_tile,18,29,805
kv_tile,18,30,785
kv_tile,18,31,820
kv_tile,18,32,735
kv_tile,18,33,772
kv_tile,18,34,724
kv_tile,18,35,721
kv_tile,18,36,686
kv_tile,18,37,664
kv_tile,18,38,614
kv_tile,18,39,637
kv_tile,18,40,659
kv_tile,18,41,659
kv_tile,18,42,603
kv_tile,18,43,584
kv_tile,18,44,648
kv_tile,18,45,606
kv_tile,18,46,564
kv_tile,18,47,608
kv_tile,18,48,597
kv_tile,18,49,612
kv_tile,18,50,637
kv_tile,18,51,593
kv_tile,18,52,606
kv_tile,18,53,601
kv_tile,18,54,560
kv_tile,18,55,548
kv_tile,18,56,555
kv_tile,18,57,568
kv_tile,18,58,572
kv_tile,18,59,594
kv_tile,18,60,553
kv_tile,18,61,598
kv_tile,18,62,594
kv_tile,18,63,614
kv_tile,18,64,582
kv_tile,18,65,591
kv_tile,18,66,571
kv_tile,18,67,571
kv_tile,18,68,541
kv_tile,18,69,517
kv_tile,18,70,566
kv_tile,18,71,566
kv_tile,18,72,516
kv_tile,18,73,533
kv_tile,18,74,502
kv_tile,18,75,536
kv_tile,18,76,532
kv_tile,18,77,534
kv_tile,18,78,583
kv_tile,18,79,514
kv_tile,18,80,535
kv_tile,18,81,494
kv_tile,18,82,512
kv_tile,18,83,532
kv_tile,18,84,522
kv_tile,18,85,490
kv_tile,18,86,521
kv_tile,18,87,524
kv_tile,18,88,497
kv_tile,18,89,482
kv_tile,18,90,485
kv_tile,18,91,490
kv_tile,18,92,511
kv_tile,18,93,527
kv_tile,18,94,473
kv_tile,18,95,547
kv_tile,18,96,484
kv_tile,18,97,525
kv_tile,18,98,551
kv_tile,18,99,485
kv_tile,18,100,501
kv_tile,18,101,534
kv_tile,18,102,531
kv_tile,18,103,550
kv_tile,18,104,536
kv_tile,18,105,535
kv_tile,18,106,558
kv_tile,18,107,556
kv_tile,18,108,549
kv_tile,18,109,607
kv_tile,18,110,622
kv_tile,18,111,714
kv_tile,18,112,741
kv_tile,18,113,697
kv_tile,18,114,679
kv_tile,18,115,783
kv_tile,18,116,768
kv_tile,18,117,845
kv_tile,18,118,842
kv_tile,18,119,801
kv_tile,18,120,941
kv_tile,18,121,994
kv_tile,18,122,1094
kv_tile,18,123,1307
kv_tile,18,124,1335
kv_tile,18,125,1777
kv_tile,18,126,2062
kv_tile,18,127,3068
kv_tile,18,128,11845
kv_tile,19,0,77974
kv_tile,19,1,14165
kv_tile,19,2,8110
kv_tile,19,3,5662
kv_tile,19,4,4270
kv_tile,19,5,3498
kv_tile,19,6,2901
kv_tile,19,7,2539
kv_tile,19,8,2173
kv_tile,19,9,2118
kv_tile,19,10,1805
kv_tile,19,11,1688
kv_tile,19,12,1597
kv_tile,19,13,1439
kv_tile,19,14,1246
kv_tile,19,15,1301
kv_tile,19,16,1193
kv_tile,19,17,1136
kv_tile,19,18,1027
kv_tile,19,19,1000
kv_tile,19,20,949
kv_tile,19,21,883
kv_tile,19,22,894
kv_tile,19,23,838
kv_tile,19,24,804
kv_tile,19,25,768
kv_tile,19,26,782
kv_tile,19,27,751
kv_tile,19,28,698
kv_tile,19,29,649
kv_tile,19,30,670
kv_tile,19,31,595
kv_tile,19,32,681
kv_tile,19,33,608
kv_tile,19,34,574
kv_tile,19,35,558
kv_tile,19,36,548
kv_tile,19,37,562
kv_tile,19,38,556
kv_tile,19,39,537
kv_tile,19,40,531
kv_tile,19,41,524
kv_tile,19,42,533
kv_tile,19,43,483
kv_tile,19,44,496
kv_tile,19,45,445
kv_tile,19,46,493
kv_tile,19,47,510
kv_tile,19,48,468
kv_tile,19,49,475
kv_tile,19,50,454
kv_tile,19,51,438
kv_tile,19,52,472
kv_tile,19,53,413
kv_tile,19,54,421
kv_tile,19,55,456
kv_tile,19,56,432
kv_tile,19,57,443
kv_tile,19,58,435
kv_tile,19,59,435
kv_tile,19,60,453
kv_tile,19,61,406
kv_tile,19,62,398
kv_tile,19,63,488
kv_tile,19,64,384
kv_tile,19,65,407
kv_tile,19,66,423
kv_tile,19,67,405
kv_tile,19,68,397
kv_tile,19,69,435
kv_tile,19,70,370
kv_tile,19,71,394
kv_tile,19,72,391
kv_tile,19,73,360
kv_tile,19,74,394
kv_tile,19,75,363
kv_tile,19,76,391
kv_tile,19,77,367
kv_tile,19,78,384
kv_tile,19,79,365
kv_tile,19,80,320
kv_tile,19,81,357
kv_tile,19,82,352
kv_tile,19,83,343
kv_tile,19,84,352
kv_tile,19,85,377
kv_tile,19,86,333
kv_tile,19,87,368
kv_tile,19,88,329
kv_tile,19,89,344
kv_tile,19,90,369
kv_tile,19,91,335
kv_tile,19,92,363
kv_tile,19,93,334
kv_tile,19,94,346
kv_tile,19,95,343
kv_tile,19,96,359
kv_tile,19,97,367
kv_tile,19,98,303
kv_tile,19,99,329
kv_tile,19,100,374
kv_tile,19,101,363
kv_tile,19,102,302
kv_tile,19,103,363
kv_tile,19,104,373
kv_tile,19,105,383
kv_tile,19,106,379
kv_tile,19,107,358
kv_tile,19,108,386
kv_tile,19,109,376
kv_tile,19,110,396
kv_tile,19,111,406
kv_tile,19,112,421
kv_tile,19,113,456
kv_tile,19,114,461
kv_tile,19,115,473
kv_tile,19,116,494
kv_tile,19,117,482
kv_tile,19,118,520
kv_tile,19,119,505
kv_tile,19,120,528
kv_tile,19,121,551
kv_tile,19,122,619
kv_tile,19,123,701
kv_tile,19,124,840
kv_tile,19,125,966
kv_tile,19,126,1097
kv_tile,19,127,1797
kv_tile,19,128,6236
kv_tile,2,0,93199
kv_tile,2,1,11407
kv_tile,2,2,6556
kv_tile,2,3,4351
kv_tile,2,4,3349
kv_tile,2,5,2552
kv_tile,2,6,2134
kv_tile,2,7,1785
kv_tile,2,8,1554
kv_tile,2,9,1357
kv_tile,2,10,1253
kv_tile,2,11,1146
kv_tile,2,12,1029
kv_tile,2,13,994
kv_tile,2,14,950
kv_tile,2,15,881
kv_tile,2,16,796
kv_tile,2,17,798
kv_tile,2,18,793
kv_tile,2,19,707
kv_tile,2,20,702
kv_tile,2,21,633
kv_tile,2,22,654
kv_tile,2,23,610
kv_tile,2,24,617
kv_tile,2,25,622
kv_tile,2,26,566
kv_tile,2,27,475
kv_tile,2,28,506
kv_tile,2,29,526
kv_tile,2,30,511
kv_tile,2,31,468
kv_tile,2,32,472
kv_tile,2,33,466
kv_tile,2,34,431
kv_tile,2,35,449
kv_tile,2,36,456
kv_tile,2,37,427
kv_tile,2,38,457
kv_tile,2,39,450
kv_tile,2,40,448
kv_tile,2,41,437
kv_tile,2,42,438
kv_tile,2,43,409
kv_tile,2,44,384
kv_tile,2,45,418
kv_tile,2,46,396
kv_tile,2,47,414
kv_tile,2,48,385
kv_tile,2,49,345
kv_tile,2,50,373
kv_tile,2,51,348
kv_tile,2,52,380
kv_tile,2,53,415
kv_tile,2,54,403
kv_tile,2,55,383
kv_tile,2,56,394
kv_tile,2,57,383
kv_tile,2,58,377
kv_tile,2,59,405
kv_tile,2,60,371
kv_tile,2,61,378
kv_tile,2,62,374
kv_tile,2,63,460
kv_tile,2,64,416
kv_tile,2,65,452
kv_tile,2,66,413
kv_tile,2,67,356
kv_tile,2,68,335
kv_tile,2,69,339
kv_tile,2,70,330
kv_tile,2,71,312
kv_tile,2,72,330
kv_tile,2,73,345
kv_tile,2,74,329
kv_tile,2,75,334
kv_tile,2,76,332
kv_tile,2,77,343
kv_tile,2,78,336
kv_tile,2,79,321
kv_tile,2,80,363
kv_tile,2,81,346
kv_tile,2,82,313
kv_tile,2,83,304
kv_tile,2,84,350
kv_tile,2,85,338
kv_tile,2,86,392
kv_tile,2,87,361
kv_tile,2,88,369
kv_tile,2,89,345
kv_tile,2,90,359
kv_tile,2,91,352
kv_tile,2,92,373
kv_tile,2,93,384
kv_tile,2,94,367
kv_tile,2,95,358
kv_tile,2,96,351
kv_tile,2,97,390
kv_tile,2,98,368
kv_tile,2,99,370
kv_tile,2,100,422
kv_tile,2,101,363
kv_tile,2,102,417
kv_tile,2,103,372
kv_tile,2,104,411
kv_tile,2,105,431
kv_tile,2,106,423
kv_tile,2,107,439
kv_tile,2,108,503
kv_tile,2,109,490
kv_tile,2,110,530
kv_tile,2,111,519
kv_tile,2,112,562
kv_tile,2,113,527
kv_tile,2,114,528
kv_tile,2,115,640
kv_tile,2,116,581
kv_tile,2,117,642
kv_tile,2,118,719
kv_tile,2,119,777
kv_tile,2,120,763
kv_tile,2,121,805
kv_tile,2,122,880
kv_tile,2,123,913
kv_tile,2,124,1025
kv_tile,2,125,1248
kv_tile,2,126,1422
kv_tile,2,127,2088
kv_tile,2,128,6785
kv_tile,20,0,95989
kv_tile,20,1,12601
kv_tile,20,2,6946
kv_tile,20,3,4827
kv_tile,20,4,3626
kv_tile,20,5,2941
kv_tile,20,6,2479
kv_tile,20,7,2115
kv_tile,20,8,1924
kv_tile,20,9,1691
kv_tile,20,10,1522
kv_tile,20,11,1454
kv_tile,20,12,1255
kv_tile,20,13,1194
kv_tile,20,14,1091
kv_tile,20,15,1050
kv_tile,20,16,914
kv_tile,20,17,845
kv_tile,20,18,848
kv_tile,20,19,817
kv_tile,20,20,778
kv_tile,20,21,706
kv_tile,20,22,750
kv_tile,20,23,700
kv_tile,20,24,668
kv_tile,20,25,618
kv_tile,20,26,578
kv_tile,20,27,602
kv_tile,20,28,631
kv_tile,20,29,602
kv_tile,20,30,565
kv_tile,20,31,544
kv_tile,20,32,528
kv_tile,20,33,538
kv_tile,20,34,548
kv_tile,20,35,529
kv_tile,20,36,531
kv_tile,20,37,496
kv_tile,20,38,523
kv_tile,20,39,482
kv_tile,20,40,418
kv_tile,20,41,433
kv_tile,20,42,452
kv_tile,20,43,454
kv_tile,20,44,447
kv_tile,20,45,422
kv_tile,20,46,402
kv_tile,20,47,429
kv_tile,20,48,410
kv_tile,20,49,412
kv_tile,20,50,411
kv_tile,20,51,410
kv_tile,20,52,419
kv_tile,20,53,414
kv_tile,20,54,399
kv_tile,20,55,396
kv_tile,20,56,402
kv_tile,20,57,374
kv_tile,20,58,393
kv_tile,20,59,373
kv_tile,20,60,399
kv_tile,20,61,433
kv_tile,20,62,422
kv_tile,20,63,408
kv_tile,20,64,479
kv_tile,20,65,421
kv_tile,20,66,423
kv_tile,20,67,380
kv_tile,20,68,350
kv_tile,20,69,367
kv_tile,20,70,337
kv_tile,20,71,291
kv_tile,20,72,320
kv_tile,20,73,313
kv_tile,20,74,331
kv_tile,20,75,289
kv_tile,20,76,285
kv_tile,20,77,273
kv_tile,20,78,322
kv_tile,20,79,283
kv_tile,20,80,282
kv_tile,20,81,291
kv_tile,20,82,292
kv_tile,20,83,287
kv_tile,20,84,285
kv_tile,20,85,269
kv_tile,20,86,292
kv_tile,20,87,276
kv_tile,20,88,311
kv_tile,20,89,283
kv_tile,20,90,307
kv_tile,20,91,261
kv_tile,20,92,316
kv_tile,20,93,288
kv_tile,20,94,284
kv_tile,20,95,284
kv_tile,20,96,297
kv_tile,20,97,290
kv_tile,20,98,290
kv_tile,20,99,280
kv_tile,20,100,302
kv_tile,20,101,287
kv_tile,20,102,289
kv_tile,20,103,298
kv_tile,20,104,303
kv_tile,20,105,273
kv_tile,20,106,281
kv_tile,20,107,260
kv_tile,20,108,283
kv_tile,20,109,320
kv_tile,20,110,327
kv_tile,20,111,318
kv_tile,20,112,289
kv_tile,20,113,338
kv_tile,20,114,346
kv_tile,20,115,352
kv_tile,20,116,348
kv_tile,20,117,360
kv_tile,20,118,388
kv_tile,20,119,404
kv_tile,20,120,404
kv_tile,20,121,418
kv_tile,20,122,501
kv_tile,20,123,527
kv_tile,20,124,593
kv_tile,20,125,699
kv_tile,20,126,807
kv_tile,20,127,1210
kv_tile,20,128,5876
kv_tile,21,0,67966
kv_tile,21,1,13824
kv_tile,21,2,7840
kv_tile,21,3,5632
kv_tile,21,4,4404
kv_tile,21,5,3748
kv_tile,21,6,3136
kv_tile,21,7,2794
kv_tile,21,8,2351
kv_tile,21,9,2107
kv_tile,21,10,2001
kv_tile,21,11,1781
kv_tile,21,12,1627
kv_tile,21,13,1634
kv_tile,21,14,1524
kv_tile,21,15,1424
kv_tile,21,16,1300
kv_tile,21,17,1191
kv_tile,21,18,1159
kv_tile,21,19,1145
kv_tile,21,20,1098
kv_tile,21,21,1032
kv_tile,21,22,995
kv_tile,21,23,964
kv_tile,21,24,960
kv_tile,21,25,918
kv_tile,21,26,878
kv_tile,21,27,906
kv_tile,21,28,827
kv_tile,21,29,809
kv_tile,21,30,819
kv_tile,21,31,787
kv_tile,21,32,771
kv_tile,21,33,722
kv_tile,21,34,683
kv_tile,21,35,710
kv_tile,21,36,706
kv_tile,21,37,694
kv_tile,21,38,659
kv_tile,21,39,668
kv_tile,21,40,608
kv_tile,21,41,657
kv_tile,21,42,603
kv_tile,21,43,650
kv_tile,21,44,637
kv_tile,21,45,583
kv_tile,21,46,558
kv_tile,21,47,578
kv_tile,21,48,560
kv_tile,21,49,546
kv_tile,21,50,538
kv_tile,21,51,517
kv_tile,21,52,506
kv_tile,21,53,530
kv_tile,21,54,567
kv_tile,21,55,473
kv_tile,21,56,541
kv_tile,21,57,518
kv_tile,21,58,485
kv_tile,21,59,517
kv_tile,21,60,498
kv_tile,21,61,497
kv_tile,21,62,484
kv_tile,21,63,443
kv_tile,21,64,466
kv_tile,21,65,483
kv_tile,21,66,418
kv_tile,21,67,458
kv_tile,21,68,495
kv_tile,21,69,452
kv_tile,21,70,457
kv_tile,21,71,476
kv_tile,21,72,469
kv_tile,21,73,445
kv_tile,21,74,454
kv_tile,21,75,470
kv_tile,21,76,449
kv_tile,21,77,430
kv_tile,21,78,426
kv_tile,21,79,419
kv_tile,21,80,418
kv_tile,21,81,442
kv_tile,21,82,424
kv_tile,21,83,417
kv_tile,21,84,423
kv_tile,21,85,446
kv_tile,21,86,421
kv_tile,21,87,389
kv_tile,21,88,428
kv_tile,21,89,431
kv_tile,21,90,418
kv_tile,21,91,409
kv_tile,21,92,407
kv_tile,21,93,416
kv_tile,21,94,425
kv_tile,21,95,414
kv_tile,21,96,428
kv_tile,21,97,420
kv_tile,21,98,399
kv_tile,21,99,418
kv_tile,21,100,436
kv_tile,21,101,471
kv_tile,21,102,431
kv_tile,21,103,430
kv_tile,21,104,399
kv_tile,21,105,416
kv_tile,21,106,465
kv_tile,21,107,488
kv_tile,21,108,504
kv_tile,21,109,465
kv_tile,21,110,483
kv_tile,21,111,459
kv_tile,21,112,511
kv_tile,21,113,537
kv_tile,21,114,526
kv_tile,21,115,568
kv_tile,21,116,539
kv_tile,21,117,551
kv_tile,21,118,552
kv_tile,21,119,608
kv_tile,21,120,599
kv_tile,21,121,676
kv_tile,21,122,642
kv_tile,21,123,687
kv_tile,21,124,758
kv_tile,21,125,899
kv_tile,21,126,1090
kv_tile,21,127,1431
kv_tile,21,128,6039
kv_tile,22,0,72695
kv_tile,22,1,10469
kv_tile,22,2,5934
kv_tile,22,3,4403
kv_tile,22,4,3369
kv_tile,22,5,2793
kv_tile,22,6,2554
kv_tile,22,7,2207
kv_tile,22,8,1882
kv_tile,22,9,1608
kv_tile,22,10,1563
kv_tile,22,11,1409
kv_tile,22,12,1250
kv_tile,22,13,1226
kv_tile,22,14,1172
kv_tile,22,15,1136
kv_tile,22,16,1065
kv_tile,22,17,1006
kv_tile,22,18,965
kv_tile,22,19,941
kv_tile,22,20,822
kv_tile,22,21,787
kv_tile,22,22,756
kv_tile,22,23,765
kv_tile,22,24,746
kv_tile,22,25,735
kv_tile,22,26,695
kv_tile,22,27,615
kv_tile,22,28,610
kv_tile,22,29,638
kv_tile,22,30,601
kv_tile,22,31,626
kv_tile,22,32,579
kv_tile,22,33,543
kv_tile,22,34,549
kv_tile,22,35,526
kv_tile,22,36,504
kv_tile,22,37,525
kv_tile,22,38,485
kv_tile,22,39,496
kv_tile,22,40,527
kv_tile,22,41,495
kv_tile,22,42,473
kv_tile,22,43,502
kv_tile,22,44,488
kv_tile,22,45,488
kv_tile,22,46,503
kv_tile,22,47,502
kv_tile,22,48,459
kv_tile,22,49,418
kv_tile,22,50,424
kv_tile,22,51,452
kv_tile,22,52,400
kv_tile,22,53,404
kv_tile,22,54,449
kv_tile,22,55,436
kv_tile,22,56,423
kv_tile,22,57,392
kv_tile,22,58,415
kv_tile,22,59,398
kv_tile,22,60,433
kv_tile,22,61,425
kv_tile,22,62,443
kv_tile,22,63,411
kv_tile,22,64,474
kv_tile,22,65,498
kv_tile,22,66,412
kv_tile,22,67,409
kv_tile,22,68,333
kv_tile,22,69,372
kv_tile,22,70,370
kv_tile,22,71,327
kv_tile,22,72,359
kv_tile,22,73,382
kv_tile,22,74,407
kv_tile,22,75,368
kv_tile,22,76,406
kv_tile,22,77,412
kv_tile,22,78,368
kv_tile,22,79,380
kv_tile,22,80,383
kv_tile,22,81,405
kv_tile,22,82,415
kv_tile,22,83,415
kv_tile,22,84,402
kv_tile,22,85,415
kv_tile,22,86,450
kv_tile,22,87,401
kv_tile,22,88,380
kv_tile,22,89,366
kv_tile,22,90,383
kv_tile,22,91,370
kv_tile,22,92,402
kv_tile,22,93,407
kv_tile,22,94,374
kv_tile,22,95,465
kv_tile,22,96,433
kv_tile,22,97,451
kv_tile,22,98,488
kv_tile,22,99,442
kv_tile,22,100,434
kv_tile,22,101,502
kv_tile,22,102,487
kv_tile,22,103,500
kv_tile,22,104,467
kv_tile,22,105,499
kv_tile,22,106,572
kv_tile,22,107,529
kv_tile,22,108,593
kv_tile,22,109,585
kv_tile,22,110,650
kv_tile,22,111,645
kv_tile,22,112,651
kv_tile,22,113,679
kv_tile,22,114,715
kv_tile,22,115,724
kv_tile,22,116,742
kv_tile,22,117,858
kv_tile,22,118,832
kv_tile,22,119,948
kv_tile,22,120,994
kv_tile,22,121,1081
kv_tile,22,122,1081
kv_tile,22,123,1243
kv_tile,22,124,1464
kv_tile,22,125,1771
kv_tile,22,126,2139
kv_tile,22,127,3191
kv_tile,22,128,13498
kv_tile,23,0,87543
kv_tile,23,1,11905
kv_tile,23,2,6750
kv_tile,23,3,4702
kv_tile,23,4,3539
kv_tile,23,5,2896
kv_tile,23,6,2427
kv_tile,23,7,2120
kv_tile,23,8,1806
kv_tile,23,9,1575
kv_tile,23,10,1473
kv_tile,23,11,1340
kv_tile,23,12,1284
kv_tile,23,13,1179
kv_tile,23,14,1038
kv_tile,23,15,943
kv_tile,23,16,929
kv_tile,23,17,861
kv_tile,23,18,767
kv_tile,23,19,786
kv_tile,23,20,751
kv_tile,23,21,732
kv_tile,23,22,642
kv_tile,23,23,625
kv_tile,23,24,594
kv_tile,23,25,592
kv_tile,23,26,603
kv_tile,23,27,564
kv_tile,23,28,523
kv_tile,23,29,530
kv_tile,23,30,533
kv_tile,23,31,520
kv_tile,23,32,540
kv_tile,23,33,524
kv_tile,23,34,447
kv_tile,23,35,493
kv_tile,23,36,472
kv_tile,23,37,449
kv_tile,23,38,490
kv_tile,23,39,424
kv_tile,23,40,443
kv_tile,23,41,394
kv_tile,23,42,425
kv_tile,23,43,400
kv_tile,23,44,391
kv_tile,23,45,376
kv_tile,23,46,441
kv_tile,23,47,416
kv_tile,23,48,418
kv_tile,23,49,406
kv_tile,23,50,415
kv_tile,23,51,428
kv_tile,23,52,413
kv_tile,23,53,351
kv_tile,23,54,337
kv_tile,23,55,370
kv_tile,23,56,359
kv_tile,23,57,353
kv_tile,23,58,345
kv_tile,23,59,359
kv_tile,23,60,399
kv_tile,23,61,403
kv_tile,23,62,388
kv_tile,23,63,363
kv_tile,23,64,366
kv_tile,23,65,385
kv_tile,23,66,362
kv_tile,23,67,407
kv_tile,23,68,365
kv_tile,23,69,324
kv_tile,23,70,324
kv_tile,23,71,337
kv_tile,23,72,354
kv_tile,23,73,355
kv_tile,23,74,357
kv_tile,23,75,319
kv_tile,23,76,321
kv_tile,23,77,329
kv_tile,23,78,363
kv_tile,23,79,314
kv_tile,23,80,318
kv_tile,23,81,351
kv_tile,23,82,311
kv_tile,23,83,377
kv_tile,23,84,349
kv_tile,23,85,325
kv_tile,23,86,297
kv_tile,23,87,327
kv_tile,23,88,338
kv_tile,23,89,337
kv_tile,23,90,318
kv_tile,23,91,322
kv_tile,23,92,330
kv_tile,23,93,360
kv_tile,23,94,351
kv_tile,23,95,333
kv_tile,23,96,358
kv_tile,23,97,324
kv_tile,23,98,348
kv_tile,23,99,340
kv_tile,23,100,379
kv_tile,23,101,340
kv_tile,23,102,368
kv_tile,23,103,379
kv_tile,23,104,413
kv_tile,23,105,397
kv_tile,23,106,419
kv_tile,23,107,452
kv_tile,23,108,444
kv_tile,23,109,443
kv_tile,23,110,438
kv_tile,23,111,416
kv_tile,23,112,451
kv_tile,23,113,479
kv_tile,23,114,544
kv_tile,23,115,511
kv_tile,23,116,542
kv_tile,23,117,611
kv_tile,23,118,589
kv_tile,23,119,683
kv_tile,23,120,611
kv_tile,23,121,710
kv_tile,23,122,737
kv_tile,23,123,766
kv_tile,23,124,947
kv_tile,23,125,1131
kv_tile,23,126,1452
kv_tile,23,127,2066
kv_tile,23,128,10290
kv_tile,24,0,47293
kv_tile,24,1,11673
kv_tile,24,2,7490
kv_tile,24,3,5689
kv_tile,24,4,4473
kv_tile,24,5,3890
kv_tile,24,6,3325
kv_tile,24,7,2915
kv_tile,24,8,2782
kv_tile,24,9,2536
kv_tile,24,10,2200
kv_tile,24,11,2016
kv_tile,24,12,1875
kv_tile,24,13,1760
kv_tile,24,14,1666
kv_tile,24,15,1514
kv_tile,24,16,1458
kv_tile,24,17,1410
kv_tile,24,18,1364
kv_tile,24,19,1261
kv_tile,24,20,1203
kv_tile,24,21,1209
kv_tile,24,22,1185
kv_tile,24,23,1102
kv_tile,24,24,1069
kv_tile,24,25,1038
kv_tile,24,26,995
kv_tile,24,27,985
kv_tile,24,28,1016
kv_tile,24,29,944
kv_tile,24,30,900
kv_tile,24,31,900
kv_tile,24,32,971
kv_tile,24,33,939
kv_tile,24,34,849
kv_tile,24,35,832
kv_tile,24,36,859
kv_tile,24,37,845
kv_tile,24,38,775
kv_tile,24,39,826
kv_tile,24,40,842
kv_tile,24,41,796
kv_tile,24,42,747
kv_tile,24,43,755
kv_tile,24,44,796
kv_tile,24,45,720
kv_tile,24,46,757
kv_tile,24,47,757
kv_tile,24,48,701
kv_tile,24,49,717
kv_tile,24,50,764
kv_tile,24,51,710
kv_tile,24,52,682
kv_tile,24,53,689
kv_tile,24,54,647
kv_tile,24,55,678
kv_tile,24,56,699
kv_tile,24,57,658
kv_tile,24,58,656
kv_tile,24,59,627
kv_tile,24,60,629
kv_tile,24,61,673
kv_tile,24,62,690
kv_tile,24,63,738
kv_tile,24,64,681
kv_tile,24,65,670
kv_tile,24,66,726
kv_tile,24,67,705
kv_tile,24,68,697
kv_tile,24,69,645
kv_tile,24,70,680
kv_tile,24,71,703
kv_tile,24,72,675
kv_tile,24,73,687
kv_tile,24,74,651
kv_tile,24,75,632
kv_tile,24,76,583
kv_tile,24,77,606
kv_tile,24,78,621
kv_tile,24,79,599
kv_tile,24,80,626
kv_tile,24,81,626
kv_tile,24,82,574
kv_tile,24,83,585
kv_tile,24,84,631
kv_tile,24,85,591
kv_tile,24,86,618
kv_tile,24,87,595
kv_tile,24,88,568
kv_tile,24,89,586
kv_tile,24,90,592
kv_tile,24,91,635
kv_tile,24,92,601
kv_tile,24,93,531
kv_tile,24,94,571
kv_tile,24,95,598
kv_tile,24,96,557
kv_tile,24,97,539
kv_tile,24,98,590
kv_tile,24,99,577
kv_tile,24,100,595
kv_tile,24,101,559
kv_tile,24,102,571
kv_tile,24,103,579
kv_tile,24,104,621
kv_tile,24,105,590
kv_tile,24,106,593
kv_tile,24,107,610
kv_tile,24,108,614
kv_tile,24,109,593
kv_tile,24,110,572
kv_tile,24,111,637
kv_tile,24,112,648
kv_tile,24,113,636
kv_tile,24,114,689
kv_tile,24,115,636
kv_tile,24,116,725
kv_tile,24,117,695
kv_tile,24,118,689
kv_tile,24,119,712
kv_tile,24,120,730
kv_tile,24,121,802
kv_tile,24,122,841
kv_tile,24,123,899
kv_tile,24,124,965
kv_tile,24,125,1155
kv_tile,24,126,1390
kv_tile,24,127,1837
kv_tile,24,128,7913
kv_tile,25,0,62648
kv_tile,25,1,13966
kv_tile,25,2,8701
kv_tile,25,3,6549
kv_tile,25,4,5206
kv_tile,25,5,4384
kv_tile,25,6,3804
kv_tile,25,7,3234
kv_tile,25,8,2826
kv_tile,25,9,2537
kv_tile,25,10,2273
kv_tile,25,11,2075
kv_tile,25,12,1835
kv_tile,25,13,1800
kv_tile,25,14,1589
kv_tile,25,15,1440
kv_tile,25,16,1356
kv_tile,25,17,1246
kv_tile,25,18,1184
kv_tile,25,19,1109
kv_tile,25,20,1008
kv_tile,25,21,937
kv_tile,25,22,913
kv_tile,25,23,874
kv_tile,25,24,811
kv_tile,25,25,820
kv_tile,25,26,789
kv_tile,25,27,777
kv_tile,25,28,765
kv_tile,25,29,707
kv_tile,25,30,637
kv_tile,25,31,662
kv_tile,25,32,659
kv_tile,25,33,634
kv_tile,25,34,580
kv_tile,25,35,605
kv_tile,25,36,553
kv_tile,25,37,541
kv_tile,25,38,543
kv_tile,25,39,591
kv_tile,25,40,544
kv_tile,25,41,529
kv_tile,25,42,508
kv_tile,25,43,544
kv_tile,25,44,507
kv_tile,25,45,484
kv_tile,25,46,498
kv_tile,25,47,476
kv_tile,25,48,483
kv_tile,25,49,477
kv_tile,25,50,484
kv_tile,25,51,453
kv_tile,25,52,455
kv_tile,25,53,449
kv_tile,25,54,441
kv_tile,25,55,455
kv_tile,25,56,446
kv_tile,25,57,422
kv_tile,25,58,424
kv_tile,25,59,407
kv_tile,25,60,419
kv_tile,25,61,417
kv_tile,25,62,420
kv_tile,25,63,428
kv_tile,25,64,429
kv_tile,25,65,393
kv_tile,25,66,430
kv_tile,25,67,407
kv_tile,25,68,413
kv_tile,25,69,383
kv_tile,25,70,399
kv_tile,25,71,397
kv_tile,25,72,425
kv_tile,25,73,409
kv_tile,25,74,421
kv_tile,25,75,379
kv_tile,25,76,399
kv_tile,25,77,387
kv_tile,25,78,379
kv_tile,25,79,414
kv_tile,25,80,416
kv_tile,25,81,402
kv_tile,25,82,376
kv_tile,25,83,369
kv_tile,25,84,381
kv_tile,25,85,361
kv_tile,25,86,385
kv_tile,25,87,389
kv_tile,25,88,387
kv_tile,25,89,358
kv_tile,25,90,388
kv_tile,25,91,370
kv_tile,25,92,373
kv_tile,25,93,355
kv_tile,25,94,408
kv_tile,25,95,373
kv_tile,25,96,407
kv_tile,25,97,391
kv_tile,25,98,409
kv_tile,25,99,416
kv_tile,25,100,379
kv_tile,25,101,355
kv_tile,25,102,393
kv_tile,25,103,413
kv_tile,25,104,404
kv_tile,25,105,452
kv_tile,25,106,394
kv_tile,25,107,386
kv_tile,25,108,369
kv_tile,25,109,417
kv_tile,25,110,450
kv_tile,25,111,456
kv_tile,25,112,443
kv_tile,25,113,430
kv_tile,25,114,475
kv_tile,25,115,539
kv_tile,25,116,508
kv_tile,25,117,612
kv_tile,25,118,631
kv_tile,25,119,625
kv_tile,25,120,647
kv_tile,25,121,677
kv_tile,25,122,706
kv_tile,25,123,822
kv_tile,25,124,907
kv_tile,25,125,1202
kv_tile,25,126,1434
kv_tile,25,127,2176
kv_tile,25,128,9390
kv_tile,26,0,74304
kv_tile,26,1,13842
kv_tile,26,2,8520
kv_tile,26,3,6059
kv_tile,26,4,4814
kv_tile,26,5,3993
kv_tile,26,6,3160
kv_tile,26,7,2806
kv_tile,26,8,2445
kv_tile,26,9,2060
kv_tile,26,10,1846
kv_tile,26,11,1582
kv_tile,26,12,1416
kv_tile,26,13,1335
kv_tile,26,14,1190
kv_tile,26,15,1110
kv_tile,26,16,1032
kv_tile,26,17,972
kv_tile,26,18,821
kv_tile,26,19,811
kv_tile,26,20,748
kv_tile,26,21,746
kv_tile,26,22,687
kv_tile,26,23,646
kv_tile,26,24,686
kv_tile,26,25,573
kv_tile,26,26,585
kv_tile,26,27,564
kv_tile,26,28,535
kv_tile,26,29,491
kv_tile,26,30,503
kv_tile,26,31,487
kv_tile,26,32,484
kv_tile,26,33,476
kv_tile,26,34,441
kv_tile,26,35,459
kv_tile,26,36,444
kv_tile,26,37,430
kv_tile,26,38,423
kv_tile,26,39,369
kv_tile,26,40,373
kv_tile,26,41,377
kv_tile,26,42,379
kv_tile,26,43,388
kv_tile,26,44,407
kv_tile,26,45,391
kv_tile,26,46,353
kv_tile,26,47,367
kv_tile,26,48,360
kv_tile,26,49,354
kv_tile,26,50,366
kv_tile,26,51,371
kv_tile,26,52,376
kv_tile,26,53,383
kv_tile,26,54,367
kv_tile,26,55,415
kv_tile,26,56,377
kv_tile,26,57,343
kv_tile,26,58,437
kv_tile,26,59,358
kv_tile,26,60,389
kv_tile,26,61,384
kv_tile,26,62,409
kv_tile,26,63,433
kv_tile,26,64,470
kv_tile,26,65,411
kv_tile,26,66,414
kv_tile,26,67,380
kv_tile,26,68,352
kv_tile,26,69,359
kv_tile,26,70,320
kv_tile,26,71,337
kv_tile,26,72,317
kv_tile,26,73,314
kv_tile,26,74,322
kv_tile,26,75,317
kv_tile,26,76,350
kv_tile,26,77,315
kv_tile,26,78,323
kv_tile,26,79,353
kv_tile,26,80,327
kv_tile,26,81,310
kv_tile,26,82,303
kv_tile,26,83,313
kv_tile,26,84,325
kv_tile,26,85,299
kv_tile,26,86,296
kv_tile,26,87,304
kv_tile,26,88,324
kv_tile,26,89,333
kv_tile,26,90,306
kv_tile,26,91,332
kv_tile,26,92,304
kv_tile,26,93,334
kv_tile,26,94,347
kv_tile,26,95,354
kv_tile,26,96,339
kv_tile,26,97,372
kv_tile,26,98,352
kv_tile,26,99,386
kv_tile,26,100,354
kv_tile,26,101,358
kv_tile,26,102,377
kv_tile,26,103,362
kv_tile,26,104,360
kv_tile,26,105,369
kv_tile,26,106,384
kv_tile,26,107,378
kv_tile,26,108,406
kv_tile,26,109,445
kv_tile,26,110,435
kv_tile,26,111,446
kv_tile,26,112,456
kv_tile,26,113,524
kv_tile,26,114,482
kv_tile,26,115,494
kv_tile,26,116,556
kv_tile,26,117,553
kv_tile,26,118,625
kv_tile,26,119,659
kv_tile,26,120,666
kv_tile,26,121,725
kv_tile,26,122,810
kv_tile,26,123,832
kv_tile,26,124,946
kv_tile,26,125,1244
kv_tile,26,126,1549
kv_tile,26,127,2389
kv_tile,26,128,12158
kv_tile,27,0,54916
kv_tile,27,1,14427
kv_tile,27,2,8926
kv_tile,27,3,6463
kv_tile,27,4,5130
kv_tile,27,5,4272
kv_tile,27,6,3530
kv_tile,27,7,3033
kv_tile,27,8,2657
kv_tile,27,9,2339
kv_tile,27,10,2213
kv_tile,27,11,1862
kv_tile,27,12,1796
kv_tile,27,13,1692
kv_tile,27,14,1510
kv_tile,27,15,1350
kv_tile,27,16,1366
kv_tile,27,17,1319
kv_tile,27,18,1187
kv_tile,27,19,1119
kv_tile,27,20,1079
kv_tile,27,21,1066
kv_tile,27,22,1001
kv_tile,27,23,1002
kv_tile,27,24,907
kv_tile,27,25,939
kv_tile,27,26,861
kv_tile,27,27,844
kv_tile,27,28,806
kv_tile,27,29,776
kv_tile,27,30,786
kv_tile,27,31,753
kv_tile,27,32,755
kv_tile,27,33,722
kv_tile,27,34,732
kv_tile,27,35,715
kv_tile,27,36,674
kv_tile,27,37,639
kv_tile,27,38,654
kv_tile,27,39,615
kv_tile,27,40,581
kv_tile,27,41,640
kv_tile,27,42,654
kv_tile,27,43,619
kv_tile,27,44,562
kv_tile,27,45,580
kv_tile,27,46,600
kv_tile,27,47,576
kv_tile,27,48,605
kv_tile,27,49,533
kv_tile,27,50,569
kv_tile,27,51,565
kv_tile,27,52,601
kv_tile,27,53,525
kv_tile,27,54,514
kv_tile,27,55,619
kv_tile,27,56,573
kv_tile,27,57,556
kv_tile,27,58,523
kv_tile,27,59,467
kv_tile,27,60,507
kv_tile,27,61,487
kv_tile,27,62,457
kv_tile,27,63,515
kv_tile,27,64,567
kv_tile,27,65,480
kv_tile,27,66,504
kv_tile,27,67,522
kv_tile,27,68,495
kv_tile,27,69,493
kv_tile,27,70,487
kv_tile,27,71,455
kv_tile,27,72,499
kv_tile,27,73,458
kv_tile,27,74,440
kv_tile,27,75,481
kv_tile,27,76,480
kv_tile,27,77,485
kv_tile,27,78,460
kv_tile,27,79,478
kv_tile,27,80,494
kv_tile,27,81,437
kv_tile,27,82,490
kv_tile,27,83,428
kv_tile,27,84,453
kv_tile,27,85,447
kv_tile,27,86,417
kv_tile,27,87,441
kv_tile,27,88,462
kv_tile,27,89,432
kv_tile,27,90,455
kv_tile,27,91,401
kv_tile,27,92,450
kv_tile,27,93,426
kv_tile,27,94,380
kv_tile,27,95,407
kv_tile,27,96,443
kv_tile,27,97,389
kv_tile,27,98,421
kv_tile,27,99,422
kv_tile,27,100,456
kv_tile,27,101,441
kv_tile,27,102,436
kv_tile,27,103,448
kv_tile,27,104,443
kv_tile,27,105,484
kv_tile,27,106,468
kv_tile,27,107,457
kv_tile,27,108,466
kv_tile,27,109,459
kv_tile,27,110,437
kv_tile,27,111,538
kv_tile,27,112,542
kv_tile,27,113,540
kv_tile,27,114,556
kv_tile,27,115,627
kv_tile,27,116,658
kv_tile,27,117,628
kv_tile,27,118,659
kv_tile,27,119,723
kv_tile,27,120,667
kv_tile,27,121,781
kv_tile,27,122,821
kv_tile,27,123,959
kv_tile,27,124,965
kv_tile,27,125,1184
kv_tile,27,126,1445
kv_tile,27,127,2266
kv_tile,27,128,9714
kv_tile,28,0,77153
kv_tile,28,1,14518
kv_tile,28,2,8514
kv_tile,28,3,5659
kv_tile,28,4,4328
kv_tile,28,5,3333
kv_tile,28,6,2644
kv_tile,28,7,2191
kv_tile,28,8,1967
kv_tile,28,9,1714
kv_tile,28,10,1524
kv_tile,28,11,1377
kv_tile,28,12,1262
kv_tile,28,13,1138
kv_tile,28,14,1082
kv_tile,28,15,983
kv_tile,28,16,916
kv_tile,28,17,853
kv_tile,28,18,794
kv_tile,28,19,779
kv_tile,28,20,733
kv_tile,28,21,700
kv_tile,28,22,683
kv_tile,28,23,687
kv_tile,28,24,626
kv_tile,28,25,625
kv_tile,28,26,570
kv_tile,28,27,582
kv_tile,28,28,506
kv_tile,28,29,538
kv_tile,28,30,545
kv_tile,28,31,505
kv_tile,28,32,481
kv_tile,28,33,515
kv_tile,28,34,522
kv_tile,28,35,454
kv_tile,28,36,458
kv_tile,28,37,444
kv_tile,28,38,479
kv_tile,28,39,436
kv_tile,28,40,455
kv_tile,28,41,432
kv_tile,28,42,398
kv_tile,28,43,407
kv_tile,28,44,424
kv_tile,28,45,426
kv_tile,28,46,429
kv_tile,28,47,398
kv_tile,28,48,399
kv_tile,28,49,410
kv_tile,28,50,373
kv_tile,28,51,359
kv_tile,28,52,421
kv_tile,28,53,394
kv_tile,28,54,414
kv_tile,28,55,423
kv_tile,28,56,388
kv_tile,28,57,418
kv_tile,28,58,401
kv_tile,28,59,381
kv_tile,28,60,378
kv_tile,28,61,427
kv_tile,28,62,441
kv_tile,28,63,452
kv_tile,28,64,450
kv_tile,28,65,426
kv_tile,28,66,381
kv_tile,28,67,383
kv_tile,28,68,384
kv_tile,28,69,362
kv_tile,28,70,352
kv_tile,28,71,370
kv_tile,28,72,362
kv_tile,28,73,297
kv_tile,28,74,360
kv_tile,28,75,338
kv_tile,28,76,352
kv_tile,28,77,354
kv_tile,28,78,371
kv_tile,28,79,325
kv_tile,28,80,337
kv_tile,28,81,347
kv_tile,28,82,336
kv_tile,28,83,345
kv_tile,28,84,321
kv_tile,28,85,318
kv_tile,28,86,332
kv_tile,28,87,338
kv_tile,28,88,341
kv_tile,28,89,348
kv_tile,28,90,341
kv_tile,28,91,349
kv_tile,28,92,347
kv_tile,28,93,366
kv_tile,28,94,371
kv_tile,28,95,361
kv_tile,28,96,354
kv_tile,28,97,389
kv_tile,28,98,354
kv_tile,28,99,386
kv_tile,28,100,399
kv_tile,28,101,382
kv_tile,28,102,408
kv_tile,28,103,438
kv_tile,28,104,408
kv_tile,28,105,388
kv_tile,28,106,411
kv_tile,28,107,450
kv_tile,28,108,436
kv_tile,28,109,472
kv_tile,28,110,473
kv_tile,28,111,541
kv_tile,28,112,506
kv_tile,28,113,566
kv_tile,28,114,579
kv_tile,28,115,538
kv_tile,28,116,575
kv_tile,28,117,599
kv_tile,28,118,723
kv_tile,28,119,702
kv_tile,28,120,731
kv_tile,28,121,843
kv_tile,28,122,898
kv_tile,28,123,933
kv_tile,28,124,1030
kv_tile,28,125,1346
kv_tile,28,126,1747
kv_tile,28,127,2613
kv_tile,28,128,9959
kv_tile,29,0,36447
kv_tile,29,1,9901
kv_tile,29,2,6485
kv_tile,29,3,4944
kv_tile,29,4,3990
kv_tile,29,5,3429
kv_tile,29,6,2976
kv_tile,29,7,2676
kv_tile,29,8,2532
kv_tile,29,9,2214
kv_tile,29,10,2176
kv_tile,29,11,1974
kv_tile,29,12,1872
kv_tile,29,13,1692
kv_tile,29,14,1550
kv_tile,29,15,1500
kv_tile,29,16,1426
kv_tile,29,17,1335
kv_tile,29,18,1368
kv_tile,29,19,1307
kv_tile,29,20,1232
kv_tile,29,21,1198
kv_tile,29,22,1171
kv_tile,29,23,1152
kv_tile,29,24,1067
kv_tile,29,25,1087
kv_tile,29,26,1060
kv_tile,29,27,997
kv_tile,29,28,1010
kv_tile,29,29,961
kv_tile,29,30,979
kv_tile,29,31,924
kv_tile,29,32,875
kv_tile,29,33,862
kv_tile,29,34,845
kv_tile,29,35,815
kv_tile,29,36,823
kv_tile,29,37,848
kv_tile,29,38,798
kv_tile,29,39,819
kv_tile,29,40,839
kv_tile,29,41,740
kv_tile,29,42,796
kv_tile,29,43,760
kv_tile,29,44,787
kv_tile,29,45,742
kv_tile,29,46,704
kv_tile,29,47,705
kv_tile,29,48,721
kv_tile,29,49,686
kv_tile,29,50,698
kv_tile,29,51,699
kv_tile,29,52,728
kv_tile,29,53,721
kv_tile,29,54,689
kv_tile,29,55,672
kv_tile,29,56,682
kv_tile,29,57,662
kv_tile,29,58,649
kv_tile,29,59,666
kv_tile,29,60,647
kv_tile,29,61,630
kv_tile,29,62,669
kv_tile,29,63,658
kv_tile,29,64,626
kv_tile,29,65,648
kv_tile,29,66,625
kv_tile,29,67,599
kv_tile,29,68,596
kv_tile,29,69,657
kv_tile,29,70,619
kv_tile,29,71,604
kv_tile,29,72,604
kv_tile,29,73,580
kv_tile,29,74,628
kv_tile,29,75,605
kv_tile,29,76,594
kv_tile,29,77,638
kv_tile,29,78,632
kv_tile,29,79,601
kv_tile,29,80,575
kv_tile,29,81,608
kv_tile,29,82,612
kv_tile,29,83,630
kv_tile,29,84,618
kv_tile,29,85,587
kv_tile,29,86,600
kv_tile,29,87,598
kv_tile,29,88,568
kv_tile,29,89,581
kv_tile,29,90,609
kv_tile,29,91,632
kv_tile,29,92,589
kv_tile,29,93,643
kv_tile,29,94,591
kv_tile,29,95,566
kv_tile,29,96,610
kv_tile,29,97,632
kv_tile,29,98,664
kv_tile,29,99,653
kv_tile,29,100,687
kv_tile,29,101,614
kv_tile,29,102,618
kv_tile,29,103,638
kv_tile,29,104,647
kv_tile,29,105,641
kv_tile,29,106,695
kv_tile,29,107,676
kv_tile,29,108,761
kv_tile,29,109,735
kv_tile,29,110,760
kv_tile,29,111,829
kv_tile,29,112,764
kv_tile,29,113,803
kv_tile,29,114,850
kv_tile,29,115,905
kv_tile,29,116,1002
kv_tile,29,117,987
kv_tile,29,118,986
kv_tile,29,119,1075
kv_tile,29,120,1118
kv_tile,29,121,1262
kv_tile,29,122,1317
kv_tile,29,123,1480
kv_tile,29,124,1644
kv_tile,29,125,2003
kv_tile,29,126,2493
kv_tile,29,127,3752
kv_tile,29,128,15577
kv_tile,3,0,99926
kv_tile,3,1,15144
kv_tile,3,2,8547
kv_tile,3,3,5563
kv_tile,3,4,4258
kv_tile,3,5,3309
kv_tile,3,6,2626
kv_tile,3,7,2253
kv_tile,3,8,1934
kv_tile,3,9,1737
kv_tile,3,10,1447
kv_tile,3,11,1296
kv_tile,3,12,1192
kv_tile,3,13,1051
kv_tile,3,14,981
kv_tile,3,15,916
kv_tile,3,16,845
kv_tile,3,17,800
kv_tile,3,18,784
kv_tile,3,19,680
kv_tile,3,20,677
kv_tile,3,21,629
kv_tile,3,22,609
kv_tile,3,23,571
kv_tile,3,24,545
kv_tile,3,25,608
kv_tile,3,26,540
kv_tile,3,27,503
kv_tile,3,28,540
kv_tile,3,29,531
kv_tile,3,30,441
kv_tile,3,31,445
kv_tile,3,32,475
kv_tile,3,33,413
kv_tile,3,34,421
kv_tile,3,35,433
kv_tile,3,36,451
kv_tile,3,37,429
kv_tile,3,38,385
kv_tile,3,39,435
kv_tile,3,40,421
kv_tile,3,41,388
kv_tile,3,42,397
kv_tile,3,43,345
kv_tile,3,44,384
kv_tile,3,45,333
kv_tile,3,46,333
kv_tile,3,47,347
kv_tile,3,48,341
kv_tile,3,49,331
kv_tile,3,50,361
kv_tile,3,51,306
kv_tile,3,52,323
kv_tile,3,53,321
kv_tile,3,54,314
kv_tile,3,55,276
kv_tile,3,56,284
kv_tile,3,57,281
kv_tile,3,58,277
kv_tile,3,59,321
kv_tile,3,60,314
kv_tile,3,61,297
kv_tile,3,62,291
kv_tile,3,63,287
kv_tile,3,64,314
kv_tile,3,65,299
kv_tile,3,66,280
kv_tile,3,67,323
kv_tile,3,68,322
kv_tile,3,69,281
kv_tile,3,70,285
kv_tile,3,71,244
kv_tile,3,72,289
kv_tile,3,73,251
kv_tile,3,74,289
kv_tile,3,75,264
kv_tile,3,76,256
kv_tile,3,77,245
kv_tile,3,78,269
kv_tile,3,79,262
kv_tile,3,80,262
kv_tile,3,81,252
kv_tile,3,82,254
kv_tile,3,83,256
kv_tile,3,84,231
kv_tile,3,85,247
kv_tile,3,86,229
kv_tile,3,87,261
kv_tile,3,88,265
kv_tile,3,89,233
kv_tile,3,90,258
kv_tile,3,91,231
kv_tile,3,92,263
kv_tile,3,93,197
kv_tile,3,94,259
kv_tile,3,95,206
kv_tile,3,96,208
kv_tile,3,97,249
kv_tile,3,98,219
kv_tile,3,99,227
kv_tile,3,100,243
kv_tile,3,101,222
kv_tile,3,102,224
kv_tile,3,103,266
kv_tile,3,104,249
kv_tile,3,105,262
kv_tile,3,106,279
kv_tile,3,107,268
kv_tile,3,108,261
kv_tile,3,109,258
kv_tile,3,110,293
kv_tile,3,111,293
kv_tile,3,112,297
kv_tile,3,113,305
kv_tile,3,114,323
kv_tile,3,115,316
kv_tile,3,116,310
kv_tile,3,117,358
kv_tile,3,118,320
kv_tile,3,119,341
kv_tile,3,120,328
kv_tile,3,121,384
kv_tile,3,122,440
kv_tile,3,123,416
kv_tile,3,124,517
kv_tile,3,125,590
kv_tile,3,126,744
kv_tile,3,127,1184
kv_tile,3,128,3794
kv_tile,30,0,72213
kv_tile,30,1,13062
kv_tile,30,2,7592
kv_tile,30,3,5287
kv_tile,30,4,3958
kv_tile,30,5,3280
kv_tile,30,6,2645
kv_tile,30,7,2380
kv_tile,30,8,2071
kv_tile,30,9,1862
kv_tile,30,10,1710
kv_tile,30,11,1500
kv_tile,30,12,1347
kv_tile,30,13,1253
kv_tile,30,14,1252
kv_tile,30,15,1150
kv_tile,30,16,1090
kv_tile,30,17,989
kv_tile,30,18,938
kv_tile,30,19,908
kv_tile,30,20,863
kv_tile,30,21,880
kv_tile,30,22,816
kv_tile,30,23,753
kv_tile,30,24,768
kv_tile,30,25,727
kv_tile,30,26,720
kv_tile,30,27,711
kv_tile,30,28,662
kv_tile,30,29,651
kv_tile,30,30,606
kv_tile,30,31,604
kv_tile,30,32,579
kv_tile,30,33,601
kv_tile,30,34,590
kv_tile,30,35,561
kv_tile,30,36,573
kv_tile,30,37,543
kv_tile,30,38,564
kv_tile,30,39,475
kv_tile,30,40,548
kv_tile,30,41,519
kv_tile,30,42,503
kv_tile,30,43,483
kv_tile,30,44,472
kv_tile,30,45,521
kv_tile,30,46,507
kv_tile,30,47,511
kv_tile,30,48,473
kv_tile,30,49,499
kv_tile,30,50,457
kv_tile,30,51,461
kv_tile,30,52,470
kv_tile,30,53,448
kv_tile,30,54,451
kv_tile,30,55,446
kv_tile,30,56,441
kv_tile,30,57,416
kv_tile,30,58,478
kv_tile,30,59,413
kv_tile,30,60,466
kv_tile,30,61,491
kv_tile,30,62,474
kv_tile,30,63,494
kv_tile,30,64,528
kv_tile,30,65,442
kv_tile,30,66,455
kv_tile,30,67,436
kv_tile,30,68,458
kv_tile,30,69,389
kv_tile,30,70,416
kv_tile,30,71,425
kv_tile,30,72,399
kv_tile,30,73,391
kv_tile,30,74,420
kv_tile,30,75,380
kv_tile,30,76,400
kv_tile,30,77,406
kv_tile,30,78,366
kv_tile,30,79,372
kv_tile,30,80,377
kv_tile,30,81,387
kv_tile,30,82,370
kv_tile,30,83,384
kv_tile,30,84,366
kv_tile,30,85,377
kv_tile,30,86,399
kv_tile,30,87,369
kv_tile,30,88,352
kv_tile,30,89,366
kv_tile,30,90,385
kv_tile,30,91,393
kv_tile,30,92,375
kv_tile,30,93,386
kv_tile,30,94,431
kv_tile,30,95,404
kv_tile,30,96,390
kv_tile,30,97,382
kv_tile,30,98,376
kv_tile,30,99,366
kv_tile,30,100,448
kv_tile,30,101,413
kv_tile,30,102,389
kv_tile,30,103,400
kv_tile,30,104,406
kv_tile,30,105,412
kv_tile,30,106,429
kv_tile,30,107,465
kv_tile,30,108,448
kv_tile,30,109,459
kv_tile,30,110,466
kv_tile,30,111,519
kv_tile,30,112,540
kv_tile,30,113,507
kv_tile,30,114,516
kv_tile,30,115,542
kv_tile,30,116,606
kv_tile,30,117,601
kv_tile,30,118,658
kv_tile,30,119,655
kv_tile,30,120,769
kv_tile,30,121,784
kv_tile,30,122,835
kv_tile,30,123,948
kv_tile,30,124,1001
kv_tile,30,125,1210
kv_tile,30,126,1629
kv_tile,30,127,2381
kv_tile,30,128,11678
kv_tile,31,0,64083
kv_tile,31,1,14355
kv_tile,31,2,8668
kv_tile,31,3,6261
kv_tile,31,4,4898
kv_tile,31,5,3935
kv_tile,31,6,3262
kv_tile,31,7,2802
kv_tile,31,8,2480
kv_tile,31,9,2144
kv_tile,31,10,1967
kv_tile,31,11,1745
kv_tile,31,12,1552
kv_tile,31,13,1464
kv_tile,31,14,1329
kv_tile,31,15,1169
kv_tile,31,16,1136
kv_tile,31,17,1043
kv_tile,31,18,959
kv_tile,31,19,844
kv_tile,31,20,902
kv_tile,31,21,861
kv_tile,31,22,819
kv_tile,31,23,802
kv_tile,31,24,737
kv_tile,31,25,708
kv_tile,31,26,631
kv_tile,31,27,648
kv_tile,31,28,647
kv_tile,31,29,591
kv_tile,31,30,612
kv_tile,31,31,588
kv_tile,31,32,548
kv_tile,31,33,529
kv_tile,31,34,535
kv_tile,31,35,505
kv_tile,31,36,531
kv_tile,31,37,511
kv_tile,31,38,492
kv_tile,31,39,479
kv_tile,31,40,500
kv_tile,31,41,461
kv_tile,31,42,460
kv_tile,31,43,436
kv_tile,31,44,475
kv_tile,31,45,440
kv_tile,31,46,438
kv_tile,31,47,443
kv_tile,31,48,415
kv_tile,31,49,437
kv_tile,31,50,426
kv_tile,31,51,378
kv_tile,31,52,426
kv_tile,31,53,400
kv_tile,31,54,429
kv_tile,31,55,405
kv_tile,31,56,423
kv_tile,31,57,407
kv_tile,31,58,359
kv_tile,31,59,374
kv_tile,31,60,417
kv_tile,31,61,425
kv_tile,31,62,388
kv_tile,31,63,381
kv_tile,31,64,414
kv_tile,31,65,389
kv_tile,31,66,405
kv_tile,31,67,385
kv_tile,31,68,403
kv_tile,31,69,362
kv_tile,31,70,407
kv_tile,31,71,372
kv_tile,31,72,406
kv_tile,31,73,398
kv_tile,31,74,412
kv_tile,31,75,393
kv_tile,31,76,371
kv_tile,31,77,354
kv_tile,31,78,421
kv_tile,31,79,368
kv_tile,31,80,397
kv_tile,31,81,410
kv_tile,31,82,374
kv_tile,31,83,407
kv_tile,31,84,361
kv_tile,31,85,384
kv_tile,31,86,382
kv_tile,31,87,386
kv_tile,31,88,413
kv_tile,31,89,412
kv_tile,31,90,384
kv_tile,31,91,405
kv_tile,31,92,386
kv_tile,31,93,431
kv_tile,31,94,377
kv_tile,31,95,402
kv_tile,31,96,442
kv_tile,31,97,402
kv_tile,31,98,399
kv_tile,31,99,456
kv_tile,31,100,405
kv_tile,31,101,398
kv_tile,31,102,430
kv_tile,31,103,428
kv_tile,31,104,450
kv_tile,31,105,420
kv_tile,31,106,438
kv_tile,31,107,478
kv_tile,31,108,490
kv_tile,31,109,484
kv_tile,31,110,468
kv_tile,31,111,520
kv_tile,31,112,551
kv_tile,31,113,568
kv_tile,31,114,525
kv_tile,31,115,576
kv_tile,31,116,610
kv_tile,31,117,678
kv_tile,31,118,664
kv_tile,31,119,779
kv_tile,31,120,738
kv_tile,31,121,777
kv_tile,31,122,836
kv_tile,31,123,947
kv_tile,31,124,1082
kv_tile,31,125,1317
kv_tile,31,126,1660
kv_tile,31,127,2659
kv_tile,31,128,13047
kv_tile,32,0,61122
kv_tile,32,1,13146
kv_tile,32,2,8482
kv_tile,32,3,6236
kv_tile,32,4,5041
kv_tile,32,5,3966
kv_tile,32,6,3449
kv_tile,32,7,3164
kv_tile,32,8,2684
kv_tile,32,9,2470
kv_tile,32,10,2181
kv_tile,32,11,2039
kv_tile,32,12,1913
kv_tile,32,13,1747
kv_tile,32,14,1617
kv_tile,32,15,1530
kv_tile,32,16,1394
kv_tile,32,17,1376
kv_tile,32,18,1286
kv_tile,32,19,1229
kv_tile,32,20,1158
kv_tile,32,21,1106
kv_tile,32,22,993
kv_tile,32,23,1031
kv_tile,32,24,924
kv_tile,32,25,896
kv_tile,32,26,863
kv_tile,32,27,817
kv_tile,32,28,866
kv_tile,32,29,762
kv_tile,32,30,777
kv_tile,32,31,731
kv_tile,32,32,709
kv_tile,32,33,716
kv_tile,32,34,704
kv_tile,32,35,696
kv_tile,32,36,675
kv_tile,32,37,663
kv_tile,32,38,667
kv_tile,32,39,651
kv_tile,32,40,593
kv_tile,32,41,624
kv_tile,32,42,608
kv_tile,32,43,566
kv_tile,32,44,561
kv_tile,32,45,569
kv_tile,32,46,580
kv_tile,32,47,567
kv_tile,32,48,562
kv_tile,32,49,561
kv_tile,32,50,554
kv_tile,32,51,582
kv_tile,32,52,583
kv_tile,32,53,559
kv_tile,32,54,530
kv_tile,32,55,546
kv_tile,32,56,547
kv_tile,32,57,529
kv_tile,32,58,529
kv_tile,32,59,547
kv_tile,32,60,533
kv_tile,32,61,521
kv_tile,32,62,559
kv_tile,32,63,562
kv_tile,32,64,582
kv_tile,32,65,581
kv_tile,32,66,502
kv_tile,32,67,496
kv_tile,32,68,475
kv_tile,32,69,490
kv_tile,32,70,460
kv_tile,32,71,470
kv_tile,32,72,435
kv_tile,32,73,452
kv_tile,32,74,427
kv_tile,32,75,420
kv_tile,32,76,452
kv_tile,32,77,416
kv_tile,32,78,398
kv_tile,32,79,406
kv_tile,32,80,414
kv_tile,32,81,404
kv_tile,32,82,422
kv_tile,32,83,473
kv_tile,32,84,447
kv_tile,32,85,412
kv_tile,32,86,414
kv_tile,32,87,421
kv_tile,32,88,395
kv_tile,32,89,381
kv_tile,32,90,434
kv_tile,32,91,415
kv_tile,32,92,431
kv_tile,32,93,435
kv_tile,32,94,401
kv_tile,32,95,412
kv_tile,32,96,423
kv_tile,32,97,460
kv_tile,32,98,448
kv_tile,32,99,440
kv_tile,32,100,461
kv_tile,32,101,452
kv_tile,32,102,439
kv_tile,32,103,475
kv_tile,32,104,470
kv_tile,32,105,437
kv_tile,32,106,451
kv_tile,32,107,470
kv_tile,32,108,477
kv_tile,32,109,439
kv_tile,32,110,480
kv_tile,32,111,499
kv_tile,32,112,502
kv_tile,32,113,493
kv_tile,32,114,515
kv_tile,32,115,597
kv_tile,32,116,579
kv_tile,32,117,569
kv_tile,32,118,572
kv_tile,32,119,674
kv_tile,32,120,690
kv_tile,32,121,683
kv_tile,32,122,772
kv_tile,32,123,810
kv_tile,32,124,937
kv_tile,32,125,1159
kv_tile,32,126,1432
kv_tile,32,127,2143
kv_tile,32,128,6038
kv_tile,33,0,39254
kv_tile,33,1,10180
kv_tile,33,2,6880
kv_tile,33,3,5197
kv_tile,33,4,4173
kv_tile,33,5,3477
kv_tile,33,6,3117
kv_tile,33,7,2899
kv_tile,33,8,2598
kv_tile,33,9,2347
kv_tile,33,10,2178
kv_tile,33,11,2006
kv_tile,33,12,1834
kv_tile,33,13,1785
kv_tile,33,14,1702
kv_tile,33,15,1556
kv_tile,33,16,1423
kv_tile,33,17,1374
kv_tile,33,18,1306
kv_tile,33,19,1231
kv_tile,33,20,1122
kv_tile,33,21,1139
kv_tile,33,22,1092
kv_tile,33,23,1071
kv_tile,33,24,1093
kv_tile,33,25,917
kv_tile,33,26,978
kv_tile,33,27,906
kv_tile,33,28,908
kv_tile,33,29,880
kv_tile,33,30,885
kv_tile,33,31,875
kv_tile,33,32,837
kv_tile,33,33,746
kv_tile,33,34,754
kv_tile,33,35,817
kv_tile,33,36,736
kv_tile,33,37,762
kv_tile,33,38,681
kv_tile,33,39,714
kv_tile,33,40,753
kv_tile,33,41,704
kv_tile,33,42,689
kv_tile,33,43,704
kv_tile,33,44,627
kv_tile,33,45,690
kv_tile,33,46,673
kv_tile,33,47,663
kv_tile,33,48,628
kv_tile,33,49,596
kv_tile,33,50,645
kv_tile,33,51,638
kv_tile,33,52,610
kv_tile,33,53,606
kv_tile,33,54,612
kv_tile,33,55,663
kv_tile,33,56,649
kv_tile,33,57,616
kv_tile,33,58,607
kv_tile,33,59,606
kv_tile,33,60,581
kv_tile,33,61,625
kv_tile,33,62,610
kv_tile,33,63,593
kv_tile,33,64,563
kv_tile,33,65,603
kv_tile,33,66,562
kv_tile,33,67,603
kv_tile,33,68,599
kv_tile,33,69,612
kv_tile,33,70,573
kv_tile,33,71,606
kv_tile,33,72,608
kv_tile,33,73,617
kv_tile,33,74,567
kv_tile,33,75,590
kv_tile,33,76,583
kv_tile,33,77,604
kv_tile,33,78,573
kv_tile,33,79,601
kv_tile,33,80,599
kv_tile,33,81,606
kv_tile,33,82,605
kv_tile,33,83,629
kv_tile,33,84,602
kv_tile,33,85,560
kv_tile,33,86,520
kv_tile,33,87,571
kv_tile,33,88,592
kv_tile,33,89,567
kv_tile,33,90,596
kv_tile,33,91,610
kv_tile,33,92,580
kv_tile,33,93,590
kv_tile,33,94,558
kv_tile,33,95,598
kv_tile,33,96,635
kv_tile,33,97,617
kv_tile,33,98,567
kv_tile,33,99,621
kv_tile,33,100,625
kv_tile,33,101,655
kv_tile,33,102,609
kv_tile,33,103,637
kv_tile,33,104,638
kv_tile,33,105,681
kv_tile,33,106,660
kv_tile,33,107,646
kv_tile,33,108,695
kv_tile,33,109,698
kv_tile,33,110,760
kv_tile,33,111,772
kv_tile,33,112,825
kv_tile,33,113,873
kv_tile,33,114,904
kv_tile,33,115,912
kv_tile,33,116,942
kv_tile,33,117,1008
kv_tile,33,118,988
kv_tile,33,119,1060
kv_tile,33,120,1123
kv_tile,33,121,1204
kv_tile,33,122,1371
kv_tile,33,123,1449
kv_tile,33,124,1565
kv_tile,33,125,1988
kv_tile,33,126,2552
kv_tile,33,127,3675
kv_tile,33,128,14988
kv_tile,34,0,44358
kv_tile,34,1,11728
kv_tile,34,2,7653
kv_tile,34,3,6015
kv_tile,34,4,4926
kv_tile,34,5,4070
kv_tile,34,6,3694
kv_tile,34,7,3187
kv_tile,34,8,2877
kv_tile,34,9,2552
kv_tile,34,10,2467
kv_tile,34,11,2267
kv_tile,34,12,1932
kv_tile,34,13,1921
kv_tile,34,14,1673
kv_tile,34,15,1585
kv_tile,34,16,1468
kv_tile,34,17,1410
kv_tile,34,18,1261
kv_tile,34,19,1279
kv_tile,34,20,1248
kv_tile,34,21,1161
kv_tile,34,22,1043
kv_tile,34,23,1006
kv_tile,34,24,983
kv_tile,34,25,925
kv_tile,34,26,926
kv_tile,34,27,828
kv_tile,34,28,794
kv_tile,34,29,798
kv_tile,34,30,759
kv_tile,34,31,704
kv_tile,34,32,688
kv_tile,34,33,624
kv_tile,34,34,673
kv_tile,34,35,634
kv_tile,34,36,580
kv_tile,34,37,648
kv_tile,34,38,602
kv_tile,34,39,581
kv_tile,34,40,617
kv_tile,34,41,558
kv_tile,34,42,522
kv_tile,34,43,484
kv_tile,34,44,513
kv_tile,34,45,516
kv_tile,34,46,459
kv_tile,34,47,494
kv_tile,34,48,427
kv_tile,34,49,428
kv_tile,34,50,450
kv_tile,34,51,465
kv_tile,34,52,459
kv_tile,34,53,422
kv_tile,34,54,428
kv_tile,34,55,470
kv_tile,34,56,480
kv_tile,34,57,437
kv_tile,34,58,426
kv_tile,34,59,424
kv_tile,34,60,458
kv_tile,34,61,434
kv_tile,34,62,433
kv_tile,34,63,441
kv_tile,34,64,476
kv_tile,34,65,458
kv_tile,34,66,421
kv_tile,34,67,427
kv_tile,34,68,390
kv_tile,34,69,381
kv_tile,34,70,395
kv_tile,34,71,373
kv_tile,34,72,354
kv_tile,34,73,397
kv_tile,34,74,370
kv_tile,34,75,397
kv_tile,34,76,355
kv_tile,34,77,363
kv_tile,34,78,358
kv_tile,34,79,355
kv_tile,34,80,343
kv_tile,34,81,376
kv_tile,34,82,366
kv_tile,34,83,359
kv_tile,34,84,349
kv_tile,34,85,360
kv_tile,34,86,379
kv_tile,34,87,389
kv_tile,34,88,371
kv_tile,34,89,398
kv_tile,34,90,396
kv_tile,34,91,348
kv_tile,34,92,394
kv_tile,34,93,417
kv_tile,34,94,391
kv_tile,34,95,416
kv_tile,34,96,422
kv_tile,34,97,404
kv_tile,34,98,414
kv_tile,34,99,456
kv_tile,34,100,411
kv_tile,34,101,452
kv_tile,34,102,450
kv_tile,34,103,490
kv_tile,34,104,494
kv_tile,34,105,485
kv_tile,34,106,546
kv_tile,34,107,480
kv_tile,34,108,551
kv_tile,34,109,533
kv_tile,34,110,586
kv_tile,34,111,565
kv_tile,34,112,647
kv_tile,34,113,719
kv_tile,34,114,718
kv_tile,34,115,751
kv_tile,34,116,794
kv_tile,34,117,884
kv_tile,34,118,922
kv_tile,34,119,937
kv_tile,34,120,1045
kv_tile,34,121,1161
kv_tile,34,122,1261
kv_tile,34,123,1499
kv_tile,34,124,1681
kv_tile,34,125,2074
kv_tile,34,126,2828
kv_tile,34,127,4407
kv_tile,34,128,18446
kv_tile,35,0,60370
kv_tile,35,1,12925
kv_tile,35,2,8208
kv_tile,35,3,6112
kv_tile,35,4,4864
kv_tile,35,5,4132
kv_tile,35,6,3587
kv_tile,35,7,3067
kv_tile,35,8,2896
kv_tile,35,9,2477
kv_tile,35,10,2230
kv_tile,35,11,2125
kv_tile,35,12,1968
kv_tile,35,13,1727
kv_tile,35,14,1557
kv_tile,35,15,1524
kv_tile,35,16,1482
kv_tile,35,17,1387
kv_tile,35,18,1235
kv_tile,35,19,1194
kv_tile,35,20,1060
kv_tile,35,21,1049
kv_tile,35,22,1049
kv_tile,35,23,975
kv_tile,35,24,864
kv_tile,35,25,866
kv_tile,35,26,816
kv_tile,35,27,806
kv_tile,35,28,748
kv_tile,35,29,748
kv_tile,35,30,666
kv_tile,35,31,656
kv_tile,35,32,627
kv_tile,35,33,583
kv_tile,35,34,540
kv_tile,35,35,580
kv_tile,35,36,544
kv_tile,35,37,546
kv_tile,35,38,534
kv_tile,35,39,543
kv_tile,35,40,497
kv_tile,35,41,525
kv_tile,35,42,489
kv_tile,35,43,494
kv_tile,35,44,524
kv_tile,35,45,511
kv_tile,35,46,452
kv_tile,35,47,453
kv_tile,35,48,444
kv_tile,35,49,456
kv_tile,35,50,445
kv_tile,35,51,467
kv_tile,35,52,405
kv_tile,35,53,472
kv_tile,35,54,435
kv_tile,35,55,440
kv_tile,35,56,447
kv_tile,35,57,444
kv_tile,35,58,439
kv_tile,35,59,445
kv_tile,35,60,438
kv_tile,35,61,467
kv_tile,35,62,452
kv_tile,35,63,427
kv_tile,35,64,386
kv_tile,35,65,392
kv_tile,35,66,429
kv_tile,35,67,402
kv_tile,35,68,420
kv_tile,35,69,466
kv_tile,35,70,410
kv_tile,35,71,433
kv_tile,35,72,405
kv_tile,35,73,456
kv_tile,35,74,428
kv_tile,35,75,422
kv_tile,35,76,413
kv_tile,35,77,399
kv_tile,35,78,416
kv_tile,35,79,421
kv_tile,35,80,390
kv_tile,35,81,419
kv_tile,35,82,441
kv_tile,35,83,388
kv_tile,35,84,438
kv_tile,35,85,398
kv_tile,35,86,435
kv_tile,35,87,428
kv_tile,35,88,389
kv_tile,35,89,438
kv_tile,35,90,412
kv_tile,35,91,404
kv_tile,35,92,407
kv_tile,35,93,404
kv_tile,35,94,397
kv_tile,35,95,423
kv_tile,35,96,415
kv_tile,35,97,429
kv_tile,35,98,384
kv_tile,35,99,403
kv_tile,35,100,422
kv_tile,35,101,393
kv_tile,35,102,393
kv_tile,35,103,413
kv_tile,35,104,402
kv_tile,35,105,411
kv_tile,35,106,455
kv_tile,35,107,391
kv_tile,35,108,470
kv_tile,35,109,411
kv_tile,35,110,468
kv_tile,35,111,478
kv_tile,35,112,457
kv_tile,35,113,490
kv_tile,35,114,454
kv_tile,35,115,563
kv_tile,35,116,564
kv_tile,35,117,571
kv_tile,35,118,583
kv_tile,35,119,665
kv_tile,35,120,700
kv_tile,35,121,741
kv_tile,35,122,812
kv_tile,35,123,830
kv_tile,35,124,896
kv_tile,35,125,1190
kv_tile,35,126,1397
kv_tile,35,127,2310
kv_tile,35,128,12403
kv_tile,36,0,29559
kv_tile,36,1,9198
kv_tile,36,2,6539
kv_tile,36,3,5200
kv_tile,36,4,4259
kv_tile,36,5,3831
kv_tile,36,6,3326
kv_tile,36,7,3213
kv_tile,36,8,2782
kv_tile,36,9,2583
kv_tile,36,10,2458
kv_tile,36,11,2335
kv_tile,36,12,2164
kv_tile,36,13,2002
kv_tile,36,14,1988
kv_tile,36,15,1746
kv_tile,36,16,1637
kv_tile,36,17,1580
kv_tile,36,18,1514
kv_tile,36,19,1409
kv_tile,36,20,1347
kv_tile,36,21,1277
kv_tile,36,22,1265
kv_tile,36,23,1243
kv_tile,36,24,1158
kv_tile,36,25,1097
kv_tile,36,26,1100
kv_tile,36,27,1031
kv_tile,36,28,1025
kv_tile,36,29,984
kv_tile,36,30,957
kv_tile,36,31,876
kv_tile,36,32,880
kv_tile,36,33,841
kv_tile,36,34,858
kv_tile,36,35,841
kv_tile,36,36,765
kv_tile,36,37,841
kv_tile,36,38,766
kv_tile,36,39,765
kv_tile,36,40,740
kv_tile,36,41,736
kv_tile,36,42,740
kv_tile,36,43,728
kv_tile,36,44,725
kv_tile,36,45,697
kv_tile,36,46,688
kv_tile,36,47,666
kv_tile,36,48,728
kv_tile,36,49,669
kv_tile,36,50,699
kv_tile,36,51,654
kv_tile,36,52,630
kv_tile,36,53,611
kv_tile,36,54,649
kv_tile,36,55,624
kv_tile,36,56,619
kv_tile,36,57,583
kv_tile,36,58,582
kv_tile,36,59,632
kv_tile,36,60,631
kv_tile,36,61,618
kv_tile,36,62,604
kv_tile,36,63,580
kv_tile,36,64,678
kv_tile,36,65,667
kv_tile,36,66,640
kv_tile,36,67,603
kv_tile,36,68,580
kv_tile,36,69,559
kv_tile,36,70,534
kv_tile,36,71,551
kv_tile,36,72,560
kv_tile,36,73,556
kv_tile,36,74,587
kv_tile,36,75,546
kv_tile,36,76,592
kv_tile,36,77,536
kv_tile,36,78,586
kv_tile,36,79,552
kv_tile,36,80,569
kv_tile,36,81,532
kv_tile,36,82,543
kv_tile,36,83,535
kv_tile,36,84,567
kv_tile,36,85,508
kv_tile,36,86,569
kv_tile,36,87,526
kv_tile,36,88,581
kv_tile,36,89,551
kv_tile,36,90,589
kv_tile,36,91,554
kv_tile,36,92,585
kv_tile,36,93,538
kv_tile,36,94,578
kv_tile,36,95,596
kv_tile,36,96,635
kv_tile,36,97,577
kv_tile,36,98,616
kv_tile,36,99,619
kv_tile,36,100,577
kv_tile,36,101,643
kv_tile,36,102,615
kv_tile,36,103,617
kv_tile,36,104,582
kv_tile,36,105,646
kv_tile,36,106,668
kv_tile,36,107,616
kv_tile,36,108,693
kv_tile,36,109,746
kv_tile,36,110,694
kv_tile,36,111,769
kv_tile,36,112,790
kv_tile,36,113,788
kv_tile,36,114,858
kv_tile,36,115,894
kv_tile,36,116,948
kv_tile,36,117,930
kv_tile,36,118,1086
kv_tile,36,119,1176
kv_tile,36,120,1224
kv_tile,36,121,1330
kv_tile,36,122,1420
kv_tile,36,123,1614
kv_tile,36,124,1829
kv_tile,36,125,2250
kv_tile,36,126,2767
kv_tile,36,127,4231
kv_tile,36,128,18839
kv_tile,37,0,64090
kv_tile,37,1,15045
kv_tile,37,2,9104
kv_tile,37,3,6519
kv_tile,37,4,5226
kv_tile,37,5,4232
kv_tile,37,6,3417
kv_tile,37,7,3023
kv_tile,37,8,2737
kv_tile,37,9,2351
kv_tile,37,10,2102
kv_tile,37,11,1888
kv_tile,37,12,1728
kv_tile,37,13,1641
kv_tile,37,14,1476
kv_tile,37,15,1383
kv_tile,37,16,1221
kv_tile,37,17,1171
kv_tile,37,18,1185
kv_tile,37,19,1021
kv_tile,37,20,977
kv_tile,37,21,957
kv_tile,37,22,863
kv_tile,37,23,867
kv_tile,37,24,809
kv_tile,37,25,813
kv_tile,37,26,756
kv_tile,37,27,745
kv_tile,37,28,728
kv_tile,37,29,685
kv_tile,37,30,671
kv_tile,37,31,635
kv_tile,37,32,598
kv_tile,37,33,627
kv_tile,37,34,601
kv_tile,37,35,589
kv_tile,37,36,511
kv_tile,37,37,569
kv_tile,37,38,572
kv_tile,37,39,574
kv_tile,37,40,577
kv_tile,37,41,544
kv_tile,37,42,528
kv_tile,37,43,525
kv_tile,37,44,514
kv_tile,37,45,510
kv_tile,37,46,487
kv_tile,37,47,475
kv_tile,37,48,521
kv_tile,37,49,484
kv_tile,37,50,472
kv_tile,37,51,495
kv_tile,37,52,474
kv_tile,37,53,473
kv_tile,37,54,513
kv_tile,37,55,446
kv_tile,37,56,459
kv_tile,37,57,471
kv_tile,37,58,479
kv_tile,37,59,423
kv_tile,37,60,478
kv_tile,37,61,461
kv_tile,37,62,479
kv_tile,37,63,408
kv_tile,37,64,461
kv_tile,37,65,482
kv_tile,37,66,411
kv_tile,37,67,486
kv_tile,37,68,456
kv_tile,37,69,448
kv_tile,37,70,446
kv_tile,37,71,440
kv_tile,37,72,469
kv_tile,37,73,444
kv_tile,37,74,433
kv_tile,37,75,408
kv_tile,37,76,433
kv_tile,37,77,430
kv_tile,37,78,423
kv_tile,37,79,415
kv_tile,37,80,398
kv_tile,37,81,399
kv_tile,37,82,440
kv_tile,37,83,434
kv_tile,37,84,364
kv_tile,37,85,426
kv_tile,37,86,402
kv_tile,37,87,403
kv_tile,37,88,373
kv_tile,37,89,408
kv_tile,37,90,359
kv_tile,37,91,395
kv_tile,37,92,395
kv_tile,37,93,422
kv_tile,37,94,446
kv_tile,37,95,446
kv_tile,37,96,411
kv_tile,37,97,364
kv_tile,37,98,400
kv_tile,37,99,401
kv_tile,37,100,442
kv_tile,37,101,384
kv_tile,37,102,412
kv_tile,37,103,384
kv_tile,37,104,420
kv_tile,37,105,427
kv_tile,37,106,419
kv_tile,37,107,449
kv_tile,37,108,408
kv_tile,37,109,447
kv_tile,37,110,410
kv_tile,37,111,476
kv_tile,37,112,457
kv_tile,37,113,484
kv_tile,37,114,450
kv_tile,37,115,512
kv_tile,37,116,454
kv_tile,37,117,505
kv_tile,37,118,497
kv_tile,37,119,529
kv_tile,37,120,557
kv_tile,37,121,650
kv_tile,37,122,673
kv_tile,37,123,718
kv_tile,37,124,732
kv_tile,37,125,859
kv_tile,37,126,1217
kv_tile,37,127,1837
kv_tile,37,128,8825
kv_tile,38,0,50131
kv_tile,38,1,13912
kv_tile,38,2,9096
kv_tile,38,3,6630
kv_tile,38,4,5408
kv_tile,38,5,4522
kv_tile,38,6,3838
kv_tile,38,7,3350
kv_tile,38,8,2918
kv_tile,38,9,2653
kv_tile,38,10,2235
kv_tile,38,11,2153
kv_tile,38,12,1948
kv_tile,38,13,1758
kv_tile,38,14,1613
kv_tile,38,15,1475
kv_tile,38,16,1334
kv_tile,38,17,1245
kv_tile,38,18,1211
kv_tile,38,19,1178
kv_tile,38,20,1078
kv_tile,38,21,1070
kv_tile,38,22,933
kv_tile,38,23,883
kv_tile,38,24,895
kv_tile,38,25,828
kv_tile,38,26,808
kv_tile,38,27,735
kv_tile,38,28,758
kv_tile,38,29,720
kv_tile,38,30,694
kv_tile,38,31,690
kv_tile,38,32,633
kv_tile,38,33,622
kv_tile,38,34,609
kv_tile,38,35,620
kv_tile,38,36,641
kv_tile,38,37,601
kv_tile,38,38,569
kv_tile,38,39,555
kv_tile,38,40,565
kv_tile,38,41,568
kv_tile,38,42,522
kv_tile,38,43,466
kv_tile,38,44,493
kv_tile,38,45,505
kv_tile,38,46,504
kv_tile,38,47,500
kv_tile,38,48,494
kv_tile,38,49,527
kv_tile,38,50,484
kv_tile,38,51,504
kv_tile,38,52,461
kv_tile,38,53,429
kv_tile,38,54,504
kv_tile,38,55,463
kv_tile,38,56,474
kv_tile,38,57,447
kv_tile,38,58,478
kv_tile,38,59,449
kv_tile,38,60,439
kv_tile,38,61,492
kv_tile,38,62,431
kv_tile,38,63,462
kv_tile,38,64,504
kv_tile,38,65,482
kv_tile,38,66,465
kv_tile,38,67,449
kv_tile,38,68,418
kv_tile,38,69,424
kv_tile,38,70,397
kv_tile,38,71,441
kv_tile,38,72,394
kv_tile,38,73,398
kv_tile,38,74,394
kv_tile,38,75,368
kv_tile,38,76,404
kv_tile,38,77,366
kv_tile,38,78,410
kv_tile,38,79,427
kv_tile,38,80,366
kv_tile,38,81,395
kv_tile,38,82,396
kv_tile,38,83,433
kv_tile,38,84,404
kv_tile,38,85,406
kv_tile,38,86,398
kv_tile,38,87,402
kv_tile,38,88,397
kv_tile,38,89,427
kv_tile,38,90,370
kv_tile,38,91,448
kv_tile,38,92,387
kv_tile,38,93,445
kv_tile,38,94,399
kv_tile,38,95,446
kv_tile,38,96,470
kv_tile,38,97,423
kv_tile,38,98,460
kv_tile,38,99,470
kv_tile,38,100,438
kv_tile,38,101,418
kv_tile,38,102,449
kv_tile,38,103,458
kv_tile,38,104,460
kv_tile,38,105,501
kv_tile,38,106,502
kv_tile,38,107,491
kv_tile,38,108,492
kv_tile,38,109,503
kv_tile,38,110,507
kv_tile,38,111,531
kv_tile,38,112,524
kv_tile,38,113,543
kv_tile,38,114,579
kv_tile,38,115,546
kv_tile,38,116,624
kv_tile,38,117,696
kv_tile,38,118,696
kv_tile,38,119,790
kv_tile,38,120,801
kv_tile,38,121,930
kv_tile,38,122,972
kv_tile,38,123,1010
kv_tile,38,124,1167
kv_tile,38,125,1437
kv_tile,38,126,1807
kv_tile,38,127,2782
kv_tile,38,128,14660
kv_tile,39,0,30864
kv_tile,39,1,9519
kv_tile,39,2,6578
kv_tile,39,3,5255
kv_tile,39,4,4369
kv_tile,39,5,3774
kv_tile,39,6,3320
kv_tile,39,7,3110
kv_tile,39,8,2779
kv_tile,39,9,2638
kv_tile,39,10,2367
kv_tile,39,11,2186
kv_tile,39,12,2020
kv_tile,39,13,1937
kv_tile,39,14,1822
kv_tile,39,15,1747
kv_tile,39,16,1540
kv_tile,39,17,1636
kv_tile,39,18,1464
kv_tile,39,19,1392
kv_tile,39,20,1401
kv_tile,39,21,1349
kv_tile,39,22,1328
kv_tile,39,23,1255
kv_tile,39,24,1144
kv_tile,39,25,1172
kv_tile,39,26,1145
kv_tile,39,27,1088
kv_tile,39,28,1082
kv_tile,39,29,1059
kv_tile,39,30,1030
kv_tile,39,31,1013
kv_tile,39,32,1073
kv_tile,39,33,991
kv_tile,39,34,1006
kv_tile,39,35,935
kv_tile,39,36,910
kv_tile,39,37,866
kv_tile,39,38,950
kv_tile,39,39,871
kv_tile,39,40,910
kv_tile,39,41,885
kv_tile,39,42,835
kv_tile,39,43,908
kv_tile,39,44,800
kv_tile,39,45,802
kv_tile,39,46,866
kv_tile,39,47,797
kv_tile,39,48,779
kv_tile,39,49,810
kv_tile,39,50,786
kv_tile,39,51,769
kv_tile,39,52,762
kv_tile,39,53,758
kv_tile,39,54,761
kv_tile,39,55,742
kv_tile,39,56,736
kv_tile,39,57,747
kv_tile,39,58,752
kv_tile,39,59,807
kv_tile,39,60,776
kv_tile,39,61,712
kv_tile,39,62,684
kv_tile,39,63,719
kv_tile,39,64,721
kv_tile,39,65,712
kv_tile,39,66,680
kv_tile,39,67,687
kv_tile,39,68,692
kv_tile,39,69,749
kv_tile,39,70,730
kv_tile,39,71,710
kv_tile,39,72,693
kv_tile,39,73,733
kv_tile,39,74,672
kv_tile,39,75,701
kv_tile,39,76,709
kv_tile,39,77,710
kv_tile,39,78,653
kv_tile,39,79,682
kv_tile,39,80,712
kv_tile,39,81,685
kv_tile,39,82,665
kv_tile,39,83,677
kv_tile,39,84,620
kv_tile,39,85,664
kv_tile,39,86,677
kv_tile,39,87,688
kv_tile,39,88,698
kv_tile,39,89,692
kv_tile,39,90,674
kv_tile,39,91,635
kv_tile,39,92,637
kv_tile,39,93,654
kv_tile,39,94,678
kv_tile,39,95,677
kv_tile,39,96,675
kv_tile,39,97,674
kv_tile,39,98,665
kv_tile,39,99,605
kv_tile,39,100,648
kv_tile,39,101,641
kv_tile,39,102,694
kv_tile,39,103,723
kv_tile,39,104,656
kv_tile,39,105,625
kv_tile,39,106,673
kv_tile,39,107,626
kv_tile,39,108,703
kv_tile,39,109,661
kv_tile,39,110,761
kv_tile,39,111,745
kv_tile,39,112,775
kv_tile,39,113,757
kv_tile,39,114,794
kv_tile,39,115,851
kv_tile,39,116,826
kv_tile,39,117,899
kv_tile,39,118,952
kv_tile,39,119,918
kv_tile,39,120,1021
kv_tile,39,121,1091
kv_tile,39,122,1151
kv_tile,39,123,1163
kv_tile,39,124,1375
kv_tile,39,125,1585
kv_tile,39,126,1937
kv_tile,39,127,2902
kv_tile,39,128,13981
kv_tile,4,0,106671
kv_tile,4,1,12352
kv_tile,4,2,6702
kv_tile,4,3,4515
kv_tile,4,4,3515
kv_tile,4,5,2794
kv_tile,4,6,2334
kv_tile,4,7,1989
kv_tile,4,8,1799
kv_tile,4,9,1666
kv_tile,4,10,1398
kv_tile,4,11,1294
kv_tile,4,12,1241
kv_tile,4,13,1159
kv_tile,4,14,988
kv_tile,4,15,983
kv_tile,4,16,898
kv_tile,4,17,886
kv_tile,4,18,785
kv_tile,4,19,748
kv_tile,4,20,701
kv_tile,4,21,693
kv_tile,4,22,681
kv_tile,4,23,646
kv_tile,4,24,585
kv_tile,4,25,604
kv_tile,4,26,614
kv_tile,4,27,548
kv_tile,4,28,497
kv_tile,4,29,532
kv_tile,4,30,521
kv_tile,4,31,509
kv_tile,4,32,467
kv_tile,4,33,444
kv_tile,4,34,459
kv_tile,4,35,452
kv_tile,4,36,430
kv_tile,4,37,416
kv_tile,4,38,412
kv_tile,4,39,355
kv_tile,4,40,366
kv_tile,4,41,328
kv_tile,4,42,373
kv_tile,4,43,396
kv_tile,4,44,397
kv_tile,4,45,351
kv_tile,4,46,374
kv_tile,4,47,322
kv_tile,4,48,321
kv_tile,4,49,344
kv_tile,4,50,352
kv_tile,4,51,331
kv_tile,4,52,335
kv_tile,4,53,334
kv_tile,4,54,322
kv_tile,4,55,319
kv_tile,4,56,304
kv_tile,4,57,315
kv_tile,4,58,286
kv_tile,4,59,327
kv_tile,4,60,310
kv_tile,4,61,311
kv_tile,4,62,341
kv_tile,4,63,327
kv_tile,4,64,363
kv_tile,4,65,376
kv_tile,4,66,318
kv_tile,4,67,321
kv_tile,4,68,281
kv_tile,4,69,294
kv_tile,4,70,281
kv_tile,4,71,273
kv_tile,4,72,254
kv_tile,4,73,269
kv_tile,4,74,251
kv_tile,4,75,285
kv_tile,4,76,245
kv_tile,4,77,242
kv_tile,4,78,219
kv_tile,4,79,231
kv_tile,4,80,213
kv_tile,4,81,236
kv_tile,4,82,234
kv_tile,4,83,272
kv_tile,4,84,226
kv_tile,4,85,249
kv_tile,4,86,203
kv_tile,4,87,237
kv_tile,4,88,201
kv_tile,4,89,225
kv_tile,4,90,225
kv_tile,4,91,225
kv_tile,4,92,217
kv_tile,4,93,231
kv_tile,4,94,230
kv_tile,4,95,195
kv_tile,4,96,223
kv_tile,4,97,231
kv_tile,4,98,245
kv_tile,4,99,224
kv_tile,4,100,250
kv_tile,4,101,248
kv_tile,4,102,244
kv_tile,4,103,237
kv_tile,4,104,243
kv_tile,4,105,226
kv_tile,4,106,254
kv_tile,4,107,223
kv_tile,4,108,249
kv_tile,4,109,252
kv_tile,4,110,269
kv_tile,4,111,250
kv_tile,4,112,268
kv_tile,4,113,291
kv_tile,4,114,296
kv_tile,4,115,358
kv_tile,4,116,336
kv_tile,4,117,335
kv_tile,4,118,317
kv_tile,4,119,344
kv_tile,4,120,357
kv_tile,4,121,398
kv_tile,4,122,408
kv_tile,4,123,455
kv_tile,4,124,549
kv_tile,4,125,735
kv_tile,4,126,918
kv_tile,4,127,1322
kv_tile,4,128,3562
kv_tile,40,0,49559
kv_tile,40,1,11998
kv_tile,40,2,7543
kv_tile,40,3,5764
kv_tile,40,4,4501
kv_tile,40,5,3754
kv_tile,40,6,3271
kv_tile,40,7,2855
kv_tile,40,8,2525
kv_tile,40,9,2198
kv_tile,40,10,2019
kv_tile,40,11,1819
kv_tile,40,12,1641
kv_tile,40,13,1530
kv_tile,40,14,1400
kv_tile,40,15,1280
kv_tile,40,16,1177
kv_tile,40,17,1127
kv_tile,40,18,1063
kv_tile,40,19,997
kv_tile,40,20,915
kv_tile,40,21,869
kv_tile,40,22,875
kv_tile,40,23,750
kv_tile,40,24,729
kv_tile,40,25,697
kv_tile,40,26,709
kv_tile,40,27,708
kv_tile,40,28,680
kv_tile,40,29,642
kv_tile,40,30,625
kv_tile,40,31,564
kv_tile,40,32,566
kv_tile,40,33,603
kv_tile,40,34,540
kv_tile,40,35,508
kv_tile,40,36,483
kv_tile,40,37,511
kv_tile,40,38,509
kv_tile,40,39,431
kv_tile,40,40,473
kv_tile,40,41,468
kv_tile,40,42,428
kv_tile,40,43,485
kv_tile,40,44,436
kv_tile,40,45,469
kv_tile,40,46,440
kv_tile,40,47,436
kv_tile,40,48,418
kv_tile,40,49,460
kv_tile,40,50,403
kv_tile,40,51,433
kv_tile,40,52,404
kv_tile,40,53,443
kv_tile,40,54,423
kv_tile,40,55,435
kv_tile,40,56,406
kv_tile,40,57,387
kv_tile,40,58,457
kv_tile,40,59,416
kv_tile,40,60,390
kv_tile,40,61,431
kv_tile,40,62,419
kv_tile,40,63,463
kv_tile,40,64,421
kv_tile,40,65,434
kv_tile,40,66,382
kv_tile,40,67,428
kv_tile,40,68,348
kv_tile,40,69,400
kv_tile,40,70,366
kv_tile,40,71,359
kv_tile,40,72,389
kv_tile,40,73,414
kv_tile,40,74,409
kv_tile,40,75,386
kv_tile,40,76,404
kv_tile,40,77,369
kv_tile,40,78,376
kv_tile,40,79,342
kv_tile,40,80,388
kv_tile,40,81,396
kv_tile,40,82,388
kv_tile,40,83,423
kv_tile,40,84,393
kv_tile,40,85,439
kv_tile,40,86,396
kv_tile,40,87,391
kv_tile,40,88,428
kv_tile,40,89,439
kv_tile,40,90,423
kv_tile,40,91,463
kv_tile,40,92,457
kv_tile,40,93,418
kv_tile,40,94,414
kv_tile,40,95,472
kv_tile,40,96,479
kv_tile,40,97,479
kv_tile,40,98,502
kv_tile,40,99,476
kv_tile,40,100,490
kv_tile,40,101,511
kv_tile,40,102,532
kv_tile,40,103,522
kv_tile,40,104,571
kv_tile,40,105,533
kv_tile,40,106,560
kv_tile,40,107,551
kv_tile,40,108,614
kv_tile,40,109,613
kv_tile,40,110,598
kv_tile,40,111,746
kv_tile,40,112,784
kv_tile,40,113,752
kv_tile,40,114,789
kv_tile,40,115,814
kv_tile,40,116,892
kv_tile,40,117,953
kv_tile,40,118,960
kv_tile,40,119,1051
kv_tile,40,120,1104
kv_tile,40,121,1330
kv_tile,40,122,1440
kv_tile,40,123,1557
kv_tile,40,124,1853
kv_tile,40,125,2245
kv_tile,40,126,2831
kv_tile,40,127,4343
kv_tile,40,128,19820
kv_tile,41,0,63886
kv_tile,41,1,13410
kv_tile,41,2,8220
kv_tile,41,3,5979
kv_tile,41,4,4769
kv_tile,41,5,3818
kv_tile,41,6,3369
kv_tile,41,7,2928
kv_tile,41,8,2639
kv_tile,41,9,2329
kv_tile,41,10,2063
kv_tile,41,11,1841
kv_tile,41,12,1684
kv_tile,41,13,1468
kv_tile,41,14,1495
kv_tile,41,15,1350
kv_tile,41,16,1219
kv_tile,41,17,1196
kv_tile,41,18,1047
kv_tile,41,19,1009
kv_tile,41,20,1001
kv_tile,41,21,964
kv_tile,41,22,927
kv_tile,41,23,891
kv_tile,41,24,812
kv_tile,41,25,780
kv_tile,41,26,743
kv_tile,41,27,728
kv_tile,41,28,688
kv_tile,41,29,690
kv_tile,41,30,684
kv_tile,41,31,652
kv_tile,41,32,604
kv_tile,41,33,648
kv_tile,41,34,621
kv_tile,41,35,616
kv_tile,41,36,636
kv_tile,41,37,598
kv_tile,41,38,549
kv_tile,41,39,562
kv_tile,41,40,504
kv_tile,41,41,559
kv_tile,41,42,548
kv_tile,41,43,523
kv_tile,41,44,525
kv_tile,41,45,513
kv_tile,41,46,501
kv_tile,41,47,490
kv_tile,41,48,487
kv_tile,41,49,497
kv_tile,41,50,507
kv_tile,41,51,471
kv_tile,41,52,520
kv_tile,41,53,486
kv_tile,41,54,488
kv_tile,41,55,482
kv_tile,41,56,502
kv_tile,41,57,446
kv_tile,41,58,457
kv_tile,41,59,499
kv_tile,41,60,454
kv_tile,41,61,486
kv_tile,41,62,450
kv_tile,41,63,416
kv_tile,41,64,455
kv_tile,41,65,492
kv_tile,41,66,504
kv_tile,41,67,460
kv_tile,41,68,451
kv_tile,41,69,460
kv_tile,41,70,458
kv_tile,41,71,440
kv_tile,41,72,466
kv_tile,41,73,457
kv_tile,41,74,461
kv_tile,41,75,423
kv_tile,41,76,444
kv_tile,41,77,452
kv_tile,41,78,421
kv_tile,41,79,388
kv_tile,41,80,399
kv_tile,41,81,376
kv_tile,41,82,424
kv_tile,41,83,415
kv_tile,41,84,436
kv_tile,41,85,455
kv_tile,41,86,410
kv_tile,41,87,390
kv_tile,41,88,414
kv_tile,41,89,407
kv_tile,41,90,421
kv_tile,41,91,414
kv_tile,41,92,397
kv_tile,41,93,411
kv_tile,41,94,410
kv_tile,41,95,408
kv_tile,41,96,382
kv_tile,41,97,370
kv_tile,41,98,370
kv_tile,41,99,397
kv_tile,41,100,392
kv_tile,41,101,429
kv_tile,41,102,415
kv_tile,41,103,433
kv_tile,41,104,421
kv_tile,41,105,377
kv_tile,41,106,403
kv_tile,41,107,468
kv_tile,41,108,443
kv_tile,41,109,414
kv_tile,41,110,464
kv_tile,41,111,473
kv_tile,41,112,471
kv_tile,41,113,494
kv_tile,41,114,486
kv_tile,41,115,510
kv_tile,41,116,503
kv_tile,41,117,611
kv_tile,41,118,567
kv_tile,41,119,621
kv_tile,41,120,606
kv_tile,41,121,620
kv_tile,41,122,722
kv_tile,41,123,739
kv_tile,41,124,886
kv_tile,41,125,1039
kv_tile,41,126,1305
kv_tile,41,127,1968
kv_tile,41,128,12066
kv_tile,42,0,21831
kv_tile,42,1,7425
kv_tile,42,2,5335
kv_tile,42,3,4184
kv_tile,42,4,3703
kv_tile,42,5,3403
kv_tile,42,6,3143
kv_tile,42,7,2917
kv_tile,42,8,2638
kv_tile,42,9,2562
kv_tile,42,10,2412
kv_tile,42,11,2237
kv_tile,42,12,2182
kv_tile,42,13,2135
kv_tile,42,14,2009
kv_tile,42,15,1868
kv_tile,42,16,1772
kv_tile,42,17,1680
kv_tile,42,18,1639
kv_tile,42,19,1666
kv_tile,42,20,1485
kv_tile,42,21,1451
kv_tile,42,22,1432
kv_tile,42,23,1410
kv_tile,42,24,1370
kv_tile,42,25,1262
kv_tile,42,26,1299
kv_tile,42,27,1175
kv_tile,42,28,1144
kv_tile,42,29,1191
kv_tile,42,30,1096
kv_tile,42,31,1157
kv_tile,42,32,1117
kv_tile,42,33,1069
kv_tile,42,34,1057
kv_tile,42,35,1042
kv_tile,42,36,1009
kv_tile,42,37,991
kv_tile,42,38,903
kv_tile,42,39,936
kv_tile,42,40,915
kv_tile,42,41,911
kv_tile,42,42,849
kv_tile,42,43,862
kv_tile,42,44,845
kv_tile,42,45,820
kv_tile,42,46,850
kv_tile,42,47,841
kv_tile,42,48,811
kv_tile,42,49,826
kv_tile,42,50,758
kv_tile,42,51,756
kv_tile,42,52,772
kv_tile,42,53,753
kv_tile,42,54,750
kv_tile,42,55,748
kv_tile,42,56,774
kv_tile,42,57,759
kv_tile,42,58,663
kv_tile,42,59,711
kv_tile,42,60,806
kv_tile,42,61,765
kv_tile,42,62,735
kv_tile,42,63,780
kv_tile,42,64,765
kv_tile,42,65,769
kv_tile,42,66,770
kv_tile,42,67,747
kv_tile,42,68,707
kv_tile,42,69,713
kv_tile,42,70,689
kv_tile,42,71,704
kv_tile,42,72,655
kv_tile,42,73,659
kv_tile,42,74,669
kv_tile,42,75,670
kv_tile,42,76,700
kv_tile,42,77,671
kv_tile,42,78,685
kv_tile,42,79,692
kv_tile,42,80,736
kv_tile,42,81,654
kv_tile,42,82,669
kv_tile,42,83,660
kv_tile,42,84,672
kv_tile,42,85,713
kv_tile,42,86,696
kv_tile,42,87,649
kv_tile,42,88,682
kv_tile,42,89,671
kv_tile,42,90,702
kv_tile,42,91,686
kv_tile,42,92,721
kv_tile,42,93,667
kv_tile,42,94,698
kv_tile,42,95,690
kv_tile,42,96,697
kv_tile,42,97,684
kv_tile,42,98,689
kv_tile,42,99,717
kv_tile,42,100,732
kv_tile,42,101,730
kv_tile,42,102,684
kv_tile,42,103,712
kv_tile,42,104,714
kv_tile,42,105,779
kv_tile,42,106,763
kv_tile,42,107,760
kv_tile,42,108,783
kv_tile,42,109,810
kv_tile,42,110,835
kv_tile,42,111,840
kv_tile,42,112,894
kv_tile,42,113,911
kv_tile,42,114,939
kv_tile,42,115,1040
kv_tile,42,116,979
kv_tile,42,117,1027
kv_tile,42,118,1112
kv_tile,42,119,1173
kv_tile,42,120,1325
kv_tile,42,121,1349
kv_tile,42,122,1485
kv_tile,42,123,1563
kv_tile,42,124,1845
kv_tile,42,125,2176
kv_tile,42,126,2726
kv_tile,42,127,3982
kv_tile,42,128,18525
kv_tile,43,0,48804
kv_tile,43,1,14132
kv_tile,43,2,9491
kv_tile,43,3,7307
kv_tile,43,4,5886
kv_tile,43,5,4967
kv_tile,43,6,4299
kv_tile,43,7,3792
kv_tile,43,8,3230
kv_tile,43,9,3006
kv_tile,43,10,2696
kv_tile,43,11,2570
kv_tile,43,12,2175
kv_tile,43,13,2150
kv_tile,43,14,1846
kv_tile,43,15,1700
kv_tile,43,16,1483
kv_tile,43,17,1426
kv_tile,43,18,1310
kv_tile,43,19,1250
kv_tile,43,20,1219
kv_tile,43,21,1160
kv_tile,43,22,1103
kv_tile,43,23,998
kv_tile,43,24,970
kv_tile,43,25,878
kv_tile,43,26,885
kv_tile,43,27,833
kv_tile,43,28,807
kv_tile,43,29,796
kv_tile,43,30,766
kv_tile,43,31,771
kv_tile,43,32,756
kv_tile,43,33,770
kv_tile,43,34,655
kv_tile,43,35,617
kv_tile,43,36,693
kv_tile,43,37,625
kv_tile,43,38,612
kv_tile,43,39,621
kv_tile,43,40,628
kv_tile,43,41,568
kv_tile,43,42,597
kv_tile,43,43,592
kv_tile,43,44,583
kv_tile,43,45,530
kv_tile,43,46,508
kv_tile,43,47,570
kv_tile,43,48,515
kv_tile,43,49,543
kv_tile,43,50,510
kv_tile,43,51,481
kv_tile,43,52,510
kv_tile,43,53,489
kv_tile,43,54,536
kv_tile,43,55,513
kv_tile,43,56,504
kv_tile,43,57,464
kv_tile,43,58,489
kv_tile,43,59,545
kv_tile,43,60,504
kv_tile,43,61,518
kv_tile,43,62,466
kv_tile,43,63,516
kv_tile,43,64,480
kv_tile,43,65,513
kv_tile,43,66,500
kv_tile,43,67,484
kv_tile,43,68,516
kv_tile,43,69,492
kv_tile,43,70,487
kv_tile,43,71,495
kv_tile,43,72,495
kv_tile,43,73,436
kv_tile,43,74,444
kv_tile,43,75,457
kv_tile,43,76,434
kv_tile,43,77,464
kv_tile,43,78,447
kv_tile,43,79,428
kv_tile,43,80,426
kv_tile,43,81,440
kv_tile,43,82,467
kv_tile,43,83,457
kv_tile,43,84,457
kv_tile,43,85,438
kv_tile,43,86,442
kv_tile,43,87,388
kv_tile,43,88,479
kv_tile,43,89,456
kv_tile,43,90,455
kv_tile,43,91,434
kv_tile,43,92,426
kv_tile,43,93,427
kv_tile,43,94,448
kv_tile,43,95,439
kv_tile,43,96,411
kv_tile,43,97,427
kv_tile,43,98,421
kv_tile,43,99,416
kv_tile,43,100,441
kv_tile,43,101,478
kv_tile,43,102,441
kv_tile,43,103,470
kv_tile,43,104,464
kv_tile,43,105,447
kv_tile,43,106,443
kv_tile,43,107,524
kv_tile,43,108,489
kv_tile,43,109,535
kv_tile,43,110,513
kv_tile,43,111,469
kv_tile,43,112,517
kv_tile,43,113,546
kv_tile,43,114,566
kv_tile,43,115,554
kv_tile,43,116,593
kv_tile,43,117,600
kv_tile,43,118,626
kv_tile,43,119,630
kv_tile,43,120,665
kv_tile,43,121,711
kv_tile,43,122,770
kv_tile,43,123,788
kv_tile,43,124,923
kv_tile,43,125,1075
kv_tile,43,126,1432
kv_tile,43,127,1873
kv_tile,43,128,8965
kv_tile,44,0,43413
kv_tile,44,1,11325
kv_tile,44,2,7206
kv_tile,44,3,5564
kv_tile,44,4,4531
kv_tile,44,5,3810
kv_tile,44,6,3288
kv_tile,44,7,2839
kv_tile,44,8,2598
kv_tile,44,9,2483
kv_tile,44,10,2277
kv_tile,44,11,2001
kv_tile,44,12,1868
kv_tile,44,13,1705
kv_tile,44,14,1640
kv_tile,44,15,1538
kv_tile,44,16,1510
kv_tile,44,17,1363
kv_tile,44,18,1300
kv_tile,44,19,1304
kv_tile,44,20,1220
kv_tile,44,21,1211
kv_tile,44,22,1241
kv_tile,44,23,1139
kv_tile,44,24,1125
kv_tile,44,25,1006
kv_tile,44,26,1045
kv_tile,44,27,1002
kv_tile,44,28,1029
kv_tile,44,29,990
kv_tile,44,30,940
kv_tile,44,31,969
kv_tile,44,32,883
kv_tile,44,33,927
kv_tile,44,34,851
kv_tile,44,35,853
kv_tile,44,36,806
kv_tile,44,37,821
kv_tile,44,38,778
kv_tile,44,39,821
kv_tile,44,40,794
kv_tile,44,41,771
kv_tile,44,42,774
kv_tile,44,43,757
kv_tile,44,44,751
kv_tile,44,45,799
kv_tile,44,46,742
kv_tile,44,47,725
kv_tile,44,48,760
kv_tile,44,49,677
kv_tile,44,50,675
kv_tile,44,51,685
kv_tile,44,52,690
kv_tile,44,53,638
kv_tile,44,54,711
kv_tile,44,55,617
kv_tile,44,56,657
kv_tile,44,57,685
kv_tile,44,58,665
kv_tile,44,59,628
kv_tile,44,60,623
kv_tile,44,61,628
kv_tile,44,62,676
kv_tile,44,63,714
kv_tile,44,64,764
kv_tile,44,65,643
kv_tile,44,66,648
kv_tile,44,67,649
kv_tile,44,68,583
kv_tile,44,69,595
kv_tile,44,70,585
kv_tile,44,71,590
kv_tile,44,72,600
kv_tile,44,73,608
kv_tile,44,74,560
kv_tile,44,75,550
kv_tile,44,76,545
kv_tile,44,77,538
kv_tile,44,78,526
kv_tile,44,79,545
kv_tile,44,80,533
kv_tile,44,81,590
kv_tile,44,82,549
kv_tile,44,83,545
kv_tile,44,84,528
kv_tile,44,85,603
kv_tile,44,86,512
kv_tile,44,87,572
kv_tile,44,88,554
kv_tile,44,89,529
kv_tile,44,90,506
kv_tile,44,91,554
kv_tile,44,92,496
kv_tile,44,93,575
kv_tile,44,94,557
kv_tile,44,95,557
kv_tile,44,96,541
kv_tile,44,97,514
kv_tile,44,98,502
kv_tile,44,99,513
kv_tile,44,100,552
kv_tile,44,101,524
kv_tile,44,102,560
kv_tile,44,103,542
kv_tile,44,104,526
kv_tile,44,105,535
kv_tile,44,106,527
kv_tile,44,107,561
kv_tile,44,108,580
kv_tile,44,109,588
kv_tile,44,110,583
kv_tile,44,111,622
kv_tile,44,112,629
kv_tile,44,113,628
kv_tile,44,114,643
kv_tile,44,115,640
kv_tile,44,116,683
kv_tile,44,117,773
kv_tile,44,118,762
kv_tile,44,119,777
kv_tile,44,120,749
kv_tile,44,121,893
kv_tile,44,122,924
kv_tile,44,123,989
kv_tile,44,124,1165
kv_tile,44,125,1347
kv_tile,44,126,1761
kv_tile,44,127,2615
kv_tile,44,128,13509
kv_tile,45,0,39227
kv_tile,45,1,11405
kv_tile,45,2,7825
kv_tile,45,3,6056
kv_tile,45,4,5066
kv_tile,45,5,4441
kv_tile,45,6,3975
kv_tile,45,7,3590
kv_tile,45,8,3200
kv_tile,45,9,3051
kv_tile,45,10,2597
kv_tile,45,11,2442
kv_tile,45,12,2236
kv_tile,45,13,2041
kv_tile,45,14,1969
kv_tile,45,15,1942
kv_tile,45,16,1714
kv_tile,45,17,1615
kv_tile,45,18,1461
kv_tile,45,19,1429
kv_tile,45,20,1311
kv_tile,45,21,1357
kv_tile,45,22,1189
kv_tile,45,23,1116
kv_tile,45,24,1073
kv_tile,45,25,1008
kv_tile,45,26,949
kv_tile,45,27,945
kv_tile,45,28,869
kv_tile,45,29,929
kv_tile,45,30,818
kv_tile,45,31,795
kv_tile,45,32,746
kv_tile,45,33,791
kv_tile,45,34,728
kv_tile,45,35,666
kv_tile,45,36,658
kv_tile,45,37,688
kv_tile,45,38,663
kv_tile,45,39,659
kv_tile,45,40,579
kv_tile,45,41,545
kv_tile,45,42,526
kv_tile,45,43,520
kv_tile,45,44,567
kv_tile,45,45,580
kv_tile,45,46,516
kv_tile,45,47,470
kv_tile,45,48,484
kv_tile,45,49,505
kv_tile,45,50,469
kv_tile,45,51,489
kv_tile,45,52,404
kv_tile,45,53,437
kv_tile,45,54,435
kv_tile,45,55,383
kv_tile,45,56,378
kv_tile,45,57,400
kv_tile,45,58,441
kv_tile,45,59,407
kv_tile,45,60,404
kv_tile,45,61,399
kv_tile,45,62,411
kv_tile,45,63,423
kv_tile,45,64,400
kv_tile,45,65,401
kv_tile,45,66,423
kv_tile,45,67,405
kv_tile,45,68,396
kv_tile,45,69,409
kv_tile,45,70,390
kv_tile,45,71,416
kv_tile,45,72,362
kv_tile,45,73,393
kv_tile,45,74,348
kv_tile,45,75,372
kv_tile,45,76,391
kv_tile,45,77,420
kv_tile,45,78,364
kv_tile,45,79,401
kv_tile,45,80,405
kv_tile,45,81,375
kv_tile,45,82,387
kv_tile,45,83,386
kv_tile,45,84,428
kv_tile,45,85,393
kv_tile,45,86,431
kv_tile,45,87,405
kv_tile,45,88,448
kv_tile,45,89,449
kv_tile,45,90,410
kv_tile,45,91,420
kv_tile,45,92,428
kv_tile,45,93,432
kv_tile,45,94,434
kv_tile,45,95,437
kv_tile,45,96,457
kv_tile,45,97,473
kv_tile,45,98,449
kv_tile,45,99,499
kv_tile,45,100,516
kv_tile,45,101,467
kv_tile,45,102,540
kv_tile,45,103,536
kv_tile,45,104,528
kv_tile,45,105,537
kv_tile,45,106,529
kv_tile,45,107,586
kv_tile,45,108,537
kv_tile,45,109,621
kv_tile,45,110,633
kv_tile,45,111,639
kv_tile,45,112,641
kv_tile,45,113,720
kv_tile,45,114,718
kv_tile,45,115,746
kv_tile,45,116,778
kv_tile,45,117,833
kv_tile,45,118,852
kv_tile,45,119,979
kv_tile,45,120,971
kv_tile,45,121,1062
kv_tile,45,122,1187
kv_tile,45,123,1188
kv_tile,45,124,1460
kv_tile,45,125,1883
kv_tile,45,126,2270
kv_tile,45,127,3629
kv_tile,45,128,18773
kv_tile,46,0,50261
kv_tile,46,1,13012
kv_tile,46,2,8705
kv_tile,46,3,6597
kv_tile,46,4,5409
kv_tile,46,5,4622
kv_tile,46,6,4065
kv_tile,46,7,3678
kv_tile,46,8,3293
kv_tile,46,9,2940
kv_tile,46,10,2674
kv_tile,46,11,2499
kv_tile,46,12,2384
kv_tile,46,13,2224
kv_tile,46,14,1931
kv_tile,46,15,1860
kv_tile,46,16,1681
kv_tile,46,17,1690
kv_tile,46,18,1533
kv_tile,46,19,1487
kv_tile,46,20,1391
kv_tile,46,21,1310
kv_tile,46,22,1288
kv_tile,46,23,1188
kv_tile,46,24,1120
kv_tile,46,25,1029
kv_tile,46,26,1000
kv_tile,46,27,1044
kv_tile,46,28,899
kv_tile,46,29,923
kv_tile,46,30,891
kv_tile,46,31,874
kv_tile,46,32,816
kv_tile,46,33,807
kv_tile,46,34,749
kv_tile,46,35,760
kv_tile,46,36,737
kv_tile,46,37,701
kv_tile,46,38,686
kv_tile,46,39,654
kv_tile,46,40,673
kv_tile,46,41,639
kv_tile,46,42,619
kv_tile,46,43,667
kv_tile,46,44,644
kv_tile,46,45,636
kv_tile,46,46,618
kv_tile,46,47,540
kv_tile,46,48,559
kv_tile,46,49,583
kv_tile,46,50,530
kv_tile,46,51,528
kv_tile,46,52,579
kv_tile,46,53,517
kv_tile,46,54,528
kv_tile,46,55,542
kv_tile,46,56,495
kv_tile,46,57,515
kv_tile,46,58,514
kv_tile,46,59,531
kv_tile,46,60,568
kv_tile,46,61,553
kv_tile,46,62,549
kv_tile,46,63,543
kv_tile,46,64,556
kv_tile,46,65,617
kv_tile,46,66,533
kv_tile,46,67,505
kv_tile,46,68,497
kv_tile,46,69,486
kv_tile,46,70,494
kv_tile,46,71,498
kv_tile,46,72,446
kv_tile,46,73,464
kv_tile,46,74,456
kv_tile,46,75,472
kv_tile,46,76,420
kv_tile,46,77,424
kv_tile,46,78,460
kv_tile,46,79,448
kv_tile,46,80,471
kv_tile,46,81,432
kv_tile,46,82,390
kv_tile,46,83,412
kv_tile,46,84,472
kv_tile,46,85,481
kv_tile,46,86,425
kv_tile,46,87,454
kv_tile,46,88,388
kv_tile,46,89,397
kv_tile,46,90,446
kv_tile,46,91,448
kv_tile,46,92,412
kv_tile,46,93,435
kv_tile,46,94,418
kv_tile,46,95,386
kv_tile,46,96,454
kv_tile,46,97,438
kv_tile,46,98,481
kv_tile,46,99,450
kv_tile,46,100,455
kv_tile,46,101,399
kv_tile,46,102,389
kv_tile,46,103,428
kv_tile,46,104,427
kv_tile,46,105,472
kv_tile,46,106,436
kv_tile,46,107,441
kv_tile,46,108,447
kv_tile,46,109,433
kv_tile,46,110,463
kv_tile,46,111,479
kv_tile,46,112,508
kv_tile,46,113,451
kv_tile,46,114,524
kv_tile,46,115,500
kv_tile,46,116,509
kv_tile,46,117,577
kv_tile,46,118,538
kv_tile,46,119,589
kv_tile,46,120,623
kv_tile,46,121,588
kv_tile,46,122,672
kv_tile,46,123,725
kv_tile,46,124,873
kv_tile,46,125,997
kv_tile,46,126,1206
kv_tile,46,127,1930
kv_tile,46,128,7981
kv_tile,47,0,29176
kv_tile,47,1,9620
kv_tile,47,2,6878
kv_tile,47,3,5405
kv_tile,47,4,4877
kv_tile,47,5,3989
kv_tile,47,6,3780
kv_tile,47,7,3397
kv_tile,47,8,3188
kv_tile,47,9,2831
kv_tile,47,10,2622
kv_tile,47,11,2419
kv_tile,47,12,2249
kv_tile,47,13,2197
kv_tile,47,14,1982
kv_tile,47,15,1840
kv_tile,47,16,1834
kv_tile,47,17,1712
kv_tile,47,18,1584
kv_tile,47,19,1575
kv_tile,47,20,1396
kv_tile,47,21,1423
kv_tile,47,22,1390
kv_tile,47,23,1213
kv_tile,47,24,1165
kv_tile,47,25,1151
kv_tile,47,26,1079
kv_tile,47,27,1007
kv_tile,47,28,1032
kv_tile,47,29,941
kv_tile,47,30,919
kv_tile,47,31,839
kv_tile,47,32,819
kv_tile,47,33,785
kv_tile,47,34,760
kv_tile,47,35,756
kv_tile,47,36,722
kv_tile,47,37,678
kv_tile,47,38,714
kv_tile,47,39,615
kv_tile,47,40,599
kv_tile,47,41,602
kv_tile,47,42,585
kv_tile,47,43,584
kv_tile,47,44,547
kv_tile,47,45,542
kv_tile,47,46,571
kv_tile,47,47,524
kv_tile,47,48,514
kv_tile,47,49,495
kv_tile,47,50,510
kv_tile,47,51,488
kv_tile,47,52,480
kv_tile,47,53,480
kv_tile,47,54,448
kv_tile,47,55,483
kv_tile,47,56,443
kv_tile,47,57,449
kv_tile,47,58,440
kv_tile,47,59,445
kv_tile,47,60,438
kv_tile,47,61,443
kv_tile,47,62,421
kv_tile,47,63,419
kv_tile,47,64,439
kv_tile,47,65,405
kv_tile,47,66,390
kv_tile,47,67,385
kv_tile,47,68,422
kv_tile,47,69,408
kv_tile,47,70,410
kv_tile,47,71,372
kv_tile,47,72,393
kv_tile,47,73,393
kv_tile,47,74,361
kv_tile,47,75,392
kv_tile,47,76,412
kv_tile,47,77,373
kv_tile,47,78,395
kv_tile,47,79,416
kv_tile,47,80,406
kv_tile,47,81,402
kv_tile,47,82,410
kv_tile,47,83,387
kv_tile,47,84,369
kv_tile,47,85,411
kv_tile,47,86,419
kv_tile,47,87,467
kv_tile,47,88,424
kv_tile,47,89,430
kv_tile,47,90,428
kv_tile,47,91,473
kv_tile,47,92,411
kv_tile,47,93,417
kv_tile,47,94,447
kv_tile,47,95,492
kv_tile,47,96,454
kv_tile,47,97,474
kv_tile,47,98,476
kv_tile,47,99,462
kv_tile,47,100,499
kv_tile,47,101,482
kv_tile,47,102,523
kv_tile,47,103,491
kv_tile,47,104,506
kv_tile,47,105,522
kv_tile,47,106,582
kv_tile,47,107,602
kv_tile,47,108,618
kv_tile,47,109,589
kv_tile,47,110,624
kv_tile,47,111,669
kv_tile,47,112,716
kv_tile,47,113,720
kv_tile,47,114,769
kv_tile,47,115,823
kv_tile,47,116,797
kv_tile,47,117,992
kv_tile,47,118,1034
kv_tile,47,119,1113
kv_tile,47,120,1202
kv_tile,47,121,1343
kv_tile,47,122,1503
kv_tile,47,123,1716
kv_tile,47,124,1948
kv_tile,47,125,2443
kv_tile,47,126,3147
kv_tile,47,127,5057
kv_tile,47,128,25044
kv_tile,48,0,27377
kv_tile,48,1,9524
kv_tile,48,2,6674
kv_tile,48,3,5280
kv_tile,48,4,4372
kv_tile,48,5,4025
kv_tile,48,6,3692
kv_tile,48,7,3300
kv_tile,48,8,3031
kv_tile,48,9,2856
kv_tile,48,10,2583
kv_tile,48,11,2449
kv_tile,48,12,2296
kv_tile,48,13,2199
kv_tile,48,14,2191
kv_tile,48,15,2031
kv_tile,48,16,1882
kv_tile,48,17,1786
kv_tile,48,18,1648
kv_tile,48,19,1646
kv_tile,48,20,1603
kv_tile,48,21,1436
kv_tile,48,22,1404
kv_tile,48,23,1371
kv_tile,48,24,1285
kv_tile,48,25,1332
kv_tile,48,26,1226
kv_tile,48,27,1173
kv_tile,48,28,1154
kv_tile,48,29,1097
kv_tile,48,30,1055
kv_tile,48,31,1088
kv_tile,48,32,1138
kv_tile,48,33,1083
kv_tile,48,34,980
kv_tile,48,35,916
kv_tile,48,36,932
kv_tile,48,37,939
kv_tile,48,38,983
kv_tile,48,39,890
kv_tile,48,40,850
kv_tile,48,41,847
kv_tile,48,42,782
kv_tile,48,43,839
kv_tile,48,44,858
kv_tile,48,45,728
kv_tile,48,46,784
kv_tile,48,47,837
kv_tile,48,48,756
kv_tile,48,49,762
kv_tile,48,50,786
kv_tile,48,51,747
kv_tile,48,52,711
kv_tile,48,53,727
kv_tile,48,54,765
kv_tile,48,55,720
kv_tile,48,56,745
kv_tile,48,57,716
kv_tile,48,58,757
kv_tile,48,59,709
kv_tile,48,60,735
kv_tile,48,61,725
kv_tile,48,62,731
kv_tile,48,63,750
kv_tile,48,64,814
kv_tile,48,65,703
kv_tile,48,66,746
kv_tile,48,67,726
kv_tile,48,68,667
kv_tile,48,69,663
kv_tile,48,70,715
kv_tile,48,71,750
kv_tile,48,72,686
kv_tile,48,73,665
kv_tile,48,74,671
kv_tile,48,75,601
kv_tile,48,76,671
kv_tile,48,77,627
kv_tile,48,78,604
kv_tile,48,79,693
kv_tile,48,80,649
kv_tile,48,81,620
kv_tile,48,82,603
kv_tile,48,83,699
kv_tile,48,84,643
kv_tile,48,85,649
kv_tile,48,86,648
kv_tile,48,87,684
kv_tile,48,88,638
kv_tile,48,89,711
kv_tile,48,90,647
kv_tile,48,91,623
kv_tile,48,92,708
kv_tile,48,93,666
kv_tile,48,94,670
kv_tile,48,95,678
kv_tile,48,96,701
kv_tile,48,97,698
kv_tile,48,98,700
kv_tile,48,99,670
kv_tile,48,100,732
kv_tile,48,101,719
kv_tile,48,102,724
kv_tile,48,103,729
kv_tile,48,104,753
kv_tile,48,105,735
kv_tile,48,106,734
kv_tile,48,107,789
kv_tile,48,108,775
kv_tile,48,109,754
kv_tile,48,110,783
kv_tile,48,111,823
kv_tile,48,112,796
kv_tile,48,113,810
kv_tile,48,114,839
kv_tile,48,115,855
kv_tile,48,116,984
kv_tile,48,117,928
kv_tile,48,118,925
kv_tile,48,119,922
kv_tile,48,120,1068
kv_tile,48,121,1083
kv_tile,48,122,1114
kv_tile,48,123,1204
kv_tile,48,124,1434
kv_tile,48,125,1627
kv_tile,48,126,1971
kv_tile,48,127,2759
kv_tile,48,128,11638
kv_tile,49,0,41416
kv_tile,49,1,12119
kv_tile,49,2,8147
kv_tile,49,3,6184
kv_tile,49,4,5233
kv_tile,49,5,4372
kv_tile,49,6,4080
kv_tile,49,7,3675
kv_tile,49,8,3149
kv_tile,49,9,2958
kv_tile,49,10,2764
kv_tile,49,11,2475
kv_tile,49,12,2452
kv_tile,49,13,2141
kv_tile,49,14,2114
kv_tile,49,15,1911
kv_tile,49,16,1742
kv_tile,49,17,1719
kv_tile,49,18,1624
kv_tile,49,19,1553
kv_tile,49,20,1487
kv_tile,49,21,1402
kv_tile,49,22,1317
kv_tile,49,23,1276
kv_tile,49,24,1152
kv_tile,49,25,1040
kv_tile,49,26,1062
kv_tile,49,27,1032
kv_tile,49,28,995
kv_tile,49,29,946
kv_tile,49,30,965
kv_tile,49,31,899
kv_tile,49,32,907
kv_tile,49,33,849
kv_tile,49,34,856
kv_tile,49,35,788
kv_tile,49,36,723
kv_tile,49,37,765
kv_tile,49,38,712
kv_tile,49,39,710
kv_tile,49,40,694
kv_tile,49,41,662
kv_tile,49,42,645
kv_tile,49,43,589
kv_tile,49,44,580
kv_tile,49,45,620
kv_tile,49,46,596
kv_tile,49,47,601
kv_tile,49,48,612
kv_tile,49,49,523
kv_tile,49,50,503
kv_tile,49,51,574
kv_tile,49,52,579
kv_tile,49,53,548
kv_tile,49,54,570
kv_tile,49,55,494
kv_tile,49,56,576
kv_tile,49,57,554
kv_tile,49,58,528
kv_tile,49,59,532
kv_tile,49,60,537
kv_tile,49,61,504
kv_tile,49,62,522
kv_tile,49,63,541
kv_tile,49,64,519
kv_tile,49,65,510
kv_tile,49,66,539
kv_tile,49,67,516
kv_tile,49,68,476
kv_tile,49,69,485
kv_tile,49,70,505
kv_tile,49,71,521
kv_tile,49,72,508
kv_tile,49,73,487
kv_tile,49,74,475
kv_tile,49,75,465
kv_tile,49,76,517
kv_tile,49,77,446
kv_tile,49,78,465
kv_tile,49,79,473
kv_tile,49,80,483
kv_tile,49,81,501
kv_tile,49,82,476
kv_tile,49,83,477
kv_tile,49,84,458
kv_tile,49,85,525
kv_tile,49,86,516
kv_tile,49,87,480
kv_tile,49,88,478
kv_tile,49,89,501
kv_tile,49,90,509
kv_tile,49,91,499
kv_tile,49,92,515
kv_tile,49,93,491
kv_tile,49,94,490
kv_tile,49,95,528
kv_tile,49,96,479
kv_tile,49,97,547
kv_tile,49,98,515
kv_tile,49,99,486
kv_tile,49,100,523
kv_tile,49,101,504
kv_tile,49,102,517
kv_tile,49,103,521
kv_tile,49,104,513
kv_tile,49,105,516
kv_tile,49,106,553
kv_tile,49,107,594
kv_tile,49,108,583
kv_tile,49,109,551
kv_tile,49,110,574
kv_tile,49,111,573
kv_tile,49,112,664
kv_tile,49,113,626
kv_tile,49,114,608
kv_tile,49,115,695
kv_tile,49,116,682
kv_tile,49,117,738
kv_tile,49,118,770
kv_tile,49,119,788
kv_tile,49,120,835
kv_tile,49,121,839
kv_tile,49,122,884
kv_tile,49,123,987
kv_tile,49,124,1034
kv_tile,49,125,1190
kv_tile,49,126,1415
kv_tile,49,127,2183
kv_tile,49,128,11892
kv_tile,5,0,97907
kv_tile,5,1,14331
kv_tile,5,2,7895
kv_tile,5,3,5357
kv_tile,5,4,4154
kv_tile,5,5,3308
kv_tile,5,6,2806
kv_tile,5,7,2306
kv_tile,5,8,1935
kv_tile,5,9,1727
kv_tile,5,10,1633
kv_tile,5,11,1447
kv_tile,5,12,1406
kv_tile,5,13,1158
kv_tile,5,14,1172
kv_tile,5,15,1059
kv_tile,5,16,1061
kv_tile,5,17,917
kv_tile,5,18,851
kv_tile,5,19,839
kv_tile,5,20,817
kv_tile,5,21,752
kv_tile,5,22,767
kv_tile,5,23,696
kv_tile,5,24,625
kv_tile,5,25,579
kv_tile,5,26,605
kv_tile,5,27,593
kv_tile,5,28,555
kv_tile,5,29,528
kv_tile,5,30,539
kv_tile,5,31,566
kv_tile,5,32,467
kv_tile,5,33,494
kv_tile,5,34,490
kv_tile,5,35,498
kv_tile,5,36,480
kv_tile,5,37,484
kv_tile,5,38,486
kv_tile,5,39,415
kv_tile,5,40,434
kv_tile,5,41,406
kv_tile,5,42,432
kv_tile,5,43,361
kv_tile,5,44,404
kv_tile,5,45,390
kv_tile,5,46,424
kv_tile,5,47,369
kv_tile,5,48,360
kv_tile,5,49,371
kv_tile,5,50,382
kv_tile,5,51,344
kv_tile,5,52,342
kv_tile,5,53,339
kv_tile,5,54,330
kv_tile,5,55,318
kv_tile,5,56,337
kv_tile,5,57,362
kv_tile,5,58,363
kv_tile,5,59,340
kv_tile,5,60,306
kv_tile,5,61,330
kv_tile,5,62,293
kv_tile,5,63,324
kv_tile,5,64,293
kv_tile,5,65,308
kv_tile,5,66,302
kv_tile,5,67,264
kv_tile,5,68,268
kv_tile,5,69,254
kv_tile,5,70,254
kv_tile,5,71,258
kv_tile,5,72,267
kv_tile,5,73,261
kv_tile,5,74,250
kv_tile,5,75,286
kv_tile,5,76,247
kv_tile,5,77,266
kv_tile,5,78,300
kv_tile,5,79,251
kv_tile,5,80,244
kv_tile,5,81,254
kv_tile,5,82,241
kv_tile,5,83,259
kv_tile,5,84,265
kv_tile,5,85,249
kv_tile,5,86,232
kv_tile,5,87,227
kv_tile,5,88,224
kv_tile,5,89,224
kv_tile,5,90,228
kv_tile,5,91,205
kv_tile,5,92,217
kv_tile,5,93,257
kv_tile,5,94,254
kv_tile,5,95,240
kv_tile,5,96,224
kv_tile,5,97,252
kv_tile,5,98,239
kv_tile,5,99,217
kv_tile,5,100,221
kv_tile,5,101,250
kv_tile,5,102,260
kv_tile,5,103,245
kv_tile,5,104,244
kv_tile,5,105,272
kv_tile,5,106,242
kv_tile,5,107,270
kv_tile,5,108,261
kv_tile,5,109,284
kv_tile,5,110,278
kv_tile,5,111,273
kv_tile,5,112,288
kv_tile,5,113,288
kv_tile,5,114,303
kv_tile,5,115,333
kv_tile,5,116,321
kv_tile,5,117,365
kv_tile,5,118,375
kv_tile,5,119,331
kv_tile,5,120,396
kv_tile,5,121,438
kv_tile,5,122,482
kv_tile,5,123,522
kv_tile,5,124,560
kv_tile,5,125,713
kv_tile,5,126,957
kv_tile,5,127,1342
kv_tile,5,128,3047
kv_tile,50,0,46101
kv_tile,50,1,12709
kv_tile,50,2,8371
kv_tile,50,3,6538
kv_tile,50,4,5438
kv_tile,50,5,4609
kv_tile,50,6,4068
kv_tile,50,7,3756
kv_tile,50,8,3288
kv_tile,50,9,3100
kv_tile,50,10,2768
kv_tile,50,11,2578
kv_tile,50,12,2384
kv_tile,50,13,2221
kv_tile,50,14,2068
kv_tile,50,15,2087
kv_tile,50,16,1950
kv_tile,50,17,1871
kv_tile,50,18,1690
kv_tile,50,19,1567
kv_tile,50,20,1492
kv_tile,50,21,1470
kv_tile,50,22,1444
kv_tile,50,23,1294
kv_tile,50,24,1288
kv_tile,50,25,1152
kv_tile,50,26,1090
kv_tile,50,27,1121
kv_tile,50,28,1090
kv_tile,50,29,1049
kv_tile,50,30,1006
kv_tile,50,31,918
kv_tile,50,32,923
kv_tile,50,33,890
kv_tile,50,34,869
kv_tile,50,35,816
kv_tile,50,36,821
kv_tile,50,37,814
kv_tile,50,38,776
kv_tile,50,39,717
kv_tile,50,40,722
kv_tile,50,41,725
kv_tile,50,42,697
kv_tile,50,43,652
kv_tile,50,44,615
kv_tile,50,45,652
kv_tile,50,46,669
kv_tile,50,47,673
kv_tile,50,48,659
kv_tile,50,49,582
kv_tile,50,50,576
kv_tile,50,51,578
kv_tile,50,52,606
kv_tile,50,53,568
kv_tile,50,54,554
kv_tile,50,55,606
kv_tile,50,56,573
kv_tile,50,57,530
kv_tile,50,58,575
kv_tile,50,59,588
kv_tile,50,60,566
kv_tile,50,61,553
kv_tile,50,62,565
kv_tile,50,63,577
kv_tile,50,64,589
kv_tile,50,65,575
kv_tile,50,66,534
kv_tile,50,67,539
kv_tile,50,68,567
kv_tile,50,69,500
kv_tile,50,70,546
kv_tile,50,71,497
kv_tile,50,72,460
kv_tile,50,73,474
kv_tile,50,74,445
kv_tile,50,75,509
kv_tile,50,76,463
kv_tile,50,77,468
kv_tile,50,78,494
kv_tile,50,79,439
kv_tile,50,80,447
kv_tile,50,81,437
kv_tile,50,82,444
kv_tile,50,83,423
kv_tile,50,84,416
kv_tile,50,85,406
kv_tile,50,86,401
kv_tile,50,87,385
kv_tile,50,88,418
kv_tile,50,89,380
kv_tile,50,90,430
kv_tile,50,91,393
kv_tile,50,92,415
kv_tile,50,93,403
kv_tile,50,94,410
kv_tile,50,95,416
kv_tile,50,96,386
kv_tile,50,97,390
kv_tile,50,98,379
kv_tile,50,99,413
kv_tile,50,100,380
kv_tile,50,101,361
kv_tile,50,102,425
kv_tile,50,103,405
kv_tile,50,104,387
kv_tile,50,105,383
kv_tile,50,106,406
kv_tile,50,107,371
kv_tile,50,108,415
kv_tile,50,109,406
kv_tile,50,110,403
kv_tile,50,111,404
kv_tile,50,112,422
kv_tile,50,113,410
kv_tile,50,114,454
kv_tile,50,115,483
kv_tile,50,116,462
kv_tile,50,117,492
kv_tile,50,118,483
kv_tile,50,119,541
kv_tile,50,120,561
kv_tile,50,121,549
kv_tile,50,122,607
kv_tile,50,123,674
kv_tile,50,124,725
kv_tile,50,125,920
kv_tile,50,126,1058
kv_tile,50,127,1485
kv_tile,50,128,10382
kv_tile,51,0,11700
kv_tile,51,1,4766
kv_tile,51,2,3641
kv_tile,51,3,3025
kv_tile,51,4,2832
kv_tile,51,5,2571
kv_tile,51,6,2456
kv_tile,51,7,2316
kv_tile,51,8,2191
kv_tile,51,9,2059
kv_tile,51,10,2070
kv_tile,51,11,1899
kv_tile,51,12,1915
kv_tile,51,13,1895
kv_tile,51,14,1822
kv_tile,51,15,1727
kv_tile,51,16,1750
kv_tile,51,17,1630
kv_tile,51,18,1631
kv_tile,51,19,1623
kv_tile,51,20,1514
kv_tile,51,21,1430
kv_tile,51,22,1580
kv_tile,51,23,1508
kv_tile,51,24,1498
kv_tile,51,25,1439
kv_tile,51,26,1377
kv_tile,51,27,1286
kv_tile,51,28,1316
kv_tile,51,29,1297
kv_tile,51,30,1250
kv_tile,51,31,1308
kv_tile,51,32,1223
kv_tile,51,33,1157
kv_tile,51,34,1134
kv_tile,51,35,1170
kv_tile,51,36,1151
kv_tile,51,37,1095
kv_tile,51,38,1122
kv_tile,51,39,1061
kv_tile,51,40,1022
kv_tile,51,41,1017
kv_tile,51,42,999
kv_tile,51,43,975
kv_tile,51,44,944
kv_tile,51,45,918
kv_tile,51,46,930
kv_tile,51,47,961
kv_tile,51,48,907
kv_tile,51,49,950
kv_tile,51,50,881
kv_tile,51,51,873
kv_tile,51,52,884
kv_tile,51,53,842
kv_tile,51,54,887
kv_tile,51,55,852
kv_tile,51,56,848
kv_tile,51,57,808
kv_tile,51,58,822
kv_tile,51,59,843
kv_tile,51,60,779
kv_tile,51,61,785
kv_tile,51,62,770
kv_tile,51,63,759
kv_tile,51,64,795
kv_tile,51,65,743
kv_tile,51,66,723
kv_tile,51,67,771
kv_tile,51,68,785
kv_tile,51,69,760
kv_tile,51,70,729
kv_tile,51,71,750
kv_tile,51,72,711
kv_tile,51,73,742
kv_tile,51,74,707
kv_tile,51,75,722
kv_tile,51,76,737
kv_tile,51,77,731
kv_tile,51,78,679
kv_tile,51,79,744
kv_tile,51,80,674
kv_tile,51,81,651
kv_tile,51,82,682
kv_tile,51,83,696
kv_tile,51,84,745
kv_tile,51,85,713
kv_tile,51,86,746
kv_tile,51,87,698
kv_tile,51,88,717
kv_tile,51,89,769
kv_tile,51,90,713
kv_tile,51,91,786
kv_tile,51,92,737
kv_tile,51,93,755
kv_tile,51,94,756
kv_tile,51,95,733
kv_tile,51,96,747
kv_tile,51,97,747
kv_tile,51,98,763
kv_tile,51,99,758
kv_tile,51,100,786
kv_tile,51,101,863
kv_tile,51,102,824
kv_tile,51,103,837
kv_tile,51,104,889
kv_tile,51,105,903
kv_tile,51,106,899
kv_tile,51,107,957
kv_tile,51,108,934
kv_tile,51,109,995
kv_tile,51,110,1006
kv_tile,51,111,1064
kv_tile,51,112,1135
kv_tile,51,113,1127
kv_tile,51,114,1147
kv_tile,51,115,1261
kv_tile,51,116,1249
kv_tile,51,117,1383
kv_tile,51,118,1474
kv_tile,51,119,1491
kv_tile,51,120,1548
kv_tile,51,121,1722
kv_tile,51,122,1813
kv_tile,51,123,2167
kv_tile,51,124,2206
kv_tile,51,125,2610
kv_tile,51,126,3490
kv_tile,51,127,5209
kv_tile,51,128,25513
kv_tile,52,0,26387
kv_tile,52,1,10328
kv_tile,52,2,7551
kv_tile,52,3,6139
kv_tile,52,4,5207
kv_tile,52,5,4696
kv_tile,52,6,4165
kv_tile,52,7,3606
kv_tile,52,8,3368
kv_tile,52,9,3107
kv_tile,52,10,2919
kv_tile,52,11,2682
kv_tile,52,12,2581
kv_tile,52,13,2299
kv_tile,52,14,2214
kv_tile,52,15,2092
kv_tile,52,16,1973
kv_tile,52,17,1837
kv_tile,52,18,1690
kv_tile,52,19,1565
kv_tile,52,20,1510
kv_tile,52,21,1498
kv_tile,52,22,1436
kv_tile,52,23,1296
kv_tile,52,24,1240
kv_tile,52,25,1239
kv_tile,52,26,1101
kv_tile,52,27,1145
kv_tile,52,28,1053
kv_tile,52,29,991
kv_tile,52,30,967
kv_tile,52,31,944
kv_tile,52,32,948
kv_tile,52,33,879
kv_tile,52,34,894
kv_tile,52,35,836
kv_tile,52,36,758
kv_tile,52,37,796
kv_tile,52,38,740
kv_tile,52,39,718
kv_tile,52,40,708
kv_tile,52,41,693
kv_tile,52,42,693
kv_tile,52,43,734
kv_tile,52,44,631
kv_tile,52,45,656
kv_tile,52,46,612
kv_tile,52,47,623
kv_tile,52,48,613
kv_tile,52,49,580
kv_tile,52,50,640
kv_tile,52,51,575
kv_tile,52,52,605
kv_tile,52,53,552
kv_tile,52,54,533
kv_tile,52,55,595
kv_tile,52,56,600
kv_tile,52,57,537
kv_tile,52,58,543
kv_tile,52,59,536
kv_tile,52,60,524
kv_tile,52,61,556
kv_tile,52,62,516
kv_tile,52,63,576
kv_tile,52,64,587
kv_tile,52,65,583
kv_tile,52,66,543
kv_tile,52,67,484
kv_tile,52,68,509
kv_tile,52,69,467
kv_tile,52,70,448
kv_tile,52,71,469
kv_tile,52,72,491
kv_tile,52,73,478
kv_tile,52,74,412
kv_tile,52,75,467
kv_tile,52,76,478
kv_tile,52,77,426
kv_tile,52,78,462
kv_tile,52,79,472
kv_tile,52,80,468
kv_tile,52,81,500
kv_tile,52,82,436
kv_tile,52,83,457
kv_tile,52,84,456
kv_tile,52,85,496
kv_tile,52,86,494
kv_tile,52,87,479
kv_tile,52,88,498
kv_tile,52,89,517
kv_tile,52,90,467
kv_tile,52,91,462
kv_tile,52,92,461
kv_tile,52,93,468
kv_tile,52,94,460
kv_tile,52,95,520
kv_tile,52,96,538
kv_tile,52,97,547
kv_tile,52,98,549
kv_tile,52,99,519
kv_tile,52,100,556
kv_tile,52,101,517
kv_tile,52,102,541
kv_tile,52,103,595
kv_tile,52,104,561
kv_tile,52,105,632
kv_tile,52,106,625
kv_tile,52,107,615
kv_tile,52,108,608
kv_tile,52,109,650
kv_tile,52,110,677
kv_tile,52,111,715
kv_tile,52,112,756
kv_tile,52,113,698
kv_tile,52,114,686
kv_tile,52,115,808
kv_tile,52,116,829
kv_tile,52,117,831
kv_tile,52,118,888
kv_tile,52,119,950
kv_tile,52,120,1028
kv_tile,52,121,1055
kv_tile,52,122,1121
kv_tile,52,123,1253
kv_tile,52,124,1484
kv_tile,52,125,1623
kv_tile,52,126,2056
kv_tile,52,127,3357
kv_tile,52,128,20499
kv_tile,53,0,36136
kv_tile,53,1,12256
kv_tile,53,2,8097
kv_tile,53,3,6144
kv_tile,53,4,5095
kv_tile,53,5,4470
kv_tile,53,6,3661
kv_tile,53,7,3331
kv_tile,53,8,2877
kv_tile,53,9,2609
kv_tile,53,10,2417
kv_tile,53,11,2192
kv_tile,53,12,1987
kv_tile,53,13,1837
kv_tile,53,14,1664
kv_tile,53,15,1493
kv_tile,53,16,1447
kv_tile,53,17,1398
kv_tile,53,18,1363
kv_tile,53,19,1220
kv_tile,53,20,1168
kv_tile,53,21,1053
kv_tile,53,22,1006
kv_tile,53,23,1015
kv_tile,53,24,913
kv_tile,53,25,814
kv_tile,53,26,848
kv_tile,53,27,753
kv_tile,53,28,785
kv_tile,53,29,758
kv_tile,53,30,653
kv_tile,53,31,737
kv_tile,53,32,645
kv_tile,53,33,587
kv_tile,53,34,575
kv_tile,53,35,591
kv_tile,53,36,575
kv_tile,53,37,544
kv_tile,53,38,554
kv_tile,53,39,501
kv_tile,53,40,496
kv_tile,53,41,474
kv_tile,53,42,469
kv_tile,53,43,413
kv_tile,53,44,396
kv_tile,53,45,401
kv_tile,53,46,408
kv_tile,53,47,373
kv_tile,53,48,369
kv_tile,53,49,383
kv_tile,53,50,417
kv_tile,53,51,380
kv_tile,53,52,350
kv_tile,53,53,379
kv_tile,53,54,376
kv_tile,53,55,390
kv_tile,53,56,347
kv_tile,53,57,339
kv_tile,53,58,315
kv_tile,53,59,301
kv_tile,53,60,365
kv_tile,53,61,262
kv_tile,53,62,315
kv_tile,53,63,299
kv_tile,53,64,284
kv_tile,53,65,264
kv_tile,53,66,304
kv_tile,53,67,322
kv_tile,53,68,289
kv_tile,53,69,310
kv_tile,53,70,302
kv_tile,53,71,284
kv_tile,53,72,296
kv_tile,53,73,278
kv_tile,53,74,293
kv_tile,53,75,293
kv_tile,53,76,292
kv_tile,53,77,288
kv_tile,53,78,289
kv_tile,53,79,262
kv_tile,53,80,287
kv_tile,53,81,286
kv_tile,53,82,323
kv_tile,53,83,341
kv_tile,53,84,300
kv_tile,53,85,321
kv_tile,53,86,288
kv_tile,53,87,291
kv_tile,53,88,315
kv_tile,53,89,323
kv_tile,53,90,317
kv_tile,53,91,337
kv_tile,53,92,361
kv_tile,53,93,368
kv_tile,53,94,357
kv_tile,53,95,353
kv_tile,53,96,340
kv_tile,53,97,382
kv_tile,53,98,408
kv_tile,53,99,383
kv_tile,53,100,395
kv_tile,53,101,435
kv_tile,53,102,436
kv_tile,53,103,462
kv_tile,53,104,466
kv_tile,53,105,466
kv_tile,53,106,478
kv_tile,53,107,454
kv_tile,53,108,541
kv_tile,53,109,564
kv_tile,53,110,537
kv_tile,53,111,571
kv_tile,53,112,666
kv_tile,53,113,666
kv_tile,53,114,725
kv_tile,53,115,802
kv_tile,53,116,830
kv_tile,53,117,864
kv_tile,53,118,985
kv_tile,53,119,1045
kv_tile,53,120,1162
kv_tile,53,121,1356
kv_tile,53,122,1549
kv_tile,53,123,1657
kv_tile,53,124,1973
kv_tile,53,125,2413
kv_tile,53,126,3291
kv_tile,53,127,5359
kv_tile,53,128,28343
kv_tile,54,0,14977
kv_tile,54,1,6924
kv_tile,54,2,5055
kv_tile,54,3,4126
kv_tile,54,4,3543
kv_tile,54,5,3143
kv_tile,54,6,2858
kv_tile,54,7,2640
kv_tile,54,8,2522
kv_tile,54,9,2263
kv_tile,54,10,2177
kv_tile,54,11,2022
kv_tile,54,12,1891
kv_tile,54,13,1839
kv_tile,54,14,1720
kv_tile,54,15,1673
kv_tile,54,16,1596
kv_tile,54,17,1581
kv_tile,54,18,1532
kv_tile,54,19,1415
kv_tile,54,20,1344
kv_tile,54,21,1391
kv_tile,54,22,1299
kv_tile,54,23,1228
kv_tile,54,24,1253
kv_tile,54,25,1300
kv_tile,54,26,1163
kv_tile,54,27,1226
kv_tile,54,28,1130
kv_tile,54,29,1202
kv_tile,54,30,1082
kv_tile,54,31,1107
kv_tile,54,32,1047
kv_tile,54,33,1110
kv_tile,54,34,1084
kv_tile,54,35,1030
kv_tile,54,36,1059
kv_tile,54,37,969
kv_tile,54,38,1029
kv_tile,54,39,1029
kv_tile,54,40,990
kv_tile,54,41,1025
kv_tile,54,42,930
kv_tile,54,43,928
kv_tile,54,44,930
kv_tile,54,45,916
kv_tile,54,46,874
kv_tile,54,47,959
kv_tile,54,48,942
kv_tile,54,49,886
kv_tile,54,50,863
kv_tile,54,51,852
kv_tile,54,52,888
kv_tile,54,53,860
kv_tile,54,54,941
kv_tile,54,55,898
kv_tile,54,56,882
kv_tile,54,57,888
kv_tile,54,58,851
kv_tile,54,59,871
kv_tile,54,60,906
kv_tile,54,61,916
kv_tile,54,62,904
kv_tile,54,63,910
kv_tile,54,64,992
kv_tile,54,65,1006
kv_tile,54,66,923
kv_tile,54,67,886
kv_tile,54,68,921
kv_tile,54,69,876
kv_tile,54,70,961
kv_tile,54,71,865
kv_tile,54,72,888
kv_tile,54,73,855
kv_tile,54,74,928
kv_tile,54,75,895
kv_tile,54,76,903
kv_tile,54,77,898
kv_tile,54,78,874
kv_tile,54,79,899
kv_tile,54,80,874
kv_tile,54,81,892
kv_tile,54,82,898
kv_tile,54,83,980
kv_tile,54,84,887
kv_tile,54,85,897
kv_tile,54,86,877
kv_tile,54,87,951
kv_tile,54,88,899
kv_tile,54,89,926
kv_tile,54,90,891
kv_tile,54,91,846
kv_tile,54,92,970
kv_tile,54,93,941
kv_tile,54,94,969
kv_tile,54,95,946
kv_tile,54,96,948
kv_tile,54,97,958
kv_tile,54,98,956
kv_tile,54,99,929
kv_tile,54,100,972
kv_tile,54,101,996
kv_tile,54,102,1004
kv_tile,54,103,937
kv_tile,54,104,1004
kv_tile,54,105,1005
kv_tile,54,106,1086
kv_tile,54,107,1004
kv_tile,54,108,1067
kv_tile,54,109,1071
kv_tile,54,110,995
kv_tile,54,111,1079
kv_tile,54,112,1159
kv_tile,54,113,1160
kv_tile,54,114,1187
kv_tile,54,115,1263
kv_tile,54,116,1225
kv_tile,54,117,1299
kv_tile,54,118,1339
kv_tile,54,119,1413
kv_tile,54,120,1473
kv_tile,54,121,1647
kv_tile,54,122,1677
kv_tile,54,123,1819
kv_tile,54,124,2010
kv_tile,54,125,2296
kv_tile,54,126,2630
kv_tile,54,127,3746
kv_tile,54,128,13651
kv_tile,55,0,14248
kv_tile,55,1,6848
kv_tile,55,2,5390
kv_tile,55,3,4605
kv_tile,55,4,4112
kv_tile,55,5,3584
kv_tile,55,6,3472
kv_tile,55,7,3388
kv_tile,55,8,3056
kv_tile,55,9,2994
kv_tile,55,10,2693
kv_tile,55,11,2557
kv_tile,55,12,2448
kv_tile,55,13,2428
kv_tile,55,14,2266
kv_tile,55,15,2201
kv_tile,55,16,2089
kv_tile,55,17,2043
kv_tile,55,18,1989
kv_tile,55,19,1934
kv_tile,55,20,1816
kv_tile,55,21,1822
kv_tile,55,22,1703
kv_tile,55,23,1764
kv_tile,55,24,1604
kv_tile,55,25,1564
kv_tile,55,26,1504
kv_tile,55,27,1406
kv_tile,55,28,1453
kv_tile,55,29,1412
kv_tile,55,30,1327
kv_tile,55,31,1295
kv_tile,55,32,1241
kv_tile,55,33,1221
kv_tile,55,34,1172
kv_tile,55,35,1161
kv_tile,55,36,1147
kv_tile,55,37,1163
kv_tile,55,38,1102
kv_tile,55,39,1072
kv_tile,55,40,1092
kv_tile,55,41,1089
kv_tile,55,42,1039
kv_tile,55,43,1056
kv_tile,55,44,1004
kv_tile,55,45,937
kv_tile,55,46,975
kv_tile,55,47,966
kv_tile,55,48,923
kv_tile,55,49,962
kv_tile,55,50,938
kv_tile,55,51,931
kv_tile,55,52,824
kv_tile,55,53,848
kv_tile,55,54,848
kv_tile,55,55,809
kv_tile,55,56,859
kv_tile,55,57,781
kv_tile,55,58,804
kv_tile,55,59,852
kv_tile,55,60,805
kv_tile,55,61,757
kv_tile,55,62,768
kv_tile,55,63,748
kv_tile,55,64,822
kv_tile,55,65,780
kv_tile,55,66,782
kv_tile,55,67,780
kv_tile,55,68,762
kv_tile,55,69,746
kv_tile,55,70,735
kv_tile,55,71,717
kv_tile,55,72,793
kv_tile,55,73,741
kv_tile,55,74,741
kv_tile,55,75,702
kv_tile,55,76,751
kv_tile,55,77,717
kv_tile,55,78,738
kv_tile,55,79,768
kv_tile,55,80,729
kv_tile,55,81,735
kv_tile,55,82,739
kv_tile,55,83,746
kv_tile,55,84,745
kv_tile,55,85,745
kv_tile,55,86,792
kv_tile,55,87,747
kv_tile,55,88,750
kv_tile,55,89,783
kv_tile,55,90,742
kv_tile,55,91,736
kv_tile,55,92,702
kv_tile,55,93,761
kv_tile,55,94,697
kv_tile,55,95,810
kv_tile,55,96,770
kv_tile,55,97,755
kv_tile,55,98,754
kv_tile,55,99,757
kv_tile,55,100,827
kv_tile,55,101,764
kv_tile,55,102,822
kv_tile,55,103,768
kv_tile,55,104,857
kv_tile,55,105,837
kv_tile,55,106,856
kv_tile,55,107,859
kv_tile,55,108,839
kv_tile,55,109,824
kv_tile,55,110,855
kv_tile,55,111,881
kv_tile,55,112,908
kv_tile,55,113,917
kv_tile,55,114,978
kv_tile,55,115,995
kv_tile,55,116,1033
kv_tile,55,117,1033
kv_tile,55,118,1057
kv_tile,55,119,1105
kv_tile,55,120,1137
kv_tile,55,121,1191
kv_tile,55,122,1364
kv_tile,55,123,1366
kv_tile,55,124,1413
kv_tile,55,125,1572
kv_tile,55,126,2089
kv_tile,55,127,2856
kv_tile,55,128,14626
kv_tile,56,0,12840
kv_tile,56,1,5992
kv_tile,56,2,4512
kv_tile,56,3,4015
kv_tile,56,4,3697
kv_tile,56,5,3364
kv_tile,56,6,3038
kv_tile,56,7,2806
kv_tile,56,8,2744
kv_tile,56,9,2578
kv_tile,56,10,2428
kv_tile,56,11,2322
kv_tile,56,12,2212
kv_tile,56,13,2058
kv_tile,56,14,1892
kv_tile,56,15,1808
kv_tile,56,16,1832
kv_tile,56,17,1723
kv_tile,56,18,1758
kv_tile,56,19,1666
kv_tile,56,20,1613
kv_tile,56,21,1556
kv_tile,56,22,1506
kv_tile,56,23,1473
kv_tile,56,24,1346
kv_tile,56,25,1337
kv_tile,56,26,1277
kv_tile,56,27,1253
kv_tile,56,28,1149
kv_tile,56,29,1085
kv_tile,56,30,1147
kv_tile,56,31,1097
kv_tile,56,32,1016
kv_tile,56,33,1002
kv_tile,56,34,1026
kv_tile,56,35,975
kv_tile,56,36,983
kv_tile,56,37,942
kv_tile,56,38,919
kv_tile,56,39,942
kv_tile,56,40,876
kv_tile,56,41,885
kv_tile,56,42,870
kv_tile,56,43,819
kv_tile,56,44,808
kv_tile,56,45,802
kv_tile,56,46,743
kv_tile,56,47,753
kv_tile,56,48,805
kv_tile,56,49,757
kv_tile,56,50,726
kv_tile,56,51,729
kv_tile,56,52,664
kv_tile,56,53,716
kv_tile,56,54,682
kv_tile,56,55,634
kv_tile,56,56,649
kv_tile,56,57,696
kv_tile,56,58,600
kv_tile,56,59,580
kv_tile,56,60,592
kv_tile,56,61,580
kv_tile,56,62,639
kv_tile,56,63,671
kv_tile,56,64,630
kv_tile,56,65,605
kv_tile,56,66,545
kv_tile,56,67,564
kv_tile,56,68,534
kv_tile,56,69,545
kv_tile,56,70,547
kv_tile,56,71,532
kv_tile,56,72,532
kv_tile,56,73,497
kv_tile,56,74,478
kv_tile,56,75,494
kv_tile,56,76,449
kv_tile,56,77,470
kv_tile,56,78,461
kv_tile,56,79,472
kv_tile,56,80,554
kv_tile,56,81,482
kv_tile,56,82,464
kv_tile,56,83,459
kv_tile,56,84,480
kv_tile,56,85,463
kv_tile,56,86,443
kv_tile,56,87,466
kv_tile,56,88,471
kv_tile,56,89,471
kv_tile,56,90,448
kv_tile,56,91,503
kv_tile,56,92,497
kv_tile,56,93,513
kv_tile,56,94,502
kv_tile,56,95,510
kv_tile,56,96,547
kv_tile,56,97,488
kv_tile,56,98,529
kv_tile,56,99,555
kv_tile,56,100,577
kv_tile,56,101,606
kv_tile,56,102,558
kv_tile,56,103,620
kv_tile,56,104,664
kv_tile,56,105,630
kv_tile,56,106,675
kv_tile,56,107,680
kv_tile,56,108,662
kv_tile,56,109,760
kv_tile,56,110,754
kv_tile,56,111,820
kv_tile,56,112,770
kv_tile,56,113,912
kv_tile,56,114,924
kv_tile,56,115,1021
kv_tile,56,116,1080
kv_tile,56,117,1166
kv_tile,56,118,1187
kv_tile,56,119,1307
kv_tile,56,120,1568
kv_tile,56,121,1622
kv_tile,56,122,1858
kv_tile,56,123,2137
kv_tile,56,124,2587
kv_tile,56,125,3004
kv_tile,56,126,3949
kv_tile,56,127,6403
kv_tile,56,128,32702
kv_tile,57,0,4726
kv_tile,57,1,2739
kv_tile,57,2,2212
kv_tile,57,3,2015
kv_tile,57,4,1901
kv_tile,57,5,1820
kv_tile,57,6,1766
kv_tile,57,7,1694
kv_tile,57,8,1784
kv_tile,57,9,1663
kv_tile,57,10,1667
kv_tile,57,11,1647
kv_tile,57,12,1689
kv_tile,57,13,1689
kv_tile,57,14,1631
kv_tile,57,15,1629
kv_tile,57,16,1581
kv_tile,57,17,1659
kv_tile,57,18,1556
kv_tile,57,19,1612
kv_tile,57,20,1488
kv_tile,57,21,1485
kv_tile,57,22,1534
kv_tile,57,23,1476
kv_tile,57,24,1538
kv_tile,57,25,1399
kv_tile,57,26,1400
kv_tile,57,27,1433
kv_tile,57,28,1456
kv_tile,57,29,1475
kv_tile,57,30,1377
kv_tile,57,31,1351
kv_tile,57,32,1273
kv_tile,57,33,1317
kv_tile,57,34,1364
kv_tile,57,35,1248
kv_tile,57,36,1327
kv_tile,57,37,1300
kv_tile,57,38,1329
kv_tile,57,39,1308
kv_tile,57,40,1296
kv_tile,57,41,1290
kv_tile,57,42,1264
kv_tile,57,43,1211
kv_tile,57,44,1265
kv_tile,57,45,1241
kv_tile,57,46,1216
kv_tile,57,47,1172
kv_tile,57,48,1128
kv_tile,57,49,1174
kv_tile,57,50,1060
kv_tile,57,51,1068
kv_tile,57,52,1055
kv_tile,57,53,1071
kv_tile,57,54,1100
kv_tile,57,55,1162
kv_tile,57,56,1088
kv_tile,57,57,1037
kv_tile,57,58,1093
kv_tile,57,59,1091
kv_tile,57,60,1114
kv_tile,57,61,1048
kv_tile,57,62,997
kv_tile,57,63,978
kv_tile,57,64,1026
kv_tile,57,65,1068
kv_tile,57,66,1011
kv_tile,57,67,1005
kv_tile,57,68,979
kv_tile,57,69,1052
kv_tile,57,70,1015
kv_tile,57,71,1010
kv_tile,57,72,975
kv_tile,57,73,1070
kv_tile,57,74,1015
kv_tile,57,75,947
kv_tile,57,76,980
kv_tile,57,77,1034
kv_tile,57,78,990
kv_tile,57,79,975
kv_tile,57,80,1012
kv_tile,57,81,1039
kv_tile,57,82,1068
kv_tile,57,83,962
kv_tile,57,84,995
kv_tile,57,85,1034
kv_tile,57,86,1000
kv_tile,57,87,993
kv_tile,57,88,983
kv_tile,57,89,1019
kv_tile,57,90,1082
kv_tile,57,91,1014
kv_tile,57,92,1029
kv_tile,57,93,1016
kv_tile,57,94,1052
kv_tile,57,95,1110
kv_tile,57,96,1038
kv_tile,57,97,1095
kv_tile,57,98,1066
kv_tile,57,99,1083
kv_tile,57,100,1090
kv_tile,57,101,1086
kv_tile,57,102,1164
kv_tile,57,103,1126
kv_tile,57,104,1086
kv_tile,57,105,1190
kv_tile,57,106,1200
kv_tile,57,107,1192
kv_tile,57,108,1183
kv_tile,57,109,1220
kv_tile,57,110,1294
kv_tile,57,111,1324
kv_tile,57,112,1303
kv_tile,57,113,1373
kv_tile,57,114,1429
kv_tile,57,115,1460
kv_tile,57,116,1508
kv_tile,57,117,1601
kv_tile,57,118,1633
kv_tile,57,119,1769
kv_tile,57,120,1762
kv_tile,57,121,1850
kv_tile,57,122,2042
kv_tile,57,123,2088
kv_tile,57,124,2333
kv_tile,57,125,2579
kv_tile,57,126,3105
kv_tile,57,127,4232
kv_tile,57,128,19767
kv_tile,58,0,9918
kv_tile,58,1,5627
kv_tile,58,2,4747
kv_tile,58,3,4069
kv_tile,58,4,3850
kv_tile,58,5,3707
kv_tile,58,6,3305
kv_tile,58,7,3272
kv_tile,58,8,3046
kv_tile,58,9,3028
kv_tile,58,10,2894
kv_tile,58,11,2829
kv_tile,58,12,2652
kv_tile,58,13,2603
kv_tile,58,14,2472
kv_tile,58,15,2418
kv_tile,58,16,2362
kv_tile,58,17,2218
kv_tile,58,18,2161
kv_tile,58,19,2100
kv_tile,58,20,1972
kv_tile,58,21,1997
kv_tile,58,22,1934
kv_tile,58,23,1796
kv_tile,58,24,1783
kv_tile,58,25,1674
kv_tile,58,26,1655
kv_tile,58,27,1642
kv_tile,58,28,1612
kv_tile,58,29,1577
kv_tile,58,30,1529
kv_tile,58,31,1494
kv_tile,58,32,1421
kv_tile,58,33,1478
kv_tile,58,34,1398
kv_tile,58,35,1312
kv_tile,58,36,1324
kv_tile,58,37,1223
kv_tile,58,38,1224
kv_tile,58,39,1164
kv_tile,58,40,1175
kv_tile,58,41,1138
kv_tile,58,42,1073
kv_tile,58,43,1097
kv_tile,58,44,1066
kv_tile,58,45,1063
kv_tile,58,46,1049
kv_tile,58,47,972
kv_tile,58,48,928
kv_tile,58,49,950
kv_tile,58,50,943
kv_tile,58,51,901
kv_tile,58,52,916
kv_tile,58,53,917
kv_tile,58,54,883
kv_tile,58,55,909
kv_tile,58,56,870
kv_tile,58,57,947
kv_tile,58,58,884
kv_tile,58,59,914
kv_tile,58,60,812
kv_tile,58,61,891
kv_tile,58,62,872
kv_tile,58,63,900
kv_tile,58,64,977
kv_tile,58,65,846
kv_tile,58,66,763
kv_tile,58,67,823
kv_tile,58,68,783
kv_tile,58,69,762
kv_tile,58,70,800
kv_tile,58,71,761
kv_tile,58,72,763
kv_tile,58,73,756
kv_tile,58,74,729
kv_tile,58,75,745
kv_tile,58,76,762
kv_tile,58,77,718
kv_tile,58,78,709
kv_tile,58,79,724
kv_tile,58,80,728
kv_tile,58,81,744
kv_tile,58,82,695
kv_tile,58,83,719
kv_tile,58,84,671
kv_tile,58,85,695
kv_tile,58,86,707
kv_tile,58,87,719
kv_tile,58,88,728
kv_tile,58,89,700
kv_tile,58,90,707
kv_tile,58,91,723
kv_tile,58,92,686
kv_tile,58,93,687
kv_tile,58,94,672
kv_tile,58,95,716
kv_tile,58,96,700
kv_tile,58,97,669
kv_tile,58,98,710
kv_tile,58,99,707
kv_tile,58,100,755
kv_tile,58,101,725
kv_tile,58,102,737
kv_tile,58,103,740
kv_tile,58,104,765
kv_tile,58,105,820
kv_tile,58,106,728
kv_tile,58,107,868
kv_tile,58,108,909
kv_tile,58,109,935
kv_tile,58,110,861
kv_tile,58,111,932
kv_tile,58,112,971
kv_tile,58,113,894
kv_tile,58,114,1007
kv_tile,58,115,1003
kv_tile,58,116,1074
kv_tile,58,117,1081
kv_tile,58,118,1104
kv_tile,58,119,1166
kv_tile,58,120,1255
kv_tile,58,121,1304
kv_tile,58,122,1387
kv_tile,58,123,1644
kv_tile,58,124,1831
kv_tile,58,125,2080
kv_tile,58,126,2553
kv_tile,58,127,3816
kv_tile,58,128,12602
kv_tile,59,0,13842
kv_tile,59,1,6847
kv_tile,59,2,5065
kv_tile,59,3,4326
kv_tile,59,4,4005
kv_tile,59,5,3514
kv_tile,59,6,3317
kv_tile,59,7,3140
kv_tile,59,8,2939
kv_tile,59,9,2806
kv_tile,59,10,2561
kv_tile,59,11,2605
kv_tile,59,12,2308
kv_tile,59,13,2344
kv_tile,59,14,2237
kv_tile,59,15,2229
kv_tile,59,16,2135
kv_tile,59,17,2008
kv_tile,59,18,1983
kv_tile,59,19,1877
kv_tile,59,20,1855
kv_tile,59,21,1749
kv_tile,59,22,1769
kv_tile,59,23,1669
kv_tile,59,24,1592
kv_tile,59,25,1579
kv_tile,59,26,1502
kv_tile,59,27,1535
kv_tile,59,28,1447
kv_tile,59,29,1418
kv_tile,59,30,1301
kv_tile,59,31,1344
kv_tile,59,32,1271
kv_tile,59,33,1216
kv_tile,59,34,1315
kv_tile,59,35,1176
kv_tile,59,36,1196
kv_tile,59,37,1121
kv_tile,59,38,1087
kv_tile,59,39,1144
kv_tile,59,40,1029
kv_tile,59,41,1032
kv_tile,59,42,1002
kv_tile,59,43,1005
kv_tile,59,44,952
kv_tile,59,45,864
kv_tile,59,46,836
kv_tile,59,47,854
kv_tile,59,48,871
kv_tile,59,49,784
kv_tile,59,50,813
kv_tile,59,51,789
kv_tile,59,52,763
kv_tile,59,53,745
kv_tile,59,54,717
kv_tile,59,55,715
kv_tile,59,56,666
kv_tile,59,57,652
kv_tile,59,58,676
kv_tile,59,59,615
kv_tile,59,60,627
kv_tile,59,61,627
kv_tile,59,62,574
kv_tile,59,63,553
kv_tile,59,64,570
kv_tile,59,65,512
kv_tile,59,66,517
kv_tile,59,67,493
kv_tile,59,68,513
kv_tile,59,69,538
kv_tile,59,70,480
kv_tile,59,71,480
kv_tile,59,72,454
kv_tile,59,73,476
kv_tile,59,74,464
kv_tile,59,75,451
kv_tile,59,76,431
kv_tile,59,77,435
kv_tile,59,78,451
kv_tile,59,79,400
kv_tile,59,80,400
kv_tile,59,81,425
kv_tile,59,82,420
kv_tile,59,83,406
kv_tile,59,84,468
kv_tile,59,85,424
kv_tile,59,86,415
kv_tile,59,87,395
kv_tile,59,88,459
kv_tile,59,89,389
kv_tile,59,90,433
kv_tile,59,91,425
kv_tile,59,92,418
kv_tile,59,93,451
kv_tile,59,94,449
kv_tile,59,95,524
kv_tile,59,96,479
kv_tile,59,97,482
kv_tile,59,98,465
kv_tile,59,99,496
kv_tile,59,100,549
kv_tile,59,101,530
kv_tile,59,102,565
kv_tile,59,103,498
kv_tile,59,104,564
kv_tile,59,105,556
kv_tile,59,106,575
kv_tile,59,107,647
kv_tile,59,108,651
kv_tile,59,109,653
kv_tile,59,110,646
kv_tile,59,111,663
kv_tile,59,112,729
kv_tile,59,113,725
kv_tile,59,114,792
kv_tile,59,115,841
kv_tile,59,116,850
kv_tile,59,117,991
kv_tile,59,118,1035
kv_tile,59,119,1060
kv_tile,59,120,1190
kv_tile,59,121,1321
kv_tile,59,122,1588
kv_tile,59,123,1690
kv_tile,59,124,1934
kv_tile,59,125,2379
kv_tile,59,126,2984
kv_tile,59,127,4547
kv_tile,59,128,29232
kv_tile,6,0,79437
kv_tile,6,1,14914
kv_tile,6,2,8289
kv_tile,6,3,5518
kv_tile,6,4,4004
kv_tile,6,5,3039
kv_tile,6,6,2648
kv_tile,6,7,2098
kv_tile,6,8,1894
kv_tile,6,9,1566
kv_tile,6,10,1442
kv_tile,6,11,1318
kv_tile,6,12,1226
kv_tile,6,13,1092
kv_tile,6,14,1052
kv_tile,6,15,902
kv_tile,6,16,847
kv_tile,6,17,821
kv_tile,6,18,834
kv_tile,6,19,750
kv_tile,6,20,732
kv_tile,6,21,690
kv_tile,6,22,710
kv_tile,6,23,701
kv_tile,6,24,631
kv_tile,6,25,615
kv_tile,6,26,587
kv_tile,6,27,595
kv_tile,6,28,583
kv_tile,6,29,533
kv_tile,6,30,558
kv_tile,6,31,549
kv_tile,6,32,535
kv_tile,6,33,489
kv_tile,6,34,533
kv_tile,6,35,516
kv_tile,6,36,502
kv_tile,6,37,486
kv_tile,6,38,495
kv_tile,6,39,464
kv_tile,6,40,485
kv_tile,6,41,448
kv_tile,6,42,440
kv_tile,6,43,474
kv_tile,6,44,451
kv_tile,6,45,469
kv_tile,6,46,488
kv_tile,6,47,425
kv_tile,6,48,495
kv_tile,6,49,446
kv_tile,6,50,421
kv_tile,6,51,429
kv_tile,6,52,422
kv_tile,6,53,429
kv_tile,6,54,453
kv_tile,6,55,429
kv_tile,6,56,422
kv_tile,6,57,453
kv_tile,6,58,465
kv_tile,6,59,455
kv_tile,6,60,456
kv_tile,6,61,429
kv_tile,6,62,480
kv_tile,6,63,546
kv_tile,6,64,446
kv_tile,6,65,511
kv_tile,6,66,448
kv_tile,6,67,428
kv_tile,6,68,413
kv_tile,6,69,438
kv_tile,6,70,402
kv_tile,6,71,403
kv_tile,6,72,381
kv_tile,6,73,377
kv_tile,6,74,381
kv_tile,6,75,372
kv_tile,6,76,400
kv_tile,6,77,377
kv_tile,6,78,342
kv_tile,6,79,371
kv_tile,6,80,386
kv_tile,6,81,346
kv_tile,6,82,361
kv_tile,6,83,329
kv_tile,6,84,369
kv_tile,6,85,336
kv_tile,6,86,408
kv_tile,6,87,393
kv_tile,6,88,371
kv_tile,6,89,340
kv_tile,6,90,340
kv_tile,6,91,323
kv_tile,6,92,388
kv_tile,6,93,362
kv_tile,6,94,329
kv_tile,6,95,411
kv_tile,6,96,347
kv_tile,6,97,361
kv_tile,6,98,354
kv_tile,6,99,362
kv_tile,6,100,388
kv_tile,6,101,368
kv_tile,6,102,381
kv_tile,6,103,373
kv_tile,6,104,424
kv_tile,6,105,447
kv_tile,6,106,405
kv_tile,6,107,448
kv_tile,6,108,442
kv_tile,6,109,466
kv_tile,6,110,482
kv_tile,6,111,464
kv_tile,6,112,507
kv_tile,6,113,523
kv_tile,6,114,536
kv_tile,6,115,568
kv_tile,6,116,649
kv_tile,6,117,635
kv_tile,6,118,695
kv_tile,6,119,653
kv_tile,6,120,687
kv_tile,6,121,786
kv_tile,6,122,851
kv_tile,6,123,862
kv_tile,6,124,981
kv_tile,6,125,1306
kv_tile,6,126,1535
kv_tile,6,127,2098
kv_tile,6,128,7837
kv_tile,60,0,9984
kv_tile,60,1,4439
kv_tile,60,2,3216
kv_tile,60,3,2696
kv_tile,60,4,2246
kv_tile,60,5,2289
kv_tile,60,6,2050
kv_tile,60,7,1882
kv_tile,60,8,1816
kv_tile,60,9,1813
kv_tile,60,10,1767
kv_tile,60,11,1579
kv_tile,60,12,1596
kv_tile,60,13,1538
kv_tile,60,14,1481
kv_tile,60,15,1459
kv_tile,60,16,1419
kv_tile,60,17,1338
kv_tile,60,18,1309
kv_tile,60,19,1374
kv_tile,60,20,1173
kv_tile,60,21,1210
kv_tile,60,22,1230
kv_tile,60,23,1164
kv_tile,60,24,1099
kv_tile,60,25,1124
kv_tile,60,26,1046
kv_tile,60,27,1022
kv_tile,60,28,1084
kv_tile,60,29,1039
kv_tile,60,30,1048
kv_tile,60,31,1032
kv_tile,60,32,1055
kv_tile,60,33,982
kv_tile,60,34,947
kv_tile,60,35,983
kv_tile,60,36,956
kv_tile,60,37,922
kv_tile,60,38,929
kv_tile,60,39,890
kv_tile,60,40,891
kv_tile,60,41,891
kv_tile,60,42,833
kv_tile,60,43,840
kv_tile,60,44,796
kv_tile,60,45,837
kv_tile,60,46,823
kv_tile,60,47,881
kv_tile,60,48,844
kv_tile,60,49,820
kv_tile,60,50,791
kv_tile,60,51,826
kv_tile,60,52,811
kv_tile,60,53,777
kv_tile,60,54,826
kv_tile,60,55,779
kv_tile,60,56,779
kv_tile,60,57,784
kv_tile,60,58,787
kv_tile,60,59,741
kv_tile,60,60,791
kv_tile,60,61,765
kv_tile,60,62,751
kv_tile,60,63,815
kv_tile,60,64,829
kv_tile,60,65,845
kv_tile,60,66,790
kv_tile,60,67,796
kv_tile,60,68,822
kv_tile,60,69,796
kv_tile,60,70,792
kv_tile,60,71,826
kv_tile,60,72,888
kv_tile,60,73,838
kv_tile,60,74,879
kv_tile,60,75,820
kv_tile,60,76,854
kv_tile,60,77,798
kv_tile,60,78,860
kv_tile,60,79,819
kv_tile,60,80,847
kv_tile,60,81,857
kv_tile,60,82,863
kv_tile,60,83,910
kv_tile,60,84,893
kv_tile,60,85,905
kv_tile,60,86,936
kv_tile,60,87,935
kv_tile,60,88,950
kv_tile,60,89,1006
kv_tile,60,90,937
kv_tile,60,91,999
kv_tile,60,92,991
kv_tile,60,93,1000
kv_tile,60,94,967
kv_tile,60,95,998
kv_tile,60,96,1082
kv_tile,60,97,1003
kv_tile,60,98,1097
kv_tile,60,99,1083
kv_tile,60,100,1111
kv_tile,60,101,1202
kv_tile,60,102,1126
kv_tile,60,103,1233
kv_tile,60,104,1188
kv_tile,60,105,1263
kv_tile,60,106,1261
kv_tile,60,107,1276
kv_tile,60,108,1308
kv_tile,60,109,1387
kv_tile,60,110,1439
kv_tile,60,111,1475
kv_tile,60,112,1557
kv_tile,60,113,1561
kv_tile,60,114,1608
kv_tile,60,115,1689
kv_tile,60,116,1769
kv_tile,60,117,1921
kv_tile,60,118,1927
kv_tile,60,119,2021
kv_tile,60,120,2032
kv_tile,60,121,2164
kv_tile,60,122,2477
kv_tile,60,123,2750
kv_tile,60,124,3000
kv_tile,60,125,3554
kv_tile,60,126,4436
kv_tile,60,127,6377
kv_tile,60,128,20280
kv_tile,61,0,1240
kv_tile,61,1,1089
kv_tile,61,2,1059
kv_tile,61,3,1058
kv_tile,61,4,980
kv_tile,61,5,1006
kv_tile,61,6,963
kv_tile,61,7,941
kv_tile,61,8,938
kv_tile,61,9,953
kv_tile,61,10,970
kv_tile,61,11,998
kv_tile,61,12,939
kv_tile,61,13,908
kv_tile,61,14,883
kv_tile,61,15,885
kv_tile,61,16,864
kv_tile,61,17,896
kv_tile,61,18,862
kv_tile,61,19,943
kv_tile,61,20,862
kv_tile,61,21,886
kv_tile,61,22,928
kv_tile,61,23,913
kv_tile,61,24,830
kv_tile,61,25,871
kv_tile,61,26,840
kv_tile,61,27,883
kv_tile,61,28,859
kv_tile,61,29,923
kv_tile,61,30,933
kv_tile,61,31,861
kv_tile,61,32,908
kv_tile,61,33,892
kv_tile,61,34,863
kv_tile,61,35,907
kv_tile,61,36,914
kv_tile,61,37,905
kv_tile,61,38,922
kv_tile,61,39,973
kv_tile,61,40,976
kv_tile,61,41,932
kv_tile,61,42,918
kv_tile,61,43,870
kv_tile,61,44,986
kv_tile,61,45,902
kv_tile,61,46,985
kv_tile,61,47,971
kv_tile,61,48,992
kv_tile,61,49,928
kv_tile,61,50,987
kv_tile,61,51,1029
kv_tile,61,52,988
kv_tile,61,53,1017
kv_tile,61,54,1044
kv_tile,61,55,1057
kv_tile,61,56,975
kv_tile,61,57,1067
kv_tile,61,58,1038
kv_tile,61,59,1033
kv_tile,61,60,1055
kv_tile,61,61,1028
kv_tile,61,62,1057
kv_tile,61,63,1071
kv_tile,61,64,1013
kv_tile,61,65,1055
kv_tile,61,66,1142
kv_tile,61,67,1118
kv_tile,61,68,1042
kv_tile,61,69,1073
kv_tile,61,70,1029
kv_tile,61,71,1035
kv_tile,61,72,1075
kv_tile,61,73,1093
kv_tile,61,74,1095
kv_tile,61,75,1110
kv_tile,61,76,1094
kv_tile,61,77,1097
kv_tile,61,78,1090
kv_tile,61,79,1054
kv_tile,61,80,1110
kv_tile,61,81,1043
kv_tile,61,82,1109
kv_tile,61,83,1077
kv_tile,61,84,1112
kv_tile,61,85,1061
kv_tile,61,86,1078
kv_tile,61,87,1177
kv_tile,61,88,1065
kv_tile,61,89,1150
kv_tile,61,90,1091
kv_tile,61,91,1083
kv_tile,61,92,1105
kv_tile,61,93,1110
kv_tile,61,94,1088
kv_tile,61,95,1166
kv_tile,61,96,1154
kv_tile,61,97,1171
kv_tile,61,98,1115
kv_tile,61,99,1208
kv_tile,61,100,1274
kv_tile,61,101,1138
kv_tile,61,102,1185
kv_tile,61,103,1248
kv_tile,61,104,1316
kv_tile,61,105,1246
kv_tile,61,106,1311
kv_tile,61,107,1333
kv_tile,61,108,1341
kv_tile,61,109,1435
kv_tile,61,110,1435
kv_tile,61,111,1478
kv_tile,61,112,1519
kv_tile,61,113,1596
kv_tile,61,114,1645
kv_tile,61,115,1621
kv_tile,61,116,1769
kv_tile,61,117,1891
kv_tile,61,118,1929
kv_tile,61,119,2157
kv_tile,61,120,2197
kv_tile,61,121,2388
kv_tile,61,122,2593
kv_tile,61,123,2839
kv_tile,61,124,3211
kv_tile,61,125,3660
kv_tile,61,126,4387
kv_tile,61,127,6534
kv_tile,61,128,38290
kv_tile,62,0,9075
kv_tile,62,1,5074
kv_tile,62,2,3951
kv_tile,62,3,3415
kv_tile,62,4,2964
kv_tile,62,5,2733
kv_tile,62,6,2541
kv_tile,62,7,2396
kv_tile,62,8,2241
kv_tile,62,9,2076
kv_tile,62,10,2049
kv_tile,62,11,1875
kv_tile,62,12,1871
kv_tile,62,13,1814
kv_tile,62,14,1785
kv_tile,62,15,1664
kv_tile,62,16,1660
kv_tile,62,17,1616
kv_tile,62,18,1546
kv_tile,62,19,1533
kv_tile,62,20,1514
kv_tile,62,21,1391
kv_tile,62,22,1469
kv_tile,62,23,1360
kv_tile,62,24,1411
kv_tile,62,25,1378
kv_tile,62,26,1336
kv_tile,62,27,1296
kv_tile,62,28,1276
kv_tile,62,29,1176
kv_tile,62,30,1254
kv_tile,62,31,1209
kv_tile,62,32,1157
kv_tile,62,33,1178
kv_tile,62,34,1177
kv_tile,62,35,1224
kv_tile,62,36,1148
kv_tile,62,37,1159
kv_tile,62,38,1076
kv_tile,62,39,1067
kv_tile,62,40,1075
kv_tile,62,41,1072
kv_tile,62,42,994
kv_tile,62,43,1012
kv_tile,62,44,1065
kv_tile,62,45,1039
kv_tile,62,46,1027
kv_tile,62,47,1038
kv_tile,62,48,1039
kv_tile,62,49,982
kv_tile,62,50,1010
kv_tile,62,51,1008
kv_tile,62,52,916
kv_tile,62,53,935
kv_tile,62,54,964
kv_tile,62,55,915
kv_tile,62,56,1039
kv_tile,62,57,965
kv_tile,62,58,981
kv_tile,62,59,962
kv_tile,62,60,953
kv_tile,62,61,941
kv_tile,62,62,967
kv_tile,62,63,993
kv_tile,62,64,1058
kv_tile,62,65,1024
kv_tile,62,66,929
kv_tile,62,67,964
kv_tile,62,68,993
kv_tile,62,69,957
kv_tile,62,70,894
kv_tile,62,71,947
kv_tile,62,72,906
kv_tile,62,73,858
kv_tile,62,74,869
kv_tile,62,75,911
kv_tile,62,76,899
kv_tile,62,77,837
kv_tile,62,78,880
kv_tile,62,79,834
kv_tile,62,80,840
kv_tile,62,81,860
kv_tile,62,82,890
kv_tile,62,83,797
kv_tile,62,84,849
kv_tile,62,85,862
kv_tile,62,86,886
kv_tile,62,87,878
kv_tile,62,88,846
kv_tile,62,89,850
kv_tile,62,90,887
kv_tile,62,91,895
kv_tile,62,92,858
kv_tile,62,93,862
kv_tile,62,94,840
kv_tile,62,95,892
kv_tile,62,96,837
kv_tile,62,97,847
kv_tile,62,98,929
kv_tile,62,99,875
kv_tile,62,100,936
kv_tile,62,101,909
kv_tile,62,102,950
kv_tile,62,103,947
kv_tile,62,104,1006
kv_tile,62,105,1025
kv_tile,62,106,1013
kv_tile,62,107,993
kv_tile,62,108,988
kv_tile,62,109,1004
kv_tile,62,110,1037
kv_tile,62,111,1083
kv_tile,62,112,1114
kv_tile,62,113,1090
kv_tile,62,114,1127
kv_tile,62,115,1188
kv_tile,62,116,1281
kv_tile,62,117,1303
kv_tile,62,118,1345
kv_tile,62,119,1375
kv_tile,62,120,1463
kv_tile,62,121,1513
kv_tile,62,122,1703
kv_tile,62,123,1905
kv_tile,62,124,1952
kv_tile,62,125,2309
kv_tile,62,126,2857
kv_tile,62,127,4032
kv_tile,62,128,22093
kv_tile,63,128,196608
kv_tile,7,0,88643
kv_tile,7,1,15156
kv_tile,7,2,8680
kv_tile,7,3,6178
kv_tile,7,4,4651
kv_tile,7,5,3865
kv_tile,7,6,3132
kv_tile,7,7,2710
kv_tile,7,8,2432
kv_tile,7,9,2186
kv_tile,7,10,2046
kv_tile,7,11,1884
kv_tile,7,12,1706
kv_tile,7,13,1585
kv_tile,7,14,1368
kv_tile,7,15,1275
kv_tile,7,16,1236
kv_tile,7,17,1153
kv_tile,7,18,1094
kv_tile,7,19,997
kv_tile,7,20,943
kv_tile,7,21,847
kv_tile,7,22,878
kv_tile,7,23,824
kv_tile,7,24,774
kv_tile,7,25,736
kv_tile,7,26,769
kv_tile,7,27,657
kv_tile,7,28,712
kv_tile,7,29,634
kv_tile,7,30,634
kv_tile,7,31,554
kv_tile,7,32,562
kv_tile,7,33,573
kv_tile,7,34,492
kv_tile,7,35,506
kv_tile,7,36,485
kv_tile,7,37,489
kv_tile,7,38,474
kv_tile,7,39,471
kv_tile,7,40,431
kv_tile,7,41,427
kv_tile,7,42,422
kv_tile,7,43,410
kv_tile,7,44,425
kv_tile,7,45,419
kv_tile,7,46,391
kv_tile,7,47,411
kv_tile,7,48,393
kv_tile,7,49,379
kv_tile,7,50,351
kv_tile,7,51,386
kv_tile,7,52,382
kv_tile,7,53,356
kv_tile,7,54,354
kv_tile,7,55,339
kv_tile,7,56,320
kv_tile,7,57,332
kv_tile,7,58,336
kv_tile,7,59,330
kv_tile,7,60,327
kv_tile,7,61,291
kv_tile,7,62,322
kv_tile,7,63,275
kv_tile,7,64,280
kv_tile,7,65,311
kv_tile,7,66,326
kv_tile,7,67,323
kv_tile,7,68,299
kv_tile,7,69,295
kv_tile,7,70,270
kv_tile,7,71,281
kv_tile,7,72,292
kv_tile,7,73,305
kv_tile,7,74,284
kv_tile,7,75,290
kv_tile,7,76,269
kv_tile,7,77,260
kv_tile,7,78,246
kv_tile,7,79,260
kv_tile,7,80,233
kv_tile,7,81,247
kv_tile,7,82,258
kv_tile,7,83,275
kv_tile,7,84,255
kv_tile,7,85,229
kv_tile,7,86,244
kv_tile,7,87,242
kv_tile,7,88,256
kv_tile,7,89,236
kv_tile,7,90,210
kv_tile,7,91,235
kv_tile,7,92,245
kv_tile,7,93,219
kv_tile,7,94,261
kv_tile,7,95,225
kv_tile,7,96,255
kv_tile,7,97,228
kv_tile,7,98,247
kv_tile,7,99,246
kv_tile,7,100,239
kv_tile,7,101,213
kv_tile,7,102,233
kv_tile,7,103,230
kv_tile,7,104,246
kv_tile,7,105,231
kv_tile,7,106,265
kv_tile,7,107,246
kv_tile,7,108,227
kv_tile,7,109,237
kv_tile,7,110,274
kv_tile,7,111,287
kv_tile,7,112,316
kv_tile,7,113,304
kv_tile,7,114,301
kv_tile,7,115,334
kv_tile,7,116,326
kv_tile,7,117,370
kv_tile,7,118,346
kv_tile,7,119,415
kv_tile,7,120,402
kv_tile,7,121,409
kv_tile,7,122,431
kv_tile,7,123,455
kv_tile,7,124,549
kv_tile,7,125,674
kv_tile,7,126,849
kv_tile,7,127,1245
kv_tile,7,128,2717
kv_tile,8,0,105903
kv_tile,8,1,13944
kv_tile,8,2,7931
kv_tile,8,3,5229
kv_tile,8,4,3949
kv_tile,8,5,3215
kv_tile,8,6,2592
kv_tile,8,7,2110
kv_tile,8,8,1876
kv_tile,8,9,1657
kv_tile,8,10,1343
kv_tile,8,11,1284
kv_tile,8,12,1156
kv_tile,8,13,1056
kv_tile,8,14,957
kv_tile,8,15,848
kv_tile,8,16,836
kv_tile,8,17,782
kv_tile,8,18,720
kv_tile,8,19,682
kv_tile,8,20,622
kv_tile,8,21,639
kv_tile,8,22,606
kv_tile,8,23,594
kv_tile,8,24,574
kv_tile,8,25,536
kv_tile,8,26,512
kv_tile,8,27,515
kv_tile,8,28,461
kv_tile,8,29,446
kv_tile,8,30,481
kv_tile,8,31,444
kv_tile,8,32,426
kv_tile,8,33,424
kv_tile,8,34,413
kv_tile,8,35,399
kv_tile,8,36,390
kv_tile,8,37,415
kv_tile,8,38,335
kv_tile,8,39,378
kv_tile,8,40,355
kv_tile,8,41,318
kv_tile,8,42,358
kv_tile,8,43,375
kv_tile,8,44,341
kv_tile,8,45,316
kv_tile,8,46,316
kv_tile,8,47,351
kv_tile,8,48,309
kv_tile,8,49,326
kv_tile,8,50,310
kv_tile,8,51,323
kv_tile,8,52,310
kv_tile,8,53,315
kv_tile,8,54,317
kv_tile,8,55,296
kv_tile,8,56,318
kv_tile,8,57,299
kv_tile,8,58,339
kv_tile,8,59,313
kv_tile,8,60,309
kv_tile,8,61,321
kv_tile,8,62,326
kv_tile,8,63,357
kv_tile,8,64,347
kv_tile,8,65,347
kv_tile,8,66,313
kv_tile,8,67,285
kv_tile,8,68,287
kv_tile,8,69,278
kv_tile,8,70,280
kv_tile,8,71,293
kv_tile,8,72,248
kv_tile,8,73,253
kv_tile,8,74,256
kv_tile,8,75,208
kv_tile,8,76,236
kv_tile,8,77,213
kv_tile,8,78,200
kv_tile,8,79,212
kv_tile,8,80,233
kv_tile,8,81,221
kv_tile,8,82,222
kv_tile,8,83,186
kv_tile,8,84,205
kv_tile,8,85,198
kv_tile,8,86,225
kv_tile,8,87,186
kv_tile,8,88,203
kv_tile,8,89,216
kv_tile,8,90,195
kv_tile,8,91,201
kv_tile,8,92,215
kv_tile,8,93,177
kv_tile,8,94,183
kv_tile,8,95,212
kv_tile,8,96,197
kv_tile,8,97,190
kv_tile,8,98,217
kv_tile,8,99,200
kv_tile,8,100,201
kv_tile,8,101,207
kv_tile,8,102,178
kv_tile,8,103,202
kv_tile,8,104,211
kv_tile,8,105,219
kv_tile,8,106,209
kv_tile,8,107,205
kv_tile,8,108,238
kv_tile,8,109,230
kv_tile,8,110,212
kv_tile,8,111,200
kv_tile,8,112,228
kv_tile,8,113,232
kv_tile,8,114,260
kv_tile,8,115,273
kv_tile,8,116,266
kv_tile,8,117,284
kv_tile,8,118,278
kv_tile,8,119,285
kv_tile,8,120,314
kv_tile,8,121,314
kv_tile,8,122,310
kv_tile,8,123,391
kv_tile,8,124,384
kv_tile,8,125,557
kv_tile,8,126,619
kv_tile,8,127,886
kv_tile,8,128,4379
kv_tile,9,0,91965
kv_tile,9,1,15353
kv_tile,9,2,8672
kv_tile,9,3,5914
kv_tile,9,4,4495
kv_tile,9,5,3601
kv_tile,9,6,2962
kv_tile,9,7,2480
kv_tile,9,8,2113
kv_tile,9,9,1934
kv_tile,9,10,1632
kv_tile,9,11,1519
kv_tile,9,12,1421
kv_tile,9,13,1283
kv_tile,9,14,1117
kv_tile,9,15,1089
kv_tile,9,16,1006
kv_tile,9,17,898
kv_tile,9,18,853
kv_tile,9,19,793
kv_tile,9,20,836
kv_tile,9,21,723
kv_tile,9,22,758
kv_tile,9,23,690
kv_tile,9,24,639
kv_tile,9,25,609
kv_tile,9,26,651
kv_tile,9,27,569
kv_tile,9,28,609
kv_tile,9,29,581
kv_tile,9,30,515
kv_tile,9,31,495
kv_tile,9,32,484
kv_tile,9,33,496
kv_tile,9,34,470
kv_tile,9,35,433
kv_tile,9,36,482
kv_tile,9,37,388
kv_tile,9,38,441
kv_tile,9,39,419
kv_tile,9,40,427
kv_tile,9,41,427
kv_tile,9,42,423
kv_tile,9,43,460
kv_tile,9,44,381
kv_tile,9,45,383
kv_tile,9,46,374
kv_tile,9,47,372
kv_tile,9,48,347
kv_tile,9,49,396
kv_tile,9,50,354
kv_tile,9,51,342
kv_tile,9,52,379
kv_tile,9,53,370
kv_tile,9,54,333
kv_tile,9,55,338
kv_tile,9,56,357
kv_tile,9,57,337
kv_tile,9,58,319
kv_tile,9,59,333
kv_tile,9,60,307
kv_tile,9,61,352
kv_tile,9,62,329
kv_tile,9,63,305
kv_tile,9,64,332
kv_tile,9,65,335
kv_tile,9,66,315
kv_tile,9,67,332
kv_tile,9,68,330
kv_tile,9,69,284
kv_tile,9,70,273
kv_tile,9,71,299
kv_tile,9,72,277
kv_tile,9,73,250
kv_tile,9,74,289
kv_tile,9,75,301
kv_tile,9,76,311
kv_tile,9,77,307
kv_tile,9,78,301
kv_tile,9,79,289
kv_tile,9,80,264
kv_tile,9,81,295
kv_tile,9,82,269
kv_tile,9,83,254
kv_tile,9,84,259
kv_tile,9,85,273
kv_tile,9,86,258
kv_tile,9,87,277
kv_tile,9,88,257
kv_tile,9,89,254
kv_tile,9,90,293
kv_tile,9,91,271
kv_tile,9,92,256
kv_tile,9,93,274
kv_tile,9,94,274
kv_tile,9,95,266
kv_tile,9,96,233
kv_tile,9,97,250
kv_tile,9,98,260
kv_tile,9,99,313
kv_tile,9,100,280
kv_tile,9,101,305
kv_tile,9,102,277
kv_tile,9,103,245
kv_tile,9,104,267
kv_tile,9,105,249
kv_tile,9,106,310
kv_tile,9,107,292
kv_tile,9,108,274
kv_tile,9,109,298
kv_tile,9,110,312
kv_tile,9,111,299
kv_tile,9,112,329
kv_tile,9,113,287
kv_tile,9,114,330
kv_tile,9,115,371
kv_tile,9,116,332
kv_tile,9,117,347
kv_tile,9,118,387
kv_tile,9,119,368
kv_tile,9,120,409
kv_tile,9,121,416
kv_tile,9,122,440
kv_tile,9,123,471
kv_tile,9,124,582
kv_tile,9,125,671
kv_tile,9,126,898
kv_tile,9,127,1438
kv_tile,9,128,3816
layer,0,0,56883
layer,0,1,9673
layer,0,2,5584
layer,0,3,4192
layer,0,4,3484
layer,0,5,3256
layer,0,6,2875
layer,0,7,2711
layer,0,8,2779
layer,0,9,2653
layer,0,10,2525
layer,0,11,2443
layer,0,12,2299
layer,0,13,2267
layer,0,14,2311
layer,0,15,2027
layer,0,16,1960
layer,0,17,1799
layer,0,18,1812
layer,0,19,1633
layer,0,20,1698
layer,0,21,1548
layer,0,22,1647
layer,0,23,1479
layer,0,24,1480
layer,0,25,1328
layer,0,26,1318
layer,0,27,1330
layer,0,28,1353
layer,0,29,1326
layer,0,30,1198
layer,0,31,1302
layer,0,32,1153
layer,0,33,1165
layer,0,34,1107
layer,0,35,1129
layer,0,36,1151
layer,0,37,1223
layer,0,38,1115
layer,0,39,1085
layer,0,40,1106
layer,0,41,1042
layer,0,42,1013
layer,0,43,1042
layer,0,44,1015
layer,0,45,1038
layer,0,46,1041
layer,0,47,1026
layer,0,48,1024
layer,0,49,1007
layer,0,50,959
layer,0,51,1013
layer,0,52,1014
layer,0,53,969
layer,0,54,1042
layer,0,55,1069
layer,0,56,980
layer,0,57,1014
layer,0,58,971
layer,0,59,923
layer,0,60,925
layer,0,61,891
layer,0,62,886
layer,0,63,865
layer,0,64,955
layer,0,65,910
layer,0,66,840
layer,0,67,807
layer,0,68,697
layer,0,69,723
layer,0,70,631
layer,0,71,618
layer,0,72,644
layer,0,73,658
layer,0,74,664
layer,0,75,608
layer,0,76,616
layer,0,77,684
layer,0,78,625
layer,0,79,585
layer,0,80,602
layer,0,81,564
layer,0,82,594
layer,0,83,612
layer,0,84,554
layer,0,85,627
layer,0,86,664
layer,0,87,658
layer,0,88,645
layer,0,89,612
layer,0,90,629
layer,0,91,661
layer,0,92,679
layer,0,93,705
layer,0,94,717
layer,0,95,717
layer,0,96,688
layer,0,97,753
layer,0,98,766
layer,0,99,768
layer,0,100,707
layer,0,101,773
layer,0,102,729
layer,0,103,800
layer,0,104,886
layer,0,105,883
layer,0,106,908
layer,0,107,1032
layer,0,108,1030
layer,0,109,1058
layer,0,110,1055
layer,0,111,1110
layer,0,112,1087
layer,0,113,1268
layer,0,114,1291
layer,0,115,1363
layer,0,116,1496
layer,0,117,1758
layer,0,118,1836
layer,0,119,2004
layer,0,120,2304
layer,0,121,2623
layer,0,122,2886
layer,0,123,2987
layer,0,124,3885
layer,0,125,4838
layer,0,126,6925
layer,0,127,13330
layer,0,128,140708
layer,1,0,77113
layer,1,1,10896
layer,1,2,7059
layer,1,3,5185
layer,1,4,4176
layer,1,5,3472
layer,1,6,3011
layer,1,7,2801
layer,1,8,2572
layer,1,9,2214
layer,1,10,2195
layer,1,11,2028
layer,1,12,1886
layer,1,13,1885
layer,1,14,1741
layer,1,15,1658
layer,1,16,1555
layer,1,17,1540
layer,1,18,1521
layer,1,19,1536
layer,1,20,1450
layer,1,21,1386
layer,1,22,1410
layer,1,23,1341
layer,1,24,1415
layer,1,25,1348
layer,1,26,1293
layer,1,27,1315
layer,1,28,1262
layer,1,29,1237
layer,1,30,1271
layer,1,31,1233
layer,1,32,1229
layer,1,33,1162
layer,1,34,1168
layer,1,35,1090
layer,1,36,1157
layer,1,37,1022
layer,1,38,1066
layer,1,39,1058
layer,1,40,1003
layer,1,41,973
layer,1,42,1067
layer,1,43,1018
layer,1,44,1048
layer,1,45,1003
layer,1,46,951
layer,1,47,1017
layer,1,48,935
layer,1,49,994
layer,1,50,948
layer,1,51,887
layer,1,52,938
layer,1,53,856
layer,1,54,934
layer,1,55,854
layer,1,56,885
layer,1,57,906
layer,1,58,911
layer,1,59,1005
layer,1,60,957
layer,1,61,944
layer,1,62,973
layer,1,63,1072
layer,1,64,947
layer,1,65,922
layer,1,66,985
layer,1,67,948
layer,1,68,849
layer,1,69,857
layer,1,70,852
layer,1,71,887
layer,1,72,897
layer,1,73,879
layer,1,74,848
layer,1,75,909
layer,1,76,928
layer,1,77,867
layer,1,78,832
layer,1,79,833
layer,1,80,889
layer,1,81,861
layer,1,82,797
layer,1,83,788
layer,1,84,838
layer,1,85,956
layer,1,86,856
layer,1,87,810
layer,1,88,842
layer,1,89,881
layer,1,90,892
layer,1,91,853
layer,1,92,878
layer,1,93,882
layer,1,94,936
layer,1,95,903
layer,1,96,859
layer,1,97,910
layer,1,98,888
layer,1,99,952
layer,1,100,966
layer,1,101,970
layer,1,102,937
layer,1,103,971
layer,1,104,1102
layer,1,105,1133
layer,1,106,1160
layer,1,107,1226
layer,1,108,1226
layer,1,109,1312
layer,1,110,1444
layer,1,111,1572
layer,1,112,1736
layer,1,113,1852
layer,1,114,1990
layer,1,115,2067
layer,1,116,2148
layer,1,117,2477
layer,1,118,2451
layer,1,119,2352
layer,1,120,2523
layer,1,121,2810
layer,1,122,3283
layer,1,123,4281
layer,1,124,4519
layer,1,125,6018
layer,1,126,7447
layer,1,127,10989
layer,1,128,104507
layer,10,0,112166
layer,10,1,22108
layer,10,2,13946
layer,10,3,10266
layer,10,4,8360
layer,10,5,7245
layer,10,6,6251
layer,10,7,5636
layer,10,8,5032
layer,10,9,4644
layer,10,10,4075
layer,10,11,3772
layer,10,12,3493
layer,10,13,3364
layer,10,14,3062
layer,10,15,3026
layer,10,16,2809
layer,10,17,2668
layer,10,18,2486
layer,10,19,2384
layer,10,20,2339
layer,10,21,2243
layer,10,22,2236
layer,10,23,2101
layer,10,24,2033
layer,10,25,1933
layer,10,26,1888
layer,10,27,1789
layer,10,28,1837
layer,10,29,1691
layer,10,30,1699
layer,10,31,1638
layer,10,32,1522
layer,10,33,1474
layer,10,34,1543
layer,10,35,1421
layer,10,36,1436
layer,10,37,1381
layer,10,38,1373
layer,10,39,1369
layer,10,40,1354
layer,10,41,1344
layer,10,42,1256
layer,10,43,1315
layer,10,44,1253
layer,10,45,1220
layer,10,46,1278
layer,10,47,1277
layer,10,48,1288
layer,10,49,1199
layer,10,50,1218
layer,10,51,1140
layer,10,52,1164
layer,10,53,1089
layer,10,54,1122
layer,10,55,1139
layer,10,56,1055
layer,10,57,1113
layer,10,58,1090
layer,10,59,1082
layer,10,60,1003
layer,10,61,1062
layer,10,62,1077
layer,10,63,1079
layer,10,64,1029
layer,10,65,1089
layer,10,66,1037
layer,10,67,995
layer,10,68,964
layer,10,69,1004
layer,10,70,968
layer,10,71,897
layer,10,72,891
layer,10,73,968
layer,10,74,969
layer,10,75,915
layer,10,76,953
layer,10,77,925
layer,10,78,923
layer,10,79,920
layer,10,80,932
layer,10,81,862
layer,10,82,906
layer,10,83,921
layer,10,84,921
layer,10,85,912
layer,10,86,910
layer,10,87,959
layer,10,88,954
layer,10,89,890
layer,10,90,921
layer,10,91,925
layer,10,92,963
layer,10,93,902
layer,10,94,926
layer,10,95,897
layer,10,96,908
layer,10,97,915
layer,10,98,977
layer,10,99,977
layer,10,100,974
layer,10,101,1000
layer,10,102,1004
layer,10,103,1023
layer,10,104,1038
layer,10,105,991
layer,10,106,1033
layer,10,107,1079
layer,10,108,1121
layer,10,109,1130
layer,10,110,1115
layer,10,111,1189
layer,10,112,1235
layer,10,113,1274
layer,10,114,1250
layer,10,115,1338
layer,10,116,1426
layer,10,117,1428
layer,10,118,1555
layer,10,119,1701
layer,10,120,1821
layer,10,121,1879
layer,10,122,2100
layer,10,123,2362
layer,10,124,2724
layer,10,125,3308
layer,10,126,3826
layer,10,127,5365
layer,10,128,22046
layer,11,0,143609
layer,11,1,20198
layer,11,2,12240
layer,11,3,8773
layer,11,4,7069
layer,11,5,6050
layer,11,6,5076
layer,11,7,4479
layer,11,8,4123
layer,11,9,3728
layer,11,10,3422
layer,11,11,3198
layer,11,12,2895
layer,11,13,2672
layer,11,14,2653
layer,11,15,2517
layer,11,16,2296
layer,11,17,2251
layer,11,18,2171
layer,11,19,2104
layer,11,20,2080
layer,11,21,1984
layer,11,22,1832
layer,11,23,1845
layer,11,24,1767
layer,11,25,1750
layer,11,26,1675
layer,11,27,1565
layer,11,28,1568
layer,11,29,1458
layer,11,30,1495
layer,11,31,1383
layer,11,32,1440
layer,11,33,1420
layer,11,34,1356
layer,11,35,1402
layer,11,36,1329
layer,11,37,1363
layer,11,38,1334
layer,11,39,1293
layer,11,40,1287
layer,11,41,1259
layer,11,42,1159
layer,11,43,1246
layer,11,44,1139
layer,11,45,1108
layer,11,46,1138
layer,11,47,1115
layer,11,48,1096
layer,11,49,1095
layer,11,50,1091
layer,11,51,1089
layer,11,52,1039
layer,11,53,1052
layer,11,54,1117
layer,11,55,1105
layer,11,56,1066
layer,11,57,1075
layer,11,58,1011
layer,11,59,1042
layer,11,60,1055
layer,11,61,1122
layer,11,62,1136
layer,11,63,1123
layer,11,64,1034
layer,11,65,1123
layer,11,66,1083
layer,11,67,1039
layer,11,68,1047
layer,11,69,973
layer,11,70,1027
layer,11,71,1021
layer,11,72,930
layer,11,73,978
layer,11,74,920
layer,11,75,897
layer,11,76,993
layer,11,77,943
layer,11,78,976
layer,11,79,934
layer,11,80,907
layer,11,81,905
layer,11,82,896
layer,11,83,920
layer,11,84,938
layer,11,85,907
layer,11,86,928
layer,11,87,884
layer,11,88,893
layer,11,89,836
layer,11,90,798
layer,11,91,868
layer,11,92,891
layer,11,93,866
layer,11,94,896
layer,11,95,941
layer,11,96,892
layer,11,97,812
layer,11,98,888
layer,11,99,908
layer,11,100,880
layer,11,101,824
layer,11,102,888
layer,11,103,886
layer,11,104,924
layer,11,105,935
layer,11,106,903
layer,11,107,941
layer,11,108,920
layer,11,109,959
layer,11,110,1013
layer,11,111,997
layer,11,112,1105
layer,11,113,1106
layer,11,114,1086
layer,11,115,1169
layer,11,116,1166
layer,11,117,1190
layer,11,118,1253
layer,11,119,1333
layer,11,120,1406
layer,11,121,1526
layer,11,122,1628
layer,11,123,1761
layer,11,124,2027
layer,11,125,2387
layer,11,126,3051
layer,11,127,4394
layer,11,128,21238
layer,12,0,142468
layer,12,1,22138
layer,12,2,13207
layer,12,3,9771
layer,12,4,7827
layer,12,5,6621
layer,12,6,5702
layer,12,7,5008
layer,12,8,4530
layer,12,9,4042
layer,12,10,3709
layer,12,11,3428
layer,12,12,3210
layer,12,13,3033
layer,12,14,2815
layer,12,15,2703
layer,12,16,2485
layer,12,17,2423
layer,12,18,2263
layer,12,19,2223
layer,12,20,2155
layer,12,21,2047
layer,12,22,1994
layer,12,23,1956
layer,12,24,1833
layer,12,25,1729
layer,12,26,1741
layer,12,27,1660
layer,12,28,1612
layer,12,29,1568
layer,12,30,1510
layer,12,31,1439
layer,12,32,1425
layer,12,33,1464
layer,12,34,1427
layer,12,35,1347
layer,12,36,1238
layer,12,37,1292
layer,12,38,1170
layer,12,39,1194
layer,12,40,1258
layer,12,41,1250
layer,12,42,1161
layer,12,43,1147
layer,12,44,1085
layer,12,45,1108
layer,12,46,1071
layer,12,47,1107
layer,12,48,1093
layer,12,49,1097
layer,12,50,1074
layer,12,51,988
layer,12,52,1050
layer,12,53,996
layer,12,54,1062
layer,12,55,980
layer,12,56,1008
layer,12,57,1029
layer,12,58,1085
layer,12,59,1048
layer,12,60,1049
layer,12,61,1068
layer,12,62,1051
layer,12,63,1076
layer,12,64,1003
layer,12,65,1032
layer,12,66,1007
layer,12,67,969
layer,12,68,984
layer,12,69,985
layer,12,70,960
layer,12,71,938
layer,12,72,888
layer,12,73,928
layer,12,74,871
layer,12,75,884
layer,12,76,928
layer,12,77,882
layer,12,78,903
layer,12,79,858
layer,12,80,842
layer,12,81,821
layer,12,82,902
layer,12,83,851
layer,12,84,927
layer,12,85,834
layer,12,86,862
layer,12,87,880
layer,12,88,781
layer,12,89,858
layer,12,90,802
layer,12,91,774
layer,12,92,854
layer,12,93,838
layer,12,94,849
layer,12,95,839
layer,12,96,848
layer,12,97,842
layer,12,98,762
layer,12,99,839
layer,12,100,846
layer,12,101,810
layer,12,102,849
layer,12,103,915
layer,12,104,912
layer,12,105,868
layer,12,106,900
layer,12,107,869
layer,12,108,894
layer,12,109,925
layer,12,110,867
layer,12,111,944
layer,12,112,963
layer,12,113,1000
layer,12,114,921
layer,12,115,1051
layer,12,116,993
layer,12,117,1097
layer,12,118,1193
layer,12,119,1226
layer,12,120,1260
layer,12,121,1322
layer,12,122,1408
layer,12,123,1627
layer,12,124,1804
layer,12,125,2153
layer,12,126,2878
layer,12,127,4409
layer,12,128,18139
layer,13,0,102274
layer,13,1,25041
layer,13,2,15666
layer,13,3,11737
layer,13,4,9280
layer,13,5,7841
layer,13,6,6779
layer,13,7,6201
layer,13,8,5299
layer,13,9,4890
layer,13,10,4350
layer,13,11,3989
layer,13,12,3837
layer,13,13,3512
layer,13,14,3230
layer,13,15,3116
layer,13,16,3046
layer,13,17,2754
layer,13,18,2622
layer,13,19,2591
layer,13,20,2356
layer,13,21,2407
layer,13,22,2192
layer,13,23,2183
layer,13,24,2098
layer,13,25,1921
layer,13,26,2012
layer,13,27,1942
layer,13,28,1812
layer,13,29,1802
layer,13,30,1819
layer,13,31,1698
layer,13,32,1711
layer,13,33,1609
layer,13,34,1658
layer,13,35,1588
layer,13,36,1627
layer,13,37,1543
layer,13,38,1480
layer,13,39,1533
layer,13,40,1510
layer,13,41,1436
layer,13,42,1355
layer,13,43,1312
layer,13,44,1372
layer,13,45,1325
layer,13,46,1351
layer,13,47,1302
layer,13,48,1309
layer,13,49,1310
layer,13,50,1300
layer,13,51,1267
layer,13,52,1218
layer,13,53,1242
layer,13,54,1214
layer,13,55,1194
layer,13,56,1213
layer,13,57,1145
layer,13,58,1132
layer,13,59,1160
layer,13,60,1158
layer,13,61,1145
layer,13,62,1146
layer,13,63,1125
layer,13,64,1227
layer,13,65,1156
layer,13,66,1159
layer,13,67,1167
layer,13,68,1073
layer,13,69,1088
layer,13,70,1019
layer,13,71,1085
layer,13,72,1144
layer,13,73,1085
layer,13,74,1098
layer,13,75,1057
layer,13,76,1066
layer,13,77,1038
layer,13,78,1083
layer,13,79,1058
layer,13,80,1032
layer,13,81,1083
layer,13,82,1058
layer,13,83,1035
layer,13,84,997
layer,13,85,1030
layer,13,86,1022
layer,13,87,1043
layer,13,88,1030
layer,13,89,1047
layer,13,90,1018
layer,13,91,1067
layer,13,92,1003
layer,13,93,987
layer,13,94,1011
layer,13,95,1104
layer,13,96,1037
layer,13,97,1056
layer,13,98,1049
layer,13,99,1017
layer,13,100,1040
layer,13,101,1059
layer,13,102,1074
layer,13,103,1061
layer,13,104,1060
layer,13,105,1062
layer,13,106,1102
layer,13,107,1136
layer,13,108,1136
layer,13,109,1202
layer,13,110,1157
layer,13,111,1199
layer,13,112,1219
layer,13,113,1247
layer,13,114,1275
layer,13,115,1292
layer,13,116,1359
layer,13,117,1404
layer,13,118,1439
layer,13,119,1653
layer,13,120,1662
layer,13,121,1729
layer,13,122,1976
layer,13,123,2021
layer,13,124,2235
layer,13,125,2627
layer,13,126,2962
layer,13,127,3741
layer,13,128,16471
layer,14,0,135438
layer,14,1,21714
layer,14,2,13332
layer,14,3,9641
layer,14,4,7897
layer,14,5,6485
layer,14,6,5759
layer,14,7,5044
layer,14,8,4532
layer,14,9,4031
layer,14,10,3761
layer,14,11,3418
layer,14,12,3238
layer,14,13,3081
layer,14,14,2923
layer,14,15,2767
layer,14,16,2569
layer,14,17,2482
layer,14,18,2394
layer,14,19,2184
layer,14,20,2142
layer,14,21,2109
layer,14,22,2035
layer,14,23,1947
layer,14,24,1924
layer,14,25,1902
layer,14,26,1808
layer,14,27,1687
layer,14,28,1735
layer,14,29,1688
layer,14,30,1583
layer,14,31,1571
layer,14,32,1547
layer,14,33,1537
layer,14,34,1488
layer,14,35,1427
layer,14,36,1449
layer,14,37,1431
layer,14,38,1404
layer,14,39,1307
layer,14,40,1324
layer,14,41,1332
layer,14,42,1316
layer,14,43,1284
layer,14,44,1323
layer,14,45,1225
layer,14,46,1192
layer,14,47,1207
layer,14,48,1233
layer,14,49,1176
layer,14,50,1124
layer,14,51,1151
layer,14,52,1143
layer,14,53,1078
layer,14,54,1115
layer,14,55,1046
layer,14,56,1051
layer,14,57,1076
layer,14,58,1060
layer,14,59,1058
layer,14,60,1039
layer,14,61,1060
layer,14,62,1064
layer,14,63,1086
layer,14,64,1169
layer,14,65,1142
layer,14,66,1023
layer,14,67,984
layer,14,68,1097
layer,14,69,978
layer,14,70,963
layer,14,71,969
layer,14,72,970
layer,14,73,960
layer,14,74,906
layer,14,75,881
layer,14,76,889
layer,14,77,901
layer,14,78,897
layer,14,79,899
layer,14,80,894
layer,14,81,888
layer,14,82,851
layer,14,83,885
layer,14,84,819
layer,14,85,860
layer,14,86,898
layer,14,87,879
layer,14,88,909
layer,14,89,839
layer,14,90,834
layer,14,91,845
layer,14,92,854
layer,14,93,892
layer,14,94,862
layer,14,95,864
layer,14,96,851
layer,14,97,844
layer,14,98,885
layer,14,99,837
layer,14,100,936
layer,14,101,879
layer,14,102,880
layer,14,103,919
layer,14,104,861
layer,14,105,904
layer,14,106,891
layer,14,107,941
layer,14,108,958
layer,14,109,1021
layer,14,110,965
layer,14,111,1005
layer,14,112,1057
layer,14,113,1028
layer,14,114,1104
layer,14,115,1049
layer,14,116,1162
layer,14,117,1148
layer,14,118,1154
layer,14,119,1317
layer,14,120,1389
layer,14,121,1417
layer,14,122,1642
layer,14,123,1759
layer,14,124,2060
layer,14,125,2279
layer,14,126,2902
layer,14,127,4132
layer,14,128,18365
layer,15,0,125160
layer,15,1,21915
layer,15,2,13811
layer,15,3,10452
layer,15,4,8269
layer,15,5,7128
layer,15,6,6192
layer,15,7,5644
layer,15,8,4998
layer,15,9,4621
layer,15,10,4090
layer,15,11,3914
layer,15,12,3634
layer,15,13,3397
layer,15,14,3208
layer,15,15,3011
layer,15,16,2912
layer,15,17,2743
layer,15,18,2584
layer,15,19,2569
layer,15,20,2418
layer,15,21,2389
layer,15,22,2219
layer,15,23,2233
layer,15,24,2109
layer,15,25,2015
layer,15,26,1929
layer,15,27,1901
layer,15,28,1809
layer,15,29,1824
layer,15,30,1647
layer,15,31,1649
layer,15,32,1582
layer,15,33,1568
layer,15,34,1543
layer,15,35,1429
layer,15,36,1445
layer,15,37,1348
layer,15,38,1400
layer,15,39,1324
layer,15,40,1421
layer,15,41,1306
layer,15,42,1307
layer,15,43,1288
layer,15,44,1257
layer,15,45,1225
layer,15,46,1235
layer,15,47,1262
layer,15,48,1181
layer,15,49,1165
layer,15,50,1142
layer,15,51,1111
layer,15,52,1097
layer,15,53,1135
layer,15,54,1122
layer,15,55,1104
layer,15,56,1149
layer,15,57,1142
layer,15,58,1053
layer,15,59,1127
layer,15,60,1110
layer,15,61,1063
layer,15,62,1107
layer,15,63,1182
layer,15,64,1209
layer,15,65,1123
layer,15,66,1165
layer,15,67,1102
layer,15,68,1081
layer,15,69,1049
layer,15,70,1126
layer,15,71,1050
layer,15,72,1096
layer,15,73,1035
layer,15,74,1035
layer,15,75,977
layer,15,76,1006
layer,15,77,1026
layer,15,78,1004
layer,15,79,991
layer,15,80,964
layer,15,81,1095
layer,15,82,947
layer,15,83,1024
layer,15,84,1034
layer,15,85,987
layer,15,86,974
layer,15,87,956
layer,15,88,1019
layer,15,89,949
layer,15,90,1017
layer,15,91,1029
layer,15,92,917
layer,15,93,980
layer,15,94,935
layer,15,95,994
layer,15,96,965
layer,15,97,922
layer,15,98,947
layer,15,99,938
layer,15,100,927
layer,15,101,939
layer,15,102,980
layer,15,103,1028
layer,15,104,992
layer,15,105,927
layer,15,106,1009
layer,15,107,957
layer,15,108,1052
layer,15,109,990
layer,15,110,1029
layer,15,111,1124
layer,15,112,1032
layer,15,113,1029
layer,15,114,1061
layer,15,115,1141
layer,15,116,1132
layer,15,117,1203
layer,15,118,1215
layer,15,119,1377
layer,15,120,1390
layer,15,121,1447
layer,15,122,1490
layer,15,123,1631
layer,15,124,1933
layer,15,125,2247
layer,15,126,2599
layer,15,127,3867
layer,15,128,14476
layer,16,0,111424
layer,16,1,23851
layer,16,2,14823
layer,16,3,10738
layer,16,4,8809
layer,16,5,7284
layer,16,6,6306
layer,16,7,5707
layer,16,8,5224
layer,16,9,4685
layer,16,10,4408
layer,16,11,4041
layer,16,12,3869
layer,16,13,3553
layer,16,14,3368
layer,16,15,3194
layer,16,16,3007
layer,16,17,3026
layer,16,18,2883
layer,16,19,2742
layer,16,20,2502
layer,16,21,2530
layer,16,22,2429
layer,16,23,2307
layer,16,24,2246
layer,16,25,2225
layer,16,26,2118
layer,16,27,2011
layer,16,28,1956
layer,16,29,1990
layer,16,30,1914
layer,16,31,1885
layer,16,32,1847
layer,16,33,1862
layer,16,34,1817
layer,16,35,1733
layer,16,36,1654
layer,16,37,1685
layer,16,38,1622
layer,16,39,1635
layer,16,40,1516
layer,16,41,1577
layer,16,42,1479
layer,16,43,1498
layer,16,44,1551
layer,16,45,1477
layer,16,46,1422
layer,16,47,1445
layer,16,48,1347
layer,16,49,1424
layer,16,50,1402
layer,16,51,1355
layer,16,52,1297
layer,16,53,1267
layer,16,54,1291
layer,16,55,1302
layer,16,56,1308
layer,16,57,1182
layer,16,58,1293
layer,16,59,1177
layer,16,60,1156
layer,16,61,1149
layer,16,62,1150
layer,16,63,1165
layer,16,64,1258
layer,16,65,1150
layer,16,66,1148
layer,16,67,1138
layer,16,68,1101
layer,16,69,1125
layer,16,70,1156
layer,16,71,1093
layer,16,72,1087
layer,16,73,1038
layer,16,74,1076
layer,16,75,1042
layer,16,76,1085
layer,16,77,1042
layer,16,78,1073
layer,16,79,1045
layer,16,80,1023
layer,16,81,1019
layer,16,82,1041
layer,16,83,997
layer,16,84,1029
layer,16,85,996
layer,16,86,989
layer,16,87,1026
layer,16,88,1003
layer,16,89,985
layer,16,90,965
layer,16,91,999
layer,16,92,958
layer,16,93,998
layer,16,94,949
layer,16,95,1012
layer,16,96,956
layer,16,97,968
layer,16,98,955
layer,16,99,1020
layer,16,100,979
layer,16,101,967
layer,16,102,991
layer,16,103,1007
layer,16,104,1004
layer,16,105,989
layer,16,106,1021
layer,16,107,1021
layer,16,108,1053
layer,16,109,1104
layer,16,110,1074
layer,16,111,1056
layer,16,112,1077
layer,16,113,1094
layer,16,114,1159
layer,16,115,1231
layer,16,116,1207
layer,16,117,1266
layer,16,118,1278
layer,16,119,1231
layer,16,120,1306
layer,16,121,1437
layer,16,122,1453
layer,16,123,1639
layer,16,124,1838
layer,16,125,2031
layer,16,126,2510
layer,16,127,3477
layer,16,128,13031
layer,17,0,114198
layer,17,1,23023
layer,17,2,15148
layer,17,3,11489
layer,17,4,9266
layer,17,5,7957
layer,17,6,6927
layer,17,7,6198
layer,17,8,5528
layer,17,9,5050
layer,17,10,4600
layer,17,11,4282
layer,17,12,3929
layer,17,13,3585
layer,17,14,3463
layer,17,15,3266
layer,17,16,3176
layer,17,17,3020
layer,17,18,2725
layer,17,19,2724
layer,17,20,2645
layer,17,21,2535
layer,17,22,2478
layer,17,23,2248
layer,17,24,2210
layer,17,25,2216
layer,17,26,2110
layer,17,27,2048
layer,17,28,2062
layer,17,29,1873
layer,17,30,1753
layer,17,31,1612
layer,17,32,1651
layer,17,33,1619
layer,17,34,1673
layer,17,35,1638
layer,17,36,1582
layer,17,37,1519
layer,17,38,1603
layer,17,39,1485
layer,17,40,1475
layer,17,41,1436
layer,17,42,1350
layer,17,43,1328
layer,17,44,1360
layer,17,45,1320
layer,17,46,1301
layer,17,47,1231
layer,17,48,1275
layer,17,49,1287
layer,17,50,1299
layer,17,51,1188
layer,17,52,1259
layer,17,53,1164
layer,17,54,1194
layer,17,55,1104
layer,17,56,1247
layer,17,57,1166
layer,17,58,1103
layer,17,59,1219
layer,17,60,1151
layer,17,61,1162
layer,17,62,1153
layer,17,63,1182
layer,17,64,1194
layer,17,65,1185
layer,17,66,1074
layer,17,67,1059
layer,17,68,1083
layer,17,69,1084
layer,17,70,1058
layer,17,71,1055
layer,17,72,1077
layer,17,73,974
layer,17,74,1046
layer,17,75,1072
layer,17,76,996
layer,17,77,999
layer,17,78,945
layer,17,79,997
layer,17,80,1019
layer,17,81,937
layer,17,82,1004
layer,17,83,969
layer,17,84,966
layer,17,85,999
layer,17,86,958
layer,17,87,985
layer,17,88,977
layer,17,89,971
layer,17,90,967
layer,17,91,976
layer,17,92,940
layer,17,93,974
layer,17,94,932
layer,17,95,943
layer,17,96,1004
layer,17,97,1015
layer,17,98,957
layer,17,99,975
layer,17,100,960
layer,17,101,969
layer,17,102,966
layer,17,103,1041
layer,17,104,935
layer,17,105,1050
layer,17,106,1003
layer,17,107,959
layer,17,108,1017
layer,17,109,1045
layer,17,110,1061
layer,17,111,1059
layer,17,112,1070
layer,17,113,1061
layer,17,114,1158
layer,17,115,1121
layer,17,116,1135
layer,17,117,1199
layer,17,118,1256
layer,17,119,1268
layer,17,120,1347
layer,17,121,1489
layer,17,122,1485
layer,17,123,1622
layer,17,124,1854
layer,17,125,2147
layer,17,126,2510
layer,17,127,3201
layer,17,128,11794
layer,18,0,129929
layer,18,1,21937
layer,18,2,13804
layer,18,3,10473
layer,18,4,8470
layer,18,5,7332
layer,18,6,6417
layer,18,7,5607
layer,18,8,5071
layer,18,9,4761
layer,18,10,4293
layer,18,11,3995
layer,18,12,3706
layer,18,13,3473
layer,18,14,3254
layer,18,15,3113
layer,18,16,2971
layer,18,17,2800
layer,18,18,2535
layer,18,19,2553
layer,18,20,2377
layer,18,21,2361
layer,18,22,2286
layer,18,23,2105
layer,18,24,2023
layer,18,25,2027
layer,18,26,1932
layer,18,27,1858
layer,18,28,1823
layer,18,29,1776
layer,18,30,1720
layer,18,31,1692
layer,18,32,1665
layer,18,33,1586
layer,18,34,1537
layer,18,35,1523
layer,18,36,1477
layer,18,37,1470
layer,18,38,1428
layer,18,39,1375
layer,18,40,1329
layer,18,41,1298
layer,18,42,1315
layer,18,43,1332
layer,18,44,1315
layer,18,45,1273
layer,18,46,1185
layer,18,47,1281
layer,18,48,1170
layer,18,49,1182
layer,18,50,1205
layer,18,51,1099
layer,18,52,1133
layer,18,53,1101
layer,18,54,1065
layer,18,55,1120
layer,18,56,1055
layer,18,57,1082
layer,18,58,1010
layer,18,59,1111
layer,18,60,1058
layer,18,61,1130
layer,18,62,1081
layer,18,63,1138
layer,18,64,1115
layer,18,65,1094
layer,18,66,1009
layer,18,67,1079
layer,18,68,1042
layer,18,69,1049
layer,18,70,979
layer,18,71,974
layer,18,72,985
layer,18,73,926
layer,18,74,926
layer,18,75,1005
layer,18,76,947
layer,18,77,918
layer,18,78,967
layer,18,79,929
layer,18,80,938
layer,18,81,912
layer,18,82,914
layer,18,83,922
layer,18,84,891
layer,18,85,936
layer,18,86,924
layer,18,87,928
layer,18,88,939
layer,18,89,918
layer,18,90,925
layer,18,91,923
layer,18,92,879
layer,18,93,981
layer,18,94,858
layer,18,95,981
layer,18,96,946
layer,18,97,953
layer,18,98,918
layer,18,99,965
layer,18,100,988
layer,18,101,940
layer,18,102,965
layer,18,103,995
layer,18,104,947
layer,18,105,957
layer,18,106,1015
layer,18,107,1030
layer,18,108,1007
layer,18,109,1022
layer,18,110,1042
layer,18,111,1089
layer,18,112,1090
layer,18,113,1114
layer,18,114,1109
layer,18,115,1167
layer,18,116,1181
layer,18,117,1269
layer,18,118,1283
layer,18,119,1358
layer,18,120,1304
layer,18,121,1448
layer,18,122,1454
layer,18,123,1588
layer,18,124,1728
layer,18,125,1883
layer,18,126,2174
layer,18,127,2979
layer,18,128,11992
layer,19,0,93785
layer,19,1,24773
layer,19,2,16319
layer,19,3,12407
layer,19,4,10151
layer,19,5,8998
layer,19,6,7664
layer,19,7,6753
layer,19,8,6145
layer,19,9,5582
layer,19,10,5117
layer,19,11,4770
layer,19,12,4413
layer,19,13,4172
layer,19,14,3933
layer,19,15,3666
layer,19,16,3350
layer,19,17,3354
layer,19,18,3114
layer,19,19,2939
layer,19,20,2922
layer,19,21,2718
layer,19,22,2633
layer,19,23,2547
layer,19,24,2475
layer,19,25,2415
layer,19,26,2316
layer,19,27,2334
layer,19,28,2226
layer,19,29,2131
layer,19,30,2015
layer,19,31,2058
layer,19,32,1999
layer,19,33,1869
layer,19,34,1817
layer,19,35,1670
layer,19,36,1760
layer,19,37,1736
layer,19,38,1704
layer,19,39,1665
layer,19,40,1671
layer,19,41,1650
layer,19,42,1601
layer,19,43,1564
layer,19,44,1442
layer,19,45,1513
layer,19,46,1614
layer,19,47,1437
layer,19,48,1519
layer,19,49,1435
layer,19,50,1347
layer,19,51,1366
layer,19,52,1398
layer,19,53,1392
layer,19,54,1457
layer,19,55,1362
layer,19,56,1373
layer,19,57,1306
layer,19,58,1298
layer,19,59,1276
layer,19,60,1340
layer,19,61,1298
layer,19,62,1259
layer,19,63,1289
layer,19,64,1284
layer,19,65,1296
layer,19,66,1226
layer,19,67,1191
layer,19,68,1107
layer,19,69,1121
layer,19,70,1129
layer,19,71,1150
layer,19,72,1121
layer,19,73,1124
layer,19,74,1078
layer,19,75,1154
layer,19,76,1098
layer,19,77,1005
layer,19,78,1028
layer,19,79,1052
layer,19,80,986
layer,19,81,1100
layer,19,82,1110
layer,19,83,1047
layer,19,84,1074
layer,19,85,970
layer,19,86,1017
layer,19,87,1004
layer,19,88,1047
layer,19,89,1043
layer,19,90,947
layer,19,91,1023
layer,19,92,968
layer,19,93,956
layer,19,94,982
layer,19,95,1020
layer,19,96,1051
layer,19,97,1012
layer,19,98,973
layer,19,99,976
layer,19,100,1012
layer,19,101,1000
layer,19,102,967
layer,19,103,944
layer,19,104,1021
layer,19,105,1122
layer,19,106,978
layer,19,107,1078
layer,19,108,1025
layer,19,109,1063
layer,19,110,1053
layer,19,111,1112
layer,19,112,1082
layer,19,113,1151
layer,19,114,1148
layer,19,115,1129
layer,19,116,1215
layer,19,117,1151
layer,19,118,1251
layer,19,119,1322
layer,19,120,1344
layer,19,121,1372
layer,19,122,1473
layer,19,123,1531
layer,19,124,1648
layer,19,125,1826
layer,19,126,1944
layer,19,127,2510
layer,19,128,10652
layer,2,0,63063
layer,2,1,13280
layer,2,2,8427
layer,2,3,6433
layer,2,4,5170
layer,2,5,4250
layer,2,6,3839
layer,2,7,3229
layer,2,8,2789
layer,2,9,2672
layer,2,10,2440
layer,2,11,2227
layer,2,12,2017
layer,2,13,1881
layer,2,14,1709
layer,2,15,1624
layer,2,16,1510
layer,2,17,1382
layer,2,18,1306
layer,2,19,1333
layer,2,20,1204
layer,2,21,1193
layer,2,22,1196
layer,2,23,1082
layer,2,24,1055
layer,2,25,1004
layer,2,26,989
layer,2,27,982
layer,2,28,977
layer,2,29,930
layer,2,30,962
layer,2,31,897
layer,2,32,827
layer,2,33,833
layer,2,34,824
layer,2,35,816
layer,2,36,863
layer,2,37,873
layer,2,38,883
layer,2,39,920
layer,2,40,828
layer,2,41,843
layer,2,42,844
layer,2,43,832
layer,2,44,886
layer,2,45,826
layer,2,46,825
layer,2,47,861
layer,2,48,800
layer,2,49,829
layer,2,50,791
layer,2,51,793
layer,2,52,860
layer,2,53,862
layer,2,54,837
layer,2,55,873
layer,2,56,924
layer,2,57,869
layer,2,58,969
layer,2,59,1014
layer,2,60,950
layer,2,61,947
layer,2,62,964
layer,2,63,960
layer,2,64,931
layer,2,65,906
layer,2,66,882
layer,2,67,954
layer,2,68,1027
layer,2,69,1056
layer,2,70,1082
layer,2,71,1078
layer,2,72,1052
layer,2,73,1150
layer,2,74,1134
layer,2,75,1124
layer,2,76,1196
layer,2,77,1220
layer,2,78,1224
layer,2,79,1192
layer,2,80,1208
layer,2,81,1194
layer,2,82,1209
layer,2,83,1198
layer,2,84,1219
layer,2,85,1267
layer,2,86,1165
layer,2,87,1165
layer,2,88,1281
layer,2,89,1205
layer,2,90,1238
layer,2,91,1183
layer,2,92,1148
layer,2,93,1181
layer,2,94,1164
layer,2,95,1231
layer,2,96,1154
layer,2,97,1158
layer,2,98,1133
layer,2,99,1124
layer,2,100,1212
layer,2,101,1225
layer,2,102,1191
layer,2,103,1215
layer,2,104,1203
layer,2,105,1150
layer,2,106,1233
layer,2,107,1152
layer,2,108,1127
layer,2,109,1251
layer,2,110,1266
layer,2,111,1363
layer,2,112,1509
layer,2,113,1580
layer,2,114,1879
layer,2,115,2426
layer,2,116,2535
layer,2,117,2620
layer,2,118,2739
layer,2,119,2859
layer,2,120,3020
layer,2,121,3517
layer,2,122,3979
layer,2,123,4253
layer,2,124,5025
layer,2,125,6504
layer,2,126,8912
layer,2,127,14838
layer,2,128,98522
layer,20,0,127421
layer,20,1,22878
layer,20,2,13949
layer,20,3,10633
layer,20,4,8420
layer,20,5,7164
layer,20,6,6294
layer,20,7,5569
layer,20,8,5093
layer,20,9,4581
layer,20,10,4392
layer,20,11,4001
layer,20,12,3762
layer,20,13,3605
layer,20,14,3252
layer,20,15,3089
layer,20,16,2877
layer,20,17,2789
layer,20,18,2539
layer,20,19,2517
layer,20,20,2327
layer,20,21,2253
layer,20,22,2278
layer,20,23,2068
layer,20,24,1982
layer,20,25,1976
layer,20,26,1853
layer,20,27,1742
layer,20,28,1725
layer,20,29,1694
layer,20,30,1682
layer,20,31,1648
layer,20,32,1545
layer,20,33,1533
layer,20,34,1389
layer,20,35,1399
layer,20,36,1388
layer,20,37,1388
layer,20,38,1332
layer,20,39,1287
layer,20,40,1283
layer,20,41,1265
layer,20,42,1270
layer,20,43,1163
layer,20,44,1195
layer,20,45,1185
layer,20,46,1191
layer,20,47,1135
layer,20,48,1155
layer,20,49,1094
layer,20,50,1054
layer,20,51,1111
layer,20,52,1068
layer,20,53,1105
layer,20,54,1096
layer,20,55,1103
layer,20,56,1131
layer,20,57,1026
layer,20,58,1065
layer,20,59,1062
layer,20,60,1083
layer,20,61,1098
layer,20,62,1011
layer,20,63,1171
layer,20,64,1246
layer,20,65,1266
layer,20,66,1104
layer,20,67,1085
layer,20,68,1001
layer,20,69,1050
layer,20,70,994
layer,20,71,1009
layer,20,72,983
layer,20,73,1007
layer,20,74,951
layer,20,75,923
layer,20,76,928
layer,20,77,862
layer,20,78,932
layer,20,79,911
layer,20,80,880
layer,20,81,830
layer,20,82,916
layer,20,83,901
layer,20,84,867
layer,20,85,936
layer,20,86,905
layer,20,87,829
layer,20,88,901
layer,20,89,900
layer,20,90,865
layer,20,91,892
layer,20,92,932
layer,20,93,902
layer,20,94,910
layer,20,95,848
layer,20,96,904
layer,20,97,955
layer,20,98,936
layer,20,99,898
layer,20,100,921
layer,20,101,910
layer,20,102,919
layer,20,103,968
layer,20,104,997
layer,20,105,1048
layer,20,106,1028
layer,20,107,996
layer,20,108,1049
layer,20,109,1066
layer,20,110,1072
layer,20,111,1121
layer,20,112,1137
layer,20,113,1148
layer,20,114,1250
layer,20,115,1271
layer,20,116,1239
layer,20,117,1323
layer,20,118,1360
layer,20,119,1385
layer,20,120,1494
layer,20,121,1650
layer,20,122,1733
layer,20,123,1819
layer,20,124,2038
layer,20,125,2279
layer,20,126,2629
layer,20,127,3550
layer,20,128,13223
layer,21,0,120616
layer,21,1,24422
layer,21,2,15370
layer,21,3,11474
layer,21,4,9293
layer,21,5,7793
layer,21,6,6780
layer,21,7,5860
layer,21,8,5362
layer,21,9,4815
layer,21,10,4412
layer,21,11,4130
layer,21,12,3738
layer,21,13,3671
layer,21,14,3365
layer,21,15,3074
layer,21,16,3013
layer,21,17,2793
layer,21,18,2668
layer,21,19,2602
layer,21,20,2395
layer,21,21,2370
layer,21,22,2261
layer,21,23,2170
layer,21,24,2127
layer,21,25,2059
layer,21,26,2006
layer,21,27,1890
layer,21,28,1903
layer,21,29,1898
layer,21,30,1767
layer,21,31,1685
layer,21,32,1702
layer,21,33,1691
layer,21,34,1608
layer,21,35,1680
layer,21,36,1539
layer,21,37,1485
layer,21,38,1464
layer,21,39,1475
layer,21,40,1427
layer,21,41,1441
layer,21,42,1335
layer,21,43,1304
layer,21,44,1297
layer,21,45,1316
layer,21,46,1331
layer,21,47,1270
layer,21,48,1241
layer,21,49,1214
layer,21,50,1220
layer,21,51,1230
layer,21,52,1165
layer,21,53,1186
layer,21,54,1167
layer,21,55,1118
layer,21,56,1121
layer,21,57,1060
layer,21,58,1100
layer,21,59,1124
layer,21,60,1150
layer,21,61,1125
layer,21,62,1150
layer,21,63,1143
layer,21,64,1231
layer,21,65,1079
layer,21,66,1071
layer,21,67,1036
layer,21,68,1036
layer,21,69,1030
layer,21,70,968
layer,21,71,1010
layer,21,72,1042
layer,21,73,992
layer,21,74,978
layer,21,75,1011
layer,21,76,980
layer,21,77,927
layer,21,78,924
layer,21,79,929
layer,21,80,913
layer,21,81,937
layer,21,82,880
layer,21,83,948
layer,21,84,915
layer,21,85,859
layer,21,86,913
layer,21,87,927
layer,21,88,919
layer,21,89,897
layer,21,90,871
layer,21,91,873
layer,21,92,893
layer,21,93,865
layer,21,94,854
layer,21,95,876
layer,21,96,856
layer,21,97,893
layer,21,98,903
layer,21,99,838
layer,21,100,898
layer,21,101,889
layer,21,102,956
layer,21,103,923
layer,21,104,951
layer,21,105,885
layer,21,106,1016
layer,21,107,993
layer,21,108,960
layer,21,109,935
layer,21,110,1011
layer,21,111,1092
layer,21,112,1086
layer,21,113,1074
layer,21,114,1089
layer,21,115,1175
layer,21,116,1201
layer,21,117,1275
layer,21,118,1267
layer,21,119,1312
layer,21,120,1337
layer,21,121,1394
layer,21,122,1585
layer,21,123,1592
layer,21,124,1733
layer,21,125,1896
layer,21,126,2243
layer,21,127,3055
layer,21,128,11658
layer,22,0,104065
layer,22,1,24168
layer,22,2,15767
layer,22,3,12067
layer,22,4,9822
layer,22,5,8150
layer,22,6,7194
layer,22,7,6338
layer,22,8,5875
layer,22,9,5179
layer,22,10,4624
layer,22,11,4507
layer,22,12,4057
layer,22,13,3899
layer,22,14,3634
layer,22,15,3392
layer,22,16,3192
layer,22,17,3093
layer,22,18,2924
layer,22,19,2817
layer,22,20,2603
layer,22,21,2583
layer,22,22,2467
layer,22,23,2373
layer,22,24,2329
layer,22,25,2229
layer,22,26,2149
layer,22,27,2072
layer,22,28,2007
layer,22,29,1939
layer,22,30,1957
layer,22,31,1838
layer,22,32,1933
layer,22,33,1759
layer,22,34,1835
layer,22,35,1674
layer,22,36,1655
layer,22,37,1705
layer,22,38,1653
layer,22,39,1592
layer,22,40,1585
layer,22,41,1593
layer,22,42,1521
layer,22,43,1475
layer,22,44,1466
layer,22,45,1479
layer,22,46,1430
layer,22,47,1387
layer,22,48,1350
layer,22,49,1304
layer,22,50,1286
layer,22,51,1300
layer,22,52,1218
layer,22,53,1348
layer,22,54,1191
layer,22,55,1281
layer,22,56,1224
layer,22,57,1243
layer,22,58,1239
layer,22,59,1183
layer,22,60,1220
layer,22,61,1142
layer,22,62,1146
layer,22,63,1189
layer,22,64,1281
layer,22,65,1194
layer,22,66,1220
layer,22,67,1211
layer,22,68,1192
layer,22,69,1160
layer,22,70,1112
layer,22,71,1142
layer,22,72,1064
layer,22,73,1078
layer,22,74,1081
layer,22,75,1088
layer,22,76,1074
layer,22,77,1041
layer,22,78,1048
layer,22,79,1008
layer,22,80,1080
layer,22,81,995
layer,22,82,983
layer,22,83,1036
layer,22,84,1023
layer,22,85,1015
layer,22,86,951
layer,22,87,1033
layer,22,88,978
layer,22,89,971
layer,22,90,1001
layer,22,91,1014
layer,22,92,948
layer,22,93,1041
layer,22,94,1014
layer,22,95,1018
layer,22,96,1024
layer,22,97,961
layer,22,98,1033
layer,22,99,962
layer,22,100,1044
layer,22,101,999
layer,22,102,1029
layer,22,103,1027
layer,22,104,1019
layer,22,105,1015
layer,22,106,1049
layer,22,107,1062
layer,22,108,1050
layer,22,109,1036
layer,22,110,1055
layer,22,111,1131
layer,22,112,1152
layer,22,113,1106
layer,22,114,1108
layer,22,115,1245
layer,22,116,1239
layer,22,117,1290
layer,22,118,1348
layer,22,119,1313
layer,22,120,1373
layer,22,121,1392
layer,22,122,1463
layer,22,123,1552
layer,22,124,1737
layer,22,125,1915
layer,22,126,2270
layer,22,127,2966
layer,22,128,11240
layer,23,0,99709
layer,23,1,25338
layer,23,2,16462
layer,23,3,12461
layer,23,4,10168
layer,23,5,8718
layer,23,6,7562
layer,23,7,6500
layer,23,8,5903
layer,23,9,5527
layer,23,10,4886
layer,23,11,4639
layer,23,12,4200
layer,23,13,4083
layer,23,14,3864
layer,23,15,3583
layer,23,16,3216
layer,23,17,3163
layer,23,18,3066
layer,23,19,2918
layer,23,20,2758
layer,23,21,2563
layer,23,22,2612
layer,23,23,2483
layer,23,24,2366
layer,23,25,2243
layer,23,26,2203
layer,23,27,2145
layer,23,28,2076
layer,23,29,2025
layer,23,30,1910
layer,23,31,1950
layer,23,32,1827
layer,23,33,1824
layer,23,34,1756
layer,23,35,1702
layer,23,36,1658
layer,23,37,1586
layer,23,38,1607
layer,23,39,1606
layer,23,40,1587
layer,23,41,1661
layer,23,42,1551
layer,23,43,1470
layer,23,44,1509
layer,23,45,1372
layer,23,46,1347
layer,23,47,1358
layer,23,48,1383
layer,23,49,1296
layer,23,50,1329
layer,23,51,1318
layer,23,52,1300
layer,23,53,1300
layer,23,54,1270
layer,23,55,1282
layer,23,56,1233
layer,23,57,1244
layer,23,58,1214
layer,23,59,1178
layer,23,60,1192
layer,23,61,1213
layer,23,62,1225
layer,23,63,1189
layer,23,64,1359
layer,23,65,1268
layer,23,66,1160
layer,23,67,1143
layer,23,68,1087
layer,23,69,1078
layer,23,70,1103
layer,23,71,1117
layer,23,72,1078
layer,23,73,1153
layer,23,74,1084
layer,23,75,1096
layer,23,76,1026
layer,23,77,1040
layer,23,78,1017
layer,23,79,988
layer,23,80,1027
layer,23,81,1031
layer,23,82,1049
layer,23,83,1034
layer,23,84,1022
layer,23,85,998
layer,23,86,1011
layer,23,87,951
layer,23,88,1016
layer,23,89,964
layer,23,90,989
layer,23,91,980
layer,23,92,1036
layer,23,93,1006
layer,23,94,1032
layer,23,95,1002
layer,23,96,1018
layer,23,97,939
layer,23,98,957
layer,23,99,1020
layer,23,100,1020
layer,23,101,1040
layer,23,102,978
layer,23,103,1008
layer,23,104,1000
layer,23,105,1026
layer,23,106,1014
layer,23,107,1040
layer,23,108,1118
layer,23,109,1073
layer,23,110,1110
layer,23,111,1179
layer,23,112,1221
layer,23,113,1218
layer,23,114,1205
layer,23,115,1187
layer,23,116,1282
layer,23,117,1269
layer,23,118,1328
layer,23,119,1355
layer,23,120,1384
layer,23,121,1435
layer,23,122,1469
layer,23,123,1606
layer,23,124,1584
layer,23,125,1725
layer,23,126,1995
layer,23,127,2374
layer,23,128,10207
layer,24,0,119835
layer,24,1,27053
layer,24,2,16999
layer,24,3,12514
layer,24,4,9750
layer,24,5,8038
layer,24,6,6985
layer,24,7,5895
layer,24,8,5306
layer,24,9,4745
layer,24,10,4277
layer,24,11,3845
layer,24,12,3647
layer,24,13,3462
layer,24,14,3239
layer,24,15,3070
layer,24,16,2827
layer,24,17,2685
layer,24,18,2663
layer,24,19,2415
layer,24,20,2328
layer,24,21,2211
layer,24,22,2194
layer,24,23,2074
layer,24,24,1993
layer,24,25,1838
layer,24,26,1752
layer,24,27,1696
layer,24,28,1731
layer,24,29,1659
layer,24,30,1677
layer,24,31,1596
layer,24,32,1509
layer,24,33,1502
layer,24,34,1421
layer,24,35,1446
layer,24,36,1462
layer,24,37,1434
layer,24,38,1348
layer,24,39,1397
layer,24,40,1249
layer,24,41,1260
layer,24,42,1233
layer,24,43,1279
layer,24,44,1258
layer,24,45,1237
layer,24,46,1277
layer,24,47,1141
layer,24,48,1237
layer,24,49,1149
layer,24,50,1181
layer,24,51,1152
layer,24,52,1126
layer,24,53,1102
layer,24,54,1166
layer,24,55,1135
layer,24,56,1136
layer,24,57,1121
layer,24,58,1173
layer,24,59,1063
layer,24,60,1114
layer,24,61,1129
layer,24,62,1144
layer,24,63,1099
layer,24,64,1214
layer,24,65,1114
layer,24,66,1137
layer,24,67,1035
layer,24,68,1091
layer,24,69,1077
layer,24,70,1094
layer,24,71,1051
layer,24,72,1012
layer,24,73,998
layer,24,74,994
layer,24,75,953
layer,24,76,971
layer,24,77,972
layer,24,78,930
layer,24,79,933
layer,24,80,926
layer,24,81,884
layer,24,82,935
layer,24,83,862
layer,24,84,885
layer,24,85,949
layer,24,86,937
layer,24,87,943
layer,24,88,889
layer,24,89,985
layer,24,90,875
layer,24,91,854
layer,24,92,876
layer,24,93,905
layer,24,94,869
layer,24,95,891
layer,24,96,866
layer,24,97,867
layer,24,98,946
layer,24,99,874
layer,24,100,889
layer,24,101,944
layer,24,102,890
layer,24,103,977
layer,24,104,962
layer,24,105,903
layer,24,106,934
layer,24,107,888
layer,24,108,908
layer,24,109,1011
layer,24,110,997
layer,24,111,988
layer,24,112,1070
layer,24,113,1046
layer,24,114,975
layer,24,115,1073
layer,24,116,1084
layer,24,117,1185
layer,24,118,1235
layer,24,119,1264
layer,24,120,1300
layer,24,121,1334
layer,24,122,1415
layer,24,123,1586
layer,24,124,1754
layer,24,125,1850
layer,24,126,2087
layer,24,127,2800
layer,24,128,12594
layer,25,0,112188
layer,25,1,29212
layer,25,2,18721
layer,25,3,13703
layer,25,4,10771
layer,25,5,8844
layer,25,6,7452
layer,25,7,6545
layer,25,8,5744
layer,25,9,5076
layer,25,10,4700
layer,25,11,4267
layer,25,12,3947
layer,25,13,3553
layer,25,14,3276
layer,25,15,3146
layer,25,16,2959
layer,25,17,2783
layer,25,18,2588
layer,25,19,2451
layer,25,20,2209
layer,25,21,2156
layer,25,22,2191
layer,25,23,2068
layer,25,24,1849
layer,25,25,1840
layer,25,26,1811
layer,25,27,1711
layer,25,28,1665
layer,25,29,1615
layer,25,30,1571
layer,25,31,1536
layer,25,32,1467
layer,25,33,1457
layer,25,34,1392
layer,25,35,1415
layer,25,36,1323
layer,25,37,1387
layer,25,38,1302
layer,25,39,1293
layer,25,40,1276
layer,25,41,1282
layer,25,42,1236
layer,25,43,1252
layer,25,44,1215
layer,25,45,1135
layer,25,46,1126
layer,25,47,1149
layer,25,48,1112
layer,25,49,1080
layer,25,50,1091
layer,25,51,1143
layer,25,52,1061
layer,25,53,1073
layer,25,54,1056
layer,25,55,1008
layer,25,56,1059
layer,25,57,1029
layer,25,58,1016
layer,25,59,1029
layer,25,60,990
layer,25,61,974
layer,25,62,1050
layer,25,63,998
layer,25,64,948
layer,25,65,1013
layer,25,66,940
layer,25,67,1025
layer,25,68,1019
layer,25,69,929
layer,25,70,929
layer,25,71,903
layer,25,72,940
layer,25,73,911
layer,25,74,923
layer,25,75,908
layer,25,76,893
layer,25,77,903
layer,25,78,921
layer,25,79,931
layer,25,80,928
layer,25,81,927
layer,25,82,902
layer,25,83,904
layer,25,84,855
layer,25,85,937
layer,25,86,921
layer,25,87,876
layer,25,88,889
layer,25,89,943
layer,25,90,898
layer,25,91,894
layer,25,92,895
layer,25,93,883
layer,25,94,864
layer,25,95,927
layer,25,96,960
layer,25,97,919
layer,25,98,964
layer,25,99,923
layer,25,100,1057
layer,25,101,1050
layer,25,102,1012
layer,25,103,930
layer,25,104,960
layer,25,105,1022
layer,25,106,1009
layer,25,107,1053
layer,25,108,977
layer,25,109,1030
layer,25,110,980
layer,25,111,1051
layer,25,112,1168
layer,25,113,1144
layer,25,114,1148
layer,25,115,1183
layer,25,116,1245
layer,25,117,1289
layer,25,118,1220
layer,25,119,1292
layer,25,120,1353
layer,25,121,1520
layer,25,122,1541
layer,25,123,1687
layer,25,124,1818
layer,25,125,1951
layer,25,126,2235
layer,25,127,2851
layer,25,128,11571
layer,26,0,116268
layer,26,1,29715
layer,26,2,18732
layer,26,3,13458
layer,26,4,10583
layer,26,5,8798
layer,26,6,7355
layer,26,7,6463
layer,26,8,5621
layer,26,9,5119
layer,26,10,4502
layer,26,11,4091
layer,26,12,3739
layer,26,13,3430
layer,26,14,3236
layer,26,15,2905
layer,26,16,2859
layer,26,17,2713
layer,26,18,2522
layer,26,19,2330
layer,26,20,2189
layer,26,21,2149
layer,26,22,2121
layer,26,23,1985
layer,26,24,1833
layer,26,25,1725
layer,26,26,1734
layer,26,27,1688
layer,26,28,1580
layer,26,29,1540
layer,26,30,1520
layer,26,31,1565
layer,26,32,1401
layer,26,33,1445
layer,26,34,1348
layer,26,35,1358
layer,26,36,1332
layer,26,37,1301
layer,26,38,1242
layer,26,39,1226
layer,26,40,1208
layer,26,41,1193
layer,26,42,1176
layer,26,43,1149
layer,26,44,1108
layer,26,45,1119
layer,26,46,1118
layer,26,47,1066
layer,26,48,1075
layer,26,49,1044
layer,26,50,1011
layer,26,51,991
layer,26,52,1052
layer,26,53,942
layer,26,54,980
layer,26,55,971
layer,26,56,987
layer,26,57,1024
layer,26,58,1034
layer,26,59,931
layer,26,60,981
layer,26,61,973
layer,26,62,974
layer,26,63,994
layer,26,64,987
layer,26,65,963
layer,26,66,942
layer,26,67,992
layer,26,68,919
layer,26,69,908
layer,26,70,881
layer,26,71,926
layer,26,72,914
layer,26,73,863
layer,26,74,877
layer,26,75,920
layer,26,76,836
layer,26,77,856
layer,26,78,857
layer,26,79,875
layer,26,80,856
layer,26,81,873
layer,26,82,817
layer,26,83,828
layer,26,84,881
layer,26,85,881
layer,26,86,885
layer,26,87,843
layer,26,88,874
layer,26,89,846
layer,26,90,880
layer,26,91,871
layer,26,92,886
layer,26,93,913
layer,26,94,890
layer,26,95,894
layer,26,96,895
layer,26,97,899
layer,26,98,936
layer,26,99,997
layer,26,100,967
layer,26,101,923
layer,26,102,963
layer,26,103,965
layer,26,104,969
layer,26,105,964
layer,26,106,1020
layer,26,107,1046
layer,26,108,1076
layer,26,109,1098
layer,26,110,1033
layer,26,111,1070
layer,26,112,1133
layer,26,113,1150
layer,26,114,1178
layer,26,115,1270
layer,26,116,1195
layer,26,117,1278
layer,26,118,1337
layer,26,119,1294
layer,26,120,1417
layer,26,121,1493
layer,26,122,1545
layer,26,123,1618
layer,26,124,1725
layer,26,125,1910
layer,26,126,2169
layer,26,127,2830
layer,26,128,12597
layer,27,0,112317
layer,27,1,32188
layer,27,2,19752
layer,27,3,13916
layer,27,4,11010
layer,27,5,9030
layer,27,6,7605
layer,27,7,6707
layer,27,8,5813
layer,27,9,5208
layer,27,10,4830
layer,27,11,4255
layer,27,12,3920
layer,27,13,3591
layer,27,14,3307
layer,27,15,3045
layer,27,16,2841
layer,27,17,2740
layer,27,18,2576
layer,27,19,2378
layer,27,20,2233
layer,27,21,2154
layer,27,22,2038
layer,27,23,1951
layer,27,24,1835
layer,27,25,1747
layer,27,26,1662
layer,27,27,1681
layer,27,28,1548
layer,27,29,1557
layer,27,30,1499
layer,27,31,1445
layer,27,32,1378
layer,27,33,1382
layer,27,34,1299
layer,27,35,1298
layer,27,36,1234
layer,27,37,1237
layer,27,38,1167
layer,27,39,1126
layer,27,40,1141
layer,27,41,1145
layer,27,42,1076
layer,27,43,1087
layer,27,44,1047
layer,27,45,1023
layer,27,46,1002
layer,27,47,1010
layer,27,48,1020
layer,27,49,918
layer,27,50,909
layer,27,51,959
layer,27,52,955
layer,27,53,870
layer,27,54,891
layer,27,55,983
layer,27,56,867
layer,27,57,880
layer,27,58,929
layer,27,59,895
layer,27,60,937
layer,27,61,904
layer,27,62,860
layer,27,63,941
layer,27,64,839
layer,27,65,889
layer,27,66,897
layer,27,67,922
layer,27,68,878
layer,27,69,861
layer,27,70,976
layer,27,71,846
layer,27,72,802
layer,27,73,895
layer,27,74,912
layer,27,75,880
layer,27,76,864
layer,27,77,911
layer,27,78,900
layer,27,79,879
layer,27,80,934
layer,27,81,905
layer,27,82,850
layer,27,83,875
layer,27,84,949
layer,27,85,871
layer,27,86,943
layer,27,87,876
layer,27,88,900
layer,27,89,909
layer,27,90,931
layer,27,91,984
layer,27,92,982
layer,27,93,945
layer,27,94,938
layer,27,95,954
layer,27,96,961
layer,27,97,951
layer,27,98,916
layer,27,99,926
layer,27,100,1024
layer,27,101,988
layer,27,102,1023
layer,27,103,984
layer,27,104,1012
layer,27,105,1113
layer,27,106,1081
layer,27,107,1145
layer,27,108,1080
layer,27,109,1139
layer,27,110,1220
layer,27,111,1183
layer,27,112,1218
layer,27,113,1284
layer,27,114,1250
layer,27,115,1307
layer,27,116,1346
layer,27,117,1368
layer,27,118,1331
layer,27,119,1370
layer,27,120,1383
layer,27,121,1452
layer,27,122,1528
layer,27,123,1605
layer,27,124,1620
layer,27,125,1779
layer,27,126,2004
layer,27,127,2424
layer,27,128,11555
layer,28,0,125493
layer,28,1,32046
layer,28,2,18837
layer,28,3,13271
layer,28,4,10195
layer,28,5,8202
layer,28,6,6854
layer,28,7,5945
layer,28,8,5307
layer,28,9,4709
layer,28,10,4244
layer,28,11,3925
layer,28,12,3632
layer,28,13,3420
layer,28,14,2994
layer,28,15,2773
layer,28,16,2607
layer,28,17,2459
layer,28,18,2388
layer,28,19,2156
layer,28,20,2053
layer,28,21,1953
layer,28,22,1911
layer,28,23,1770
layer,28,24,1607
layer,28,25,1641
layer,28,26,1587
layer,28,27,1526
layer,28,28,1431
layer,28,29,1380
layer,28,30,1370
layer,28,31,1284
layer,28,32,1229
layer,28,33,1282
layer,28,34,1183
layer,28,35,1196
layer,28,36,1130
layer,28,37,1060
layer,28,38,1101
layer,28,39,1021
layer,28,40,1058
layer,28,41,972
layer,28,42,945
layer,28,43,980
layer,28,44,946
layer,28,45,956
layer,28,46,902
layer,28,47,910
layer,28,48,857
layer,28,49,892
layer,28,50,886
layer,28,51,891
layer,28,52,835
layer,28,53,845
layer,28,54,880
layer,28,55,850
layer,28,56,807
layer,28,57,806
layer,28,58,850
layer,28,59,816
layer,28,60,830
layer,28,61,901
layer,28,62,846
layer,28,63,797
layer,28,64,805
layer,28,65,893
layer,28,66,834
layer,28,67,870
layer,28,68,827
layer,28,69,860
layer,28,70,814
layer,28,71,850
layer,28,72,794
layer,28,73,807
layer,28,74,821
layer,28,75,787
layer,28,76,813
layer,28,77,849
layer,28,78,819
layer,28,79,786
layer,28,80,867
layer,28,81,875
layer,28,82,805
layer,28,83,885
layer,28,84,836
layer,28,85,908
layer,28,86,877
layer,28,87,857
layer,28,88,848
layer,28,89,838
layer,28,90,886
layer,28,91,858
layer,28,92,895
layer,28,93,912
layer,28,94,867
layer,28,95,949
layer,28,96,965
layer,28,97,934
layer,28,98,948
layer,28,99,936
layer,28,100,1036
layer,28,101,975
layer,28,102,953
layer,28,103,992
layer,28,104,1028
layer,28,105,1054
layer,28,106,1109
layer,28,107,1096
layer,28,108,1141
layer,28,109,1172
layer,28,110,1246
layer,28,111,1253
layer,28,112,1244
layer,28,113,1277
layer,28,114,1308
layer,28,115,1380
layer,28,116,1406
layer,28,117,1455
layer,28,118,1427
layer,28,119,1484
layer,28,120,1571
layer,28,121,1592
layer,28,122,1628
layer,28,123,1682
layer,28,124,1782
layer,28,125,1911
layer,28,126,2169
layer,28,127,2636
layer,28,128,11804
layer,29,0,123494
layer,29,1,31641
layer,29,2,18670
layer,29,3,13294
layer,29,4,10528
layer,29,5,8635
layer,29,6,7322
layer,29,7,6421
layer,29,8,5630
layer,29,9,4998
layer,29,10,4565
layer,29,11,4036
layer,29,12,3736
layer,29,13,3431
layer,29,14,3152
layer,29,15,2904
layer,29,16,2734
layer,29,17,2521
layer,29,18,2349
layer,29,19,2316
layer,29,20,2171
layer,29,21,2063
layer,29,22,2047
layer,29,23,1801
layer,29,24,1710
layer,29,25,1702
layer,29,26,1586
layer,29,27,1527
layer,29,28,1429
layer,29,29,1473
layer,29,30,1402
layer,29,31,1323
layer,29,32,1323
layer,29,33,1262
layer,29,34,1195
layer,29,35,1150
layer,29,36,1222
layer,29,37,1144
layer,29,38,1140
layer,29,39,1120
layer,29,40,1066
layer,29,41,1009
layer,29,42,986
layer,29,43,1012
layer,29,44,989
layer,29,45,930
layer,29,46,939
layer,29,47,962
layer,29,48,937
layer,29,49,916
layer,29,50,927
layer,29,51,858
layer,29,52,868
layer,29,53,874
layer,29,54,822
layer,29,55,840
layer,29,56,840
layer,29,57,844
layer,29,58,812
layer,29,59,821
layer,29,60,810
layer,29,61,834
layer,29,62,785
layer,29,63,864
layer,29,64,851
layer,29,65,799
layer,29,66,807
layer,29,67,810
layer,29,68,800
layer,29,69,781
layer,29,70,737
layer,29,71,755
layer,29,72,783
layer,29,73,731
layer,29,74,760
layer,29,75,708
layer,29,76,774
layer,29,77,724
layer,29,78,774
layer,29,79,774
layer,29,80,739
layer,29,81,786
layer,29,82,768
layer,29,83,758
layer,29,84,798
layer,29,85,706
layer,29,86,757
layer,29,87,748
layer,29,88,795
layer,29,89,815
layer,29,90,846
layer,29,91,776
layer,29,92,834
layer,29,93,809
layer,29,94,832
layer,29,95,833
layer,29,96,861
layer,29,97,904
layer,29,98,912
layer,29,99,859
layer,29,100,940
layer,29,101,884
layer,29,102,998
layer,29,103,964
layer,29,104,981
layer,29,105,949
layer,29,106,1007
layer,29,107,1011
layer,29,108,1051
layer,29,109,1068
layer,29,110,1115
layer,29,111,1105
layer,29,112,1210
layer,29,113,1204
layer,29,114,1200
layer,29,115,1322
layer,29,116,1298
layer,29,117,1355
layer,29,118,1416
layer,29,119,1503
layer,29,120,1563
layer,29,121,1553
layer,29,122,1679
layer,29,123,1735
layer,29,124,1901
layer,29,125,2038
layer,29,126,2367
layer,29,127,3014
layer,29,128,12569
layer,3,0,100744
layer,3,1,10937
layer,3,2,6687
layer,3,3,5304
layer,3,4,4464
layer,3,5,3992
layer,3,6,3445
layer,3,7,3201
layer,3,8,2986
layer,3,9,2751
layer,3,10,2589
layer,3,11,2391
layer,3,12,2309
layer,3,13,2053
layer,3,14,1887
layer,3,15,1792
layer,3,16,1676
layer,3,17,1637
layer,3,18,1608
layer,3,19,1484
layer,3,20,1407
layer,3,21,1492
layer,3,22,1333
layer,3,23,1321
layer,3,24,1283
layer,3,25,1215
layer,3,26,1193
layer,3,27,1090
layer,3,28,1095
layer,3,29,1090
layer,3,30,1076
layer,3,31,1083
layer,3,32,1151
layer,3,33,1086
layer,3,34,1025
layer,3,35,1002
layer,3,36,933
layer,3,37,941
layer,3,38,950
layer,3,39,900
layer,3,40,880
layer,3,41,853
layer,3,42,867
layer,3,43,850
layer,3,44,869
layer,3,45,894
layer,3,46,791
layer,3,47,868
layer,3,48,817
layer,3,49,888
layer,3,50,846
layer,3,51,857
layer,3,52,805
layer,3,53,851
layer,3,54,810
layer,3,55,809
layer,3,56,871
layer,3,57,782
layer,3,58,838
layer,3,59,764
layer,3,60,870
layer,3,61,842
layer,3,62,772
layer,3,63,753
layer,3,64,862
layer,3,65,964
layer,3,66,849
layer,3,67,886
layer,3,68,837
layer,3,69,843
layer,3,70,779
layer,3,71,826
layer,3,72,770
layer,3,73,770
layer,3,74,779
layer,3,75,793
layer,3,76,789
layer,3,77,787
layer,3,78,749
layer,3,79,735
layer,3,80,769
layer,3,81,799
layer,3,82,807
layer,3,83,790
layer,3,84,799
layer,3,85,801
layer,3,86,819
layer,3,87,832
layer,3,88,809
layer,3,89,872
layer,3,90,894
layer,3,91,880
layer,3,92,943
layer,3,93,916
layer,3,94,953
layer,3,95,1005
layer,3,96,1042
layer,3,97,985
layer,3,98,1041
layer,3,99,1015
layer,3,100,1103
layer,3,101,1032
layer,3,102,1027
layer,3,103,1071
layer,3,104,1083
layer,3,105,1071
layer,3,106,1203
layer,3,107,1078
layer,3,108,1222
layer,3,109,1255
layer,3,110,1353
layer,3,111,1473
layer,3,112,1470
layer,3,113,1573
layer,3,114,1617
layer,3,115,1711
layer,3,116,1895
layer,3,117,1948
layer,3,118,2005
layer,3,119,2037
layer,3,120,2312
layer,3,121,2464
layer,3,122,2716
layer,3,123,3110
layer,3,124,3601
layer,3,125,5393
layer,3,126,7140
layer,3,127,12011
layer,3,128,88803
layer,30,0,113407
layer,30,1,32263
layer,30,2,19335
layer,30,3,13498
layer,30,4,10987
layer,30,5,8980
layer,30,6,7651
layer,30,7,6852
layer,30,8,5985
layer,30,9,5416
layer,30,10,5041
layer,30,11,4648
layer,30,12,4218
layer,30,13,3917
layer,30,14,3725
layer,30,15,3438
layer,30,16,3095
layer,30,17,2963
layer,30,18,2752
layer,30,19,2569
layer,30,20,2421
layer,30,21,2223
layer,30,22,2159
layer,30,23,2136
layer,30,24,1965
layer,30,25,1931
layer,30,26,1718
layer,30,27,1656
layer,30,28,1596
layer,30,29,1556
layer,30,30,1554
layer,30,31,1479
layer,30,32,1455
layer,30,33,1329
layer,30,34,1415
layer,30,35,1310
layer,30,36,1306
layer,30,37,1258
layer,30,38,1210
layer,30,39,1192
layer,30,40,1169
layer,30,41,1112
layer,30,42,1146
layer,30,43,1036
layer,30,44,1029
layer,30,45,1072
layer,30,46,1035
layer,30,47,1078
layer,30,48,939
layer,30,49,897
layer,30,50,949
layer,30,51,986
layer,30,52,897
layer,30,53,939
layer,30,54,970
layer,30,55,928
layer,30,56,946
layer,30,57,862
layer,30,58,870
layer,30,59,930
layer,30,60,857
layer,30,61,868
layer,30,62,839
layer,30,63,899
layer,30,64,905
layer,30,65,832
layer,30,66,843
layer,30,67,808
layer,30,68,775
layer,30,69,769
layer,30,70,760
layer,30,71,728
layer,30,72,812
layer,30,73,801
layer,30,74,739
layer,30,75,810
layer,30,76,849
layer,30,77,756
layer,30,78,792
layer,30,79,778
layer,30,80,738
layer,30,81,766
layer,30,82,777
layer,30,83,735
layer,30,84,772
layer,30,85,741
layer,30,86,775
layer,30,87,698
layer,30,88,755
layer,30,89,736
layer,30,90,772
layer,30,91,763
layer,30,92,799
layer,30,93,806
layer,30,94,754
layer,30,95,769
layer,30,96,823
layer,30,97,826
layer,30,98,820
layer,30,99,806
layer,30,100,867
layer,30,101,872
layer,30,102,882
layer,30,103,895
layer,30,104,941
layer,30,105,950
layer,30,106,947
layer,30,107,960
layer,30,108,975
layer,30,109,1031
layer,30,110,972
layer,30,111,1114
layer,30,112,1086
layer,30,113,1076
layer,30,114,1156
layer,30,115,1166
layer,30,116,1212
layer,30,117,1314
layer,30,118,1372
layer,30,119,1494
layer,30,120,1493
layer,30,121,1473
layer,30,122,1716
layer,30,123,1782
layer,30,124,1942
layer,30,125,1963
layer,30,126,2306
layer,30,127,3058
layer,30,128,11151
layer,31,0,82226
layer,31,1,31717
layer,31,2,21185
layer,31,3,16316
layer,31,4,13166
layer,31,5,11238
layer,31,6,9726
layer,31,7,8748
layer,31,8,7529
layer,31,9,6869
layer,31,10,6406
layer,31,11,5713
layer,31,12,5329
layer,31,13,4932
layer,31,14,4414
layer,31,15,4068
layer,31,16,3769
layer,31,17,3532
layer,31,18,3324
layer,31,19,3190
layer,31,20,3011
layer,31,21,2841
layer,31,22,2696
layer,31,23,2543
layer,31,24,2372
layer,31,25,2259
layer,31,26,2207
layer,31,27,2132
layer,31,28,2007
layer,31,29,1914
layer,31,30,1854
layer,31,31,1815
layer,31,32,1731
layer,31,33,1708
layer,31,34,1677
layer,31,35,1588
layer,31,36,1455
layer,31,37,1516
layer,31,38,1475
layer,31,39,1391
layer,31,40,1420
layer,31,41,1285
layer,31,42,1385
layer,31,43,1231
layer,31,44,1202
layer,31,45,1232
layer,31,46,1256
layer,31,47,1157
layer,31,48,1201
layer,31,49,1181
layer,31,50,1180
layer,31,51,1142
layer,31,52,1135
layer,31,53,1062
layer,31,54,1122
layer,31,55,1076
layer,31,56,1087
layer,31,57,1033
layer,31,58,1006
layer,31,59,1013
layer,31,60,1003
layer,31,61,1048
layer,31,62,974
layer,31,63,999
layer,31,64,986
layer,31,65,948
layer,31,66,956
layer,31,67,949
layer,31,68,854
layer,31,69,897
layer,31,70,808
layer,31,71,802
layer,31,72,803
layer,31,73,812
layer,31,74,757
layer,31,75,746
layer,31,76,744
layer,31,77,755
layer,31,78,698
layer,31,79,775
layer,31,80,738
layer,31,81,726
layer,31,82,722
layer,31,83,732
layer,31,84,667
layer,31,85,697
layer,31,86,672
layer,31,87,677
layer,31,88,668
layer,31,89,707
layer,31,90,709
layer,31,91,705
layer,31,92,687
layer,31,93,646
layer,31,94,668
layer,31,95,719
layer,31,96,671
layer,31,97,675
layer,31,98,654
layer,31,99,688
layer,31,100,745
layer,31,101,742
layer,31,102,685
layer,31,103,755
layer,31,104,752
layer,31,105,808
layer,31,106,762
layer,31,107,786
layer,31,108,893
layer,31,109,824
layer,31,110,910
layer,31,111,889
layer,31,112,845
layer,31,113,922
layer,31,114,910
layer,31,115,986
layer,31,116,1024
layer,31,117,1049
layer,31,118,1149
layer,31,119,1268
layer,31,120,1334
layer,31,121,1422
layer,31,122,1564
layer,31,123,1634
layer,31,124,1767
layer,31,125,2069
layer,31,126,2354
layer,31,127,3014
layer,31,128,12217
layer,4,0,100290
layer,4,1,13501
layer,4,2,8705
layer,4,3,6480
layer,4,4,5264
layer,4,5,4422
layer,4,6,4005
layer,4,7,3596
layer,4,8,3175
layer,4,9,2971
layer,4,10,2659
layer,4,11,2523
layer,4,12,2375
layer,4,13,2211
layer,4,14,2079
layer,4,15,1946
layer,4,16,1872
layer,4,17,1793
layer,4,18,1792
layer,4,19,1627
layer,4,20,1624
layer,4,21,1514
layer,4,22,1405
layer,4,23,1445
layer,4,24,1359
layer,4,25,1335
layer,4,26,1251
layer,4,27,1306
layer,4,28,1271
layer,4,29,1218
layer,4,30,1148
layer,4,31,1193
layer,4,32,1155
layer,4,33,1172
layer,4,34,1005
layer,4,35,1106
layer,4,36,1080
layer,4,37,1022
layer,4,38,1012
layer,4,39,988
layer,4,40,1005
layer,4,41,1006
layer,4,42,923
layer,4,43,967
layer,4,44,992
layer,4,45,921
layer,4,46,942
layer,4,47,934
layer,4,48,851
layer,4,49,906
layer,4,50,889
layer,4,51,884
layer,4,52,895
layer,4,53,910
layer,4,54,872
layer,4,55,866
layer,4,56,925
layer,4,57,905
layer,4,58,873
layer,4,59,893
layer,4,60,885
layer,4,61,834
layer,4,62,992
layer,4,63,997
layer,4,64,989
layer,4,65,1047
layer,4,66,985
layer,4,67,925
layer,4,68,915
layer,4,69,927
layer,4,70,912
layer,4,71,858
layer,4,72,894
layer,4,73,830
layer,4,74,859
layer,4,75,860
layer,4,76,889
layer,4,77,900
layer,4,78,932
layer,4,79,910
layer,4,80,883
layer,4,81,911
layer,4,82,853
layer,4,83,866
layer,4,84,904
layer,4,85,865
layer,4,86,845
layer,4,87,937
layer,4,88,863
layer,4,89,961
layer,4,90,899
layer,4,91,945
layer,4,92,879
layer,4,93,832
layer,4,94,936
layer,4,95,954
layer,4,96,954
layer,4,97,969
layer,4,98,973
layer,4,99,908
layer,4,100,1012
layer,4,101,1067
layer,4,102,1088
layer,4,103,1014
layer,4,104,1068
layer,4,105,1144
layer,4,106,1195
layer,4,107,1278
layer,4,108,1349
layer,4,109,1342
layer,4,110,1438
layer,4,111,1558
layer,4,112,1668
layer,4,113,1682
layer,4,114,1767
layer,4,115,1792
layer,4,116,1882
layer,4,117,2019
layer,4,118,2040
layer,4,119,2479
layer,4,120,2482
layer,4,121,2776
layer,4,122,3138
layer,4,123,3477
layer,4,124,4055
layer,4,125,5479
layer,4,126,7397
layer,4,127,12038
layer,4,128,69761
layer,5,0,89073
layer,5,1,17382
layer,5,2,10518
layer,5,3,7962
layer,5,4,6451
layer,5,5,5275
layer,5,6,4675
layer,5,7,4106
layer,5,8,3714
layer,5,9,3472
layer,5,10,3218
layer,5,11,2963
layer,5,12,2820
layer,5,13,2660
layer,5,14,2536
layer,5,15,2369
layer,5,16,2196
layer,5,17,2238
layer,5,18,2122
layer,5,19,2125
layer,5,20,2032
layer,5,21,1991
layer,5,22,1846
layer,5,23,1774
layer,5,24,1676
layer,5,25,1648
layer,5,26,1628
layer,5,27,1619
layer,5,28,1558
layer,5,29,1511
layer,5,30,1428
layer,5,31,1495
layer,5,32,1387
layer,5,33,1390
layer,5,34,1325
layer,5,35,1403
layer,5,36,1277
layer,5,37,1208
layer,5,38,1286
layer,5,39,1217
layer,5,40,1175
layer,5,41,1141
layer,5,42,1096
layer,5,43,1088
layer,5,44,1129
layer,5,45,1131
layer,5,46,1112
layer,5,47,1140
layer,5,48,1132
layer,5,49,1114
layer,5,50,1076
layer,5,51,1047
layer,5,52,1054
layer,5,53,1055
layer,5,54,1062
layer,5,55,1105
layer,5,56,1030
layer,5,57,1020
layer,5,58,1024
layer,5,59,1013
layer,5,60,1012
layer,5,61,1000
layer,5,62,990
layer,5,63,943
layer,5,64,990
layer,5,65,947
layer,5,66,948
layer,5,67,961
layer,5,68,918
layer,5,69,925
layer,5,70,940
layer,5,71,940
layer,5,72,905
layer,5,73,914
layer,5,74,913
layer,5,75,892
layer,5,76,1013
layer,5,77,962
layer,5,78,976
layer,5,79,931
layer,5,80,980
layer,5,81,956
layer,5,82,971
layer,5,83,1012
layer,5,84,995
layer,5,85,957
layer,5,86,951
layer,5,87,1032
layer,5,88,1027
layer,5,89,1008
layer,5,90,1107
layer,5,91,1058
layer,5,92,1056
layer,5,93,1138
layer,5,94,1130
layer,5,95,1150
layer,5,96,1067
layer,5,97,1146
layer,5,98,1177
layer,5,99,1155
layer,5,100,1199
layer,5,101,1209
layer,5,102,1256
layer,5,103,1261
layer,5,104,1264
layer,5,105,1333
layer,5,106,1338
layer,5,107,1375
layer,5,108,1497
layer,5,109,1541
layer,5,110,1629
layer,5,111,1613
layer,5,112,1753
layer,5,113,1743
layer,5,114,1743
layer,5,115,1920
layer,5,116,1955
layer,5,117,2101
layer,5,118,2212
layer,5,119,2367
layer,5,120,2443
layer,5,121,2869
layer,5,122,3055
layer,5,123,3312
layer,5,124,3719
layer,5,125,4743
layer,5,126,6064
layer,5,127,10105
layer,5,128,54186
layer,6,0,119688
layer,6,1,16242
layer,6,2,10041
layer,6,3,7284
layer,6,4,5945
layer,6,5,5061
layer,6,6,4293
layer,6,7,3911
layer,6,8,3548
layer,6,9,3218
layer,6,10,3009
layer,6,11,2750
layer,6,12,2603
layer,6,13,2415
layer,6,14,2252
layer,6,15,2084
layer,6,16,2041
layer,6,17,1872
layer,6,18,1842
layer,6,19,1802
layer,6,20,1758
layer,6,21,1616
layer,6,22,1629
layer,6,23,1601
layer,6,24,1433
layer,6,25,1433
layer,6,26,1418
layer,6,27,1296
layer,6,28,1350
layer,6,29,1316
layer,6,30,1261
layer,6,31,1253
layer,6,32,1180
layer,6,33,1220
layer,6,34,1207
layer,6,35,1152
layer,6,36,1135
layer,6,37,1149
layer,6,38,1142
layer,6,39,1095
layer,6,40,1030
layer,6,41,1019
layer,6,42,1072
layer,6,43,1026
layer,6,44,1054
layer,6,45,964
layer,6,46,968
layer,6,47,1058
layer,6,48,1020
layer,6,49,997
layer,6,50,994
layer,6,51,976
layer,6,52,980
layer,6,53,963
layer,6,54,951
layer,6,55,991
layer,6,56,867
layer,6,57,905
layer,6,58,929
layer,6,59,993
layer,6,60,943
layer,6,61,910
layer,6,62,924
layer,6,63,1032
layer,6,64,954
layer,6,65,967
layer,6,66,1003
layer,6,67,903
layer,6,68,881
layer,6,69,867
layer,6,70,855
layer,6,71,847
layer,6,72,854
layer,6,73,829
layer,6,74,877
layer,6,75,810
layer,6,76,765
layer,6,77,826
layer,6,78,757
layer,6,79,807
layer,6,80,803
layer,6,81,841
layer,6,82,861
layer,6,83,857
layer,6,84,816
layer,6,85,843
layer,6,86,819
layer,6,87,876
layer,6,88,841
layer,6,89,874
layer,6,90,867
layer,6,91,845
layer,6,92,877
layer,6,93,947
layer,6,94,917
layer,6,95,978
layer,6,96,924
layer,6,97,983
layer,6,98,963
layer,6,99,1019
layer,6,100,1040
layer,6,101,1059
layer,6,102,1019
layer,6,103,1081
layer,6,104,1084
layer,6,105,1156
layer,6,106,1216
layer,6,107,1190
layer,6,108,1299
layer,6,109,1230
layer,6,110,1353
layer,6,111,1419
layer,6,112,1532
layer,6,113,1526
layer,6,114,1729
layer,6,115,1652
layer,6,116,1769
layer,6,117,1891
layer,6,118,2062
layer,6,119,2206
layer,6,120,2390
layer,6,121,2519
layer,6,122,2884
layer,6,123,3214
layer,6,124,3813
layer,6,125,5091
layer,6,126,6036
layer,6,127,9677
layer,6,128,45415
layer,7,0,99147
layer,7,1,20883
layer,7,2,12402
layer,7,3,9130
layer,7,4,7546
layer,7,5,6022
layer,7,6,5513
layer,7,7,4742
layer,7,8,4323
layer,7,9,3916
layer,7,10,3670
layer,7,11,3337
layer,7,12,3106
layer,7,13,3036
layer,7,14,2835
layer,7,15,2703
layer,7,16,2547
layer,7,17,2456
layer,7,18,2362
layer,7,19,2161
layer,7,20,2090
layer,7,21,2040
layer,7,22,1995
layer,7,23,1946
layer,7,24,1923
layer,7,25,1768
layer,7,26,1705
layer,7,27,1778
layer,7,28,1651
layer,7,29,1627
layer,7,30,1583
layer,7,31,1578
layer,7,32,1582
layer,7,33,1500
layer,7,34,1467
layer,7,35,1418
layer,7,36,1376
layer,7,37,1413
layer,7,38,1312
layer,7,39,1281
layer,7,40,1232
layer,7,41,1284
layer,7,42,1178
layer,7,43,1235
layer,7,44,1149
layer,7,45,1140
layer,7,46,1175
layer,7,47,1209
layer,7,48,1128
layer,7,49,1183
layer,7,50,1093
layer,7,51,1148
layer,7,52,1128
layer,7,53,1058
layer,7,54,1034
layer,7,55,1149
layer,7,56,1086
layer,7,57,1074
layer,7,58,1047
layer,7,59,984
layer,7,60,1037
layer,7,61,1071
layer,7,62,1027
layer,7,63,1001
layer,7,64,1077
layer,7,65,1020
layer,7,66,964
layer,7,67,960
layer,7,68,984
layer,7,69,974
layer,7,70,918
layer,7,71,954
layer,7,72,944
layer,7,73,964
layer,7,74,926
layer,7,75,968
layer,7,76,925
layer,7,77,964
layer,7,78,921
layer,7,79,914
layer,7,80,964
layer,7,81,943
layer,7,82,904
layer,7,83,976
layer,7,84,989
layer,7,85,903
layer,7,86,975
layer,7,87,977
layer,7,88,977
layer,7,89,984
layer,7,90,1008
layer,7,91,1013
layer,7,92,996
layer,7,93,1063
layer,7,94,1045
layer,7,95,1056
layer,7,96,1065
layer,7,97,1079
layer,7,98,1053
layer,7,99,1162
layer,7,100,1103
layer,7,101,1152
layer,7,102,1152
layer,7,103,1220
layer,7,104,1271
layer,7,105,1285
layer,7,106,1281
layer,7,107,1303
layer,7,108,1347
layer,7,109,1418
layer,7,110,1405
layer,7,111,1485
layer,7,112,1535
layer,7,113,1605
layer,7,114,1713
layer,7,115,1725
layer,7,116,1784
layer,7,117,1988
layer,7,118,2099
layer,7,119,2154
layer,7,120,2290
layer,7,121,2513
layer,7,122,2742
layer,7,123,3012
layer,7,124,3331
layer,7,125,4415
layer,7,126,5475
layer,7,127,8455
layer,7,128,33729
layer,8,0,131875
layer,8,1,21176
layer,8,2,12127
layer,8,3,9086
layer,8,4,7061
layer,8,5,5784
layer,8,6,5034
layer,8,7,4487
layer,8,8,4009
layer,8,9,3700
layer,8,10,3386
layer,8,11,3130
layer,8,12,2888
layer,8,13,2657
layer,8,14,2489
layer,8,15,2480
layer,8,16,2239
layer,8,17,2216
layer,8,18,1995
layer,8,19,2017
layer,8,20,1827
layer,8,21,1711
layer,8,22,1774
layer,8,23,1744
layer,8,24,1585
layer,8,25,1564
layer,8,26,1572
layer,8,27,1503
layer,8,28,1504
layer,8,29,1409
layer,8,30,1411
layer,8,31,1319
layer,8,32,1346
layer,8,33,1320
layer,8,34,1271
layer,8,35,1233
layer,8,36,1274
layer,8,37,1217
layer,8,38,1195
layer,8,39,1144
layer,8,40,1132
layer,8,41,1103
layer,8,42,1167
layer,8,43,1128
layer,8,44,1105
layer,8,45,1084
layer,8,46,1129
layer,8,47,1056
layer,8,48,1056
layer,8,49,1002
layer,8,50,1070
layer,8,51,1035
layer,8,52,1039
layer,8,53,1002
layer,8,54,999
layer,8,55,959
layer,8,56,979
layer,8,57,986
layer,8,58,1047
layer,8,59,989
layer,8,60,1051
layer,8,61,1047
layer,8,62,1004
layer,8,63,1037
layer,8,64,1026
layer,8,65,964
layer,8,66,998
layer,8,67,924
layer,8,68,945
layer,8,69,901
layer,8,70,958
layer,8,71,1000
layer,8,72,946
layer,8,73,962
layer,8,74,946
layer,8,75,833
layer,8,76,912
layer,8,77,857
layer,8,78,897
layer,8,79,877
layer,8,80,887
layer,8,81,906
layer,8,82,900
layer,8,83,922
layer,8,84,885
layer,8,85,938
layer,8,86,959
layer,8,87,871
layer,8,88,914
layer,8,89,908
layer,8,90,930
layer,8,91,887
layer,8,92,921
layer,8,93,879
layer,8,94,889
layer,8,95,928
layer,8,96,955
layer,8,97,929
layer,8,98,993
layer,8,99,939
layer,8,100,1009
layer,8,101,984
layer,8,102,1005
layer,8,103,965
layer,8,104,1031
layer,8,105,1060
layer,8,106,1122
layer,8,107,1090
layer,8,108,1119
layer,8,109,1134
layer,8,110,1156
layer,8,111,1185
layer,8,112,1230
layer,8,113,1203
layer,8,114,1300
layer,8,115,1330
layer,8,116,1413
layer,8,117,1506
layer,8,118,1505
layer,8,119,1618
layer,8,120,1842
layer,8,121,1978
layer,8,122,2204
layer,8,123,2222
layer,8,124,2537
layer,8,125,3065
layer,8,126,3815
layer,8,127,5299
layer,8,128,29038
layer,9,0,141813
layer,9,1,18696
layer,9,2,11282
layer,9,3,8164
layer,9,4,6294
layer,9,5,5377
layer,9,6,4549
layer,9,7,3937
layer,9,8,3749
layer,9,9,3426
layer,9,10,3082
layer,9,11,2981
layer,9,12,2726
layer,9,13,2502
layer,9,14,2379
layer,9,15,2318
layer,9,16,2118
layer,9,17,2057
layer,9,18,1988
layer,9,19,1855
layer,9,20,1821
layer,9,21,1733
layer,9,22,1727
layer,9,23,1566
layer,9,24,1546
layer,9,25,1501
layer,9,26,1446
layer,9,27,1404
layer,9,28,1353
layer,9,29,1394
layer,9,30,1386
layer,9,31,1306
layer,9,32,1268
layer,9,33,1275
layer,9,34,1193
layer,9,35,1198
layer,9,36,1184
layer,9,37,1092
layer,9,38,1112
layer,9,39,1134
layer,9,40,1179
layer,9,41,1073
layer,9,42,1083
layer,9,43,1087
layer,9,44,1063
layer,9,45,1065
layer,9,46,1031
layer,9,47,1053
layer,9,48,1015
layer,9,49,1023
layer,9,50,1017
layer,9,51,984
layer,9,52,1011
layer,9,53,958
layer,9,54,1055
layer,9,55,935
layer,9,56,1001
layer,9,57,924
layer,9,58,962
layer,9,59,872
layer,9,60,949
layer,9,61,924
layer,9,62,1024
layer,9,63,1023
layer,9,64,1003
layer,9,65,1061
layer,9,66,964
layer,9,67,953
layer,9,68,973
layer,9,69,925
layer,9,70,903
layer,9,71,885
layer,9,72,939
layer,9,73,887
layer,9,74,898
layer,9,75,919
layer,9,76,898
layer,9,77,846
layer,9,78,890
layer,9,79,875
layer,9,80,840
layer,9,81,822
layer,9,82,885
layer,9,83,881
layer,9,84,885
layer,9,85,884
layer,9,86,867
layer,9,87,918
layer,9,88,807
layer,9,89,941
layer,9,90,885
layer,9,91,874
layer,9,92,884
layer,9,93,882
layer,9,94,860
layer,9,95,907
layer,9,96,924
layer,9,97,992
layer,9,98,971
layer,9,99,1018
layer,9,100,1021
layer,9,101,971
layer,9,102,1069
layer,9,103,1026
layer,9,104,1079
layer,9,105,1106
layer,9,106,1089
layer,9,107,1148
layer,9,108,1119
layer,9,109,1126
layer,9,110,1129
layer,9,111,1225
layer,9,112,1294
layer,9,113,1186
layer,9,114,1292
layer,9,115,1328
layer,9,116,1390
layer,9,117,1403
layer,9,118,1551
layer,9,119,1564
layer,9,120,1656
layer,9,121,1766
layer,9,122,1901
layer,9,123,2211
layer,9,124,2508
layer,9,125,3000
layer,9,126,3854
layer,9,127,5953
layer,9,128,30262
mask_ratio,0.14,0,1005897
mask_ratio,0.14,1,172439
mask_ratio,0.14,2,101768
mask_ratio,0.14,3,72761
mask_ratio,0.14,4,55668
mask_ratio,0.14,5,45506
mask_ratio,0.14,6,38193
mask_ratio,0.14,7,32845
mask_ratio,0.14,8,28778
mask_ratio,0.14,9,25610
mask_ratio,0.14,10,23004
mask_ratio,0.14,11,20784
mask_ratio,0.14,12,18737
mask_ratio,0.14,13,17358
mask_ratio,0.14,14,16030
mask_ratio,0.14,15,14595
mask_ratio,0.14,16,13705
mask_ratio,0.14,17,12769
mask_ratio,0.14,18,11914
mask_ratio,0.14,19,11232
mask_ratio,0.14,20,10498
mask_ratio,0.14,21,9982
mask_ratio,0.14,22,9634
mask_ratio,0.14,23,9078
mask_ratio,0.14,24,8587
mask_ratio,0.14,25,8099
mask_ratio,0.14,26,7656
mask_ratio,0.14,27,7294
mask_ratio,0.14,28,7115
mask_ratio,0.14,29,6775
mask_ratio,0.14,30,6620
mask_ratio,0.14,31,6382
mask_ratio,0.14,32,5998
mask_ratio,0.14,33,5818
mask_ratio,0.14,34,5582
mask_ratio,0.14,35,5413
mask_ratio,0.14,36,5264
mask_ratio,0.14,37,5116
mask_ratio,0.14,38,4953
mask_ratio,0.14,39,4843
mask_ratio,0.14,40,4688
mask_ratio,0.14,41,4529
mask_ratio,0.14,42,4287
mask_ratio,0.14,43,4284
mask_ratio,0.14,44,4136
mask_ratio,0.14,45,4021
mask_ratio,0.14,46,3932
mask_ratio,0.14,47,3852
mask_ratio,0.14,48,3698
mask_ratio,0.14,49,3625
mask_ratio,0.14,50,3714
mask_ratio,0.14,51,3518
mask_ratio,0.14,52,3468
mask_ratio,0.14,53,3396
mask_ratio,0.14,54,3375
mask_ratio,0.14,55,3285
mask_ratio,0.14,56,3151
mask_ratio,0.14,57,3310
mask_ratio,0.14,58,3121
mask_ratio,0.14,59,3075
mask_ratio,0.14,60,3001
mask_ratio,0.14,61,3087
mask_ratio,0.14,62,3069
mask_ratio,0.14,63,3168
mask_ratio,0.14,64,3136
mask_ratio,0.14,65,2972
mask_ratio,0.14,66,2657
mask_ratio,0.14,67,2543
mask_ratio,0.14,68,2328
mask_ratio,0.14,69,2270
mask_ratio,0.14,70,2211
mask_ratio,0.14,71,2098
mask_ratio,0.14,72,2204
mask_ratio,0.14,73,2062
mask_ratio,0.14,74,2025
mask_ratio,0.14,75,1908
mask_ratio,0.14,76,1875
mask_ratio,0.14,77,1822
mask_ratio,0.14,78,1789
mask_ratio,0.14,79,1727
mask_ratio,0.14,80,1705
mask_ratio,0.14,81,1661
mask_ratio,0.14,82,1638
mask_ratio,0.14,83,1656
mask_ratio,0.14,84,1525
mask_ratio,0.14,85,1552
mask_ratio,0.14,86,1535
mask_ratio,0.14,87,1466
mask_ratio,0.14,88,1433
mask_ratio,0.14,89,1471
mask_ratio,0.14,90,1456
mask_ratio,0.14,91,1338
mask_ratio,0.14,92,1404
mask_ratio,0.14,93,1366
mask_ratio,0.14,94,1270
mask_ratio,0.14,95,1323
mask_ratio,0.14,96,1241
mask_ratio,0.14,97,1212
mask_ratio,0.14,98,1162
mask_ratio,0.14,99,1228
mask_ratio,0.14,100,1241
mask_ratio,0.14,101,1211
mask_ratio,0.14,102,1150
mask_ratio,0.14,103,1177
mask_ratio,0.14,104,1174
mask_ratio,0.14,105,1100
mask_ratio,0.14,106,1192
mask_ratio,0.14,107,1104
mask_ratio,0.14,108,1064
mask_ratio,0.14,109,1050
mask_ratio,0.14,110,1102
mask_ratio,0.14,111,1089
mask_ratio,0.14,112,1149
mask_ratio,0.14,113,996
mask_ratio,0.14,114,1046
mask_ratio,0.14,115,1071
mask_ratio,0.14,116,1108
mask_ratio,0.14,117,1088
mask_ratio,0.14,118,1072
mask_ratio,0.14,119,1049
mask_ratio,0.14,120,1098
mask_ratio,0.14,121,1096
mask_ratio,0.14,122,1190
mask_ratio,0.14,123,1099
mask_ratio,0.14,124,1139
mask_ratio,0.14,125,1126
mask_ratio,0.14,126,1197
mask_ratio,0.14,127,1253
mask_ratio,0.14,128,34362
mask_ratio,0.15,0,1008165
mask_ratio,0.15,1,173740
mask_ratio,0.15,2,102551
mask_ratio,0.15,3,72773
mask_ratio,0.15,4,56619
mask_ratio,0.15,5,45572
mask_ratio,0.15,6,38596
mask_ratio,0.15,7,33125
mask_ratio,0.15,8,28961
mask_ratio,0.15,9,25965
mask_ratio,0.15,10,22976
mask_ratio,0.15,11,20895
mask_ratio,0.15,12,18992
mask_ratio,0.15,13,17415
mask_ratio,0.15,14,16044
mask_ratio,0.15,15,14788
mask_ratio,0.15,16,13887
mask_ratio,0.15,17,12670
mask_ratio,0.15,18,12069
mask_ratio,0.15,19,11498
mask_ratio,0.15,20,10522
mask_ratio,0.15,21,10057
mask_ratio,0.15,22,9639
mask_ratio,0.15,23,9045
mask_ratio,0.15,24,8556
mask_ratio,0.15,25,8032
mask_ratio,0.15,26,7745
mask_ratio,0.15,27,7488
mask_ratio,0.15,28,7204
mask_ratio,0.15,29,6760
mask_ratio,0.15,30,6470
mask_ratio,0.15,31,6265
mask_ratio,0.15,32,6072
mask_ratio,0.15,33,5867
mask_ratio,0.15,34,5586
mask_ratio,0.15,35,5460
mask_ratio,0.15,36,5288
mask_ratio,0.15,37,5162
mask_ratio,0.15,38,4976
mask_ratio,0.15,39,4661
mask_ratio,0.15,40,4630
mask_ratio,0.15,41,4416
mask_ratio,0.15,42,4250
mask_ratio,0.15,43,4154
mask_ratio,0.15,44,4126
mask_ratio,0.15,45,3987
mask_ratio,0.15,46,3927
mask_ratio,0.15,47,3910
mask_ratio,0.15,48,3721
mask_ratio,0.15,49,3606
mask_ratio,0.15,50,3579
mask_ratio,0.15,51,3430
mask_ratio,0.15,52,3372
mask_ratio,0.15,53,3311
mask_ratio,0.15,54,3372
mask_ratio,0.15,55,3197
mask_ratio,0.15,56,3215
mask_ratio,0.15,57,3115
mask_ratio,0.15,58,3134
mask_ratio,0.15,59,3072
mask_ratio,0.15,60,2941
mask_ratio,0.15,61,2934
mask_ratio,0.15,62,2992
mask_ratio,0.15,63,3080
mask_ratio,0.15,64,3144
mask_ratio,0.15,65,2926
mask_ratio,0.15,66,2594
mask_ratio,0.15,67,2382
mask_ratio,0.15,68,2328
mask_ratio,0.15,69,2272
mask_ratio,0.15,70,2127
mask_ratio,0.15,71,2125
mask_ratio,0.15,72,2044
mask_ratio,0.15,73,1924
mask_ratio,0.15,74,1864
mask_ratio,0.15,75,1809
mask_ratio,0.15,76,1778
mask_ratio,0.15,77,1785
mask_ratio,0.15,78,1699
mask_ratio,0.15,79,1697
mask_ratio,0.15,80,1587
mask_ratio,0.15,81,1571
mask_ratio,0.15,82,1538
mask_ratio,0.15,83,1548
mask_ratio,0.15,84,1428
mask_ratio,0.15,85,1430
mask_ratio,0.15,86,1472
mask_ratio,0.15,87,1363
mask_ratio,0.15,88,1343
mask_ratio,0.15,89,1313
mask_ratio,0.15,90,1299
mask_ratio,0.15,91,1332
mask_ratio,0.15,92,1293
mask_ratio,0.15,93,1201
mask_ratio,0.15,94,1150
mask_ratio,0.15,95,1202
mask_ratio,0.15,96,1120
mask_ratio,0.15,97,1114
mask_ratio,0.15,98,1170
mask_ratio,0.15,99,1115
mask_ratio,0.15,100,1144
mask_ratio,0.15,101,1067
mask_ratio,0.15,102,997
mask_ratio,0.15,103,1078
mask_ratio,0.15,104,1022
mask_ratio,0.15,105,1048
mask_ratio,0.15,106,1045
mask_ratio,0.15,107,967
mask_ratio,0.15,108,984
mask_ratio,0.15,109,1000
mask_ratio,0.15,110,936
mask_ratio,0.15,111,1030
mask_ratio,0.15,112,938
mask_ratio,0.15,113,934
mask_ratio,0.15,114,967
mask_ratio,0.15,115,930
mask_ratio,0.15,116,1013
mask_ratio,0.15,117,983
mask_ratio,0.15,118,981
mask_ratio,0.15,119,952
mask_ratio,0.15,120,945
mask_ratio,0.15,121,1038
mask_ratio,0.15,122,1027
mask_ratio,0.15,123,990
mask_ratio,0.15,124,1004
mask_ratio,0.15,125,1044
mask_ratio,0.15,126,1040
mask_ratio,0.15,127,1110
mask_ratio,0.15,128,34224
mask_ratio,0.49,0,596594
mask_ratio,0.49,1,126495
mask_ratio,0.49,2,82841
mask_ratio,0.49,3,62159
mask_ratio,0.49,4,51009
mask_ratio,0.49,5,43854
mask_ratio,0.49,6,38206
mask_ratio,0.49,7,34118
mask_ratio,0.49,8,30615
mask_ratio,0.49,9,27906
mask_ratio,0.49,10,25844
mask_ratio,0.49,11,23666
mask_ratio,0.49,12,21970
mask_ratio,0.49,13,20641
mask_ratio,0.49,14,19462
mask_ratio,0.49,15,18369
mask_ratio,0.49,16,17035
mask_ratio,0.49,17,16731
mask_ratio,0.49,18,15806
mask_ratio,0.49,19,14887
mask_ratio,0.49,20,14341
mask_ratio,0.49,21,13844
mask_ratio,0.49,22,13481
mask_ratio,0.49,23,12462
mask_ratio,0.49,24,12083
mask_ratio,0.49,25,11706
mask_ratio,0.49,26,11172
mask_ratio,0.49,27,10988
mask_ratio,0.49,28,10609
mask_ratio,0.49,29,10496
mask_ratio,0.49,30,10022
mask_ratio,0.49,31,9819
mask_ratio,0.49,32,9469
mask_ratio,0.49,33,9206
mask_ratio,0.49,34,8910
mask_ratio,0.49,35,8539
mask_ratio,0.49,36,8526
mask_ratio,0.49,37,8289
mask_ratio,0.49,38,8114
mask_ratio,0.49,39,7945
mask_ratio,0.49,40,7923
mask_ratio,0.49,41,7690
mask_ratio,0.49,42,7353
mask_ratio,0.49,43,7339
mask_ratio,0.49,44,7360
mask_ratio,0.49,45,7074
mask_ratio,0.49,46,7046
mask_ratio,0.49,47,6887
mask_ratio,0.49,48,6779
mask_ratio,0.49,49,6758
mask_ratio,0.49,50,6463
mask_ratio,0.49,51,6481
mask_ratio,0.49,52,6310
mask_ratio,0.49,53,6196
mask_ratio,0.49,54,6339
mask_ratio,0.49,55,6320
mask_ratio,0.49,56,6196
mask_ratio,0.49,57,6039
mask_ratio,0.49,58,6030
mask_ratio,0.49,59,6086
mask_ratio,0.49,60,6079
mask_ratio,0.49,61,6011
mask_ratio,0.49,62,6089
mask_ratio,0.49,63,6184
mask_ratio,0.49,64,6178
mask_ratio,0.49,65,6095
mask_ratio,0.49,66,5777
mask_ratio,0.49,67,5606
mask_ratio,0.49,68,5548
mask_ratio,0.49,69,5408
mask_ratio,0.49,70,5325
mask_ratio,0.49,71,5162
mask_ratio,0.49,72,4984
mask_ratio,0.49,73,4977
mask_ratio,0.49,74,4937
mask_ratio,0.49,75,4898
mask_ratio,0.49,76,5003
mask_ratio,0.49,77,4911
mask_ratio,0.49,78,4817
mask_ratio,0.49,79,4690
mask_ratio,0.49,80,4730
mask_ratio,0.49,81,4584
mask_ratio,0.49,82,4498
mask_ratio,0.49,83,4511
mask_ratio,0.49,84,4571
mask_ratio,0.49,85,4570
mask_ratio,0.49,86,4453
mask_ratio,0.49,87,4398
mask_ratio,0.49,88,4385
mask_ratio,0.49,89,4370
mask_ratio,0.49,90,4288
mask_ratio,0.49,91,4289
mask_ratio,0.49,92,4342
mask_ratio,0.49,93,4276
mask_ratio,0.49,94,4129
mask_ratio,0.49,95,4284
mask_ratio,0.49,96,4206
mask_ratio,0.49,97,4169
mask_ratio,0.49,98,4249
mask_ratio,0.49,99,4123
mask_ratio,0.49,100,4230
mask_ratio,0.49,101,4315
mask_ratio,0.49,102,4069
mask_ratio,0.49,103,4236
mask_ratio,0.49,104,4363
mask_ratio,0.49,105,4325
mask_ratio,0.49,106,4433
mask_ratio,0.49,107,4480
mask_ratio,0.49,108,4610
mask_ratio,0.49,109,4620
mask_ratio,0.49,110,4625
mask_ratio,0.49,111,4891
mask_ratio,0.49,112,5106
mask_ratio,0.49,113,5146
mask_ratio,0.49,114,5241
mask_ratio,0.49,115,5531
mask_ratio,0.49,116,5610
mask_ratio,0.49,117,5906
mask_ratio,0.49,118,6114
mask_ratio,0.49,119,6342
mask_ratio,0.49,120,6744
mask_ratio,0.49,121,7194
mask_ratio,0.49,122,7949
mask_ratio,0.49,123,8750
mask_ratio,0.49,124,9369
mask_ratio,0.49,125,10830
mask_ratio,0.49,126,12822
mask_ratio,0.49,127,17225
mask_ratio,0.49,128,89074
mask_ratio,0.5,0,597467
mask_ratio,0.5,1,126802
mask_ratio,0.5,2,82119
mask_ratio,0.5,3,62088
mask_ratio,0.5,4,51229
mask_ratio,0.5,5,43917
mask_ratio,0.5,6,38266
mask_ratio,0.5,7,34013
mask_ratio,0.5,8,30875
mask_ratio,0.5,9,27748
mask_ratio,0.5,10,25374
mask_ratio,0.5,11,23666
mask_ratio,0.5,12,22132
mask_ratio,0.5,13,20770
mask_ratio,0.5,14,19326
mask_ratio,0.5,15,18395
mask_ratio,0.5,16,17265
mask_ratio,0.5,17,16647
mask_ratio,0.5,18,15720
mask_ratio,0.5,19,14977
mask_ratio,0.5,20,14190
mask_ratio,0.5,21,13833
mask_ratio,0.5,22,13224
mask_ratio,0.5,23,12788
mask_ratio,0.5,24,12011
mask_ratio,0.5,25,11613
mask_ratio,0.5,26,11416
mask_ratio,0.5,27,10765
mask_ratio,0.5,28,10647
mask_ratio,0.5,29,10450
mask_ratio,0.5,30,9933
mask_ratio,0.5,31,9690
mask_ratio,0.5,32,9416
mask_ratio,0.5,33,9143
mask_ratio,0.5,34,8949
mask_ratio,0.5,35,8706
mask_ratio,0.5,36,8563
mask_ratio,0.5,37,8303
mask_ratio,0.5,38,8094
mask_ratio,0.5,39,8071
mask_ratio,0.5,40,7691
mask_ratio,0.5,41,7605
mask_ratio,0.5,42,7418
mask_ratio,0.5,43,7286
mask_ratio,0.5,44,7357
mask_ratio,0.5,45,7109
mask_ratio,0.5,46,6932
mask_ratio,0.5,47,7069
mask_ratio,0.5,48,6762
mask_ratio,0.5,49,6615
mask_ratio,0.5,50,6420
mask_ratio,0.5,51,6490
mask_ratio,0.5,52,6326
mask_ratio,0.5,53,6296
mask_ratio,0.5,54,6328
mask_ratio,0.5,55,6353
mask_ratio,0.5,56,6286
mask_ratio,0.5,57,6008
mask_ratio,0.5,58,5993
mask_ratio,0.5,59,6051
mask_ratio,0.5,60,6005
mask_ratio,0.5,61,5958
mask_ratio,0.5,62,5823
mask_ratio,0.5,63,6112
mask_ratio,0.5,64,6138
mask_ratio,0.5,65,6064
mask_ratio,0.5,66,5883
mask_ratio,0.5,67,5614
mask_ratio,0.5,68,5437
mask_ratio,0.5,69,5385
mask_ratio,0.5,70,5170
mask_ratio,0.5,71,5226
mask_ratio,0.5,72,5013
mask_ratio,0.5,73,5122
mask_ratio,0.5,74,5080
mask_ratio,0.5,75,4853
mask_ratio,0.5,76,4977
mask_ratio,0.5,77,4897
mask_ratio,0.5,78,4862
mask_ratio,0.5,79,4631
mask_ratio,0.5,80,4617
mask_ratio,0.5,81,4560
mask_ratio,0.5,82,4600
mask_ratio,0.5,83,4495
mask_ratio,0.5,84,4447
mask_ratio,0.5,85,4533
mask_ratio,0.5,86,4345
mask_ratio,0.5,87,4482
mask_ratio,0.5,88,4393
mask_ratio,0.5,89,4456
mask_ratio,0.5,90,4431
mask_ratio,0.5,91,4273
mask_ratio,0.5,92,4316
mask_ratio,0.5,93,4221
mask_ratio,0.5,94,4192
mask_ratio,0.5,95,4337
mask_ratio,0.5,96,4193
mask_ratio,0.5,97,4186
mask_ratio,0.5,98,4246
mask_ratio,0.5,99,4052
mask_ratio,0.5,100,4261
mask_ratio,0.5,101,4185
mask_ratio,0.5,102,4251
mask_ratio,0.5,103,4265
mask_ratio,0.5,104,4216
mask_ratio,0.5,105,4345
mask_ratio,0.5,106,4518
mask_ratio,0.5,107,4461
mask_ratio,0.5,108,4510
mask_ratio,0.5,109,4651
mask_ratio,0.5,110,4679
mask_ratio,0.5,111,4887
mask_ratio,0.5,112,5047
mask_ratio,0.5,113,5160
mask_ratio,0.5,114,5358
mask_ratio,0.5,115,5394
mask_ratio,0.5,116,5607
mask_ratio,0.5,117,5890
mask_ratio,0.5,118,6180
mask_ratio,0.5,119,6496
mask_ratio,0.5,120,6683
mask_ratio,0.5,121,7286
mask_ratio,0.5,122,7979
mask_ratio,0.5,123,8887
mask_ratio,0.5,124,9416
mask_ratio,0.5,125,10790
mask_ratio,0.5,126,12741
mask_ratio,0.5,127,17500
mask_ratio,0.5,128,88888
mask_ratio,0.89,0,167133
mask_ratio,0.89,1,60902
mask_ratio,0.89,2,39690
mask_ratio,0.89,3,30697
mask_ratio,0.89,4,25608
mask_ratio,0.89,5,22266
mask_ratio,0.89,6,19806
mask_ratio,0.89,7,18252
mask_ratio,0.89,8,16905
mask_ratio,0.89,9,15988
mask_ratio,0.89,10,15056
mask_ratio,0.89,11,14175
mask_ratio,0.89,12,13808
mask_ratio,0.89,13,13237
mask_ratio,0.89,14,12393
mask_ratio,0.89,15,11654
mask_ratio,0.89,16,11279
mask_ratio,0.89,17,10998
mask_ratio,0.89,18,10430
mask_ratio,0.89,19,10447
mask_ratio,0.89,20,9988
mask_ratio,0.89,21,9712
mask_ratio,0.89,22,9764
mask_ratio,0.89,23,9336
mask_ratio,0.89,24,9094
mask_ratio,0.89,25,9048
mask_ratio,0.89,26,8714
mask_ratio,0.89,27,8728
mask_ratio,0.89,28,8541
mask_ratio,0.89,29,8340
mask_ratio,0.89,30,8322
mask_ratio,0.89,31,8272
mask_ratio,0.89,32,8157
mask_ratio,0.89,33,8227
mask_ratio,0.89,34,7960
mask_ratio,0.89,35,8030
mask_ratio,0.89,36,7789
mask_ratio,0.89,37,7673
mask_ratio,0.89,38,7883
mask_ratio,0.89,39,7648
mask_ratio,0.89,40,7644
mask_ratio,0.89,41,7575
mask_ratio,0.89,42,7612
mask_ratio,0.89,43,7512
mask_ratio,0.89,44,7344
mask_ratio,0.89,45,7355
mask_ratio,0.89,46,7426
mask_ratio,0.89,47,7340
mask_ratio,0.89,48,7430
mask_ratio,0.89,49,7254
mask_ratio,0.89,50,7239
mask_ratio,0.89,51,7294
mask_ratio,0.89,52,7314
mask_ratio,0.89,53,7316
mask_ratio,0.89,54,7221
mask_ratio,0.89,55,7298
mask_ratio,0.89,56,7406
mask_ratio,0.89,57,7215
mask_ratio,0.89,58,7396
mask_ratio,0.89,59,7294
mask_ratio,0.89,60,7460
mask_ratio,0.89,61,7510
mask_ratio,0.89,62,7361
mask_ratio,0.89,63,7474
mask_ratio,0.89,64,7667
mask_ratio,0.89,65,7640
mask_ratio,0.89,66,7742
mask_ratio,0.89,67,7878
mask_ratio,0.89,68,7805
mask_ratio,0.89,69,7847
mask_ratio,0.89,70,7806
mask_ratio,0.89,71,7928
mask_ratio,0.89,72,7821
mask_ratio,0.89,73,7890
mask_ratio,0.89,74,8034
mask_ratio,0.89,75,7963
mask_ratio,0.89,76,7983
mask_ratio,0.89,77,7871
mask_ratio,0.89,78,8030
mask_ratio,0.89,79,8007
mask_ratio,0.89,80,8195
mask_ratio,0.89,81,8343
mask_ratio,0.89,82,8300
mask_ratio,0.89,83,8462
mask_ratio,0.89,84,8518
mask_ratio,0.89,85,8425
mask_ratio,0.89,86,8693
mask_ratio,0.89,87,8751
mask_ratio,0.89,88,8733
mask_ratio,0.89,89,8807
mask_ratio,0.89,90,8839
mask_ratio,0.89,91,8965
mask_ratio,0.89,92,8885
mask_ratio,0.89,93,9227
mask_ratio,0.89,94,9327
mask_ratio,0.89,95,9500
mask_ratio,0.89,96,9633
mask_ratio,0.89,97,9791
mask_ratio,0.89,98,9641
mask_ratio,0.89,99,9950
mask_ratio,0.89,100,10203
mask_ratio,0.89,101,10058
mask_ratio,0.89,102,10468
mask_ratio,0.89,103,10657
mask_ratio,0.89,104,10897
mask_ratio,0.89,105,11049
mask_ratio,0.89,106,11377
mask_ratio,0.89,107,11555
mask_ratio,0.89,108,12024
mask_ratio,0.89,109,12116
mask_ratio,0.89,110,12839
mask_ratio,0.89,111,13100
mask_ratio,0.89,112,13711
mask_ratio,0.89,113,13843
mask_ratio,0.89,114,14577
mask_ratio,0.89,115,15450
mask_ratio,0.89,116,16005
mask_ratio,0.89,117,16931
mask_ratio,0.89,118,17366
mask_ratio,0.89,119,18456
mask_ratio,0.89,120,19544
mask_ratio,0.89,121,20923
mask_ratio,0.89,122,22829
mask_ratio,0.89,123,24808
mask_ratio,0.89,124,28688
mask_ratio,0.89,125,35442
mask_ratio,0.89,126,44530
mask_ratio,0.89,127,68921
mask_ratio,0.89,128,374648
mask_ratio,0.9,0,171923
mask_ratio,0.9,1,61627
mask_ratio,0.9,2,39938
mask_ratio,0.9,3,31094
mask_ratio,0.9,4,25813
mask_ratio,0.9,5,22327
mask_ratio,0.9,6,20025
mask_ratio,0.9,7,18488
mask_ratio,0.9,8,17160
mask_ratio,0.9,9,16052
mask_ratio,0.9,10,15223
mask_ratio,0.9,11,14451
mask_ratio,0.9,12,13539
mask_ratio,0.9,13,12982
mask_ratio,0.9,14,12330
mask_ratio,0.9,15,12066
mask_ratio,0.9,16,11153
mask_ratio,0.9,17,10930
mask_ratio,0.9,18,10545
mask_ratio,0.9,19,10204
mask_ratio,0.9,20,10006
mask_ratio,0.9,21,9638
mask_ratio,0.9,22,9529
mask_ratio,0.9,23,9484
mask_ratio,0.9,24,9110
mask_ratio,0.9,25,8969
mask_ratio,0.9,26,8907
mask_ratio,0.9,27,8621
mask_ratio,0.9,28,8396
mask_ratio,0.9,29,8288
mask_ratio,0.9,30,8275
mask_ratio,0.9,31,8020
mask_ratio,0.9,32,8055
mask_ratio,0.9,33,8044
mask_ratio,0.9,34,7982
mask_ratio,0.9,35,7793
mask_ratio,0.9,36,7701
mask_ratio,0.9,37,7886
mask_ratio,0.9,38,7612
mask_ratio,0.9,39,7560
mask_ratio,0.9,40,7608
mask_ratio,0.9,41,7628
mask_ratio,0.9,42,7549
mask_ratio,0.9,43,7450
mask_ratio,0.9,44,7345
mask_ratio,0.9,45,7370
mask_ratio,0.9,46,7443
mask_ratio,0.9,47,7451
mask_ratio,0.9,48,7406
mask_ratio,0.9,49,7440
mask_ratio,0.9,50,7493
mask_ratio,0.9,51,7246
mask_ratio,0.9,52,7412
mask_ratio,0.9,53,7131
mask_ratio,0.9,54,7331
mask_ratio,0.9,55,7188
mask_ratio,0.9,56,7257
mask_ratio,0.9,57,7186
mask_ratio,0.9,58,7340
mask_ratio,0.9,59,7217
mask_ratio,0.9,60,7379
mask_ratio,0.9,61,7378
mask_ratio,0.9,62,7450
mask_ratio,0.9,63,7393
mask_ratio,0.9,64,7645
mask_ratio,0.9,65,7659
mask_ratio,0.9,66,7607
mask_ratio,0.9,67,7807
mask_ratio,0.9,68,7638
mask_ratio,0.9,69,7672
mask_ratio,0.9,70,7752
mask_ratio,0.9,71,7725
mask_ratio,0.9,72,7995
mask_ratio,0.9,73,7932
mask_ratio,0.9,74,7706
mask_ratio,0.9,75,7999
mask_ratio,0.9,76,8028
mask_ratio,0.9,77,7902
mask_ratio,0.9,78,8017
mask_ratio,0.9,79,8157
mask_ratio,0.9,80,8154
mask_ratio,0.9,81,8235
mask_ratio,0.9,82,8240
mask_ratio,0.9,83,8299
mask_ratio,0.9,84,8461
mask_ratio,0.9,85,8460
mask_ratio,0.9,86,8451
mask_ratio,0.9,87,8418
mask_ratio,0.9,88,8703
mask_ratio,0.9,89,8676
mask_ratio,0.9,90,8753
mask_ratio,0.9,91,8895
mask_ratio,0.9,92,8911
mask_ratio,0.9,93,9141
mask_ratio,0.9,94,9171
mask_ratio,0.9,95,9458
mask_ratio,0.9,96,9501
mask_ratio,0.9,97,9494
mask_ratio,0.9,98,9726
mask_ratio,0.9,99,9771
mask_ratio,0.9,100,10243
mask_ratio,0.9,101,10209
mask_ratio,0.9,102,10390
mask_ratio,0.9,103,10418
mask_ratio,0.9,104,10665
mask_ratio,0.9,105,10996
mask_ratio,0.9,106,11011
mask_ratio,0.9,107,11392
mask_ratio,0.9,108,11604
mask_ratio,0.9,109,12174
mask_ratio,0.9,110,12144
mask_ratio,0.9,111,12956
mask_ratio,0.9,112,13363
mask_ratio,0.9,113,13892
mask_ratio,0.9,114,14180
mask_ratio,0.9,115,15191
mask_ratio,0.9,116,15671
mask_ratio,0.9,117,16718
mask_ratio,0.9,118,17454
mask_ratio,0.9,119,18465
mask_ratio,0.9,120,19479
mask_ratio,0.9,121,21074
mask_ratio,0.9,122,22789
mask_ratio,0.9,123,24984
mask_ratio,0.9,124,28629
mask_ratio,0.9,125,35488
mask_ratio,0.9,126,44919
mask_ratio,0.9,127,69333
mask_ratio,0.9,128,374325
query_head,0,0,126277
query_head,0,1,24045
query_head,0,2,13881
query_head,0,3,9812
query_head,0,4,7925
query_head,0,5,6685
query_head,0,6,6003
query_head,0,7,5267
query_head,0,8,5049
query_head,0,9,4441
query_head,0,10,4272
query_head,0,11,3975
query_head,0,12,3650
query_head,0,13,3412
query_head,0,14,3084
query_head,0,15,2885
query_head,0,16,2615
query_head,0,17,2554
query_head,0,18,2373
query_head,0,19,2241
query_head,0,20,2179
query_head,0,21,2152
query_head,0,22,1988
query_head,0,23,1858
query_head,0,24,1781
query_head,0,25,1726
query_head,0,26,1681
query_head,0,27,1675
query_head,0,28,1495
query_head,0,29,1476
query_head,0,30,1489
query_head,0,31,1351
query_head,0,32,1320
query_head,0,33,1314
query_head,0,34,1265
query_head,0,35,1322
query_head,0,36,1196
query_head,0,37,1157
query_head,0,38,1240
query_head,0,39,1185
query_head,0,40,1140
query_head,0,41,1100
query_head,0,42,1118
query_head,0,43,1122
query_head,0,44,1051
query_head,0,45,1011
query_head,0,46,1073
query_head,0,47,1017
query_head,0,48,1068
query_head,0,49,1023
query_head,0,50,1000
query_head,0,51,1018
query_head,0,52,1010
query_head,0,53,1014
query_head,0,54,1024
query_head,0,55,1004
query_head,0,56,1003
query_head,0,57,990
query_head,0,58,957
query_head,0,59,1047
query_head,0,60,1048
query_head,0,61,1005
query_head,0,62,959
query_head,0,63,1159
query_head,0,64,1456
query_head,0,65,1449
query_head,0,66,1344
query_head,0,67,1019
query_head,0,68,1007
query_head,0,69,1041
query_head,0,70,1023
query_head,0,71,1014
query_head,0,72,985
query_head,0,73,990
query_head,0,74,881
query_head,0,75,913
query_head,0,76,846
query_head,0,77,906
query_head,0,78,901
query_head,0,79,860
query_head,0,80,915
query_head,0,81,842
query_head,0,82,901
query_head,0,83,850
query_head,0,84,897
query_head,0,85,902
query_head,0,86,895
query_head,0,87,867
query_head,0,88,853
query_head,0,89,913
query_head,0,90,865
query_head,0,91,930
query_head,0,92,894
query_head,0,93,915
query_head,0,94,894
query_head,0,95,985
query_head,0,96,954
query_head,0,97,954
query_head,0,98,996
query_head,0,99,931
query_head,0,100,1010
query_head,0,101,984
query_head,0,102,1035
query_head,0,103,1045
query_head,0,104,1090
query_head,0,105,1069
query_head,0,106,1058
query_head,0,107,1100
query_head,0,108,1125
query_head,0,109,1119
query_head,0,110,1252
query_head,0,111,1251
query_head,0,112,1299
query_head,0,113,1377
query_head,0,114,1344
query_head,0,115,1408
query_head,0,116,1431
query_head,0,117,1518
query_head,0,118,1504
query_head,0,119,1534
query_head,0,120,1569
query_head,0,121,1449
query_head,0,122,1385
query_head,0,123,1491
query_head,0,124,1587
query_head,0,125,1882
query_head,0,126,2569
query_head,0,127,4480
query_head,0,128,21206
query_head,1,0,104551
query_head,1,1,23030
query_head,1,2,13978
query_head,1,3,10640
query_head,1,4,8430
query_head,1,5,7050
query_head,1,6,6095
query_head,1,7,5416
query_head,1,8,5052
query_head,1,9,4658
query_head,1,10,4310
query_head,1,11,4083
query_head,1,12,3882
query_head,1,13,3646
query_head,1,14,3350
query_head,1,15,3228
query_head,1,16,3013
query_head,1,17,2829
query_head,1,18,2624
query_head,1,19,2498
query_head,1,20,2386
query_head,1,21,2292
query_head,1,22,2230
query_head,1,23,2107
query_head,1,24,1990
query_head,1,25,2003
query_head,1,26,1876
query_head,1,27,1885
query_head,1,28,1803
query_head,1,29,1691
query_head,1,30,1716
query_head,1,31,1638
query_head,1,32,1597
query_head,1,33,1501
query_head,1,34,1545
query_head,1,35,1462
query_head,1,36,1426
query_head,1,37,1333
query_head,1,38,1384
query_head,1,39,1339
query_head,1,40,1354
query_head,1,41,1344
query_head,1,42,1277
query_head,1,43,1213
query_head,1,44,1220
query_head,1,45,1170
query_head,1,46,1220
query_head,1,47,1229
query_head,1,48,1179
query_head,1,49,1154
query_head,1,50,1107
query_head,1,51,1112
query_head,1,52,1093
query_head,1,53,1102
query_head,1,54,1087
query_head,1,55,1110
query_head,1,56,1169
query_head,1,57,1115
query_head,1,58,1178
query_head,1,59,1170
query_head,1,60,1127
query_head,1,61,1148
query_head,1,62,1139
query_head,1,63,1025
query_head,1,64,1022
query_head,1,65,1045
query_head,1,66,993
query_head,1,67,993
query_head,1,68,904
query_head,1,69,957
query_head,1,70,940
query_head,1,71,986
query_head,1,72,970
query_head,1,73,893
query_head,1,74,988
query_head,1,75,956
query_head,1,76,896
query_head,1,77,892
query_head,1,78,954
query_head,1,79,861
query_head,1,80,851
query_head,1,81,892
query_head,1,82,851
query_head,1,83,902
query_head,1,84,872
query_head,1,85,914
query_head,1,86,861
query_head,1,87,891
query_head,1,88,961
query_head,1,89,929
query_head,1,90,862
query_head,1,91,958
query_head,1,92,879
query_head,1,93,940
query_head,1,94,914
query_head,1,95,933
query_head,1,96,890
query_head,1,97,987
query_head,1,98,916
query_head,1,99,979
query_head,1,100,974
query_head,1,101,941
query_head,1,102,985
query_head,1,103,978
query_head,1,104,997
query_head,1,105,1027
query_head,1,106,1041
query_head,1,107,1032
query_head,1,108,1078
query_head,1,109,1166
query_head,1,110,1068
query_head,1,111,1222
query_head,1,112,1253
query_head,1,113,1190
query_head,1,114,1288
query_head,1,115,1328
query_head,1,116,1287
query_head,1,117,1385
query_head,1,118,1469
query_head,1,119,1529
query_head,1,120,1568
query_head,1,121,1643
query_head,1,122,1814
query_head,1,123,2039
query_head,1,124,2311
query_head,1,125,2777
query_head,1,126,3452
query_head,1,127,5256
query_head,1,128,30077
query_head,10,0,116851
query_head,10,1,22839
query_head,10,2,13969
query_head,10,3,10211
query_head,10,4,8060
query_head,10,5,6538
query_head,10,6,5754
query_head,10,7,5036
query_head,10,8,4663
query_head,10,9,4129
query_head,10,10,3852
query_head,10,11,3577
query_head,10,12,3157
query_head,10,13,2976
query_head,10,14,2795
query_head,10,15,2641
query_head,10,16,2473
query_head,10,17,2325
query_head,10,18,2234
query_head,10,19,2172
query_head,10,20,2001
query_head,10,21,1969
query_head,10,22,1848
query_head,10,23,1847
query_head,10,24,1809
query_head,10,25,1659
query_head,10,26,1695
query_head,10,27,1585
query_head,10,28,1559
query_head,10,29,1495
query_head,10,30,1468
query_head,10,31,1474
query_head,10,32,1440
query_head,10,33,1375
query_head,10,34,1359
query_head,10,35,1271
query_head,10,36,1304
query_head,10,37,1258
query_head,10,38,1244
query_head,10,39,1195
query_head,10,40,1233
query_head,10,41,1208
query_head,10,42,1193
query_head,10,43,1171
query_head,10,44,1112
query_head,10,45,1176
query_head,10,46,1122
query_head,10,47,1093
query_head,10,48,1108
query_head,10,49,1081
query_head,10,50,1059
query_head,10,51,1055
query_head,10,52,1054
query_head,10,53,1048
query_head,10,54,1004
query_head,10,55,1091
query_head,10,56,1115
query_head,10,57,1049
query_head,10,58,1089
query_head,10,59,967
query_head,10,60,1007
query_head,10,61,1038
query_head,10,62,1030
query_head,10,63,989
query_head,10,64,967
query_head,10,65,1064
query_head,10,66,994
query_head,10,67,975
query_head,10,68,861
query_head,10,69,962
query_head,10,70,926
query_head,10,71,885
query_head,10,72,998
query_head,10,73,854
query_head,10,74,855
query_head,10,75,875
query_head,10,76,875
query_head,10,77,876
query_head,10,78,858
query_head,10,79,840
query_head,10,80,849
query_head,10,81,851
query_head,10,82,865
query_head,10,83,884
query_head,10,84,901
query_head,10,85,902
query_head,10,86,910
query_head,10,87,897
query_head,10,88,894
query_head,10,89,912
query_head,10,90,950
query_head,10,91,920
query_head,10,92,972
query_head,10,93,978
query_head,10,94,1000
query_head,10,95,984
query_head,10,96,1052
query_head,10,97,1044
query_head,10,98,1020
query_head,10,99,954
query_head,10,100,1065
query_head,10,101,1054
query_head,10,102,995
query_head,10,103,975
query_head,10,104,941
query_head,10,105,985
query_head,10,106,970
query_head,10,107,984
query_head,10,108,1039
query_head,10,109,1024
query_head,10,110,1018
query_head,10,111,1100
query_head,10,112,1087
query_head,10,113,1104
query_head,10,114,1169
query_head,10,115,1212
query_head,10,116,1267
query_head,10,117,1399
query_head,10,118,1427
query_head,10,119,1592
query_head,10,120,1583
query_head,10,121,1887
query_head,10,122,2069
query_head,10,123,2425
query_head,10,124,2532
query_head,10,125,3151
query_head,10,126,3835
query_head,10,127,5636
query_head,10,128,31088
query_head,11,0,108982
query_head,11,1,24132
query_head,11,2,14953
query_head,11,3,10559
query_head,11,4,8255
query_head,11,5,6876
query_head,11,6,5967
query_head,11,7,5124
query_head,11,8,4654
query_head,11,9,4226
query_head,11,10,3820
query_head,11,11,3595
query_head,11,12,3331
query_head,11,13,3000
query_head,11,14,2884
query_head,11,15,2732
query_head,11,16,2545
query_head,11,17,2430
query_head,11,18,2304
query_head,11,19,2304
query_head,11,20,2147
query_head,11,21,2066
query_head,11,22,2090
query_head,11,23,1984
query_head,11,24,1875
query_head,11,25,1776
query_head,11,26,1731
query_head,11,27,1657
query_head,11,28,1644
query_head,11,29,1608
query_head,11,30,1529
query_head,11,31,1487
query_head,11,32,1482
query_head,11,33,1443
query_head,11,34,1439
query_head,11,35,1357
query_head,11,36,1347
query_head,11,37,1364
query_head,11,38,1371
query_head,11,39,1329
query_head,11,40,1205
query_head,11,41,1277
query_head,11,42,1207
query_head,11,43,1212
query_head,11,44,1161
query_head,11,45,1171
query_head,11,46,1179
query_head,11,47,1186
query_head,11,48,1085
query_head,11,49,1019
query_head,11,50,1090
query_head,11,51,970
query_head,11,52,1083
query_head,11,53,993
query_head,11,54,1019
query_head,11,55,1012
query_head,11,56,1042
query_head,11,57,1006
query_head,11,58,1060
query_head,11,59,982
query_head,11,60,1007
query_head,11,61,1065
query_head,11,62,1037
query_head,11,63,1059
query_head,11,64,1261
query_head,11,65,1086
query_head,11,66,1032
query_head,11,67,1012
query_head,11,68,1032
query_head,11,69,1021
query_head,11,70,1006
query_head,11,71,967
query_head,11,72,973
query_head,11,73,1027
query_head,11,74,972
query_head,11,75,960
query_head,11,76,950
query_head,11,77,933
query_head,11,78,951
query_head,11,79,912
query_head,11,80,870
query_head,11,81,920
query_head,11,82,948
query_head,11,83,931
query_head,11,84,904
query_head,11,85,928
query_head,11,86,911
query_head,11,87,915
query_head,11,88,926
query_head,11,89,949
query_head,11,90,887
query_head,11,91,874
query_head,11,92,869
query_head,11,93,946
query_head,11,94,920
query_head,11,95,922
query_head,11,96,954
query_head,11,97,897
query_head,11,98,894
query_head,11,99,987
query_head,11,100,955
query_head,11,101,1062
query_head,11,102,953
query_head,11,103,1112
query_head,11,104,1073
query_head,11,105,1057
query_head,11,106,1044
query_head,11,107,1067
query_head,11,108,1117
query_head,11,109,1092
query_head,11,110,1122
query_head,11,111,1180
query_head,11,112,1246
query_head,11,113,1235
query_head,11,114,1233
query_head,11,115,1341
query_head,11,116,1394
query_head,11,117,1296
query_head,11,118,1404
query_head,11,119,1501
query_head,11,120,1617
query_head,11,121,1696
query_head,11,122,1813
query_head,11,123,2038
query_head,11,124,2363
query_head,11,125,2872
query_head,11,126,3434
query_head,11,127,5071
query_head,11,128,32855
query_head,12,0,105418
query_head,12,1,21731
query_head,12,2,13568
query_head,12,3,10576
query_head,12,4,8727
query_head,12,5,7433
query_head,12,6,6289
query_head,12,7,5760
query_head,12,8,5073
query_head,12,9,4651
query_head,12,10,4047
query_head,12,11,3764
query_head,12,12,3480
query_head,12,13,3174
query_head,12,14,2962
query_head,12,15,2843
query_head,12,16,2640
query_head,12,17,2564
query_head,12,18,2432
query_head,12,19,2401
query_head,12,20,2285
query_head,12,21,2190
query_head,12,22,2112
query_head,12,23,1964
query_head,12,24,1961
query_head,12,25,1826
query_head,12,26,1766
query_head,12,27,1702
query_head,12,28,1679
query_head,12,29,1562
query_head,12,30,1583
query_head,12,31,1545
query_head,12,32,1496
query_head,12,33,1479
query_head,12,34,1478
query_head,12,35,1374
query_head,12,36,1392
query_head,12,37,1373
query_head,12,38,1263
query_head,12,39,1270
query_head,12,40,1254
query_head,12,41,1289
query_head,12,42,1202
query_head,12,43,1267
query_head,12,44,1193
query_head,12,45,1272
query_head,12,46,1203
query_head,12,47,1168
query_head,12,48,1222
query_head,12,49,1128
query_head,12,50,1184
query_head,12,51,1119
query_head,12,52,1115
query_head,12,53,1120
query_head,12,54,1159
query_head,12,55,1123
query_head,12,56,1118
query_head,12,57,1090
query_head,12,58,1065
query_head,12,59,1052
query_head,12,60,1048
query_head,12,61,1054
query_head,12,62,1035
query_head,12,63,945
query_head,12,64,985
query_head,12,65,1012
query_head,12,66,893
query_head,12,67,945
query_head,12,68,895
query_head,12,69,912
query_head,12,70,853
query_head,12,71,855
query_head,12,72,821
query_head,12,73,869
query_head,12,74,856
query_head,12,75,882
query_head,12,76,842
query_head,12,77,808
query_head,12,78,874
query_head,12,79,869
query_head,12,80,819
query_head,12,81,836
query_head,12,82,837
query_head,12,83,811
query_head,12,84,841
query_head,12,85,857
query_head,12,86,787
query_head,12,87,858
query_head,12,88,858
query_head,12,89,858
query_head,12,90,826
query_head,12,91,882
query_head,12,92,855
query_head,12,93,882
query_head,12,94,896
query_head,12,95,844
query_head,12,96,910
query_head,12,97,955
query_head,12,98,948
query_head,12,99,958
query_head,12,100,974
query_head,12,101,953
query_head,12,102,979
query_head,12,103,1041
query_head,12,104,1058
query_head,12,105,1017
query_head,12,106,1149
query_head,12,107,1147
query_head,12,108,1179
query_head,12,109,1161
query_head,12,110,1222
query_head,12,111,1283
query_head,12,112,1301
query_head,12,113,1331
query_head,12,114,1419
query_head,12,115,1507
query_head,12,116,1570
query_head,12,117,1615
query_head,12,118,1787
query_head,12,119,1901
query_head,12,120,1986
query_head,12,121,2131
query_head,12,122,2301
query_head,12,123,2515
query_head,12,124,2615
query_head,12,125,3248
query_head,12,126,4027
query_head,12,127,6068
query_head,12,128,30984
query_head,13,0,100336
query_head,13,1,22628
query_head,13,2,14558
query_head,13,3,10982
query_head,13,4,8649
query_head,13,5,7414
query_head,13,6,6376
query_head,13,7,5522
query_head,13,8,5139
query_head,13,9,4512
query_head,13,10,4251
query_head,13,11,3834
query_head,13,12,3610
query_head,13,13,3407
query_head,13,14,3263
query_head,13,15,2971
query_head,13,16,2871
query_head,13,17,2733
query_head,13,18,2617
query_head,13,19,2516
query_head,13,20,2423
query_head,13,21,2291
query_head,13,22,2200
query_head,13,23,2089
query_head,13,24,1969
query_head,13,25,1921
query_head,13,26,1899
query_head,13,27,1870
query_head,13,28,1745
query_head,13,29,1648
query_head,13,30,1655
query_head,13,31,1619
query_head,13,32,1582
query_head,13,33,1587
query_head,13,34,1553
query_head,13,35,1466
query_head,13,36,1424
query_head,13,37,1416
query_head,13,38,1421
query_head,13,39,1411
query_head,13,40,1333
query_head,13,41,1317
query_head,13,42,1244
query_head,13,43,1221
query_head,13,44,1254
query_head,13,45,1123
query_head,13,46,1139
query_head,13,47,1160
query_head,13,48,1194
query_head,13,49,1160
query_head,13,50,1147
query_head,13,51,1087
query_head,13,52,1072
query_head,13,53,1078
query_head,13,54,1086
query_head,13,55,1125
query_head,13,56,1034
query_head,13,57,955
query_head,13,58,1006
query_head,13,59,1001
query_head,13,60,1032
query_head,13,61,948
query_head,13,62,1021
query_head,13,63,1046
query_head,13,64,1010
query_head,13,65,980
query_head,13,66,958
query_head,13,67,928
query_head,13,68,921
query_head,13,69,974
query_head,13,70,896
query_head,13,71,920
query_head,13,72,920
query_head,13,73,938
query_head,13,74,877
query_head,13,75,829
query_head,13,76,924
query_head,13,77,839
query_head,13,78,874
query_head,13,79,863
query_head,13,80,874
query_head,13,81,867
query_head,13,82,864
query_head,13,83,880
query_head,13,84,907
query_head,13,85,821
query_head,13,86,885
query_head,13,87,877
query_head,13,88,893
query_head,13,89,882
query_head,13,90,827
query_head,13,91,838
query_head,13,92,880
query_head,13,93,862
query_head,13,94,852
query_head,13,95,877
query_head,13,96,879
query_head,13,97,902
query_head,13,98,889
query_head,13,99,864
query_head,13,100,908
query_head,13,101,898
query_head,13,102,938
query_head,13,103,969
query_head,13,104,956
query_head,13,105,1005
query_head,13,106,970
query_head,13,107,1005
query_head,13,108,1013
query_head,13,109,1073
query_head,13,110,1006
query_head,13,111,1114
query_head,13,112,1152
query_head,13,113,1133
query_head,13,114,1154
query_head,13,115,1246
query_head,13,116,1289
query_head,13,117,1441
query_head,13,118,1600
query_head,13,119,1637
query_head,13,120,1693
query_head,13,121,1804
query_head,13,122,2184
query_head,13,123,2808
query_head,13,124,2741
query_head,13,125,3203
query_head,13,126,3865
query_head,13,127,4955
query_head,13,128,35224
query_head,14,0,104794
query_head,14,1,22787
query_head,14,2,14496
query_head,14,3,10724
query_head,14,4,8654
query_head,14,5,6979
query_head,14,6,6054
query_head,14,7,5373
query_head,14,8,4693
query_head,14,9,4296
query_head,14,10,4000
query_head,14,11,3736
query_head,14,12,3350
query_head,14,13,3214
query_head,14,14,2992
query_head,14,15,2735
query_head,14,16,2576
query_head,14,17,2413
query_head,14,18,2355
query_head,14,19,2167
query_head,14,20,2108
query_head,14,21,2036
query_head,14,22,1948
query_head,14,23,1907
query_head,14,24,1793
query_head,14,25,1710
query_head,14,26,1631
query_head,14,27,1638
query_head,14,28,1524
query_head,14,29,1510
query_head,14,30,1386
query_head,14,31,1454
query_head,14,32,1369
query_head,14,33,1355
query_head,14,34,1354
query_head,14,35,1278
query_head,14,36,1234
query_head,14,37,1252
query_head,14,38,1277
query_head,14,39,1242
query_head,14,40,1267
query_head,14,41,1208
query_head,14,42,1221
query_head,14,43,1153
query_head,14,44,1158
query_head,14,45,1188
query_head,14,46,1117
query_head,14,47,1175
query_head,14,48,1086
query_head,14,49,1046
query_head,14,50,1062
query_head,14,51,1120
query_head,14,52,1106
query_head,14,53,1036
query_head,14,54,1059
query_head,14,55,1089
query_head,14,56,1079
query_head,14,57,1042
query_head,14,58,1080
query_head,14,59,1120
query_head,14,60,1105
query_head,14,61,1052
query_head,14,62,1054
query_head,14,63,1037
query_head,14,64,1103
query_head,14,65,1066
query_head,14,66,1019
query_head,14,67,1006
query_head,14,68,1016
query_head,14,69,1028
query_head,14,70,975
query_head,14,71,969
query_head,14,72,1051
query_head,14,73,970
query_head,14,74,958
query_head,14,75,967
query_head,14,76,968
query_head,14,77,917
query_head,14,78,895
query_head,14,79,1022
query_head,14,80,911
query_head,14,81,920
query_head,14,82,898
query_head,14,83,899
query_head,14,84,909
query_head,14,85,894
query_head,14,86,931
query_head,14,87,973
query_head,14,88,907
query_head,14,89,948
query_head,14,90,996
query_head,14,91,947
query_head,14,92,932
query_head,14,93,976
query_head,14,94,906
query_head,14,95,989
query_head,14,96,982
query_head,14,97,999
query_head,14,98,1000
query_head,14,99,998
query_head,14,100,991
query_head,14,101,967
query_head,14,102,1086
query_head,14,103,1062
query_head,14,104,1134
query_head,14,105,1140
query_head,14,106,1100
query_head,14,107,1118
query_head,14,108,1203
query_head,14,109,1160
query_head,14,110,1226
query_head,14,111,1216
query_head,14,112,1310
query_head,14,113,1219
query_head,14,114,1386
query_head,14,115,1403
query_head,14,116,1422
query_head,14,117,1528
query_head,14,118,1548
query_head,14,119,1783
query_head,14,120,1760
query_head,14,121,1971
query_head,14,122,2068
query_head,14,123,2235
query_head,14,124,2482
query_head,14,125,2949
query_head,14,126,3650
query_head,14,127,5398
query_head,14,128,34802
query_head,15,0,118431
query_head,15,1,21941
query_head,15,2,13673
query_head,15,3,9951
query_head,15,4,8084
query_head,15,5,6667
query_head,15,6,5900
query_head,15,7,5047
query_head,15,8,4634
query_head,15,9,4244
query_head,15,10,3833
query_head,15,11,3466
query_head,15,12,3165
query_head,15,13,3003
query_head,15,14,2920
query_head,15,15,2747
query_head,15,16,2465
query_head,15,17,2369
query_head,15,18,2240
query_head,15,19,2165
query_head,15,20,2075
query_head,15,21,2024
query_head,15,22,2020
query_head,15,23,1936
query_head,15,24,1704
query_head,15,25,1783
query_head,15,26,1677
query_head,15,27,1602
query_head,15,28,1652
query_head,15,29,1426
query_head,15,30,1507
query_head,15,31,1448
query_head,15,32,1429
query_head,15,33,1390
query_head,15,34,1373
query_head,15,35,1346
query_head,15,36,1268
query_head,15,37,1222
query_head,15,38,1287
query_head,15,39,1257
query_head,15,40,1258
query_head,15,41,1180
query_head,15,42,1168
query_head,15,43,1125
query_head,15,44,1118
query_head,15,45,1100
query_head,15,46,1086
query_head,15,47,1004
query_head,15,48,1002
query_head,15,49,1042
query_head,15,50,956
query_head,15,51,1017
query_head,15,52,936
query_head,15,53,982
query_head,15,54,997
query_head,15,55,964
query_head,15,56,911
query_head,15,57,928
query_head,15,58,926
query_head,15,59,908
query_head,15,60,922
query_head,15,61,934
query_head,15,62,902
query_head,15,63,952
query_head,15,64,988
query_head,15,65,1014
query_head,15,66,1008
query_head,15,67,901
query_head,15,68,931
query_head,15,69,836
query_head,15,70,891
query_head,15,71,836
query_head,15,72,840
query_head,15,73,842
query_head,15,74,842
query_head,15,75,806
query_head,15,76,847
query_head,15,77,861
query_head,15,78,831
query_head,15,79,896
query_head,15,80,871
query_head,15,81,798
query_head,15,82,800
query_head,15,83,824
query_head,15,84,792
query_head,15,85,829
query_head,15,86,893
query_head,15,87,827
query_head,15,88,909
query_head,15,89,908
query_head,15,90,896
query_head,15,91,921
query_head,15,92,947
query_head,15,93,1014
query_head,15,94,1002
query_head,15,95,976
query_head,15,96,1039
query_head,15,97,994
query_head,15,98,960
query_head,15,99,1024
query_head,15,100,1044
query_head,15,101,1039
query_head,15,102,1065
query_head,15,103,1092
query_head,15,104,1087
query_head,15,105,1158
query_head,15,106,1238
query_head,15,107,1135
query_head,15,108,1149
query_head,15,109,1169
query_head,15,110,1264
query_head,15,111,1363
query_head,15,112,1398
query_head,15,113,1412
query_head,15,114,1469
query_head,15,115,1576
query_head,15,116,1569
query_head,15,117,1595
query_head,15,118,1592
query_head,15,119,1611
query_head,15,120,1732
query_head,15,121,1756
query_head,15,122,1964
query_head,15,123,2110
query_head,15,124,2476
query_head,15,125,3123
query_head,15,126,4126
query_head,15,127,6404
query_head,15,128,28417
query_head,16,0,107329
query_head,16,1,21760
query_head,16,2,13734
query_head,16,3,10192
query_head,16,4,8355
query_head,16,5,6767
query_head,16,6,5827
query_head,16,7,5135
query_head,16,8,4641
query_head,16,9,4278
query_head,16,10,3845
query_head,16,11,3630
query_head,16,12,3374
query_head,16,13,3243
query_head,16,14,3004
query_head,16,15,2766
query_head,16,16,2561
query_head,16,17,2439
query_head,16,18,2472
query_head,16,19,2322
query_head,16,20,2228
query_head,16,21,2192
query_head,16,22,2159
query_head,16,23,2013
query_head,16,24,1978
query_head,16,25,1840
query_head,16,26,1879
query_head,16,27,1887
query_head,16,28,1743
query_head,16,29,1705
query_head,16,30,1756
query_head,16,31,1659
query_head,16,32,1586
query_head,16,33,1597
query_head,16,34,1514
query_head,16,35,1474
query_head,16,36,1454
query_head,16,37,1453
query_head,16,38,1388
query_head,16,39,1341
query_head,16,40,1355
query_head,16,41,1342
query_head,16,42,1271
query_head,16,43,1328
query_head,16,44,1251
query_head,16,45,1247
query_head,16,46,1185
query_head,16,47,1182
query_head,16,48,1196
query_head,16,49,1093
query_head,16,50,1121
query_head,16,51,1101
query_head,16,52,1047
query_head,16,53,1059
query_head,16,54,1055
query_head,16,55,1063
query_head,16,56,1042
query_head,16,57,994
query_head,16,58,1011
query_head,16,59,1044
query_head,16,60,1032
query_head,16,61,956
query_head,16,62,967
query_head,16,63,1058
query_head,16,64,978
query_head,16,65,911
query_head,16,66,878
query_head,16,67,927
query_head,16,68,904
query_head,16,69,916
query_head,16,70,868
query_head,16,71,879
query_head,16,72,913
query_head,16,73,835
query_head,16,74,919
query_head,16,75,914
query_head,16,76,891
query_head,16,77,889
query_head,16,78,865
query_head,16,79,840
query_head,16,80,808
query_head,16,81,854
query_head,16,82,840
query_head,16,83,796
query_head,16,84,836
query_head,16,85,822
query_head,16,86,869
query_head,16,87,844
query_head,16,88,843
query_head,16,89,835
query_head,16,90,884
query_head,16,91,838
query_head,16,92,841
query_head,16,93,892
query_head,16,94,866
query_head,16,95,852
query_head,16,96,914
query_head,16,97,899
query_head,16,98,902
query_head,16,99,909
query_head,16,100,990
query_head,16,101,963
query_head,16,102,1023
query_head,16,103,999
query_head,16,104,1066
query_head,16,105,1126
query_head,16,106,1147
query_head,16,107,1283
query_head,16,108,1246
query_head,16,109,1254
query_head,16,110,1263
query_head,16,111,1343
query_head,16,112,1345
query_head,16,113,1363
query_head,16,114,1400
query_head,16,115,1460
query_head,16,116,1487
query_head,16,117,1556
query_head,16,118,1721
query_head,16,119,1679
query_head,16,120,1805
query_head,16,121,1984
query_head,16,122,2050
query_head,16,123,2184
query_head,16,124,2553
query_head,16,125,2846
query_head,16,126,3456
query_head,16,127,5100
query_head,16,128,34533
query_head,17,0,109658
query_head,17,1,21955
query_head,17,2,13875
query_head,17,3,10352
query_head,17,4,8319
query_head,17,5,7333
query_head,17,6,6305
query_head,17,7,5534
query_head,17,8,5086
query_head,17,9,4567
query_head,17,10,4155
query_head,17,11,3847
query_head,17,12,3567
query_head,17,13,3315
query_head,17,14,3080
query_head,17,15,2774
query_head,17,16,2704
query_head,17,17,2578
query_head,17,18,2342
query_head,17,19,2340
query_head,17,20,2154
query_head,17,21,2078
query_head,17,22,2027
query_head,17,23,1889
query_head,17,24,1840
query_head,17,25,1736
query_head,17,26,1631
query_head,17,27,1617
query_head,17,28,1588
query_head,17,29,1597
query_head,17,30,1509
query_head,17,31,1545
query_head,17,32,1426
query_head,17,33,1336
query_head,17,34,1368
query_head,17,35,1446
query_head,17,36,1330
query_head,17,37,1372
query_head,17,38,1285
query_head,17,39,1241
query_head,17,40,1217
query_head,17,41,1215
query_head,17,42,1163
query_head,17,43,1166
query_head,17,44,1117
query_head,17,45,1189
query_head,17,46,1148
query_head,17,47,1145
query_head,17,48,1097
query_head,17,49,1029
query_head,17,50,1096
query_head,17,51,1109
query_head,17,52,1028
query_head,17,53,1006
query_head,17,54,1027
query_head,17,55,1014
query_head,17,56,1024
query_head,17,57,1044
query_head,17,58,1018
query_head,17,59,974
query_head,17,60,1028
query_head,17,61,1043
query_head,17,62,1065
query_head,17,63,1223
query_head,17,64,1017
query_head,17,65,997
query_head,17,66,1035
query_head,17,67,1013
query_head,17,68,946
query_head,17,69,966
query_head,17,70,994
query_head,17,71,983
query_head,17,72,880
query_head,17,73,1035
query_head,17,74,967
query_head,17,75,961
query_head,17,76,1053
query_head,17,77,1022
query_head,17,78,990
query_head,17,79,962
query_head,17,80,916
query_head,17,81,1002
query_head,17,82,973
query_head,17,83,936
query_head,17,84,988
query_head,17,85,991
query_head,17,86,936
query_head,17,87,924
query_head,17,88,986
query_head,17,89,987
query_head,17,90,986
query_head,17,91,988
query_head,17,92,973
query_head,17,93,926
query_head,17,94,925
query_head,17,95,1009
query_head,17,96,1019
query_head,17,97,983
query_head,17,98,964
query_head,17,99,960
query_head,17,100,987
query_head,17,101,1013
query_head,17,102,1005
query_head,17,103,1031
query_head,17,104,1013
query_head,17,105,1031
query_head,17,106,1100
query_head,17,107,1096
query_head,17,108,1123
query_head,17,109,1215
query_head,17,110,1181
query_head,17,111,1251
query_head,17,112,1363
query_head,17,113,1341
query_head,17,114,1297
query_head,17,115,1384
query_head,17,116,1499
query_head,17,117,1663
query_head,17,118,1791
query_head,17,119,1812
query_head,17,120,1922
query_head,17,121,2087
query_head,17,122,2185
query_head,17,123,2385
query_head,17,124,2685
query_head,17,125,3249
query_head,17,126,3988
query_head,17,127,5376
query_head,17,128,27064
query_head,18,0,108107
query_head,18,1,22400
query_head,18,2,14218
query_head,18,3,10605
query_head,18,4,8459
query_head,18,5,7207
query_head,18,6,6027
query_head,18,7,5292
query_head,18,8,4783
query_head,18,9,4270
query_head,18,10,3814
query_head,18,11,3551
query_head,18,12,3377
query_head,18,13,3178
query_head,18,14,2967
query_head,18,15,2742
query_head,18,16,2608
query_head,18,17,2568
query_head,18,18,2345
query_head,18,19,2329
query_head,18,20,2064
query_head,18,21,2041
query_head,18,22,2014
query_head,18,23,1907
query_head,18,24,1853
query_head,18,25,1758
query_head,18,26,1698
query_head,18,27,1589
query_head,18,28,1604
query_head,18,29,1619
query_head,18,30,1540
query_head,18,31,1505
query_head,18,32,1479
query_head,18,33,1420
query_head,18,34,1400
query_head,18,35,1367
query_head,18,36,1316
query_head,18,37,1307
query_head,18,38,1301
query_head,18,39,1235
query_head,18,40,1294
query_head,18,41,1276
query_head,18,42,1239
query_head,18,43,1168
query_head,18,44,1155
query_head,18,45,1115
query_head,18,46,1141
query_head,18,47,1195
query_head,18,48,1128
query_head,18,49,1195
query_head,18,50,1179
query_head,18,51,1235
query_head,18,52,1183
query_head,18,53,1146
query_head,18,54,1173
query_head,18,55,1182
query_head,18,56,1180
query_head,18,57,1227
query_head,18,58,1153
query_head,18,59,1166
query_head,18,60,1170
query_head,18,61,1169
query_head,18,62,1122
query_head,18,63,1185
query_head,18,64,1130
query_head,18,65,1169
query_head,18,66,1071
query_head,18,67,1104
query_head,18,68,1067
query_head,18,69,1071
query_head,18,70,976
query_head,18,71,1012
query_head,18,72,939
query_head,18,73,978
query_head,18,74,967
query_head,18,75,1009
query_head,18,76,986
query_head,18,77,991
query_head,18,78,972
query_head,18,79,975
query_head,18,80,928
query_head,18,81,920
query_head,18,82,979
query_head,18,83,965
query_head,18,84,908
query_head,18,85,961
query_head,18,86,975
query_head,18,87,992
query_head,18,88,900
query_head,18,89,944
query_head,18,90,914
query_head,18,91,976
query_head,18,92,974
query_head,18,93,1002
query_head,18,94,963
query_head,18,95,1052
query_head,18,96,1014
query_head,18,97,978
query_head,18,98,987
query_head,18,99,956
query_head,18,100,1018
query_head,18,101,1039
query_head,18,102,1003
query_head,18,103,1008
query_head,18,104,1089
query_head,18,105,1073
query_head,18,106,1112
query_head,18,107,1106
query_head,18,108,1139
query_head,18,109,1306
query_head,18,110,1237
query_head,18,111,1322
query_head,18,112,1356
query_head,18,113,1416
query_head,18,114,1440
query_head,18,115,1475
query_head,18,116,1643
query_head,18,117,1659
query_head,18,118,1824
query_head,18,119,1979
query_head,18,120,2101
query_head,18,121,2279
query_head,18,122,2611
query_head,18,123,2600
query_head,18,124,2923
query_head,18,125,3235
query_head,18,126,3694
query_head,18,127,5172
query_head,18,128,25412
query_head,19,0,115411
query_head,19,1,22558
query_head,19,2,14024
query_head,19,3,10500
query_head,19,4,8228
query_head,19,5,6994
query_head,19,6,5799
query_head,19,7,5316
query_head,19,8,4538
query_head,19,9,4179
query_head,19,10,3773
query_head,19,11,3438
query_head,19,12,3282
query_head,19,13,3061
query_head,19,14,2807
query_head,19,15,2726
query_head,19,16,2438
query_head,19,17,2367
query_head,19,18,2274
query_head,19,19,2194
query_head,19,20,2102
query_head,19,21,2002
query_head,19,22,1992
query_head,19,23,1863
query_head,19,24,1736
query_head,19,25,1836
query_head,19,26,1663
query_head,19,27,1591
query_head,19,28,1582
query_head,19,29,1594
query_head,19,30,1438
query_head,19,31,1431
query_head,19,32,1398
query_head,19,33,1325
query_head,19,34,1321
query_head,19,35,1309
query_head,19,36,1199
query_head,19,37,1205
query_head,19,38,1223
query_head,19,39,1215
query_head,19,40,1219
query_head,19,41,1178
query_head,19,42,1094
query_head,19,43,1148
query_head,19,44,1089
query_head,19,45,1091
query_head,19,46,1045
query_head,19,47,1072
query_head,19,48,1025
query_head,19,49,1003
query_head,19,50,997
query_head,19,51,954
query_head,19,52,1028
query_head,19,53,959
query_head,19,54,940
query_head,19,55,970
query_head,19,56,966
query_head,19,57,925
query_head,19,58,972
query_head,19,59,917
query_head,19,60,969
query_head,19,61,977
query_head,19,62,880
query_head,19,63,912
query_head,19,64,911
query_head,19,65,919
query_head,19,66,888
query_head,19,67,858
query_head,19,68,822
query_head,19,69,844
query_head,19,70,883
query_head,19,71,935
query_head,19,72,819
query_head,19,73,812
query_head,19,74,848
query_head,19,75,859
query_head,19,76,892
query_head,19,77,885
query_head,19,78,864
query_head,19,79,823
query_head,19,80,877
query_head,19,81,809
query_head,19,82,792
query_head,19,83,839
query_head,19,84,838
query_head,19,85,872
query_head,19,86,878
query_head,19,87,850
query_head,19,88,820
query_head,19,89,799
query_head,19,90,885
query_head,19,91,894
query_head,19,92,886
query_head,19,93,858
query_head,19,94,831
query_head,19,95,907
query_head,19,96,855
query_head,19,97,897
query_head,19,98,943
query_head,19,99,978
query_head,19,100,951
query_head,19,101,877
query_head,19,102,904
query_head,19,103,976
query_head,19,104,900
query_head,19,105,976
query_head,19,106,978
query_head,19,107,978
query_head,19,108,1022
query_head,19,109,1032
query_head,19,110,1082
query_head,19,111,1105
query_head,19,112,1148
query_head,19,113,1241
query_head,19,114,1297
query_head,19,115,1297
query_head,19,116,1377
query_head,19,117,1539
query_head,19,118,1517
query_head,19,119,1598
query_head,19,120,1699
query_head,19,121,1735
query_head,19,122,1888
query_head,19,123,1991
query_head,19,124,2343
query_head,19,125,2736
query_head,19,126,3473
query_head,19,127,5390
query_head,19,128,36734
query_head,2,0,97087
query_head,2,1,22449
query_head,2,2,14521
query_head,2,3,10776
query_head,2,4,8643
query_head,2,5,7491
query_head,2,6,6308
query_head,2,7,5556
query_head,2,8,4939
query_head,2,9,4541
query_head,2,10,4104
query_head,2,11,3703
query_head,2,12,3465
query_head,2,13,3158
query_head,2,14,3000
query_head,2,15,2920
query_head,2,16,2743
query_head,2,17,2621
query_head,2,18,2435
query_head,2,19,2271
query_head,2,20,2212
query_head,2,21,2151
query_head,2,22,2021
query_head,2,23,1871
query_head,2,24,1845
query_head,2,25,1758
query_head,2,26,1691
query_head,2,27,1689
query_head,2,28,1590
query_head,2,29,1530
query_head,2,30,1540
query_head,2,31,1518
query_head,2,32,1419
query_head,2,33,1474
query_head,2,34,1428
query_head,2,35,1351
query_head,2,36,1411
query_head,2,37,1244
query_head,2,38,1272
query_head,2,39,1169
query_head,2,40,1252
query_head,2,41,1121
query_head,2,42,1180
query_head,2,43,1152
query_head,2,44,1059
query_head,2,45,1071
query_head,2,46,1099
query_head,2,47,1095
query_head,2,48,1043
query_head,2,49,1047
query_head,2,50,1024
query_head,2,51,1010
query_head,2,52,960
query_head,2,53,940
query_head,2,54,996
query_head,2,55,946
query_head,2,56,949
query_head,2,57,960
query_head,2,58,1020
query_head,2,59,1021
query_head,2,60,942
query_head,2,61,995
query_head,2,62,978
query_head,2,63,908
query_head,2,64,940
query_head,2,65,1050
query_head,2,66,974
query_head,2,67,948
query_head,2,68,945
query_head,2,69,924
query_head,2,70,884
query_head,2,71,913
query_head,2,72,912
query_head,2,73,909
query_head,2,74,922
query_head,2,75,875
query_head,2,76,903
query_head,2,77,941
query_head,2,78,899
query_head,2,79,935
query_head,2,80,880
query_head,2,81,901
query_head,2,82,877
query_head,2,83,947
query_head,2,84,958
query_head,2,85,921
query_head,2,86,959
query_head,2,87,924
query_head,2,88,932
query_head,2,89,954
query_head,2,90,973
query_head,2,91,898
query_head,2,92,942
query_head,2,93,960
query_head,2,94,895
query_head,2,95,990
query_head,2,96,977
query_head,2,97,975
query_head,2,98,915
query_head,2,99,1001
query_head,2,100,1016
query_head,2,101,1037
query_head,2,102,996
query_head,2,103,996
query_head,2,104,1019
query_head,2,105,1080
query_head,2,106,1091
query_head,2,107,1051
query_head,2,108,1148
query_head,2,109,1179
query_head,2,110,1129
query_head,2,111,1274
query_head,2,112,1212
query_head,2,113,1291
query_head,2,114,1346
query_head,2,115,1399
query_head,2,116,1502
query_head,2,117,1541
query_head,2,118,1678
query_head,2,119,1801
query_head,2,120,2088
query_head,2,121,2191
query_head,2,122,2324
query_head,2,123,2474
query_head,2,124,2646
query_head,2,125,3417
query_head,2,126,4468
query_head,2,127,8010
query_head,2,128,37476
query_head,20,0,115430
query_head,20,1,22431
query_head,20,2,13550
query_head,20,3,9775
query_head,20,4,8000
query_head,20,5,6618
query_head,20,6,5722
query_head,20,7,5239
query_head,20,8,4714
query_head,20,9,4348
query_head,20,10,3918
query_head,20,11,3603
query_head,20,12,3474
query_head,20,13,3142
query_head,20,14,2916
query_head,20,15,2747
query_head,20,16,2547
query_head,20,17,2525
query_head,20,18,2397
query_head,20,19,2317
query_head,20,20,2195
query_head,20,21,2098
query_head,20,22,2036
query_head,20,23,1978
query_head,20,24,1855
query_head,20,25,1743
query_head,20,26,1660
query_head,20,27,1656
query_head,20,28,1581
query_head,20,29,1542
query_head,20,30,1520
query_head,20,31,1450
query_head,20,32,1403
query_head,20,33,1348
query_head,20,34,1281
query_head,20,35,1285
query_head,20,36,1253
query_head,20,37,1226
query_head,20,38,1218
query_head,20,39,1126
query_head,20,40,1092
query_head,20,41,1082
query_head,20,42,1045
query_head,20,43,1058
query_head,20,44,1129
query_head,20,45,1103
query_head,20,46,1036
query_head,20,47,1075
query_head,20,48,1041
query_head,20,49,1056
query_head,20,50,1044
query_head,20,51,1023
query_head,20,52,1017
query_head,20,53,978
query_head,20,54,1074
query_head,20,55,1013
query_head,20,56,993
query_head,20,57,1056
query_head,20,58,1017
query_head,20,59,1030
query_head,20,60,1047
query_head,20,61,1028
query_head,20,62,1117
query_head,20,63,1101
query_head,20,64,1082
query_head,20,65,1071
query_head,20,66,1047
query_head,20,67,1069
query_head,20,68,1006
query_head,20,69,1043
query_head,20,70,996
query_head,20,71,960
query_head,20,72,994
query_head,20,73,972
query_head,20,74,932
query_head,20,75,938
query_head,20,76,900
query_head,20,77,921
query_head,20,78,961
query_head,20,79,923
query_head,20,80,949
query_head,20,81,897
query_head,20,82,961
query_head,20,83,934
query_head,20,84,933
query_head,20,85,860
query_head,20,86,928
query_head,20,87,980
query_head,20,88,882
query_head,20,89,913
query_head,20,90,936
query_head,20,91,918
query_head,20,92,928
query_head,20,93,889
query_head,20,94,977
query_head,20,95,940
query_head,20,96,966
query_head,20,97,1001
query_head,20,98,1015
query_head,20,99,979
query_head,20,100,1021
query_head,20,101,1069
query_head,20,102,1083
query_head,20,103,1138
query_head,20,104,1074
query_head,20,105,1123
query_head,20,106,1153
query_head,20,107,1202
query_head,20,108,1240
query_head,20,109,1309
query_head,20,110,1311
query_head,20,111,1321
query_head,20,112,1394
query_head,20,113,1429
query_head,20,114,1334
query_head,20,115,1449
query_head,20,116,1463
query_head,20,117,1513
query_head,20,118,1522
query_head,20,119,1568
query_head,20,120,1678
query_head,20,121,1759
query_head,20,122,2016
query_head,20,123,2204
query_head,20,124,2506
query_head,20,125,2863
query_head,20,126,3545
query_head,20,127,5100
query_head,20,128,29106
query_head,21,0,105013
query_head,21,1,23506
query_head,21,2,14311
query_head,21,3,10342
query_head,21,4,8399
query_head,21,5,7088
query_head,21,6,6106
query_head,21,7,5377
query_head,21,8,4949
query_head,21,9,4393
query_head,21,10,4231
query_head,21,11,3815
query_head,21,12,3636
query_head,21,13,3541
query_head,21,14,3179
query_head,21,15,3138
query_head,21,16,2809
query_head,21,17,2737
query_head,21,18,2560
query_head,21,19,2498
query_head,21,20,2311
query_head,21,21,2208
query_head,21,22,2106
query_head,21,23,2096
query_head,21,24,2038
query_head,21,25,1963
query_head,21,26,1801
query_head,21,27,1830
query_head,21,28,1769
query_head,21,29,1708
query_head,21,30,1694
query_head,21,31,1609
query_head,21,32,1608
query_head,21,33,1549
query_head,21,34,1530
query_head,21,35,1492
query_head,21,36,1495
query_head,21,37,1497
query_head,21,38,1437
query_head,21,39,1445
query_head,21,40,1466
query_head,21,41,1465
query_head,21,42,1355
query_head,21,43,1422
query_head,21,44,1448
query_head,21,45,1326
query_head,21,46,1367
query_head,21,47,1405
query_head,21,48,1351
query_head,21,49,1386
query_head,21,50,1326
query_head,21,51,1294
query_head,21,52,1285
query_head,21,53,1266
query_head,21,54,1281
query_head,21,55,1219
query_head,21,56,1222
query_head,21,57,1169
query_head,21,58,1166
query_head,21,59,1199
query_head,21,60,1164
query_head,21,61,1137
query_head,21,62,1187
query_head,21,63,1184
query_head,21,64,1081
query_head,21,65,1109
query_head,21,66,1042
query_head,21,67,1127
query_head,21,68,1092
query_head,21,69,1060
query_head,21,70,1000
query_head,21,71,1075
query_head,21,72,1010
query_head,21,73,1079
query_head,21,74,951
query_head,21,75,1071
query_head,21,76,1004
query_head,21,77,1003
query_head,21,78,1006
query_head,21,79,928
query_head,21,80,1032
query_head,21,81,998
query_head,21,82,1002
query_head,21,83,991
query_head,21,84,991
query_head,21,85,1012
query_head,21,86,965
query_head,21,87,994
query_head,21,88,930
query_head,21,89,973
query_head,21,90,941
query_head,21,91,870
query_head,21,92,941
query_head,21,93,921
query_head,21,94,876
query_head,21,95,968
query_head,21,96,906
query_head,21,97,912
query_head,21,98,964
query_head,21,99,907
query_head,21,100,986
query_head,21,101,985
query_head,21,102,996
query_head,21,103,986
query_head,21,104,959
query_head,21,105,985
query_head,21,106,1028
query_head,21,107,1094
query_head,21,108,1137
query_head,21,109,1122
query_head,21,110,1144
query_head,21,111,1146
query_head,21,112,1221
query_head,21,113,1299
query_head,21,114,1359
query_head,21,115,1499
query_head,21,116,1522
query_head,21,117,1527
query_head,21,118,1519
query_head,21,119,1574
query_head,21,120,1630
query_head,21,121,1655
query_head,21,122,1812
query_head,21,123,2013
query_head,21,124,2172
query_head,21,125,2572
query_head,21,126,3207
query_head,21,127,4850
query_head,21,128,25581
query_head,22,0,116075
query_head,22,1,22794
query_head,22,2,13995
query_head,22,3,10138
query_head,22,4,8089
query_head,22,5,6985
query_head,22,6,5830
query_head,22,7,5218
query_head,22,8,4524
query_head,22,9,4192
query_head,22,10,3843
query_head,22,11,3632
query_head,22,12,3270
query_head,22,13,2952
query_head,22,14,2754
query_head,22,15,2738
query_head,22,16,2552
query_head,22,17,2408
query_head,22,18,2286
query_head,22,19,2142
query_head,22,20,2054
query_head,22,21,1991
query_head,22,22,1911
query_head,22,23,1819
query_head,22,24,1729
query_head,22,25,1666
query_head,22,26,1600
query_head,22,27,1634
query_head,22,28,1548
query_head,22,29,1467
query_head,22,30,1456
query_head,22,31,1457
query_head,22,32,1315
query_head,22,33,1381
query_head,22,34,1403
query_head,22,35,1435
query_head,22,36,1299
query_head,22,37,1348
query_head,22,38,1328
query_head,22,39,1279
query_head,22,40,1225
query_head,22,41,1187
query_head,22,42,1144
query_head,22,43,1193
query_head,22,44,1142
query_head,22,45,1105
query_head,22,46,1140
query_head,22,47,1108
query_head,22,48,1067
query_head,22,49,1044
query_head,22,50,1065
query_head,22,51,1080
query_head,22,52,1064
query_head,22,53,1072
query_head,22,54,1052
query_head,22,55,988
query_head,22,56,1018
query_head,22,57,992
query_head,22,58,1016
query_head,22,59,956
query_head,22,60,930
query_head,22,61,983
query_head,22,62,1010
query_head,22,63,989
query_head,22,64,1027
query_head,22,65,962
query_head,22,66,963
query_head,22,67,983
query_head,22,68,991
query_head,22,69,962
query_head,22,70,992
query_head,22,71,940
query_head,22,72,940
query_head,22,73,950
query_head,22,74,901
query_head,22,75,894
query_head,22,76,893
query_head,22,77,925
query_head,22,78,865
query_head,22,79,912
query_head,22,80,867
query_head,22,81,912
query_head,22,82,886
query_head,22,83,905
query_head,22,84,897
query_head,22,85,869
query_head,22,86,936
query_head,22,87,846
query_head,22,88,922
query_head,22,89,909
query_head,22,90,859
query_head,22,91,906
query_head,22,92,865
query_head,22,93,983
query_head,22,94,894
query_head,22,95,904
query_head,22,96,931
query_head,22,97,870
query_head,22,98,832
query_head,22,99,895
query_head,22,100,971
query_head,22,101,900
query_head,22,102,902
query_head,22,103,890
query_head,22,104,904
query_head,22,105,968
query_head,22,106,992
query_head,22,107,952
query_head,22,108,1024
query_head,22,109,1022
query_head,22,110,1019
query_head,22,111,1112
query_head,22,112,1114
query_head,22,113,1151
query_head,22,114,1235
query_head,22,115,1313
query_head,22,116,1360
query_head,22,117,1431
query_head,22,118,1495
query_head,22,119,1519
query_head,22,120,1592
query_head,22,121,1791
query_head,22,122,1791
query_head,22,123,1999
query_head,22,124,2334
query_head,22,125,2758
query_head,22,126,3523
query_head,22,127,5477
query_head,22,128,33582
query_head,23,0,106691
query_head,23,1,21950
query_head,23,2,13539
query_head,23,3,10146
query_head,23,4,8173
query_head,23,5,6798
query_head,23,6,5958
query_head,23,7,5475
query_head,23,8,4823
query_head,23,9,4480
query_head,23,10,4069
query_head,23,11,3819
query_head,23,12,3524
query_head,23,13,3383
query_head,23,14,3086
query_head,23,15,2916
query_head,23,16,2782
query_head,23,17,2558
query_head,23,18,2606
query_head,23,19,2354
query_head,23,20,2280
query_head,23,21,2251
query_head,23,22,2202
query_head,23,23,2027
query_head,23,24,2033
query_head,23,25,1937
query_head,23,26,1933
query_head,23,27,1851
query_head,23,28,1749
query_head,23,29,1801
query_head,23,30,1726
query_head,23,31,1679
query_head,23,32,1713
query_head,23,33,1628
query_head,23,34,1581
query_head,23,35,1467
query_head,23,36,1603
query_head,23,37,1504
query_head,23,38,1430
query_head,23,39,1404
query_head,23,40,1430
query_head,23,41,1392
query_head,23,42,1332
query_head,23,43,1329
query_head,23,44,1351
query_head,23,45,1255
query_head,23,46,1251
query_head,23,47,1259
query_head,23,48,1229
query_head,23,49,1173
query_head,23,50,1145
query_head,23,51,1187
query_head,23,52,1118
query_head,23,53,1157
query_head,23,54,1082
query_head,23,55,1043
query_head,23,56,1126
query_head,23,57,1059
query_head,23,58,1114
query_head,23,59,1121
query_head,23,60,1056
query_head,23,61,1067
query_head,23,62,1001
query_head,23,63,1029
query_head,23,64,1085
query_head,23,65,1066
query_head,23,66,1089
query_head,23,67,1095
query_head,23,68,1011
query_head,23,69,1003
query_head,23,70,990
query_head,23,71,974
query_head,23,72,937
query_head,23,73,988
query_head,23,74,898
query_head,23,75,959
query_head,23,76,972
query_head,23,77,895
query_head,23,78,983
query_head,23,79,959
query_head,23,80,928
query_head,23,81,917
query_head,23,82,935
query_head,23,83,968
query_head,23,84,1007
query_head,23,85,952
query_head,23,86,923
query_head,23,87,901
query_head,23,88,1003
query_head,23,89,955
query_head,23,90,974
query_head,23,91,942
query_head,23,92,993
query_head,23,93,982
query_head,23,94,955
query_head,23,95,981
query_head,23,96,909
query_head,23,97,927
query_head,23,98,1027
query_head,23,99,968
query_head,23,100,987
query_head,23,101,971
query_head,23,102,1043
query_head,23,103,978
query_head,23,104,999
query_head,23,105,1066
query_head,23,106,1129
query_head,23,107,1181
query_head,23,108,1172
query_head,23,109,1188
query_head,23,110,1246
query_head,23,111,1259
query_head,23,112,1342
query_head,23,113,1378
query_head,23,114,1298
query_head,23,115,1335
query_head,23,116,1425
query_head,23,117,1430
query_head,23,118,1409
query_head,23,119,1604
query_head,23,120,1570
query_head,23,121,1609
query_head,23,122,1755
query_head,23,123,1940
query_head,23,124,2326
query_head,23,125,2902
query_head,23,126,3492
query_head,23,127,5400
query_head,23,128,29496
query_head,24,0,105217
query_head,24,1,23018
query_head,24,2,14122
query_head,24,3,10604
query_head,24,4,8304
query_head,24,5,7011
query_head,24,6,5902
query_head,24,7,5188
query_head,24,8,4645
query_head,24,9,4257
query_head,24,10,3776
query_head,24,11,3539
query_head,24,12,3279
query_head,24,13,3040
query_head,24,14,2867
query_head,24,15,2685
query_head,24,16,2480
query_head,24,17,2449
query_head,24,18,2331
query_head,24,19,2139
query_head,24,20,2081
query_head,24,21,2035
query_head,24,22,1918
query_head,24,23,1832
query_head,24,24,1769
query_head,24,25,1570
query_head,24,26,1715
query_head,24,27,1647
query_head,24,28,1563
query_head,24,29,1546
query_head,24,30,1436
query_head,24,31,1413
query_head,24,32,1472
query_head,24,33,1464
query_head,24,34,1340
query_head,24,35,1390
query_head,24,36,1315
query_head,24,37,1280
query_head,24,38,1202
query_head,24,39,1314
query_head,24,40,1234
query_head,24,41,1225
query_head,24,42,1181
query_head,24,43,1178
query_head,24,44,1145
query_head,24,45,1163
query_head,24,46,1177
query_head,24,47,1146
query_head,24,48,1165
query_head,24,49,1160
query_head,24,50,1082
query_head,24,51,1066
query_head,24,52,1109
query_head,24,53,1098
query_head,24,54,1025
query_head,24,55,1100
query_head,24,56,1066
query_head,24,57,1058
query_head,24,58,1031
query_head,24,59,1071
query_head,24,60,1050
query_head,24,61,995
query_head,24,62,1080
query_head,24,63,1066
query_head,24,64,1097
query_head,24,65,985
query_head,24,66,1023
query_head,24,67,978
query_head,24,68,973
query_head,24,69,960
query_head,24,70,973
query_head,24,71,940
query_head,24,72,992
query_head,24,73,947
query_head,24,74,952
query_head,24,75,957
query_head,24,76,967
query_head,24,77,903
query_head,24,78,966
query_head,24,79,918
query_head,24,80,922
query_head,24,81,934
query_head,24,82,857
query_head,24,83,920
query_head,24,84,927
query_head,24,85,891
query_head,24,86,923
query_head,24,87,944
query_head,24,88,920
query_head,24,89,893
query_head,24,90,848
query_head,24,91,869
query_head,24,92,873
query_head,24,93,885
query_head,24,94,918
query_head,24,95,931
query_head,24,96,911
query_head,24,97,891
query_head,24,98,970
query_head,24,99,938
query_head,24,100,987
query_head,24,101,971
query_head,24,102,1007
query_head,24,103,1011
query_head,24,104,983
query_head,24,105,1059
query_head,24,106,989
query_head,24,107,1021
query_head,24,108,1041
query_head,24,109,1007
query_head,24,110,1054
query_head,24,111,1147
query_head,24,112,1114
query_head,24,113,1232
query_head,24,114,1301
query_head,24,115,1307
query_head,24,116,1385
query_head,24,117,1420
query_head,24,118,1420
query_head,24,119,1495
query_head,24,120,1663
query_head,24,121,1865
query_head,24,122,2056
query_head,24,123,2318
query_head,24,124,2638
query_head,24,125,3149
query_head,24,126,3999
query_head,24,127,6739
query_head,24,128,37316
query_head,25,0,121912
query_head,25,1,22182
query_head,25,2,13281
query_head,25,3,9731
query_head,25,4,7657
query_head,25,5,6496
query_head,25,6,5542
query_head,25,7,4885
query_head,25,8,4318
query_head,25,9,3874
query_head,25,10,3588
query_head,25,11,3345
query_head,25,12,3055
query_head,25,13,2869
query_head,25,14,2699
query_head,25,15,2575
query_head,25,16,2419
query_head,25,17,2275
query_head,25,18,2089
query_head,25,19,2073
query_head,25,20,1953
query_head,25,21,1883
query_head,25,22,1837
query_head,25,23,1835
query_head,25,24,1661
query_head,25,25,1693
query_head,25,26,1582
query_head,25,27,1590
query_head,25,28,1588
query_head,25,29,1529
query_head,25,30,1466
query_head,25,31,1444
query_head,25,32,1419
query_head,25,33,1424
query_head,25,34,1386
query_head,25,35,1353
query_head,25,36,1354
query_head,25,37,1255
query_head,25,38,1321
query_head,25,39,1265
query_head,25,40,1216
query_head,25,41,1251
query_head,25,42,1185
query_head,25,43,1161
query_head,25,44,1172
query_head,25,45,1088
query_head,25,46,1111
query_head,25,47,1053
query_head,25,48,1088
query_head,25,49,1100
query_head,25,50,1093
query_head,25,51,978
query_head,25,52,1055
query_head,25,53,1029
query_head,25,54,981
query_head,25,55,1037
query_head,25,56,922
query_head,25,57,980
query_head,25,58,1011
query_head,25,59,943
query_head,25,60,1023
query_head,25,61,965
query_head,25,62,964
query_head,25,63,1094
query_head,25,64,1064
query_head,25,65,927
query_head,25,66,926
query_head,25,67,915
query_head,25,68,895
query_head,25,69,822
query_head,25,70,838
query_head,25,71,838
query_head,25,72,893
query_head,25,73,870
query_head,25,74,816
query_head,25,75,784
query_head,25,76,902
query_head,25,77,863
query_head,25,78,851
query_head,25,79,874
query_head,25,80,874
query_head,25,81,858
query_head,25,82,878
query_head,25,83,866
query_head,25,84,788
query_head,25,85,883
query_head,25,86,907
query_head,25,87,887
query_head,25,88,850
query_head,25,89,891
query_head,25,90,896
query_head,25,91,842
query_head,25,92,849
query_head,25,93,824
query_head,25,94,877
query_head,25,95,865
query_head,25,96,833
query_head,25,97,838
query_head,25,98,867
query_head,25,99,939
query_head,25,100,871
query_head,25,101,942
query_head,25,102,939
query_head,25,103,894
query_head,25,104,921
query_head,25,105,973
query_head,25,106,1017
query_head,25,107,1063
query_head,25,108,1081
query_head,25,109,1042
query_head,25,110,1164
query_head,25,111,1235
query_head,25,112,1219
query_head,25,113,1226
query_head,25,114,1300
query_head,25,115,1330
query_head,25,116,1388
query_head,25,117,1586
query_head,25,118,1607
query_head,25,119,1683
query_head,25,120,1706
query_head,25,121,2027
query_head,25,122,2076
query_head,25,123,2205
query_head,25,124,2549
query_head,25,125,3502
query_head,25,126,4095
query_head,25,127,6372
query_head,25,128,30610
query_head,26,0,107371
query_head,26,1,21357
query_head,26,2,13379
query_head,26,3,9652
query_head,26,4,7750
query_head,26,5,6709
query_head,26,6,6001
query_head,26,7,5470
query_head,26,8,4780
query_head,26,9,4408
query_head,26,10,4116
query_head,26,11,3655
query_head,26,12,3636
query_head,26,13,3455
query_head,26,14,3280
query_head,26,15,3058
query_head,26,16,2749
query_head,26,17,2740
query_head,26,18,2592
query_head,26,19,2507
query_head,26,20,2314
query_head,26,21,2162
query_head,26,22,2252
query_head,26,23,2085
query_head,26,24,2014
query_head,26,25,1893
query_head,26,26,1920
query_head,26,27,1840
query_head,26,28,1837
query_head,26,29,1745
query_head,26,30,1642
query_head,26,31,1727
query_head,26,32,1596
query_head,26,33,1577
query_head,26,34,1527
query_head,26,35,1516
query_head,26,36,1424
query_head,26,37,1473
query_head,26,38,1362
query_head,26,39,1378
query_head,26,40,1335
query_head,26,41,1297
query_head,26,42,1260
query_head,26,43,1236
query_head,26,44,1261
query_head,26,45,1234
query_head,26,46,1174
query_head,26,47,1215
query_head,26,48,1241
query_head,26,49,1159
query_head,26,50,1167
query_head,26,51,1135
query_head,26,52,1086
query_head,26,53,1137
query_head,26,54,1103
query_head,26,55,1053
query_head,26,56,1128
query_head,26,57,1124
query_head,26,58,1059
query_head,26,59,1067
query_head,26,60,1015
query_head,26,61,1021
query_head,26,62,1036
query_head,26,63,1203
query_head,26,64,1156
query_head,26,65,1060
query_head,26,66,1041
query_head,26,67,1036
query_head,26,68,989
query_head,26,69,987
query_head,26,70,1006
query_head,26,71,982
query_head,26,72,961
query_head,26,73,947
query_head,26,74,1026
query_head,26,75,952
query_head,26,76,967
query_head,26,77,938
query_head,26,78,866
query_head,26,79,890
query_head,26,80,907
query_head,26,81,896
query_head,26,82,874
query_head,26,83,868
query_head,26,84,912
query_head,26,85,910
query_head,26,86,938
query_head,26,87,826
query_head,26,88,888
query_head,26,89,922
query_head,26,90,911
query_head,26,91,918
query_head,26,92,883
query_head,26,93,838
query_head,26,94,901
query_head,26,95,871
query_head,26,96,873
query_head,26,97,892
query_head,26,98,859
query_head,26,99,895
query_head,26,100,845
query_head,26,101,849
query_head,26,102,872
query_head,26,103,922
query_head,26,104,903
query_head,26,105,925
query_head,26,106,899
query_head,26,107,974
query_head,26,108,958
query_head,26,109,938
query_head,26,110,1072
query_head,26,111,1089
query_head,26,112,1110
query_head,26,113,1146
query_head,26,114,1232
query_head,26,115,1232
query_head,26,116,1295
query_head,26,117,1386
query_head,26,118,1367
query_head,26,119,1507
query_head,26,120,1577
query_head,26,121,1762
query_head,26,122,1892
query_head,26,123,1985
query_head,26,124,2113
query_head,26,125,2535
query_head,26,126,3133
query_head,26,127,5020
query_head,26,128,36397
query_head,27,0,112272
query_head,27,1,23668
query_head,27,2,14491
query_head,27,3,10427
query_head,27,4,8505
query_head,27,5,7024
query_head,27,6,6031
query_head,27,7,5294
query_head,27,8,4658
query_head,27,9,4326
query_head,27,10,3905
query_head,27,11,3453
query_head,27,12,3249
query_head,27,13,3032
query_head,27,14,2910
query_head,27,15,2610
query_head,27,16,2490
query_head,27,17,2551
query_head,27,18,2277
query_head,27,19,2182
query_head,27,20,2092
query_head,27,21,2006
query_head,27,22,1996
query_head,27,23,1977
query_head,27,24,1792
query_head,27,25,1749
query_head,27,26,1692
query_head,27,27,1636
query_head,27,28,1596
query_head,27,29,1573
query_head,27,30,1502
query_head,27,31,1493
query_head,27,32,1418
query_head,27,33,1456
query_head,27,34,1329
query_head,27,35,1260
query_head,27,36,1327
query_head,27,37,1334
query_head,27,38,1263
query_head,27,39,1243
query_head,27,40,1277
query_head,27,41,1239
query_head,27,42,1220
query_head,27,43,1123
query_head,27,44,1180
query_head,27,45,1149
query_head,27,46,1122
query_head,27,47,1095
query_head,27,48,1020
query_head,27,49,1067
query_head,27,50,978
query_head,27,51,1050
query_head,27,52,1014
query_head,27,53,1067
query_head,27,54,1014
query_head,27,55,978
query_head,27,56,1042
query_head,27,57,881
query_head,27,58,945
query_head,27,59,950
query_head,27,60,956
query_head,27,61,978
query_head,27,62,973
query_head,27,63,900
query_head,27,64,1060
query_head,27,65,1129
query_head,27,66,992
query_head,27,67,983
query_head,27,68,961
query_head,27,69,922
query_head,27,70,869
query_head,27,71,898
query_head,27,72,926
query_head,27,73,893
query_head,27,74,890
query_head,27,75,860
query_head,27,76,905
query_head,27,77,816
query_head,27,78,825
query_head,27,79,874
query_head,27,80,875
query_head,27,81,882
query_head,27,82,877
query_head,27,83,889
query_head,27,84,814
query_head,27,85,809
query_head,27,86,807
query_head,27,87,835
query_head,27,88,823
query_head,27,89,813
query_head,27,90,831
query_head,27,91,886
query_head,27,92,862
query_head,27,93,800
query_head,27,94,859
query_head,27,95,860
query_head,27,96,829
query_head,27,97,835
query_head,27,98,787
query_head,27,99,845
query_head,27,100,878
query_head,27,101,873
query_head,27,102,845
query_head,27,103,897
query_head,27,104,900
query_head,27,105,903
query_head,27,106,977
query_head,27,107,952
query_head,27,108,957
query_head,27,109,1030
query_head,27,110,1080
query_head,27,111,1145
query_head,27,112,1123
query_head,27,113,1148
query_head,27,114,1196
query_head,27,115,1248
query_head,27,116,1359
query_head,27,117,1353
query_head,27,118,1505
query_head,27,119,1540
query_head,27,120,1622
query_head,27,121,1960
query_head,27,122,2301
query_head,27,123,2426
query_head,27,124,2662
query_head,27,125,3469
query_head,27,126,4215
query_head,27,127,6337
query_head,27,128,32387
query_head,28,0,105612
query_head,28,1,22018
query_head,28,2,13962
query_head,28,3,10551
query_head,28,4,8593
query_head,28,5,7266
query_head,28,6,6515
query_head,28,7,5915
query_head,28,8,5348
query_head,28,9,4908
query_head,28,10,4442
query_head,28,11,4025
query_head,28,12,3793
query_head,28,13,3603
query_head,28,14,3333
query_head,28,15,3231
query_head,28,16,2988
query_head,28,17,2787
query_head,28,18,2655
query_head,28,19,2549
query_head,28,20,2346
query_head,28,21,2230
query_head,28,22,2143
query_head,28,23,2147
query_head,28,24,1963
query_head,28,25,1940
query_head,28,26,1772
query_head,28,27,1813
query_head,28,28,1763
query_head,28,29,1728
query_head,28,30,1566
query_head,28,31,1587
query_head,28,32,1524
query_head,28,33,1466
query_head,28,34,1382
query_head,28,35,1372
query_head,28,36,1359
query_head,28,37,1362
query_head,28,38,1197
query_head,28,39,1295
query_head,28,40,1223
query_head,28,41,1175
query_head,28,42,1151
query_head,28,43,1110
query_head,28,44,1125
query_head,28,45,1116
query_head,28,46,1083
query_head,28,47,1071
query_head,28,48,1070
query_head,28,49,1093
query_head,28,50,1090
query_head,28,51,1040
query_head,28,52,1025
query_head,28,53,1068
query_head,28,54,1101
query_head,28,55,988
query_head,28,56,995
query_head,28,57,1044
query_head,28,58,1026
query_head,28,59,924
query_head,28,60,1045
query_head,28,61,1085
query_head,28,62,1096
query_head,28,63,1121
query_head,28,64,1028
query_head,28,65,1030
query_head,28,66,1053
query_head,28,67,1076
query_head,28,68,1114
query_head,28,69,993
query_head,28,70,977
query_head,28,71,1009
query_head,28,72,971
query_head,28,73,940
query_head,28,74,957
query_head,28,75,942
query_head,28,76,982
query_head,28,77,982
query_head,28,78,997
query_head,28,79,1039
query_head,28,80,954
query_head,28,81,977
query_head,28,82,1007
query_head,28,83,988
query_head,28,84,925
query_head,28,85,965
query_head,28,86,954
query_head,28,87,1018
query_head,28,88,959
query_head,28,89,976
query_head,28,90,1015
query_head,28,91,977
query_head,28,92,984
query_head,28,93,958
query_head,28,94,986
query_head,28,95,991
query_head,28,96,973
query_head,28,97,947
query_head,28,98,993
query_head,28,99,1001
query_head,28,100,1047
query_head,28,101,980
query_head,28,102,1067
query_head,28,103,1034
query_head,28,104,1076
query_head,28,105,1051
query_head,28,106,1048
query_head,28,107,1061
query_head,28,108,1034
query_head,28,109,1131
query_head,28,110,1109
query_head,28,111,1042
query_head,28,112,1262
query_head,28,113,1161
query_head,28,114,1187
query_head,28,115,1298
query_head,28,116,1278
query_head,28,117,1391
query_head,28,118,1470
query_head,28,119,1469
query_head,28,120,1544
query_head,28,121,1718
query_head,28,122,1812
query_head,28,123,2008
query_head,28,124,2355
query_head,28,125,2887
query_head,28,126,3385
query_head,28,127,4883
query_head,28,128,29876
query_head,29,0,115406
query_head,29,1,22559
query_head,29,2,14062
query_head,29,3,10481
query_head,29,4,8436
query_head,29,5,6980
query_head,29,6,5920
query_head,29,7,5163
query_head,29,8,4688
query_head,29,9,4364
query_head,29,10,3886
query_head,29,11,3505
query_head,29,12,3229
query_head,29,13,3077
query_head,29,14,2833
query_head,29,15,2623
query_head,29,16,2505
query_head,29,17,2473
query_head,29,18,2368
query_head,29,19,2318
query_head,29,20,2102
query_head,29,21,2063
query_head,29,22,2039
query_head,29,23,1859
query_head,29,24,1847
query_head,29,25,1793
query_head,29,26,1719
query_head,29,27,1653
query_head,29,28,1671
query_head,29,29,1608
query_head,29,30,1561
query_head,29,31,1503
query_head,29,32,1471
query_head,29,33,1504
query_head,29,34,1353
query_head,29,35,1353
query_head,29,36,1416
query_head,29,37,1387
query_head,29,38,1257
query_head,29,39,1181
query_head,29,40,1223
query_head,29,41,1219
query_head,29,42,1230
query_head,29,43,1164
query_head,29,44,1205
query_head,29,45,1201
query_head,29,46,1132
query_head,29,47,1138
query_head,29,48,1097
query_head,29,49,1109
query_head,29,50,1021
query_head,29,51,1095
query_head,29,52,1080
query_head,29,53,1060
query_head,29,54,1075
query_head,29,55,1040
query_head,29,56,990
query_head,29,57,1073
query_head,29,58,1018
query_head,29,59,1040
query_head,29,60,998
query_head,29,61,1029
query_head,29,62,1090
query_head,29,63,1040
query_head,29,64,992
query_head,29,65,1035
query_head,29,66,1004
query_head,29,67,1004
query_head,29,68,975
query_head,29,69,900
query_head,29,70,929
query_head,29,71,962
query_head,29,72,922
query_head,29,73,891
query_head,29,74,900
query_head,29,75,925
query_head,29,76,860
query_head,29,77,904
query_head,29,78,886
query_head,29,79,846
query_head,29,80,893
query_head,29,81,886
query_head,29,82,897
query_head,29,83,854
query_head,29,84,837
query_head,29,85,868
query_head,29,86,912
query_head,29,87,831
query_head,29,88,882
query_head,29,89,868
query_head,29,90,876
query_head,29,91,913
query_head,29,92,924
query_head,29,93,892
query_head,29,94,880
query_head,29,95,852
query_head,29,96,937
query_head,29,97,962
query_head,29,98,954
query_head,29,99,912
query_head,29,100,986
query_head,29,101,969
query_head,29,102,968
query_head,29,103,989
query_head,29,104,1024
query_head,29,105,993
query_head,29,106,1089
query_head,29,107,1059
query_head,29,108,1099
query_head,29,109,1129
query_head,29,110,1169
query_head,29,111,1174
query_head,29,112,1170
query_head,29,113,1198
query_head,29,114,1216
query_head,29,115,1327
query_head,29,116,1429
query_head,29,117,1444
query_head,29,118,1496
query_head,29,119,1601
query_head,29,120,1712
query_head,29,121,1779
query_head,29,122,1973
query_head,29,123,2014
query_head,29,124,2349
query_head,29,125,2599
query_head,29,126,3411
query_head,29,127,4750
query_head,29,128,30752
query_head,3,0,110854
query_head,3,1,23856
query_head,3,2,14638
query_head,3,3,10828
query_head,3,4,8324
query_head,3,5,7090
query_head,3,6,5862
query_head,3,7,5402
query_head,3,8,4612
query_head,3,9,4322
query_head,3,10,3920
query_head,3,11,3390
query_head,3,12,3283
query_head,3,13,3073
query_head,3,14,2844
query_head,3,15,2671
query_head,3,16,2528
query_head,3,17,2448
query_head,3,18,2377
query_head,3,19,2147
query_head,3,20,2121
query_head,3,21,2076
query_head,3,22,2019
query_head,3,23,1960
query_head,3,24,1826
query_head,3,25,1779
query_head,3,26,1729
query_head,3,27,1665
query_head,3,28,1652
query_head,3,29,1669
query_head,3,30,1656
query_head,3,31,1546
query_head,3,32,1544
query_head,3,33,1519
query_head,3,34,1504
query_head,3,35,1407
query_head,3,36,1415
query_head,3,37,1327
query_head,3,38,1349
query_head,3,39,1332
query_head,3,40,1348
query_head,3,41,1249
query_head,3,42,1244
query_head,3,43,1281
query_head,3,44,1245
query_head,3,45,1201
query_head,3,46,1190
query_head,3,47,1139
query_head,3,48,1097
query_head,3,49,1129
query_head,3,50,1066
query_head,3,51,1064
query_head,3,52,1045
query_head,3,53,955
query_head,3,54,1060
query_head,3,55,1039
query_head,3,56,1036
query_head,3,57,994
query_head,3,58,1041
query_head,3,59,978
query_head,3,60,1042
query_head,3,61,1076
query_head,3,62,1104
query_head,3,63,1110
query_head,3,64,1096
query_head,3,65,1049
query_head,3,66,1060
query_head,3,67,1101
query_head,3,68,1088
query_head,3,69,1039
query_head,3,70,1017
query_head,3,71,1013
query_head,3,72,994
query_head,3,73,960
query_head,3,74,959
query_head,3,75,1011
query_head,3,76,1047
query_head,3,77,1024
query_head,3,78,930
query_head,3,79,959
query_head,3,80,996
query_head,3,81,1035
query_head,3,82,1014
query_head,3,83,1015
query_head,3,84,1000
query_head,3,85,1059
query_head,3,86,962
query_head,3,87,975
query_head,3,88,1008
query_head,3,89,965
query_head,3,90,979
query_head,3,91,994
query_head,3,92,998
query_head,3,93,1000
query_head,3,94,944
query_head,3,95,1029
query_head,3,96,938
query_head,3,97,992
query_head,3,98,981
query_head,3,99,928
query_head,3,100,987
query_head,3,101,1036
query_head,3,102,993
query_head,3,103,1031
query_head,3,104,1031
query_head,3,105,1085
query_head,3,106,1049
query_head,3,107,1126
query_head,3,108,1126
query_head,3,109,1165
query_head,3,110,1153
query_head,3,111,1185
query_head,3,112,1286
query_head,3,113,1363
query_head,3,114,1441
query_head,3,115,1581
query_head,3,116,1568
query_head,3,117,1767
query_head,3,118,1763
query_head,3,119,1773
query_head,3,120,1939
query_head,3,121,2185
query_head,3,122,2408
query_head,3,123,2300
query_head,3,124,2532
query_head,3,125,2917
query_head,3,126,3466
query_head,3,127,4367
query_head,3,128,25137
query_head,30,0,130173
query_head,30,1,20685
query_head,30,2,12907
query_head,30,3,9520
query_head,30,4,7565
query_head,30,5,6427
query_head,30,6,5558
query_head,30,7,4946
query_head,30,8,4411
query_head,30,9,3926
query_head,30,10,3695
query_head,30,11,3283
query_head,30,12,3085
query_head,30,13,2956
query_head,30,14,2758
query_head,30,15,2587
query_head,30,16,2493
query_head,30,17,2281
query_head,30,18,2187
query_head,30,19,2163
query_head,30,20,1992
query_head,30,21,1992
query_head,30,22,1895
query_head,30,23,1828
query_head,30,24,1752
query_head,30,25,1644
query_head,30,26,1626
query_head,30,27,1520
query_head,30,28,1481
query_head,30,29,1459
query_head,30,30,1470
query_head,30,31,1382
query_head,30,32,1318
query_head,30,33,1264
query_head,30,34,1257
query_head,30,35,1207
query_head,30,36,1192
query_head,30,37,1190
query_head,30,38,1180
query_head,30,39,1167
query_head,30,40,1070
query_head,30,41,1110
query_head,30,42,1016
query_head,30,43,1029
query_head,30,44,1040
query_head,30,45,1016
query_head,30,46,1005
query_head,30,47,1004
query_head,30,48,996
query_head,30,49,961
query_head,30,50,957
query_head,30,51,967
query_head,30,52,965
query_head,30,53,870
query_head,30,54,959
query_head,30,55,958
query_head,30,56,1026
query_head,30,57,923
query_head,30,58,887
query_head,30,59,889
query_head,30,60,915
query_head,30,61,921
query_head,30,62,883
query_head,30,63,956
query_head,30,64,911
query_head,30,65,898
query_head,30,66,925
query_head,30,67,874
query_head,30,68,819
query_head,30,69,919
query_head,30,70,936
query_head,30,71,858
query_head,30,72,864
query_head,30,73,838
query_head,30,74,856
query_head,30,75,871
query_head,30,76,900
query_head,30,77,820
query_head,30,78,841
query_head,30,79,789
query_head,30,80,869
query_head,30,81,814
query_head,30,82,859
query_head,30,83,899
query_head,30,84,862
query_head,30,85,878
query_head,30,86,858
query_head,30,87,864
query_head,30,88,834
query_head,30,89,844
query_head,30,90,827
query_head,30,91,826
query_head,30,92,875
query_head,30,93,870
query_head,30,94,873
query_head,30,95,898
query_head,30,96,881
query_head,30,97,956
query_head,30,98,922
query_head,30,99,925
query_head,30,100,928
query_head,30,101,870
query_head,30,102,919
query_head,30,103,895
query_head,30,104,1011
query_head,30,105,1022
query_head,30,106,1066
query_head,30,107,988
query_head,30,108,1076
query_head,30,109,1127
query_head,30,110,1136
query_head,30,111,1154
query_head,30,112,1294
query_head,30,113,1330
query_head,30,114,1522
query_head,30,115,1693
query_head,30,116,1555
query_head,30,117,1805
query_head,30,118,1628
query_head,30,119,1659
query_head,30,120,1740
query_head,30,121,1805
query_head,30,122,1869
query_head,30,123,2077
query_head,30,124,2366
query_head,30,125,2709
query_head,30,126,3294
query_head,30,127,4750
query_head,30,128,29830
query_head,31,0,106153
query_head,31,1,23726
query_head,31,2,14717
query_head,31,3,10629
query_head,31,4,8527
query_head,31,5,7119
query_head,31,6,6307
query_head,31,7,5497
query_head,31,8,4988
query_head,31,9,4510
query_head,31,10,4110
query_head,31,11,3909
query_head,31,12,3581
query_head,31,13,3288
query_head,31,14,3141
query_head,31,15,2797
query_head,31,16,2689
query_head,31,17,2565
query_head,31,18,2455
query_head,31,19,2329
query_head,31,20,2309
query_head,31,21,2108
query_head,31,22,2139
query_head,31,23,1905
query_head,31,24,1904
query_head,31,25,1820
query_head,31,26,1879
query_head,31,27,1648
query_head,31,28,1657
query_head,31,29,1600
query_head,31,30,1529
query_head,31,31,1497
query_head,31,32,1523
query_head,31,33,1418
query_head,31,34,1346
query_head,31,35,1401
query_head,31,36,1294
query_head,31,37,1326
query_head,31,38,1297
query_head,31,39,1318
query_head,31,40,1200
query_head,31,41,1310
query_head,31,42,1225
query_head,31,43,1169
query_head,31,44,1220
query_head,31,45,1158
query_head,31,46,1263
query_head,31,47,1167
query_head,31,48,1114
query_head,31,49,1125
query_head,31,50,1088
query_head,31,51,1078
query_head,31,52,1068
query_head,31,53,1035
query_head,31,54,1052
query_head,31,55,1053
query_head,31,56,1040
query_head,31,57,996
query_head,31,58,1054
query_head,31,59,1014
query_head,31,60,1048
query_head,31,61,959
query_head,31,62,932
query_head,31,63,1005
query_head,31,64,1096
query_head,31,65,1031
query_head,31,66,958
query_head,31,67,989
query_head,31,68,896
query_head,31,69,908
query_head,31,70,945
query_head,31,71,928
query_head,31,72,903
query_head,31,73,993
query_head,31,74,982
query_head,31,75,836
query_head,31,76,924
query_head,31,77,940
query_head,31,78,974
query_head,31,79,914
query_head,31,80,902
query_head,31,81,941
query_head,31,82,942
query_head,31,83,929
query_head,31,84,897
query_head,31,85,945
query_head,31,86,871
query_head,31,87,920
query_head,31,88,886
query_head,31,89,905
query_head,31,90,909
query_head,31,91,848
query_head,31,92,853
query_head,31,93,861
query_head,31,94,839
query_head,31,95,901
query_head,31,96,915
query_head,31,97,890
query_head,31,98,922
query_head,31,99,933
query_head,31,100,891
query_head,31,101,882
query_head,31,102,855
query_head,31,103,933
query_head,31,104,947
query_head,31,105,916
query_head,31,106,881
query_head,31,107,994
query_head,31,108,985
query_head,31,109,979
query_head,31,110,943
query_head,31,111,1028
query_head,31,112,968
query_head,31,113,1058
query_head,31,114,1063
query_head,31,115,1109
query_head,31,116,1141
query_head,31,117,1309
query_head,31,118,1242
query_head,31,119,1425
query_head,31,120,1505
query_head,31,121,1610
query_head,31,122,1811
query_head,31,123,2027
query_head,31,124,2575
query_head,31,125,3087
query_head,31,126,3948
query_head,31,127,5566
query_head,31,128,34984
query_head,4,0,125638
query_head,4,1,21960
query_head,4,2,13888
query_head,4,3,10183
query_head,4,4,7980
query_head,4,5,6491
query_head,4,6,5664
query_head,4,7,5011
query_head,4,8,4413
query_head,4,9,3935
query_head,4,10,3655
query_head,4,11,3449
query_head,4,12,3104
query_head,4,13,2818
query_head,4,14,2666
query_head,4,15,2547
query_head,4,16,2433
query_head,4,17,2243
query_head,4,18,2119
query_head,4,19,2047
query_head,4,20,1958
query_head,4,21,1860
query_head,4,22,1779
query_head,4,23,1724
query_head,4,24,1653
query_head,4,25,1671
query_head,4,26,1523
query_head,4,27,1511
query_head,4,28,1507
query_head,4,29,1488
query_head,4,30,1435
query_head,4,31,1364
query_head,4,32,1357
query_head,4,33,1319
query_head,4,34,1275
query_head,4,35,1252
query_head,4,36,1214
query_head,4,37,1197
query_head,4,38,1249
query_head,4,39,1142
query_head,4,40,1138
query_head,4,41,1071
query_head,4,42,1119
query_head,4,43,1068
query_head,4,44,1085
query_head,4,45,1122
query_head,4,46,1058
query_head,4,47,1128
query_head,4,48,1041
query_head,4,49,1096
query_head,4,50,1085
query_head,4,51,1083
query_head,4,52,1086
query_head,4,53,1026
query_head,4,54,1054
query_head,4,55,1069
query_head,4,56,1069
query_head,4,57,1031
query_head,4,58,1045
query_head,4,59,1049
query_head,4,60,1010
query_head,4,61,1046
query_head,4,62,1009
query_head,4,63,1047
query_head,4,64,1058
query_head,4,65,1019
query_head,4,66,961
query_head,4,67,963
query_head,4,68,1027
query_head,4,69,935
query_head,4,70,988
query_head,4,71,984
query_head,4,72,943
query_head,4,73,897
query_head,4,74,901
query_head,4,75,914
query_head,4,76,890
query_head,4,77,835
query_head,4,78,924
query_head,4,79,837
query_head,4,80,920
query_head,4,81,906
query_head,4,82,887
query_head,4,83,889
query_head,4,84,936
query_head,4,85,895
query_head,4,86,892
query_head,4,87,881
query_head,4,88,882
query_head,4,89,897
query_head,4,90,885
query_head,4,91,915
query_head,4,92,872
query_head,4,93,892
query_head,4,94,882
query_head,4,95,952
query_head,4,96,887
query_head,4,97,923
query_head,4,98,897
query_head,4,99,912
query_head,4,100,977
query_head,4,101,975
query_head,4,102,916
query_head,4,103,987
query_head,4,104,1025
query_head,4,105,1011
query_head,4,106,1023
query_head,4,107,999
query_head,4,108,964
query_head,4,109,1004
query_head,4,110,1042
query_head,4,111,1066
query_head,4,112,1166
query_head,4,113,1216
query_head,4,114,1194
query_head,4,115,1205
query_head,4,116,1248
query_head,4,117,1249
query_head,4,118,1291
query_head,4,119,1385
query_head,4,120,1508
query_head,4,121,1587
query_head,4,122,1821
query_head,4,123,1975
query_head,4,124,2208
query_head,4,125,2652
query_head,4,126,3388
query_head,4,127,5281
query_head,4,128,30418
query_head,5,0,118482
query_head,5,1,22314
query_head,5,2,13768
query_head,5,3,9891
query_head,5,4,7989
query_head,5,5,6839
query_head,5,6,5850
query_head,5,7,4944
query_head,5,8,4436
query_head,5,9,4130
query_head,5,10,3756
query_head,5,11,3462
query_head,5,12,3137
query_head,5,13,2911
query_head,5,14,2761
query_head,5,15,2607
query_head,5,16,2563
query_head,5,17,2404
query_head,5,18,2328
query_head,5,19,2228
query_head,5,20,2170
query_head,5,21,1996
query_head,5,22,1921
query_head,5,23,1880
query_head,5,24,1812
query_head,5,25,1726
query_head,5,26,1737
query_head,5,27,1605
query_head,5,28,1619
query_head,5,29,1505
query_head,5,30,1531
query_head,5,31,1504
query_head,5,32,1387
query_head,5,33,1363
query_head,5,34,1325
query_head,5,35,1357
query_head,5,36,1350
query_head,5,37,1283
query_head,5,38,1275
query_head,5,39,1203
query_head,5,40,1228
query_head,5,41,1204
query_head,5,42,1170
query_head,5,43,1155
query_head,5,44,1071
query_head,5,45,1032
query_head,5,46,1067
query_head,5,47,1083
query_head,5,48,1058
query_head,5,49,982
query_head,5,50,1034
query_head,5,51,926
query_head,5,52,959
query_head,5,53,966
query_head,5,54,1007
query_head,5,55,863
query_head,5,56,938
query_head,5,57,907
query_head,5,58,895
query_head,5,59,925
query_head,5,60,910
query_head,5,61,934
query_head,5,62,963
query_head,5,63,903
query_head,5,64,945
query_head,5,65,960
query_head,5,66,978
query_head,5,67,942
query_head,5,68,863
query_head,5,69,876
query_head,5,70,849
query_head,5,71,787
query_head,5,72,855
query_head,5,73,853
query_head,5,74,837
query_head,5,75,813
query_head,5,76,887
query_head,5,77,850
query_head,5,78,799
query_head,5,79,845
query_head,5,80,844
query_head,5,81,878
query_head,5,82,851
query_head,5,83,866
query_head,5,84,893
query_head,5,85,827
query_head,5,86,807
query_head,5,87,855
query_head,5,88,825
query_head,5,89,810
query_head,5,90,850
query_head,5,91,797
query_head,5,92,837
query_head,5,93,885
query_head,5,94,909
query_head,5,95,891
query_head,5,96,916
query_head,5,97,866
query_head,5,98,912
query_head,5,99,874
query_head,5,100,980
query_head,5,101,970
query_head,5,102,898
query_head,5,103,954
query_head,5,104,943
query_head,5,105,909
query_head,5,106,1018
query_head,5,107,1017
query_head,5,108,987
query_head,5,109,1083
query_head,5,110,1072
query_head,5,111,1102
query_head,5,112,1208
query_head,5,113,1148
query_head,5,114,1233
query_head,5,115,1245
query_head,5,116,1318
query_head,5,117,1429
query_head,5,118,1517
query_head,5,119,1612
query_head,5,120,1584
query_head,5,121,1719
query_head,5,122,1792
query_head,5,123,2014
query_head,5,124,2552
query_head,5,125,3065
query_head,5,126,3738
query_head,5,127,5549
query_head,5,128,34899
query_head,6,0,120144
query_head,6,1,21902
query_head,6,2,13809
query_head,6,3,10287
query_head,6,4,8523
query_head,6,5,6953
query_head,6,6,6281
query_head,6,7,5293
query_head,6,8,4815
query_head,6,9,4313
query_head,6,10,3817
query_head,6,11,3636
query_head,6,12,3348
query_head,6,13,3236
query_head,6,14,2870
query_head,6,15,2781
query_head,6,16,2701
query_head,6,17,2566
query_head,6,18,2426
query_head,6,19,2240
query_head,6,20,2132
query_head,6,21,2110
query_head,6,22,1975
query_head,6,23,1937
query_head,6,24,1908
query_head,6,25,1903
query_head,6,26,1764
query_head,6,27,1636
query_head,6,28,1626
query_head,6,29,1670
query_head,6,30,1579
query_head,6,31,1477
query_head,6,32,1521
query_head,6,33,1556
query_head,6,34,1491
query_head,6,35,1336
query_head,6,36,1362
query_head,6,37,1355
query_head,6,38,1286
query_head,6,39,1304
query_head,6,40,1283
query_head,6,41,1192
query_head,6,42,1243
query_head,6,43,1219
query_head,6,44,1208
query_head,6,45,1181
query_head,6,46,1180
query_head,6,47,1155
query_head,6,48,1137
query_head,6,49,1125
query_head,6,50,1156
query_head,6,51,1125
query_head,6,52,1079
query_head,6,53,1051
query_head,6,54,1048
query_head,6,55,1092
query_head,6,56,1044
query_head,6,57,1019
query_head,6,58,1011
query_head,6,59,1038
query_head,6,60,1030
query_head,6,61,1033
query_head,6,62,1028
query_head,6,63,1063
query_head,6,64,1128
query_head,6,65,1130
query_head,6,66,1049
query_head,6,67,1020
query_head,6,68,1095
query_head,6,69,1026
query_head,6,70,1023
query_head,6,71,994
query_head,6,72,1010
query_head,6,73,987
query_head,6,74,982
query_head,6,75,993
query_head,6,76,876
query_head,6,77,956
query_head,6,78,972
query_head,6,79,967
query_head,6,80,955
query_head,6,81,933
query_head,6,82,905
query_head,6,83,990
query_head,6,84,921
query_head,6,85,932
query_head,6,86,902
query_head,6,87,916
query_head,6,88,945
query_head,6,89,898
query_head,6,90,851
query_head,6,91,945
query_head,6,92,902
query_head,6,93,913
query_head,6,94,933
query_head,6,95,976
query_head,6,96,995
query_head,6,97,955
query_head,6,98,957
query_head,6,99,943
query_head,6,100,982
query_head,6,101,898
query_head,6,102,951
query_head,6,103,991
query_head,6,104,1029
query_head,6,105,1022
query_head,6,106,1061
query_head,6,107,1032
query_head,6,108,1037
query_head,6,109,1109
query_head,6,110,1102
query_head,6,111,1206
query_head,6,112,1146
query_head,6,113,1164
query_head,6,114,1202
query_head,6,115,1245
query_head,6,116,1278
query_head,6,117,1251
query_head,6,118,1318
query_head,6,119,1331
query_head,6,120,1380
query_head,6,121,1546
query_head,6,122,1633
query_head,6,123,1833
query_head,6,124,1946
query_head,6,125,2171
query_head,6,126,2840
query_head,6,127,4201
query_head,6,128,26827
query_head,7,0,88509
query_head,7,1,22923
query_head,7,2,14681
query_head,7,3,10743
query_head,7,4,9083
query_head,7,5,7626
query_head,7,6,6583
query_head,7,7,5812
query_head,7,8,5296
query_head,7,9,4692
query_head,7,10,4397
query_head,7,11,4183
query_head,7,12,3791
query_head,7,13,3677
query_head,7,14,3405
query_head,7,15,3199
query_head,7,16,2865
query_head,7,17,2801
query_head,7,18,2670
query_head,7,19,2481
query_head,7,20,2466
query_head,7,21,2307
query_head,7,22,2293
query_head,7,23,2161
query_head,7,24,2083
query_head,7,25,2026
query_head,7,26,1970
query_head,7,27,1915
query_head,7,28,1812
query_head,7,29,1825
query_head,7,30,1697
query_head,7,31,1643
query_head,7,32,1676
query_head,7,33,1611
query_head,7,34,1538
query_head,7,35,1576
query_head,7,36,1540
query_head,7,37,1473
query_head,7,38,1472
query_head,7,39,1419
query_head,7,40,1378
query_head,7,41,1331
query_head,7,42,1356
query_head,7,43,1302
query_head,7,44,1332
query_head,7,45,1234
query_head,7,46,1292
query_head,7,47,1289
query_head,7,48,1344
query_head,7,49,1318
query_head,7,50,1291
query_head,7,51,1224
query_head,7,52,1234
query_head,7,53,1193
query_head,7,54,1237
query_head,7,55,1234
query_head,7,56,1149
query_head,7,57,1203
query_head,7,58,1118
query_head,7,59,1194
query_head,7,60,1128
query_head,7,61,1121
query_head,7,62,1081
query_head,7,63,1081
query_head,7,64,1112
query_head,7,65,1030
query_head,7,66,1036
query_head,7,67,994
query_head,7,68,1038
query_head,7,69,1069
query_head,7,70,1013
query_head,7,71,1063
query_head,7,72,1045
query_head,7,73,1055
query_head,7,74,1053
query_head,7,75,1056
query_head,7,76,986
query_head,7,77,1009
query_head,7,78,988
query_head,7,79,982
query_head,7,80,946
query_head,7,81,995
query_head,7,82,915
query_head,7,83,981
query_head,7,84,975
query_head,7,85,939
query_head,7,86,975
query_head,7,87,958
query_head,7,88,928
query_head,7,89,1015
query_head,7,90,1014
query_head,7,91,1018
query_head,7,92,973
query_head,7,93,984
query_head,7,94,978
query_head,7,95,1067
query_head,7,96,1043
query_head,7,97,986
query_head,7,98,1060
query_head,7,99,1003
query_head,7,100,1079
query_head,7,101,1094
query_head,7,102,1022
query_head,7,103,1055
query_head,7,104,1050
query_head,7,105,1062
query_head,7,106,1122
query_head,7,107,1062
query_head,7,108,1116
query_head,7,109,1095
query_head,7,110,1158
query_head,7,111,1228
query_head,7,112,1254
query_head,7,113,1305
query_head,7,114,1315
query_head,7,115,1406
query_head,7,116,1413
query_head,7,117,1576
query_head,7,118,1651
query_head,7,119,1710
query_head,7,120,1891
query_head,7,121,1894
query_head,7,122,2138
query_head,7,123,2397
query_head,7,124,2874
query_head,7,125,3815
query_head,7,126,4419
query_head,7,127,5988
query_head,7,128,31161
query_head,8,0,118012
query_head,8,1,22895
query_head,8,2,13819
query_head,8,3,10390
query_head,8,4,8223
query_head,8,5,6930
query_head,8,6,6099
query_head,8,7,5376
query_head,8,8,4670
query_head,8,9,4230
query_head,8,10,3933
query_head,8,11,3746
query_head,8,12,3279
query_head,8,13,3085
query_head,8,14,2891
query_head,8,15,2616
query_head,8,16,2590
query_head,8,17,2487
query_head,8,18,2207
query_head,8,19,2149
query_head,8,20,2056
query_head,8,21,1956
query_head,8,22,2028
query_head,8,23,1863
query_head,8,24,1684
query_head,8,25,1708
query_head,8,26,1659
query_head,8,27,1533
query_head,8,28,1559
query_head,8,29,1510
query_head,8,30,1438
query_head,8,31,1437
query_head,8,32,1401
query_head,8,33,1303
query_head,8,34,1257
query_head,8,35,1260
query_head,8,36,1257
query_head,8,37,1301
query_head,8,38,1235
query_head,8,39,1213
query_head,8,40,1174
query_head,8,41,1191
query_head,8,42,1117
query_head,8,43,1164
query_head,8,44,1125
query_head,8,45,1092
query_head,8,46,1117
query_head,8,47,1094
query_head,8,48,1061
query_head,8,49,1063
query_head,8,50,1064
query_head,8,51,980
query_head,8,52,1038
query_head,8,53,1055
query_head,8,54,1028
query_head,8,55,980
query_head,8,56,996
query_head,8,57,959
query_head,8,58,965
query_head,8,59,967
query_head,8,60,942
query_head,8,61,998
query_head,8,62,961
query_head,8,63,910
query_head,8,64,1001
query_head,8,65,1026
query_head,8,66,975
query_head,8,67,973
query_head,8,68,904
query_head,8,69,906
query_head,8,70,922
query_head,8,71,887
query_head,8,72,841
query_head,8,73,827
query_head,8,74,893
query_head,8,75,840
query_head,8,76,850
query_head,8,77,789
query_head,8,78,801
query_head,8,79,758
query_head,8,80,840
query_head,8,81,830
query_head,8,82,853
query_head,8,83,794
query_head,8,84,834
query_head,8,85,826
query_head,8,86,800
query_head,8,87,807
query_head,8,88,846
query_head,8,89,834
query_head,8,90,842
query_head,8,91,802
query_head,8,92,843
query_head,8,93,845
query_head,8,94,826
query_head,8,95,859
query_head,8,96,858
query_head,8,97,845
query_head,8,98,858
query_head,8,99,860
query_head,8,100,902
query_head,8,101,944
query_head,8,102,952
query_head,8,103,920
query_head,8,104,989
query_head,8,105,976
query_head,8,106,988
query_head,8,107,965
query_head,8,108,1039
query_head,8,109,974
query_head,8,110,1050
query_head,8,111,1055
query_head,8,112,1131
query_head,8,113,1111
query_head,8,114,1198
query_head,8,115,1292
query_head,8,116,1366
query_head,8,117,1355
query_head,8,118,1394
query_head,8,119,1569
query_head,8,120,1657
query_head,8,121,1805
query_head,8,122,1996
query_head,8,123,2104
query_head,8,124,2203
query_head,8,125,3026
query_head,8,126,3609
query_head,8,127,5339
query_head,8,128,33086
query_head,9,0,94983
query_head,9,1,22006
query_head,9,2,14540
query_head,9,3,11374
query_head,9,4,9038
query_head,9,5,7558
query_head,9,6,6657
query_head,9,7,5958
query_head,9,8,5262
query_head,9,9,4669
query_head,9,10,4344
query_head,9,11,3989
query_head,9,12,3735
query_head,9,13,3478
query_head,9,14,3284
query_head,9,15,3031
query_head,9,16,2889
query_head,9,17,2657
query_head,9,18,2507
query_head,9,19,2462
query_head,9,20,2249
query_head,9,21,2250
query_head,9,22,2133
query_head,9,23,2045
query_head,9,24,1984
query_head,9,25,1911
query_head,9,26,1811
query_head,9,27,1714
query_head,9,28,1726
query_head,9,29,1675
query_head,9,30,1622
query_head,9,31,1562
query_head,9,32,1478
query_head,9,33,1559
query_head,9,34,1467
query_head,9,35,1399
query_head,9,36,1361
query_head,9,37,1355
query_head,9,38,1318
query_head,9,39,1271
query_head,9,40,1263
query_head,9,41,1198
query_head,9,42,1299
query_head,9,43,1218
query_head,9,44,1246
query_head,9,45,1216
query_head,9,46,1184
query_head,9,47,1164
query_head,9,48,1146
query_head,9,49,1132
query_head,9,50,1134
query_head,9,51,1157
query_head,9,52,1160
query_head,9,53,1080
query_head,9,54,1107
query_head,9,55,1201
query_head,9,56,1079
query_head,9,57,1080
query_head,9,58,1060
query_head,9,59,1071
query_head,9,60,1119
query_head,9,61,1118
query_head,9,62,1080
query_head,9,63,1111
query_head,9,64,1121
query_head,9,65,1077
query_head,9,66,1051
query_head,9,67,1079
query_head,9,68,1096
query_head,9,69,1072
query_head,9,70,1013
query_head,9,71,1018
query_head,9,72,1039
query_head,9,73,1068
query_head,9,74,1108
query_head,9,75,1008
query_head,9,76,1059
query_head,9,77,1055
query_head,9,78,1051
query_head,9,79,1037
query_head,9,80,1146
query_head,9,81,1053
query_head,9,82,989
query_head,9,83,961
query_head,9,84,1050
query_head,9,85,1036
query_head,9,86,999
query_head,9,87,1001
query_head,9,88,1095
query_head,9,89,994
query_head,9,90,1071
query_head,9,91,1042
query_head,9,92,1052
query_head,9,93,1059
query_head,9,94,1068
query_head,9,95,1048
query_head,9,96,954
query_head,9,97,1014
query_head,9,98,1083
query_head,9,99,1083
query_head,9,100,1134
query_head,9,101,1040
query_head,9,102,1130
query_head,9,103,1042
query_head,9,104,1146
query_head,9,105,1070
query_head,9,106,1049
query_head,9,107,1115
query_head,9,108,1142
query_head,9,109,1207
query_head,9,110,1231
query_head,9,111,1235
query_head,9,112,1322
query_head,9,113,1255
query_head,9,114,1301
query_head,9,115,1417
query_head,9,116,1486
query_head,9,117,1559
query_head,9,118,1691
query_head,9,119,1779
query_head,9,120,1872
query_head,9,121,1922
query_head,9,122,2155
query_head,9,123,2384
query_head,9,124,2728
query_head,9,125,3354
query_head,9,126,4505
query_head,9,127,7057
query_head,9,128,28204
step,0,0,1777555
step,0,1,362169
step,0,2,224608
step,0,3,165955
step,0,4,133661
step,0,5,111816
step,0,6,96887
step,0,7,85626
step,0,8,76996
step,0,9,69765
step,0,10,63573
step,0,11,59012
step,0,12,54663
step,0,13,51167
step,0,14,47700
step,0,15,45249
step,0,16,42305
step,0,17,40247
step,0,18,38334
step,0,19,36679
step,0,20,34718
step,0,21,33528
step,0,22,32392
step,0,23,31317
step,0,24,29677
step,0,25,28614
step,0,26,28068
step,0,27,26874
step,0,28,26247
step,0,29,25498
step,0,30,24678
step,0,31,23975
step,0,32,23543
step,0,33,23054
step,0,34,22517
step,0,35,21959
step,0,36,21552
step,0,37,21351
step,0,38,20682
step,0,39,20292
step,0,40,19929
step,0,41,19649
step,0,42,19217
step,0,43,18890
step,0,44,18828
step,0,45,18466
step,0,46,18302
step,0,47,18430
step,0,48,17889
step,0,49,17661
step,0,50,17492
step,0,51,17166
step,0,52,17110
step,0,53,16738
step,0,54,17031
step,0,55,16738
step,0,56,16758
step,0,57,16309
step,0,58,16467
step,0,59,16340
step,0,60,16325
step,0,61,16270
step,0,62,16265
step,0,63,16585
step,0,64,16927
step,0,65,16649
step,0,66,16084
step,0,67,15803
step,0,68,15403
step,0,69,15329
step,0,70,15049
step,0,71,15076
step,0,72,15052
step,0,73,14978
step,0,74,14650
step,0,75,14661
step,0,76,14783
step,0,77,14584
step,0,78,14578
step,0,79,14485
step,0,80,14358
step,0,81,14366
step,0,82,14378
step,0,83,14342
step,0,84,14336
step,0,85,14423
step,0,86,14268
step,0,87,14263
step,0,88,14439
step,0,89,14445
step,0,90,14483
step,0,91,14500
step,0,92,14520
step,0,93,14563
step,0,94,14513
step,0,95,14997
step,0,96,14814
step,0,97,14794
step,0,98,15142
step,0,99,14938
step,0,100,15648
step,0,101,15461
step,0,102,15638
step,0,103,15761
step,0,104,15903
step,0,105,16389
step,0,106,16574
step,0,107,16820
step,0,108,17098
step,0,109,17825
step,0,110,17759
step,0,111,18873
step,0,112,19348
step,0,113,19986
step,0,114,20505
step,0,115,21515
step,0,116,22291
step,0,117,23591
step,0,118,24615
step,0,119,25913
step,0,120,27107
step,0,121,29398
step,0,122,31795
step,0,123,34861
step,0,124,39049
step,0,125,47322
step,0,126,58700
step,0,127,87943
step,0,128,497437
step,1,0,1769624
step,1,1,359836
step,1,2,224299
step,1,3,165617
step,1,4,132285
step,1,5,111626
step,1,6,96205
step,1,7,85215
step,1,8,76298
step,1,9,69504
step,1,10,63904
step,1,11,58625
step,1,12,54515
step,1,13,51236
step,1,14,47885
step,1,15,44618
step,1,16,42019
step,1,17,40498
step,1,18,38150
step,1,19,36566
step,1,20,34827
step,1,21,33538
step,1,22,32879
step,1,23,30876
step,1,24,29764
step,1,25,28853
step,1,26,27542
step,1,27,27010
step,1,28,26265
step,1,29,25611
step,1,30,24964
step,1,31,24473
step,1,32,23624
step,1,33,23251
step,1,34,22452
step,1,35,21982
step,1,36,21579
step,1,37,21078
step,1,38,20950
step,1,39,20436
step,1,40,20255
step,1,41,19794
step,1,42,19252
step,1,43,19135
step,1,44,18840
step,1,45,18450
step,1,46,18404
step,1,47,18079
step,1,48,17907
step,1,49,17637
step,1,50,17416
step,1,51,17293
step,1,52,17092
step,1,53,16908
step,1,54,16935
step,1,55,16903
step,1,56,16753
step,1,57,16564
step,1,58,16547
step,1,59,16455
step,1,60,16540
step,1,61,16608
step,1,62,16519
step,1,63,16826
step,1,64,16981
step,1,65,16707
step,1,66,16176
step,1,67,16027
step,1,68,15681
step,1,69,15525
step,1,70,15342
step,1,71,15188
step,1,72,15009
step,1,73,14929
step,1,74,14996
step,1,75,14769
step,1,76,14861
step,1,77,14604
step,1,78,14636
step,1,79,14424
step,1,80,14630
step,1,81,14588
step,1,82,14436
step,1,83,14629
step,1,84,14614
step,1,85,14547
step,1,86,14681
step,1,87,14615
step,1,88,14551
step,1,89,14648
step,1,90,14583
step,1,91,14592
step,1,92,14631
step,1,93,14869
step,1,94,14726
step,1,95,15107
step,1,96,15080
step,1,97,15172
step,1,98,15052
step,1,99,15301
step,1,100,15674
step,1,101,15584
step,1,102,15687
step,1,103,16070
step,1,104,16434
step,1,105,16474
step,1,106,17002
step,1,107,17139
step,1,108,17698
step,1,109,17786
step,1,110,18566
step,1,111,19080
step,1,112,19966
step,1,113,19985
step,1,114,20864
step,1,115,22052
step,1,116,22723
step,1,117,23925
step,1,118,24552
step,1,119,25847
step,1,120,27386
step,1,121,29213
step,1,122,31968
step,1,123,34657
step,1,124,39196
step,1,125,47398
step,1,126,58549
step,1,127,87399
step,1,128,498084
