layer,step,remaining_mask_ratio,active_count,tile_count
0,0,0.15,0,23845
0,0,0.15,1,3992
0,0,0.15,2,2302
0,0,0.15,3,1689
0,0,0.15,4,1394
0,0,0.15,5,1263
0,0,0.15,6,1092
0,0,0.15,7,1023
0,0,0.15,8,988
0,0,0.15,9,934
0,0,0.15,10,853
0,0,0.15,11,823
0,0,0.15,12,787
0,0,0.15,13,767
0,0,0.15,14,798
0,0,0.15,15,703
0,0,0.15,16,681
0,0,0.15,17,629
0,0,0.15,18,677
0,0,0.15,19,593
0,0,0.15,20,600
0,0,0.15,21,564
0,0,0.15,22,623
0,0,0.15,23,517
0,0,0.15,24,563
0,0,0.15,25,489
0,0,0.15,26,495
0,0,0.15,27,468
0,0,0.15,28,478
0,0,0.15,29,483
0,0,0.15,30,439
0,0,0.15,31,432
0,0,0.15,32,403
0,0,0.15,33,403
0,0,0.15,34,364
0,0,0.15,35,374
0,0,0.15,36,356
0,0,0.15,37,354
0,0,0.15,38,353
0,0,0.15,39,318
0,0,0.15,40,307
0,0,0.15,41,304
0,0,0.15,42,294
0,0,0.15,43,268
0,0,0.15,44,262
0,0,0.15,45,275
0,0,0.15,46,275
0,0,0.15,47,248
0,0,0.15,48,226
0,0,0.15,49,245
0,0,0.15,50,188
0,0,0.15,51,216
0,0,0.15,52,225
0,0,0.15,53,218
0,0,0.15,54,186
0,0,0.15,55,179
0,0,0.15,56,161
0,0,0.15,57,193
0,0,0.15,58,186
0,0,0.15,59,170
0,0,0.15,60,166
0,0,0.15,61,150
0,0,0.15,62,179
0,0,0.15,63,168
0,0,0.15,64,202
0,0,0.15,65,166
0,0,0.15,66,148
0,0,0.15,67,128
0,0,0.15,68,128
0,0,0.15,69,122
0,0,0.15,70,100
0,0,0.15,71,97
0,0,0.15,72,118
0,0,0.15,73,106
0,0,0.15,74,108
0,0,0.15,75,98
0,0,0.15,76,86
0,0,0.15,77,109
0,0,0.15,78,88
0,0,0.15,79,81
0,0,0.15,80,93
0,0,0.15,81,65
0,0,0.15,82,81
0,0,0.15,83,64
0,0,0.15,84,53
0,0,0.15,85,77
0,0,0.15,86,70
0,0,0.15,87,70
0,0,0.15,88,56
0,0,0.15,89,58
0,0,0.15,90,56
0,0,0.15,91,66
0,0,0.15,92,64
0,0,0.15,93,74
0,0,0.15,94,35
0,0,0.15,95,58
0,0,0.15,96,44
0,0,0.15,97,47
0,0,0.15,98,52
0,0,0.15,99,45
0,0,0.15,100,52
0,0,0.15,101,47
0,0,0.15,102,41
0,0,0.15,103,50
0,0,0.15,104,45
0,0,0.15,105,52
0,0,0.15,106,36
0,0,0.15,107,46
0,0,0.15,108,53
0,0,0.15,109,58
0,0,0.15,110,58
0,0,0.15,111,45
0,0,0.15,112,49
0,0,0.15,113,39
0,0,0.15,114,41
0,0,0.15,115,46
0,0,0.15,116,44
0,0,0.15,117,59
0,0,0.15,118,50
0,0,0.15,119,39
0,0,0.15,120,33
0,0,0.15,121,46
0,0,0.15,122,47
0,0,0.15,123,37
0,0,0.15,124,24
0,0,0.15,125,23
0,0,0.15,126,23
0,0,0.15,127,15
0,0,0.15,128,1027
0,0,0.5,0,4106
0,0,0.5,1,602
0,0,0.5,2,290
0,0,0.5,3,212
0,0,0.5,4,175
0,0,0.5,5,191
0,0,0.5,6,183
0,0,0.5,7,198
0,0,0.5,8,237
0,0,0.5,9,214
0,0,0.5,10,233
0,0,0.5,11,224
0,0,0.5,12,211
0,0,0.5,13,228
0,0,0.5,14,234
0,0,0.5,15,210
0,0,0.5,16,199
0,0,0.5,17,187
0,0,0.5,18,148
0,0,0.5,19,151
0,0,0.5,20,154
0,0,0.5,21,145
0,0,0.5,22,131
0,0,0.5,23,122
0,0,0.5,24,138
0,0,0.5,25,119
0,0,0.5,26,105
0,0,0.5,27,129
0,0,0.5,28,128
0,0,0.5,29,128
0,0,0.5,30,116
0,0,0.5,31,147
0,0,0.5,32,125
0,0,0.5,33,141
0,0,0.5,34,116
0,0,0.5,35,165
0,0,0.5,36,167
0,0,0.5,37,203
0,0,0.5,38,166
0,0,0.5,39,169
0,0,0.5,40,176
0,0,0.5,41,176
0,0,0.5,42,173
0,0,0.5,43,221
0,0,0.5,44,209
0,0,0.5,45,201
0,0,0.5,46,206
0,0,0.5,47,252
0,0,0.5,48,241
0,0,0.5,49,250
0,0,0.5,50,232
0,0,0.5,51,256
0,0,0.5,52,237
0,0,0.5,53,238
0,0,0.5,54,322
0,0,0.5,55,338
0,0,0.5,56,283
0,0,0.5,57,258
0,0,0.5,58,247
0,0,0.5,59,273
0,0,0.5,60,246
0,0,0.5,61,252
0,0,0.5,62,212
0,0,0.5,63,221
0,0,0.5,64,218
0,0,0.5,65,260
0,0,0.5,66,237
0,0,0.5,67,212
0,0,0.5,68,180
0,0,0.5,69,191
0,0,0.5,70,158
0,0,0.5,71,174
0,0,0.5,72,147
0,0,0.5,73,172
0,0,0.5,74,178
0,0,0.5,75,145
0,0,0.5,76,158
0,0,0.5,77,167
0,0,0.5,78,184
0,0,0.5,79,162
0,0,0.5,80,148
0,0,0.5,81,161
0,0,0.5,82,165
0,0,0.5,83,161
0,0,0.5,84,142
0,0,0.5,85,173
0,0,0.5,86,183
0,0,0.5,87,196
0,0,0.5,88,186
0,0,0.5,89,169
0,0,0.5,90,189
0,0,0.5,91,196
0,0,0.5,92,194
0,0,0.5,93,203
0,0,0.5,94,229
0,0,0.5,95,209
0,0,0.5,96,207
0,0,0.5,97,221
0,0,0.5,98,246
0,0,0.5,99,253
0,0,0.5,100,193
0,0,0.5,101,222
0,0,0.5,102,235
0,0,0.5,103,234
0,0,0.5,104,249
0,0,0.5,105,275
0,0,0.5,106,292
0,0,0.5,107,354
0,0,0.5,108,339
0,0,0.5,109,370
0,0,0.5,110,324
0,0,0.5,111,359
0,0,0.5,112,369
0,0,0.5,113,414
0,0,0.5,114,415
0,0,0.5,115,404
0,0,0.5,116,414
0,0,0.5,117,489
0,0,0.5,118,532
0,0,0.5,119,591
0,0,0.5,120,690
0,0,0.5,121,772
0,0,0.5,122,885
0,0,0.5,123,1026
0,0,0.5,124,1333
0,0,0.5,125,1630
0,0,0.5,126,2079
0,0,0.5,127,3442
0,0,0.5,128,22864
0,0,0.9,0,537
0,0,0.9,1,243
0,0,0.9,2,213
0,0,0.9,3,182
0,0,0.9,4,191
0,0,0.9,5,162
0,0,0.9,6,157
0,0,0.9,7,162
0,0,0.9,8,195
0,0,0.9,9,143
0,0,0.9,10,181
0,0,0.9,11,178
0,0,0.9,12,163
0,0,0.9,13,135
0,0,0.9,14,138
0,0,0.9,15,95
0,0,0.9,16,98
0,0,0.9,17,85
0,0,0.9,18,84
0,0,0.9,19,78
0,0,0.9,20,85
0,0,0.9,21,67
0,0,0.9,22,73
0,0,0.9,23,81
0,0,0.9,24,61
0,0,0.9,25,55
0,0,0.9,26,71
0,0,0.9,27,69
0,0,0.9,28,71
0,0,0.9,29,52
0,0,0.9,30,47
0,0,0.9,31,56
0,0,0.9,32,59
0,0,0.9,33,43
0,0,0.9,34,55
0,0,0.9,35,44
0,0,0.9,36,59
0,0,0.9,37,61
0,0,0.9,38,46
0,0,0.9,39,43
0,0,0.9,40,65
0,0,0.9,41,38
0,0,0.9,42,45
0,0,0.9,43,46
0,0,0.9,44,43
0,0,0.9,45,25
0,0,0.9,46,44
0,0,0.9,47,29
0,0,0.9,48,43
0,0,0.9,49,39
0,0,0.9,50,39
0,0,0.9,51,44
0,0,0.9,52,44
0,0,0.9,53,35
0,0,0.9,54,35
0,0,0.9,55,36
0,0,0.9,56,31
0,0,0.9,57,38
0,0,0.9,58,33
0,0,0.9,59,32
0,0,0.9,60,48
0,0,0.9,61,29
0,0,0.9,62,37
0,0,0.9,63,36
0,0,0.9,64,35
0,0,0.9,65,42
0,0,0.9,66,51
0,0,0.9,67,53
0,0,0.9,68,48
0,0,0.9,69,48
0,0,0.9,70,48
0,0,0.9,71,42
0,0,0.9,72,43
0,0,0.9,73,51
0,0,0.9,74,58
0,0,0.9,75,48
0,0,0.9,76,49
0,0,0.9,77,56
0,0,0.9,78,59
0,0,0.9,79,52
0,0,0.9,80,52
0,0,0.9,81,57
0,0,0.9,82,56
0,0,0.9,83,78
0,0,0.9,84,71
0,0,0.9,85,60
0,0,0.9,86,76
0,0,0.9,87,73
0,0,0.9,88,74
0,0,0.9,89,73
0,0,0.9,90,70
0,0,0.9,91,68
0,0,0.9,92,77
0,0,0.9,93,72
0,0,0.9,94,85
0,0,0.9,95,92
0,0,0.9,96,95
0,0,0.9,97,95
0,0,0.9,98,94
0,0,0.9,99,109
0,0,0.9,100,97
0,0,0.9,101,110
0,0,0.9,102,103
0,0,0.9,103,118
0,0,0.9,104,145
0,0,0.9,105,109
0,0,0.9,106,118
0,0,0.9,107,103
0,0,0.9,108,114
0,0,0.9,109,122
0,0,0.9,110,127
0,0,0.9,111,149
0,0,0.9,112,142
0,0,0.9,113,179
0,0,0.9,114,192
0,0,0.9,115,217
0,0,0.9,116,272
0,0,0.9,117,298
0,0,0.9,118,341
0,0,0.9,119,418
0,0,0.9,120,393
0,0,0.9,121,530
0,0,0.9,122,546
0,0,0.9,123,461
0,0,0.9,124,610
0,0,0.9,125,789
0,0,0.9,126,1393
0,0,0.9,127,3375
0,0,0.9,128,46103
0,1,0.14,0,23794
0,1,0.14,1,4008
0,1,0.14,2,2265
0,1,0.14,3,1706
0,1,0.14,4,1369
0,1,0.14,5,1269
0,1,0.14,6,1120
0,1,0.14,7,995
0,1,0.14,8,977
0,1,0.14,9,947
0,1,0.14,10,865
0,1,0.14,11,835
0,1,0.14,12,773
0,1,0.14,13,754
0,1,0.14,14,793
0,1,0.14,15,713
0,1,0.14,16,680
0,1,0.14,17,612
0,1,0.14,18,670
0,1,0.14,19,600
0,1,0.14,20,633
0,1,0.14,21,554
0,1,0.14,22,616
0,1,0.14,23,560
0,1,0.14,24,534
0,1,0.14,25,500
0,1,0.14,26,481
0,1,0.14,27,482
0,1,0.14,28,481
0,1,0.14,29,482
0,1,0.14,30,427
0,1,0.14,31,465
0,1,0.14,32,398
0,1,0.14,33,387
0,1,0.14,34,384
0,1,0.14,35,359
0,1,0.14,36,354
0,1,0.14,37,345
0,1,0.14,38,338
0,1,0.14,39,341
0,1,0.14,40,323
0,1,0.14,41,329
0,1,0.14,42,282
0,1,0.14,43,278
0,1,0.14,44,258
0,1,0.14,45,284
0,1,0.14,46,269
0,1,0.14,47,236
0,1,0.14,48,256
0,1,0.14,49,205
0,1,0.14,50,223
0,1,0.14,51,201
0,1,0.14,52,225
0,1,0.14,53,201
0,1,0.14,54,199
0,1,0.14,55,169
0,1,0.14,56,179
0,1,0.14,57,189
0,1,0.14,58,184
0,1,0.14,59,169
0,1,0.14,60,166
0,1,0.14,61,166
0,1,0.14,62,180
0,1,0.14,63,177
0,1,0.14,64,208
0,1,0.14,65,161
0,1,0.14,66,124
0,1,0.14,67,128
0,1,0.14,68,128
0,1,0.14,69,127
0,1,0.14,70,108
0,1,0.14,71,89
0,1,0.14,72,129
0,1,0.14,73,113
0,1,0.14,74,96
0,1,0.14,75,95
0,1,0.14,76,91
0,1,0.14,77,118
0,1,0.14,78,76
0,1,0.14,79,82
0,1,0.14,80,84
0,1,0.14,81,69
0,1,0.14,82,75
0,1,0.14,83,69
0,1,0.14,84,56
0,1,0.14,85,81
0,1,0.14,86,79
0,1,0.14,87,57
0,1,0.14,88,53
0,1,0.14,89,60
0,1,0.14,90,54
0,1,0.14,91,67
0,1,0.14,92,67
0,1,0.14,93,65
0,1,0.14,94,46
0,1,0.14,95,56
0,1,0.14,96,51
0,1,0.14,97,46
0,1,0.14,98,48
0,1,0.14,99,43
0,1,0.14,100,51
0,1,0.14,101,46
0,1,0.14,102,46
0,1,0.14,103,51
0,1,0.14,104,48
0,1,0.14,105,51
0,1,0.14,106,40
0,1,0.14,107,42
0,1,0.14,108,53
0,1,0.14,109,61
0,1,0.14,110,46
0,1,0.14,111,45
0,1,0.14,112,45
0,1,0.14,113,48
0,1,0.14,114,46
0,1,0.14,115,35
0,1,0.14,116,49
0,1,0.14,117,54
0,1,0.14,118,50
0,1,0.14,119,44
0,1,0.14,120,35
0,1,0.14,121,50
0,1,0.14,122,40
0,1,0.14,123,34
0,1,0.14,124,26
0,1,0.14,125,24
0,1,0.14,126,22
0,1,0.14,127,14
0,1,0.14,128,1027
0,1,0.49,0,4093
0,1,0.49,1,595
0,1,0.49,2,290
0,1,0.49,3,215
0,1,0.49,4,168
0,1,0.49,5,202
0,1,0.49,6,168
0,1,0.49,7,188
0,1,0.49,8,228
0,1,0.49,9,227
0,1,0.49,10,226
0,1,0.49,11,229
0,1,0.49,12,202
0,1,0.49,13,225
0,1,0.49,14,222
0,1,0.49,15,210
0,1,0.49,16,189
0,1,0.49,17,197
0,1,0.49,18,151
0,1,0.49,19,146
0,1,0.49,20,153
0,1,0.49,21,152
0,1,0.49,22,128
0,1,0.49,23,115
0,1,0.49,24,129
0,1,0.49,25,108
0,1,0.49,26,103
0,1,0.49,27,124
0,1,0.49,28,123
0,1,0.49,29,127
0,1,0.49,30,118
0,1,0.49,31,153
0,1,0.49,32,110
0,1,0.49,33,132
0,1,0.49,34,138
0,1,0.49,35,141
0,1,0.49,36,167
0,1,0.49,37,205
0,1,0.49,38,167
0,1,0.49,39,164
0,1,0.49,40,180
0,1,0.49,41,153
0,1,0.49,42,163
0,1,0.49,43,195
0,1,0.49,44,209
0,1,0.49,45,216
0,1,0.49,46,209
0,1,0.49,47,226
0,1,0.49,48,231
0,1,0.49,49,236
0,1,0.49,50,232
0,1,0.49,51,255
0,1,0.49,52,250
0,1,0.49,53,241
0,1,0.49,54,264
0,1,0.49,55,306
0,1,0.49,56,302
0,1,0.49,57,301
0,1,0.49,58,289
0,1,0.49,59,248
0,1,0.49,60,256
0,1,0.49,61,265
0,1,0.49,62,249
0,1,0.49,63,224
0,1,0.49,64,247
0,1,0.49,65,246
0,1,0.49,66,238
0,1,0.49,67,237
0,1,0.49,68,180
0,1,0.49,69,195
0,1,0.49,70,166
0,1,0.49,71,173
0,1,0.49,72,160
0,1,0.49,73,166
0,1,0.49,74,178
0,1,0.49,75,174
0,1,0.49,76,180
0,1,0.49,77,178
0,1,0.49,78,164
0,1,0.49,79,161
0,1,0.49,80,169
0,1,0.49,81,154
0,1,0.49,82,160
0,1,0.49,83,158
0,1,0.49,84,164
0,1,0.49,85,170
0,1,0.49,86,189
0,1,0.49,87,195
0,1,0.49,88,196
0,1,0.49,89,180
0,1,0.49,90,188
0,1,0.49,91,196
0,1,0.49,92,208
0,1,0.49,93,220
0,1,0.49,94,227
0,1,0.49,95,213
0,1,0.49,96,195
0,1,0.49,97,241
0,1,0.49,98,244
0,1,0.49,99,215
0,1,0.49,100,213
0,1,0.49,101,246
0,1,0.49,102,200
0,1,0.49,103,235
0,1,0.49,104,260
0,1,0.49,105,283
0,1,0.49,106,308
0,1,0.49,107,363
0,1,0.49,108,346
0,1,0.49,109,318
0,1,0.49,110,357
0,1,0.49,111,374
0,1,0.49,112,335
0,1,0.49,113,406
0,1,0.49,114,381
0,1,0.49,115,423
0,1,0.49,116,409
0,1,0.49,117,495
0,1,0.49,118,543
0,1,0.49,119,548
0,1,0.49,120,701
0,1,0.49,121,754
0,1,0.49,122,859
0,1,0.49,123,996
0,1,0.49,124,1281
0,1,0.49,125,1594
0,1,0.49,126,2024
0,1,0.49,127,3405
0,1,0.49,128,23126
0,1,0.89,0,508
0,1,0.89,1,233
0,1,0.89,2,224
0,1,0.89,3,188
0,1,0.89,4,187
0,1,0.89,5,169
0,1,0.89,6,155
0,1,0.89,7,145
0,1,0.89,8,154
0,1,0.89,9,188
0,1,0.89,10,167
0,1,0.89,11,154
0,1,0.89,12,163
0,1,0.89,13,158
0,1,0.89,14,126
0,1,0.89,15,96
0,1,0.89,16,113
0,1,0.89,17,89
0,1,0.89,18,82
0,1,0.89,19,65
0,1,0.89,20,73
0,1,0.89,21,66
0,1,0.89,22,76
0,1,0.89,23,84
0,1,0.89,24,55
0,1,0.89,25,57
0,1,0.89,26,63
0,1,0.89,27,58
0,1,0.89,28,72
0,1,0.89,29,54
0,1,0.89,30,51
0,1,0.89,31,49
0,1,0.89,32,58
0,1,0.89,33,59
0,1,0.89,34,50
0,1,0.89,35,46
0,1,0.89,36,48
0,1,0.89,37,55
0,1,0.89,38,45
0,1,0.89,39,50
0,1,0.89,40,55
0,1,0.89,41,42
0,1,0.89,42,56
0,1,0.89,43,34
0,1,0.89,44,34
0,1,0.89,45,37
0,1,0.89,46,38
0,1,0.89,47,35
0,1,0.89,48,27
0,1,0.89,49,32
0,1,0.89,50,45
0,1,0.89,51,41
0,1,0.89,52,33
0,1,0.89,53,36
0,1,0.89,54,36
0,1,0.89,55,41
0,1,0.89,56,24
0,1,0.89,57,35
0,1,0.89,58,32
0,1,0.89,59,31
0,1,0.89,60,43
0,1,0.89,61,29
0,1,0.89,62,29
0,1,0.89,63,39
0,1,0.89,64,45
0,1,0.89,65,35
0,1,0.89,66,42
0,1,0.89,67,49
0,1,0.89,68,33
0,1,0.89,69,40
0,1,0.89,70,51
0,1,0.89,71,43
0,1,0.89,72,47
0,1,0.89,73,50
0,1,0.89,74,46
0,1,0.89,75,48
0,1,0.89,76,52
0,1,0.89,77,56
0,1,0.89,78,54
0,1,0.89,79,47
0,1,0.89,80,56
0,1,0.89,81,58
0,1,0.89,82,57
0,1,0.89,83,82
0,1,0.89,84,68
0,1,0.89,85,66
0,1,0.89,86,67
0,1,0.89,87,67
0,1,0.89,88,80
0,1,0.89,89,72
0,1,0.89,90,72
0,1,0.89,91,68
0,1,0.89,92,69
0,1,0.89,93,71
0,1,0.89,94,95
0,1,0.89,95,89
0,1,0.89,96,96
0,1,0.89,97,103
0,1,0.89,98,82
0,1,0.89,99,103
0,1,0.89,100,101
0,1,0.89,101,102
0,1,0.89,102,104
0,1,0.89,103,112
0,1,0.89,104,139
0,1,0.89,105,113
0,1,0.89,106,114
0,1,0.89,107,124
0,1,0.89,108,125
0,1,0.89,109,129
0,1,0.89,110,143
0,1,0.89,111,138
0,1,0.89,112,147
0,1,0.89,113,182
0,1,0.89,114,216
0,1,0.89,115,238
0,1,0.89,116,308
0,1,0.89,117,363
0,1,0.89,118,320
0,1,0.89,119,364
0,1,0.89,120,452
0,1,0.89,121,471
0,1,0.89,122,509
0,1,0.89,123,433
0,1,0.89,124,611
0,1,0.89,125,778
0,1,0.89,126,1384
0,1,0.89,127,3079
0,1,0.89,128,46561
1,0,0.15,0,28368
1,0,0.15,1,4275
1,0,0.15,2,2862
1,0,0.15,3,2027
1,0,0.15,4,1717
1,0,0.15,5,1391
1,0,0.15,6,1185
1,0,0.15,7,1095
1,0,0.15,8,949
1,0,0.15,9,823
1,0,0.15,10,807
1,0,0.15,11,724
1,0,0.15,12,626
1,0,0.15,13,572
1,0,0.15,14,579
1,0,0.15,15,503
1,0,0.15,16,457
1,0,0.15,17,475
1,0,0.15,18,430
1,0,0.15,19,466
1,0,0.15,20,373
1,0,0.15,21,373
1,0,0.15,22,354
1,0,0.15,23,326
1,0,0.15,24,348
1,0,0.15,25,303
1,0,0.15,26,294
1,0,0.15,27,291
1,0,0.15,28,276
1,0,0.15,29,249
1,0,0.15,30,280
1,0,0.15,31,272
1,0,0.15,32,269
1,0,0.15,33,213
1,0,0.15,34,245
1,0,0.15,35,221
1,0,0.15,36,240
1,0,0.15,37,196
1,0,0.15,38,212
1,0,0.15,39,186
1,0,0.15,40,205
1,0,0.15,41,173
1,0,0.15,42,195
1,0,0.15,43,185
1,0,0.15,44,170
1,0,0.15,45,178
1,0,0.15,46,152
1,0,0.15,47,194
1,0,0.15,48,134
1,0,0.15,49,160
1,0,0.15,50,172
1,0,0.15,51,160
1,0,0.15,52,163
1,0,0.15,53,147
1,0,0.15,54,164
1,0,0.15,55,109
1,0,0.15,56,162
1,0,0.15,57,159
1,0,0.15,58,170
1,0,0.15,59,145
1,0,0.15,60,139
1,0,0.15,61,152
1,0,0.15,62,129
1,0,0.15,63,167
1,0,0.15,64,115
1,0,0.15,65,139
1,0,0.15,66,130
1,0,0.15,67,127
1,0,0.15,68,102
1,0,0.15,69,93
1,0,0.15,70,117
1,0,0.15,71,112
1,0,0.15,72,118
1,0,0.15,73,103
1,0,0.15,74,85
1,0,0.15,75,105
1,0,0.15,76,97
1,0,0.15,77,95
1,0,0.15,78,85
1,0,0.15,79,107
1,0,0.15,80,87
1,0,0.15,81,86
1,0,0.15,82,71
1,0,0.15,83,80
1,0,0.15,84,69
1,0,0.15,85,84
1,0,0.15,86,95
1,0,0.15,87,68
1,0,0.15,88,85
1,0,0.15,89,85
1,0,0.15,90,79
1,0,0.15,91,64
1,0,0.15,92,73
1,0,0.15,93,71
1,0,0.15,94,68
1,0,0.15,95,67
1,0,0.15,96,60
1,0,0.15,97,60
1,0,0.15,98,61
1,0,0.15,99,70
1,0,0.15,100,65
1,0,0.15,101,63
1,0,0.15,102,38
1,0,0.15,103,49
1,0,0.15,104,64
1,0,0.15,105,55
1,0,0.15,106,47
1,0,0.15,107,53
1,0,0.15,108,50
1,0,0.15,109,49
1,0,0.15,110,48
1,0,0.15,111,59
1,0,0.15,112,59
1,0,0.15,113,48
1,0,0.15,114,47
1,0,0.15,115,46
1,0,0.15,116,55
1,0,0.15,117,59
1,0,0.15,118,46
1,0,0.15,119,42
1,0,0.15,120,56
1,0,0.15,121,54
1,0,0.15,122,57
1,0,0.15,123,57
1,0,0.15,124,52
1,0,0.15,125,58
1,0,0.15,126,54
1,0,0.15,127,60
1,0,0.15,128,1097
1,0,0.5,0,8306
1,0,0.5,1,1063
1,0,0.5,2,615
1,0,0.5,3,489
1,0,0.5,4,366
1,0,0.5,5,311
1,0,0.5,6,274
1,0,0.5,7,229
1,0,0.5,8,234
1,0,0.5,9,194
1,0,0.5,10,212
1,0,0.5,11,197
1,0,0.5,12,181
1,0,0.5,13,201
1,0,0.5,14,181
1,0,0.5,15,193
1,0,0.5,16,191
1,0,0.5,17,209
1,0,0.5,18,242
1,0,0.5,19,231
1,0,0.5,20,230
1,0,0.5,21,268
1,0,0.5,22,251
1,0,0.5,23,282
1,0,0.5,24,283
1,0,0.5,25,272
1,0,0.5,26,270
1,0,0.5,27,291
1,0,0.5,28,275
1,0,0.5,29,268
1,0,0.5,30,262
1,0,0.5,31,253
1,0,0.5,32,276
1,0,0.5,33,264
1,0,0.5,34,257
1,0,0.5,35,241
1,0,0.5,36,263
1,0,0.5,37,248
1,0,0.5,38,233
1,0,0.5,39,256
1,0,0.5,40,218
1,0,0.5,41,232
1,0,0.5,42,279
1,0,0.5,43,262
1,0,0.5,44,274
1,0,0.5,45,259
1,0,0.5,46,229
1,0,0.5,47,253
1,0,0.5,48,233
1,0,0.5,49,241
1,0,0.5,50,214
1,0,0.5,51,209
1,0,0.5,52,230
1,0,0.5,53,213
1,0,0.5,54,219
1,0,0.5,55,214
1,0,0.5,56,209
1,0,0.5,57,219
1,0,0.5,58,234
1,0,0.5,59,249
1,0,0.5,60,266
1,0,0.5,61,261
1,0,0.5,62,240
1,0,0.5,63,279
1,0,0.5,64,265
1,0,0.5,65,238
1,0,0.5,66,304
1,0,0.5,67,248
1,0,0.5,68,237
1,0,0.5,69,255
1,0,0.5,70,229
1,0,0.5,71,246
1,0,0.5,72,237
1,0,0.5,73,226
1,0,0.5,74,241
1,0,0.5,75,254
1,0,0.5,76,273
1,0,0.5,77,263
1,0,0.5,78,282
1,0,0.5,79,243
1,0,0.5,80,253
1,0,0.5,81,270
1,0,0.5,82,253
1,0,0.5,83,243
1,0,0.5,84,253
1,0,0.5,85,296
1,0,0.5,86,265
1,0,0.5,87,252
1,0,0.5,88,277
1,0,0.5,89,289
1,0,0.5,90,296
1,0,0.5,91,265
1,0,0.5,92,263
1,0,0.5,93,246
1,0,0.5,94,304
1,0,0.5,95,283
1,0,0.5,96,249
1,0,0.5,97,285
1,0,0.5,98,286
1,0,0.5,99,310
1,0,0.5,100,307
1,0,0.5,101,297
1,0,0.5,102,298
1,0,0.5,103,320
1,0,0.5,104,347
1,0,0.5,105,343
1,0,0.5,106,374
1,0,0.5,107,394
1,0,0.5,108,392
1,0,0.5,109,447
1,0,0.5,110,478
1,0,0.5,111,505
1,0,0.5,112,508
1,0,0.5,113,606
1,0,0.5,114,625
1,0,0.5,115,590
1,0,0.5,116,640
1,0,0.5,117,710
1,0,0.5,118,743
1,0,0.5,119,801
1,0,0.5,120,763
1,0,0.5,121,866
1,0,0.5,122,995
1,0,0.5,123,1311
1,0,0.5,124,1257
1,0,0.5,125,1555
1,0,0.5,126,1831
1,0,0.5,127,2665
1,0,0.5,128,9991
1,0,0.9,0,1857
1,0,0.9,1,120
1,0,0.9,2,59
1,0,0.9,3,45
1,0,0.9,4,41
1,0,0.9,5,49
1,0,0.9,6,43
1,0,0.9,7,70
1,0,0.9,8,91
1,0,0.9,9,93
1,0,0.9,10,105
1,0,0.9,11,142
1,0,0.9,12,137
1,0,0.9,13,172
1,0,0.9,14,106
1,0,0.9,15,136
1,0,0.9,16,77
1,0,0.9,17,92
1,0,0.9,18,102
1,0,0.9,19,85
1,0,0.9,20,102
1,0,0.9,21,70
1,0,0.9,22,84
1,0,0.9,23,78
1,0,0.9,24,77
1,0,0.9,25,90
1,0,0.9,26,96
1,0,0.9,27,86
1,0,0.9,28,96
1,0,0.9,29,95
1,0,0.9,30,95
1,0,0.9,31,76
1,0,0.9,32,74
1,0,0.9,33,86
1,0,0.9,34,92
1,0,0.9,35,76
1,0,0.9,36,87
1,0,0.9,37,70
1,0,0.9,38,79
1,0,0.9,39,96
1,0,0.9,40,77
1,0,0.9,41,79
1,0,0.9,42,67
1,0,0.9,43,95
1,0,0.9,44,81
1,0,0.9,45,84
1,0,0.9,46,88
1,0,0.9,47,78
1,0,0.9,48,81
1,0,0.9,49,89
1,0,0.9,50,86
1,0,0.9,51,81
1,0,0.9,52,82
1,0,0.9,53,68
1,0,0.9,54,67
1,0,0.9,55,81
1,0,0.9,56,77
1,0,0.9,57,84
1,0,0.9,58,79
1,0,0.9,59,78
1,0,0.9,60,83
1,0,0.9,61,74
1,0,0.9,62,81
1,0,0.9,63,79
1,0,0.9,64,87
1,0,0.9,65,82
1,0,0.9,66,85
1,0,0.9,67,85
1,0,0.9,68,89
1,0,0.9,69,74
1,0,0.9,70,83
1,0,0.9,71,102
1,0,0.9,72,82
1,0,0.9,73,89
1,0,0.9,74,78
1,0,0.9,75,79
1,0,0.9,76,94
1,0,0.9,77,73
1,0,0.9,78,64
1,0,0.9,79,81
1,0,0.9,80,84
1,0,0.9,81,80
1,0,0.9,82,90
1,0,0.9,83,87
1,0,0.9,84,88
1,0,0.9,85,83
1,0,0.9,86,81
1,0,0.9,87,75
1,0,0.9,88,81
1,0,0.9,89,73
1,0,0.9,90,99
1,0,0.9,91,89
1,0,0.9,92,100
1,0,0.9,93,110
1,0,0.9,94,114
1,0,0.9,95,103
1,0,0.9,96,105
1,0,0.9,97,105
1,0,0.9,98,110
1,0,0.9,99,118
1,0,0.9,100,105
1,0,0.9,101,113
1,0,0.9,102,117
1,0,0.9,103,121
1,0,0.9,104,150
1,0,0.9,105,156
1,0,0.9,106,157
1,0,0.9,107,148
1,0,0.9,108,137
1,0,0.9,109,176
1,0,0.9,110,190
1,0,0.9,111,211
1,0,0.9,112,237
1,0,0.9,113,250
1,0,0.9,114,305
1,0,0.9,115,409
1,0,0.9,116,374
1,0,0.9,117,520
1,0,0.9,118,449
1,0,0.9,119,369
1,0,0.9,120,452
1,0,0.9,121,484
1,0,0.9,122,586
1,0,0.9,123,798
1,0,0.9,124,914
1,0,0.9,125,1441
1,0,0.9,126,1802
1,0,0.9,127,2836
1,0,0.9,128,41081
1,1,0.14,0,28376
1,1,0.14,1,4274
1,1,0.14,2,2848
1,1,0.14,3,2090
1,1,0.14,4,1642
1,1,0.14,5,1383
1,1,0.14,6,1203
1,1,0.14,7,1103
1,1,0.14,8,992
1,1,0.14,9,834
1,1,0.14,10,763
1,1,0.14,11,697
1,1,0.14,12,640
1,1,0.14,13,599
1,1,0.14,14,525
1,1,0.14,15,527
1,1,0.14,16,507
1,1,0.14,17,465
1,1,0.14,18,435
1,1,0.14,19,416
1,1,0.14,20,404
1,1,0.14,21,345
1,1,0.14,22,353
1,1,0.14,23,326
1,1,0.14,24,359
1,1,0.14,25,304
1,1,0.14,26,291
1,1,0.14,27,295
1,1,0.14,28,260
1,1,0.14,29,239
1,1,0.14,30,274
1,1,0.14,31,292
1,1,0.14,32,225
1,1,0.14,33,214
1,1,0.14,34,262
1,1,0.14,35,218
1,1,0.14,36,236
1,1,0.14,37,198
1,1,0.14,38,204
1,1,0.14,39,215
1,1,0.14,40,191
1,1,0.14,41,183
1,1,0.14,42,201
1,1,0.14,43,174
1,1,0.14,44,163
1,1,0.14,45,156
1,1,0.14,46,182
1,1,0.14,47,191
1,1,0.14,48,159
1,1,0.14,49,163
1,1,0.14,50,164
1,1,0.14,51,153
1,1,0.14,52,155
1,1,0.14,53,144
1,1,0.14,54,165
1,1,0.14,55,141
1,1,0.14,56,140
1,1,0.14,57,153
1,1,0.14,58,144
1,1,0.14,59,171
1,1,0.14,60,140
1,1,0.14,61,118
1,1,0.14,62,157
1,1,0.14,63,155
1,1,0.14,64,130
1,1,0.14,65,127
1,1,0.14,66,130
1,1,0.14,67,122
1,1,0.14,68,114
1,1,0.14,69,100
1,1,0.14,70,113
1,1,0.14,71,103
1,1,0.14,72,115
1,1,0.14,73,112
1,1,0.14,74,102
1,1,0.14,75,109
1,1,0.14,76,98
1,1,0.14,77,85
1,1,0.14,78,94
1,1,0.14,79,93
1,1,0.14,80,91
1,1,0.14,81,98
1,1,0.14,82,62
1,1,0.14,83,69
1,1,0.14,84,84
1,1,0.14,85,94
1,1,0.14,86,71
1,1,0.14,87,76
1,1,0.14,88,73
1,1,0.14,89,84
1,1,0.14,90,76
1,1,0.14,91,79
1,1,0.14,92,79
1,1,0.14,93,63
1,1,0.14,94,82
1,1,0.14,95,55
1,1,0.14,96,72
1,1,0.14,97,55
1,1,0.14,98,61
1,1,0.14,99,60
1,1,0.14,100,67
1,1,0.14,101,62
1,1,0.14,102,57
1,1,0.14,103,42
1,1,0.14,104,60
1,1,0.14,105,44
1,1,0.14,106,58
1,1,0.14,107,56
1,1,0.14,108,50
1,1,0.14,109,48
1,1,0.14,110,52
1,1,0.14,111,61
1,1,0.14,112,52
1,1,0.14,113,51
1,1,0.14,114,49
1,1,0.14,115,43
1,1,0.14,116,67
1,1,0.14,117,50
1,1,0.14,118,56
1,1,0.14,119,46
1,1,0.14,120,49
1,1,0.14,121,58
1,1,0.14,122,58
1,1,0.14,123,54
1,1,0.14,124,49
1,1,0.14,125,56
1,1,0.14,126,58
1,1,0.14,127,59
1,1,0.14,128,1097
1,1,0.49,0,8354
1,1,0.49,1,1043
1,1,0.49,2,616
1,1,0.49,3,491
1,1,0.49,4,367
1,1,0.49,5,291
1,1,0.49,6,247
1,1,0.49,7,239
1,1,0.49,8,241
1,1,0.49,9,205
1,1,0.49,10,204
1,1,0.49,11,187
1,1,0.49,12,180
1,1,0.49,13,197
1,1,0.49,14,189
1,1,0.49,15,173
1,1,0.49,16,190
1,1,0.49,17,196
1,1,0.49,18,232
1,1,0.49,19,243
1,1,0.49,20,251
1,1,0.49,21,232
1,1,0.49,22,287
1,1,0.49,23,259
1,1,0.49,24,259
1,1,0.49,25,293
1,1,0.49,26,272
1,1,0.49,27,270
1,1,0.49,28,270
1,1,0.49,29,275
1,1,0.49,30,281
1,1,0.49,31,257
1,1,0.49,32,290
1,1,0.49,33,301
1,1,0.49,34,242
1,1,0.49,35,245
1,1,0.49,36,251
1,1,0.49,37,237
1,1,0.49,38,261
1,1,0.49,39,234
1,1,0.49,40,223
1,1,0.49,41,240
1,1,0.49,42,261
1,1,0.49,43,224
1,1,0.49,44,286
1,1,0.49,45,254
1,1,0.49,46,219
1,1,0.49,47,221
1,1,0.49,48,249
1,1,0.49,49,249
1,1,0.49,50,236
1,1,0.49,51,210
1,1,0.49,52,227
1,1,0.49,53,198
1,1,0.49,54,240
1,1,0.49,55,234
1,1,0.49,56,218
1,1,0.49,57,198
1,1,0.49,58,212
1,1,0.49,59,271
1,1,0.49,60,249
1,1,0.49,61,267
1,1,0.49,62,282
1,1,0.49,63,310
1,1,0.49,64,252
1,1,0.49,65,255
1,1,0.49,66,255
1,1,0.49,67,295
1,1,0.49,68,235
1,1,0.49,69,249
1,1,0.49,70,240
1,1,0.49,71,248
1,1,0.49,72,256
1,1,0.49,73,260
1,1,0.49,74,262
1,1,0.49,75,287
1,1,0.49,76,281
1,1,0.49,77,271
1,1,0.49,78,246
1,1,0.49,79,234
1,1,0.49,80,285
1,1,0.49,81,248
1,1,0.49,82,234
1,1,0.49,83,216
1,1,0.49,84,262
1,1,0.49,85,315
1,1,0.49,86,257
1,1,0.49,87,256
1,1,0.49,88,250
1,1,0.49,89,263
1,1,0.49,90,277
1,1,0.49,91,273
1,1,0.49,92,269
1,1,0.49,93,287
1,1,0.49,94,260
1,1,0.49,95,294
1,1,0.49,96,270
1,1,0.49,97,292
1,1,0.49,98,269
1,1,0.49,99,287
1,1,0.49,100,304
1,1,0.49,101,313
1,1,0.49,102,307
1,1,0.49,103,325
1,1,0.49,104,348
1,1,0.49,105,381
1,1,0.49,106,358
1,1,0.49,107,449
1,1,0.49,108,431
1,1,0.49,109,423
1,1,0.49,110,478
1,1,0.49,111,518
1,1,0.49,112,563
1,1,0.49,113,598
1,1,0.49,114,582
1,1,0.49,115,549
1,1,0.49,116,671
1,1,0.49,117,691
1,1,0.49,118,765
1,1,0.49,119,698
1,1,0.49,120,788
1,1,0.49,121,848
1,1,0.49,122,970
1,1,0.49,123,1300
1,1,0.49,124,1260
1,1,0.49,125,1553
1,1,0.49,126,1908
1,1,0.49,127,2595
1,1,0.49,128,9942
1,1,0.89,0,1852
1,1,0.89,1,121
1,1,0.89,2,59
1,1,0.89,3,43
1,1,0.89,4,43
1,1,0.89,5,47
1,1,0.89,6,59
1,1,0.89,7,65
1,1,0.89,8,65
1,1,0.89,9,65
1,1,0.89,10,104
1,1,0.89,11,81
1,1,0.89,12,122
1,1,0.89,13,144
1,1,0.89,14,161
1,1,0.89,15,126
1,1,0.89,16,133
1,1,0.89,17,103
1,1,0.89,18,80
1,1,0.89,19,95
1,1,0.89,20,90
1,1,0.89,21,98
1,1,0.89,22,81
1,1,0.89,23,70
1,1,0.89,24,89
1,1,0.89,25,86
1,1,0.89,26,70
1,1,0.89,27,82
1,1,0.89,28,85
1,1,0.89,29,111
1,1,0.89,30,79
1,1,0.89,31,83
1,1,0.89,32,95
1,1,0.89,33,84
1,1,0.89,34,70
1,1,0.89,35,89
1,1,0.89,36,80
1,1,0.89,37,73
1,1,0.89,38,77
1,1,0.89,39,71
1,1,0.89,40,89
1,1,0.89,41,66
1,1,0.89,42,64
1,1,0.89,43,78
1,1,0.89,44,74
1,1,0.89,45,72
1,1,0.89,46,81
1,1,0.89,47,80
1,1,0.89,48,79
1,1,0.89,49,92
1,1,0.89,50,76
1,1,0.89,51,74
1,1,0.89,52,81
1,1,0.89,53,86
1,1,0.89,54,79
1,1,0.89,55,75
1,1,0.89,56,79
1,1,0.89,57,93
1,1,0.89,58,72
1,1,0.89,59,91
1,1,0.89,60,80
1,1,0.89,61,72
1,1,0.89,62,84
1,1,0.89,63,82
1,1,0.89,64,98
1,1,0.89,65,81
1,1,0.89,66,81
1,1,0.89,67,71
1,1,0.89,68,72
1,1,0.89,69,86
1,1,0.89,70,70
1,1,0.89,71,76
1,1,0.89,72,89
1,1,0.89,73,89
1,1,0.89,74,80
1,1,0.89,75,75
1,1,0.89,76,85
1,1,0.89,77,80
1,1,0.89,78,61
1,1,0.89,79,75
1,1,0.89,80,89
1,1,0.89,81,79
1,1,0.89,82,87
1,1,0.89,83,93
1,1,0.89,84,82
1,1,0.89,85,84
1,1,0.89,86,87
1,1,0.89,87,83
1,1,0.89,88,76
1,1,0.89,89,87
1,1,0.89,90,65
1,1,0.89,91,83
1,1,0.89,92,94
1,1,0.89,93,105
1,1,0.89,94,108
1,1,0.89,95,101
1,1,0.89,96,103
1,1,0.89,97,113
1,1,0.89,98,101
1,1,0.89,99,107
1,1,0.89,100,118
1,1,0.89,101,122
1,1,0.89,102,120
1,1,0.89,103,114
1,1,0.89,104,133
1,1,0.89,105,154
1,1,0.89,106,166
1,1,0.89,107,126
1,1,0.89,108,166
1,1,0.89,109,169
1,1,0.89,110,198
1,1,0.89,111,218
1,1,0.89,112,317
1,1,0.89,113,299
1,1,0.89,114,382
1,1,0.89,115,430
1,1,0.89,116,341
1,1,0.89,117,447
1,1,0.89,118,392
1,1,0.89,119,396
1,1,0.89,120,415
1,1,0.89,121,500
1,1,0.89,122,617
1,1,0.89,123,761
1,1,0.89,124,987
1,1,0.89,125,1355
1,1,0.89,126,1794
1,1,0.89,127,2774
1,1,0.89,128,41299
2,0,0.15,0,25772
2,0,0.15,1,6021
2,0,0.15,2,3615
2,0,0.15,3,2748
2,0,0.15,4,2247
2,0,0.15,5,1862
2,0,0.15,6,1634
2,0,0.15,7,1347
2,0,0.15,8,1180
2,0,0.15,9,1045
2,0,0.15,10,964
2,0,0.15,11,868
2,0,0.15,12,787
2,0,0.15,13,694
2,0,0.15,14,614
2,0,0.15,15,571
2,0,0.15,16,547
2,0,0.15,17,495
2,0,0.15,18,435
2,0,0.15,19,473
2,0,0.15,20,388
2,0,0.15,21,398
2,0,0.15,22,356
2,0,0.15,23,344
2,0,0.15,24,317
2,0,0.15,25,294
2,0,0.15,26,275
2,0,0.15,27,283
2,0,0.15,28,268
2,0,0.15,29,231
2,0,0.15,30,220
2,0,0.15,31,223
2,0,0.15,32,193
2,0,0.15,33,188
2,0,0.15,34,170
2,0,0.15,35,166
2,0,0.15,36,171
2,0,0.15,37,189
2,0,0.15,38,137
2,0,0.15,39,163
2,0,0.15,40,136
2,0,0.15,41,134
2,0,0.15,42,136
2,0,0.15,43,140
2,0,0.15,44,140
2,0,0.15,45,109
2,0,0.15,46,128
2,0,0.15,47,116
2,0,0.15,48,104
2,0,0.15,49,111
2,0,0.15,50,110
2,0,0.15,51,81
2,0,0.15,52,101
2,0,0.15,53,76
2,0,0.15,54,97
2,0,0.15,55,82
2,0,0.15,56,97
2,0,0.15,57,100
2,0,0.15,58,109
2,0,0.15,59,101
2,0,0.15,60,84
2,0,0.15,61,84
2,0,0.15,62,94
2,0,0.15,63,87
2,0,0.15,64,77
2,0,0.15,65,77
2,0,0.15,66,62
2,0,0.15,67,80
2,0,0.15,68,83
2,0,0.15,69,80
2,0,0.15,70,81
2,0,0.15,71,73
2,0,0.15,72,78
2,0,0.15,73,71
2,0,0.15,74,80
2,0,0.15,75,61
2,0,0.15,76,61
2,0,0.15,77,63
2,0,0.15,78,74
2,0,0.15,79,66
2,0,0.15,80,57
2,0,0.15,81,72
2,0,0.15,82,68
2,0,0.15,83,57
2,0,0.15,84,69
2,0,0.15,85,51
2,0,0.15,86,42
2,0,0.15,87,55
2,0,0.15,88,66
2,0,0.15,89,58
2,0,0.15,90,62
2,0,0.15,91,51
2,0,0.15,92,55
2,0,0.15,93,44
2,0,0.15,94,66
2,0,0.15,95,45
2,0,0.15,96,39
2,0,0.15,97,36
2,0,0.15,98,50
2,0,0.15,99,34
2,0,0.15,100,53
2,0,0.15,101,43
2,0,0.15,102,38
2,0,0.15,103,38
2,0,0.15,104,35
2,0,0.15,105,40
2,0,0.15,106,29
2,0,0.15,107,34
2,0,0.15,108,23
2,0,0.15,109,31
2,0,0.15,110,34
2,0,0.15,111,39
2,0,0.15,112,28
2,0,0.15,113,31
2,0,0.15,114,25
2,0,0.15,115,28
2,0,0.15,116,30
2,0,0.15,117,19
2,0,0.15,118,21
2,0,0.15,119,19
2,0,0.15,120,25
2,0,0.15,121,25
2,0,0.15,122,22
2,0,0.15,123,15
2,0,0.15,124,30
2,0,0.15,125,22
2,0,0.15,126,16
2,0,0.15,127,14
2,0,0.15,128,1035
2,0,0.5,0,5574
2,0,0.5,1,480
2,0,0.5,2,430
2,0,0.5,3,332
2,0,0.5,4,256
2,0,0.5,5,234
2,0,0.5,6,203
2,0,0.5,7,209
2,0,0.5,8,186
2,0,0.5,9,219
2,0,0.5,10,206
2,0,0.5,11,179
2,0,0.5,12,180
2,0,0.5,13,205
2,0,0.5,14,154
2,0,0.5,15,175
2,0,0.5,16,159
2,0,0.5,17,149
2,0,0.5,18,144
2,0,0.5,19,154
2,0,0.5,20,152
2,0,0.5,21,165
2,0,0.5,22,156
2,0,0.5,23,142
2,0,0.5,24,138
2,0,0.5,25,151
2,0,0.5,26,153
2,0,0.5,27,176
2,0,0.5,28,153
2,0,0.5,29,153
2,0,0.5,30,178
2,0,0.5,31,177
2,0,0.5,32,148
2,0,0.5,33,166
2,0,0.5,34,159
2,0,0.5,35,171
2,0,0.5,36,185
2,0,0.5,37,186
2,0,0.5,38,208
2,0,0.5,39,227
2,0,0.5,40,190
2,0,0.5,41,197
2,0,0.5,42,221
2,0,0.5,43,207
2,0,0.5,44,232
2,0,0.5,45,220
2,0,0.5,46,208
2,0,0.5,47,235
2,0,0.5,48,215
2,0,0.5,49,228
2,0,0.5,50,206
2,0,0.5,51,255
2,0,0.5,52,262
2,0,0.5,53,261
2,0,0.5,54,244
2,0,0.5,55,260
2,0,0.5,56,291
2,0,0.5,57,282
2,0,0.5,58,308
2,0,0.5,59,310
2,0,0.5,60,301
2,0,0.5,61,330
2,0,0.5,62,317
2,0,0.5,63,340
2,0,0.5,64,319
2,0,0.5,65,315
2,0,0.5,66,311
2,0,0.5,67,320
2,0,0.5,68,360
2,0,0.5,69,337
2,0,0.5,70,387
2,0,0.5,71,402
2,0,0.5,72,399
2,0,0.5,73,444
2,0,0.5,74,439
2,0,0.5,75,428
2,0,0.5,76,451
2,0,0.5,77,513
2,0,0.5,78,468
2,0,0.5,79,468
2,0,0.5,80,470
2,0,0.5,81,496
2,0,0.5,82,497
2,0,0.5,83,448
2,0,0.5,84,482
2,0,0.5,85,505
2,0,0.5,86,457
2,0,0.5,87,478
2,0,0.5,88,492
2,0,0.5,89,453
2,0,0.5,90,523
2,0,0.5,91,480
2,0,0.5,92,484
2,0,0.5,93,464
2,0,0.5,94,457
2,0,0.5,95,503
2,0,0.5,96,460
2,0,0.5,97,467
2,0,0.5,98,467
2,0,0.5,99,460
2,0,0.5,100,489
2,0,0.5,101,506
2,0,0.5,102,499
2,0,0.5,103,526
2,0,0.5,104,478
2,0,0.5,105,489
2,0,0.5,106,531
2,0,0.5,107,460
2,0,0.5,108,459
2,0,0.5,109,525
2,0,0.5,110,472
2,0,0.5,111,557
2,0,0.5,112,597
2,0,0.5,113,571
2,0,0.5,114,606
2,0,0.5,115,695
2,0,0.5,116,731
2,0,0.5,117,713
2,0,0.5,118,794
2,0,0.5,119,819
2,0,0.5,120,915
2,0,0.5,121,1048
2,0,0.5,122,1210
2,0,0.5,123,1262
2,0,0.5,124,1281
2,0,0.5,125,1477
2,0,0.5,126,1710
2,0,0.5,127,2295
2,0,0.5,128,7625
2,0,0.9,0,110
2,0,0.9,1,138
2,0,0.9,2,134
2,0,0.9,3,112
2,0,0.9,4,104
2,0,0.9,5,76
2,0,0.9,6,74
2,0,0.9,7,72
2,0,0.9,8,55
2,0,0.9,9,49
2,0,0.9,10,50
2,0,0.9,11,50
2,0,0.9,12,50
2,0,0.9,13,64
2,0,0.9,14,58
2,0,0.9,15,67
2,0,0.9,16,52
2,0,0.9,17,61
2,0,0.9,18,52
2,0,0.9,19,62
2,0,0.9,20,59
2,0,0.9,21,55
2,0,0.9,22,60
2,0,0.9,23,53
2,0,0.9,24,72
2,0,0.9,25,60
2,0,0.9,26,64
2,0,0.9,27,69
2,0,0.9,28,81
2,0,0.9,29,59
2,0,0.9,30,89
2,0,0.9,31,66
2,0,0.9,32,73
2,0,0.9,33,74
2,0,0.9,34,66
2,0,0.9,35,74
2,0,0.9,36,75
2,0,0.9,37,94
2,0,0.9,38,90
2,0,0.9,39,83
2,0,0.9,40,69
2,0,0.9,41,79
2,0,0.9,42,80
2,0,0.9,43,72
2,0,0.9,44,80
2,0,0.9,45,90
2,0,0.9,46,72
2,0,0.9,47,76
2,0,0.9,48,74
2,0,0.9,49,66
2,0,0.9,50,80
2,0,0.9,51,74
2,0,0.9,52,78
2,0,0.9,53,76
2,0,0.9,54,70
2,0,0.9,55,75
2,0,0.9,56,68
2,0,0.9,57,64
2,0,0.9,58,78
2,0,0.9,59,77
2,0,0.9,60,75
2,0,0.9,61,68
2,0,0.9,62,66
2,0,0.9,63,66
2,0,0.9,64,73
2,0,0.9,65,57
2,0,0.9,66,67
2,0,0.9,67,56
2,0,0.9,68,72
2,0,0.9,69,71
2,0,0.9,70,70
2,0,0.9,71,60
2,0,0.9,72,58
2,0,0.9,73,57
2,0,0.9,74,54
2,0,0.9,75,68
2,0,0.9,76,57
2,0,0.9,77,55
2,0,0.9,78,67
2,0,0.9,79,58
2,0,0.9,80,55
2,0,0.9,81,58
2,0,0.9,82,62
2,0,0.9,83,77
2,0,0.9,84,58
2,0,0.9,85,74
2,0,0.9,86,66
2,0,0.9,87,59
2,0,0.9,88,69
2,0,0.9,89,66
2,0,0.9,90,64
2,0,0.9,91,68
2,0,0.9,92,62
2,0,0.9,93,78
2,0,0.9,94,72
2,0,0.9,95,54
2,0,0.9,96,68
2,0,0.9,97,50
2,0,0.9,98,72
2,0,0.9,99,65
2,0,0.9,100,65
2,0,0.9,101,61
2,0,0.9,102,75
2,0,0.9,103,62
2,0,0.9,104,57
2,0,0.9,105,62
2,0,0.9,106,68
2,0,0.9,107,61
2,0,0.9,108,65
2,0,0.9,109,95
2,0,0.9,110,96
2,0,0.9,111,85
2,0,0.9,112,119
2,0,0.9,113,166
2,0,0.9,114,228
2,0,0.9,115,417
2,0,0.9,116,534
2,0,0.9,117,584
2,0,0.9,118,565
2,0,0.9,119,608
2,0,0.9,120,597
2,0,0.9,121,703
2,0,0.9,122,766
2,0,0.9,123,895
2,0,0.9,124,1126
2,0,0.9,125,1812
2,0,0.9,126,2815
2,0,0.9,127,5182
2,0,0.9,128,40591
2,1,0.14,0,25930
2,1,0.14,1,5995
2,1,0.14,2,3699
2,1,0.14,3,2774
2,1,0.14,4,2221
2,1,0.14,5,1772
2,1,0.14,6,1643
2,1,0.14,7,1342
2,1,0.14,8,1117
2,1,0.14,9,1102
2,1,0.14,10,986
2,1,0.14,11,840
2,1,0.14,12,750
2,1,0.14,13,688
2,1,0.14,14,658
2,1,0.14,15,579
2,1,0.14,16,538
2,1,0.14,17,474
2,1,0.14,18,461
2,1,0.14,19,419
2,1,0.14,20,405
2,1,0.14,21,361
2,1,0.14,22,385
2,1,0.14,23,355
2,1,0.14,24,307
2,1,0.14,25,300
2,1,0.14,26,288
2,1,0.14,27,237
2,1,0.14,28,237
2,1,0.14,29,261
2,1,0.14,30,233
2,1,0.14,31,201
2,1,0.14,32,186
2,1,0.14,33,179
2,1,0.14,34,187
2,1,0.14,35,155
2,1,0.14,36,184
2,1,0.14,37,161
2,1,0.14,38,149
2,1,0.14,39,174
2,1,0.14,40,131
2,1,0.14,41,137
2,1,0.14,42,129
2,1,0.14,43,136
2,1,0.14,44,140
2,1,0.14,45,110
2,1,0.14,46,110
2,1,0.14,47,122
2,1,0.14,48,104
2,1,0.14,49,106
2,1,0.14,50,97
2,1,0.14,51,93
2,1,0.14,52,92
2,1,0.14,53,101
2,1,0.14,54,96
2,1,0.14,55,80
2,1,0.14,56,75
2,1,0.14,57,95
2,1,0.14,58,112
2,1,0.14,59,100
2,1,0.14,60,99
2,1,0.14,61,71
2,1,0.14,62,95
2,1,0.14,63,94
2,1,0.14,64,76
2,1,0.14,65,78
2,1,0.14,66,66
2,1,0.14,67,90
2,1,0.14,68,69
2,1,0.14,69,87
2,1,0.14,70,89
2,1,0.14,71,58
2,1,0.14,72,67
2,1,0.14,73,77
2,1,0.14,74,63
2,1,0.14,75,69
2,1,0.14,76,76
2,1,0.14,77,63
2,1,0.14,78,64
2,1,0.14,79,62
2,1,0.14,80,68
2,1,0.14,81,64
2,1,0.14,82,53
2,1,0.14,83,62
2,1,0.14,84,52
2,1,0.14,85,50
2,1,0.14,86,60
2,1,0.14,87,59
2,1,0.14,88,66
2,1,0.14,89,55
2,1,0.14,90,67
2,1,0.14,91,42
2,1,0.14,92,43
2,1,0.14,93,59
2,1,0.14,94,58
2,1,0.14,95,59
2,1,0.14,96,34
2,1,0.14,97,53
2,1,0.14,98,38
2,1,0.14,99,41
2,1,0.14,100,47
2,1,0.14,101,45
2,1,0.14,102,32
2,1,0.14,103,35
2,1,0.14,104,39
2,1,0.14,105,41
2,1,0.14,106,39
2,1,0.14,107,34
2,1,0.14,108,18
2,1,0.14,109,29
2,1,0.14,110,34
2,1,0.14,111,34
2,1,0.14,112,40
2,1,0.14,113,22
2,1,0.14,114,27
2,1,0.14,115,34
2,1,0.14,116,23
2,1,0.14,117,20
2,1,0.14,118,29
2,1,0.14,119,17
2,1,0.14,120,21
2,1,0.14,121,24
2,1,0.14,122,27
2,1,0.14,123,21
2,1,0.14,124,24
2,1,0.14,125,17
2,1,0.14,126,21
2,1,0.14,127,13
2,1,0.14,128,1034
2,1,0.49,0,5567
2,1,0.49,1,505
2,1,0.49,2,411
2,1,0.49,3,340
2,1,0.49,4,256
2,1,0.49,5,232
2,1,0.49,6,212
2,1,0.49,7,188
2,1,0.49,8,194
2,1,0.49,9,203
2,1,0.49,10,191
2,1,0.49,11,228
2,1,0.49,12,195
2,1,0.49,13,175
2,1,0.49,14,176
2,1,0.49,15,163
2,1,0.49,16,161
2,1,0.49,17,151
2,1,0.49,18,151
2,1,0.49,19,150
2,1,0.49,20,153
2,1,0.49,21,161
2,1,0.49,22,170
2,1,0.49,23,136
2,1,0.49,24,150
2,1,0.49,25,142
2,1,0.49,26,150
2,1,0.49,27,156
2,1,0.49,28,160
2,1,0.49,29,169
2,1,0.49,30,171
2,1,0.49,31,170
2,1,0.49,32,169
2,1,0.49,33,163
2,1,0.49,34,171
2,1,0.49,35,176
2,1,0.49,36,188
2,1,0.49,37,177
2,1,0.49,38,223
2,1,0.49,39,192
2,1,0.49,40,226
2,1,0.49,41,223
2,1,0.49,42,204
2,1,0.49,43,206
2,1,0.49,44,223
2,1,0.49,45,217
2,1,0.49,46,225
2,1,0.49,47,236
2,1,0.49,48,232
2,1,0.49,49,238
2,1,0.49,50,220
2,1,0.49,51,227
2,1,0.49,52,259
2,1,0.49,53,270
2,1,0.49,54,270
2,1,0.49,55,317
2,1,0.49,56,321
2,1,0.49,57,259
2,1,0.49,58,291
2,1,0.49,59,357
2,1,0.49,60,327
2,1,0.49,61,336
2,1,0.49,62,335
2,1,0.49,63,305
2,1,0.49,64,331
2,1,0.49,65,310
2,1,0.49,66,303
2,1,0.49,67,339
2,1,0.49,68,380
2,1,0.49,69,414
2,1,0.49,70,393
2,1,0.49,71,417
2,1,0.49,72,385
2,1,0.49,73,438
2,1,0.49,74,435
2,1,0.49,75,444
2,1,0.49,76,486
2,1,0.49,77,483
2,1,0.49,78,502
2,1,0.49,79,472
2,1,0.49,80,492
2,1,0.49,81,436
2,1,0.49,82,468
2,1,0.49,83,487
2,1,0.49,84,477
2,1,0.49,85,518
2,1,0.49,86,476
2,1,0.49,87,448
2,1,0.49,88,493
2,1,0.49,89,511
2,1,0.49,90,458
2,1,0.49,91,454
2,1,0.49,92,437
2,1,0.49,93,460
2,1,0.49,94,451
2,1,0.49,95,497
2,1,0.49,96,471
2,1,0.49,97,486
2,1,0.49,98,458
2,1,0.49,99,449
2,1,0.49,100,483
2,1,0.49,101,508
2,1,0.49,102,469
2,1,0.49,103,490
2,1,0.49,104,526
2,1,0.49,105,464
2,1,0.49,106,510
2,1,0.49,107,490
2,1,0.49,108,488
2,1,0.49,109,488
2,1,0.49,110,532
2,1,0.49,111,535
2,1,0.49,112,555
2,1,0.49,113,581
2,1,0.49,114,630
2,1,0.49,115,711
2,1,0.49,116,683
2,1,0.49,117,762
2,1,0.49,118,763
2,1,0.49,119,812
2,1,0.49,120,902
2,1,0.49,121,1038
2,1,0.49,122,1196
2,1,0.49,123,1224
2,1,0.49,124,1280
2,1,0.49,125,1432
2,1,0.49,126,1737
2,1,0.49,127,2219
2,1,0.49,128,7549
2,1,0.89,0,110
2,1,0.89,1,141
2,1,0.89,2,138
2,1,0.89,3,127
2,1,0.89,4,86
2,1,0.89,5,74
2,1,0.89,6,73
2,1,0.89,7,71
2,1,0.89,8,57
2,1,0.89,9,54
2,1,0.89,10,43
2,1,0.89,11,62
2,1,0.89,12,55
2,1,0.89,13,55
2,1,0.89,14,49
2,1,0.89,15,69
2,1,0.89,16,53
2,1,0.89,17,52
2,1,0.89,18,63
2,1,0.89,19,75
2,1,0.89,20,47
2,1,0.89,21,53
2,1,0.89,22,69
2,1,0.89,23,52
2,1,0.89,24,71
2,1,0.89,25,57
2,1,0.89,26,59
2,1,0.89,27,61
2,1,0.89,28,78
2,1,0.89,29,57
2,1,0.89,30,71
2,1,0.89,31,60
2,1,0.89,32,58
2,1,0.89,33,63
2,1,0.89,34,71
2,1,0.89,35,74
2,1,0.89,36,60
2,1,0.89,37,66
2,1,0.89,38,76
2,1,0.89,39,81
2,1,0.89,40,76
2,1,0.89,41,73
2,1,0.89,42,74
2,1,0.89,43,71
2,1,0.89,44,71
2,1,0.89,45,80
2,1,0.89,46,82
2,1,0.89,47,76
2,1,0.89,48,71
2,1,0.89,49,80
2,1,0.89,50,78
2,1,0.89,51,63
2,1,0.89,52,68
2,1,0.89,53,78
2,1,0.89,54,60
2,1,0.89,55,59
2,1,0.89,56,72
2,1,0.89,57,69
2,1,0.89,58,71
2,1,0.89,59,69
2,1,0.89,60,64
2,1,0.89,61,58
2,1,0.89,62,57
2,1,0.89,63,68
2,1,0.89,64,55
2,1,0.89,65,69
2,1,0.89,66,73
2,1,0.89,67,69
2,1,0.89,68,63
2,1,0.89,69,67
2,1,0.89,70,62
2,1,0.89,71,68
2,1,0.89,72,65
2,1,0.89,73,63
2,1,0.89,74,63
2,1,0.89,75,54
2,1,0.89,76,65
2,1,0.89,77,43
2,1,0.89,78,49
2,1,0.89,79,66
2,1,0.89,80,66
2,1,0.89,81,68
2,1,0.89,82,61
2,1,0.89,83,67
2,1,0.89,84,81
2,1,0.89,85,69
2,1,0.89,86,64
2,1,0.89,87,66
2,1,0.89,88,95
2,1,0.89,89,62
2,1,0.89,90,64
2,1,0.89,91,88
2,1,0.89,92,67
2,1,0.89,93,76
2,1,0.89,94,60
2,1,0.89,95,73
2,1,0.89,96,82
2,1,0.89,97,66
2,1,0.89,98,48
2,1,0.89,99,75
2,1,0.89,100,75
2,1,0.89,101,62
2,1,0.89,102,78
2,1,0.89,103,64
2,1,0.89,104,68
2,1,0.89,105,54
2,1,0.89,106,56
2,1,0.89,107,73
2,1,0.89,108,74
2,1,0.89,109,83
2,1,0.89,110,98
2,1,0.89,111,113
2,1,0.89,112,170
2,1,0.89,113,209
2,1,0.89,114,363
2,1,0.89,115,541
2,1,0.89,116,534
2,1,0.89,117,522
2,1,0.89,118,567
2,1,0.89,119,584
2,1,0.89,120,560
2,1,0.89,121,679
2,1,0.89,122,758
2,1,0.89,123,836
2,1,0.89,124,1284
2,1,0.89,125,1744
2,1,0.89,126,2613
2,1,0.89,127,5115
2,1,0.89,128,40688
3,0,0.15,0,33910
3,0,0.15,1,3748
3,0,0.15,2,2236
3,0,0.15,3,1682
3,0,0.15,4,1346
3,0,0.15,5,1171
3,0,0.15,6,970
3,0,0.15,7,841
3,0,0.15,8,758
3,0,0.15,9,704
3,0,0.15,10,650
3,0,0.15,11,575
3,0,0.15,12,567
3,0,0.15,13,494
3,0,0.15,14,451
3,0,0.15,15,412
3,0,0.15,16,373
3,0,0.15,17,375
3,0,0.15,18,390
3,0,0.15,19,308
3,0,0.15,20,326
3,0,0.15,21,344
3,0,0.15,22,307
3,0,0.15,23,300
3,0,0.15,24,291
3,0,0.15,25,258
3,0,0.15,26,263
3,0,0.15,27,244
3,0,0.15,28,247
3,0,0.15,29,235
3,0,0.15,30,222
3,0,0.15,31,212
3,0,0.15,32,222
3,0,0.15,33,204
3,0,0.15,34,202
3,0,0.15,35,200
3,0,0.15,36,180
3,0,0.15,37,188
3,0,0.15,38,183
3,0,0.15,39,155
3,0,0.15,40,160
3,0,0.15,41,148
3,0,0.15,42,166
3,0,0.15,43,151
3,0,0.15,44,152
3,0,0.15,45,172
3,0,0.15,46,133
3,0,0.15,47,163
3,0,0.15,48,145
3,0,0.15,49,147
3,0,0.15,50,132
3,0,0.15,51,152
3,0,0.15,52,131
3,0,0.15,53,138
3,0,0.15,54,128
3,0,0.15,55,126
3,0,0.15,56,150
3,0,0.15,57,106
3,0,0.15,58,135
3,0,0.15,59,98
3,0,0.15,60,143
3,0,0.15,61,130
3,0,0.15,62,116
3,0,0.15,63,112
3,0,0.15,64,138
3,0,0.15,65,190
3,0,0.15,66,137
3,0,0.15,67,137
3,0,0.15,68,108
3,0,0.15,69,107
3,0,0.15,70,93
3,0,0.15,71,107
3,0,0.15,72,104
3,0,0.15,73,103
3,0,0.15,74,87
3,0,0.15,75,94
3,0,0.15,76,80
3,0,0.15,77,98
3,0,0.15,78,85
3,0,0.15,79,80
3,0,0.15,80,82
3,0,0.15,81,87
3,0,0.15,82,91
3,0,0.15,83,92
3,0,0.15,84,74
3,0,0.15,85,67
3,0,0.15,86,83
3,0,0.15,87,78
3,0,0.15,88,58
3,0,0.15,89,72
3,0,0.15,90,59
3,0,0.15,91,64
3,0,0.15,92,64
3,0,0.15,93,39
3,0,0.15,94,49
3,0,0.15,95,58
3,0,0.15,96,66
3,0,0.15,97,45
3,0,0.15,98,56
3,0,0.15,99,56
3,0,0.15,100,63
3,0,0.15,101,42
3,0,0.15,102,49
3,0,0.15,103,42
3,0,0.15,104,47
3,0,0.15,105,46
3,0,0.15,106,48
3,0,0.15,107,37
3,0,0.15,108,48
3,0,0.15,109,34
3,0,0.15,110,43
3,0,0.15,111,51
3,0,0.15,112,46
3,0,0.15,113,42
3,0,0.15,114,40
3,0,0.15,115,33
3,0,0.15,116,53
3,0,0.15,117,43
3,0,0.15,118,34
3,0,0.15,119,37
3,0,0.15,120,42
3,0,0.15,121,38
3,0,0.15,122,52
3,0,0.15,123,43
3,0,0.15,124,42
3,0,0.15,125,47
3,0,0.15,126,51
3,0,0.15,127,61
3,0,0.15,128,1116
3,0,0.5,0,13654
3,0,0.5,1,1303
3,0,0.5,2,835
3,0,0.5,3,630
3,0,0.5,4,554
3,0,0.5,5,535
3,0,0.5,6,498
3,0,0.5,7,427
3,0,0.5,8,375
3,0,0.5,9,352
3,0,0.5,10,335
3,0,0.5,11,334
3,0,0.5,12,337
3,0,0.5,13,344
3,0,0.5,14,317
3,0,0.5,15,339
3,0,0.5,16,348
3,0,0.5,17,296
3,0,0.5,18,328
3,0,0.5,19,299
3,0,0.5,20,278
3,0,0.5,21,294
3,0,0.5,22,266
3,0,0.5,23,261
3,0,0.5,24,245
3,0,0.5,25,238
3,0,0.5,26,242
3,0,0.5,27,224
3,0,0.5,28,210
3,0,0.5,29,211
3,0,0.5,30,232
3,0,0.5,31,228
3,0,0.5,32,247
3,0,0.5,33,225
3,0,0.5,34,227
3,0,0.5,35,206
3,0,0.5,36,216
3,0,0.5,37,188
3,0,0.5,38,199
3,0,0.5,39,193
3,0,0.5,40,170
3,0,0.5,41,205
3,0,0.5,42,198
3,0,0.5,43,189
3,0,0.5,44,179
3,0,0.5,45,187
3,0,0.5,46,169
3,0,0.5,47,192
3,0,0.5,48,179
3,0,0.5,49,202
3,0,0.5,50,185
3,0,0.5,51,170
3,0,0.5,52,191
3,0,0.5,53,211
3,0,0.5,54,164
3,0,0.5,55,190
3,0,0.5,56,218
3,0,0.5,57,209
3,0,0.5,58,215
3,0,0.5,59,200
3,0,0.5,60,216
3,0,0.5,61,213
3,0,0.5,62,193
3,0,0.5,63,192
3,0,0.5,64,219
3,0,0.5,65,215
3,0,0.5,66,216
3,0,0.5,67,231
3,0,0.5,68,233
3,0,0.5,69,245
3,0,0.5,70,211
3,0,0.5,71,219
3,0,0.5,72,196
3,0,0.5,73,197
3,0,0.5,74,228
3,0,0.5,75,198
3,0,0.5,76,242
3,0,0.5,77,218
3,0,0.5,78,216
3,0,0.5,79,222
3,0,0.5,80,204
3,0,0.5,81,207
3,0,0.5,82,211
3,0,0.5,83,215
3,0,0.5,84,221
3,0,0.5,85,233
3,0,0.5,86,210
3,0,0.5,87,218
3,0,0.5,88,225
3,0,0.5,89,251
3,0,0.5,90,230
3,0,0.5,91,244
3,0,0.5,92,263
3,0,0.5,93,257
3,0,0.5,94,279
3,0,0.5,95,276
3,0,0.5,96,303
3,0,0.5,97,260
3,0,0.5,98,287
3,0,0.5,99,284
3,0,0.5,100,325
3,0,0.5,101,305
3,0,0.5,102,315
3,0,0.5,103,335
3,0,0.5,104,349
3,0,0.5,105,360
3,0,0.5,106,435
3,0,0.5,107,352
3,0,0.5,108,393
3,0,0.5,109,427
3,0,0.5,110,461
3,0,0.5,111,469
3,0,0.5,112,493
3,0,0.5,113,539
3,0,0.5,114,554
3,0,0.5,115,560
3,0,0.5,116,596
3,0,0.5,117,625
3,0,0.5,118,617
3,0,0.5,119,644
3,0,0.5,120,756
3,0,0.5,121,807
3,0,0.5,122,849
3,0,0.5,123,915
3,0,0.5,124,1048
3,0,0.5,125,1151
3,0,0.5,126,1334
3,0,0.5,127,1864
3,0,0.5,128,7567
3,0,0.9,0,2723
3,0,0.9,1,424
3,0,0.9,2,293
3,0,0.9,3,320
3,0,0.9,4,324
3,0,0.9,5,341
3,0,0.9,6,265
3,0,0.9,7,322
3,0,0.9,8,374
3,0,0.9,9,334
3,0,0.9,10,304
3,0,0.9,11,310
3,0,0.9,12,250
3,0,0.9,13,184
3,0,0.9,14,165
3,0,0.9,15,129
3,0,0.9,16,143
3,0,0.9,17,104
3,0,0.9,18,107
3,0,0.9,19,116
3,0,0.9,20,92
3,0,0.9,21,116
3,0,0.9,22,100
3,0,0.9,23,102
3,0,0.9,24,88
3,0,0.9,25,110
3,0,0.9,26,112
3,0,0.9,27,92
3,0,0.9,28,96
3,0,0.9,29,95
3,0,0.9,30,96
3,0,0.9,31,94
3,0,0.9,32,90
3,0,0.9,33,79
3,0,0.9,34,95
3,0,0.9,35,91
3,0,0.9,36,85
3,0,0.9,37,102
3,0,0.9,38,85
3,0,0.9,39,103
3,0,0.9,40,87
3,0,0.9,41,80
3,0,0.9,42,87
3,0,0.9,43,90
3,0,0.9,44,100
3,0,0.9,45,89
3,0,0.9,46,91
3,0,0.9,47,84
3,0,0.9,48,96
3,0,0.9,49,113
3,0,0.9,50,87
3,0,0.9,51,84
3,0,0.9,52,84
3,0,0.9,53,93
3,0,0.9,54,106
3,0,0.9,55,84
3,0,0.9,56,90
3,0,0.9,57,71
3,0,0.9,58,84
3,0,0.9,59,74
3,0,0.9,60,71
3,0,0.9,61,74
3,0,0.9,62,88
3,0,0.9,63,79
3,0,0.9,64,82
3,0,0.9,65,84
3,0,0.9,66,64
3,0,0.9,67,69
3,0,0.9,68,57
3,0,0.9,69,80
3,0,0.9,70,81
3,0,0.9,71,91
3,0,0.9,72,86
3,0,0.9,73,78
3,0,0.9,74,70
3,0,0.9,75,94
3,0,0.9,76,84
3,0,0.9,77,73
3,0,0.9,78,82
3,0,0.9,79,86
3,0,0.9,80,89
3,0,0.9,81,90
3,0,0.9,82,82
3,0,0.9,83,87
3,0,0.9,84,99
3,0,0.9,85,99
3,0,0.9,86,113
3,0,0.9,87,108
3,0,0.9,88,105
3,0,0.9,89,124
3,0,0.9,90,130
3,0,0.9,91,124
3,0,0.9,92,149
3,0,0.9,93,144
3,0,0.9,94,135
3,0,0.9,95,168
3,0,0.9,96,161
3,0,0.9,97,197
3,0,0.9,98,157
3,0,0.9,99,185
3,0,0.9,100,171
3,0,0.9,101,177
3,0,0.9,102,161
3,0,0.9,103,137
3,0,0.9,104,140
3,0,0.9,105,135
3,0,0.9,106,146
3,0,0.9,107,128
3,0,0.9,108,156
3,0,0.9,109,165
3,0,0.9,110,176
3,0,0.9,111,194
3,0,0.9,112,198
3,0,0.9,113,237
3,0,0.9,114,222
3,0,0.9,115,253
3,0,0.9,116,286
3,0,0.9,117,323
3,0,0.9,118,358
3,0,0.9,119,357
3,0,0.9,120,365
3,0,0.9,121,450
3,0,0.9,122,482
3,0,0.9,123,597
3,0,0.9,124,741
3,0,0.9,125,1504
3,0,0.9,126,2132
3,0,0.9,127,4147
3,0,0.9,128,35650
3,1,0.14,0,34026
3,1,0.14,1,3738
3,1,0.14,2,2197
3,1,0.14,3,1697
3,1,0.14,4,1375
3,1,0.14,5,1147
3,1,0.14,6,968
3,1,0.14,7,847
3,1,0.14,8,775
3,1,0.14,9,709
3,1,0.14,10,633
3,1,0.14,11,588
3,1,0.14,12,539
3,1,0.14,13,487
3,1,0.14,14,453
3,1,0.14,15,407
3,1,0.14,16,365
3,1,0.14,17,394
3,1,0.14,18,331
3,1,0.14,19,340
3,1,0.14,20,336
3,1,0.14,21,346
3,1,0.14,22,309
3,1,0.14,23,298
3,1,0.14,24,322
3,1,0.14,25,246
3,1,0.14,26,237
3,1,0.14,27,213
3,1,0.14,28,246
3,1,0.14,29,241
3,1,0.14,30,200
3,1,0.14,31,224
3,1,0.14,32,227
3,1,0.14,33,222
3,1,0.14,34,204
3,1,0.14,35,193
3,1,0.14,36,172
3,1,0.14,37,181
3,1,0.14,38,174
3,1,0.14,39,173
3,1,0.14,40,174
3,1,0.14,41,151
3,1,0.14,42,137
3,1,0.14,43,140
3,1,0.14,44,150
3,1,0.14,45,165
3,1,0.14,46,127
3,1,0.14,47,163
3,1,0.14,48,131
3,1,0.14,49,170
3,1,0.14,50,146
3,1,0.14,51,150
3,1,0.14,52,132
3,1,0.14,53,140
3,1,0.14,54,126
3,1,0.14,55,136
3,1,0.14,56,132
3,1,0.14,57,117
3,1,0.14,58,123
3,1,0.14,59,116
3,1,0.14,60,131
3,1,0.14,61,147
3,1,0.14,62,116
3,1,0.14,63,108
3,1,0.14,64,131
3,1,0.14,65,176
3,1,0.14,66,128
3,1,0.14,67,124
3,1,0.14,68,136
3,1,0.14,69,106
3,1,0.14,70,85
3,1,0.14,71,104
3,1,0.14,72,95
3,1,0.14,73,101
3,1,0.14,74,105
3,1,0.14,75,97
3,1,0.14,76,83
3,1,0.14,77,90
3,1,0.14,78,76
3,1,0.14,79,76
3,1,0.14,80,88
3,1,0.14,81,89
3,1,0.14,82,91
3,1,0.14,83,87
3,1,0.14,84,70
3,1,0.14,85,74
3,1,0.14,86,67
3,1,0.14,87,83
3,1,0.14,88,62
3,1,0.14,89,70
3,1,0.14,90,66
3,1,0.14,91,65
3,1,0.14,92,47
3,1,0.14,93,52
3,1,0.14,94,46
3,1,0.14,95,56
3,1,0.14,96,56
3,1,0.14,97,60
3,1,0.14,98,67
3,1,0.14,99,48
3,1,0.14,100,56
3,1,0.14,101,49
3,1,0.14,102,42
3,1,0.14,103,47
3,1,0.14,104,41
3,1,0.14,105,50
3,1,0.14,106,56
3,1,0.14,107,46
3,1,0.14,108,40
3,1,0.14,109,28
3,1,0.14,110,48
3,1,0.14,111,57
3,1,0.14,112,43
3,1,0.14,113,36
3,1,0.14,114,39
3,1,0.14,115,43
3,1,0.14,116,43
3,1,0.14,117,41
3,1,0.14,118,31
3,1,0.14,119,34
3,1,0.14,120,60
3,1,0.14,121,32
3,1,0.14,122,46
3,1,0.14,123,40
3,1,0.14,124,45
3,1,0.14,125,44
3,1,0.14,126,57
3,1,0.14,127,64
3,1,0.14,128,1113
3,1,0.49,0,13675
3,1,0.49,1,1304
3,1,0.49,2,841
3,1,0.49,3,643
3,1,0.49,4,552
3,1,0.49,5,503
3,1,0.49,6,486
3,1,0.49,7,438
3,1,0.49,8,388
3,1,0.49,9,332
3,1,0.49,10,358
3,1,0.49,11,322
3,1,0.49,12,299
3,1,0.49,13,338
3,1,0.49,14,340
3,1,0.49,15,329
3,1,0.49,16,312
3,1,0.49,17,341
3,1,0.49,18,339
3,1,0.49,19,304
3,1,0.49,20,275
3,1,0.49,21,305
3,1,0.49,22,256
3,1,0.49,23,263
3,1,0.49,24,229
3,1,0.49,25,253
3,1,0.49,26,243
3,1,0.49,27,212
3,1,0.49,28,213
3,1,0.49,29,228
3,1,0.49,30,231
3,1,0.49,31,230
3,1,0.49,32,252
3,1,0.49,33,239
3,1,0.49,34,214
3,1,0.49,35,228
3,1,0.49,36,195
3,1,0.49,37,184
3,1,0.49,38,215
3,1,0.49,39,183
3,1,0.49,40,202
3,1,0.49,41,178
3,1,0.49,42,192
3,1,0.49,43,188
3,1,0.49,44,195
3,1,0.49,45,191
3,1,0.49,46,190
3,1,0.49,47,171
3,1,0.49,48,181
3,1,0.49,49,172
3,1,0.49,50,205
3,1,0.49,51,199
3,1,0.49,52,174
3,1,0.49,53,174
3,1,0.49,54,201
3,1,0.49,55,199
3,1,0.49,56,200
3,1,0.49,57,200
3,1,0.49,58,200
3,1,0.49,59,207
3,1,0.49,60,242
3,1,0.49,61,191
3,1,0.49,62,189
3,1,0.49,63,204
3,1,0.49,64,210
3,1,0.49,65,227
3,1,0.49,66,236
3,1,0.49,67,231
3,1,0.49,68,225
3,1,0.49,69,219
3,1,0.49,70,240
3,1,0.49,71,215
3,1,0.49,72,190
3,1,0.49,73,218
3,1,0.49,74,205
3,1,0.49,75,210
3,1,0.49,76,233
3,1,0.49,77,216
3,1,0.49,78,211
3,1,0.49,79,188
3,1,0.49,80,215
3,1,0.49,81,231
3,1,0.49,82,238
3,1,0.49,83,194
3,1,0.49,84,238
3,1,0.49,85,222
3,1,0.49,86,228
3,1,0.49,87,218
3,1,0.49,88,241
3,1,0.49,89,231
3,1,0.49,90,244
3,1,0.49,91,224
3,1,0.49,92,275
3,1,0.49,93,262
3,1,0.49,94,279
3,1,0.49,95,285
3,1,0.49,96,303
3,1,0.49,97,264
3,1,0.49,98,320
3,1,0.49,99,277
3,1,0.49,100,339
3,1,0.49,101,328
3,1,0.49,102,321
3,1,0.49,103,354
3,1,0.49,104,363
3,1,0.49,105,355
3,1,0.49,106,378
3,1,0.49,107,360
3,1,0.49,108,411
3,1,0.49,109,439
3,1,0.49,110,420
3,1,0.49,111,498
3,1,0.49,112,491
3,1,0.49,113,513
3,1,0.49,114,546
3,1,0.49,115,579
3,1,0.49,116,606
3,1,0.49,117,603
3,1,0.49,118,607
3,1,0.49,119,645
3,1,0.49,120,734
3,1,0.49,121,740
3,1,0.49,122,852
3,1,0.49,123,938
3,1,0.49,124,1017
3,1,0.49,125,1150
3,1,0.49,126,1329
3,1,0.49,127,1867
3,1,0.49,128,7553
3,1,0.89,0,2756
3,1,0.89,1,420
3,1,0.89,2,285
3,1,0.89,3,332
3,1,0.89,4,313
3,1,0.89,5,295
3,1,0.89,6,258
3,1,0.89,7,326
3,1,0.89,8,316
3,1,0.89,9,320
3,1,0.89,10,309
3,1,0.89,11,262
3,1,0.89,12,317
3,1,0.89,13,206
3,1,0.89,14,161
3,1,0.89,15,176
3,1,0.89,16,135
3,1,0.89,17,127
3,1,0.89,18,113
3,1,0.89,19,117
3,1,0.89,20,100
3,1,0.89,21,87
3,1,0.89,22,95
3,1,0.89,23,97
3,1,0.89,24,108
3,1,0.89,25,110
3,1,0.89,26,96
3,1,0.89,27,105
3,1,0.89,28,83
3,1,0.89,29,80
3,1,0.89,30,95
3,1,0.89,31,95
3,1,0.89,32,113
3,1,0.89,33,117
3,1,0.89,34,83
3,1,0.89,35,84
3,1,0.89,36,85
3,1,0.89,37,98
3,1,0.89,38,94
3,1,0.89,39,93
3,1,0.89,40,87
3,1,0.89,41,91
3,1,0.89,42,87
3,1,0.89,43,92
3,1,0.89,44,93
3,1,0.89,45,90
3,1,0.89,46,81
3,1,0.89,47,95
3,1,0.89,48,85
3,1,0.89,49,84
3,1,0.89,50,91
3,1,0.89,51,102
3,1,0.89,52,93
3,1,0.89,53,95
3,1,0.89,54,85
3,1,0.89,55,74
3,1,0.89,56,81
3,1,0.89,57,79
3,1,0.89,58,81
3,1,0.89,59,69
3,1,0.89,60,67
3,1,0.89,61,87
3,1,0.89,62,70
3,1,0.89,63,58
3,1,0.89,64,82
3,1,0.89,65,72
3,1,0.89,66,68
3,1,0.89,67,94
3,1,0.89,68,78
3,1,0.89,69,86
3,1,0.89,70,69
3,1,0.89,71,90
3,1,0.89,72,99
3,1,0.89,73,73
3,1,0.89,74,84
3,1,0.89,75,100
3,1,0.89,76,67
3,1,0.89,77,92
3,1,0.89,78,79
3,1,0.89,79,83
3,1,0.89,80,91
3,1,0.89,81,95
3,1,0.89,82,94
3,1,0.89,83,115
3,1,0.89,84,97
3,1,0.89,85,106
3,1,0.89,86,118
3,1,0.89,87,127
3,1,0.89,88,118
3,1,0.89,89,124
3,1,0.89,90,165
3,1,0.89,91,159
3,1,0.89,92,145
3,1,0.89,93,162
3,1,0.89,94,165
3,1,0.89,95,162
3,1,0.89,96,153
3,1,0.89,97,159
3,1,0.89,98,154
3,1,0.89,99,165
3,1,0.89,100,149
3,1,0.89,101,131
3,1,0.89,102,139
3,1,0.89,103,156
3,1,0.89,104,143
3,1,0.89,105,125
3,1,0.89,106,140
3,1,0.89,107,155
3,1,0.89,108,174
3,1,0.89,109,162
3,1,0.89,110,205
3,1,0.89,111,204
3,1,0.89,112,199
3,1,0.89,113,206
3,1,0.89,114,216
3,1,0.89,115,243
3,1,0.89,116,311
3,1,0.89,117,313
3,1,0.89,118,358
3,1,0.89,119,320
3,1,0.89,120,355
3,1,0.89,121,397
3,1,0.89,122,435
3,1,0.89,123,577
3,1,0.89,124,708
3,1,0.89,125,1497
3,1,0.89,126,2237
3,1,0.89,127,4008
3,1,0.89,128,35804
4,0,0.15,0,33832
4,0,0.15,1,3907
4,0,0.15,2,2531
4,0,0.15,3,1801
4,0,0.15,4,1466
4,0,0.15,5,1209
4,0,0.15,6,1056
4,0,0.15,7,952
4,0,0.15,8,780
4,0,0.15,9,742
4,0,0.15,10,614
4,0,0.15,11,603
4,0,0.15,12,589
4,0,0.15,13,512
4,0,0.15,14,481
4,0,0.15,15,425
4,0,0.15,16,406
4,0,0.15,17,378
4,0,0.15,18,380
4,0,0.15,19,356
4,0,0.15,20,344
4,0,0.15,21,312
4,0,0.15,22,280
4,0,0.15,23,308
4,0,0.15,24,276
4,0,0.15,25,250
4,0,0.15,26,221
4,0,0.15,27,242
4,0,0.15,28,220
4,0,0.15,29,212
4,0,0.15,30,227
4,0,0.15,31,214
4,0,0.15,32,205
4,0,0.15,33,196
4,0,0.15,34,155
4,0,0.15,35,188
4,0,0.15,36,179
4,0,0.15,37,161
4,0,0.15,38,161
4,0,0.15,39,157
4,0,0.15,40,138
4,0,0.15,41,136
4,0,0.15,42,133
4,0,0.15,43,150
4,0,0.15,44,147
4,0,0.15,45,141
4,0,0.15,46,123
4,0,0.15,47,135
4,0,0.15,48,113
4,0,0.15,49,123
4,0,0.15,50,132
4,0,0.15,51,126
4,0,0.15,52,119
4,0,0.15,53,122
4,0,0.15,54,103
4,0,0.15,55,102
4,0,0.15,56,112
4,0,0.15,57,98
4,0,0.15,58,102
4,0,0.15,59,96
4,0,0.15,60,93
4,0,0.15,61,98
4,0,0.15,62,136
4,0,0.15,63,143
4,0,0.15,64,130
4,0,0.15,65,144
4,0,0.15,66,116
4,0,0.15,67,103
4,0,0.15,68,98
4,0,0.15,69,113
4,0,0.15,70,89
4,0,0.15,71,83
4,0,0.15,72,91
4,0,0.15,73,81
4,0,0.15,74,73
4,0,0.15,75,78
4,0,0.15,76,78
4,0,0.15,77,70
4,0,0.15,78,74
4,0,0.15,79,57
4,0,0.15,80,70
4,0,0.15,81,61
4,0,0.15,82,80
4,0,0.15,83,59
4,0,0.15,84,63
4,0,0.15,85,76
4,0,0.15,86,54
4,0,0.15,87,48
4,0,0.15,88,53
4,0,0.15,89,42
4,0,0.15,90,44
4,0,0.15,91,57
4,0,0.15,92,64
4,0,0.15,93,49
4,0,0.15,94,59
4,0,0.15,95,46
4,0,0.15,96,47
4,0,0.15,97,44
4,0,0.15,98,54
4,0,0.15,99,38
4,0,0.15,100,47
4,0,0.15,101,36
4,0,0.15,102,43
4,0,0.15,103,51
4,0,0.15,104,41
4,0,0.15,105,44
4,0,0.15,106,46
4,0,0.15,107,43
4,0,0.15,108,36
4,0,0.15,109,36
4,0,0.15,110,52
4,0,0.15,111,57
4,0,0.15,112,37
4,0,0.15,113,41
4,0,0.15,114,31
4,0,0.15,115,45
4,0,0.15,116,58
4,0,0.15,117,37
4,0,0.15,118,46
4,0,0.15,119,57
4,0,0.15,120,51
4,0,0.15,121,53
4,0,0.15,122,37
4,0,0.15,123,47
4,0,0.15,124,56
4,0,0.15,125,63
4,0,0.15,126,63
4,0,0.15,127,78
4,0,0.15,128,1169
4,0,0.5,0,13905
4,0,0.5,1,2095
4,0,0.5,2,1387
4,0,0.5,3,1077
4,0,0.5,4,873
4,0,0.5,5,783
4,0,0.5,6,721
4,0,0.5,7,653
4,0,0.5,8,624
4,0,0.5,9,588
4,0,0.5,10,529
4,0,0.5,11,495
4,0,0.5,12,483
4,0,0.5,13,440
4,0,0.5,14,412
4,0,0.5,15,394
4,0,0.5,16,394
4,0,0.5,17,396
4,0,0.5,18,401
4,0,0.5,19,354
4,0,0.5,20,354
4,0,0.5,21,356
4,0,0.5,22,323
4,0,0.5,23,324
4,0,0.5,24,320
4,0,0.5,25,327
4,0,0.5,26,305
4,0,0.5,27,328
4,0,0.5,28,338
4,0,0.5,29,299
4,0,0.5,30,293
4,0,0.5,31,311
4,0,0.5,32,288
4,0,0.5,33,321
4,0,0.5,34,274
4,0,0.5,35,306
4,0,0.5,36,295
4,0,0.5,37,289
4,0,0.5,38,280
4,0,0.5,39,275
4,0,0.5,40,299
4,0,0.5,41,288
4,0,0.5,42,273
4,0,0.5,43,282
4,0,0.5,44,275
4,0,0.5,45,256
4,0,0.5,46,273
4,0,0.5,47,279
4,0,0.5,48,234
4,0,0.5,49,289
4,0,0.5,50,236
4,0,0.5,51,252
4,0,0.5,52,275
4,0,0.5,53,242
4,0,0.5,54,241
4,0,0.5,55,291
4,0,0.5,56,260
4,0,0.5,57,281
4,0,0.5,58,274
4,0,0.5,59,279
4,0,0.5,60,253
4,0,0.5,61,269
4,0,0.5,62,280
4,0,0.5,63,267
4,0,0.5,64,277
4,0,0.5,65,276
4,0,0.5,66,307
4,0,0.5,67,267
4,0,0.5,68,289
4,0,0.5,69,266
4,0,0.5,70,308
4,0,0.5,71,260
4,0,0.5,72,264
4,0,0.5,73,249
4,0,0.5,74,245
4,0,0.5,75,263
4,0,0.5,76,269
4,0,0.5,77,259
4,0,0.5,78,287
4,0,0.5,79,265
4,0,0.5,80,274
4,0,0.5,81,268
4,0,0.5,82,248
4,0,0.5,83,268
4,0,0.5,84,271
4,0,0.5,85,249
4,0,0.5,86,252
4,0,0.5,87,280
4,0,0.5,88,260
4,0,0.5,89,282
4,0,0.5,90,288
4,0,0.5,91,267
4,0,0.5,92,240
4,0,0.5,93,246
4,0,0.5,94,247
4,0,0.5,95,287
4,0,0.5,96,273
4,0,0.5,97,242
4,0,0.5,98,255
4,0,0.5,99,252
4,0,0.5,100,288
4,0,0.5,101,284
4,0,0.5,102,277
4,0,0.5,103,263
4,0,0.5,104,272
4,0,0.5,105,296
4,0,0.5,106,288
4,0,0.5,107,297
4,0,0.5,108,323
4,0,0.5,109,289
4,0,0.5,110,321
4,0,0.5,111,330
4,0,0.5,112,356
4,0,0.5,113,355
4,0,0.5,114,425
4,0,0.5,115,383
4,0,0.5,116,400
4,0,0.5,117,465
4,0,0.5,118,450
4,0,0.5,119,566
4,0,0.5,120,511
4,0,0.5,121,562
4,0,0.5,122,552
4,0,0.5,123,627
4,0,0.5,124,582
4,0,0.5,125,609
4,0,0.5,126,795
4,0,0.5,127,1080
4,0,0.5,128,4032
4,0,0.9,0,2307
4,0,0.9,1,738
4,0,0.9,2,480
4,0,0.9,3,339
4,0,0.9,4,309
4,0,0.9,5,215
4,0,0.9,6,209
4,0,0.9,7,180
4,0,0.9,8,179
4,0,0.9,9,150
4,0,0.9,10,173
4,0,0.9,11,183
4,0,0.9,12,138
4,0,0.9,13,135
4,0,0.9,14,149
4,0,0.9,15,147
4,0,0.9,16,122
4,0,0.9,17,125
4,0,0.9,18,110
4,0,0.9,19,110
4,0,0.9,20,118
4,0,0.9,21,110
4,0,0.9,22,95
4,0,0.9,23,102
4,0,0.9,24,85
4,0,0.9,25,77
4,0,0.9,26,75
4,0,0.9,27,101
4,0,0.9,28,91
4,0,0.9,29,81
4,0,0.9,30,72
4,0,0.9,31,79
4,0,0.9,32,81
4,0,0.9,33,89
4,0,0.9,34,71
4,0,0.9,35,55
4,0,0.9,36,62
4,0,0.9,37,65
4,0,0.9,38,61
4,0,0.9,39,64
4,0,0.9,40,69
4,0,0.9,41,80
4,0,0.9,42,59
4,0,0.9,43,61
4,0,0.9,44,65
4,0,0.9,45,51
4,0,0.9,46,60
4,0,0.9,47,78
4,0,0.9,48,53
4,0,0.9,49,79
4,0,0.9,50,85
4,0,0.9,51,57
4,0,0.9,52,63
4,0,0.9,53,65
4,0,0.9,54,74
4,0,0.9,55,56
4,0,0.9,56,81
4,0,0.9,57,85
4,0,0.9,58,87
4,0,0.9,59,69
4,0,0.9,60,74
4,0,0.9,61,68
4,0,0.9,62,84
4,0,0.9,63,82
4,0,0.9,64,88
4,0,0.9,65,88
4,0,0.9,66,62
4,0,0.9,67,95
4,0,0.9,68,82
4,0,0.9,69,88
4,0,0.9,70,92
4,0,0.9,71,68
4,0,0.9,72,92
4,0,0.9,73,84
4,0,0.9,74,106
4,0,0.9,75,107
4,0,0.9,76,103
4,0,0.9,77,110
4,0,0.9,78,103
4,0,0.9,79,96
4,0,0.9,80,117
4,0,0.9,81,130
4,0,0.9,82,109
4,0,0.9,83,118
4,0,0.9,84,116
4,0,0.9,85,111
4,0,0.9,86,131
4,0,0.9,87,120
4,0,0.9,88,123
4,0,0.9,89,143
4,0,0.9,90,137
4,0,0.9,91,141
4,0,0.9,92,126
4,0,0.9,93,141
4,0,0.9,94,151
4,0,0.9,95,150
4,0,0.9,96,155
4,0,0.9,97,185
4,0,0.9,98,174
4,0,0.9,99,160
4,0,0.9,100,178
4,0,0.9,101,203
4,0,0.9,102,220
4,0,0.9,103,191
4,0,0.9,104,208
4,0,0.9,105,234
4,0,0.9,106,260
4,0,0.9,107,293
4,0,0.9,108,305
4,0,0.9,109,322
4,0,0.9,110,368
4,0,0.9,111,409
4,0,0.9,112,419
4,0,0.9,113,425
4,0,0.9,114,453
4,0,0.9,115,462
4,0,0.9,116,493
4,0,0.9,117,530
4,0,0.9,118,531
4,0,0.9,119,654
4,0,0.9,120,678
4,0,0.9,121,791
4,0,0.9,122,978
4,0,0.9,123,1105
4,0,0.9,124,1377
4,0,0.9,125,2078
4,0,0.9,126,2815
4,0,0.9,127,4829
4,0,0.9,128,29708
4,1,0.14,0,33892
4,1,0.14,1,3926
4,1,0.14,2,2465
4,1,0.14,3,1842
4,1,0.14,4,1414
4,1,0.14,5,1247
4,1,0.14,6,1079
4,1,0.14,7,937
4,1,0.14,8,794
4,1,0.14,9,739
4,1,0.14,10,636
4,1,0.14,11,568
4,1,0.14,12,587
4,1,0.14,13,520
4,1,0.14,14,457
4,1,0.14,15,448
4,1,0.14,16,422
4,1,0.14,17,384
4,1,0.14,18,391
4,1,0.14,19,356
4,1,0.14,20,329
4,1,0.14,21,289
4,1,0.14,22,309
4,1,0.14,23,263
4,1,0.14,24,268
4,1,0.14,25,267
4,1,0.14,26,239
4,1,0.14,27,227
4,1,0.14,28,220
4,1,0.14,29,218
4,1,0.14,30,180
4,1,0.14,31,219
4,1,0.14,32,214
4,1,0.14,33,194
4,1,0.14,34,173
4,1,0.14,35,193
4,1,0.14,36,185
4,1,0.14,37,155
4,1,0.14,38,152
4,1,0.14,39,151
4,1,0.14,40,147
4,1,0.14,41,143
4,1,0.14,42,131
4,1,0.14,43,140
4,1,0.14,44,145
4,1,0.14,45,125
4,1,0.14,46,132
4,1,0.14,47,129
4,1,0.14,48,112
4,1,0.14,49,108
4,1,0.14,50,135
4,1,0.14,51,139
4,1,0.14,52,111
4,1,0.14,53,119
4,1,0.14,54,123
4,1,0.14,55,94
4,1,0.14,56,101
4,1,0.14,57,113
4,1,0.14,58,105
4,1,0.14,59,103
4,1,0.14,60,94
4,1,0.14,61,97
4,1,0.14,62,147
4,1,0.14,63,131
4,1,0.14,64,118
4,1,0.14,65,155
4,1,0.14,66,117
4,1,0.14,67,100
4,1,0.14,68,91
4,1,0.14,69,104
4,1,0.14,70,91
4,1,0.14,71,79
4,1,0.14,72,95
4,1,0.14,73,83
4,1,0.14,74,80
4,1,0.14,75,78
4,1,0.14,76,76
4,1,0.14,77,77
4,1,0.14,78,59
4,1,0.14,79,81
4,1,0.14,80,69
4,1,0.14,81,72
4,1,0.14,82,55
4,1,0.14,83,52
4,1,0.14,84,60
4,1,0.14,85,61
4,1,0.14,86,53
4,1,0.14,87,48
4,1,0.14,88,47
4,1,0.14,89,68
4,1,0.14,90,49
4,1,0.14,91,46
4,1,0.14,92,50
4,1,0.14,93,48
4,1,0.14,94,63
4,1,0.14,95,48
4,1,0.14,96,55
4,1,0.14,97,56
4,1,0.14,98,41
4,1,0.14,99,34
4,1,0.14,100,43
4,1,0.14,101,54
4,1,0.14,102,48
4,1,0.14,103,47
4,1,0.14,104,38
4,1,0.14,105,42
4,1,0.14,106,44
4,1,0.14,107,43
4,1,0.14,108,45
4,1,0.14,109,34
4,1,0.14,110,50
4,1,0.14,111,44
4,1,0.14,112,44
4,1,0.14,113,36
4,1,0.14,114,40
4,1,0.14,115,45
4,1,0.14,116,39
4,1,0.14,117,50
4,1,0.14,118,39
4,1,0.14,119,62
4,1,0.14,120,52
4,1,0.14,121,50
4,1,0.14,122,46
4,1,0.14,123,40
4,1,0.14,124,66
4,1,0.14,125,49
4,1,0.14,126,64
4,1,0.14,127,77
4,1,0.14,128,1173
4,1,0.49,0,13974
4,1,0.49,1,2121
4,1,0.49,2,1382
4,1,0.49,3,1050
4,1,0.49,4,923
4,1,0.49,5,745
4,1,0.49,6,717
4,1,0.49,7,671
4,1,0.49,8,621
4,1,0.49,9,579
4,1,0.49,10,536
4,1,0.49,11,507
4,1,0.49,12,460
4,1,0.49,13,442
4,1,0.49,14,437
4,1,0.49,15,419
4,1,0.49,16,390
4,1,0.49,17,393
4,1,0.49,18,392
4,1,0.49,19,340
4,1,0.49,20,362
4,1,0.49,21,368
4,1,0.49,22,308
4,1,0.49,23,334
4,1,0.49,24,324
4,1,0.49,25,318
4,1,0.49,26,327
4,1,0.49,27,314
4,1,0.49,28,332
4,1,0.49,29,323
4,1,0.49,30,302
4,1,0.49,31,287
4,1,0.49,32,295
4,1,0.49,33,310
4,1,0.49,34,274
4,1,0.49,35,288
4,1,0.49,36,291
4,1,0.49,37,289
4,1,0.49,38,296
4,1,0.49,39,268
4,1,0.49,40,287
4,1,0.49,41,291
4,1,0.49,42,258
4,1,0.49,43,273
4,1,0.49,44,281
4,1,0.49,45,280
4,1,0.49,46,297
4,1,0.49,47,257
4,1,0.49,48,271
4,1,0.49,49,245
4,1,0.49,50,237
4,1,0.49,51,254
4,1,0.49,52,254
4,1,0.49,53,283
4,1,0.49,54,267
4,1,0.49,55,261
4,1,0.49,56,301
4,1,0.49,57,256
4,1,0.49,58,241
4,1,0.49,59,263
4,1,0.49,60,298
4,1,0.49,61,241
4,1,0.49,62,269
4,1,0.49,63,283
4,1,0.49,64,289
4,1,0.49,65,296
4,1,0.49,66,298
4,1,0.49,67,268
4,1,0.49,68,279
4,1,0.49,69,284
4,1,0.49,70,258
4,1,0.49,71,285
4,1,0.49,72,266
4,1,0.49,73,238
4,1,0.49,74,259
4,1,0.49,75,233
4,1,0.49,76,265
4,1,0.49,77,286
4,1,0.49,78,297
4,1,0.49,79,289
4,1,0.49,80,254
4,1,0.49,81,257
4,1,0.49,82,251
4,1,0.49,83,263
4,1,0.49,84,272
4,1,0.49,85,253
4,1,0.49,86,259
4,1,0.49,87,297
4,1,0.49,88,255
4,1,0.49,89,280
4,1,0.49,90,273
4,1,0.49,91,282
4,1,0.49,92,267
4,1,0.49,93,221
4,1,0.49,94,259
4,1,0.49,95,266
4,1,0.49,96,253
4,1,0.49,97,266
4,1,0.49,98,280
4,1,0.49,99,247
4,1,0.49,100,292
4,1,0.49,101,270
4,1,0.49,102,291
4,1,0.49,103,263
4,1,0.49,104,291
4,1,0.49,105,295
4,1,0.49,106,272
4,1,0.49,107,291
4,1,0.49,108,323
4,1,0.49,109,292
4,1,0.49,110,276
4,1,0.49,111,346
4,1,0.49,112,377
4,1,0.49,113,372
4,1,0.49,114,359
4,1,0.49,115,416
4,1,0.49,116,422
4,1,0.49,117,437
4,1,0.49,118,446
4,1,0.49,119,531
4,1,0.49,120,520
4,1,0.49,121,531
4,1,0.49,122,556
4,1,0.49,123,593
4,1,0.49,124,612
4,1,0.49,125,600
4,1,0.49,126,783
4,1,0.49,127,1064
4,1,0.49,128,4013
4,1,0.89,0,2380
4,1,0.89,1,714
4,1,0.89,2,460
4,1,0.89,3,371
4,1,0.89,4,279
4,1,0.89,5,223
4,1,0.89,6,223
4,1,0.89,7,203
4,1,0.89,8,177
4,1,0.89,9,173
4,1,0.89,10,171
4,1,0.89,11,167
4,1,0.89,12,118
4,1,0.89,13,162
4,1,0.89,14,143
4,1,0.89,15,113
4,1,0.89,16,138
4,1,0.89,17,117
4,1,0.89,18,118
4,1,0.89,19,111
4,1,0.89,20,117
4,1,0.89,21,79
4,1,0.89,22,90
4,1,0.89,23,114
4,1,0.89,24,86
4,1,0.89,25,96
4,1,0.89,26,84
4,1,0.89,27,94
4,1,0.89,28,70
4,1,0.89,29,85
4,1,0.89,30,74
4,1,0.89,31,83
4,1,0.89,32,72
4,1,0.89,33,62
4,1,0.89,34,58
4,1,0.89,35,76
4,1,0.89,36,68
4,1,0.89,37,63
4,1,0.89,38,62
4,1,0.89,39,73
4,1,0.89,40,65
4,1,0.89,41,68
4,1,0.89,42,69
4,1,0.89,43,61
4,1,0.89,44,79
4,1,0.89,45,68
4,1,0.89,46,57
4,1,0.89,47,56
4,1,0.89,48,68
4,1,0.89,49,62
4,1,0.89,50,64
4,1,0.89,51,56
4,1,0.89,52,73
4,1,0.89,53,79
4,1,0.89,54,64
4,1,0.89,55,62
4,1,0.89,56,70
4,1,0.89,57,72
4,1,0.89,58,64
4,1,0.89,59,83
4,1,0.89,60,73
4,1,0.89,61,61
4,1,0.89,62,76
4,1,0.89,63,91
4,1,0.89,64,87
4,1,0.89,65,88
4,1,0.89,66,85
4,1,0.89,67,92
4,1,0.89,68,76
4,1,0.89,69,72
4,1,0.89,70,74
4,1,0.89,71,83
4,1,0.89,72,86
4,1,0.89,73,95
4,1,0.89,74,96
4,1,0.89,75,101
4,1,0.89,76,98
4,1,0.89,77,98
4,1,0.89,78,112
4,1,0.89,79,122
4,1,0.89,80,99
4,1,0.89,81,123
4,1,0.89,82,110
4,1,0.89,83,106
4,1,0.89,84,122
4,1,0.89,85,115
4,1,0.89,86,96
4,1,0.89,87,144
4,1,0.89,88,125
4,1,0.89,89,146
4,1,0.89,90,108
4,1,0.89,91,152
4,1,0.89,92,132
4,1,0.89,93,127
4,1,0.89,94,157
4,1,0.89,95,157
4,1,0.89,96,171
4,1,0.89,97,176
4,1,0.89,98,169
4,1,0.89,99,177
4,1,0.89,100,164
4,1,0.89,101,220
4,1,0.89,102,209
4,1,0.89,103,199
4,1,0.89,104,218
4,1,0.89,105,233
4,1,0.89,106,285
4,1,0.89,107,311
4,1,0.89,108,317
4,1,0.89,109,369
4,1,0.89,110,371
4,1,0.89,111,372
4,1,0.89,112,435
4,1,0.89,113,453
4,1,0.89,114,459
4,1,0.89,115,441
4,1,0.89,116,470
4,1,0.89,117,500
4,1,0.89,118,528
4,1,0.89,119,609
4,1,0.89,120,670
4,1,0.89,121,789
4,1,0.89,122,969
4,1,0.89,123,1065
4,1,0.89,124,1362
4,1,0.89,125,2080
4,1,0.89,126,2877
4,1,0.89,127,4910
4,1,0.89,128,29666
5,0,0.15,0,32798
5,0,0.15,1,4949
5,0,0.15,2,2758
5,0,0.15,3,1980
5,0,0.15,4,1537
5,0,0.15,5,1235
5,0,0.15,6,1064
5,0,0.15,7,931
5,0,0.15,8,797
5,0,0.15,9,752
5,0,0.15,10,686
5,0,0.15,11,597
5,0,0.15,12,555
5,0,0.15,13,502
5,0,0.15,14,464
5,0,0.15,15,429
5,0,0.15,16,414
5,0,0.15,17,409
5,0,0.15,18,394
5,0,0.15,19,345
5,0,0.15,20,335
5,0,0.15,21,328
5,0,0.15,22,280
5,0,0.15,23,306
5,0,0.15,24,283
5,0,0.15,25,275
5,0,0.15,26,264
5,0,0.15,27,253
5,0,0.15,28,232
5,0,0.15,29,218
5,0,0.15,30,215
5,0,0.15,31,202
5,0,0.15,32,205
5,0,0.15,33,197
5,0,0.15,34,198
5,0,0.15,35,211
5,0,0.15,36,178
5,0,0.15,37,190
5,0,0.15,38,177
5,0,0.15,39,129
5,0,0.15,40,173
5,0,0.15,41,149
5,0,0.15,42,141
5,0,0.15,43,132
5,0,0.15,44,148
5,0,0.15,45,146
5,0,0.15,46,150
5,0,0.15,47,143
5,0,0.15,48,135
5,0,0.15,49,145
5,0,0.15,50,122
5,0,0.15,51,110
5,0,0.15,52,112
5,0,0.15,53,126
5,0,0.15,54,136
5,0,0.15,55,132
5,0,0.15,56,111
5,0,0.15,57,126
5,0,0.15,58,113
5,0,0.15,59,112
5,0,0.15,60,95
5,0,0.15,61,96
5,0,0.15,62,104
5,0,0.15,63,75
5,0,0.15,64,98
5,0,0.15,65,87
5,0,0.15,66,88
5,0,0.15,67,74
5,0,0.15,68,73
5,0,0.15,69,73
5,0,0.15,70,72
5,0,0.15,71,63
5,0,0.15,72,74
5,0,0.15,73,68
5,0,0.15,74,67
5,0,0.15,75,59
5,0,0.15,76,63
5,0,0.15,77,60
5,0,0.15,78,50
5,0,0.15,79,51
5,0,0.15,80,56
5,0,0.15,81,44
5,0,0.15,82,52
5,0,0.15,83,55
5,0,0.15,84,49
5,0,0.15,85,48
5,0,0.15,86,51
5,0,0.15,87,55
5,0,0.15,88,38
5,0,0.15,89,46
5,0,0.15,90,50
5,0,0.15,91,43
5,0,0.15,92,51
5,0,0.15,93,44
5,0,0.15,94,45
5,0,0.15,95,42
5,0,0.15,96,36
5,0,0.15,97,44
5,0,0.15,98,40
5,0,0.15,99,53
5,0,0.15,100,42
5,0,0.15,101,46
5,0,0.15,102,45
5,0,0.15,103,49
5,0,0.15,104,44
5,0,0.15,105,37
5,0,0.15,106,36
5,0,0.15,107,42
5,0,0.15,108,35
5,0,0.15,109,37
5,0,0.15,110,30
5,0,0.15,111,36
5,0,0.15,112,40
5,0,0.15,113,38
5,0,0.15,114,44
5,0,0.15,115,35
5,0,0.15,116,37
5,0,0.15,117,36
5,0,0.15,118,30
5,0,0.15,119,39
5,0,0.15,120,36
5,0,0.15,121,49
5,0,0.15,122,40
5,0,0.15,123,36
5,0,0.15,124,34
5,0,0.15,125,40
5,0,0.15,126,39
5,0,0.15,127,38
5,0,0.15,128,1080
5,0,0.5,0,11406
5,0,0.5,1,3626
5,0,0.5,2,2343
5,0,0.5,3,1811
5,0,0.5,4,1574
5,0,0.5,5,1227
5,0,0.5,6,1112
5,0,0.5,7,948
5,0,0.5,8,927
5,0,0.5,9,816
5,0,0.5,10,739
5,0,0.5,11,748
5,0,0.5,12,687
5,0,0.5,13,635
5,0,0.5,14,640
5,0,0.5,15,575
5,0,0.5,16,537
5,0,0.5,17,560
5,0,0.5,18,500
5,0,0.5,19,535
5,0,0.5,20,523
5,0,0.5,21,482
5,0,0.5,22,462
5,0,0.5,23,424
5,0,0.5,24,415
5,0,0.5,25,409
5,0,0.5,26,398
5,0,0.5,27,369
5,0,0.5,28,388
5,0,0.5,29,394
5,0,0.5,30,340
5,0,0.5,31,391
5,0,0.5,32,344
5,0,0.5,33,336
5,0,0.5,34,338
5,0,0.5,35,325
5,0,0.5,36,301
5,0,0.5,37,303
5,0,0.5,38,293
5,0,0.5,39,286
5,0,0.5,40,265
5,0,0.5,41,299
5,0,0.5,42,260
5,0,0.5,43,256
5,0,0.5,44,269
5,0,0.5,45,260
5,0,0.5,46,264
5,0,0.5,47,285
5,0,0.5,48,273
5,0,0.5,49,278
5,0,0.5,50,258
5,0,0.5,51,271
5,0,0.5,52,227
5,0,0.5,53,279
5,0,0.5,54,235
5,0,0.5,55,269
5,0,0.5,56,248
5,0,0.5,57,239
5,0,0.5,58,251
5,0,0.5,59,227
5,0,0.5,60,232
5,0,0.5,61,232
5,0,0.5,62,243
5,0,0.5,63,209
5,0,0.5,64,208
5,0,0.5,65,231
5,0,0.5,66,238
5,0,0.5,67,245
5,0,0.5,68,233
5,0,0.5,69,206
5,0,0.5,70,217
5,0,0.5,71,225
5,0,0.5,72,231
5,0,0.5,73,225
5,0,0.5,74,228
5,0,0.5,75,204
5,0,0.5,76,245
5,0,0.5,77,205
5,0,0.5,78,239
5,0,0.5,79,231
5,0,0.5,80,204
5,0,0.5,81,197
5,0,0.5,82,218
5,0,0.5,83,222
5,0,0.5,84,217
5,0,0.5,85,229
5,0,0.5,86,212
5,0,0.5,87,229
5,0,0.5,88,205
5,0,0.5,89,228
5,0,0.5,90,232
5,0,0.5,91,229
5,0,0.5,92,226
5,0,0.5,93,225
5,0,0.5,94,223
5,0,0.5,95,228
5,0,0.5,96,214
5,0,0.5,97,219
5,0,0.5,98,227
5,0,0.5,99,214
5,0,0.5,100,227
5,0,0.5,101,209
5,0,0.5,102,224
5,0,0.5,103,230
5,0,0.5,104,231
5,0,0.5,105,267
5,0,0.5,106,233
5,0,0.5,107,253
5,0,0.5,108,263
5,0,0.5,109,269
5,0,0.5,110,288
5,0,0.5,111,304
5,0,0.5,112,311
5,0,0.5,113,336
5,0,0.5,114,280
5,0,0.5,115,318
5,0,0.5,116,342
5,0,0.5,117,342
5,0,0.5,118,370
5,0,0.5,119,378
5,0,0.5,120,384
5,0,0.5,121,439
5,0,0.5,122,449
5,0,0.5,123,484
5,0,0.5,124,476
5,0,0.5,125,564
5,0,0.5,126,642
5,0,0.5,127,754
5,0,0.5,128,2064
5,0,0.9,0,195
5,0,0.9,1,137
5,0,0.9,2,166
5,0,0.9,3,173
5,0,0.9,4,137
5,0,0.9,5,161
5,0,0.9,6,169
5,0,0.9,7,170
5,0,0.9,8,184
5,0,0.9,9,183
5,0,0.9,10,180
5,0,0.9,11,157
5,0,0.9,12,161
5,0,0.9,13,187
5,0,0.9,14,170
5,0,0.9,15,173
5,0,0.9,16,167
5,0,0.9,17,168
5,0,0.9,18,166
5,0,0.9,19,168
5,0,0.9,20,190
5,0,0.9,21,157
5,0,0.9,22,166
5,0,0.9,23,190
5,0,0.9,24,181
5,0,0.9,25,145
5,0,0.9,26,161
5,0,0.9,27,192
5,0,0.9,28,136
5,0,0.9,29,141
5,0,0.9,30,173
5,0,0.9,31,150
5,0,0.9,32,154
5,0,0.9,33,171
5,0,0.9,34,148
5,0,0.9,35,162
5,0,0.9,36,152
5,0,0.9,37,131
5,0,0.9,38,172
5,0,0.9,39,163
5,0,0.9,40,155
5,0,0.9,41,154
5,0,0.9,42,143
5,0,0.9,43,150
5,0,0.9,44,174
5,0,0.9,45,145
5,0,0.9,46,164
5,0,0.9,47,154
5,0,0.9,48,146
5,0,0.9,49,149
5,0,0.9,50,155
5,0,0.9,51,157
5,0,0.9,52,165
5,0,0.9,53,141
5,0,0.9,54,137
5,0,0.9,55,161
5,0,0.9,56,157
5,0,0.9,57,169
5,0,0.9,58,155
5,0,0.9,59,196
5,0,0.9,60,159
5,0,0.9,61,154
5,0,0.9,62,153
5,0,0.9,63,161
5,0,0.9,64,162
5,0,0.9,65,161
5,0,0.9,66,146
5,0,0.9,67,178
5,0,0.9,68,170
5,0,0.9,69,194
5,0,0.9,70,161
5,0,0.9,71,177
5,0,0.9,72,168
5,0,0.9,73,164
5,0,0.9,74,180
5,0,0.9,75,173
5,0,0.9,76,196
5,0,0.9,77,195
5,0,0.9,78,206
5,0,0.9,79,201
5,0,0.9,80,232
5,0,0.9,81,215
5,0,0.9,82,201
5,0,0.9,83,224
5,0,0.9,84,229
5,0,0.9,85,219
5,0,0.9,86,207
5,0,0.9,87,248
5,0,0.9,88,277
5,0,0.9,89,228
5,0,0.9,90,250
5,0,0.9,91,253
5,0,0.9,92,271
5,0,0.9,93,306
5,0,0.9,94,305
5,0,0.9,95,297
5,0,0.9,96,271
5,0,0.9,97,327
5,0,0.9,98,341
5,0,0.9,99,300
5,0,0.9,100,333
5,0,0.9,101,337
5,0,0.9,102,348
5,0,0.9,103,356
5,0,0.9,104,352
5,0,0.9,105,381
5,0,0.9,106,407
5,0,0.9,107,385
5,0,0.9,108,452
5,0,0.9,109,452
5,0,0.9,110,493
5,0,0.9,111,454
5,0,0.9,112,509
5,0,0.9,113,520
5,0,0.9,114,544
5,0,0.9,115,596
5,0,0.9,116,597
5,0,0.9,117,661
5,0,0.9,118,709
5,0,0.9,119,759
5,0,0.9,120,802
5,0,0.9,121,939
5,0,0.9,122,1041
5,0,0.9,123,1150
5,0,0.9,124,1343
5,0,0.9,125,1804
5,0,0.9,126,2295
5,0,0.9,127,4208
5,0,0.9,128,23915
5,1,0.14,0,32895
5,1,0.14,1,4948
5,1,0.14,2,2759
5,1,0.14,3,1975
5,1,0.14,4,1501
5,1,0.14,5,1281
5,1,0.14,6,1060
5,1,0.14,7,936
5,1,0.14,8,803
5,1,0.14,9,740
5,1,0.14,10,634
5,1,0.14,11,589
5,1,0.14,12,554
5,1,0.14,13,530
5,1,0.14,14,466
5,1,0.14,15,423
5,1,0.14,16,412
5,1,0.14,17,400
5,1,0.14,18,403
5,1,0.14,19,345
5,1,0.14,20,330
5,1,0.14,21,336
5,1,0.14,22,304
5,1,0.14,23,275
5,1,0.14,24,259
5,1,0.14,25,246
5,1,0.14,26,263
5,1,0.14,27,254
5,1,0.14,28,255
5,1,0.14,29,230
5,1,0.14,30,190
5,1,0.14,31,208
5,1,0.14,32,201
5,1,0.14,33,193
5,1,0.14,34,190
5,1,0.14,35,189
5,1,0.14,36,195
5,1,0.14,37,163
5,1,0.14,38,180
5,1,0.14,39,154
5,1,0.14,40,171
5,1,0.14,41,141
5,1,0.14,42,145
5,1,0.14,43,146
5,1,0.14,44,126
5,1,0.14,45,159
5,1,0.14,46,140
5,1,0.14,47,129
5,1,0.14,48,138
5,1,0.14,49,136
5,1,0.14,50,150
5,1,0.14,51,116
5,1,0.14,52,128
5,1,0.14,53,105
5,1,0.14,54,151
5,1,0.14,55,129
5,1,0.14,56,111
5,1,0.14,57,108
5,1,0.14,58,104
5,1,0.14,59,106
5,1,0.14,60,112
5,1,0.14,61,109
5,1,0.14,62,104
5,1,0.14,63,89
5,1,0.14,64,84
5,1,0.14,65,90
5,1,0.14,66,79
5,1,0.14,67,69
5,1,0.14,68,64
5,1,0.14,69,63
5,1,0.14,70,78
5,1,0.14,71,70
5,1,0.14,72,79
5,1,0.14,73,74
5,1,0.14,74,67
5,1,0.14,75,50
5,1,0.14,76,67
5,1,0.14,77,56
5,1,0.14,78,56
5,1,0.14,79,50
5,1,0.14,80,52
5,1,0.14,81,57
5,1,0.14,82,52
5,1,0.14,83,56
5,1,0.14,84,48
5,1,0.14,85,42
5,1,0.14,86,53
5,1,0.14,87,50
5,1,0.14,88,47
5,1,0.14,89,48
5,1,0.14,90,57
5,1,0.14,91,44
5,1,0.14,92,38
5,1,0.14,93,51
5,1,0.14,94,41
5,1,0.14,95,46
5,1,0.14,96,44
5,1,0.14,97,38
5,1,0.14,98,50
5,1,0.14,99,50
5,1,0.14,100,47
5,1,0.14,101,39
5,1,0.14,102,40
5,1,0.14,103,42
5,1,0.14,104,41
5,1,0.14,105,40
5,1,0.14,106,37
5,1,0.14,107,33
5,1,0.14,108,32
5,1,0.14,109,36
5,1,0.14,110,53
5,1,0.14,111,33
5,1,0.14,112,38
5,1,0.14,113,33
5,1,0.14,114,49
5,1,0.14,115,34
5,1,0.14,116,34
5,1,0.14,117,38
5,1,0.14,118,44
5,1,0.14,119,34
5,1,0.14,120,34
5,1,0.14,121,42
5,1,0.14,122,43
5,1,0.14,123,26
5,1,0.14,124,36
5,1,0.14,125,39
5,1,0.14,126,37
5,1,0.14,127,40
5,1,0.14,128,1080
5,1,0.49,0,11594
5,1,0.49,1,3575
5,1,0.49,2,2308
5,1,0.49,3,1862
5,1,0.49,4,1562
5,1,0.49,5,1233
5,1,0.49,6,1105
5,1,0.49,7,949
5,1,0.49,8,845
5,1,0.49,9,798
5,1,0.49,10,811
5,1,0.49,11,729
5,1,0.49,12,698
5,1,0.49,13,650
5,1,0.49,14,624
5,1,0.49,15,598
5,1,0.49,16,515
5,1,0.49,17,548
5,1,0.49,18,489
5,1,0.49,19,557
5,1,0.49,20,490
5,1,0.49,21,511
5,1,0.49,22,448
5,1,0.49,23,409
5,1,0.49,24,388
5,1,0.49,25,421
5,1,0.49,26,410
5,1,0.49,27,396
5,1,0.49,28,390
5,1,0.49,29,365
5,1,0.49,30,376
5,1,0.49,31,390
5,1,0.49,32,326
5,1,0.49,33,332
5,1,0.49,34,297
5,1,0.49,35,334
5,1,0.49,36,303
5,1,0.49,37,275
5,1,0.49,38,299
5,1,0.49,39,335
5,1,0.49,40,278
5,1,0.49,41,271
5,1,0.49,42,257
5,1,0.49,43,265
5,1,0.49,44,261
5,1,0.49,45,282
5,1,0.49,46,252
5,1,0.49,47,282
5,1,0.49,48,291
5,1,0.49,49,253
5,1,0.49,50,253
5,1,0.49,51,269
5,1,0.49,52,265
5,1,0.49,53,262
5,1,0.49,54,241
5,1,0.49,55,259
5,1,0.49,56,250
5,1,0.49,57,198
5,1,0.49,58,236
5,1,0.49,59,222
5,1,0.49,60,251
5,1,0.49,61,236
5,1,0.49,62,226
5,1,0.49,63,208
5,1,0.49,64,263
5,1,0.49,65,223
5,1,0.49,66,222
5,1,0.49,67,228
5,1,0.49,68,215
5,1,0.49,69,219
5,1,0.49,70,224
5,1,0.49,71,219
5,1,0.49,72,210
5,1,0.49,73,225
5,1,0.49,74,195
5,1,0.49,75,220
5,1,0.49,76,241
5,1,0.49,77,236
5,1,0.49,78,225
5,1,0.49,79,206
5,1,0.49,80,216
5,1,0.49,81,208
5,1,0.49,82,225
5,1,0.49,83,236
5,1,0.49,84,226
5,1,0.49,85,207
5,1,0.49,86,204
5,1,0.49,87,201
5,1,0.49,88,226
5,1,0.49,89,219
5,1,0.49,90,223
5,1,0.49,91,225
5,1,0.49,92,235
5,1,0.49,93,231
5,1,0.49,94,217
5,1,0.49,95,244
5,1,0.49,96,204
5,1,0.49,97,224
5,1,0.49,98,202
5,1,0.49,99,222
5,1,0.49,100,211
5,1,0.49,101,240
5,1,0.49,102,219
5,1,0.49,103,239
5,1,0.49,104,237
5,1,0.49,105,240
5,1,0.49,106,244
5,1,0.49,107,244
5,1,0.49,108,250
5,1,0.49,109,302
5,1,0.49,110,289
5,1,0.49,111,273
5,1,0.49,112,333
5,1,0.49,113,313
5,1,0.49,114,300
5,1,0.49,115,335
5,1,0.49,116,344
5,1,0.49,117,324
5,1,0.49,118,375
5,1,0.49,119,392
5,1,0.49,120,403
5,1,0.49,121,417
5,1,0.49,122,453
5,1,0.49,123,492
5,1,0.49,124,470
5,1,0.49,125,570
5,1,0.49,126,651
5,1,0.49,127,741
5,1,0.49,128,2056
5,1,0.89,0,185
5,1,0.89,1,147
5,1,0.89,2,184
5,1,0.89,3,161
5,1,0.89,4,140
5,1,0.89,5,138
5,1,0.89,6,165
5,1,0.89,7,172
5,1,0.89,8,158
5,1,0.89,9,183
5,1,0.89,10,168
5,1,0.89,11,143
5,1,0.89,12,165
5,1,0.89,13,156
5,1,0.89,14,172
5,1,0.89,15,171
5,1,0.89,16,151
5,1,0.89,17,153
5,1,0.89,18,170
5,1,0.89,19,175
5,1,0.89,20,164
5,1,0.89,21,177
5,1,0.89,22,186
5,1,0.89,23,170
5,1,0.89,24,150
5,1,0.89,25,152
5,1,0.89,26,132
5,1,0.89,27,155
5,1,0.89,28,157
5,1,0.89,29,163
5,1,0.89,30,134
5,1,0.89,31,154
5,1,0.89,32,157
5,1,0.89,33,161
5,1,0.89,34,154
5,1,0.89,35,182
5,1,0.89,36,148
5,1,0.89,37,146
5,1,0.89,38,165
5,1,0.89,39,150
5,1,0.89,40,133
5,1,0.89,41,127
5,1,0.89,42,150
5,1,0.89,43,139
5,1,0.89,44,151
5,1,0.89,45,139
5,1,0.89,46,142
5,1,0.89,47,147
5,1,0.89,48,149
5,1,0.89,49,153
5,1,0.89,50,138
5,1,0.89,51,124
5,1,0.89,52,157
5,1,0.89,53,142
5,1,0.89,54,162
5,1,0.89,55,155
5,1,0.89,56,153
5,1,0.89,57,180
5,1,0.89,58,165
5,1,0.89,59,150
5,1,0.89,60,163
5,1,0.89,61,173
5,1,0.89,62,160
5,1,0.89,63,201
5,1,0.89,64,175
5,1,0.89,65,155
5,1,0.89,66,175
5,1,0.89,67,167
5,1,0.89,68,163
5,1,0.89,69,170
5,1,0.89,70,188
5,1,0.89,71,186
5,1,0.89,72,143
5,1,0.89,73,158
5,1,0.89,74,176
5,1,0.89,75,186
5,1,0.89,76,201
5,1,0.89,77,210
5,1,0.89,78,200
5,1,0.89,79,192
5,1,0.89,80,220
5,1,0.89,81,235
5,1,0.89,82,223
5,1,0.89,83,219
5,1,0.89,84,226
5,1,0.89,85,212
5,1,0.89,86,224
5,1,0.89,87,249
5,1,0.89,88,234
5,1,0.89,89,239
5,1,0.89,90,295
5,1,0.89,91,264
5,1,0.89,92,235
5,1,0.89,93,281
5,1,0.89,94,299
5,1,0.89,95,293
5,1,0.89,96,298
5,1,0.89,97,294
5,1,0.89,98,317
5,1,0.89,99,316
5,1,0.89,100,339
5,1,0.89,101,338
5,1,0.89,102,380
5,1,0.89,103,345
5,1,0.89,104,359
5,1,0.89,105,368
5,1,0.89,106,381
5,1,0.89,107,418
5,1,0.89,108,465
5,1,0.89,109,445
5,1,0.89,110,476
5,1,0.89,111,513
5,1,0.89,112,522
5,1,0.89,113,503
5,1,0.89,114,526
5,1,0.89,115,602
5,1,0.89,116,601
5,1,0.89,117,700
5,1,0.89,118,684
5,1,0.89,119,765
5,1,0.89,120,784
5,1,0.89,121,983
5,1,0.89,122,1029
5,1,0.89,123,1124
5,1,0.89,124,1360
5,1,0.89,125,1726
5,1,0.89,126,2400
5,1,0.89,127,4324
5,1,0.89,128,23991
6,0,0.15,0,36061
6,0,0.15,1,4130
6,0,0.15,2,2404
6,0,0.15,3,1630
6,0,0.15,4,1305
6,0,0.15,5,1042
6,0,0.15,6,928
6,0,0.15,7,765
6,0,0.15,8,709
6,0,0.15,9,647
6,0,0.15,10,595
6,0,0.15,11,517
6,0,0.15,12,489
6,0,0.15,13,461
6,0,0.15,14,429
6,0,0.15,15,401
6,0,0.15,16,363
6,0,0.15,17,328
6,0,0.15,18,335
6,0,0.15,19,299
6,0,0.15,20,294
6,0,0.15,21,251
6,0,0.15,22,273
6,0,0.15,23,285
6,0,0.15,24,232
6,0,0.15,25,205
6,0,0.15,26,210
6,0,0.15,27,189
6,0,0.15,28,193
6,0,0.15,29,201
6,0,0.15,30,171
6,0,0.15,31,162
6,0,0.15,32,158
6,0,0.15,33,176
6,0,0.15,34,159
6,0,0.15,35,163
6,0,0.15,36,132
6,0,0.15,37,151
6,0,0.15,38,157
6,0,0.15,39,122
6,0,0.15,40,121
6,0,0.15,41,139
6,0,0.15,42,135
6,0,0.15,43,120
6,0,0.15,44,125
6,0,0.15,45,100
6,0,0.15,46,123
6,0,0.15,47,100
6,0,0.15,48,119
6,0,0.15,49,121
6,0,0.15,50,105
6,0,0.15,51,106
6,0,0.15,52,114
6,0,0.15,53,124
6,0,0.15,54,107
6,0,0.15,55,107
6,0,0.15,56,106
6,0,0.15,57,118
6,0,0.15,58,108
6,0,0.15,59,118
6,0,0.15,60,109
6,0,0.15,61,98
6,0,0.15,62,100
6,0,0.15,63,149
6,0,0.15,64,98
6,0,0.15,65,123
6,0,0.15,66,106
6,0,0.15,67,82
6,0,0.15,68,80
6,0,0.15,69,91
6,0,0.15,70,84
6,0,0.15,71,66
6,0,0.15,72,70
6,0,0.15,73,56
6,0,0.15,74,70
6,0,0.15,75,53
6,0,0.15,76,52
6,0,0.15,77,65
6,0,0.15,78,48
6,0,0.15,79,55
6,0,0.15,80,63
6,0,0.15,81,57
6,0,0.15,82,59
6,0,0.15,83,61
6,0,0.15,84,60
6,0,0.15,85,55
6,0,0.15,86,56
6,0,0.15,87,55
6,0,0.15,88,50
6,0,0.15,89,50
6,0,0.15,90,53
6,0,0.15,91,57
6,0,0.15,92,48
6,0,0.15,93,60
6,0,0.15,94,52
6,0,0.15,95,50
6,0,0.15,96,38
6,0,0.15,97,49
6,0,0.15,98,49
6,0,0.15,99,48
6,0,0.15,100,53
6,0,0.15,101,46
6,0,0.15,102,38
6,0,0.15,103,52
6,0,0.15,104,56
6,0,0.15,105,42
6,0,0.15,106,48
6,0,0.15,107,37
6,0,0.15,108,45
6,0,0.15,109,38
6,0,0.15,110,42
6,0,0.15,111,58
6,0,0.15,112,43
6,0,0.15,113,53
6,0,0.15,114,48
6,0,0.15,115,46
6,0,0.15,116,46
6,0,0.15,117,51
6,0,0.15,118,66
6,0,0.15,119,51
6,0,0.15,120,48
6,0,0.15,121,69
6,0,0.15,122,81
6,0,0.15,123,73
6,0,0.15,124,82
6,0,0.15,125,79
6,0,0.15,126,116
6,0,0.15,127,105
6,0,0.15,128,1161
6,0,0.5,0,19013
6,0,0.5,1,3040
6,0,0.5,2,1919
6,0,0.5,3,1402
6,0,0.5,4,1178
6,0,0.5,5,987
6,0,0.5,6,874
6,0,0.5,7,799
6,0,0.5,8,753
6,0,0.5,9,592
6,0,0.5,10,612
6,0,0.5,11,580
6,0,0.5,12,548
6,0,0.5,13,568
6,0,0.5,14,472
6,0,0.5,15,429
6,0,0.5,16,445
6,0,0.5,17,428
6,0,0.5,18,420
6,0,0.5,19,412
6,0,0.5,20,385
6,0,0.5,21,374
6,0,0.5,22,367
6,0,0.5,23,380
6,0,0.5,24,328
6,0,0.5,25,317
6,0,0.5,26,329
6,0,0.5,27,326
6,0,0.5,28,344
6,0,0.5,29,289
6,0,0.5,30,312
6,0,0.5,31,311
6,0,0.5,32,274
6,0,0.5,33,282
6,0,0.5,34,289
6,0,0.5,35,276
6,0,0.5,36,288
6,0,0.5,37,284
6,0,0.5,38,275
6,0,0.5,39,265
6,0,0.5,40,236
6,0,0.5,41,235
6,0,0.5,42,278
6,0,0.5,43,252
6,0,0.5,44,270
6,0,0.5,45,244
6,0,0.5,46,245
6,0,0.5,47,249
6,0,0.5,48,245
6,0,0.5,49,229
6,0,0.5,50,242
6,0,0.5,51,222
6,0,0.5,52,252
6,0,0.5,53,229
6,0,0.5,54,223
6,0,0.5,55,237
6,0,0.5,56,227
6,0,0.5,57,200
6,0,0.5,58,215
6,0,0.5,59,268
6,0,0.5,60,212
6,0,0.5,61,228
6,0,0.5,62,217
6,0,0.5,63,236
6,0,0.5,64,220
6,0,0.5,65,200
6,0,0.5,66,216
6,0,0.5,67,226
6,0,0.5,68,216
6,0,0.5,69,201
6,0,0.5,70,198
6,0,0.5,71,207
6,0,0.5,72,186
6,0,0.5,73,195
6,0,0.5,74,203
6,0,0.5,75,166
6,0,0.5,76,167
6,0,0.5,77,199
6,0,0.5,78,173
6,0,0.5,79,195
6,0,0.5,80,191
6,0,0.5,81,168
6,0,0.5,82,183
6,0,0.5,83,175
6,0,0.5,84,184
6,0,0.5,85,180
6,0,0.5,86,172
6,0,0.5,87,196
6,0,0.5,88,178
6,0,0.5,89,187
6,0,0.5,90,151
6,0,0.5,91,156
6,0,0.5,92,164
6,0,0.5,93,173
6,0,0.5,94,166
6,0,0.5,95,198
6,0,0.5,96,174
6,0,0.5,97,149
6,0,0.5,98,186
6,0,0.5,99,180
6,0,0.5,100,167
6,0,0.5,101,164
6,0,0.5,102,164
6,0,0.5,103,185
6,0,0.5,104,162
6,0,0.5,105,194
6,0,0.5,106,189
6,0,0.5,107,193
6,0,0.5,108,216
6,0,0.5,109,191
6,0,0.5,110,206
6,0,0.5,111,191
6,0,0.5,112,223
6,0,0.5,113,214
6,0,0.5,114,273
6,0,0.5,115,245
6,0,0.5,116,252
6,0,0.5,117,262
6,0,0.5,118,298
6,0,0.5,119,307
6,0,0.5,120,303
6,0,0.5,121,338
6,0,0.5,122,389
6,0,0.5,123,447
6,0,0.5,124,492
6,0,0.5,125,670
6,0,0.5,126,742
6,0,0.5,127,1031
6,0,0.5,128,2692
6,0,0.9,0,4685
6,0,0.9,1,1013
6,0,0.9,2,731
6,0,0.9,3,599
6,0,0.9,4,513
6,0,0.9,5,463
6,0,0.9,6,402
6,0,0.9,7,380
6,0,0.9,8,347
6,0,0.9,9,319
6,0,0.9,10,336
6,0,0.9,11,287
6,0,0.9,12,270
6,0,0.9,13,195
6,0,0.9,14,227
6,0,0.9,15,212
6,0,0.9,16,246
6,0,0.9,17,198
6,0,0.9,18,198
6,0,0.9,19,181
6,0,0.9,20,196
6,0,0.9,21,178
6,0,0.9,22,180
6,0,0.9,23,159
6,0,0.9,24,154
6,0,0.9,25,175
6,0,0.9,26,170
6,0,0.9,27,144
6,0,0.9,28,172
6,0,0.9,29,155
6,0,0.9,30,156
6,0,0.9,31,176
6,0,0.9,32,160
6,0,0.9,33,167
6,0,0.9,34,155
6,0,0.9,35,145
6,0,0.9,36,160
6,0,0.9,37,152
6,0,0.9,38,150
6,0,0.9,39,155
6,0,0.9,40,141
6,0,0.9,41,134
6,0,0.9,42,149
6,0,0.9,43,136
6,0,0.9,44,158
6,0,0.9,45,133
6,0,0.9,46,138
6,0,0.9,47,170
6,0,0.9,48,165
6,0,0.9,49,144
6,0,0.9,50,147
6,0,0.9,51,149
6,0,0.9,52,136
6,0,0.9,53,135
6,0,0.9,54,150
6,0,0.9,55,166
6,0,0.9,56,115
6,0,0.9,57,135
6,0,0.9,58,131
6,0,0.9,59,128
6,0,0.9,60,140
6,0,0.9,61,134
6,0,0.9,62,150
6,0,0.9,63,152
6,0,0.9,64,159
6,0,0.9,65,147
6,0,0.9,66,156
6,0,0.9,67,155
6,0,0.9,68,140
6,0,0.9,69,157
6,0,0.9,70,159
6,0,0.9,71,155
6,0,0.9,72,166
6,0,0.9,73,145
6,0,0.9,74,198
6,0,0.9,75,174
6,0,0.9,76,150
6,0,0.9,77,176
6,0,0.9,78,154
6,0,0.9,79,162
6,0,0.9,80,149
6,0,0.9,81,208
6,0,0.9,82,173
6,0,0.9,83,175
6,0,0.9,84,168
6,0,0.9,85,192
6,0,0.9,86,183
6,0,0.9,87,184
6,0,0.9,88,206
6,0,0.9,89,199
6,0,0.9,90,256
6,0,0.9,91,198
6,0,0.9,92,229
6,0,0.9,93,223
6,0,0.9,94,259
6,0,0.9,95,245
6,0,0.9,96,234
6,0,0.9,97,277
6,0,0.9,98,242
6,0,0.9,99,284
6,0,0.9,100,280
6,0,0.9,101,337
6,0,0.9,102,327
6,0,0.9,103,336
6,0,0.9,104,308
6,0,0.9,105,347
6,0,0.9,106,364
6,0,0.9,107,376
6,0,0.9,108,392
6,0,0.9,109,404
6,0,0.9,110,387
6,0,0.9,111,462
6,0,0.9,112,492
6,0,0.9,113,482
6,0,0.9,114,572
6,0,0.9,115,517
6,0,0.9,116,561
6,0,0.9,117,609
6,0,0.9,118,653
6,0,0.9,119,706
6,0,0.9,120,821
6,0,0.9,121,880
6,0,0.9,122,958
6,0,0.9,123,1101
6,0,0.9,124,1316
6,0,0.9,125,1810
6,0,0.9,126,2130
6,0,0.9,127,3659
6,0,0.9,128,18615
6,1,0.14,0,36119
6,1,0.14,1,4131
6,1,0.14,2,2393
6,1,0.14,3,1619
6,1,0.14,4,1320
6,1,0.14,5,1098
6,1,0.14,6,845
6,1,0.14,7,795
6,1,0.14,8,698
6,1,0.14,9,655
6,1,0.14,10,585
6,1,0.14,11,512
6,1,0.14,12,507
6,1,0.14,13,457
6,1,0.14,14,424
6,1,0.14,15,394
6,1,0.14,16,376
6,1,0.14,17,331
6,1,0.14,18,316
6,1,0.14,19,301
6,1,0.14,20,281
6,1,0.14,21,282
6,1,0.14,22,256
6,1,0.14,23,258
6,1,0.14,24,224
6,1,0.14,25,239
6,1,0.14,26,222
6,1,0.14,27,205
6,1,0.14,28,171
6,1,0.14,29,176
6,1,0.14,30,167
6,1,0.14,31,157
6,1,0.14,32,159
6,1,0.14,33,172
6,1,0.14,34,165
6,1,0.14,35,147
6,1,0.14,36,142
6,1,0.14,37,162
6,1,0.14,38,140
6,1,0.14,39,145
6,1,0.14,40,109
6,1,0.14,41,144
6,1,0.14,42,126
6,1,0.14,43,122
6,1,0.14,44,110
6,1,0.14,45,118
6,1,0.14,46,104
6,1,0.14,47,125
6,1,0.14,48,110
6,1,0.14,49,132
6,1,0.14,50,110
6,1,0.14,51,119
6,1,0.14,52,95
6,1,0.14,53,113
6,1,0.14,54,118
6,1,0.14,55,106
6,1,0.14,56,105
6,1,0.14,57,115
6,1,0.14,58,115
6,1,0.14,59,110
6,1,0.14,60,106
6,1,0.14,61,107
6,1,0.14,62,92
6,1,0.14,63,123
6,1,0.14,64,120
6,1,0.14,65,125
6,1,0.14,66,122
6,1,0.14,67,79
6,1,0.14,68,81
6,1,0.14,69,64
6,1,0.14,70,69
6,1,0.14,71,77
6,1,0.14,72,79
6,1,0.14,73,69
6,1,0.14,74,58
6,1,0.14,75,58
6,1,0.14,76,62
6,1,0.14,77,59
6,1,0.14,78,54
6,1,0.14,79,58
6,1,0.14,80,65
6,1,0.14,81,58
6,1,0.14,82,64
6,1,0.14,83,64
6,1,0.14,84,56
6,1,0.14,85,47
6,1,0.14,86,50
6,1,0.14,87,55
6,1,0.14,88,55
6,1,0.14,89,48
6,1,0.14,90,49
6,1,0.14,91,61
6,1,0.14,92,52
6,1,0.14,93,62
6,1,0.14,94,40
6,1,0.14,95,44
6,1,0.14,96,39
6,1,0.14,97,46
6,1,0.14,98,48
6,1,0.14,99,57
6,1,0.14,100,38
6,1,0.14,101,62
6,1,0.14,102,45
6,1,0.14,103,41
6,1,0.14,104,40
6,1,0.14,105,56
6,1,0.14,106,52
6,1,0.14,107,41
6,1,0.14,108,53
6,1,0.14,109,39
6,1,0.14,110,40
6,1,0.14,111,39
6,1,0.14,112,47
6,1,0.14,113,47
6,1,0.14,114,51
6,1,0.14,115,41
6,1,0.14,116,52
6,1,0.14,117,46
6,1,0.14,118,68
6,1,0.14,119,50
6,1,0.14,120,56
6,1,0.14,121,65
6,1,0.14,122,88
6,1,0.14,123,69
6,1,0.14,124,83
6,1,0.14,125,72
6,1,0.14,126,113
6,1,0.14,127,112
6,1,0.14,128,1156
6,1,0.49,0,19175
6,1,0.49,1,2981
6,1,0.49,2,1890
6,1,0.49,3,1440
6,1,0.49,4,1153
6,1,0.49,5,1006
6,1,0.49,6,875
6,1,0.49,7,794
6,1,0.49,8,705
6,1,0.49,9,652
6,1,0.49,10,583
6,1,0.49,11,594
6,1,0.49,12,551
6,1,0.49,13,487
6,1,0.49,14,490
6,1,0.49,15,436
6,1,0.49,16,409
6,1,0.49,17,412
6,1,0.49,18,406
6,1,0.49,19,418
6,1,0.49,20,430
6,1,0.49,21,358
6,1,0.49,22,369
6,1,0.49,23,343
6,1,0.49,24,345
6,1,0.49,25,342
6,1,0.49,26,341
6,1,0.49,27,289
6,1,0.49,28,320
6,1,0.49,29,319
6,1,0.49,30,309
6,1,0.49,31,294
6,1,0.49,32,294
6,1,0.49,33,267
6,1,0.49,34,280
6,1,0.49,35,281
6,1,0.49,36,261
6,1,0.49,37,273
6,1,0.49,38,274
6,1,0.49,39,255
6,1,0.49,40,280
6,1,0.49,41,231
6,1,0.49,42,250
6,1,0.49,43,267
6,1,0.49,44,249
6,1,0.49,45,236
6,1,0.49,46,229
6,1,0.49,47,271
6,1,0.49,48,234
6,1,0.49,49,218
6,1,0.49,50,263
6,1,0.49,51,242
6,1,0.49,52,238
6,1,0.49,53,227
6,1,0.49,54,218
6,1,0.49,55,243
6,1,0.49,56,195
6,1,0.49,57,219
6,1,0.49,58,224
6,1,0.49,59,239
6,1,0.49,60,237
6,1,0.49,61,202
6,1,0.49,62,230
6,1,0.49,63,236
6,1,0.49,64,211
6,1,0.49,65,204
6,1,0.49,66,234
6,1,0.49,67,199
6,1,0.49,68,215
6,1,0.49,69,200
6,1,0.49,70,195
6,1,0.49,71,203
6,1,0.49,72,197
6,1,0.49,73,217
6,1,0.49,74,176
6,1,0.49,75,176
6,1,0.49,76,176
6,1,0.49,77,180
6,1,0.49,78,160
6,1,0.49,79,177
6,1,0.49,80,193
6,1,0.49,81,165
6,1,0.49,82,192
6,1,0.49,83,197
6,1,0.49,84,176
6,1,0.49,85,179
6,1,0.49,86,162
6,1,0.49,87,180
6,1,0.49,88,165
6,1,0.49,89,185
6,1,0.49,90,159
6,1,0.49,91,170
6,1,0.49,92,169
6,1,0.49,93,193
6,1,0.49,94,174
6,1,0.49,95,177
6,1,0.49,96,180
6,1,0.49,97,189
6,1,0.49,98,170
6,1,0.49,99,171
6,1,0.49,100,187
6,1,0.49,101,173
6,1,0.49,102,144
6,1,0.49,103,159
6,1,0.49,104,183
6,1,0.49,105,181
6,1,0.49,106,200
6,1,0.49,107,197
6,1,0.49,108,198
6,1,0.49,109,188
6,1,0.49,110,212
6,1,0.49,111,211
6,1,0.49,112,224
6,1,0.49,113,226
6,1,0.49,114,238
6,1,0.49,115,257
6,1,0.49,116,279
6,1,0.49,117,270
6,1,0.49,118,287
6,1,0.49,119,284
6,1,0.49,120,320
6,1,0.49,121,354
6,1,0.49,122,431
6,1,0.49,123,430
6,1,0.49,124,503
6,1,0.49,125,653
6,1,0.49,126,772
6,1,0.49,127,1008
6,1,0.49,128,2722
6,1,0.89,0,4635
6,1,0.89,1,947
6,1,0.89,2,704
6,1,0.89,3,594
6,1,0.89,4,476
6,1,0.89,5,465
6,1,0.89,6,369
6,1,0.89,7,378
6,1,0.89,8,336
6,1,0.89,9,353
6,1,0.89,10,298
6,1,0.89,11,260
6,1,0.89,12,238
6,1,0.89,13,247
6,1,0.89,14,210
6,1,0.89,15,212
6,1,0.89,16,202
6,1,0.89,17,175
6,1,0.89,18,167
6,1,0.89,19,191
6,1,0.89,20,172
6,1,0.89,21,173
6,1,0.89,22,184
6,1,0.89,23,176
6,1,0.89,24,150
6,1,0.89,25,155
6,1,0.89,26,146
6,1,0.89,27,143
6,1,0.89,28,150
6,1,0.89,29,176
6,1,0.89,30,146
6,1,0.89,31,153
6,1,0.89,32,135
6,1,0.89,33,156
6,1,0.89,34,159
6,1,0.89,35,140
6,1,0.89,36,152
6,1,0.89,37,127
6,1,0.89,38,146
6,1,0.89,39,153
6,1,0.89,40,143
6,1,0.89,41,136
6,1,0.89,42,134
6,1,0.89,43,129
6,1,0.89,44,142
6,1,0.89,45,133
6,1,0.89,46,129
6,1,0.89,47,143
6,1,0.89,48,147
6,1,0.89,49,153
6,1,0.89,50,127
6,1,0.89,51,138
6,1,0.89,52,145
6,1,0.89,53,135
6,1,0.89,54,135
6,1,0.89,55,132
6,1,0.89,56,119
6,1,0.89,57,118
6,1,0.89,58,136
6,1,0.89,59,130
6,1,0.89,60,139
6,1,0.89,61,141
6,1,0.89,62,135
6,1,0.89,63,136
6,1,0.89,64,146
6,1,0.89,65,168
6,1,0.89,66,169
6,1,0.89,67,162
6,1,0.89,68,149
6,1,0.89,69,154
6,1,0.89,70,150
6,1,0.89,71,139
6,1,0.89,72,156
6,1,0.89,73,147
6,1,0.89,74,172
6,1,0.89,75,183
6,1,0.89,76,158
6,1,0.89,77,147
6,1,0.89,78,168
6,1,0.89,79,160
6,1,0.89,80,142
6,1,0.89,81,185
6,1,0.89,82,190
6,1,0.89,83,185
6,1,0.89,84,172
6,1,0.89,85,190
6,1,0.89,86,196
6,1,0.89,87,206
6,1,0.89,88,187
6,1,0.89,89,205
6,1,0.89,90,199
6,1,0.89,91,203
6,1,0.89,92,215
6,1,0.89,93,236
6,1,0.89,94,226
6,1,0.89,95,264
6,1,0.89,96,259
6,1,0.89,97,273
6,1,0.89,98,268
6,1,0.89,99,279
6,1,0.89,100,315
6,1,0.89,101,277
6,1,0.89,102,301
6,1,0.89,103,308
6,1,0.89,104,335
6,1,0.89,105,336
6,1,0.89,106,363
6,1,0.89,107,346
6,1,0.89,108,395
6,1,0.89,109,370
6,1,0.89,110,466
6,1,0.89,111,458
6,1,0.89,112,503
6,1,0.89,113,504
6,1,0.89,114,547
6,1,0.89,115,546
6,1,0.89,116,579
6,1,0.89,117,653
6,1,0.89,118,690
6,1,0.89,119,808
6,1,0.89,120,842
6,1,0.89,121,813
6,1,0.89,122,937
6,1,0.89,123,1094
6,1,0.89,124,1337
6,1,0.89,125,1807
6,1,0.89,126,2163
6,1,0.89,127,3762
6,1,0.89,128,19069
7,0,0.15,0,32751
7,0,0.15,1,5653
7,0,0.15,2,3059
7,0,0.15,3,2131
7,0,0.15,4,1706
7,0,0.15,5,1231
7,0,0.15,6,1191
7,0,0.15,7,950
7,0,0.15,8,866
7,0,0.15,9,748
7,0,0.15,10,641
7,0,0.15,11,638
7,0,0.15,12,538
7,0,0.15,13,518
7,0,0.15,14,499
7,0,0.15,15,437
7,0,0.15,16,441
7,0,0.15,17,381
7,0,0.15,18,357
7,0,0.15,19,338
7,0,0.15,20,296
7,0,0.15,21,287
7,0,0.15,22,279
7,0,0.15,23,243
7,0,0.15,24,257
7,0,0.15,25,214
7,0,0.15,26,218
7,0,0.15,27,234
7,0,0.15,28,209
7,0,0.15,29,223
7,0,0.15,30,176
7,0,0.15,31,192
7,0,0.15,32,178
7,0,0.15,33,159
7,0,0.15,34,181
7,0,0.15,35,167
7,0,0.15,36,156
7,0,0.15,37,145
7,0,0.15,38,152
7,0,0.15,39,150
7,0,0.15,40,122
7,0,0.15,41,135
7,0,0.15,42,101
7,0,0.15,43,134
7,0,0.15,44,104
7,0,0.15,45,113
7,0,0.15,46,126
7,0,0.15,47,124
7,0,0.15,48,93
7,0,0.15,49,110
7,0,0.15,50,98
7,0,0.15,51,85
7,0,0.15,52,105
7,0,0.15,53,89
7,0,0.15,54,97
7,0,0.15,55,90
7,0,0.15,56,88
7,0,0.15,57,89
7,0,0.15,58,89
7,0,0.15,59,92
7,0,0.15,60,71
7,0,0.15,61,84
7,0,0.15,62,74
7,0,0.15,63,66
7,0,0.15,64,73
7,0,0.15,65,64
7,0,0.15,66,73
7,0,0.15,67,59
7,0,0.15,68,66
7,0,0.15,69,50
7,0,0.15,70,55
7,0,0.15,71,57
7,0,0.15,72,68
7,0,0.15,73,46
7,0,0.15,74,51
7,0,0.15,75,53
7,0,0.15,76,51
7,0,0.15,77,55
7,0,0.15,78,47
7,0,0.15,79,58
7,0,0.15,80,44
7,0,0.15,81,51
7,0,0.15,82,52
7,0,0.15,83,43
7,0,0.15,84,52
7,0,0.15,85,36
7,0,0.15,86,40
7,0,0.15,87,43
7,0,0.15,88,35
7,0,0.15,89,36
7,0,0.15,90,38
7,0,0.15,91,44
7,0,0.15,92,33
7,0,0.15,93,53
7,0,0.15,94,43
7,0,0.15,95,41
7,0,0.15,96,36
7,0,0.15,97,47
7,0,0.15,98,32
7,0,0.15,99,29
7,0,0.15,100,27
7,0,0.15,101,39
7,0,0.15,102,28
7,0,0.15,103,30
7,0,0.15,104,31
7,0,0.15,105,32
7,0,0.15,106,32
7,0,0.15,107,28
7,0,0.15,108,29
7,0,0.15,109,44
7,0,0.15,110,23
7,0,0.15,111,38
7,0,0.15,112,34
7,0,0.15,113,36
7,0,0.15,114,27
7,0,0.15,115,30
7,0,0.15,116,33
7,0,0.15,117,41
7,0,0.15,118,42
7,0,0.15,119,45
7,0,0.15,120,42
7,0,0.15,121,47
7,0,0.15,122,48
7,0,0.15,123,45
7,0,0.15,124,44
7,0,0.15,125,59
7,0,0.15,126,44
7,0,0.15,127,74
7,0,0.15,128,1141
7,0,0.5,0,15694
7,0,0.5,1,4072
7,0,0.5,2,2538
7,0,0.5,3,1949
7,0,0.5,4,1609
7,0,0.5,5,1284
7,0,0.5,6,1175
7,0,0.5,7,995
7,0,0.5,8,963
7,0,0.5,9,866
7,0,0.5,10,817
7,0,0.5,11,717
7,0,0.5,12,699
7,0,0.5,13,688
7,0,0.5,14,642
7,0,0.5,15,626
7,0,0.5,16,555
7,0,0.5,17,562
7,0,0.5,18,543
7,0,0.5,19,483
7,0,0.5,20,467
7,0,0.5,21,508
7,0,0.5,22,453
7,0,0.5,23,437
7,0,0.5,24,460
7,0,0.5,25,437
7,0,0.5,26,425
7,0,0.5,27,386
7,0,0.5,28,378
7,0,0.5,29,384
7,0,0.5,30,393
7,0,0.5,31,369
7,0,0.5,32,385
7,0,0.5,33,364
7,0,0.5,34,332
7,0,0.5,35,313
7,0,0.5,36,324
7,0,0.5,37,329
7,0,0.5,38,306
7,0,0.5,39,271
7,0,0.5,40,282
7,0,0.5,41,272
7,0,0.5,42,260
7,0,0.5,43,285
7,0,0.5,44,254
7,0,0.5,45,246
7,0,0.5,46,260
7,0,0.5,47,254
7,0,0.5,48,251
7,0,0.5,49,267
7,0,0.5,50,227
7,0,0.5,51,253
7,0,0.5,52,245
7,0,0.5,53,220
7,0,0.5,54,236
7,0,0.5,55,259
7,0,0.5,56,233
7,0,0.5,57,230
7,0,0.5,58,218
7,0,0.5,59,195
7,0,0.5,60,211
7,0,0.5,61,231
7,0,0.5,62,214
7,0,0.5,63,211
7,0,0.5,64,242
7,0,0.5,65,203
7,0,0.5,66,202
7,0,0.5,67,231
7,0,0.5,68,210
7,0,0.5,69,211
7,0,0.5,70,193
7,0,0.5,71,172
7,0,0.5,72,180
7,0,0.5,73,195
7,0,0.5,74,192
7,0,0.5,75,192
7,0,0.5,76,180
7,0,0.5,77,172
7,0,0.5,78,171
7,0,0.5,79,173
7,0,0.5,80,187
7,0,0.5,81,168
7,0,0.5,82,152
7,0,0.5,83,163
7,0,0.5,84,174
7,0,0.5,85,158
7,0,0.5,86,189
7,0,0.5,87,171
7,0,0.5,88,178
7,0,0.5,89,188
7,0,0.5,90,171
7,0,0.5,91,146
7,0,0.5,92,169
7,0,0.5,93,170
7,0,0.5,94,165
7,0,0.5,95,171
7,0,0.5,96,165
7,0,0.5,97,174
7,0,0.5,98,155
7,0,0.5,99,183
7,0,0.5,100,180
7,0,0.5,101,191
7,0,0.5,102,185
7,0,0.5,103,182
7,0,0.5,104,194
7,0,0.5,105,211
7,0,0.5,106,193
7,0,0.5,107,187
7,0,0.5,108,197
7,0,0.5,109,188
7,0,0.5,110,190
7,0,0.5,111,202
7,0,0.5,112,194
7,0,0.5,113,195
7,0,0.5,114,213
7,0,0.5,115,205
7,0,0.5,116,226
7,0,0.5,117,218
7,0,0.5,118,257
7,0,0.5,119,255
7,0,0.5,120,238
7,0,0.5,121,248
7,0,0.5,122,276
7,0,0.5,123,281
7,0,0.5,124,275
7,0,0.5,125,331
7,0,0.5,126,355
7,0,0.5,127,382
7,0,0.5,128,1559
7,0,0.9,0,1068
7,0,0.9,1,730
7,0,0.9,2,591
7,0,0.9,3,525
7,0,0.9,4,479
7,0,0.9,5,498
7,0,0.9,6,424
7,0,0.9,7,406
7,0,0.9,8,385
7,0,0.9,9,372
7,0,0.9,10,334
7,0,0.9,11,359
7,0,0.9,12,310
7,0,0.9,13,331
7,0,0.9,14,288
7,0,0.9,15,311
7,0,0.9,16,311
7,0,0.9,17,290
7,0,0.9,18,295
7,0,0.9,19,257
7,0,0.9,20,291
7,0,0.9,21,249
7,0,0.9,22,241
7,0,0.9,23,264
7,0,0.9,24,244
7,0,0.9,25,253
7,0,0.9,26,241
7,0,0.9,27,261
7,0,0.9,28,239
7,0,0.9,29,224
7,0,0.9,30,211
7,0,0.9,31,238
7,0,0.9,32,236
7,0,0.9,33,221
7,0,0.9,34,242
7,0,0.9,35,232
7,0,0.9,36,199
7,0,0.9,37,231
7,0,0.9,38,239
7,0,0.9,39,230
7,0,0.9,40,214
7,0,0.9,41,227
7,0,0.9,42,224
7,0,0.9,43,198
7,0,0.9,44,239
7,0,0.9,45,219
7,0,0.9,46,215
7,0,0.9,47,216
7,0,0.9,48,229
7,0,0.9,49,228
7,0,0.9,50,208
7,0,0.9,51,216
7,0,0.9,52,239
7,0,0.9,53,211
7,0,0.9,54,189
7,0,0.9,55,225
7,0,0.9,56,230
7,0,0.9,57,198
7,0,0.9,58,216
7,0,0.9,59,209
7,0,0.9,60,233
7,0,0.9,61,203
7,0,0.9,62,226
7,0,0.9,63,226
7,0,0.9,64,259
7,0,0.9,65,251
7,0,0.9,66,216
7,0,0.9,67,205
7,0,0.9,68,216
7,0,0.9,69,206
7,0,0.9,70,204
7,0,0.9,71,222
7,0,0.9,72,228
7,0,0.9,73,214
7,0,0.9,74,229
7,0,0.9,75,243
7,0,0.9,76,234
7,0,0.9,77,253
7,0,0.9,78,250
7,0,0.9,79,257
7,0,0.9,80,258
7,0,0.9,81,251
7,0,0.9,82,243
7,0,0.9,83,267
7,0,0.9,84,270
7,0,0.9,85,269
7,0,0.9,86,262
7,0,0.9,87,271
7,0,0.9,88,265
7,0,0.9,89,264
7,0,0.9,90,289
7,0,0.9,91,315
7,0,0.9,92,270
7,0,0.9,93,318
7,0,0.9,94,316
7,0,0.9,95,330
7,0,0.9,96,301
7,0,0.9,97,327
7,0,0.9,98,320
7,0,0.9,99,363
7,0,0.9,100,357
7,0,0.9,101,376
7,0,0.9,102,366
7,0,0.9,103,374
7,0,0.9,104,408
7,0,0.9,105,396
7,0,0.9,106,423
7,0,0.9,107,413
7,0,0.9,108,450
7,0,0.9,109,484
7,0,0.9,110,450
7,0,0.9,111,510
7,0,0.9,112,518
7,0,0.9,113,573
7,0,0.9,114,585
7,0,0.9,115,647
7,0,0.9,116,646
7,0,0.9,117,705
7,0,0.9,118,733
7,0,0.9,119,788
7,0,0.9,120,888
7,0,0.9,121,936
7,0,0.9,122,1013
7,0,0.9,123,1179
7,0,0.9,124,1353
7,0,0.9,125,1774
7,0,0.9,126,2276
7,0,0.9,127,3781
7,0,0.9,128,14090
7,1,0.14,0,32953
7,1,0.14,1,5692
7,1,0.14,2,3090
7,1,0.14,3,2103
7,1,0.14,4,1701
7,1,0.14,5,1252
7,1,0.14,6,1163
7,1,0.14,7,960
7,1,0.14,8,818
7,1,0.14,9,744
7,1,0.14,10,681
7,1,0.14,11,604
7,1,0.14,12,510
7,1,0.14,13,523
7,1,0.14,14,476
7,1,0.14,15,420
7,1,0.14,16,409
7,1,0.14,17,396
7,1,0.14,18,367
7,1,0.14,19,344
7,1,0.14,20,283
7,1,0.14,21,262
7,1,0.14,22,270
7,1,0.14,23,253
7,1,0.14,24,272
7,1,0.14,25,220
7,1,0.14,26,214
7,1,0.14,27,214
7,1,0.14,28,218
7,1,0.14,29,193
7,1,0.14,30,200
7,1,0.14,31,182
7,1,0.14,32,166
7,1,0.14,33,185
7,1,0.14,34,154
7,1,0.14,35,151
7,1,0.14,36,168
7,1,0.14,37,141
7,1,0.14,38,124
7,1,0.14,39,174
7,1,0.14,40,136
7,1,0.14,41,125
7,1,0.14,42,111
7,1,0.14,43,148
7,1,0.14,44,105
7,1,0.14,45,109
7,1,0.14,46,115
7,1,0.14,47,104
7,1,0.14,48,107
7,1,0.14,49,78
7,1,0.14,50,96
7,1,0.14,51,102
7,1,0.14,52,85
7,1,0.14,53,90
7,1,0.14,54,90
7,1,0.14,55,101
7,1,0.14,56,96
7,1,0.14,57,99
7,1,0.14,58,82
7,1,0.14,59,68
7,1,0.14,60,79
7,1,0.14,61,75
7,1,0.14,62,74
7,1,0.14,63,76
7,1,0.14,64,76
7,1,0.14,65,69
7,1,0.14,66,72
7,1,0.14,67,47
7,1,0.14,68,61
7,1,0.14,69,53
7,1,0.14,70,57
7,1,0.14,71,58
7,1,0.14,72,71
7,1,0.14,73,60
7,1,0.14,74,50
7,1,0.14,75,48
7,1,0.14,76,56
7,1,0.14,77,56
7,1,0.14,78,39
7,1,0.14,79,39
7,1,0.14,80,48
7,1,0.14,81,41
7,1,0.14,82,54
7,1,0.14,83,47
7,1,0.14,84,39
7,1,0.14,85,41
7,1,0.14,86,37
7,1,0.14,87,32
7,1,0.14,88,43
7,1,0.14,89,42
7,1,0.14,90,37
7,1,0.14,91,52
7,1,0.14,92,38
7,1,0.14,93,51
7,1,0.14,94,47
7,1,0.14,95,37
7,1,0.14,96,29
7,1,0.14,97,39
7,1,0.14,98,35
7,1,0.14,99,28
7,1,0.14,100,33
7,1,0.14,101,21
7,1,0.14,102,27
7,1,0.14,103,46
7,1,0.14,104,22
7,1,0.14,105,33
7,1,0.14,106,35
7,1,0.14,107,35
7,1,0.14,108,28
7,1,0.14,109,36
7,1,0.14,110,28
7,1,0.14,111,34
7,1,0.14,112,39
7,1,0.14,113,29
7,1,0.14,114,32
7,1,0.14,115,26
7,1,0.14,116,26
7,1,0.14,117,40
7,1,0.14,118,50
7,1,0.14,119,37
7,1,0.14,120,51
7,1,0.14,121,37
7,1,0.14,122,45
7,1,0.14,123,45
7,1,0.14,124,56
7,1,0.14,125,56
7,1,0.14,126,43
7,1,0.14,127,70
7,1,0.14,128,1146
7,1,0.49,0,15635
7,1,0.49,1,4090
7,1,0.49,2,2579
7,1,0.49,3,1904
7,1,0.49,4,1546
7,1,0.49,5,1347
7,1,0.49,6,1173
7,1,0.49,7,1034
7,1,0.49,8,920
7,1,0.49,9,863
7,1,0.49,10,858
7,1,0.49,11,719
7,1,0.49,12,711
7,1,0.49,13,667
7,1,0.49,14,653
7,1,0.49,15,613
7,1,0.49,16,548
7,1,0.49,17,569
7,1,0.49,18,548
7,1,0.49,19,490
7,1,0.49,20,486
7,1,0.49,21,469
7,1,0.49,22,474
7,1,0.49,23,499
7,1,0.49,24,446
7,1,0.49,25,414
7,1,0.49,26,393
7,1,0.49,27,437
7,1,0.49,28,388
7,1,0.49,29,385
7,1,0.49,30,395
7,1,0.49,31,379
7,1,0.49,32,383
7,1,0.49,33,346
7,1,0.49,34,345
7,1,0.49,35,329
7,1,0.49,36,303
7,1,0.49,37,343
7,1,0.49,38,283
7,1,0.49,39,266
7,1,0.49,40,260
7,1,0.49,41,324
7,1,0.49,42,257
7,1,0.49,43,271
7,1,0.49,44,250
7,1,0.49,45,252
7,1,0.49,46,254
7,1,0.49,47,258
7,1,0.49,48,239
7,1,0.49,49,264
7,1,0.49,50,244
7,1,0.49,51,257
7,1,0.49,52,256
7,1,0.49,53,240
7,1,0.49,54,213
7,1,0.49,55,257
7,1,0.49,56,209
7,1,0.49,57,218
7,1,0.49,58,228
7,1,0.49,59,215
7,1,0.49,60,216
7,1,0.49,61,225
7,1,0.49,62,217
7,1,0.49,63,224
7,1,0.49,64,215
7,1,0.49,65,202
7,1,0.49,66,185
7,1,0.49,67,218
7,1,0.49,68,204
7,1,0.49,69,222
7,1,0.49,70,186
7,1,0.49,71,177
7,1,0.49,72,178
7,1,0.49,73,235
7,1,0.49,74,155
7,1,0.49,75,183
7,1,0.49,76,191
7,1,0.49,77,190
7,1,0.49,78,153
7,1,0.49,79,169
7,1,0.49,80,162
7,1,0.49,81,182
7,1,0.49,82,153
7,1,0.49,83,196
7,1,0.49,84,171
7,1,0.49,85,145
7,1,0.49,86,173
7,1,0.49,87,181
7,1,0.49,88,167
7,1,0.49,89,172
7,1,0.49,90,174
7,1,0.49,91,154
7,1,0.49,92,196
7,1,0.49,93,166
7,1,0.49,94,159
7,1,0.49,95,166
7,1,0.49,96,190
7,1,0.49,97,156
7,1,0.49,98,184
7,1,0.49,99,184
7,1,0.49,100,148
7,1,0.49,101,179
7,1,0.49,102,171
7,1,0.49,103,203
7,1,0.49,104,193
7,1,0.49,105,205
7,1,0.49,106,168
7,1,0.49,107,195
7,1,0.49,108,176
7,1,0.49,109,178
7,1,0.49,110,191
7,1,0.49,111,192
7,1,0.49,112,195
7,1,0.49,113,207
7,1,0.49,114,240
7,1,0.49,115,195
7,1,0.49,116,197
7,1,0.49,117,238
7,1,0.49,118,244
7,1,0.49,119,244
7,1,0.49,120,219
7,1,0.49,121,270
7,1,0.49,122,291
7,1,0.49,123,288
7,1,0.49,124,285
7,1,0.49,125,334
7,1,0.49,126,356
7,1,0.49,127,376
7,1,0.49,128,1586
7,1,0.89,0,1046
7,1,0.89,1,646
7,1,0.89,2,545
7,1,0.89,3,518
7,1,0.89,4,505
7,1,0.89,5,410
7,1,0.89,6,387
7,1,0.89,7,397
7,1,0.89,8,371
7,1,0.89,9,323
7,1,0.89,10,339
7,1,0.89,11,300
7,1,0.89,12,338
7,1,0.89,13,309
7,1,0.89,14,277
7,1,0.89,15,296
7,1,0.89,16,283
7,1,0.89,17,258
7,1,0.89,18,252
7,1,0.89,19,249
7,1,0.89,20,267
7,1,0.89,21,265
7,1,0.89,22,278
7,1,0.89,23,250
7,1,0.89,24,244
7,1,0.89,25,230
7,1,0.89,26,214
7,1,0.89,27,246
7,1,0.89,28,219
7,1,0.89,29,218
7,1,0.89,30,208
7,1,0.89,31,218
7,1,0.89,32,234
7,1,0.89,33,225
7,1,0.89,34,213
7,1,0.89,35,226
7,1,0.89,36,226
7,1,0.89,37,224
7,1,0.89,38,208
7,1,0.89,39,190
7,1,0.89,40,218
7,1,0.89,41,201
7,1,0.89,42,225
7,1,0.89,43,199
7,1,0.89,44,197
7,1,0.89,45,201
7,1,0.89,46,205
7,1,0.89,47,253
7,1,0.89,48,209
7,1,0.89,49,236
7,1,0.89,50,220
7,1,0.89,51,235
7,1,0.89,52,198
7,1,0.89,53,208
7,1,0.89,54,209
7,1,0.89,55,217
7,1,0.89,56,230
7,1,0.89,57,240
7,1,0.89,58,214
7,1,0.89,59,205
7,1,0.89,60,227
7,1,0.89,61,253
7,1,0.89,62,222
7,1,0.89,63,198
7,1,0.89,64,212
7,1,0.89,65,231
7,1,0.89,66,216
7,1,0.89,67,200
7,1,0.89,68,227
7,1,0.89,69,232
7,1,0.89,70,223
7,1,0.89,71,268
7,1,0.89,72,219
7,1,0.89,73,214
7,1,0.89,74,249
7,1,0.89,75,249
7,1,0.89,76,213
7,1,0.89,77,238
7,1,0.89,78,261
7,1,0.89,79,218
7,1,0.89,80,265
7,1,0.89,81,250
7,1,0.89,82,250
7,1,0.89,83,260
7,1,0.89,84,283
7,1,0.89,85,254
7,1,0.89,86,274
7,1,0.89,87,279
7,1,0.89,88,289
7,1,0.89,89,282
7,1,0.89,90,299
7,1,0.89,91,302
7,1,0.89,92,290
7,1,0.89,93,305
7,1,0.89,94,315
7,1,0.89,95,311
7,1,0.89,96,344
7,1,0.89,97,336
7,1,0.89,98,327
7,1,0.89,99,375
7,1,0.89,100,358
7,1,0.89,101,346
7,1,0.89,102,375
7,1,0.89,103,385
7,1,0.89,104,423
7,1,0.89,105,408
7,1,0.89,106,430
7,1,0.89,107,445
7,1,0.89,108,467
7,1,0.89,109,488
7,1,0.89,110,523
7,1,0.89,111,509
7,1,0.89,112,555
7,1,0.89,113,565
7,1,0.89,114,616
7,1,0.89,115,622
7,1,0.89,116,656
7,1,0.89,117,746
7,1,0.89,118,773
7,1,0.89,119,785
7,1,0.89,120,852
7,1,0.89,121,975
7,1,0.89,122,1069
7,1,0.89,123,1174
7,1,0.89,124,1318
7,1,0.89,125,1861
7,1,0.89,126,2401
7,1,0.89,127,3772
7,1,0.89,128,14207
8,0,0.15,0,37202
8,0,0.15,1,4492
8,0,0.15,2,2447
8,0,0.15,3,1738
8,0,0.15,4,1292
8,0,0.15,5,1001
8,0,0.15,6,790
8,0,0.15,7,749
8,0,0.15,8,639
8,0,0.15,9,609
8,0,0.15,10,536
8,0,0.15,11,480
8,0,0.15,12,438
8,0,0.15,13,386
8,0,0.15,14,361
8,0,0.15,15,383
8,0,0.15,16,332
8,0,0.15,17,315
8,0,0.15,18,303
8,0,0.15,19,305
8,0,0.15,20,256
8,0,0.15,21,257
8,0,0.15,22,241
8,0,0.15,23,233
8,0,0.15,24,202
8,0,0.15,25,196
8,0,0.15,26,196
8,0,0.15,27,201
8,0,0.15,28,192
8,0,0.15,29,163
8,0,0.15,30,170
8,0,0.15,31,142
8,0,0.15,32,178
8,0,0.15,33,150
8,0,0.15,34,158
8,0,0.15,35,155
8,0,0.15,36,145
8,0,0.15,37,128
8,0,0.15,38,143
8,0,0.15,39,131
8,0,0.15,40,129
8,0,0.15,41,137
8,0,0.15,42,135
8,0,0.15,43,109
8,0,0.15,44,122
8,0,0.15,45,111
8,0,0.15,46,131
8,0,0.15,47,111
8,0,0.15,48,110
8,0,0.15,49,92
8,0,0.15,50,123
8,0,0.15,51,103
8,0,0.15,52,83
8,0,0.15,53,101
8,0,0.15,54,106
8,0,0.15,55,93
8,0,0.15,56,87
8,0,0.15,57,103
8,0,0.15,58,92
8,0,0.15,59,113
8,0,0.15,60,102
8,0,0.15,61,89
8,0,0.15,62,87
8,0,0.15,63,92
8,0,0.15,64,86
8,0,0.15,65,81
8,0,0.15,66,76
8,0,0.15,67,73
8,0,0.15,68,68
8,0,0.15,69,76
8,0,0.15,70,62
8,0,0.15,71,69
8,0,0.15,72,62
8,0,0.15,73,72
8,0,0.15,74,63
8,0,0.15,75,50
8,0,0.15,76,78
8,0,0.15,77,66
8,0,0.15,78,62
8,0,0.15,79,53
8,0,0.15,80,64
8,0,0.15,81,54
8,0,0.15,82,51
8,0,0.15,83,55
8,0,0.15,84,60
8,0,0.15,85,63
8,0,0.15,86,52
8,0,0.15,87,50
8,0,0.15,88,48
8,0,0.15,89,53
8,0,0.15,90,35
8,0,0.15,91,55
8,0,0.15,92,47
8,0,0.15,93,49
8,0,0.15,94,41
8,0,0.15,95,56
8,0,0.15,96,47
8,0,0.15,97,35
8,0,0.15,98,54
8,0,0.15,99,44
8,0,0.15,100,49
8,0,0.15,101,58
8,0,0.15,102,47
8,0,0.15,103,39
8,0,0.15,104,43
8,0,0.15,105,32
8,0,0.15,106,48
8,0,0.15,107,36
8,0,0.15,108,47
8,0,0.15,109,41
8,0,0.15,110,50
8,0,0.15,111,36
8,0,0.15,112,43
8,0,0.15,113,38
8,0,0.15,114,46
8,0,0.15,115,36
8,0,0.15,116,36
8,0,0.15,117,38
8,0,0.15,118,41
8,0,0.15,119,39
8,0,0.15,120,46
8,0,0.15,121,54
8,0,0.15,122,55
8,0,0.15,123,47
8,0,0.15,124,57
8,0,0.15,125,58
8,0,0.15,126,63
8,0,0.15,127,71
8,0,0.15,128,1136
8,0,0.5,0,24059
8,0,0.5,1,4268
8,0,0.5,2,2491
8,0,0.5,3,1775
8,0,0.5,4,1398
8,0,0.5,5,1083
8,0,0.5,6,1017
8,0,0.5,7,845
8,0,0.5,8,738
8,0,0.5,9,676
8,0,0.5,10,606
8,0,0.5,11,553
8,0,0.5,12,517
8,0,0.5,13,474
8,0,0.5,14,451
8,0,0.5,15,451
8,0,0.5,16,429
8,0,0.5,17,407
8,0,0.5,18,361
8,0,0.5,19,394
8,0,0.5,20,329
8,0,0.5,21,295
8,0,0.5,22,332
8,0,0.5,23,354
8,0,0.5,24,299
8,0,0.5,25,295
8,0,0.5,26,315
8,0,0.5,27,274
8,0,0.5,28,277
8,0,0.5,29,279
8,0,0.5,30,261
8,0,0.5,31,226
8,0,0.5,32,231
8,0,0.5,33,247
8,0,0.5,34,231
8,0,0.5,35,241
8,0,0.5,36,231
8,0,0.5,37,231
8,0,0.5,38,220
8,0,0.5,39,204
8,0,0.5,40,193
8,0,0.5,41,204
8,0,0.5,42,234
8,0,0.5,43,205
8,0,0.5,44,187
8,0,0.5,45,199
8,0,0.5,46,195
8,0,0.5,47,196
8,0,0.5,48,205
8,0,0.5,49,167
8,0,0.5,50,181
8,0,0.5,51,195
8,0,0.5,52,185
8,0,0.5,53,182
8,0,0.5,54,167
8,0,0.5,55,154
8,0,0.5,56,201
8,0,0.5,57,164
8,0,0.5,58,183
8,0,0.5,59,168
8,0,0.5,60,191
8,0,0.5,61,169
8,0,0.5,62,167
8,0,0.5,63,199
8,0,0.5,64,182
8,0,0.5,65,173
8,0,0.5,66,160
8,0,0.5,67,148
8,0,0.5,68,152
8,0,0.5,69,161
8,0,0.5,70,135
8,0,0.5,71,157
8,0,0.5,72,138
8,0,0.5,73,161
8,0,0.5,74,147
8,0,0.5,75,131
8,0,0.5,76,143
8,0,0.5,77,140
8,0,0.5,78,146
8,0,0.5,79,109
8,0,0.5,80,110
8,0,0.5,81,131
8,0,0.5,82,137
8,0,0.5,83,135
8,0,0.5,84,149
8,0,0.5,85,130
8,0,0.5,86,145
8,0,0.5,87,137
8,0,0.5,88,147
8,0,0.5,89,129
8,0,0.5,90,135
8,0,0.5,91,142
8,0,0.5,92,132
8,0,0.5,93,109
8,0,0.5,94,116
8,0,0.5,95,135
8,0,0.5,96,123
8,0,0.5,97,140
8,0,0.5,98,138
8,0,0.5,99,121
8,0,0.5,100,129
8,0,0.5,101,144
8,0,0.5,102,128
8,0,0.5,103,128
8,0,0.5,104,117
8,0,0.5,105,141
8,0,0.5,106,131
8,0,0.5,107,137
8,0,0.5,108,134
8,0,0.5,109,134
8,0,0.5,110,154
8,0,0.5,111,160
8,0,0.5,112,170
8,0,0.5,113,159
8,0,0.5,114,170
8,0,0.5,115,196
8,0,0.5,116,165
8,0,0.5,117,211
8,0,0.5,118,204
8,0,0.5,119,231
8,0,0.5,120,249
8,0,0.5,121,245
8,0,0.5,122,286
8,0,0.5,123,299
8,0,0.5,124,319
8,0,0.5,125,368
8,0,0.5,126,396
8,0,0.5,127,501
8,0,0.5,128,1850
8,0,0.9,0,4764
8,0,0.9,1,1830
8,0,0.9,2,1196
8,0,0.9,3,1058
8,0,0.9,4,877
8,0,0.9,5,821
8,0,0.9,6,734
8,0,0.9,7,667
8,0,0.9,8,615
8,0,0.9,9,594
8,0,0.9,10,543
8,0,0.9,11,528
8,0,0.9,12,509
8,0,0.9,13,454
8,0,0.9,14,428
8,0,0.9,15,422
8,0,0.9,16,362
8,0,0.9,17,397
8,0,0.9,18,343
8,0,0.9,19,317
8,0,0.9,20,350
8,0,0.9,21,302
8,0,0.9,22,292
8,0,0.9,23,314
8,0,0.9,24,283
8,0,0.9,25,276
8,0,0.9,26,287
8,0,0.9,27,269
8,0,0.9,28,282
8,0,0.9,29,281
8,0,0.9,30,257
8,0,0.9,31,264
8,0,0.9,32,255
8,0,0.9,33,258
8,0,0.9,34,267
8,0,0.9,35,247
8,0,0.9,36,245
8,0,0.9,37,257
8,0,0.9,38,250
8,0,0.9,39,217
8,0,0.9,40,230
8,0,0.9,41,228
8,0,0.9,42,208
8,0,0.9,43,232
8,0,0.9,44,235
8,0,0.9,45,219
8,0,0.9,46,248
8,0,0.9,47,223
8,0,0.9,48,234
8,0,0.9,49,229
8,0,0.9,50,262
8,0,0.9,51,245
8,0,0.9,52,220
8,0,0.9,53,216
8,0,0.9,54,224
8,0,0.9,55,229
8,0,0.9,56,220
8,0,0.9,57,224
8,0,0.9,58,255
8,0,0.9,59,224
8,0,0.9,60,229
8,0,0.9,61,244
8,0,0.9,62,242
8,0,0.9,63,220
8,0,0.9,64,257
8,0,0.9,65,221
8,0,0.9,66,257
8,0,0.9,67,212
8,0,0.9,68,251
8,0,0.9,69,231
8,0,0.9,70,255
8,0,0.9,71,273
8,0,0.9,72,278
8,0,0.9,73,252
8,0,0.9,74,256
8,0,0.9,75,240
8,0,0.9,76,241
8,0,0.9,77,233
8,0,0.9,78,252
8,0,0.9,79,255
8,0,0.9,80,250
8,0,0.9,81,249
8,0,0.9,82,241
8,0,0.9,83,265
8,0,0.9,84,247
8,0,0.9,85,267
8,0,0.9,86,274
8,0,0.9,87,264
8,0,0.9,88,281
8,0,0.9,89,255
8,0,0.9,90,303
8,0,0.9,91,277
8,0,0.9,92,295
8,0,0.9,93,282
8,0,0.9,94,267
8,0,0.9,95,278
8,0,0.9,96,294
8,0,0.9,97,269
8,0,0.9,98,296
8,0,0.9,99,298
8,0,0.9,100,318
8,0,0.9,101,311
8,0,0.9,102,311
8,0,0.9,103,329
8,0,0.9,104,334
8,0,0.9,105,368
8,0,0.9,106,374
8,0,0.9,107,368
8,0,0.9,108,406
8,0,0.9,109,380
8,0,0.9,110,384
8,0,0.9,111,383
8,0,0.9,112,407
8,0,0.9,113,419
8,0,0.9,114,426
8,0,0.9,115,440
8,0,0.9,116,490
8,0,0.9,117,503
8,0,0.9,118,507
8,0,0.9,119,528
8,0,0.9,120,645
8,0,0.9,121,689
8,0,0.9,122,740
8,0,0.9,123,762
8,0,0.9,124,911
8,0,0.9,125,1080
8,0,0.9,126,1427
8,0,0.9,127,2072
8,0,0.9,128,11356
8,1,0.14,0,37340
8,1,0.14,1,4521
8,1,0.14,2,2404
8,1,0.14,3,1728
8,1,0.14,4,1297
8,1,0.14,5,962
8,1,0.14,6,818
8,1,0.14,7,734
8,1,0.14,8,582
8,1,0.14,9,589
8,1,0.14,10,575
8,1,0.14,11,506
8,1,0.14,12,425
8,1,0.14,13,373
8,1,0.14,14,374
8,1,0.14,15,361
8,1,0.14,16,330
8,1,0.14,17,328
8,1,0.14,18,295
8,1,0.14,19,274
8,1,0.14,20,266
8,1,0.14,21,237
8,1,0.14,22,256
8,1,0.14,23,230
8,1,0.14,24,201
8,1,0.14,25,211
8,1,0.14,26,177
8,1,0.14,27,195
8,1,0.14,28,198
8,1,0.14,29,166
8,1,0.14,30,187
8,1,0.14,31,175
8,1,0.14,32,152
8,1,0.14,33,155
8,1,0.14,34,136
8,1,0.14,35,143
8,1,0.14,36,146
8,1,0.14,37,129
8,1,0.14,38,141
8,1,0.14,39,126
8,1,0.14,40,131
8,1,0.14,41,134
8,1,0.14,42,127
8,1,0.14,43,127
8,1,0.14,44,123
8,1,0.14,45,125
8,1,0.14,46,117
8,1,0.14,47,112
8,1,0.14,48,105
8,1,0.14,49,94
8,1,0.14,50,104
8,1,0.14,51,101
8,1,0.14,52,111
8,1,0.14,53,105
8,1,0.14,54,107
8,1,0.14,55,95
8,1,0.14,56,88
8,1,0.14,57,100
8,1,0.14,58,99
8,1,0.14,59,91
8,1,0.14,60,90
8,1,0.14,61,102
8,1,0.14,62,83
8,1,0.14,63,98
8,1,0.14,64,89
8,1,0.14,65,69
8,1,0.14,66,72
8,1,0.14,67,80
8,1,0.14,68,63
8,1,0.14,69,64
8,1,0.14,70,86
8,1,0.14,71,61
8,1,0.14,72,68
8,1,0.14,73,56
8,1,0.14,74,71
8,1,0.14,75,56
8,1,0.14,76,72
8,1,0.14,77,53
8,1,0.14,78,62
8,1,0.14,79,70
8,1,0.14,80,47
8,1,0.14,81,64
8,1,0.14,82,47
8,1,0.14,83,69
8,1,0.14,84,45
8,1,0.14,85,54
8,1,0.14,86,55
8,1,0.14,87,46
8,1,0.14,88,49
8,1,0.14,89,56
8,1,0.14,90,46
8,1,0.14,91,44
8,1,0.14,92,42
8,1,0.14,93,57
8,1,0.14,94,44
8,1,0.14,95,47
8,1,0.14,96,43
8,1,0.14,97,43
8,1,0.14,98,53
8,1,0.14,99,40
8,1,0.14,100,47
8,1,0.14,101,47
8,1,0.14,102,54
8,1,0.14,103,41
8,1,0.14,104,47
8,1,0.14,105,34
8,1,0.14,106,48
8,1,0.14,107,36
8,1,0.14,108,32
8,1,0.14,109,48
8,1,0.14,110,36
8,1,0.14,111,39
8,1,0.14,112,56
8,1,0.14,113,31
8,1,0.14,114,41
8,1,0.14,115,44
8,1,0.14,116,47
8,1,0.14,117,37
8,1,0.14,118,39
8,1,0.14,119,38
8,1,0.14,120,46
8,1,0.14,121,54
8,1,0.14,122,56
8,1,0.14,123,44
8,1,0.14,124,56
8,1,0.14,125,58
8,1,0.14,126,68
8,1,0.14,127,70
8,1,0.14,128,1147
8,1,0.49,0,23899
8,1,0.49,1,4327
8,1,0.49,2,2463
8,1,0.49,3,1791
8,1,0.49,4,1339
8,1,0.49,5,1127
8,1,0.49,6,997
8,1,0.49,7,848
8,1,0.49,8,808
8,1,0.49,9,650
8,1,0.49,10,589
8,1,0.49,11,562
8,1,0.49,12,524
8,1,0.49,13,506
8,1,0.49,14,440
8,1,0.49,15,439
8,1,0.49,16,432
8,1,0.49,17,403
8,1,0.49,18,384
8,1,0.49,19,371
8,1,0.49,20,312
8,1,0.49,21,313
8,1,0.49,22,355
8,1,0.49,23,347
8,1,0.49,24,286
8,1,0.49,25,281
8,1,0.49,26,298
8,1,0.49,27,297
8,1,0.49,28,300
8,1,0.49,29,257
8,1,0.49,30,277
8,1,0.49,31,263
8,1,0.49,32,255
8,1,0.49,33,246
8,1,0.49,34,241
8,1,0.49,35,214
8,1,0.49,36,231
8,1,0.49,37,223
8,1,0.49,38,200
8,1,0.49,39,234
8,1,0.49,40,182
8,1,0.49,41,192
8,1,0.49,42,202
8,1,0.49,43,208
8,1,0.49,44,201
8,1,0.49,45,183
8,1,0.49,46,213
8,1,0.49,47,192
8,1,0.49,48,182
8,1,0.49,49,200
8,1,0.49,50,194
8,1,0.49,51,197
8,1,0.49,52,201
8,1,0.49,53,164
8,1,0.49,54,171
8,1,0.49,55,167
8,1,0.49,56,163
8,1,0.49,57,164
8,1,0.49,58,178
8,1,0.49,59,180
8,1,0.49,60,194
8,1,0.49,61,199
8,1,0.49,62,174
8,1,0.49,63,180
8,1,0.49,64,183
8,1,0.49,65,176
8,1,0.49,66,172
8,1,0.49,67,155
8,1,0.49,68,158
8,1,0.49,69,127
8,1,0.49,70,157
8,1,0.49,71,160
8,1,0.49,72,155
8,1,0.49,73,148
8,1,0.49,74,149
8,1,0.49,75,118
8,1,0.49,76,140
8,1,0.49,77,130
8,1,0.49,78,139
8,1,0.49,79,125
8,1,0.49,80,135
8,1,0.49,81,134
8,1,0.49,82,156
8,1,0.49,83,130
8,1,0.49,84,127
8,1,0.49,85,147
8,1,0.49,86,152
8,1,0.49,87,122
8,1,0.49,88,117
8,1,0.49,89,129
8,1,0.49,90,138
8,1,0.49,91,132
8,1,0.49,92,121
8,1,0.49,93,126
8,1,0.49,94,121
8,1,0.49,95,133
8,1,0.49,96,147
8,1,0.49,97,125
8,1,0.49,98,135
8,1,0.49,99,130
8,1,0.49,100,135
8,1,0.49,101,147
8,1,0.49,102,120
8,1,0.49,103,118
8,1,0.49,104,125
8,1,0.49,105,133
8,1,0.49,106,136
8,1,0.49,107,138
8,1,0.49,108,152
8,1,0.49,109,135
8,1,0.49,110,143
8,1,0.49,111,162
8,1,0.49,112,174
8,1,0.49,113,146
8,1,0.49,114,193
8,1,0.49,115,166
8,1,0.49,116,174
8,1,0.49,117,201
8,1,0.49,118,191
8,1,0.49,119,241
8,1,0.49,120,237
8,1,0.49,121,255
8,1,0.49,122,299
8,1,0.49,123,281
8,1,0.49,124,306
8,1,0.49,125,384
8,1,0.49,126,428
8,1,0.49,127,487
8,1,0.49,128,1870
8,1,0.89,0,4611
8,1,0.89,1,1738
8,1,0.89,2,1126
8,1,0.89,3,996
8,1,0.89,4,858
8,1,0.89,5,790
8,1,0.89,6,678
8,1,0.89,7,644
8,1,0.89,8,627
8,1,0.89,9,582
8,1,0.89,10,537
8,1,0.89,11,501
8,1,0.89,12,475
8,1,0.89,13,464
8,1,0.89,14,435
8,1,0.89,15,424
8,1,0.89,16,354
8,1,0.89,17,366
8,1,0.89,18,309
8,1,0.89,19,356
8,1,0.89,20,314
8,1,0.89,21,307
8,1,0.89,22,298
8,1,0.89,23,266
8,1,0.89,24,314
8,1,0.89,25,305
8,1,0.89,26,299
8,1,0.89,27,267
8,1,0.89,28,255
8,1,0.89,29,263
8,1,0.89,30,259
8,1,0.89,31,249
8,1,0.89,32,275
8,1,0.89,33,264
8,1,0.89,34,238
8,1,0.89,35,233
8,1,0.89,36,276
8,1,0.89,37,249
8,1,0.89,38,241
8,1,0.89,39,232
8,1,0.89,40,267
8,1,0.89,41,208
8,1,0.89,42,261
8,1,0.89,43,247
8,1,0.89,44,237
8,1,0.89,45,247
8,1,0.89,46,225
8,1,0.89,47,222
8,1,0.89,48,220
8,1,0.89,49,220
8,1,0.89,50,206
8,1,0.89,51,194
8,1,0.89,52,239
8,1,0.89,53,234
8,1,0.89,54,224
8,1,0.89,55,221
8,1,0.89,56,220
8,1,0.89,57,231
8,1,0.89,58,240
8,1,0.89,59,213
8,1,0.89,60,245
8,1,0.89,61,244
8,1,0.89,62,251
8,1,0.89,63,248
8,1,0.89,64,229
8,1,0.89,65,244
8,1,0.89,66,261
8,1,0.89,67,256
8,1,0.89,68,253
8,1,0.89,69,242
8,1,0.89,70,263
8,1,0.89,71,280
8,1,0.89,72,245
8,1,0.89,73,273
8,1,0.89,74,260
8,1,0.89,75,238
8,1,0.89,76,238
8,1,0.89,77,235
8,1,0.89,78,236
8,1,0.89,79,265
8,1,0.89,80,281
8,1,0.89,81,274
8,1,0.89,82,268
8,1,0.89,83,268
8,1,0.89,84,257
8,1,0.89,85,277
8,1,0.89,86,281
8,1,0.89,87,252
8,1,0.89,88,272
8,1,0.89,89,286
8,1,0.89,90,273
8,1,0.89,91,237
8,1,0.89,92,284
8,1,0.89,93,256
8,1,0.89,94,300
8,1,0.89,95,279
8,1,0.89,96,301
8,1,0.89,97,317
8,1,0.89,98,317
8,1,0.89,99,306
8,1,0.89,100,331
8,1,0.89,101,277
8,1,0.89,102,345
8,1,0.89,103,310
8,1,0.89,104,365
8,1,0.89,105,352
8,1,0.89,106,385
8,1,0.89,107,375
8,1,0.89,108,348
8,1,0.89,109,396
8,1,0.89,110,389
8,1,0.89,111,405
8,1,0.89,112,380
8,1,0.89,113,410
8,1,0.89,114,424
8,1,0.89,115,448
8,1,0.89,116,501
8,1,0.89,117,516
8,1,0.89,118,523
8,1,0.89,119,541
8,1,0.89,120,619
8,1,0.89,121,681
8,1,0.89,122,768
8,1,0.89,123,789
8,1,0.89,124,888
8,1,0.89,125,1117
8,1,0.89,126,1433
8,1,0.89,127,2098
8,1,0.89,128,11679
9,0,0.15,0,38405
9,0,0.15,1,3870
9,0,0.15,2,2240
9,0,0.15,3,1559
9,0,0.15,4,1150
9,0,0.15,5,944
9,0,0.15,6,772
9,0,0.15,7,621
9,0,0.15,8,606
9,0,0.15,9,537
9,0,0.15,10,469
9,0,0.15,11,425
9,0,0.15,12,419
9,0,0.15,13,353
9,0,0.15,14,345
9,0,0.15,15,329
9,0,0.15,16,303
9,0,0.15,17,270
9,0,0.15,18,284
9,0,0.15,19,279
9,0,0.15,20,245
9,0,0.15,21,221
9,0,0.15,22,235
9,0,0.15,23,224
9,0,0.15,24,204
9,0,0.15,25,205
9,0,0.15,26,191
9,0,0.15,27,171
9,0,0.15,28,210
9,0,0.15,29,192
9,0,0.15,30,143
9,0,0.15,31,144
9,0,0.15,32,180
9,0,0.15,33,154
9,0,0.15,34,140
9,0,0.15,35,144
9,0,0.15,36,148
9,0,0.15,37,140
9,0,0.15,38,153
9,0,0.15,39,144
9,0,0.15,40,138
9,0,0.15,41,146
9,0,0.15,42,128
9,0,0.15,43,119
9,0,0.15,44,136
9,0,0.15,45,129
9,0,0.15,46,101
9,0,0.15,47,131
9,0,0.15,48,117
9,0,0.15,49,118
9,0,0.15,50,114
9,0,0.15,51,99
9,0,0.15,52,118
9,0,0.15,53,92
9,0,0.15,54,102
9,0,0.15,55,99
9,0,0.15,56,105
9,0,0.15,57,99
9,0,0.15,58,103
9,0,0.15,59,75
9,0,0.15,60,103
9,0,0.15,61,85
9,0,0.15,62,100
9,0,0.15,63,94
9,0,0.15,64,104
9,0,0.15,65,113
9,0,0.15,66,96
9,0,0.15,67,93
9,0,0.15,68,98
9,0,0.15,69,85
9,0,0.15,70,76
9,0,0.15,71,88
9,0,0.15,72,76
9,0,0.15,73,58
9,0,0.15,74,80
9,0,0.15,75,74
9,0,0.15,76,65
9,0,0.15,77,59
9,0,0.15,78,72
9,0,0.15,79,70
9,0,0.15,80,52
9,0,0.15,81,54
9,0,0.15,82,57
9,0,0.15,83,51
9,0,0.15,84,63
9,0,0.15,85,57
9,0,0.15,86,58
9,0,0.15,87,61
9,0,0.15,88,45
9,0,0.15,89,58
9,0,0.15,90,56
9,0,0.15,91,64
9,0,0.15,92,44
9,0,0.15,93,44
9,0,0.15,94,50
9,0,0.15,95,40
9,0,0.15,96,38
9,0,0.15,97,52
9,0,0.15,98,61
9,0,0.15,99,54
9,0,0.15,100,53
9,0,0.15,101,34
9,0,0.15,102,50
9,0,0.15,103,45
9,0,0.15,104,46
9,0,0.15,105,52
9,0,0.15,106,61
9,0,0.15,107,50
9,0,0.15,108,48
9,0,0.15,109,48
9,0,0.15,110,41
9,0,0.15,111,55
9,0,0.15,112,53
9,0,0.15,113,36
9,0,0.15,114,53
9,0,0.15,115,50
9,0,0.15,116,57
9,0,0.15,117,54
9,0,0.15,118,60
9,0,0.15,119,65
9,0,0.15,120,57
9,0,0.15,121,58
9,0,0.15,122,60
9,0,0.15,123,64
9,0,0.15,124,72
9,0,0.15,125,81
9,0,0.15,126,84
9,0,0.15,127,87
9,0,0.15,128,1177
9,0,0.5,0,26709
9,0,0.5,1,3598
9,0,0.5,2,2055
9,0,0.5,3,1487
9,0,0.5,4,1197
9,0,0.5,5,1059
9,0,0.5,6,866
9,0,0.5,7,822
9,0,0.5,8,722
9,0,0.5,9,653
9,0,0.5,10,591
9,0,0.5,11,588
9,0,0.5,12,529
9,0,0.5,13,483
9,0,0.5,14,462
9,0,0.5,15,452
9,0,0.5,16,399
9,0,0.5,17,394
9,0,0.5,18,397
9,0,0.5,19,319
9,0,0.5,20,340
9,0,0.5,21,341
9,0,0.5,22,324
9,0,0.5,23,288
9,0,0.5,24,275
9,0,0.5,25,268
9,0,0.5,26,285
9,0,0.5,27,267
9,0,0.5,28,261
9,0,0.5,29,260
9,0,0.5,30,248
9,0,0.5,31,237
9,0,0.5,32,213
9,0,0.5,33,231
9,0,0.5,34,231
9,0,0.5,35,199
9,0,0.5,36,211
9,0,0.5,37,189
9,0,0.5,38,174
9,0,0.5,39,185
9,0,0.5,40,188
9,0,0.5,41,158
9,0,0.5,42,210
9,0,0.5,43,187
9,0,0.5,44,194
9,0,0.5,45,192
9,0,0.5,46,193
9,0,0.5,47,188
9,0,0.5,48,156
9,0,0.5,49,151
9,0,0.5,50,170
9,0,0.5,51,173
9,0,0.5,52,161
9,0,0.5,53,155
9,0,0.5,54,190
9,0,0.5,55,178
9,0,0.5,56,163
9,0,0.5,57,173
9,0,0.5,58,172
9,0,0.5,59,143
9,0,0.5,60,150
9,0,0.5,61,130
9,0,0.5,62,159
9,0,0.5,63,189
9,0,0.5,64,181
9,0,0.5,65,174
9,0,0.5,66,163
9,0,0.5,67,135
9,0,0.5,68,162
9,0,0.5,69,163
9,0,0.5,70,137
9,0,0.5,71,142
9,0,0.5,72,139
9,0,0.5,73,141
9,0,0.5,74,136
9,0,0.5,75,124
9,0,0.5,76,139
9,0,0.5,77,140
9,0,0.5,78,136
9,0,0.5,79,134
9,0,0.5,80,140
9,0,0.5,81,119
9,0,0.5,82,137
9,0,0.5,83,126
9,0,0.5,84,131
9,0,0.5,85,143
9,0,0.5,86,118
9,0,0.5,87,136
9,0,0.5,88,130
9,0,0.5,89,141
9,0,0.5,90,125
9,0,0.5,91,111
9,0,0.5,92,142
9,0,0.5,93,119
9,0,0.5,94,120
9,0,0.5,95,113
9,0,0.5,96,130
9,0,0.5,97,138
9,0,0.5,98,143
9,0,0.5,99,118
9,0,0.5,100,138
9,0,0.5,101,116
9,0,0.5,102,148
9,0,0.5,103,157
9,0,0.5,104,143
9,0,0.5,105,124
9,0,0.5,106,127
9,0,0.5,107,136
9,0,0.5,108,146
9,0,0.5,109,141
9,0,0.5,110,150
9,0,0.5,111,175
9,0,0.5,112,149
9,0,0.5,113,158
9,0,0.5,114,162
9,0,0.5,115,157
9,0,0.5,116,184
9,0,0.5,117,169
9,0,0.5,118,201
9,0,0.5,119,190
9,0,0.5,120,218
9,0,0.5,121,209
9,0,0.5,122,253
9,0,0.5,123,270
9,0,0.5,124,246
9,0,0.5,125,316
9,0,0.5,126,416
9,0,0.5,127,588
9,0,0.5,128,2091
9,0,0.9,0,5862
9,0,0.9,1,1887
9,0,0.9,2,1357
9,0,0.9,3,1033
9,0,0.9,4,799
9,0,0.9,5,688
9,0,0.9,6,646
9,0,0.9,7,544
9,0,0.9,8,561
9,0,0.9,9,533
9,0,0.9,10,479
9,0,0.9,11,465
9,0,0.9,12,413
9,0,0.9,13,433
9,0,0.9,14,403
9,0,0.9,15,365
9,0,0.9,16,354
9,0,0.9,17,365
9,0,0.9,18,314
9,0,0.9,19,314
9,0,0.9,20,321
9,0,0.9,21,350
9,0,0.9,22,317
9,0,0.9,23,269
9,0,0.9,24,297
9,0,0.9,25,272
9,0,0.9,26,263
9,0,0.9,27,236
9,0,0.9,28,234
9,0,0.9,29,254
9,0,0.9,30,275
9,0,0.9,31,230
9,0,0.9,32,267
9,0,0.9,33,256
9,0,0.9,34,256
9,0,0.9,35,253
9,0,0.9,36,250
9,0,0.9,37,225
9,0,0.9,38,224
9,0,0.9,39,227
9,0,0.9,40,253
9,0,0.9,41,243
9,0,0.9,42,212
9,0,0.9,43,197
9,0,0.9,44,220
9,0,0.9,45,224
9,0,0.9,46,214
9,0,0.9,47,215
9,0,0.9,48,234
9,0,0.9,49,254
9,0,0.9,50,232
9,0,0.9,51,212
9,0,0.9,52,236
9,0,0.9,53,200
9,0,0.9,54,223
9,0,0.9,55,192
9,0,0.9,56,260
9,0,0.9,57,212
9,0,0.9,58,214
9,0,0.9,59,204
9,0,0.9,60,238
9,0,0.9,61,238
9,0,0.9,62,241
9,0,0.9,63,227
9,0,0.9,64,214
9,0,0.9,65,241
9,0,0.9,66,246
9,0,0.9,67,249
9,0,0.9,68,238
9,0,0.9,69,212
9,0,0.9,70,235
9,0,0.9,71,224
9,0,0.9,72,238
9,0,0.9,73,236
9,0,0.9,74,218
9,0,0.9,75,251
9,0,0.9,76,263
9,0,0.9,77,249
9,0,0.9,78,240
9,0,0.9,79,253
9,0,0.9,80,240
9,0,0.9,81,241
9,0,0.9,82,241
9,0,0.9,83,255
9,0,0.9,84,251
9,0,0.9,85,225
9,0,0.9,86,251
9,0,0.9,87,248
9,0,0.9,88,241
9,0,0.9,89,268
9,0,0.9,90,269
9,0,0.9,91,261
9,0,0.9,92,262
9,0,0.9,93,246
9,0,0.9,94,247
9,0,0.9,95,291
9,0,0.9,96,300
9,0,0.9,97,325
9,0,0.9,98,292
9,0,0.9,99,310
9,0,0.9,100,328
9,0,0.9,101,329
9,0,0.9,102,350
9,0,0.9,103,328
9,0,0.9,104,357
9,0,0.9,105,384
9,0,0.9,106,353
9,0,0.9,107,365
9,0,0.9,108,345
9,0,0.9,109,364
9,0,0.9,110,389
9,0,0.9,111,401
9,0,0.9,112,435
9,0,0.9,113,399
9,0,0.9,114,422
9,0,0.9,115,444
9,0,0.9,116,458
9,0,0.9,117,458
9,0,0.9,118,511
9,0,0.9,119,525
9,0,0.9,120,569
9,0,0.9,121,617
9,0,0.9,122,650
9,0,0.9,123,767
9,0,0.9,124,935
9,0,0.9,125,1079
9,0,0.9,126,1418
9,0,0.9,127,2274
9,0,0.9,128,11725
9,1,0.14,0,38398
9,1,0.14,1,3872
9,1,0.14,2,2263
9,1,0.14,3,1598
9,1,0.14,4,1109
9,1,0.14,5,944
9,1,0.14,6,740
9,1,0.14,7,637
9,1,0.14,8,608
9,1,0.14,9,506
9,1,0.14,10,476
9,1,0.14,11,425
9,1,0.14,12,399
9,1,0.14,13,366
9,1,0.14,14,340
9,1,0.14,15,336
9,1,0.14,16,290
9,1,0.14,17,288
9,1,0.14,18,302
9,1,0.14,19,267
9,1,0.14,20,258
9,1,0.14,21,208
9,1,0.14,22,230
9,1,0.14,23,224
9,1,0.14,24,202
9,1,0.14,25,203
9,1,0.14,26,196
9,1,0.14,27,195
9,1,0.14,28,174
9,1,0.14,29,179
9,1,0.14,30,172
9,1,0.14,31,167
9,1,0.14,32,146
9,1,0.14,33,148
9,1,0.14,34,150
9,1,0.14,35,137
9,1,0.14,36,147
9,1,0.14,37,129
9,1,0.14,38,145
9,1,0.14,39,155
9,1,0.14,40,158
9,1,0.14,41,122
9,1,0.14,42,142
9,1,0.14,43,136
9,1,0.14,44,138
9,1,0.14,45,120
9,1,0.14,46,122
9,1,0.14,47,111
9,1,0.14,48,113
9,1,0.14,49,107
9,1,0.14,50,111
9,1,0.14,51,97
9,1,0.14,52,124
9,1,0.14,53,111
9,1,0.14,54,102
9,1,0.14,55,89
9,1,0.14,56,98
9,1,0.14,57,102
9,1,0.14,58,78
9,1,0.14,59,84
9,1,0.14,60,87
9,1,0.14,61,102
9,1,0.14,62,110
9,1,0.14,63,107
9,1,0.14,64,111
9,1,0.14,65,120
9,1,0.14,66,92
9,1,0.14,67,100
9,1,0.14,68,89
9,1,0.14,69,68
9,1,0.14,70,70
9,1,0.14,71,76
9,1,0.14,72,84
9,1,0.14,73,68
9,1,0.14,74,77
9,1,0.14,75,73
9,1,0.14,76,68
9,1,0.14,77,61
9,1,0.14,78,76
9,1,0.14,79,67
9,1,0.14,80,43
9,1,0.14,81,46
9,1,0.14,82,55
9,1,0.14,83,57
9,1,0.14,84,65
9,1,0.14,85,59
9,1,0.14,86,67
9,1,0.14,87,56
9,1,0.14,88,47
9,1,0.14,89,50
9,1,0.14,90,64
9,1,0.14,91,53
9,1,0.14,92,50
9,1,0.14,93,52
9,1,0.14,94,40
9,1,0.14,95,59
9,1,0.14,96,46
9,1,0.14,97,42
9,1,0.14,98,40
9,1,0.14,99,59
9,1,0.14,100,47
9,1,0.14,101,48
9,1,0.14,102,43
9,1,0.14,103,49
9,1,0.14,104,47
9,1,0.14,105,40
9,1,0.14,106,58
9,1,0.14,107,73
9,1,0.14,108,51
9,1,0.14,109,46
9,1,0.14,110,46
9,1,0.14,111,52
9,1,0.14,112,51
9,1,0.14,113,44
9,1,0.14,114,37
9,1,0.14,115,53
9,1,0.14,116,59
9,1,0.14,117,63
9,1,0.14,118,69
9,1,0.14,119,50
9,1,0.14,120,62
9,1,0.14,121,57
9,1,0.14,122,67
9,1,0.14,123,69
9,1,0.14,124,70
9,1,0.14,125,80
9,1,0.14,126,74
9,1,0.14,127,102
9,1,0.14,128,1179
9,1,0.49,0,26627
9,1,0.49,1,3651
9,1,0.49,2,2034
9,1,0.49,3,1494
9,1,0.49,4,1204
9,1,0.49,5,1060
9,1,0.49,6,857
9,1,0.49,7,780
9,1,0.49,8,704
9,1,0.49,9,697
9,1,0.49,10,592
9,1,0.49,11,591
9,1,0.49,12,534
9,1,0.49,13,487
9,1,0.49,14,461
9,1,0.49,15,435
9,1,0.49,16,407
9,1,0.49,17,419
9,1,0.49,18,370
9,1,0.49,19,358
9,1,0.49,20,340
9,1,0.49,21,301
9,1,0.49,22,338
9,1,0.49,23,287
9,1,0.49,24,292
9,1,0.49,25,280
9,1,0.49,26,274
9,1,0.49,27,264
9,1,0.49,28,252
9,1,0.49,29,263
9,1,0.49,30,235
9,1,0.49,31,241
9,1,0.49,32,240
9,1,0.49,33,246
9,1,0.49,34,182
9,1,0.49,35,221
9,1,0.49,36,206
9,1,0.49,37,197
9,1,0.49,38,185
9,1,0.49,39,196
9,1,0.49,40,186
9,1,0.49,41,180
9,1,0.49,42,181
9,1,0.49,43,206
9,1,0.49,44,174
9,1,0.49,45,178
9,1,0.49,46,194
9,1,0.49,47,175
9,1,0.49,48,174
9,1,0.49,49,179
9,1,0.49,50,138
9,1,0.49,51,159
9,1,0.49,52,151
9,1,0.49,53,175
9,1,0.49,54,204
9,1,0.49,55,163
9,1,0.49,56,153
9,1,0.49,57,158
9,1,0.49,58,174
9,1,0.49,59,162
9,1,0.49,60,160
9,1,0.49,61,146
9,1,0.49,62,177
9,1,0.49,63,170
9,1,0.49,64,168
9,1,0.49,65,187
9,1,0.49,66,158
9,1,0.49,67,158
9,1,0.49,68,138
9,1,0.49,69,160
9,1,0.49,70,153
9,1,0.49,71,133
9,1,0.49,72,146
9,1,0.49,73,134
9,1,0.49,74,131
9,1,0.49,75,146
9,1,0.49,76,140
9,1,0.49,77,132
9,1,0.49,78,130
9,1,0.49,79,127
9,1,0.49,80,138
9,1,0.49,81,113
9,1,0.49,82,135
9,1,0.49,83,136
9,1,0.49,84,142
9,1,0.49,85,142
9,1,0.49,86,126
9,1,0.49,87,144
9,1,0.49,88,124
9,1,0.49,89,150
9,1,0.49,90,114
9,1,0.49,91,125
9,1,0.49,92,111
9,1,0.49,93,139
9,1,0.49,94,119
9,1,0.49,95,126
9,1,0.49,96,119
9,1,0.49,97,118
9,1,0.49,98,118
9,1,0.49,99,155
9,1,0.49,100,142
9,1,0.49,101,148
9,1,0.49,102,131
9,1,0.49,103,139
9,1,0.49,104,134
9,1,0.49,105,135
9,1,0.49,106,133
9,1,0.49,107,127
9,1,0.49,108,150
9,1,0.49,109,156
9,1,0.49,110,116
9,1,0.49,111,149
9,1,0.49,112,185
9,1,0.49,113,152
9,1,0.49,114,176
9,1,0.49,115,165
9,1,0.49,116,175
9,1,0.49,117,186
9,1,0.49,118,189
9,1,0.49,119,193
9,1,0.49,120,204
9,1,0.49,121,232
9,1,0.49,122,223
9,1,0.49,123,266
9,1,0.49,124,283
9,1,0.49,125,299
9,1,0.49,126,414
9,1,0.49,127,582
9,1,0.49,128,2098
9,1,0.89,0,5812
9,1,0.89,1,1818
9,1,0.89,2,1333
9,1,0.89,3,993
9,1,0.89,4,835
9,1,0.89,5,682
9,1,0.89,6,668
9,1,0.89,7,533
9,1,0.89,8,548
9,1,0.89,9,500
9,1,0.89,10,475
9,1,0.89,11,487
9,1,0.89,12,432
9,1,0.89,13,380
9,1,0.89,14,368
9,1,0.89,15,401
9,1,0.89,16,365
9,1,0.89,17,321
9,1,0.89,18,321
9,1,0.89,19,318
9,1,0.89,20,317
9,1,0.89,21,312
9,1,0.89,22,283
9,1,0.89,23,274
9,1,0.89,24,276
9,1,0.89,25,273
9,1,0.89,26,237
9,1,0.89,27,271
9,1,0.89,28,222
9,1,0.89,29,246
9,1,0.89,30,313
9,1,0.89,31,287
9,1,0.89,32,222
9,1,0.89,33,240
9,1,0.89,34,234
9,1,0.89,35,244
9,1,0.89,36,222
9,1,0.89,37,212
9,1,0.89,38,231
9,1,0.89,39,227
9,1,0.89,40,256
9,1,0.89,41,224
9,1,0.89,42,210
9,1,0.89,43,242
9,1,0.89,44,201
9,1,0.89,45,222
9,1,0.89,46,207
9,1,0.89,47,233
9,1,0.89,48,221
9,1,0.89,49,214
9,1,0.89,50,252
9,1,0.89,51,244
9,1,0.89,52,221
9,1,0.89,53,225
9,1,0.89,54,234
9,1,0.89,55,214
9,1,0.89,56,222
9,1,0.89,57,180
9,1,0.89,58,221
9,1,0.89,59,204
9,1,0.89,60,211
9,1,0.89,61,223
9,1,0.89,62,237
9,1,0.89,63,236
9,1,0.89,64,225
9,1,0.89,65,226
9,1,0.89,66,209
9,1,0.89,67,218
9,1,0.89,68,248
9,1,0.89,69,237
9,1,0.89,70,232
9,1,0.89,71,222
9,1,0.89,72,256
9,1,0.89,73,250
9,1,0.89,74,256
9,1,0.89,75,251
9,1,0.89,76,223
9,1,0.89,77,205
9,1,0.89,78,236
9,1,0.89,79,224
9,1,0.89,80,227
9,1,0.89,81,249
9,1,0.89,82,260
9,1,0.89,83,256
9,1,0.89,84,233
9,1,0.89,85,258
9,1,0.89,86,247
9,1,0.89,87,273
9,1,0.89,88,220
9,1,0.89,89,274
9,1,0.89,90,257
9,1,0.89,91,260
9,1,0.89,92,275
9,1,0.89,93,282
9,1,0.89,94,284
9,1,0.89,95,278
9,1,0.89,96,291
9,1,0.89,97,317
9,1,0.89,98,317
9,1,0.89,99,322
9,1,0.89,100,313
9,1,0.89,101,296
9,1,0.89,102,347
9,1,0.89,103,308
9,1,0.89,104,352
9,1,0.89,105,371
9,1,0.89,106,357
9,1,0.89,107,397
9,1,0.89,108,379
9,1,0.89,109,371
9,1,0.89,110,387
9,1,0.89,111,393
9,1,0.89,112,421
9,1,0.89,113,397
9,1,0.89,114,442
9,1,0.89,115,459
9,1,0.89,116,457
9,1,0.89,117,473
9,1,0.89,118,521
9,1,0.89,119,541
9,1,0.89,120,546
9,1,0.89,121,593
9,1,0.89,122,648
9,1,0.89,123,775
9,1,0.89,124,902
9,1,0.89,125,1145
9,1,0.89,126,1448
9,1,0.89,127,2320
9,1,0.89,128,11992
10,0,0.15,0,33119
10,0,0.15,1,5383
10,0,0.15,2,3127
10,0,0.15,3,2178
10,0,0.15,4,1789
10,0,0.15,5,1449
10,0,0.15,6,1228
10,0,0.15,7,1055
10,0,0.15,8,865
10,0,0.15,9,791
10,0,0.15,10,642
10,0,0.15,11,657
10,0,0.15,12,590
10,0,0.15,13,510
10,0,0.15,14,460
10,0,0.15,15,468
10,0,0.15,16,428
10,0,0.15,17,373
10,0,0.15,18,333
10,0,0.15,19,340
10,0,0.15,20,303
10,0,0.15,21,265
10,0,0.15,22,283
10,0,0.15,23,276
10,0,0.15,24,257
10,0,0.15,25,231
10,0,0.15,26,238
10,0,0.15,27,198
10,0,0.15,28,211
10,0,0.15,29,175
10,0,0.15,30,162
10,0,0.15,31,174
10,0,0.15,32,151
10,0,0.15,33,148
10,0,0.15,34,160
10,0,0.15,35,144
10,0,0.15,36,134
10,0,0.15,37,128
10,0,0.15,38,137
10,0,0.15,39,104
10,0,0.15,40,131
10,0,0.15,41,104
10,0,0.15,42,99
10,0,0.15,43,100
10,0,0.15,44,98
10,0,0.15,45,102
10,0,0.15,46,99
10,0,0.15,47,97
10,0,0.15,48,83
10,0,0.15,49,91
10,0,0.15,50,89
10,0,0.15,51,72
10,0,0.15,52,85
10,0,0.15,53,77
10,0,0.15,54,97
10,0,0.15,55,75
10,0,0.15,56,85
10,0,0.15,57,82
10,0,0.15,58,74
10,0,0.15,59,81
10,0,0.15,60,65
10,0,0.15,61,67
10,0,0.15,62,66
10,0,0.15,63,60
10,0,0.15,64,67
10,0,0.15,65,59
10,0,0.15,66,68
10,0,0.15,67,52
10,0,0.15,68,50
10,0,0.15,69,63
10,0,0.15,70,65
10,0,0.15,71,49
10,0,0.15,72,52
10,0,0.15,73,48
10,0,0.15,74,58
10,0,0.15,75,44
10,0,0.15,76,59
10,0,0.15,77,68
10,0,0.15,78,48
10,0,0.15,79,41
10,0,0.15,80,45
10,0,0.15,81,53
10,0,0.15,82,38
10,0,0.15,83,61
10,0,0.15,84,39
10,0,0.15,85,47
10,0,0.15,86,49
10,0,0.15,87,41
10,0,0.15,88,37
10,0,0.15,89,36
10,0,0.15,90,39
10,0,0.15,91,35
10,0,0.15,92,36
10,0,0.15,93,37
10,0,0.15,94,33
10,0,0.15,95,41
10,0,0.15,96,30
10,0,0.15,97,30
10,0,0.15,98,39
10,0,0.15,99,28
10,0,0.15,100,31
10,0,0.15,101,32
10,0,0.15,102,38
10,0,0.15,103,33
10,0,0.15,104,27
10,0,0.15,105,37
10,0,0.15,106,34
10,0,0.15,107,33
10,0,0.15,108,31
10,0,0.15,109,39
10,0,0.15,110,34
10,0,0.15,111,36
10,0,0.15,112,26
10,0,0.15,113,29
10,0,0.15,114,39
10,0,0.15,115,37
10,0,0.15,116,31
10,0,0.15,117,35
10,0,0.15,118,28
10,0,0.15,119,37
10,0,0.15,120,37
10,0,0.15,121,36
10,0,0.15,122,42
10,0,0.15,123,47
10,0,0.15,124,45
10,0,0.15,125,42
10,0,0.15,126,34
10,0,0.15,127,53
10,0,0.15,128,1105
10,0,0.5,0,18530
10,0,0.5,1,4176
10,0,0.5,2,2762
10,0,0.5,3,2032
10,0,0.5,4,1672
10,0,0.5,5,1556
10,0,0.5,6,1328
10,0,0.5,7,1203
10,0,0.5,8,1105
10,0,0.5,9,992
10,0,0.5,10,903
10,0,0.5,11,850
10,0,0.5,12,756
10,0,0.5,13,758
10,0,0.5,14,681
10,0,0.5,15,706
10,0,0.5,16,615
10,0,0.5,17,604
10,0,0.5,18,560
10,0,0.5,19,537
10,0,0.5,20,556
10,0,0.5,21,552
10,0,0.5,22,502
10,0,0.5,23,450
10,0,0.5,24,450
10,0,0.5,25,417
10,0,0.5,26,421
10,0,0.5,27,407
10,0,0.5,28,420
10,0,0.5,29,384
10,0,0.5,30,382
10,0,0.5,31,341
10,0,0.5,32,326
10,0,0.5,33,311
10,0,0.5,34,319
10,0,0.5,35,295
10,0,0.5,36,296
10,0,0.5,37,283
10,0,0.5,38,284
10,0,0.5,39,274
10,0,0.5,40,265
10,0,0.5,41,259
10,0,0.5,42,228
10,0,0.5,43,253
10,0,0.5,44,229
10,0,0.5,45,221
10,0,0.5,46,259
10,0,0.5,47,235
10,0,0.5,48,223
10,0,0.5,49,231
10,0,0.5,50,206
10,0,0.5,51,210
10,0,0.5,52,191
10,0,0.5,53,193
10,0,0.5,54,175
10,0,0.5,55,191
10,0,0.5,56,171
10,0,0.5,57,178
10,0,0.5,58,171
10,0,0.5,59,169
10,0,0.5,60,151
10,0,0.5,61,188
10,0,0.5,62,205
10,0,0.5,63,181
10,0,0.5,64,190
10,0,0.5,65,193
10,0,0.5,66,177
10,0,0.5,67,157
10,0,0.5,68,124
10,0,0.5,69,147
10,0,0.5,70,134
10,0,0.5,71,148
10,0,0.5,72,135
10,0,0.5,73,152
10,0,0.5,74,163
10,0,0.5,75,153
10,0,0.5,76,145
10,0,0.5,77,119
10,0,0.5,78,138
10,0,0.5,79,143
10,0,0.5,80,155
10,0,0.5,81,110
10,0,0.5,82,114
10,0,0.5,83,118
10,0,0.5,84,121
10,0,0.5,85,130
10,0,0.5,86,114
10,0,0.5,87,136
10,0,0.5,88,117
10,0,0.5,89,135
10,0,0.5,90,126
10,0,0.5,91,133
10,0,0.5,92,131
10,0,0.5,93,126
10,0,0.5,94,119
10,0,0.5,95,104
10,0,0.5,96,102
10,0,0.5,97,128
10,0,0.5,98,142
10,0,0.5,99,119
10,0,0.5,100,111
10,0,0.5,101,111
10,0,0.5,102,108
10,0,0.5,103,126
10,0,0.5,104,135
10,0,0.5,105,103
10,0,0.5,106,117
10,0,0.5,107,131
10,0,0.5,108,129
10,0,0.5,109,145
10,0,0.5,110,120
10,0,0.5,111,135
10,0,0.5,112,134
10,0,0.5,113,129
10,0,0.5,114,119
10,0,0.5,115,139
10,0,0.5,116,159
10,0,0.5,117,126
10,0,0.5,118,148
10,0,0.5,119,153
10,0,0.5,120,175
10,0,0.5,121,146
10,0,0.5,122,154
10,0,0.5,123,184
10,0,0.5,124,206
10,0,0.5,125,208
10,0,0.5,126,227
10,0,0.5,127,311
10,0,0.5,128,1470
10,0,0.9,0,4501
10,0,0.9,1,1544
10,0,0.9,2,1056
10,0,0.9,3,921
10,0,0.9,4,800
10,0,0.9,5,657
10,0,0.9,6,611
10,0,0.9,7,552
10,0,0.9,8,523
10,0,0.9,9,492
10,0,0.9,10,496
10,0,0.9,11,442
10,0,0.9,12,438
10,0,0.9,13,406
10,0,0.9,14,379
10,0,0.9,15,386
10,0,0.9,16,345
10,0,0.9,17,360
10,0,0.9,18,320
10,0,0.9,19,321
10,0,0.9,20,341
10,0,0.9,21,305
10,0,0.9,22,341
10,0,0.9,23,323
10,0,0.9,24,303
10,0,0.9,25,305
10,0,0.9,26,288
10,0,0.9,27,321
10,0,0.9,28,301
10,0,0.9,29,294
10,0,0.9,30,297
10,0,0.9,31,312
10,0,0.9,32,300
10,0,0.9,33,256
10,0,0.9,34,300
10,0,0.9,35,266
10,0,0.9,36,285
10,0,0.9,37,287
10,0,0.9,38,300
10,0,0.9,39,280
10,0,0.9,40,268
10,0,0.9,41,299
10,0,0.9,42,290
10,0,0.9,43,317
10,0,0.9,44,281
10,0,0.9,45,284
10,0,0.9,46,323
10,0,0.9,47,316
10,0,0.9,48,316
10,0,0.9,49,277
10,0,0.9,50,297
10,0,0.9,51,298
10,0,0.9,52,300
10,0,0.9,53,281
10,0,0.9,54,302
10,0,0.9,55,293
10,0,0.9,56,274
10,0,0.9,57,301
10,0,0.9,58,296
10,0,0.9,59,282
10,0,0.9,60,279
10,0,0.9,61,279
10,0,0.9,62,260
10,0,0.9,63,292
10,0,0.9,64,267
10,0,0.9,65,331
10,0,0.9,66,271
10,0,0.9,67,287
10,0,0.9,68,294
10,0,0.9,69,293
10,0,0.9,70,275
10,0,0.9,71,250
10,0,0.9,72,255
10,0,0.9,73,296
10,0,0.9,74,262
10,0,0.9,75,282
10,0,0.9,76,267
10,0,0.9,77,257
10,0,0.9,78,264
10,0,0.9,79,286
10,0,0.9,80,276
10,0,0.9,81,261
10,0,0.9,82,314
10,0,0.9,83,260
10,0,0.9,84,295
10,0,0.9,85,272
10,0,0.9,86,261
10,0,0.9,87,296
10,0,0.9,88,310
10,0,0.9,89,311
10,0,0.9,90,290
10,0,0.9,91,332
10,0,0.9,92,321
10,0,0.9,93,277
10,0,0.9,94,316
10,0,0.9,95,328
10,0,0.9,96,313
10,0,0.9,97,305
10,0,0.9,98,314
10,0,0.9,99,324
10,0,0.9,100,359
10,0,0.9,101,345
10,0,0.9,102,353
10,0,0.9,103,351
10,0,0.9,104,356
10,0,0.9,105,340
10,0,0.9,106,346
10,0,0.9,107,360
10,0,0.9,108,387
10,0,0.9,109,405
10,0,0.9,110,401
10,0,0.9,111,444
10,0,0.9,112,453
10,0,0.9,113,455
10,0,0.9,114,446
10,0,0.9,115,497
10,0,0.9,116,502
10,0,0.9,117,546
10,0,0.9,118,580
10,0,0.9,119,641
10,0,0.9,120,717
10,0,0.9,121,764
10,0,0.9,122,805
10,0,0.9,123,916
10,0,0.9,124,1096
10,0,0.9,125,1404
10,0,0.9,126,1623
10,0,0.9,127,2298
10,0,0.9,128,8373
10,1,0.14,0,33121
10,1,0.14,1,5413
10,1,0.14,2,3101
10,1,0.14,3,2243
10,1,0.14,4,1666
10,1,0.14,5,1457
10,1,0.14,6,1169
10,1,0.14,7,1035
10,1,0.14,8,906
10,1,0.14,9,822
10,1,0.14,10,677
10,1,0.14,11,636
10,1,0.14,12,564
10,1,0.14,13,551
10,1,0.14,14,468
10,1,0.14,15,439
10,1,0.14,16,433
10,1,0.14,17,367
10,1,0.14,18,345
10,1,0.14,19,336
10,1,0.14,20,277
10,1,0.14,21,301
10,1,0.14,22,291
10,1,0.14,23,265
10,1,0.14,24,250
10,1,0.14,25,229
10,1,0.14,26,233
10,1,0.14,27,218
10,1,0.14,28,196
10,1,0.14,29,165
10,1,0.14,30,175
10,1,0.14,31,169
10,1,0.14,32,147
10,1,0.14,33,155
10,1,0.14,34,144
10,1,0.14,35,130
10,1,0.14,36,134
10,1,0.14,37,133
10,1,0.14,38,123
10,1,0.14,39,121
10,1,0.14,40,122
10,1,0.14,41,120
10,1,0.14,42,110
10,1,0.14,43,92
10,1,0.14,44,109
10,1,0.14,45,89
10,1,0.14,46,105
10,1,0.14,47,100
10,1,0.14,48,93
10,1,0.14,49,89
10,1,0.14,50,88
10,1,0.14,51,75
10,1,0.14,52,75
10,1,0.14,53,77
10,1,0.14,54,86
10,1,0.14,55,84
10,1,0.14,56,79
10,1,0.14,57,87
10,1,0.14,58,92
10,1,0.14,59,67
10,1,0.14,60,59
10,1,0.14,61,75
10,1,0.14,62,83
10,1,0.14,63,53
10,1,0.14,64,55
10,1,0.14,65,69
10,1,0.14,66,54
10,1,0.14,67,59
10,1,0.14,68,42
10,1,0.14,69,65
10,1,0.14,70,58
10,1,0.14,71,53
10,1,0.14,72,59
10,1,0.14,73,65
10,1,0.14,74,53
10,1,0.14,75,50
10,1,0.14,76,56
10,1,0.14,77,50
10,1,0.14,78,58
10,1,0.14,79,46
10,1,0.14,80,45
10,1,0.14,81,48
10,1,0.14,82,55
10,1,0.14,83,43
10,1,0.14,84,51
10,1,0.14,85,46
10,1,0.14,86,45
10,1,0.14,87,55
10,1,0.14,88,35
10,1,0.14,89,23
10,1,0.14,90,40
10,1,0.14,91,37
10,1,0.14,92,43
10,1,0.14,93,37
10,1,0.14,94,30
10,1,0.14,95,28
10,1,0.14,96,51
10,1,0.14,97,34
10,1,0.14,98,27
10,1,0.14,99,37
10,1,0.14,100,27
10,1,0.14,101,32
10,1,0.14,102,35
10,1,0.14,103,36
10,1,0.14,104,30
10,1,0.14,105,30
10,1,0.14,106,38
10,1,0.14,107,40
10,1,0.14,108,31
10,1,0.14,109,31
10,1,0.14,110,33
10,1,0.14,111,35
10,1,0.14,112,34
10,1,0.14,113,32
10,1,0.14,114,33
10,1,0.14,115,32
10,1,0.14,116,31
10,1,0.14,117,31
10,1,0.14,118,32
10,1,0.14,119,44
10,1,0.14,120,33
10,1,0.14,121,33
10,1,0.14,122,42
10,1,0.14,123,49
10,1,0.14,124,47
10,1,0.14,125,45
10,1,0.14,126,38
10,1,0.14,127,61
10,1,0.14,128,1105
10,1,0.49,0,18548
10,1,0.49,1,4120
10,1,0.49,2,2781
10,1,0.49,3,1999
10,1,0.49,4,1698
10,1,0.49,5,1482
10,1,0.49,6,1311
10,1,0.49,7,1223
10,1,0.49,8,1089
10,1,0.49,9,1051
10,1,0.49,10,907
10,1,0.49,11,772
10,1,0.49,12,756
10,1,0.49,13,729
10,1,0.49,14,709
10,1,0.49,15,675
10,1,0.49,16,647
10,1,0.49,17,642
10,1,0.49,18,612
10,1,0.49,19,543
10,1,0.49,20,541
10,1,0.49,21,509
10,1,0.49,22,499
10,1,0.49,23,474
10,1,0.49,24,480
10,1,0.49,25,450
10,1,0.49,26,416
10,1,0.49,27,392
10,1,0.49,28,392
10,1,0.49,29,394
10,1,0.49,30,378
10,1,0.49,31,350
10,1,0.49,32,323
10,1,0.49,33,330
10,1,0.49,34,333
10,1,0.49,35,287
10,1,0.49,36,314
10,1,0.49,37,263
10,1,0.49,38,257
10,1,0.49,39,291
10,1,0.49,40,264
10,1,0.49,41,297
10,1,0.49,42,217
10,1,0.49,43,261
10,1,0.49,44,247
10,1,0.49,45,219
10,1,0.49,46,218
10,1,0.49,47,222
10,1,0.49,48,248
10,1,0.49,49,219
10,1,0.49,50,210
10,1,0.49,51,189
10,1,0.49,52,200
10,1,0.49,53,185
10,1,0.49,54,180
10,1,0.49,55,212
10,1,0.49,56,158
10,1,0.49,57,197
10,1,0.49,58,177
10,1,0.49,59,167
10,1,0.49,60,181
10,1,0.49,61,171
10,1,0.49,62,176
10,1,0.49,63,188
10,1,0.49,64,184
10,1,0.49,65,159
10,1,0.49,66,191
10,1,0.49,67,144
10,1,0.49,68,155
10,1,0.49,69,156
10,1,0.49,70,151
10,1,0.49,71,142
10,1,0.49,72,139
10,1,0.49,73,147
10,1,0.49,74,151
10,1,0.49,75,142
10,1,0.49,76,144
10,1,0.49,77,162
10,1,0.49,78,133
10,1,0.49,79,129
10,1,0.49,80,123
10,1,0.49,81,121
10,1,0.49,82,113
10,1,0.49,83,116
10,1,0.49,84,132
10,1,0.49,85,138
10,1,0.49,86,118
10,1,0.49,87,135
10,1,0.49,88,155
10,1,0.49,89,118
10,1,0.49,90,116
10,1,0.49,91,109
10,1,0.49,92,134
10,1,0.49,93,134
10,1,0.49,94,112
10,1,0.49,95,97
10,1,0.49,96,112
10,1,0.49,97,114
10,1,0.49,98,128
10,1,0.49,99,127
10,1,0.49,100,114
10,1,0.49,101,144
10,1,0.49,102,104
10,1,0.49,103,129
10,1,0.49,104,126
10,1,0.49,105,114
10,1,0.49,106,114
10,1,0.49,107,131
10,1,0.49,108,141
10,1,0.49,109,129
10,1,0.49,110,120
10,1,0.49,111,137
10,1,0.49,112,127
10,1,0.49,113,126
10,1,0.49,114,114
10,1,0.49,115,146
10,1,0.49,116,149
10,1,0.49,117,129
10,1,0.49,118,156
10,1,0.49,119,159
10,1,0.49,120,159
10,1,0.49,121,145
10,1,0.49,122,163
10,1,0.49,123,185
10,1,0.49,124,194
10,1,0.49,125,216
10,1,0.49,126,246
10,1,0.49,127,286
10,1,0.49,128,1482
10,1,0.89,0,4347
10,1,0.89,1,1472
10,1,0.89,2,1119
10,1,0.89,3,893
10,1,0.89,4,735
10,1,0.89,5,644
10,1,0.89,6,604
10,1,0.89,7,568
10,1,0.89,8,544
10,1,0.89,9,496
10,1,0.89,10,450
10,1,0.89,11,415
10,1,0.89,12,389
10,1,0.89,13,410
10,1,0.89,14,365
10,1,0.89,15,352
10,1,0.89,16,341
10,1,0.89,17,322
10,1,0.89,18,316
10,1,0.89,19,307
10,1,0.89,20,321
10,1,0.89,21,311
10,1,0.89,22,320
10,1,0.89,23,313
10,1,0.89,24,293
10,1,0.89,25,301
10,1,0.89,26,292
10,1,0.89,27,253
10,1,0.89,28,317
10,1,0.89,29,279
10,1,0.89,30,305
10,1,0.89,31,292
10,1,0.89,32,275
10,1,0.89,33,274
10,1,0.89,34,287
10,1,0.89,35,299
10,1,0.89,36,273
10,1,0.89,37,287
10,1,0.89,38,272
10,1,0.89,39,299
10,1,0.89,40,304
10,1,0.89,41,265
10,1,0.89,42,312
10,1,0.89,43,292
10,1,0.89,44,289
10,1,0.89,45,305
10,1,0.89,46,274
10,1,0.89,47,307
10,1,0.89,48,325
10,1,0.89,49,292
10,1,0.89,50,328
10,1,0.89,51,296
10,1,0.89,52,313
10,1,0.89,53,276
10,1,0.89,54,282
10,1,0.89,55,284
10,1,0.89,56,288
10,1,0.89,57,268
10,1,0.89,58,280
10,1,0.89,59,316
10,1,0.89,60,268
10,1,0.89,61,282
10,1,0.89,62,287
10,1,0.89,63,305
10,1,0.89,64,266
10,1,0.89,65,278
10,1,0.89,66,276
10,1,0.89,67,296
10,1,0.89,68,299
10,1,0.89,69,280
10,1,0.89,70,285
10,1,0.89,71,255
10,1,0.89,72,251
10,1,0.89,73,260
10,1,0.89,74,282
10,1,0.89,75,244
10,1,0.89,76,282
10,1,0.89,77,269
10,1,0.89,78,282
10,1,0.89,79,275
10,1,0.89,80,288
10,1,0.89,81,269
10,1,0.89,82,272
10,1,0.89,83,323
10,1,0.89,84,283
10,1,0.89,85,279
10,1,0.89,86,323
10,1,0.89,87,296
10,1,0.89,88,300
10,1,0.89,89,267
10,1,0.89,90,310
10,1,0.89,91,279
10,1,0.89,92,298
10,1,0.89,93,291
10,1,0.89,94,316
10,1,0.89,95,299
10,1,0.89,96,300
10,1,0.89,97,304
10,1,0.89,98,327
10,1,0.89,99,342
10,1,0.89,100,332
10,1,0.89,101,336
10,1,0.89,102,366
10,1,0.89,103,348
10,1,0.89,104,364
10,1,0.89,105,367
10,1,0.89,106,384
10,1,0.89,107,384
10,1,0.89,108,402
10,1,0.89,109,381
10,1,0.89,110,407
10,1,0.89,111,402
10,1,0.89,112,461
10,1,0.89,113,503
10,1,0.89,114,499
10,1,0.89,115,487
10,1,0.89,116,554
10,1,0.89,117,561
10,1,0.89,118,611
10,1,0.89,119,667
10,1,0.89,120,700
10,1,0.89,121,755
10,1,0.89,122,894
10,1,0.89,123,981
10,1,0.89,124,1136
10,1,0.89,125,1393
10,1,0.89,126,1658
10,1,0.89,127,2356
10,1,0.89,128,8511
11,0,0.15,0,37060
11,0,0.15,1,4152
11,0,0.15,2,2344
11,0,0.15,3,1701
11,0,0.15,4,1253
11,0,0.15,5,1060
11,0,0.15,6,900
11,0,0.15,7,736
11,0,0.15,8,732
11,0,0.15,9,616
11,0,0.15,10,584
11,0,0.15,11,500
11,0,0.15,12,471
11,0,0.15,13,400
11,0,0.15,14,410
11,0,0.15,15,385
11,0,0.15,16,351
11,0,0.15,17,311
11,0,0.15,18,317
11,0,0.15,19,294
11,0,0.15,20,307
11,0,0.15,21,302
11,0,0.15,22,249
11,0,0.15,23,245
11,0,0.15,24,216
11,0,0.15,25,218
11,0,0.15,26,197
11,0,0.15,27,186
11,0,0.15,28,229
11,0,0.15,29,185
11,0,0.15,30,159
11,0,0.15,31,171
11,0,0.15,32,149
11,0,0.15,33,153
11,0,0.15,34,152
11,0,0.15,35,162
11,0,0.15,36,129
11,0,0.15,37,155
11,0,0.15,38,153
11,0,0.15,39,123
11,0,0.15,40,131
11,0,0.15,41,124
11,0,0.15,42,118
11,0,0.15,43,106
11,0,0.15,44,104
11,0,0.15,45,103
11,0,0.15,46,113
11,0,0.15,47,135
11,0,0.15,48,115
11,0,0.15,49,111
11,0,0.15,50,121
11,0,0.15,51,102
11,0,0.15,52,118
11,0,0.15,53,104
11,0,0.15,54,121
11,0,0.15,55,123
11,0,0.15,56,103
11,0,0.15,57,115
11,0,0.15,58,82
11,0,0.15,59,105
11,0,0.15,60,119
11,0,0.15,61,126
11,0,0.15,62,106
11,0,0.15,63,110
11,0,0.15,64,93
11,0,0.15,65,108
11,0,0.15,66,102
11,0,0.15,67,85
11,0,0.15,68,72
11,0,0.15,69,67
11,0,0.15,70,82
11,0,0.15,71,81
11,0,0.15,72,64
11,0,0.15,73,75
11,0,0.15,74,62
11,0,0.15,75,54
11,0,0.15,76,68
11,0,0.15,77,68
11,0,0.15,78,68
11,0,0.15,79,60
11,0,0.15,80,37
11,0,0.15,81,51
11,0,0.15,82,47
11,0,0.15,83,58
11,0,0.15,84,52
11,0,0.15,85,35
11,0,0.15,86,44
11,0,0.15,87,51
11,0,0.15,88,63
11,0,0.15,89,46
11,0,0.15,90,26
11,0,0.15,91,49
11,0,0.15,92,49
11,0,0.15,93,29
11,0,0.15,94,54
11,0,0.15,95,36
11,0,0.15,96,50
11,0,0.15,97,39
11,0,0.15,98,45
11,0,0.15,99,44
11,0,0.15,100,41
11,0,0.15,101,44
11,0,0.15,102,36
11,0,0.15,103,43
11,0,0.15,104,40
11,0,0.15,105,36
11,0,0.15,106,50
11,0,0.15,107,35
11,0,0.15,108,41
11,0,0.15,109,34
11,0,0.15,110,45
11,0,0.15,111,36
11,0,0.15,112,39
11,0,0.15,113,51
11,0,0.15,114,44
11,0,0.15,115,37
11,0,0.15,116,46
11,0,0.15,117,53
11,0,0.15,118,36
11,0,0.15,119,36
11,0,0.15,120,52
11,0,0.15,121,40
11,0,0.15,122,44
11,0,0.15,123,38
11,0,0.15,124,37
11,0,0.15,125,47
11,0,0.15,126,44
11,0,0.15,127,43
11,0,0.15,128,1122
11,0,0.5,0,26460
11,0,0.5,1,3898
11,0,0.5,2,2329
11,0,0.5,3,1675
11,0,0.5,4,1388
11,0,0.5,5,1167
11,0,0.5,6,979
11,0,0.5,7,856
11,0,0.5,8,768
11,0,0.5,9,723
11,0,0.5,10,618
11,0,0.5,11,626
11,0,0.5,12,534
11,0,0.5,13,478
11,0,0.5,14,517
11,0,0.5,15,480
11,0,0.5,16,406
11,0,0.5,17,422
11,0,0.5,18,370
11,0,0.5,19,373
11,0,0.5,20,365
11,0,0.5,21,342
11,0,0.5,22,312
11,0,0.5,23,336
11,0,0.5,24,311
11,0,0.5,25,315
11,0,0.5,26,317
11,0,0.5,27,290
11,0,0.5,28,267
11,0,0.5,29,251
11,0,0.5,30,277
11,0,0.5,31,233
11,0,0.5,32,258
11,0,0.5,33,262
11,0,0.5,34,270
11,0,0.5,35,242
11,0,0.5,36,254
11,0,0.5,37,227
11,0,0.5,38,236
11,0,0.5,39,209
11,0,0.5,40,237
11,0,0.5,41,195
11,0,0.5,42,202
11,0,0.5,43,204
11,0,0.5,44,198
11,0,0.5,45,206
11,0,0.5,46,178
11,0,0.5,47,203
11,0,0.5,48,178
11,0,0.5,49,190
11,0,0.5,50,183
11,0,0.5,51,193
11,0,0.5,52,153
11,0,0.5,53,178
11,0,0.5,54,188
11,0,0.5,55,168
11,0,0.5,56,159
11,0,0.5,57,172
11,0,0.5,58,150
11,0,0.5,59,165
11,0,0.5,60,171
11,0,0.5,61,193
11,0,0.5,62,218
11,0,0.5,63,209
11,0,0.5,64,193
11,0,0.5,65,180
11,0,0.5,66,183
11,0,0.5,67,176
11,0,0.5,68,173
11,0,0.5,69,164
11,0,0.5,70,159
11,0,0.5,71,168
11,0,0.5,72,148
11,0,0.5,73,169
11,0,0.5,74,139
11,0,0.5,75,149
11,0,0.5,76,167
11,0,0.5,77,142
11,0,0.5,78,136
11,0,0.5,79,143
11,0,0.5,80,148
11,0,0.5,81,142
11,0,0.5,82,115
11,0,0.5,83,138
11,0,0.5,84,132
11,0,0.5,85,128
11,0,0.5,86,121
11,0,0.5,87,128
11,0,0.5,88,111
11,0,0.5,89,118
11,0,0.5,90,113
11,0,0.5,91,125
11,0,0.5,92,123
11,0,0.5,93,117
11,0,0.5,94,114
11,0,0.5,95,135
11,0,0.5,96,130
11,0,0.5,97,106
11,0,0.5,98,123
11,0,0.5,99,112
11,0,0.5,100,106
11,0,0.5,101,105
11,0,0.5,102,120
11,0,0.5,103,107
11,0,0.5,104,98
11,0,0.5,105,122
11,0,0.5,106,106
11,0,0.5,107,93
11,0,0.5,108,91
11,0,0.5,109,106
11,0,0.5,110,119
11,0,0.5,111,125
11,0,0.5,112,130
11,0,0.5,113,124
11,0,0.5,114,116
11,0,0.5,115,109
11,0,0.5,116,121
11,0,0.5,117,127
11,0,0.5,118,141
11,0,0.5,119,128
11,0,0.5,120,135
11,0,0.5,121,155
11,0,0.5,122,157
11,0,0.5,123,164
11,0,0.5,124,197
11,0,0.5,125,197
11,0,0.5,126,233
11,0,0.5,127,301
11,0,0.5,128,1503
11,0,0.9,0,8341
11,0,0.9,1,2108
11,0,0.9,2,1451
11,0,0.9,3,1031
11,0,0.9,4,909
11,0,0.9,5,769
11,0,0.9,6,675
11,0,0.9,7,630
11,0,0.9,8,612
11,0,0.9,9,570
11,0,0.9,10,523
11,0,0.9,11,441
11,0,0.9,12,438
11,0,0.9,13,427
11,0,0.9,14,427
11,0,0.9,15,382
11,0,0.9,16,380
11,0,0.9,17,377
11,0,0.9,18,415
11,0,0.9,19,381
11,0,0.9,20,374
11,0,0.9,21,345
11,0,0.9,22,352
11,0,0.9,23,350
11,0,0.9,24,332
11,0,0.9,25,345
11,0,0.9,26,323
11,0,0.9,27,313
11,0,0.9,28,318
11,0,0.9,29,296
11,0,0.9,30,298
11,0,0.9,31,287
11,0,0.9,32,321
11,0,0.9,33,291
11,0,0.9,34,273
11,0,0.9,35,289
11,0,0.9,36,283
11,0,0.9,37,305
11,0,0.9,38,258
11,0,0.9,39,298
11,0,0.9,40,303
11,0,0.9,41,287
11,0,0.9,42,279
11,0,0.9,43,290
11,0,0.9,44,258
11,0,0.9,45,255
11,0,0.9,46,266
11,0,0.9,47,253
11,0,0.9,48,235
11,0,0.9,49,273
11,0,0.9,50,229
11,0,0.9,51,256
11,0,0.9,52,232
11,0,0.9,53,231
11,0,0.9,54,253
11,0,0.9,55,286
11,0,0.9,56,273
11,0,0.9,57,261
11,0,0.9,58,277
11,0,0.9,59,250
11,0,0.9,60,256
11,0,0.9,61,241
11,0,0.9,62,243
11,0,0.9,63,260
11,0,0.9,64,222
11,0,0.9,65,251
11,0,0.9,66,260
11,0,0.9,67,243
11,0,0.9,68,248
11,0,0.9,69,255
11,0,0.9,70,277
11,0,0.9,71,279
11,0,0.9,72,254
11,0,0.9,73,257
11,0,0.9,74,265
11,0,0.9,75,250
11,0,0.9,76,266
11,0,0.9,77,263
11,0,0.9,78,285
11,0,0.9,79,255
11,0,0.9,80,259
11,0,0.9,81,293
11,0,0.9,82,280
11,0,0.9,83,288
11,0,0.9,84,270
11,0,0.9,85,257
11,0,0.9,86,288
11,0,0.9,87,274
11,0,0.9,88,257
11,0,0.9,89,250
11,0,0.9,90,257
11,0,0.9,91,267
11,0,0.9,92,278
11,0,0.9,93,276
11,0,0.9,94,289
11,0,0.9,95,303
11,0,0.9,96,297
11,0,0.9,97,243
11,0,0.9,98,272
11,0,0.9,99,291
11,0,0.9,100,288
11,0,0.9,101,244
11,0,0.9,102,293
11,0,0.9,103,268
11,0,0.9,104,318
11,0,0.9,105,322
11,0,0.9,106,304
11,0,0.9,107,346
11,0,0.9,108,332
11,0,0.9,109,327
11,0,0.9,110,328
11,0,0.9,111,327
11,0,0.9,112,389
11,0,0.9,113,382
11,0,0.9,114,398
11,0,0.9,115,410
11,0,0.9,116,423
11,0,0.9,117,429
11,0,0.9,118,452
11,0,0.9,119,493
11,0,0.9,120,504
11,0,0.9,121,600
11,0,0.9,122,597
11,0,0.9,123,679
11,0,0.9,124,771
11,0,0.9,125,955
11,0,0.9,126,1219
11,0,0.9,127,1852
11,0,0.9,128,7882
11,1,0.14,0,37086
11,1,0.14,1,4154
11,1,0.14,2,2304
11,1,0.14,3,1653
11,1,0.14,4,1293
11,1,0.14,5,1088
11,1,0.14,6,865
11,1,0.14,7,756
11,1,0.14,8,706
11,1,0.14,9,626
11,1,0.14,10,587
11,1,0.14,11,534
11,1,0.14,12,455
11,1,0.14,13,401
11,1,0.14,14,397
11,1,0.14,15,414
11,1,0.14,16,349
11,1,0.14,17,317
11,1,0.14,18,316
11,1,0.14,19,292
11,1,0.14,20,287
11,1,0.14,21,293
11,1,0.14,22,248
11,1,0.14,23,243
11,1,0.14,24,243
11,1,0.14,25,218
11,1,0.14,26,191
11,1,0.14,27,190
11,1,0.14,28,186
11,1,0.14,29,180
11,1,0.14,30,206
11,1,0.14,31,164
11,1,0.14,32,166
11,1,0.14,33,144
11,1,0.14,34,125
11,1,0.14,35,154
11,1,0.14,36,138
11,1,0.14,37,156
11,1,0.14,38,153
11,1,0.14,39,128
11,1,0.14,40,102
11,1,0.14,41,136
11,1,0.14,42,120
11,1,0.14,43,137
11,1,0.14,44,104
11,1,0.14,45,92
11,1,0.14,46,111
11,1,0.14,47,110
11,1,0.14,48,112
11,1,0.14,49,112
11,1,0.14,50,124
11,1,0.14,51,119
11,1,0.14,52,114
11,1,0.14,53,117
11,1,0.14,54,106
11,1,0.14,55,103
11,1,0.14,56,112
11,1,0.14,57,120
11,1,0.14,58,104
11,1,0.14,59,99
11,1,0.14,60,116
11,1,0.14,61,117
11,1,0.14,62,113
11,1,0.14,63,92
11,1,0.14,64,95
11,1,0.14,65,116
11,1,0.14,66,83
11,1,0.14,67,100
11,1,0.14,68,84
11,1,0.14,69,77
11,1,0.14,70,89
11,1,0.14,71,75
11,1,0.14,72,77
11,1,0.14,73,74
11,1,0.14,74,60
11,1,0.14,75,60
11,1,0.14,76,47
11,1,0.14,77,45
11,1,0.14,78,58
11,1,0.14,79,66
11,1,0.14,80,71
11,1,0.14,81,49
11,1,0.14,82,53
11,1,0.14,83,54
11,1,0.14,84,50
11,1,0.14,85,47
11,1,0.14,86,45
11,1,0.14,87,39
11,1,0.14,88,42
11,1,0.14,89,48
11,1,0.14,90,34
11,1,0.14,91,41
11,1,0.14,92,49
11,1,0.14,93,48
11,1,0.14,94,36
11,1,0.14,95,48
11,1,0.14,96,47
11,1,0.14,97,41
11,1,0.14,98,41
11,1,0.14,99,41
11,1,0.14,100,36
11,1,0.14,101,41
11,1,0.14,102,44
11,1,0.14,103,34
11,1,0.14,104,51
11,1,0.14,105,45
11,1,0.14,106,39
11,1,0.14,107,46
11,1,0.14,108,39
11,1,0.14,109,38
11,1,0.14,110,36
11,1,0.14,111,33
11,1,0.14,112,48
11,1,0.14,113,46
11,1,0.14,114,37
11,1,0.14,115,53
11,1,0.14,116,47
11,1,0.14,117,41
11,1,0.14,118,37
11,1,0.14,119,46
11,1,0.14,120,48
11,1,0.14,121,43
11,1,0.14,122,42
11,1,0.14,123,36
11,1,0.14,124,45
11,1,0.14,125,46
11,1,0.14,126,55
11,1,0.14,127,38
11,1,0.14,128,1118
11,1,0.49,0,26362
11,1,0.49,1,3837
11,1,0.49,2,2429
11,1,0.49,3,1711
11,1,0.49,4,1371
11,1,0.49,5,1161
11,1,0.49,6,1001
11,1,0.49,7,860
11,1,0.49,8,728
11,1,0.49,9,678
11,1,0.49,10,665
11,1,0.49,11,611
11,1,0.49,12,529
11,1,0.49,13,519
11,1,0.49,14,471
11,1,0.49,15,463
11,1,0.49,16,427
11,1,0.49,17,420
11,1,0.49,18,377
11,1,0.49,19,353
11,1,0.49,20,389
11,1,0.49,21,345
11,1,0.49,22,329
11,1,0.49,23,306
11,1,0.49,24,323
11,1,0.49,25,303
11,1,0.49,26,322
11,1,0.49,27,282
11,1,0.49,28,281
11,1,0.49,29,270
11,1,0.49,30,278
11,1,0.49,31,230
11,1,0.49,32,259
11,1,0.49,33,261
11,1,0.49,34,251
11,1,0.49,35,242
11,1,0.49,36,236
11,1,0.49,37,234
11,1,0.49,38,235
11,1,0.49,39,224
11,1,0.49,40,258
11,1,0.49,41,221
11,1,0.49,42,168
11,1,0.49,43,232
11,1,0.49,44,222
11,1,0.49,45,202
11,1,0.49,46,189
11,1,0.49,47,184
11,1,0.49,48,194
11,1,0.49,49,160
11,1,0.49,50,181
11,1,0.49,51,165
11,1,0.49,52,177
11,1,0.49,53,182
11,1,0.49,54,197
11,1,0.49,55,162
11,1,0.49,56,151
11,1,0.49,57,165
11,1,0.49,58,169
11,1,0.49,59,175
11,1,0.49,60,165
11,1,0.49,61,191
11,1,0.49,62,193
11,1,0.49,63,199
11,1,0.49,64,171
11,1,0.49,65,196
11,1,0.49,66,188
11,1,0.49,67,188
11,1,0.49,68,183
11,1,0.49,69,162
11,1,0.49,70,161
11,1,0.49,71,162
11,1,0.49,72,146
11,1,0.49,73,159
11,1,0.49,74,158
11,1,0.49,75,146
11,1,0.49,76,160
11,1,0.49,77,156
11,1,0.49,78,144
11,1,0.49,79,139
11,1,0.49,80,135
11,1,0.49,81,119
11,1,0.49,82,137
11,1,0.49,83,131
11,1,0.49,84,132
11,1,0.49,85,122
11,1,0.49,86,151
11,1,0.49,87,116
11,1,0.49,88,121
11,1,0.49,89,116
11,1,0.49,90,111
11,1,0.49,91,125
11,1,0.49,92,120
11,1,0.49,93,108
11,1,0.49,94,118
11,1,0.49,95,130
11,1,0.49,96,112
11,1,0.49,97,126
11,1,0.49,98,132
11,1,0.49,99,118
11,1,0.49,100,118
11,1,0.49,101,101
11,1,0.49,102,103
11,1,0.49,103,120
11,1,0.49,104,116
11,1,0.49,105,115
11,1,0.49,106,102
11,1,0.49,107,91
11,1,0.49,108,99
11,1,0.49,109,113
11,1,0.49,110,107
11,1,0.49,111,134
11,1,0.49,112,123
11,1,0.49,113,113
11,1,0.49,114,136
11,1,0.49,115,122
11,1,0.49,116,121
11,1,0.49,117,137
11,1,0.49,118,120
11,1,0.49,119,133
11,1,0.49,120,137
11,1,0.49,121,133
11,1,0.49,122,153
11,1,0.49,123,164
11,1,0.49,124,204
11,1,0.49,125,201
11,1,0.49,126,235
11,1,0.49,127,316
11,1,0.49,128,1495
11,1,0.89,0,8300
11,1,0.89,1,2049
11,1,0.89,2,1383
11,1,0.89,3,1002
11,1,0.89,4,855
11,1,0.89,5,805
11,1,0.89,6,656
11,1,0.89,7,641
11,1,0.89,8,577
11,1,0.89,9,515
11,1,0.89,10,445
11,1,0.89,11,486
11,1,0.89,12,468
11,1,0.89,13,447
11,1,0.89,14,431
11,1,0.89,15,393
11,1,0.89,16,383
11,1,0.89,17,404
11,1,0.89,18,376
11,1,0.89,19,411
11,1,0.89,20,358
11,1,0.89,21,357
11,1,0.89,22,342
11,1,0.89,23,365
11,1,0.89,24,342
11,1,0.89,25,351
11,1,0.89,26,325
11,1,0.89,27,304
11,1,0.89,28,287
11,1,0.89,29,276
11,1,0.89,30,277
11,1,0.89,31,298
11,1,0.89,32,287
11,1,0.89,33,309
11,1,0.89,34,285
11,1,0.89,35,313
11,1,0.89,36,289
11,1,0.89,37,286
11,1,0.89,38,299
11,1,0.89,39,311
11,1,0.89,40,256
11,1,0.89,41,296
11,1,0.89,42,272
11,1,0.89,43,277
11,1,0.89,44,253
11,1,0.89,45,250
11,1,0.89,46,281
11,1,0.89,47,230
11,1,0.89,48,262
11,1,0.89,49,249
11,1,0.89,50,253
11,1,0.89,51,254
11,1,0.89,52,245
11,1,0.89,53,240
11,1,0.89,54,252
11,1,0.89,55,263
11,1,0.89,56,268
11,1,0.89,57,242
11,1,0.89,58,229
11,1,0.89,59,248
11,1,0.89,60,228
11,1,0.89,61,254
11,1,0.89,62,263
11,1,0.89,63,253
11,1,0.89,64,260
11,1,0.89,65,272
11,1,0.89,66,267
11,1,0.89,67,247
11,1,0.89,68,287
11,1,0.89,69,248
11,1,0.89,70,259
11,1,0.89,71,256
11,1,0.89,72,241
11,1,0.89,73,244
11,1,0.89,74,236
11,1,0.89,75,238
11,1,0.89,76,285
11,1,0.89,77,269
11,1,0.89,78,285
11,1,0.89,79,271
11,1,0.89,80,257
11,1,0.89,81,251
11,1,0.89,82,264
11,1,0.89,83,251
11,1,0.89,84,302
11,1,0.89,85,318
11,1,0.89,86,279
11,1,0.89,87,276
11,1,0.89,88,299
11,1,0.89,89,258
11,1,0.89,90,257
11,1,0.89,91,261
11,1,0.89,92,272
11,1,0.89,93,288
11,1,0.89,94,285
11,1,0.89,95,289
11,1,0.89,96,256
11,1,0.89,97,257
11,1,0.89,98,275
11,1,0.89,99,302
11,1,0.89,100,291
11,1,0.89,101,289
11,1,0.89,102,292
11,1,0.89,103,314
11,1,0.89,104,301
11,1,0.89,105,295
11,1,0.89,106,302
11,1,0.89,107,330
11,1,0.89,108,318
11,1,0.89,109,341
11,1,0.89,110,378
11,1,0.89,111,342
11,1,0.89,112,376
11,1,0.89,113,390
11,1,0.89,114,355
11,1,0.89,115,438
11,1,0.89,116,408
11,1,0.89,117,403
11,1,0.89,118,467
11,1,0.89,119,497
11,1,0.89,120,530
11,1,0.89,121,555
11,1,0.89,122,635
11,1,0.89,123,680
11,1,0.89,124,773
11,1,0.89,125,941
11,1,0.89,126,1265
11,1,0.89,127,1844
11,1,0.89,128,8118
12,0,0.15,0,36421
12,0,0.15,1,4448
12,0,0.15,2,2566
12,0,0.15,3,1826
12,0,0.15,4,1429
12,0,0.15,5,1170
12,0,0.15,6,1007
12,0,0.15,7,860
12,0,0.15,8,738
12,0,0.15,9,681
12,0,0.15,10,595
12,0,0.15,11,541
12,0,0.15,12,500
12,0,0.15,13,473
12,0,0.15,14,412
12,0,0.15,15,358
12,0,0.15,16,339
12,0,0.15,17,347
12,0,0.15,18,291
12,0,0.15,19,288
12,0,0.15,20,292
12,0,0.15,21,262
12,0,0.15,22,242
12,0,0.15,23,245
12,0,0.15,24,200
12,0,0.15,25,193
12,0,0.15,26,207
12,0,0.15,27,227
12,0,0.15,28,189
12,0,0.15,29,168
12,0,0.15,30,171
12,0,0.15,31,126
12,0,0.15,32,184
12,0,0.15,33,174
12,0,0.15,34,154
12,0,0.15,35,149
12,0,0.15,36,127
12,0,0.15,37,154
12,0,0.15,38,115
12,0,0.15,39,112
12,0,0.15,40,145
12,0,0.15,41,127
12,0,0.15,42,109
12,0,0.15,43,122
12,0,0.15,44,115
12,0,0.15,45,87
12,0,0.15,46,110
12,0,0.15,47,111
12,0,0.15,48,102
12,0,0.15,49,102
12,0,0.15,50,109
12,0,0.15,51,92
12,0,0.15,52,89
12,0,0.15,53,90
12,0,0.15,54,92
12,0,0.15,55,107
12,0,0.15,56,94
12,0,0.15,57,84
12,0,0.15,58,100
12,0,0.15,59,112
12,0,0.15,60,101
12,0,0.15,61,104
12,0,0.15,62,101
12,0,0.15,63,110
12,0,0.15,64,101
12,0,0.15,65,97
12,0,0.15,66,87
12,0,0.15,67,76
12,0,0.15,68,53
12,0,0.15,69,66
12,0,0.15,70,67
12,0,0.15,71,65
12,0,0.15,72,56
12,0,0.15,73,54
12,0,0.15,74,48
12,0,0.15,75,50
12,0,0.15,76,64
12,0,0.15,77,49
12,0,0.15,78,53
12,0,0.15,79,49
12,0,0.15,80,41
12,0,0.15,81,43
12,0,0.15,82,43
12,0,0.15,83,58
12,0,0.15,84,48
12,0,0.15,85,43
12,0,0.15,86,45
12,0,0.15,87,37
12,0,0.15,88,38
12,0,0.15,89,32
12,0,0.15,90,38
12,0,0.15,91,41
12,0,0.15,92,48
12,0,0.15,93,35
12,0,0.15,94,35
12,0,0.15,95,46
12,0,0.15,96,36
12,0,0.15,97,42
12,0,0.15,98,24
12,0,0.15,99,41
12,0,0.15,100,32
12,0,0.15,101,31
12,0,0.15,102,34
12,0,0.15,103,34
12,0,0.15,104,41
12,0,0.15,105,38
12,0,0.15,106,34
12,0,0.15,107,26
12,0,0.15,108,39
12,0,0.15,109,29
12,0,0.15,110,38
12,0,0.15,111,47
12,0,0.15,112,36
12,0,0.15,113,26
12,0,0.15,114,36
12,0,0.15,115,35
12,0,0.15,116,32
12,0,0.15,117,36
12,0,0.15,118,45
12,0,0.15,119,42
12,0,0.15,120,44
12,0,0.15,121,51
12,0,0.15,122,40
12,0,0.15,123,42
12,0,0.15,124,58
12,0,0.15,125,43
12,0,0.15,126,46
12,0,0.15,127,53
12,0,0.15,128,1103
12,0,0.5,0,26265
12,0,0.5,1,4293
12,0,0.5,2,2400
12,0,0.5,3,1797
12,0,0.5,4,1403
12,0,0.5,5,1210
12,0,0.5,6,1016
12,0,0.5,7,885
12,0,0.5,8,828
12,0,0.5,9,700
12,0,0.5,10,656
12,0,0.5,11,665
12,0,0.5,12,576
12,0,0.5,13,540
12,0,0.5,14,550
12,0,0.5,15,530
12,0,0.5,16,480
12,0,0.5,17,448
12,0,0.5,18,436
12,0,0.5,19,425
12,0,0.5,20,422
12,0,0.5,21,374
12,0,0.5,22,347
12,0,0.5,23,355
12,0,0.5,24,344
12,0,0.5,25,327
12,0,0.5,26,326
12,0,0.5,27,301
12,0,0.5,28,301
12,0,0.5,29,307
12,0,0.5,30,285
12,0,0.5,31,286
12,0,0.5,32,247
12,0,0.5,33,276
12,0,0.5,34,283
12,0,0.5,35,238
12,0,0.5,36,238
12,0,0.5,37,226
12,0,0.5,38,220
12,0,0.5,39,230
12,0,0.5,40,247
12,0,0.5,41,224
12,0,0.5,42,215
12,0,0.5,43,205
12,0,0.5,44,193
12,0,0.5,45,205
12,0,0.5,46,193
12,0,0.5,47,191
12,0,0.5,48,221
12,0,0.5,49,188
12,0,0.5,50,198
12,0,0.5,51,170
12,0,0.5,52,180
12,0,0.5,53,164
12,0,0.5,54,195
12,0,0.5,55,176
12,0,0.5,56,193
12,0,0.5,57,154
12,0,0.5,58,184
12,0,0.5,59,166
12,0,0.5,60,179
12,0,0.5,61,146
12,0,0.5,62,172
12,0,0.5,63,181
12,0,0.5,64,167
12,0,0.5,65,181
12,0,0.5,66,167
12,0,0.5,67,162
12,0,0.5,68,188
12,0,0.5,69,142
12,0,0.5,70,144
12,0,0.5,71,149
12,0,0.5,72,130
12,0,0.5,73,159
12,0,0.5,74,143
12,0,0.5,75,126
12,0,0.5,76,137
12,0,0.5,77,129
12,0,0.5,78,141
12,0,0.5,79,144
12,0,0.5,80,119
12,0,0.5,81,99
12,0,0.5,82,122
12,0,0.5,83,130
12,0,0.5,84,119
12,0,0.5,85,133
12,0,0.5,86,106
12,0,0.5,87,117
12,0,0.5,88,90
12,0,0.5,89,105
12,0,0.5,90,98
12,0,0.5,91,98
12,0,0.5,92,108
12,0,0.5,93,108
12,0,0.5,94,88
12,0,0.5,95,107
12,0,0.5,96,102
12,0,0.5,97,92
12,0,0.5,98,79
12,0,0.5,99,86
12,0,0.5,100,98
12,0,0.5,101,93
12,0,0.5,102,99
12,0,0.5,103,88
12,0,0.5,104,102
12,0,0.5,105,85
12,0,0.5,106,113
12,0,0.5,107,113
12,0,0.5,108,105
12,0,0.5,109,83
12,0,0.5,110,84
12,0,0.5,111,96
12,0,0.5,112,110
12,0,0.5,113,88
12,0,0.5,114,85
12,0,0.5,115,85
12,0,0.5,116,91
12,0,0.5,117,91
12,0,0.5,118,104
12,0,0.5,119,114
12,0,0.5,120,107
12,0,0.5,121,104
12,0,0.5,122,107
12,0,0.5,123,101
12,0,0.5,124,154
12,0,0.5,125,138
12,0,0.5,126,165
12,0,0.5,127,219
12,0,0.5,128,1423
12,0,0.9,0,8711
12,0,0.9,1,2360
12,0,0.9,2,1568
12,0,0.9,3,1320
12,0,0.9,4,1081
12,0,0.9,5,970
12,0,0.9,6,798
12,0,0.9,7,754
12,0,0.9,8,722
12,0,0.9,9,613
12,0,0.9,10,611
12,0,0.9,11,541
12,0,0.9,12,511
12,0,0.9,13,488
12,0,0.9,14,445
12,0,0.9,15,463
12,0,0.9,16,414
12,0,0.9,17,445
12,0,0.9,18,391
12,0,0.9,19,350
12,0,0.9,20,385
12,0,0.9,21,384
12,0,0.9,22,375
12,0,0.9,23,381
12,0,0.9,24,342
12,0,0.9,25,329
12,0,0.9,26,363
12,0,0.9,27,303
12,0,0.9,28,320
12,0,0.9,29,334
12,0,0.9,30,310
12,0,0.9,31,293
12,0,0.9,32,305
12,0,0.9,33,267
12,0,0.9,34,278
12,0,0.9,35,271
12,0,0.9,36,265
12,0,0.9,37,278
12,0,0.9,38,229
12,0,0.9,39,254
12,0,0.9,40,255
12,0,0.9,41,262
12,0,0.9,42,253
12,0,0.9,43,251
12,0,0.9,44,228
12,0,0.9,45,249
12,0,0.9,46,228
12,0,0.9,47,248
12,0,0.9,48,253
12,0,0.9,49,244
12,0,0.9,50,245
12,0,0.9,51,245
12,0,0.9,52,238
12,0,0.9,53,219
12,0,0.9,54,245
12,0,0.9,55,224
12,0,0.9,56,233
12,0,0.9,57,258
12,0,0.9,58,267
12,0,0.9,59,253
12,0,0.9,60,250
12,0,0.9,61,264
12,0,0.9,62,247
12,0,0.9,63,244
12,0,0.9,64,238
12,0,0.9,65,237
12,0,0.9,66,240
12,0,0.9,67,254
12,0,0.9,68,251
12,0,0.9,69,282
12,0,0.9,70,254
12,0,0.9,71,268
12,0,0.9,72,252
12,0,0.9,73,279
12,0,0.9,74,239
12,0,0.9,75,255
12,0,0.9,76,261
12,0,0.9,77,267
12,0,0.9,78,234
12,0,0.9,79,230
12,0,0.9,80,252
12,0,0.9,81,261
12,0,0.9,82,282
12,0,0.9,83,265
12,0,0.9,84,285
12,0,0.9,85,256
12,0,0.9,86,277
12,0,0.9,87,276
12,0,0.9,88,263
12,0,0.9,89,281
12,0,0.9,90,271
12,0,0.9,91,259
12,0,0.9,92,294
12,0,0.9,93,302
12,0,0.9,94,294
12,0,0.9,95,274
12,0,0.9,96,274
12,0,0.9,97,285
12,0,0.9,98,289
12,0,0.9,99,268
12,0,0.9,100,311
12,0,0.9,101,277
12,0,0.9,102,307
12,0,0.9,103,318
12,0,0.9,104,302
12,0,0.9,105,312
12,0,0.9,106,307
12,0,0.9,107,285
12,0,0.9,108,296
12,0,0.9,109,325
12,0,0.9,110,318
12,0,0.9,111,334
12,0,0.9,112,329
12,0,0.9,113,378
12,0,0.9,114,321
12,0,0.9,115,391
12,0,0.9,116,376
12,0,0.9,117,413
12,0,0.9,118,470
12,0,0.9,119,467
12,0,0.9,120,484
12,0,0.9,121,515
12,0,0.9,122,556
12,0,0.9,123,620
12,0,0.9,124,687
12,0,0.9,125,892
12,0,0.9,126,1264
12,0,0.9,127,1892
12,0,0.9,128,6515
12,1,0.14,0,36483
12,1,0.14,1,4429
12,1,0.14,2,2598
12,1,0.14,3,1764
12,1,0.14,4,1410
12,1,0.14,5,1187
12,1,0.14,6,997
12,1,0.14,7,877
12,1,0.14,8,739
12,1,0.14,9,663
12,1,0.14,10,576
12,1,0.14,11,530
12,1,0.14,12,459
12,1,0.14,13,475
12,1,0.14,14,430
12,1,0.14,15,385
12,1,0.14,16,367
12,1,0.14,17,314
12,1,0.14,18,303
12,1,0.14,19,308
12,1,0.14,20,269
12,1,0.14,21,261
12,1,0.14,22,256
12,1,0.14,23,254
12,1,0.14,24,223
12,1,0.14,25,219
12,1,0.14,26,191
12,1,0.14,27,179
12,1,0.14,28,191
12,1,0.14,29,162
12,1,0.14,30,175
12,1,0.14,31,165
12,1,0.14,32,157
12,1,0.14,33,188
12,1,0.14,34,134
12,1,0.14,35,151
12,1,0.14,36,124
12,1,0.14,37,127
12,1,0.14,38,132
12,1,0.14,39,106
12,1,0.14,40,118
12,1,0.14,41,133
12,1,0.14,42,137
12,1,0.14,43,112
12,1,0.14,44,111
12,1,0.14,45,111
12,1,0.14,46,106
12,1,0.14,47,103
12,1,0.14,48,105
12,1,0.14,49,107
12,1,0.14,50,102
12,1,0.14,51,84
12,1,0.14,52,105
12,1,0.14,53,110
12,1,0.14,54,97
12,1,0.14,55,94
12,1,0.14,56,85
12,1,0.14,57,104
12,1,0.14,58,94
12,1,0.14,59,93
12,1,0.14,60,110
12,1,0.14,61,98
12,1,0.14,62,116
12,1,0.14,63,100
12,1,0.14,64,86
12,1,0.14,65,77
12,1,0.14,66,89
12,1,0.14,67,88
12,1,0.14,68,69
12,1,0.14,69,81
12,1,0.14,70,59
12,1,0.14,71,65
12,1,0.14,72,44
12,1,0.14,73,48
12,1,0.14,74,65
12,1,0.14,75,49
12,1,0.14,76,60
12,1,0.14,77,48
12,1,0.14,78,50
12,1,0.14,79,47
12,1,0.14,80,56
12,1,0.14,81,33
12,1,0.14,82,48
12,1,0.14,83,53
12,1,0.14,84,53
12,1,0.14,85,40
12,1,0.14,86,41
12,1,0.14,87,38
12,1,0.14,88,40
12,1,0.14,89,39
12,1,0.14,90,42
12,1,0.14,91,35
12,1,0.14,92,50
12,1,0.14,93,31
12,1,0.14,94,44
12,1,0.14,95,31
12,1,0.14,96,35
12,1,0.14,97,35
12,1,0.14,98,27
12,1,0.14,99,34
12,1,0.14,100,34
12,1,0.14,101,36
12,1,0.14,102,40
12,1,0.14,103,31
12,1,0.14,104,44
12,1,0.14,105,40
12,1,0.14,106,47
12,1,0.14,107,25
12,1,0.14,108,30
12,1,0.14,109,35
12,1,0.14,110,31
12,1,0.14,111,30
12,1,0.14,112,36
12,1,0.14,113,41
12,1,0.14,114,33
12,1,0.14,115,43
12,1,0.14,116,28
12,1,0.14,117,38
12,1,0.14,118,47
12,1,0.14,119,34
12,1,0.14,120,38
12,1,0.14,121,43
12,1,0.14,122,58
12,1,0.14,123,52
12,1,0.14,124,44
12,1,0.14,125,44
12,1,0.14,126,49
12,1,0.14,127,52
12,1,0.14,128,1110
12,1,0.49,0,26145
12,1,0.49,1,4315
12,1,0.49,2,2463
12,1,0.49,3,1755
12,1,0.49,4,1399
12,1,0.49,5,1162
12,1,0.49,6,1060
12,1,0.49,7,898
12,1,0.49,8,775
12,1,0.49,9,693
12,1,0.49,10,702
12,1,0.49,11,617
12,1,0.49,12,597
12,1,0.49,13,586
12,1,0.49,14,528
12,1,0.49,15,526
12,1,0.49,16,478
12,1,0.49,17,468
12,1,0.49,18,443
12,1,0.49,19,413
12,1,0.49,20,393
12,1,0.49,21,392
12,1,0.49,22,394
12,1,0.49,23,354
12,1,0.49,24,375
12,1,0.49,25,327
12,1,0.49,26,303
12,1,0.49,27,327
12,1,0.49,28,284
12,1,0.49,29,289
12,1,0.49,30,287
12,1,0.49,31,291
12,1,0.49,32,270
12,1,0.49,33,257
12,1,0.49,34,304
12,1,0.49,35,249
12,1,0.49,36,240
12,1,0.49,37,255
12,1,0.49,38,218
12,1,0.49,39,215
12,1,0.49,40,227
12,1,0.49,41,226
12,1,0.49,42,205
12,1,0.49,43,218
12,1,0.49,44,208
12,1,0.49,45,185
12,1,0.49,46,202
12,1,0.49,47,199
12,1,0.49,48,182
12,1,0.49,49,211
12,1,0.49,50,198
12,1,0.49,51,167
12,1,0.49,52,206
12,1,0.49,53,178
12,1,0.49,54,178
12,1,0.49,55,154
12,1,0.49,56,166
12,1,0.49,57,192
12,1,0.49,58,171
12,1,0.49,59,168
12,1,0.49,60,176
12,1,0.49,61,181
12,1,0.49,62,161
12,1,0.49,63,200
12,1,0.49,64,158
12,1,0.49,65,178
12,1,0.49,66,172
12,1,0.49,67,169
12,1,0.49,68,150
12,1,0.49,69,163
12,1,0.49,70,175
12,1,0.49,71,133
12,1,0.49,72,155
12,1,0.49,73,122
12,1,0.49,74,130
12,1,0.49,75,138
12,1,0.49,76,136
12,1,0.49,77,157
12,1,0.49,78,126
12,1,0.49,79,137
12,1,0.49,80,114
12,1,0.49,81,106
12,1,0.49,82,127
12,1,0.49,83,115
12,1,0.49,84,122
12,1,0.49,85,90
12,1,0.49,86,125
12,1,0.49,87,136
12,1,0.49,88,98
12,1,0.49,89,106
12,1,0.49,90,90
12,1,0.49,91,98
12,1,0.49,92,95
12,1,0.49,93,97
12,1,0.49,94,102
12,1,0.49,95,98
12,1,0.49,96,106
12,1,0.49,97,101
12,1,0.49,98,96
12,1,0.49,99,101
12,1,0.49,100,80
12,1,0.49,101,80
12,1,0.49,102,74
12,1,0.49,103,108
12,1,0.49,104,105
12,1,0.49,105,108
12,1,0.49,106,100
12,1,0.49,107,87
12,1,0.49,108,103
12,1,0.49,109,111
12,1,0.49,110,89
12,1,0.49,111,81
12,1,0.49,112,94
12,1,0.49,113,95
12,1,0.49,114,92
12,1,0.49,115,102
12,1,0.49,116,88
12,1,0.49,117,91
12,1,0.49,118,101
12,1,0.49,119,99
12,1,0.49,120,113
12,1,0.49,121,107
12,1,0.49,122,113
12,1,0.49,123,119
12,1,0.49,124,127
12,1,0.49,125,139
12,1,0.49,126,155
12,1,0.49,127,229
12,1,0.49,128,1418
12,1,0.89,0,8443
12,1,0.89,1,2293
12,1,0.89,2,1612
12,1,0.89,3,1309
12,1,0.89,4,1105
12,1,0.89,5,922
12,1,0.89,6,824
12,1,0.89,7,734
12,1,0.89,8,728
12,1,0.89,9,692
12,1,0.89,10,569
12,1,0.89,11,534
12,1,0.89,12,567
12,1,0.89,13,471
12,1,0.89,14,450
12,1,0.89,15,441
12,1,0.89,16,407
12,1,0.89,17,401
12,1,0.89,18,399
12,1,0.89,19,439
12,1,0.89,20,394
12,1,0.89,21,374
12,1,0.89,22,380
12,1,0.89,23,367
12,1,0.89,24,349
12,1,0.89,25,334
12,1,0.89,26,351
12,1,0.89,27,323
12,1,0.89,28,327
12,1,0.89,29,308
12,1,0.89,30,282
12,1,0.89,31,278
12,1,0.89,32,262
12,1,0.89,33,302
12,1,0.89,34,274
12,1,0.89,35,289
12,1,0.89,36,244
12,1,0.89,37,252
12,1,0.89,38,256
12,1,0.89,39,277
12,1,0.89,40,266
12,1,0.89,41,278
12,1,0.89,42,242
12,1,0.89,43,239
12,1,0.89,44,230
12,1,0.89,45,271
12,1,0.89,46,232
12,1,0.89,47,255
12,1,0.89,48,230
12,1,0.89,49,245
12,1,0.89,50,222
12,1,0.89,51,230
12,1,0.89,52,232
12,1,0.89,53,235
12,1,0.89,54,255
12,1,0.89,55,225
12,1,0.89,56,237
12,1,0.89,57,237
12,1,0.89,58,269
12,1,0.89,59,256
12,1,0.89,60,233
12,1,0.89,61,275
12,1,0.89,62,254
12,1,0.89,63,241
12,1,0.89,64,253
12,1,0.89,65,262
12,1,0.89,66,252
12,1,0.89,67,220
12,1,0.89,68,273
12,1,0.89,69,251
12,1,0.89,70,261
12,1,0.89,71,258
12,1,0.89,72,251
12,1,0.89,73,266
12,1,0.89,74,246
12,1,0.89,75,266
12,1,0.89,76,270
12,1,0.89,77,232
12,1,0.89,78,299
12,1,0.89,79,251
12,1,0.89,80,260
12,1,0.89,81,279
12,1,0.89,82,280
12,1,0.89,83,230
12,1,0.89,84,300
12,1,0.89,85,272
12,1,0.89,86,268
12,1,0.89,87,276
12,1,0.89,88,252
12,1,0.89,89,295
12,1,0.89,90,263
12,1,0.89,91,243
12,1,0.89,92,259
12,1,0.89,93,265
12,1,0.89,94,286
12,1,0.89,95,283
12,1,0.89,96,295
12,1,0.89,97,287
12,1,0.89,98,247
12,1,0.89,99,309
12,1,0.89,100,291
12,1,0.89,101,293
12,1,0.89,102,295
12,1,0.89,103,336
12,1,0.89,104,318
12,1,0.89,105,285
12,1,0.89,106,299
12,1,0.89,107,333
12,1,0.89,108,321
12,1,0.89,109,342
12,1,0.89,110,307
12,1,0.89,111,356
12,1,0.89,112,358
12,1,0.89,113,372
12,1,0.89,114,354
12,1,0.89,115,395
12,1,0.89,116,378
12,1,0.89,117,428
12,1,0.89,118,426
12,1,0.89,119,470
12,1,0.89,120,474
12,1,0.89,121,502
12,1,0.89,122,534
12,1,0.89,123,693
12,1,0.89,124,734
12,1,0.89,125,897
12,1,0.89,126,1199
12,1,0.89,127,1964
12,1,0.89,128,6570
13,0,0.15,0,30363
13,0,0.15,1,6019
13,0,0.15,2,3521
13,0,0.15,3,2471
13,0,0.15,4,1780
13,0,0.15,5,1519
13,0,0.15,6,1222
13,0,0.15,7,1145
13,0,0.15,8,927
13,0,0.15,9,847
13,0,0.15,10,680
13,0,0.15,11,650
13,0,0.15,12,635
13,0,0.15,13,570
13,0,0.15,14,449
13,0,0.15,15,470
13,0,0.15,16,461
13,0,0.15,17,376
13,0,0.15,18,352
13,0,0.15,19,360
13,0,0.15,20,327
13,0,0.15,21,315
13,0,0.15,22,300
13,0,0.15,23,276
13,0,0.15,24,296
13,0,0.15,25,245
13,0,0.15,26,254
13,0,0.15,27,246
13,0,0.15,28,239
13,0,0.15,29,225
13,0,0.15,30,206
13,0,0.15,31,199
13,0,0.15,32,183
13,0,0.15,33,168
13,0,0.15,34,164
13,0,0.15,35,171
13,0,0.15,36,186
13,0,0.15,37,159
13,0,0.15,38,156
13,0,0.15,39,156
13,0,0.15,40,162
13,0,0.15,41,134
13,0,0.15,42,131
13,0,0.15,43,118
13,0,0.15,44,121
13,0,0.15,45,118
13,0,0.15,46,112
13,0,0.15,47,127
13,0,0.15,48,110
13,0,0.15,49,113
13,0,0.15,50,128
13,0,0.15,51,102
13,0,0.15,52,93
13,0,0.15,53,93
13,0,0.15,54,101
13,0,0.15,55,82
13,0,0.15,56,86
13,0,0.15,57,76
13,0,0.15,58,87
13,0,0.15,59,81
13,0,0.15,60,82
13,0,0.15,61,80
13,0,0.15,62,92
13,0,0.15,63,79
13,0,0.15,64,92
13,0,0.15,65,75
13,0,0.15,66,59
13,0,0.15,67,70
13,0,0.15,68,66
13,0,0.15,69,60
13,0,0.15,70,53
13,0,0.15,71,70
13,0,0.15,72,62
13,0,0.15,73,42
13,0,0.15,74,50
13,0,0.15,75,44
13,0,0.15,76,48
13,0,0.15,77,52
13,0,0.15,78,56
13,0,0.15,79,65
13,0,0.15,80,59
13,0,0.15,81,52
13,0,0.15,82,39
13,0,0.15,83,47
13,0,0.15,84,35
13,0,0.15,85,55
13,0,0.15,86,44
13,0,0.15,87,40
13,0,0.15,88,42
13,0,0.15,89,44
13,0,0.15,90,48
13,0,0.15,91,33
13,0,0.15,92,47
13,0,0.15,93,37
13,0,0.15,94,35
13,0,0.15,95,35
13,0,0.15,96,43
13,0,0.15,97,43
13,0,0.15,98,42
13,0,0.15,99,33
13,0,0.15,100,35
13,0,0.15,101,38
13,0,0.15,102,33
13,0,0.15,103,46
13,0,0.15,104,36
13,0,0.15,105,30
13,0,0.15,106,31
13,0,0.15,107,42
13,0,0.15,108,26
13,0,0.15,109,36
13,0,0.15,110,23
13,0,0.15,111,30
13,0,0.15,112,32
13,0,0.15,113,28
13,0,0.15,114,32
13,0,0.15,115,36
13,0,0.15,116,43
13,0,0.15,117,28
13,0,0.15,118,33
13,0,0.15,119,35
13,0,0.15,120,30
13,0,0.15,121,23
13,0,0.15,122,24
13,0,0.15,123,30
13,0,0.15,124,23
13,0,0.15,125,30
13,0,0.15,126,23
13,0,0.15,127,21
13,0,0.15,128,1046
13,0,0.5,0,17877
13,0,0.5,1,4920
13,0,0.5,2,3182
13,0,0.5,3,2518
13,0,0.5,4,2043
13,0,0.5,5,1682
13,0,0.5,6,1507
13,0,0.5,7,1347
13,0,0.5,8,1166
13,0,0.5,9,1029
13,0,0.5,10,958
13,0,0.5,11,862
13,0,0.5,12,802
13,0,0.5,13,756
13,0,0.5,14,693
13,0,0.5,15,650
13,0,0.5,16,677
13,0,0.5,17,554
13,0,0.5,18,531
13,0,0.5,19,547
13,0,0.5,20,471
13,0,0.5,21,488
13,0,0.5,22,429
13,0,0.5,23,460
13,0,0.5,24,462
13,0,0.5,25,346
13,0,0.5,26,401
13,0,0.5,27,353
13,0,0.5,28,368
13,0,0.5,29,345
13,0,0.5,30,341
13,0,0.5,31,330
13,0,0.5,32,333
13,0,0.5,33,279
13,0,0.5,34,290
13,0,0.5,35,301
13,0,0.5,36,301
13,0,0.5,37,282
13,0,0.5,38,288
13,0,0.5,39,266
13,0,0.5,40,246
13,0,0.5,41,240
13,0,0.5,42,225
13,0,0.5,43,210
13,0,0.5,44,243
13,0,0.5,45,231
13,0,0.5,46,226
13,0,0.5,47,230
13,0,0.5,48,238
13,0,0.5,49,208
13,0,0.5,50,203
13,0,0.5,51,185
13,0,0.5,52,183
13,0,0.5,53,214
13,0,0.5,54,170
13,0,0.5,55,167
13,0,0.5,56,186
13,0,0.5,57,159
13,0,0.5,58,165
13,0,0.5,59,160
13,0,0.5,60,181
13,0,0.5,61,158
13,0,0.5,62,143
13,0,0.5,63,161
13,0,0.5,64,177
13,0,0.5,65,156
13,0,0.5,66,162
13,0,0.5,67,167
13,0,0.5,68,149
13,0,0.5,69,141
13,0,0.5,70,122
13,0,0.5,71,145
13,0,0.5,72,163
13,0,0.5,73,130
13,0,0.5,74,168
13,0,0.5,75,140
13,0,0.5,76,132
13,0,0.5,77,155
13,0,0.5,78,143
13,0,0.5,79,125
13,0,0.5,80,131
13,0,0.5,81,130
13,0,0.5,82,131
13,0,0.5,83,124
13,0,0.5,84,110
13,0,0.5,85,119
13,0,0.5,86,118
13,0,0.5,87,112
13,0,0.5,88,127
13,0,0.5,89,153
13,0,0.5,90,127
13,0,0.5,91,138
13,0,0.5,92,116
13,0,0.5,93,114
13,0,0.5,94,123
13,0,0.5,95,124
13,0,0.5,96,109
13,0,0.5,97,135
13,0,0.5,98,117
13,0,0.5,99,93
13,0,0.5,100,103
13,0,0.5,101,111
13,0,0.5,102,137
13,0,0.5,103,110
13,0,0.5,104,100
13,0,0.5,105,101
13,0,0.5,106,120
13,0,0.5,107,108
13,0,0.5,108,122
13,0,0.5,109,127
13,0,0.5,110,120
13,0,0.5,111,115
13,0,0.5,112,110
13,0,0.5,113,121
13,0,0.5,114,107
13,0,0.5,115,115
13,0,0.5,116,120
13,0,0.5,117,114
13,0,0.5,118,104
13,0,0.5,119,120
13,0,0.5,120,126
13,0,0.5,121,128
13,0,0.5,122,127
13,0,0.5,123,148
13,0,0.5,124,147
13,0,0.5,125,107
13,0,0.5,126,147
13,0,0.5,127,138
13,0,0.5,128,1190
13,0,0.9,0,3074
13,0,0.9,1,1612
13,0,0.9,2,1127
13,0,0.9,3,954
13,0,0.9,4,819
13,0,0.9,5,689
13,0,0.9,6,677
13,0,0.9,7,632
13,0,0.9,8,582
13,0,0.9,9,554
13,0,0.9,10,546
13,0,0.9,11,499
13,0,0.9,12,494
13,0,0.9,13,412
13,0,0.9,14,468
13,0,0.9,15,445
13,0,0.9,16,417
13,0,0.9,17,415
13,0,0.9,18,406
13,0,0.9,19,410
13,0,0.9,20,348
13,0,0.9,21,367
13,0,0.9,22,385
13,0,0.9,23,352
13,0,0.9,24,334
13,0,0.9,25,334
13,0,0.9,26,381
13,0,0.9,27,359
13,0,0.9,28,327
13,0,0.9,29,372
13,0,0.9,30,346
13,0,0.9,31,319
13,0,0.9,32,312
13,0,0.9,33,339
13,0,0.9,34,346
13,0,0.9,35,333
13,0,0.9,36,360
13,0,0.9,37,363
13,0,0.9,38,292
13,0,0.9,39,342
13,0,0.9,40,367
13,0,0.9,41,343
13,0,0.9,42,324
13,0,0.9,43,309
13,0,0.9,44,330
13,0,0.9,45,304
13,0,0.9,46,323
13,0,0.9,47,292
13,0,0.9,48,345
13,0,0.9,49,336
13,0,0.9,50,330
13,0,0.9,51,337
13,0,0.9,52,353
13,0,0.9,53,345
13,0,0.9,54,331
13,0,0.9,55,329
13,0,0.9,56,323
13,0,0.9,57,315
13,0,0.9,58,311
13,0,0.9,59,326
13,0,0.9,60,339
13,0,0.9,61,307
13,0,0.9,62,331
13,0,0.9,63,333
13,0,0.9,64,363
13,0,0.9,65,352
13,0,0.9,66,352
13,0,0.9,67,352
13,0,0.9,68,326
13,0,0.9,69,346
13,0,0.9,70,305
13,0,0.9,71,342
13,0,0.9,72,376
13,0,0.9,73,355
13,0,0.9,74,336
13,0,0.9,75,349
13,0,0.9,76,347
13,0,0.9,77,341
13,0,0.9,78,342
13,0,0.9,79,339
13,0,0.9,80,331
13,0,0.9,81,343
13,0,0.9,82,368
13,0,0.9,83,349
13,0,0.9,84,345
13,0,0.9,85,337
13,0,0.9,86,353
13,0,0.9,87,347
13,0,0.9,88,368
13,0,0.9,89,335
13,0,0.9,90,316
13,0,0.9,91,354
13,0,0.9,92,311
13,0,0.9,93,351
13,0,0.9,94,313
13,0,0.9,95,380
13,0,0.9,96,352
13,0,0.9,97,346
13,0,0.9,98,382
13,0,0.9,99,338
13,0,0.9,100,355
13,0,0.9,101,404
13,0,0.9,102,371
13,0,0.9,103,382
13,0,0.9,104,367
13,0,0.9,105,392
13,0,0.9,106,374
13,0,0.9,107,443
13,0,0.9,108,411
13,0,0.9,109,434
13,0,0.9,110,405
13,0,0.9,111,457
13,0,0.9,112,431
13,0,0.9,113,496
13,0,0.9,114,499
13,0,0.9,115,507
13,0,0.9,116,517
13,0,0.9,117,554
13,0,0.9,118,569
13,0,0.9,119,636
13,0,0.9,120,666
13,0,0.9,121,735
13,0,0.9,122,805
13,0,0.9,123,856
13,0,0.9,124,937
13,0,0.9,125,1127
13,0,0.9,126,1348
13,0,0.9,127,1670
13,0,0.9,128,5920
13,1,0.14,0,30283
13,1,0.14,1,6027
13,1,0.14,2,3471
13,1,0.14,3,2435
13,1,0.14,4,1805
13,1,0.14,5,1516
13,1,0.14,6,1265
13,1,0.14,7,1100
13,1,0.14,8,924
13,1,0.14,9,866
13,1,0.14,10,740
13,1,0.14,11,626
13,1,0.14,12,603
13,1,0.14,13,600
13,1,0.14,14,479
13,1,0.14,15,474
13,1,0.14,16,408
13,1,0.14,17,392
13,1,0.14,18,372
13,1,0.14,19,355
13,1,0.14,20,344
13,1,0.14,21,358
13,1,0.14,22,277
13,1,0.14,23,324
13,1,0.14,24,255
13,1,0.14,25,247
13,1,0.14,26,257
13,1,0.14,27,245
13,1,0.14,28,210
13,1,0.14,29,190
13,1,0.14,30,215
13,1,0.14,31,205
13,1,0.14,32,216
13,1,0.14,33,168
13,1,0.14,34,181
13,1,0.14,35,185
13,1,0.14,36,167
13,1,0.14,37,143
13,1,0.14,38,152
13,1,0.14,39,153
13,1,0.14,40,152
13,1,0.14,41,132
13,1,0.14,42,117
13,1,0.14,43,134
13,1,0.14,44,129
13,1,0.14,45,133
13,1,0.14,46,134
13,1,0.14,47,97
13,1,0.14,48,98
13,1,0.14,49,107
13,1,0.14,50,107
13,1,0.14,51,108
13,1,0.14,52,94
13,1,0.14,53,93
13,1,0.14,54,91
13,1,0.14,55,97
13,1,0.14,56,109
13,1,0.14,57,81
13,1,0.14,58,94
13,1,0.14,59,85
13,1,0.14,60,67
13,1,0.14,61,95
13,1,0.14,62,83
13,1,0.14,63,80
13,1,0.14,64,87
13,1,0.14,65,74
13,1,0.14,66,78
13,1,0.14,67,67
13,1,0.14,68,63
13,1,0.14,69,57
13,1,0.14,70,60
13,1,0.14,71,57
13,1,0.14,72,58
13,1,0.14,73,56
13,1,0.14,74,47
13,1,0.14,75,51
13,1,0.14,76,47
13,1,0.14,77,35
13,1,0.14,78,55
13,1,0.14,79,56
13,1,0.14,80,46
13,1,0.14,81,61
13,1,0.14,82,50
13,1,0.14,83,66
13,1,0.14,84,41
13,1,0.14,85,42
13,1,0.14,86,41
13,1,0.14,87,52
13,1,0.14,88,38
13,1,0.14,89,45
13,1,0.14,90,49
13,1,0.14,91,37
13,1,0.14,92,33
13,1,0.14,93,34
13,1,0.14,94,47
13,1,0.14,95,45
13,1,0.14,96,42
13,1,0.14,97,33
13,1,0.14,98,35
13,1,0.14,99,44
13,1,0.14,100,32
13,1,0.14,101,41
13,1,0.14,102,29
13,1,0.14,103,46
13,1,0.14,104,39
13,1,0.14,105,29
13,1,0.14,106,41
13,1,0.14,107,35
13,1,0.14,108,27
13,1,0.14,109,35
13,1,0.14,110,39
13,1,0.14,111,24
13,1,0.14,112,33
13,1,0.14,113,24
13,1,0.14,114,41
13,1,0.14,115,26
13,1,0.14,116,37
13,1,0.14,117,43
13,1,0.14,118,28
13,1,0.14,119,40
13,1,0.14,120,27
13,1,0.14,121,26
13,1,0.14,122,34
13,1,0.14,123,29
13,1,0.14,124,22
13,1,0.14,125,28
13,1,0.14,126,26
13,1,0.14,127,28
13,1,0.14,128,1048
13,1,0.49,0,17620
13,1,0.49,1,4910
13,1,0.49,2,3246
13,1,0.49,3,2459
13,1,0.49,4,2046
13,1,0.49,5,1723
13,1,0.49,6,1532
13,1,0.49,7,1368
13,1,0.49,8,1150
13,1,0.49,9,1039
13,1,0.49,10,931
13,1,0.49,11,875
13,1,0.49,12,822
13,1,0.49,13,750
13,1,0.49,14,731
13,1,0.49,15,657
13,1,0.49,16,617
13,1,0.49,17,612
13,1,0.49,18,554
13,1,0.49,19,542
13,1,0.49,20,491
13,1,0.49,21,494
13,1,0.49,22,451
13,1,0.49,23,418
13,1,0.49,24,411
13,1,0.49,25,394
13,1,0.49,26,385
13,1,0.49,27,384
13,1,0.49,28,344
13,1,0.49,29,363
13,1,0.49,30,352
13,1,0.49,31,327
13,1,0.49,32,313
13,1,0.49,33,325
13,1,0.49,34,321
13,1,0.49,35,260
13,1,0.49,36,284
13,1,0.49,37,291
13,1,0.49,38,271
13,1,0.49,39,300
13,1,0.49,40,253
13,1,0.49,41,247
13,1,0.49,42,238
13,1,0.49,43,229
13,1,0.49,44,235
13,1,0.49,45,247
13,1,0.49,46,250
13,1,0.49,47,210
13,1,0.49,48,190
13,1,0.49,49,220
13,1,0.49,50,211
13,1,0.49,51,203
13,1,0.49,52,167
13,1,0.49,53,183
13,1,0.49,54,185
13,1,0.49,55,178
13,1,0.49,56,175
13,1,0.49,57,177
13,1,0.49,58,155
13,1,0.49,59,161
13,1,0.49,60,158
13,1,0.49,61,157
13,1,0.49,62,153
13,1,0.49,63,179
13,1,0.49,64,177
13,1,0.49,65,177
13,1,0.49,66,155
13,1,0.49,67,163
13,1,0.49,68,145
13,1,0.49,69,156
13,1,0.49,70,155
13,1,0.49,71,147
13,1,0.49,72,131
13,1,0.49,73,156
13,1,0.49,74,147
13,1,0.49,75,131
13,1,0.49,76,145
13,1,0.49,77,123
13,1,0.49,78,145
13,1,0.49,79,144
13,1,0.49,80,133
13,1,0.49,81,145
13,1,0.49,82,107
13,1,0.49,83,109
13,1,0.49,84,124
13,1,0.49,85,137
13,1,0.49,86,116
13,1,0.49,87,122
13,1,0.49,88,117
13,1,0.49,89,125
13,1,0.49,90,122
13,1,0.49,91,132
13,1,0.49,92,134
13,1,0.49,93,112
13,1,0.49,94,105
13,1,0.49,95,130
13,1,0.49,96,129
13,1,0.49,97,104
13,1,0.49,98,116
13,1,0.49,99,131
13,1,0.49,100,131
13,1,0.49,101,106
13,1,0.49,102,115
13,1,0.49,103,93
13,1,0.49,104,102
13,1,0.49,105,108
13,1,0.49,106,127
13,1,0.49,107,116
13,1,0.49,108,107
13,1,0.49,109,134
13,1,0.49,110,128
13,1,0.49,111,114
13,1,0.49,112,128
13,1,0.49,113,101
13,1,0.49,114,105
13,1,0.49,115,114
13,1,0.49,116,114
13,1,0.49,117,110
13,1,0.49,118,130
13,1,0.49,119,112
13,1,0.49,120,126
13,1,0.49,121,105
13,1,0.49,122,147
13,1,0.49,123,135
13,1,0.49,124,140
13,1,0.49,125,147
13,1,0.49,126,138
13,1,0.49,127,139
13,1,0.49,128,1193
13,1,0.89,0,3057
13,1,0.89,1,1553
13,1,0.89,2,1119
13,1,0.89,3,900
13,1,0.89,4,787
13,1,0.89,5,712
13,1,0.89,6,576
13,1,0.89,7,609
13,1,0.89,8,550
13,1,0.89,9,555
13,1,0.89,10,495
13,1,0.89,11,477
13,1,0.89,12,481
13,1,0.89,13,424
13,1,0.89,14,410
13,1,0.89,15,420
13,1,0.89,16,466
13,1,0.89,17,405
13,1,0.89,18,407
13,1,0.89,19,377
13,1,0.89,20,375
13,1,0.89,21,385
13,1,0.89,22,350
13,1,0.89,23,353
13,1,0.89,24,340
13,1,0.89,25,355
13,1,0.89,26,334
13,1,0.89,27,355
13,1,0.89,28,324
13,1,0.89,29,307
13,1,0.89,30,359
13,1,0.89,31,318
13,1,0.89,32,354
13,1,0.89,33,330
13,1,0.89,34,356
13,1,0.89,35,338
13,1,0.89,36,329
13,1,0.89,37,305
13,1,0.89,38,321
13,1,0.89,39,316
13,1,0.89,40,330
13,1,0.89,41,340
13,1,0.89,42,320
13,1,0.89,43,312
13,1,0.89,44,314
13,1,0.89,45,292
13,1,0.89,46,306
13,1,0.89,47,346
13,1,0.89,48,328
13,1,0.89,49,326
13,1,0.89,50,321
13,1,0.89,51,332
13,1,0.89,52,328
13,1,0.89,53,314
13,1,0.89,54,336
13,1,0.89,55,341
13,1,0.89,56,334
13,1,0.89,57,337
13,1,0.89,58,320
13,1,0.89,59,347
13,1,0.89,60,331
13,1,0.89,61,348
13,1,0.89,62,344
13,1,0.89,63,293
13,1,0.89,64,331
13,1,0.89,65,322
13,1,0.89,66,353
13,1,0.89,67,348
13,1,0.89,68,324
13,1,0.89,69,328
13,1,0.89,70,324
13,1,0.89,71,324
13,1,0.89,72,354
13,1,0.89,73,346
13,1,0.89,74,350
13,1,0.89,75,342
13,1,0.89,76,347
13,1,0.89,77,332
13,1,0.89,78,342
13,1,0.89,79,329
13,1,0.89,80,332
13,1,0.89,81,352
13,1,0.89,82,363
13,1,0.89,83,340
13,1,0.89,84,342
13,1,0.89,85,340
13,1,0.89,86,350
13,1,0.89,87,370
13,1,0.89,88,338
13,1,0.89,89,345
13,1,0.89,90,356
13,1,0.89,91,373
13,1,0.89,92,362
13,1,0.89,93,339
13,1,0.89,94,388
13,1,0.89,95,390
13,1,0.89,96,362
13,1,0.89,97,395
13,1,0.89,98,357
13,1,0.89,99,378
13,1,0.89,100,384
13,1,0.89,101,359
13,1,0.89,102,389
13,1,0.89,103,384
13,1,0.89,104,416
13,1,0.89,105,402
13,1,0.89,106,409
13,1,0.89,107,392
13,1,0.89,108,443
13,1,0.89,109,436
13,1,0.89,110,442
13,1,0.89,111,459
13,1,0.89,112,485
13,1,0.89,113,477
13,1,0.89,114,491
13,1,0.89,115,494
13,1,0.89,116,528
13,1,0.89,117,555
13,1,0.89,118,575
13,1,0.89,119,710
13,1,0.89,120,687
13,1,0.89,121,712
13,1,0.89,122,839
13,1,0.89,123,823
13,1,0.89,124,966
13,1,0.89,125,1188
13,1,0.89,126,1280
13,1,0.89,127,1745
13,1,0.89,128,6074
14,0,0.15,0,34936
14,0,0.15,1,4402
14,0,0.15,2,2602
14,0,0.15,3,1828
14,0,0.15,4,1426
14,0,0.15,5,1188
14,0,0.15,6,1041
14,0,0.15,7,889
14,0,0.15,8,807
14,0,0.15,9,692
14,0,0.15,10,610
14,0,0.15,11,551
14,0,0.15,12,533
14,0,0.15,13,504
14,0,0.15,14,471
14,0,0.15,15,446
14,0,0.15,16,409
14,0,0.15,17,358
14,0,0.15,18,339
14,0,0.15,19,314
14,0,0.15,20,279
14,0,0.15,21,306
14,0,0.15,22,255
14,0,0.15,23,254
14,0,0.15,24,275
14,0,0.15,25,268
14,0,0.15,26,244
14,0,0.15,27,208
14,0,0.15,28,197
14,0,0.15,29,205
14,0,0.15,30,189
14,0,0.15,31,157
14,0,0.15,32,205
14,0,0.15,33,185
14,0,0.15,34,187
14,0,0.15,35,170
14,0,0.15,36,157
14,0,0.15,37,157
14,0,0.15,38,147
14,0,0.15,39,148
14,0,0.15,40,161
14,0,0.15,41,163
14,0,0.15,42,170
14,0,0.15,43,157
14,0,0.15,44,143
14,0,0.15,45,133
14,0,0.15,46,137
14,0,0.15,47,135
14,0,0.15,48,135
14,0,0.15,49,130
14,0,0.15,50,112
14,0,0.15,51,136
14,0,0.15,52,111
14,0,0.15,53,114
14,0,0.15,54,116
14,0,0.15,55,104
14,0,0.15,56,111
14,0,0.15,57,112
14,0,0.15,58,120
14,0,0.15,59,96
14,0,0.15,60,97
14,0,0.15,61,99
14,0,0.15,62,94
14,0,0.15,63,127
14,0,0.15,64,126
14,0,0.15,65,105
14,0,0.15,66,88
14,0,0.15,67,77
14,0,0.15,68,85
14,0,0.15,69,78
14,0,0.15,70,67
14,0,0.15,71,75
14,0,0.15,72,83
14,0,0.15,73,59
14,0,0.15,74,60
14,0,0.15,75,56
14,0,0.15,76,57
14,0,0.15,77,54
14,0,0.15,78,60
14,0,0.15,79,44
14,0,0.15,80,40
14,0,0.15,81,48
14,0,0.15,82,45
14,0,0.15,83,44
14,0,0.15,84,39
14,0,0.15,85,42
14,0,0.15,86,53
14,0,0.15,87,41
14,0,0.15,88,40
14,0,0.15,89,46
14,0,0.15,90,42
14,0,0.15,91,41
14,0,0.15,92,38
14,0,0.15,93,42
14,0,0.15,94,37
14,0,0.15,95,27
14,0,0.15,96,34
14,0,0.15,97,43
14,0,0.15,98,41
14,0,0.15,99,33
14,0,0.15,100,47
14,0,0.15,101,26
14,0,0.15,102,30
14,0,0.15,103,35
14,0,0.15,104,31
14,0,0.15,105,37
14,0,0.15,106,36
14,0,0.15,107,35
14,0,0.15,108,26
14,0,0.15,109,32
14,0,0.15,110,31
14,0,0.15,111,33
14,0,0.15,112,38
14,0,0.15,113,22
14,0,0.15,114,32
14,0,0.15,115,31
14,0,0.15,116,34
14,0,0.15,117,30
14,0,0.15,118,33
14,0,0.15,119,32
14,0,0.15,120,28
14,0,0.15,121,35
14,0,0.15,122,49
14,0,0.15,123,31
14,0,0.15,124,28
14,0,0.15,125,41
14,0,0.15,126,32
14,0,0.15,127,27
14,0,0.15,128,1072
14,0,0.5,0,25196
14,0,0.5,1,4057
14,0,0.5,2,2471
14,0,0.5,3,1766
14,0,0.5,4,1404
14,0,0.5,5,1174
14,0,0.5,6,1018
14,0,0.5,7,913
14,0,0.5,8,795
14,0,0.5,9,705
14,0,0.5,10,691
14,0,0.5,11,580
14,0,0.5,12,608
14,0,0.5,13,552
14,0,0.5,14,534
14,0,0.5,15,470
14,0,0.5,16,450
14,0,0.5,17,478
14,0,0.5,18,459
14,0,0.5,19,397
14,0,0.5,20,416
14,0,0.5,21,364
14,0,0.5,22,382
14,0,0.5,23,365
14,0,0.5,24,343
14,0,0.5,25,345
14,0,0.5,26,347
14,0,0.5,27,325
14,0,0.5,28,347
14,0,0.5,29,318
14,0,0.5,30,300
14,0,0.5,31,284
14,0,0.5,32,281
14,0,0.5,33,264
14,0,0.5,34,274
14,0,0.5,35,273
14,0,0.5,36,242
14,0,0.5,37,254
14,0,0.5,38,243
14,0,0.5,39,252
14,0,0.5,40,253
14,0,0.5,41,236
14,0,0.5,42,223
14,0,0.5,43,234
14,0,0.5,44,246
14,0,0.5,45,209
14,0,0.5,46,233
14,0,0.5,47,230
14,0,0.5,48,214
14,0,0.5,49,219
14,0,0.5,50,203
14,0,0.5,51,199
14,0,0.5,52,235
14,0,0.5,53,203
14,0,0.5,54,187
14,0,0.5,55,171
14,0,0.5,56,195
14,0,0.5,57,174
14,0,0.5,58,195
14,0,0.5,59,178
14,0,0.5,60,183
14,0,0.5,61,185
14,0,0.5,62,187
14,0,0.5,63,184
14,0,0.5,64,202
14,0,0.5,65,196
14,0,0.5,66,208
14,0,0.5,67,167
14,0,0.5,68,208
14,0,0.5,69,148
14,0,0.5,70,145
14,0,0.5,71,172
14,0,0.5,72,163
14,0,0.5,73,165
14,0,0.5,74,166
14,0,0.5,75,120
14,0,0.5,76,141
14,0,0.5,77,159
14,0,0.5,78,132
14,0,0.5,79,129
14,0,0.5,80,143
14,0,0.5,81,142
14,0,0.5,82,156
14,0,0.5,83,133
14,0,0.5,84,109
14,0,0.5,85,133
14,0,0.5,86,119
14,0,0.5,87,144
14,0,0.5,88,132
14,0,0.5,89,121
14,0,0.5,90,127
14,0,0.5,91,114
14,0,0.5,92,118
14,0,0.5,93,134
14,0,0.5,94,107
14,0,0.5,95,122
14,0,0.5,96,104
14,0,0.5,97,118
14,0,0.5,98,109
14,0,0.5,99,103
14,0,0.5,100,109
14,0,0.5,101,94
14,0,0.5,102,99
14,0,0.5,103,97
14,0,0.5,104,97
14,0,0.5,105,89
14,0,0.5,106,104
14,0,0.5,107,112
14,0,0.5,108,104
14,0,0.5,109,112
14,0,0.5,110,101
14,0,0.5,111,96
14,0,0.5,112,99
14,0,0.5,113,103
14,0,0.5,114,108
14,0,0.5,115,90
14,0,0.5,116,116
14,0,0.5,117,101
14,0,0.5,118,101
14,0,0.5,119,108
14,0,0.5,120,109
14,0,0.5,121,111
14,0,0.5,122,130
14,0,0.5,123,124
14,0,0.5,124,146
14,0,0.5,125,130
14,0,0.5,126,173
14,0,0.5,127,211
14,0,0.5,128,1340
14,0,0.9,0,7727
14,0,0.9,1,2377
14,0,0.9,2,1545
14,0,0.9,3,1287
14,0,0.9,4,1058
14,0,0.9,5,935
14,0,0.9,6,826
14,0,0.9,7,735
14,0,0.9,8,674
14,0,0.9,9,633
14,0,0.9,10,566
14,0,0.9,11,572
14,0,0.9,12,470
14,0,0.9,13,518
14,0,0.9,14,428
14,0,0.9,15,468
14,0,0.9,16,428
14,0,0.9,17,405
14,0,0.9,18,405
14,0,0.9,19,373
14,0,0.9,20,372
14,0,0.9,21,356
14,0,0.9,22,367
14,0,0.9,23,382
14,0,0.9,24,363
14,0,0.9,25,363
14,0,0.9,26,331
14,0,0.9,27,293
14,0,0.9,28,312
14,0,0.9,29,315
14,0,0.9,30,312
14,0,0.9,31,323
14,0,0.9,32,310
14,0,0.9,33,337
14,0,0.9,34,289
14,0,0.9,35,290
14,0,0.9,36,294
14,0,0.9,37,287
14,0,0.9,38,289
14,0,0.9,39,250
14,0,0.9,40,260
14,0,0.9,41,276
14,0,0.9,42,265
14,0,0.9,43,258
14,0,0.9,44,281
14,0,0.9,45,256
14,0,0.9,46,247
14,0,0.9,47,242
14,0,0.9,48,264
14,0,0.9,49,232
14,0,0.9,50,234
14,0,0.9,51,235
14,0,0.9,52,255
14,0,0.9,53,210
14,0,0.9,54,262
14,0,0.9,55,246
14,0,0.9,56,233
14,0,0.9,57,232
14,0,0.9,58,232
14,0,0.9,59,239
14,0,0.9,60,245
14,0,0.9,61,262
14,0,0.9,62,249
14,0,0.9,63,243
14,0,0.9,64,263
14,0,0.9,65,246
14,0,0.9,66,219
14,0,0.9,67,230
14,0,0.9,68,263
14,0,0.9,69,237
14,0,0.9,70,282
14,0,0.9,71,246
14,0,0.9,72,240
14,0,0.9,73,273
14,0,0.9,74,222
14,0,0.9,75,234
14,0,0.9,76,257
14,0,0.9,77,244
14,0,0.9,78,245
14,0,0.9,79,280
14,0,0.9,80,252
14,0,0.9,81,259
14,0,0.9,82,262
14,0,0.9,83,253
14,0,0.9,84,262
14,0,0.9,85,256
14,0,0.9,86,276
14,0,0.9,87,254
14,0,0.9,88,293
14,0,0.9,89,260
14,0,0.9,90,255
14,0,0.9,91,274
14,0,0.9,92,269
14,0,0.9,93,290
14,0,0.9,94,282
14,0,0.9,95,294
14,0,0.9,96,283
14,0,0.9,97,254
14,0,0.9,98,276
14,0,0.9,99,283
14,0,0.9,100,317
14,0,0.9,101,307
14,0,0.9,102,316
14,0,0.9,103,294
14,0,0.9,104,307
14,0,0.9,105,316
14,0,0.9,106,314
14,0,0.9,107,341
14,0,0.9,108,348
14,0,0.9,109,367
14,0,0.9,110,335
14,0,0.9,111,356
14,0,0.9,112,373
14,0,0.9,113,367
14,0,0.9,114,413
14,0,0.9,115,400
14,0,0.9,116,457
14,0,0.9,117,437
14,0,0.9,118,420
14,0,0.9,119,524
14,0,0.9,120,529
14,0,0.9,121,541
14,0,0.9,122,660
14,0,0.9,123,746
14,0,0.9,124,851
14,0,0.9,125,935
14,0,0.9,126,1272
14,0,0.9,127,1799
14,0,0.9,128,6703
14,1,0.14,0,34848
14,1,0.14,1,4496
14,1,0.14,2,2616
14,1,0.14,3,1816
14,1,0.14,4,1413
14,1,0.14,5,1149
14,1,0.14,6,1070
14,1,0.14,7,866
14,1,0.14,8,791
14,1,0.14,9,677
14,1,0.14,10,639
14,1,0.14,11,567
14,1,0.14,12,553
14,1,0.14,13,473
14,1,0.14,14,486
14,1,0.14,15,447
14,1,0.14,16,371
14,1,0.14,17,412
14,1,0.14,18,362
14,1,0.14,19,303
14,1,0.14,20,284
14,1,0.14,21,307
14,1,0.14,22,263
14,1,0.14,23,261
14,1,0.14,24,261
14,1,0.14,25,256
14,1,0.14,26,244
14,1,0.14,27,199
14,1,0.14,28,203
14,1,0.14,29,202
14,1,0.14,30,199
14,1,0.14,31,190
14,1,0.14,32,172
14,1,0.14,33,182
14,1,0.14,34,159
14,1,0.14,35,147
14,1,0.14,36,157
14,1,0.14,37,160
14,1,0.14,38,177
14,1,0.14,39,163
14,1,0.14,40,151
14,1,0.14,41,159
14,1,0.14,42,165
14,1,0.14,43,146
14,1,0.14,44,141
14,1,0.14,45,156
14,1,0.14,46,120
14,1,0.14,47,120
14,1,0.14,48,135
14,1,0.14,49,147
14,1,0.14,50,127
14,1,0.14,51,127
14,1,0.14,52,116
14,1,0.14,53,105
14,1,0.14,54,119
14,1,0.14,55,116
14,1,0.14,56,73
14,1,0.14,57,112
14,1,0.14,58,121
14,1,0.14,59,107
14,1,0.14,60,93
14,1,0.14,61,110
14,1,0.14,62,105
14,1,0.14,63,124
14,1,0.14,64,118
14,1,0.14,65,117
14,1,0.14,66,82
14,1,0.14,67,74
14,1,0.14,68,83
14,1,0.14,69,86
14,1,0.14,70,87
14,1,0.14,71,65
14,1,0.14,72,64
14,1,0.14,73,64
14,1,0.14,74,73
14,1,0.14,75,74
14,1,0.14,76,42
14,1,0.14,77,50
14,1,0.14,78,63
14,1,0.14,79,36
14,1,0.14,80,52
14,1,0.14,81,38
14,1,0.14,82,40
14,1,0.14,83,41
14,1,0.14,84,34
14,1,0.14,85,47
14,1,0.14,86,57
14,1,0.14,87,55
14,1,0.14,88,33
14,1,0.14,89,39
14,1,0.14,90,43
14,1,0.14,91,29
14,1,0.14,92,40
14,1,0.14,93,38
14,1,0.14,94,24
14,1,0.14,95,51
14,1,0.14,96,46
14,1,0.14,97,39
14,1,0.14,98,26
14,1,0.14,99,43
14,1,0.14,100,43
14,1,0.14,101,38
14,1,0.14,102,34
14,1,0.14,103,36
14,1,0.14,104,29
14,1,0.14,105,29
14,1,0.14,106,25
14,1,0.14,107,37
14,1,0.14,108,26
14,1,0.14,109,33
14,1,0.14,110,34
14,1,0.14,111,39
14,1,0.14,112,27
14,1,0.14,113,30
14,1,0.14,114,30
14,1,0.14,115,42
14,1,0.14,116,33
14,1,0.14,117,29
14,1,0.14,118,29
14,1,0.14,119,33
14,1,0.14,120,32
14,1,0.14,121,36
14,1,0.14,122,41
14,1,0.14,123,32
14,1,0.14,124,35
14,1,0.14,125,33
14,1,0.14,126,38
14,1,0.14,127,31
14,1,0.14,128,1073
14,1,0.49,0,25123
14,1,0.49,1,4106
14,1,0.49,2,2463
14,1,0.49,3,1721
14,1,0.49,4,1468
14,1,0.49,5,1124
14,1,0.49,6,1026
14,1,0.49,7,883
14,1,0.49,8,826
14,1,0.49,9,748
14,1,0.49,10,646
14,1,0.49,11,597
14,1,0.49,12,582
14,1,0.49,13,552
14,1,0.49,14,532
14,1,0.49,15,518
14,1,0.49,16,472
14,1,0.49,17,424
14,1,0.49,18,439
14,1,0.49,19,410
14,1,0.49,20,405
14,1,0.49,21,395
14,1,0.49,22,371
14,1,0.49,23,346
14,1,0.49,24,344
14,1,0.49,25,347
14,1,0.49,26,322
14,1,0.49,27,342
14,1,0.49,28,354
14,1,0.49,29,329
14,1,0.49,30,274
14,1,0.49,31,326
14,1,0.49,32,277
14,1,0.49,33,266
14,1,0.49,34,268
14,1,0.49,35,262
14,1,0.49,36,270
14,1,0.49,37,276
14,1,0.49,38,266
14,1,0.49,39,231
14,1,0.49,40,240
14,1,0.49,41,237
14,1,0.49,42,231
14,1,0.49,43,244
14,1,0.49,44,222
14,1,0.49,45,215
14,1,0.49,46,200
14,1,0.49,47,232
14,1,0.49,48,225
14,1,0.49,49,222
14,1,0.49,50,210
14,1,0.49,51,208
14,1,0.49,52,199
14,1,0.49,53,183
14,1,0.49,54,201
14,1,0.49,55,177
14,1,0.49,56,185
14,1,0.49,57,200
14,1,0.49,58,185
14,1,0.49,59,187
14,1,0.49,60,187
14,1,0.49,61,185
14,1,0.49,62,181
14,1,0.49,63,192
14,1,0.49,64,204
14,1,0.49,65,213
14,1,0.49,66,175
14,1,0.49,67,188
14,1,0.49,68,190
14,1,0.49,69,169
14,1,0.49,70,156
14,1,0.49,71,172
14,1,0.49,72,164
14,1,0.49,73,159
14,1,0.49,74,125
14,1,0.49,75,156
14,1,0.49,76,133
14,1,0.49,77,159
14,1,0.49,78,150
14,1,0.49,79,157
14,1,0.49,80,143
14,1,0.49,81,146
14,1,0.49,82,106
14,1,0.49,83,135
14,1,0.49,84,134
14,1,0.49,85,120
14,1,0.49,86,128
14,1,0.49,87,136
14,1,0.49,88,130
14,1,0.49,89,117
14,1,0.49,90,121
14,1,0.49,91,114
14,1,0.49,92,123
14,1,0.49,93,123
14,1,0.49,94,122
14,1,0.49,95,108
14,1,0.49,96,108
14,1,0.49,97,97
14,1,0.49,98,128
14,1,0.49,99,107
14,1,0.49,100,110
14,1,0.49,101,119
14,1,0.49,102,92
14,1,0.49,103,105
14,1,0.49,104,97
14,1,0.49,105,98
14,1,0.49,106,107
14,1,0.49,107,102
14,1,0.49,108,104
14,1,0.49,109,106
14,1,0.49,110,109
14,1,0.49,111,107
14,1,0.49,112,105
14,1,0.49,113,99
14,1,0.49,114,102
14,1,0.49,115,106
14,1,0.49,116,91
14,1,0.49,117,114
14,1,0.49,118,110
14,1,0.49,119,106
14,1,0.49,120,121
14,1,0.49,121,104
14,1,0.49,122,118
14,1,0.49,123,114
14,1,0.49,124,148
14,1,0.49,125,149
14,1,0.49,126,164
14,1,0.49,127,207
14,1,0.49,128,1327
14,1,0.89,0,7608
14,1,0.89,1,2276
14,1,0.89,2,1635
14,1,0.89,3,1223
14,1,0.89,4,1128
14,1,0.89,5,915
14,1,0.89,6,778
14,1,0.89,7,758
14,1,0.89,8,639
14,1,0.89,9,576
14,1,0.89,10,609
14,1,0.89,11,551
14,1,0.89,12,492
14,1,0.89,13,482
14,1,0.89,14,472
14,1,0.89,15,418
14,1,0.89,16,439
14,1,0.89,17,405
14,1,0.89,18,390
14,1,0.89,19,387
14,1,0.89,20,386
14,1,0.89,21,381
14,1,0.89,22,397
14,1,0.89,23,339
14,1,0.89,24,338
14,1,0.89,25,323
14,1,0.89,26,320
14,1,0.89,27,320
14,1,0.89,28,322
14,1,0.89,29,319
14,1,0.89,30,309
14,1,0.89,31,291
14,1,0.89,32,302
14,1,0.89,33,303
14,1,0.89,34,311
14,1,0.89,35,285
14,1,0.89,36,329
14,1,0.89,37,297
14,1,0.89,38,282
14,1,0.89,39,263
14,1,0.89,40,259
14,1,0.89,41,261
14,1,0.89,42,262
14,1,0.89,43,245
14,1,0.89,44,290
14,1,0.89,45,256
14,1,0.89,46,255
14,1,0.89,47,248
14,1,0.89,48,260
14,1,0.89,49,226
14,1,0.89,50,238
14,1,0.89,51,246
14,1,0.89,52,227
14,1,0.89,53,263
14,1,0.89,54,230
14,1,0.89,55,232
14,1,0.89,56,254
14,1,0.89,57,246
14,1,0.89,58,207
14,1,0.89,59,251
14,1,0.89,60,234
14,1,0.89,61,219
14,1,0.89,62,248
14,1,0.89,63,216
14,1,0.89,64,256
14,1,0.89,65,265
14,1,0.89,66,251
14,1,0.89,67,248
14,1,0.89,68,268
14,1,0.89,69,260
14,1,0.89,70,226
14,1,0.89,71,239
14,1,0.89,72,256
14,1,0.89,73,240
14,1,0.89,74,260
14,1,0.89,75,241
14,1,0.89,76,259
14,1,0.89,77,235
14,1,0.89,78,247
14,1,0.89,79,253
14,1,0.89,80,264
14,1,0.89,81,255
14,1,0.89,82,242
14,1,0.89,83,279
14,1,0.89,84,241
14,1,0.89,85,262
14,1,0.89,86,265
14,1,0.89,87,249
14,1,0.89,88,281
14,1,0.89,89,256
14,1,0.89,90,246
14,1,0.89,91,273
14,1,0.89,92,266
14,1,0.89,93,265
14,1,0.89,94,290
14,1,0.89,95,262
14,1,0.89,96,276
14,1,0.89,97,293
14,1,0.89,98,305
14,1,0.89,99,268
14,1,0.89,100,310
14,1,0.89,101,295
14,1,0.89,102,309
14,1,0.89,103,352
14,1,0.89,104,300
14,1,0.89,105,335
14,1,0.89,106,305
14,1,0.89,107,314
14,1,0.89,108,350
14,1,0.89,109,371
14,1,0.89,110,355
14,1,0.89,111,374
14,1,0.89,112,415
14,1,0.89,113,407
14,1,0.89,114,419
14,1,0.89,115,380
14,1,0.89,116,431
14,1,0.89,117,437
14,1,0.89,118,461
14,1,0.89,119,514
14,1,0.89,120,570
14,1,0.89,121,590
14,1,0.89,122,644
14,1,0.89,123,712
14,1,0.89,124,852
14,1,0.89,125,991
14,1,0.89,126,1223
14,1,0.89,127,1857
14,1,0.89,128,6850
15,0,0.15,0,31502
15,0,0.15,1,4740
15,0,0.15,2,2795
15,0,0.15,3,2122
15,0,0.15,4,1684
15,0,0.15,5,1441
15,0,0.15,6,1209
15,0,0.15,7,1094
15,0,0.15,8,952
15,0,0.15,9,895
15,0,0.15,10,778
15,0,0.15,11,734
15,0,0.15,12,654
15,0,0.15,13,594
15,0,0.15,14,549
15,0,0.15,15,512
15,0,0.15,16,512
15,0,0.15,17,423
15,0,0.15,18,393
15,0,0.15,19,423
15,0,0.15,20,371
15,0,0.15,21,365
15,0,0.15,22,335
15,0,0.15,23,315
15,0,0.15,24,327
15,0,0.15,25,265
15,0,0.15,26,261
15,0,0.15,27,277
15,0,0.15,28,260
15,0,0.15,29,247
15,0,0.15,30,204
15,0,0.15,31,213
15,0,0.15,32,211
15,0,0.15,33,200
15,0,0.15,34,186
15,0,0.15,35,163
15,0,0.15,36,174
15,0,0.15,37,168
15,0,0.15,38,163
15,0,0.15,39,150
15,0,0.15,40,153
15,0,0.15,41,135
15,0,0.15,42,143
15,0,0.15,43,146
15,0,0.15,44,124
15,0,0.15,45,144
15,0,0.15,46,139
15,0,0.15,47,142
15,0,0.15,48,134
15,0,0.15,49,117
15,0,0.15,50,110
15,0,0.15,51,119
15,0,0.15,52,115
15,0,0.15,53,123
15,0,0.15,54,103
15,0,0.15,55,118
15,0,0.15,56,103
15,0,0.15,57,107
15,0,0.15,58,102
15,0,0.15,59,118
15,0,0.15,60,93
15,0,0.15,61,103
15,0,0.15,62,115
15,0,0.15,63,100
15,0,0.15,64,121
15,0,0.15,65,112
15,0,0.15,66,97
15,0,0.15,67,83
15,0,0.15,68,84
15,0,0.15,69,77
15,0,0.15,70,85
15,0,0.15,71,74
15,0,0.15,72,69
15,0,0.15,73,81
15,0,0.15,74,68
15,0,0.15,75,49
15,0,0.15,76,52
15,0,0.15,77,58
15,0,0.15,78,60
15,0,0.15,79,55
15,0,0.15,80,43
15,0,0.15,81,61
15,0,0.15,82,47
15,0,0.15,83,56
15,0,0.15,84,40
15,0,0.15,85,44
15,0,0.15,86,48
15,0,0.15,87,38
15,0,0.15,88,47
15,0,0.15,89,25
15,0,0.15,90,49
15,0,0.15,91,38
15,0,0.15,92,35
15,0,0.15,93,29
15,0,0.15,94,31
15,0,0.15,95,42
15,0,0.15,96,26
15,0,0.15,97,31
15,0,0.15,98,24
15,0,0.15,99,32
15,0,0.15,100,25
15,0,0.15,101,31
15,0,0.15,102,27
15,0,0.15,103,30
15,0,0.15,104,27
15,0,0.15,105,32
15,0,0.15,106,32
15,0,0.15,107,25
15,0,0.15,108,30
15,0,0.15,109,23
15,0,0.15,110,27
15,0,0.15,111,25
15,0,0.15,112,17
15,0,0.15,113,16
15,0,0.15,114,25
15,0,0.15,115,19
15,0,0.15,116,18
15,0,0.15,117,21
15,0,0.15,118,21
15,0,0.15,119,28
15,0,0.15,120,27
15,0,0.15,121,24
15,0,0.15,122,21
15,0,0.15,123,27
15,0,0.15,124,29
15,0,0.15,125,22
15,0,0.15,126,21
15,0,0.15,127,34
15,0,0.15,128,1054
15,0,0.5,0,23228
15,0,0.5,1,3751
15,0,0.5,2,2478
15,0,0.5,3,1800
15,0,0.5,4,1465
15,0,0.5,5,1250
15,0,0.5,6,1123
15,0,0.5,7,1020
15,0,0.5,8,895
15,0,0.5,9,837
15,0,0.5,10,747
15,0,0.5,11,744
15,0,0.5,12,712
15,0,0.5,13,635
15,0,0.5,14,626
15,0,0.5,15,603
15,0,0.5,16,580
15,0,0.5,17,575
15,0,0.5,18,554
15,0,0.5,19,503
15,0,0.5,20,489
15,0,0.5,21,490
15,0,0.5,22,453
15,0,0.5,23,472
15,0,0.5,24,437
15,0,0.5,25,418
15,0,0.5,26,385
15,0,0.5,27,375
15,0,0.5,28,371
15,0,0.5,29,392
15,0,0.5,30,336
15,0,0.5,31,334
15,0,0.5,32,310
15,0,0.5,33,305
15,0,0.5,34,323
15,0,0.5,35,286
15,0,0.5,36,295
15,0,0.5,37,262
15,0,0.5,38,283
15,0,0.5,39,302
15,0,0.5,40,294
15,0,0.5,41,277
15,0,0.5,42,267
15,0,0.5,43,257
15,0,0.5,44,238
15,0,0.5,45,227
15,0,0.5,46,233
15,0,0.5,47,216
15,0,0.5,48,217
15,0,0.5,49,228
15,0,0.5,50,230
15,0,0.5,51,213
15,0,0.5,52,196
15,0,0.5,53,220
15,0,0.5,54,182
15,0,0.5,55,218
15,0,0.5,56,216
15,0,0.5,57,203
15,0,0.5,58,193
15,0,0.5,59,225
15,0,0.5,60,231
15,0,0.5,61,196
15,0,0.5,62,182
15,0,0.5,63,216
15,0,0.5,64,215
15,0,0.5,65,204
15,0,0.5,66,205
15,0,0.5,67,180
15,0,0.5,68,206
15,0,0.5,69,203
15,0,0.5,70,166
15,0,0.5,71,180
15,0,0.5,72,181
15,0,0.5,73,170
15,0,0.5,74,159
15,0,0.5,75,143
15,0,0.5,76,163
15,0,0.5,77,140
15,0,0.5,78,165
15,0,0.5,79,136
15,0,0.5,80,148
15,0,0.5,81,160
15,0,0.5,82,121
15,0,0.5,83,125
15,0,0.5,84,145
15,0,0.5,85,120
15,0,0.5,86,121
15,0,0.5,87,115
15,0,0.5,88,128
15,0,0.5,89,114
15,0,0.5,90,134
15,0,0.5,91,124
15,0,0.5,92,121
15,0,0.5,93,105
15,0,0.5,94,97
15,0,0.5,95,99
15,0,0.5,96,103
15,0,0.5,97,90
15,0,0.5,98,105
15,0,0.5,99,98
15,0,0.5,100,102
15,0,0.5,101,87
15,0,0.5,102,96
15,0,0.5,103,112
15,0,0.5,104,72
15,0,0.5,105,78
15,0,0.5,106,99
15,0,0.5,107,92
15,0,0.5,108,76
15,0,0.5,109,72
15,0,0.5,110,77
15,0,0.5,111,76
15,0,0.5,112,80
15,0,0.5,113,80
15,0,0.5,114,78
15,0,0.5,115,89
15,0,0.5,116,69
15,0,0.5,117,77
15,0,0.5,118,78
15,0,0.5,119,92
15,0,0.5,120,73
15,0,0.5,121,69
15,0,0.5,122,64
15,0,0.5,123,80
15,0,0.5,124,88
15,0,0.5,125,82
15,0,0.5,126,78
15,0,0.5,127,117
15,0,0.5,128,1195
15,0,0.9,0,7926
15,0,0.9,1,2470
15,0,0.9,2,1617
15,0,0.9,3,1307
15,0,0.9,4,1050
15,0,0.9,5,865
15,0,0.9,6,769
15,0,0.9,7,708
15,0,0.9,8,647
15,0,0.9,9,575
15,0,0.9,10,491
15,0,0.9,11,484
15,0,0.9,12,454
15,0,0.9,13,463
15,0,0.9,14,399
15,0,0.9,15,409
15,0,0.9,16,378
15,0,0.9,17,366
15,0,0.9,18,350
15,0,0.9,19,346
15,0,0.9,20,358
15,0,0.9,21,335
15,0,0.9,22,332
15,0,0.9,23,316
15,0,0.9,24,312
15,0,0.9,25,333
15,0,0.9,26,282
15,0,0.9,27,276
15,0,0.9,28,294
15,0,0.9,29,280
15,0,0.9,30,262
15,0,0.9,31,252
15,0,0.9,32,252
15,0,0.9,33,277
15,0,0.9,34,290
15,0,0.9,35,280
15,0,0.9,36,249
15,0,0.9,37,253
15,0,0.9,38,235
15,0,0.9,39,243
15,0,0.9,40,265
15,0,0.9,41,231
15,0,0.9,42,259
15,0,0.9,43,256
15,0,0.9,44,239
15,0,0.9,45,234
15,0,0.9,46,255
15,0,0.9,47,247
15,0,0.9,48,242
15,0,0.9,49,240
15,0,0.9,50,248
15,0,0.9,51,223
15,0,0.9,52,249
15,0,0.9,53,242
15,0,0.9,54,267
15,0,0.9,55,233
15,0,0.9,56,253
15,0,0.9,57,237
15,0,0.9,58,224
15,0,0.9,59,230
15,0,0.9,60,221
15,0,0.9,61,227
15,0,0.9,62,261
15,0,0.9,63,274
15,0,0.9,64,275
15,0,0.9,65,281
15,0,0.9,66,272
15,0,0.9,67,271
15,0,0.9,68,287
15,0,0.9,69,251
15,0,0.9,70,287
15,0,0.9,71,252
15,0,0.9,72,321
15,0,0.9,73,277
15,0,0.9,74,295
15,0,0.9,75,306
15,0,0.9,76,299
15,0,0.9,77,319
15,0,0.9,78,298
15,0,0.9,79,293
15,0,0.9,80,300
15,0,0.9,81,316
15,0,0.9,82,312
15,0,0.9,83,328
15,0,0.9,84,336
15,0,0.9,85,352
15,0,0.9,86,315
15,0,0.9,87,338
15,0,0.9,88,349
15,0,0.9,89,326
15,0,0.9,90,307
15,0,0.9,91,349
15,0,0.9,92,314
15,0,0.9,93,339
15,0,0.9,94,325
15,0,0.9,95,365
15,0,0.9,96,350
15,0,0.9,97,333
15,0,0.9,98,347
15,0,0.9,99,349
15,0,0.9,100,354
15,0,0.9,101,339
15,0,0.9,102,373
15,0,0.9,103,391
15,0,0.9,104,382
15,0,0.9,105,333
15,0,0.9,106,373
15,0,0.9,107,351
15,0,0.9,108,404
15,0,0.9,109,406
15,0,0.9,110,406
15,0,0.9,111,457
15,0,0.9,112,400
15,0,0.9,113,427
15,0,0.9,114,470
15,0,0.9,115,425
15,0,0.9,116,462
15,0,0.9,117,483
15,0,0.9,118,539
15,0,0.9,119,574
15,0,0.9,120,587
15,0,0.9,121,612
15,0,0.9,122,629
15,0,0.9,123,668
15,0,0.9,124,845
15,0,0.9,125,1042
15,0,0.9,126,1227
15,0,0.9,127,1763
15,0,0.9,128,4938
15,1,0.14,0,31442
15,1,0.14,1,4668
15,1,0.14,2,2812
15,1,0.14,3,2133
15,1,0.14,4,1642
15,1,0.14,5,1446
15,1,0.14,6,1264
15,1,0.14,7,1095
15,1,0.14,8,984
15,1,0.14,9,886
15,1,0.14,10,765
15,1,0.14,11,748
15,1,0.14,12,661
15,1,0.14,13,583
15,1,0.14,14,552
15,1,0.14,15,534
15,1,0.14,16,456
15,1,0.14,17,459
15,1,0.14,18,414
15,1,0.14,19,408
15,1,0.14,20,345
15,1,0.14,21,352
15,1,0.14,22,331
15,1,0.14,23,363
15,1,0.14,24,305
15,1,0.14,25,282
15,1,0.14,26,297
15,1,0.14,27,253
15,1,0.14,28,248
15,1,0.14,29,239
15,1,0.14,30,237
15,1,0.14,31,210
15,1,0.14,32,222
15,1,0.14,33,183
15,1,0.14,34,188
15,1,0.14,35,169
15,1,0.14,36,177
15,1,0.14,37,145
15,1,0.14,38,156
15,1,0.14,39,126
15,1,0.14,40,170
15,1,0.14,41,138
15,1,0.14,42,136
15,1,0.14,43,152
15,1,0.14,44,141
15,1,0.14,45,136
15,1,0.14,46,135
15,1,0.14,47,139
15,1,0.14,48,140
15,1,0.14,49,118
15,1,0.14,50,127
15,1,0.14,51,125
15,1,0.14,52,111
15,1,0.14,53,108
15,1,0.14,54,111
15,1,0.14,55,112
15,1,0.14,56,99
15,1,0.14,57,116
15,1,0.14,58,106
15,1,0.14,59,127
15,1,0.14,60,110
15,1,0.14,61,110
15,1,0.14,62,106
15,1,0.14,63,107
15,1,0.14,64,98
15,1,0.14,65,88
15,1,0.14,66,108
15,1,0.14,67,93
15,1,0.14,68,70
15,1,0.14,69,77
15,1,0.14,70,82
15,1,0.14,71,84
15,1,0.14,72,89
15,1,0.14,73,66
15,1,0.14,74,53
15,1,0.14,75,54
15,1,0.14,76,58
15,1,0.14,77,56
15,1,0.14,78,74
15,1,0.14,79,54
15,1,0.14,80,44
15,1,0.14,81,47
15,1,0.14,82,48
15,1,0.14,83,48
15,1,0.14,84,52
15,1,0.14,85,47
15,1,0.14,86,53
15,1,0.14,87,32
15,1,0.14,88,51
15,1,0.14,89,42
15,1,0.14,90,46
15,1,0.14,91,25
15,1,0.14,92,40
15,1,0.14,93,35
15,1,0.14,94,38
15,1,0.14,95,34
15,1,0.14,96,27
15,1,0.14,97,27
15,1,0.14,98,30
15,1,0.14,99,21
15,1,0.14,100,25
15,1,0.14,101,33
15,1,0.14,102,28
15,1,0.14,103,36
15,1,0.14,104,39
15,1,0.14,105,19
15,1,0.14,106,23
15,1,0.14,107,25
15,1,0.14,108,36
15,1,0.14,109,17
15,1,0.14,110,24
15,1,0.14,111,33
15,1,0.14,112,25
15,1,0.14,113,18
15,1,0.14,114,9
15,1,0.14,115,30
15,1,0.14,116,22
15,1,0.14,117,25
15,1,0.14,118,31
15,1,0.14,119,16
15,1,0.14,120,22
15,1,0.14,121,30
15,1,0.14,122,32
15,1,0.14,123,22
15,1,0.14,124,28
15,1,0.14,125,23
15,1,0.14,126,24
15,1,0.14,127,36
15,1,0.14,128,1054
15,1,0.49,0,23100
15,1,0.49,1,3739
15,1,0.49,2,2501
15,1,0.49,3,1825
15,1,0.49,4,1424
15,1,0.49,5,1258
15,1,0.49,6,1101
15,1,0.49,7,1015
15,1,0.49,8,912
15,1,0.49,9,864
15,1,0.49,10,778
15,1,0.49,11,738
15,1,0.49,12,689
15,1,0.49,13,670
15,1,0.49,14,657
15,1,0.49,15,570
15,1,0.49,16,602
15,1,0.49,17,564
15,1,0.49,18,501
15,1,0.49,19,523
15,1,0.49,20,490
15,1,0.49,21,512
15,1,0.49,22,459
15,1,0.49,23,442
15,1,0.49,24,433
15,1,0.49,25,410
15,1,0.49,26,412
15,1,0.49,27,407
15,1,0.49,28,355
15,1,0.49,29,408
15,1,0.49,30,352
15,1,0.49,31,349
15,1,0.49,32,322
15,1,0.49,33,326
15,1,0.49,34,280
15,1,0.49,35,291
15,1,0.49,36,299
15,1,0.49,37,284
15,1,0.49,38,286
15,1,0.49,39,276
15,1,0.49,40,292
15,1,0.49,41,256
15,1,0.49,42,244
15,1,0.49,43,236
15,1,0.49,44,262
15,1,0.49,45,233
15,1,0.49,46,227
15,1,0.49,47,269
15,1,0.49,48,218
15,1,0.49,49,225
15,1,0.49,50,209
15,1,0.49,51,217
15,1,0.49,52,190
15,1,0.49,53,204
15,1,0.49,54,226
15,1,0.49,55,198
15,1,0.49,56,225
15,1,0.49,57,223
15,1,0.49,58,219
15,1,0.49,59,186
15,1,0.49,60,228
15,1,0.49,61,194
15,1,0.49,62,209
15,1,0.49,63,217
15,1,0.49,64,221
15,1,0.49,65,192
15,1,0.49,66,195
15,1,0.49,67,189
15,1,0.49,68,172
15,1,0.49,69,177
15,1,0.49,70,212
15,1,0.49,71,193
15,1,0.49,72,153
15,1,0.49,73,162
15,1,0.49,74,169
15,1,0.49,75,148
15,1,0.49,76,146
15,1,0.49,77,155
15,1,0.49,78,146
15,1,0.49,79,148
15,1,0.49,80,127
15,1,0.49,81,188
15,1,0.49,82,132
15,1,0.49,83,138
15,1,0.49,84,146
15,1,0.49,85,114
15,1,0.49,86,114
15,1,0.49,87,124
15,1,0.49,88,126
15,1,0.49,89,118
15,1,0.49,90,116
15,1,0.49,91,152
15,1,0.49,92,96
15,1,0.49,93,115
15,1,0.49,94,93
15,1,0.49,95,109
15,1,0.49,96,97
15,1,0.49,97,96
15,1,0.49,98,104
15,1,0.49,99,99
15,1,0.49,100,95
15,1,0.49,101,102
15,1,0.49,102,92
15,1,0.49,103,98
15,1,0.49,104,95
15,1,0.49,105,74
15,1,0.49,106,77
15,1,0.49,107,89
15,1,0.49,108,75
15,1,0.49,109,82
15,1,0.49,110,80
15,1,0.49,111,91
15,1,0.49,112,96
15,1,0.49,113,69
15,1,0.49,114,58
15,1,0.49,115,81
15,1,0.49,116,94
15,1,0.49,117,66
15,1,0.49,118,65
15,1,0.49,119,85
15,1,0.49,120,68
15,1,0.49,121,84
15,1,0.49,122,67
15,1,0.49,123,74
15,1,0.49,124,96
15,1,0.49,125,81
15,1,0.49,126,91
15,1,0.49,127,111
15,1,0.49,128,1187
15,1,0.89,0,7962
15,1,0.89,1,2547
15,1,0.89,2,1608
15,1,0.89,3,1265
15,1,0.89,4,1004
15,1,0.89,5,868
15,1,0.89,6,726
15,1,0.89,7,712
15,1,0.89,8,608
15,1,0.89,9,564
15,1,0.89,10,531
15,1,0.89,11,466
15,1,0.89,12,464
15,1,0.89,13,452
15,1,0.89,14,425
15,1,0.89,15,383
15,1,0.89,16,384
15,1,0.89,17,356
15,1,0.89,18,372
15,1,0.89,19,366
15,1,0.89,20,365
15,1,0.89,21,335
15,1,0.89,22,309
15,1,0.89,23,325
15,1,0.89,24,295
15,1,0.89,25,307
15,1,0.89,26,292
15,1,0.89,27,313
15,1,0.89,28,281
15,1,0.89,29,258
15,1,0.89,30,256
15,1,0.89,31,291
15,1,0.89,32,265
15,1,0.89,33,277
15,1,0.89,34,276
15,1,0.89,35,240
15,1,0.89,36,251
15,1,0.89,37,236
15,1,0.89,38,277
15,1,0.89,39,227
15,1,0.89,40,247
15,1,0.89,41,269
15,1,0.89,42,258
15,1,0.89,43,241
15,1,0.89,44,253
15,1,0.89,45,251
15,1,0.89,46,246
15,1,0.89,47,249
15,1,0.89,48,230
15,1,0.89,49,237
15,1,0.89,50,218
15,1,0.89,51,214
15,1,0.89,52,236
15,1,0.89,53,238
15,1,0.89,54,233
15,1,0.89,55,225
15,1,0.89,56,253
15,1,0.89,57,256
15,1,0.89,58,209
15,1,0.89,59,241
15,1,0.89,60,227
15,1,0.89,61,233
15,1,0.89,62,234
15,1,0.89,63,268
15,1,0.89,64,279
15,1,0.89,65,246
15,1,0.89,66,288
15,1,0.89,67,286
15,1,0.89,68,262
15,1,0.89,69,264
15,1,0.89,70,294
15,1,0.89,71,267
15,1,0.89,72,283
15,1,0.89,73,279
15,1,0.89,74,291
15,1,0.89,75,277
15,1,0.89,76,288
15,1,0.89,77,298
15,1,0.89,78,261
15,1,0.89,79,305
15,1,0.89,80,302
15,1,0.89,81,323
15,1,0.89,82,287
15,1,0.89,83,329
15,1,0.89,84,315
15,1,0.89,85,310
15,1,0.89,86,323
15,1,0.89,87,309
15,1,0.89,88,318
15,1,0.89,89,324
15,1,0.89,90,365
15,1,0.89,91,341
15,1,0.89,92,311
15,1,0.89,93,357
15,1,0.89,94,351
15,1,0.89,95,345
15,1,0.89,96,362
15,1,0.89,97,345
15,1,0.89,98,337
15,1,0.89,99,339
15,1,0.89,100,326
15,1,0.89,101,347
15,1,0.89,102,364
15,1,0.89,103,361
15,1,0.89,104,377
15,1,0.89,105,391
15,1,0.89,106,405
15,1,0.89,107,375
15,1,0.89,108,431
15,1,0.89,109,390
15,1,0.89,110,415
15,1,0.89,111,442
15,1,0.89,112,414
15,1,0.89,113,419
15,1,0.89,114,421
15,1,0.89,115,497
15,1,0.89,116,467
15,1,0.89,117,531
15,1,0.89,118,481
15,1,0.89,119,582
15,1,0.89,120,613
15,1,0.89,121,628
15,1,0.89,122,677
15,1,0.89,123,760
15,1,0.89,124,847
15,1,0.89,125,997
15,1,0.89,126,1158
15,1,0.89,127,1806
15,1,0.89,128,5048
16,0,0.15,0,29465
16,0,0.15,1,5272
16,0,0.15,2,3229
16,0,0.15,3,2225
16,0,0.15,4,1852
16,0,0.15,5,1476
16,0,0.15,6,1261
16,0,0.15,7,1164
16,0,0.15,8,992
16,0,0.15,9,894
16,0,0.15,10,811
16,0,0.15,11,754
16,0,0.15,12,677
16,0,0.15,13,618
16,0,0.15,14,569
16,0,0.15,15,553
16,0,0.15,16,494
16,0,0.15,17,469
16,0,0.15,18,480
16,0,0.15,19,431
16,0,0.15,20,355
16,0,0.15,21,381
16,0,0.15,22,347
16,0,0.15,23,303
16,0,0.15,24,323
16,0,0.15,25,295
16,0,0.15,26,276
16,0,0.15,27,244
16,0,0.15,28,248
16,0,0.15,29,246
16,0,0.15,30,239
16,0,0.15,31,276
16,0,0.15,32,211
16,0,0.15,33,228
16,0,0.15,34,200
16,0,0.15,35,192
16,0,0.15,36,189
16,0,0.15,37,195
16,0,0.15,38,178
16,0,0.15,39,177
16,0,0.15,40,161
16,0,0.15,41,161
16,0,0.15,42,149
16,0,0.15,43,163
16,0,0.15,44,158
16,0,0.15,45,147
16,0,0.15,46,130
16,0,0.15,47,129
16,0,0.15,48,147
16,0,0.15,49,135
16,0,0.15,50,127
16,0,0.15,51,138
16,0,0.15,52,108
16,0,0.15,53,102
16,0,0.15,54,122
16,0,0.15,55,117
16,0,0.15,56,116
16,0,0.15,57,87
16,0,0.15,58,104
16,0,0.15,59,97
16,0,0.15,60,86
16,0,0.15,61,78
16,0,0.15,62,104
16,0,0.15,63,88
16,0,0.15,64,111
16,0,0.15,65,87
16,0,0.15,66,79
16,0,0.15,67,58
16,0,0.15,68,71
16,0,0.15,69,74
16,0,0.15,70,71
16,0,0.15,71,64
16,0,0.15,72,52
16,0,0.15,73,58
16,0,0.15,74,69
16,0,0.15,75,69
16,0,0.15,76,58
16,0,0.15,77,59
16,0,0.15,78,64
16,0,0.15,79,68
16,0,0.15,80,63
16,0,0.15,81,56
16,0,0.15,82,49
16,0,0.15,83,55
16,0,0.15,84,33
16,0,0.15,85,38
16,0,0.15,86,44
16,0,0.15,87,49
16,0,0.15,88,43
16,0,0.15,89,51
16,0,0.15,90,45
16,0,0.15,91,30
16,0,0.15,92,41
16,0,0.15,93,39
16,0,0.15,94,29
16,0,0.15,95,25
16,0,0.15,96,41
16,0,0.15,97,41
16,0,0.15,98,31
16,0,0.15,99,23
16,0,0.15,100,37
16,0,0.15,101,29
16,0,0.15,102,30
16,0,0.15,103,39
16,0,0.15,104,30
16,0,0.15,105,34
16,0,0.15,106,42
16,0,0.15,107,37
16,0,0.15,108,26
16,0,0.15,109,34
16,0,0.15,110,30
16,0,0.15,111,33
16,0,0.15,112,31
16,0,0.15,113,35
16,0,0.15,114,29
16,0,0.15,115,37
16,0,0.15,116,33
16,0,0.15,117,34
16,0,0.15,118,31
16,0,0.15,119,23
16,0,0.15,120,24
16,0,0.15,121,23
16,0,0.15,122,17
16,0,0.15,123,34
16,0,0.15,124,12
16,0,0.15,125,15
16,0,0.15,126,25
16,0,0.15,127,8
16,0,0.15,128,1043
16,0,0.5,0,20529
16,0,0.5,1,4537
16,0,0.5,2,2806
16,0,0.5,3,2153
16,0,0.5,4,1800
16,0,0.5,5,1496
16,0,0.5,6,1286
16,0,0.5,7,1147
16,0,0.5,8,1062
16,0,0.5,9,937
16,0,0.5,10,895
16,0,0.5,11,793
16,0,0.5,12,732
16,0,0.5,13,677
16,0,0.5,14,653
16,0,0.5,15,622
16,0,0.5,16,606
16,0,0.5,17,588
16,0,0.5,18,589
16,0,0.5,19,506
16,0,0.5,20,452
16,0,0.5,21,481
16,0,0.5,22,451
16,0,0.5,23,460
16,0,0.5,24,405
16,0,0.5,25,437
16,0,0.5,26,378
16,0,0.5,27,375
16,0,0.5,28,357
16,0,0.5,29,404
16,0,0.5,30,352
16,0,0.5,31,348
16,0,0.5,32,335
16,0,0.5,33,335
16,0,0.5,34,324
16,0,0.5,35,330
16,0,0.5,36,302
16,0,0.5,37,274
16,0,0.5,38,309
16,0,0.5,39,312
16,0,0.5,40,262
16,0,0.5,41,275
16,0,0.5,42,235
16,0,0.5,43,247
16,0,0.5,44,280
16,0,0.5,45,244
16,0,0.5,46,257
16,0,0.5,47,252
16,0,0.5,48,234
16,0,0.5,49,234
16,0,0.5,50,236
16,0,0.5,51,240
16,0,0.5,52,200
16,0,0.5,53,215
16,0,0.5,54,201
16,0,0.5,55,218
16,0,0.5,56,190
16,0,0.5,57,185
16,0,0.5,58,192
16,0,0.5,59,213
16,0,0.5,60,186
16,0,0.5,61,185
16,0,0.5,62,175
16,0,0.5,63,172
16,0,0.5,64,219
16,0,0.5,65,177
16,0,0.5,66,166
16,0,0.5,67,159
16,0,0.5,68,151
16,0,0.5,69,170
16,0,0.5,70,159
16,0,0.5,71,152
16,0,0.5,72,146
16,0,0.5,73,140
16,0,0.5,74,156
16,0,0.5,75,163
16,0,0.5,76,160
16,0,0.5,77,153
16,0,0.5,78,134
16,0,0.5,79,132
16,0,0.5,80,124
16,0,0.5,81,115
16,0,0.5,82,129
16,0,0.5,83,108
16,0,0.5,84,133
16,0,0.5,85,127
16,0,0.5,86,117
16,0,0.5,87,118
16,0,0.5,88,107
16,0,0.5,89,109
16,0,0.5,90,103
16,0,0.5,91,113
16,0,0.5,92,112
16,0,0.5,93,113
16,0,0.5,94,94
16,0,0.5,95,111
16,0,0.5,96,114
16,0,0.5,97,94
16,0,0.5,98,73
16,0,0.5,99,81
16,0,0.5,100,86
16,0,0.5,101,92
16,0,0.5,102,95
16,0,0.5,103,82
16,0,0.5,104,83
16,0,0.5,105,75
16,0,0.5,106,88
16,0,0.5,107,96
16,0,0.5,108,81
16,0,0.5,109,79
16,0,0.5,110,91
16,0,0.5,111,78
16,0,0.5,112,82
16,0,0.5,113,76
16,0,0.5,114,90
16,0,0.5,115,100
16,0,0.5,116,86
16,0,0.5,117,99
16,0,0.5,118,82
16,0,0.5,119,99
16,0,0.5,120,93
16,0,0.5,121,86
16,0,0.5,122,80
16,0,0.5,123,98
16,0,0.5,124,109
16,0,0.5,125,92
16,0,0.5,126,109
16,0,0.5,127,107
16,0,0.5,128,1127
16,0,0.9,0,5851
16,0,0.9,1,2191
16,0,0.9,2,1337
16,0,0.9,3,979
16,0,0.9,4,784
16,0,0.9,5,672
16,0,0.9,6,569
16,0,0.9,7,591
16,0,0.9,8,551
16,0,0.9,9,487
16,0,0.9,10,479
16,0,0.9,11,498
16,0,0.9,12,504
16,0,0.9,13,443
16,0,0.9,14,449
16,0,0.9,15,447
16,0,0.9,16,410
16,0,0.9,17,444
16,0,0.9,18,445
16,0,0.9,19,443
16,0,0.9,20,347
16,0,0.9,21,397
16,0,0.9,22,397
16,0,0.9,23,382
16,0,0.9,24,387
16,0,0.9,25,382
16,0,0.9,26,405
16,0,0.9,27,399
16,0,0.9,28,355
16,0,0.9,29,352
16,0,0.9,30,351
16,0,0.9,31,324
16,0,0.9,32,356
16,0,0.9,33,386
16,0,0.9,34,365
16,0,0.9,35,358
16,0,0.9,36,328
16,0,0.9,37,388
16,0,0.9,38,348
16,0,0.9,39,358
16,0,0.9,40,322
16,0,0.9,41,373
16,0,0.9,42,313
16,0,0.9,43,323
16,0,0.9,44,355
16,0,0.9,45,353
16,0,0.9,46,334
16,0,0.9,47,339
16,0,0.9,48,303
16,0,0.9,49,366
16,0,0.9,50,359
16,0,0.9,51,323
16,0,0.9,52,343
16,0,0.9,53,305
16,0,0.9,54,336
16,0,0.9,55,314
16,0,0.9,56,337
16,0,0.9,57,285
16,0,0.9,58,348
16,0,0.9,59,294
16,0,0.9,60,286
16,0,0.9,61,329
16,0,0.9,62,321
16,0,0.9,63,313
16,0,0.9,64,315
16,0,0.9,65,297
16,0,0.9,66,351
16,0,0.9,67,328
16,0,0.9,68,293
16,0,0.9,69,294
16,0,0.9,70,364
16,0,0.9,71,311
16,0,0.9,72,351
16,0,0.9,73,290
16,0,0.9,74,327
16,0,0.9,75,309
16,0,0.9,76,353
16,0,0.9,77,309
16,0,0.9,78,336
16,0,0.9,79,348
16,0,0.9,80,333
16,0,0.9,81,334
16,0,0.9,82,327
16,0,0.9,83,306
16,0,0.9,84,356
16,0,0.9,85,320
16,0,0.9,86,337
16,0,0.9,87,334
16,0,0.9,88,365
16,0,0.9,89,349
16,0,0.9,90,313
16,0,0.9,91,348
16,0,0.9,92,327
16,0,0.9,93,348
16,0,0.9,94,340
16,0,0.9,95,366
16,0,0.9,96,344
16,0,0.9,97,344
16,0,0.9,98,389
16,0,0.9,99,384
16,0,0.9,100,358
16,0,0.9,101,374
16,0,0.9,102,347
16,0,0.9,103,388
16,0,0.9,104,390
16,0,0.9,105,384
16,0,0.9,106,360
16,0,0.9,107,388
16,0,0.9,108,375
16,0,0.9,109,435
16,0,0.9,110,434
16,0,0.9,111,436
16,0,0.9,112,409
16,0,0.9,113,466
16,0,0.9,114,440
16,0,0.9,115,446
16,0,0.9,116,486
16,0,0.9,117,518
16,0,0.9,118,513
16,0,0.9,119,514
16,0,0.9,120,517
16,0,0.9,121,629
16,0,0.9,122,618
16,0,0.9,123,677
16,0,0.9,124,791
16,0,0.9,125,921
16,0,0.9,126,1131
16,0,0.9,127,1598
16,0,0.9,128,4340
16,1,0.14,0,29360
16,1,0.14,1,5192
16,1,0.14,2,3176
16,1,0.14,3,2285
16,1,0.14,4,1813
16,1,0.14,5,1504
16,1,0.14,6,1263
16,1,0.14,7,1113
16,1,0.14,8,978
16,1,0.14,9,861
16,1,0.14,10,877
16,1,0.14,11,726
16,1,0.14,12,716
16,1,0.14,13,632
16,1,0.14,14,596
16,1,0.14,15,521
16,1,0.14,16,488
16,1,0.14,17,498
16,1,0.14,18,430
16,1,0.14,19,421
16,1,0.14,20,392
16,1,0.14,21,385
16,1,0.14,22,329
16,1,0.14,23,324
16,1,0.14,24,301
16,1,0.14,25,337
16,1,0.14,26,280
16,1,0.14,27,265
16,1,0.14,28,274
16,1,0.14,29,245
16,1,0.14,30,242
16,1,0.14,31,221
16,1,0.14,32,210
16,1,0.14,33,223
16,1,0.14,34,195
16,1,0.14,35,215
16,1,0.14,36,185
16,1,0.14,37,186
16,1,0.14,38,169
16,1,0.14,39,176
16,1,0.14,40,145
16,1,0.14,41,173
16,1,0.14,42,169
16,1,0.14,43,151
16,1,0.14,44,134
16,1,0.14,45,157
16,1,0.14,46,146
16,1,0.14,47,149
16,1,0.14,48,126
16,1,0.14,49,132
16,1,0.14,50,131
16,1,0.14,51,105
16,1,0.14,52,135
16,1,0.14,53,120
16,1,0.14,54,112
16,1,0.14,55,120
16,1,0.14,56,115
16,1,0.14,57,112
16,1,0.14,58,116
16,1,0.14,59,86
16,1,0.14,60,85
16,1,0.14,61,77
16,1,0.14,62,96
16,1,0.14,63,88
16,1,0.14,64,110
16,1,0.14,65,95
16,1,0.14,66,70
16,1,0.14,67,81
16,1,0.14,68,86
16,1,0.14,69,66
16,1,0.14,70,61
16,1,0.14,71,63
16,1,0.14,72,63
16,1,0.14,73,71
16,1,0.14,74,65
16,1,0.14,75,54
16,1,0.14,76,55
16,1,0.14,77,66
16,1,0.14,78,63
16,1,0.14,79,54
16,1,0.14,80,56
16,1,0.14,81,54
16,1,0.14,82,55
16,1,0.14,83,51
16,1,0.14,84,58
16,1,0.14,85,62
16,1,0.14,86,46
16,1,0.14,87,32
16,1,0.14,88,42
16,1,0.14,89,41
16,1,0.14,90,49
16,1,0.14,91,46
16,1,0.14,92,45
16,1,0.14,93,43
16,1,0.14,94,43
16,1,0.14,95,43
16,1,0.14,96,22
16,1,0.14,97,35
16,1,0.14,98,31
16,1,0.14,99,40
16,1,0.14,100,39
16,1,0.14,101,32
16,1,0.14,102,29
16,1,0.14,103,38
16,1,0.14,104,31
16,1,0.14,105,30
16,1,0.14,106,40
16,1,0.14,107,30
16,1,0.14,108,39
16,1,0.14,109,40
16,1,0.14,110,34
16,1,0.14,111,26
16,1,0.14,112,37
16,1,0.14,113,30
16,1,0.14,114,42
16,1,0.14,115,39
16,1,0.14,116,36
16,1,0.14,117,33
16,1,0.14,118,26
16,1,0.14,119,37
16,1,0.14,120,30
16,1,0.14,121,25
16,1,0.14,122,21
16,1,0.14,123,35
16,1,0.14,124,18
16,1,0.14,125,30
16,1,0.14,126,23
16,1,0.14,127,17
16,1,0.14,128,1048
16,1,0.49,0,20457
16,1,0.49,1,4456
16,1,0.49,2,2846
16,1,0.49,3,2103
16,1,0.49,4,1801
16,1,0.49,5,1456
16,1,0.49,6,1314
16,1,0.49,7,1139
16,1,0.49,8,1060
16,1,0.49,9,990
16,1,0.49,10,850
16,1,0.49,11,781
16,1,0.49,12,735
16,1,0.49,13,691
16,1,0.49,14,675
16,1,0.49,15,619
16,1,0.49,16,591
16,1,0.49,17,581
16,1,0.49,18,539
16,1,0.49,19,513
16,1,0.49,20,545
16,1,0.49,21,487
16,1,0.49,22,508
16,1,0.49,23,440
16,1,0.49,24,452
16,1,0.49,25,384
16,1,0.49,26,399
16,1,0.49,27,380
16,1,0.49,28,367
16,1,0.49,29,362
16,1,0.49,30,353
16,1,0.49,31,366
16,1,0.49,32,361
16,1,0.49,33,344
16,1,0.49,34,351
16,1,0.49,35,277
16,1,0.49,36,310
16,1,0.49,37,305
16,1,0.49,38,296
16,1,0.49,39,303
16,1,0.49,40,270
16,1,0.49,41,267
16,1,0.49,42,267
16,1,0.49,43,256
16,1,0.49,44,273
16,1,0.49,45,256
16,1,0.49,46,242
16,1,0.49,47,241
16,1,0.49,48,217
16,1,0.49,49,251
16,1,0.49,50,211
16,1,0.49,51,212
16,1,0.49,52,200
16,1,0.49,53,212
16,1,0.49,54,209
16,1,0.49,55,208
16,1,0.49,56,218
16,1,0.49,57,179
16,1,0.49,58,192
16,1,0.49,59,183
16,1,0.49,60,199
16,1,0.49,61,176
16,1,0.49,62,176
16,1,0.49,63,190
16,1,0.49,64,187
16,1,0.49,65,189
16,1,0.49,66,189
16,1,0.49,67,149
16,1,0.49,68,159
16,1,0.49,69,172
16,1,0.49,70,179
16,1,0.49,71,170
16,1,0.49,72,148
16,1,0.49,73,148
16,1,0.49,74,166
16,1,0.49,75,152
16,1,0.49,76,150
16,1,0.49,77,150
16,1,0.49,78,148
16,1,0.49,79,131
16,1,0.49,80,122
16,1,0.49,81,120
16,1,0.49,82,137
16,1,0.49,83,127
16,1,0.49,84,128
16,1,0.49,85,124
16,1,0.49,86,104
16,1,0.49,87,119
16,1,0.49,88,106
16,1,0.49,89,105
16,1,0.49,90,116
16,1,0.49,91,113
16,1,0.49,92,108
16,1,0.49,93,116
16,1,0.49,94,98
16,1,0.49,95,100
16,1,0.49,96,101
16,1,0.49,97,99
16,1,0.49,98,93
16,1,0.49,99,89
16,1,0.49,100,90
16,1,0.49,101,90
16,1,0.49,102,94
16,1,0.49,103,90
16,1,0.49,104,75
16,1,0.49,105,79
16,1,0.49,106,84
16,1,0.49,107,72
16,1,0.49,108,97
16,1,0.49,109,98
16,1,0.49,110,70
16,1,0.49,111,86
16,1,0.49,112,81
16,1,0.49,113,85
16,1,0.49,114,83
16,1,0.49,115,106
16,1,0.49,116,75
16,1,0.49,117,96
16,1,0.49,118,98
16,1,0.49,119,98
16,1,0.49,120,69
16,1,0.49,121,97
16,1,0.49,122,93
16,1,0.49,123,85
16,1,0.49,124,114
16,1,0.49,125,97
16,1,0.49,126,91
16,1,0.49,127,102
16,1,0.49,128,1137
16,1,0.89,0,5762
16,1,0.89,1,2203
16,1,0.89,2,1429
16,1,0.89,3,993
16,1,0.89,4,759
16,1,0.89,5,680
16,1,0.89,6,613
16,1,0.89,7,553
16,1,0.89,8,581
16,1,0.89,9,516
16,1,0.89,10,496
16,1,0.89,11,489
16,1,0.89,12,505
16,1,0.89,13,492
16,1,0.89,14,426
16,1,0.89,15,432
16,1,0.89,16,418
16,1,0.89,17,446
16,1,0.89,18,400
16,1,0.89,19,428
16,1,0.89,20,411
16,1,0.89,21,399
16,1,0.89,22,397
16,1,0.89,23,398
16,1,0.89,24,378
16,1,0.89,25,390
16,1,0.89,26,380
16,1,0.89,27,348
16,1,0.89,28,355
16,1,0.89,29,381
16,1,0.89,30,377
16,1,0.89,31,350
16,1,0.89,32,374
16,1,0.89,33,346
16,1,0.89,34,382
16,1,0.89,35,361
16,1,0.89,36,340
16,1,0.89,37,337
16,1,0.89,38,322
16,1,0.89,39,309
16,1,0.89,40,356
16,1,0.89,41,328
16,1,0.89,42,346
16,1,0.89,43,358
16,1,0.89,44,351
16,1,0.89,45,320
16,1,0.89,46,313
16,1,0.89,47,335
16,1,0.89,48,320
16,1,0.89,49,306
16,1,0.89,50,338
16,1,0.89,51,337
16,1,0.89,52,311
16,1,0.89,53,313
16,1,0.89,54,311
16,1,0.89,55,325
16,1,0.89,56,332
16,1,0.89,57,334
16,1,0.89,58,341
16,1,0.89,59,304
16,1,0.89,60,314
16,1,0.89,61,304
16,1,0.89,62,278
16,1,0.89,63,314
16,1,0.89,64,316
16,1,0.89,65,305
16,1,0.89,66,293
16,1,0.89,67,363
16,1,0.89,68,341
16,1,0.89,69,349
16,1,0.89,70,322
16,1,0.89,71,333
16,1,0.89,72,327
16,1,0.89,73,331
16,1,0.89,74,293
16,1,0.89,75,295
16,1,0.89,76,309
16,1,0.89,77,305
16,1,0.89,78,328
16,1,0.89,79,312
16,1,0.89,80,325
16,1,0.89,81,340
16,1,0.89,82,344
16,1,0.89,83,350
16,1,0.89,84,321
16,1,0.89,85,325
16,1,0.89,86,341
16,1,0.89,87,374
16,1,0.89,88,340
16,1,0.89,89,330
16,1,0.89,90,339
16,1,0.89,91,349
16,1,0.89,92,325
16,1,0.89,93,339
16,1,0.89,94,345
16,1,0.89,95,367
16,1,0.89,96,334
16,1,0.89,97,355
16,1,0.89,98,338
16,1,0.89,99,403
16,1,0.89,100,369
16,1,0.89,101,350
16,1,0.89,102,396
16,1,0.89,103,370
16,1,0.89,104,395
16,1,0.89,105,387
16,1,0.89,106,407
16,1,0.89,107,398
16,1,0.89,108,435
16,1,0.89,109,418
16,1,0.89,110,415
16,1,0.89,111,397
16,1,0.89,112,437
16,1,0.89,113,402
16,1,0.89,114,475
16,1,0.89,115,503
16,1,0.89,116,491
16,1,0.89,117,486
16,1,0.89,118,528
16,1,0.89,119,460
16,1,0.89,120,573
16,1,0.89,121,577
16,1,0.89,122,624
16,1,0.89,123,710
16,1,0.89,124,794
16,1,0.89,125,876
16,1,0.89,126,1131
16,1,0.89,127,1645
16,1,0.89,128,4336
17,0,0.15,0,30176
17,0,0.15,1,5201
17,0,0.15,2,3338
17,0,0.15,3,2497
17,0,0.15,4,1871
17,0,0.15,5,1609
17,0,0.15,6,1330
17,0,0.15,7,1124
17,0,0.15,8,973
17,0,0.15,9,887
17,0,0.15,10,799
17,0,0.15,11,698
17,0,0.15,12,680
17,0,0.15,13,571
17,0,0.15,14,577
17,0,0.15,15,502
17,0,0.15,16,521
17,0,0.15,17,451
17,0,0.15,18,416
17,0,0.15,19,395
17,0,0.15,20,402
17,0,0.15,21,368
17,0,0.15,22,358
17,0,0.15,23,333
17,0,0.15,24,273
17,0,0.15,25,330
17,0,0.15,26,264
17,0,0.15,27,250
17,0,0.15,28,255
17,0,0.15,29,215
17,0,0.15,30,214
17,0,0.15,31,174
17,0,0.15,32,193
17,0,0.15,33,180
17,0,0.15,34,209
17,0,0.15,35,203
17,0,0.15,36,191
17,0,0.15,37,163
17,0,0.15,38,169
17,0,0.15,39,146
17,0,0.15,40,168
17,0,0.15,41,149
17,0,0.15,42,141
17,0,0.15,43,146
17,0,0.15,44,139
17,0,0.15,45,132
17,0,0.15,46,138
17,0,0.15,47,119
17,0,0.15,48,117
17,0,0.15,49,122
17,0,0.15,50,128
17,0,0.15,51,114
17,0,0.15,52,98
17,0,0.15,53,103
17,0,0.15,54,119
17,0,0.15,55,97
17,0,0.15,56,126
17,0,0.15,57,100
17,0,0.15,58,94
17,0,0.15,59,131
17,0,0.15,60,76
17,0,0.15,61,92
17,0,0.15,62,94
17,0,0.15,63,85
17,0,0.15,64,108
17,0,0.15,65,83
17,0,0.15,66,65
17,0,0.15,67,64
17,0,0.15,68,61
17,0,0.15,69,61
17,0,0.15,70,64
17,0,0.15,71,53
17,0,0.15,72,64
17,0,0.15,73,38
17,0,0.15,74,54
17,0,0.15,75,48
17,0,0.15,76,58
17,0,0.15,77,43
17,0,0.15,78,28
17,0,0.15,79,50
17,0,0.15,80,52
17,0,0.15,81,33
17,0,0.15,82,39
17,0,0.15,83,29
17,0,0.15,84,35
17,0,0.15,85,33
17,0,0.15,86,29
17,0,0.15,87,40
17,0,0.15,88,35
17,0,0.15,89,30
17,0,0.15,90,32
17,0,0.15,91,39
17,0,0.15,92,27
17,0,0.15,93,27
17,0,0.15,94,24
17,0,0.15,95,29
17,0,0.15,96,19
17,0,0.15,97,26
17,0,0.15,98,24
17,0,0.15,99,34
17,0,0.15,100,24
17,0,0.15,101,28
17,0,0.15,102,21
17,0,0.15,103,27
17,0,0.15,104,25
17,0,0.15,105,26
17,0,0.15,106,22
17,0,0.15,107,24
17,0,0.15,108,26
17,0,0.15,109,24
17,0,0.15,110,22
17,0,0.15,111,19
17,0,0.15,112,21
17,0,0.15,113,22
17,0,0.15,114,26
17,0,0.15,115,11
17,0,0.15,116,22
17,0,0.15,117,27
17,0,0.15,118,18
17,0,0.15,119,19
17,0,0.15,120,19
17,0,0.15,121,32
17,0,0.15,122,16
17,0,0.15,123,16
17,0,0.15,124,20
17,0,0.15,125,14
17,0,0.15,126,13
17,0,0.15,127,11
17,0,0.15,128,1029
17,0,0.5,0,21421
17,0,0.5,1,4141
17,0,0.5,2,2717
17,0,0.5,3,2022
17,0,0.5,4,1770
17,0,0.5,5,1492
17,0,0.5,6,1353
17,0,0.5,7,1250
17,0,0.5,8,1184
17,0,0.5,9,1039
17,0,0.5,10,913
17,0,0.5,11,912
17,0,0.5,12,775
17,0,0.5,13,703
17,0,0.5,14,705
17,0,0.5,15,695
17,0,0.5,16,627
17,0,0.5,17,591
17,0,0.5,18,527
17,0,0.5,19,564
17,0,0.5,20,549
17,0,0.5,21,499
17,0,0.5,22,506
17,0,0.5,23,451
17,0,0.5,24,405
17,0,0.5,25,452
17,0,0.5,26,418
17,0,0.5,27,372
17,0,0.5,28,427
17,0,0.5,29,363
17,0,0.5,30,329
17,0,0.5,31,320
17,0,0.5,32,330
17,0,0.5,33,316
17,0,0.5,34,293
17,0,0.5,35,346
17,0,0.5,36,299
17,0,0.5,37,280
17,0,0.5,38,296
17,0,0.5,39,287
17,0,0.5,40,270
17,0,0.5,41,282
17,0,0.5,42,230
17,0,0.5,43,222
17,0,0.5,44,257
17,0,0.5,45,237
17,0,0.5,46,216
17,0,0.5,47,222
17,0,0.5,48,225
17,0,0.5,49,230
17,0,0.5,50,235
17,0,0.5,51,203
17,0,0.5,52,205
17,0,0.5,53,202
17,0,0.5,54,229
17,0,0.5,55,179
17,0,0.5,56,210
17,0,0.5,57,191
17,0,0.5,58,182
17,0,0.5,59,199
17,0,0.5,60,215
17,0,0.5,61,192
17,0,0.5,62,176
17,0,0.5,63,184
17,0,0.5,64,198
17,0,0.5,65,212
17,0,0.5,66,171
17,0,0.5,67,171
17,0,0.5,68,150
17,0,0.5,69,161
17,0,0.5,70,153
17,0,0.5,71,149
17,0,0.5,72,154
17,0,0.5,73,145
17,0,0.5,74,145
17,0,0.5,75,139
17,0,0.5,76,115
17,0,0.5,77,120
17,0,0.5,78,121
17,0,0.5,79,120
17,0,0.5,80,122
17,0,0.5,81,135
17,0,0.5,82,121
17,0,0.5,83,116
17,0,0.5,84,103
17,0,0.5,85,109
17,0,0.5,86,106
17,0,0.5,87,102
17,0,0.5,88,99
17,0,0.5,89,106
17,0,0.5,90,100
17,0,0.5,91,92
17,0,0.5,92,83
17,0,0.5,93,79
17,0,0.5,94,75
17,0,0.5,95,85
17,0,0.5,96,83
17,0,0.5,97,96
17,0,0.5,98,96
17,0,0.5,99,76
17,0,0.5,100,77
17,0,0.5,101,68
17,0,0.5,102,86
17,0,0.5,103,73
17,0,0.5,104,65
17,0,0.5,105,76
17,0,0.5,106,80
17,0,0.5,107,70
17,0,0.5,108,64
17,0,0.5,109,65
17,0,0.5,110,55
17,0,0.5,111,63
17,0,0.5,112,56
17,0,0.5,113,70
17,0,0.5,114,74
17,0,0.5,115,48
17,0,0.5,116,67
17,0,0.5,117,62
17,0,0.5,118,59
17,0,0.5,119,58
17,0,0.5,120,49
17,0,0.5,121,68
17,0,0.5,122,67
17,0,0.5,123,65
17,0,0.5,124,67
17,0,0.5,125,69
17,0,0.5,126,69
17,0,0.5,127,83
17,0,0.5,128,1123
17,0,0.9,0,5665
17,0,0.9,1,2141
17,0,0.9,2,1537
17,0,0.9,3,1224
17,0,0.9,4,1013
17,0,0.9,5,885
17,0,0.9,6,780
17,0,0.9,7,742
17,0,0.9,8,623
17,0,0.9,9,584
17,0,0.9,10,583
17,0,0.9,11,530
17,0,0.9,12,502
17,0,0.9,13,474
17,0,0.9,14,446
17,0,0.9,15,461
17,0,0.9,16,451
17,0,0.9,17,441
17,0,0.9,18,418
17,0,0.9,19,417
17,0,0.9,20,402
17,0,0.9,21,387
17,0,0.9,22,382
17,0,0.9,23,355
17,0,0.9,24,412
17,0,0.9,25,341
17,0,0.9,26,393
17,0,0.9,27,369
17,0,0.9,28,378
17,0,0.9,29,337
17,0,0.9,30,322
17,0,0.9,31,283
17,0,0.9,32,305
17,0,0.9,33,301
17,0,0.9,34,329
17,0,0.9,35,287
17,0,0.9,36,309
17,0,0.9,37,299
17,0,0.9,38,303
17,0,0.9,39,282
17,0,0.9,40,308
17,0,0.9,41,301
17,0,0.9,42,276
17,0,0.9,43,289
17,0,0.9,44,318
17,0,0.9,45,293
17,0,0.9,46,291
17,0,0.9,47,288
17,0,0.9,48,311
17,0,0.9,49,310
17,0,0.9,50,283
17,0,0.9,51,284
17,0,0.9,52,333
17,0,0.9,53,291
17,0,0.9,54,266
17,0,0.9,55,262
17,0,0.9,56,291
17,0,0.9,57,293
17,0,0.9,58,284
17,0,0.9,59,297
17,0,0.9,60,298
17,0,0.9,61,318
17,0,0.9,62,302
17,0,0.9,63,304
17,0,0.9,64,310
17,0,0.9,65,329
17,0,0.9,66,276
17,0,0.9,67,320
17,0,0.9,68,339
17,0,0.9,69,301
17,0,0.9,70,291
17,0,0.9,71,339
17,0,0.9,72,302
17,0,0.9,73,297
17,0,0.9,74,317
17,0,0.9,75,351
17,0,0.9,76,321
17,0,0.9,77,327
17,0,0.9,78,315
17,0,0.9,79,334
17,0,0.9,80,310
17,0,0.9,81,294
17,0,0.9,82,328
17,0,0.9,83,330
17,0,0.9,84,347
17,0,0.9,85,388
17,0,0.9,86,335
17,0,0.9,87,339
17,0,0.9,88,326
17,0,0.9,89,343
17,0,0.9,90,345
17,0,0.9,91,377
17,0,0.9,92,366
17,0,0.9,93,384
17,0,0.9,94,395
17,0,0.9,95,350
17,0,0.9,96,384
17,0,0.9,97,370
17,0,0.9,98,375
17,0,0.9,99,367
17,0,0.9,100,375
17,0,0.9,101,372
17,0,0.9,102,390
17,0,0.9,103,399
17,0,0.9,104,383
17,0,0.9,105,414
17,0,0.9,106,366
17,0,0.9,107,405
17,0,0.9,108,376
17,0,0.9,109,431
17,0,0.9,110,469
17,0,0.9,111,457
17,0,0.9,112,441
17,0,0.9,113,473
17,0,0.9,114,469
17,0,0.9,115,486
17,0,0.9,116,448
17,0,0.9,117,524
17,0,0.9,118,540
17,0,0.9,119,551
17,0,0.9,120,608
17,0,0.9,121,616
17,0,0.9,122,702
17,0,0.9,123,715
17,0,0.9,124,828
17,0,0.9,125,981
17,0,0.9,126,1146
17,0,0.9,127,1511
17,0,0.9,128,3754
17,1,0.14,0,30027
17,1,0.14,1,5240
17,1,0.14,2,3310
17,1,0.14,3,2483
17,1,0.14,4,1921
17,1,0.14,5,1569
17,1,0.14,6,1304
17,1,0.14,7,1135
17,1,0.14,8,966
17,1,0.14,9,865
17,1,0.14,10,774
17,1,0.14,11,756
17,1,0.14,12,688
17,1,0.14,13,601
17,1,0.14,14,568
17,1,0.14,15,511
17,1,0.14,16,499
17,1,0.14,17,471
17,1,0.14,18,436
17,1,0.14,19,383
17,1,0.14,20,390
17,1,0.14,21,375
17,1,0.14,22,336
17,1,0.14,23,300
17,1,0.14,24,318
17,1,0.14,25,291
17,1,0.14,26,266
17,1,0.14,27,271
17,1,0.14,28,242
17,1,0.14,29,244
17,1,0.14,30,204
17,1,0.14,31,209
17,1,0.14,32,193
17,1,0.14,33,187
17,1,0.14,34,207
17,1,0.14,35,185
17,1,0.14,36,167
17,1,0.14,37,187
17,1,0.14,38,160
17,1,0.14,39,176
17,1,0.14,40,149
17,1,0.14,41,150
17,1,0.14,42,143
17,1,0.14,43,149
17,1,0.14,44,137
17,1,0.14,45,140
17,1,0.14,46,123
17,1,0.14,47,105
17,1,0.14,48,113
17,1,0.14,49,149
17,1,0.14,50,142
17,1,0.14,51,104
17,1,0.14,52,118
17,1,0.14,53,105
17,1,0.14,54,103
17,1,0.14,55,110
17,1,0.14,56,108
17,1,0.14,57,121
17,1,0.14,58,95
17,1,0.14,59,88
17,1,0.14,60,92
17,1,0.14,61,80
17,1,0.14,62,98
17,1,0.14,63,97
17,1,0.14,64,99
17,1,0.14,65,78
17,1,0.14,66,73
17,1,0.14,67,71
17,1,0.14,68,56
17,1,0.14,69,53
17,1,0.14,70,61
17,1,0.14,71,61
17,1,0.14,72,74
17,1,0.14,73,46
17,1,0.14,74,62
17,1,0.14,75,39
17,1,0.14,76,45
17,1,0.14,77,42
17,1,0.14,78,39
17,1,0.14,79,43
17,1,0.14,80,46
17,1,0.14,81,38
17,1,0.14,82,33
17,1,0.14,83,54
17,1,0.14,84,35
17,1,0.14,85,32
17,1,0.14,86,27
17,1,0.14,87,38
17,1,0.14,88,28
17,1,0.14,89,36
17,1,0.14,90,35
17,1,0.14,91,28
17,1,0.14,92,31
17,1,0.14,93,33
17,1,0.14,94,31
17,1,0.14,95,32
17,1,0.14,96,22
17,1,0.14,97,30
17,1,0.14,98,11
17,1,0.14,99,30
17,1,0.14,100,25
17,1,0.14,101,25
17,1,0.14,102,27
17,1,0.14,103,37
17,1,0.14,104,23
17,1,0.14,105,33
17,1,0.14,106,22
17,1,0.14,107,21
17,1,0.14,108,33
17,1,0.14,109,18
17,1,0.14,110,26
17,1,0.14,111,32
17,1,0.14,112,25
17,1,0.14,113,25
17,1,0.14,114,27
17,1,0.14,115,21
17,1,0.14,116,20
17,1,0.14,117,18
17,1,0.14,118,23
17,1,0.14,119,27
17,1,0.14,120,19
17,1,0.14,121,31
17,1,0.14,122,21
17,1,0.14,123,13
17,1,0.14,124,33
17,1,0.14,125,15
17,1,0.14,126,22
17,1,0.14,127,16
17,1,0.14,128,1032
17,1,0.49,0,21283
17,1,0.49,1,4105
17,1,0.49,2,2769
17,1,0.49,3,2072
17,1,0.49,4,1711
17,1,0.49,5,1522
17,1,0.49,6,1377
17,1,0.49,7,1271
17,1,0.49,8,1168
17,1,0.49,9,1019
17,1,0.49,10,942
17,1,0.49,11,860
17,1,0.49,12,796
17,1,0.49,13,743
17,1,0.49,14,684
17,1,0.49,15,640
17,1,0.49,16,639
17,1,0.49,17,625
17,1,0.49,18,523
17,1,0.49,19,557
17,1,0.49,20,520
17,1,0.49,21,549
17,1,0.49,22,497
17,1,0.49,23,434
17,1,0.49,24,433
17,1,0.49,25,423
17,1,0.49,26,398
17,1,0.49,27,421
17,1,0.49,28,411
17,1,0.49,29,364
17,1,0.49,30,355
17,1,0.49,31,323
17,1,0.49,32,340
17,1,0.49,33,308
17,1,0.49,34,311
17,1,0.49,35,297
17,1,0.49,36,315
17,1,0.49,37,266
17,1,0.49,38,329
17,1,0.49,39,296
17,1,0.49,40,293
17,1,0.49,41,268
17,1,0.49,42,245
17,1,0.49,43,225
17,1,0.49,44,241
17,1,0.49,45,252
17,1,0.49,46,229
17,1,0.49,47,222
17,1,0.49,48,223
17,1,0.49,49,227
17,1,0.49,50,216
17,1,0.49,51,205
17,1,0.49,52,203
17,1,0.49,53,185
17,1,0.49,54,197
17,1,0.49,55,184
17,1,0.49,56,209
17,1,0.49,57,207
17,1,0.49,58,185
17,1,0.49,59,215
17,1,0.49,60,177
17,1,0.49,61,193
17,1,0.49,62,211
17,1,0.49,63,212
17,1,0.49,64,199
17,1,0.49,65,209
17,1,0.49,66,172
17,1,0.49,67,144
17,1,0.49,68,167
17,1,0.49,69,154
17,1,0.49,70,154
17,1,0.49,71,147
17,1,0.49,72,144
17,1,0.49,73,118
17,1,0.49,74,150
17,1,0.49,75,144
17,1,0.49,76,131
17,1,0.49,77,140
17,1,0.49,78,124
17,1,0.49,79,141
17,1,0.49,80,146
17,1,0.49,81,107
17,1,0.49,82,141
17,1,0.49,83,93
17,1,0.49,84,105
17,1,0.49,85,110
17,1,0.49,86,108
17,1,0.49,87,100
17,1,0.49,88,118
17,1,0.49,89,90
17,1,0.49,90,91
17,1,0.49,91,107
17,1,0.49,92,90
17,1,0.49,93,79
17,1,0.49,94,76
17,1,0.49,95,101
17,1,0.49,96,82
17,1,0.49,97,89
17,1,0.49,98,87
17,1,0.49,99,95
17,1,0.49,100,82
17,1,0.49,101,84
17,1,0.49,102,65
17,1,0.49,103,68
17,1,0.49,104,60
17,1,0.49,105,75
17,1,0.49,106,77
17,1,0.49,107,58
17,1,0.49,108,74
17,1,0.49,109,74
17,1,0.49,110,58
17,1,0.49,111,54
17,1,0.49,112,64
17,1,0.49,113,55
17,1,0.49,114,56
17,1,0.49,115,63
17,1,0.49,116,57
17,1,0.49,117,61
17,1,0.49,118,67
17,1,0.49,119,56
17,1,0.49,120,52
17,1,0.49,121,68
17,1,0.49,122,60
17,1,0.49,123,68
17,1,0.49,124,48
17,1,0.49,125,79
17,1,0.49,126,72
17,1,0.49,127,86
17,1,0.49,128,1122
17,1,0.89,0,5626
17,1,0.89,1,2195
17,1,0.89,2,1477
17,1,0.89,3,1191
17,1,0.89,4,980
17,1,0.89,5,880
17,1,0.89,6,783
17,1,0.89,7,676
17,1,0.89,8,614
17,1,0.89,9,656
17,1,0.89,10,589
17,1,0.89,11,526
17,1,0.89,12,488
17,1,0.89,13,493
17,1,0.89,14,483
17,1,0.89,15,457
17,1,0.89,16,439
17,1,0.89,17,441
17,1,0.89,18,405
17,1,0.89,19,408
17,1,0.89,20,382
17,1,0.89,21,357
17,1,0.89,22,399
17,1,0.89,23,375
17,1,0.89,24,369
17,1,0.89,25,379
17,1,0.89,26,371
17,1,0.89,27,365
17,1,0.89,28,349
17,1,0.89,29,350
17,1,0.89,30,329
17,1,0.89,31,303
17,1,0.89,32,290
17,1,0.89,33,327
17,1,0.89,34,324
17,1,0.89,35,320
17,1,0.89,36,301
17,1,0.89,37,324
17,1,0.89,38,346
17,1,0.89,39,298
17,1,0.89,40,287
17,1,0.89,41,286
17,1,0.89,42,315
17,1,0.89,43,297
17,1,0.89,44,268
17,1,0.89,45,266
17,1,0.89,46,304
17,1,0.89,47,275
17,1,0.89,48,286
17,1,0.89,49,249
17,1,0.89,50,295
17,1,0.89,51,278
17,1,0.89,52,302
17,1,0.89,53,278
17,1,0.89,54,280
17,1,0.89,55,272
17,1,0.89,56,303
17,1,0.89,57,254
17,1,0.89,58,263
17,1,0.89,59,289
17,1,0.89,60,293
17,1,0.89,61,287
17,1,0.89,62,272
17,1,0.89,63,300
17,1,0.89,64,280
17,1,0.89,65,274
17,1,0.89,66,317
17,1,0.89,67,289
17,1,0.89,68,310
17,1,0.89,69,354
17,1,0.89,70,335
17,1,0.89,71,306
17,1,0.89,72,339
17,1,0.89,73,330
17,1,0.89,74,318
17,1,0.89,75,351
17,1,0.89,76,326
17,1,0.89,77,327
17,1,0.89,78,318
17,1,0.89,79,309
17,1,0.89,80,343
17,1,0.89,81,330
17,1,0.89,82,342
17,1,0.89,83,347
17,1,0.89,84,341
17,1,0.89,85,327
17,1,0.89,86,353
17,1,0.89,87,366
17,1,0.89,88,371
17,1,0.89,89,366
17,1,0.89,90,364
17,1,0.89,91,333
17,1,0.89,92,343
17,1,0.89,93,372
17,1,0.89,94,331
17,1,0.89,95,346
17,1,0.89,96,414
17,1,0.89,97,404
17,1,0.89,98,364
17,1,0.89,99,373
17,1,0.89,100,377
17,1,0.89,101,392
17,1,0.89,102,377
17,1,0.89,103,437
17,1,0.89,104,379
17,1,0.89,105,426
17,1,0.89,106,436
17,1,0.89,107,381
17,1,0.89,108,444
17,1,0.89,109,433
17,1,0.89,110,431
17,1,0.89,111,434
17,1,0.89,112,463
17,1,0.89,113,416
17,1,0.89,114,506
17,1,0.89,115,492
17,1,0.89,116,521
17,1,0.89,117,507
17,1,0.89,118,549
17,1,0.89,119,557
17,1,0.89,120,600
17,1,0.89,121,674
17,1,0.89,122,619
17,1,0.89,123,745
17,1,0.89,124,858
17,1,0.89,125,989
17,1,0.89,126,1188
17,1,0.89,127,1494
17,1,0.89,128,3734
18,0,0.15,0,31911
18,0,0.15,1,4734
18,0,0.15,2,2992
18,0,0.15,3,2147
18,0,0.15,4,1778
18,0,0.15,5,1523
18,0,0.15,6,1241
18,0,0.15,7,1071
18,0,0.15,8,975
18,0,0.15,9,826
18,0,0.15,10,801
18,0,0.15,11,680
18,0,0.15,12,638
18,0,0.15,13,561
18,0,0.15,14,526
18,0,0.15,15,518
18,0,0.15,16,431
18,0,0.15,17,414
18,0,0.15,18,383
18,0,0.15,19,365
18,0,0.15,20,327
18,0,0.15,21,329
18,0,0.15,22,303
18,0,0.15,23,304
18,0,0.15,24,261
18,0,0.15,25,276
18,0,0.15,26,241
18,0,0.15,27,222
18,0,0.15,28,233
18,0,0.15,29,218
18,0,0.15,30,222
18,0,0.15,31,223
18,0,0.15,32,195
18,0,0.15,33,196
18,0,0.15,34,165
18,0,0.15,35,171
18,0,0.15,36,184
18,0,0.15,37,187
18,0,0.15,38,156
18,0,0.15,39,172
18,0,0.15,40,144
18,0,0.15,41,153
18,0,0.15,42,156
18,0,0.15,43,161
18,0,0.15,44,110
18,0,0.15,45,126
18,0,0.15,46,114
18,0,0.15,47,126
18,0,0.15,48,122
18,0,0.15,49,124
18,0,0.15,50,126
18,0,0.15,51,105
18,0,0.15,52,105
18,0,0.15,53,96
18,0,0.15,54,90
18,0,0.15,55,92
18,0,0.15,56,104
18,0,0.15,57,104
18,0,0.15,58,86
18,0,0.15,59,99
18,0,0.15,60,101
18,0,0.15,61,108
18,0,0.15,62,95
18,0,0.15,63,146
18,0,0.15,64,113
18,0,0.15,65,97
18,0,0.15,66,83
18,0,0.15,67,91
18,0,0.15,68,83
18,0,0.15,69,78
18,0,0.15,70,67
18,0,0.15,71,62
18,0,0.15,72,58
18,0,0.15,73,52
18,0,0.15,74,50
18,0,0.15,75,68
18,0,0.15,76,40
18,0,0.15,77,43
18,0,0.15,78,39
18,0,0.15,79,60
18,0,0.15,80,52
18,0,0.15,81,45
18,0,0.15,82,64
18,0,0.15,83,40
18,0,0.15,84,53
18,0,0.15,85,52
18,0,0.15,86,34
18,0,0.15,87,45
18,0,0.15,88,41
18,0,0.15,89,40
18,0,0.15,90,42
18,0,0.15,91,34
18,0,0.15,92,39
18,0,0.15,93,28
18,0,0.15,94,25
18,0,0.15,95,40
18,0,0.15,96,43
18,0,0.15,97,34
18,0,0.15,98,31
18,0,0.15,99,41
18,0,0.15,100,38
18,0,0.15,101,33
18,0,0.15,102,30
18,0,0.15,103,35
18,0,0.15,104,27
18,0,0.15,105,29
18,0,0.15,106,22
18,0,0.15,107,31
18,0,0.15,108,31
18,0,0.15,109,28
18,0,0.15,110,26
18,0,0.15,111,28
18,0,0.15,112,27
18,0,0.15,113,33
18,0,0.15,114,18
18,0,0.15,115,36
18,0,0.15,116,24
18,0,0.15,117,20
18,0,0.15,118,27
18,0,0.15,119,22
18,0,0.15,120,13
18,0,0.15,121,18
18,0,0.15,122,24
18,0,0.15,123,16
18,0,0.15,124,24
18,0,0.15,125,20
18,0,0.15,126,15
18,0,0.15,127,14
18,0,0.15,128,1027
18,0,0.5,0,24265
18,0,0.5,1,3801
18,0,0.5,2,2430
18,0,0.5,3,1828
18,0,0.5,4,1535
18,0,0.5,5,1346
18,0,0.5,6,1191
18,0,0.5,7,1025
18,0,0.5,8,974
18,0,0.5,9,918
18,0,0.5,10,810
18,0,0.5,11,751
18,0,0.5,12,770
18,0,0.5,13,686
18,0,0.5,14,642
18,0,0.5,15,578
18,0,0.5,16,605
18,0,0.5,17,585
18,0,0.5,18,491
18,0,0.5,19,479
18,0,0.5,20,465
18,0,0.5,21,476
18,0,0.5,22,473
18,0,0.5,23,395
18,0,0.5,24,405
18,0,0.5,25,415
18,0,0.5,26,386
18,0,0.5,27,374
18,0,0.5,28,358
18,0,0.5,29,364
18,0,0.5,30,348
18,0,0.5,31,340
18,0,0.5,32,345
18,0,0.5,33,302
18,0,0.5,34,301
18,0,0.5,35,297
18,0,0.5,36,297
18,0,0.5,37,294
18,0,0.5,38,265
18,0,0.5,39,267
18,0,0.5,40,260
18,0,0.5,41,254
18,0,0.5,42,258
18,0,0.5,43,253
18,0,0.5,44,261
18,0,0.5,45,258
18,0,0.5,46,221
18,0,0.5,47,242
18,0,0.5,48,218
18,0,0.5,49,210
18,0,0.5,50,218
18,0,0.5,51,212
18,0,0.5,52,209
18,0,0.5,53,216
18,0,0.5,54,192
18,0,0.5,55,210
18,0,0.5,56,184
18,0,0.5,57,182
18,0,0.5,58,159
18,0,0.5,59,183
18,0,0.5,60,170
18,0,0.5,61,182
18,0,0.5,62,188
18,0,0.5,63,182
18,0,0.5,64,168
18,0,0.5,65,186
18,0,0.5,66,171
18,0,0.5,67,164
18,0,0.5,68,140
18,0,0.5,69,161
18,0,0.5,70,145
18,0,0.5,71,153
18,0,0.5,72,131
18,0,0.5,73,133
18,0,0.5,74,136
18,0,0.5,75,138
18,0,0.5,76,128
18,0,0.5,77,119
18,0,0.5,78,134
18,0,0.5,79,118
18,0,0.5,80,109
18,0,0.5,81,110
18,0,0.5,82,115
18,0,0.5,83,123
18,0,0.5,84,111
18,0,0.5,85,90
18,0,0.5,86,117
18,0,0.5,87,105
18,0,0.5,88,104
18,0,0.5,89,101
18,0,0.5,90,96
18,0,0.5,91,99
18,0,0.5,92,87
18,0,0.5,93,103
18,0,0.5,94,82
18,0,0.5,95,92
18,0,0.5,96,83
18,0,0.5,97,92
18,0,0.5,98,78
18,0,0.5,99,76
18,0,0.5,100,79
18,0,0.5,101,80
18,0,0.5,102,83
18,0,0.5,103,88
18,0,0.5,104,71
18,0,0.5,105,69
18,0,0.5,106,66
18,0,0.5,107,68
18,0,0.5,108,76
18,0,0.5,109,67
18,0,0.5,110,80
18,0,0.5,111,82
18,0,0.5,112,66
18,0,0.5,113,74
18,0,0.5,114,71
18,0,0.5,115,66
18,0,0.5,116,65
18,0,0.5,117,71
18,0,0.5,118,99
18,0,0.5,119,63
18,0,0.5,120,54
18,0,0.5,121,79
18,0,0.5,122,76
18,0,0.5,123,73
18,0,0.5,124,78
18,0,0.5,125,78
18,0,0.5,126,86
18,0,0.5,127,91
18,0,0.5,128,1140
18,0,0.9,0,8819
18,0,0.9,1,2444
18,0,0.9,2,1573
18,0,0.9,3,1170
18,0,0.9,4,900
18,0,0.9,5,792
18,0,0.9,6,798
18,0,0.9,7,674
18,0,0.9,8,629
18,0,0.9,9,625
18,0,0.9,10,523
18,0,0.9,11,519
18,0,0.9,12,534
18,0,0.9,13,469
18,0,0.9,14,450
18,0,0.9,15,460
18,0,0.9,16,461
18,0,0.9,17,417
18,0,0.9,18,396
18,0,0.9,19,429
18,0,0.9,20,383
18,0,0.9,21,378
18,0,0.9,22,374
18,0,0.9,23,360
18,0,0.9,24,358
18,0,0.9,25,347
18,0,0.9,26,345
18,0,0.9,27,338
18,0,0.9,28,292
18,0,0.9,29,273
18,0,0.9,30,270
18,0,0.9,31,300
18,0,0.9,32,288
18,0,0.9,33,293
18,0,0.9,34,272
18,0,0.9,35,268
18,0,0.9,36,293
18,0,0.9,37,287
18,0,0.9,38,264
18,0,0.9,39,233
18,0,0.9,40,240
18,0,0.9,41,257
18,0,0.9,42,260
18,0,0.9,43,259
18,0,0.9,44,257
18,0,0.9,45,264
18,0,0.9,46,247
18,0,0.9,47,289
18,0,0.9,48,259
18,0,0.9,49,254
18,0,0.9,50,269
18,0,0.9,51,233
18,0,0.9,52,266
18,0,0.9,53,264
18,0,0.9,54,229
18,0,0.9,55,245
18,0,0.9,56,241
18,0,0.9,57,252
18,0,0.9,58,236
18,0,0.9,59,289
18,0,0.9,60,264
18,0,0.9,61,290
18,0,0.9,62,268
18,0,0.9,63,243
18,0,0.9,64,264
18,0,0.9,65,280
18,0,0.9,66,264
18,0,0.9,67,302
18,0,0.9,68,279
18,0,0.9,69,272
18,0,0.9,70,280
18,0,0.9,71,275
18,0,0.9,72,303
18,0,0.9,73,303
18,0,0.9,74,255
18,0,0.9,75,306
18,0,0.9,76,306
18,0,0.9,77,289
18,0,0.9,78,339
18,0,0.9,79,302
18,0,0.9,80,303
18,0,0.9,81,280
18,0,0.9,82,283
18,0,0.9,83,277
18,0,0.9,84,313
18,0,0.9,85,326
18,0,0.9,86,320
18,0,0.9,87,301
18,0,0.9,88,321
18,0,0.9,89,313
18,0,0.9,90,331
18,0,0.9,91,310
18,0,0.9,92,304
18,0,0.9,93,342
18,0,0.9,94,314
18,0,0.9,95,371
18,0,0.9,96,321
18,0,0.9,97,367
18,0,0.9,98,337
18,0,0.9,99,348
18,0,0.9,100,396
18,0,0.9,101,357
18,0,0.9,102,371
18,0,0.9,103,382
18,0,0.9,104,379
18,0,0.9,105,380
18,0,0.9,106,413
18,0,0.9,107,422
18,0,0.9,108,410
18,0,0.9,109,416
18,0,0.9,110,409
18,0,0.9,111,429
18,0,0.9,112,452
18,0,0.9,113,459
18,0,0.9,114,480
18,0,0.9,115,475
18,0,0.9,116,484
18,0,0.9,117,532
18,0,0.9,118,530
18,0,0.9,119,574
18,0,0.9,120,598
18,0,0.9,121,595
18,0,0.9,122,639
18,0,0.9,123,722
18,0,0.9,124,773
18,0,0.9,125,820
18,0,0.9,126,985
18,0,0.9,127,1409
18,0,0.9,128,3771
18,1,0.14,0,31806
18,1,0.14,1,4744
18,1,0.14,2,2868
18,1,0.14,3,2256
18,1,0.14,4,1799
18,1,0.14,5,1481
18,1,0.14,6,1253
18,1,0.14,7,1062
18,1,0.14,8,884
18,1,0.14,9,863
18,1,0.14,10,769
18,1,0.14,11,725
18,1,0.14,12,609
18,1,0.14,13,572
18,1,0.14,14,557
18,1,0.14,15,469
18,1,0.14,16,451
18,1,0.14,17,441
18,1,0.14,18,374
18,1,0.14,19,369
18,1,0.14,20,310
18,1,0.14,21,353
18,1,0.14,22,336
18,1,0.14,23,292
18,1,0.14,24,263
18,1,0.14,25,249
18,1,0.14,26,258
18,1,0.14,27,235
18,1,0.14,28,242
18,1,0.14,29,219
18,1,0.14,30,212
18,1,0.14,31,185
18,1,0.14,32,212
18,1,0.14,33,191
18,1,0.14,34,203
18,1,0.14,35,171
18,1,0.14,36,184
18,1,0.14,37,194
18,1,0.14,38,162
18,1,0.14,39,165
18,1,0.14,40,163
18,1,0.14,41,128
18,1,0.14,42,136
18,1,0.14,43,139
18,1,0.14,44,129
18,1,0.14,45,124
18,1,0.14,46,127
18,1,0.14,47,128
18,1,0.14,48,126
18,1,0.14,49,117
18,1,0.14,50,133
18,1,0.14,51,116
18,1,0.14,52,114
18,1,0.14,53,83
18,1,0.14,54,95
18,1,0.14,55,98
18,1,0.14,56,105
18,1,0.14,57,96
18,1,0.14,58,82
18,1,0.14,59,98
18,1,0.14,60,100
18,1,0.14,61,120
18,1,0.14,62,84
18,1,0.14,63,125
18,1,0.14,64,103
18,1,0.14,65,80
18,1,0.14,66,92
18,1,0.14,67,88
18,1,0.14,68,85
18,1,0.14,69,82
18,1,0.14,70,60
18,1,0.14,71,70
18,1,0.14,72,65
18,1,0.14,73,57
18,1,0.14,74,69
18,1,0.14,75,59
18,1,0.14,76,60
18,1,0.14,77,52
18,1,0.14,78,45
18,1,0.14,79,49
18,1,0.14,80,51
18,1,0.14,81,47
18,1,0.14,82,44
18,1,0.14,83,45
18,1,0.14,84,36
18,1,0.14,85,41
18,1,0.14,86,59
18,1,0.14,87,55
18,1,0.14,88,41
18,1,0.14,89,57
18,1,0.14,90,36
18,1,0.14,91,40
18,1,0.14,92,35
18,1,0.14,93,39
18,1,0.14,94,29
18,1,0.14,95,42
18,1,0.14,96,43
18,1,0.14,97,28
18,1,0.14,98,39
18,1,0.14,99,36
18,1,0.14,100,47
18,1,0.14,101,40
18,1,0.14,102,34
18,1,0.14,103,32
18,1,0.14,104,38
18,1,0.14,105,24
18,1,0.14,106,31
18,1,0.14,107,33
18,1,0.14,108,36
18,1,0.14,109,34
18,1,0.14,110,19
18,1,0.14,111,28
18,1,0.14,112,28
18,1,0.14,113,31
18,1,0.14,114,27
18,1,0.14,115,28
18,1,0.14,116,34
18,1,0.14,117,25
18,1,0.14,118,17
18,1,0.14,119,29
18,1,0.14,120,28
18,1,0.14,121,23
18,1,0.14,122,21
18,1,0.14,123,13
18,1,0.14,124,26
18,1,0.14,125,31
18,1,0.14,126,18
18,1,0.14,127,14
18,1,0.14,128,1034
18,1,0.49,0,24219
18,1,0.49,1,3772
18,1,0.49,2,2383
18,1,0.49,3,1853
18,1,0.49,4,1523
18,1,0.49,5,1349
18,1,0.49,6,1168
18,1,0.49,7,1101
18,1,0.49,8,930
18,1,0.49,9,940
18,1,0.49,10,811
18,1,0.49,11,802
18,1,0.49,12,711
18,1,0.49,13,698
18,1,0.49,14,634
18,1,0.49,15,646
18,1,0.49,16,587
18,1,0.49,17,529
18,1,0.49,18,487
18,1,0.49,19,508
18,1,0.49,20,518
18,1,0.49,21,473
18,1,0.49,22,433
18,1,0.49,23,374
18,1,0.49,24,407
18,1,0.49,25,420
18,1,0.49,26,376
18,1,0.49,27,385
18,1,0.49,28,385
18,1,0.49,29,386
18,1,0.49,30,365
18,1,0.49,31,341
18,1,0.49,32,309
18,1,0.49,33,319
18,1,0.49,34,327
18,1,0.49,35,322
18,1,0.49,36,257
18,1,0.49,37,269
18,1,0.49,38,272
18,1,0.49,39,268
18,1,0.49,40,285
18,1,0.49,41,266
18,1,0.49,42,244
18,1,0.49,43,258
18,1,0.49,44,282
18,1,0.49,45,246
18,1,0.49,46,230
18,1,0.49,47,255
18,1,0.49,48,209
18,1,0.49,49,221
18,1,0.49,50,214
18,1,0.49,51,188
18,1,0.49,52,209
18,1,0.49,53,188
18,1,0.49,54,217
18,1,0.49,55,202
18,1,0.49,56,187
18,1,0.49,57,195
18,1,0.49,58,184
18,1,0.49,59,162
18,1,0.49,60,160
18,1,0.49,61,179
18,1,0.49,62,199
18,1,0.49,63,190
18,1,0.49,64,186
18,1,0.49,65,183
18,1,0.49,66,143
18,1,0.49,67,150
18,1,0.49,68,165
18,1,0.49,69,158
18,1,0.49,70,168
18,1,0.49,71,145
18,1,0.49,72,125
18,1,0.49,73,119
18,1,0.49,74,127
18,1,0.49,75,150
18,1,0.49,76,138
18,1,0.49,77,123
18,1,0.49,78,119
18,1,0.49,79,119
18,1,0.49,80,131
18,1,0.49,81,118
18,1,0.49,82,113
18,1,0.49,83,114
18,1,0.49,84,91
18,1,0.49,85,118
18,1,0.49,86,96
18,1,0.49,87,106
18,1,0.49,88,88
18,1,0.49,89,80
18,1,0.49,90,104
18,1,0.49,91,95
18,1,0.49,92,103
18,1,0.49,93,103
18,1,0.49,94,103
18,1,0.49,95,80
18,1,0.49,96,87
18,1,0.49,97,88
18,1,0.49,98,79
18,1,0.49,99,91
18,1,0.49,100,86
18,1,0.49,101,81
18,1,0.49,102,72
18,1,0.49,103,78
18,1,0.49,104,78
18,1,0.49,105,74
18,1,0.49,106,76
18,1,0.49,107,62
18,1,0.49,108,64
18,1,0.49,109,71
18,1,0.49,110,70
18,1,0.49,111,66
18,1,0.49,112,72
18,1,0.49,113,71
18,1,0.49,114,61
18,1,0.49,115,78
18,1,0.49,116,73
18,1,0.49,117,72
18,1,0.49,118,68
18,1,0.49,119,61
18,1,0.49,120,78
18,1,0.49,121,79
18,1,0.49,122,65
18,1,0.49,123,69
18,1,0.49,124,80
18,1,0.49,125,80
18,1,0.49,126,96
18,1,0.49,127,87
18,1,0.49,128,1135
18,1,0.89,0,8909
18,1,0.89,1,2442
18,1,0.89,2,1558
18,1,0.89,3,1219
18,1,0.89,4,935
18,1,0.89,5,841
18,1,0.89,6,766
18,1,0.89,7,674
18,1,0.89,8,679
18,1,0.89,9,589
18,1,0.89,10,579
18,1,0.89,11,518
18,1,0.89,12,444
18,1,0.89,13,487
18,1,0.89,14,445
18,1,0.89,15,442
18,1,0.89,16,436
18,1,0.89,17,414
18,1,0.89,18,404
18,1,0.89,19,403
18,1,0.89,20,374
18,1,0.89,21,352
18,1,0.89,22,367
18,1,0.89,23,380
18,1,0.89,24,329
18,1,0.89,25,320
18,1,0.89,26,326
18,1,0.89,27,304
18,1,0.89,28,313
18,1,0.89,29,316
18,1,0.89,30,303
18,1,0.89,31,303
18,1,0.89,32,316
18,1,0.89,33,285
18,1,0.89,34,269
18,1,0.89,35,294
18,1,0.89,36,262
18,1,0.89,37,239
18,1,0.89,38,309
18,1,0.89,39,270
18,1,0.89,40,237
18,1,0.89,41,240
18,1,0.89,42,261
18,1,0.89,43,262
18,1,0.89,44,276
18,1,0.89,45,255
18,1,0.89,46,246
18,1,0.89,47,241
18,1,0.89,48,236
18,1,0.89,49,256
18,1,0.89,50,245
18,1,0.89,51,245
18,1,0.89,52,230
18,1,0.89,53,254
18,1,0.89,54,242
18,1,0.89,55,273
18,1,0.89,56,234
18,1,0.89,57,253
18,1,0.89,58,263
18,1,0.89,59,280
18,1,0.89,60,263
18,1,0.89,61,251
18,1,0.89,62,247
18,1,0.89,63,252
18,1,0.89,64,281
18,1,0.89,65,268
18,1,0.89,66,256
18,1,0.89,67,284
18,1,0.89,68,290
18,1,0.89,69,298
18,1,0.89,70,259
18,1,0.89,71,269
18,1,0.89,72,303
18,1,0.89,73,262
18,1,0.89,74,289
18,1,0.89,75,284
18,1,0.89,76,275
18,1,0.89,77,292
18,1,0.89,78,291
18,1,0.89,79,281
18,1,0.89,80,292
18,1,0.89,81,312
18,1,0.89,82,295
18,1,0.89,83,323
18,1,0.89,84,287
18,1,0.89,85,309
18,1,0.89,86,298
18,1,0.89,87,316
18,1,0.89,88,344
18,1,0.89,89,327
18,1,0.89,90,316
18,1,0.89,91,345
18,1,0.89,92,311
18,1,0.89,93,366
18,1,0.89,94,305
18,1,0.89,95,356
18,1,0.89,96,369
18,1,0.89,97,344
18,1,0.89,98,354
18,1,0.89,99,373
18,1,0.89,100,342
18,1,0.89,101,349
18,1,0.89,102,375
18,1,0.89,103,380
18,1,0.89,104,354
18,1,0.89,105,381
18,1,0.89,106,407
18,1,0.89,107,414
18,1,0.89,108,390
18,1,0.89,109,406
18,1,0.89,110,438
18,1,0.89,111,456
18,1,0.89,112,445
18,1,0.89,113,446
18,1,0.89,114,452
18,1,0.89,115,484
18,1,0.89,116,501
18,1,0.89,117,549
18,1,0.89,118,542
18,1,0.89,119,609
18,1,0.89,120,533
18,1,0.89,121,654
18,1,0.89,122,629
18,1,0.89,123,695
18,1,0.89,124,747
18,1,0.89,125,854
18,1,0.89,126,974
18,1,0.89,127,1364
18,1,0.89,128,3885
19,0,0.15,0,25655
19,0,0.15,1,6170
19,0,0.15,2,3823
19,0,0.15,3,2804
19,0,0.15,4,2311
19,0,0.15,5,1880
19,0,0.15,6,1640
19,0,0.15,7,1392
19,0,0.15,8,1234
19,0,0.15,9,1038
19,0,0.15,10,956
19,0,0.15,11,884
19,0,0.15,12,795
19,0,0.15,13,767
19,0,0.15,14,666
19,0,0.15,15,604
19,0,0.15,16,557
19,0,0.15,17,542
19,0,0.15,18,473
19,0,0.15,19,412
19,0,0.15,20,418
19,0,0.15,21,382
19,0,0.15,22,350
19,0,0.15,23,327
19,0,0.15,24,331
19,0,0.15,25,313
19,0,0.15,26,296
19,0,0.15,27,276
19,0,0.15,28,272
19,0,0.15,29,257
19,0,0.15,30,226
19,0,0.15,31,237
19,0,0.15,32,234
19,0,0.15,33,202
19,0,0.15,34,200
19,0,0.15,35,175
19,0,0.15,36,189
19,0,0.15,37,173
19,0,0.15,38,197
19,0,0.15,39,160
19,0,0.15,40,174
19,0,0.15,41,156
19,0,0.15,42,139
19,0,0.15,43,138
19,0,0.15,44,135
19,0,0.15,45,132
19,0,0.15,46,142
19,0,0.15,47,138
19,0,0.15,48,123
19,0,0.15,49,123
19,0,0.15,50,87
19,0,0.15,51,119
19,0,0.15,52,99
19,0,0.15,53,114
19,0,0.15,54,107
19,0,0.15,55,112
19,0,0.15,56,102
19,0,0.15,57,84
19,0,0.15,58,107
19,0,0.15,59,106
19,0,0.15,60,92
19,0,0.15,61,79
19,0,0.15,62,67
19,0,0.15,63,100
19,0,0.15,64,89
19,0,0.15,65,89
19,0,0.15,66,61
19,0,0.15,67,71
19,0,0.15,68,61
19,0,0.15,69,61
19,0,0.15,70,64
19,0,0.15,71,54
19,0,0.15,72,67
19,0,0.15,73,65
19,0,0.15,74,46
19,0,0.15,75,42
19,0,0.15,76,50
19,0,0.15,77,47
19,0,0.15,78,41
19,0,0.15,79,46
19,0,0.15,80,33
19,0,0.15,81,39
19,0,0.15,82,48
19,0,0.15,83,44
19,0,0.15,84,33
19,0,0.15,85,38
19,0,0.15,86,35
19,0,0.15,87,35
19,0,0.15,88,23
19,0,0.15,89,42
19,0,0.15,90,19
19,0,0.15,91,33
19,0,0.15,92,37
19,0,0.15,93,16
19,0,0.15,94,22
19,0,0.15,95,20
19,0,0.15,96,27
19,0,0.15,97,19
19,0,0.15,98,20
19,0,0.15,99,21
19,0,0.15,100,12
19,0,0.15,101,35
19,0,0.15,102,12
19,0,0.15,103,16
19,0,0.15,104,20
19,0,0.15,105,21
19,0,0.15,106,18
19,0,0.15,107,17
19,0,0.15,108,22
19,0,0.15,109,13
19,0,0.15,110,10
19,0,0.15,111,13
19,0,0.15,112,15
19,0,0.15,113,12
19,0,0.15,114,19
19,0,0.15,115,11
19,0,0.15,116,11
19,0,0.15,117,10
19,0,0.15,118,14
19,0,0.15,119,11
19,0,0.15,120,11
19,0,0.15,121,10
19,0,0.15,122,7
19,0,0.15,123,4
19,0,0.15,124,8
19,0,0.15,125,5
19,0,0.15,126,2
19,0,0.15,127,1
19,0,0.15,128,1025
19,0,0.5,0,16867
19,0,0.5,1,4436
19,0,0.5,2,3223
19,0,0.5,3,2491
19,0,0.5,4,2026
19,0,0.5,5,1911
19,0,0.5,6,1637
19,0,0.5,7,1386
19,0,0.5,8,1295
19,0,0.5,9,1138
19,0,0.5,10,1068
19,0,0.5,11,1000
19,0,0.5,12,942
19,0,0.5,13,913
19,0,0.5,14,856
19,0,0.5,15,768
19,0,0.5,16,720
19,0,0.5,17,720
19,0,0.5,18,636
19,0,0.5,19,628
19,0,0.5,20,623
19,0,0.5,21,569
19,0,0.5,22,585
19,0,0.5,23,573
19,0,0.5,24,489
19,0,0.5,25,466
19,0,0.5,26,489
19,0,0.5,27,493
19,0,0.5,28,430
19,0,0.5,29,415
19,0,0.5,30,386
19,0,0.5,31,418
19,0,0.5,32,383
19,0,0.5,33,341
19,0,0.5,34,361
19,0,0.5,35,302
19,0,0.5,36,328
19,0,0.5,37,327
19,0,0.5,38,277
19,0,0.5,39,317
19,0,0.5,40,307
19,0,0.5,41,282
19,0,0.5,42,267
19,0,0.5,43,286
19,0,0.5,44,289
19,0,0.5,45,246
19,0,0.5,46,258
19,0,0.5,47,220
19,0,0.5,48,252
19,0,0.5,49,228
19,0,0.5,50,213
19,0,0.5,51,239
19,0,0.5,52,234
19,0,0.5,53,195
19,0,0.5,54,228
19,0,0.5,55,235
19,0,0.5,56,208
19,0,0.5,57,209
19,0,0.5,58,175
19,0,0.5,59,184
19,0,0.5,60,208
19,0,0.5,61,211
19,0,0.5,62,158
19,0,0.5,63,195
19,0,0.5,64,200
19,0,0.5,65,215
19,0,0.5,66,191
19,0,0.5,67,163
19,0,0.5,68,140
19,0,0.5,69,134
19,0,0.5,70,128
19,0,0.5,71,151
19,0,0.5,72,136
19,0,0.5,73,149
19,0,0.5,74,105
19,0,0.5,75,139
19,0,0.5,76,115
19,0,0.5,77,109
19,0,0.5,78,103
19,0,0.5,79,114
19,0,0.5,80,112
19,0,0.5,81,128
19,0,0.5,82,122
19,0,0.5,83,111
19,0,0.5,84,98
19,0,0.5,85,95
19,0,0.5,86,79
19,0,0.5,87,81
19,0,0.5,88,95
19,0,0.5,89,77
19,0,0.5,90,82
19,0,0.5,91,76
19,0,0.5,92,79
19,0,0.5,93,73
19,0,0.5,94,86
19,0,0.5,95,77
19,0,0.5,96,78
19,0,0.5,97,71
19,0,0.5,98,84
19,0,0.5,99,57
19,0,0.5,100,70
19,0,0.5,101,73
19,0,0.5,102,65
19,0,0.5,103,48
19,0,0.5,104,70
19,0,0.5,105,73
19,0,0.5,106,65
19,0,0.5,107,62
19,0,0.5,108,58
19,0,0.5,109,67
19,0,0.5,110,53
19,0,0.5,111,61
19,0,0.5,112,56
19,0,0.5,113,48
19,0,0.5,114,60
19,0,0.5,115,64
19,0,0.5,116,54
19,0,0.5,117,50
19,0,0.5,118,55
19,0,0.5,119,59
19,0,0.5,120,46
19,0,0.5,121,71
19,0,0.5,122,51
19,0,0.5,123,63
19,0,0.5,124,49
19,0,0.5,125,52
19,0,0.5,126,67
19,0,0.5,127,51
19,0,0.5,128,1062
19,0,0.9,0,4445
19,0,0.9,1,1865
19,0,0.9,2,1131
19,0,0.9,3,892
19,0,0.9,4,755
19,0,0.9,5,714
19,0,0.9,6,641
19,0,0.9,7,594
19,0,0.9,8,551
19,0,0.9,9,575
19,0,0.9,10,501
19,0,0.9,11,528
19,0,0.9,12,481
19,0,0.9,13,426
19,0,0.9,14,479
19,0,0.9,15,451
19,0,0.9,16,424
19,0,0.9,17,441
19,0,0.9,18,422
19,0,0.9,19,423
19,0,0.9,20,401
19,0,0.9,21,395
19,0,0.9,22,367
19,0,0.9,23,425
19,0,0.9,24,428
19,0,0.9,25,405
19,0,0.9,26,404
19,0,0.9,27,400
19,0,0.9,28,389
19,0,0.9,29,386
19,0,0.9,30,384
19,0,0.9,31,378
19,0,0.9,32,374
19,0,0.9,33,398
19,0,0.9,34,385
19,0,0.9,35,345
19,0,0.9,36,367
19,0,0.9,37,398
19,0,0.9,38,376
19,0,0.9,39,364
19,0,0.9,40,364
19,0,0.9,41,393
19,0,0.9,42,392
19,0,0.9,43,357
19,0,0.9,44,317
19,0,0.9,45,374
19,0,0.9,46,393
19,0,0.9,47,398
19,0,0.9,48,385
19,0,0.9,49,374
19,0,0.9,50,365
19,0,0.9,51,321
19,0,0.9,52,401
19,0,0.9,53,359
19,0,0.9,54,411
19,0,0.9,55,333
19,0,0.9,56,367
19,0,0.9,57,355
19,0,0.9,58,347
19,0,0.9,59,357
19,0,0.9,60,367
19,0,0.9,61,376
19,0,0.9,62,383
19,0,0.9,63,349
19,0,0.9,64,343
19,0,0.9,65,335
19,0,0.9,66,385
19,0,0.9,67,359
19,0,0.9,68,318
19,0,0.9,69,375
19,0,0.9,70,381
19,0,0.9,71,367
19,0,0.9,72,363
19,0,0.9,73,382
19,0,0.9,74,348
19,0,0.9,75,422
19,0,0.9,76,390
19,0,0.9,77,348
19,0,0.9,78,352
19,0,0.9,79,344
19,0,0.9,80,334
19,0,0.9,81,395
19,0,0.9,82,365
19,0,0.9,83,406
19,0,0.9,84,387
19,0,0.9,85,351
19,0,0.9,86,396
19,0,0.9,87,358
19,0,0.9,88,375
19,0,0.9,89,380
19,0,0.9,90,365
19,0,0.9,91,385
19,0,0.9,92,382
19,0,0.9,93,361
19,0,0.9,94,379
19,0,0.9,95,414
19,0,0.9,96,410
19,0,0.9,97,384
19,0,0.9,98,390
19,0,0.9,99,414
19,0,0.9,100,404
19,0,0.9,101,387
19,0,0.9,102,414
19,0,0.9,103,385
19,0,0.9,104,407
19,0,0.9,105,466
19,0,0.9,106,425
19,0,0.9,107,444
19,0,0.9,108,417
19,0,0.9,109,467
19,0,0.9,110,439
19,0,0.9,111,506
19,0,0.9,112,463
19,0,0.9,113,508
19,0,0.9,114,494
19,0,0.9,115,491
19,0,0.9,116,538
19,0,0.9,117,502
19,0,0.9,118,536
19,0,0.9,119,601
19,0,0.9,120,579
19,0,0.9,121,607
19,0,0.9,122,654
19,0,0.9,123,711
19,0,0.9,124,743
19,0,0.9,125,848
19,0,0.9,126,928
19,0,0.9,127,1203
19,0,0.9,128,3180
19,1,0.14,0,25569
19,1,0.14,1,6027
19,1,0.14,2,3847
19,1,0.14,3,2890
19,1,0.14,4,2227
19,1,0.14,5,1878
19,1,0.14,6,1535
19,1,0.14,7,1441
19,1,0.14,8,1266
19,1,0.14,9,1093
19,1,0.14,10,967
19,1,0.14,11,855
19,1,0.14,12,790
19,1,0.14,13,728
19,1,0.14,14,688
19,1,0.14,15,598
19,1,0.14,16,552
19,1,0.14,17,518
19,1,0.14,18,500
19,1,0.14,19,449
19,1,0.14,20,416
19,1,0.14,21,383
19,1,0.14,22,337
19,1,0.14,23,314
19,1,0.14,24,328
19,1,0.14,25,313
19,1,0.14,26,301
19,1,0.14,27,277
19,1,0.14,28,284
19,1,0.14,29,246
19,1,0.14,30,243
19,1,0.14,31,244
19,1,0.14,32,230
19,1,0.14,33,191
19,1,0.14,34,186
19,1,0.14,35,195
19,1,0.14,36,185
19,1,0.14,37,179
19,1,0.14,38,170
19,1,0.14,39,157
19,1,0.14,40,177
19,1,0.14,41,136
19,1,0.14,42,154
19,1,0.14,43,143
19,1,0.14,44,128
19,1,0.14,45,138
19,1,0.14,46,152
19,1,0.14,47,104
19,1,0.14,48,112
19,1,0.14,49,117
19,1,0.14,50,117
19,1,0.14,51,116
19,1,0.14,52,104
19,1,0.14,53,115
19,1,0.14,54,102
19,1,0.14,55,107
19,1,0.14,56,117
19,1,0.14,57,98
19,1,0.14,58,100
19,1,0.14,59,96
19,1,0.14,60,88
19,1,0.14,61,87
19,1,0.14,62,79
19,1,0.14,63,114
19,1,0.14,64,91
19,1,0.14,65,69
19,1,0.14,66,68
19,1,0.14,67,66
19,1,0.14,68,78
19,1,0.14,69,46
19,1,0.14,70,66
19,1,0.14,71,63
19,1,0.14,72,53
19,1,0.14,73,45
19,1,0.14,74,58
19,1,0.14,75,43
19,1,0.14,76,49
19,1,0.14,77,49
19,1,0.14,78,40
19,1,0.14,79,54
19,1,0.14,80,53
19,1,0.14,81,48
19,1,0.14,82,54
19,1,0.14,83,33
19,1,0.14,84,45
19,1,0.14,85,35
19,1,0.14,86,29
19,1,0.14,87,44
19,1,0.14,88,35
19,1,0.14,89,37
19,1,0.14,90,25
19,1,0.14,91,30
19,1,0.14,92,31
19,1,0.14,93,23
19,1,0.14,94,24
19,1,0.14,95,32
19,1,0.14,96,32
19,1,0.14,97,27
19,1,0.14,98,21
19,1,0.14,99,26
19,1,0.14,100,30
19,1,0.14,101,22
19,1,0.14,102,22
19,1,0.14,103,18
19,1,0.14,104,17
19,1,0.14,105,26
19,1,0.14,106,21
19,1,0.14,107,23
19,1,0.14,108,18
19,1,0.14,109,24
19,1,0.14,110,29
19,1,0.14,111,17
19,1,0.14,112,18
19,1,0.14,113,20
19,1,0.14,114,18
19,1,0.14,115,18
19,1,0.14,116,20
19,1,0.14,117,17
19,1,0.14,118,13
19,1,0.14,119,20
19,1,0.14,120,15
19,1,0.14,121,11
19,1,0.14,122,15
19,1,0.14,123,10
19,1,0.14,124,14
19,1,0.14,125,7
19,1,0.14,126,5
19,1,0.14,127,2
19,1,0.14,128,1026
19,1,0.49,0,16821
19,1,0.49,1,4429
19,1,0.49,2,3167
19,1,0.49,3,2486
19,1,0.49,4,2046
19,1,0.49,5,1921
19,1,0.49,6,1578
19,1,0.49,7,1361
19,1,0.49,8,1282
19,1,0.49,9,1227
19,1,0.49,10,1120
19,1,0.49,11,991
19,1,0.49,12,967
19,1,0.49,13,871
19,1,0.49,14,808
19,1,0.49,15,845
19,1,0.49,16,676
19,1,0.49,17,725
19,1,0.49,18,680
19,1,0.49,19,599
19,1,0.49,20,647
19,1,0.49,21,607
19,1,0.49,22,557
19,1,0.49,23,498
19,1,0.49,24,482
19,1,0.49,25,530
19,1,0.49,26,463
19,1,0.49,27,461
19,1,0.49,28,456
19,1,0.49,29,455
19,1,0.49,30,406
19,1,0.49,31,378
19,1,0.49,32,387
19,1,0.49,33,355
19,1,0.49,34,327
19,1,0.49,35,310
19,1,0.49,36,313
19,1,0.49,37,308
19,1,0.49,38,309
19,1,0.49,39,303
19,1,0.49,40,281
19,1,0.49,41,300
19,1,0.49,42,293
19,1,0.49,43,261
19,1,0.49,44,255
19,1,0.49,45,264
19,1,0.49,46,286
19,1,0.49,47,254
19,1,0.49,48,270
19,1,0.49,49,224
19,1,0.49,50,220
19,1,0.49,51,214
19,1,0.49,52,217
19,1,0.49,53,217
19,1,0.49,54,246
19,1,0.49,55,222
19,1,0.49,56,208
19,1,0.49,57,201
19,1,0.49,58,203
19,1,0.49,59,202
19,1,0.49,60,195
19,1,0.49,61,169
19,1,0.49,62,212
19,1,0.49,63,182
19,1,0.49,64,202
19,1,0.49,65,209
19,1,0.49,66,159
19,1,0.49,67,163
19,1,0.49,68,165
19,1,0.49,69,155
19,1,0.49,70,133
19,1,0.49,71,143
19,1,0.49,72,132
19,1,0.49,73,126
19,1,0.49,74,135
19,1,0.49,75,113
19,1,0.49,76,120
19,1,0.49,77,113
19,1,0.49,78,127
19,1,0.49,79,119
19,1,0.49,80,108
19,1,0.49,81,109
19,1,0.49,82,114
19,1,0.49,83,104
19,1,0.49,84,121
19,1,0.49,85,77
19,1,0.49,86,90
19,1,0.49,87,86
19,1,0.49,88,98
19,1,0.49,89,102
19,1,0.49,90,82
19,1,0.49,91,94
19,1,0.49,92,72
19,1,0.49,93,85
19,1,0.49,94,83
19,1,0.49,95,64
19,1,0.49,96,79
19,1,0.49,97,75
19,1,0.49,98,67
19,1,0.49,99,70
19,1,0.49,100,71
19,1,0.49,101,60
19,1,0.49,102,58
19,1,0.49,103,64
19,1,0.49,104,54
19,1,0.49,105,68
19,1,0.49,106,63
19,1,0.49,107,63
19,1,0.49,108,75
19,1,0.49,109,54
19,1,0.49,110,65
19,1,0.49,111,52
19,1,0.49,112,58
19,1,0.49,113,58
19,1,0.49,114,56
19,1,0.49,115,61
19,1,0.49,116,42
19,1,0.49,117,50
19,1,0.49,118,54
19,1,0.49,119,65
19,1,0.49,120,56
19,1,0.49,121,66
19,1,0.49,122,43
19,1,0.49,123,61
19,1,0.49,124,50
19,1,0.49,125,59
19,1,0.49,126,57
19,1,0.49,127,43
19,1,0.49,128,1068
19,1,0.89,0,4428
19,1,0.89,1,1846
19,1,0.89,2,1128
19,1,0.89,3,844
19,1,0.89,4,786
19,1,0.89,5,694
19,1,0.89,6,633
19,1,0.89,7,579
19,1,0.89,8,517
19,1,0.89,9,511
19,1,0.89,10,505
19,1,0.89,11,512
19,1,0.89,12,438
19,1,0.89,13,467
19,1,0.89,14,436
19,1,0.89,15,400
19,1,0.89,16,421
19,1,0.89,17,408
19,1,0.89,18,403
19,1,0.89,19,428
19,1,0.89,20,417
19,1,0.89,21,382
19,1,0.89,22,437
19,1,0.89,23,410
19,1,0.89,24,417
19,1,0.89,25,388
19,1,0.89,26,363
19,1,0.89,27,427
19,1,0.89,28,395
19,1,0.89,29,372
19,1,0.89,30,370
19,1,0.89,31,403
19,1,0.89,32,391
19,1,0.89,33,382
19,1,0.89,34,358
19,1,0.89,35,343
19,1,0.89,36,378
19,1,0.89,37,351
19,1,0.89,38,375
19,1,0.89,39,364
19,1,0.89,40,368
19,1,0.89,41,383
19,1,0.89,42,356
19,1,0.89,43,379
19,1,0.89,44,318
19,1,0.89,45,359
19,1,0.89,46,383
19,1,0.89,47,323
19,1,0.89,48,377
19,1,0.89,49,369
19,1,0.89,50,345
19,1,0.89,51,357
19,1,0.89,52,343
19,1,0.89,53,392
19,1,0.89,54,363
19,1,0.89,55,353
19,1,0.89,56,371
19,1,0.89,57,359
19,1,0.89,58,366
19,1,0.89,59,331
19,1,0.89,60,390
19,1,0.89,61,376
19,1,0.89,62,360
19,1,0.89,63,349
19,1,0.89,64,359
19,1,0.89,65,379
19,1,0.89,66,362
19,1,0.89,67,369
19,1,0.89,68,345
19,1,0.89,69,350
19,1,0.89,70,357
19,1,0.89,71,372
19,1,0.89,72,370
19,1,0.89,73,357
19,1,0.89,74,386
19,1,0.89,75,395
19,1,0.89,76,374
19,1,0.89,77,339
19,1,0.89,78,365
19,1,0.89,79,375
19,1,0.89,80,346
19,1,0.89,81,381
19,1,0.89,82,407
19,1,0.89,83,349
19,1,0.89,84,390
19,1,0.89,85,374
19,1,0.89,86,388
19,1,0.89,87,400
19,1,0.89,88,421
19,1,0.89,89,405
19,1,0.89,90,374
19,1,0.89,91,405
19,1,0.89,92,367
19,1,0.89,93,398
19,1,0.89,94,388
19,1,0.89,95,413
19,1,0.89,96,425
19,1,0.89,97,436
19,1,0.89,98,391
19,1,0.89,99,388
19,1,0.89,100,425
19,1,0.89,101,423
19,1,0.89,102,396
19,1,0.89,103,413
19,1,0.89,104,453
19,1,0.89,105,468
19,1,0.89,106,386
19,1,0.89,107,469
19,1,0.89,108,435
19,1,0.89,109,438
19,1,0.89,110,457
19,1,0.89,111,463
19,1,0.89,112,472
19,1,0.89,113,505
19,1,0.89,114,501
19,1,0.89,115,484
19,1,0.89,116,550
19,1,0.89,117,522
19,1,0.89,118,579
19,1,0.89,119,566
19,1,0.89,120,637
19,1,0.89,121,607
19,1,0.89,122,703
19,1,0.89,123,682
19,1,0.89,124,784
19,1,0.89,125,855
19,1,0.89,126,885
19,1,0.89,127,1210
19,1,0.89,128,3291
20,0,0.15,0,31595
20,0,0.15,1,4786
20,0,0.15,2,2975
20,0,0.15,3,2194
20,0,0.15,4,1686
20,0,0.15,5,1441
20,0,0.15,6,1254
20,0,0.15,7,1051
20,0,0.15,8,968
20,0,0.15,9,856
20,0,0.15,10,771
20,0,0.15,11,727
20,0,0.15,12,643
20,0,0.15,13,625
20,0,0.15,14,532
20,0,0.15,15,493
20,0,0.15,16,473
20,0,0.15,17,420
20,0,0.15,18,415
20,0,0.15,19,419
20,0,0.15,20,339
20,0,0.15,21,329
20,0,0.15,22,332
20,0,0.15,23,300
20,0,0.15,24,306
20,0,0.15,25,295
20,0,0.15,26,233
20,0,0.15,27,221
20,0,0.15,28,231
20,0,0.15,29,233
20,0,0.15,30,209
20,0,0.15,31,200
20,0,0.15,32,197
20,0,0.15,33,207
20,0,0.15,34,174
20,0,0.15,35,173
20,0,0.15,36,155
20,0,0.15,37,170
20,0,0.15,38,148
20,0,0.15,39,148
20,0,0.15,40,149
20,0,0.15,41,152
20,0,0.15,42,131
20,0,0.15,43,129
20,0,0.15,44,158
20,0,0.15,45,131
20,0,0.15,46,133
20,0,0.15,47,99
20,0,0.15,48,128
20,0,0.15,49,105
20,0,0.15,50,106
20,0,0.15,51,98
20,0,0.15,52,107
20,0,0.15,53,114
20,0,0.15,54,116
20,0,0.15,55,111
20,0,0.15,56,125
20,0,0.15,57,113
20,0,0.15,58,106
20,0,0.15,59,130
20,0,0.15,60,109
20,0,0.15,61,119
20,0,0.15,62,117
20,0,0.15,63,121
20,0,0.15,64,150
20,0,0.15,65,131
20,0,0.15,66,91
20,0,0.15,67,97
20,0,0.15,68,79
20,0,0.15,69,76
20,0,0.15,70,86
20,0,0.15,71,71
20,0,0.15,72,58
20,0,0.15,73,71
20,0,0.15,74,58
20,0,0.15,75,67
20,0,0.15,76,57
20,0,0.15,77,46
20,0,0.15,78,54
20,0,0.15,79,53
20,0,0.15,80,38
20,0,0.15,81,46
20,0,0.15,82,36
20,0,0.15,83,45
20,0,0.15,84,40
20,0,0.15,85,53
20,0,0.15,86,43
20,0,0.15,87,39
20,0,0.15,88,42
20,0,0.15,89,27
20,0,0.15,90,42
20,0,0.15,91,40
20,0,0.15,92,24
20,0,0.15,93,42
20,0,0.15,94,37
20,0,0.15,95,41
20,0,0.15,96,34
20,0,0.15,97,38
20,0,0.15,98,32
20,0,0.15,99,44
20,0,0.15,100,26
20,0,0.15,101,25
20,0,0.15,102,25
20,0,0.15,103,28
20,0,0.15,104,32
20,0,0.15,105,21
20,0,0.15,106,38
20,0,0.15,107,25
20,0,0.15,108,30
20,0,0.15,109,30
20,0,0.15,110,14
20,0,0.15,111,33
20,0,0.15,112,23
20,0,0.15,113,26
20,0,0.15,114,20
20,0,0.15,115,21
20,0,0.15,116,24
20,0,0.15,117,20
20,0,0.15,118,34
20,0,0.15,119,14
20,0,0.15,120,15
20,0,0.15,121,18
20,0,0.15,122,17
20,0,0.15,123,19
20,0,0.15,124,30
20,0,0.15,125,21
20,0,0.15,126,13
20,0,0.15,127,9
20,0,0.15,128,1026
20,0,0.5,0,24221
20,0,0.5,1,3648
20,0,0.5,2,2345
20,0,0.5,3,1807
20,0,0.5,4,1521
20,0,0.5,5,1335
20,0,0.5,6,1131
20,0,0.5,7,1056
20,0,0.5,8,934
20,0,0.5,9,817
20,0,0.5,10,824
20,0,0.5,11,769
20,0,0.5,12,749
20,0,0.5,13,698
20,0,0.5,14,611
20,0,0.5,15,618
20,0,0.5,16,528
20,0,0.5,17,534
20,0,0.5,18,537
20,0,0.5,19,509
20,0,0.5,20,463
20,0,0.5,21,479
20,0,0.5,22,470
20,0,0.5,23,433
20,0,0.5,24,386
20,0,0.5,25,382
20,0,0.5,26,378
20,0,0.5,27,368
20,0,0.5,28,350
20,0,0.5,29,362
20,0,0.5,30,356
20,0,0.5,31,368
20,0,0.5,32,316
20,0,0.5,33,309
20,0,0.5,34,296
20,0,0.5,35,321
20,0,0.5,36,300
20,0,0.5,37,246
20,0,0.5,38,276
20,0,0.5,39,268
20,0,0.5,40,230
20,0,0.5,41,261
20,0,0.5,42,263
20,0,0.5,43,230
20,0,0.5,44,239
20,0,0.5,45,248
20,0,0.5,46,212
20,0,0.5,47,243
20,0,0.5,48,226
20,0,0.5,49,223
20,0,0.5,50,194
20,0,0.5,51,208
20,0,0.5,52,214
20,0,0.5,53,188
20,0,0.5,54,200
20,0,0.5,55,226
20,0,0.5,56,199
20,0,0.5,57,162
20,0,0.5,58,188
20,0,0.5,59,179
20,0,0.5,60,198
20,0,0.5,61,185
20,0,0.5,62,170
20,0,0.5,63,217
20,0,0.5,64,232
20,0,0.5,65,237
20,0,0.5,66,180
20,0,0.5,67,186
20,0,0.5,68,174
20,0,0.5,69,176
20,0,0.5,70,179
20,0,0.5,71,172
20,0,0.5,72,153
20,0,0.5,73,148
20,0,0.5,74,158
20,0,0.5,75,154
20,0,0.5,76,149
20,0,0.5,77,131
20,0,0.5,78,143
20,0,0.5,79,123
20,0,0.5,80,134
20,0,0.5,81,111
20,0,0.5,82,140
20,0,0.5,83,121
20,0,0.5,84,122
20,0,0.5,85,127
20,0,0.5,86,126
20,0,0.5,87,112
20,0,0.5,88,105
20,0,0.5,89,106
20,0,0.5,90,116
20,0,0.5,91,102
20,0,0.5,92,118
20,0,0.5,93,103
20,0,0.5,94,107
20,0,0.5,95,87
20,0,0.5,96,89
20,0,0.5,97,87
20,0,0.5,98,90
20,0,0.5,99,74
20,0,0.5,100,88
20,0,0.5,101,84
20,0,0.5,102,67
20,0,0.5,103,85
20,0,0.5,104,76
20,0,0.5,105,76
20,0,0.5,106,74
20,0,0.5,107,75
20,0,0.5,108,80
20,0,0.5,109,73
20,0,0.5,110,75
20,0,0.5,111,80
20,0,0.5,112,80
20,0,0.5,113,69
20,0,0.5,114,72
20,0,0.5,115,73
20,0,0.5,116,61
20,0,0.5,117,86
20,0,0.5,118,83
20,0,0.5,119,55
20,0,0.5,120,64
20,0,0.5,121,69
20,0,0.5,122,71
20,0,0.5,123,83
20,0,0.5,124,77
20,0,0.5,125,72
20,0,0.5,126,91
20,0,0.5,127,84
20,0,0.5,128,1119
20,0,0.9,0,8010
20,0,0.9,1,2950
20,0,0.9,2,1604
20,0,0.9,3,1308
20,0,0.9,4,987
20,0,0.9,5,838
20,0,0.9,6,729
20,0,0.9,7,676
20,0,0.9,8,661
20,0,0.9,9,581
20,0,0.9,10,601
20,0,0.9,11,512
20,0,0.9,12,472
20,0,0.9,13,486
20,0,0.9,14,462
20,0,0.9,15,415
20,0,0.9,16,429
20,0,0.9,17,425
20,0,0.9,18,355
20,0,0.9,19,368
20,0,0.9,20,339
20,0,0.9,21,339
20,0,0.9,22,357
20,0,0.9,23,330
20,0,0.9,24,302
20,0,0.9,25,341
20,0,0.9,26,325
20,0,0.9,27,288
20,0,0.9,28,272
20,0,0.9,29,261
20,0,0.9,30,258
20,0,0.9,31,271
20,0,0.9,32,258
20,0,0.9,33,245
20,0,0.9,34,232
20,0,0.9,35,227
20,0,0.9,36,223
20,0,0.9,37,229
20,0,0.9,38,251
20,0,0.9,39,225
20,0,0.9,40,235
20,0,0.9,41,224
20,0,0.9,42,249
20,0,0.9,43,225
20,0,0.9,44,209
20,0,0.9,45,244
20,0,0.9,46,214
20,0,0.9,47,230
20,0,0.9,48,261
20,0,0.9,49,216
20,0,0.9,50,233
20,0,0.9,51,234
20,0,0.9,52,228
20,0,0.9,53,233
20,0,0.9,54,237
20,0,0.9,55,242
20,0,0.9,56,243
20,0,0.9,57,227
20,0,0.9,58,243
20,0,0.9,59,211
20,0,0.9,60,236
20,0,0.9,61,227
20,0,0.9,62,236
20,0,0.9,63,225
20,0,0.9,64,224
20,0,0.9,65,278
20,0,0.9,66,258
20,0,0.9,67,294
20,0,0.9,68,228
20,0,0.9,69,266
20,0,0.9,70,254
20,0,0.9,71,280
20,0,0.9,72,285
20,0,0.9,73,282
20,0,0.9,74,254
20,0,0.9,75,234
20,0,0.9,76,271
20,0,0.9,77,254
20,0,0.9,78,268
20,0,0.9,79,283
20,0,0.9,80,286
20,0,0.9,81,261
20,0,0.9,82,287
20,0,0.9,83,271
20,0,0.9,84,267
20,0,0.9,85,277
20,0,0.9,86,263
20,0,0.9,87,286
20,0,0.9,88,309
20,0,0.9,89,296
20,0,0.9,90,305
20,0,0.9,91,282
20,0,0.9,92,330
20,0,0.9,93,305
20,0,0.9,94,340
20,0,0.9,95,282
20,0,0.9,96,332
20,0,0.9,97,362
20,0,0.9,98,354
20,0,0.9,99,333
20,0,0.9,100,356
20,0,0.9,101,345
20,0,0.9,102,356
20,0,0.9,103,393
20,0,0.9,104,370
20,0,0.9,105,406
20,0,0.9,106,390
20,0,0.9,107,381
20,0,0.9,108,399
20,0,0.9,109,419
20,0,0.9,110,413
20,0,0.9,111,446
20,0,0.9,112,473
20,0,0.9,113,464
20,0,0.9,114,531
20,0,0.9,115,555
20,0,0.9,116,521
20,0,0.9,117,553
20,0,0.9,118,593
20,0,0.9,119,637
20,0,0.9,120,676
20,0,0.9,121,753
20,0,0.9,122,757
20,0,0.9,123,792
20,0,0.9,124,929
20,0,0.9,125,1031
20,0,0.9,126,1205
20,0,0.9,127,1671
20,0,0.9,128,4476
20,1,0.14,0,31422
20,1,0.14,1,4847
20,1,0.14,2,2981
20,1,0.14,3,2165
20,1,0.14,4,1713
20,1,0.14,5,1402
20,1,0.14,6,1216
20,1,0.14,7,1045
20,1,0.14,8,963
20,1,0.14,9,861
20,1,0.14,10,797
20,1,0.14,11,714
20,1,0.14,12,675
20,1,0.14,13,601
20,1,0.14,14,535
20,1,0.14,15,535
20,1,0.14,16,481
20,1,0.14,17,438
20,1,0.14,18,371
20,1,0.14,19,370
20,1,0.14,20,360
20,1,0.14,21,319
20,1,0.14,22,316
20,1,0.14,23,304
20,1,0.14,24,300
20,1,0.14,25,293
20,1,0.14,26,248
20,1,0.14,27,238
20,1,0.14,28,236
20,1,0.14,29,237
20,1,0.14,30,232
20,1,0.14,31,206
20,1,0.14,32,200
20,1,0.14,33,202
20,1,0.14,34,150
20,1,0.14,35,174
20,1,0.14,36,180
20,1,0.14,37,175
20,1,0.14,38,154
20,1,0.14,39,151
20,1,0.14,40,159
20,1,0.14,41,137
20,1,0.14,42,139
20,1,0.14,43,113
20,1,0.14,44,133
20,1,0.14,45,152
20,1,0.14,46,130
20,1,0.14,47,108
20,1,0.14,48,114
20,1,0.14,49,104
20,1,0.14,50,107
20,1,0.14,51,121
20,1,0.14,52,115
20,1,0.14,53,124
20,1,0.14,54,100
20,1,0.14,55,101
20,1,0.14,56,121
20,1,0.14,57,129
20,1,0.14,58,117
20,1,0.14,59,114
20,1,0.14,60,103
20,1,0.14,61,129
20,1,0.14,62,99
20,1,0.14,63,149
20,1,0.14,64,143
20,1,0.14,65,139
20,1,0.14,66,98
20,1,0.14,67,86
20,1,0.14,68,92
20,1,0.14,69,79
20,1,0.14,70,70
20,1,0.14,71,63
20,1,0.14,72,70
20,1,0.14,73,58
20,1,0.14,74,55
20,1,0.14,75,70
20,1,0.14,76,61
20,1,0.14,77,49
20,1,0.14,78,57
20,1,0.14,79,53
20,1,0.14,80,33
20,1,0.14,81,46
20,1,0.14,82,52
20,1,0.14,83,44
20,1,0.14,84,50
20,1,0.14,85,43
20,1,0.14,86,54
20,1,0.14,87,26
20,1,0.14,88,46
20,1,0.14,89,47
20,1,0.14,90,36
20,1,0.14,91,41
20,1,0.14,92,33
20,1,0.14,93,40
20,1,0.14,94,38
20,1,0.14,95,38
20,1,0.14,96,41
20,1,0.14,97,31
20,1,0.14,98,37
20,1,0.14,99,33
20,1,0.14,100,34
20,1,0.14,101,27
20,1,0.14,102,31
20,1,0.14,103,32
20,1,0.14,104,39
20,1,0.14,105,35
20,1,0.14,106,32
20,1,0.14,107,27
20,1,0.14,108,31
20,1,0.14,109,28
20,1,0.14,110,24
20,1,0.14,111,22
20,1,0.14,112,31
20,1,0.14,113,30
20,1,0.14,114,16
20,1,0.14,115,26
20,1,0.14,116,21
20,1,0.14,117,19
20,1,0.14,118,25
20,1,0.14,119,15
20,1,0.14,120,26
20,1,0.14,121,22
20,1,0.14,122,26
20,1,0.14,123,29
20,1,0.14,124,26
20,1,0.14,125,28
20,1,0.14,126,11
20,1,0.14,127,15
20,1,0.14,128,1031
20,1,0.49,0,24173
20,1,0.49,1,3621
20,1,0.49,2,2300
20,1,0.49,3,1882
20,1,0.49,4,1510
20,1,0.49,5,1289
20,1,0.49,6,1172
20,1,0.49,7,1018
20,1,0.49,8,950
20,1,0.49,9,876
20,1,0.49,10,845
20,1,0.49,11,726
20,1,0.49,12,703
20,1,0.49,13,699
20,1,0.49,14,643
20,1,0.49,15,616
20,1,0.49,16,555
20,1,0.49,17,601
20,1,0.49,18,511
20,1,0.49,19,498
20,1,0.49,20,478
20,1,0.49,21,464
20,1,0.49,22,482
20,1,0.49,23,393
20,1,0.49,24,408
20,1,0.49,25,367
20,1,0.49,26,402
20,1,0.49,27,356
20,1,0.49,28,344
20,1,0.49,29,347
20,1,0.49,30,386
20,1,0.49,31,349
20,1,0.49,32,336
20,1,0.49,33,292
20,1,0.49,34,282
20,1,0.49,35,290
20,1,0.49,36,292
20,1,0.49,37,325
20,1,0.49,38,260
20,1,0.49,39,265
20,1,0.49,40,276
20,1,0.49,41,237
20,1,0.49,42,260
20,1,0.49,43,240
20,1,0.49,44,246
20,1,0.49,45,208
20,1,0.49,46,243
20,1,0.49,47,214
20,1,0.49,48,214
20,1,0.49,49,235
20,1,0.49,50,206
20,1,0.49,51,234
20,1,0.49,52,162
20,1,0.49,53,194
20,1,0.49,54,202
20,1,0.49,55,191
20,1,0.49,56,202
20,1,0.49,57,178
20,1,0.49,58,191
20,1,0.49,59,202
20,1,0.49,60,183
20,1,0.49,61,201
20,1,0.49,62,175
20,1,0.49,63,209
20,1,0.49,64,213
20,1,0.49,65,237
20,1,0.49,66,191
20,1,0.49,67,186
20,1,0.49,68,187
20,1,0.49,69,186
20,1,0.49,70,172
20,1,0.49,71,167
20,1,0.49,72,150
20,1,0.49,73,143
20,1,0.49,74,150
20,1,0.49,75,166
20,1,0.49,76,124
20,1,0.49,77,125
20,1,0.49,78,143
20,1,0.49,79,128
20,1,0.49,80,123
20,1,0.49,81,128
20,1,0.49,82,139
20,1,0.49,83,132
20,1,0.49,84,133
20,1,0.49,85,138
20,1,0.49,86,119
20,1,0.49,87,97
20,1,0.49,88,129
20,1,0.49,89,110
20,1,0.49,90,91
20,1,0.49,91,108
20,1,0.49,92,124
20,1,0.49,93,97
20,1,0.49,94,97
20,1,0.49,95,86
20,1,0.49,96,93
20,1,0.49,97,89
20,1,0.49,98,87
20,1,0.49,99,78
20,1,0.49,100,73
20,1,0.49,101,78
20,1,0.49,102,95
20,1,0.49,103,70
20,1,0.49,104,89
20,1,0.49,105,80
20,1,0.49,106,81
20,1,0.49,107,85
20,1,0.49,108,79
20,1,0.49,109,75
20,1,0.49,110,76
20,1,0.49,111,81
20,1,0.49,112,67
20,1,0.49,113,78
20,1,0.49,114,78
20,1,0.49,115,66
20,1,0.49,116,78
20,1,0.49,117,69
20,1,0.49,118,74
20,1,0.49,119,69
20,1,0.49,120,66
20,1,0.49,121,62
20,1,0.49,122,75
20,1,0.49,123,68
20,1,0.49,124,69
20,1,0.49,125,80
20,1,0.49,126,88
20,1,0.49,127,82
20,1,0.49,128,1130
20,1,0.89,0,8000
20,1,0.89,1,3026
20,1,0.89,2,1744
20,1,0.89,3,1277
20,1,0.89,4,1003
20,1,0.89,5,859
20,1,0.89,6,792
20,1,0.89,7,723
20,1,0.89,8,617
20,1,0.89,9,590
20,1,0.89,10,554
20,1,0.89,11,553
20,1,0.89,12,520
20,1,0.89,13,496
20,1,0.89,14,469
20,1,0.89,15,412
20,1,0.89,16,411
20,1,0.89,17,371
20,1,0.89,18,350
20,1,0.89,19,353
20,1,0.89,20,348
20,1,0.89,21,323
20,1,0.89,22,321
20,1,0.89,23,308
20,1,0.89,24,280
20,1,0.89,25,298
20,1,0.89,26,267
20,1,0.89,27,271
20,1,0.89,28,292
20,1,0.89,29,254
20,1,0.89,30,241
20,1,0.89,31,254
20,1,0.89,32,238
20,1,0.89,33,278
20,1,0.89,34,255
20,1,0.89,35,214
20,1,0.89,36,238
20,1,0.89,37,243
20,1,0.89,38,243
20,1,0.89,39,230
20,1,0.89,40,234
20,1,0.89,41,254
20,1,0.89,42,228
20,1,0.89,43,226
20,1,0.89,44,210
20,1,0.89,45,202
20,1,0.89,46,259
20,1,0.89,47,241
20,1,0.89,48,212
20,1,0.89,49,211
20,1,0.89,50,208
20,1,0.89,51,216
20,1,0.89,52,242
20,1,0.89,53,252
20,1,0.89,54,241
20,1,0.89,55,232
20,1,0.89,56,241
20,1,0.89,57,217
20,1,0.89,58,220
20,1,0.89,59,226
20,1,0.89,60,254
20,1,0.89,61,237
20,1,0.89,62,214
20,1,0.89,63,250
20,1,0.89,64,284
20,1,0.89,65,244
20,1,0.89,66,286
20,1,0.89,67,236
20,1,0.89,68,241
20,1,0.89,69,267
20,1,0.89,70,233
20,1,0.89,71,256
20,1,0.89,72,267
20,1,0.89,73,305
20,1,0.89,74,276
20,1,0.89,75,232
20,1,0.89,76,266
20,1,0.89,77,257
20,1,0.89,78,267
20,1,0.89,79,271
20,1,0.89,80,266
20,1,0.89,81,238
20,1,0.89,82,262
20,1,0.89,83,288
20,1,0.89,84,255
20,1,0.89,85,298
20,1,0.89,86,300
20,1,0.89,87,269
20,1,0.89,88,270
20,1,0.89,89,314
20,1,0.89,90,275
20,1,0.89,91,319
20,1,0.89,92,303
20,1,0.89,93,315
20,1,0.89,94,291
20,1,0.89,95,314
20,1,0.89,96,315
20,1,0.89,97,348
20,1,0.89,98,336
20,1,0.89,99,336
20,1,0.89,100,344
20,1,0.89,101,351
20,1,0.89,102,345
20,1,0.89,103,360
20,1,0.89,104,391
20,1,0.89,105,430
20,1,0.89,106,413
20,1,0.89,107,403
20,1,0.89,108,430
20,1,0.89,109,441
20,1,0.89,110,470
20,1,0.89,111,459
20,1,0.89,112,463
20,1,0.89,113,481
20,1,0.89,114,533
20,1,0.89,115,530
20,1,0.89,116,534
20,1,0.89,117,576
20,1,0.89,118,551
20,1,0.89,119,595
20,1,0.89,120,647
20,1,0.89,121,726
20,1,0.89,122,787
20,1,0.89,123,828
20,1,0.89,124,907
20,1,0.89,125,1047
20,1,0.89,126,1221
20,1,0.89,127,1689
20,1,0.89,128,4441
21,0,0.15,0,30014
21,0,0.15,1,5202
21,0,0.15,2,3141
21,0,0.15,3,2341
21,0,0.15,4,1869
21,0,0.15,5,1545
21,0,0.15,6,1318
21,0,0.15,7,1136
21,0,0.15,8,1040
21,0,0.15,9,952
21,0,0.15,10,870
21,0,0.15,11,734
21,0,0.15,12,630
21,0,0.15,13,621
21,0,0.15,14,586
21,0,0.15,15,556
21,0,0.15,16,506
21,0,0.15,17,437
21,0,0.15,18,438
21,0,0.15,19,421
21,0,0.15,20,378
21,0,0.15,21,334
21,0,0.15,22,393
21,0,0.15,23,326
21,0,0.15,24,280
21,0,0.15,25,275
21,0,0.15,26,304
21,0,0.15,27,276
21,0,0.15,28,248
21,0,0.15,29,248
21,0,0.15,30,245
21,0,0.15,31,232
21,0,0.15,32,178
21,0,0.15,33,234
21,0,0.15,34,180
21,0,0.15,35,199
21,0,0.15,36,206
21,0,0.15,37,161
21,0,0.15,38,167
21,0,0.15,39,170
21,0,0.15,40,146
21,0,0.15,41,126
21,0,0.15,42,143
21,0,0.15,43,142
21,0,0.15,44,144
21,0,0.15,45,126
21,0,0.15,46,150
21,0,0.15,47,143
21,0,0.15,48,138
21,0,0.15,49,131
21,0,0.15,50,134
21,0,0.15,51,119
21,0,0.15,52,120
21,0,0.15,53,114
21,0,0.15,54,106
21,0,0.15,55,100
21,0,0.15,56,98
21,0,0.15,57,100
21,0,0.15,58,115
21,0,0.15,59,104
21,0,0.15,60,103
21,0,0.15,61,100
21,0,0.15,62,105
21,0,0.15,63,115
21,0,0.15,64,105
21,0,0.15,65,89
21,0,0.15,66,73
21,0,0.15,67,43
21,0,0.15,68,72
21,0,0.15,69,75
21,0,0.15,70,63
21,0,0.15,71,72
21,0,0.15,72,65
21,0,0.15,73,62
21,0,0.15,74,63
21,0,0.15,75,46
21,0,0.15,76,57
21,0,0.15,77,42
21,0,0.15,78,47
21,0,0.15,79,44
21,0,0.15,80,46
21,0,0.15,81,46
21,0,0.15,82,32
21,0,0.15,83,46
21,0,0.15,84,38
21,0,0.15,85,37
21,0,0.15,86,37
21,0,0.15,87,30
21,0,0.15,88,41
21,0,0.15,89,36
21,0,0.15,90,42
21,0,0.15,91,26
21,0,0.15,92,27
21,0,0.15,93,26
21,0,0.15,94,17
21,0,0.15,95,37
21,0,0.15,96,30
21,0,0.15,97,19
21,0,0.15,98,24
21,0,0.15,99,18
21,0,0.15,100,22
21,0,0.15,101,18
21,0,0.15,102,19
21,0,0.15,103,12
21,0,0.15,104,24
21,0,0.15,105,17
21,0,0.15,106,12
21,0,0.15,107,17
21,0,0.15,108,20
21,0,0.15,109,23
21,0,0.15,110,24
21,0,0.15,111,17
21,0,0.15,112,18
21,0,0.15,113,19
21,0,0.15,114,24
21,0,0.15,115,22
21,0,0.15,116,18
21,0,0.15,117,20
21,0,0.15,118,20
21,0,0.15,119,22
21,0,0.15,120,17
21,0,0.15,121,19
21,0,0.15,122,24
21,0,0.15,123,14
21,0,0.15,124,11
21,0,0.15,125,17
21,0,0.15,126,14
21,0,0.15,127,14
21,0,0.15,128,1032
21,0,0.5,0,22767
21,0,0.5,1,4294
21,0,0.5,2,2792
21,0,0.5,3,2104
21,0,0.5,4,1761
21,0,0.5,5,1456
21,0,0.5,6,1247
21,0,0.5,7,1132
21,0,0.5,8,1031
21,0,0.5,9,926
21,0,0.5,10,832
21,0,0.5,11,802
21,0,0.5,12,745
21,0,0.5,13,760
21,0,0.5,14,659
21,0,0.5,15,612
21,0,0.5,16,603
21,0,0.5,17,609
21,0,0.5,18,531
21,0,0.5,19,504
21,0,0.5,20,455
21,0,0.5,21,506
21,0,0.5,22,435
21,0,0.5,23,424
21,0,0.5,24,406
21,0,0.5,25,413
21,0,0.5,26,387
21,0,0.5,27,365
21,0,0.5,28,377
21,0,0.5,29,370
21,0,0.5,30,344
21,0,0.5,31,331
21,0,0.5,32,351
21,0,0.5,33,350
21,0,0.5,34,327
21,0,0.5,35,317
21,0,0.5,36,309
21,0,0.5,37,293
21,0,0.5,38,265
21,0,0.5,39,279
21,0,0.5,40,269
21,0,0.5,41,287
21,0,0.5,42,247
21,0,0.5,43,250
21,0,0.5,44,222
21,0,0.5,45,239
21,0,0.5,46,234
21,0,0.5,47,236
21,0,0.5,48,200
21,0,0.5,49,197
21,0,0.5,50,182
21,0,0.5,51,199
21,0,0.5,52,171
21,0,0.5,53,205
21,0,0.5,54,210
21,0,0.5,55,197
21,0,0.5,56,190
21,0,0.5,57,166
21,0,0.5,58,179
21,0,0.5,59,179
21,0,0.5,60,176
21,0,0.5,61,158
21,0,0.5,62,159
21,0,0.5,63,183
21,0,0.5,64,202
21,0,0.5,65,189
21,0,0.5,66,178
21,0,0.5,67,153
21,0,0.5,68,163
21,0,0.5,69,145
21,0,0.5,70,156
21,0,0.5,71,146
21,0,0.5,72,148
21,0,0.5,73,148
21,0,0.5,74,122
21,0,0.5,75,122
21,0,0.5,76,140
21,0,0.5,77,151
21,0,0.5,78,120
21,0,0.5,79,108
21,0,0.5,80,112
21,0,0.5,81,111
21,0,0.5,82,112
21,0,0.5,83,108
21,0,0.5,84,105
21,0,0.5,85,112
21,0,0.5,86,92
21,0,0.5,87,103
21,0,0.5,88,102
21,0,0.5,89,105
21,0,0.5,90,107
21,0,0.5,91,93
21,0,0.5,92,82
21,0,0.5,93,88
21,0,0.5,94,62
21,0,0.5,95,77
21,0,0.5,96,76
21,0,0.5,97,90
21,0,0.5,98,90
21,0,0.5,99,55
21,0,0.5,100,83
21,0,0.5,101,73
21,0,0.5,102,75
21,0,0.5,103,59
21,0,0.5,104,58
21,0,0.5,105,63
21,0,0.5,106,68
21,0,0.5,107,82
21,0,0.5,108,58
21,0,0.5,109,51
21,0,0.5,110,56
21,0,0.5,111,54
21,0,0.5,112,52
21,0,0.5,113,57
21,0,0.5,114,52
21,0,0.5,115,52
21,0,0.5,116,64
21,0,0.5,117,61
21,0,0.5,118,56
21,0,0.5,119,58
21,0,0.5,120,49
21,0,0.5,121,58
21,0,0.5,122,50
21,0,0.5,123,56
21,0,0.5,124,58
21,0,0.5,125,66
21,0,0.5,126,73
21,0,0.5,127,73
21,0,0.5,128,1142
21,0,0.9,0,7770
21,0,0.9,1,2616
21,0,0.9,2,1639
21,0,0.9,3,1317
21,0,0.9,4,1059
21,0,0.9,5,851
21,0,0.9,6,805
21,0,0.9,7,695
21,0,0.9,8,614
21,0,0.9,9,519
21,0,0.9,10,520
21,0,0.9,11,531
21,0,0.9,12,436
21,0,0.9,13,467
21,0,0.9,14,439
21,0,0.9,15,390
21,0,0.9,16,364
21,0,0.9,17,371
21,0,0.9,18,381
21,0,0.9,19,372
21,0,0.9,20,343
21,0,0.9,21,354
21,0,0.9,22,322
21,0,0.9,23,350
21,0,0.9,24,368
21,0,0.9,25,339
21,0,0.9,26,301
21,0,0.9,27,317
21,0,0.9,28,310
21,0,0.9,29,305
21,0,0.9,30,322
21,0,0.9,31,272
21,0,0.9,32,330
21,0,0.9,33,310
21,0,0.9,34,306
21,0,0.9,35,309
21,0,0.9,36,264
21,0,0.9,37,290
21,0,0.9,38,277
21,0,0.9,39,279
21,0,0.9,40,278
21,0,0.9,41,271
21,0,0.9,42,280
21,0,0.9,43,277
21,0,0.9,44,281
21,0,0.9,45,279
21,0,0.9,46,276
21,0,0.9,47,279
21,0,0.9,48,269
21,0,0.9,49,267
21,0,0.9,50,309
21,0,0.9,51,292
21,0,0.9,52,297
21,0,0.9,53,280
21,0,0.9,54,301
21,0,0.9,55,268
21,0,0.9,56,279
21,0,0.9,57,253
21,0,0.9,58,269
21,0,0.9,59,292
21,0,0.9,60,296
21,0,0.9,61,289
21,0,0.9,62,271
21,0,0.9,63,280
21,0,0.9,64,315
21,0,0.9,65,287
21,0,0.9,66,287
21,0,0.9,67,300
21,0,0.9,68,271
21,0,0.9,69,274
21,0,0.9,70,292
21,0,0.9,71,300
21,0,0.9,72,315
21,0,0.9,73,305
21,0,0.9,74,307
21,0,0.9,75,334
21,0,0.9,76,299
21,0,0.9,77,284
21,0,0.9,78,283
21,0,0.9,79,302
21,0,0.9,80,274
21,0,0.9,81,311
21,0,0.9,82,304
21,0,0.9,83,327
21,0,0.9,84,308
21,0,0.9,85,268
21,0,0.9,86,318
21,0,0.9,87,335
21,0,0.9,88,313
21,0,0.9,89,296
21,0,0.9,90,312
21,0,0.9,91,300
21,0,0.9,92,315
21,0,0.9,93,310
21,0,0.9,94,319
21,0,0.9,95,323
21,0,0.9,96,325
21,0,0.9,97,349
21,0,0.9,98,353
21,0,0.9,99,353
21,0,0.9,100,349
21,0,0.9,101,352
21,0,0.9,102,393
21,0,0.9,103,350
21,0,0.9,104,396
21,0,0.9,105,371
21,0,0.9,106,415
21,0,0.9,107,411
21,0,0.9,108,393
21,0,0.9,109,405
21,0,0.9,110,401
21,0,0.9,111,493
21,0,0.9,112,472
21,0,0.9,113,481
21,0,0.9,114,452
21,0,0.9,115,516
21,0,0.9,116,504
21,0,0.9,117,544
21,0,0.9,118,567
21,0,0.9,119,579
21,0,0.9,120,600
21,0,0.9,121,626
21,0,0.9,122,725
21,0,0.9,123,713
21,0,0.9,124,783
21,0,0.9,125,834
21,0,0.9,126,1048
21,0,0.9,127,1434
21,0,0.9,128,3704
21,1,0.14,0,29747
21,1,0.14,1,5218
21,1,0.14,2,3208
21,1,0.14,3,2404
21,1,0.14,4,1829
21,1,0.14,5,1503
21,1,0.14,6,1358
21,1,0.14,7,1130
21,1,0.14,8,1001
21,1,0.14,9,948
21,1,0.14,10,863
21,1,0.14,11,817
21,1,0.14,12,660
21,1,0.14,13,650
21,1,0.14,14,552
21,1,0.14,15,483
21,1,0.14,16,543
21,1,0.14,17,458
21,1,0.14,18,402
21,1,0.14,19,390
21,1,0.14,20,394
21,1,0.14,21,355
21,1,0.14,22,326
21,1,0.14,23,328
21,1,0.14,24,308
21,1,0.14,25,285
21,1,0.14,26,282
21,1,0.14,27,240
21,1,0.14,28,263
21,1,0.14,29,265
21,1,0.14,30,242
21,1,0.14,31,230
21,1,0.14,32,208
21,1,0.14,33,203
21,1,0.14,34,203
21,1,0.14,35,193
21,1,0.14,36,179
21,1,0.14,37,164
21,1,0.14,38,176
21,1,0.14,39,171
21,1,0.14,40,157
21,1,0.14,41,145
21,1,0.14,42,123
21,1,0.14,43,140
21,1,0.14,44,127
21,1,0.14,45,127
21,1,0.14,46,144
21,1,0.14,47,137
21,1,0.14,48,143
21,1,0.14,49,126
21,1,0.14,50,137
21,1,0.14,51,130
21,1,0.14,52,110
21,1,0.14,53,123
21,1,0.14,54,98
21,1,0.14,55,109
21,1,0.14,56,94
21,1,0.14,57,126
21,1,0.14,58,90
21,1,0.14,59,100
21,1,0.14,60,107
21,1,0.14,61,113
21,1,0.14,62,118
21,1,0.14,63,96
21,1,0.14,64,109
21,1,0.14,65,78
21,1,0.14,66,74
21,1,0.14,67,77
21,1,0.14,68,60
21,1,0.14,69,70
21,1,0.14,70,60
21,1,0.14,71,63
21,1,0.14,72,60
21,1,0.14,73,63
21,1,0.14,74,71
21,1,0.14,75,53
21,1,0.14,76,55
21,1,0.14,77,43
21,1,0.14,78,55
21,1,0.14,79,38
21,1,0.14,80,60
21,1,0.14,81,43
21,1,0.14,82,42
21,1,0.14,83,46
21,1,0.14,84,36
21,1,0.14,85,38
21,1,0.14,86,42
21,1,0.14,87,40
21,1,0.14,88,51
21,1,0.14,89,32
21,1,0.14,90,45
21,1,0.14,91,34
21,1,0.14,92,48
21,1,0.14,93,29
21,1,0.14,94,33
21,1,0.14,95,37
21,1,0.14,96,22
21,1,0.14,97,24
21,1,0.14,98,26
21,1,0.14,99,26
21,1,0.14,100,20
21,1,0.14,101,28
21,1,0.14,102,16
21,1,0.14,103,21
21,1,0.14,104,28
21,1,0.14,105,16
21,1,0.14,106,29
21,1,0.14,107,23
21,1,0.14,108,20
21,1,0.14,109,21
21,1,0.14,110,20
21,1,0.14,111,19
21,1,0.14,112,33
21,1,0.14,113,22
21,1,0.14,114,23
21,1,0.14,115,29
21,1,0.14,116,25
21,1,0.14,117,19
21,1,0.14,118,16
21,1,0.14,119,22
21,1,0.14,120,30
21,1,0.14,121,17
21,1,0.14,122,25
21,1,0.14,123,21
21,1,0.14,124,20
21,1,0.14,125,14
21,1,0.14,126,21
21,1,0.14,127,17
21,1,0.14,128,1039
21,1,0.49,0,22630
21,1,0.49,1,4354
21,1,0.49,2,2815
21,1,0.49,3,2010
21,1,0.49,4,1688
21,1,0.49,5,1530
21,1,0.49,6,1301
21,1,0.49,7,1122
21,1,0.49,8,1051
21,1,0.49,9,895
21,1,0.49,10,860
21,1,0.49,11,794
21,1,0.49,12,783
21,1,0.49,13,704
21,1,0.49,14,677
21,1,0.49,15,636
21,1,0.49,16,597
21,1,0.49,17,559
21,1,0.49,18,563
21,1,0.49,19,543
21,1,0.49,20,479
21,1,0.49,21,497
21,1,0.49,22,465
21,1,0.49,23,419
21,1,0.49,24,403
21,1,0.49,25,421
21,1,0.49,26,364
21,1,0.49,27,354
21,1,0.49,28,382
21,1,0.49,29,371
21,1,0.49,30,326
21,1,0.49,31,335
21,1,0.49,32,360
21,1,0.49,33,317
21,1,0.49,34,299
21,1,0.49,35,348
21,1,0.49,36,294
21,1,0.49,37,265
21,1,0.49,38,291
21,1,0.49,39,283
21,1,0.49,40,286
21,1,0.49,41,308
21,1,0.49,42,230
21,1,0.49,43,224
21,1,0.49,44,247
21,1,0.49,45,244
21,1,0.49,46,232
21,1,0.49,47,192
21,1,0.49,48,216
21,1,0.49,49,216
21,1,0.49,50,193
21,1,0.49,51,204
21,1,0.49,52,202
21,1,0.49,53,209
21,1,0.49,54,195
21,1,0.49,55,171
21,1,0.49,56,195
21,1,0.49,57,159
21,1,0.49,58,181
21,1,0.49,59,162
21,1,0.49,60,177
21,1,0.49,61,184
21,1,0.49,62,196
21,1,0.49,63,199
21,1,0.49,64,204
21,1,0.49,65,167
21,1,0.49,66,181
21,1,0.49,67,160
21,1,0.49,68,170
21,1,0.49,69,147
21,1,0.49,70,129
21,1,0.49,71,129
21,1,0.49,72,159
21,1,0.49,73,123
21,1,0.49,74,128
21,1,0.49,75,150
21,1,0.49,76,142
21,1,0.49,77,104
21,1,0.49,78,120
21,1,0.49,79,128
21,1,0.49,80,123
21,1,0.49,81,119
21,1,0.49,82,105
21,1,0.49,83,105
21,1,0.49,84,115
21,1,0.49,85,110
21,1,0.49,86,105
21,1,0.49,87,105
21,1,0.49,88,100
21,1,0.49,89,106
21,1,0.49,90,82
21,1,0.49,91,106
21,1,0.49,92,81
21,1,0.49,93,88
21,1,0.49,94,87
21,1,0.49,95,101
21,1,0.49,96,82
21,1,0.49,97,76
21,1,0.49,98,75
21,1,0.49,99,58
21,1,0.49,100,69
21,1,0.49,101,83
21,1,0.49,102,78
21,1,0.49,103,66
21,1,0.49,104,72
21,1,0.49,105,49
21,1,0.49,106,69
21,1,0.49,107,70
21,1,0.49,108,60
21,1,0.49,109,48
21,1,0.49,110,60
21,1,0.49,111,52
21,1,0.49,112,55
21,1,0.49,113,67
21,1,0.49,114,52
21,1,0.49,115,60
21,1,0.49,116,66
21,1,0.49,117,60
21,1,0.49,118,55
21,1,0.49,119,53
21,1,0.49,120,43
21,1,0.49,121,52
21,1,0.49,122,56
21,1,0.49,123,59
21,1,0.49,124,62
21,1,0.49,125,58
21,1,0.49,126,66
21,1,0.49,127,88
21,1,0.49,128,1131
21,1,0.89,0,7688
21,1,0.89,1,2738
21,1,0.89,2,1775
21,1,0.89,3,1298
21,1,0.89,4,1087
21,1,0.89,5,908
21,1,0.89,6,751
21,1,0.89,7,645
21,1,0.89,8,625
21,1,0.89,9,575
21,1,0.89,10,467
21,1,0.89,11,452
21,1,0.89,12,484
21,1,0.89,13,469
21,1,0.89,14,452
21,1,0.89,15,397
21,1,0.89,16,400
21,1,0.89,17,359
21,1,0.89,18,353
21,1,0.89,19,372
21,1,0.89,20,346
21,1,0.89,21,324
21,1,0.89,22,320
21,1,0.89,23,323
21,1,0.89,24,362
21,1,0.89,25,326
21,1,0.89,26,368
21,1,0.89,27,338
21,1,0.89,28,323
21,1,0.89,29,339
21,1,0.89,30,288
21,1,0.89,31,285
21,1,0.89,32,275
21,1,0.89,33,277
21,1,0.89,34,293
21,1,0.89,35,314
21,1,0.89,36,287
21,1,0.89,37,312
21,1,0.89,38,288
21,1,0.89,39,293
21,1,0.89,40,291
21,1,0.89,41,304
21,1,0.89,42,312
21,1,0.89,43,271
21,1,0.89,44,276
21,1,0.89,45,301
21,1,0.89,46,295
21,1,0.89,47,283
21,1,0.89,48,275
21,1,0.89,49,277
21,1,0.89,50,265
21,1,0.89,51,286
21,1,0.89,52,265
21,1,0.89,53,255
21,1,0.89,54,257
21,1,0.89,55,273
21,1,0.89,56,265
21,1,0.89,57,256
21,1,0.89,58,266
21,1,0.89,59,287
21,1,0.89,60,291
21,1,0.89,61,281
21,1,0.89,62,301
21,1,0.89,63,270
21,1,0.89,64,296
21,1,0.89,65,269
21,1,0.89,66,278
21,1,0.89,67,303
21,1,0.89,68,300
21,1,0.89,69,319
21,1,0.89,70,268
21,1,0.89,71,300
21,1,0.89,72,295
21,1,0.89,73,291
21,1,0.89,74,287
21,1,0.89,75,306
21,1,0.89,76,287
21,1,0.89,77,303
21,1,0.89,78,299
21,1,0.89,79,309
21,1,0.89,80,298
21,1,0.89,81,307
21,1,0.89,82,285
21,1,0.89,83,316
21,1,0.89,84,313
21,1,0.89,85,294
21,1,0.89,86,319
21,1,0.89,87,314
21,1,0.89,88,312
21,1,0.89,89,322
21,1,0.89,90,283
21,1,0.89,91,314
21,1,0.89,92,340
21,1,0.89,93,324
21,1,0.89,94,336
21,1,0.89,95,301
21,1,0.89,96,321
21,1,0.89,97,335
21,1,0.89,98,335
21,1,0.89,99,328
21,1,0.89,100,355
21,1,0.89,101,335
21,1,0.89,102,375
21,1,0.89,103,415
21,1,0.89,104,373
21,1,0.89,105,369
21,1,0.89,106,423
21,1,0.89,107,390
21,1,0.89,108,409
21,1,0.89,109,387
21,1,0.89,110,450
21,1,0.89,111,457
21,1,0.89,112,456
21,1,0.89,113,428
21,1,0.89,114,486
21,1,0.89,115,496
21,1,0.89,116,524
21,1,0.89,117,571
21,1,0.89,118,553
21,1,0.89,119,578
21,1,0.89,120,598
21,1,0.89,121,622
21,1,0.89,122,705
21,1,0.89,123,729
21,1,0.89,124,799
21,1,0.89,125,907
21,1,0.89,126,1021
21,1,0.89,127,1429
21,1,0.89,128,3610
22,0,0.15,0,27546
22,0,0.15,1,5545
22,0,0.15,2,3525
22,0,0.15,3,2622
22,0,0.15,4,2066
22,0,0.15,5,1678
22,0,0.15,6,1421
22,0,0.15,7,1233
22,0,0.15,8,1137
22,0,0.15,9,1004
22,0,0.15,10,883
22,0,0.15,11,815
22,0,0.15,12,707
22,0,0.15,13,707
22,0,0.15,14,654
22,0,0.15,15,590
22,0,0.15,16,546
22,0,0.15,17,498
22,0,0.15,18,471
22,0,0.15,19,450
22,0,0.15,20,388
22,0,0.15,21,378
22,0,0.15,22,356
22,0,0.15,23,348
22,0,0.15,24,341
22,0,0.15,25,309
22,0,0.15,26,308
22,0,0.15,27,296
22,0,0.15,28,258
22,0,0.15,29,241
22,0,0.15,30,253
22,0,0.15,31,255
22,0,0.15,32,245
22,0,0.15,33,210
22,0,0.15,34,223
22,0,0.15,35,228
22,0,0.15,36,214
22,0,0.15,37,209
22,0,0.15,38,190
22,0,0.15,39,177
22,0,0.15,40,172
22,0,0.15,41,156
22,0,0.15,42,139
22,0,0.15,43,150
22,0,0.15,44,151
22,0,0.15,45,148
22,0,0.15,46,152
22,0,0.15,47,151
22,0,0.15,48,118
22,0,0.15,49,114
22,0,0.15,50,129
22,0,0.15,51,135
22,0,0.15,52,101
22,0,0.15,53,116
22,0,0.15,54,110
22,0,0.15,55,114
22,0,0.15,56,102
22,0,0.15,57,102
22,0,0.15,58,114
22,0,0.15,59,78
22,0,0.15,60,109
22,0,0.15,61,92
22,0,0.15,62,81
22,0,0.15,63,82
22,0,0.15,64,122
22,0,0.15,65,79
22,0,0.15,66,86
22,0,0.15,67,88
22,0,0.15,68,84
22,0,0.15,69,65
22,0,0.15,70,72
22,0,0.15,71,68
22,0,0.15,72,52
22,0,0.15,73,58
22,0,0.15,74,38
22,0,0.15,75,46
22,0,0.15,76,46
22,0,0.15,77,41
22,0,0.15,78,43
22,0,0.15,79,48
22,0,0.15,80,48
22,0,0.15,81,29
22,0,0.15,82,27
22,0,0.15,83,42
22,0,0.15,84,38
22,0,0.15,85,31
22,0,0.15,86,42
22,0,0.15,87,32
22,0,0.15,88,34
22,0,0.15,89,29
22,0,0.15,90,33
22,0,0.15,91,32
22,0,0.15,92,30
22,0,0.15,93,28
22,0,0.15,94,21
22,0,0.15,95,29
22,0,0.15,96,20
22,0,0.15,97,24
22,0,0.15,98,21
22,0,0.15,99,26
22,0,0.15,100,18
22,0,0.15,101,18
22,0,0.15,102,14
22,0,0.15,103,23
22,0,0.15,104,24
22,0,0.15,105,21
22,0,0.15,106,19
22,0,0.15,107,13
22,0,0.15,108,15
22,0,0.15,109,14
22,0,0.15,110,11
22,0,0.15,111,23
22,0,0.15,112,13
22,0,0.15,113,13
22,0,0.15,114,16
22,0,0.15,115,18
22,0,0.15,116,21
22,0,0.15,117,17
22,0,0.15,118,16
22,0,0.15,119,16
22,0,0.15,120,14
22,0,0.15,121,14
22,0,0.15,122,16
22,0,0.15,123,10
22,0,0.15,124,5
22,0,0.15,125,4
22,0,0.15,126,3
22,0,0.15,127,9
22,0,0.15,128,1025
22,0,0.5,0,19246
22,0,0.5,1,4438
22,0,0.5,2,2971
22,0,0.5,3,2257
22,0,0.5,4,2000
22,0,0.5,5,1604
22,0,0.5,6,1451
22,0,0.5,7,1280
22,0,0.5,8,1258
22,0,0.5,9,1050
22,0,0.5,10,913
22,0,0.5,11,928
22,0,0.5,12,875
22,0,0.5,13,805
22,0,0.5,14,770
22,0,0.5,15,712
22,0,0.5,16,680
22,0,0.5,17,654
22,0,0.5,18,626
22,0,0.5,19,602
22,0,0.5,20,550
22,0,0.5,21,565
22,0,0.5,22,499
22,0,0.5,23,517
22,0,0.5,24,477
22,0,0.5,25,454
22,0,0.5,26,427
22,0,0.5,27,400
22,0,0.5,28,405
22,0,0.5,29,383
22,0,0.5,30,349
22,0,0.5,31,345
22,0,0.5,32,382
22,0,0.5,33,336
22,0,0.5,34,347
22,0,0.5,35,300
22,0,0.5,36,312
22,0,0.5,37,323
22,0,0.5,38,309
22,0,0.5,39,289
22,0,0.5,40,288
22,0,0.5,41,301
22,0,0.5,42,259
22,0,0.5,43,248
22,0,0.5,44,240
22,0,0.5,45,258
22,0,0.5,46,241
22,0,0.5,47,261
22,0,0.5,48,232
22,0,0.5,49,198
22,0,0.5,50,197
22,0,0.5,51,210
22,0,0.5,52,185
22,0,0.5,53,218
22,0,0.5,54,186
22,0,0.5,55,195
22,0,0.5,56,187
22,0,0.5,57,209
22,0,0.5,58,181
22,0,0.5,59,192
22,0,0.5,60,202
22,0,0.5,61,166
22,0,0.5,62,171
22,0,0.5,63,183
22,0,0.5,64,168
22,0,0.5,65,179
22,0,0.5,66,197
22,0,0.5,67,205
22,0,0.5,68,157
22,0,0.5,69,149
22,0,0.5,70,178
22,0,0.5,71,145
22,0,0.5,72,164
22,0,0.5,73,134
22,0,0.5,74,158
22,0,0.5,75,152
22,0,0.5,76,142
22,0,0.5,77,118
22,0,0.5,78,125
22,0,0.5,79,115
22,0,0.5,80,132
22,0,0.5,81,110
22,0,0.5,82,109
22,0,0.5,83,123
22,0,0.5,84,106
22,0,0.5,85,99
22,0,0.5,86,110
22,0,0.5,87,111
22,0,0.5,88,105
22,0,0.5,89,108
22,0,0.5,90,98
22,0,0.5,91,92
22,0,0.5,92,102
22,0,0.5,93,102
22,0,0.5,94,100
22,0,0.5,95,76
22,0,0.5,96,80
22,0,0.5,97,74
22,0,0.5,98,70
22,0,0.5,99,88
22,0,0.5,100,78
22,0,0.5,101,79
22,0,0.5,102,70
22,0,0.5,103,66
22,0,0.5,104,58
22,0,0.5,105,68
22,0,0.5,106,67
22,0,0.5,107,64
22,0,0.5,108,67
22,0,0.5,109,65
22,0,0.5,110,60
22,0,0.5,111,55
22,0,0.5,112,67
22,0,0.5,113,51
22,0,0.5,114,57
22,0,0.5,115,67
22,0,0.5,116,52
22,0,0.5,117,61
22,0,0.5,118,49
22,0,0.5,119,47
22,0,0.5,120,44
22,0,0.5,121,47
22,0,0.5,122,53
22,0,0.5,123,49
22,0,0.5,124,45
22,0,0.5,125,64
22,0,0.5,126,59
22,0,0.5,127,63
22,0,0.5,128,1086
22,0,0.9,0,5326
22,0,0.9,1,2142
22,0,0.9,2,1401
22,0,0.9,3,1105
22,0,0.9,4,934
22,0,0.9,5,798
22,0,0.9,6,724
22,0,0.9,7,596
22,0,0.9,8,554
22,0,0.9,9,558
22,0,0.9,10,489
22,0,0.9,11,468
22,0,0.9,12,444
22,0,0.9,13,441
22,0,0.9,14,417
22,0,0.9,15,435
22,0,0.9,16,405
22,0,0.9,17,373
22,0,0.9,18,377
22,0,0.9,19,374
22,0,0.9,20,336
22,0,0.9,21,352
22,0,0.9,22,342
22,0,0.9,23,357
22,0,0.9,24,331
22,0,0.9,25,367
22,0,0.9,26,338
22,0,0.9,27,363
22,0,0.9,28,353
22,0,0.9,29,323
22,0,0.9,30,361
22,0,0.9,31,328
22,0,0.9,32,309
22,0,0.9,33,310
22,0,0.9,34,337
22,0,0.9,35,316
22,0,0.9,36,332
22,0,0.9,37,318
22,0,0.9,38,353
22,0,0.9,39,349
22,0,0.9,40,323
22,0,0.9,41,343
22,0,0.9,42,342
22,0,0.9,43,345
22,0,0.9,44,323
22,0,0.9,45,340
22,0,0.9,46,303
22,0,0.9,47,333
22,0,0.9,48,321
22,0,0.9,49,304
22,0,0.9,50,328
22,0,0.9,51,326
22,0,0.9,52,326
22,0,0.9,53,330
22,0,0.9,54,295
22,0,0.9,55,316
22,0,0.9,56,293
22,0,0.9,57,345
22,0,0.9,58,318
22,0,0.9,59,292
22,0,0.9,60,310
22,0,0.9,61,301
22,0,0.9,62,306
22,0,0.9,63,316
22,0,0.9,64,344
22,0,0.9,65,296
22,0,0.9,66,350
22,0,0.9,67,345
22,0,0.9,68,341
22,0,0.9,69,356
22,0,0.9,70,316
22,0,0.9,71,328
22,0,0.9,72,337
22,0,0.9,73,376
22,0,0.9,74,335
22,0,0.9,75,360
22,0,0.9,76,358
22,0,0.9,77,345
22,0,0.9,78,338
22,0,0.9,79,336
22,0,0.9,80,376
22,0,0.9,81,315
22,0,0.9,82,355
22,0,0.9,83,372
22,0,0.9,84,355
22,0,0.9,85,369
22,0,0.9,86,320
22,0,0.9,87,366
22,0,0.9,88,352
22,0,0.9,89,368
22,0,0.9,90,348
22,0,0.9,91,389
22,0,0.9,92,346
22,0,0.9,93,401
22,0,0.9,94,399
22,0,0.9,95,400
22,0,0.9,96,409
22,0,0.9,97,372
22,0,0.9,98,414
22,0,0.9,99,380
22,0,0.9,100,425
22,0,0.9,101,367
22,0,0.9,102,413
22,0,0.9,103,398
22,0,0.9,104,438
22,0,0.9,105,415
22,0,0.9,106,436
22,0,0.9,107,447
22,0,0.9,108,443
22,0,0.9,109,446
22,0,0.9,110,456
22,0,0.9,111,468
22,0,0.9,112,494
22,0,0.9,113,490
22,0,0.9,114,510
22,0,0.9,115,518
22,0,0.9,116,534
22,0,0.9,117,548
22,0,0.9,118,598
22,0,0.9,119,579
22,0,0.9,120,598
22,0,0.9,121,649
22,0,0.9,122,688
22,0,0.9,123,732
22,0,0.9,124,823
22,0,0.9,125,882
22,0,0.9,126,1078
22,0,0.9,127,1446
22,0,0.9,128,3535
22,1,0.14,0,27438
22,1,0.14,1,5510
22,1,0.14,2,3427
22,1,0.14,3,2669
22,1,0.14,4,2061
22,1,0.14,5,1675
22,1,0.14,6,1447
22,1,0.14,7,1257
22,1,0.14,8,1121
22,1,0.14,9,955
22,1,0.14,10,903
22,1,0.14,11,845
22,1,0.14,12,715
22,1,0.14,13,675
22,1,0.14,14,596
22,1,0.14,15,598
22,1,0.14,16,498
22,1,0.14,17,509
22,1,0.14,18,459
22,1,0.14,19,446
22,1,0.14,20,393
22,1,0.14,21,389
22,1,0.14,22,396
22,1,0.14,23,331
22,1,0.14,24,355
22,1,0.14,25,301
22,1,0.14,26,298
22,1,0.14,27,268
22,1,0.14,28,279
22,1,0.14,29,233
22,1,0.14,30,262
22,1,0.14,31,224
22,1,0.14,32,244
22,1,0.14,33,239
22,1,0.14,34,228
22,1,0.14,35,205
22,1,0.14,36,193
22,1,0.14,37,208
22,1,0.14,38,170
22,1,0.14,39,167
22,1,0.14,40,183
22,1,0.14,41,177
22,1,0.14,42,158
22,1,0.14,43,148
22,1,0.14,44,164
22,1,0.14,45,130
22,1,0.14,46,139
22,1,0.14,47,136
22,1,0.14,48,124
22,1,0.14,49,110
22,1,0.14,50,118
22,1,0.14,51,118
22,1,0.14,52,106
22,1,0.14,53,117
22,1,0.14,54,113
22,1,0.14,55,120
22,1,0.14,56,101
22,1,0.14,57,96
22,1,0.14,58,99
22,1,0.14,59,94
22,1,0.14,60,100
22,1,0.14,61,100
22,1,0.14,62,90
22,1,0.14,63,86
22,1,0.14,64,112
22,1,0.14,65,116
22,1,0.14,66,82
22,1,0.14,67,83
22,1,0.14,68,90
22,1,0.14,69,70
22,1,0.14,70,74
22,1,0.14,71,67
22,1,0.14,72,65
22,1,0.14,73,66
22,1,0.14,74,61
22,1,0.14,75,50
22,1,0.14,76,43
22,1,0.14,77,47
22,1,0.14,78,50
22,1,0.14,79,47
22,1,0.14,80,31
22,1,0.14,81,38
22,1,0.14,82,46
22,1,0.14,83,48
22,1,0.14,84,35
22,1,0.14,85,49
22,1,0.14,86,29
22,1,0.14,87,45
22,1,0.14,88,40
22,1,0.14,89,36
22,1,0.14,90,31
22,1,0.14,91,29
22,1,0.14,92,33
22,1,0.14,93,35
22,1,0.14,94,24
22,1,0.14,95,28
22,1,0.14,96,29
22,1,0.14,97,36
22,1,0.14,98,27
22,1,0.14,99,26
22,1,0.14,100,27
22,1,0.14,101,34
22,1,0.14,102,23
22,1,0.14,103,31
22,1,0.14,104,21
22,1,0.14,105,24
22,1,0.14,106,16
22,1,0.14,107,27
22,1,0.14,108,26
22,1,0.14,109,16
22,1,0.14,110,17
22,1,0.14,111,16
22,1,0.14,112,21
22,1,0.14,113,10
22,1,0.14,114,24
22,1,0.14,115,20
22,1,0.14,116,23
22,1,0.14,117,26
22,1,0.14,118,30
22,1,0.14,119,22
22,1,0.14,120,25
22,1,0.14,121,22
22,1,0.14,122,19
22,1,0.14,123,16
22,1,0.14,124,10
22,1,0.14,125,10
22,1,0.14,126,7
22,1,0.14,127,9
22,1,0.14,128,1032
22,1,0.49,0,19207
22,1,0.49,1,4362
22,1,0.49,2,3059
22,1,0.49,3,2338
22,1,0.49,4,1864
22,1,0.49,5,1597
22,1,0.49,6,1450
22,1,0.49,7,1351
22,1,0.49,8,1210
22,1,0.49,9,1088
22,1,0.49,10,929
22,1,0.49,11,943
22,1,0.49,12,859
22,1,0.49,13,824
22,1,0.49,14,778
22,1,0.49,15,655
22,1,0.49,16,653
22,1,0.49,17,660
22,1,0.49,18,623
22,1,0.49,19,590
22,1,0.49,20,555
22,1,0.49,21,537
22,1,0.49,22,510
22,1,0.49,23,501
22,1,0.49,24,510
22,1,0.49,25,450
22,1,0.49,26,435
22,1,0.49,27,398
22,1,0.49,28,401
22,1,0.49,29,382
22,1,0.49,30,358
22,1,0.49,31,354
22,1,0.49,32,379
22,1,0.49,33,331
22,1,0.49,34,360
22,1,0.49,35,296
22,1,0.49,36,326
22,1,0.49,37,294
22,1,0.49,38,277
22,1,0.49,39,293
22,1,0.49,40,296
22,1,0.49,41,270
22,1,0.49,42,297
22,1,0.49,43,266
22,1,0.49,44,279
22,1,0.49,45,256
22,1,0.49,46,246
22,1,0.49,47,234
22,1,0.49,48,227
22,1,0.49,49,228
22,1,0.49,50,175
22,1,0.49,51,206
22,1,0.49,52,199
22,1,0.49,53,237
22,1,0.49,54,178
22,1,0.49,55,191
22,1,0.49,56,211
22,1,0.49,57,193
22,1,0.49,58,180
22,1,0.49,59,184
22,1,0.49,60,186
22,1,0.49,61,172
22,1,0.49,62,179
22,1,0.49,63,186
22,1,0.49,64,196
22,1,0.49,65,187
22,1,0.49,66,186
22,1,0.49,67,167
22,1,0.49,68,185
22,1,0.49,69,158
22,1,0.49,70,152
22,1,0.49,71,161
22,1,0.49,72,153
22,1,0.49,73,122
22,1,0.49,74,156
22,1,0.49,75,146
22,1,0.49,76,144
22,1,0.49,77,131
22,1,0.49,78,126
22,1,0.49,79,116
22,1,0.49,80,118
22,1,0.49,81,120
22,1,0.49,82,105
22,1,0.49,83,103
22,1,0.49,84,107
22,1,0.49,85,136
22,1,0.49,86,120
22,1,0.49,87,121
22,1,0.49,88,103
22,1,0.49,89,94
22,1,0.49,90,107
22,1,0.49,91,95
22,1,0.49,92,93
22,1,0.49,93,88
22,1,0.49,94,90
22,1,0.49,95,86
22,1,0.49,96,83
22,1,0.49,97,81
22,1,0.49,98,89
22,1,0.49,99,67
22,1,0.49,100,70
22,1,0.49,101,75
22,1,0.49,102,88
22,1,0.49,103,74
22,1,0.49,104,66
22,1,0.49,105,65
22,1,0.49,106,65
22,1,0.49,107,59
22,1,0.49,108,68
22,1,0.49,109,61
22,1,0.49,110,56
22,1,0.49,111,58
22,1,0.49,112,67
22,1,0.49,113,55
22,1,0.49,114,54
22,1,0.49,115,60
22,1,0.49,116,46
22,1,0.49,117,55
22,1,0.49,118,65
22,1,0.49,119,59
22,1,0.49,120,54
22,1,0.49,121,53
22,1,0.49,122,48
22,1,0.49,123,48
22,1,0.49,124,50
22,1,0.49,125,64
22,1,0.49,126,57
22,1,0.49,127,63
22,1,0.49,128,1078
22,1,0.89,0,5302
22,1,0.89,1,2171
22,1,0.89,2,1384
22,1,0.89,3,1076
22,1,0.89,4,897
22,1,0.89,5,798
22,1,0.89,6,701
22,1,0.89,7,621
22,1,0.89,8,595
22,1,0.89,9,524
22,1,0.89,10,507
22,1,0.89,11,508
22,1,0.89,12,457
22,1,0.89,13,447
22,1,0.89,14,419
22,1,0.89,15,402
22,1,0.89,16,410
22,1,0.89,17,399
22,1,0.89,18,368
22,1,0.89,19,355
22,1,0.89,20,381
22,1,0.89,21,362
22,1,0.89,22,364
22,1,0.89,23,319
22,1,0.89,24,315
22,1,0.89,25,348
22,1,0.89,26,343
22,1,0.89,27,347
22,1,0.89,28,311
22,1,0.89,29,377
22,1,0.89,30,374
22,1,0.89,31,332
22,1,0.89,32,374
22,1,0.89,33,333
22,1,0.89,34,340
22,1,0.89,35,329
22,1,0.89,36,278
22,1,0.89,37,353
22,1,0.89,38,354
22,1,0.89,39,317
22,1,0.89,40,323
22,1,0.89,41,346
22,1,0.89,42,326
22,1,0.89,43,318
22,1,0.89,44,309
22,1,0.89,45,347
22,1,0.89,46,349
22,1,0.89,47,272
22,1,0.89,48,328
22,1,0.89,49,350
22,1,0.89,50,339
22,1,0.89,51,305
22,1,0.89,52,301
22,1,0.89,53,330
22,1,0.89,54,309
22,1,0.89,55,345
22,1,0.89,56,330
22,1,0.89,57,298
22,1,0.89,58,347
22,1,0.89,59,343
22,1,0.89,60,313
22,1,0.89,61,311
22,1,0.89,62,319
22,1,0.89,63,336
22,1,0.89,64,339
22,1,0.89,65,337
22,1,0.89,66,319
22,1,0.89,67,323
22,1,0.89,68,335
22,1,0.89,69,362
22,1,0.89,70,320
22,1,0.89,71,373
22,1,0.89,72,293
22,1,0.89,73,322
22,1,0.89,74,333
22,1,0.89,75,334
22,1,0.89,76,341
22,1,0.89,77,359
22,1,0.89,78,366
22,1,0.89,79,346
22,1,0.89,80,375
22,1,0.89,81,383
22,1,0.89,82,341
22,1,0.89,83,348
22,1,0.89,84,382
22,1,0.89,85,331
22,1,0.89,86,330
22,1,0.89,87,358
22,1,0.89,88,344
22,1,0.89,89,336
22,1,0.89,90,384
22,1,0.89,91,377
22,1,0.89,92,344
22,1,0.89,93,387
22,1,0.89,94,380
22,1,0.89,95,399
22,1,0.89,96,403
22,1,0.89,97,374
22,1,0.89,98,412
22,1,0.89,99,375
22,1,0.89,100,426
22,1,0.89,101,426
22,1,0.89,102,421
22,1,0.89,103,435
22,1,0.89,104,412
22,1,0.89,105,422
22,1,0.89,106,446
22,1,0.89,107,452
22,1,0.89,108,431
22,1,0.89,109,434
22,1,0.89,110,455
22,1,0.89,111,511
22,1,0.89,112,490
22,1,0.89,113,487
22,1,0.89,114,447
22,1,0.89,115,562
22,1,0.89,116,563
22,1,0.89,117,583
22,1,0.89,118,590
22,1,0.89,119,590
22,1,0.89,120,638
22,1,0.89,121,607
22,1,0.89,122,639
22,1,0.89,123,697
22,1,0.89,124,804
22,1,0.89,125,891
22,1,0.89,126,1066
22,1,0.89,127,1376
22,1,0.89,128,3484
23,0,0.15,0,26295
23,0,0.15,1,5926
23,0,0.15,2,3856
23,0,0.15,3,2756
23,0,0.15,4,2290
23,0,0.15,5,1758
23,0,0.15,6,1563
23,0,0.15,7,1341
23,0,0.15,8,1245
23,0,0.15,9,1112
23,0,0.15,10,936
23,0,0.15,11,829
23,0,0.15,12,812
23,0,0.15,13,776
23,0,0.15,14,647
23,0,0.15,15,629
23,0,0.15,16,575
23,0,0.15,17,486
23,0,0.15,18,489
23,0,0.15,19,479
23,0,0.15,20,437
23,0,0.15,21,408
23,0,0.15,22,369
23,0,0.15,23,354
23,0,0.15,24,320
23,0,0.15,25,309
23,0,0.15,26,301
23,0,0.15,27,284
23,0,0.15,28,234
23,0,0.15,29,251
23,0,0.15,30,244
23,0,0.15,31,219
23,0,0.15,32,222
23,0,0.15,33,218
23,0,0.15,34,219
23,0,0.15,35,185
23,0,0.15,36,193
23,0,0.15,37,176
23,0,0.15,38,171
23,0,0.15,39,178
23,0,0.15,40,149
23,0,0.15,41,161
23,0,0.15,42,144
23,0,0.15,43,142
23,0,0.15,44,143
23,0,0.15,45,121
23,0,0.15,46,109
23,0,0.15,47,110
23,0,0.15,48,121
23,0,0.15,49,99
23,0,0.15,50,111
23,0,0.15,51,106
23,0,0.15,52,108
23,0,0.15,53,115
23,0,0.15,54,105
23,0,0.15,55,98
23,0,0.15,56,96
23,0,0.15,57,110
23,0,0.15,58,87
23,0,0.15,59,86
23,0,0.15,60,89
23,0,0.15,61,82
23,0,0.15,62,113
23,0,0.15,63,93
23,0,0.15,64,131
23,0,0.15,65,74
23,0,0.15,66,71
23,0,0.15,67,66
23,0,0.15,68,61
23,0,0.15,69,65
23,0,0.15,70,51
23,0,0.15,71,44
23,0,0.15,72,57
23,0,0.15,73,54
23,0,0.15,74,46
23,0,0.15,75,43
23,0,0.15,76,40
23,0,0.15,77,42
23,0,0.15,78,30
23,0,0.15,79,36
23,0,0.15,80,40
23,0,0.15,81,30
23,0,0.15,82,28
23,0,0.15,83,32
23,0,0.15,84,28
23,0,0.15,85,22
23,0,0.15,86,44
23,0,0.15,87,20
23,0,0.15,88,18
23,0,0.15,89,30
23,0,0.15,90,21
23,0,0.15,91,24
23,0,0.15,92,17
23,0,0.15,93,22
23,0,0.15,94,15
23,0,0.15,95,16
23,0,0.15,96,19
23,0,0.15,97,14
23,0,0.15,98,17
23,0,0.15,99,22
23,0,0.15,100,21
23,0,0.15,101,15
23,0,0.15,102,21
23,0,0.15,103,18
23,0,0.15,104,8
23,0,0.15,105,18
23,0,0.15,106,21
23,0,0.15,107,18
23,0,0.15,108,9
23,0,0.15,109,13
23,0,0.15,110,8
23,0,0.15,111,7
23,0,0.15,112,16
23,0,0.15,113,13
23,0,0.15,114,10
23,0,0.15,115,10
23,0,0.15,116,15
23,0,0.15,117,14
23,0,0.15,118,9
23,0,0.15,119,7
23,0,0.15,120,11
23,0,0.15,121,15
23,0,0.15,122,11
23,0,0.15,123,3
23,0,0.15,124,7
23,0,0.15,125,8
23,0,0.15,126,2
23,0,0.15,127,2
23,0,0.15,128,1026
23,0,0.5,0,18366
23,0,0.5,1,4370
23,0,0.5,2,3021
23,0,0.5,3,2370
23,0,0.5,4,1964
23,0,0.5,5,1811
23,0,0.5,6,1540
23,0,0.5,7,1371
23,0,0.5,8,1204
23,0,0.5,9,1152
23,0,0.5,10,1046
23,0,0.5,11,1000
23,0,0.5,12,857
23,0,0.5,13,881
23,0,0.5,14,844
23,0,0.5,15,803
23,0,0.5,16,671
23,0,0.5,17,647
23,0,0.5,18,654
23,0,0.5,19,657
23,0,0.5,20,570
23,0,0.5,21,560
23,0,0.5,22,545
23,0,0.5,23,542
23,0,0.5,24,524
23,0,0.5,25,475
23,0,0.5,26,529
23,0,0.5,27,448
23,0,0.5,28,448
23,0,0.5,29,420
23,0,0.5,30,374
23,0,0.5,31,393
23,0,0.5,32,366
23,0,0.5,33,347
23,0,0.5,34,370
23,0,0.5,35,359
23,0,0.5,36,302
23,0,0.5,37,290
23,0,0.5,38,323
23,0,0.5,39,287
23,0,0.5,40,325
23,0,0.5,41,336
23,0,0.5,42,289
23,0,0.5,43,269
23,0,0.5,44,290
23,0,0.5,45,270
23,0,0.5,46,241
23,0,0.5,47,251
23,0,0.5,48,276
23,0,0.5,49,221
23,0,0.5,50,246
23,0,0.5,51,223
23,0,0.5,52,220
23,0,0.5,53,223
23,0,0.5,54,213
23,0,0.5,55,201
23,0,0.5,56,197
23,0,0.5,57,209
23,0,0.5,58,199
23,0,0.5,59,181
23,0,0.5,60,196
23,0,0.5,61,182
23,0,0.5,62,164
23,0,0.5,63,171
23,0,0.5,64,204
23,0,0.5,65,225
23,0,0.5,66,177
23,0,0.5,67,160
23,0,0.5,68,145
23,0,0.5,69,155
23,0,0.5,70,149
23,0,0.5,71,142
23,0,0.5,72,129
23,0,0.5,73,150
23,0,0.5,74,116
23,0,0.5,75,137
23,0,0.5,76,127
23,0,0.5,77,106
23,0,0.5,78,122
23,0,0.5,79,90
23,0,0.5,80,105
23,0,0.5,81,104
23,0,0.5,82,113
23,0,0.5,83,101
23,0,0.5,84,90
23,0,0.5,85,85
23,0,0.5,86,85
23,0,0.5,87,88
23,0,0.5,88,82
23,0,0.5,89,64
23,0,0.5,90,78
23,0,0.5,91,81
23,0,0.5,92,87
23,0,0.5,93,67
23,0,0.5,94,63
23,0,0.5,95,74
23,0,0.5,96,72
23,0,0.5,97,54
23,0,0.5,98,51
23,0,0.5,99,51
23,0,0.5,100,62
23,0,0.5,101,52
23,0,0.5,102,56
23,0,0.5,103,49
23,0,0.5,104,40
23,0,0.5,105,47
23,0,0.5,106,39
23,0,0.5,107,43
23,0,0.5,108,50
23,0,0.5,109,54
23,0,0.5,110,44
23,0,0.5,111,31
23,0,0.5,112,40
23,0,0.5,113,50
23,0,0.5,114,34
23,0,0.5,115,35
23,0,0.5,116,37
23,0,0.5,117,31
23,0,0.5,118,35
23,0,0.5,119,43
23,0,0.5,120,40
23,0,0.5,121,37
23,0,0.5,122,39
23,0,0.5,123,37
23,0,0.5,124,40
23,0,0.5,125,37
23,0,0.5,126,56
23,0,0.5,127,63
23,0,0.5,128,1092
23,0,0.9,0,5250
23,0,0.9,1,2406
23,0,0.9,2,1368
23,0,0.9,3,1035
23,0,0.9,4,867
23,0,0.9,5,759
23,0,0.9,6,637
23,0,0.9,7,567
23,0,0.9,8,520
23,0,0.9,9,517
23,0,0.9,10,477
23,0,0.9,11,468
23,0,0.9,12,423
23,0,0.9,13,444
23,0,0.9,14,400
23,0,0.9,15,440
23,0,0.9,16,388
23,0,0.9,17,412
23,0,0.9,18,398
23,0,0.9,19,393
23,0,0.9,20,361
23,0,0.9,21,354
23,0,0.9,22,384
23,0,0.9,23,329
23,0,0.9,24,336
23,0,0.9,25,329
23,0,0.9,26,332
23,0,0.9,27,328
23,0,0.9,28,344
23,0,0.9,29,355
23,0,0.9,30,330
23,0,0.9,31,320
23,0,0.9,32,326
23,0,0.9,33,336
23,0,0.9,34,303
23,0,0.9,35,323
23,0,0.9,36,304
23,0,0.9,37,304
23,0,0.9,38,303
23,0,0.9,39,311
23,0,0.9,40,324
23,0,0.9,41,348
23,0,0.9,42,332
23,0,0.9,43,318
23,0,0.9,44,332
23,0,0.9,45,299
23,0,0.9,46,331
23,0,0.9,47,306
23,0,0.9,48,303
23,0,0.9,49,300
23,0,0.9,50,316
23,0,0.9,51,302
23,0,0.9,52,327
23,0,0.9,53,309
23,0,0.9,54,323
23,0,0.9,55,317
23,0,0.9,56,340
23,0,0.9,57,330
23,0,0.9,58,332
23,0,0.9,59,305
23,0,0.9,60,316
23,0,0.9,61,345
23,0,0.9,62,324
23,0,0.9,63,321
23,0,0.9,64,335
23,0,0.9,65,349
23,0,0.9,66,336
23,0,0.9,67,343
23,0,0.9,68,315
23,0,0.9,69,322
23,0,0.9,70,342
23,0,0.9,71,355
23,0,0.9,72,353
23,0,0.9,73,377
23,0,0.9,74,362
23,0,0.9,75,374
23,0,0.9,76,335
23,0,0.9,77,366
23,0,0.9,78,355
23,0,0.9,79,369
23,0,0.9,80,382
23,0,0.9,81,377
23,0,0.9,82,376
23,0,0.9,83,389
23,0,0.9,84,362
23,0,0.9,85,382
23,0,0.9,86,375
23,0,0.9,87,356
23,0,0.9,88,410
23,0,0.9,89,394
23,0,0.9,90,393
23,0,0.9,91,392
23,0,0.9,92,427
23,0,0.9,93,421
23,0,0.9,94,437
23,0,0.9,95,428
23,0,0.9,96,430
23,0,0.9,97,389
23,0,0.9,98,402
23,0,0.9,99,438
23,0,0.9,100,457
23,0,0.9,101,454
23,0,0.9,102,409
23,0,0.9,103,432
23,0,0.9,104,428
23,0,0.9,105,444
23,0,0.9,106,428
23,0,0.9,107,462
23,0,0.9,108,515
23,0,0.9,109,507
23,0,0.9,110,483
23,0,0.9,111,539
23,0,0.9,112,552
23,0,0.9,113,550
23,0,0.9,114,535
23,0,0.9,115,530
23,0,0.9,116,580
23,0,0.9,117,607
23,0,0.9,118,598
23,0,0.9,119,580
23,0,0.9,120,633
23,0,0.9,121,644
23,0,0.9,122,656
23,0,0.9,123,789
23,0,0.9,124,746
23,0,0.9,125,829
23,0,0.9,126,979
23,0,0.9,127,1129
23,0,0.9,128,3012
23,1,0.14,0,26310
23,1,0.14,1,5803
23,1,0.14,2,3848
23,1,0.14,3,2805
23,1,0.14,4,2220
23,1,0.14,5,1838
23,1,0.14,6,1523
23,1,0.14,7,1263
23,1,0.14,8,1188
23,1,0.14,9,1112
23,1,0.14,10,904
23,1,0.14,11,859
23,1,0.14,12,741
23,1,0.14,13,755
23,1,0.14,14,719
23,1,0.14,15,608
23,1,0.14,16,534
23,1,0.14,17,521
23,1,0.14,18,486
23,1,0.14,19,443
23,1,0.14,20,430
23,1,0.14,21,353
23,1,0.14,22,398
23,1,0.14,23,367
23,1,0.14,24,331
23,1,0.14,25,303
23,1,0.14,26,296
23,1,0.14,27,282
23,1,0.14,28,258
23,1,0.14,29,247
23,1,0.14,30,274
23,1,0.14,31,223
23,1,0.14,32,223
23,1,0.14,33,205
23,1,0.14,34,217
23,1,0.14,35,172
23,1,0.14,36,173
23,1,0.14,37,187
23,1,0.14,38,186
23,1,0.14,39,165
23,1,0.14,40,165
23,1,0.14,41,145
23,1,0.14,42,124
23,1,0.14,43,137
23,1,0.14,44,151
23,1,0.14,45,129
23,1,0.14,46,112
23,1,0.14,47,129
23,1,0.14,48,121
23,1,0.14,49,109
23,1,0.14,50,113
23,1,0.14,51,123
23,1,0.14,52,96
23,1,0.14,53,85
23,1,0.14,54,82
23,1,0.14,55,109
23,1,0.14,56,98
23,1,0.14,57,87
23,1,0.14,58,80
23,1,0.14,59,90
23,1,0.14,60,95
23,1,0.14,61,91
23,1,0.14,62,100
23,1,0.14,63,104
23,1,0.14,64,134
23,1,0.14,65,93
23,1,0.14,66,86
23,1,0.14,67,86
23,1,0.14,68,55
23,1,0.14,69,55
23,1,0.14,70,50
23,1,0.14,71,51
23,1,0.14,72,61
23,1,0.14,73,47
23,1,0.14,74,56
23,1,0.14,75,50
23,1,0.14,76,51
23,1,0.14,77,56
23,1,0.14,78,39
23,1,0.14,79,34
23,1,0.14,80,44
23,1,0.14,81,40
23,1,0.14,82,35
23,1,0.14,83,26
23,1,0.14,84,40
23,1,0.14,85,35
23,1,0.14,86,30
23,1,0.14,87,29
23,1,0.14,88,35
23,1,0.14,89,27
23,1,0.14,90,37
23,1,0.14,91,31
23,1,0.14,92,20
23,1,0.14,93,17
23,1,0.14,94,28
23,1,0.14,95,29
23,1,0.14,96,22
23,1,0.14,97,16
23,1,0.14,98,22
23,1,0.14,99,25
23,1,0.14,100,19
23,1,0.14,101,19
23,1,0.14,102,29
23,1,0.14,103,23
23,1,0.14,104,26
23,1,0.14,105,20
23,1,0.14,106,28
23,1,0.14,107,17
23,1,0.14,108,15
23,1,0.14,109,16
23,1,0.14,110,20
23,1,0.14,111,15
23,1,0.14,112,17
23,1,0.14,113,14
23,1,0.14,114,16
23,1,0.14,115,16
23,1,0.14,116,18
23,1,0.14,117,14
23,1,0.14,118,14
23,1,0.14,119,17
23,1,0.14,120,18
23,1,0.14,121,23
23,1,0.14,122,18
23,1,0.14,123,13
23,1,0.14,124,6
23,1,0.14,125,8
23,1,0.14,126,10
23,1,0.14,127,1
23,1,0.14,128,1029
23,1,0.49,0,18274
23,1,0.49,1,4363
23,1,0.49,2,2997
23,1,0.49,3,2405
23,1,0.49,4,1982
23,1,0.49,5,1788
23,1,0.49,6,1591
23,1,0.49,7,1365
23,1,0.49,8,1217
23,1,0.49,9,1111
23,1,0.49,10,1061
23,1,0.49,11,1004
23,1,0.49,12,953
23,1,0.49,13,825
23,1,0.49,14,816
23,1,0.49,15,717
23,1,0.49,16,679
23,1,0.49,17,703
23,1,0.49,18,688
23,1,0.49,19,600
23,1,0.49,20,569
23,1,0.49,21,546
23,1,0.49,22,567
23,1,0.49,23,553
23,1,0.49,24,495
23,1,0.49,25,486
23,1,0.49,26,424
23,1,0.49,27,458
23,1,0.49,28,430
23,1,0.49,29,419
23,1,0.49,30,369
23,1,0.49,31,421
23,1,0.49,32,345
23,1,0.49,33,368
23,1,0.49,34,339
23,1,0.49,35,345
23,1,0.49,36,366
23,1,0.49,37,323
23,1,0.49,38,292
23,1,0.49,39,316
23,1,0.49,40,295
23,1,0.49,41,326
23,1,0.49,42,336
23,1,0.49,43,290
23,1,0.49,44,274
23,1,0.49,45,253
23,1,0.49,46,244
23,1,0.49,47,239
23,1,0.49,48,245
23,1,0.49,49,239
23,1,0.49,50,259
23,1,0.49,51,241
23,1,0.49,52,221
23,1,0.49,53,223
23,1,0.49,54,216
23,1,0.49,55,218
23,1,0.49,56,200
23,1,0.49,57,202
23,1,0.49,58,188
23,1,0.49,59,206
23,1,0.49,60,173
23,1,0.49,61,174
23,1,0.49,62,183
23,1,0.49,63,189
23,1,0.49,64,210
23,1,0.49,65,211
23,1,0.49,66,178
23,1,0.49,67,160
23,1,0.49,68,176
23,1,0.49,69,144
23,1,0.49,70,141
23,1,0.49,71,142
23,1,0.49,72,117
23,1,0.49,73,140
23,1,0.49,74,129
23,1,0.49,75,130
23,1,0.49,76,134
23,1,0.49,77,117
23,1,0.49,78,137
23,1,0.49,79,121
23,1,0.49,80,112
23,1,0.49,81,107
23,1,0.49,82,109
23,1,0.49,83,113
23,1,0.49,84,116
23,1,0.49,85,76
23,1,0.49,86,82
23,1,0.49,87,88
23,1,0.49,88,81
23,1,0.49,89,81
23,1,0.49,90,83
23,1,0.49,91,66
23,1,0.49,92,75
23,1,0.49,93,80
23,1,0.49,94,68
23,1,0.49,95,64
23,1,0.49,96,62
23,1,0.49,97,54
23,1,0.49,98,55
23,1,0.49,99,52
23,1,0.49,100,48
23,1,0.49,101,51
23,1,0.49,102,52
23,1,0.49,103,59
23,1,0.49,104,53
23,1,0.49,105,38
23,1,0.49,106,62
23,1,0.49,107,39
23,1,0.49,108,47
23,1,0.49,109,38
23,1,0.49,110,39
23,1,0.49,111,33
23,1,0.49,112,49
23,1,0.49,113,41
23,1,0.49,114,42
23,1,0.49,115,40
23,1,0.49,116,48
23,1,0.49,117,23
23,1,0.49,118,33
23,1,0.49,119,47
23,1,0.49,120,35
23,1,0.49,121,37
23,1,0.49,122,48
23,1,0.49,123,38
23,1,0.49,124,35
23,1,0.49,125,49
23,1,0.49,126,42
23,1,0.49,127,56
23,1,0.49,128,1099
23,1,0.89,0,5214
23,1,0.89,1,2470
23,1,0.89,2,1372
23,1,0.89,3,1090
23,1,0.89,4,845
23,1,0.89,5,764
23,1,0.89,6,708
23,1,0.89,7,593
23,1,0.89,8,529
23,1,0.89,9,523
23,1,0.89,10,462
23,1,0.89,11,479
23,1,0.89,12,414
23,1,0.89,13,402
23,1,0.89,14,438
23,1,0.89,15,386
23,1,0.89,16,369
23,1,0.89,17,394
23,1,0.89,18,351
23,1,0.89,19,346
23,1,0.89,20,391
23,1,0.89,21,342
23,1,0.89,22,349
23,1,0.89,23,338
23,1,0.89,24,360
23,1,0.89,25,341
23,1,0.89,26,321
23,1,0.89,27,345
23,1,0.89,28,362
23,1,0.89,29,333
23,1,0.89,30,319
23,1,0.89,31,374
23,1,0.89,32,345
23,1,0.89,33,350
23,1,0.89,34,308
23,1,0.89,35,318
23,1,0.89,36,320
23,1,0.89,37,306
23,1,0.89,38,332
23,1,0.89,39,349
23,1,0.89,40,329
23,1,0.89,41,345
23,1,0.89,42,326
23,1,0.89,43,314
23,1,0.89,44,319
23,1,0.89,45,300
23,1,0.89,46,310
23,1,0.89,47,323
23,1,0.89,48,317
23,1,0.89,49,328
23,1,0.89,50,284
23,1,0.89,51,323
23,1,0.89,52,328
23,1,0.89,53,345
23,1,0.89,54,331
23,1,0.89,55,339
23,1,0.89,56,302
23,1,0.89,57,306
23,1,0.89,58,328
23,1,0.89,59,310
23,1,0.89,60,323
23,1,0.89,61,339
23,1,0.89,62,341
23,1,0.89,63,311
23,1,0.89,64,345
23,1,0.89,65,316
23,1,0.89,66,312
23,1,0.89,67,328
23,1,0.89,68,335
23,1,0.89,69,337
23,1,0.89,70,370
23,1,0.89,71,383
23,1,0.89,72,361
23,1,0.89,73,385
23,1,0.89,74,375
23,1,0.89,75,362
23,1,0.89,76,339
23,1,0.89,77,353
23,1,0.89,78,334
23,1,0.89,79,338
23,1,0.89,80,344
23,1,0.89,81,373
23,1,0.89,82,388
23,1,0.89,83,373
23,1,0.89,84,386
23,1,0.89,85,398
23,1,0.89,86,395
23,1,0.89,87,370
23,1,0.89,88,390
23,1,0.89,89,368
23,1,0.89,90,377
23,1,0.89,91,386
23,1,0.89,92,410
23,1,0.89,93,399
23,1,0.89,94,421
23,1,0.89,95,391
23,1,0.89,96,413
23,1,0.89,97,412
23,1,0.89,98,410
23,1,0.89,99,432
23,1,0.89,100,413
23,1,0.89,101,449
23,1,0.89,102,411
23,1,0.89,103,427
23,1,0.89,104,445
23,1,0.89,105,459
23,1,0.89,106,436
23,1,0.89,107,461
23,1,0.89,108,482
23,1,0.89,109,445
23,1,0.89,110,516
23,1,0.89,111,554
23,1,0.89,112,547
23,1,0.89,113,550
23,1,0.89,114,568
23,1,0.89,115,556
23,1,0.89,116,584
23,1,0.89,117,580
23,1,0.89,118,639
23,1,0.89,119,661
23,1,0.89,120,647
23,1,0.89,121,679
23,1,0.89,122,697
23,1,0.89,123,726
23,1,0.89,124,750
23,1,0.89,125,794
23,1,0.89,126,906
23,1,0.89,127,1123
23,1,0.89,128,2949
24,0,0.15,0,30847
24,0,0.15,1,5817
24,0,0.15,2,3528
24,0,0.15,3,2565
24,0,0.15,4,1945
24,0,0.15,5,1534
24,0,0.15,6,1287
24,0,0.15,7,1117
24,0,0.15,8,995
24,0,0.15,9,835
24,0,0.15,10,710
24,0,0.15,11,660
24,0,0.15,12,636
24,0,0.15,13,569
24,0,0.15,14,503
24,0,0.15,15,466
24,0,0.15,16,445
24,0,0.15,17,406
24,0,0.15,18,391
24,0,0.15,19,349
24,0,0.15,20,340
24,0,0.15,21,274
24,0,0.15,22,301
24,0,0.15,23,280
24,0,0.15,24,255
24,0,0.15,25,194
24,0,0.15,26,217
24,0,0.15,27,214
24,0,0.15,28,214
24,0,0.15,29,172
24,0,0.15,30,189
24,0,0.15,31,196
24,0,0.15,32,173
24,0,0.15,33,179
24,0,0.15,34,151
24,0,0.15,35,157
24,0,0.15,36,160
24,0,0.15,37,155
24,0,0.15,38,133
24,0,0.15,39,159
24,0,0.15,40,125
24,0,0.15,41,132
24,0,0.15,42,131
24,0,0.15,43,116
24,0,0.15,44,144
24,0,0.15,45,109
24,0,0.15,46,120
24,0,0.15,47,110
24,0,0.15,48,123
24,0,0.15,49,111
24,0,0.15,50,108
24,0,0.15,51,110
24,0,0.15,52,111
24,0,0.15,53,88
24,0,0.15,54,103
24,0,0.15,55,104
24,0,0.15,56,88
24,0,0.15,57,95
24,0,0.15,58,82
24,0,0.15,59,81
24,0,0.15,60,78
24,0,0.15,61,96
24,0,0.15,62,94
24,0,0.15,63,88
24,0,0.15,64,101
24,0,0.15,65,85
24,0,0.15,66,72
24,0,0.15,67,65
24,0,0.15,68,66
24,0,0.15,69,62
24,0,0.15,70,57
24,0,0.15,71,72
24,0,0.15,72,47
24,0,0.15,73,55
24,0,0.15,74,58
24,0,0.15,75,51
24,0,0.15,76,42
24,0,0.15,77,52
24,0,0.15,78,44
24,0,0.15,79,39
24,0,0.15,80,46
24,0,0.15,81,50
24,0,0.15,82,28
24,0,0.15,83,44
24,0,0.15,84,33
24,0,0.15,85,25
24,0,0.15,86,46
24,0,0.15,87,36
24,0,0.15,88,38
24,0,0.15,89,41
24,0,0.15,90,36
24,0,0.15,91,35
24,0,0.15,92,33
24,0,0.15,93,38
24,0,0.15,94,28
24,0,0.15,95,29
24,0,0.15,96,30
24,0,0.15,97,23
24,0,0.15,98,34
24,0,0.15,99,21
24,0,0.15,100,26
24,0,0.15,101,29
24,0,0.15,102,23
24,0,0.15,103,29
24,0,0.15,104,25
24,0,0.15,105,22
24,0,0.15,106,29
24,0,0.15,107,25
24,0,0.15,108,26
24,0,0.15,109,28
24,0,0.15,110,23
24,0,0.15,111,18
24,0,0.15,112,18
24,0,0.15,113,27
24,0,0.15,114,30
24,0,0.15,115,21
24,0,0.15,116,20
24,0,0.15,117,17
24,0,0.15,118,11
24,0,0.15,119,16
24,0,0.15,120,19
24,0,0.15,121,17
24,0,0.15,122,19
24,0,0.15,123,19
24,0,0.15,124,13
24,0,0.15,125,11
24,0,0.15,126,14
24,0,0.15,127,5
24,0,0.15,128,1029
24,0,0.5,0,21583
24,0,0.5,1,4660
24,0,0.5,2,3030
24,0,0.5,3,2385
24,0,0.5,4,1927
24,0,0.5,5,1663
24,0,0.5,6,1460
24,0,0.5,7,1242
24,0,0.5,8,1171
24,0,0.5,9,1112
24,0,0.5,10,939
24,0,0.5,11,821
24,0,0.5,12,841
24,0,0.5,13,734
24,0,0.5,14,712
24,0,0.5,15,685
24,0,0.5,16,636
24,0,0.5,17,613
24,0,0.5,18,589
24,0,0.5,19,529
24,0,0.5,20,515
24,0,0.5,21,482
24,0,0.5,22,497
24,0,0.5,23,429
24,0,0.5,24,394
24,0,0.5,25,382
24,0,0.5,26,342
24,0,0.5,27,344
24,0,0.5,28,342
24,0,0.5,29,339
24,0,0.5,30,342
24,0,0.5,31,327
24,0,0.5,32,282
24,0,0.5,33,279
24,0,0.5,34,270
24,0,0.5,35,248
24,0,0.5,36,275
24,0,0.5,37,250
24,0,0.5,38,248
24,0,0.5,39,251
24,0,0.5,40,208
24,0,0.5,41,216
24,0,0.5,42,213
24,0,0.5,43,228
24,0,0.5,44,213
24,0,0.5,45,191
24,0,0.5,46,206
24,0,0.5,47,192
24,0,0.5,48,204
24,0,0.5,49,162
24,0,0.5,50,191
24,0,0.5,51,185
24,0,0.5,52,178
24,0,0.5,53,167
24,0,0.5,54,185
24,0,0.5,55,183
24,0,0.5,56,161
24,0,0.5,57,170
24,0,0.5,58,167
24,0,0.5,59,155
24,0,0.5,60,151
24,0,0.5,61,179
24,0,0.5,62,169
24,0,0.5,63,160
24,0,0.5,64,173
24,0,0.5,65,160
24,0,0.5,66,162
24,0,0.5,67,148
24,0,0.5,68,124
24,0,0.5,69,151
24,0,0.5,70,158
24,0,0.5,71,148
24,0,0.5,72,130
24,0,0.5,73,119
24,0,0.5,74,112
24,0,0.5,75,122
24,0,0.5,76,123
24,0,0.5,77,137
24,0,0.5,78,99
24,0,0.5,79,84
24,0,0.5,80,101
24,0,0.5,81,101
24,0,0.5,82,98
24,0,0.5,83,93
24,0,0.5,84,84
24,0,0.5,85,111
24,0,0.5,86,83
24,0,0.5,87,83
24,0,0.5,88,95
24,0,0.5,89,98
24,0,0.5,90,80
24,0,0.5,91,75
24,0,0.5,92,76
24,0,0.5,93,74
24,0,0.5,94,71
24,0,0.5,95,87
24,0,0.5,96,85
24,0,0.5,97,75
24,0,0.5,98,68
24,0,0.5,99,71
24,0,0.5,100,74
24,0,0.5,101,67
24,0,0.5,102,69
24,0,0.5,103,78
24,0,0.5,104,74
24,0,0.5,105,77
24,0,0.5,106,65
24,0,0.5,107,63
24,0,0.5,108,60
24,0,0.5,109,81
24,0,0.5,110,59
24,0,0.5,111,66
24,0,0.5,112,78
24,0,0.5,113,60
24,0,0.5,114,53
24,0,0.5,115,59
24,0,0.5,116,70
24,0,0.5,117,71
24,0,0.5,118,71
24,0,0.5,119,72
24,0,0.5,120,74
24,0,0.5,121,52
24,0,0.5,122,68
24,0,0.5,123,85
24,0,0.5,124,75
24,0,0.5,125,72
24,0,0.5,126,70
24,0,0.5,127,99
24,0,0.5,128,1111
24,0,0.9,0,7598
24,0,0.9,1,3120
24,0,0.9,2,1895
24,0,0.9,3,1341
24,0,0.9,4,1002
24,0,0.9,5,860
24,0,0.9,6,664
24,0,0.9,7,575
24,0,0.9,8,523
24,0,0.9,9,493
24,0,0.9,10,447
24,0,0.9,11,408
24,0,0.9,12,400
24,0,0.9,13,433
24,0,0.9,14,447
24,0,0.9,15,422
24,0,0.9,16,360
24,0,0.9,17,305
24,0,0.9,18,346
24,0,0.9,19,326
24,0,0.9,20,333
24,0,0.9,21,329
24,0,0.9,22,315
24,0,0.9,23,336
24,0,0.9,24,329
24,0,0.9,25,339
24,0,0.9,26,312
24,0,0.9,27,267
24,0,0.9,28,285
24,0,0.9,29,317
24,0,0.9,30,317
24,0,0.9,31,301
24,0,0.9,32,293
24,0,0.9,33,308
24,0,0.9,34,281
24,0,0.9,35,294
24,0,0.9,36,314
24,0,0.9,37,313
24,0,0.9,38,276
24,0,0.9,39,300
24,0,0.9,40,269
24,0,0.9,41,273
24,0,0.9,42,283
24,0,0.9,43,295
24,0,0.9,44,254
24,0,0.9,45,290
24,0,0.9,46,305
24,0,0.9,47,260
24,0,0.9,48,300
24,0,0.9,49,294
24,0,0.9,50,285
24,0,0.9,51,283
24,0,0.9,52,289
24,0,0.9,53,300
24,0,0.9,54,318
24,0,0.9,55,286
24,0,0.9,56,317
24,0,0.9,57,268
24,0,0.9,58,317
24,0,0.9,59,293
24,0,0.9,60,321
24,0,0.9,61,281
24,0,0.9,62,307
24,0,0.9,63,282
24,0,0.9,64,334
24,0,0.9,65,285
24,0,0.9,66,293
24,0,0.9,67,327
24,0,0.9,68,349
24,0,0.9,69,307
24,0,0.9,70,325
24,0,0.9,71,323
24,0,0.9,72,344
24,0,0.9,73,311
24,0,0.9,74,324
24,0,0.9,75,298
24,0,0.9,76,307
24,0,0.9,77,322
24,0,0.9,78,294
24,0,0.9,79,343
24,0,0.9,80,301
24,0,0.9,81,293
24,0,0.9,82,331
24,0,0.9,83,295
24,0,0.9,84,328
24,0,0.9,85,341
24,0,0.9,86,335
24,0,0.9,87,357
24,0,0.9,88,304
24,0,0.9,89,345
24,0,0.9,90,316
24,0,0.9,91,339
24,0,0.9,92,340
24,0,0.9,93,340
24,0,0.9,94,322
24,0,0.9,95,326
24,0,0.9,96,325
24,0,0.9,97,324
24,0,0.9,98,384
24,0,0.9,99,342
24,0,0.9,100,354
24,0,0.9,101,370
24,0,0.9,102,344
24,0,0.9,103,392
24,0,0.9,104,368
24,0,0.9,105,355
24,0,0.9,106,347
24,0,0.9,107,365
24,0,0.9,108,375
24,0,0.9,109,397
24,0,0.9,110,398
24,0,0.9,111,392
24,0,0.9,112,412
24,0,0.9,113,440
24,0,0.9,114,412
24,0,0.9,115,458
24,0,0.9,116,452
24,0,0.9,117,485
24,0,0.9,118,541
24,0,0.9,119,544
24,0,0.9,120,565
24,0,0.9,121,583
24,0,0.9,122,603
24,0,0.9,123,690
24,0,0.9,124,802
24,0,0.9,125,868
24,0,0.9,126,969
24,0,0.9,127,1266
24,0,0.9,128,4221
24,1,0.14,0,30712
24,1,0.14,1,5677
24,1,0.14,2,3532
24,1,0.14,3,2547
24,1,0.14,4,1912
24,1,0.14,5,1560
24,1,0.14,6,1342
24,1,0.14,7,1106
24,1,0.14,8,950
24,1,0.14,9,814
24,1,0.14,10,759
24,1,0.14,11,687
24,1,0.14,12,574
24,1,0.14,13,560
24,1,0.14,14,455
24,1,0.14,15,447
24,1,0.14,16,431
24,1,0.14,17,378
24,1,0.14,18,401
24,1,0.14,19,336
24,1,0.14,20,312
24,1,0.14,21,299
24,1,0.14,22,273
24,1,0.14,23,259
24,1,0.14,24,219
24,1,0.14,25,235
24,1,0.14,26,215
24,1,0.14,27,214
24,1,0.14,28,206
24,1,0.14,29,198
24,1,0.14,30,180
24,1,0.14,31,177
24,1,0.14,32,171
24,1,0.14,33,164
24,1,0.14,34,163
24,1,0.14,35,191
24,1,0.14,36,152
24,1,0.14,37,151
24,1,0.14,38,152
24,1,0.14,39,149
24,1,0.14,40,115
24,1,0.14,41,145
24,1,0.14,42,124
24,1,0.14,43,126
24,1,0.14,44,125
24,1,0.14,45,121
24,1,0.14,46,125
24,1,0.14,47,128
24,1,0.14,48,102
24,1,0.14,49,114
24,1,0.14,50,111
24,1,0.14,51,111
24,1,0.14,52,90
24,1,0.14,53,99
24,1,0.14,54,104
24,1,0.14,55,108
24,1,0.14,56,96
24,1,0.14,57,98
24,1,0.14,58,98
24,1,0.14,59,97
24,1,0.14,60,94
24,1,0.14,61,93
24,1,0.14,62,79
24,1,0.14,63,95
24,1,0.14,64,110
24,1,0.14,65,90
24,1,0.14,66,103
24,1,0.14,67,61
24,1,0.14,68,69
24,1,0.14,69,73
24,1,0.14,70,54
24,1,0.14,71,55
24,1,0.14,72,58
24,1,0.14,73,64
24,1,0.14,74,60
24,1,0.14,75,50
24,1,0.14,76,55
24,1,0.14,77,70
24,1,0.14,78,56
24,1,0.14,79,41
24,1,0.14,80,49
24,1,0.14,81,38
24,1,0.14,82,47
24,1,0.14,83,36
24,1,0.14,84,34
24,1,0.14,85,45
24,1,0.14,86,50
24,1,0.14,87,48
24,1,0.14,88,49
24,1,0.14,89,50
24,1,0.14,90,50
24,1,0.14,91,38
24,1,0.14,92,52
24,1,0.14,93,42
24,1,0.14,94,39
24,1,0.14,95,38
24,1,0.14,96,32
24,1,0.14,97,29
24,1,0.14,98,32
24,1,0.14,99,33
24,1,0.14,100,35
24,1,0.14,101,25
24,1,0.14,102,32
24,1,0.14,103,36
24,1,0.14,104,34
24,1,0.14,105,23
24,1,0.14,106,26
24,1,0.14,107,25
24,1,0.14,108,25
24,1,0.14,109,37
24,1,0.14,110,40
24,1,0.14,111,33
24,1,0.14,112,33
24,1,0.14,113,23
24,1,0.14,114,21
24,1,0.14,115,31
24,1,0.14,116,30
24,1,0.14,117,31
24,1,0.14,118,26
24,1,0.14,119,15
24,1,0.14,120,30
24,1,0.14,121,24
24,1,0.14,122,20
24,1,0.14,123,29
24,1,0.14,124,20
24,1,0.14,125,20
24,1,0.14,126,13
24,1,0.14,127,7
24,1,0.14,128,1034
24,1,0.49,0,21560
24,1,0.49,1,4619
24,1,0.49,2,3058
24,1,0.49,3,2344
24,1,0.49,4,1939
24,1,0.49,5,1642
24,1,0.49,6,1524
24,1,0.49,7,1262
24,1,0.49,8,1128
24,1,0.49,9,1050
24,1,0.49,10,929
24,1,0.49,11,854
24,1,0.49,12,804
24,1,0.49,13,758
24,1,0.49,14,702
24,1,0.49,15,671
24,1,0.49,16,627
24,1,0.49,17,580
24,1,0.49,18,566
24,1,0.49,19,541
24,1,0.49,20,537
24,1,0.49,21,473
24,1,0.49,22,467
24,1,0.49,23,449
24,1,0.49,24,471
24,1,0.49,25,385
24,1,0.49,26,348
24,1,0.49,27,340
24,1,0.49,28,346
24,1,0.49,29,350
24,1,0.49,30,342
24,1,0.49,31,280
24,1,0.49,32,318
24,1,0.49,33,271
24,1,0.49,34,291
24,1,0.49,35,267
24,1,0.49,36,263
24,1,0.49,37,265
24,1,0.49,38,245
24,1,0.49,39,253
24,1,0.49,40,233
24,1,0.49,41,218
24,1,0.49,42,192
24,1,0.49,43,228
24,1,0.49,44,215
24,1,0.49,45,213
24,1,0.49,46,202
24,1,0.49,47,191
24,1,0.49,48,197
24,1,0.49,49,178
24,1,0.49,50,198
24,1,0.49,51,185
24,1,0.49,52,165
24,1,0.49,53,157
24,1,0.49,54,168
24,1,0.49,55,171
24,1,0.49,56,156
24,1,0.49,57,187
24,1,0.49,58,179
24,1,0.49,59,175
24,1,0.49,60,154
24,1,0.49,61,183
24,1,0.49,62,159
24,1,0.49,63,159
24,1,0.49,64,179
24,1,0.49,65,170
24,1,0.49,66,181
24,1,0.49,67,125
24,1,0.49,68,156
24,1,0.49,69,159
24,1,0.49,70,158
24,1,0.49,71,131
24,1,0.49,72,137
24,1,0.49,73,118
24,1,0.49,74,121
24,1,0.49,75,114
24,1,0.49,76,100
24,1,0.49,77,105
24,1,0.49,78,116
24,1,0.49,79,111
24,1,0.49,80,116
24,1,0.49,81,106
24,1,0.49,82,90
24,1,0.49,83,85
24,1,0.49,84,96
24,1,0.49,85,84
24,1,0.49,86,86
24,1,0.49,87,77
24,1,0.49,88,83
24,1,0.49,89,88
24,1,0.49,90,84
24,1,0.49,91,75
24,1,0.49,92,61
24,1,0.49,93,84
24,1,0.49,94,66
24,1,0.49,95,62
24,1,0.49,96,69
24,1,0.49,97,73
24,1,0.49,98,92
24,1,0.49,99,69
24,1,0.49,100,83
24,1,0.49,101,70
24,1,0.49,102,61
24,1,0.49,103,61
24,1,0.49,104,74
24,1,0.49,105,68
24,1,0.49,106,86
24,1,0.49,107,72
24,1,0.49,108,70
24,1,0.49,109,74
24,1,0.49,110,66
24,1,0.49,111,59
24,1,0.49,112,84
24,1,0.49,113,75
24,1,0.49,114,56
24,1,0.49,115,74
24,1,0.49,116,75
24,1,0.49,117,74
24,1,0.49,118,63
24,1,0.49,119,75
24,1,0.49,120,67
24,1,0.49,121,67
24,1,0.49,122,68
24,1,0.49,123,77
24,1,0.49,124,79
24,1,0.49,125,64
24,1,0.49,126,94
24,1,0.49,127,80
24,1,0.49,128,1111
24,1,0.89,0,7535
24,1,0.89,1,3160
24,1,0.89,2,1956
24,1,0.89,3,1332
24,1,0.89,4,1025
24,1,0.89,5,779
24,1,0.89,6,708
24,1,0.89,7,593
24,1,0.89,8,539
24,1,0.89,9,441
24,1,0.89,10,493
24,1,0.89,11,415
24,1,0.89,12,392
24,1,0.89,13,408
24,1,0.89,14,420
24,1,0.89,15,379
24,1,0.89,16,328
24,1,0.89,17,403
24,1,0.89,18,370
24,1,0.89,19,334
24,1,0.89,20,291
24,1,0.89,21,354
24,1,0.89,22,341
24,1,0.89,23,321
24,1,0.89,24,325
24,1,0.89,25,303
24,1,0.89,26,318
24,1,0.89,27,317
24,1,0.89,28,338
24,1,0.89,29,283
24,1,0.89,30,307
24,1,0.89,31,315
24,1,0.89,32,272
24,1,0.89,33,301
24,1,0.89,34,265
24,1,0.89,35,289
24,1,0.89,36,298
24,1,0.89,37,300
24,1,0.89,38,294
24,1,0.89,39,285
24,1,0.89,40,299
24,1,0.89,41,276
24,1,0.89,42,290
24,1,0.89,43,286
24,1,0.89,44,307
24,1,0.89,45,313
24,1,0.89,46,319
24,1,0.89,47,260
24,1,0.89,48,311
24,1,0.89,49,290
24,1,0.89,50,288
24,1,0.89,51,278
24,1,0.89,52,293
24,1,0.89,53,291
24,1,0.89,54,288
24,1,0.89,55,283
24,1,0.89,56,318
24,1,0.89,57,303
24,1,0.89,58,330
24,1,0.89,59,262
24,1,0.89,60,316
24,1,0.89,61,297
24,1,0.89,62,336
24,1,0.89,63,315
24,1,0.89,64,317
24,1,0.89,65,324
24,1,0.89,66,326
24,1,0.89,67,309
24,1,0.89,68,327
24,1,0.89,69,325
24,1,0.89,70,342
24,1,0.89,71,322
24,1,0.89,72,296
24,1,0.89,73,331
24,1,0.89,74,319
24,1,0.89,75,318
24,1,0.89,76,344
24,1,0.89,77,286
24,1,0.89,78,321
24,1,0.89,79,315
24,1,0.89,80,313
24,1,0.89,81,296
24,1,0.89,82,341
24,1,0.89,83,309
24,1,0.89,84,310
24,1,0.89,85,343
24,1,0.89,86,337
24,1,0.89,87,342
24,1,0.89,88,320
24,1,0.89,89,363
24,1,0.89,90,309
24,1,0.89,91,292
24,1,0.89,92,314
24,1,0.89,93,327
24,1,0.89,94,343
24,1,0.89,95,349
24,1,0.89,96,325
24,1,0.89,97,343
24,1,0.89,98,336
24,1,0.89,99,338
24,1,0.89,100,317
24,1,0.89,101,383
24,1,0.89,102,361
24,1,0.89,103,381
24,1,0.89,104,387
24,1,0.89,105,358
24,1,0.89,106,381
24,1,0.89,107,338
24,1,0.89,108,352
24,1,0.89,109,394
24,1,0.89,110,411
24,1,0.89,111,420
24,1,0.89,112,445
24,1,0.89,113,421
24,1,0.89,114,403
24,1,0.89,115,430
24,1,0.89,116,437
24,1,0.89,117,507
24,1,0.89,118,523
24,1,0.89,119,542
24,1,0.89,120,545
24,1,0.89,121,591
24,1,0.89,122,637
24,1,0.89,123,686
24,1,0.89,124,765
24,1,0.89,125,815
24,1,0.89,126,927
24,1,0.89,127,1343
24,1,0.89,128,4088
25,0,0.15,0,29304
25,0,0.15,1,6720
25,0,0.15,2,4123
25,0,0.15,3,2914
25,0,0.15,4,2193
25,0,0.15,5,1704
25,0,0.15,6,1430
25,0,0.15,7,1164
25,0,0.15,8,1018
25,0,0.15,9,923
25,0,0.15,10,764
25,0,0.15,11,714
25,0,0.15,12,569
25,0,0.15,13,539
25,0,0.15,14,514
25,0,0.15,15,437
25,0,0.15,16,402
25,0,0.15,17,358
25,0,0.15,18,369
25,0,0.15,19,330
25,0,0.15,20,276
25,0,0.15,21,261
25,0,0.15,22,287
25,0,0.15,23,250
25,0,0.15,24,228
25,0,0.15,25,210
25,0,0.15,26,218
25,0,0.15,27,216
25,0,0.15,28,193
25,0,0.15,29,190
25,0,0.15,30,183
25,0,0.15,31,159
25,0,0.15,32,162
25,0,0.15,33,159
25,0,0.15,34,137
25,0,0.15,35,158
25,0,0.15,36,166
25,0,0.15,37,138
25,0,0.15,38,125
25,0,0.15,39,121
25,0,0.15,40,132
25,0,0.15,41,142
25,0,0.15,42,117
25,0,0.15,43,134
25,0,0.15,44,110
25,0,0.15,45,117
25,0,0.15,46,100
25,0,0.15,47,107
25,0,0.15,48,118
25,0,0.15,49,94
25,0,0.15,50,97
25,0,0.15,51,99
25,0,0.15,52,81
25,0,0.15,53,84
25,0,0.15,54,90
25,0,0.15,55,89
25,0,0.15,56,83
25,0,0.15,57,77
25,0,0.15,58,72
25,0,0.15,59,79
25,0,0.15,60,53
25,0,0.15,61,52
25,0,0.15,62,74
25,0,0.15,63,53
25,0,0.15,64,51
25,0,0.15,65,52
25,0,0.15,66,49
25,0,0.15,67,45
25,0,0.15,68,55
25,0,0.15,69,45
25,0,0.15,70,40
25,0,0.15,71,42
25,0,0.15,72,38
25,0,0.15,73,42
25,0,0.15,74,42
25,0,0.15,75,41
25,0,0.15,76,37
25,0,0.15,77,40
25,0,0.15,78,39
25,0,0.15,79,32
25,0,0.15,80,35
25,0,0.15,81,30
25,0,0.15,82,37
25,0,0.15,83,29
25,0,0.15,84,33
25,0,0.15,85,32
25,0,0.15,86,32
25,0,0.15,87,31
25,0,0.15,88,25
25,0,0.15,89,28
25,0,0.15,90,32
25,0,0.15,91,46
25,0,0.15,92,26
25,0,0.15,93,27
25,0,0.15,94,20
25,0,0.15,95,22
25,0,0.15,96,19
25,0,0.15,97,21
25,0,0.15,98,27
25,0,0.15,99,18
25,0,0.15,100,29
25,0,0.15,101,26
25,0,0.15,102,29
25,0,0.15,103,19
25,0,0.15,104,23
25,0,0.15,105,24
25,0,0.15,106,19
25,0,0.15,107,24
25,0,0.15,108,29
25,0,0.15,109,27
25,0,0.15,110,24
25,0,0.15,111,19
25,0,0.15,112,19
25,0,0.15,113,19
25,0,0.15,114,25
25,0,0.15,115,21
25,0,0.15,116,23
25,0,0.15,117,32
25,0,0.15,118,19
25,0,0.15,119,18
25,0,0.15,120,26
25,0,0.15,121,26
25,0,0.15,122,29
25,0,0.15,123,26
25,0,0.15,124,20
25,0,0.15,125,22
25,0,0.15,126,18
25,0,0.15,127,23
25,0,0.15,128,1038
25,0,0.5,0,19189
25,0,0.5,1,5084
25,0,0.5,2,3569
25,0,0.5,3,2712
25,0,0.5,4,2226
25,0,0.5,5,1898
25,0,0.5,6,1687
25,0,0.5,7,1525
25,0,0.5,8,1264
25,0,0.5,9,1231
25,0,0.5,10,1075
25,0,0.5,11,975
25,0,0.5,12,939
25,0,0.5,13,831
25,0,0.5,14,766
25,0,0.5,15,753
25,0,0.5,16,710
25,0,0.5,17,642
25,0,0.5,18,626
25,0,0.5,19,564
25,0,0.5,20,514
25,0,0.5,21,474
25,0,0.5,22,471
25,0,0.5,23,470
25,0,0.5,24,431
25,0,0.5,25,395
25,0,0.5,26,403
25,0,0.5,27,343
25,0,0.5,28,352
25,0,0.5,29,338
25,0,0.5,30,319
25,0,0.5,31,276
25,0,0.5,32,325
25,0,0.5,33,311
25,0,0.5,34,258
25,0,0.5,35,286
25,0,0.5,36,245
25,0,0.5,37,274
25,0,0.5,38,243
25,0,0.5,39,260
25,0,0.5,40,218
25,0,0.5,41,224
25,0,0.5,42,210
25,0,0.5,43,201
25,0,0.5,44,223
25,0,0.5,45,208
25,0,0.5,46,183
25,0,0.5,47,183
25,0,0.5,48,182
25,0,0.5,49,162
25,0,0.5,50,174
25,0,0.5,51,167
25,0,0.5,52,171
25,0,0.5,53,173
25,0,0.5,54,186
25,0,0.5,55,161
25,0,0.5,56,186
25,0,0.5,57,158
25,0,0.5,58,152
25,0,0.5,59,173
25,0,0.5,60,158
25,0,0.5,61,152
25,0,0.5,62,160
25,0,0.5,63,146
25,0,0.5,64,146
25,0,0.5,65,139
25,0,0.5,66,121
25,0,0.5,67,141
25,0,0.5,68,106
25,0,0.5,69,131
25,0,0.5,70,101
25,0,0.5,71,112
25,0,0.5,72,116
25,0,0.5,73,110
25,0,0.5,74,90
25,0,0.5,75,95
25,0,0.5,76,85
25,0,0.5,77,88
25,0,0.5,78,74
25,0,0.5,79,84
25,0,0.5,80,73
25,0,0.5,81,77
25,0,0.5,82,77
25,0,0.5,83,82
25,0,0.5,84,76
25,0,0.5,85,71
25,0,0.5,86,65
25,0,0.5,87,73
25,0,0.5,88,65
25,0,0.5,89,73
25,0,0.5,90,65
25,0,0.5,91,71
25,0,0.5,92,55
25,0,0.5,93,48
25,0,0.5,94,48
25,0,0.5,95,62
25,0,0.5,96,67
25,0,0.5,97,72
25,0,0.5,98,75
25,0,0.5,99,59
25,0,0.5,100,74
25,0,0.5,101,58
25,0,0.5,102,63
25,0,0.5,103,64
25,0,0.5,104,46
25,0,0.5,105,59
25,0,0.5,106,55
25,0,0.5,107,39
25,0,0.5,108,52
25,0,0.5,109,53
25,0,0.5,110,45
25,0,0.5,111,57
25,0,0.5,112,63
25,0,0.5,113,53
25,0,0.5,114,47
25,0,0.5,115,36
25,0,0.5,116,60
25,0,0.5,117,56
25,0,0.5,118,53
25,0,0.5,119,65
25,0,0.5,120,52
25,0,0.5,121,62
25,0,0.5,122,65
25,0,0.5,123,55
25,0,0.5,124,72
25,0,0.5,125,105
25,0,0.5,126,94
25,0,0.5,127,106
25,0,0.5,128,1169
25,0,0.9,0,7820
25,0,0.9,1,2904
25,0,0.9,2,1758
25,0,0.9,3,1239
25,0,0.9,4,992
25,0,0.9,5,767
25,0,0.9,6,691
25,0,0.9,7,614
25,0,0.9,8,513
25,0,0.9,9,463
25,0,0.9,10,460
25,0,0.9,11,458
25,0,0.9,12,476
25,0,0.9,13,396
25,0,0.9,14,368
25,0,0.9,15,389
25,0,0.9,16,352
25,0,0.9,17,355
25,0,0.9,18,342
25,0,0.9,19,363
25,0,0.9,20,300
25,0,0.9,21,324
25,0,0.9,22,322
25,0,0.9,23,313
25,0,0.9,24,295
25,0,0.9,25,288
25,0,0.9,26,297
25,0,0.9,27,289
25,0,0.9,28,290
25,0,0.9,29,281
25,0,0.9,30,268
25,0,0.9,31,280
25,0,0.9,32,271
25,0,0.9,33,257
25,0,0.9,34,296
25,0,0.9,35,280
25,0,0.9,36,254
25,0,0.9,37,255
25,0,0.9,38,255
25,0,0.9,39,267
25,0,0.9,40,284
25,0,0.9,41,280
25,0,0.9,42,299
25,0,0.9,43,295
25,0,0.9,44,258
25,0,0.9,45,254
25,0,0.9,46,251
25,0,0.9,47,294
25,0,0.9,48,250
25,0,0.9,49,267
25,0,0.9,50,291
25,0,0.9,51,287
25,0,0.9,52,256
25,0,0.9,53,256
25,0,0.9,54,260
25,0,0.9,55,269
25,0,0.9,56,262
25,0,0.9,57,271
25,0,0.9,58,267
25,0,0.9,59,284
25,0,0.9,60,286
25,0,0.9,61,255
25,0,0.9,62,290
25,0,0.9,63,302
25,0,0.9,64,278
25,0,0.9,65,326
25,0,0.9,66,299
25,0,0.9,67,323
25,0,0.9,68,329
25,0,0.9,69,303
25,0,0.9,70,326
25,0,0.9,71,282
25,0,0.9,72,333
25,0,0.9,73,311
25,0,0.9,74,322
25,0,0.9,75,328
25,0,0.9,76,292
25,0,0.9,77,313
25,0,0.9,78,323
25,0,0.9,79,362
25,0,0.9,80,343
25,0,0.9,81,342
25,0,0.9,82,353
25,0,0.9,83,325
25,0,0.9,84,312
25,0,0.9,85,363
25,0,0.9,86,341
25,0,0.9,87,303
25,0,0.9,88,333
25,0,0.9,89,367
25,0,0.9,90,350
25,0,0.9,91,359
25,0,0.9,92,325
25,0,0.9,93,338
25,0,0.9,94,345
25,0,0.9,95,388
25,0,0.9,96,395
25,0,0.9,97,376
25,0,0.9,98,385
25,0,0.9,99,375
25,0,0.9,100,415
25,0,0.9,101,449
25,0,0.9,102,406
25,0,0.9,103,388
25,0,0.9,104,418
25,0,0.9,105,414
25,0,0.9,106,424
25,0,0.9,107,449
25,0,0.9,108,433
25,0,0.9,109,442
25,0,0.9,110,418
25,0,0.9,111,414
25,0,0.9,112,490
25,0,0.9,113,477
25,0,0.9,114,484
25,0,0.9,115,504
25,0,0.9,116,531
25,0,0.9,117,564
25,0,0.9,118,516
25,0,0.9,119,549
25,0,0.9,120,583
25,0,0.9,121,665
25,0,0.9,122,635
25,0,0.9,123,728
25,0,0.9,124,857
25,0,0.9,125,820
25,0,0.9,126,1010
25,0,0.9,127,1309
25,0,0.9,128,3706
25,1,0.14,0,29082
25,1,0.14,1,6765
25,1,0.14,2,4002
25,1,0.14,3,2846
25,1,0.14,4,2110
25,1,0.14,5,1719
25,1,0.14,6,1404
25,1,0.14,7,1181
25,1,0.14,8,1012
25,1,0.14,9,828
25,1,0.14,10,755
25,1,0.14,11,640
25,1,0.14,12,601
25,1,0.14,13,553
25,1,0.14,14,450
25,1,0.14,15,440
25,1,0.14,16,447
25,1,0.14,17,359
25,1,0.14,18,307
25,1,0.14,19,320
25,1,0.14,20,315
25,1,0.14,21,290
25,1,0.14,22,267
25,1,0.14,23,253
25,1,0.14,24,222
25,1,0.14,25,225
25,1,0.14,26,196
25,1,0.14,27,189
25,1,0.14,28,183
25,1,0.14,29,195
25,1,0.14,30,182
25,1,0.14,31,194
25,1,0.14,32,126
25,1,0.14,33,150
25,1,0.14,34,159
25,1,0.14,35,152
25,1,0.14,36,160
25,1,0.14,37,156
25,1,0.14,38,133
25,1,0.14,39,143
25,1,0.14,40,145
25,1,0.14,41,131
25,1,0.14,42,115
25,1,0.14,43,130
25,1,0.14,44,136
25,1,0.14,45,95
25,1,0.14,46,116
25,1,0.14,47,112
25,1,0.14,48,112
25,1,0.14,49,105
25,1,0.14,50,97
25,1,0.14,51,96
25,1,0.14,52,84
25,1,0.14,53,96
25,1,0.14,54,93
25,1,0.14,55,75
25,1,0.14,56,85
25,1,0.14,57,92
25,1,0.14,58,79
25,1,0.14,59,79
25,1,0.14,60,58
25,1,0.14,61,76
25,1,0.14,62,53
25,1,0.14,63,55
25,1,0.14,64,59
25,1,0.14,65,59
25,1,0.14,66,55
25,1,0.14,67,55
25,1,0.14,68,52
25,1,0.14,69,49
25,1,0.14,70,48
25,1,0.14,71,61
25,1,0.14,72,47
25,1,0.14,73,48
25,1,0.14,74,43
25,1,0.14,75,47
25,1,0.14,76,58
25,1,0.14,77,46
25,1,0.14,78,51
25,1,0.14,79,41
25,1,0.14,80,41
25,1,0.14,81,57
25,1,0.14,82,42
25,1,0.14,83,45
25,1,0.14,84,34
25,1,0.14,85,49
25,1,0.14,86,40
25,1,0.14,87,36
25,1,0.14,88,35
25,1,0.14,89,35
25,1,0.14,90,41
25,1,0.14,91,36
25,1,0.14,92,37
25,1,0.14,93,46
25,1,0.14,94,36
25,1,0.14,95,29
25,1,0.14,96,21
25,1,0.14,97,27
25,1,0.14,98,30
25,1,0.14,99,29
25,1,0.14,100,30
25,1,0.14,101,38
25,1,0.14,102,43
25,1,0.14,103,31
25,1,0.14,104,28
25,1,0.14,105,32
25,1,0.14,106,35
25,1,0.14,107,25
25,1,0.14,108,25
25,1,0.14,109,22
25,1,0.14,110,31
25,1,0.14,111,38
25,1,0.14,112,34
25,1,0.14,113,43
25,1,0.14,114,31
25,1,0.14,115,26
25,1,0.14,116,28
25,1,0.14,117,36
25,1,0.14,118,23
25,1,0.14,119,34
25,1,0.14,120,26
25,1,0.14,121,37
25,1,0.14,122,45
25,1,0.14,123,41
25,1,0.14,124,29
25,1,0.14,125,28
25,1,0.14,126,25
25,1,0.14,127,35
25,1,0.14,128,1046
25,1,0.49,0,19203
25,1,0.49,1,4954
25,1,0.49,2,3546
25,1,0.49,3,2711
25,1,0.49,4,2267
25,1,0.49,5,1988
25,1,0.49,6,1593
25,1,0.49,7,1453
25,1,0.49,8,1376
25,1,0.49,9,1114
25,1,0.49,10,1170
25,1,0.49,11,985
25,1,0.49,12,878
25,1,0.49,13,834
25,1,0.49,14,741
25,1,0.49,15,752
25,1,0.49,16,699
25,1,0.49,17,691
25,1,0.49,18,612
25,1,0.49,19,564
25,1,0.49,20,496
25,1,0.49,21,509
25,1,0.49,22,501
25,1,0.49,23,462
25,1,0.49,24,373
25,1,0.49,25,395
25,1,0.49,26,396
25,1,0.49,27,372
25,1,0.49,28,354
25,1,0.49,29,341
25,1,0.49,30,336
25,1,0.49,31,322
25,1,0.49,32,289
25,1,0.49,33,301
25,1,0.49,34,284
25,1,0.49,35,253
25,1,0.49,36,235
25,1,0.49,37,275
25,1,0.49,38,255
25,1,0.49,39,237
25,1,0.49,40,227
25,1,0.49,41,209
25,1,0.49,42,230
25,1,0.49,43,218
25,1,0.49,44,206
25,1,0.49,45,197
25,1,0.49,46,212
25,1,0.49,47,199
25,1,0.49,48,182
25,1,0.49,49,196
25,1,0.49,50,166
25,1,0.49,51,205
25,1,0.49,52,171
25,1,0.49,53,167
25,1,0.49,54,173
25,1,0.49,55,155
25,1,0.49,56,176
25,1,0.49,57,156
25,1,0.49,58,164
25,1,0.49,59,152
25,1,0.49,60,152
25,1,0.49,61,153
25,1,0.49,62,184
25,1,0.49,63,164
25,1,0.49,64,129
25,1,0.49,65,137
25,1,0.49,66,124
25,1,0.49,67,125
25,1,0.49,68,128
25,1,0.49,69,110
25,1,0.49,70,108
25,1,0.49,71,96
25,1,0.49,72,113
25,1,0.49,73,98
25,1,0.49,74,97
25,1,0.49,75,83
25,1,0.49,76,99
25,1,0.49,77,92
25,1,0.49,78,76
25,1,0.49,79,86
25,1,0.49,80,100
25,1,0.49,81,93
25,1,0.49,82,68
25,1,0.49,83,86
25,1,0.49,84,67
25,1,0.49,85,86
25,1,0.49,86,72
25,1,0.49,87,64
25,1,0.49,88,58
25,1,0.49,89,67
25,1,0.49,90,70
25,1,0.49,91,62
25,1,0.49,92,81
25,1,0.49,93,54
25,1,0.49,94,53
25,1,0.49,95,53
25,1,0.49,96,63
25,1,0.49,97,51
25,1,0.49,98,63
25,1,0.49,99,70
25,1,0.49,100,71
25,1,0.49,101,52
25,1,0.49,102,64
25,1,0.49,103,45
25,1,0.49,104,55
25,1,0.49,105,61
25,1,0.49,106,51
25,1,0.49,107,60
25,1,0.49,108,52
25,1,0.49,109,48
25,1,0.49,110,51
25,1,0.49,111,52
25,1,0.49,112,57
25,1,0.49,113,44
25,1,0.49,114,64
25,1,0.49,115,52
25,1,0.49,116,55
25,1,0.49,117,56
25,1,0.49,118,52
25,1,0.49,119,74
25,1,0.49,120,62
25,1,0.49,121,62
25,1,0.49,122,52
25,1,0.49,123,90
25,1,0.49,124,78
25,1,0.49,125,98
25,1,0.49,126,100
25,1,0.49,127,99
25,1,0.49,128,1166
25,1,0.89,0,7590
25,1,0.89,1,2785
25,1,0.89,2,1723
25,1,0.89,3,1281
25,1,0.89,4,983
25,1,0.89,5,768
25,1,0.89,6,647
25,1,0.89,7,608
25,1,0.89,8,561
25,1,0.89,9,517
25,1,0.89,10,476
25,1,0.89,11,495
25,1,0.89,12,484
25,1,0.89,13,400
25,1,0.89,14,437
25,1,0.89,15,375
25,1,0.89,16,349
25,1,0.89,17,378
25,1,0.89,18,332
25,1,0.89,19,310
25,1,0.89,20,308
25,1,0.89,21,298
25,1,0.89,22,343
25,1,0.89,23,320
25,1,0.89,24,300
25,1,0.89,25,327
25,1,0.89,26,301
25,1,0.89,27,302
25,1,0.89,28,293
25,1,0.89,29,270
25,1,0.89,30,283
25,1,0.89,31,305
25,1,0.89,32,294
25,1,0.89,33,279
25,1,0.89,34,258
25,1,0.89,35,286
25,1,0.89,36,263
25,1,0.89,37,289
25,1,0.89,38,291
25,1,0.89,39,265
25,1,0.89,40,270
25,1,0.89,41,296
25,1,0.89,42,265
25,1,0.89,43,274
25,1,0.89,44,282
25,1,0.89,45,264
25,1,0.89,46,264
25,1,0.89,47,254
25,1,0.89,48,268
25,1,0.89,49,256
25,1,0.89,50,266
25,1,0.89,51,289
25,1,0.89,52,298
25,1,0.89,53,297
25,1,0.89,54,254
25,1,0.89,55,259
25,1,0.89,56,267
25,1,0.89,57,275
25,1,0.89,58,282
25,1,0.89,59,262
25,1,0.89,60,283
25,1,0.89,61,286
25,1,0.89,62,289
25,1,0.89,63,278
25,1,0.89,64,285
25,1,0.89,65,300
25,1,0.89,66,292
25,1,0.89,67,336
25,1,0.89,68,349
25,1,0.89,69,291
25,1,0.89,70,306
25,1,0.89,71,310
25,1,0.89,72,293
25,1,0.89,73,302
25,1,0.89,74,329
25,1,0.89,75,314
25,1,0.89,76,322
25,1,0.89,77,324
25,1,0.89,78,358
25,1,0.89,79,326
25,1,0.89,80,336
25,1,0.89,81,328
25,1,0.89,82,325
25,1,0.89,83,337
25,1,0.89,84,333
25,1,0.89,85,336
25,1,0.89,86,371
25,1,0.89,87,369
25,1,0.89,88,373
25,1,0.89,89,373
25,1,0.89,90,340
25,1,0.89,91,320
25,1,0.89,92,371
25,1,0.89,93,370
25,1,0.89,94,362
25,1,0.89,95,373
25,1,0.89,96,395
25,1,0.89,97,372
25,1,0.89,98,384
25,1,0.89,99,372
25,1,0.89,100,438
25,1,0.89,101,427
25,1,0.89,102,407
25,1,0.89,103,383
25,1,0.89,104,390
25,1,0.89,105,432
25,1,0.89,106,425
25,1,0.89,107,456
25,1,0.89,108,386
25,1,0.89,109,438
25,1,0.89,110,411
25,1,0.89,111,471
25,1,0.89,112,505
25,1,0.89,113,508
25,1,0.89,114,497
25,1,0.89,115,544
25,1,0.89,116,548
25,1,0.89,117,545
25,1,0.89,118,557
25,1,0.89,119,552
25,1,0.89,120,604
25,1,0.89,121,668
25,1,0.89,122,715
25,1,0.89,123,747
25,1,0.89,124,762
25,1,0.89,125,878
25,1,0.89,126,988
25,1,0.89,127,1279
25,1,0.89,128,3446
26,0,0.15,0,31435
26,0,0.15,1,7021
26,0,0.15,2,4027
26,0,0.15,3,2758
26,0,0.15,4,2062
26,0,0.15,5,1542
26,0,0.15,6,1309
26,0,0.15,7,1056
26,0,0.15,8,863
26,0,0.15,9,823
26,0,0.15,10,704
26,0,0.15,11,660
26,0,0.15,12,502
26,0,0.15,13,411
26,0,0.15,14,419
26,0,0.15,15,364
26,0,0.15,16,353
26,0,0.15,17,339
26,0,0.15,18,285
26,0,0.15,19,258
26,0,0.15,20,258
26,0,0.15,21,254
26,0,0.15,22,246
26,0,0.15,23,224
26,0,0.15,24,187
26,0,0.15,25,166
26,0,0.15,26,191
26,0,0.15,27,188
26,0,0.15,28,158
26,0,0.15,29,132
26,0,0.15,30,166
26,0,0.15,31,142
26,0,0.15,32,126
26,0,0.15,33,127
26,0,0.15,34,135
26,0,0.15,35,123
26,0,0.15,36,91
26,0,0.15,37,120
26,0,0.15,38,111
26,0,0.15,39,99
26,0,0.15,40,90
26,0,0.15,41,85
26,0,0.15,42,89
26,0,0.15,43,81
26,0,0.15,44,89
26,0,0.15,45,106
26,0,0.15,46,76
26,0,0.15,47,70
26,0,0.15,48,85
26,0,0.15,49,72
26,0,0.15,50,81
26,0,0.15,51,77
26,0,0.15,52,80
26,0,0.15,53,70
26,0,0.15,54,83
26,0,0.15,55,69
26,0,0.15,56,78
26,0,0.15,57,67
26,0,0.15,58,69
26,0,0.15,59,71
26,0,0.15,60,80
26,0,0.15,61,66
26,0,0.15,62,69
26,0,0.15,63,63
26,0,0.15,64,53
26,0,0.15,65,53
26,0,0.15,66,62
26,0,0.15,67,57
26,0,0.15,68,64
26,0,0.15,69,56
26,0,0.15,70,40
26,0,0.15,71,52
26,0,0.15,72,51
26,0,0.15,73,44
26,0,0.15,74,47
26,0,0.15,75,59
26,0,0.15,76,39
26,0,0.15,77,45
26,0,0.15,78,48
26,0,0.15,79,39
26,0,0.15,80,33
26,0,0.15,81,35
26,0,0.15,82,40
26,0,0.15,83,34
26,0,0.15,84,38
26,0,0.15,85,39
26,0,0.15,86,40
26,0,0.15,87,29
26,0,0.15,88,38
26,0,0.15,89,27
26,0,0.15,90,32
26,0,0.15,91,32
26,0,0.15,92,40
26,0,0.15,93,25
26,0,0.15,94,31
26,0,0.15,95,39
26,0,0.15,96,27
26,0,0.15,97,31
26,0,0.15,98,33
26,0,0.15,99,36
26,0,0.15,100,36
26,0,0.15,101,31
26,0,0.15,102,21
26,0,0.15,103,37
26,0,0.15,104,23
26,0,0.15,105,36
26,0,0.15,106,19
26,0,0.15,107,23
26,0,0.15,108,29
26,0,0.15,109,35
26,0,0.15,110,21
26,0,0.15,111,30
26,0,0.15,112,24
26,0,0.15,113,29
26,0,0.15,114,35
26,0,0.15,115,33
26,0,0.15,116,21
26,0,0.15,117,17
26,0,0.15,118,25
26,0,0.15,119,28
26,0,0.15,120,21
26,0,0.15,121,22
26,0,0.15,122,17
26,0,0.15,123,22
26,0,0.15,124,21
26,0,0.15,125,27
26,0,0.15,126,17
26,0,0.15,127,15
26,0,0.15,128,1032
26,0,0.5,0,19399
26,0,0.5,1,5352
26,0,0.5,2,3665
26,0,0.5,3,2743
26,0,0.5,4,2235
26,0,0.5,5,1963
26,0,0.5,6,1678
26,0,0.5,7,1468
26,0,0.5,8,1283
26,0,0.5,9,1188
26,0,0.5,10,1044
26,0,0.5,11,968
26,0,0.5,12,873
26,0,0.5,13,837
26,0,0.5,14,769
26,0,0.5,15,680
26,0,0.5,16,657
26,0,0.5,17,639
26,0,0.5,18,593
26,0,0.5,19,552
26,0,0.5,20,465
26,0,0.5,21,460
26,0,0.5,22,451
26,0,0.5,23,412
26,0,0.5,24,390
26,0,0.5,25,350
26,0,0.5,26,343
26,0,0.5,27,341
26,0,0.5,28,330
26,0,0.5,29,345
26,0,0.5,30,289
26,0,0.5,31,314
26,0,0.5,32,233
26,0,0.5,33,262
26,0,0.5,34,257
26,0,0.5,35,267
26,0,0.5,36,266
26,0,0.5,37,235
26,0,0.5,38,221
26,0,0.5,39,237
26,0,0.5,40,224
26,0,0.5,41,194
26,0,0.5,42,194
26,0,0.5,43,187
26,0,0.5,44,174
26,0,0.5,45,167
26,0,0.5,46,165
26,0,0.5,47,191
26,0,0.5,48,141
26,0,0.5,49,180
26,0,0.5,50,149
26,0,0.5,51,150
26,0,0.5,52,149
26,0,0.5,53,135
26,0,0.5,54,133
26,0,0.5,55,129
26,0,0.5,56,157
26,0,0.5,57,153
26,0,0.5,58,141
26,0,0.5,59,132
26,0,0.5,60,132
26,0,0.5,61,112
26,0,0.5,62,132
26,0,0.5,63,144
26,0,0.5,64,127
26,0,0.5,65,129
26,0,0.5,66,130
26,0,0.5,67,123
26,0,0.5,68,111
26,0,0.5,69,118
26,0,0.5,70,115
26,0,0.5,71,103
26,0,0.5,72,96
26,0,0.5,73,97
26,0,0.5,74,97
26,0,0.5,75,114
26,0,0.5,76,94
26,0,0.5,77,96
26,0,0.5,78,78
26,0,0.5,79,93
26,0,0.5,80,77
26,0,0.5,81,86
26,0,0.5,82,75
26,0,0.5,83,64
26,0,0.5,84,95
26,0,0.5,85,92
26,0,0.5,86,87
26,0,0.5,87,75
26,0,0.5,88,88
26,0,0.5,89,86
26,0,0.5,90,75
26,0,0.5,91,77
26,0,0.5,92,74
26,0,0.5,93,79
26,0,0.5,94,83
26,0,0.5,95,82
26,0,0.5,96,71
26,0,0.5,97,74
26,0,0.5,98,84
26,0,0.5,99,73
26,0,0.5,100,72
26,0,0.5,101,67
26,0,0.5,102,70
26,0,0.5,103,70
26,0,0.5,104,76
26,0,0.5,105,62
26,0,0.5,106,80
26,0,0.5,107,66
26,0,0.5,108,76
26,0,0.5,109,79
26,0,0.5,110,62
26,0,0.5,111,74
26,0,0.5,112,73
26,0,0.5,113,85
26,0,0.5,114,89
26,0,0.5,115,82
26,0,0.5,116,68
26,0,0.5,117,81
26,0,0.5,118,91
26,0,0.5,119,78
26,0,0.5,120,72
26,0,0.5,121,86
26,0,0.5,122,88
26,0,0.5,123,111
26,0,0.5,124,93
26,0,0.5,125,111
26,0,0.5,126,109
26,0,0.5,127,101
26,0,0.5,128,1127
26,0,0.9,0,7592
26,0,0.9,1,2605
26,0,0.9,2,1660
26,0,0.9,3,1219
26,0,0.9,4,1008
26,0,0.9,5,913
26,0,0.9,6,763
26,0,0.9,7,688
26,0,0.9,8,622
26,0,0.9,9,575
26,0,0.9,10,539
26,0,0.9,11,457
26,0,0.9,12,451
26,0,0.9,13,457
26,0,0.9,14,430
26,0,0.9,15,424
26,0,0.9,16,435
26,0,0.9,17,387
26,0,0.9,18,380
26,0,0.9,19,341
26,0,0.9,20,370
26,0,0.9,21,356
26,0,0.9,22,360
26,0,0.9,23,342
26,0,0.9,24,328
26,0,0.9,25,312
26,0,0.9,26,338
26,0,0.9,27,333
26,0,0.9,28,284
26,0,0.9,29,296
26,0,0.9,30,305
26,0,0.9,31,332
26,0,0.9,32,328
26,0,0.9,33,328
26,0,0.9,34,296
26,0,0.9,35,317
26,0,0.9,36,297
26,0,0.9,37,280
26,0,0.9,38,303
26,0,0.9,39,292
26,0,0.9,40,288
26,0,0.9,41,294
26,0,0.9,42,274
26,0,0.9,43,298
26,0,0.9,44,286
26,0,0.9,45,286
26,0,0.9,46,316
26,0,0.9,47,267
26,0,0.9,48,291
26,0,0.9,49,291
26,0,0.9,50,285
26,0,0.9,51,288
26,0,0.9,52,257
26,0,0.9,53,265
26,0,0.9,54,273
26,0,0.9,55,262
26,0,0.9,56,264
26,0,0.9,57,305
26,0,0.9,58,307
26,0,0.9,59,255
26,0,0.9,60,276
26,0,0.9,61,293
26,0,0.9,62,286
26,0,0.9,63,286
26,0,0.9,64,307
26,0,0.9,65,302
26,0,0.9,66,271
26,0,0.9,67,291
26,0,0.9,68,280
26,0,0.9,69,298
26,0,0.9,70,261
26,0,0.9,71,293
26,0,0.9,72,296
26,0,0.9,73,292
26,0,0.9,74,263
26,0,0.9,75,293
26,0,0.9,76,268
26,0,0.9,77,276
26,0,0.9,78,311
26,0,0.9,79,292
26,0,0.9,80,333
26,0,0.9,81,304
26,0,0.9,82,286
26,0,0.9,83,297
26,0,0.9,84,305
26,0,0.9,85,313
26,0,0.9,86,315
26,0,0.9,87,296
26,0,0.9,88,306
26,0,0.9,89,303
26,0,0.9,90,313
26,0,0.9,91,312
26,0,0.9,92,310
26,0,0.9,93,342
26,0,0.9,94,338
26,0,0.9,95,319
26,0,0.9,96,333
26,0,0.9,97,357
26,0,0.9,98,356
26,0,0.9,99,366
26,0,0.9,100,379
26,0,0.9,101,376
26,0,0.9,102,358
26,0,0.9,103,355
26,0,0.9,104,392
26,0,0.9,105,414
26,0,0.9,106,394
26,0,0.9,107,419
26,0,0.9,108,401
26,0,0.9,109,422
26,0,0.9,110,417
26,0,0.9,111,449
26,0,0.9,112,447
26,0,0.9,113,453
26,0,0.9,114,453
26,0,0.9,115,547
26,0,0.9,116,474
26,0,0.9,117,518
26,0,0.9,118,551
26,0,0.9,119,574
26,0,0.9,120,569
26,0,0.9,121,645
26,0,0.9,122,671
26,0,0.9,123,691
26,0,0.9,124,705
26,0,0.9,125,793
26,0,0.9,126,976
26,0,0.9,127,1259
26,0,0.9,128,4300
26,1,0.14,0,31222
26,1,0.14,1,6806
26,1,0.14,2,4027
26,1,0.14,3,2737
26,1,0.14,4,1968
26,1,0.14,5,1545
26,1,0.14,6,1268
26,1,0.14,7,1049
26,1,0.14,8,908
26,1,0.14,9,754
26,1,0.14,10,619
26,1,0.14,11,573
26,1,0.14,12,501
26,1,0.14,13,450
26,1,0.14,14,458
26,1,0.14,15,334
26,1,0.14,16,367
26,1,0.14,17,307
26,1,0.14,18,298
26,1,0.14,19,248
26,1,0.14,20,243
26,1,0.14,21,236
26,1,0.14,22,239
26,1,0.14,23,226
26,1,0.14,24,199
26,1,0.14,25,182
26,1,0.14,26,158
26,1,0.14,27,161
26,1,0.14,28,157
26,1,0.14,29,153
26,1,0.14,30,159
26,1,0.14,31,137
26,1,0.14,32,155
26,1,0.14,33,138
26,1,0.14,34,96
26,1,0.14,35,114
26,1,0.14,36,124
26,1,0.14,37,122
26,1,0.14,38,114
26,1,0.14,39,99
26,1,0.14,40,90
26,1,0.14,41,112
26,1,0.14,42,118
26,1,0.14,43,97
26,1,0.14,44,98
26,1,0.14,45,93
26,1,0.14,46,81
26,1,0.14,47,83
26,1,0.14,48,67
26,1,0.14,49,63
26,1,0.14,50,87
26,1,0.14,51,71
26,1,0.14,52,96
26,1,0.14,53,82
26,1,0.14,54,108
26,1,0.14,55,73
26,1,0.14,56,80
26,1,0.14,57,78
26,1,0.14,58,65
26,1,0.14,59,78
26,1,0.14,60,73
26,1,0.14,61,75
26,1,0.14,62,63
26,1,0.14,63,87
26,1,0.14,64,64
26,1,0.14,65,54
26,1,0.14,66,74
26,1,0.14,67,69
26,1,0.14,68,59
26,1,0.14,69,59
26,1,0.14,70,56
26,1,0.14,71,59
26,1,0.14,72,58
26,1,0.14,73,54
26,1,0.14,74,61
26,1,0.14,75,63
26,1,0.14,76,35
26,1,0.14,77,56
26,1,0.14,78,60
26,1,0.14,79,43
26,1,0.14,80,38
26,1,0.14,81,59
26,1,0.14,82,46
26,1,0.14,83,49
26,1,0.14,84,47
26,1,0.14,85,39
26,1,0.14,86,44
26,1,0.14,87,53
26,1,0.14,88,47
26,1,0.14,89,52
26,1,0.14,90,39
26,1,0.14,91,43
26,1,0.14,92,53
26,1,0.14,93,41
26,1,0.14,94,41
26,1,0.14,95,41
26,1,0.14,96,40
26,1,0.14,97,35
26,1,0.14,98,47
26,1,0.14,99,51
26,1,0.14,100,43
26,1,0.14,101,46
26,1,0.14,102,51
26,1,0.14,103,40
26,1,0.14,104,40
26,1,0.14,105,35
26,1,0.14,106,37
26,1,0.14,107,39
26,1,0.14,108,31
26,1,0.14,109,36
26,1,0.14,110,32
26,1,0.14,111,29
26,1,0.14,112,39
26,1,0.14,113,46
26,1,0.14,114,38
26,1,0.14,115,41
26,1,0.14,116,33
26,1,0.14,117,40
26,1,0.14,118,35
26,1,0.14,119,40
26,1,0.14,120,31
26,1,0.14,121,24
26,1,0.14,122,28
26,1,0.14,123,29
26,1,0.14,124,35
26,1,0.14,125,29
26,1,0.14,126,26
26,1,0.14,127,29
26,1,0.14,128,1036
26,1,0.49,0,19497
26,1,0.49,1,5346
26,1,0.49,2,3710
26,1,0.49,3,2754
26,1,0.49,4,2265
26,1,0.49,5,1945
26,1,0.49,6,1550
26,1,0.49,7,1508
26,1,0.49,8,1334
26,1,0.49,9,1163
26,1,0.49,10,1083
26,1,0.49,11,942
26,1,0.49,12,902
26,1,0.49,13,820
26,1,0.49,14,732
26,1,0.49,15,691
26,1,0.49,16,648
26,1,0.49,17,600
26,1,0.49,18,577
26,1,0.49,19,533
26,1,0.49,20,486
26,1,0.49,21,468
26,1,0.49,22,445
26,1,0.49,23,425
26,1,0.49,24,395
26,1,0.49,25,356
26,1,0.49,26,363
26,1,0.49,27,338
26,1,0.49,28,325
26,1,0.49,29,283
26,1,0.49,30,286
26,1,0.49,31,325
26,1,0.49,32,256
26,1,0.49,33,275
26,1,0.49,34,257
26,1,0.49,35,223
26,1,0.49,36,253
26,1,0.49,37,236
26,1,0.49,38,197
26,1,0.49,39,219
26,1,0.49,40,219
26,1,0.49,41,218
26,1,0.49,42,192
26,1,0.49,43,208
26,1,0.49,44,182
26,1,0.49,45,177
26,1,0.49,46,179
26,1,0.49,47,190
26,1,0.49,48,178
26,1,0.49,49,181
26,1,0.49,50,135
26,1,0.49,51,150
26,1,0.49,52,162
26,1,0.49,53,136
26,1,0.49,54,116
26,1,0.49,55,152
26,1,0.49,56,139
26,1,0.49,57,143
26,1,0.49,58,148
26,1,0.49,59,133
26,1,0.49,60,140
26,1,0.49,61,145
26,1,0.49,62,150
26,1,0.49,63,124
26,1,0.49,64,132
26,1,0.49,65,141
26,1,0.49,66,119
26,1,0.49,67,125
26,1,0.49,68,115
26,1,0.49,69,90
26,1,0.49,70,125
26,1,0.49,71,100
26,1,0.49,72,92
26,1,0.49,73,85
26,1,0.49,74,105
26,1,0.49,75,77
26,1,0.49,76,90
26,1,0.49,77,76
26,1,0.49,78,82
26,1,0.49,79,88
26,1,0.49,80,94
26,1,0.49,81,96
26,1,0.49,82,89
26,1,0.49,83,83
26,1,0.49,84,73
26,1,0.49,85,86
26,1,0.49,86,83
26,1,0.49,87,70
26,1,0.49,88,78
26,1,0.49,89,76
26,1,0.49,90,85
26,1,0.49,91,66
26,1,0.49,92,86
26,1,0.49,93,78
26,1,0.49,94,66
26,1,0.49,95,69
26,1,0.49,96,79
26,1,0.49,97,81
26,1,0.49,98,57
26,1,0.49,99,74
26,1,0.49,100,63
26,1,0.49,101,73
26,1,0.49,102,69
26,1,0.49,103,67
26,1,0.49,104,74
26,1,0.49,105,69
26,1,0.49,106,74
26,1,0.49,107,71
26,1,0.49,108,78
26,1,0.49,109,65
26,1,0.49,110,72
26,1,0.49,111,76
26,1,0.49,112,78
26,1,0.49,113,78
26,1,0.49,114,76
26,1,0.49,115,88
26,1,0.49,116,78
26,1,0.49,117,86
26,1,0.49,118,89
26,1,0.49,119,75
26,1,0.49,120,84
26,1,0.49,121,99
26,1,0.49,122,83
26,1,0.49,123,108
26,1,0.49,124,100
26,1,0.49,125,102
26,1,0.49,126,107
26,1,0.49,127,105
26,1,0.49,128,1130
26,1,0.89,0,7123
26,1,0.89,1,2585
26,1,0.89,2,1643
26,1,0.89,3,1247
26,1,0.89,4,1045
26,1,0.89,5,890
26,1,0.89,6,787
26,1,0.89,7,694
26,1,0.89,8,611
26,1,0.89,9,616
26,1,0.89,10,513
26,1,0.89,11,491
26,1,0.89,12,510
26,1,0.89,13,455
26,1,0.89,14,428
26,1,0.89,15,412
26,1,0.89,16,399
26,1,0.89,17,441
26,1,0.89,18,389
26,1,0.89,19,398
26,1,0.89,20,367
26,1,0.89,21,375
26,1,0.89,22,380
26,1,0.89,23,356
26,1,0.89,24,334
26,1,0.89,25,359
26,1,0.89,26,341
26,1,0.89,27,327
26,1,0.89,28,326
26,1,0.89,29,331
26,1,0.89,30,315
26,1,0.89,31,315
26,1,0.89,32,303
26,1,0.89,33,315
26,1,0.89,34,307
26,1,0.89,35,314
26,1,0.89,36,301
26,1,0.89,37,308
26,1,0.89,38,296
26,1,0.89,39,280
26,1,0.89,40,297
26,1,0.89,41,290
26,1,0.89,42,309
26,1,0.89,43,278
26,1,0.89,44,279
26,1,0.89,45,290
26,1,0.89,46,301
26,1,0.89,47,265
26,1,0.89,48,313
26,1,0.89,49,257
26,1,0.89,50,274
26,1,0.89,51,255
26,1,0.89,52,308
26,1,0.89,53,254
26,1,0.89,54,267
26,1,0.89,55,286
26,1,0.89,56,269
26,1,0.89,57,278
26,1,0.89,58,304
26,1,0.89,59,262
26,1,0.89,60,280
26,1,0.89,61,282
26,1,0.89,62,274
26,1,0.89,63,290
26,1,0.89,64,304
26,1,0.89,65,284
26,1,0.89,66,286
26,1,0.89,67,327
26,1,0.89,68,290
26,1,0.89,69,287
26,1,0.89,70,284
26,1,0.89,71,319
26,1,0.89,72,321
26,1,0.89,73,291
26,1,0.89,74,304
26,1,0.89,75,314
26,1,0.89,76,310
26,1,0.89,77,307
26,1,0.89,78,278
26,1,0.89,79,320
26,1,0.89,80,281
26,1,0.89,81,293
26,1,0.89,82,281
26,1,0.89,83,301
26,1,0.89,84,323
26,1,0.89,85,312
26,1,0.89,86,316
26,1,0.89,87,320
26,1,0.89,88,317
26,1,0.89,89,302
26,1,0.89,90,336
26,1,0.89,91,341
26,1,0.89,92,323
26,1,0.89,93,348
26,1,0.89,94,331
26,1,0.89,95,344
26,1,0.89,96,345
26,1,0.89,97,321
26,1,0.89,98,359
26,1,0.89,99,397
26,1,0.89,100,374
26,1,0.89,101,330
26,1,0.89,102,394
26,1,0.89,103,396
26,1,0.89,104,364
26,1,0.89,105,348
26,1,0.89,106,416
26,1,0.89,107,428
26,1,0.89,108,461
26,1,0.89,109,461
26,1,0.89,110,429
26,1,0.89,111,412
26,1,0.89,112,472
26,1,0.89,113,459
26,1,0.89,114,487
26,1,0.89,115,479
26,1,0.89,116,521
26,1,0.89,117,536
26,1,0.89,118,546
26,1,0.89,119,499
26,1,0.89,120,640
26,1,0.89,121,617
26,1,0.89,122,658
26,1,0.89,123,657
26,1,0.89,124,771
26,1,0.89,125,848
26,1,0.89,126,934
26,1,0.89,127,1321
26,1,0.89,128,3972
27,0,0.15,0,32052
27,0,0.15,1,7698
27,0,0.15,2,4318
27,0,0.15,3,2797
27,0,0.15,4,2104
27,0,0.15,5,1565
27,0,0.15,6,1247
27,0,0.15,7,988
27,0,0.15,8,800
27,0,0.15,9,711
27,0,0.15,10,603
27,0,0.15,11,566
27,0,0.15,12,458
27,0,0.15,13,450
27,0,0.15,14,374
27,0,0.15,15,333
27,0,0.15,16,324
27,0,0.15,17,284
27,0,0.15,18,272
27,0,0.15,19,248
27,0,0.15,20,214
27,0,0.15,21,234
27,0,0.15,22,189
27,0,0.15,23,172
27,0,0.15,24,156
27,0,0.15,25,163
27,0,0.15,26,164
27,0,0.15,27,153
27,0,0.15,28,151
27,0,0.15,29,112
27,0,0.15,30,118
27,0,0.15,31,131
27,0,0.15,32,121
27,0,0.15,33,97
27,0,0.15,34,95
27,0,0.15,35,82
27,0,0.15,36,80
27,0,0.15,37,87
27,0,0.15,38,99
27,0,0.15,39,81
27,0,0.15,40,85
27,0,0.15,41,74
27,0,0.15,42,76
27,0,0.15,43,69
27,0,0.15,44,77
27,0,0.15,45,74
27,0,0.15,46,68
27,0,0.15,47,62
27,0,0.15,48,75
27,0,0.15,49,56
27,0,0.15,50,46
27,0,0.15,51,58
27,0,0.15,52,60
27,0,0.15,53,48
27,0,0.15,54,48
27,0,0.15,55,58
27,0,0.15,56,42
27,0,0.15,57,40
27,0,0.15,58,45
27,0,0.15,59,59
27,0,0.15,60,54
27,0,0.15,61,53
27,0,0.15,62,58
27,0,0.15,63,64
27,0,0.15,64,47
27,0,0.15,65,31
27,0,0.15,66,43
27,0,0.15,67,42
27,0,0.15,68,47
27,0,0.15,69,46
27,0,0.15,70,49
27,0,0.15,71,47
27,0,0.15,72,38
27,0,0.15,73,41
27,0,0.15,74,31
27,0,0.15,75,41
27,0,0.15,76,43
27,0,0.15,77,50
27,0,0.15,78,30
27,0,0.15,79,44
27,0,0.15,80,33
27,0,0.15,81,38
27,0,0.15,82,39
27,0,0.15,83,34
27,0,0.15,84,32
27,0,0.15,85,34
27,0,0.15,86,35
27,0,0.15,87,38
27,0,0.15,88,32
27,0,0.15,89,32
27,0,0.15,90,34
27,0,0.15,91,35
27,0,0.15,92,31
27,0,0.15,93,34
27,0,0.15,94,36
27,0,0.15,95,36
27,0,0.15,96,38
27,0,0.15,97,29
27,0,0.15,98,38
27,0,0.15,99,31
27,0,0.15,100,28
27,0,0.15,101,31
27,0,0.15,102,29
27,0,0.15,103,32
27,0,0.15,104,27
27,0,0.15,105,33
27,0,0.15,106,33
27,0,0.15,107,37
27,0,0.15,108,27
27,0,0.15,109,30
27,0,0.15,110,26
27,0,0.15,111,24
27,0,0.15,112,26
27,0,0.15,113,28
27,0,0.15,114,21
27,0,0.15,115,18
27,0,0.15,116,28
27,0,0.15,117,31
27,0,0.15,118,27
27,0,0.15,119,27
27,0,0.15,120,26
27,0,0.15,121,26
27,0,0.15,122,22
27,0,0.15,123,28
27,0,0.15,124,29
27,0,0.15,125,23
27,0,0.15,126,31
27,0,0.15,127,36
27,0,0.15,128,1053
27,0,0.5,0,18594
27,0,0.5,1,5919
27,0,0.5,2,3906
27,0,0.5,3,2982
27,0,0.5,4,2455
27,0,0.5,5,2049
27,0,0.5,6,1752
27,0,0.5,7,1596
27,0,0.5,8,1470
27,0,0.5,9,1218
27,0,0.5,10,1140
27,0,0.5,11,973
27,0,0.5,12,954
27,0,0.5,13,813
27,0,0.5,14,731
27,0,0.5,15,706
27,0,0.5,16,682
27,0,0.5,17,643
27,0,0.5,18,587
27,0,0.5,19,507
27,0,0.5,20,482
27,0,0.5,21,485
27,0,0.5,22,436
27,0,0.5,23,418
27,0,0.5,24,393
27,0,0.5,25,365
27,0,0.5,26,381
27,0,0.5,27,337
27,0,0.5,28,291
27,0,0.5,29,321
27,0,0.5,30,306
27,0,0.5,31,263
27,0,0.5,32,249
27,0,0.5,33,265
27,0,0.5,34,229
27,0,0.5,35,220
27,0,0.5,36,237
27,0,0.5,37,230
27,0,0.5,38,199
27,0,0.5,39,198
27,0,0.5,40,178
27,0,0.5,41,190
27,0,0.5,42,181
27,0,0.5,43,168
27,0,0.5,44,170
27,0,0.5,45,155
27,0,0.5,46,157
27,0,0.5,47,133
27,0,0.5,48,133
27,0,0.5,49,137
27,0,0.5,50,122
27,0,0.5,51,138
27,0,0.5,52,123
27,0,0.5,53,116
27,0,0.5,54,123
27,0,0.5,55,142
27,0,0.5,56,133
27,0,0.5,57,105
27,0,0.5,58,112
27,0,0.5,59,114
27,0,0.5,60,101
27,0,0.5,61,105
27,0,0.5,62,96
27,0,0.5,63,131
27,0,0.5,64,94
27,0,0.5,65,106
27,0,0.5,66,91
27,0,0.5,67,81
27,0,0.5,68,91
27,0,0.5,69,81
27,0,0.5,70,94
27,0,0.5,71,61
27,0,0.5,72,73
27,0,0.5,73,84
27,0,0.5,74,110
27,0,0.5,75,79
27,0,0.5,76,71
27,0,0.5,77,90
27,0,0.5,78,90
27,0,0.5,79,76
27,0,0.5,80,89
27,0,0.5,81,87
27,0,0.5,82,73
27,0,0.5,83,82
27,0,0.5,84,82
27,0,0.5,85,72
27,0,0.5,86,79
27,0,0.5,87,74
27,0,0.5,88,79
27,0,0.5,89,70
27,0,0.5,90,80
27,0,0.5,91,73
27,0,0.5,92,81
27,0,0.5,93,82
27,0,0.5,94,73
27,0,0.5,95,73
27,0,0.5,96,74
27,0,0.5,97,65
27,0,0.5,98,56
27,0,0.5,99,58
27,0,0.5,100,70
27,0,0.5,101,86
27,0,0.5,102,76
27,0,0.5,103,58
27,0,0.5,104,61
27,0,0.5,105,63
27,0,0.5,106,74
27,0,0.5,107,71
27,0,0.5,108,66
27,0,0.5,109,57
27,0,0.5,110,72
27,0,0.5,111,61
27,0,0.5,112,59
27,0,0.5,113,73
27,0,0.5,114,62
27,0,0.5,115,62
27,0,0.5,116,63
27,0,0.5,117,83
27,0,0.5,118,64
27,0,0.5,119,70
27,0,0.5,120,55
27,0,0.5,121,76
27,0,0.5,122,104
27,0,0.5,123,89
27,0,0.5,124,94
27,0,0.5,125,96
27,0,0.5,126,131
27,0,0.5,127,142
27,0,0.5,128,1279
27,0,0.9,0,5884
27,0,0.9,1,2648
27,0,0.9,2,1656
27,0,0.9,3,1206
27,0,0.9,4,989
27,0,0.9,5,862
27,0,0.9,6,762
27,0,0.9,7,821
27,0,0.9,8,691
27,0,0.9,9,640
27,0,0.9,10,704
27,0,0.9,11,595
27,0,0.9,12,570
27,0,0.9,13,529
27,0,0.9,14,508
27,0,0.9,15,487
27,0,0.9,16,425
27,0,0.9,17,445
27,0,0.9,18,407
27,0,0.9,19,417
27,0,0.9,20,427
27,0,0.9,21,387
27,0,0.9,22,365
27,0,0.9,23,360
27,0,0.9,24,350
27,0,0.9,25,339
27,0,0.9,26,323
27,0,0.9,27,324
27,0,0.9,28,335
27,0,0.9,29,342
27,0,0.9,30,304
27,0,0.9,31,330
27,0,0.9,32,316
27,0,0.9,33,315
27,0,0.9,34,293
27,0,0.9,35,305
27,0,0.9,36,296
27,0,0.9,37,328
27,0,0.9,38,280
27,0,0.9,39,292
27,0,0.9,40,311
27,0,0.9,41,308
27,0,0.9,42,280
27,0,0.9,43,277
27,0,0.9,44,260
27,0,0.9,45,275
27,0,0.9,46,266
27,0,0.9,47,299
27,0,0.9,48,274
27,0,0.9,49,283
27,0,0.9,50,281
27,0,0.9,51,255
27,0,0.9,52,296
27,0,0.9,53,268
27,0,0.9,54,273
27,0,0.9,55,286
27,0,0.9,56,267
27,0,0.9,57,285
27,0,0.9,58,292
27,0,0.9,59,288
27,0,0.9,60,304
27,0,0.9,61,273
27,0,0.9,62,284
27,0,0.9,63,290
27,0,0.9,64,282
27,0,0.9,65,293
27,0,0.9,66,303
27,0,0.9,67,319
27,0,0.9,68,297
27,0,0.9,69,315
27,0,0.9,70,336
27,0,0.9,71,300
27,0,0.9,72,280
27,0,0.9,73,327
27,0,0.9,74,294
27,0,0.9,75,296
27,0,0.9,76,335
27,0,0.9,77,312
27,0,0.9,78,328
27,0,0.9,79,319
27,0,0.9,80,351
27,0,0.9,81,345
27,0,0.9,82,306
27,0,0.9,83,312
27,0,0.9,84,350
27,0,0.9,85,306
27,0,0.9,86,345
27,0,0.9,87,323
27,0,0.9,88,330
27,0,0.9,89,347
27,0,0.9,90,356
27,0,0.9,91,365
27,0,0.9,92,389
27,0,0.9,93,359
27,0,0.9,94,366
27,0,0.9,95,351
27,0,0.9,96,377
27,0,0.9,97,357
27,0,0.9,98,338
27,0,0.9,99,364
27,0,0.9,100,391
27,0,0.9,101,356
27,0,0.9,102,426
27,0,0.9,103,379
27,0,0.9,104,384
27,0,0.9,105,440
27,0,0.9,106,406
27,0,0.9,107,456
27,0,0.9,108,429
27,0,0.9,109,462
27,0,0.9,110,460
27,0,0.9,111,490
27,0,0.9,112,523
27,0,0.9,113,531
27,0,0.9,114,501
27,0,0.9,115,545
27,0,0.9,116,560
27,0,0.9,117,594
27,0,0.9,118,584
27,0,0.9,119,584
27,0,0.9,120,605
27,0,0.9,121,626
27,0,0.9,122,678
27,0,0.9,123,661
27,0,0.9,124,702
27,0,0.9,125,761
27,0,0.9,126,845
27,0,0.9,127,1031
27,0,0.9,128,3621
27,1,0.14,0,31810
27,1,0.14,1,7449
27,1,0.14,2,4232
27,1,0.14,3,2746
27,1,0.14,4,2033
27,1,0.14,5,1525
27,1,0.14,6,1216
27,1,0.14,7,913
27,1,0.14,8,801
27,1,0.14,9,667
27,1,0.14,10,595
27,1,0.14,11,529
27,1,0.14,12,464
27,1,0.14,13,421
27,1,0.14,14,411
27,1,0.14,15,288
27,1,0.14,16,305
27,1,0.14,17,302
27,1,0.14,18,247
27,1,0.14,19,255
27,1,0.14,20,229
27,1,0.14,21,195
27,1,0.14,22,202
27,1,0.14,23,186
27,1,0.14,24,170
27,1,0.14,25,165
27,1,0.14,26,144
27,1,0.14,27,167
27,1,0.14,28,138
27,1,0.14,29,137
27,1,0.14,30,130
27,1,0.14,31,132
27,1,0.14,32,122
27,1,0.14,33,112
27,1,0.14,34,106
27,1,0.14,35,115
27,1,0.14,36,86
27,1,0.14,37,103
27,1,0.14,38,92
27,1,0.14,39,76
27,1,0.14,40,92
27,1,0.14,41,87
27,1,0.14,42,81
27,1,0.14,43,89
27,1,0.14,44,85
27,1,0.14,45,68
27,1,0.14,46,79
27,1,0.14,47,71
27,1,0.14,48,70
27,1,0.14,49,62
27,1,0.14,50,70
27,1,0.14,51,69
27,1,0.14,52,74
27,1,0.14,53,70
27,1,0.14,54,45
27,1,0.14,55,72
27,1,0.14,56,35
27,1,0.14,57,50
27,1,0.14,58,55
27,1,0.14,59,60
27,1,0.14,60,62
27,1,0.14,61,48
27,1,0.14,62,46
27,1,0.14,63,69
27,1,0.14,64,49
27,1,0.14,65,68
27,1,0.14,66,50
27,1,0.14,67,57
27,1,0.14,68,44
27,1,0.14,69,42
27,1,0.14,70,64
27,1,0.14,71,42
27,1,0.14,72,47
27,1,0.14,73,57
27,1,0.14,74,42
27,1,0.14,75,66
27,1,0.14,76,51
27,1,0.14,77,34
27,1,0.14,78,48
27,1,0.14,79,44
27,1,0.14,80,48
27,1,0.14,81,55
27,1,0.14,82,46
27,1,0.14,83,49
27,1,0.14,84,54
27,1,0.14,85,46
27,1,0.14,86,52
27,1,0.14,87,36
27,1,0.14,88,51
27,1,0.14,89,58
27,1,0.14,90,51
27,1,0.14,91,41
27,1,0.14,92,51
27,1,0.14,93,35
27,1,0.14,94,34
27,1,0.14,95,39
27,1,0.14,96,45
27,1,0.14,97,50
27,1,0.14,98,47
27,1,0.14,99,44
27,1,0.14,100,61
27,1,0.14,101,41
27,1,0.14,102,42
27,1,0.14,103,38
27,1,0.14,104,46
27,1,0.14,105,50
27,1,0.14,106,37
27,1,0.14,107,31
27,1,0.14,108,43
27,1,0.14,109,43
27,1,0.14,110,49
27,1,0.14,111,33
27,1,0.14,112,45
27,1,0.14,113,32
27,1,0.14,114,42
27,1,0.14,115,35
27,1,0.14,116,44
27,1,0.14,117,30
27,1,0.14,118,26
27,1,0.14,119,40
27,1,0.14,120,34
27,1,0.14,121,31
27,1,0.14,122,33
27,1,0.14,123,41
27,1,0.14,124,29
27,1,0.14,125,37
27,1,0.14,126,47
27,1,0.14,127,42
27,1,0.14,128,1072
27,1,0.49,0,18598
27,1,0.49,1,5856
27,1,0.49,2,4026
27,1,0.49,3,2973
27,1,0.49,4,2443
27,1,0.49,5,2115
27,1,0.49,6,1766
27,1,0.49,7,1612
27,1,0.49,8,1371
27,1,0.49,9,1291
27,1,0.49,10,1179
27,1,0.49,11,1002
27,1,0.49,12,889
27,1,0.49,13,791
27,1,0.49,14,766
27,1,0.49,15,741
27,1,0.49,16,637
27,1,0.49,17,635
27,1,0.49,18,613
27,1,0.49,19,535
27,1,0.49,20,507
27,1,0.49,21,445
27,1,0.49,22,471
27,1,0.49,23,443
27,1,0.49,24,411
27,1,0.49,25,371
27,1,0.49,26,328
27,1,0.49,27,361
27,1,0.49,28,289
27,1,0.49,29,334
27,1,0.49,30,288
27,1,0.49,31,283
27,1,0.49,32,253
27,1,0.49,33,246
27,1,0.49,34,255
27,1,0.49,35,238
27,1,0.49,36,221
27,1,0.49,37,192
27,1,0.49,38,193
27,1,0.49,39,178
27,1,0.49,40,198
27,1,0.49,41,178
27,1,0.49,42,190
27,1,0.49,43,162
27,1,0.49,44,161
27,1,0.49,45,171
27,1,0.49,46,149
27,1,0.49,47,148
27,1,0.49,48,148
27,1,0.49,49,112
27,1,0.49,50,119
27,1,0.49,51,139
27,1,0.49,52,117
27,1,0.49,53,122
27,1,0.49,54,120
27,1,0.49,55,135
27,1,0.49,56,102
27,1,0.49,57,127
27,1,0.49,58,125
27,1,0.49,59,101
27,1,0.49,60,104
27,1,0.49,61,116
27,1,0.49,62,103
27,1,0.49,63,112
27,1,0.49,64,101
27,1,0.49,65,94
27,1,0.49,66,79
27,1,0.49,67,85
27,1,0.49,68,90
27,1,0.49,69,79
27,1,0.49,70,87
27,1,0.49,71,85
27,1,0.49,72,66
27,1,0.49,73,75
27,1,0.49,74,83
27,1,0.49,75,78
27,1,0.49,76,70
27,1,0.49,77,75
27,1,0.49,78,90
27,1,0.49,79,77
27,1,0.49,80,80
27,1,0.49,81,67
27,1,0.49,82,60
27,1,0.49,83,74
27,1,0.49,84,69
27,1,0.49,85,82
27,1,0.49,86,87
27,1,0.49,87,63
27,1,0.49,88,81
27,1,0.49,89,66
27,1,0.49,90,66
27,1,0.49,91,83
27,1,0.49,92,71
27,1,0.49,93,61
27,1,0.49,94,68
27,1,0.49,95,73
27,1,0.49,96,75
27,1,0.49,97,56
27,1,0.49,98,58
27,1,0.49,99,70
27,1,0.49,100,51
27,1,0.49,101,74
27,1,0.49,102,65
27,1,0.49,103,62
27,1,0.49,104,64
27,1,0.49,105,67
27,1,0.49,106,64
27,1,0.49,107,77
27,1,0.49,108,62
27,1,0.49,109,69
27,1,0.49,110,62
27,1,0.49,111,61
27,1,0.49,112,54
27,1,0.49,113,81
27,1,0.49,114,70
27,1,0.49,115,71
27,1,0.49,116,59
27,1,0.49,117,73
27,1,0.49,118,66
27,1,0.49,119,75
27,1,0.49,120,73
27,1,0.49,121,65
27,1,0.49,122,91
27,1,0.49,123,81
27,1,0.49,124,95
27,1,0.49,125,113
27,1,0.49,126,125
27,1,0.49,127,146
27,1,0.49,128,1291
27,1,0.89,0,5379
27,1,0.89,1,2618
27,1,0.89,2,1614
27,1,0.89,3,1212
27,1,0.89,4,986
27,1,0.89,5,914
27,1,0.89,6,862
27,1,0.89,7,777
27,1,0.89,8,680
27,1,0.89,9,681
27,1,0.89,10,609
27,1,0.89,11,590
27,1,0.89,12,585
27,1,0.89,13,587
27,1,0.89,14,517
27,1,0.89,15,490
27,1,0.89,16,468
27,1,0.89,17,431
27,1,0.89,18,450
27,1,0.89,19,416
27,1,0.89,20,374
27,1,0.89,21,408
27,1,0.89,22,375
27,1,0.89,23,372
27,1,0.89,24,355
27,1,0.89,25,344
27,1,0.89,26,322
27,1,0.89,27,339
27,1,0.89,28,344
27,1,0.89,29,311
27,1,0.89,30,353
27,1,0.89,31,306
27,1,0.89,32,317
27,1,0.89,33,347
27,1,0.89,34,321
27,1,0.89,35,338
27,1,0.89,36,314
27,1,0.89,37,297
27,1,0.89,38,304
27,1,0.89,39,301
27,1,0.89,40,277
27,1,0.89,41,308
27,1,0.89,42,268
27,1,0.89,43,322
27,1,0.89,44,294
27,1,0.89,45,280
27,1,0.89,46,283
27,1,0.89,47,297
27,1,0.89,48,320
27,1,0.89,49,268
27,1,0.89,50,271
27,1,0.89,51,300
27,1,0.89,52,285
27,1,0.89,53,246
27,1,0.89,54,282
27,1,0.89,55,290
27,1,0.89,56,288
27,1,0.89,57,273
27,1,0.89,58,300
27,1,0.89,59,273
27,1,0.89,60,312
27,1,0.89,61,309
27,1,0.89,62,273
27,1,0.89,63,275
27,1,0.89,64,266
27,1,0.89,65,297
27,1,0.89,66,331
27,1,0.89,67,338
27,1,0.89,68,309
27,1,0.89,69,298
27,1,0.89,70,346
27,1,0.89,71,311
27,1,0.89,72,298
27,1,0.89,73,311
27,1,0.89,74,352
27,1,0.89,75,320
27,1,0.89,76,294
27,1,0.89,77,350
27,1,0.89,78,314
27,1,0.89,79,319
27,1,0.89,80,333
27,1,0.89,81,313
27,1,0.89,82,326
27,1,0.89,83,324
27,1,0.89,84,362
27,1,0.89,85,331
27,1,0.89,86,345
27,1,0.89,87,342
27,1,0.89,88,327
27,1,0.89,89,336
27,1,0.89,90,344
27,1,0.89,91,387
27,1,0.89,92,359
27,1,0.89,93,374
27,1,0.89,94,361
27,1,0.89,95,382
27,1,0.89,96,352
27,1,0.89,97,394
27,1,0.89,98,379
27,1,0.89,99,359
27,1,0.89,100,423
27,1,0.89,101,400
27,1,0.89,102,385
27,1,0.89,103,415
27,1,0.89,104,430
27,1,0.89,105,460
27,1,0.89,106,467
27,1,0.89,107,473
27,1,0.89,108,453
27,1,0.89,109,478
27,1,0.89,110,551
27,1,0.89,111,514
27,1,0.89,112,511
27,1,0.89,113,539
27,1,0.89,114,554
27,1,0.89,115,576
27,1,0.89,116,592
27,1,0.89,117,557
27,1,0.89,118,564
27,1,0.89,119,574
27,1,0.89,120,590
27,1,0.89,121,628
27,1,0.89,122,600
27,1,0.89,123,705
27,1,0.89,124,671
27,1,0.89,125,749
27,1,0.89,126,825
27,1,0.89,127,1027
27,1,0.89,128,3239
28,0,0.15,0,34792
28,0,0.15,1,7074
28,0,0.15,2,3737
28,0,0.15,3,2521
28,0,0.15,4,1830
28,0,0.15,5,1316
28,0,0.15,6,1069
28,0,0.15,7,874
28,0,0.15,8,717
28,0,0.15,9,621
28,0,0.15,10,552
28,0,0.15,11,464
28,0,0.15,12,426
28,0,0.15,13,420
28,0,0.15,14,335
28,0,0.15,15,295
28,0,0.15,16,270
28,0,0.15,17,263
28,0,0.15,18,243
28,0,0.15,19,233
28,0,0.15,20,219
28,0,0.15,21,175
28,0,0.15,22,204
28,0,0.15,23,153
28,0,0.15,24,141
28,0,0.15,25,169
28,0,0.15,26,154
28,0,0.15,27,135
28,0,0.15,28,146
28,0,0.15,29,119
28,0,0.15,30,103
28,0,0.15,31,106
28,0,0.15,32,100
28,0,0.15,33,124
28,0,0.15,34,91
28,0,0.15,35,103
28,0,0.15,36,84
28,0,0.15,37,98
28,0,0.15,38,78
28,0,0.15,39,75
28,0,0.15,40,86
28,0,0.15,41,61
28,0,0.15,42,57
28,0,0.15,43,66
28,0,0.15,44,66
28,0,0.15,45,75
28,0,0.15,46,64
28,0,0.15,47,68
28,0,0.15,48,52
28,0,0.15,49,52
28,0,0.15,50,57
28,0,0.15,51,41
28,0,0.15,52,54
28,0,0.15,53,53
28,0,0.15,54,57
28,0,0.15,55,67
28,0,0.15,56,46
28,0,0.15,57,49
28,0,0.15,58,74
28,0,0.15,59,43
28,0,0.15,60,55
28,0,0.15,61,59
28,0,0.15,62,50
28,0,0.15,63,51
28,0,0.15,64,60
28,0,0.15,65,57
28,0,0.15,66,45
28,0,0.15,67,56
28,0,0.15,68,49
28,0,0.15,69,41
28,0,0.15,70,37
28,0,0.15,71,54
28,0,0.15,72,32
28,0,0.15,73,44
28,0,0.15,74,48
28,0,0.15,75,46
28,0,0.15,76,48
28,0,0.15,77,50
28,0,0.15,78,35
28,0,0.15,79,38
28,0,0.15,80,41
28,0,0.15,81,51
28,0,0.15,82,36
28,0,0.15,83,37
28,0,0.15,84,47
28,0,0.15,85,38
28,0,0.15,86,36
28,0,0.15,87,27
28,0,0.15,88,37
28,0,0.15,89,34
28,0,0.15,90,24
28,0,0.15,91,38
28,0,0.15,92,47
28,0,0.15,93,43
28,0,0.15,94,37
28,0,0.15,95,35
28,0,0.15,96,41
28,0,0.15,97,34
28,0,0.15,98,32
28,0,0.15,99,32
28,0,0.15,100,37
28,0,0.15,101,35
28,0,0.15,102,36
28,0,0.15,103,26
28,0,0.15,104,29
28,0,0.15,105,31
28,0,0.15,106,39
28,0,0.15,107,27
28,0,0.15,108,24
28,0,0.15,109,33
28,0,0.15,110,23
28,0,0.15,111,29
28,0,0.15,112,31
28,0,0.15,113,37
28,0,0.15,114,37
28,0,0.15,115,34
28,0,0.15,116,38
28,0,0.15,117,31
28,0,0.15,118,37
28,0,0.15,119,32
28,0,0.15,120,35
28,0,0.15,121,32
28,0,0.15,122,28
28,0,0.15,123,42
28,0,0.15,124,35
28,0,0.15,125,33
28,0,0.15,126,44
28,0,0.15,127,56
28,0,0.15,128,1066
28,0,0.5,0,20709
28,0,0.5,1,6032
28,0,0.5,2,3850
28,0,0.5,3,2952
28,0,0.5,4,2355
28,0,0.5,5,1981
28,0,0.5,6,1656
28,0,0.5,7,1421
28,0,0.5,8,1220
28,0,0.5,9,1113
28,0,0.5,10,948
28,0,0.5,11,868
28,0,0.5,12,842
28,0,0.5,13,781
28,0,0.5,14,690
28,0,0.5,15,591
28,0,0.5,16,592
28,0,0.5,17,548
28,0,0.5,18,499
28,0,0.5,19,484
28,0,0.5,20,448
28,0,0.5,21,413
28,0,0.5,22,426
28,0,0.5,23,366
28,0,0.5,24,325
28,0,0.5,25,327
28,0,0.5,26,314
28,0,0.5,27,293
28,0,0.5,28,289
28,0,0.5,29,266
28,0,0.5,30,271
28,0,0.5,31,235
28,0,0.5,32,258
28,0,0.5,33,223
28,0,0.5,34,220
28,0,0.5,35,204
28,0,0.5,36,188
28,0,0.5,37,184
28,0,0.5,38,191
28,0,0.5,39,166
28,0,0.5,40,183
28,0,0.5,41,155
28,0,0.5,42,174
28,0,0.5,43,149
28,0,0.5,44,146
28,0,0.5,45,149
28,0,0.5,46,133
28,0,0.5,47,132
28,0,0.5,48,132
28,0,0.5,49,127
28,0,0.5,50,137
28,0,0.5,51,137
28,0,0.5,52,120
28,0,0.5,53,115
28,0,0.5,54,119
28,0,0.5,55,120
28,0,0.5,56,120
28,0,0.5,57,103
28,0,0.5,58,108
28,0,0.5,59,94
28,0,0.5,60,102
28,0,0.5,61,105
28,0,0.5,62,98
28,0,0.5,63,112
28,0,0.5,64,96
28,0,0.5,65,113
28,0,0.5,66,94
28,0,0.5,67,94
28,0,0.5,68,91
28,0,0.5,69,106
28,0,0.5,70,88
28,0,0.5,71,82
28,0,0.5,72,78
28,0,0.5,73,75
28,0,0.5,74,82
28,0,0.5,75,68
28,0,0.5,76,83
28,0,0.5,77,89
28,0,0.5,78,77
28,0,0.5,79,69
28,0,0.5,80,85
28,0,0.5,81,79
28,0,0.5,82,84
28,0,0.5,83,90
28,0,0.5,84,49
28,0,0.5,85,65
28,0,0.5,86,70
28,0,0.5,87,86
28,0,0.5,88,78
28,0,0.5,89,72
28,0,0.5,90,72
28,0,0.5,91,68
28,0,0.5,92,66
28,0,0.5,93,74
28,0,0.5,94,85
28,0,0.5,95,63
28,0,0.5,96,80
28,0,0.5,97,81
28,0,0.5,98,68
28,0,0.5,99,61
28,0,0.5,100,84
28,0,0.5,101,84
28,0,0.5,102,71
28,0,0.5,103,78
28,0,0.5,104,87
28,0,0.5,105,73
28,0,0.5,106,75
28,0,0.5,107,67
28,0,0.5,108,81
28,0,0.5,109,75
28,0,0.5,110,84
28,0,0.5,111,76
28,0,0.5,112,73
28,0,0.5,113,67
28,0,0.5,114,103
28,0,0.5,115,80
28,0,0.5,116,91
28,0,0.5,117,89
28,0,0.5,118,79
28,0,0.5,119,70
28,0,0.5,120,81
28,0,0.5,121,97
28,0,0.5,122,98
28,0,0.5,123,96
28,0,0.5,124,115
28,0,0.5,125,128
28,0,0.5,126,145
28,0,0.5,127,186
28,0,0.5,128,1333
28,0,0.9,0,7520
28,0,0.9,1,3037
28,0,0.9,2,1835
28,0,0.9,3,1218
28,0,0.9,4,993
28,0,0.9,5,837
28,0,0.9,6,769
28,0,0.9,7,706
28,0,0.9,8,663
28,0,0.9,9,670
28,0,0.9,10,589
28,0,0.9,11,596
28,0,0.9,12,532
28,0,0.9,13,587
28,0,0.9,14,504
28,0,0.9,15,475
28,0,0.9,16,429
28,0,0.9,17,403
28,0,0.9,18,416
28,0,0.9,19,378
28,0,0.9,20,393
28,0,0.9,21,310
28,0,0.9,22,325
28,0,0.9,23,324
28,0,0.9,24,321
28,0,0.9,25,339
28,0,0.9,26,300
28,0,0.9,27,320
28,0,0.9,28,264
28,0,0.9,29,278
28,0,0.9,30,302
28,0,0.9,31,277
28,0,0.9,32,246
28,0,0.9,33,292
28,0,0.9,34,285
28,0,0.9,35,268
28,0,0.9,36,283
28,0,0.9,37,251
28,0,0.9,38,271
28,0,0.9,39,258
28,0,0.9,40,258
28,0,0.9,41,255
28,0,0.9,42,281
28,0,0.9,43,263
28,0,0.9,44,236
28,0,0.9,45,275
28,0,0.9,46,239
28,0,0.9,47,249
28,0,0.9,48,243
28,0,0.9,49,249
28,0,0.9,50,232
28,0,0.9,51,254
28,0,0.9,52,220
28,0,0.9,53,253
28,0,0.9,54,257
28,0,0.9,55,231
28,0,0.9,56,203
28,0,0.9,57,226
28,0,0.9,58,225
28,0,0.9,59,231
28,0,0.9,60,241
28,0,0.9,61,280
28,0,0.9,62,275
28,0,0.9,63,224
28,0,0.9,64,230
28,0,0.9,65,279
28,0,0.9,66,281
28,0,0.9,67,276
28,0,0.9,68,281
28,0,0.9,69,296
28,0,0.9,70,280
28,0,0.9,71,290
28,0,0.9,72,284
28,0,0.9,73,258
28,0,0.9,74,274
28,0,0.9,75,253
28,0,0.9,76,288
28,0,0.9,77,281
28,0,0.9,78,298
28,0,0.9,79,282
28,0,0.9,80,286
28,0,0.9,81,312
28,0,0.9,82,281
28,0,0.9,83,312
28,0,0.9,84,318
28,0,0.9,85,345
28,0,0.9,86,305
28,0,0.9,87,314
28,0,0.9,88,312
28,0,0.9,89,317
28,0,0.9,90,308
28,0,0.9,91,318
28,0,0.9,92,335
28,0,0.9,93,317
28,0,0.9,94,303
28,0,0.9,95,344
28,0,0.9,96,368
28,0,0.9,97,348
28,0,0.9,98,384
28,0,0.9,99,368
28,0,0.9,100,384
28,0,0.9,101,376
28,0,0.9,102,364
28,0,0.9,103,381
28,0,0.9,104,387
28,0,0.9,105,427
28,0,0.9,106,443
28,0,0.9,107,451
28,0,0.9,108,441
28,0,0.9,109,475
28,0,0.9,110,512
28,0,0.9,111,498
28,0,0.9,112,543
28,0,0.9,113,535
28,0,0.9,114,528
28,0,0.9,115,565
28,0,0.9,116,574
28,0,0.9,117,611
28,0,0.9,118,623
28,0,0.9,119,648
28,0,0.9,120,671
28,0,0.9,121,669
28,0,0.9,122,697
28,0,0.9,123,668
28,0,0.9,124,739
28,0,0.9,125,766
28,0,0.9,126,889
28,0,0.9,127,1120
28,0,0.9,128,3661
28,1,0.14,0,34430
28,1,0.14,1,6842
28,1,0.14,2,3704
28,1,0.14,3,2489
28,1,0.14,4,1765
28,1,0.14,5,1244
28,1,0.14,6,1017
28,1,0.14,7,838
28,1,0.14,8,749
28,1,0.14,9,573
28,1,0.14,10,552
28,1,0.14,11,464
28,1,0.14,12,418
28,1,0.14,13,341
28,1,0.14,14,314
28,1,0.14,15,304
28,1,0.14,16,285
28,1,0.14,17,225
28,1,0.14,18,251
28,1,0.14,19,236
28,1,0.14,20,201
28,1,0.14,21,216
28,1,0.14,22,179
28,1,0.14,23,189
28,1,0.14,24,152
28,1,0.14,25,167
28,1,0.14,26,142
28,1,0.14,27,128
28,1,0.14,28,125
28,1,0.14,29,139
28,1,0.14,30,137
28,1,0.14,31,122
28,1,0.14,32,96
28,1,0.14,33,102
28,1,0.14,34,86
28,1,0.14,35,116
28,1,0.14,36,88
28,1,0.14,37,88
28,1,0.14,38,97
28,1,0.14,39,78
28,1,0.14,40,100
28,1,0.14,41,89
28,1,0.14,42,58
28,1,0.14,43,83
28,1,0.14,44,78
28,1,0.14,45,64
28,1,0.14,46,66
28,1,0.14,47,59
28,1,0.14,48,57
28,1,0.14,49,54
28,1,0.14,50,79
28,1,0.14,51,66
28,1,0.14,52,75
28,1,0.14,53,68
28,1,0.14,54,66
28,1,0.14,55,59
28,1,0.14,56,61
28,1,0.14,57,71
28,1,0.14,58,53
28,1,0.14,59,61
28,1,0.14,60,58
28,1,0.14,61,68
28,1,0.14,62,63
28,1,0.14,63,50
28,1,0.14,64,45
28,1,0.14,65,46
28,1,0.14,66,49
28,1,0.14,67,51
28,1,0.14,68,42
28,1,0.14,69,58
28,1,0.14,70,51
28,1,0.14,71,55
28,1,0.14,72,50
28,1,0.14,73,46
28,1,0.14,74,62
28,1,0.14,75,52
28,1,0.14,76,49
28,1,0.14,77,71
28,1,0.14,78,51
28,1,0.14,79,57
28,1,0.14,80,54
28,1,0.14,81,49
28,1,0.14,82,51
28,1,0.14,83,48
28,1,0.14,84,41
28,1,0.14,85,51
28,1,0.14,86,42
28,1,0.14,87,49
28,1,0.14,88,45
28,1,0.14,89,47
28,1,0.14,90,58
28,1,0.14,91,37
28,1,0.14,92,55
28,1,0.14,93,48
28,1,0.14,94,41
28,1,0.14,95,50
28,1,0.14,96,47
28,1,0.14,97,53
28,1,0.14,98,42
28,1,0.14,99,45
28,1,0.14,100,58
28,1,0.14,101,41
28,1,0.14,102,40
28,1,0.14,103,45
28,1,0.14,104,37
28,1,0.14,105,45
28,1,0.14,106,53
28,1,0.14,107,57
28,1,0.14,108,49
28,1,0.14,109,36
28,1,0.14,110,43
28,1,0.14,111,57
28,1,0.14,112,47
28,1,0.14,113,39
28,1,0.14,114,46
28,1,0.14,115,56
28,1,0.14,116,52
28,1,0.14,117,49
28,1,0.14,118,38
28,1,0.14,119,30
28,1,0.14,120,48
28,1,0.14,121,63
28,1,0.14,122,39
28,1,0.14,123,55
28,1,0.14,124,58
28,1,0.14,125,52
28,1,0.14,126,56
28,1,0.14,127,76
28,1,0.14,128,1088
28,1,0.49,0,20833
28,1,0.49,1,6111
28,1,0.49,2,3937
28,1,0.49,3,2875
28,1,0.49,4,2273
28,1,0.49,5,1975
28,1,0.49,6,1622
28,1,0.49,7,1437
28,1,0.49,8,1310
28,1,0.49,9,1088
28,1,0.49,10,986
28,1,0.49,11,931
28,1,0.49,12,797
28,1,0.49,13,721
28,1,0.49,14,649
28,1,0.49,15,641
28,1,0.49,16,571
28,1,0.49,17,543
28,1,0.49,18,568
28,1,0.49,19,444
28,1,0.49,20,418
28,1,0.49,21,471
28,1,0.49,22,391
28,1,0.49,23,386
28,1,0.49,24,333
28,1,0.49,25,324
28,1,0.49,26,328
28,1,0.49,27,318
28,1,0.49,28,282
28,1,0.49,29,272
28,1,0.49,30,248
28,1,0.49,31,265
28,1,0.49,32,245
28,1,0.49,33,242
28,1,0.49,34,196
28,1,0.49,35,206
28,1,0.49,36,205
28,1,0.49,37,197
28,1,0.49,38,173
28,1,0.49,39,155
28,1,0.49,40,180
28,1,0.49,41,157
28,1,0.49,42,141
28,1,0.49,43,138
28,1,0.49,44,161
28,1,0.49,45,153
28,1,0.49,46,140
28,1,0.49,47,133
28,1,0.49,48,121
28,1,0.49,49,138
28,1,0.49,50,145
28,1,0.49,51,117
28,1,0.49,52,131
28,1,0.49,53,112
28,1,0.49,54,117
28,1,0.49,55,113
28,1,0.49,56,115
28,1,0.49,57,93
28,1,0.49,58,104
28,1,0.49,59,118
28,1,0.49,60,114
28,1,0.49,61,99
28,1,0.49,62,106
28,1,0.49,63,100
28,1,0.49,64,88
28,1,0.49,65,95
28,1,0.49,66,97
28,1,0.49,67,96
28,1,0.49,68,91
28,1,0.49,69,91
28,1,0.49,70,78
28,1,0.49,71,85
28,1,0.49,72,68
28,1,0.49,73,83
28,1,0.49,74,74
28,1,0.49,75,59
28,1,0.49,76,72
28,1,0.49,77,68
28,1,0.49,78,74
28,1,0.49,79,69
28,1,0.49,80,76
28,1,0.49,81,72
28,1,0.49,82,66
28,1,0.49,83,63
28,1,0.49,84,70
28,1,0.49,85,77
28,1,0.49,86,90
28,1,0.49,87,79
28,1,0.49,88,62
28,1,0.49,89,76
28,1,0.49,90,79
28,1,0.49,91,66
28,1,0.49,92,64
28,1,0.49,93,66
28,1,0.49,94,61
28,1,0.49,95,85
28,1,0.49,96,53
28,1,0.49,97,69
28,1,0.49,98,67
28,1,0.49,99,66
28,1,0.49,100,86
28,1,0.49,101,64
28,1,0.49,102,74
28,1,0.49,103,75
28,1,0.49,104,79
28,1,0.49,105,74
28,1,0.49,106,80
28,1,0.49,107,66
28,1,0.49,108,67
28,1,0.49,109,77
28,1,0.49,110,74
28,1,0.49,111,70
28,1,0.49,112,60
28,1,0.49,113,80
28,1,0.49,114,75
28,1,0.49,115,86
28,1,0.49,116,77
28,1,0.49,117,86
28,1,0.49,118,77
28,1,0.49,119,91
28,1,0.49,120,92
28,1,0.49,121,96
28,1,0.49,122,107
28,1,0.49,123,103
28,1,0.49,124,107
28,1,0.49,125,138
28,1,0.49,126,159
28,1,0.49,127,192
28,1,0.49,128,1316
28,1,0.89,0,7209
28,1,0.89,1,2950
28,1,0.89,2,1774
28,1,0.89,3,1216
28,1,0.89,4,979
28,1,0.89,5,849
28,1,0.89,6,721
28,1,0.89,7,669
28,1,0.89,8,648
28,1,0.89,9,644
28,1,0.89,10,617
28,1,0.89,11,602
28,1,0.89,12,617
28,1,0.89,13,570
28,1,0.89,14,502
28,1,0.89,15,467
28,1,0.89,16,460
28,1,0.89,17,477
28,1,0.89,18,411
28,1,0.89,19,381
28,1,0.89,20,374
28,1,0.89,21,368
28,1,0.89,22,386
28,1,0.89,23,352
28,1,0.89,24,335
28,1,0.89,25,315
28,1,0.89,26,349
28,1,0.89,27,332
28,1,0.89,28,325
28,1,0.89,29,306
28,1,0.89,30,309
28,1,0.89,31,279
28,1,0.89,32,284
28,1,0.89,33,299
28,1,0.89,34,305
28,1,0.89,35,299
28,1,0.89,36,282
28,1,0.89,37,242
28,1,0.89,38,291
28,1,0.89,39,289
28,1,0.89,40,251
28,1,0.89,41,255
28,1,0.89,42,234
28,1,0.89,43,281
28,1,0.89,44,259
28,1,0.89,45,240
28,1,0.89,46,260
28,1,0.89,47,269
28,1,0.89,48,252
28,1,0.89,49,272
28,1,0.89,50,236
28,1,0.89,51,276
28,1,0.89,52,235
28,1,0.89,53,244
28,1,0.89,54,264
28,1,0.89,55,260
28,1,0.89,56,262
28,1,0.89,57,264
28,1,0.89,58,286
28,1,0.89,59,269
28,1,0.89,60,260
28,1,0.89,61,290
28,1,0.89,62,254
28,1,0.89,63,260
28,1,0.89,64,286
28,1,0.89,65,303
28,1,0.89,66,268
28,1,0.89,67,297
28,1,0.89,68,273
28,1,0.89,69,268
28,1,0.89,70,280
28,1,0.89,71,284
28,1,0.89,72,282
28,1,0.89,73,301
28,1,0.89,74,281
28,1,0.89,75,309
28,1,0.89,76,273
28,1,0.89,77,290
28,1,0.89,78,284
28,1,0.89,79,271
28,1,0.89,80,325
28,1,0.89,81,312
28,1,0.89,82,287
28,1,0.89,83,335
28,1,0.89,84,311
28,1,0.89,85,332
28,1,0.89,86,334
28,1,0.89,87,302
28,1,0.89,88,314
28,1,0.89,89,292
28,1,0.89,90,345
28,1,0.89,91,331
28,1,0.89,92,328
28,1,0.89,93,364
28,1,0.89,94,340
28,1,0.89,95,372
28,1,0.89,96,376
28,1,0.89,97,349
28,1,0.89,98,355
28,1,0.89,99,364
28,1,0.89,100,387
28,1,0.89,101,375
28,1,0.89,102,368
28,1,0.89,103,387
28,1,0.89,104,409
28,1,0.89,105,404
28,1,0.89,106,419
28,1,0.89,107,428
28,1,0.89,108,479
28,1,0.89,109,476
28,1,0.89,110,510
28,1,0.89,111,523
28,1,0.89,112,490
28,1,0.89,113,519
28,1,0.89,114,519
28,1,0.89,115,559
28,1,0.89,116,574
28,1,0.89,117,589
28,1,0.89,118,573
28,1,0.89,119,613
28,1,0.89,120,644
28,1,0.89,121,635
28,1,0.89,122,659
28,1,0.89,123,718
28,1,0.89,124,728
28,1,0.89,125,794
28,1,0.89,126,876
28,1,0.89,127,1006
28,1,0.89,128,3340
29,0,0.15,0,33590
29,0,0.15,1,7190
29,0,0.15,2,3946
29,0,0.15,3,2517
29,0,0.15,4,1856
29,0,0.15,5,1468
29,0,0.15,6,1120
29,0,0.15,7,923
29,0,0.15,8,799
29,0,0.15,9,672
29,0,0.15,10,612
29,0,0.15,11,497
29,0,0.15,12,452
29,0,0.15,13,389
29,0,0.15,14,352
29,0,0.15,15,343
29,0,0.15,16,329
29,0,0.15,17,294
29,0,0.15,18,250
29,0,0.15,19,265
29,0,0.15,20,212
29,0,0.15,21,216
29,0,0.15,22,213
29,0,0.15,23,184
29,0,0.15,24,167
29,0,0.15,25,171
29,0,0.15,26,141
29,0,0.15,27,172
29,0,0.15,28,126
29,0,0.15,29,138
29,0,0.15,30,138
29,0,0.15,31,127
29,0,0.15,32,103
29,0,0.15,33,111
29,0,0.15,34,114
29,0,0.15,35,77
29,0,0.15,36,118
29,0,0.15,37,89
29,0,0.15,38,103
29,0,0.15,39,89
29,0,0.15,40,88
29,0,0.15,41,92
29,0,0.15,42,71
29,0,0.15,43,69
29,0,0.15,44,76
29,0,0.15,45,78
29,0,0.15,46,64
29,0,0.15,47,67
29,0,0.15,48,67
29,0,0.15,49,68
29,0,0.15,50,81
29,0,0.15,51,65
29,0,0.15,52,71
29,0,0.15,53,72
29,0,0.15,54,66
29,0,0.15,55,57
29,0,0.15,56,59
29,0,0.15,57,65
29,0,0.15,58,53
29,0,0.15,59,52
29,0,0.15,60,63
29,0,0.15,61,55
29,0,0.15,62,45
29,0,0.15,63,46
29,0,0.15,64,45
29,0,0.15,65,43
29,0,0.15,66,47
29,0,0.15,67,39
29,0,0.15,68,53
29,0,0.15,69,56
29,0,0.15,70,34
29,0,0.15,71,46
29,0,0.15,72,33
29,0,0.15,73,39
29,0,0.15,74,34
29,0,0.15,75,37
29,0,0.15,76,34
29,0,0.15,77,42
29,0,0.15,78,53
29,0,0.15,79,35
29,0,0.15,80,37
29,0,0.15,81,34
29,0,0.15,82,47
29,0,0.15,83,34
29,0,0.15,84,40
29,0,0.15,85,29
29,0,0.15,86,37
29,0,0.15,87,36
29,0,0.15,88,43
29,0,0.15,89,30
29,0,0.15,90,39
29,0,0.15,91,40
29,0,0.15,92,34
29,0,0.15,93,31
29,0,0.15,94,33
29,0,0.15,95,29
29,0,0.15,96,31
29,0,0.15,97,33
29,0,0.15,98,40
29,0,0.15,99,32
29,0,0.15,100,36
29,0,0.15,101,25
29,0,0.15,102,37
29,0,0.15,103,33
29,0,0.15,104,23
29,0,0.15,105,37
29,0,0.15,106,32
29,0,0.15,107,26
29,0,0.15,108,32
29,0,0.15,109,26
29,0,0.15,110,32
29,0,0.15,111,20
29,0,0.15,112,19
29,0,0.15,113,24
29,0,0.15,114,30
29,0,0.15,115,23
29,0,0.15,116,33
29,0,0.15,117,30
29,0,0.15,118,35
29,0,0.15,119,32
29,0,0.15,120,24
29,0,0.15,121,42
29,0,0.15,122,29
29,0,0.15,123,25
29,0,0.15,124,24
29,0,0.15,125,35
29,0,0.15,126,39
29,0,0.15,127,35
29,0,0.15,128,1056
29,0,0.5,0,19715
29,0,0.5,1,5521
29,0,0.5,2,3644
29,0,0.5,3,2850
29,0,0.5,4,2294
29,0,0.5,5,1962
29,0,0.5,6,1691
29,0,0.5,7,1510
29,0,0.5,8,1309
29,0,0.5,9,1172
29,0,0.5,10,1060
29,0,0.5,11,959
29,0,0.5,12,918
29,0,0.5,13,804
29,0,0.5,14,716
29,0,0.5,15,649
29,0,0.5,16,627
29,0,0.5,17,577
29,0,0.5,18,526
29,0,0.5,19,495
29,0,0.5,20,493
29,0,0.5,21,453
29,0,0.5,22,467
29,0,0.5,23,391
29,0,0.5,24,368
29,0,0.5,25,350
29,0,0.5,26,342
29,0,0.5,27,312
29,0,0.5,28,301
29,0,0.5,29,321
29,0,0.5,30,289
29,0,0.5,31,262
29,0,0.5,32,272
29,0,0.5,33,290
29,0,0.5,34,227
29,0,0.5,35,244
29,0,0.5,36,222
29,0,0.5,37,235
29,0,0.5,38,238
29,0,0.5,39,243
29,0,0.5,40,192
29,0,0.5,41,186
29,0,0.5,42,184
29,0,0.5,43,182
29,0,0.5,44,207
29,0,0.5,45,188
29,0,0.5,46,165
29,0,0.5,47,165
29,0,0.5,48,165
29,0,0.5,49,161
29,0,0.5,50,172
29,0,0.5,51,159
29,0,0.5,52,157
29,0,0.5,53,146
29,0,0.5,54,130
29,0,0.5,55,112
29,0,0.5,56,137
29,0,0.5,57,144
29,0,0.5,58,143
29,0,0.5,59,132
29,0,0.5,60,122
29,0,0.5,61,116
29,0,0.5,62,123
29,0,0.5,63,124
29,0,0.5,64,114
29,0,0.5,65,104
29,0,0.5,66,99
29,0,0.5,67,94
29,0,0.5,68,104
29,0,0.5,69,102
29,0,0.5,70,87
29,0,0.5,71,101
29,0,0.5,72,104
29,0,0.5,73,101
29,0,0.5,74,98
29,0,0.5,75,84
29,0,0.5,76,78
29,0,0.5,77,76
29,0,0.5,78,91
29,0,0.5,79,87
29,0,0.5,80,74
29,0,0.5,81,73
29,0,0.5,82,67
29,0,0.5,83,67
29,0,0.5,84,74
29,0,0.5,85,71
29,0,0.5,86,71
29,0,0.5,87,80
29,0,0.5,88,67
29,0,0.5,89,70
29,0,0.5,90,78
29,0,0.5,91,67
29,0,0.5,92,80
29,0,0.5,93,70
29,0,0.5,94,77
29,0,0.5,95,69
29,0,0.5,96,62
29,0,0.5,97,76
29,0,0.5,98,78
29,0,0.5,99,73
29,0,0.5,100,81
29,0,0.5,101,63
29,0,0.5,102,79
29,0,0.5,103,60
29,0,0.5,104,74
29,0,0.5,105,69
29,0,0.5,106,76
29,0,0.5,107,83
29,0,0.5,108,60
29,0,0.5,109,69
29,0,0.5,110,79
29,0,0.5,111,54
29,0,0.5,112,73
29,0,0.5,113,63
29,0,0.5,114,63
29,0,0.5,115,88
29,0,0.5,116,52
29,0,0.5,117,61
29,0,0.5,118,67
29,0,0.5,119,80
29,0,0.5,120,76
29,0,0.5,121,82
29,0,0.5,122,86
29,0,0.5,123,92
29,0,0.5,124,104
29,0,0.5,125,107
29,0,0.5,126,134
29,0,0.5,127,180
29,0,0.5,128,1282
29,0,0.9,0,8960
29,0,0.9,1,3133
29,0,0.9,2,1788
29,0,0.9,3,1285
29,0,0.9,4,1108
29,0,0.9,5,884
29,0,0.9,6,840
29,0,0.9,7,791
29,0,0.9,8,715
29,0,0.9,9,651
29,0,0.9,10,615
29,0,0.9,11,546
29,0,0.9,12,541
29,0,0.9,13,524
29,0,0.9,14,461
29,0,0.9,15,455
29,0,0.9,16,392
29,0,0.9,17,397
29,0,0.9,18,382
29,0,0.9,19,357
29,0,0.9,20,376
29,0,0.9,21,378
29,0,0.9,22,383
29,0,0.9,23,359
29,0,0.9,24,322
29,0,0.9,25,296
29,0,0.9,26,296
29,0,0.9,27,274
29,0,0.9,28,259
29,0,0.9,29,278
29,0,0.9,30,272
29,0,0.9,31,253
29,0,0.9,32,269
29,0,0.9,33,233
29,0,0.9,34,244
29,0,0.9,35,240
29,0,0.9,36,247
29,0,0.9,37,240
29,0,0.9,38,251
29,0,0.9,39,231
29,0,0.9,40,244
29,0,0.9,41,220
29,0,0.9,42,220
29,0,0.9,43,226
29,0,0.9,44,211
29,0,0.9,45,210
29,0,0.9,46,246
29,0,0.9,47,236
29,0,0.9,48,215
29,0,0.9,49,224
29,0,0.9,50,225
29,0,0.9,51,195
29,0,0.9,52,218
29,0,0.9,53,231
29,0,0.9,54,192
29,0,0.9,55,232
29,0,0.9,56,211
29,0,0.9,57,208
29,0,0.9,58,197
29,0,0.9,59,214
29,0,0.9,60,220
29,0,0.9,61,231
29,0,0.9,62,208
29,0,0.9,63,251
29,0,0.9,64,270
29,0,0.9,65,226
29,0,0.9,66,246
29,0,0.9,67,232
29,0,0.9,68,230
29,0,0.9,69,229
29,0,0.9,70,219
29,0,0.9,71,228
29,0,0.9,72,255
29,0,0.9,73,225
29,0,0.9,74,236
29,0,0.9,75,226
29,0,0.9,76,246
29,0,0.9,77,241
29,0,0.9,78,250
29,0,0.9,79,265
29,0,0.9,80,248
29,0,0.9,81,278
29,0,0.9,82,247
29,0,0.9,83,263
29,0,0.9,84,285
29,0,0.9,85,259
29,0,0.9,86,256
29,0,0.9,87,237
29,0,0.9,88,284
29,0,0.9,89,307
29,0,0.9,90,317
29,0,0.9,91,281
29,0,0.9,92,281
29,0,0.9,93,297
29,0,0.9,94,306
29,0,0.9,95,294
29,0,0.9,96,337
29,0,0.9,97,325
29,0,0.9,98,323
29,0,0.9,99,299
29,0,0.9,100,348
29,0,0.9,101,342
29,0,0.9,102,381
29,0,0.9,103,368
29,0,0.9,104,378
29,0,0.9,105,371
29,0,0.9,106,385
29,0,0.9,107,377
29,0,0.9,108,414
29,0,0.9,109,434
29,0,0.9,110,417
29,0,0.9,111,451
29,0,0.9,112,502
29,0,0.9,113,506
29,0,0.9,114,513
29,0,0.9,115,570
29,0,0.9,116,559
29,0,0.9,117,571
29,0,0.9,118,628
29,0,0.9,119,641
29,0,0.9,120,665
29,0,0.9,121,669
29,0,0.9,122,734
29,0,0.9,123,783
29,0,0.9,124,843
29,0,0.9,125,886
29,0,0.9,126,1036
29,0,0.9,127,1335
29,0,0.9,128,4070
29,1,0.14,0,33226
29,1,0.14,1,7058
29,1,0.14,2,3783
29,1,0.14,3,2514
29,1,0.14,4,1804
29,1,0.14,5,1423
29,1,0.14,6,1066
29,1,0.14,7,950
29,1,0.14,8,780
29,1,0.14,9,681
29,1,0.14,10,553
29,1,0.14,11,458
29,1,0.14,12,443
29,1,0.14,13,406
29,1,0.14,14,398
29,1,0.14,15,308
29,1,0.14,16,308
29,1,0.14,17,278
29,1,0.14,18,234
29,1,0.14,19,227
29,1,0.14,20,216
29,1,0.14,21,207
29,1,0.14,22,192
29,1,0.14,23,168
29,1,0.14,24,164
29,1,0.14,25,161
29,1,0.14,26,162
29,1,0.14,27,149
29,1,0.14,28,144
29,1,0.14,29,157
29,1,0.14,30,107
29,1,0.14,31,134
29,1,0.14,32,111
29,1,0.14,33,119
29,1,0.14,34,105
29,1,0.14,35,118
29,1,0.14,36,124
29,1,0.14,37,110
29,1,0.14,38,86
29,1,0.14,39,104
29,1,0.14,40,86
29,1,0.14,41,96
29,1,0.14,42,94
29,1,0.14,43,96
29,1,0.14,44,77
29,1,0.14,45,86
29,1,0.14,46,75
29,1,0.14,47,92
29,1,0.14,48,87
29,1,0.14,49,75
29,1,0.14,50,64
29,1,0.14,51,73
29,1,0.14,52,69
29,1,0.14,53,79
29,1,0.14,54,75
29,1,0.14,55,67
29,1,0.14,56,67
29,1,0.14,57,57
29,1,0.14,58,73
29,1,0.14,59,57
29,1,0.14,60,64
29,1,0.14,61,64
29,1,0.14,62,65
29,1,0.14,63,59
29,1,0.14,64,64
29,1,0.14,65,58
29,1,0.14,66,50
29,1,0.14,67,58
29,1,0.14,68,56
29,1,0.14,69,60
29,1,0.14,70,47
29,1,0.14,71,49
29,1,0.14,72,47
29,1,0.14,73,53
29,1,0.14,74,52
29,1,0.14,75,46
29,1,0.14,76,49
29,1,0.14,77,43
29,1,0.14,78,44
29,1,0.14,79,41
29,1,0.14,80,47
29,1,0.14,81,42
29,1,0.14,82,57
29,1,0.14,83,46
29,1,0.14,84,47
29,1,0.14,85,38
29,1,0.14,86,44
29,1,0.14,87,39
29,1,0.14,88,44
29,1,0.14,89,38
29,1,0.14,90,39
29,1,0.14,91,39
29,1,0.14,92,56
29,1,0.14,93,53
29,1,0.14,94,40
29,1,0.14,95,44
29,1,0.14,96,47
29,1,0.14,97,42
29,1,0.14,98,41
29,1,0.14,99,42
29,1,0.14,100,51
29,1,0.14,101,52
29,1,0.14,102,37
29,1,0.14,103,33
29,1,0.14,104,51
29,1,0.14,105,42
29,1,0.14,106,54
29,1,0.14,107,37
29,1,0.14,108,34
29,1,0.14,109,44
29,1,0.14,110,43
29,1,0.14,111,39
29,1,0.14,112,39
29,1,0.14,113,28
29,1,0.14,114,38
29,1,0.14,115,29
29,1,0.14,116,49
29,1,0.14,117,49
29,1,0.14,118,40
29,1,0.14,119,48
29,1,0.14,120,44
29,1,0.14,121,34
29,1,0.14,122,48
29,1,0.14,123,50
29,1,0.14,124,44
29,1,0.14,125,51
29,1,0.14,126,60
29,1,0.14,127,60
29,1,0.14,128,1073
29,1,0.49,0,19796
29,1,0.49,1,5586
29,1,0.49,2,3757
29,1,0.49,3,2830
29,1,0.49,4,2349
29,1,0.49,5,1950
29,1,0.49,6,1748
29,1,0.49,7,1494
29,1,0.49,8,1287
29,1,0.49,9,1192
29,1,0.49,10,1079
29,1,0.49,11,975
29,1,0.49,12,837
29,1,0.49,13,782
29,1,0.49,14,762
29,1,0.49,15,688
29,1,0.49,16,615
29,1,0.49,17,549
29,1,0.49,18,550
29,1,0.49,19,520
29,1,0.49,20,489
29,1,0.49,21,404
29,1,0.49,22,430
29,1,0.49,23,365
29,1,0.49,24,357
29,1,0.49,25,387
29,1,0.49,26,331
29,1,0.49,27,326
29,1,0.49,28,290
29,1,0.49,29,315
29,1,0.49,30,286
29,1,0.49,31,279
29,1,0.49,32,256
29,1,0.49,33,252
29,1,0.49,34,246
29,1,0.49,35,212
29,1,0.49,36,237
29,1,0.49,37,227
29,1,0.49,38,229
29,1,0.49,39,201
29,1,0.49,40,214
29,1,0.49,41,188
29,1,0.49,42,198
29,1,0.49,43,198
29,1,0.49,44,183
29,1,0.49,45,165
29,1,0.49,46,168
29,1,0.49,47,165
29,1,0.49,48,167
29,1,0.49,49,182
29,1,0.49,50,161
29,1,0.49,51,149
29,1,0.49,52,128
29,1,0.49,53,117
29,1,0.49,54,148
29,1,0.49,55,144
29,1,0.49,56,137
29,1,0.49,57,128
29,1,0.49,58,116
29,1,0.49,59,130
29,1,0.49,60,115
29,1,0.49,61,125
29,1,0.49,62,115
29,1,0.49,63,109
29,1,0.49,64,104
29,1,0.49,65,108
29,1,0.49,66,105
29,1,0.49,67,114
29,1,0.49,68,101
29,1,0.49,69,86
29,1,0.49,70,92
29,1,0.49,71,73
29,1,0.49,72,100
29,1,0.49,73,85
29,1,0.49,74,85
29,1,0.49,75,80
29,1,0.49,76,77
29,1,0.49,77,79
29,1,0.49,78,82
29,1,0.49,79,84
29,1,0.49,80,57
29,1,0.49,81,88
29,1,0.49,82,78
29,1,0.49,83,90
29,1,0.49,84,72
29,1,0.49,85,72
29,1,0.49,86,67
29,1,0.49,87,69
29,1,0.49,88,68
29,1,0.49,89,71
29,1,0.49,90,75
29,1,0.49,91,53
29,1,0.49,92,76
29,1,0.49,93,73
29,1,0.49,94,64
29,1,0.49,95,77
29,1,0.49,96,69
29,1,0.49,97,67
29,1,0.49,98,83
29,1,0.49,99,55
29,1,0.49,100,84
29,1,0.49,101,56
29,1,0.49,102,77
29,1,0.49,103,81
29,1,0.49,104,62
29,1,0.49,105,52
29,1,0.49,106,62
29,1,0.49,107,57
29,1,0.49,108,69
29,1,0.49,109,78
29,1,0.49,110,64
29,1,0.49,111,68
29,1,0.49,112,60
29,1,0.49,113,76
29,1,0.49,114,74
29,1,0.49,115,69
29,1,0.49,116,59
29,1,0.49,117,74
29,1,0.49,118,67
29,1,0.49,119,68
29,1,0.49,120,84
29,1,0.49,121,87
29,1,0.49,122,89
29,1,0.49,123,90
29,1,0.49,124,96
29,1,0.49,125,134
29,1,0.49,126,112
29,1,0.49,127,198
29,1,0.49,128,1295
29,1,0.89,0,8207
29,1,0.89,1,3153
29,1,0.89,2,1752
29,1,0.89,3,1298
29,1,0.89,4,1117
29,1,0.89,5,948
29,1,0.89,6,857
29,1,0.89,7,753
29,1,0.89,8,740
29,1,0.89,9,630
29,1,0.89,10,646
29,1,0.89,11,601
29,1,0.89,12,545
29,1,0.89,13,526
29,1,0.89,14,463
29,1,0.89,15,461
29,1,0.89,16,463
29,1,0.89,17,426
29,1,0.89,18,407
29,1,0.89,19,452
29,1,0.89,20,385
29,1,0.89,21,405
29,1,0.89,22,362
29,1,0.89,23,334
29,1,0.89,24,332
29,1,0.89,25,337
29,1,0.89,26,314
29,1,0.89,27,294
29,1,0.89,28,309
29,1,0.89,29,264
29,1,0.89,30,310
29,1,0.89,31,268
29,1,0.89,32,312
29,1,0.89,33,257
29,1,0.89,34,259
29,1,0.89,35,259
29,1,0.89,36,274
29,1,0.89,37,243
29,1,0.89,38,233
29,1,0.89,39,252
29,1,0.89,40,242
29,1,0.89,41,227
29,1,0.89,42,219
29,1,0.89,43,241
29,1,0.89,44,235
29,1,0.89,45,203
29,1,0.89,46,221
29,1,0.89,47,237
29,1,0.89,48,236
29,1,0.89,49,206
29,1,0.89,50,224
29,1,0.89,51,217
29,1,0.89,52,225
29,1,0.89,53,229
29,1,0.89,54,211
29,1,0.89,55,228
29,1,0.89,56,229
29,1,0.89,57,242
29,1,0.89,58,230
29,1,0.89,59,236
29,1,0.89,60,226
29,1,0.89,61,243
29,1,0.89,62,229
29,1,0.89,63,275
29,1,0.89,64,254
29,1,0.89,65,260
29,1,0.89,66,260
29,1,0.89,67,273
29,1,0.89,68,256
29,1,0.89,69,248
29,1,0.89,70,258
29,1,0.89,71,258
29,1,0.89,72,244
29,1,0.89,73,228
29,1,0.89,74,255
29,1,0.89,75,235
29,1,0.89,76,290
29,1,0.89,77,243
29,1,0.89,78,254
29,1,0.89,79,262
29,1,0.89,80,276
29,1,0.89,81,271
29,1,0.89,82,272
29,1,0.89,83,258
29,1,0.89,84,280
29,1,0.89,85,237
29,1,0.89,86,282
29,1,0.89,87,287
29,1,0.89,88,289
29,1,0.89,89,299
29,1,0.89,90,298
29,1,0.89,91,296
29,1,0.89,92,307
29,1,0.89,93,285
29,1,0.89,94,312
29,1,0.89,95,320
29,1,0.89,96,315
29,1,0.89,97,361
29,1,0.89,98,347
29,1,0.89,99,358
29,1,0.89,100,340
29,1,0.89,101,346
29,1,0.89,102,387
29,1,0.89,103,389
29,1,0.89,104,393
29,1,0.89,105,378
29,1,0.89,106,398
29,1,0.89,107,431
29,1,0.89,108,442
29,1,0.89,109,417
29,1,0.89,110,480
29,1,0.89,111,473
29,1,0.89,112,517
29,1,0.89,113,507
29,1,0.89,114,482
29,1,0.89,115,543
29,1,0.89,116,546
29,1,0.89,117,570
29,1,0.89,118,579
29,1,0.89,119,634
29,1,0.89,120,670
29,1,0.89,121,639
29,1,0.89,122,693
29,1,0.89,123,695
29,1,0.89,124,790
29,1,0.89,125,825
29,1,0.89,126,986
29,1,0.89,127,1206
29,1,0.89,128,3793
30,0,0.15,0,31478
30,0,0.15,1,7484
30,0,0.15,2,4087
30,0,0.15,3,2795
30,0,0.15,4,1993
30,0,0.15,5,1551
30,0,0.15,6,1258
30,0,0.15,7,1037
30,0,0.15,8,845
30,0,0.15,9,764
30,0,0.15,10,635
30,0,0.15,11,590
30,0,0.15,12,474
30,0,0.15,13,457
30,0,0.15,14,415
30,0,0.15,15,351
30,0,0.15,16,361
30,0,0.15,17,320
30,0,0.15,18,287
30,0,0.15,19,281
30,0,0.15,20,286
30,0,0.15,21,236
30,0,0.15,22,187
30,0,0.15,23,214
30,0,0.15,24,156
30,0,0.15,25,200
30,0,0.15,26,169
30,0,0.15,27,170
30,0,0.15,28,153
30,0,0.15,29,161
30,0,0.15,30,163
30,0,0.15,31,153
30,0,0.15,32,161
30,0,0.15,33,139
30,0,0.15,34,151
30,0,0.15,35,129
30,0,0.15,36,116
30,0,0.15,37,116
30,0,0.15,38,100
30,0,0.15,39,117
30,0,0.15,40,96
30,0,0.15,41,94
30,0,0.15,42,95
30,0,0.15,43,77
30,0,0.15,44,88
30,0,0.15,45,92
30,0,0.15,46,77
30,0,0.15,47,82
30,0,0.15,48,81
30,0,0.15,49,61
30,0,0.15,50,73
30,0,0.15,51,74
30,0,0.15,52,65
30,0,0.15,53,80
30,0,0.15,54,56
30,0,0.15,55,55
30,0,0.15,56,62
30,0,0.15,57,55
30,0,0.15,58,63
30,0,0.15,59,50
30,0,0.15,60,51
30,0,0.15,61,50
30,0,0.15,62,46
30,0,0.15,63,57
30,0,0.15,64,55
30,0,0.15,65,48
30,0,0.15,66,57
30,0,0.15,67,50
30,0,0.15,68,52
30,0,0.15,69,46
30,0,0.15,70,41
30,0,0.15,71,46
30,0,0.15,72,47
30,0,0.15,73,45
30,0,0.15,74,37
30,0,0.15,75,37
30,0,0.15,76,42
30,0,0.15,77,24
30,0,0.15,78,47
30,0,0.15,79,36
30,0,0.15,80,22
30,0,0.15,81,39
30,0,0.15,82,35
30,0,0.15,83,39
30,0,0.15,84,31
30,0,0.15,85,38
30,0,0.15,86,37
30,0,0.15,87,28
30,0,0.15,88,33
30,0,0.15,89,29
30,0,0.15,90,35
30,0,0.15,91,32
30,0,0.15,92,31
30,0,0.15,93,31
30,0,0.15,94,30
30,0,0.15,95,37
30,0,0.15,96,22
30,0,0.15,97,30
30,0,0.15,98,31
30,0,0.15,99,27
30,0,0.15,100,33
30,0,0.15,101,28
30,0,0.15,102,25
30,0,0.15,103,27
30,0,0.15,104,19
30,0,0.15,105,31
30,0,0.15,106,27
30,0,0.15,107,18
30,0,0.15,108,24
30,0,0.15,109,30
30,0,0.15,110,19
30,0,0.15,111,31
30,0,0.15,112,17
30,0,0.15,113,21
30,0,0.15,114,16
30,0,0.15,115,22
30,0,0.15,116,22
30,0,0.15,117,21
30,0,0.15,118,24
30,0,0.15,119,20
30,0,0.15,120,16
30,0,0.15,121,22
30,0,0.15,122,31
30,0,0.15,123,32
30,0,0.15,124,32
30,0,0.15,125,34
30,0,0.15,126,37
30,0,0.15,127,38
30,0,0.15,128,1052
30,0,0.5,0,18011
30,0,0.5,1,5748
30,0,0.5,2,3782
30,0,0.5,3,2804
30,0,0.5,4,2351
30,0,0.5,5,1979
30,0,0.5,6,1753
30,0,0.5,7,1516
30,0,0.5,8,1373
30,0,0.5,9,1207
30,0,0.5,10,1163
30,0,0.5,11,1033
30,0,0.5,12,884
30,0,0.5,13,849
30,0,0.5,14,754
30,0,0.5,15,778
30,0,0.5,16,657
30,0,0.5,17,640
30,0,0.5,18,617
30,0,0.5,19,574
30,0,0.5,20,514
30,0,0.5,21,449
30,0,0.5,22,453
30,0,0.5,23,489
30,0,0.5,24,450
30,0,0.5,25,419
30,0,0.5,26,353
30,0,0.5,27,327
30,0,0.5,28,318
30,0,0.5,29,314
30,0,0.5,30,335
30,0,0.5,31,271
30,0,0.5,32,286
30,0,0.5,33,252
30,0,0.5,34,279
30,0,0.5,35,261
30,0,0.5,36,242
30,0,0.5,37,249
30,0,0.5,38,206
30,0,0.5,39,236
30,0,0.5,40,226
30,0,0.5,41,202
30,0,0.5,42,174
30,0,0.5,43,185
30,0,0.5,44,221
30,0,0.5,45,206
30,0,0.5,46,195
30,0,0.5,47,205
30,0,0.5,48,170
30,0,0.5,49,154
30,0,0.5,50,170
30,0,0.5,51,198
30,0,0.5,52,170
30,0,0.5,53,182
30,0,0.5,54,211
30,0,0.5,55,177
30,0,0.5,56,174
30,0,0.5,57,159
30,0,0.5,58,144
30,0,0.5,59,158
30,0,0.5,60,131
30,0,0.5,61,141
30,0,0.5,62,134
30,0,0.5,63,148
30,0,0.5,64,131
30,0,0.5,65,129
30,0,0.5,66,124
30,0,0.5,67,125
30,0,0.5,68,107
30,0,0.5,69,110
30,0,0.5,70,96
30,0,0.5,71,103
30,0,0.5,72,112
30,0,0.5,73,108
30,0,0.5,74,87
30,0,0.5,75,101
30,0,0.5,76,96
30,0,0.5,77,76
30,0,0.5,78,92
30,0,0.5,79,96
30,0,0.5,80,65
30,0,0.5,81,81
30,0,0.5,82,79
30,0,0.5,83,88
30,0,0.5,84,76
30,0,0.5,85,66
30,0,0.5,86,70
30,0,0.5,87,54
30,0,0.5,88,63
30,0,0.5,89,58
30,0,0.5,90,68
30,0,0.5,91,58
30,0,0.5,92,64
30,0,0.5,93,76
30,0,0.5,94,64
30,0,0.5,95,57
30,0,0.5,96,70
30,0,0.5,97,57
30,0,0.5,98,71
30,0,0.5,99,47
30,0,0.5,100,57
30,0,0.5,101,62
30,0,0.5,102,54
30,0,0.5,103,50
30,0,0.5,104,81
30,0,0.5,105,72
30,0,0.5,106,53
30,0,0.5,107,58
30,0,0.5,108,46
30,0,0.5,109,55
30,0,0.5,110,59
30,0,0.5,111,63
30,0,0.5,112,51
30,0,0.5,113,49
30,0,0.5,114,57
30,0,0.5,115,66
30,0,0.5,116,66
30,0,0.5,117,62
30,0,0.5,118,62
30,0,0.5,119,58
30,0,0.5,120,54
30,0,0.5,121,46
30,0,0.5,122,73
30,0,0.5,123,85
30,0,0.5,124,79
30,0,0.5,125,86
30,0,0.5,126,116
30,0,0.5,127,167
30,0,0.5,128,1213
30,0,0.9,0,7884
30,0,0.9,1,2944
30,0,0.9,2,1777
30,0,0.9,3,1214
30,0,0.9,4,1117
30,0,0.9,5,976
30,0,0.9,6,884
30,0,0.9,7,899
30,0,0.9,8,794
30,0,0.9,9,790
30,0,0.9,10,715
30,0,0.9,11,733
30,0,0.9,12,681
30,0,0.9,13,624
30,0,0.9,14,659
30,0,0.9,15,624
30,0,0.9,16,522
30,0,0.9,17,503
30,0,0.9,18,479
30,0,0.9,19,415
30,0,0.9,20,407
30,0,0.9,21,389
30,0,0.9,22,390
30,0,0.9,23,417
30,0,0.9,24,360
30,0,0.9,25,351
30,0,0.9,26,308
30,0,0.9,27,299
30,0,0.9,28,318
30,0,0.9,29,297
30,0,0.9,30,306
30,0,0.9,31,287
30,0,0.9,32,272
30,0,0.9,33,244
30,0,0.9,34,247
30,0,0.9,35,245
30,0,0.9,36,253
30,0,0.9,37,268
30,0,0.9,38,259
30,0,0.9,39,253
30,0,0.9,40,242
30,0,0.9,41,233
30,0,0.9,42,256
30,0,0.9,43,233
30,0,0.9,44,225
30,0,0.9,45,239
30,0,0.9,46,231
30,0,0.9,47,251
30,0,0.9,48,212
30,0,0.9,49,215
30,0,0.9,50,220
30,0,0.9,51,225
30,0,0.9,52,179
30,0,0.9,53,211
30,0,0.9,54,224
30,0,0.9,55,208
30,0,0.9,56,228
30,0,0.9,57,216
30,0,0.9,58,216
30,0,0.9,59,253
30,0,0.9,60,240
30,0,0.9,61,222
30,0,0.9,62,231
30,0,0.9,63,238
30,0,0.9,64,251
30,0,0.9,65,231
30,0,0.9,66,243
30,0,0.9,67,247
30,0,0.9,68,230
30,0,0.9,69,210
30,0,0.9,70,231
30,0,0.9,71,211
30,0,0.9,72,244
30,0,0.9,73,261
30,0,0.9,74,223
30,0,0.9,75,254
30,0,0.9,76,275
30,0,0.9,77,234
30,0,0.9,78,258
30,0,0.9,79,260
30,0,0.9,80,260
30,0,0.9,81,257
30,0,0.9,82,275
30,0,0.9,83,215
30,0,0.9,84,267
30,0,0.9,85,269
30,0,0.9,86,268
30,0,0.9,87,259
30,0,0.9,88,271
30,0,0.9,89,267
30,0,0.9,90,260
30,0,0.9,91,256
30,0,0.9,92,287
30,0,0.9,93,296
30,0,0.9,94,260
30,0,0.9,95,265
30,0,0.9,96,300
30,0,0.9,97,298
30,0,0.9,98,293
30,0,0.9,99,327
30,0,0.9,100,350
30,0,0.9,101,352
30,0,0.9,102,332
30,0,0.9,103,345
30,0,0.9,104,346
30,0,0.9,105,364
30,0,0.9,106,369
30,0,0.9,107,413
30,0,0.9,108,396
30,0,0.9,109,426
30,0,0.9,110,380
30,0,0.9,111,464
30,0,0.9,112,465
30,0,0.9,113,480
30,0,0.9,114,464
30,0,0.9,115,493
30,0,0.9,116,521
30,0,0.9,117,525
30,0,0.9,118,608
30,0,0.9,119,674
30,0,0.9,120,695
30,0,0.9,121,650
30,0,0.9,122,762
30,0,0.9,123,793
30,0,0.9,124,886
30,0,0.9,125,875
30,0,0.9,126,1022
30,0,0.9,127,1399
30,0,0.9,128,3522
30,1,0.14,0,31145
30,1,0.14,1,7303
30,1,0.14,2,4140
30,1,0.14,3,2575
30,1,0.14,4,1969
30,1,0.14,5,1551
30,1,0.14,6,1190
30,1,0.14,7,1021
30,1,0.14,8,856
30,1,0.14,9,682
30,1,0.14,10,637
30,1,0.14,11,566
30,1,0.14,12,494
30,1,0.14,13,437
30,1,0.14,14,410
30,1,0.14,15,347
30,1,0.14,16,311
30,1,0.14,17,277
30,1,0.14,18,264
30,1,0.14,19,286
30,1,0.14,20,248
30,1,0.14,21,245
30,1,0.14,22,239
30,1,0.14,23,206
30,1,0.14,24,215
30,1,0.14,25,177
30,1,0.14,26,166
30,1,0.14,27,175
30,1,0.14,28,167
30,1,0.14,29,153
30,1,0.14,30,171
30,1,0.14,31,166
30,1,0.14,32,161
30,1,0.14,33,145
30,1,0.14,34,150
30,1,0.14,35,120
30,1,0.14,36,125
30,1,0.14,37,114
30,1,0.14,38,140
30,1,0.14,39,116
30,1,0.14,40,111
30,1,0.14,41,114
30,1,0.14,42,111
30,1,0.14,43,97
30,1,0.14,44,92
30,1,0.14,45,79
30,1,0.14,46,87
30,1,0.14,47,97
30,1,0.14,48,75
30,1,0.14,49,93
30,1,0.14,50,76
30,1,0.14,51,72
30,1,0.14,52,64
30,1,0.14,53,75
30,1,0.14,54,62
30,1,0.14,55,71
30,1,0.14,56,60
30,1,0.14,57,56
30,1,0.14,58,63
30,1,0.14,59,64
30,1,0.14,60,67
30,1,0.14,61,61
30,1,0.14,62,67
30,1,0.14,63,72
30,1,0.14,64,59
30,1,0.14,65,57
30,1,0.14,66,54
30,1,0.14,67,50
30,1,0.14,68,45
30,1,0.14,69,51
30,1,0.14,70,56
30,1,0.14,71,48
30,1,0.14,72,59
30,1,0.14,73,49
30,1,0.14,74,44
30,1,0.14,75,46
30,1,0.14,76,64
30,1,0.14,77,50
30,1,0.14,78,42
30,1,0.14,79,57
30,1,0.14,80,44
30,1,0.14,81,41
30,1,0.14,82,48
30,1,0.14,83,57
30,1,0.14,84,40
30,1,0.14,85,44
30,1,0.14,86,48
30,1,0.14,87,38
30,1,0.14,88,39
30,1,0.14,89,41
30,1,0.14,90,41
30,1,0.14,91,43
30,1,0.14,92,45
30,1,0.14,93,42
30,1,0.14,94,52
30,1,0.14,95,39
30,1,0.14,96,41
30,1,0.14,97,40
30,1,0.14,98,35
30,1,0.14,99,46
30,1,0.14,100,34
30,1,0.14,101,32
30,1,0.14,102,39
30,1,0.14,103,51
30,1,0.14,104,49
30,1,0.14,105,28
30,1,0.14,106,36
30,1,0.14,107,33
30,1,0.14,108,39
30,1,0.14,109,34
30,1,0.14,110,32
30,1,0.14,111,44
30,1,0.14,112,34
30,1,0.14,113,30
30,1,0.14,114,40
30,1,0.14,115,29
30,1,0.14,116,27
30,1,0.14,117,26
30,1,0.14,118,39
30,1,0.14,119,26
30,1,0.14,120,24
30,1,0.14,121,28
30,1,0.14,122,44
30,1,0.14,123,39
30,1,0.14,124,37
30,1,0.14,125,52
30,1,0.14,126,65
30,1,0.14,127,46
30,1,0.14,128,1058
30,1,0.49,0,17997
30,1,0.49,1,5817
30,1,0.49,2,3863
30,1,0.49,3,2833
30,1,0.49,4,2405
30,1,0.49,5,1954
30,1,0.49,6,1665
30,1,0.49,7,1539
30,1,0.49,8,1322
30,1,0.49,9,1197
30,1,0.49,10,1121
30,1,0.49,11,1026
30,1,0.49,12,957
30,1,0.49,13,878
30,1,0.49,14,843
30,1,0.49,15,746
30,1,0.49,16,694
30,1,0.49,17,656
30,1,0.49,18,592
30,1,0.49,19,539
30,1,0.49,20,503
30,1,0.49,21,457
30,1,0.49,22,496
30,1,0.49,23,421
30,1,0.49,24,409
30,1,0.49,25,419
30,1,0.49,26,367
30,1,0.49,27,357
30,1,0.49,28,320
30,1,0.49,29,307
30,1,0.49,30,287
30,1,0.49,31,272
30,1,0.49,32,274
30,1,0.49,33,268
30,1,0.49,34,281
30,1,0.49,35,254
30,1,0.49,36,271
30,1,0.49,37,233
30,1,0.49,38,224
30,1,0.49,39,218
30,1,0.49,40,238
30,1,0.49,41,219
30,1,0.49,42,225
30,1,0.49,43,204
30,1,0.49,44,179
30,1,0.49,45,185
30,1,0.49,46,206
30,1,0.49,47,189
30,1,0.49,48,181
30,1,0.49,49,163
30,1,0.49,50,177
30,1,0.49,51,184
30,1,0.49,52,179
30,1,0.49,53,164
30,1,0.49,54,174
30,1,0.49,55,179
30,1,0.49,56,159
30,1,0.49,57,164
30,1,0.49,58,136
30,1,0.49,59,162
30,1,0.49,60,131
30,1,0.49,61,145
30,1,0.49,62,140
30,1,0.49,63,140
30,1,0.49,64,156
30,1,0.49,65,122
30,1,0.49,66,113
30,1,0.49,67,92
30,1,0.49,68,103
30,1,0.49,69,99
30,1,0.49,70,78
30,1,0.49,71,66
30,1,0.49,72,113
30,1,0.49,73,93
30,1,0.49,74,83
30,1,0.49,75,96
30,1,0.49,76,100
30,1,0.49,77,93
30,1,0.49,78,78
30,1,0.49,79,77
30,1,0.49,80,80
30,1,0.49,81,75
30,1,0.49,82,59
30,1,0.49,83,84
30,1,0.49,84,77
30,1,0.49,85,79
30,1,0.49,86,72
30,1,0.49,87,60
30,1,0.49,88,64
30,1,0.49,89,66
30,1,0.49,90,61
30,1,0.49,91,63
30,1,0.49,92,76
30,1,0.49,93,60
30,1,0.49,94,63
30,1,0.49,95,51
30,1,0.49,96,68
30,1,0.49,97,66
30,1,0.49,98,65
30,1,0.49,99,51
30,1,0.49,100,52
30,1,0.49,101,50
30,1,0.49,102,58
30,1,0.49,103,55
30,1,0.49,104,63
30,1,0.49,105,64
30,1,0.49,106,61
30,1,0.49,107,59
30,1,0.49,108,49
30,1,0.49,109,62
30,1,0.49,110,54
30,1,0.49,111,63
30,1,0.49,112,56
30,1,0.49,113,49
30,1,0.49,114,61
30,1,0.49,115,60
30,1,0.49,116,72
30,1,0.49,117,74
30,1,0.49,118,72
30,1,0.49,119,70
30,1,0.49,120,55
30,1,0.49,121,61
30,1,0.49,122,62
30,1,0.49,123,76
30,1,0.49,124,79
30,1,0.49,125,95
30,1,0.49,126,118
30,1,0.49,127,162
30,1,0.49,128,1217
30,1,0.89,0,6892
30,1,0.89,1,2967
30,1,0.89,2,1686
30,1,0.89,3,1277
30,1,0.89,4,1152
30,1,0.89,5,969
30,1,0.89,6,901
30,1,0.89,7,840
30,1,0.89,8,795
30,1,0.89,9,776
30,1,0.89,10,770
30,1,0.89,11,700
30,1,0.89,12,728
30,1,0.89,13,672
30,1,0.89,14,644
30,1,0.89,15,592
30,1,0.89,16,550
30,1,0.89,17,567
30,1,0.89,18,513
30,1,0.89,19,474
30,1,0.89,20,463
30,1,0.89,21,447
30,1,0.89,22,394
30,1,0.89,23,389
30,1,0.89,24,375
30,1,0.89,25,365
30,1,0.89,26,355
30,1,0.89,27,328
30,1,0.89,28,320
30,1,0.89,29,324
30,1,0.89,30,292
30,1,0.89,31,330
30,1,0.89,32,301
30,1,0.89,33,281
30,1,0.89,34,307
30,1,0.89,35,301
30,1,0.89,36,299
30,1,0.89,37,278
30,1,0.89,38,281
30,1,0.89,39,252
30,1,0.89,40,256
30,1,0.89,41,250
30,1,0.89,42,285
30,1,0.89,43,240
30,1,0.89,44,224
30,1,0.89,45,271
30,1,0.89,46,239
30,1,0.89,47,254
30,1,0.89,48,220
30,1,0.89,49,211
30,1,0.89,50,233
30,1,0.89,51,233
30,1,0.89,52,240
30,1,0.89,53,227
30,1,0.89,54,243
30,1,0.89,55,238
30,1,0.89,56,263
30,1,0.89,57,212
30,1,0.89,58,248
30,1,0.89,59,243
30,1,0.89,60,237
30,1,0.89,61,249
30,1,0.89,62,221
30,1,0.89,63,244
30,1,0.89,64,253
30,1,0.89,65,245
30,1,0.89,66,252
30,1,0.89,67,244
30,1,0.89,68,238
30,1,0.89,69,253
30,1,0.89,70,258
30,1,0.89,71,254
30,1,0.89,72,237
30,1,0.89,73,245
30,1,0.89,74,265
30,1,0.89,75,276
30,1,0.89,76,272
30,1,0.89,77,279
30,1,0.89,78,275
30,1,0.89,79,252
30,1,0.89,80,267
30,1,0.89,81,273
30,1,0.89,82,281
30,1,0.89,83,252
30,1,0.89,84,281
30,1,0.89,85,245
30,1,0.89,86,280
30,1,0.89,87,259
30,1,0.89,88,285
30,1,0.89,89,275
30,1,0.89,90,307
30,1,0.89,91,311
30,1,0.89,92,296
30,1,0.89,93,301
30,1,0.89,94,285
30,1,0.89,95,320
30,1,0.89,96,322
30,1,0.89,97,335
30,1,0.89,98,325
30,1,0.89,99,308
30,1,0.89,100,341
30,1,0.89,101,348
30,1,0.89,102,374
30,1,0.89,103,367
30,1,0.89,104,383
30,1,0.89,105,391
30,1,0.89,106,401
30,1,0.89,107,379
30,1,0.89,108,421
30,1,0.89,109,424
30,1,0.89,110,428
30,1,0.89,111,449
30,1,0.89,112,463
30,1,0.89,113,447
30,1,0.89,114,518
30,1,0.89,115,496
30,1,0.89,116,504
30,1,0.89,117,606
30,1,0.89,118,567
30,1,0.89,119,646
30,1,0.89,120,649
30,1,0.89,121,666
30,1,0.89,122,744
30,1,0.89,123,757
30,1,0.89,124,829
30,1,0.89,125,821
30,1,0.89,126,948
30,1,0.89,127,1246
30,1,0.89,128,3089
31,0,0.15,0,25665
31,0,0.15,1,7719
31,0,0.15,2,4497
31,0,0.15,3,3209
31,0,0.15,4,2392
31,0,0.15,5,1806
31,0,0.15,6,1559
31,0,0.15,7,1401
31,0,0.15,8,1067
31,0,0.15,9,984
31,0,0.15,10,865
31,0,0.15,11,740
31,0,0.15,12,715
31,0,0.15,13,624
31,0,0.15,14,603
31,0,0.15,15,522
31,0,0.15,16,483
31,0,0.15,17,446
31,0,0.15,18,397
31,0,0.15,19,381
31,0,0.15,20,337
31,0,0.15,21,348
31,0,0.15,22,312
31,0,0.15,23,276
31,0,0.15,24,287
31,0,0.15,25,248
31,0,0.15,26,240
31,0,0.15,27,253
31,0,0.15,28,234
31,0,0.15,29,215
31,0,0.15,30,204
31,0,0.15,31,200
31,0,0.15,32,177
31,0,0.15,33,188
31,0,0.15,34,167
31,0,0.15,35,157
31,0,0.15,36,160
31,0,0.15,37,162
31,0,0.15,38,152
31,0,0.15,39,144
31,0,0.15,40,153
31,0,0.15,41,134
31,0,0.15,42,138
31,0,0.15,43,114
31,0,0.15,44,127
31,0,0.15,45,112
31,0,0.15,46,138
31,0,0.15,47,117
31,0,0.15,48,131
31,0,0.15,49,103
31,0,0.15,50,123
31,0,0.15,51,111
31,0,0.15,52,122
31,0,0.15,53,108
31,0,0.15,54,138
31,0,0.15,55,129
31,0,0.15,56,127
31,0,0.15,57,100
31,0,0.15,58,91
31,0,0.15,59,93
31,0,0.15,60,80
31,0,0.15,61,108
31,0,0.15,62,87
31,0,0.15,63,89
31,0,0.15,64,82
31,0,0.15,65,88
31,0,0.15,66,77
31,0,0.15,67,51
31,0,0.15,68,56
31,0,0.15,69,64
31,0,0.15,70,43
31,0,0.15,71,49
31,0,0.15,72,40
31,0,0.15,73,33
31,0,0.15,74,33
31,0,0.15,75,46
31,0,0.15,76,28
31,0,0.15,77,30
31,0,0.15,78,27
31,0,0.15,79,37
31,0,0.15,80,35
31,0,0.15,81,31
31,0,0.15,82,32
31,0,0.15,83,23
31,0,0.15,84,11
31,0,0.15,85,11
31,0,0.15,86,17
31,0,0.15,87,17
31,0,0.15,88,19
31,0,0.15,89,20
31,0,0.15,90,17
31,0,0.15,91,14
31,0,0.15,92,13
31,0,0.15,93,8
31,0,0.15,94,12
31,0,0.15,95,8
31,0,0.15,96,9
31,0,0.15,97,11
31,0,0.15,98,11
31,0,0.15,99,7
31,0,0.15,100,6
31,0,0.15,101,5
31,0,0.15,102,10
31,0,0.15,103,11
31,0,0.15,104,9
31,0,0.15,105,5
31,0,0.15,106,5
31,0,0.15,107,3
31,0,0.15,108,7
31,0,0.15,109,3
31,0,0.15,110,4
31,0,0.15,111,5
31,0,0.15,113,2
31,0,0.15,114,1
31,0,0.15,115,2
31,0,0.15,116,7
31,0,0.15,117,2
31,0,0.15,118,2
31,0,0.15,119,2
31,0,0.15,122,1
31,0,0.15,123,1
31,0,0.15,128,1024
31,0,0.5,0,12603
31,0,0.5,1,5579
31,0,0.5,2,3843
31,0,0.5,3,2876
31,0,0.5,4,2454
31,0,0.5,5,2238
31,0,0.5,6,1859
31,0,0.5,7,1739
31,0,0.5,8,1527
31,0,0.5,9,1374
31,0,0.5,10,1251
31,0,0.5,11,1172
31,0,0.5,12,1076
31,0,0.5,13,1013
31,0,0.5,14,882
31,0,0.5,15,862
31,0,0.5,16,800
31,0,0.5,17,748
31,0,0.5,18,698
31,0,0.5,19,709
31,0,0.5,20,701
31,0,0.5,21,644
31,0,0.5,22,569
31,0,0.5,23,566
31,0,0.5,24,515
31,0,0.5,25,530
31,0,0.5,26,522
31,0,0.5,27,452
31,0,0.5,28,446
31,0,0.5,29,463
31,0,0.5,30,388
31,0,0.5,31,421
31,0,0.5,32,417
31,0,0.5,33,351
31,0,0.5,34,377
31,0,0.5,35,326
31,0,0.5,36,332
31,0,0.5,37,335
31,0,0.5,38,320
31,0,0.5,39,310
31,0,0.5,40,292
31,0,0.5,41,263
31,0,0.5,42,294
31,0,0.5,43,272
31,0,0.5,44,235
31,0,0.5,45,282
31,0,0.5,46,284
31,0,0.5,47,253
31,0,0.5,48,249
31,0,0.5,49,225
31,0,0.5,50,210
31,0,0.5,51,196
31,0,0.5,52,217
31,0,0.5,53,198
31,0,0.5,54,244
31,0,0.5,55,187
31,0,0.5,56,200
31,0,0.5,57,208
31,0,0.5,58,196
31,0,0.5,59,208
31,0,0.5,60,183
31,0,0.5,61,206
31,0,0.5,62,201
31,0,0.5,63,185
31,0,0.5,64,191
31,0,0.5,65,169
31,0,0.5,66,175
31,0,0.5,67,175
31,0,0.5,68,163
31,0,0.5,69,154
31,0,0.5,70,141
31,0,0.5,71,140
31,0,0.5,72,106
31,0,0.5,73,131
31,0,0.5,74,133
31,0,0.5,75,110
31,0,0.5,76,119
31,0,0.5,77,118
31,0,0.5,78,102
31,0,0.5,79,100
31,0,0.5,80,78
31,0,0.5,81,84
31,0,0.5,82,126
31,0,0.5,83,94
31,0,0.5,84,83
31,0,0.5,85,82
31,0,0.5,86,86
31,0,0.5,87,92
31,0,0.5,88,76
31,0,0.5,89,90
31,0,0.5,90,68
31,0,0.5,91,68
31,0,0.5,92,76
31,0,0.5,93,74
31,0,0.5,94,68
31,0,0.5,95,71
31,0,0.5,96,61
31,0,0.5,97,64
31,0,0.5,98,49
31,0,0.5,99,66
31,0,0.5,100,54
31,0,0.5,101,58
31,0,0.5,102,40
31,0,0.5,103,57
31,0,0.5,104,50
31,0,0.5,105,45
31,0,0.5,106,41
31,0,0.5,107,42
31,0,0.5,108,46
31,0,0.5,109,35
31,0,0.5,110,40
31,0,0.5,111,37
31,0,0.5,112,45
31,0,0.5,113,23
31,0,0.5,114,38
31,0,0.5,115,36
31,0,0.5,116,25
31,0,0.5,117,26
31,0,0.5,118,33
31,0,0.5,119,24
31,0,0.5,120,28
31,0,0.5,121,23
31,0,0.5,122,27
31,0,0.5,123,27
31,0,0.5,124,14
31,0,0.5,125,22
31,0,0.5,126,9
31,0,0.5,127,5
31,0,0.5,128,1027
31,0,0.9,0,3141
31,0,0.9,1,2750
31,0,0.9,2,2395
31,0,0.9,3,2136
31,0,0.9,4,1814
31,0,0.9,5,1560
31,0,0.9,6,1490
31,0,0.9,7,1275
31,0,0.9,8,1190
31,0,0.9,9,1117
31,0,0.9,10,1063
31,0,0.9,11,966
31,0,0.9,12,886
31,0,0.9,13,778
31,0,0.9,14,733
31,0,0.9,15,681
31,0,0.9,16,612
31,0,0.9,17,558
31,0,0.9,18,543
31,0,0.9,19,519
31,0,0.9,20,506
31,0,0.9,21,463
31,0,0.9,22,384
31,0,0.9,23,429
31,0,0.9,24,355
31,0,0.9,25,332
31,0,0.9,26,382
31,0,0.9,27,329
31,0,0.9,28,298
31,0,0.9,29,279
31,0,0.9,30,307
31,0,0.9,31,269
31,0,0.9,32,265
31,0,0.9,33,277
31,0,0.9,34,288
31,0,0.9,35,303
31,0,0.9,36,227
31,0,0.9,37,277
31,0,0.9,38,243
31,0,0.9,39,218
31,0,0.9,40,240
31,0,0.9,41,215
31,0,0.9,42,268
31,0,0.9,43,212
31,0,0.9,44,211
31,0,0.9,45,234
31,0,0.9,46,224
31,0,0.9,47,212
31,0,0.9,48,199
31,0,0.9,49,234
31,0,0.9,50,248
31,0,0.9,51,231
31,0,0.9,52,202
31,0,0.9,53,208
31,0,0.9,54,201
31,0,0.9,55,201
31,0,0.9,56,196
31,0,0.9,57,183
31,0,0.9,58,203
31,0,0.9,59,191
31,0,0.9,60,178
31,0,0.9,61,202
31,0,0.9,62,199
31,0,0.9,63,195
31,0,0.9,64,199
31,0,0.9,65,194
31,0,0.9,66,200
31,0,0.9,67,207
31,0,0.9,68,226
31,0,0.9,69,229
31,0,0.9,70,186
31,0,0.9,71,192
31,0,0.9,72,213
31,0,0.9,73,228
31,0,0.9,74,199
31,0,0.9,75,208
31,0,0.9,76,216
31,0,0.9,77,237
31,0,0.9,78,224
31,0,0.9,79,232
31,0,0.9,80,238
31,0,0.9,81,225
31,0,0.9,82,220
31,0,0.9,83,226
31,0,0.9,84,211
31,0,0.9,85,254
31,0,0.9,86,208
31,0,0.9,87,219
31,0,0.9,88,230
31,0,0.9,89,228
31,0,0.9,90,258
31,0,0.9,91,253
31,0,0.9,92,219
31,0,0.9,93,225
31,0,0.9,94,238
31,0,0.9,95,285
31,0,0.9,96,258
31,0,0.9,97,249
31,0,0.9,98,271
31,0,0.9,99,268
31,0,0.9,100,286
31,0,0.9,101,310
31,0,0.9,102,295
31,0,0.9,103,327
31,0,0.9,104,310
31,0,0.9,105,344
31,0,0.9,106,322
31,0,0.9,107,336
31,0,0.9,108,387
31,0,0.9,109,362
31,0,0.9,110,385
31,0,0.9,111,391
31,0,0.9,112,374
31,0,0.9,113,424
31,0,0.9,114,418
31,0,0.9,115,460
31,0,0.9,116,457
31,0,0.9,117,469
31,0,0.9,118,541
31,0,0.9,119,589
31,0,0.9,120,620
31,0,0.9,121,662
31,0,0.9,122,758
31,0,0.9,123,819
31,0,0.9,124,866
31,0,0.9,125,1047
31,0,0.9,126,1216
31,0,0.9,127,1576
31,0,0.9,128,4287
31,1,0.14,0,25605
31,1,0.14,1,7666
31,1,0.14,2,4398
31,1,0.14,3,3174
31,1,0.14,4,2346
31,1,0.14,5,1891
31,1,0.14,6,1522
31,1,0.14,7,1326
31,1,0.14,8,1141
31,1,0.14,9,948
31,1,0.14,10,862
31,1,0.14,11,765
31,1,0.14,12,669
31,1,0.14,13,596
31,1,0.14,14,545
31,1,0.14,15,503
31,1,0.14,16,492
31,1,0.14,17,456
31,1,0.14,18,371
31,1,0.14,19,389
31,1,0.14,20,318
31,1,0.14,21,290
31,1,0.14,22,315
31,1,0.14,23,279
31,1,0.14,24,257
31,1,0.14,25,228
31,1,0.14,26,223
31,1,0.14,27,234
31,1,0.14,28,223
31,1,0.14,29,184
31,1,0.14,30,206
31,1,0.14,31,185
31,1,0.14,32,182
31,1,0.14,33,178
31,1,0.14,34,192
31,1,0.14,35,156
31,1,0.14,36,133
31,1,0.14,37,164
31,1,0.14,38,152
31,1,0.14,39,145
31,1,0.14,40,165
31,1,0.14,41,137
31,1,0.14,42,124
31,1,0.14,43,126
31,1,0.14,44,149
31,1,0.14,45,130
31,1,0.14,46,101
31,1,0.14,47,123
31,1,0.14,48,131
31,1,0.14,49,116
31,1,0.14,50,121
31,1,0.14,51,118
31,1,0.14,52,145
31,1,0.14,53,116
31,1,0.14,54,130
31,1,0.14,55,140
31,1,0.14,56,126
31,1,0.14,57,132
31,1,0.14,58,99
31,1,0.14,59,117
31,1,0.14,60,96
31,1,0.14,61,106
31,1,0.14,62,105
31,1,0.14,63,108
31,1,0.14,64,103
31,1,0.14,65,81
31,1,0.14,66,83
31,1,0.14,67,84
31,1,0.14,68,52
31,1,0.14,69,78
31,1,0.14,70,52
31,1,0.14,71,54
31,1,0.14,72,54
31,1,0.14,73,52
31,1,0.14,74,44
31,1,0.14,75,49
31,1,0.14,76,36
31,1,0.14,77,46
31,1,0.14,78,35
31,1,0.14,79,48
31,1,0.14,80,41
31,1,0.14,81,32
31,1,0.14,82,38
31,1,0.14,83,42
31,1,0.14,84,37
31,1,0.14,85,33
31,1,0.14,86,25
31,1,0.14,87,25
31,1,0.14,88,24
31,1,0.14,89,20
31,1,0.14,90,24
31,1,0.14,91,25
31,1,0.14,92,18
31,1,0.14,93,17
31,1,0.14,94,11
31,1,0.14,95,18
31,1,0.14,96,18
31,1,0.14,97,22
31,1,0.14,98,7
31,1,0.14,99,16
31,1,0.14,100,15
31,1,0.14,101,15
31,1,0.14,102,11
31,1,0.14,103,11
31,1,0.14,104,11
31,1,0.14,105,14
31,1,0.14,106,15
31,1,0.14,107,9
31,1,0.14,108,9
31,1,0.14,109,7
31,1,0.14,110,13
31,1,0.14,111,9
31,1,0.14,112,10
31,1,0.14,113,5
31,1,0.14,114,3
31,1,0.14,115,3
31,1,0.14,116,11
31,1,0.14,117,10
31,1,0.14,118,2
31,1,0.14,119,2
31,1,0.14,120,4
31,1,0.14,121,1
31,1,0.14,122,2
31,1,0.14,123,3
31,1,0.14,124,2
31,1,0.14,126,1
31,1,0.14,128,1024
31,1,0.49,0,12555
31,1,0.49,1,5525
31,1,0.49,2,3911
31,1,0.49,3,2990
31,1,0.49,4,2467
31,1,0.49,5,2177
31,1,0.49,6,1919
31,1,0.49,7,1709
31,1,0.49,8,1485
31,1,0.49,9,1386
31,1,0.49,10,1302
31,1,0.49,11,1172
31,1,0.49,12,1070
31,1,0.49,13,1022
31,1,0.49,14,892
31,1,0.49,15,841
31,1,0.49,16,771
31,1,0.49,17,735
31,1,0.49,18,726
31,1,0.49,19,642
31,1,0.49,20,633
31,1,0.49,21,640
31,1,0.49,22,625
31,1,0.49,23,567
31,1,0.49,24,530
31,1,0.49,25,505
31,1,0.49,26,479
31,1,0.49,27,470
31,1,0.49,28,469
31,1,0.49,29,444
31,1,0.49,30,415
31,1,0.49,31,389
31,1,0.49,32,383
31,1,0.49,33,370
31,1,0.49,34,363
31,1,0.49,35,353
31,1,0.49,36,329
31,1,0.49,37,303
31,1,0.49,38,336
31,1,0.49,39,293
31,1,0.49,40,294
31,1,0.49,41,294
31,1,0.49,42,285
31,1,0.49,43,240
31,1,0.49,44,251
31,1,0.49,45,244
31,1,0.49,46,270
31,1,0.49,47,216
31,1,0.49,48,243
31,1,0.49,49,256
31,1,0.49,50,227
31,1,0.49,51,230
31,1,0.49,52,230
31,1,0.49,53,207
31,1,0.49,54,207
31,1,0.49,55,197
31,1,0.49,56,210
31,1,0.49,57,202
31,1,0.49,58,205
31,1,0.49,59,191
31,1,0.49,60,194
31,1,0.49,61,210
31,1,0.49,62,180
31,1,0.49,63,200
31,1,0.49,64,208
31,1,0.49,65,195
31,1,0.49,66,183
31,1,0.49,67,196
31,1,0.49,68,166
31,1,0.49,69,148
31,1,0.49,70,149
31,1,0.49,71,143
31,1,0.49,72,136
31,1,0.49,73,117
31,1,0.49,74,123
31,1,0.49,75,108
31,1,0.49,76,115
31,1,0.49,77,106
31,1,0.49,78,104
31,1,0.49,79,93
31,1,0.49,80,110
31,1,0.49,81,106
31,1,0.49,82,91
31,1,0.49,83,98
31,1,0.49,84,86
31,1,0.49,85,96
31,1,0.49,86,94
31,1,0.49,87,83
31,1,0.49,88,87
31,1,0.49,89,72
31,1,0.49,90,88
31,1,0.49,91,72
31,1,0.49,92,91
31,1,0.49,93,70
31,1,0.49,94,68
31,1,0.49,95,59
31,1,0.49,96,65
31,1,0.49,97,56
31,1,0.49,98,48
31,1,0.49,99,48
31,1,0.49,100,49
31,1,0.49,101,70
31,1,0.49,102,46
31,1,0.49,103,43
31,1,0.49,104,44
31,1,0.49,105,53
31,1,0.49,106,44
31,1,0.49,107,40
31,1,0.49,108,45
31,1,0.49,109,34
31,1,0.49,110,41
31,1,0.49,111,38
31,1,0.49,112,39
31,1,0.49,113,36
31,1,0.49,114,31
31,1,0.49,115,30
31,1,0.49,116,33
31,1,0.49,117,43
31,1,0.49,118,22
31,1,0.49,119,24
31,1,0.49,120,22
31,1,0.49,121,26
31,1,0.49,122,18
31,1,0.49,123,30
31,1,0.49,124,21
31,1,0.49,125,18
31,1,0.49,126,7
31,1,0.49,127,4
31,1,0.49,128,1031
31,1,0.89,0,2657
31,1,0.89,1,2478
31,1,0.89,2,2141
31,1,0.89,3,1931
31,1,0.89,4,1693
31,1,0.89,5,1566
31,1,0.89,6,1377
31,1,0.89,7,1298
31,1,0.89,8,1119
31,1,0.89,9,1060
31,1,0.89,10,1063
31,1,0.89,11,898
31,1,0.89,12,913
31,1,0.89,13,899
31,1,0.89,14,759
31,1,0.89,15,659
31,1,0.89,16,611
31,1,0.89,17,589
31,1,0.89,18,589
31,1,0.89,19,550
31,1,0.89,20,516
31,1,0.89,21,456
31,1,0.89,22,491
31,1,0.89,23,426
31,1,0.89,24,428
31,1,0.89,25,416
31,1,0.89,26,361
31,1,0.89,27,394
31,1,0.89,28,337
31,1,0.89,29,329
31,1,0.89,30,334
31,1,0.89,31,351
31,1,0.89,32,307
31,1,0.89,33,344
31,1,0.89,34,290
31,1,0.89,35,293
31,1,0.89,36,274
31,1,0.89,37,275
31,1,0.89,38,272
31,1,0.89,39,281
31,1,0.89,40,276
31,1,0.89,41,242
31,1,0.89,42,276
31,1,0.89,43,267
31,1,0.89,44,229
31,1,0.89,45,230
31,1,0.89,46,239
31,1,0.89,47,236
31,1,0.89,48,248
31,1,0.89,49,247
31,1,0.89,50,251
31,1,0.89,51,256
31,1,0.89,52,219
31,1,0.89,53,225
31,1,0.89,54,202
31,1,0.89,55,222
31,1,0.89,56,228
31,1,0.89,57,208
31,1,0.89,58,212
31,1,0.89,59,213
31,1,0.89,60,272
31,1,0.89,61,216
31,1,0.89,62,202
31,1,0.89,63,222
31,1,0.89,64,203
31,1,0.89,65,221
31,1,0.89,66,238
31,1,0.89,67,236
31,1,0.89,68,191
31,1,0.89,69,224
31,1,0.89,70,237
31,1,0.89,71,224
31,1,0.89,72,254
31,1,0.89,73,251
31,1,0.89,74,225
31,1,0.89,75,225
31,1,0.89,76,230
31,1,0.89,77,218
31,1,0.89,78,206
31,1,0.89,79,265
31,1,0.89,80,236
31,1,0.89,81,248
31,1,0.89,82,215
31,1,0.89,83,249
31,1,0.89,84,239
31,1,0.89,85,221
31,1,0.89,86,242
31,1,0.89,87,241
31,1,0.89,88,232
31,1,0.89,89,277
31,1,0.89,90,254
31,1,0.89,91,273
31,1,0.89,92,270
31,1,0.89,93,252
31,1,0.89,94,271
31,1,0.89,95,278
31,1,0.89,96,260
31,1,0.89,97,273
31,1,0.89,98,268
31,1,0.89,99,283
31,1,0.89,100,335
31,1,0.89,101,284
31,1,0.89,102,283
31,1,0.89,103,306
31,1,0.89,104,328
31,1,0.89,105,347
31,1,0.89,106,335
31,1,0.89,107,356
31,1,0.89,108,399
31,1,0.89,109,383
31,1,0.89,110,427
31,1,0.89,111,409
31,1,0.89,112,377
31,1,0.89,113,432
31,1,0.89,114,419
31,1,0.89,115,455
31,1,0.89,116,491
31,1,0.89,117,499
31,1,0.89,118,549
31,1,0.89,119,627
31,1,0.89,120,660
31,1,0.89,121,710
31,1,0.89,122,758
31,1,0.89,123,754
31,1,0.89,124,864
31,1,0.89,125,982
31,1,0.89,126,1121
31,1,0.89,127,1429
31,1,0.89,128,3824
