configuration,mode,k,aggregation,value,scope,order,new_max_protection,oracle_refresh,steps,total_tiles,baseline_kept_tiles,additional_skipped_tiles,additional_physical_sparsity,fraction_of_baseline_kept_removed,maximum_absolute_error,mean_relative_error,worst_mean_row_cosine,minimum_row_cosine,masked_mean_relative_error,visible_mean_relative_error,masked_worst_mean_row_cosine,removed_new_maximum_tiles,first_nonzero_error_step
independent:k1:all_max:1e-06:all:score:newmax-none:current_step,independent,1,all_max,1e-06,all,score,none,current_step,16,1024,598,0,0.0,0.0,0.0,0.0,1.0,0.9999997019767761,0.0,0.0,0.9999998807907104,0,-1
independent:k1:all_max:3e-06:all:score:newmax-none:current_step,independent,1,all_max,3e-06,all,score,none,current_step,16,1024,598,0,0.0,0.0,0.0,0.0,1.0,0.9999997019767761,0.0,0.0,0.9999998807907104,0,-1
independent:k1:all_max:1e-05:all:score:newmax-none:current_step,independent,1,all_max,1e-05,all,score,none,current_step,16,1024,598,0,0.0,0.0,0.0,0.0,1.0,0.9999997019767761,0.0,0.0,0.9999998807907104,0,-1
independent:k1:all_max:3e-05:all:score:newmax-none:current_step,independent,1,all_max,3e-05,all,score,none,current_step,16,1024,598,0,0.0,0.0,0.0,0.0,1.0,0.9999997019767761,0.0,0.0,0.9999998807907104,0,-1
independent:k1:all_max:0.0001:all:score:newmax-none:current_step,independent,1,all_max,0.0001,all,score,none,current_step,16,1024,598,0,0.0,0.0,0.0,0.0,1.0,0.9999997019767761,0.0,0.0,0.9999998807907104,0,-1
independent:k1:all_max:0.0003:all:score:newmax-none:current_step,independent,1,all_max,0.0003,all,score,none,current_step,16,1024,598,0,0.0,0.0,0.0,0.0,1.0,0.9999997019767761,0.0,0.0,0.9999998807907104,0,-1
independent:k1:all_max:0.001:all:score:newmax-none:current_step,independent,1,all_max,0.001,all,score,none,current_step,16,1024,598,0,0.0,0.0,0.0,0.0,1.0,0.9999997019767761,0.0,0.0,0.9999998807907104,0,-1
independent:k1:all_max:0.003:all:score:newmax-none:current_step,independent,1,all_max,0.003,all,score,none,current_step,16,1024,598,0,0.0,0.0,0.0,0.0,1.0,0.9999997019767761,0.0,0.0,0.9999998807907104,0,-1
independent:k1:all_max:0.01:all:score:newmax-none:current_step,independent,1,all_max,0.01,all,score,none,current_step,16,1024,598,5,0.0048828125,0.008361204013377926,0.006800234317779541,0.0009071406093426049,0.9999661445617676,0.9996366500854492,0.000900286016985774,0.0017776614986360073,0.9999687075614929,0,1
independent:k1:all_max:0.03:all:score:newmax-none:current_step,independent,1,all_max,0.03,all,score,none,current_step,16,1024,598,13,0.0126953125,0.021739130434782608,0.024103105068206787,0.002643403087859042,0.9997745752334595,0.9950920343399048,0.002279223164805444,0.00706827497924678,0.9998114109039307,0,1
independent:k1:veto_max:1e-06:all:score:newmax-none:current_step,independent,1,veto_max,1e-06,all,score,none,current_step,16,1024,598,0,0.0,0.0,0.0,0.0,1.0,0.9999997019767761,0.0,0.0,0.9999998807907104,0,-1
independent:k1:veto_max:3e-06:all:score:newmax-none:current_step,independent,1,veto_max,3e-06,all,score,none,current_step,16,1024,598,0,0.0,0.0,0.0,0.0,1.0,0.9999997019767761,0.0,0.0,0.9999998807907104,0,-1
independent:k1:veto_max:1e-05:all:score:newmax-none:current_step,independent,1,veto_max,1e-05,all,score,none,current_step,16,1024,598,0,0.0,0.0,0.0,0.0,1.0,0.9999997019767761,0.0,0.0,0.9999998807907104,0,-1
independent:k1:veto_max:3e-05:all:score:newmax-none:current_step,independent,1,veto_max,3e-05,all,score,none,current_step,16,1024,598,0,0.0,0.0,0.0,0.0,1.0,0.9999997019767761,0.0,0.0,0.9999998807907104,0,-1
independent:k1:veto_max:0.0001:all:score:newmax-none:current_step,independent,1,veto_max,0.0001,all,score,none,current_step,16,1024,598,0,0.0,0.0,0.0,0.0,1.0,0.9999997019767761,0.0,0.0,0.9999998807907104,0,-1
independent:k1:veto_max:0.0003:all:score:newmax-none:current_step,independent,1,veto_max,0.0003,all,score,none,current_step,16,1024,598,0,0.0,0.0,0.0,0.0,1.0,0.9999997019767761,0.0,0.0,0.9999998807907104,0,-1
independent:k1:veto_max:0.001:all:score:newmax-none:current_step,independent,1,veto_max,0.001,all,score,none,current_step,16,1024,598,0,0.0,0.0,0.0,0.0,1.0,0.9999997019767761,0.0,0.0,0.9999998807907104,0,-1
independent:k1:veto_max:0.003:all:score:newmax-none:current_step,independent,1,veto_max,0.003,all,score,none,current_step,16,1024,598,0,0.0,0.0,0.0,0.0,1.0,0.9999997019767761,0.0,0.0,0.9999998807907104,0,-1
independent:k1:veto_max:0.01:all:score:newmax-none:current_step,independent,1,veto_max,0.01,all,score,none,current_step,16,1024,598,5,0.0048828125,0.008361204013377926,0.006800234317779541,0.0009071406093426049,0.9999661445617676,0.9996366500854492,0.000900286016985774,0.0017776614986360073,0.9999687075614929,0,1
independent:k1:veto_max:0.03:all:score:newmax-none:current_step,independent,1,veto_max,0.03,all,score,none,current_step,16,1024,598,13,0.0126953125,0.021739130434782608,0.024103105068206787,0.002643403087859042,0.9997745752334595,0.9950920343399048,0.002279223164805444,0.00706827497924678,0.9998114109039307,0,1
independent:k1:masked_max:1e-06:all:score:newmax-none:current_step,independent,1,masked_max,1e-06,all,score,none,current_step,16,1024,598,0,0.0,0.0,0.0,0.0,1.0,0.9999997019767761,0.0,0.0,0.9999998807907104,0,-1
independent:k1:masked_max:3e-06:all:score:newmax-none:current_step,independent,1,masked_max,3e-06,all,score,none,current_step,16,1024,598,0,0.0,0.0,0.0,0.0,1.0,0.9999997019767761,0.0,0.0,0.9999998807907104,0,-1
independent:k1:masked_max:1e-05:all:score:newmax-none:current_step,independent,1,masked_max,1e-05,all,score,none,current_step,16,1024,598,0,0.0,0.0,0.0,0.0,1.0,0.9999997019767761,0.0,0.0,0.9999998807907104,0,-1
independent:k1:masked_max:3e-05:all:score:newmax-none:current_step,independent,1,masked_max,3e-05,all,score,none,current_step,16,1024,598,0,0.0,0.0,0.0,0.0,1.0,0.9999997019767761,0.0,0.0,0.9999998807907104,0,-1
independent:k1:masked_max:0.0001:all:score:newmax-none:current_step,independent,1,masked_max,0.0001,all,score,none,current_step,16,1024,598,0,0.0,0.0,0.0,0.0,1.0,0.9999997019767761,0.0,0.0,0.9999998807907104,0,-1
independent:k1:masked_max:0.0003:all:score:newmax-none:current_step,independent,1,masked_max,0.0003,all,score,none,current_step,16,1024,598,0,0.0,0.0,0.0,0.0,1.0,0.9999997019767761,0.0,0.0,0.9999998807907104,0,-1
independent:k1:masked_max:0.001:all:score:newmax-none:current_step,independent,1,masked_max,0.001,all,score,none,current_step,16,1024,598,0,0.0,0.0,0.0,0.0,1.0,0.9999997019767761,0.0,0.0,0.9999998807907104,0,-1
independent:k1:masked_max:0.003:all:score:newmax-none:current_step,independent,1,masked_max,0.003,all,score,none,current_step,16,1024,598,1,0.0009765625,0.0016722408026755853,0.0015961630269885063,0.00015648813860025257,0.9999988675117493,0.9999768733978271,0.00015421977150253952,0.000444570992840454,0.9999990463256836,0,1
independent:k1:masked_max:0.01:all:score:newmax-none:current_step,independent,1,masked_max,0.01,all,score,none,current_step,16,1024,598,11,0.0107421875,0.01839464882943144,0.024103105068206787,0.0022867105435580015,0.9997745752334595,0.9950920343399048,0.002251910511404276,0.006706354208290577,0.9998114109039307,0,1
independent:k1:masked_max:0.03:all:score:newmax-none:current_step,independent,1,masked_max,0.03,all,score,none,current_step,16,1024,598,13,0.0126953125,0.021739130434782608,0.024103105068206787,0.002643403087859042,0.9997745752334595,0.9950920343399048,0.002279223164805444,0.00706827497924678,0.9998114109039307,0,1
independent:k1:q90:1e-06:all:score:newmax-none:current_step,independent,1,q90,1e-06,all,score,none,current_step,16,1024,598,0,0.0,0.0,0.0,0.0,1.0,0.9999997019767761,0.0,0.0,0.9999998807907104,0,-1
independent:k1:q90:3e-06:all:score:newmax-none:current_step,independent,1,q90,3e-06,all,score,none,current_step,16,1024,598,0,0.0,0.0,0.0,0.0,1.0,0.9999997019767761,0.0,0.0,0.9999998807907104,0,-1
independent:k1:q90:1e-05:all:score:newmax-none:current_step,independent,1,q90,1e-05,all,score,none,current_step,16,1024,598,0,0.0,0.0,0.0,0.0,1.0,0.9999997019767761,0.0,0.0,0.9999998807907104,0,-1
independent:k1:q90:3e-05:all:score:newmax-none:current_step,independent,1,q90,3e-05,all,score,none,current_step,16,1024,598,0,0.0,0.0,0.0,0.0,1.0,0.9999997019767761,0.0,0.0,0.9999998807907104,0,-1
independent:k1:q90:0.0001:all:score:newmax-none:current_step,independent,1,q90,0.0001,all,score,none,current_step,16,1024,598,0,0.0,0.0,0.0,0.0,1.0,0.9999997019767761,0.0,0.0,0.9999998807907104,0,-1
independent:k1:q90:0.0003:all:score:newmax-none:current_step,independent,1,q90,0.0003,all,score,none,current_step,16,1024,598,0,0.0,0.0,0.0,0.0,1.0,0.9999997019767761,0.0,0.0,0.9999998807907104,0,-1
independent:k1:q90:0.001:all:score:newmax-none:current_step,independent,1,q90,0.001,all,score,none,current_step,16,1024,598,0,0.0,0.0,0.0,0.0,1.0,0.9999997019767761,0.0,0.0,0.9999998807907104,0,-1
independent:k1:q90:0.003:all:score:newmax-none:current_step,independent,1,q90,0.003,all,score,none,current_step,16,1024,598,2,0.001953125,0.0033444816053511705,0.003998597152531147,0.00033475691452622414,0.999994695186615,0.9998565316200256,0.0003286242135800421,0.0011136129032820463,0.999995768070221,0,1
independent:k1:q90:0.01:all:score:newmax-none:current_step,independent,1,q90,0.01,all,score,none,current_step,16,1024,598,11,0.0107421875,0.01839464882943144,0.024103105068206787,0.0022867105435580015,0.9997745752334595,0.9950920343399048,0.002251910511404276,0.006706354208290577,0.9998114109039307,0,1
independent:k1:q90:0.03:all:score:newmax-none:current_step,independent,1,q90,0.03,all,score,none,current_step,16,1024,598,15,0.0146484375,0.02508361204013378,0.024103105068206787,0.0029186903520894703,0.9997745752334595,0.9950920343399048,0.002303263492649421,0.00734998417829047,0.9998114109039307,0,1
independent:k1:q95:1e-06:all:score:newmax-none:current_step,independent,1,q95,1e-06,all,score,none,current_step,16,1024,598,0,0.0,0.0,0.0,0.0,1.0,0.9999997019767761,0.0,0.0,0.9999998807907104,0,-1
independent:k1:q95:3e-06:all:score:newmax-none:current_step,independent,1,q95,3e-06,all,score,none,current_step,16,1024,598,0,0.0,0.0,0.0,0.0,1.0,0.9999997019767761,0.0,0.0,0.9999998807907104,0,-1
independent:k1:q95:1e-05:all:score:newmax-none:current_step,independent,1,q95,1e-05,all,score,none,current_step,16,1024,598,0,0.0,0.0,0.0,0.0,1.0,0.9999997019767761,0.0,0.0,0.9999998807907104,0,-1
independent:k1:q95:3e-05:all:score:newmax-none:current_step,independent,1,q95,3e-05,all,score,none,current_step,16,1024,598,0,0.0,0.0,0.0,0.0,1.0,0.9999997019767761,0.0,0.0,0.9999998807907104,0,-1
independent:k1:q95:0.0001:all:score:newmax-none:current_step,independent,1,q95,0.0001,all,score,none,current_step,16,1024,598,0,0.0,0.0,0.0,0.0,1.0,0.9999997019767761,0.0,0.0,0.9999998807907104,0,-1
independent:k1:q95:0.0003:all:score:newmax-none:current_step,independent,1,q95,0.0003,all,score,none,current_step,16,1024,598,0,0.0,0.0,0.0,0.0,1.0,0.9999997019767761,0.0,0.0,0.9999998807907104,0,-1
independent:k1:q95:0.001:all:score:newmax-none:current_step,independent,1,q95,0.001,all,score,none,current_step,16,1024,598,0,0.0,0.0,0.0,0.0,1.0,0.9999997019767761,0.0,0.0,0.9999998807907104,0,-1
independent:k1:q95:0.003:all:score:newmax-none:current_step,independent,1,q95,0.003,all,score,none,current_step,16,1024,598,2,0.001953125,0.0033444816053511705,0.003998597152531147,0.00033475691452622414,0.999994695186615,0.9998565316200256,0.0003286242135800421,0.0011136129032820463,0.999995768070221,0,1
independent:k1:q95:0.01:all:score:newmax-none:current_step,independent,1,q95,0.01,all,score,none,current_step,16,1024,598,11,0.0107421875,0.01839464882943144,0.024103105068206787,0.0022867105435580015,0.9997745752334595,0.9950920343399048,0.002251910511404276,0.006706354208290577,0.9998114109039307,0,1
independent:k1:q95:0.03:all:score:newmax-none:current_step,independent,1,q95,0.03,all,score,none,current_step,16,1024,598,14,0.013671875,0.023411371237458192,0.024103105068206787,0.002866523849661462,0.9997745752334595,0.9950920343399048,0.002303263492649421,0.007297817675862461,0.9998114109039307,0,1
independent:k1:q99:1e-06:all:score:newmax-none:current_step,independent,1,q99,1e-06,all,score,none,current_step,16,1024,598,0,0.0,0.0,0.0,0.0,1.0,0.9999997019767761,0.0,0.0,0.9999998807907104,0,-1
independent:k1:q99:3e-06:all:score:newmax-none:current_step,independent,1,q99,3e-06,all,score,none,current_step,16,1024,598,0,0.0,0.0,0.0,0.0,1.0,0.9999997019767761,0.0,0.0,0.9999998807907104,0,-1
independent:k1:q99:1e-05:all:score:newmax-none:current_step,independent,1,q99,1e-05,all,score,none,current_step,16,1024,598,0,0.0,0.0,0.0,0.0,1.0,0.9999997019767761,0.0,0.0,0.9999998807907104,0,-1
independent:k1:q99:3e-05:all:score:newmax-none:current_step,independent,1,q99,3e-05,all,score,none,current_step,16,1024,598,0,0.0,0.0,0.0,0.0,1.0,0.9999997019767761,0.0,0.0,0.9999998807907104,0,-1
independent:k1:q99:0.0001:all:score:newmax-none:current_step,independent,1,q99,0.0001,all,score,none,current_step,16,1024,598,0,0.0,0.0,0.0,0.0,1.0,0.9999997019767761,0.0,0.0,0.9999998807907104,0,-1
independent:k1:q99:0.0003:all:score:newmax-none:current_step,independent,1,q99,0.0003,all,score,none,current_step,16,1024,598,0,0.0,0.0,0.0,0.0,1.0,0.9999997019767761,0.0,0.0,0.9999998807907104,0,-1
independent:k1:q99:0.001:all:score:newmax-none:current_step,independent,1,q99,0.001,all,score,none,current_step,16,1024,598,0,0.0,0.0,0.0,0.0,1.0,0.9999997019767761,0.0,0.0,0.9999998807907104,0,-1
independent:k1:q99:0.003:all:score:newmax-none:current_step,independent,1,q99,0.003,all,score,none,current_step,16,1024,598,1,0.0009765625,0.0016722408026755853,0.0015961630269885063,0.00015648813860025257,0.9999988675117493,0.9999768733978271,0.00015421977150253952,0.000444570992840454,0.9999990463256836,0,1
independent:k1:q99:0.01:all:score:newmax-none:current_step,independent,1,q99,0.01,all,score,none,current_step,16,1024,598,11,0.0107421875,0.01839464882943144,0.024103105068206787,0.0022867105435580015,0.9997745752334595,0.9950920343399048,0.002251910511404276,0.006706354208290577,0.9998114109039307,0,1
independent:k1:q99:0.03:all:score:newmax-none:current_step,independent,1,q99,0.03,all,score,none,current_step,16,1024,598,14,0.013671875,0.023411371237458192,0.024103105068206787,0.002866523849661462,0.9997745752334595,0.9950920343399048,0.002303263492649421,0.007297817675862461,0.9998114109039307,0,1
independent:k1:sum_all:1e-06:all:score:newmax-none:current_step,independent,1,sum_all,1e-06,all,score,none,current_step,16,1024,598,0,0.0,0.0,0.0,0.0,1.0,0.9999997019767761,0.0,0.0,0.9999998807907104,0,-1
independent:k1:sum_all:3e-06:all:score:newmax-none:current_step,independent,1,sum_all,3e-06,all,score,none,current_step,16,1024,598,0,0.0,0.0,0.0,0.0,1.0,0.9999997019767761,0.0,0.0,0.9999998807907104,0,-1
independent:k1:sum_all:1e-05:all:score:newmax-none:current_step,independent,1,sum_all,1e-05,all,score,none,current_step,16,1024,598,0,0.0,0.0,0.0,0.0,1.0,0.9999997019767761,0.0,0.0,0.9999998807907104,0,-1
independent:k1:sum_all:3e-05:all:score:newmax-none:current_step,independent,1,sum_all,3e-05,all,score,none,current_step,16,1024,598,0,0.0,0.0,0.0,0.0,1.0,0.9999997019767761,0.0,0.0,0.9999998807907104,0,-1
independent:k1:sum_all:0.0001:all:score:newmax-none:current_step,independent,1,sum_all,0.0001,all,score,none,current_step,16,1024,598,0,0.0,0.0,0.0,0.0,1.0,0.9999997019767761,0.0,0.0,0.9999998807907104,0,-1
independent:k1:sum_all:0.0003:all:score:newmax-none:current_step,independent,1,sum_all,0.0003,all,score,none,current_step,16,1024,598,0,0.0,0.0,0.0,0.0,1.0,0.9999997019767761,0.0,0.0,0.9999998807907104,0,-1
independent:k1:sum_all:0.001:all:score:newmax-none:current_step,independent,1,sum_all,0.001,all,score,none,current_step,16,1024,598,0,0.0,0.0,0.0,0.0,1.0,0.9999997019767761,0.0,0.0,0.9999998807907104,0,-1
independent:k1:sum_all:0.003:all:score:newmax-none:current_step,independent,1,sum_all,0.003,all,score,none,current_step,16,1024,598,0,0.0,0.0,0.0,0.0,1.0,0.9999997019767761,0.0,0.0,0.9999998807907104,0,-1
independent:k1:sum_all:0.01:all:score:newmax-none:current_step,independent,1,sum_all,0.01,all,score,none,current_step,16,1024,598,0,0.0,0.0,0.0,0.0,1.0,0.9999997019767761,0.0,0.0,0.9999998807907104,0,-1
independent:k1:sum_all:0.03:all:score:newmax-none:current_step,independent,1,sum_all,0.03,all,score,none,current_step,16,1024,598,0,0.0,0.0,0.0,0.0,1.0,0.9999997019767761,0.0,0.0,0.9999998807907104,0,-1
independent:k1:mean_all:1e-06:all:score:newmax-none:current_step,independent,1,mean_all,1e-06,all,score,none,current_step,16,1024,598,0,0.0,0.0,0.0,0.0,1.0,0.9999997019767761,0.0,0.0,0.9999998807907104,0,-1
independent:k1:mean_all:3e-06:all:score:newmax-none:current_step,independent,1,mean_all,3e-06,all,score,none,current_step,16,1024,598,0,0.0,0.0,0.0,0.0,1.0,0.9999997019767761,0.0,0.0,0.9999998807907104,0,-1
independent:k1:mean_all:1e-05:all:score:newmax-none:current_step,independent,1,mean_all,1e-05,all,score,none,current_step,16,1024,598,0,0.0,0.0,0.0,0.0,1.0,0.9999997019767761,0.0,0.0,0.9999998807907104,0,-1
independent:k1:mean_all:3e-05:all:score:newmax-none:current_step,independent,1,mean_all,3e-05,all,score,none,current_step,16,1024,598,0,0.0,0.0,0.0,0.0,1.0,0.9999997019767761,0.0,0.0,0.9999998807907104,0,-1
independent:k1:mean_all:0.0001:all:score:newmax-none:current_step,independent,1,mean_all,0.0001,all,score,none,current_step,16,1024,598,0,0.0,0.0,0.0,0.0,1.0,0.9999997019767761,0.0,0.0,0.9999998807907104,0,-1
independent:k1:mean_all:0.0003:all:score:newmax-none:current_step,independent,1,mean_all,0.0003,all,score,none,current_step,16,1024,598,0,0.0,0.0,0.0,0.0,1.0,0.9999997019767761,0.0,0.0,0.9999998807907104,0,-1
independent:k1:mean_all:0.001:all:score:newmax-none:current_step,independent,1,mean_all,0.001,all,score,none,current_step,16,1024,598,0,0.0,0.0,0.0,0.0,1.0,0.9999997019767761,0.0,0.0,0.9999998807907104,0,-1
independent:k1:mean_all:0.003:all:score:newmax-none:current_step,independent,1,mean_all,0.003,all,score,none,current_step,16,1024,598,7,0.0068359375,0.011705685618729096,0.010820905677974224,0.0012525198981165886,0.9999340176582336,0.9989697933197021,0.0012386662419885397,0.0030119435396045446,0.9999415874481201,0,1
independent:k1:mean_all:0.01:all:score:newmax-none:current_step,independent,1,mean_all,0.01,all,score,none,current_step,16,1024,598,11,0.0107421875,0.01839464882943144,0.024103105068206787,0.0022867105435580015,0.9997745752334595,0.9950920343399048,0.002251910511404276,0.006706354208290577,0.9998114109039307,0,1
independent:k1:mean_all:0.03:all:score:newmax-none:current_step,independent,1,mean_all,0.03,all,score,none,current_step,16,1024,598,19,0.0185546875,0.03177257525083612,0.024103105068206787,0.0035971242359664757,0.9997745752334595,0.9950920343399048,0.002303263492649421,0.008028418062167475,0.9998114109039307,0,1
independent:k1:sum_masked:1e-06:all:score:newmax-none:current_step,independent,1,sum_masked,1e-06,all,score,none,current_step,16,1024,598,5,0.0048828125,0.008361204013377926,0.004097253084182739,0.0007306003863050137,0.999997079372406,0.9999855756759644,0.0,0.0007306003863050137,0.9999998807907104,0,8
independent:k1:sum_masked:3e-06:all:score:newmax-none:current_step,independent,1,sum_masked,3e-06,all,score,none,current_step,16,1024,598,5,0.0048828125,0.008361204013377926,0.004097253084182739,0.0007306003863050137,0.999997079372406,0.9999855756759644,0.0,0.0007306003863050137,0.9999998807907104,0,8
independent:k1:sum_masked:1e-05:all:score:newmax-none:current_step,independent,1,sum_masked,1e-05,all,score,none,current_step,16,1024,598,5,0.0048828125,0.008361204013377926,0.004097253084182739,0.0007306003863050137,0.999997079372406,0.9999855756759644,0.0,0.0007306003863050137,0.9999998807907104,0,8
independent:k1:sum_masked:3e-05:all:score:newmax-none:current_step,independent,1,sum_masked,3e-05,all,score,none,current_step,16,1024,598,5,0.0048828125,0.008361204013377926,0.004097253084182739,0.0007306003863050137,0.999997079372406,0.9999855756759644,0.0,0.0007306003863050137,0.9999998807907104,0,8
independent:k1:sum_masked:0.0001:all:score:newmax-none:current_step,independent,1,sum_masked,0.0001,all,score,none,current_step,16,1024,598,5,0.0048828125,0.008361204013377926,0.004097253084182739,0.0007306003863050137,0.999997079372406,0.9999855756759644,0.0,0.0007306003863050137,0.9999998807907104,0,8
independent:k1:sum_masked:0.0003:all:score:newmax-none:current_step,independent,1,sum_masked,0.0003,all,score,none,current_step,16,1024,598,5,0.0048828125,0.008361204013377926,0.004097253084182739,0.0007306003863050137,0.999997079372406,0.9999855756759644,0.0,0.0007306003863050137,0.9999998807907104,0,8
independent:k1:sum_masked:0.001:all:score:newmax-none:current_step,independent,1,sum_masked,0.001,all,score,none,current_step,16,1024,598,5,0.0048828125,0.008361204013377926,0.004097253084182739,0.0007306003863050137,0.999997079372406,0.9999855756759644,0.0,0.0007306003863050137,0.9999998807907104,0,8
independent:k1:sum_masked:0.003:all:score:newmax-none:current_step,independent,1,sum_masked,0.003,all,score,none,current_step,16,1024,598,5,0.0048828125,0.008361204013377926,0.004097253084182739,0.0007306003863050137,0.999997079372406,0.9999855756759644,0.0,0.0007306003863050137,0.9999998807907104,0,8
independent:k1:sum_masked:0.01:all:score:newmax-none:current_step,independent,1,sum_masked,0.01,all,score,none,current_step,16,1024,598,5,0.0048828125,0.008361204013377926,0.004097253084182739,0.0007306003863050137,0.999997079372406,0.9999855756759644,0.0,0.0007306003863050137,0.9999998807907104,0,8
independent:k1:sum_masked:0.03:all:score:newmax-none:current_step,independent,1,sum_masked,0.03,all,score,none,current_step,16,1024,598,5,0.0048828125,0.008361204013377926,0.004097253084182739,0.0007306003863050137,0.999997079372406,0.9999855756759644,0.0,0.0007306003863050137,0.9999998807907104,0,8
independent:k1:mean_masked:1e-06:all:score:newmax-none:current_step,independent,1,mean_masked,1e-06,all,score,none,current_step,16,1024,598,5,0.0048828125,0.008361204013377926,0.004097253084182739,0.0007306003863050137,0.999997079372406,0.9999855756759644,0.0,0.0007306003863050137,0.9999998807907104,0,8
independent:k1:mean_masked:3e-06:all:score:newmax-none:current_step,independent,1,mean_masked,3e-06,all,score,none,current_step,16,1024,598,5,0.0048828125,0.008361204013377926,0.004097253084182739,0.0007306003863050137,0.999997079372406,0.9999855756759644,0.0,0.0007306003863050137,0.9999998807907104,0,8
independent:k1:mean_masked:1e-05:all:score:newmax-none:current_step,independent,1,mean_masked,1e-05,all,score,none,current_step,16,1024,598,5,0.0048828125,0.008361204013377926,0.004097253084182739,0.0007306003863050137,0.999997079372406,0.9999855756759644,0.0,0.0007306003863050137,0.9999998807907104,0,8
independent:k1:mean_masked:3e-05:all:score:newmax-none:current_step,independent,1,mean_masked,3e-05,all,score,none,current_step,16,1024,598,5,0.0048828125,0.008361204013377926,0.004097253084182739,0.0007306003863050137,0.999997079372406,0.9999855756759644,0.0,0.0007306003863050137,0.9999998807907104,0,8
independent:k1:mean_masked:0.0001:all:score:newmax-none:current_step,independent,1,mean_masked,0.0001,all,score,none,current_step,16,1024,598,5,0.0048828125,0.008361204013377926,0.004097253084182739,0.0007306003863050137,0.999997079372406,0.9999855756759644,0.0,0.0007306003863050137,0.9999998807907104,0,8
independent:k1:mean_masked:0.0003:all:score:newmax-none:current_step,independent,1,mean_masked,0.0003,all,score,none,current_step,16,1024,598,5,0.0048828125,0.008361204013377926,0.004097253084182739,0.0007306003863050137,0.999997079372406,0.9999855756759644,0.0,0.0007306003863050137,0.9999998807907104,0,8
independent:k1:mean_masked:0.001:all:score:newmax-none:current_step,independent,1,mean_masked,0.001,all,score,none,current_step,16,1024,598,5,0.0048828125,0.008361204013377926,0.004097253084182739,0.0007306003863050137,0.999997079372406,0.9999855756759644,0.0,0.0007306003863050137,0.9999998807907104,0,8
independent:k1:mean_masked:0.003:all:score:newmax-none:current_step,independent,1,mean_masked,0.003,all,score,none,current_step,16,1024,598,14,0.013671875,0.023411371237458192,0.017099250108003616,0.002395547056948999,0.9998796582221985,0.9974746704101562,0.0016405838541686535,0.005489615901751677,0.9998986721038818,0,1
independent:k1:mean_masked:0.01:all:score:newmax-none:current_step,independent,1,mean_masked,0.01,all,score,none,current_step,16,1024,598,16,0.015625,0.026755852842809364,0.024103105068206787,0.003017310929863015,0.9997745752334595,0.9950920343399048,0.002251910511404276,0.007436954594595591,0.9998114109039307,0,1
independent:k1:mean_masked:0.03:all:score:newmax-none:current_step,independent,1,mean_masked,0.03,all,score,none,current_step,16,1024,598,19,0.0185546875,0.03177257525083612,0.024103105068206787,0.0035971242359664757,0.9997745752334595,0.9950920343399048,0.002303263492649421,0.008028418062167475,0.9998114109039307,0,1
independent:k1:sum_mixed:1e-06:all:score:newmax-none:current_step,independent,1,sum_mixed,1e-06,all,score,none,current_step,16,1024,598,0,0.0,0.0,0.0,0.0,1.0,0.9999997019767761,0.0,0.0,0.9999998807907104,0,-1
independent:k1:sum_mixed:3e-06:all:score:newmax-none:current_step,independent,1,sum_mixed,3e-06,all,score,none,current_step,16,1024,598,0,0.0,0.0,0.0,0.0,1.0,0.9999997019767761,0.0,0.0,0.9999998807907104,0,-1
independent:k1:sum_mixed:1e-05:all:score:newmax-none:current_step,independent,1,sum_mixed,1e-05,all,score,none,current_step,16,1024,598,0,0.0,0.0,0.0,0.0,1.0,0.9999997019767761,0.0,0.0,0.9999998807907104,0,-1
independent:k1:sum_mixed:3e-05:all:score:newmax-none:current_step,independent,1,sum_mixed,3e-05,all,score,none,current_step,16,1024,598,0,0.0,0.0,0.0,0.0,1.0,0.9999997019767761,0.0,0.0,0.9999998807907104,0,-1
independent:k1:sum_mixed:0.0001:all:score:newmax-none:current_step,independent,1,sum_mixed,0.0001,all,score,none,current_step,16,1024,598,0,0.0,0.0,0.0,0.0,1.0,0.9999997019767761,0.0,0.0,0.9999998807907104,0,-1
independent:k1:sum_mixed:0.0003:all:score:newmax-none:current_step,independent,1,sum_mixed,0.0003,all,score,none,current_step,16,1024,598,0,0.0,0.0,0.0,0.0,1.0,0.9999997019767761,0.0,0.0,0.9999998807907104,0,-1
independent:k1:sum_mixed:0.001:all:score:newmax-none:current_step,independent,1,sum_mixed,0.001,all,score,none,current_step,16,1024,598,0,0.0,0.0,0.0,0.0,1.0,0.9999997019767761,0.0,0.0,0.9999998807907104,0,-1
independent:k1:sum_mixed:0.003:all:score:newmax-none:current_step,independent,1,sum_mixed,0.003,all,score,none,current_step,16,1024,598,0,0.0,0.0,0.0,0.0,1.0,0.9999997019767761,0.0,0.0,0.9999998807907104,0,-1
independent:k1:sum_mixed:0.01:all:score:newmax-none:current_step,independent,1,sum_mixed,0.01,all,score,none,current_step,16,1024,598,0,0.0,0.0,0.0,0.0,1.0,0.9999997019767761,0.0,0.0,0.9999998807907104,0,-1
independent:k1:sum_mixed:0.03:all:score:newmax-none:current_step,independent,1,sum_mixed,0.03,all,score,none,current_step,16,1024,598,0,0.0,0.0,0.0,0.0,1.0,0.9999997019767761,0.0,0.0,0.9999998807907104,0,-1
independent:k1:mean_mixed:1e-06:all:score:newmax-none:current_step,independent,1,mean_mixed,1e-06,all,score,none,current_step,16,1024,598,0,0.0,0.0,0.0,0.0,1.0,0.9999997019767761,0.0,0.0,0.9999998807907104,0,-1
independent:k1:mean_mixed:3e-06:all:score:newmax-none:current_step,independent,1,mean_mixed,3e-06,all,score,none,current_step,16,1024,598,0,0.0,0.0,0.0,0.0,1.0,0.9999997019767761,0.0,0.0,0.9999998807907104,0,-1
independent:k1:mean_mixed:1e-05:all:score:newmax-none:current_step,independent,1,mean_mixed,1e-05,all,score,none,current_step,16,1024,598,0,0.0,0.0,0.0,0.0,1.0,0.9999997019767761,0.0,0.0,0.9999998807907104,0,-1
independent:k1:mean_mixed:3e-05:all:score:newmax-none:current_step,independent,1,mean_mixed,3e-05,all,score,none,current_step,16,1024,598,0,0.0,0.0,0.0,0.0,1.0,0.9999997019767761,0.0,0.0,0.9999998807907104,0,-1
independent:k1:mean_mixed:0.0001:all:score:newmax-none:current_step,independent,1,mean_mixed,0.0001,all,score,none,current_step,16,1024,598,0,0.0,0.0,0.0,0.0,1.0,0.9999997019767761,0.0,0.0,0.9999998807907104,0,-1
independent:k1:mean_mixed:0.0003:all:score:newmax-none:current_step,independent,1,mean_mixed,0.0003,all,score,none,current_step,16,1024,598,0,0.0,0.0,0.0,0.0,1.0,0.9999997019767761,0.0,0.0,0.9999998807907104,0,-1
independent:k1:mean_mixed:0.001:all:score:newmax-none:current_step,independent,1,mean_mixed,0.001,all,score,none,current_step,16,1024,598,0,0.0,0.0,0.0,0.0,1.0,0.9999997019767761,0.0,0.0,0.9999998807907104,0,-1
independent:k1:mean_mixed:0.003:all:score:newmax-none:current_step,independent,1,mean_mixed,0.003,all,score,none,current_step,16,1024,598,8,0.0078125,0.013377926421404682,0.013433926738798618,0.0014544384321197867,0.9999099969863892,0.9984235167503357,0.0014364406233653426,0.0037401621229946613,0.9999216794967651,0,1
independent:k1:mean_mixed:0.01:all:score:newmax-none:current_step,independent,1,mean_mixed,0.01,all,score,none,current_step,16,1024,598,11,0.0107421875,0.01839464882943144,0.024103105068206787,0.0022867105435580015,0.9997745752334595,0.9950920343399048,0.002251910511404276,0.006706354208290577,0.9998114109039307,0,1
independent:k1:mean_mixed:0.03:all:score:newmax-none:current_step,independent,1,mean_mixed,0.03,all,score,none,current_step,16,1024,598,19,0.0185546875,0.03177257525083612,0.024103105068206787,0.0035971242359664757,0.9997745752334595,0.9950920343399048,0.002303263492649421,0.008028418062167475,0.9998114109039307,0,1
independent:k2:all_max:1e-06:all:score:newmax-none:current_step,independent,2,all_max,1e-06,all,score,none,current_step,16,1024,598,0,0.0,0.0,0.0,0.0,1.0,0.9999997019767761,0.0,0.0,0.9999998807907104,0,-1
independent:k2:all_max:3e-06:all:score:newmax-none:current_step,independent,2,all_max,3e-06,all,score,none,current_step,16,1024,598,0,0.0,0.0,0.0,0.0,1.0,0.9999997019767761,0.0,0.0,0.9999998807907104,0,-1
independent:k2:all_max:1e-05:all:score:newmax-none:current_step,independent,2,all_max,1e-05,all,score,none,current_step,16,1024,598,0,0.0,0.0,0.0,0.0,1.0,0.9999997019767761,0.0,0.0,0.9999998807907104,0,-1
independent:k2:all_max:3e-05:all:score:newmax-none:current_step,independent,2,all_max,3e-05,all,score,none,current_step,16,1024,598,0,0.0,0.0,0.0,0.0,1.0,0.9999997019767761,0.0,0.0,0.9999998807907104,0,-1
independent:k2:all_max:0.0001:all:score:newmax-none:current_step,independent,2,all_max,0.0001,all,score,none,current_step,16,1024,598,0,0.0,0.0,0.0,0.0,1.0,0.9999997019767761,0.0,0.0,0.9999998807907104,0,-1
independent:k2:all_max:0.0003:all:score:newmax-none:current_step,independent,2,all_max,0.0003,all,score,none,current_step,16,1024,598,0,0.0,0.0,0.0,0.0,1.0,0.9999997019767761,0.0,0.0,0.9999998807907104,0,-1
independent:k2:all_max:0.001:all:score:newmax-none:current_step,independent,2,all_max,0.001,all,score,none,current_step,16,1024,598,0,0.0,0.0,0.0,0.0,1.0,0.9999997019767761,0.0,0.0,0.9999998807907104,0,-1
independent:k2:all_max:0.003:all:score:newmax-none:current_step,independent,2,all_max,0.003,all,score,none,current_step,16,1024,598,0,0.0,0.0,0.0,0.0,1.0,0.9999997019767761,0.0,0.0,0.9999998807907104,0,-1
independent:k2:all_max:0.01:all:score:newmax-none:current_step,independent,2,all_max,0.01,all,score,none,current_step,16,1024,598,7,0.0068359375,0.011705685618729096,0.006800234317779541,0.0015831259661354125,0.9999661445617676,0.9996366500854492,0.0009939508818206377,0.0024749951262492687,0.9999687075614929,0,1
independent:k2:all_max:0.03:all:score:newmax-none:current_step,independent,2,all_max,0.03,all,score,none,current_step,16,1024,598,15,0.0146484375,0.02508361204013378,0.024103105068206787,0.0033193884446518496,0.9997745752334595,0.9950920343399048,0.0023728880296403076,0.007765608606860042,0.9998114109039307,0,1
independent:k2:veto_max:1e-06:all:score:newmax-none:current_step,independent,2,veto_max,1e-06,all,score,none,current_step,16,1024,598,0,0.0,0.0,0.0,0.0,1.0,0.9999997019767761,0.0,0.0,0.9999998807907104,0,-1
independent:k2:veto_max:3e-06:all:score:newmax-none:current_step,independent,2,veto_max,3e-06,all,score,none,current_step,16,1024,598,0,0.0,0.0,0.0,0.0,1.0,0.9999997019767761,0.0,0.0,0.9999998807907104,0,-1
independent:k2:veto_max:1e-05:all:score:newmax-none:current_step,independent,2,veto_max,1e-05,all,score,none,current_step,16,1024,598,0,0.0,0.0,0.0,0.0,1.0,0.9999997019767761,0.0,0.0,0.9999998807907104,0,-1
independent:k2:veto_max:3e-05:all:score:newmax-none:current_step,independent,2,veto_max,3e-05,all,score,none,current_step,16,1024,598,0,0.0,0.0,0.0,0.0,1.0,0.9999997019767761,0.0,0.0,0.9999998807907104,0,-1
independent:k2:veto_max:0.0001:all:score:newmax-none:current_step,independent,2,veto_max,0.0001,all,score,none,current_step,16,1024,598,0,0.0,0.0,0.0,0.0,1.0,0.9999997019767761,0.0,0.0,0.9999998807907104,0,-1
independent:k2:veto_max:0.0003:all:score:newmax-none:current_step,independent,2,veto_max,0.0003,all,score,none,current_step,16,1024,598,0,0.0,0.0,0.0,0.0,1.0,0.9999997019767761,0.0,0.0,0.9999998807907104,0,-1
independent:k2:veto_max:0.001:all:score:newmax-none:current_step,independent,2,veto_max,0.001,all,score,none,current_step,16,1024,598,0,0.0,0.0,0.0,0.0,1.0,0.9999997019767761,0.0,0.0,0.9999998807907104,0,-1
independent:k2:veto_max:0.003:all:score:newmax-none:current_step,independent,2,veto_max,0.003,all,score,none,current_step,16,1024,598,0,0.0,0.0,0.0,0.0,1.0,0.9999997019767761,0.0,0.0,0.9999998807907104,0,-1
independent:k2:veto_max:0.01:all:score:newmax-none:current_step,independent,2,veto_max,0.01,all,score,none,current_step,16,1024,598,7,0.0068359375,0.011705685618729096,0.006800234317779541,0.0015831259661354125,0.9999661445617676,0.9996366500854492,0.0009939508818206377,0.0024749951262492687,0.9999687075614929,0,1
independent:k2:veto_max:0.03:all:score:newmax-none:current_step,independent,2,veto_max,0.03,all,score,none,current_step,16,1024,598,15,0.0146484375,0.02508361204013378,0.024103105068206787,0.0033193884446518496,0.9997745752334595,0.9950920343399048,0.0023728880296403076,0.007765608606860042,0.9998114109039307,0,1
independent:k2:masked_max:1e-06:all:score:newmax-none:current_step,independent,2,masked_max,1e-06,all,score,none,current_step,16,1024,598,0,0.0,0.0,0.0,0.0,1.0,0.9999997019767761,0.0,0.0,0.9999998807907104,0,-1
independent:k2:masked_max:3e-06:all:score:newmax-none:current_step,independent,2,masked_max,3e-06,all,score,none,current_step,16,1024,598,0,0.0,0.0,0.0,0.0,1.0,0.9999997019767761,0.0,0.0,0.9999998807907104,0,-1
independent:k2:masked_max:1e-05:all:score:newmax-none:current_step,independent,2,masked_max,1e-05,all,score,none,current_step,16,1024,598,0,0.0,0.0,0.0,0.0,1.0,0.9999997019767761,0.0,0.0,0.9999998807907104,0,-1
independent:k2:masked_max:3e-05:all:score:newmax-none:current_step,independent,2,masked_max,3e-05,all,score,none,current_step,16,1024,598,0,0.0,0.0,0.0,0.0,1.0,0.9999997019767761,0.0,0.0,0.9999998807907104,0,-1
independent:k2:masked_max:0.0001:all:score:newmax-none:current_step,independent,2,masked_max,0.0001,all,score,none,current_step,16,1024,598,0,0.0,0.0,0.0,0.0,1.0,0.9999997019767761,0.0,0.0,0.9999998807907104,0,-1
independent:k2:masked_max:0.0003:all:score:newmax-none:current_step,independent,2,masked_max,0.0003,all,score,none,current_step,16,1024,598,0,0.0,0.0,0.0,0.0,1.0,0.9999997019767761,0.0,0.0,0.9999998807907104,0,-1
independent:k2:masked_max:0.001:all:score:newmax-none:current_step,independent,2,masked_max,0.001,all,score,none,current_step,16,1024,598,0,0.0,0.0,0.0,0.0,1.0,0.9999997019767761,0.0,0.0,0.9999998807907104,0,-1
independent:k2:masked_max:0.003:all:score:newmax-none:current_step,independent,2,masked_max,0.003,all,score,none,current_step,16,1024,598,3,0.0029296875,0.005016722408026756,0.0022676587104797363,0.0008324734953930601,0.9999940395355225,0.9999768733978271,0.0002478846363374032,0.0011419046204537153,0.9999990463256836,0,1
independent:k2:masked_max:0.01:all:score:newmax-none:current_step,independent,2,masked_max,0.01,all,score,none,current_step,16,1024,598,13,0.0126953125,0.021739130434782608,0.024103105068206787,0.002962695900350809,0.9997745752334595,0.9950920343399048,0.0023455753762391396,0.007403687835903838,0.9998114109039307,0,1
independent:k2:masked_max:0.03:all:score:newmax-none:current_step,independent,2,masked_max,0.03,all,score,none,current_step,16,1024,598,15,0.0146484375,0.02508361204013378,0.024103105068206787,0.0033193884446518496,0.9997745752334595,0.9950920343399048,0.0023728880296403076,0.007765608606860042,0.9998114109039307,0,1
independent:k2:q90:1e-06:all:score:newmax-none:current_step,independent,2,q90,1e-06,all,score,none,current_step,16,1024,598,0,0.0,0.0,0.0,0.0,1.0,0.9999997019767761,0.0,0.0,0.9999998807907104,0,-1
independent:k2:q90:3e-06:all:score:newmax-none:current_step,independent,2,q90,3e-06,all,score,none,current_step,16,1024,598,0,0.0,0.0,0.0,0.0,1.0,0.9999997019767761,0.0,0.0,0.9999998807907104,0,-1
independent:k2:q90:1e-05:all:score:newmax-none:current_step,independent,2,q90,1e-05,all,score,none,current_step,16,1024,598,0,0.0,0.0,0.0,0.0,1.0,0.9999997019767761,0.0,0.0,0.9999998807907104,0,-1
independent:k2:q90:3e-05:all:score:newmax-none:current_step,independent,2,q90,3e-05,all,score,none,current_step,16,1024,598,0,0.0,0.0,0.0,0.0,1.0,0.9999997019767761,0.0,0.0,0.9999998807907104,0,-1
independent:k2:q90:0.0001:all:score:newmax-none:current_step,independent,2,q90,0.0001,all,score,none,current_step,16,1024,598,0,0.0,0.0,0.0,0.0,1.0,0.9999997019767761,0.0,0.0,0.9999998807907104,0,-1
independent:k2:q90:0.0003:all:score:newmax-none:current_step,independent,2,q90,0.0003,all,score,none,current_step,16,1024,598,0,0.0,0.0,0.0,0.0,1.0,0.9999997019767761,0.0,0.0,0.9999998807907104,0,-1
independent:k2:q90:0.001:all:score:newmax-none:current_step,independent,2,q90,0.001,all,score,none,current_step,16,1024,598,0,0.0,0.0,0.0,0.0,1.0,0.9999997019767761,0.0,0.0,0.9999998807907104,0,-1
independent:k2:q90:0.003:all:score:newmax-none:current_step,independent,2,q90,0.003,all,score,none,current_step,16,1024,598,2,0.001953125,0.0033444816053511705,0.003998597152531147,0.00033475691452622414,0.999994695186615,0.9998565316200256,0.0003286242135800421,0.0011136129032820463,0.999995768070221,0,1
independent:k2:q90:0.01:all:score:newmax-none:current_step,independent,2,q90,0.01,all,score,none,current_step,16,1024,598,13,0.0126953125,0.021739130434782608,0.024103105068206787,0.002962695900350809,0.9997745752334595,0.9950920343399048,0.0023455753762391396,0.007403687835903838,0.9998114109039307,0,1
independent:k2:q90:0.03:all:score:newmax-none:current_step,independent,2,q90,0.03,all,score,none,current_step,16,1024,598,22,0.021484375,0.03678929765886288,0.024103105068206787,0.003920807281247107,0.9997745752334595,0.9950920343399048,0.0024409208290308015,0.008372562497243052,0.9998114109039307,0,1
independent:k2:q95:1e-06:all:score:newmax-none:current_step,independent,2,q95,1e-06,all,score,none,current_step,16,1024,598,0,0.0,0.0,0.0,0.0,1.0,0.9999997019767761,0.0,0.0,0.9999998807907104,0,-1
independent:k2:q95:3e-06:all:score:newmax-none:current_step,independent,2,q95,3e-06,all,score,none,current_step,16,1024,598,0,0.0,0.0,0.0,0.0,1.0,0.9999997019767761,0.0,0.0,0.9999998807907104,0,-1
independent:k2:q95:1e-05:all:score:newmax-none:current_step,independent,2,q95,1e-05,all,score,none,current_step,16,1024,598,0,0.0,0.0,0.0,0.0,1.0,0.9999997019767761,0.0,0.0,0.9999998807907104,0,-1
independent:k2:q95:3e-05:all:score:newmax-none:current_step,independent,2,q95,3e-05,all,score,none,current_step,16,1024,598,0,0.0,0.0,0.0,0.0,1.0,0.9999997019767761,0.0,0.0,0.9999998807907104,0,-1
independent:k2:q95:0.0001:all:score:newmax-none:current_step,independent,2,q95,0.0001,all,score,none,current_step,16,1024,598,0,0.0,0.0,0.0,0.0,1.0,0.9999997019767761,0.0,0.0,0.9999998807907104,0,-1
independent:k2:q95:0.0003:all:score:newmax-none:current_step,independent,2,q95,0.0003,all,score,none,current_step,16,1024,598,0,0.0,0.0,0.0,0.0,1.0,0.9999997019767761,0.0,0.0,0.9999998807907104,0,-1
independent:k2:q95:0.001:all:score:newmax-none:current_step,independent,2,q95,0.001,all,score,none,current_step,16,1024,598,0,0.0,0.0,0.0,0.0,1.0,0.9999997019767761,0.0,0.0,0.9999998807907104,0,-1
independent:k2:q95:0.003:all:score:newmax-none:current_step,independent,2,q95,0.003,all,score,none,current_step,16,1024,598,2,0.001953125,0.0033444816053511705,0.003998597152531147,0.00033475691452622414,0.999994695186615,0.9998565316200256,0.0003286242135800421,0.0011136129032820463,0.999995768070221,0,1
independent:k2:q95:0.01:all:score:newmax-none:current_step,independent,2,q95,0.01,all,score,none,current_step,16,1024,598,13,0.0126953125,0.021739130434782608,0.024103105068206787,0.002962695900350809,0.9997745752334595,0.9950920343399048,0.0023455753762391396,0.007403687835903838,0.9998114109039307,0,1
independent:k2:q95:0.03:all:score:newmax-none:current_step,independent,2,q95,0.03,all,score,none,current_step,16,1024,598,21,0.0205078125,0.03511705685618729,0.024103105068206787,0.003868640778819099,0.9997745752334595,0.9950920343399048,0.0024409208290308015,0.008320395994815044,0.9998114109039307,0,1
independent:k2:q99:1e-06:all:score:newmax-none:current_step,independent,2,q99,1e-06,all,score,none,current_step,16,1024,598,0,0.0,0.0,0.0,0.0,1.0,0.9999997019767761,0.0,0.0,0.9999998807907104,0,-1
independent:k2:q99:3e-06:all:score:newmax-none:current_step,independent,2,q99,3e-06,all,score,none,current_step,16,1024,598,0,0.0,0.0,0.0,0.0,1.0,0.9999997019767761,0.0,0.0,0.9999998807907104,0,-1
independent:k2:q99:1e-05:all:score:newmax-none:current_step,independent,2,q99,1e-05,all,score,none,current_step,16,1024,598,0,0.0,0.0,0.0,0.0,1.0,0.9999997019767761,0.0,0.0,0.9999998807907104,0,-1
independent:k2:q99:3e-05:all:score:newmax-none:current_step,independent,2,q99,3e-05,all,score,none,current_step,16,1024,598,0,0.0,0.0,0.0,0.0,1.0,0.9999997019767761,0.0,0.0,0.9999998807907104,0,-1
independent:k2:q99:0.0001:all:score:newmax-none:current_step,independent,2,q99,0.0001,all,score,none,current_step,16,1024,598,0,0.0,0.0,0.0,0.0,1.0,0.9999997019767761,0.0,0.0,0.9999998807907104,0,-1
independent:k2:q99:0.0003:all:score:newmax-none:current_step,independent,2,q99,0.0003,all,score,none,current_step,16,1024,598,0,0.0,0.0,0.0,0.0,1.0,0.9999997019767761,0.0,0.0,0.9999998807907104,0,-1
independent:k2:q99:0.001:all:score:newmax-none:current_step,independent,2,q99,0.001,all,score,none,current_step,16,1024,598,0,0.0,0.0,0.0,0.0,1.0,0.9999997019767761,0.0,0.0,0.9999998807907104,0,-1
independent:k2:q99:0.003:all:score:newmax-none:current_step,independent,2,q99,0.003,all,score,none,current_step,16,1024,598,1,0.0009765625,0.0016722408026755853,0.0015961630269885063,0.00015648813860025257,0.9999988675117493,0.9999768733978271,0.00015421977150253952,0.000444570992840454,0.9999990463256836,0,1
independent:k2:q99:0.01:all:score:newmax-none:current_step,independent,2,q99,0.01,all,score,none,current_step,16,1024,598,13,0.0126953125,0.021739130434782608,0.024103105068206787,0.002962695900350809,0.9997745752334595,0.9950920343399048,0.0023455753762391396,0.007403687835903838,0.9998114109039307,0,1
independent:k2:q99:0.03:all:score:newmax-none:current_step,independent,2,q99,0.03,all,score,none,current_step,16,1024,598,19,0.0185546875,0.03177257525083612,0.024103105068206787,0.0036116231785854325,0.9997745752334595,0.9950920343399048,0.002417099245576537,0.008058559884375427,0.9998114109039307,0,1
independent:k2:sum_all:1e-06:all:score:newmax-none:current_step,independent,2,sum_all,1e-06,all,score,none,current_step,16,1024,598,0,0.0,0.0,0.0,0.0,1.0,0.9999997019767761,0.0,0.0,0.9999998807907104,0,-1
independent:k2:sum_all:3e-06:all:score:newmax-none:current_step,independent,2,sum_all,3e-06,all,score,none,current_step,16,1024,598,0,0.0,0.0,0.0,0.0,1.0,0.9999997019767761,0.0,0.0,0.9999998807907104,0,-1
independent:k2:sum_all:1e-05:all:score:newmax-none:current_step,independent,2,sum_all,1e-05,all,score,none,current_step,16,1024,598,0,0.0,0.0,0.0,0.0,1.0,0.9999997019767761,0.0,0.0,0.9999998807907104,0,-1
independent:k2:sum_all:3e-05:all:score:newmax-none:current_step,independent,2,sum_all,3e-05,all,score,none,current_step,16,1024,598,0,0.0,0.0,0.0,0.0,1.0,0.9999997019767761,0.0,0.0,0.9999998807907104,0,-1
independent:k2:sum_all:0.0001:all:score:newmax-none:current_step,independent,2,sum_all,0.0001,all,score,none,current_step,16,1024,598,0,0.0,0.0,0.0,0.0,1.0,0.9999997019767761,0.0,0.0,0.9999998807907104,0,-1
independent:k2:sum_all:0.0003:all:score:newmax-none:current_step,independent,2,sum_all,0.0003,all,score,none,current_step,16,1024,598,0,0.0,0.0,0.0,0.0,1.0,0.9999997019767761,0.0,0.0,0.9999998807907104,0,-1
independent:k2:sum_all:0.001:all:score:newmax-none:current_step,independent,2,sum_all,0.001,all,score,none,current_step,16,1024,598,0,0.0,0.0,0.0,0.0,1.0,0.9999997019767761,0.0,0.0,0.9999998807907104,0,-1
independent:k2:sum_all:0.003:all:score:newmax-none:current_step,independent,2,sum_all,0.003,all,score,none,current_step,16,1024,598,0,0.0,0.0,0.0,0.0,1.0,0.9999997019767761,0.0,0.0,0.9999998807907104,0,-1
independent:k2:sum_all:0.01:all:score:newmax-none:current_step,independent,2,sum_all,0.01,all,score,none,current_step,16,1024,598,0,0.0,0.0,0.0,0.0,1.0,0.9999997019767761,0.0,0.0,0.9999998807907104,0,-1
independent:k2:sum_all:0.03:all:score:newmax-none:current_step,independent,2,sum_all,0.03,all,score,none,current_step,16,1024,598,0,0.0,0.0,0.0,0.0,1.0,0.9999997019767761,0.0,0.0,0.9999998807907104,0,-1
independent:k2:mean_all:1e-06:all:score:newmax-none:current_step,independent,2,mean_all,1e-06,all,score,none,current_step,16,1024,598,0,0.0,0.0,0.0,0.0,1.0,0.9999997019767761,0.0,0.0,0.9999998807907104,0,-1
independent:k2:mean_all:3e-06:all:score:newmax-none:current_step,independent,2,mean_all,3e-06,all,score,none,current_step,16,1024,598,0,0.0,0.0,0.0,0.0,1.0,0.9999997019767761,0.0,0.0,0.9999998807907104,0,-1
independent:k2:mean_all:1e-05:all:score:newmax-none:current_step,independent,2,mean_all,1e-05,all,score,none,current_step,16,1024,598,0,0.0,0.0,0.0,0.0,1.0,0.9999997019767761,0.0,0.0,0.9999998807907104,0,-1
independent:k2:mean_all:3e-05:all:score:newmax-none:current_step,independent,2,mean_all,3e-05,all,score,none,current_step,16,1024,598,0,0.0,0.0,0.0,0.0,1.0,0.9999997019767761,0.0,0.0,0.9999998807907104,0,-1
independent:k2:mean_all:0.0001:all:score:newmax-none:current_step,independent,2,mean_all,0.0001,all,score,none,current_step,16,1024,598,0,0.0,0.0,0.0,0.0,1.0,0.9999997019767761,0.0,0.0,0.9999998807907104,0,-1
independent:k2:mean_all:0.0003:all:score:newmax-none:current_step,independent,2,mean_all,0.0003,all,score,none,current_step,16,1024,598,0,0.0,0.0,0.0,0.0,1.0,0.9999997019767761,0.0,0.0,0.9999998807907104,0,-1
independent:k2:mean_all:0.001:all:score:newmax-none:current_step,independent,2,mean_all,0.001,all,score,none,current_step,16,1024,598,0,0.0,0.0,0.0,0.0,1.0,0.9999997019767761,0.0,0.0,0.9999998807907104,0,-1
independent:k2:mean_all:0.003:all:score:newmax-none:current_step,independent,2,mean_all,0.003,all,score,none,current_step,16,1024,598,7,0.0068359375,0.011705685618729096,0.010820905677974224,0.0012525198981165886,0.9999340176582336,0.9989697933197021,0.0012386662419885397,0.0030119435396045446,0.9999415874481201,0,1
independent:k2:mean_all:0.01:all:score:newmax-none:current_step,independent,2,mean_all,0.01,all,score,none,current_step,16,1024,598,13,0.0126953125,0.021739130434782608,0.024103105068206787,0.002962695900350809,0.9997745752334595,0.9950920343399048,0.0023455753762391396,0.007403687835903838,0.9998114109039307,0,1
independent:k2:mean_all:0.03:all:score:newmax-none:current_step,independent,2,mean_all,0.03,all,score,none,current_step,16,1024,598,26,0.025390625,0.043478260869565216,0.024103105068206787,0.004599241165124113,0.9997745752334595,0.9950920343399048,0.0024409208290308015,0.009050996381120058,0.9998114109039307,0,1
independent:k2:sum_masked:1e-06:all:score:newmax-none:current_step,independent,2,sum_masked,1e-06,all,score,none,current_step,16,1024,598,5,0.0048828125,0.008361204013377926,0.004097253084182739,0.0007306003863050137,0.999997079372406,0.9999855756759644,0.0,0.0007306003863050137,0.9999998807907104,0,8
independent:k2:sum_masked:3e-06:all:score:newmax-none:current_step,independent,2,sum_masked,3e-06,all,score,none,current_step,16,1024,598,5,0.0048828125,0.008361204013377926,0.004097253084182739,0.0007306003863050137,0.999997079372406,0.9999855756759644,0.0,0.0007306003863050137,0.9999998807907104,0,8
independent:k2:sum_masked:1e-05:all:score:newmax-none:current_step,independent,2,sum_masked,1e-05,all,score,none,current_step,16,1024,598,5,0.0048828125,0.008361204013377926,0.004097253084182739,0.0007306003863050137,0.999997079372406,0.9999855756759644,0.0,0.0007306003863050137,0.9999998807907104,0,8
independent:k2:sum_masked:3e-05:all:score:newmax-none:current_step,independent,2,sum_masked,3e-05,all,score,none,current_step,16,1024,598,5,0.0048828125,0.008361204013377926,0.004097253084182739,0.0007306003863050137,0.999997079372406,0.9999855756759644,0.0,0.0007306003863050137,0.9999998807907104,0,8
independent:k2:sum_masked:0.0001:all:score:newmax-none:current_step,independent,2,sum_masked,0.0001,all,score,none,current_step,16,1024,598,5,0.0048828125,0.008361204013377926,0.004097253084182739,0.0007306003863050137,0.999997079372406,0.9999855756759644,0.0,0.0007306003863050137,0.9999998807907104,0,8
independent:k2:sum_masked:0.0003:all:score:newmax-none:current_step,independent,2,sum_masked,0.0003,all,score,none,current_step,16,1024,598,5,0.0048828125,0.008361204013377926,0.004097253084182739,0.0007306003863050137,0.999997079372406,0.9999855756759644,0.0,0.0007306003863050137,0.9999998807907104,0,8
independent:k2:sum_masked:0.001:all:score:newmax-none:current_step,independent,2,sum_masked,0.001,all,score,none,current_step,16,1024,598,5,0.0048828125,0.008361204013377926,0.004097253084182739,0.0007306003863050137,0.999997079372406,0.9999855756759644,0.0,0.0007306003863050137,0.9999998807907104,0,8
independent:k2:sum_masked:0.003:all:score:newmax-none:current_step,independent,2,sum_masked,0.003,all,score,none,current_step,16,1024,598,5,0.0048828125,0.008361204013377926,0.004097253084182739,0.0007306003863050137,0.999997079372406,0.9999855756759644,0.0,0.0007306003863050137,0.9999998807907104,0,8
independent:k2:sum_masked:0.01:all:score:newmax-none:current_step,independent,2,sum_masked,0.01,all,score,none,current_step,16,1024,598,7,0.0068359375,0.011705685618729096,0.004097253084182739,0.0014065857430978213,0.9999940395355225,0.9999855756759644,9.366486483486369e-05,0.001427934013918275,0.9999998807907104,0,4
independent:k2:sum_masked:0.03:all:score:newmax-none:current_step,independent,2,sum_masked,0.03,all,score,none,current_step,16,1024,598,7,0.0068359375,0.011705685618729096,0.004097253084182739,0.0014065857430978213,0.9999940395355225,0.9999855756759644,9.366486483486369e-05,0.001427934013918275,0.9999998807907104,0,4
independent:k2:mean_masked:1e-06:all:score:newmax-none:current_step,independent,2,mean_masked,1e-06,all,score,none,current_step,16,1024,598,5,0.0048828125,0.008361204013377926,0.004097253084182739,0.0007306003863050137,0.999997079372406,0.9999855756759644,0.0,0.0007306003863050137,0.9999998807907104,0,8
independent:k2:mean_masked:3e-06:all:score:newmax-none:current_step,independent,2,mean_masked,3e-06,all,score,none,current_step,16,1024,598,5,0.0048828125,0.008361204013377926,0.004097253084182739,0.0007306003863050137,0.999997079372406,0.9999855756759644,0.0,0.0007306003863050137,0.9999998807907104,0,8
independent:k2:mean_masked:1e-05:all:score:newmax-none:current_step,independent,2,mean_masked,1e-05,all,score,none,current_step,16,1024,598,5,0.0048828125,0.008361204013377926,0.004097253084182739,0.0007306003863050137,0.999997079372406,0.9999855756759644,0.0,0.0007306003863050137,0.9999998807907104,0,8
independent:k2:mean_masked:3e-05:all:score:newmax-none:current_step,independent,2,mean_masked,3e-05,all,score,none,current_step,16,1024,598,5,0.0048828125,0.008361204013377926,0.004097253084182739,0.0007306003863050137,0.999997079372406,0.9999855756759644,0.0,0.0007306003863050137,0.9999998807907104,0,8
independent:k2:mean_masked:0.0001:all:score:newmax-none:current_step,independent,2,mean_masked,0.0001,all,score,none,current_step,16,1024,598,5,0.0048828125,0.008361204013377926,0.004097253084182739,0.0007306003863050137,0.999997079372406,0.9999855756759644,0.0,0.0007306003863050137,0.9999998807907104,0,8
independent:k2:mean_masked:0.0003:all:score:newmax-none:current_step,independent,2,mean_masked,0.0003,all,score,none,current_step,16,1024,598,5,0.0048828125,0.008361204013377926,0.004097253084182739,0.0007306003863050137,0.999997079372406,0.9999855756759644,0.0,0.0007306003863050137,0.9999998807907104,0,8
independent:k2:mean_masked:0.001:all:score:newmax-none:current_step,independent,2,mean_masked,0.001,all,score,none,current_step,16,1024,598,5,0.0048828125,0.008361204013377926,0.004097253084182739,0.0007306003863050137,0.999997079372406,0.9999855756759644,0.0,0.0007306003863050137,0.9999998807907104,0,8
independent:k2:mean_masked:0.003:all:score:newmax-none:current_step,independent,2,mean_masked,0.003,all,score,none,current_step,16,1024,598,16,0.015625,0.026755852842809364,0.017099250108003616,0.0030715324137418065,0.9998796582221985,0.9974746704101562,0.0017342487190035172,0.006186949529364938,0.9998986721038818,0,1
independent:k2:mean_masked:0.01:all:score:newmax-none:current_step,independent,2,mean_masked,0.01,all,score,none,current_step,16,1024,598,18,0.017578125,0.030100334448160536,0.024103105068206787,0.0036932962866558228,0.9997745752334595,0.9950920343399048,0.0023455753762391396,0.008134288222208852,0.9998114109039307,0,1
independent:k2:mean_masked:0.03:all:score:newmax-none:current_step,independent,2,mean_masked,0.03,all,score,none,current_step,16,1024,598,21,0.0205078125,0.03511705685618729,0.024103105068206787,0.003831574726063991,0.9997745752334595,0.9950920343399048,0.0023510165829065954,0.008271454786154209,0.9998114109039307,0,1
independent:k2:sum_mixed:1e-06:all:score:newmax-none:current_step,independent,2,sum_mixed,1e-06,all,score,none,current_step,16,1024,598,0,0.0,0.0,0.0,0.0,1.0,0.9999997019767761,0.0,0.0,0.9999998807907104,0,-1
independent:k2:sum_mixed:3e-06:all:score:newmax-none:current_step,independent,2,sum_mixed,3e-06,all,score,none,current_step,16,1024,598,0,0.0,0.0,0.0,0.0,1.0,0.9999997019767761,0.0,0.0,0.9999998807907104,0,-1
independent:k2:sum_mixed:1e-05:all:score:newmax-none:current_step,independent,2,sum_mixed,1e-05,all,score,none,current_step,16,1024,598,0,0.0,0.0,0.0,0.0,1.0,0.9999997019767761,0.0,0.0,0.9999998807907104,0,-1
independent:k2:sum_mixed:3e-05:all:score:newmax-none:current_step,independent,2,sum_mixed,3e-05,all,score,none,current_step,16,1024,598,0,0.0,0.0,0.0,0.0,1.0,0.9999997019767761,0.0,0.0,0.9999998807907104,0,-1
independent:k2:sum_mixed:0.0001:all:score:newmax-none:current_step,independent,2,sum_mixed,0.0001,all,score,none,current_step,16,1024,598,0,0.0,0.0,0.0,0.0,1.0,0.9999997019767761,0.0,0.0,0.9999998807907104,0,-1
independent:k2:sum_mixed:0.0003:all:score:newmax-none:current_step,independent,2,sum_mixed,0.0003,all,score,none,current_step,16,1024,598,0,0.0,0.0,0.0,0.0,1.0,0.9999997019767761,0.0,0.0,0.9999998807907104,0,-1
independent:k2:sum_mixed:0.001:all:score:newmax-none:current_step,independent,2,sum_mixed,0.001,all,score,none,current_step,16,1024,598,0,0.0,0.0,0.0,0.0,1.0,0.9999997019767761,0.0,0.0,0.9999998807907104,0,-1
independent:k2:sum_mixed:0.003:all:score:newmax-none:current_step,independent,2,sum_mixed,0.003,all,score,none,current_step,16,1024,598,0,0.0,0.0,0.0,0.0,1.0,0.9999997019767761,0.0,0.0,0.9999998807907104,0,-1
independent:k2:sum_mixed:0.01:all:score:newmax-none:current_step,independent,2,sum_mixed,0.01,all,score,none,current_step,16,1024,598,0,0.0,0.0,0.0,0.0,1.0,0.9999997019767761,0.0,0.0,0.9999998807907104,0,-1
independent:k2:sum_mixed:0.03:all:score:newmax-none:current_step,independent,2,sum_mixed,0.03,all,score,none,current_step,16,1024,598,0,0.0,0.0,0.0,0.0,1.0,0.9999997019767761,0.0,0.0,0.9999998807907104,0,-1
independent:k2:mean_mixed:1e-06:all:score:newmax-none:current_step,independent,2,mean_mixed,1e-06,all,score,none,current_step,16,1024,598,0,0.0,0.0,0.0,0.0,1.0,0.9999997019767761,0.0,0.0,0.9999998807907104,0,-1
independent:k2:mean_mixed:3e-06:all:score:newmax-none:current_step,independent,2,mean_mixed,3e-06,all,score,none,current_step,16,1024,598,0,0.0,0.0,0.0,0.0,1.0,0.9999997019767761,0.0,0.0,0.9999998807907104,0,-1
independent:k2:mean_mixed:1e-05:all:score:newmax-none:current_step,independent,2,mean_mixed,1e-05,all,score,none,current_step,16,1024,598,0,0.0,0.0,0.0,0.0,1.0,0.9999997019767761,0.0,0.0,0.9999998807907104,0,-1
independent:k2:mean_mixed:3e-05:all:score:newmax-none:current_step,independent,2,mean_mixed,3e-05,all,score,none,current_step,16,1024,598,0,0.0,0.0,0.0,0.0,1.0,0.9999997019767761,0.0,0.0,0.9999998807907104,0,-1
independent:k2:mean_mixed:0.0001:all:score:newmax-none:current_step,independent,2,mean_mixed,0.0001,all,score,none,current_step,16,1024,598,0,0.0,0.0,0.0,0.0,1.0,0.9999997019767761,0.0,0.0,0.9999998807907104,0,-1
independent:k2:mean_mixed:0.0003:all:score:newmax-none:current_step,independent,2,mean_mixed,0.0003,all,score,none,current_step,16,1024,598,0,0.0,0.0,0.0,0.0,1.0,0.9999997019767761,0.0,0.0,0.9999998807907104,0,-1
independent:k2:mean_mixed:0.001:all:score:newmax-none:current_step,independent,2,mean_mixed,0.001,all,score,none,current_step,16,1024,598,0,0.0,0.0,0.0,0.0,1.0,0.9999997019767761,0.0,0.0,0.9999998807907104,0,-1
independent:k2:mean_mixed:0.003:all:score:newmax-none:current_step,independent,2,mean_mixed,0.003,all,score,none,current_step,16,1024,598,8,0.0078125,0.013377926421404682,0.013433926738798618,0.0014544384321197867,0.9999099969863892,0.9984235167503357,0.0014364406233653426,0.0037401621229946613,0.9999216794967651,0,1
independent:k2:mean_mixed:0.01:all:score:newmax-none:current_step,independent,2,mean_mixed,0.01,all,score,none,current_step,16,1024,598,13,0.0126953125,0.021739130434782608,0.024103105068206787,0.002962695900350809,0.9997745752334595,0.9950920343399048,0.0023455753762391396,0.007403687835903838,0.9998114109039307,0,1
independent:k2:mean_mixed:0.03:all:score:newmax-none:current_step,independent,2,mean_mixed,0.03,all,score,none,current_step,16,1024,598,26,0.025390625,0.043478260869565216,0.024103105068206787,0.004599241165124113,0.9997745752334595,0.9950920343399048,0.0024409208290308015,0.009050996381120058,0.9998114109039307,0,1
independent:k4:all_max:1e-06:all:score:newmax-none:current_step,independent,4,all_max,1e-06,all,score,none,current_step,16,1024,598,0,0.0,0.0,0.0,0.0,1.0,0.9999997019767761,0.0,0.0,0.9999998807907104,0,-1
independent:k4:all_max:3e-06:all:score:newmax-none:current_step,independent,4,all_max,3e-06,all,score,none,current_step,16,1024,598,0,0.0,0.0,0.0,0.0,1.0,0.9999997019767761,0.0,0.0,0.9999998807907104,0,-1
independent:k4:all_max:1e-05:all:score:newmax-none:current_step,independent,4,all_max,1e-05,all,score,none,current_step,16,1024,598,0,0.0,0.0,0.0,0.0,1.0,0.9999997019767761,0.0,0.0,0.9999998807907104,0,-1
independent:k4:all_max:3e-05:all:score:newmax-none:current_step,independent,4,all_max,3e-05,all,score,none,current_step,16,1024,598,0,0.0,0.0,0.0,0.0,1.0,0.9999997019767761,0.0,0.0,0.9999998807907104,0,-1
independent:k4:all_max:0.0001:all:score:newmax-none:current_step,independent,4,all_max,0.0001,all,score,none,current_step,16,1024,598,0,0.0,0.0,0.0,0.0,1.0,0.9999997019767761,0.0,0.0,0.9999998807907104,0,-1
independent:k4:all_max:0.0003:all:score:newmax-none:current_step,independent,4,all_max,0.0003,all,score,none,current_step,16,1024,598,0,0.0,0.0,0.0,0.0,1.0,0.9999997019767761,0.0,0.0,0.9999998807907104,0,-1
independent:k4:all_max:0.001:all:score:newmax-none:current_step,independent,4,all_max,0.001,all,score,none,current_step,16,1024,598,0,0.0,0.0,0.0,0.0,1.0,0.9999997019767761,0.0,0.0,0.9999998807907104,0,-1
independent:k4:all_max:0.003:all:score:newmax-none:current_step,independent,4,all_max,0.003,all,score,none,current_step,16,1024,598,0,0.0,0.0,0.0,0.0,1.0,0.9999997019767761,0.0,0.0,0.9999998807907104,0,-1
independent:k4:all_max:0.01:all:score:newmax-none:current_step,independent,4,all_max,0.01,all,score,none,current_step,16,1024,598,7,0.0068359375,0.011705685618729096,0.006800234317779541,0.0015831259661354125,0.9999661445617676,0.9996366500854492,0.0009939508818206377,0.0024749951262492687,0.9999687075614929,0,1
independent:k4:all_max:0.03:all:score:newmax-none:current_step,independent,4,all_max,0.03,all,score,none,current_step,16,1024,598,15,0.0146484375,0.02508361204013378,0.024103105068206787,0.0033193884446518496,0.9997745752334595,0.9950920343399048,0.0023728880296403076,0.007765608606860042,0.9998114109039307,0,1
independent:k4:veto_max:1e-06:all:score:newmax-none:current_step,independent,4,veto_max,1e-06,all,score,none,current_step,16,1024,598,0,0.0,0.0,0.0,0.0,1.0,0.9999997019767761,0.0,0.0,0.9999998807907104,0,-1
independent:k4:veto_max:3e-06:all:score:newmax-none:current_step,independent,4,veto_max,3e-06,all,score,none,current_step,16,1024,598,0,0.0,0.0,0.0,0.0,1.0,0.9999997019767761,0.0,0.0,0.9999998807907104,0,-1
independent:k4:veto_max:1e-05:all:score:newmax-none:current_step,independent,4,veto_max,1e-05,all,score,none,current_step,16,1024,598,0,0.0,0.0,0.0,0.0,1.0,0.9999997019767761,0.0,0.0,0.9999998807907104,0,-1
independent:k4:veto_max:3e-05:all:score:newmax-none:current_step,independent,4,veto_max,3e-05,all,score,none,current_step,16,1024,598,0,0.0,0.0,0.0,0.0,1.0,0.9999997019767761,0.0,0.0,0.9999998807907104,0,-1
independent:k4:veto_max:0.0001:all:score:newmax-none:current_step,independent,4,veto_max,0.0001,all,score,none,current_step,16,1024,598,0,0.0,0.0,0.0,0.0,1.0,0.9999997019767761,0.0,0.0,0.9999998807907104,0,-1
independent:k4:veto_max:0.0003:all:score:newmax-none:current_step,independent,4,veto_max,0.0003,all,score,none,current_step,16,1024,598,0,0.0,0.0,0.0,0.0,1.0,0.9999997019767761,0.0,0.0,0.9999998807907104,0,-1
independent:k4:veto_max:0.001:all:score:newmax-none:current_step,independent,4,veto_max,0.001,all,score,none,current_step,16,1024,598,0,0.0,0.0,0.0,0.0,1.0,0.9999997019767761,0.0,0.0,0.9999998807907104,0,-1
independent:k4:veto_max:0.003:all:score:newmax-none:current_step,independent,4,veto_max,0.003,all,score,none,current_step,16,1024,598,0,0.0,0.0,0.0,0.0,1.0,0.9999997019767761,0.0,0.0,0.9999998807907104,0,-1
independent:k4:veto_max:0.01:all:score:newmax-none:current_step,independent,4,veto_max,0.01,all,score,none,current_step,16,1024,598,7,0.0068359375,0.011705685618729096,0.006800234317779541,0.0015831259661354125,0.9999661445617676,0.9996366500854492,0.0009939508818206377,0.0024749951262492687,0.9999687075614929,0,1
independent:k4:veto_max:0.03:all:score:newmax-none:current_step,independent,4,veto_max,0.03,all,score,none,current_step,16,1024,598,15,0.0146484375,0.02508361204013378,0.024103105068206787,0.0033193884446518496,0.9997745752334595,0.9950920343399048,0.0023728880296403076,0.007765608606860042,0.9998114109039307,0,1
independent:k4:masked_max:1e-06:all:score:newmax-none:current_step,independent,4,masked_max,1e-06,all,score,none,current_step,16,1024,598,0,0.0,0.0,0.0,0.0,1.0,0.9999997019767761,0.0,0.0,0.9999998807907104,0,-1
independent:k4:masked_max:3e-06:all:score:newmax-none:current_step,independent,4,masked_max,3e-06,all,score,none,current_step,16,1024,598,0,0.0,0.0,0.0,0.0,1.0,0.9999997019767761,0.0,0.0,0.9999998807907104,0,-1
independent:k4:masked_max:1e-05:all:score:newmax-none:current_step,independent,4,masked_max,1e-05,all,score,none,current_step,16,1024,598,0,0.0,0.0,0.0,0.0,1.0,0.9999997019767761,0.0,0.0,0.9999998807907104,0,-1
independent:k4:masked_max:3e-05:all:score:newmax-none:current_step,independent,4,masked_max,3e-05,all,score,none,current_step,16,1024,598,0,0.0,0.0,0.0,0.0,1.0,0.9999997019767761,0.0,0.0,0.9999998807907104,0,-1
independent:k4:masked_max:0.0001:all:score:newmax-none:current_step,independent,4,masked_max,0.0001,all,score,none,current_step,16,1024,598,0,0.0,0.0,0.0,0.0,1.0,0.9999997019767761,0.0,0.0,0.9999998807907104,0,-1
independent:k4:masked_max:0.0003:all:score:newmax-none:current_step,independent,4,masked_max,0.0003,all,score,none,current_step,16,1024,598,0,0.0,0.0,0.0,0.0,1.0,0.9999997019767761,0.0,0.0,0.9999998807907104,0,-1
independent:k4:masked_max:0.001:all:score:newmax-none:current_step,independent,4,masked_max,0.001,all,score,none,current_step,16,1024,598,0,0.0,0.0,0.0,0.0,1.0,0.9999997019767761,0.0,0.0,0.9999998807907104,0,-1
independent:k4:masked_max:0.003:all:score:newmax-none:current_step,independent,4,masked_max,0.003,all,score,none,current_step,16,1024,598,3,0.0029296875,0.005016722408026756,0.0022676587104797363,0.0008324734953930601,0.9999940395355225,0.9999768733978271,0.0002478846363374032,0.0011419046204537153,0.9999990463256836,0,1
independent:k4:masked_max:0.01:all:score:newmax-none:current_step,independent,4,masked_max,0.01,all,score,none,current_step,16,1024,598,13,0.0126953125,0.021739130434782608,0.024103105068206787,0.002962695900350809,0.9997745752334595,0.9950920343399048,0.0023455753762391396,0.007403687835903838,0.9998114109039307,0,1
independent:k4:masked_max:0.03:all:score:newmax-none:current_step,independent,4,masked_max,0.03,all,score,none,current_step,16,1024,598,15,0.0146484375,0.02508361204013378,0.024103105068206787,0.0033193884446518496,0.9997745752334595,0.9950920343399048,0.0023728880296403076,0.007765608606860042,0.9998114109039307,0,1
independent:k4:q90:1e-06:all:score:newmax-none:current_step,independent,4,q90,1e-06,all,score,none,current_step,16,1024,598,0,0.0,0.0,0.0,0.0,1.0,0.9999997019767761,0.0,0.0,0.9999998807907104,0,-1
independent:k4:q90:3e-06:all:score:newmax-none:current_step,independent,4,q90,3e-06,all,score,none,current_step,16,1024,598,0,0.0,0.0,0.0,0.0,1.0,0.9999997019767761,0.0,0.0,0.9999998807907104,0,-1
independent:k4:q90:1e-05:all:score:newmax-none:current_step,independent,4,q90,1e-05,all,score,none,current_step,16,1024,598,0,0.0,0.0,0.0,0.0,1.0,0.9999997019767761,0.0,0.0,0.9999998807907104,0,-1
independent:k4:q90:3e-05:all:score:newmax-none:current_step,independent,4,q90,3e-05,all,score,none,current_step,16,1024,598,0,0.0,0.0,0.0,0.0,1.0,0.9999997019767761,0.0,0.0,0.9999998807907104,0,-1
independent:k4:q90:0.0001:all:score:newmax-none:current_step,independent,4,q90,0.0001,all,score,none,current_step,16,1024,598,0,0.0,0.0,0.0,0.0,1.0,0.9999997019767761,0.0,0.0,0.9999998807907104,0,-1
independent:k4:q90:0.0003:all:score:newmax-none:current_step,independent,4,q90,0.0003,all,score,none,current_step,16,1024,598,0,0.0,0.0,0.0,0.0,1.0,0.9999997019767761,0.0,0.0,0.9999998807907104,0,-1
independent:k4:q90:0.001:all:score:newmax-none:current_step,independent,4,q90,0.001,all,score,none,current_step,16,1024,598,0,0.0,0.0,0.0,0.0,1.0,0.9999997019767761,0.0,0.0,0.9999998807907104,0,-1
independent:k4:q90:0.003:all:score:newmax-none:current_step,independent,4,q90,0.003,all,score,none,current_step,16,1024,598,2,0.001953125,0.0033444816053511705,0.003998597152531147,0.00033475691452622414,0.999994695186615,0.9998565316200256,0.0003286242135800421,0.0011136129032820463,0.999995768070221,0,1
independent:k4:q90:0.01:all:score:newmax-none:current_step,independent,4,q90,0.01,all,score,none,current_step,16,1024,598,13,0.0126953125,0.021739130434782608,0.024103105068206787,0.002962695900350809,0.9997745752334595,0.9950920343399048,0.0023455753762391396,0.007403687835903838,0.9998114109039307,0,1
independent:k4:q90:0.03:all:score:newmax-none:current_step,independent,4,q90,0.03,all,score,none,current_step,16,1024,598,24,0.0234375,0.04013377926421405,0.024103105068206787,0.004517429693805752,0.9997745752334595,0.9950920343399048,0.0025148146924038883,0.008986047188955126,0.9998114109039307,0,1
independent:k4:q95:1e-06:all:score:newmax-none:current_step,independent,4,q95,1e-06,all,score,none,current_step,16,1024,598,0,0.0,0.0,0.0,0.0,1.0,0.9999997019767761,0.0,0.0,0.9999998807907104,0,-1
independent:k4:q95:3e-06:all:score:newmax-none:current_step,independent,4,q95,3e-06,all,score,none,current_step,16,1024,598,0,0.0,0.0,0.0,0.0,1.0,0.9999997019767761,0.0,0.0,0.9999998807907104,0,-1
independent:k4:q95:1e-05:all:score:newmax-none:current_step,independent,4,q95,1e-05,all,score,none,current_step,16,1024,598,0,0.0,0.0,0.0,0.0,1.0,0.9999997019767761,0.0,0.0,0.9999998807907104,0,-1
independent:k4:q95:3e-05:all:score:newmax-none:current_step,independent,4,q95,3e-05,all,score,none,current_step,16,1024,598,0,0.0,0.0,0.0,0.0,1.0,0.9999997019767761,0.0,0.0,0.9999998807907104,0,-1
independent:k4:q95:0.0001:all:score:newmax-none:current_step,independent,4,q95,0.0001,all,score,none,current_step,16,1024,598,0,0.0,0.0,0.0,0.0,1.0,0.9999997019767761,0.0,0.0,0.9999998807907104,0,-1
independent:k4:q95:0.0003:all:score:newmax-none:current_step,independent,4,q95,0.0003,all,score,none,current_step,16,1024,598,0,0.0,0.0,0.0,0.0,1.0,0.9999997019767761,0.0,0.0,0.9999998807907104,0,-1
independent:k4:q95:0.001:all:score:newmax-none:current_step,independent,4,q95,0.001,all,score,none,current_step,16,1024,598,0,0.0,0.0,0.0,0.0,1.0,0.9999997019767761,0.0,0.0,0.9999998807907104,0,-1
independent:k4:q95:0.003:all:score:newmax-none:current_step,independent,4,q95,0.003,all,score,none,current_step,16,1024,598,2,0.001953125,0.0033444816053511705,0.003998597152531147,0.00033475691452622414,0.999994695186615,0.9998565316200256,0.0003286242135800421,0.0011136129032820463,0.999995768070221,0,1
independent:k4:q95:0.01:all:score:newmax-none:current_step,independent,4,q95,0.01,all,score,none,current_step,16,1024,598,13,0.0126953125,0.021739130434782608,0.024103105068206787,0.002962695900350809,0.9997745752334595,0.9950920343399048,0.0023455753762391396,0.007403687835903838,0.9998114109039307,0,1
independent:k4:q95:0.03:all:score:newmax-none:current_step,independent,4,q95,0.03,all,score,none,current_step,16,1024,598,23,0.0224609375,0.038461538461538464,0.024103105068206787,0.004465263191377744,0.9997745752334595,0.9950920343399048,0.0025148146924038883,0.008933880686527118,0.9998114109039307,0,1
independent:k4:q99:1e-06:all:score:newmax-none:current_step,independent,4,q99,1e-06,all,score,none,current_step,16,1024,598,0,0.0,0.0,0.0,0.0,1.0,0.9999997019767761,0.0,0.0,0.9999998807907104,0,-1
independent:k4:q99:3e-06:all:score:newmax-none:current_step,independent,4,q99,3e-06,all,score,none,current_step,16,1024,598,0,0.0,0.0,0.0,0.0,1.0,0.9999997019767761,0.0,0.0,0.9999998807907104,0,-1
independent:k4:q99:1e-05:all:score:newmax-none:current_step,independent,4,q99,1e-05,all,score,none,current_step,16,1024,598,0,0.0,0.0,0.0,0.0,1.0,0.9999997019767761,0.0,0.0,0.9999998807907104,0,-1
independent:k4:q99:3e-05:all:score:newmax-none:current_step,independent,4,q99,3e-05,all,score,none,current_step,16,1024,598,0,0.0,0.0,0.0,0.0,1.0,0.9999997019767761,0.0,0.0,0.9999998807907104,0,-1
independent:k4:q99:0.0001:all:score:newmax-none:current_step,independent,4,q99,0.0001,all,score,none,current_step,16,1024,598,0,0.0,0.0,0.0,0.0,1.0,0.9999997019767761,0.0,0.0,0.9999998807907104,0,-1
independent:k4:q99:0.0003:all:score:newmax-none:current_step,independent,4,q99,0.0003,all,score,none,current_step,16,1024,598,0,0.0,0.0,0.0,0.0,1.0,0.9999997019767761,0.0,0.0,0.9999998807907104,0,-1
independent:k4:q99:0.001:all:score:newmax-none:current_step,independent,4,q99,0.001,all,score,none,current_step,16,1024,598,0,0.0,0.0,0.0,0.0,1.0,0.9999997019767761,0.0,0.0,0.9999998807907104,0,-1
independent:k4:q99:0.003:all:score:newmax-none:current_step,independent,4,q99,0.003,all,score,none,current_step,16,1024,598,1,0.0009765625,0.0016722408026755853,0.0015961630269885063,0.00015648813860025257,0.9999988675117493,0.9999768733978271,0.00015421977150253952,0.000444570992840454,0.9999990463256836,0,1
independent:k4:q99:0.01:all:score:newmax-none:current_step,independent,4,q99,0.01,all,score,none,current_step,16,1024,598,13,0.0126953125,0.021739130434782608,0.024103105068206787,0.002962695900350809,0.9997745752334595,0.9950920343399048,0.0023455753762391396,0.007403687835903838,0.9998114109039307,0,1
independent:k4:q99:0.03:all:score:newmax-none:current_step,independent,4,q99,0.03,all,score,none,current_step,16,1024,598,19,0.0185546875,0.03177257525083612,0.024103105068206787,0.0036116231785854325,0.9997745752334595,0.9950920343399048,0.002417099245576537,0.008058559884375427,0.9998114109039307,0,1
independent:k4:sum_all:1e-06:all:score:newmax-none:current_step,independent,4,sum_all,1e-06,all,score,none,current_step,16,1024,598,0,0.0,0.0,0.0,0.0,1.0,0.9999997019767761,0.0,0.0,0.9999998807907104,0,-1
independent:k4:sum_all:3e-06:all:score:newmax-none:current_step,independent,4,sum_all,3e-06,all,score,none,current_step,16,1024,598,0,0.0,0.0,0.0,0.0,1.0,0.9999997019767761,0.0,0.0,0.9999998807907104,0,-1
independent:k4:sum_all:1e-05:all:score:newmax-none:current_step,independent,4,sum_all,1e-05,all,score,none,current_step,16,1024,598,0,0.0,0.0,0.0,0.0,1.0,0.9999997019767761,0.0,0.0,0.9999998807907104,0,-1
independent:k4:sum_all:3e-05:all:score:newmax-none:current_step,independent,4,sum_all,3e-05,all,score,none,current_step,16,1024,598,0,0.0,0.0,0.0,0.0,1.0,0.9999997019767761,0.0,0.0,0.9999998807907104,0,-1
independent:k4:sum_all:0.0001:all:score:newmax-none:current_step,independent,4,sum_all,0.0001,all,score,none,current_step,16,1024,598,0,0.0,0.0,0.0,0.0,1.0,0.9999997019767761,0.0,0.0,0.9999998807907104,0,-1
independent:k4:sum_all:0.0003:all:score:newmax-none:current_step,independent,4,sum_all,0.0003,all,score,none,current_step,16,1024,598,0,0.0,0.0,0.0,0.0,1.0,0.9999997019767761,0.0,0.0,0.9999998807907104,0,-1
independent:k4:sum_all:0.001:all:score:newmax-none:current_step,independent,4,sum_all,0.001,all,score,none,current_step,16,1024,598,0,0.0,0.0,0.0,0.0,1.0,0.9999997019767761,0.0,0.0,0.9999998807907104,0,-1
independent:k4:sum_all:0.003:all:score:newmax-none:current_step,independent,4,sum_all,0.003,all,score,none,current_step,16,1024,598,0,0.0,0.0,0.0,0.0,1.0,0.9999997019767761,0.0,0.0,0.9999998807907104,0,-1
independent:k4:sum_all:0.01:all:score:newmax-none:current_step,independent,4,sum_all,0.01,all,score,none,current_step,16,1024,598,0,0.0,0.0,0.0,0.0,1.0,0.9999997019767761,0.0,0.0,0.9999998807907104,0,-1
independent:k4:sum_all:0.03:all:score:newmax-none:current_step,independent,4,sum_all,0.03,all,score,none,current_step,16,1024,598,0,0.0,0.0,0.0,0.0,1.0,0.9999997019767761,0.0,0.0,0.9999998807907104,0,-1
independent:k4:mean_all:1e-06:all:score:newmax-none:current_step,independent,4,mean_all,1e-06,all,score,none,current_step,16,1024,598,0,0.0,0.0,0.0,0.0,1.0,0.9999997019767761,0.0,0.0,0.9999998807907104,0,-1
independent:k4:mean_all:3e-06:all:score:newmax-none:current_step,independent,4,mean_all,3e-06,all,score,none,current_step,16,1024,598,0,0.0,0.0,0.0,0.0,1.0,0.9999997019767761,0.0,0.0,0.9999998807907104,0,-1
independent:k4:mean_all:1e-05:all:score:newmax-none:current_step,independent,4,mean_all,1e-05,all,score,none,current_step,16,1024,598,0,0.0,0.0,0.0,0.0,1.0,0.9999997019767761,0.0,0.0,0.9999998807907104,0,-1
independent:k4:mean_all:3e-05:all:score:newmax-none:current_step,independent,4,mean_all,3e-05,all,score,none,current_step,16,1024,598,0,0.0,0.0,0.0,0.0,1.0,0.9999997019767761,0.0,0.0,0.9999998807907104,0,-1
independent:k4:mean_all:0.0001:all:score:newmax-none:current_step,independent,4,mean_all,0.0001,all,score,none,current_step,16,1024,598,0,0.0,0.0,0.0,0.0,1.0,0.9999997019767761,0.0,0.0,0.9999998807907104,0,-1
independent:k4:mean_all:0.0003:all:score:newmax-none:current_step,independent,4,mean_all,0.0003,all,score,none,current_step,16,1024,598,0,0.0,0.0,0.0,0.0,1.0,0.9999997019767761,0.0,0.0,0.9999998807907104,0,-1
independent:k4:mean_all:0.001:all:score:newmax-none:current_step,independent,4,mean_all,0.001,all,score,none,current_step,16,1024,598,0,0.0,0.0,0.0,0.0,1.0,0.9999997019767761,0.0,0.0,0.9999998807907104,0,-1
independent:k4:mean_all:0.003:all:score:newmax-none:current_step,independent,4,mean_all,0.003,all,score,none,current_step,16,1024,598,7,0.0068359375,0.011705685618729096,0.010820905677974224,0.0012525198981165886,0.9999340176582336,0.9989697933197021,0.0012386662419885397,0.0030119435396045446,0.9999415874481201,0,1
independent:k4:mean_all:0.01:all:score:newmax-none:current_step,independent,4,mean_all,0.01,all,score,none,current_step,16,1024,598,13,0.0126953125,0.021739130434782608,0.024103105068206787,0.002962695900350809,0.9997745752334595,0.9950920343399048,0.0023455753762391396,0.007403687835903838,0.9998114109039307,0,1
independent:k4:mean_all:0.03:all:score:newmax-none:current_step,independent,4,mean_all,0.03,all,score,none,current_step,16,1024,598,28,0.02734375,0.046822742474916385,0.024103105068206787,0.005195863577682758,0.9997745752334595,0.9950920343399048,0.0025148146924038883,0.009664481072832132,0.9998114109039307,0,1
independent:k4:sum_masked:1e-06:all:score:newmax-none:current_step,independent,4,sum_masked,1e-06,all,score,none,current_step,16,1024,598,5,0.0048828125,0.008361204013377926,0.004097253084182739,0.0007306003863050137,0.999997079372406,0.9999855756759644,0.0,0.0007306003863050137,0.9999998807907104,0,8
independent:k4:sum_masked:3e-06:all:score:newmax-none:current_step,independent,4,sum_masked,3e-06,all,score,none,current_step,16,1024,598,5,0.0048828125,0.008361204013377926,0.004097253084182739,0.0007306003863050137,0.999997079372406,0.9999855756759644,0.0,0.0007306003863050137,0.9999998807907104,0,8
independent:k4:sum_masked:1e-05:all:score:newmax-none:current_step,independent,4,sum_masked,1e-05,all,score,none,current_step,16,1024,598,5,0.0048828125,0.008361204013377926,0.004097253084182739,0.0007306003863050137,0.999997079372406,0.9999855756759644,0.0,0.0007306003863050137,0.9999998807907104,0,8
independent:k4:sum_masked:3e-05:all:score:newmax-none:current_step,independent,4,sum_masked,3e-05,all,score,none,current_step,16,1024,598,5,0.0048828125,0.008361204013377926,0.004097253084182739,0.0007306003863050137,0.999997079372406,0.9999855756759644,0.0,0.0007306003863050137,0.9999998807907104,0,8
independent:k4:sum_masked:0.0001:all:score:newmax-none:current_step,independent,4,sum_masked,0.0001,all,score,none,current_step,16,1024,598,5,0.0048828125,0.008361204013377926,0.004097253084182739,0.0007306003863050137,0.999997079372406,0.9999855756759644,0.0,0.0007306003863050137,0.9999998807907104,0,8
independent:k4:sum_masked:0.0003:all:score:newmax-none:current_step,independent,4,sum_masked,0.0003,all,score,none,current_step,16,1024,598,5,0.0048828125,0.008361204013377926,0.004097253084182739,0.0007306003863050137,0.999997079372406,0.9999855756759644,0.0,0.0007306003863050137,0.9999998807907104,0,8
independent:k4:sum_masked:0.001:all:score:newmax-none:current_step,independent,4,sum_masked,0.001,all,score,none,current_step,16,1024,598,5,0.0048828125,0.008361204013377926,0.004097253084182739,0.0007306003863050137,0.999997079372406,0.9999855756759644,0.0,0.0007306003863050137,0.9999998807907104,0,8
independent:k4:sum_masked:0.003:all:score:newmax-none:current_step,independent,4,sum_masked,0.003,all,score,none,current_step,16,1024,598,5,0.0048828125,0.008361204013377926,0.004097253084182739,0.0007306003863050137,0.999997079372406,0.9999855756759644,0.0,0.0007306003863050137,0.9999998807907104,0,8
independent:k4:sum_masked:0.01:all:score:newmax-none:current_step,independent,4,sum_masked,0.01,all,score,none,current_step,16,1024,598,7,0.0068359375,0.011705685618729096,0.004097253084182739,0.0014065857430978213,0.9999940395355225,0.9999855756759644,9.366486483486369e-05,0.001427934013918275,0.9999998807907104,0,4
independent:k4:sum_masked:0.03:all:score:newmax-none:current_step,independent,4,sum_masked,0.03,all,score,none,current_step,16,1024,598,7,0.0068359375,0.011705685618729096,0.004097253084182739,0.0014065857430978213,0.9999940395355225,0.9999855756759644,9.366486483486369e-05,0.001427934013918275,0.9999998807907104,0,4
independent:k4:mean_masked:1e-06:all:score:newmax-none:current_step,independent,4,mean_masked,1e-06,all,score,none,current_step,16,1024,598,5,0.0048828125,0.008361204013377926,0.004097253084182739,0.0007306003863050137,0.999997079372406,0.9999855756759644,0.0,0.0007306003863050137,0.9999998807907104,0,8
independent:k4:mean_masked:3e-06:all:score:newmax-none:current_step,independent,4,mean_masked,3e-06,all,score,none,current_step,16,1024,598,5,0.0048828125,0.008361204013377926,0.004097253084182739,0.0007306003863050137,0.999997079372406,0.9999855756759644,0.0,0.0007306003863050137,0.9999998807907104,0,8
independent:k4:mean_masked:1e-05:all:score:newmax-none:current_step,independent,4,mean_masked,1e-05,all,score,none,current_step,16,1024,598,5,0.0048828125,0.008361204013377926,0.004097253084182739,0.0007306003863050137,0.999997079372406,0.9999855756759644,0.0,0.0007306003863050137,0.9999998807907104,0,8
independent:k4:mean_masked:3e-05:all:score:newmax-none:current_step,independent,4,mean_masked,3e-05,all,score,none,current_step,16,1024,598,5,0.0048828125,0.008361204013377926,0.004097253084182739,0.0007306003863050137,0.999997079372406,0.9999855756759644,0.0,0.0007306003863050137,0.9999998807907104,0,8
independent:k4:mean_masked:0.0001:all:score:newmax-none:current_step,independent,4,mean_masked,0.0001,all,score,none,current_step,16,1024,598,5,0.0048828125,0.008361204013377926,0.004097253084182739,0.0007306003863050137,0.999997079372406,0.9999855756759644,0.0,0.0007306003863050137,0.9999998807907104,0,8
independent:k4:mean_masked:0.0003:all:score:newmax-none:current_step,independent,4,mean_masked,0.0003,all,score,none,current_step,16,1024,598,5,0.0048828125,0.008361204013377926,0.004097253084182739,0.0007306003863050137,0.999997079372406,0.9999855756759644,0.0,0.0007306003863050137,0.9999998807907104,0,8
independent:k4:mean_masked:0.001:all:score:newmax-none:current_step,independent,4,mean_masked,0.001,all,score,none,current_step,16,1024,598,5,0.0048828125,0.008361204013377926,0.004097253084182739,0.0007306003863050137,0.999997079372406,0.9999855756759644,0.0,0.0007306003863050137,0.9999998807907104,0,8
independent:k4:mean_masked:0.003:all:score:newmax-none:current_step,independent,4,mean_masked,0.003,all,score,none,current_step,16,1024,598,16,0.015625,0.026755852842809364,0.017099250108003616,0.0030715324137418065,0.9998796582221985,0.9974746704101562,0.0017342487190035172,0.006186949529364938,0.9998986721038818,0,1
independent:k4:mean_masked:0.01:all:score:newmax-none:current_step,independent,4,mean_masked,0.01,all,score,none,current_step,16,1024,598,18,0.017578125,0.030100334448160536,0.024103105068206787,0.0036932962866558228,0.9997745752334595,0.9950920343399048,0.0023455753762391396,0.008134288222208852,0.9998114109039307,0,1
independent:k4:mean_masked:0.03:all:score:newmax-none:current_step,independent,4,mean_masked,0.03,all,score,none,current_step,16,1024,598,21,0.0205078125,0.03511705685618729,0.024103105068206787,0.003831574726063991,0.9997745752334595,0.9950920343399048,0.0023510165829065954,0.008271454786154209,0.9998114109039307,0,1
independent:k4:sum_mixed:1e-06:all:score:newmax-none:current_step,independent,4,sum_mixed,1e-06,all,score,none,current_step,16,1024,598,0,0.0,0.0,0.0,0.0,1.0,0.9999997019767761,0.0,0.0,0.9999998807907104,0,-1
independent:k4:sum_mixed:3e-06:all:score:newmax-none:current_step,independent,4,sum_mixed,3e-06,all,score,none,current_step,16,1024,598,0,0.0,0.0,0.0,0.0,1.0,0.9999997019767761,0.0,0.0,0.9999998807907104,0,-1
independent:k4:sum_mixed:1e-05:all:score:newmax-none:current_step,independent,4,sum_mixed,1e-05,all,score,none,current_step,16,1024,598,0,0.0,0.0,0.0,0.0,1.0,0.9999997019767761,0.0,0.0,0.9999998807907104,0,-1
independent:k4:sum_mixed:3e-05:all:score:newmax-none:current_step,independent,4,sum_mixed,3e-05,all,score,none,current_step,16,1024,598,0,0.0,0.0,0.0,0.0,1.0,0.9999997019767761,0.0,0.0,0.9999998807907104,0,-1
independent:k4:sum_mixed:0.0001:all:score:newmax-none:current_step,independent,4,sum_mixed,0.0001,all,score,none,current_step,16,1024,598,0,0.0,0.0,0.0,0.0,1.0,0.9999997019767761,0.0,0.0,0.9999998807907104,0,-1
independent:k4:sum_mixed:0.0003:all:score:newmax-none:current_step,independent,4,sum_mixed,0.0003,all,score,none,current_step,16,1024,598,0,0.0,0.0,0.0,0.0,1.0,0.9999997019767761,0.0,0.0,0.9999998807907104,0,-1
independent:k4:sum_mixed:0.001:all:score:newmax-none:current_step,independent,4,sum_mixed,0.001,all,score,none,current_step,16,1024,598,0,0.0,0.0,0.0,0.0,1.0,0.9999997019767761,0.0,0.0,0.9999998807907104,0,-1
independent:k4:sum_mixed:0.003:all:score:newmax-none:current_step,independent,4,sum_mixed,0.003,all,score,none,current_step,16,1024,598,0,0.0,0.0,0.0,0.0,1.0,0.9999997019767761,0.0,0.0,0.9999998807907104,0,-1
independent:k4:sum_mixed:0.01:all:score:newmax-none:current_step,independent,4,sum_mixed,0.01,all,score,none,current_step,16,1024,598,0,0.0,0.0,0.0,0.0,1.0,0.9999997019767761,0.0,0.0,0.9999998807907104,0,-1
independent:k4:sum_mixed:0.03:all:score:newmax-none:current_step,independent,4,sum_mixed,0.03,all,score,none,current_step,16,1024,598,0,0.0,0.0,0.0,0.0,1.0,0.9999997019767761,0.0,0.0,0.9999998807907104,0,-1
independent:k4:mean_mixed:1e-06:all:score:newmax-none:current_step,independent,4,mean_mixed,1e-06,all,score,none,current_step,16,1024,598,0,0.0,0.0,0.0,0.0,1.0,0.9999997019767761,0.0,0.0,0.9999998807907104,0,-1
independent:k4:mean_mixed:3e-06:all:score:newmax-none:current_step,independent,4,mean_mixed,3e-06,all,score,none,current_step,16,1024,598,0,0.0,0.0,0.0,0.0,1.0,0.9999997019767761,0.0,0.0,0.9999998807907104,0,-1
independent:k4:mean_mixed:1e-05:all:score:newmax-none:current_step,independent,4,mean_mixed,1e-05,all,score,none,current_step,16,1024,598,0,0.0,0.0,0.0,0.0,1.0,0.9999997019767761,0.0,0.0,0.9999998807907104,0,-1
independent:k4:mean_mixed:3e-05:all:score:newmax-none:current_step,independent,4,mean_mixed,3e-05,all,score,none,current_step,16,1024,598,0,0.0,0.0,0.0,0.0,1.0,0.9999997019767761,0.0,0.0,0.9999998807907104,0,-1
independent:k4:mean_mixed:0.0001:all:score:newmax-none:current_step,independent,4,mean_mixed,0.0001,all,score,none,current_step,16,1024,598,0,0.0,0.0,0.0,0.0,1.0,0.9999997019767761,0.0,0.0,0.9999998807907104,0,-1
independent:k4:mean_mixed:0.0003:all:score:newmax-none:current_step,independent,4,mean_mixed,0.0003,all,score,none,current_step,16,1024,598,0,0.0,0.0,0.0,0.0,1.0,0.9999997019767761,0.0,0.0,0.9999998807907104,0,-1
independent:k4:mean_mixed:0.001:all:score:newmax-none:current_step,independent,4,mean_mixed,0.001,all,score,none,current_step,16,1024,598,0,0.0,0.0,0.0,0.0,1.0,0.9999997019767761,0.0,0.0,0.9999998807907104,0,-1
independent:k4:mean_mixed:0.003:all:score:newmax-none:current_step,independent,4,mean_mixed,0.003,all,score,none,current_step,16,1024,598,8,0.0078125,0.013377926421404682,0.013433926738798618,0.0014544384321197867,0.9999099969863892,0.9984235167503357,0.0014364406233653426,0.0037401621229946613,0.9999216794967651,0,1
independent:k4:mean_mixed:0.01:all:score:newmax-none:current_step,independent,4,mean_mixed,0.01,all,score,none,current_step,16,1024,598,13,0.0126953125,0.021739130434782608,0.024103105068206787,0.002962695900350809,0.9997745752334595,0.9950920343399048,0.0023455753762391396,0.007403687835903838,0.9998114109039307,0,1
independent:k4:mean_mixed:0.03:all:score:newmax-none:current_step,independent,4,mean_mixed,0.03,all,score,none,current_step,16,1024,598,28,0.02734375,0.046822742474916385,0.024103105068206787,0.005195863577682758,0.9997745752334595,0.9950920343399048,0.0025148146924038883,0.009664481072832132,0.9998114109039307,0,1
independent:k8:all_max:1e-06:all:score:newmax-none:current_step,independent,8,all_max,1e-06,all,score,none,current_step,16,1024,598,0,0.0,0.0,0.0,0.0,1.0,0.9999997019767761,0.0,0.0,0.9999998807907104,0,-1
independent:k8:all_max:3e-06:all:score:newmax-none:current_step,independent,8,all_max,3e-06,all,score,none,current_step,16,1024,598,0,0.0,0.0,0.0,0.0,1.0,0.9999997019767761,0.0,0.0,0.9999998807907104,0,-1
independent:k8:all_max:1e-05:all:score:newmax-none:current_step,independent,8,all_max,1e-05,all,score,none,current_step,16,1024,598,0,0.0,0.0,0.0,0.0,1.0,0.9999997019767761,0.0,0.0,0.9999998807907104,0,-1
independent:k8:all_max:3e-05:all:score:newmax-none:current_step,independent,8,all_max,3e-05,all,score,none,current_step,16,1024,598,0,0.0,0.0,0.0,0.0,1.0,0.9999997019767761,0.0,0.0,0.9999998807907104,0,-1
independent:k8:all_max:0.0001:all:score:newmax-none:current_step,independent,8,all_max,0.0001,all,score,none,current_step,16,1024,598,0,0.0,0.0,0.0,0.0,1.0,0.9999997019767761,0.0,0.0,0.9999998807907104,0,-1
independent:k8:all_max:0.0003:all:score:newmax-none:current_step,independent,8,all_max,0.0003,all,score,none,current_step,16,1024,598,0,0.0,0.0,0.0,0.0,1.0,0.9999997019767761,0.0,0.0,0.9999998807907104,0,-1
independent:k8:all_max:0.001:all:score:newmax-none:current_step,independent,8,all_max,0.001,all,score,none,current_step,16,1024,598,0,0.0,0.0,0.0,0.0,1.0,0.9999997019767761,0.0,0.0,0.9999998807907104,0,-1
independent:k8:all_max:0.003:all:score:newmax-none:current_step,independent,8,all_max,0.003,all,score,none,current_step,16,1024,598,0,0.0,0.0,0.0,0.0,1.0,0.9999997019767761,0.0,0.0,0.9999998807907104,0,-1
independent:k8:all_max:0.01:all:score:newmax-none:current_step,independent,8,all_max,0.01,all,score,none,current_step,16,1024,598,12,0.01171875,0.020066889632107024,0.006800234317779541,0.0031639976950827986,0.9999661445617676,0.9996366500854492,0.0011787702824221924,0.004090287315193564,0.9999687075614929,0,1
independent:k8:all_max:0.03:all:score:newmax-none:current_step,independent,8,all_max,0.03,all,score,none,current_step,16,1024,598,28,0.02734375,0.046822742474916385,0.024103105068206787,0.00867794549321843,0.9997745752334595,0.9950920343399048,0.0026520132378209382,0.013206133290623256,0.9998114109039307,3,1
independent:k8:veto_max:1e-06:all:score:newmax-none:current_step,independent,8,veto_max,1e-06,all,score,none,current_step,16,1024,598,0,0.0,0.0,0.0,0.0,1.0,0.9999997019767761,0.0,0.0,0.9999998807907104,0,-1
independent:k8:veto_max:3e-06:all:score:newmax-none:current_step,independent,8,veto_max,3e-06,all,score,none,current_step,16,1024,598,0,0.0,0.0,0.0,0.0,1.0,0.9999997019767761,0.0,0.0,0.9999998807907104,0,-1
independent:k8:veto_max:1e-05:all:score:newmax-none:current_step,independent,8,veto_max,1e-05,all,score,none,current_step,16,1024,598,0,0.0,0.0,0.0,0.0,1.0,0.9999997019767761,0.0,0.0,0.9999998807907104,0,-1
independent:k8:veto_max:3e-05:all:score:newmax-none:current_step,independent,8,veto_max,3e-05,all,score,none,current_step,16,1024,598,0,0.0,0.0,0.0,0.0,1.0,0.9999997019767761,0.0,0.0,0.9999998807907104,0,-1
independent:k8:veto_max:0.0001:all:score:newmax-none:current_step,independent,8,veto_max,0.0001,all,score,none,current_step,16,1024,598,0,0.0,0.0,0.0,0.0,1.0,0.9999997019767761,0.0,0.0,0.9999998807907104,0,-1
independent:k8:veto_max:0.0003:all:score:newmax-none:current_step,independent,8,veto_max,0.0003,all,score,none,current_step,16,1024,598,0,0.0,0.0,0.0,0.0,1.0,0.9999997019767761,0.0,0.0,0.9999998807907104,0,-1
independent:k8:veto_max:0.001:all:score:newmax-none:current_step,independent,8,veto_max,0.001,all,score,none,current_step,16,1024,598,0,0.0,0.0,0.0,0.0,1.0,0.9999997019767761,0.0,0.0,0.9999998807907104,0,-1
independent:k8:veto_max:0.003:all:score:newmax-none:current_step,independent,8,veto_max,0.003,all,score,none,current_step,16,1024,598,0,0.0,0.0,0.0,0.0,1.0,0.9999997019767761,0.0,0.0,0.9999998807907104,0,-1
independent:k8:veto_max:0.01:all:score:newmax-none:current_step,independent,8,veto_max,0.01,all,score,none,current_step,16,1024,598,12,0.01171875,0.020066889632107024,0.006800234317779541,0.0031639976950827986,0.9999661445617676,0.9996366500854492,0.0011787702824221924,0.004090287315193564,0.9999687075614929,0,1
independent:k8:veto_max:0.03:all:score:newmax-none:current_step,independent,8,veto_max,0.03,all,score,none,current_step,16,1024,598,28,0.02734375,0.046822742474916385,0.024103105068206787,0.00867794549321843,0.9997745752334595,0.9950920343399048,0.0026520132378209382,0.013206133290623256,0.9998114109039307,3,1
independent:k8:masked_max:1e-06:all:score:newmax-none:current_step,independent,8,masked_max,1e-06,all,score,none,current_step,16,1024,598,0,0.0,0.0,0.0,0.0,1.0,0.9999997019767761,0.0,0.0,0.9999998807907104,0,-1
independent:k8:masked_max:3e-06:all:score:newmax-none:current_step,independent,8,masked_max,3e-06,all,score,none,current_step,16,1024,598,0,0.0,0.0,0.0,0.0,1.0,0.9999997019767761,0.0,0.0,0.9999998807907104,0,-1
independent:k8:masked_max:1e-05:all:score:newmax-none:current_step,independent,8,masked_max,1e-05,all,score,none,current_step,16,1024,598,0,0.0,0.0,0.0,0.0,1.0,0.9999997019767761,0.0,0.0,0.9999998807907104,0,-1
independent:k8:masked_max:3e-05:all:score:newmax-none:current_step,independent,8,masked_max,3e-05,all,score,none,current_step,16,1024,598,0,0.0,0.0,0.0,0.0,1.0,0.9999997019767761,0.0,0.0,0.9999998807907104,0,-1
independent:k8:masked_max:0.0001:all:score:newmax-none:current_step,independent,8,masked_max,0.0001,all,score,none,current_step,16,1024,598,0,0.0,0.0,0.0,0.0,1.0,0.9999997019767761,0.0,0.0,0.9999998807907104,0,-1
independent:k8:masked_max:0.0003:all:score:newmax-none:current_step,independent,8,masked_max,0.0003,all,score,none,current_step,16,1024,598,0,0.0,0.0,0.0,0.0,1.0,0.9999997019767761,0.0,0.0,0.9999998807907104,0,-1
independent:k8:masked_max:0.001:all:score:newmax-none:current_step,independent,8,masked_max,0.001,all,score,none,current_step,16,1024,598,0,0.0,0.0,0.0,0.0,1.0,0.9999997019767761,0.0,0.0,0.9999998807907104,0,-1
independent:k8:masked_max:0.003:all:score:newmax-none:current_step,independent,8,masked_max,0.003,all,score,none,current_step,16,1024,598,11,0.0107421875,0.01839464882943144,0.011585652828216553,0.005207446214626543,0.9998965859413147,0.9998694062232971,0.0005762321743532084,0.005608633189694956,0.9999990463256836,0,1
independent:k8:masked_max:0.01:all:score:newmax-none:current_step,independent,8,masked_max,0.01,all,score,none,current_step,16,1024,598,21,0.0205078125,0.03511705685618729,0.024103105068206787,0.007337668619584292,0.9997745752334595,0.9950920343399048,0.0026739229142549448,0.011870416405145079,0.9998114109039307,0,1
independent:k8:masked_max:0.03:all:score:newmax-none:current_step,independent,8,masked_max,0.03,all,score,none,current_step,16,1024,598,23,0.0224609375,0.038461538461538464,0.024103105068206787,0.007028486637864262,0.9997745752334595,0.9950920343399048,0.0026520132378209382,0.011556674435269088,0.9998114109039307,0,1
independent:k8:q90:1e-06:all:score:newmax-none:current_step,independent,8,q90,1e-06,all,score,none,current_step,16,1024,598,0,0.0,0.0,0.0,0.0,1.0,0.9999997019767761,0.0,0.0,0.9999998807907104,0,-1
independent:k8:q90:3e-06:all:score:newmax-none:current_step,independent,8,q90,3e-06,all,score,none,current_step,16,1024,598,0,0.0,0.0,0.0,0.0,1.0,0.9999997019767761,0.0,0.0,0.9999998807907104,0,-1
independent:k8:q90:1e-05:all:score:newmax-none:current_step,independent,8,q90,1e-05,all,score,none,current_step,16,1024,598,0,0.0,0.0,0.0,0.0,1.0,0.9999997019767761,0.0,0.0,0.9999998807907104,0,-1
independent:k8:q90:3e-05:all:score:newmax-none:current_step,independent,8,q90,3e-05,all,score,none,current_step,16,1024,598,0,0.0,0.0,0.0,0.0,1.0,0.9999997019767761,0.0,0.0,0.9999998807907104,0,-1
independent:k8:q90:0.0001:all:score:newmax-none:current_step,independent,8,q90,0.0001,all,score,none,current_step,16,1024,598,0,0.0,0.0,0.0,0.0,1.0,0.9999997019767761,0.0,0.0,0.9999998807907104,0,-1
independent:k8:q90:0.0003:all:score:newmax-none:current_step,independent,8,q90,0.0003,all,score,none,current_step,16,1024,598,0,0.0,0.0,0.0,0.0,1.0,0.9999997019767761,0.0,0.0,0.9999998807907104,0,-1
independent:k8:q90:0.001:all:score:newmax-none:current_step,independent,8,q90,0.001,all,score,none,current_step,16,1024,598,0,0.0,0.0,0.0,0.0,1.0,0.9999997019767761,0.0,0.0,0.9999998807907104,0,-1
independent:k8:q90:0.003:all:score:newmax-none:current_step,independent,8,q90,0.003,all,score,none,current_step,16,1024,598,2,0.001953125,0.0033444816053511705,0.003998597152531147,0.00033475691452622414,0.999994695186615,0.9998565316200256,0.0003286242135800421,0.0011136129032820463,0.999995768070221,0,1
independent:k8:q90:0.01:all:score:newmax-none:current_step,independent,8,q90,0.01,all,score,none,current_step,16,1024,598,18,0.017578125,0.030100334448160536,0.024103105068206787,0.004543567629298195,0.9997745752334595,0.9950920343399048,0.0025303947768406942,0.009018980024848133,0.9998114109039307,0,1
independent:k8:q90:0.03:all:score:newmax-none:current_step,independent,8,q90,0.03,all,score,none,current_step,16,1024,598,37,0.0361328125,0.061872909698996656,0.024103105068206787,0.00712857512098708,0.9997745752334595,0.9950920343399048,0.002465959596520406,0.011619887666711293,0.9998114109039307,3,1
independent:k8:q95:1e-06:all:score:newmax-none:current_step,independent,8,q95,1e-06,all,score,none,current_step,16,1024,598,0,0.0,0.0,0.0,0.0,1.0,0.9999997019767761,0.0,0.0,0.9999998807907104,0,-1
independent:k8:q95:3e-06:all:score:newmax-none:current_step,independent,8,q95,3e-06,all,score,none,current_step,16,1024,598,0,0.0,0.0,0.0,0.0,1.0,0.9999997019767761,0.0,0.0,0.9999998807907104,0,-1
independent:k8:q95:1e-05:all:score:newmax-none:current_step,independent,8,q95,1e-05,all,score,none,current_step,16,1024,598,0,0.0,0.0,0.0,0.0,1.0,0.9999997019767761,0.0,0.0,0.9999998807907104,0,-1
independent:k8:q95:3e-05:all:score:newmax-none:current_step,independent,8,q95,3e-05,all,score,none,current_step,16,1024,598,0,0.0,0.0,0.0,0.0,1.0,0.9999997019767761,0.0,0.0,0.9999998807907104,0,-1
independent:k8:q95:0.0001:all:score:newmax-none:current_step,independent,8,q95,0.0001,all,score,none,current_step,16,1024,598,0,0.0,0.0,0.0,0.0,1.0,0.9999997019767761,0.0,0.0,0.9999998807907104,0,-1
independent:k8:q95:0.0003:all:score:newmax-none:current_step,independent,8,q95,0.0003,all,score,none,current_step,16,1024,598,0,0.0,0.0,0.0,0.0,1.0,0.9999997019767761,0.0,0.0,0.9999998807907104,0,-1
independent:k8:q95:0.001:all:score:newmax-none:current_step,independent,8,q95,0.001,all,score,none,current_step,16,1024,598,0,0.0,0.0,0.0,0.0,1.0,0.9999997019767761,0.0,0.0,0.9999998807907104,0,-1
independent:k8:q95:0.003:all:score:newmax-none:current_step,independent,8,q95,0.003,all,score,none,current_step,16,1024,598,2,0.001953125,0.0033444816053511705,0.003998597152531147,0.00033475691452622414,0.999994695186615,0.9998565316200256,0.0003286242135800421,0.0011136129032820463,0.999995768070221,0,1
independent:k8:q95:0.01:all:score:newmax-none:current_step,independent,8,q95,0.01,all,score,none,current_step,16,1024,598,18,0.017578125,0.030100334448160536,0.024103105068206787,0.004543567629298195,0.9997745752334595,0.9950920343399048,0.0025303947768406942,0.009018980024848133,0.9998114109039307,0,1
independent:k8:q95:0.03:all:score:newmax-none:current_step,independent,8,q95,0.03,all,score,none,current_step,16,1024,598,36,0.03515625,0.06020066889632107,0.024103105068206787,0.007076408618559071,0.9997745752334595,0.9950920343399048,0.002465959596520406,0.011567721164283284,0.9998114109039307,3,1
independent:k8:q99:1e-06:all:score:newmax-none:current_step,independent,8,q99,1e-06,all,score,none,current_step,16,1024,598,0,0.0,0.0,0.0,0.0,1.0,0.9999997019767761,0.0,0.0,0.9999998807907104,0,-1
independent:k8:q99:3e-06:all:score:newmax-none:current_step,independent,8,q99,3e-06,all,score,none,current_step,16,1024,598,0,0.0,0.0,0.0,0.0,1.0,0.9999997019767761,0.0,0.0,0.9999998807907104,0,-1
independent:k8:q99:1e-05:all:score:newmax-none:current_step,independent,8,q99,1e-05,all,score,none,current_step,16,1024,598,0,0.0,0.0,0.0,0.0,1.0,0.9999997019767761,0.0,0.0,0.9999998807907104,0,-1
independent:k8:q99:3e-05:all:score:newmax-none:current_step,independent,8,q99,3e-05,all,score,none,current_step,16,1024,598,0,0.0,0.0,0.0,0.0,1.0,0.9999997019767761,0.0,0.0,0.9999998807907104,0,-1
independent:k8:q99:0.0001:all:score:newmax-none:current_step,independent,8,q99,0.0001,all,score,none,current_step,16,1024,598,0,0.0,0.0,0.0,0.0,1.0,0.9999997019767761,0.0,0.0,0.9999998807907104,0,-1
independent:k8:q99:0.0003:all:score:newmax-none:current_step,independent,8,q99,0.0003,all,score,none,current_step,16,1024,598,0,0.0,0.0,0.0,0.0,1.0,0.9999997019767761,0.0,0.0,0.9999998807907104,0,-1
independent:k8:q99:0.001:all:score:newmax-none:current_step,independent,8,q99,0.001,all,score,none,current_step,16,1024,598,0,0.0,0.0,0.0,0.0,1.0,0.9999997019767761,0.0,0.0,0.9999998807907104,0,-1
independent:k8:q99:0.003:all:score:newmax-none:current_step,independent,8,q99,0.003,all,score,none,current_step,16,1024,598,1,0.0009765625,0.0016722408026755853,0.0015961630269885063,0.00015648813860025257,0.9999988675117493,0.9999768733978271,0.00015421977150253952,0.000444570992840454,0.9999990463256836,0,1
independent:k8:q99:0.01:all:score:newmax-none:current_step,independent,8,q99,0.01,all,score,none,current_step,16,1024,598,18,0.017578125,0.030100334448160536,0.024103105068206787,0.004543567629298195,0.9997745752334595,0.9950920343399048,0.0025303947768406942,0.009018980024848133,0.9998114109039307,0,1
independent:k8:q99:0.03:all:score:newmax-none:current_step,independent,8,q99,0.03,all,score,none,current_step,16,1024,598,32,0.03125,0.05351170568561873,0.024103105068206787,0.008033427139707783,0.9997745752334595,0.9950920343399048,0.00257882293772127,0.012549610363748798,0.9998114109039307,3,1
independent:k8:sum_all:1e-06:all:score:newmax-none:current_step,independent,8,sum_all,1e-06,all,score,none,current_step,16,1024,598,0,0.0,0.0,0.0,0.0,1.0,0.9999997019767761,0.0,0.0,0.9999998807907104,0,-1
independent:k8:sum_all:3e-06:all:score:newmax-none:current_step,independent,8,sum_all,3e-06,all,score,none,current_step,16,1024,598,0,0.0,0.0,0.0,0.0,1.0,0.9999997019767761,0.0,0.0,0.9999998807907104,0,-1
independent:k8:sum_all:1e-05:all:score:newmax-none:current_step,independent,8,sum_all,1e-05,all,score,none,current_step,16,1024,598,0,0.0,0.0,0.0,0.0,1.0,0.9999997019767761,0.0,0.0,0.9999998807907104,0,-1
independent:k8:sum_all:3e-05:all:score:newmax-none:current_step,independent,8,sum_all,3e-05,all,score,none,current_step,16,1024,598,0,0.0,0.0,0.0,0.0,1.0,0.9999997019767761,0.0,0.0,0.9999998807907104,0,-1
independent:k8:sum_all:0.0001:all:score:newmax-none:current_step,independent,8,sum_all,0.0001,all,score,none,current_step,16,1024,598,0,0.0,0.0,0.0,0.0,1.0,0.9999997019767761,0.0,0.0,0.9999998807907104,0,-1
independent:k8:sum_all:0.0003:all:score:newmax-none:current_step,independent,8,sum_all,0.0003,all,score,none,current_step,16,1024,598,0,0.0,0.0,0.0,0.0,1.0,0.9999997019767761,0.0,0.0,0.9999998807907104,0,-1
independent:k8:sum_all:0.001:all:score:newmax-none:current_step,independent,8,sum_all,0.001,all,score,none,current_step,16,1024,598,0,0.0,0.0,0.0,0.0,1.0,0.9999997019767761,0.0,0.0,0.9999998807907104,0,-1
independent:k8:sum_all:0.003:all:score:newmax-none:current_step,independent,8,sum_all,0.003,all,score,none,current_step,16,1024,598,0,0.0,0.0,0.0,0.0,1.0,0.9999997019767761,0.0,0.0,0.9999998807907104,0,-1
independent:k8:sum_all:0.01:all:score:newmax-none:current_step,independent,8,sum_all,0.01,all,score,none,current_step,16,1024,598,0,0.0,0.0,0.0,0.0,1.0,0.9999997019767761,0.0,0.0,0.9999998807907104,0,-1
independent:k8:sum_all:0.03:all:score:newmax-none:current_step,independent,8,sum_all,0.03,all,score,none,current_step,16,1024,598,0,0.0,0.0,0.0,0.0,1.0,0.9999997019767761,0.0,0.0,0.9999998807907104,0,-1
independent:k8:mean_all:1e-06:all:score:newmax-none:current_step,independent,8,mean_all,1e-06,all,score,none,current_step,16,1024,598,0,0.0,0.0,0.0,0.0,1.0,0.9999997019767761,0.0,0.0,0.9999998807907104,0,-1
independent:k8:mean_all:3e-06:all:score:newmax-none:current_step,independent,8,mean_all,3e-06,all,score,none,current_step,16,1024,598,0,0.0,0.0,0.0,0.0,1.0,0.9999997019767761,0.0,0.0,0.9999998807907104,0,-1
independent:k8:mean_all:1e-05:all:score:newmax-none:current_step,independent,8,mean_all,1e-05,all,score,none,current_step,16,1024,598,0,0.0,0.0,0.0,0.0,1.0,0.9999997019767761,0.0,0.0,0.9999998807907104,0,-1
independent:k8:mean_all:3e-05:all:score:newmax-none:current_step,independent,8,mean_all,3e-05,all,score,none,current_step,16,1024,598,0,0.0,0.0,0.0,0.0,1.0,0.9999997019767761,0.0,0.0,0.9999998807907104,0,-1
independent:k8:mean_all:0.0001:all:score:newmax-none:current_step,independent,8,mean_all,0.0001,all,score,none,current_step,16,1024,598,0,0.0,0.0,0.0,0.0,1.0,0.9999997019767761,0.0,0.0,0.9999998807907104,0,-1
independent:k8:mean_all:0.0003:all:score:newmax-none:current_step,independent,8,mean_all,0.0003,all,score,none,current_step,16,1024,598,0,0.0,0.0,0.0,0.0,1.0,0.9999997019767761,0.0,0.0,0.9999998807907104,0,-1
independent:k8:mean_all:0.001:all:score:newmax-none:current_step,independent,8,mean_all,0.001,all,score,none,current_step,16,1024,598,0,0.0,0.0,0.0,0.0,1.0,0.9999997019767761,0.0,0.0,0.9999998807907104,0,-1
independent:k8:mean_all:0.003:all:score:newmax-none:current_step,independent,8,mean_all,0.003,all,score,none,current_step,16,1024,598,7,0.0068359375,0.011705685618729096,0.010820905677974224,0.0012525198981165886,0.9999340176582336,0.9989697933197021,0.0012386662419885397,0.0030119435396045446,0.9999415874481201,0,1
independent:k8:mean_all:0.01:all:score:newmax-none:current_step,independent,8,mean_all,0.01,all,score,none,current_step,16,1024,598,18,0.017578125,0.030100334448160536,0.024103105068206787,0.004543567629298195,0.9997745752334595,0.9950920343399048,0.0025303947768406942,0.009018980024848133,0.9998114109039307,0,1
independent:k8:mean_all:0.03:all:score:newmax-none:current_step,independent,8,mean_all,0.03,all,score,none,current_step,16,1024,598,41,0.0400390625,0.06856187290969899,0.024103105068206787,0.006972960410166706,0.9997745752334595,0.9950920343399048,0.002465959596520406,0.01146427295589092,0.9998114109039307,3,1
independent:k8:sum_masked:1e-06:all:score:newmax-none:current_step,independent,8,sum_masked,1e-06,all,score,none,current_step,16,1024,598,10,0.009765625,0.016722408026755852,0.005265474319458008,0.001546010646961804,0.9999862313270569,0.9999809861183167,0.0,0.001546010646961804,0.9999998807907104,3,8
independent:k8:sum_masked:3e-06:all:score:newmax-none:current_step,independent,8,sum_masked,3e-06,all,score,none,current_step,16,1024,598,10,0.009765625,0.016722408026755852,0.005265474319458008,0.001546010646961804,0.9999862313270569,0.9999809861183167,0.0,0.001546010646961804,0.9999998807907104,3,8
independent:k8:sum_masked:1e-05:all:score:newmax-none:current_step,independent,8,sum_masked,1e-05,all,score,none,current_step,16,1024,598,10,0.009765625,0.016722408026755852,0.005265474319458008,0.001546010646961804,0.9999862313270569,0.9999809861183167,0.0,0.001546010646961804,0.9999998807907104,3,8
independent:k8:sum_masked:3e-05:all:score:newmax-none:current_step,independent,8,sum_masked,3e-05,all,score,none,current_step,16,1024,598,10,0.009765625,0.016722408026755852,0.005265474319458008,0.001546010646961804,0.9999862313270569,0.9999809861183167,0.0,0.001546010646961804,0.9999998807907104,3,8
independent:k8:sum_masked:0.0001:all:score:newmax-none:current_step,independent,8,sum_masked,0.0001,all,score,none,current_step,16,1024,598,10,0.009765625,0.016722408026755852,0.005265474319458008,0.001546010646961804,0.9999862313270569,0.9999809861183167,0.0,0.001546010646961804,0.9999998807907104,3,8
independent:k8:sum_masked:0.0003:all:score:newmax-none:current_step,independent,8,sum_masked,0.0003,all,score,none,current_step,16,1024,598,10,0.009765625,0.016722408026755852,0.005265474319458008,0.001546010646961804,0.9999862313270569,0.9999809861183167,0.0,0.001546010646961804,0.9999998807907104,3,8
independent:k8:sum_masked:0.001:all:score:newmax-none:current_step,independent,8,sum_masked,0.001,all,score,none,current_step,16,1024,598,10,0.009765625,0.016722408026755852,0.005265474319458008,0.001546010646961804,0.9999862313270569,0.9999809861183167,0.0,0.001546010646961804,0.9999998807907104,3,8
independent:k8:sum_masked:0.003:all:score:newmax-none:current_step,independent,8,sum_masked,0.003,all,score,none,current_step,16,1024,598,14,0.013671875,0.023411371237458192,0.0089682936668396,0.003922652957953687,0.9999443888664246,0.99992835521698,0.00015735791384940967,0.0039578797686772305,0.9999998211860657,3,6
independent:k8:sum_masked:0.01:all:score:newmax-none:current_step,independent,8,sum_masked,0.01,all,score,none,current_step,16,1024,598,20,0.01953125,0.033444816053511704,0.011585652828216553,0.006596968722988095,0.9998965859413147,0.9998694062232971,0.0004220124028506689,0.006710072843816306,0.9999994039535522,3,4
independent:k8:sum_masked:0.03:all:score:newmax-none:current_step,independent,8,sum_masked,0.03,all,score,none,current_step,16,1024,598,20,0.01953125,0.033444816053511704,0.011585652828216553,0.006596968722988095,0.9998965859413147,0.9998694062232971,0.0004220124028506689,0.006710072843816306,0.9999994039535522,3,4
independent:k8:mean_masked:1e-06:all:score:newmax-none:current_step,independent,8,mean_masked,1e-06,all,score,none,current_step,16,1024,598,10,0.009765625,0.016722408026755852,0.005265474319458008,0.001546010646961804,0.9999862313270569,0.9999809861183167,0.0,0.001546010646961804,0.9999998807907104,3,8
independent:k8:mean_masked:3e-06:all:score:newmax-none:current_step,independent,8,mean_masked,3e-06,all,score,none,current_step,16,1024,598,10,0.009765625,0.016722408026755852,0.005265474319458008,0.001546010646961804,0.9999862313270569,0.9999809861183167,0.0,0.001546010646961804,0.9999998807907104,3,8
independent:k8:mean_masked:1e-05:all:score:newmax-none:current_step,independent,8,mean_masked,1e-05,all,score,none,current_step,16,1024,598,10,0.009765625,0.016722408026755852,0.005265474319458008,0.001546010646961804,0.9999862313270569,0.9999809861183167,0.0,0.001546010646961804,0.9999998807907104,3,8
independent:k8:mean_masked:3e-05:all:score:newmax-none:current_step,independent,8,mean_masked,3e-05,all,score,none,current_step,16,1024,598,10,0.009765625,0.016722408026755852,0.005265474319458008,0.001546010646961804,0.9999862313270569,0.9999809861183167,0.0,0.001546010646961804,0.9999998807907104,3,8
independent:k8:mean_masked:0.0001:all:score:newmax-none:current_step,independent,8,mean_masked,0.0001,all,score,none,current_step,16,1024,598,10,0.009765625,0.016722408026755852,0.005265474319458008,0.001546010646961804,0.9999862313270569,0.9999809861183167,0.0,0.001546010646961804,0.9999998807907104,3,8
independent:k8:mean_masked:0.0003:all:score:newmax-none:current_step,independent,8,mean_masked,0.0003,all,score,none,current_step,16,1024,598,10,0.009765625,0.016722408026755852,0.005265474319458008,0.001546010646961804,0.9999862313270569,0.9999809861183167,0.0,0.001546010646961804,0.9999998807907104,3,8
independent:k8:mean_masked:0.001:all:score:newmax-none:current_step,independent,8,mean_masked,0.001,all,score,none,current_step,16,1024,598,11,0.0107421875,0.01839464882943144,0.005265474319458008,0.00182387507356907,0.9999862313270569,0.9999809861183167,3.132277925033122e-05,0.001827788403716113,0.9999998807907104,3,7
independent:k8:mean_masked:0.003:all:score:newmax-none:current_step,independent,8,mean_masked,0.003,all,score,none,current_step,16,1024,598,29,0.0283203125,0.048494983277591976,0.017099250108003616,0.00826191539363208,0.9998796582221985,0.9974746704101562,0.0020625962570193224,0.011469088359262969,0.9998986721038818,3,1
independent:k8:mean_masked:0.01:all:score:newmax-none:current_step,independent,8,mean_masked,0.01,all,score,none,current_step,16,1024,598,31,0.0302734375,0.051839464882943144,0.024103105068206787,0.008883679266546096,0.9997745752334595,0.9950920343399048,0.0026739229142549448,0.013416427052106883,0.9998114109039307,3,1
independent:k8:mean_masked:0.03:all:score:newmax-none:current_step,independent,8,mean_masked,0.03,all,score,none,current_step,16,1024,598,34,0.033203125,0.056856187290969896,0.024103105068206787,0.00837579425842705,0.9997745752334595,0.9950920343399048,0.0026324853897676803,0.01289820215151849,0.9998114109039307,3,1
independent:k8:sum_mixed:1e-06:all:score:newmax-none:current_step,independent,8,sum_mixed,1e-06,all,score,none,current_step,16,1024,598,0,0.0,0.0,0.0,0.0,1.0,0.9999997019767761,0.0,0.0,0.9999998807907104,0,-1
independent:k8:sum_mixed:3e-06:all:score:newmax-none:current_step,independent,8,sum_mixed,3e-06,all,score,none,current_step,16,1024,598,0,0.0,0.0,0.0,0.0,1.0,0.9999997019767761,0.0,0.0,0.9999998807907104,0,-1
independent:k8:sum_mixed:1e-05:all:score:newmax-none:current_step,independent,8,sum_mixed,1e-05,all,score,none,current_step,16,1024,598,0,0.0,0.0,0.0,0.0,1.0,0.9999997019767761,0.0,0.0,0.9999998807907104,0,-1
independent:k8:sum_mixed:3e-05:all:score:newmax-none:current_step,independent,8,sum_mixed,3e-05,all,score,none,current_step,16,1024,598,0,0.0,0.0,0.0,0.0,1.0,0.9999997019767761,0.0,0.0,0.9999998807907104,0,-1
independent:k8:sum_mixed:0.0001:all:score:newmax-none:current_step,independent,8,sum_mixed,0.0001,all,score,none,current_step,16,1024,598,0,0.0,0.0,0.0,0.0,1.0,0.9999997019767761,0.0,0.0,0.9999998807907104,0,-1
independent:k8:sum_mixed:0.0003:all:score:newmax-none:current_step,independent,8,sum_mixed,0.0003,all,score,none,current_step,16,1024,598,0,0.0,0.0,0.0,0.0,1.0,0.9999997019767761,0.0,0.0,0.9999998807907104,0,-1
independent:k8:sum_mixed:0.001:all:score:newmax-none:current_step,independent,8,sum_mixed,0.001,all,score,none,current_step,16,1024,598,0,0.0,0.0,0.0,0.0,1.0,0.9999997019767761,0.0,0.0,0.9999998807907104,0,-1
independent:k8:sum_mixed:0.003:all:score:newmax-none:current_step,independent,8,sum_mixed,0.003,all,score,none,current_step,16,1024,598,0,0.0,0.0,0.0,0.0,1.0,0.9999997019767761,0.0,0.0,0.9999998807907104,0,-1
independent:k8:sum_mixed:0.01:all:score:newmax-none:current_step,independent,8,sum_mixed,0.01,all,score,none,current_step,16,1024,598,0,0.0,0.0,0.0,0.0,1.0,0.9999997019767761,0.0,0.0,0.9999998807907104,0,-1
independent:k8:sum_mixed:0.03:all:score:newmax-none:current_step,independent,8,sum_mixed,0.03,all,score,none,current_step,16,1024,598,0,0.0,0.0,0.0,0.0,1.0,0.9999997019767761,0.0,0.0,0.9999998807907104,0,-1
independent:k8:mean_mixed:1e-06:all:score:newmax-none:current_step,independent,8,mean_mixed,1e-06,all,score,none,current_step,16,1024,598,0,0.0,0.0,0.0,0.0,1.0,0.9999997019767761,0.0,0.0,0.9999998807907104,0,-1
independent:k8:mean_mixed:3e-06:all:score:newmax-none:current_step,independent,8,mean_mixed,3e-06,all,score,none,current_step,16,1024,598,0,0.0,0.0,0.0,0.0,1.0,0.9999997019767761,0.0,0.0,0.9999998807907104,0,-1
independent:k8:mean_mixed:1e-05:all:score:newmax-none:current_step,independent,8,mean_mixed,1e-05,all,score,none,current_step,16,1024,598,0,0.0,0.0,0.0,0.0,1.0,0.9999997019767761,0.0,0.0,0.9999998807907104,0,-1
independent:k8:mean_mixed:3e-05:all:score:newmax-none:current_step,independent,8,mean_mixed,3e-05,all,score,none,current_step,16,1024,598,0,0.0,0.0,0.0,0.0,1.0,0.9999997019767761,0.0,0.0,0.9999998807907104,0,-1
independent:k8:mean_mixed:0.0001:all:score:newmax-none:current_step,independent,8,mean_mixed,0.0001,all,score,none,current_step,16,1024,598,0,0.0,0.0,0.0,0.0,1.0,0.9999997019767761,0.0,0.0,0.9999998807907104,0,-1
independent:k8:mean_mixed:0.0003:all:score:newmax-none:current_step,independent,8,mean_mixed,0.0003,all,score,none,current_step,16,1024,598,0,0.0,0.0,0.0,0.0,1.0,0.9999997019767761,0.0,0.0,0.9999998807907104,0,-1
independent:k8:mean_mixed:0.001:all:score:newmax-none:current_step,independent,8,mean_mixed,0.001,all,score,none,current_step,16,1024,598,0,0.0,0.0,0.0,0.0,1.0,0.9999997019767761,0.0,0.0,0.9999998807907104,0,-1
independent:k8:mean_mixed:0.003:all:score:newmax-none:current_step,independent,8,mean_mixed,0.003,all,score,none,current_step,16,1024,598,8,0.0078125,0.013377926421404682,0.013433926738798618,0.0014544384321197867,0.9999099969863892,0.9984235167503357,0.0014364406233653426,0.0037401621229946613,0.9999216794967651,0,1
independent:k8:mean_mixed:0.01:all:score:newmax-none:current_step,independent,8,mean_mixed,0.01,all,score,none,current_step,16,1024,598,18,0.017578125,0.030100334448160536,0.024103105068206787,0.004543567629298195,0.9997745752334595,0.9950920343399048,0.0025303947768406942,0.009018980024848133,0.9998114109039307,0,1
independent:k8:mean_mixed:0.03:all:score:newmax-none:current_step,independent,8,mean_mixed,0.03,all,score,none,current_step,16,1024,598,41,0.0400390625,0.06856187290969899,0.024103105068206787,0.006972960410166706,0.9997745752334595,0.9950920343399048,0.002465959596520406,0.01146427295589092,0.9998114109039307,3,1
independent:k16:all_max:1e-06:all:score:newmax-none:current_step,independent,16,all_max,1e-06,all,score,none,current_step,16,1024,598,0,0.0,0.0,0.0,0.0,1.0,0.9999997019767761,0.0,0.0,0.9999998807907104,0,-1
independent:k16:all_max:3e-06:all:score:newmax-none:current_step,independent,16,all_max,3e-06,all,score,none,current_step,16,1024,598,0,0.0,0.0,0.0,0.0,1.0,0.9999997019767761,0.0,0.0,0.9999998807907104,0,-1
independent:k16:all_max:1e-05:all:score:newmax-none:current_step,independent,16,all_max,1e-05,all,score,none,current_step,16,1024,598,0,0.0,0.0,0.0,0.0,1.0,0.9999997019767761,0.0,0.0,0.9999998807907104,0,-1
independent:k16:all_max:3e-05:all:score:newmax-none:current_step,independent,16,all_max,3e-05,all,score,none,current_step,16,1024,598,0,0.0,0.0,0.0,0.0,1.0,0.9999997019767761,0.0,0.0,0.9999998807907104,0,-1
independent:k16:all_max:0.0001:all:score:newmax-none:current_step,independent,16,all_max,0.0001,all,score,none,current_step,16,1024,598,0,0.0,0.0,0.0,0.0,1.0,0.9999997019767761,0.0,0.0,0.9999998807907104,0,-1
independent:k16:all_max:0.0003:all:score:newmax-none:current_step,independent,16,all_max,0.0003,all,score,none,current_step,16,1024,598,0,0.0,0.0,0.0,0.0,1.0,0.9999997019767761,0.0,0.0,0.9999998807907104,0,-1
independent:k16:all_max:0.001:all:score:newmax-none:current_step,independent,16,all_max,0.001,all,score,none,current_step,16,1024,598,0,0.0,0.0,0.0,0.0,1.0,0.9999997019767761,0.0,0.0,0.9999998807907104,0,-1
independent:k16:all_max:0.003:all:score:newmax-none:current_step,independent,16,all_max,0.003,all,score,none,current_step,16,1024,598,0,0.0,0.0,0.0,0.0,1.0,0.9999997019767761,0.0,0.0,0.9999998807907104,0,-1
independent:k16:all_max:0.01:all:score:newmax-none:current_step,independent,16,all_max,0.01,all,score,none,current_step,16,1024,598,20,0.01953125,0.033444816053511704,0.009178221225738525,0.005888970597879961,0.9999019503593445,0.9996366500854492,0.0014030882448423654,0.006873917853226885,0.9999687075614929,0,1
independent:k16:all_max:0.03:all:score:newmax-none:current_step,independent,16,all_max,0.03,all,score,none,current_step,16,1024,598,44,0.04296875,0.07357859531772576,0.024652093648910522,0.015074197035573889,0.9994809627532959,0.9950920343399048,0.0030903598526492715,0.01977311535301851,0.9998114109039307,6,1
independent:k16:veto_max:1e-06:all:score:newmax-none:current_step,independent,16,veto_max,1e-06,all,score,none,current_step,16,1024,598,0,0.0,0.0,0.0,0.0,1.0,0.9999997019767761,0.0,0.0,0.9999998807907104,0,-1
independent:k16:veto_max:3e-06:all:score:newmax-none:current_step,independent,16,veto_max,3e-06,all,score,none,current_step,16,1024,598,0,0.0,0.0,0.0,0.0,1.0,0.9999997019767761,0.0,0.0,0.9999998807907104,0,-1
independent:k16:veto_max:1e-05:all:score:newmax-none:current_step,independent,16,veto_max,1e-05,all,score,none,current_step,16,1024,598,0,0.0,0.0,0.0,0.0,1.0,0.9999997019767761,0.0,0.0,0.9999998807907104,0,-1
independent:k16:veto_max:3e-05:all:score:newmax-none:current_step,independent,16,veto_max,3e-05,all,score,none,current_step,16,1024,598,0,0.0,0.0,0.0,0.0,1.0,0.9999997019767761,0.0,0.0,0.9999998807907104,0,-1
independent:k16:veto_max:0.0001:all:score:newmax-none:current_step,independent,16,veto_max,0.0001,all,score,none,current_step,16,1024,598,0,0.0,0.0,0.0,0.0,1.0,0.9999997019767761,0.0,0.0,0.9999998807907104,0,-1
independent:k16:veto_max:0.0003:all:score:newmax-none:current_step,independent,16,veto_max,0.0003,all,score,none,current_step,16,1024,598,0,0.0,0.0,0.0,0.0,1.0,0.9999997019767761,0.0,0.0,0.9999998807907104,0,-1
independent:k16:veto_max:0.001:all:score:newmax-none:current_step,independent,16,veto_max,0.001,all,score,none,current_step,16,1024,598,0,0.0,0.0,0.0,0.0,1.0,0.9999997019767761,0.0,0.0,0.9999998807907104,0,-1
independent:k16:veto_max:0.003:all:score:newmax-none:current_step,independent,16,veto_max,0.003,all,score,none,current_step,16,1024,598,0,0.0,0.0,0.0,0.0,1.0,0.9999997019767761,0.0,0.0,0.9999998807907104,0,-1
independent:k16:veto_max:0.01:all:score:newmax-none:current_step,independent,16,veto_max,0.01,all,score,none,current_step,16,1024,598,21,0.0205078125,0.03511705685618729,0.009178221225738525,0.006481398508185521,0.9999019503593445,0.9996366500854492,0.0014389455609489232,0.007475180405890569,0.9999687075614929,0,1
independent:k16:veto_max:0.03:all:score:newmax-none:current_step,independent,16,veto_max,0.03,all,score,none,current_step,16,1024,598,44,0.04296875,0.07357859531772576,0.024652093648910522,0.015074197035573889,0.9994809627532959,0.9950920343399048,0.0030903598526492715,0.01977311535301851,0.9998114109039307,6,1
independent:k16:masked_max:1e-06:all:score:newmax-none:current_step,independent,16,masked_max,1e-06,all,score,none,current_step,16,1024,598,0,0.0,0.0,0.0,0.0,1.0,0.9999997019767761,0.0,0.0,0.9999998807907104,0,-1
independent:k16:masked_max:3e-06:all:score:newmax-none:current_step,independent,16,masked_max,3e-06,all,score,none,current_step,16,1024,598,0,0.0,0.0,0.0,0.0,1.0,0.9999997019767761,0.0,0.0,0.9999998807907104,0,-1
independent:k16:masked_max:1e-05:all:score:newmax-none:current_step,independent,16,masked_max,1e-05,all,score,none,current_step,16,1024,598,0,0.0,0.0,0.0,0.0,1.0,0.9999997019767761,0.0,0.0,0.9999998807907104,0,-1
independent:k16:masked_max:3e-05:all:score:newmax-none:current_step,independent,16,masked_max,3e-05,all,score,none,current_step,16,1024,598,0,0.0,0.0,0.0,0.0,1.0,0.9999997019767761,0.0,0.0,0.9999998807907104,0,-1
independent:k16:masked_max:0.0001:all:score:newmax-none:current_step,independent,16,masked_max,0.0001,all,score,none,current_step,16,1024,598,0,0.0,0.0,0.0,0.0,1.0,0.9999997019767761,0.0,0.0,0.9999998807907104,0,-1
independent:k16:masked_max:0.0003:all:score:newmax-none:current_step,independent,16,masked_max,0.0003,all,score,none,current_step,16,1024,598,0,0.0,0.0,0.0,0.0,1.0,0.9999997019767761,0.0,0.0,0.9999998807907104,0,-1
independent:k16:masked_max:0.001:all:score:newmax-none:current_step,independent,16,masked_max,0.001,all,score,none,current_step,16,1024,598,2,0.001953125,0.0033444816053511705,0.004932492971420288,0.0011119840200990438,0.9999874830245972,0.9999792575836182,6.752596527803689e-05,0.0011285627842880785,0.9999998807907104,0,6
independent:k16:masked_max:0.003:all:score:newmax-none:current_step,independent,16,masked_max,0.003,all,score,none,current_step,16,1024,598,19,0.0185546875,0.03177257525083612,0.022544682025909424,0.010122066814801656,0.9995639324188232,0.9995092153549194,0.0009048887150129303,0.01066835896926932,0.9999982118606567,0,1
independent:k16:masked_max:0.01:all:score:newmax-none:current_step,independent,16,masked_max,0.01,all,score,none,current_step,16,1024,598,32,0.03125,0.05351170568561873,0.024652093648910522,0.013186268974095583,0.9994809627532959,0.9950920343399048,0.0031099707848625258,0.01788938627578318,0.9998114109039307,0,1
independent:k16:masked_max:0.03:all:score:newmax-none:current_step,independent,16,masked_max,0.03,all,score,none,current_step,16,1024,598,34,0.033203125,0.056856187290969896,0.024652093648910522,0.012902104994282126,0.9994809627532959,0.9950920343399048,0.0030903598526492715,0.01760102331172675,0.9998114109039307,0,1
independent:k16:q90:1e-06:all:score:newmax-none:current_step,independent,16,q90,1e-06,all,score,none,current_step,16,1024,598,0,0.0,0.0,0.0,0.0,1.0,0.9999997019767761,0.0,0.0,0.9999998807907104,0,-1
independent:k16:q90:3e-06:all:score:newmax-none:current_step,independent,16,q90,3e-06,all,score,none,current_step,16,1024,598,0,0.0,0.0,0.0,0.0,1.0,0.9999997019767761,0.0,0.0,0.9999998807907104,0,-1
independent:k16:q90:1e-05:all:score:newmax-none:current_step,independent,16,q90,1e-05,all,score,none,current_step,16,1024,598,0,0.0,0.0,0.0,0.0,1.0,0.9999997019767761,0.0,0.0,0.9999998807907104,0,-1
independent:k16:q90:3e-05:all:score:newmax-none:current_step,independent,16,q90,3e-05,all,score,none,current_step,16,1024,598,0,0.0,0.0,0.0,0.0,1.0,0.9999997019767761,0.0,0.0,0.9999998807907104,0,-1
independent:k16:q90:0.0001:all:score:newmax-none:current_step,independent,16,q90,0.0001,all,score,none,current_step,16,1024,598,0,0.0,0.0,0.0,0.0,1.0,0.9999997019767761,0.0,0.0,0.9999998807907104,0,-1
independent:k16:q90:0.0003:all:score:newmax-none:current_step,independent,16,q90,0.0003,all,score,none,current_step,16,1024,598,0,0.0,0.0,0.0,0.0,1.0,0.9999997019767761,0.0,0.0,0.9999998807907104,0,-1
independent:k16:q90:0.001:all:score:newmax-none:current_step,independent,16,q90,0.001,all,score,none,current_step,16,1024,598,0,0.0,0.0,0.0,0.0,1.0,0.9999997019767761,0.0,0.0,0.9999998807907104,0,-1
independent:k16:q90:0.003:all:score:newmax-none:current_step,independent,16,q90,0.003,all,score,none,current_step,16,1024,598,2,0.001953125,0.0033444816053511705,0.003998597152531147,0.00033475691452622414,0.999994695186615,0.9998565316200256,0.0003286242135800421,0.0011136129032820463,0.999995768070221,0,1
independent:k16:q90:0.01:all:score:newmax-none:current_step,independent,16,q90,0.01,all,score,none,current_step,16,1024,598,29,0.0283203125,0.048494983277591976,0.024103105068206787,0.009217091574100778,0.9997259378433228,0.9950920343399048,0.0028685438737738878,0.0138012268289458,0.9998114109039307,0,1
independent:k16:q90:0.03:all:score:newmax-none:current_step,independent,16,q90,0.03,all,score,none,current_step,16,1024,598,55,0.0537109375,0.09197324414715718,0.024103105068206787,0.013739464811806101,0.9996042251586914,0.9950920343399048,0.0029338587482925504,0.018406577182759065,0.9998114109039307,8,1
independent:k16:q95:1e-06:all:score:newmax-none:current_step,independent,16,q95,1e-06,all,score,none,current_step,16,1024,598,0,0.0,0.0,0.0,0.0,1.0,0.9999997019767761,0.0,0.0,0.9999998807907104,0,-1
independent:k16:q95:3e-06:all:score:newmax-none:current_step,independent,16,q95,3e-06,all,score,none,current_step,16,1024,598,0,0.0,0.0,0.0,0.0,1.0,0.9999997019767761,0.0,0.0,0.9999998807907104,0,-1
independent:k16:q95:1e-05:all:score:newmax-none:current_step,independent,16,q95,1e-05,all,score,none,current_step,16,1024,598,0,0.0,0.0,0.0,0.0,1.0,0.9999997019767761,0.0,0.0,0.9999998807907104,0,-1
independent:k16:q95:3e-05:all:score:newmax-none:current_step,independent,16,q95,3e-05,all,score,none,current_step,16,1024,598,0,0.0,0.0,0.0,0.0,1.0,0.9999997019767761,0.0,0.0,0.9999998807907104,0,-1
independent:k16:q95:0.0001:all:score:newmax-none:current_step,independent,16,q95,0.0001,all,score,none,current_step,16,1024,598,0,0.0,0.0,0.0,0.0,1.0,0.9999997019767761,0.0,0.0,0.9999998807907104,0,-1
independent:k16:q95:0.0003:all:score:newmax-none:current_step,independent,16,q95,0.0003,all,score,none,current_step,16,1024,598,0,0.0,0.0,0.0,0.0,1.0,0.9999997019767761,0.0,0.0,0.9999998807907104,0,-1
independent:k16:q95:0.001:all:score:newmax-none:current_step,independent,16,q95,0.001,all,score,none,current_step,16,1024,598,0,0.0,0.0,0.0,0.0,1.0,0.9999997019767761,0.0,0.0,0.9999998807907104,0,-1
independent:k16:q95:0.003:all:score:newmax-none:current_step,independent,16,q95,0.003,all,score,none,current_step,16,1024,598,2,0.001953125,0.0033444816053511705,0.003998597152531147,0.00033475691452622414,0.999994695186615,0.9998565316200256,0.0003286242135800421,0.0011136129032820463,0.999995768070221,0,1
independent:k16:q95:0.01:all:score:newmax-none:current_step,independent,16,q95,0.01,all,score,none,current_step,16,1024,598,28,0.02734375,0.046822742474916385,0.024103105068206787,0.008569030527723953,0.9997745752334595,0.9950920343399048,0.002825805655447766,0.0131336392078083,0.9998114109039307,0,1
independent:k16:q95:0.03:all:score:newmax-none:current_step,independent,16,q95,0.03,all,score,none,current_step,16,1024,598,52,0.05078125,0.08695652173913043,0.024103105068206787,0.013680846146598924,0.9996042251586914,0.9950920343399048,0.0029338587482925504,0.018347958517551888,0.9998114109039307,6,1
independent:k16:q99:1e-06:all:score:newmax-none:current_step,independent,16,q99,1e-06,all,score,none,current_step,16,1024,598,0,0.0,0.0,0.0,0.0,1.0,0.9999997019767761,0.0,0.0,0.9999998807907104,0,-1
independent:k16:q99:3e-06:all:score:newmax-none:current_step,independent,16,q99,3e-06,all,score,none,current_step,16,1024,598,0,0.0,0.0,0.0,0.0,1.0,0.9999997019767761,0.0,0.0,0.9999998807907104,0,-1
independent:k16:q99:1e-05:all:score:newmax-none:current_step,independent,16,q99,1e-05,all,score,none,current_step,16,1024,598,0,0.0,0.0,0.0,0.0,1.0,0.9999997019767761,0.0,0.0,0.9999998807907104,0,-1
independent:k16:q99:3e-05:all:score:newmax-none:current_step,independent,16,q99,3e-05,all,score,none,current_step,16,1024,598,0,0.0,0.0,0.0,0.0,1.0,0.9999997019767761,0.0,0.0,0.9999998807907104,0,-1
independent:k16:q99:0.0001:all:score:newmax-none:current_step,independent,16,q99,0.0001,all,score,none,current_step,16,1024,598,0,0.0,0.0,0.0,0.0,1.0,0.9999997019767761,0.0,0.0,0.9999998807907104,0,-1
independent:k16:q99:0.0003:all:score:newmax-none:current_step,independent,16,q99,0.0003,all,score,none,current_step,16,1024,598,0,0.0,0.0,0.0,0.0,1.0,0.9999997019767761,0.0,0.0,0.9999998807907104,0,-1
independent:k16:q99:0.001:all:score:newmax-none:current_step,independent,16,q99,0.001,all,score,none,current_step,16,1024,598,0,0.0,0.0,0.0,0.0,1.0,0.9999997019767761,0.0,0.0,0.9999998807907104,0,-1
independent:k16:q99:0.003:all:score:newmax-none:current_step,independent,16,q99,0.003,all,score,none,current_step,16,1024,598,1,0.0009765625,0.0016722408026755853,0.0015961630269885063,0.00015648813860025257,0.9999988675117493,0.9999768733978271,0.00015421977150253952,0.000444570992840454,0.9999990463256836,0,1
independent:k16:q99:0.01:all:score:newmax-none:current_step,independent,16,q99,0.01,all,score,none,current_step,16,1024,598,26,0.025390625,0.043478260869565216,0.024103105068206787,0.007268540532095358,0.9997745752334595,0.9950920343399048,0.0027547127392608672,0.011802610562881455,0.9998114109039307,0,1
independent:k16:q99:0.03:all:score:newmax-none:current_step,independent,16,q99,0.03,all,score,none,current_step,16,1024,598,48,0.046875,0.0802675585284281,0.024103105068206787,0.014502634476230014,0.9995234608650208,0.9950920343399048,0.003028059669304639,0.01919101220119046,0.9998114109039307,6,1
independent:k16:sum_all:1e-06:all:score:newmax-none:current_step,independent,16,sum_all,1e-06,all,score,none,current_step,16,1024,598,0,0.0,0.0,0.0,0.0,1.0,0.9999997019767761,0.0,0.0,0.9999998807907104,0,-1
independent:k16:sum_all:3e-06:all:score:newmax-none:current_step,independent,16,sum_all,3e-06,all,score,none,current_step,16,1024,598,0,0.0,0.0,0.0,0.0,1.0,0.9999997019767761,0.0,0.0,0.9999998807907104,0,-1
independent:k16:sum_all:1e-05:all:score:newmax-none:current_step,independent,16,sum_all,1e-05,all,score,none,current_step,16,1024,598,0,0.0,0.0,0.0,0.0,1.0,0.9999997019767761,0.0,0.0,0.9999998807907104,0,-1
independent:k16:sum_all:3e-05:all:score:newmax-none:current_step,independent,16,sum_all,3e-05,all,score,none,current_step,16,1024,598,0,0.0,0.0,0.0,0.0,1.0,0.9999997019767761,0.0,0.0,0.9999998807907104,0,-1
independent:k16:sum_all:0.0001:all:score:newmax-none:current_step,independent,16,sum_all,0.0001,all,score,none,current_step,16,1024,598,0,0.0,0.0,0.0,0.0,1.0,0.9999997019767761,0.0,0.0,0.9999998807907104,0,-1
independent:k16:sum_all:0.0003:all:score:newmax-none:current_step,independent,16,sum_all,0.0003,all,score,none,current_step,16,1024,598,0,0.0,0.0,0.0,0.0,1.0,0.9999997019767761,0.0,0.0,0.9999998807907104,0,-1
independent:k16:sum_all:0.001:all:score:newmax-none:current_step,independent,16,sum_all,0.001,all,score,none,current_step,16,1024,598,0,0.0,0.0,0.0,0.0,1.0,0.9999997019767761,0.0,0.0,0.9999998807907104,0,-1
independent:k16:sum_all:0.003:all:score:newmax-none:current_step,independent,16,sum_all,0.003,all,score,none,current_step,16,1024,598,0,0.0,0.0,0.0,0.0,1.0,0.9999997019767761,0.0,0.0,0.9999998807907104,0,-1
independent:k16:sum_all:0.01:all:score:newmax-none:current_step,independent,16,sum_all,0.01,all,score,none,current_step,16,1024,598,0,0.0,0.0,0.0,0.0,1.0,0.9999997019767761,0.0,0.0,0.9999998807907104,0,-1
independent:k16:sum_all:0.03:all:score:newmax-none:current_step,independent,16,sum_all,0.03,all,score,none,current_step,16,1024,598,0,0.0,0.0,0.0,0.0,1.0,0.9999997019767761,0.0,0.0,0.9999998807907104,0,-1
independent:k16:mean_all:1e-06:all:score:newmax-none:current_step,independent,16,mean_all,1e-06,all,score,none,current_step,16,1024,598,0,0.0,0.0,0.0,0.0,1.0,0.9999997019767761,0.0,0.0,0.9999998807907104,0,-1
independent:k16:mean_all:3e-06:all:score:newmax-none:current_step,independent,16,mean_all,3e-06,all,score,none,current_step,16,1024,598,0,0.0,0.0,0.0,0.0,1.0,0.9999997019767761,0.0,0.0,0.9999998807907104,0,-1
independent:k16:mean_all:1e-05:all:score:newmax-none:current_step,independent,16,mean_all,1e-05,all,score,none,current_step,16,1024,598,0,0.0,0.0,0.0,0.0,1.0,0.9999997019767761,0.0,0.0,0.9999998807907104,0,-1
independent:k16:mean_all:3e-05:all:score:newmax-none:current_step,independent,16,mean_all,3e-05,all,score,none,current_step,16,1024,598,0,0.0,0.0,0.0,0.0,1.0,0.9999997019767761,0.0,0.0,0.9999998807907104,0,-1
independent:k16:mean_all:0.0001:all:score:newmax-none:current_step,independent,16,mean_all,0.0001,all,score,none,current_step,16,1024,598,0,0.0,0.0,0.0,0.0,1.0,0.9999997019767761,0.0,0.0,0.9999998807907104,0,-1
independent:k16:mean_all:0.0003:all:score:newmax-none:current_step,independent,16,mean_all,0.0003,all,score,none,current_step,16,1024,598,0,0.0,0.0,0.0,0.0,1.0,0.9999997019767761,0.0,0.0,0.9999998807907104,0,-1
independent:k16:mean_all:0.001:all:score:newmax-none:current_step,independent,16,mean_all,0.001,all,score,none,current_step,16,1024,598,0,0.0,0.0,0.0,0.0,1.0,0.9999997019767761,0.0,0.0,0.9999998807907104,0,-1
independent:k16:mean_all:0.003:all:score:newmax-none:current_step,independent,16,mean_all,0.003,all,score,none,current_step,16,1024,598,7,0.0068359375,0.011705685618729096,0.010820905677974224,0.0012525198981165886,0.9999340176582336,0.9989697933197021,0.0012386662419885397,0.0030119435396045446,0.9999415874481201,0,1
independent:k16:mean_all:0.01:all:score:newmax-none:current_step,independent,16,mean_all,0.01,all,score,none,current_step,16,1024,598,31,0.0302734375,0.051839464882943144,0.024103105068206787,0.010752315138233826,0.9996042251586914,0.9950920343399048,0.002965349645819515,0.015394922549603507,0.9998114109039307,0,1
independent:k16:mean_all:0.03:all:score:newmax-none:current_step,independent,16,mean_all,0.03,all,score,none,current_step,16,1024,598,61,0.0595703125,0.1020066889632107,0.024103105068206787,0.013598806093796156,0.9996042251586914,0.9950920343399048,0.0029338587482925504,0.01826591846474912,0.9998114109039307,10,1
independent:k16:sum_masked:1e-06:all:score:newmax-none:current_step,independent,16,sum_masked,1e-06,all,score,none,current_step,16,1024,598,21,0.0205078125,0.03511705685618729,0.007029622793197632,0.002093093302391935,0.999973714351654,0.999966025352478,0.0,0.002093093302391935,0.9999998807907104,12,8
independent:k16:sum_masked:3e-06:all:score:newmax-none:current_step,independent,16,sum_masked,3e-06,all,score,none,current_step,16,1024,598,21,0.0205078125,0.03511705685618729,0.007029622793197632,0.002093093302391935,0.999973714351654,0.999966025352478,0.0,0.002093093302391935,0.9999998807907104,12,8
independent:k16:sum_masked:1e-05:all:score:newmax-none:current_step,independent,16,sum_masked,1e-05,all,score,none,current_step,16,1024,598,21,0.0205078125,0.03511705685618729,0.007029622793197632,0.002093093302391935,0.999973714351654,0.999966025352478,0.0,0.002093093302391935,0.9999998807907104,12,8
independent:k16:sum_masked:3e-05:all:score:newmax-none:current_step,independent,16,sum_masked,3e-05,all,score,none,current_step,16,1024,598,21,0.0205078125,0.03511705685618729,0.007029622793197632,0.002093093302391935,0.999973714351654,0.999966025352478,0.0,0.002093093302391935,0.9999998807907104,12,8
independent:k16:sum_masked:0.0001:all:score:newmax-none:current_step,independent,16,sum_masked,0.0001,all,score,none,current_step,16,1024,598,21,0.0205078125,0.03511705685618729,0.007029622793197632,0.002093093302391935,0.999973714351654,0.999966025352478,0.0,0.002093093302391935,0.9999998807907104,12,8
independent:k16:sum_masked:0.0003:all:score:newmax-none:current_step,independent,16,sum_masked,0.0003,all,score,none,current_step,16,1024,598,21,0.0205078125,0.03511705685618729,0.007029622793197632,0.002093093302391935,0.999973714351654,0.999966025352478,0.0,0.002093093302391935,0.9999998807907104,12,8
independent:k16:sum_masked:0.001:all:score:newmax-none:current_step,independent,16,sum_masked,0.001,all,score,none,current_step,16,1024,598,21,0.0205078125,0.03511705685618729,0.007029622793197632,0.002093093302391935,0.999973714351654,0.999966025352478,0.0,0.002093093302391935,0.9999998807907104,12,8
independent:k16:sum_masked:0.003:all:score:newmax-none:current_step,independent,16,sum_masked,0.003,all,score,none,current_step,16,1024,598,27,0.0263671875,0.0451505016722408,0.012625724077224731,0.00562804641231196,0.999879777431488,0.9998622536659241,0.00022521004575537518,0.005680581853084732,0.9999995231628418,12,6
independent:k16:sum_masked:0.01:all:score:newmax-none:current_step,independent,16,sum_masked,0.01,all,score,none,current_step,16,1024,598,39,0.0380859375,0.06521739130434782,0.022544682025909424,0.011860234728374053,0.9995639324188232,0.9995092153549194,0.0007311736117117107,0.012105284091376234,0.9999982118606567,12,4
independent:k16:sum_masked:0.03:all:score:newmax-none:current_step,independent,16,sum_masked,0.03,all,score,none,current_step,16,1024,598,42,0.041015625,0.07023411371237458,0.024652093648910522,0.012992651732929517,0.9994809627532959,0.9994168281555176,0.0008580602734582499,0.01327612536988454,0.999997615814209,12,4
independent:k16:mean_masked:1e-06:all:score:newmax-none:current_step,independent,16,mean_masked,1e-06,all,score,none,current_step,16,1024,598,21,0.0205078125,0.03511705685618729,0.007029622793197632,0.002093093302391935,0.999973714351654,0.999966025352478,0.0,0.002093093302391935,0.9999998807907104,12,8
independent:k16:mean_masked:3e-06:all:score:newmax-none:current_step,independent,16,mean_masked,3e-06,all,score,none,current_step,16,1024,598,21,0.0205078125,0.03511705685618729,0.007029622793197632,0.002093093302391935,0.999973714351654,0.999966025352478,0.0,0.002093093302391935,0.9999998807907104,12,8
independent:k16:mean_masked:1e-05:all:score:newmax-none:current_step,independent,16,mean_masked,1e-05,all,score,none,current_step,16,1024,598,21,0.0205078125,0.03511705685618729,0.007029622793197632,0.002093093302391935,0.999973714351654,0.999966025352478,0.0,0.002093093302391935,0.9999998807907104,12,8
independent:k16:mean_masked:3e-05:all:score:newmax-none:current_step,independent,16,mean_masked,3e-05,all,score,none,current_step,16,1024,598,21,0.0205078125,0.03511705685618729,0.007029622793197632,0.002093093302391935,0.999973714351654,0.999966025352478,0.0,0.002093093302391935,0.9999998807907104,12,8
independent:k16:mean_masked:0.0001:all:score:newmax-none:current_step,independent,16,mean_masked,0.0001,all,score,none,current_step,16,1024,598,21,0.0205078125,0.03511705685618729,0.007029622793197632,0.002093093302391935,0.999973714351654,0.999966025352478,0.0,0.002093093302391935,0.9999998807907104,12,8
independent:k16:mean_masked:0.0003:all:score:newmax-none:current_step,independent,16,mean_masked,0.0003,all,score,none,current_step,16,1024,598,21,0.0205078125,0.03511705685618729,0.007029622793197632,0.002093093302391935,0.999973714351654,0.999966025352478,0.0,0.002093093302391935,0.9999998807907104,12,8
independent:k16:mean_masked:0.001:all:score:newmax-none:current_step,independent,16,mean_masked,0.001,all,score,none,current_step,16,1024,598,25,0.0244140625,0.04180602006688963,0.007029622793197632,0.004161089142144192,0.999973714351654,0.999966025352478,0.00013366100029088557,0.0042022493507829495,0.9999997615814209,12,5
independent:k16:mean_masked:0.003:all:score:newmax-none:current_step,independent,16,mean_masked,0.003,all,score,none,current_step,16,1024,598,48,0.046875,0.0802675585284281,0.022544682025909424,0.013723618649237324,0.9995639324188232,0.9974746704101562,0.0023912527976790443,0.017075896794267464,0.9998986721038818,12,1
independent:k16:mean_masked:0.01:all:score:newmax-none:current_step,independent,16,mean_masked,0.01,all,score,none,current_step,16,1024,598,53,0.0517578125,0.08862876254180602,0.024652093648910522,0.015279362276487518,0.9994809627532959,0.9950920343399048,0.0031099707848625258,0.019982479578175116,0.9998114109039307,12,1
independent:k16:mean_masked:0.03:all:score:newmax-none:current_step,independent,16,mean_masked,0.03,all,score,none,current_step,16,1024,598,56,0.0546875,0.09364548494983277,0.024103105068206787,0.01483060193277197,0.9995234608650208,0.9950920343399048,0.003075704997172579,0.019524683426425327,0.9998114109039307,12,1
independent:k16:sum_mixed:1e-06:all:score:newmax-none:current_step,independent,16,sum_mixed,1e-06,all,score,none,current_step,16,1024,598,0,0.0,0.0,0.0,0.0,1.0,0.9999997019767761,0.0,0.0,0.9999998807907104,0,-1
independent:k16:sum_mixed:3e-06:all:score:newmax-none:current_step,independent,16,sum_mixed,3e-06,all,score,none,current_step,16,1024,598,0,0.0,0.0,0.0,0.0,1.0,0.9999997019767761,0.0,0.0,0.9999998807907104,0,-1
independent:k16:sum_mixed:1e-05:all:score:newmax-none:current_step,independent,16,sum_mixed,1e-05,all,score,none,current_step,16,1024,598,0,0.0,0.0,0.0,0.0,1.0,0.9999997019767761,0.0,0.0,0.9999998807907104,0,-1
independent:k16:sum_mixed:3e-05:all:score:newmax-none:current_step,independent,16,sum_mixed,3e-05,all,score,none,current_step,16,1024,598,0,0.0,0.0,0.0,0.0,1.0,0.9999997019767761,0.0,0.0,0.9999998807907104,0,-1
independent:k16:sum_mixed:0.0001:all:score:newmax-none:current_step,independent,16,sum_mixed,0.0001,all,score,none,current_step,16,1024,598,0,0.0,0.0,0.0,0.0,1.0,0.9999997019767761,0.0,0.0,0.9999998807907104,0,-1
independent:k16:sum_mixed:0.0003:all:score:newmax-none:current_step,independent,16,sum_mixed,0.0003,all,score,none,current_step,16,1024,598,0,0.0,0.0,0.0,0.0,1.0,0.9999997019767761,0.0,0.0,0.9999998807907104,0,-1
independent:k16:sum_mixed:0.001:all:score:newmax-none:current_step,independent,16,sum_mixed,0.001,all,score,none,current_step,16,1024,598,0,0.0,0.0,0.0,0.0,1.0,0.9999997019767761,0.0,0.0,0.9999998807907104,0,-1
independent:k16:sum_mixed:0.003:all:score:newmax-none:current_step,independent,16,sum_mixed,0.003,all,score,none,current_step,16,1024,598,0,0.0,0.0,0.0,0.0,1.0,0.9999997019767761,0.0,0.0,0.9999998807907104,0,-1
independent:k16:sum_mixed:0.01:all:score:newmax-none:current_step,independent,16,sum_mixed,0.01,all,score,none,current_step,16,1024,598,0,0.0,0.0,0.0,0.0,1.0,0.9999997019767761,0.0,0.0,0.9999998807907104,0,-1
independent:k16:sum_mixed:0.03:all:score:newmax-none:current_step,independent,16,sum_mixed,0.03,all,score,none,current_step,16,1024,598,0,0.0,0.0,0.0,0.0,1.0,0.9999997019767761,0.0,0.0,0.9999998807907104,0,-1
independent:k16:mean_mixed:1e-06:all:score:newmax-none:current_step,independent,16,mean_mixed,1e-06,all,score,none,current_step,16,1024,598,0,0.0,0.0,0.0,0.0,1.0,0.9999997019767761,0.0,0.0,0.9999998807907104,0,-1
independent:k16:mean_mixed:3e-06:all:score:newmax-none:current_step,independent,16,mean_mixed,3e-06,all,score,none,current_step,16,1024,598,0,0.0,0.0,0.0,0.0,1.0,0.9999997019767761,0.0,0.0,0.9999998807907104,0,-1
independent:k16:mean_mixed:1e-05:all:score:newmax-none:current_step,independent,16,mean_mixed,1e-05,all,score,none,current_step,16,1024,598,0,0.0,0.0,0.0,0.0,1.0,0.9999997019767761,0.0,0.0,0.9999998807907104,0,-1
independent:k16:mean_mixed:3e-05:all:score:newmax-none:current_step,independent,16,mean_mixed,3e-05,all,score,none,current_step,16,1024,598,0,0.0,0.0,0.0,0.0,1.0,0.9999997019767761,0.0,0.0,0.9999998807907104,0,-1
independent:k16:mean_mixed:0.0001:all:score:newmax-none:current_step,independent,16,mean_mixed,0.0001,all,score,none,current_step,16,1024,598,0,0.0,0.0,0.0,0.0,1.0,0.9999997019767761,0.0,0.0,0.9999998807907104,0,-1
independent:k16:mean_mixed:0.0003:all:score:newmax-none:current_step,independent,16,mean_mixed,0.0003,all,score,none,current_step,16,1024,598,0,0.0,0.0,0.0,0.0,1.0,0.9999997019767761,0.0,0.0,0.9999998807907104,0,-1
independent:k16:mean_mixed:0.001:all:score:newmax-none:current_step,independent,16,mean_mixed,0.001,all,score,none,current_step,16,1024,598,0,0.0,0.0,0.0,0.0,1.0,0.9999997019767761,0.0,0.0,0.9999998807907104,0,-1
independent:k16:mean_mixed:0.003:all:score:newmax-none:current_step,independent,16,mean_mixed,0.003,all,score,none,current_step,16,1024,598,8,0.0078125,0.013377926421404682,0.013433926738798618,0.0014544384321197867,0.9999099969863892,0.9984235167503357,0.0014364406233653426,0.0037401621229946613,0.9999216794967651,0,1
independent:k16:mean_mixed:0.01:all:score:newmax-none:current_step,independent,16,mean_mixed,0.01,all,score,none,current_step,16,1024,598,31,0.0302734375,0.051839464882943144,0.024103105068206787,0.010752315138233826,0.9996042251586914,0.9950920343399048,0.002965349645819515,0.015394922549603507,0.9998114109039307,0,1
independent:k16:mean_mixed:0.03:all:score:newmax-none:current_step,independent,16,mean_mixed,0.03,all,score,none,current_step,16,1024,598,61,0.0595703125,0.1020066889632107,0.024103105068206787,0.013598806093796156,0.9996042251586914,0.9950920343399048,0.0029338587482925504,0.01826591846474912,0.9998114109039307,10,1
cumulative:k1:all_max:0.0001:all:score:newmax-none:current_step,cumulative,1,all_max,0.0001,all,score,none,current_step,16,1024,598,0,0.0,0.0,0.0,0.0,1.0,0.9999997019767761,0.0,0.0,0.9999998807907104,0,-1
cumulative:k1:all_max:0.0001:all:traversal:newmax-none:current_step,cumulative,1,all_max,0.0001,all,traversal,none,current_step,16,1024,598,0,0.0,0.0,0.0,0.0,1.0,0.9999997019767761,0.0,0.0,0.9999998807907104,0,-1
cumulative:k1:all_max:0.0001:all:masked_mass:newmax-none:current_step,cumulative,1,all_max,0.0001,all,masked_mass,none,current_step,16,1024,598,0,0.0,0.0,0.0,0.0,1.0,0.9999997019767761,0.0,0.0,0.9999998807907104,0,-1
cumulative:k1:all_max:0.0003:all:score:newmax-none:current_step,cumulative,1,all_max,0.0003,all,score,none,current_step,16,1024,598,0,0.0,0.0,0.0,0.0,1.0,0.9999997019767761,0.0,0.0,0.9999998807907104,0,-1
cumulative:k1:all_max:0.0003:all:traversal:newmax-none:current_step,cumulative,1,all_max,0.0003,all,traversal,none,current_step,16,1024,598,0,0.0,0.0,0.0,0.0,1.0,0.9999997019767761,0.0,0.0,0.9999998807907104,0,-1
cumulative:k1:all_max:0.0003:all:masked_mass:newmax-none:current_step,cumulative,1,all_max,0.0003,all,masked_mass,none,current_step,16,1024,598,0,0.0,0.0,0.0,0.0,1.0,0.9999997019767761,0.0,0.0,0.9999998807907104,0,-1
cumulative:k1:all_max:0.001:all:score:newmax-none:current_step,cumulative,1,all_max,0.001,all,score,none,current_step,16,1024,598,0,0.0,0.0,0.0,0.0,1.0,0.9999997019767761,0.0,0.0,0.9999998807907104,0,-1
cumulative:k1:all_max:0.001:all:traversal:newmax-none:current_step,cumulative,1,all_max,0.001,all,traversal,none,current_step,16,1024,598,0,0.0,0.0,0.0,0.0,1.0,0.9999997019767761,0.0,0.0,0.9999998807907104,0,-1
cumulative:k1:all_max:0.001:all:masked_mass:newmax-none:current_step,cumulative,1,all_max,0.001,all,masked_mass,none,current_step,16,1024,598,0,0.0,0.0,0.0,0.0,1.0,0.9999997019767761,0.0,0.0,0.9999998807907104,0,-1
cumulative:k1:all_max:0.003:all:score:newmax-none:current_step,cumulative,1,all_max,0.003,all,score,none,current_step,16,1024,598,0,0.0,0.0,0.0,0.0,1.0,0.9999997019767761,0.0,0.0,0.9999998807907104,0,-1
cumulative:k1:all_max:0.003:all:traversal:newmax-none:current_step,cumulative,1,all_max,0.003,all,traversal,none,current_step,16,1024,598,0,0.0,0.0,0.0,0.0,1.0,0.9999997019767761,0.0,0.0,0.9999998807907104,0,-1
cumulative:k1:all_max:0.003:all:masked_mass:newmax-none:current_step,cumulative,1,all_max,0.003,all,masked_mass,none,current_step,16,1024,598,0,0.0,0.0,0.0,0.0,1.0,0.9999997019767761,0.0,0.0,0.9999998807907104,0,-1
cumulative:k1:all_max:0.01:all:score:newmax-none:current_step,cumulative,1,all_max,0.01,all,score,none,current_step,16,1024,598,1,0.0009765625,0.0016722408026755853,0.0014911293983459473,0.0001778872829163447,0.9999986290931702,0.9999898076057434,0.00017695633869152516,0.0002961176505777985,0.9999988079071045,0,1
cumulative:k1:all_max:0.01:all:traversal:newmax-none:current_step,cumulative,1,all_max,0.01,all,traversal,none,current_step,16,1024,598,1,0.0009765625,0.0016722408026755853,0.0013690590858459473,0.00019277948013041168,0.9999984502792358,0.9999855756759644,0.0001915225147968158,0.0003524172934703529,0.9999985098838806,0,1
cumulative:k1:all_max:0.01:all:masked_mass:newmax-none:current_step,cumulative,1,all_max,0.01,all,masked_mass,none,current_step,16,1024,598,1,0.0009765625,0.0016722408026755853,0.0012271106243133545,0.0001581428077770397,0.999998927116394,0.9999863505363464,0.00015669639105908573,0.00034183927346020937,0.9999989867210388,0,1
cumulative:k1:all_max:0.03:all:score:newmax-none:current_step,cumulative,1,all_max,0.03,all,score,none,current_step,16,1024,598,5,0.0048828125,0.008361204013377926,0.0039011240005493164,0.000886631038156338,0.9999884366989136,0.9998847246170044,0.0005535691052500624,0.0013594836636912078,0.9999891519546509,0,1
cumulative:k1:all_max:0.03:all:traversal:newmax-none:current_step,cumulative,1,all_max,0.03,all,traversal,none,current_step,16,1024,598,5,0.0048828125,0.008361204013377926,0.004702501930296421,0.0009282748360419646,0.9999859929084778,0.9998022317886353,0.0005930907682341058,0.0016706362075638026,0.9999874830245972,0,1
cumulative:k1:all_max:0.03:all:masked_mass:newmax-none:current_step,cumulative,1,all_max,0.03,all,masked_mass,none,current_step,16,1024,598,4,0.00390625,0.006688963210702341,0.003998597152531147,0.0006914494588272646,0.999994695186615,0.9998565316200256,0.0003559368669812102,0.0014755336742382497,0.999995768070221,0,1
cumulative:k1:veto_max:0.0001:all:score:newmax-none:current_step,cumulative,1,veto_max,0.0001,all,score,none,current_step,16,1024,598,0,0.0,0.0,0.0,0.0,1.0,0.9999997019767761,0.0,0.0,0.9999998807907104,0,-1
cumulative:k1:veto_max:0.0001:all:traversal:newmax-none:current_step,cumulative,1,veto_max,0.0001,all,traversal,none,current_step,16,1024,598,0,0.0,0.0,0.0,0.0,1.0,0.9999997019767761,0.0,0.0,0.9999998807907104,0,-1
cumulative:k1:veto_max:0.0001:all:masked_mass:newmax-none:current_step,cumulative,1,veto_max,0.0001,all,masked_mass,none,current_step,16,1024,598,0,0.0,0.0,0.0,0.0,1.0,0.9999997019767761,0.0,0.0,0.9999998807907104,0,-1
cumulative:k1:veto_max:0.0003:all:score:newmax-none:current_step,cumulative,1,veto_max,0.0003,all,score,none,current_step,16,1024,598,0,0.0,0.0,0.0,0.0,1.0,0.9999997019767761,0.0,0.0,0.9999998807907104,0,-1
cumulative:k1:veto_max:0.0003:all:traversal:newmax-none:current_step,cumulative,1,veto_max,0.0003,all,traversal,none,current_step,16,1024,598,0,0.0,0.0,0.0,0.0,1.0,0.9999997019767761,0.0,0.0,0.9999998807907104,0,-1
cumulative:k1:veto_max:0.0003:all:masked_mass:newmax-none:current_step,cumulative,1,veto_max,0.0003,all,masked_mass,none,current_step,16,1024,598,0,0.0,0.0,0.0,0.0,1.0,0.9999997019767761,0.0,0.0,0.9999998807907104,0,-1
cumulative:k1:veto_max:0.001:all:score:newmax-none:current_step,cumulative,1,veto_max,0.001,all,score,none,current_step,16,1024,598,0,0.0,0.0,0.0,0.0,1.0,0.9999997019767761,0.0,0.0,0.9999998807907104,0,-1
cumulative:k1:veto_max:0.001:all:traversal:newmax-none:current_step,cumulative,1,veto_max,0.001,all,traversal,none,current_step,16,1024,598,0,0.0,0.0,0.0,0.0,1.0,0.9999997019767761,0.0,0.0,0.9999998807907104,0,-1
cumulative:k1:veto_max:0.001:all:masked_mass:newmax-none:current_step,cumulative,1,veto_max,0.001,all,masked_mass,none,current_step,16,1024,598,0,0.0,0.0,0.0,0.0,1.0,0.9999997019767761,0.0,0.0,0.9999998807907104,0,-1
cumulative:k1:veto_max:0.003:all:score:newmax-none:current_step,cumulative,1,veto_max,0.003,all,score,none,current_step,16,1024,598,0,0.0,0.0,0.0,0.0,1.0,0.9999997019767761,0.0,0.0,0.9999998807907104,0,-1
cumulative:k1:veto_max:0.003:all:traversal:newmax-none:current_step,cumulative,1,veto_max,0.003,all,traversal,none,current_step,16,1024,598,0,0.0,0.0,0.0,0.0,1.0,0.9999997019767761,0.0,0.0,0.9999998807907104,0,-1
cumulative:k1:veto_max:0.003:all:masked_mass:newmax-none:current_step,cumulative,1,veto_max,0.003,all,masked_mass,none,current_step,16,1024,598,0,0.0,0.0,0.0,0.0,1.0,0.9999997019767761,0.0,0.0,0.9999998807907104,0,-1
cumulative:k1:veto_max:0.01:all:score:newmax-none:current_step,cumulative,1,veto_max,0.01,all,score,none,current_step,16,1024,598,1,0.0009765625,0.0016722408026755853,0.0014911293983459473,0.0001778872829163447,0.9999986290931702,0.9999898076057434,0.00017695633869152516,0.0002961176505777985,0.9999988079071045,0,1
cumulative:k1:veto_max:0.01:all:traversal:newmax-none:current_step,cumulative,1,veto_max,0.01,all,traversal,none,current_step,16,1024,598,1,0.0009765625,0.0016722408026755853,0.0013690590858459473,0.00019277948013041168,0.9999984502792358,0.9999855756759644,0.0001915225147968158,0.0003524172934703529,0.9999985098838806,0,1
cumulative:k1:veto_max:0.01:all:masked_mass:newmax-none:current_step,cumulative,1,veto_max,0.01,all,masked_mass,none,current_step,16,1024,598,1,0.0009765625,0.0016722408026755853,0.0012271106243133545,0.0001581428077770397,0.999998927116394,0.9999863505363464,0.00015669639105908573,0.00034183927346020937,0.9999989867210388,0,1
cumulative:k1:veto_max:0.03:all:score:newmax-none:current_step,cumulative,1,veto_max,0.03,all,score,none,current_step,16,1024,598,5,0.0048828125,0.008361204013377926,0.0039011240005493164,0.000886631038156338,0.9999884366989136,0.9998847246170044,0.0005535691052500624,0.0013594836636912078,0.9999891519546509,0,1
cumulative:k1:veto_max:0.03:all:traversal:newmax-none:current_step,cumulative,1,veto_max,0.03,all,traversal,none,current_step,16,1024,598,5,0.0048828125,0.008361204013377926,0.004702501930296421,0.0009282748360419646,0.9999859929084778,0.9998022317886353,0.0005930907682341058,0.0016706362075638026,0.9999874830245972,0,1
cumulative:k1:veto_max:0.03:all:masked_mass:newmax-none:current_step,cumulative,1,veto_max,0.03,all,masked_mass,none,current_step,16,1024,598,4,0.00390625,0.006688963210702341,0.003998597152531147,0.0006914494588272646,0.999994695186615,0.9998565316200256,0.0003559368669812102,0.0014755336742382497,0.999995768070221,0,1
cumulative:k1:masked_max:0.0001:all:score:newmax-none:current_step,cumulative,1,masked_max,0.0001,all,score,none,current_step,16,1024,598,0,0.0,0.0,0.0,0.0,1.0,0.9999997019767761,0.0,0.0,0.9999998807907104,0,-1
cumulative:k1:masked_max:0.0001:all:traversal:newmax-none:current_step,cumulative,1,masked_max,0.0001,all,traversal,none,current_step,16,1024,598,0,0.0,0.0,0.0,0.0,1.0,0.9999997019767761,0.0,0.0,0.9999998807907104,0,-1
cumulative:k1:masked_max:0.0001:all:masked_mass:newmax-none:current_step,cumulative,1,masked_max,0.0001,all,masked_mass,none,current_step,16,1024,598,0,0.0,0.0,0.0,0.0,1.0,0.9999997019767761,0.0,0.0,0.9999998807907104,0,-1
cumulative:k1:masked_max:0.0003:all:score:newmax-none:current_step,cumulative,1,masked_max,0.0003,all,score,none,current_step,16,1024,598,0,0.0,0.0,0.0,0.0,1.0,0.9999997019767761,0.0,0.0,0.9999998807907104,0,-1
cumulative:k1:masked_max:0.0003:all:traversal:newmax-none:current_step,cumulative,1,masked_max,0.0003,all,traversal,none,current_step,16,1024,598,0,0.0,0.0,0.0,0.0,1.0,0.9999997019767761,0.0,0.0,0.9999998807907104,0,-1
cumulative:k1:masked_max:0.0003:all:masked_mass:newmax-none:current_step,cumulative,1,masked_max,0.0003,all,masked_mass,none,current_step,16,1024,598,0,0.0,0.0,0.0,0.0,1.0,0.9999997019767761,0.0,0.0,0.9999998807907104,0,-1
cumulative:k1:masked_max:0.001:all:score:newmax-none:current_step,cumulative,1,masked_max,0.001,all,score,none,current_step,16,1024,598,0,0.0,0.0,0.0,0.0,1.0,0.9999997019767761,0.0,0.0,0.9999998807907104,0,-1
cumulative:k1:masked_max:0.001:all:traversal:newmax-none:current_step,cumulative,1,masked_max,0.001,all,traversal,none,current_step,16,1024,598,0,0.0,0.0,0.0,0.0,1.0,0.9999997019767761,0.0,0.0,0.9999998807907104,0,-1
cumulative:k1:masked_max:0.001:all:masked_mass:newmax-none:current_step,cumulative,1,masked_max,0.001,all,masked_mass,none,current_step,16,1024,598,0,0.0,0.0,0.0,0.0,1.0,0.9999997019767761,0.0,0.0,0.9999998807907104,0,-1
cumulative:k1:masked_max:0.003:all:score:newmax-none:current_step,cumulative,1,masked_max,0.003,all,score,none,current_step,16,1024,598,0,0.0,0.0,0.0,0.0,1.0,0.9999997019767761,0.0,0.0,0.9999998807907104,0,-1
cumulative:k1:masked_max:0.003:all:traversal:newmax-none:current_step,cumulative,1,masked_max,0.003,all,traversal,none,current_step,16,1024,598,0,0.0,0.0,0.0,0.0,1.0,0.9999997019767761,0.0,0.0,0.9999998807907104,0,-1
cumulative:k1:masked_max:0.003:all:masked_mass:newmax-none:current_step,cumulative,1,masked_max,0.003,all,masked_mass,none,current_step,16,1024,598,0,0.0,0.0,0.0,0.0,1.0,0.9999997019767761,0.0,0.0,0.9999998807907104,0,-1
cumulative:k1:masked_max:0.01:all:score:newmax-none:current_step,cumulative,1,masked_max,0.01,all,score,none,current_step,16,1024,598,1,0.0009765625,0.0016722408026755853,0.0012271106243133545,0.0001581428077770397,0.999998927116394,0.9999863505363464,0.00015669639105908573,0.00034183927346020937,0.9999989867210388,0,1
cumulative:k1:masked_max:0.01:all:traversal:newmax-none:current_step,cumulative,1,masked_max,0.01,all,traversal,none,current_step,16,1024,598,1,0.0009765625,0.0016722408026755853,0.0013690590858459473,0.00019277948013041168,0.9999984502792358,0.9999855756759644,0.0001915225147968158,0.0003524172934703529,0.9999985098838806,0,1
cumulative:k1:masked_max:0.01:all:masked_mass:newmax-none:current_step,cumulative,1,masked_max,0.01,all,masked_mass,none,current_step,16,1024,598,1,0.0009765625,0.0016722408026755853,0.0012271106243133545,0.0001581428077770397,0.999998927116394,0.9999863505363464,0.00015669639105908573,0.00034183927346020937,0.9999989867210388,0,1
cumulative:k1:masked_max:0.03:all:score:newmax-none:current_step,cumulative,1,masked_max,0.03,all,score,none,current_step,16,1024,598,4,0.00390625,0.006688963210702341,0.003998597152531147,0.0006914494588272646,0.999994695186615,0.9998565316200256,0.0003559368669812102,0.0014755336742382497,0.999995768070221,0,1
cumulative:k1:masked_max:0.03:all:traversal:newmax-none:current_step,cumulative,1,masked_max,0.03,all,traversal,none,current_step,16,1024,598,5,0.0048828125,0.008361204013377926,0.004702501930296421,0.0009282748360419646,0.9999859929084778,0.9998022317886353,0.0005930907682341058,0.0016706362075638026,0.9999874830245972,0,1
cumulative:k1:masked_max:0.03:all:masked_mass:newmax-none:current_step,cumulative,1,masked_max,0.03,all,masked_mass,none,current_step,16,1024,598,4,0.00390625,0.006688963210702341,0.003998597152531147,0.0006914494588272646,0.999994695186615,0.9998565316200256,0.0003559368669812102,0.0014755336742382497,0.999995768070221,0,1
cumulative:k1:q99:0.0001:all:score:newmax-none:current_step,cumulative,1,q99,0.0001,all,score,none,current_step,16,1024,598,0,0.0,0.0,0.0,0.0,1.0,0.9999997019767761,0.0,0.0,0.9999998807907104,0,-1
cumulative:k1:q99:0.0001:all:traversal:newmax-none:current_step,cumulative,1,q99,0.0001,all,traversal,none,current_step,16,1024,598,0,0.0,0.0,0.0,0.0,1.0,0.9999997019767761,0.0,0.0,0.9999998807907104,0,-1
cumulative:k1:q99:0.0001:all:masked_mass:newmax-none:current_step,cumulative,1,q99,0.0001,all,masked_mass,none,current_step,16,1024,598,0,0.0,0.0,0.0,0.0,1.0,0.9999997019767761,0.0,0.0,0.9999998807907104,0,-1
cumulative:k1:q99:0.0003:all:score:newmax-none:current_step,cumulative,1,q99,0.0003,all,score,none,current_step,16,1024,598,0,0.0,0.0,0.0,0.0,1.0,0.9999997019767761,0.0,0.0,0.9999998807907104,0,-1
cumulative:k1:q99:0.0003:all:traversal:newmax-none:current_step,cumulative,1,q99,0.0003,all,traversal,none,current_step,16,1024,598,0,0.0,0.0,0.0,0.0,1.0,0.9999997019767761,0.0,0.0,0.9999998807907104,0,-1
cumulative:k1:q99:0.0003:all:masked_mass:newmax-none:current_step,cumulative,1,q99,0.0003,all,masked_mass,none,current_step,16,1024,598,0,0.0,0.0,0.0,0.0,1.0,0.9999997019767761,0.0,0.0,0.9999998807907104,0,-1
cumulative:k1:q99:0.001:all:score:newmax-none:current_step,cumulative,1,q99,0.001,all,score,none,current_step,16,1024,598,0,0.0,0.0,0.0,0.0,1.0,0.9999997019767761,0.0,0.0,0.9999998807907104,0,-1
cumulative:k1:q99:0.001:all:traversal:newmax-none:current_step,cumulative,1,q99,0.001,all,traversal,none,current_step,16,1024,598,0,0.0,0.0,0.0,0.0,1.0,0.9999997019767761,0.0,0.0,0.9999998807907104,0,-1
cumulative:k1:q99:0.001:all:masked_mass:newmax-none:current_step,cumulative,1,q99,0.001,all,masked_mass,none,current_step,16,1024,598,0,0.0,0.0,0.0,0.0,1.0,0.9999997019767761,0.0,0.0,0.9999998807907104,0,-1
cumulative:k1:q99:0.003:all:score:newmax-none:current_step,cumulative,1,q99,0.003,all,score,none,current_step,16,1024,598,0,0.0,0.0,0.0,0.0,1.0,0.9999997019767761,0.0,0.0,0.9999998807907104,0,-1
cumulative:k1:q99:0.003:all:traversal:newmax-none:current_step,cumulative,1,q99,0.003,all,traversal,none,current_step,16,1024,598,0,0.0,0.0,0.0,0.0,1.0,0.9999997019767761,0.0,0.0,0.9999998807907104,0,-1
cumulative:k1:q99:0.003:all:masked_mass:newmax-none:current_step,cumulative,1,q99,0.003,all,masked_mass,none,current_step,16,1024,598,0,0.0,0.0,0.0,0.0,1.0,0.9999997019767761,0.0,0.0,0.9999998807907104,0,-1
cumulative:k1:q99:0.01:all:score:newmax-none:current_step,cumulative,1,q99,0.01,all,score,none,current_step,16,1024,598,1,0.0009765625,0.0016722408026755853,0.0012271106243133545,0.0001581428077770397,0.999998927116394,0.9999863505363464,0.00015669639105908573,0.00034183927346020937,0.9999989867210388,0,1
cumulative:k1:q99:0.01:all:traversal:newmax-none:current_step,cumulative,1,q99,0.01,all,traversal,none,current_step,16,1024,598,1,0.0009765625,0.0016722408026755853,0.0013690590858459473,0.00019277948013041168,0.9999984502792358,0.9999855756759644,0.0001915225147968158,0.0003524172934703529,0.9999985098838806,0,1
cumulative:k1:q99:0.01:all:masked_mass:newmax-none:current_step,cumulative,1,q99,0.01,all,masked_mass,none,current_step,16,1024,598,1,0.0009765625,0.0016722408026755853,0.0012271106243133545,0.0001581428077770397,0.999998927116394,0.9999863505363464,0.00015669639105908573,0.00034183927346020937,0.9999989867210388,0,1
cumulative:k1:q99:0.03:all:score:newmax-none:current_step,cumulative,1,q99,0.03,all,score,none,current_step,16,1024,598,4,0.00390625,0.006688963210702341,0.003998597152531147,0.0006914494588272646,0.999994695186615,0.9998565316200256,0.0003559368669812102,0.0014755336742382497,0.999995768070221,0,1
cumulative:k1:q99:0.03:all:traversal:newmax-none:current_step,cumulative,1,q99,0.03,all,traversal,none,current_step,16,1024,598,5,0.0048828125,0.008361204013377926,0.004702501930296421,0.0009282748360419646,0.9999859929084778,0.9998022317886353,0.0005930907682341058,0.0016706362075638026,0.9999874830245972,0,1
cumulative:k1:q99:0.03:all:masked_mass:newmax-none:current_step,cumulative,1,q99,0.03,all,masked_mass,none,current_step,16,1024,598,4,0.00390625,0.006688963210702341,0.003998597152531147,0.0006914494588272646,0.999994695186615,0.9998565316200256,0.0003559368669812102,0.0014755336742382497,0.999995768070221,0,1
cumulative:k1:sum_masked:0.0001:all:score:newmax-none:current_step,cumulative,1,sum_masked,0.0001,all,score,none,current_step,16,1024,598,0,0.0,0.0,0.0,0.0,1.0,0.9999997019767761,0.0,0.0,0.9999998807907104,0,-1
cumulative:k1:sum_masked:0.0001:all:traversal:newmax-none:current_step,cumulative,1,sum_masked,0.0001,all,traversal,none,current_step,16,1024,598,0,0.0,0.0,0.0,0.0,1.0,0.9999997019767761,0.0,0.0,0.9999998807907104,0,-1
cumulative:k1:sum_masked:0.0001:all:masked_mass:newmax-none:current_step,cumulative,1,sum_masked,0.0001,all,masked_mass,none,current_step,16,1024,598,0,0.0,0.0,0.0,0.0,1.0,0.9999997019767761,0.0,0.0,0.9999998807907104,0,-1
cumulative:k1:sum_masked:0.0003:all:score:newmax-none:current_step,cumulative,1,sum_masked,0.0003,all,score,none,current_step,16,1024,598,0,0.0,0.0,0.0,0.0,1.0,0.9999997019767761,0.0,0.0,0.9999998807907104,0,-1
cumulative:k1:sum_masked:0.0003:all:traversal:newmax-none:current_step,cumulative,1,sum_masked,0.0003,all,traversal,none,current_step,16,1024,598,0,0.0,0.0,0.0,0.0,1.0,0.9999997019767761,0.0,0.0,0.9999998807907104,0,-1
cumulative:k1:sum_masked:0.0003:all:masked_mass:newmax-none:current_step,cumulative,1,sum_masked,0.0003,all,masked_mass,none,current_step,16,1024,598,0,0.0,0.0,0.0,0.0,1.0,0.9999997019767761,0.0,0.0,0.9999998807907104,0,-1
cumulative:k1:sum_masked:0.001:all:score:newmax-none:current_step,cumulative,1,sum_masked,0.001,all,score,none,current_step,16,1024,598,0,0.0,0.0,0.0,0.0,1.0,0.9999997019767761,0.0,0.0,0.9999998807907104,0,-1
cumulative:k1:sum_masked:0.001:all:traversal:newmax-none:current_step,cumulative,1,sum_masked,0.001,all,traversal,none,current_step,16,1024,598,0,0.0,0.0,0.0,0.0,1.0,0.9999997019767761,0.0,0.0,0.9999998807907104,0,-1
cumulative:k1:sum_masked:0.001:all:masked_mass:newmax-none:current_step,cumulative,1,sum_masked,0.001,all,masked_mass,none,current_step,16,1024,598,0,0.0,0.0,0.0,0.0,1.0,0.9999997019767761,0.0,0.0,0.9999998807907104,0,-1
cumulative:k1:sum_masked:0.003:all:score:newmax-none:current_step,cumulative,1,sum_masked,0.003,all,score,none,current_step,16,1024,598,0,0.0,0.0,0.0,0.0,1.0,0.9999997019767761,0.0,0.0,0.9999998807907104,0,-1
cumulative:k1:sum_masked:0.003:all:traversal:newmax-none:current_step,cumulative,1,sum_masked,0.003,all,traversal,none,current_step,16,1024,598,0,0.0,0.0,0.0,0.0,1.0,0.9999997019767761,0.0,0.0,0.9999998807907104,0,-1
cumulative:k1:sum_masked:0.003:all:masked_mass:newmax-none:current_step,cumulative,1,sum_masked,0.003,all,masked_mass,none,current_step,16,1024,598,0,0.0,0.0,0.0,0.0,1.0,0.9999997019767761,0.0,0.0,0.9999998807907104,0,-1
cumulative:k1:sum_masked:0.01:all:score:newmax-none:current_step,cumulative,1,sum_masked,0.01,all,score,none,current_step,16,1024,598,1,0.0009765625,0.0016722408026755853,0.0012271106243133545,0.0001581428077770397,0.999998927116394,0.9999863505363464,0.00015669639105908573,0.00034183927346020937,0.9999989867210388,0,1
cumulative:k1:sum_masked:0.01:all:traversal:newmax-none:current_step,cumulative,1,sum_masked,0.01,all,traversal,none,current_step,16,1024,598,1,0.0009765625,0.0016722408026755853,0.0013690590858459473,0.00019277948013041168,0.9999984502792358,0.9999855756759644,0.0001915225147968158,0.0003524172934703529,0.9999985098838806,0,1
cumulative:k1:sum_masked:0.01:all:masked_mass:newmax-none:current_step,cumulative,1,sum_masked,0.01,all,masked_mass,none,current_step,16,1024,598,1,0.0009765625,0.0016722408026755853,0.0012271106243133545,0.0001581428077770397,0.999998927116394,0.9999863505363464,0.00015669639105908573,0.00034183927346020937,0.9999989867210388,0,1
cumulative:k1:sum_masked:0.03:all:score:newmax-none:current_step,cumulative,1,sum_masked,0.03,all,score,none,current_step,16,1024,598,5,0.0048828125,0.008361204013377926,0.004269502125680447,0.0008506591111654416,0.9999894499778748,0.9998365044593811,0.0005158061867405195,0.0015509460063185543,0.9999906420707703,0,1
cumulative:k1:sum_masked:0.03:all:traversal:newmax-none:current_step,cumulative,1,sum_masked,0.03,all,traversal,none,current_step,16,1024,598,5,0.0048828125,0.008361204013377926,0.004702501930296421,0.0009282748360419646,0.9999859929084778,0.9998022317886353,0.0005930907682341058,0.0016706362075638026,0.9999874830245972,0,1
cumulative:k1:sum_masked:0.03:all:masked_mass:newmax-none:current_step,cumulative,1,sum_masked,0.03,all,masked_mass,none,current_step,16,1024,598,4,0.00390625,0.006688963210702341,0.003998597152531147,0.0006914494588272646,0.999994695186615,0.9998565316200256,0.0003559368669812102,0.0014755336742382497,0.999995768070221,0,1
cumulative:k2:all_max:0.0001:all:score:newmax-none:current_step,cumulative,2,all_max,0.0001,all,score,none,current_step,16,1024,598,0,0.0,0.0,0.0,0.0,1.0,0.9999997019767761,0.0,0.0,0.9999998807907104,0,-1
cumulative:k2:all_max:0.0001:all:traversal:newmax-none:current_step,cumulative,2,all_max,0.0001,all,traversal,none,current_step,16,1024,598,0,0.0,0.0,0.0,0.0,1.0,0.9999997019767761,0.0,0.0,0.9999998807907104,0,-1
cumulative:k2:all_max:0.0001:all:masked_mass:newmax-none:current_step,cumulative,2,all_max,0.0001,all,masked_mass,none,current_step,16,1024,598,0,0.0,0.0,0.0,0.0,1.0,0.9999997019767761,0.0,0.0,0.9999998807907104,0,-1
cumulative:k2:all_max:0.0003:all:score:newmax-none:current_step,cumulative,2,all_max,0.0003,all,score,none,current_step,16,1024,598,0,0.0,0.0,0.0,0.0,1.0,0.9999997019767761,0.0,0.0,0.9999998807907104,0,-1
cumulative:k2:all_max:0.0003:all:traversal:newmax-none:current_step,cumulative,2,all_max,0.0003,all,traversal,none,current_step,16,1024,598,0,0.0,0.0,0.0,0.0,1.0,0.9999997019767761,0.0,0.0,0.9999998807907104,0,-1
cumulative:k2:all_max:0.0003:all:masked_mass:newmax-none:current_step,cumulative,2,all_max,0.0003,all,masked_mass,none,current_step,16,1024,598,0,0.0,0.0,0.0,0.0,1.0,0.9999997019767761,0.0,0.0,0.9999998807907104,0,-1
cumulative:k2:all_max:0.001:all:score:newmax-none:current_step,cumulative,2,all_max,0.001,all,score,none,current_step,16,1024,598,0,0.0,0.0,0.0,0.0,1.0,0.9999997019767761,0.0,0.0,0.9999998807907104,0,-1
cumulative:k2:all_max:0.001:all:traversal:newmax-none:current_step,cumulative,2,all_max,0.001,all,traversal,none,current_step,16,1024,598,0,0.0,0.0,0.0,0.0,1.0,0.9999997019767761,0.0,0.0,0.9999998807907104,0,-1
cumulative:k2:all_max:0.001:all:masked_mass:newmax-none:current_step,cumulative,2,all_max,0.001,all,masked_mass,none,current_step,16,1024,598,0,0.0,0.0,0.0,0.0,1.0,0.9999997019767761,0.0,0.0,0.9999998807907104,0,-1
cumulative:k2:all_max:0.003:all:score:newmax-none:current_step,cumulative,2,all_max,0.003,all,score,none,current_step,16,1024,598,0,0.0,0.0,0.0,0.0,1.0,0.9999997019767761,0.0,0.0,0.9999998807907104,0,-1
cumulative:k2:all_max:0.003:all:traversal:newmax-none:current_step,cumulative,2,all_max,0.003,all,traversal,none,current_step,16,1024,598,0,0.0,0.0,0.0,0.0,1.0,0.9999997019767761,0.0,0.0,0.9999998807907104,0,-1
cumulative:k2:all_max:0.003:all:masked_mass:newmax-none:current_step,cumulative,2,all_max,0.003,all,masked_mass,none,current_step,16,1024,598,0,0.0,0.0,0.0,0.0,1.0,0.9999997019767761,0.0,0.0,0.9999998807907104,0,-1
cumulative:k2:all_max:0.01:all:score:newmax-none:current_step,cumulative,2,all_max,0.01,all,score,none,current_step,16,1024,598,3,0.0029296875,0.005016722408026756,0.0022676587104797363,0.0008538726397091523,0.9999940395355225,0.9999898076057434,0.00027062120352638885,0.0009934512781910598,0.9999988079071045,0,1
cumulative:k2:all_max:0.01:all:traversal:newmax-none:current_step,cumulative,2,all_max,0.01,all,traversal,none,current_step,16,1024,598,3,0.0029296875,0.005016722408026756,0.0022676587104797363,0.0008687648369232193,0.9999940395355225,0.9999855756759644,0.0002851873796316795,0.0010497509210836142,0.9999985098838806,0,1
cumulative:k2:all_max:0.01:all:masked_mass:newmax-none:current_step,cumulative,2,all_max,0.01,all,masked_mass,none,current_step,16,1024,598,3,0.0029296875,0.005016722408026756,0.0022676587104797363,0.0008341281645698473,0.9999940395355225,0.9999863505363464,0.0002503612558939494,0.0010391729010734707,0.9999989867210388,0,1
cumulative:k2:all_max:0.03:all:score:newmax-none:current_step,cumulative,2,all_max,0.03,all,score,none,current_step,16,1024,598,7,0.0068359375,0.011705685618729096,0.0039011240005493164,0.0015626163949491456,0.9999884366989136,0.9998847246170044,0.0006472339700849261,0.002056817291304469,0.9999891519546509,0,1
cumulative:k2:all_max:0.03:all:traversal:newmax-none:current_step,cumulative,2,all_max,0.03,all,traversal,none,current_step,16,1024,598,7,0.0068359375,0.011705685618729096,0.004702501930296421,0.0016042601928347722,0.9999859929084778,0.9998022317886353,0.0006867556330689695,0.002367969835177064,0.9999874830245972,0,1
cumulative:k2:all_max:0.03:all:masked_mass:newmax-none:current_step,cumulative,2,all_max,0.03,all,masked_mass,none,current_step,16,1024,598,6,0.005859375,0.010033444816053512,0.003998597152531147,0.0013674348156200722,0.9999940395355225,0.9998565316200256,0.0004496017318160739,0.002172867301851511,0.999995768070221,0,1
cumulative:k2:veto_max:0.0001:all:score:newmax-none:current_step,cumulative,2,veto_max,0.0001,all,score,none,current_step,16,1024,598,0,0.0,0.0,0.0,0.0,1.0,0.9999997019767761,0.0,0.0,0.9999998807907104,0,-1
cumulative:k2:veto_max:0.0001:all:traversal:newmax-none:current_step,cumulative,2,veto_max,0.0001,all,traversal,none,current_step,16,1024,598,0,0.0,0.0,0.0,0.0,1.0,0.9999997019767761,0.0,0.0,0.9999998807907104,0,-1
cumulative:k2:veto_max:0.0001:all:masked_mass:newmax-none:current_step,cumulative,2,veto_max,0.0001,all,masked_mass,none,current_step,16,1024,598,0,0.0,0.0,0.0,0.0,1.0,0.9999997019767761,0.0,0.0,0.9999998807907104,0,-1
cumulative:k2:veto_max:0.0003:all:score:newmax-none:current_step,cumulative,2,veto_max,0.0003,all,score,none,current_step,16,1024,598,0,0.0,0.0,0.0,0.0,1.0,0.9999997019767761,0.0,0.0,0.9999998807907104,0,-1
cumulative:k2:veto_max:0.0003:all:traversal:newmax-none:current_step,cumulative,2,veto_max,0.0003,all,traversal,none,current_step,16,1024,598,0,0.0,0.0,0.0,0.0,1.0,0.9999997019767761,0.0,0.0,0.9999998807907104,0,-1
cumulative:k2:veto_max:0.0003:all:masked_mass:newmax-none:current_step,cumulative,2,veto_max,0.0003,all,masked_mass,none,current_step,16,1024,598,0,0.0,0.0,0.0,0.0,1.0,0.9999997019767761,0.0,0.0,0.9999998807907104,0,-1
cumulative:k2:veto_max:0.001:all:score:newmax-none:current_step,cumulative,2,veto_max,0.001,all,score,none,current_step,16,1024,598,0,0.0,0.0,0.0,0.0,1.0,0.9999997019767761,0.0,0.0,0.9999998807907104,0,-1
cumulative:k2:veto_max:0.001:all:traversal:newmax-none:current_step,cumulative,2,veto_max,0.001,all,traversal,none,current_step,16,1024,598,0,0.0,0.0,0.0,0.0,1.0,0.9999997019767761,0.0,0.0,0.9999998807907104,0,-1
cumulative:k2:veto_max:0.001:all:masked_mass:newmax-none:current_step,cumulative,2,veto_max,0.001,all,masked_mass,none,current_step,16,1024,598,0,0.0,0.0,0.0,0.0,1.0,0.9999997019767761,0.0,0.0,0.9999998807907104,0,-1
cumulative:k2:veto_max:0.003:all:score:newmax-none:current_step,cumulative,2,veto_max,0.003,all,score,none,current_step,16,1024,598,0,0.0,0.0,0.0,0.0,1.0,0.9999997019767761,0.0,0.0,0.9999998807907104,0,-1
cumulative:k2:veto_max:0.003:all:traversal:newmax-none:current_step,cumulative,2,veto_max,0.003,all,traversal,none,current_step,16,1024,598,0,0.0,0.0,0.0,0.0,1.0,0.9999997019767761,0.0,0.0,0.9999998807907104,0,-1
cumulative:k2:veto_max:0.003:all:masked_mass:newmax-none:current_step,cumulative,2,veto_max,0.003,all,masked_mass,none,current_step,16,1024,598,0,0.0,0.0,0.0,0.0,1.0,0.9999997019767761,0.0,0.0,0.9999998807907104,0,-1
cumulative:k2:veto_max:0.01:all:score:newmax-none:current_step,cumulative,2,veto_max,0.01,all,score,none,current_step,16,1024,598,3,0.0029296875,0.005016722408026756,0.0022676587104797363,0.0008538726397091523,0.9999940395355225,0.9999898076057434,0.00027062120352638885,0.0009934512781910598,0.9999988079071045,0,1
cumulative:k2:veto_max:0.01:all:traversal:newmax-none:current_step,cumulative,2,veto_max,0.01,all,traversal,none,current_step,16,1024,598,3,0.0029296875,0.005016722408026756,0.0022676587104797363,0.0008687648369232193,0.9999940395355225,0.9999855756759644,0.0002851873796316795,0.0010497509210836142,0.9999985098838806,0,1
cumulative:k2:veto_max:0.01:all:masked_mass:newmax-none:current_step,cumulative,2,veto_max,0.01,all,masked_mass,none,current_step,16,1024,598,3,0.0029296875,0.005016722408026756,0.0022676587104797363,0.0008341281645698473,0.9999940395355225,0.9999863505363464,0.0002503612558939494,0.0010391729010734707,0.9999989867210388,0,1
cumulative:k2:veto_max:0.03:all:score:newmax-none:current_step,cumulative,2,veto_max,0.03,all,score,none,current_step,16,1024,598,7,0.0068359375,0.011705685618729096,0.0039011240005493164,0.0015626163949491456,0.9999884366989136,0.9998847246170044,0.0006472339700849261,0.002056817291304469,0.9999891519546509,0,1
cumulative:k2:veto_max:0.03:all:traversal:newmax-none:current_step,cumulative,2,veto_max,0.03,all,traversal,none,current_step,16,1024,598,7,0.0068359375,0.011705685618729096,0.004702501930296421,0.0016042601928347722,0.9999859929084778,0.9998022317886353,0.0006867556330689695,0.002367969835177064,0.9999874830245972,0,1
cumulative:k2:veto_max:0.03:all:masked_mass:newmax-none:current_step,cumulative,2,veto_max,0.03,all,masked_mass,none,current_step,16,1024,598,6,0.005859375,0.010033444816053512,0.003998597152531147,0.0013674348156200722,0.9999940395355225,0.9998565316200256,0.0004496017318160739,0.002172867301851511,0.999995768070221,0,1
cumulative:k2:masked_max:0.0001:all:score:newmax-none:current_step,cumulative,2,masked_max,0.0001,all,score,none,current_step,16,1024,598,0,0.0,0.0,0.0,0.0,1.0,0.9999997019767761,0.0,0.0,0.9999998807907104,0,-1
cumulative:k2:masked_max:0.0001:all:traversal:newmax-none:current_step,cumulative,2,masked_max,0.0001,all,traversal,none,current_step,16,1024,598,0,0.0,0.0,0.0,0.0,1.0,0.9999997019767761,0.0,0.0,0.9999998807907104,0,-1
cumulative:k2:masked_max:0.0001:all:masked_mass:newmax-none:current_step,cumulative,2,masked_max,0.0001,all,masked_mass,none,current_step,16,1024,598,0,0.0,0.0,0.0,0.0,1.0,0.9999997019767761,0.0,0.0,0.9999998807907104,0,-1
cumulative:k2:masked_max:0.0003:all:score:newmax-none:current_step,cumulative,2,masked_max,0.0003,all,score,none,current_step,16,1024,598,0,0.0,0.0,0.0,0.0,1.0,0.9999997019767761,0.0,0.0,0.9999998807907104,0,-1
cumulative:k2:masked_max:0.0003:all:traversal:newmax-none:current_step,cumulative,2,masked_max,0.0003,all,traversal,none,current_step,16,1024,598,0,0.0,0.0,0.0,0.0,1.0,0.9999997019767761,0.0,0.0,0.9999998807907104,0,-1
cumulative:k2:masked_max:0.0003:all:masked_mass:newmax-none:current_step,cumulative,2,masked_max,0.0003,all,masked_mass,none,current_step,16,1024,598,0,0.0,0.0,0.0,0.0,1.0,0.9999997019767761,0.0,0.0,0.9999998807907104,0,-1
cumulative:k2:masked_max:0.001:all:score:newmax-none:current_step,cumulative,2,masked_max,0.001,all,score,none,current_step,16,1024,598,0,0.0,0.0,0.0,0.0,1.0,0.9999997019767761,0.0,0.0,0.9999998807907104,0,-1
cumulative:k2:masked_max:0.001:all:traversal:newmax-none:current_step,cumulative,2,masked_max,0.001,all,traversal,none,current_step,16,1024,598,0,0.0,0.0,0.0,0.0,1.0,0.9999997019767761,0.0,0.0,0.9999998807907104,0,-1
cumulative:k2:masked_max:0.001:all:masked_mass:newmax-none:current_step,cumulative,2,masked_max,0.001,all,masked_mass,none,current_step,16,1024,598,0,0.0,0.0,0.0,0.0,1.0,0.9999997019767761,0.0,0.0,0.9999998807907104,0,-1
cumulative:k2:masked_max:0.003:all:score:newmax-none:current_step,cumulative,2,masked_max,0.003,all,score,none,current_step,16,1024,598,0,0.0,0.0,0.0,0.0,1.0,0.9999997019767761,0.0,0.0,0.9999998807907104,0,-1
cumulative:k2:masked_max:0.003:all:traversal:newmax-none:current_step,cumulative,2,masked_max,0.003,all,traversal,none,current_step,16,1024,598,0,0.0,0.0,0.0,0.0,1.0,0.9999997019767761,0.0,0.0,0.9999998807907104,0,-1
cumulative:k2:masked_max:0.003:all:masked_mass:newmax-none:current_step,cumulative,2,masked_max,0.003,all,masked_mass,none,current_step,16,1024,598,0,0.0,0.0,0.0,0.0,1.0,0.9999997019767761,0.0,0.0,0.9999998807907104,0,-1
cumulative:k2:masked_max:0.01:all:score:newmax-none:current_step,cumulative,2,masked_max,0.01,all,score,none,current_step,16,1024,598,3,0.0029296875,0.005016722408026756,0.0022676587104797363,0.0008341281645698473,0.9999940395355225,0.9999863505363464,0.0002503612558939494,0.0010391729010734707,0.9999989867210388,0,1
cumulative:k2:masked_max:0.01:all:traversal:newmax-none:current_step,cumulative,2,masked_max,0.01,all,traversal,none,current_step,16,1024,598,3,0.0029296875,0.005016722408026756,0.0022676587104797363,0.0008687648369232193,0.9999940395355225,0.9999855756759644,0.0002851873796316795,0.0010497509210836142,0.9999985098838806,0,1
cumulative:k2:masked_max:0.01:all:masked_mass:newmax-none:current_step,cumulative,2,masked_max,0.01,all,masked_mass,none,current_step,16,1024,598,3,0.0029296875,0.005016722408026756,0.0022676587104797363,0.0008341281645698473,0.9999940395355225,0.9999863505363464,0.0002503612558939494,0.0010391729010734707,0.9999989867210388,0,1
cumulative:k2:masked_max:0.03:all:score:newmax-none:current_step,cumulative,2,masked_max,0.03,all,score,none,current_step,16,1024,598,6,0.005859375,0.010033444816053512,0.003998597152531147,0.0013674348156200722,0.9999940395355225,0.9998565316200256,0.0004496017318160739,0.002172867301851511,0.999995768070221,0,1
cumulative:k2:masked_max:0.03:all:traversal:newmax-none:current_step,cumulative,2,masked_max,0.03,all,traversal,none,current_step,16,1024,598,7,0.0068359375,0.011705685618729096,0.004702501930296421,0.0016042601928347722,0.9999859929084778,0.9998022317886353,0.0006867556330689695,0.002367969835177064,0.9999874830245972,0,1
cumulative:k2:masked_max:0.03:all:masked_mass:newmax-none:current_step,cumulative,2,masked_max,0.03,all,masked_mass,none,current_step,16,1024,598,6,0.005859375,0.010033444816053512,0.003998597152531147,0.0013674348156200722,0.9999940395355225,0.9998565316200256,0.0004496017318160739,0.002172867301851511,0.999995768070221,0,1
cumulative:k2:q99:0.0001:all:score:newmax-none:current_step,cumulative,2,q99,0.0001,all,score,none,current_step,16,1024,598,0,0.0,0.0,0.0,0.0,1.0,0.9999997019767761,0.0,0.0,0.9999998807907104,0,-1
cumulative:k2:q99:0.0001:all:traversal:newmax-none:current_step,cumulative,2,q99,0.0001,all,traversal,none,current_step,16,1024,598,0,0.0,0.0,0.0,0.0,1.0,0.9999997019767761,0.0,0.0,0.9999998807907104,0,-1
cumulative:k2:q99:0.0001:all:masked_mass:newmax-none:current_step,cumulative,2,q99,0.0001,all,masked_mass,none,current_step,16,1024,598,0,0.0,0.0,0.0,0.0,1.0,0.9999997019767761,0.0,0.0,0.9999998807907104,0,-1
cumulative:k2:q99:0.0003:all:score:newmax-none:current_step,cumulative,2,q99,0.0003,all,score,none,current_step,16,1024,598,0,0.0,0.0,0.0,0.0,1.0,0.9999997019767761,0.0,0.0,0.9999998807907104,0,-1
cumulative:k2:q99:0.0003:all:traversal:newmax-none:current_step,cumulative,2,q99,0.0003,all,traversal,none,current_step,16,1024,598,0,0.0,0.0,0.0,0.0,1.0,0.9999997019767761,0.0,0.0,0.9999998807907104,0,-1
cumulative:k2:q99:0.0003:all:masked_mass:newmax-none:current_step,cumulative,2,q99,0.0003,all,masked_mass,none,current_step,16,1024,598,0,0.0,0.0,0.0,0.0,1.0,0.9999997019767761,0.0,0.0,0.9999998807907104,0,-1
cumulative:k2:q99:0.001:all:score:newmax-none:current_step,cumulative,2,q99,0.001,all,score,none,current_step,16,1024,598,0,0.0,0.0,0.0,0.0,1.0,0.9999997019767761,0.0,0.0,0.9999998807907104,0,-1
cumulative:k2:q99:0.001:all:traversal:newmax-none:current_step,cumulative,2,q99,0.001,all,traversal,none,current_step,16,1024,598,0,0.0,0.0,0.0,0.0,1.0,0.9999997019767761,0.0,0.0,0.9999998807907104,0,-1
cumulative:k2:q99:0.001:all:masked_mass:newmax-none:current_step,cumulative,2,q99,0.001,all,masked_mass,none,current_step,16,1024,598,0,0.0,0.0,0.0,0.0,1.0,0.9999997019767761,0.0,0.0,0.9999998807907104,0,-1
cumulative:k2:q99:0.003:all:score:newmax-none:current_step,cumulative,2,q99,0.003,all,score,none,current_step,16,1024,598,0,0.0,0.0,0.0,0.0,1.0,0.9999997019767761,0.0,0.0,0.9999998807907104,0,-1
cumulative:k2:q99:0.003:all:traversal:newmax-none:current_step,cumulative,2,q99,0.003,all,traversal,none,current_step,16,1024,598,0,0.0,0.0,0.0,0.0,1.0,0.9999997019767761,0.0,0.0,0.9999998807907104,0,-1
cumulative:k2:q99:0.003:all:masked_mass:newmax-none:current_step,cumulative,2,q99,0.003,all,masked_mass,none,current_step,16,1024,598,0,0.0,0.0,0.0,0.0,1.0,0.9999997019767761,0.0,0.0,0.9999998807907104,0,-1
cumulative:k2:q99:0.01:all:score:newmax-none:current_step,cumulative,2,q99,0.01,all,score,none,current_step,16,1024,598,3,0.0029296875,0.005016722408026756,0.0022676587104797363,0.0008341281645698473,0.9999940395355225,0.9999863505363464,0.0002503612558939494,0.0010391729010734707,0.9999989867210388,0,1
cumulative:k2:q99:0.01:all:traversal:newmax-none:current_step,cumulative,2,q99,0.01,all,traversal,none,current_step,16,1024,598,3,0.0029296875,0.005016722408026756,0.0022676587104797363,0.0008687648369232193,0.9999940395355225,0.9999855756759644,0.0002851873796316795,0.0010497509210836142,0.9999985098838806,0,1
cumulative:k2:q99:0.01:all:masked_mass:newmax-none:current_step,cumulative,2,q99,0.01,all,masked_mass,none,current_step,16,1024,598,3,0.0029296875,0.005016722408026756,0.0022676587104797363,0.0008341281645698473,0.9999940395355225,0.9999863505363464,0.0002503612558939494,0.0010391729010734707,0.9999989867210388,0,1
cumulative:k2:q99:0.03:all:score:newmax-none:current_step,cumulative,2,q99,0.03,all,score,none,current_step,16,1024,598,6,0.005859375,0.010033444816053512,0.003998597152531147,0.0013674348156200722,0.9999940395355225,0.9998565316200256,0.0004496017318160739,0.002172867301851511,0.999995768070221,0,1
cumulative:k2:q99:0.03:all:traversal:newmax-none:current_step,cumulative,2,q99,0.03,all,traversal,none,current_step,16,1024,598,7,0.0068359375,0.011705685618729096,0.004702501930296421,0.0016042601928347722,0.9999859929084778,0.9998022317886353,0.0006867556330689695,0.002367969835177064,0.9999874830245972,0,1
cumulative:k2:q99:0.03:all:masked_mass:newmax-none:current_step,cumulative,2,q99,0.03,all,masked_mass,none,current_step,16,1024,598,6,0.005859375,0.010033444816053512,0.003998597152531147,0.0013674348156200722,0.9999940395355225,0.9998565316200256,0.0004496017318160739,0.002172867301851511,0.999995768070221,0,1
cumulative:k2:sum_masked:0.0001:all:score:newmax-none:current_step,cumulative,2,sum_masked,0.0001,all,score,none,current_step,16,1024,598,0,0.0,0.0,0.0,0.0,1.0,0.9999997019767761,0.0,0.0,0.9999998807907104,0,-1
cumulative:k2:sum_masked:0.0001:all:traversal:newmax-none:current_step,cumulative,2,sum_masked,0.0001,all,traversal,none,current_step,16,1024,598,0,0.0,0.0,0.0,0.0,1.0,0.9999997019767761,0.0,0.0,0.9999998807907104,0,-1
cumulative:k2:sum_masked:0.0001:all:masked_mass:newmax-none:current_step,cumulative,2,sum_masked,0.0001,all,masked_mass,none,current_step,16,1024,598,0,0.0,0.0,0.0,0.0,1.0,0.9999997019767761,0.0,0.0,0.9999998807907104,0,-1
cumulative:k2:sum_masked:0.0003:all:score:newmax-none:current_step,cumulative,2,sum_masked,0.0003,all,score,none,current_step,16,1024,598,0,0.0,0.0,0.0,0.0,1.0,0.9999997019767761,0.0,0.0,0.9999998807907104,0,-1
cumulative:k2:sum_masked:0.0003:all:traversal:newmax-none:current_step,cumulative,2,sum_masked,0.0003,all,traversal,none,current_step,16,1024,598,0,0.0,0.0,0.0,0.0,1.0,0.9999997019767761,0.0,0.0,0.9999998807907104,0,-1
cumulative:k2:sum_masked:0.0003:all:masked_mass:newmax-none:current_step,cumulative,2,sum_masked,0.0003,all,masked_mass,none,current_step,16,1024,598,0,0.0,0.0,0.0,0.0,1.0,0.9999997019767761,0.0,0.0,0.9999998807907104,0,-1
cumulative:k2:sum_masked:0.001:all:score:newmax-none:current_step,cumulative,2,sum_masked,0.001,all,score,none,current_step,16,1024,598,0,0.0,0.0,0.0,0.0,1.0,0.9999997019767761,0.0,0.0,0.9999998807907104,0,-1
cumulative:k2:sum_masked:0.001:all:traversal:newmax-none:current_step,cumulative,2,sum_masked,0.001,all,traversal,none,current_step,16,1024,598,0,0.0,0.0,0.0,0.0,1.0,0.9999997019767761,0.0,0.0,0.9999998807907104,0,-1
cumulative:k2:sum_masked:0.001:all:masked_mass:newmax-none:current_step,cumulative,2,sum_masked,0.001,all,masked_mass,none,current_step,16,1024,598,0,0.0,0.0,0.0,0.0,1.0,0.9999997019767761,0.0,0.0,0.9999998807907104,0,-1
cumulative:k2:sum_masked:0.003:all:score:newmax-none:current_step,cumulative,2,sum_masked,0.003,all,score,none,current_step,16,1024,598,0,0.0,0.0,0.0,0.0,1.0,0.9999997019767761,0.0,0.0,0.9999998807907104,0,-1
cumulative:k2:sum_masked:0.003:all:traversal:newmax-none:current_step,cumulative,2,sum_masked,0.003,all,traversal,none,current_step,16,1024,598,0,0.0,0.0,0.0,0.0,1.0,0.9999997019767761,0.0,0.0,0.9999998807907104,0,-1
cumulative:k2:sum_masked:0.003:all:masked_mass:newmax-none:current_step,cumulative,2,sum_masked,0.003,all,masked_mass,none,current_step,16,1024,598,0,0.0,0.0,0.0,0.0,1.0,0.9999997019767761,0.0,0.0,0.9999998807907104,0,-1
cumulative:k2:sum_masked:0.01:all:score:newmax-none:current_step,cumulative,2,sum_masked,0.01,all,score,none,current_step,16,1024,598,3,0.0029296875,0.005016722408026756,0.0022676587104797363,0.0008341281645698473,0.9999940395355225,0.9999863505363464,0.0002503612558939494,0.0010391729010734707,0.9999989867210388,0,1
cumulative:k2:sum_masked:0.01:all:traversal:newmax-none:current_step,cumulative,2,sum_masked,0.01,all,traversal,none,current_step,16,1024,598,3,0.0029296875,0.005016722408026756,0.0022676587104797363,0.0008687648369232193,0.9999940395355225,0.9999855756759644,0.0002851873796316795,0.0010497509210836142,0.9999985098838806,0,1
cumulative:k2:sum_masked:0.01:all:masked_mass:newmax-none:current_step,cumulative,2,sum_masked,0.01,all,masked_mass,none,current_step,16,1024,598,3,0.0029296875,0.005016722408026756,0.0022676587104797363,0.0008341281645698473,0.9999940395355225,0.9999863505363464,0.0002503612558939494,0.0010391729010734707,0.9999989867210388,0,1
cumulative:k2:sum_masked:0.03:all:score:newmax-none:current_step,cumulative,2,sum_masked,0.03,all,score,none,current_step,16,1024,598,7,0.0068359375,0.011705685618729096,0.004269502125680447,0.0015266444679582492,0.9999894499778748,0.9998365044593811,0.0006094710515753832,0.0022482796339318156,0.9999906420707703,0,1
cumulative:k2:sum_masked:0.03:all:traversal:newmax-none:current_step,cumulative,2,sum_masked,0.03,all,traversal,none,current_step,16,1024,598,7,0.0068359375,0.011705685618729096,0.004702501930296421,0.0016042601928347722,0.9999859929084778,0.9998022317886353,0.0006867556330689695,0.002367969835177064,0.9999874830245972,0,1
cumulative:k2:sum_masked:0.03:all:masked_mass:newmax-none:current_step,cumulative,2,sum_masked,0.03,all,masked_mass,none,current_step,16,1024,598,6,0.005859375,0.010033444816053512,0.003998597152531147,0.0013674348156200722,0.9999940395355225,0.9998565316200256,0.0004496017318160739,0.002172867301851511,0.999995768070221,0,1
cumulative:k4:all_max:0.0001:all:score:newmax-none:current_step,cumulative,4,all_max,0.0001,all,score,none,current_step,16,1024,598,0,0.0,0.0,0.0,0.0,1.0,0.9999997019767761,0.0,0.0,0.9999998807907104,0,-1
cumulative:k4:all_max:0.0001:all:traversal:newmax-none:current_step,cumulative,4,all_max,0.0001,all,traversal,none,current_step,16,1024,598,0,0.0,0.0,0.0,0.0,1.0,0.9999997019767761,0.0,0.0,0.9999998807907104,0,-1
cumulative:k4:all_max:0.0001:all:masked_mass:newmax-none:current_step,cumulative,4,all_max,0.0001,all,masked_mass,none,current_step,16,1024,598,0,0.0,0.0,0.0,0.0,1.0,0.9999997019767761,0.0,0.0,0.9999998807907104,0,-1
cumulative:k4:all_max:0.0003:all:score:newmax-none:current_step,cumulative,4,all_max,0.0003,all,score,none,current_step,16,1024,598,0,0.0,0.0,0.0,0.0,1.0,0.9999997019767761,0.0,0.0,0.9999998807907104,0,-1
cumulative:k4:all_max:0.0003:all:traversal:newmax-none:current_step,cumulative,4,all_max,0.0003,all,traversal,none,current_step,16,1024,598,0,0.0,0.0,0.0,0.0,1.0,0.9999997019767761,0.0,0.0,0.9999998807907104,0,-1
cumulative:k4:all_max:0.0003:all:masked_mass:newmax-none:current_step,cumulative,4,all_max,0.0003,all,masked_mass,none,current_step,16,1024,598,0,0.0,0.0,0.0,0.0,1.0,0.9999997019767761,0.0,0.0,0.9999998807907104,0,-1
cumulative:k4:all_max:0.001:all:score:newmax-none:current_step,cumulative,4,all_max,0.001,all,score,none,current_step,16,1024,598,0,0.0,0.0,0.0,0.0,1.0,0.9999997019767761,0.0,0.0,0.9999998807907104,0,-1
cumulative:k4:all_max:0.001:all:traversal:newmax-none:current_step,cumulative,4,all_max,0.001,all,traversal,none,current_step,16,1024,598,0,0.0,0.0,0.0,0.0,1.0,0.9999997019767761,0.0,0.0,0.9999998807907104,0,-1
cumulative:k4:all_max:0.001:all:masked_mass:newmax-none:current_step,cumulative,4,all_max,0.001,all,masked_mass,none,current_step,16,1024,598,0,0.0,0.0,0.0,0.0,1.0,0.9999997019767761,0.0,0.0,0.9999998807907104,0,-1
cumulative:k4:all_max:0.003:all:score:newmax-none:current_step,cumulative,4,all_max,0.003,all,score,none,current_step,16,1024,598,0,0.0,0.0,0.0,0.0,1.0,0.9999997019767761,0.0,0.0,0.9999998807907104,0,-1
cumulative:k4:all_max:0.003:all:traversal:newmax-none:current_step,cumulative,4,all_max,0.003,all,traversal,none,current_step,16,1024,598,0,0.0,0.0,0.0,0.0,1.0,0.9999997019767761,0.0,0.0,0.9999998807907104,0,-1
cumulative:k4:all_max:0.003:all:masked_mass:newmax-none:current_step,cumulative,4,all_max,0.003,all,masked_mass,none,current_step,16,1024,598,0,0.0,0.0,0.0,0.0,1.0,0.9999997019767761,0.0,0.0,0.9999998807907104,0,-1
cumulative:k4:all_max:0.01:all:score:newmax-none:current_step,cumulative,4,all_max,0.01,all,score,none,current_step,16,1024,598,3,0.0029296875,0.005016722408026756,0.0022676587104797363,0.0008538726397091523,0.9999940395355225,0.9999898076057434,0.00027062120352638885,0.0009934512781910598,0.9999988079071045,0,1
cumulative:k4:all_max:0.01:all:traversal:newmax-none:current_step,cumulative,4,all_max,0.01,all,traversal,none,current_step,16,1024,598,3,0.0029296875,0.005016722408026756,0.0022676587104797363,0.0008687648369232193,0.9999940395355225,0.9999855756759644,0.0002851873796316795,0.0010497509210836142,0.9999985098838806,0,1
cumulative:k4:all_max:0.01:all:masked_mass:newmax-none:current_step,cumulative,4,all_max,0.01,all,masked_mass,none,current_step,16,1024,598,3,0.0029296875,0.005016722408026756,0.0022676587104797363,0.0008341281645698473,0.9999940395355225,0.9999863505363464,0.0002503612558939494,0.0010391729010734707,0.9999989867210388,0,1
cumulative:k4:all_max:0.03:all:score:newmax-none:current_step,cumulative,4,all_max,0.03,all,score,none,current_step,16,1024,598,7,0.0068359375,0.011705685618729096,0.0039011240005493164,0.0015626163949491456,0.9999884366989136,0.9998847246170044,0.0006472339700849261,0.002056817291304469,0.9999891519546509,0,1
cumulative:k4:all_max:0.03:all:traversal:newmax-none:current_step,cumulative,4,all_max,0.03,all,traversal,none,current_step,16,1024,598,7,0.0068359375,0.011705685618729096,0.004702501930296421,0.0016042601928347722,0.9999859929084778,0.9998022317886353,0.0006867556330689695,0.002367969835177064,0.9999874830245972,0,1
cumulative:k4:all_max:0.03:all:masked_mass:newmax-none:current_step,cumulative,4,all_max,0.03,all,masked_mass,none,current_step,16,1024,598,6,0.005859375,0.010033444816053512,0.003998597152531147,0.0013674348156200722,0.9999940395355225,0.9998565316200256,0.0004496017318160739,0.002172867301851511,0.999995768070221,0,1
cumulative:k4:veto_max:0.0001:all:score:newmax-none:current_step,cumulative,4,veto_max,0.0001,all,score,none,current_step,16,1024,598,0,0.0,0.0,0.0,0.0,1.0,0.9999997019767761,0.0,0.0,0.9999998807907104,0,-1
cumulative:k4:veto_max:0.0001:all:traversal:newmax-none:current_step,cumulative,4,veto_max,0.0001,all,traversal,none,current_step,16,1024,598,0,0.0,0.0,0.0,0.0,1.0,0.9999997019767761,0.0,0.0,0.9999998807907104,0,-1
cumulative:k4:veto_max:0.0001:all:masked_mass:newmax-none:current_step,cumulative,4,veto_max,0.0001,all,masked_mass,none,current_step,16,1024,598,0,0.0,0.0,0.0,0.0,1.0,0.9999997019767761,0.0,0.0,0.9999998807907104,0,-1
cumulative:k4:veto_max:0.0003:all:score:newmax-none:current_step,cumulative,4,veto_max,0.0003,all,score,none,current_step,16,1024,598,0,0.0,0.0,0.0,0.0,1.0,0.9999997019767761,0.0,0.0,0.9999998807907104,0,-1
cumulative:k4:veto_max:0.0003:all:traversal:newmax-none:current_step,cumulative,4,veto_max,0.0003,all,traversal,none,current_step,16,1024,598,0,0.0,0.0,0.0,0.0,1.0,0.9999997019767761,0.0,0.0,0.9999998807907104,0,-1
cumulative:k4:veto_max:0.0003:all:masked_mass:newmax-none:current_step,cumulative,4,veto_max,0.0003,all,masked_mass,none,current_step,16,1024,598,0,0.0,0.0,0.0,0.0,1.0,0.9999997019767761,0.0,0.0,0.9999998807907104,0,-1
cumulative:k4:veto_max:0.001:all:score:newmax-none:current_step,cumulative,4,veto_max,0.001,all,score,none,current_step,16,1024,598,0,0.0,0.0,0.0,0.0,1.0,0.9999997019767761,0.0,0.0,0.9999998807907104,0,-1
cumulative:k4:veto_max:0.001:all:traversal:newmax-none:current_step,cumulative,4,veto_max,0.001,all,traversal,none,current_step,16,1024,598,0,0.0,0.0,0.0,0.0,1.0,0.9999997019767761,0.0,0.0,0.9999998807907104,0,-1
cumulative:k4:veto_max:0.001:all:masked_mass:newmax-none:current_step,cumulative,4,veto_max,0.001,all,masked_mass,none,current_step,16,1024,598,0,0.0,0.0,0.0,0.0,1.0,0.9999997019767761,0.0,0.0,0.9999998807907104,0,-1
cumulative:k4:veto_max:0.003:all:score:newmax-none:current_step,cumulative,4,veto_max,0.003,all,score,none,current_step,16,1024,598,0,0.0,0.0,0.0,0.0,1.0,0.9999997019767761,0.0,0.0,0.9999998807907104,0,-1
cumulative:k4:veto_max:0.003:all:traversal:newmax-none:current_step,cumulative,4,veto_max,0.003,all,traversal,none,current_step,16,1024,598,0,0.0,0.0,0.0,0.0,1.0,0.9999997019767761,0.0,0.0,0.9999998807907104,0,-1
cumulative:k4:veto_max:0.003:all:masked_mass:newmax-none:current_step,cumulative,4,veto_max,0.003,all,masked_mass,none,current_step,16,1024,598,0,0.0,0.0,0.0,0.0,1.0,0.9999997019767761,0.0,0.0,0.9999998807907104,0,-1
cumulative:k4:veto_max:0.01:all:score:newmax-none:current_step,cumulative,4,veto_max,0.01,all,score,none,current_step,16,1024,598,3,0.0029296875,0.005016722408026756,0.0022676587104797363,0.0008538726397091523,0.9999940395355225,0.9999898076057434,0.00027062120352638885,0.0009934512781910598,0.9999988079071045,0,1
cumulative:k4:veto_max:0.01:all:traversal:newmax-none:current_step,cumulative,4,veto_max,0.01,all,traversal,none,current_step,16,1024,598,3,0.0029296875,0.005016722408026756,0.0022676587104797363,0.0008687648369232193,0.9999940395355225,0.9999855756759644,0.0002851873796316795,0.0010497509210836142,0.9999985098838806,0,1
cumulative:k4:veto_max:0.01:all:masked_mass:newmax-none:current_step,cumulative,4,veto_max,0.01,all,masked_mass,none,current_step,16,1024,598,3,0.0029296875,0.005016722408026756,0.0022676587104797363,0.0008341281645698473,0.9999940395355225,0.9999863505363464,0.0002503612558939494,0.0010391729010734707,0.9999989867210388,0,1
cumulative:k4:veto_max:0.03:all:score:newmax-none:current_step,cumulative,4,veto_max,0.03,all,score,none,current_step,16,1024,598,7,0.0068359375,0.011705685618729096,0.0039011240005493164,0.0015626163949491456,0.9999884366989136,0.9998847246170044,0.0006472339700849261,0.002056817291304469,0.9999891519546509,0,1
cumulative:k4:veto_max:0.03:all:traversal:newmax-none:current_step,cumulative,4,veto_max,0.03,all,traversal,none,current_step,16,1024,598,7,0.0068359375,0.011705685618729096,0.004702501930296421,0.0016042601928347722,0.9999859929084778,0.9998022317886353,0.0006867556330689695,0.002367969835177064,0.9999874830245972,0,1
cumulative:k4:veto_max:0.03:all:masked_mass:newmax-none:current_step,cumulative,4,veto_max,0.03,all,masked_mass,none,current_step,16,1024,598,6,0.005859375,0.010033444816053512,0.003998597152531147,0.0013674348156200722,0.9999940395355225,0.9998565316200256,0.0004496017318160739,0.002172867301851511,0.999995768070221,0,1
cumulative:k4:masked_max:0.0001:all:score:newmax-none:current_step,cumulative,4,masked_max,0.0001,all,score,none,current_step,16,1024,598,0,0.0,0.0,0.0,0.0,1.0,0.9999997019767761,0.0,0.0,0.9999998807907104,0,-1
cumulative:k4:masked_max:0.0001:all:traversal:newmax-none:current_step,cumulative,4,masked_max,0.0001,all,traversal,none,current_step,16,1024,598,0,0.0,0.0,0.0,0.0,1.0,0.9999997019767761,0.0,0.0,0.9999998807907104,0,-1
cumulative:k4:masked_max:0.0001:all:masked_mass:newmax-none:current_step,cumulative,4,masked_max,0.0001,all,masked_mass,none,current_step,16,1024,598,0,0.0,0.0,0.0,0.0,1.0,0.9999997019767761,0.0,0.0,0.9999998807907104,0,-1
cumulative:k4:masked_max:0.0003:all:score:newmax-none:current_step,cumulative,4,masked_max,0.0003,all,score,none,current_step,16,1024,598,0,0.0,0.0,0.0,0.0,1.0,0.9999997019767761,0.0,0.0,0.9999998807907104,0,-1
cumulative:k4:masked_max:0.0003:all:traversal:newmax-none:current_step,cumulative,4,masked_max,0.0003,all,traversal,none,current_step,16,1024,598,0,0.0,0.0,0.0,0.0,1.0,0.9999997019767761,0.0,0.0,0.9999998807907104,0,-1
cumulative:k4:masked_max:0.0003:all:masked_mass:newmax-none:current_step,cumulative,4,masked_max,0.0003,all,masked_mass,none,current_step,16,1024,598,0,0.0,0.0,0.0,0.0,1.0,0.9999997019767761,0.0,0.0,0.9999998807907104,0,-1
cumulative:k4:masked_max:0.001:all:score:newmax-none:current_step,cumulative,4,masked_max,0.001,all,score,none,current_step,16,1024,598,0,0.0,0.0,0.0,0.0,1.0,0.9999997019767761,0.0,0.0,0.9999998807907104,0,-1
cumulative:k4:masked_max:0.001:all:traversal:newmax-none:current_step,cumulative,4,masked_max,0.001,all,traversal,none,current_step,16,1024,598,0,0.0,0.0,0.0,0.0,1.0,0.9999997019767761,0.0,0.0,0.9999998807907104,0,-1
cumulative:k4:masked_max:0.001:all:masked_mass:newmax-none:current_step,cumulative,4,masked_max,0.001,all,masked_mass,none,current_step,16,1024,598,0,0.0,0.0,0.0,0.0,1.0,0.9999997019767761,0.0,0.0,0.9999998807907104,0,-1
cumulative:k4:masked_max:0.003:all:score:newmax-none:current_step,cumulative,4,masked_max,0.003,all,score,none,current_step,16,1024,598,0,0.0,0.0,0.0,0.0,1.0,0.9999997019767761,0.0,0.0,0.9999998807907104,0,-1
cumulative:k4:masked_max:0.003:all:traversal:newmax-none:current_step,cumulative,4,masked_max,0.003,all,traversal,none,current_step,16,1024,598,0,0.0,0.0,0.0,0.0,1.0,0.9999997019767761,0.0,0.0,0.9999998807907104,0,-1
cumulative:k4:masked_max:0.003:all:masked_mass:newmax-none:current_step,cumulative,4,masked_max,0.003,all,masked_mass,none,current_step,16,1024,598,0,0.0,0.0,0.0,0.0,1.0,0.9999997019767761,0.0,0.0,0.9999998807907104,0,-1
cumulative:k4:masked_max:0.01:all:score:newmax-none:current_step,cumulative,4,masked_max,0.01,all,score,none,current_step,16,1024,598,3,0.0029296875,0.005016722408026756,0.0022676587104797363,0.0008341281645698473,0.9999940395355225,0.9999863505363464,0.0002503612558939494,0.0010391729010734707,0.9999989867210388,0,1
cumulative:k4:masked_max:0.01:all:traversal:newmax-none:current_step,cumulative,4,masked_max,0.01,all,traversal,none,current_step,16,1024,598,3,0.0029296875,0.005016722408026756,0.0022676587104797363,0.0008687648369232193,0.9999940395355225,0.9999855756759644,0.0002851873796316795,0.0010497509210836142,0.9999985098838806,0,1
cumulative:k4:masked_max:0.01:all:masked_mass:newmax-none:current_step,cumulative,4,masked_max,0.01,all,masked_mass,none,current_step,16,1024,598,3,0.0029296875,0.005016722408026756,0.0022676587104797363,0.0008341281645698473,0.9999940395355225,0.9999863505363464,0.0002503612558939494,0.0010391729010734707,0.9999989867210388,0,1
cumulative:k4:masked_max:0.03:all:score:newmax-none:current_step,cumulative,4,masked_max,0.03,all,score,none,current_step,16,1024,598,6,0.005859375,0.010033444816053512,0.003998597152531147,0.0013674348156200722,0.9999940395355225,0.9998565316200256,0.0004496017318160739,0.002172867301851511,0.999995768070221,0,1
cumulative:k4:masked_max:0.03:all:traversal:newmax-none:current_step,cumulative,4,masked_max,0.03,all,traversal,none,current_step,16,1024,598,7,0.0068359375,0.011705685618729096,0.004702501930296421,0.0016042601928347722,0.9999859929084778,0.9998022317886353,0.0006867556330689695,0.002367969835177064,0.9999874830245972,0,1
cumulative:k4:masked_max:0.03:all:masked_mass:newmax-none:current_step,cumulative,4,masked_max,0.03,all,masked_mass,none,current_step,16,1024,598,6,0.005859375,0.010033444816053512,0.003998597152531147,0.0013674348156200722,0.9999940395355225,0.9998565316200256,0.0004496017318160739,0.002172867301851511,0.999995768070221,0,1
cumulative:k4:q99:0.0001:all:score:newmax-none:current_step,cumulative,4,q99,0.0001,all,score,none,current_step,16,1024,598,0,0.0,0.0,0.0,0.0,1.0,0.9999997019767761,0.0,0.0,0.9999998807907104,0,-1
cumulative:k4:q99:0.0001:all:traversal:newmax-none:current_step,cumulative,4,q99,0.0001,all,traversal,none,current_step,16,1024,598,0,0.0,0.0,0.0,0.0,1.0,0.9999997019767761,0.0,0.0,0.9999998807907104,0,-1
cumulative:k4:q99:0.0001:all:masked_mass:newmax-none:current_step,cumulative,4,q99,0.0001,all,masked_mass,none,current_step,16,1024,598,0,0.0,0.0,0.0,0.0,1.0,0.9999997019767761,0.0,0.0,0.9999998807907104,0,-1
cumulative:k4:q99:0.0003:all:score:newmax-none:current_step,cumulative,4,q99,0.0003,all,score,none,current_step,16,1024,598,0,0.0,0.0,0.0,0.0,1.0,0.9999997019767761,0.0,0.0,0.9999998807907104,0,-1
cumulative:k4:q99:0.0003:all:traversal:newmax-none:current_step,cumulative,4,q99,0.0003,all,traversal,none,current_step,16,1024,598,0,0.0,0.0,0.0,0.0,1.0,0.9999997019767761,0.0,0.0,0.9999998807907104,0,-1
cumulative:k4:q99:0.0003:all:masked_mass:newmax-none:current_step,cumulative,4,q99,0.0003,all,masked_mass,none,current_step,16,1024,598,0,0.0,0.0,0.0,0.0,1.0,0.9999997019767761,0.0,0.0,0.9999998807907104,0,-1
cumulative:k4:q99:0.001:all:score:newmax-none:current_step,cumulative,4,q99,0.001,all,score,none,current_step,16,1024,598,0,0.0,0.0,0.0,0.0,1.0,0.9999997019767761,0.0,0.0,0.9999998807907104,0,-1
cumulative:k4:q99:0.001:all:traversal:newmax-none:current_step,cumulative,4,q99,0.001,all,traversal,none,current_step,16,1024,598,0,0.0,0.0,0.0,0.0,1.0,0.9999997019767761,0.0,0.0,0.9999998807907104,0,-1
cumulative:k4:q99:0.001:all:masked_mass:newmax-none:current_step,cumulative,4,q99,0.001,all,masked_mass,none,current_step,16,1024,598,0,0.0,0.0,0.0,0.0,1.0,0.9999997019767761,0.0,0.0,0.9999998807907104,0,-1
cumulative:k4:q99:0.003:all:score:newmax-none:current_step,cumulative,4,q99,0.003,all,score,none,current_step,16,1024,598,0,0.0,0.0,0.0,0.0,1.0,0.9999997019767761,0.0,0.0,0.9999998807907104,0,-1
cumulative:k4:q99:0.003:all:traversal:newmax-none:current_step,cumulative,4,q99,0.003,all,traversal,none,current_step,16,1024,598,0,0.0,0.0,0.0,0.0,1.0,0.9999997019767761,0.0,0.0,0.9999998807907104,0,-1
cumulative:k4:q99:0.003:all:masked_mass:newmax-none:current_step,cumulative,4,q99,0.003,all,masked_mass,none,current_step,16,1024,598,0,0.0,0.0,0.0,0.0,1.0,0.9999997019767761,0.0,0.0,0.9999998807907104,0,-1
cumulative:k4:q99:0.01:all:score:newmax-none:current_step,cumulative,4,q99,0.01,all,score,none,current_step,16,1024,598,3,0.0029296875,0.005016722408026756,0.0022676587104797363,0.0008341281645698473,0.9999940395355225,0.9999863505363464,0.0002503612558939494,0.0010391729010734707,0.9999989867210388,0,1
cumulative:k4:q99:0.01:all:traversal:newmax-none:current_step,cumulative,4,q99,0.01,all,traversal,none,current_step,16,1024,598,3,0.0029296875,0.005016722408026756,0.0022676587104797363,0.0008687648369232193,0.9999940395355225,0.9999855756759644,0.0002851873796316795,0.0010497509210836142,0.9999985098838806,0,1
cumulative:k4:q99:0.01:all:masked_mass:newmax-none:current_step,cumulative,4,q99,0.01,all,masked_mass,none,current_step,16,1024,598,3,0.0029296875,0.005016722408026756,0.0022676587104797363,0.0008341281645698473,0.9999940395355225,0.9999863505363464,0.0002503612558939494,0.0010391729010734707,0.9999989867210388,0,1
cumulative:k4:q99:0.03:all:score:newmax-none:current_step,cumulative,4,q99,0.03,all,score,none,current_step,16,1024,598,6,0.005859375,0.010033444816053512,0.003998597152531147,0.0013674348156200722,0.9999940395355225,0.9998565316200256,0.0004496017318160739,0.002172867301851511,0.999995768070221,0,1
cumulative:k4:q99:0.03:all:traversal:newmax-none:current_step,cumulative,4,q99,0.03,all,traversal,none,current_step,16,1024,598,7,0.0068359375,0.011705685618729096,0.004702501930296421,0.0016042601928347722,0.9999859929084778,0.9998022317886353,0.0006867556330689695,0.002367969835177064,0.9999874830245972,0,1
cumulative:k4:q99:0.03:all:masked_mass:newmax-none:current_step,cumulative,4,q99,0.03,all,masked_mass,none,current_step,16,1024,598,6,0.005859375,0.010033444816053512,0.003998597152531147,0.0013674348156200722,0.9999940395355225,0.9998565316200256,0.0004496017318160739,0.002172867301851511,0.999995768070221,0,1
cumulative:k4:sum_masked:0.0001:all:score:newmax-none:current_step,cumulative,4,sum_masked,0.0001,all,score,none,current_step,16,1024,598,0,0.0,0.0,0.0,0.0,1.0,0.9999997019767761,0.0,0.0,0.9999998807907104,0,-1
cumulative:k4:sum_masked:0.0001:all:traversal:newmax-none:current_step,cumulative,4,sum_masked,0.0001,all,traversal,none,current_step,16,1024,598,0,0.0,0.0,0.0,0.0,1.0,0.9999997019767761,0.0,0.0,0.9999998807907104,0,-1
cumulative:k4:sum_masked:0.0001:all:masked_mass:newmax-none:current_step,cumulative,4,sum_masked,0.0001,all,masked_mass,none,current_step,16,1024,598,0,0.0,0.0,0.0,0.0,1.0,0.9999997019767761,0.0,0.0,0.9999998807907104,0,-1
cumulative:k4:sum_masked:0.0003:all:score:newmax-none:current_step,cumulative,4,sum_masked,0.0003,all,score,none,current_step,16,1024,598,0,0.0,0.0,0.0,0.0,1.0,0.9999997019767761,0.0,0.0,0.9999998807907104,0,-1
cumulative:k4:sum_masked:0.0003:all:traversal:newmax-none:current_step,cumulative,4,sum_masked,0.0003,all,traversal,none,current_step,16,1024,598,0,0.0,0.0,0.0,0.0,1.0,0.9999997019767761,0.0,0.0,0.9999998807907104,0,-1
cumulative:k4:sum_masked:0.0003:all:masked_mass:newmax-none:current_step,cumulative,4,sum_masked,0.0003,all,masked_mass,none,current_step,16,1024,598,0,0.0,0.0,0.0,0.0,1.0,0.9999997019767761,0.0,0.0,0.9999998807907104,0,-1
cumulative:k4:sum_masked:0.001:all:score:newmax-none:current_step,cumulative,4,sum_masked,0.001,all,score,none,current_step,16,1024,598,0,0.0,0.0,0.0,0.0,1.0,0.9999997019767761,0.0,0.0,0.9999998807907104,0,-1
cumulative:k4:sum_masked:0.001:all:traversal:newmax-none:current_step,cumulative,4,sum_masked,0.001,all,traversal,none,current_step,16,1024,598,0,0.0,0.0,0.0,0.0,1.0,0.9999997019767761,0.0,0.0,0.9999998807907104,0,-1
cumulative:k4:sum_masked:0.001:all:masked_mass:newmax-none:current_step,cumulative,4,sum_masked,0.001,all,masked_mass,none,current_step,16,1024,598,0,0.0,0.0,0.0,0.0,1.0,0.9999997019767761,0.0,0.0,0.9999998807907104,0,-1
cumulative:k4:sum_masked:0.003:all:score:newmax-none:current_step,cumulative,4,sum_masked,0.003,all,score,none,current_step,16,1024,598,0,0.0,0.0,0.0,0.0,1.0,0.9999997019767761,0.0,0.0,0.9999998807907104,0,-1
cumulative:k4:sum_masked:0.003:all:traversal:newmax-none:current_step,cumulative,4,sum_masked,0.003,all,traversal,none,current_step,16,1024,598,0,0.0,0.0,0.0,0.0,1.0,0.9999997019767761,0.0,0.0,0.9999998807907104,0,-1
cumulative:k4:sum_masked:0.003:all:masked_mass:newmax-none:current_step,cumulative,4,sum_masked,0.003,all,masked_mass,none,current_step,16,1024,598,0,0.0,0.0,0.0,0.0,1.0,0.9999997019767761,0.0,0.0,0.9999998807907104,0,-1
cumulative:k4:sum_masked:0.01:all:score:newmax-none:current_step,cumulative,4,sum_masked,0.01,all,score,none,current_step,16,1024,598,3,0.0029296875,0.005016722408026756,0.0022676587104797363,0.0008341281645698473,0.9999940395355225,0.9999863505363464,0.0002503612558939494,0.0010391729010734707,0.9999989867210388,0,1
cumulative:k4:sum_masked:0.01:all:traversal:newmax-none:current_step,cumulative,4,sum_masked,0.01,all,traversal,none,current_step,16,1024,598,3,0.0029296875,0.005016722408026756,0.0022676587104797363,0.0008687648369232193,0.9999940395355225,0.9999855756759644,0.0002851873796316795,0.0010497509210836142,0.9999985098838806,0,1
cumulative:k4:sum_masked:0.01:all:masked_mass:newmax-none:current_step,cumulative,4,sum_masked,0.01,all,masked_mass,none,current_step,16,1024,598,3,0.0029296875,0.005016722408026756,0.0022676587104797363,0.0008341281645698473,0.9999940395355225,0.9999863505363464,0.0002503612558939494,0.0010391729010734707,0.9999989867210388,0,1
cumulative:k4:sum_masked:0.03:all:score:newmax-none:current_step,cumulative,4,sum_masked,0.03,all,score,none,current_step,16,1024,598,7,0.0068359375,0.011705685618729096,0.004269502125680447,0.0015266444679582492,0.9999894499778748,0.9998365044593811,0.0006094710515753832,0.0022482796339318156,0.9999906420707703,0,1
cumulative:k4:sum_masked:0.03:all:traversal:newmax-none:current_step,cumulative,4,sum_masked,0.03,all,traversal,none,current_step,16,1024,598,7,0.0068359375,0.011705685618729096,0.004702501930296421,0.0016042601928347722,0.9999859929084778,0.9998022317886353,0.0006867556330689695,0.002367969835177064,0.9999874830245972,0,1
cumulative:k4:sum_masked:0.03:all:masked_mass:newmax-none:current_step,cumulative,4,sum_masked,0.03,all,masked_mass,none,current_step,16,1024,598,6,0.005859375,0.010033444816053512,0.003998597152531147,0.0013674348156200722,0.9999940395355225,0.9998565316200256,0.0004496017318160739,0.002172867301851511,0.999995768070221,0,1
cumulative:k8:all_max:0.0001:all:score:newmax-none:current_step,cumulative,8,all_max,0.0001,all,score,none,current_step,16,1024,598,0,0.0,0.0,0.0,0.0,1.0,0.9999997019767761,0.0,0.0,0.9999998807907104,0,-1
cumulative:k8:all_max:0.0001:all:traversal:newmax-none:current_step,cumulative,8,all_max,0.0001,all,traversal,none,current_step,16,1024,598,0,0.0,0.0,0.0,0.0,1.0,0.9999997019767761,0.0,0.0,0.9999998807907104,0,-1
cumulative:k8:all_max:0.0001:all:masked_mass:newmax-none:current_step,cumulative,8,all_max,0.0001,all,masked_mass,none,current_step,16,1024,598,0,0.0,0.0,0.0,0.0,1.0,0.9999997019767761,0.0,0.0,0.9999998807907104,0,-1
cumulative:k8:all_max:0.0003:all:score:newmax-none:current_step,cumulative,8,all_max,0.0003,all,score,none,current_step,16,1024,598,0,0.0,0.0,0.0,0.0,1.0,0.9999997019767761,0.0,0.0,0.9999998807907104,0,-1
cumulative:k8:all_max:0.0003:all:traversal:newmax-none:current_step,cumulative,8,all_max,0.0003,all,traversal,none,current_step,16,1024,598,0,0.0,0.0,0.0,0.0,1.0,0.9999997019767761,0.0,0.0,0.9999998807907104,0,-1
cumulative:k8:all_max:0.0003:all:masked_mass:newmax-none:current_step,cumulative,8,all_max,0.0003,all,masked_mass,none,current_step,16,1024,598,0,0.0,0.0,0.0,0.0,1.0,0.9999997019767761,0.0,0.0,0.9999998807907104,0,-1
cumulative:k8:all_max:0.001:all:score:newmax-none:current_step,cumulative,8,all_max,0.001,all,score,none,current_step,16,1024,598,0,0.0,0.0,0.0,0.0,1.0,0.9999997019767761,0.0,0.0,0.9999998807907104,0,-1
cumulative:k8:all_max:0.001:all:traversal:newmax-none:current_step,cumulative,8,all_max,0.001,all,traversal,none,current_step,16,1024,598,0,0.0,0.0,0.0,0.0,1.0,0.9999997019767761,0.0,0.0,0.9999998807907104,0,-1
cumulative:k8:all_max:0.001:all:masked_mass:newmax-none:current_step,cumulative,8,all_max,0.001,all,masked_mass,none,current_step,16,1024,598,0,0.0,0.0,0.0,0.0,1.0,0.9999997019767761,0.0,0.0,0.9999998807907104,0,-1
cumulative:k8:all_max:0.003:all:score:newmax-none:current_step,cumulative,8,all_max,0.003,all,score,none,current_step,16,1024,598,0,0.0,0.0,0.0,0.0,1.0,0.9999997019767761,0.0,0.0,0.9999998807907104,0,-1
cumulative:k8:all_max:0.003:all:traversal:newmax-none:current_step,cumulative,8,all_max,0.003,all,traversal,none,current_step,16,1024,598,0,0.0,0.0,0.0,0.0,1.0,0.9999997019767761,0.0,0.0,0.9999998807907104,0,-1
cumulative:k8:all_max:0.003:all:masked_mass:newmax-none:current_step,cumulative,8,all_max,0.003,all,masked_mass,none,current_step,16,1024,598,0,0.0,0.0,0.0,0.0,1.0,0.9999997019767761,0.0,0.0,0.9999998807907104,0,-1
cumulative:k8:all_max:0.01:all:score:newmax-none:current_step,cumulative,8,all_max,0.01,all,score,none,current_step,16,1024,598,6,0.005859375,0.010033444816053512,0.004382967948913574,0.001741168976877816,0.9999837875366211,0.9999796748161316,0.0003660644688352477,0.0018978933221660554,0.9999988079071045,0,1
cumulative:k8:all_max:0.01:all:traversal:newmax-none:current_step,cumulative,8,all_max,0.01,all,traversal,none,current_step,16,1024,598,6,0.005859375,0.010033444816053512,0.004382967948913574,0.0017910552414832637,0.9999837875366211,0.9999796748161316,0.00039113095408538356,0.0019895808363799006,0.9999985098838806,0,1
cumulative:k8:all_max:0.01:all:masked_mass:newmax-none:current_step,cumulative,8,all_max,0.01,all,masked_mass,none,current_step,16,1024,598,6,0.005859375,0.010033444816053512,0.004382967948913574,0.001721424501738511,0.9999837875366211,0.9999796748161316,0.00034580452120280825,0.0019436149450484663,0.9999989867210388,0,1
cumulative:k8:all_max:0.03:all:score:newmax-none:current_step,cumulative,8,all_max,0.03,all,score,none,current_step,16,1024,598,18,0.017578125,0.030100334448160536,0.011585652828216553,0.007230355425235757,0.9998965859413147,0.9998694062232971,0.0009482688546995632,0.007811083944943675,0.9999891519546509,3,1
cumulative:k8:all_max:0.03:all:traversal:newmax-none:current_step,cumulative,8,all_max,0.03,all,traversal,none,current_step,16,1024,598,18,0.017578125,0.030100334448160536,0.011585652828216553,0.007271999223121384,0.9998965859413147,0.9998022317886353,0.0009877905176836066,0.00812223648881627,0.9999874830245972,3,1
cumulative:k8:all_max:0.03:all:masked_mass:newmax-none:current_step,cumulative,8,all_max,0.03,all,masked_mass,none,current_step,16,1024,598,17,0.0166015625,0.028428093645484948,0.011585652828216553,0.007035173845906684,0.9998965859413147,0.9998565316200256,0.000750636616430711,0.007927133955490717,0.999995768070221,3,1
cumulative:k8:veto_max:0.0001:all:score:newmax-none:current_step,cumulative,8,veto_max,0.0001,all,score,none,current_step,16,1024,598,0,0.0,0.0,0.0,0.0,1.0,0.9999997019767761,0.0,0.0,0.9999998807907104,0,-1
cumulative:k8:veto_max:0.0001:all:traversal:newmax-none:current_step,cumulative,8,veto_max,0.0001,all,traversal,none,current_step,16,1024,598,0,0.0,0.0,0.0,0.0,1.0,0.9999997019767761,0.0,0.0,0.9999998807907104,0,-1
cumulative:k8:veto_max:0.0001:all:masked_mass:newmax-none:current_step,cumulative,8,veto_max,0.0001,all,masked_mass,none,current_step,16,1024,598,0,0.0,0.0,0.0,0.0,1.0,0.9999997019767761,0.0,0.0,0.9999998807907104,0,-1
cumulative:k8:veto_max:0.0003:all:score:newmax-none:current_step,cumulative,8,veto_max,0.0003,all,score,none,current_step,16,1024,598,0,0.0,0.0,0.0,0.0,1.0,0.9999997019767761,0.0,0.0,0.9999998807907104,0,-1
cumulative:k8:veto_max:0.0003:all:traversal:newmax-none:current_step,cumulative,8,veto_max,0.0003,all,traversal,none,current_step,16,1024,598,0,0.0,0.0,0.0,0.0,1.0,0.9999997019767761,0.0,0.0,0.9999998807907104,0,-1
cumulative:k8:veto_max:0.0003:all:masked_mass:newmax-none:current_step,cumulative,8,veto_max,0.0003,all,masked_mass,none,current_step,16,1024,598,0,0.0,0.0,0.0,0.0,1.0,0.9999997019767761,0.0,0.0,0.9999998807907104,0,-1
cumulative:k8:veto_max:0.001:all:score:newmax-none:current_step,cumulative,8,veto_max,0.001,all,score,none,current_step,16,1024,598,0,0.0,0.0,0.0,0.0,1.0,0.9999997019767761,0.0,0.0,0.9999998807907104,0,-1
cumulative:k8:veto_max:0.001:all:traversal:newmax-none:current_step,cumulative,8,veto_max,0.001,all,traversal,none,current_step,16,1024,598,0,0.0,0.0,0.0,0.0,1.0,0.9999997019767761,0.0,0.0,0.9999998807907104,0,-1
cumulative:k8:veto_max:0.001:all:masked_mass:newmax-none:current_step,cumulative,8,veto_max,0.001,all,masked_mass,none,current_step,16,1024,598,0,0.0,0.0,0.0,0.0,1.0,0.9999997019767761,0.0,0.0,0.9999998807907104,0,-1
cumulative:k8:veto_max:0.003:all:score:newmax-none:current_step,cumulative,8,veto_max,0.003,all,score,none,current_step,16,1024,598,0,0.0,0.0,0.0,0.0,1.0,0.9999997019767761,0.0,0.0,0.9999998807907104,0,-1
cumulative:k8:veto_max:0.003:all:traversal:newmax-none:current_step,cumulative,8,veto_max,0.003,all,traversal,none,current_step,16,1024,598,0,0.0,0.0,0.0,0.0,1.0,0.9999997019767761,0.0,0.0,0.9999998807907104,0,-1
cumulative:k8:veto_max:0.003:all:masked_mass:newmax-none:current_step,cumulative,8,veto_max,0.003,all,masked_mass,none,current_step,16,1024,598,0,0.0,0.0,0.0,0.0,1.0,0.9999997019767761,0.0,0.0,0.9999998807907104,0,-1
cumulative:k8:veto_max:0.01:all:score:newmax-none:current_step,cumulative,8,veto_max,0.01,all,score,none,current_step,16,1024,598,6,0.005859375,0.010033444816053512,0.004382967948913574,0.001741168976877816,0.9999837875366211,0.9999796748161316,0.0003660644688352477,0.0018978933221660554,0.9999988079071045,0,1
cumulative:k8:veto_max:0.01:all:traversal:newmax-none:current_step,cumulative,8,veto_max,0.01,all,traversal,none,current_step,16,1024,598,6,0.005859375,0.010033444816053512,0.004382967948913574,0.0017910552414832637,0.9999837875366211,0.9999796748161316,0.00039113095408538356,0.0019895808363799006,0.9999985098838806,0,1
cumulative:k8:veto_max:0.01:all:masked_mass:newmax-none:current_step,cumulative,8,veto_max,0.01,all,masked_mass,none,current_step,16,1024,598,6,0.005859375,0.010033444816053512,0.004382967948913574,0.001721424501738511,0.9999837875366211,0.9999796748161316,0.00034580452120280825,0.0019436149450484663,0.9999989867210388,0,1
cumulative:k8:veto_max:0.03:all:score:newmax-none:current_step,cumulative,8,veto_max,0.03,all,score,none,current_step,16,1024,598,18,0.017578125,0.030100334448160536,0.011585652828216553,0.007230355425235757,0.9998965859413147,0.9998694062232971,0.0009482688546995632,0.007811083944943675,0.9999891519546509,3,1
cumulative:k8:veto_max:0.03:all:traversal:newmax-none:current_step,cumulative,8,veto_max,0.03,all,traversal,none,current_step,16,1024,598,18,0.017578125,0.030100334448160536,0.011585652828216553,0.007271999223121384,0.9998965859413147,0.9998022317886353,0.0009877905176836066,0.00812223648881627,0.9999874830245972,3,1
cumulative:k8:veto_max:0.03:all:masked_mass:newmax-none:current_step,cumulative,8,veto_max,0.03,all,masked_mass,none,current_step,16,1024,598,17,0.0166015625,0.028428093645484948,0.011585652828216553,0.007035173845906684,0.9998965859413147,0.9998565316200256,0.000750636616430711,0.007927133955490717,0.999995768070221,3,1
cumulative:k8:masked_max:0.0001:all:score:newmax-none:current_step,cumulative,8,masked_max,0.0001,all,score,none,current_step,16,1024,598,0,0.0,0.0,0.0,0.0,1.0,0.9999997019767761,0.0,0.0,0.9999998807907104,0,-1
cumulative:k8:masked_max:0.0001:all:traversal:newmax-none:current_step,cumulative,8,masked_max,0.0001,all,traversal,none,current_step,16,1024,598,0,0.0,0.0,0.0,0.0,1.0,0.9999997019767761,0.0,0.0,0.9999998807907104,0,-1
cumulative:k8:masked_max:0.0001:all:masked_mass:newmax-none:current_step,cumulative,8,masked_max,0.0001,all,masked_mass,none,current_step,16,1024,598,0,0.0,0.0,0.0,0.0,1.0,0.9999997019767761,0.0,0.0,0.9999998807907104,0,-1
cumulative:k8:masked_max:0.0003:all:score:newmax-none:current_step,cumulative,8,masked_max,0.0003,all,score,none,current_step,16,1024,598,0,0.0,0.0,0.0,0.0,1.0,0.9999997019767761,0.0,0.0,0.9999998807907104,0,-1
cumulative:k8:masked_max:0.0003:all:traversal:newmax-none:current_step,cumulative,8,masked_max,0.0003,all,traversal,none,current_step,16,1024,598,0,0.0,0.0,0.0,0.0,1.0,0.9999997019767761,0.0,0.0,0.9999998807907104,0,-1
cumulative:k8:masked_max:0.0003:all:masked_mass:newmax-none:current_step,cumulative,8,masked_max,0.0003,all,masked_mass,none,current_step,16,1024,598,0,0.0,0.0,0.0,0.0,1.0,0.9999997019767761,0.0,0.0,0.9999998807907104,0,-1
cumulative:k8:masked_max:0.001:all:score:newmax-none:current_step,cumulative,8,masked_max,0.001,all,score,none,current_step,16,1024,598,0,0.0,0.0,0.0,0.0,1.0,0.9999997019767761,0.0,0.0,0.9999998807907104,0,-1
cumulative:k8:masked_max:0.001:all:traversal:newmax-none:current_step,cumulative,8,masked_max,0.001,all,traversal,none,current_step,16,1024,598,0,0.0,0.0,0.0,0.0,1.0,0.9999997019767761,0.0,0.0,0.9999998807907104,0,-1
cumulative:k8:masked_max:0.001:all:masked_mass:newmax-none:current_step,cumulative,8,masked_max,0.001,all,masked_mass,none,current_step,16,1024,598,0,0.0,0.0,0.0,0.0,1.0,0.9999997019767761,0.0,0.0,0.9999998807907104,0,-1
cumulative:k8:masked_max:0.003:all:score:newmax-none:current_step,cumulative,8,masked_max,0.003,all,score,none,current_step,16,1024,598,0,0.0,0.0,0.0,0.0,1.0,0.9999997019767761,0.0,0.0,0.9999998807907104,0,-1
cumulative:k8:masked_max:0.003:all:traversal:newmax-none:current_step,cumulative,8,masked_max,0.003,all,traversal,none,current_step,16,1024,598,0,0.0,0.0,0.0,0.0,1.0,0.9999997019767761,0.0,0.0,0.9999998807907104,0,-1
cumulative:k8:masked_max:0.003:all:masked_mass:newmax-none:current_step,cumulative,8,masked_max,0.003,all,masked_mass,none,current_step,16,1024,598,0,0.0,0.0,0.0,0.0,1.0,0.9999997019767761,0.0,0.0,0.9999998807907104,0,-1
cumulative:k8:masked_max:0.01:all:score:newmax-none:current_step,cumulative,8,masked_max,0.01,all,score,none,current_step,16,1024,598,6,0.005859375,0.010033444816053512,0.004382967948913574,0.001721424501738511,0.9999837875366211,0.9999796748161316,0.00034580452120280825,0.0019436149450484663,0.9999989867210388,0,1
cumulative:k8:masked_max:0.01:all:traversal:newmax-none:current_step,cumulative,8,masked_max,0.01,all,traversal,none,current_step,16,1024,598,6,0.005859375,0.010033444816053512,0.004382967948913574,0.0017910552414832637,0.9999837875366211,0.9999796748161316,0.00039113095408538356,0.0019895808363799006,0.9999985098838806,0,1
cumulative:k8:masked_max:0.01:all:masked_mass:newmax-none:current_step,cumulative,8,masked_max,0.01,all,masked_mass,none,current_step,16,1024,598,6,0.005859375,0.010033444816053512,0.004382967948913574,0.001721424501738511,0.9999837875366211,0.9999796748161316,0.00034580452120280825,0.0019436149450484663,0.9999989867210388,0,1
cumulative:k8:masked_max:0.03:all:score:newmax-none:current_step,cumulative,8,masked_max,0.03,all,score,none,current_step,16,1024,598,17,0.0166015625,0.028428093645484948,0.011585652828216553,0.007035173845906684,0.9998965859413147,0.9998565316200256,0.000750636616430711,0.007927133955490717,0.999995768070221,3,1
cumulative:k8:masked_max:0.03:all:traversal:newmax-none:current_step,cumulative,8,masked_max,0.03,all,traversal,none,current_step,16,1024,598,18,0.017578125,0.030100334448160536,0.011585652828216553,0.007271999223121384,0.9998965859413147,0.9998022317886353,0.0009877905176836066,0.00812223648881627,0.9999874830245972,3,1
cumulative:k8:masked_max:0.03:all:masked_mass:newmax-none:current_step,cumulative,8,masked_max,0.03,all,masked_mass,none,current_step,16,1024,598,17,0.0166015625,0.028428093645484948,0.011585652828216553,0.007035173845906684,0.9998965859413147,0.9998565316200256,0.000750636616430711,0.007927133955490717,0.999995768070221,3,1
cumulative:k8:q99:0.0001:all:score:newmax-none:current_step,cumulative,8,q99,0.0001,all,score,none,current_step,16,1024,598,0,0.0,0.0,0.0,0.0,1.0,0.9999997019767761,0.0,0.0,0.9999998807907104,0,-1
cumulative:k8:q99:0.0001:all:traversal:newmax-none:current_step,cumulative,8,q99,0.0001,all,traversal,none,current_step,16,1024,598,0,0.0,0.0,0.0,0.0,1.0,0.9999997019767761,0.0,0.0,0.9999998807907104,0,-1
cumulative:k8:q99:0.0001:all:masked_mass:newmax-none:current_step,cumulative,8,q99,0.0001,all,masked_mass,none,current_step,16,1024,598,0,0.0,0.0,0.0,0.0,1.0,0.9999997019767761,0.0,0.0,0.9999998807907104,0,-1
cumulative:k8:q99:0.0003:all:score:newmax-none:current_step,cumulative,8,q99,0.0003,all,score,none,current_step,16,1024,598,0,0.0,0.0,0.0,0.0,1.0,0.9999997019767761,0.0,0.0,0.9999998807907104,0,-1
cumulative:k8:q99:0.0003:all:traversal:newmax-none:current_step,cumulative,8,q99,0.0003,all,traversal,none,current_step,16,1024,598,0,0.0,0.0,0.0,0.0,1.0,0.9999997019767761,0.0,0.0,0.9999998807907104,0,-1
cumulative:k8:q99:0.0003:all:masked_mass:newmax-none:current_step,cumulative,8,q99,0.0003,all,masked_mass,none,current_step,16,1024,598,0,0.0,0.0,0.0,0.0,1.0,0.9999997019767761,0.0,0.0,0.9999998807907104,0,-1
cumulative:k8:q99:0.001:all:score:newmax-none:current_step,cumulative,8,q99,0.001,all,score,none,current_step,16,1024,598,0,0.0,0.0,0.0,0.0,1.0,0.9999997019767761,0.0,0.0,0.9999998807907104,0,-1
cumulative:k8:q99:0.001:all:traversal:newmax-none:current_step,cumulative,8,q99,0.001,all,traversal,none,current_step,16,1024,598,0,0.0,0.0,0.0,0.0,1.0,0.9999997019767761,0.0,0.0,0.9999998807907104,0,-1
cumulative:k8:q99:0.001:all:masked_mass:newmax-none:current_step,cumulative,8,q99,0.001,all,masked_mass,none,current_step,16,1024,598,0,0.0,0.0,0.0,0.0,1.0,0.9999997019767761,0.0,0.0,0.9999998807907104,0,-1
cumulative:k8:q99:0.003:all:score:newmax-none:current_step,cumulative,8,q99,0.003,all,score,none,current_step,16,1024,598,0,0.0,0.0,0.0,0.0,1.0,0.9999997019767761,0.0,0.0,0.9999998807907104,0,-1
cumulative:k8:q99:0.003:all:traversal:newmax-none:current_step,cumulative,8,q99,0.003,all,traversal,none,current_step,16,1024,598,0,0.0,0.0,0.0,0.0,1.0,0.9999997019767761,0.0,0.0,0.9999998807907104,0,-1
cumulative:k8:q99:0.003:all:masked_mass:newmax-none:current_step,cumulative,8,q99,0.003,all,masked_mass,none,current_step,16,1024,598,0,0.0,0.0,0.0,0.0,1.0,0.9999997019767761,0.0,0.0,0.9999998807907104,0,-1
cumulative:k8:q99:0.01:all:score:newmax-none:current_step,cumulative,8,q99,0.01,all,score,none,current_step,16,1024,598,6,0.005859375,0.010033444816053512,0.004382967948913574,0.001721424501738511,0.9999837875366211,0.9999796748161316,0.00034580452120280825,0.0019436149450484663,0.9999989867210388,0,1
cumulative:k8:q99:0.01:all:traversal:newmax-none:current_step,cumulative,8,q99,0.01,all,traversal,none,current_step,16,1024,598,6,0.005859375,0.010033444816053512,0.004382967948913574,0.0017910552414832637,0.9999837875366211,0.9999796748161316,0.00039113095408538356,0.0019895808363799006,0.9999985098838806,0,1
cumulative:k8:q99:0.01:all:masked_mass:newmax-none:current_step,cumulative,8,q99,0.01,all,masked_mass,none,current_step,16,1024,598,6,0.005859375,0.010033444816053512,0.004382967948913574,0.001721424501738511,0.9999837875366211,0.9999796748161316,0.00034580452120280825,0.0019436149450484663,0.9999989867210388,0,1
cumulative:k8:q99:0.03:all:score:newmax-none:current_step,cumulative,8,q99,0.03,all,score,none,current_step,16,1024,598,17,0.0166015625,0.028428093645484948,0.011585652828216553,0.007035173845906684,0.9998965859413147,0.9998565316200256,0.000750636616430711,0.007927133955490717,0.999995768070221,3,1
cumulative:k8:q99:0.03:all:traversal:newmax-none:current_step,cumulative,8,q99,0.03,all,traversal,none,current_step,16,1024,598,18,0.017578125,0.030100334448160536,0.011585652828216553,0.007271999223121384,0.9998965859413147,0.9998022317886353,0.0009877905176836066,0.00812223648881627,0.9999874830245972,3,1
cumulative:k8:q99:0.03:all:masked_mass:newmax-none:current_step,cumulative,8,q99,0.03,all,masked_mass,none,current_step,16,1024,598,17,0.0166015625,0.028428093645484948,0.011585652828216553,0.007035173845906684,0.9998965859413147,0.9998565316200256,0.000750636616430711,0.007927133955490717,0.999995768070221,3,1
cumulative:k8:sum_masked:0.0001:all:score:newmax-none:current_step,cumulative,8,sum_masked,0.0001,all,score,none,current_step,16,1024,598,0,0.0,0.0,0.0,0.0,1.0,0.9999997019767761,0.0,0.0,0.9999998807907104,0,-1
cumulative:k8:sum_masked:0.0001:all:traversal:newmax-none:current_step,cumulative,8,sum_masked,0.0001,all,traversal,none,current_step,16,1024,598,0,0.0,0.0,0.0,0.0,1.0,0.9999997019767761,0.0,0.0,0.9999998807907104,0,-1
cumulative:k8:sum_masked:0.0001:all:masked_mass:newmax-none:current_step,cumulative,8,sum_masked,0.0001,all,masked_mass,none,current_step,16,1024,598,0,0.0,0.0,0.0,0.0,1.0,0.9999997019767761,0.0,0.0,0.9999998807907104,0,-1
cumulative:k8:sum_masked:0.0003:all:score:newmax-none:current_step,cumulative,8,sum_masked,0.0003,all,score,none,current_step,16,1024,598,0,0.0,0.0,0.0,0.0,1.0,0.9999997019767761,0.0,0.0,0.9999998807907104,0,-1
cumulative:k8:sum_masked:0.0003:all:traversal:newmax-none:current_step,cumulative,8,sum_masked,0.0003,all,traversal,none,current_step,16,1024,598,0,0.0,0.0,0.0,0.0,1.0,0.9999997019767761,0.0,0.0,0.9999998807907104,0,-1
cumulative:k8:sum_masked:0.0003:all:masked_mass:newmax-none:current_step,cumulative,8,sum_masked,0.0003,all,masked_mass,none,current_step,16,1024,598,0,0.0,0.0,0.0,0.0,1.0,0.9999997019767761,0.0,0.0,0.9999998807907104,0,-1
cumulative:k8:sum_masked:0.001:all:score:newmax-none:current_step,cumulative,8,sum_masked,0.001,all,score,none,current_step,16,1024,598,0,0.0,0.0,0.0,0.0,1.0,0.9999997019767761,0.0,0.0,0.9999998807907104,0,-1
cumulative:k8:sum_masked:0.001:all:traversal:newmax-none:current_step,cumulative,8,sum_masked,0.001,all,traversal,none,current_step,16,1024,598,0,0.0,0.0,0.0,0.0,1.0,0.9999997019767761,0.0,0.0,0.9999998807907104,0,-1
cumulative:k8:sum_masked:0.001:all:masked_mass:newmax-none:current_step,cumulative,8,sum_masked,0.001,all,masked_mass,none,current_step,16,1024,598,0,0.0,0.0,0.0,0.0,1.0,0.9999997019767761,0.0,0.0,0.9999998807907104,0,-1
cumulative:k8:sum_masked:0.003:all:score:newmax-none:current_step,cumulative,8,sum_masked,0.003,all,score,none,current_step,16,1024,598,0,0.0,0.0,0.0,0.0,1.0,0.9999997019767761,0.0,0.0,0.9999998807907104,0,-1
cumulative:k8:sum_masked:0.003:all:traversal:newmax-none:current_step,cumulative,8,sum_masked,0.003,all,traversal,none,current_step,16,1024,598,0,0.0,0.0,0.0,0.0,1.0,0.9999997019767761,0.0,0.0,0.9999998807907104,0,-1
cumulative:k8:sum_masked:0.003:all:masked_mass:newmax-none:current_step,cumulative,8,sum_masked,0.003,all,masked_mass,none,current_step,16,1024,598,0,0.0,0.0,0.0,0.0,1.0,0.9999997019767761,0.0,0.0,0.9999998807907104,0,-1
cumulative:k8:sum_masked:0.01:all:score:newmax-none:current_step,cumulative,8,sum_masked,0.01,all,score,none,current_step,16,1024,598,6,0.005859375,0.010033444816053512,0.004382967948913574,0.001721424501738511,0.9999837875366211,0.9999796748161316,0.00034580452120280825,0.0019436149450484663,0.9999989867210388,0,1
cumulative:k8:sum_masked:0.01:all:traversal:newmax-none:current_step,cumulative,8,sum_masked,0.01,all,traversal,none,current_step,16,1024,598,6,0.005859375,0.010033444816053512,0.004382967948913574,0.0017910552414832637,0.9999837875366211,0.9999796748161316,0.00039113095408538356,0.0019895808363799006,0.9999985098838806,0,1
cumulative:k8:sum_masked:0.01:all:masked_mass:newmax-none:current_step,cumulative,8,sum_masked,0.01,all,masked_mass,none,current_step,16,1024,598,6,0.005859375,0.010033444816053512,0.004382967948913574,0.001721424501738511,0.9999837875366211,0.9999796748161316,0.00034580452120280825,0.0019436149450484663,0.9999989867210388,0,1
cumulative:k8:sum_masked:0.03:all:score:newmax-none:current_step,cumulative,8,sum_masked,0.03,all,score,none,current_step,16,1024,598,18,0.017578125,0.030100334448160536,0.011585652828216553,0.007194383498244861,0.9998965859413147,0.9998365044593811,0.0009105059361900203,0.008002546287571022,0.9999906420707703,3,1
cumulative:k8:sum_masked:0.03:all:traversal:newmax-none:current_step,cumulative,8,sum_masked,0.03,all,traversal,none,current_step,16,1024,598,18,0.017578125,0.030100334448160536,0.011585652828216553,0.007271999223121384,0.9998965859413147,0.9998022317886353,0.0009877905176836066,0.00812223648881627,0.9999874830245972,3,1
cumulative:k8:sum_masked:0.03:all:masked_mass:newmax-none:current_step,cumulative,8,sum_masked,0.03,all,masked_mass,none,current_step,16,1024,598,17,0.0166015625,0.028428093645484948,0.011585652828216553,0.007035173845906684,0.9998965859413147,0.9998565316200256,0.000750636616430711,0.007927133955490717,0.999995768070221,3,1
cumulative:k16:all_max:0.0001:all:score:newmax-none:current_step,cumulative,16,all_max,0.0001,all,score,none,current_step,16,1024,598,0,0.0,0.0,0.0,0.0,1.0,0.9999997019767761,0.0,0.0,0.9999998807907104,0,-1
cumulative:k16:all_max:0.0001:all:traversal:newmax-none:current_step,cumulative,16,all_max,0.0001,all,traversal,none,current_step,16,1024,598,0,0.0,0.0,0.0,0.0,1.0,0.9999997019767761,0.0,0.0,0.9999998807907104,0,-1
cumulative:k16:all_max:0.0001:all:masked_mass:newmax-none:current_step,cumulative,16,all_max,0.0001,all,masked_mass,none,current_step,16,1024,598,0,0.0,0.0,0.0,0.0,1.0,0.9999997019767761,0.0,0.0,0.9999998807907104,0,-1
cumulative:k16:all_max:0.0003:all:score:newmax-none:current_step,cumulative,16,all_max,0.0003,all,score,none,current_step,16,1024,598,0,0.0,0.0,0.0,0.0,1.0,0.9999997019767761,0.0,0.0,0.9999998807907104,0,-1
cumulative:k16:all_max:0.0003:all:traversal:newmax-none:current_step,cumulative,16,all_max,0.0003,all,traversal,none,current_step,16,1024,598,0,0.0,0.0,0.0,0.0,1.0,0.9999997019767761,0.0,0.0,0.9999998807907104,0,-1
cumulative:k16:all_max:0.0003:all:masked_mass:newmax-none:current_step,cumulative,16,all_max,0.0003,all,masked_mass,none,current_step,16,1024,598,0,0.0,0.0,0.0,0.0,1.0,0.9999997019767761,0.0,0.0,0.9999998807907104,0,-1
cumulative:k16:all_max:0.001:all:score:newmax-none:current_step,cumulative,16,all_max,0.001,all,score,none,current_step,16,1024,598,0,0.0,0.0,0.0,0.0,1.0,0.9999997019767761,0.0,0.0,0.9999998807907104,0,-1
cumulative:k16:all_max:0.001:all:traversal:newmax-none:current_step,cumulative,16,all_max,0.001,all,traversal,none,current_step,16,1024,598,0,0.0,0.0,0.0,0.0,1.0,0.9999997019767761,0.0,0.0,0.9999998807907104,0,-1
cumulative:k16:all_max:0.001:all:masked_mass:newmax-none:current_step,cumulative,16,all_max,0.001,all,masked_mass,none,current_step,16,1024,598,0,0.0,0.0,0.0,0.0,1.0,0.9999997019767761,0.0,0.0,0.9999998807907104,0,-1
cumulative:k16:all_max:0.003:all:score:newmax-none:current_step,cumulative,16,all_max,0.003,all,score,none,current_step,16,1024,598,0,0.0,0.0,0.0,0.0,1.0,0.9999997019767761,0.0,0.0,0.9999998807907104,0,-1
cumulative:k16:all_max:0.003:all:traversal:newmax-none:current_step,cumulative,16,all_max,0.003,all,traversal,none,current_step,16,1024,598,0,0.0,0.0,0.0,0.0,1.0,0.9999997019767761,0.0,0.0,0.9999998807907104,0,-1
cumulative:k16:all_max:0.003:all:masked_mass:newmax-none:current_step,cumulative,16,all_max,0.003,all,masked_mass,none,current_step,16,1024,598,0,0.0,0.0,0.0,0.0,1.0,0.9999997019767761,0.0,0.0,0.9999998807907104,0,-1
cumulative:k16:all_max:0.01:all:score:newmax-none:current_step,cumulative,16,all_max,0.01,all,score,none,current_step,16,1024,598,8,0.0078125,0.013377926421404682,0.004382967948913574,0.0022243978892220184,0.9999837875366211,0.9999796748161316,0.0003660644688352477,0.002381122234510258,0.9999988079071045,0,1
cumulative:k16:all_max:0.01:all:traversal:newmax-none:current_step,cumulative,16,all_max,0.01,all,traversal,none,current_step,16,1024,598,7,0.0068359375,0.011705685618729096,0.002934381365776062,0.0020624399912776425,0.9999914169311523,0.9999855756759644,0.00034445736309862696,0.0022567523119505495,0.9999985098838806,0,1
cumulative:k16:all_max:0.01:all:masked_mass:newmax-none:current_step,cumulative,16,all_max,0.01,all,masked_mass,none,current_step,16,1024,598,8,0.0078125,0.013377926421404682,0.004616081714630127,0.002460185714880936,0.9999837875366211,0.9999796748161316,0.000346339431416709,0.0026864237734116614,0.9999989867210388,0,1
cumulative:k16:all_max:0.03:all:score:newmax-none:current_step,cumulative,16,all_max,0.03,all,score,none,current_step,16,1024,598,24,0.0234375,0.04013377926421405,0.009178221225738525,0.007792480392708967,0.9999019503593445,0.9998847246170044,0.0010649159958120435,0.00838336580000032,0.9999891519546509,3,1
cumulative:k16:all_max:0.03:all:traversal:newmax-none:current_step,cumulative,16,all_max,0.03,all,traversal,none,current_step,16,1024,598,24,0.0234375,0.04013377926421405,0.011823907494544983,0.008454679532405862,0.9998522400856018,0.9998022317886353,0.0011191432713530958,0.009338014954664686,0.9999874830245972,3,1
cumulative:k16:all_max:0.03:all:masked_mass:newmax-none:current_step,cumulative,16,all_max,0.03,all,masked_mass,none,current_step,16,1024,598,22,0.021484375,0.03678929765886288,0.01372864842414856,0.009810874224967847,0.9998502135276794,0.9998041391372681,0.0008492529814247973,0.010768406661554764,0.999995768070221,3,1
cumulative:k16:veto_max:0.0001:all:score:newmax-none:current_step,cumulative,16,veto_max,0.0001,all,score,none,current_step,16,1024,598,0,0.0,0.0,0.0,0.0,1.0,0.9999997019767761,0.0,0.0,0.9999998807907104,0,-1
cumulative:k16:veto_max:0.0001:all:traversal:newmax-none:current_step,cumulative,16,veto_max,0.0001,all,traversal,none,current_step,16,1024,598,0,0.0,0.0,0.0,0.0,1.0,0.9999997019767761,0.0,0.0,0.9999998807907104,0,-1
cumulative:k16:veto_max:0.0001:all:masked_mass:newmax-none:current_step,cumulative,16,veto_max,0.0001,all,masked_mass,none,current_step,16,1024,598,0,0.0,0.0,0.0,0.0,1.0,0.9999997019767761,0.0,0.0,0.9999998807907104,0,-1
cumulative:k16:veto_max:0.0003:all:score:newmax-none:current_step,cumulative,16,veto_max,0.0003,all,score,none,current_step,16,1024,598,0,0.0,0.0,0.0,0.0,1.0,0.9999997019767761,0.0,0.0,0.9999998807907104,0,-1
cumulative:k16:veto_max:0.0003:all:traversal:newmax-none:current_step,cumulative,16,veto_max,0.0003,all,traversal,none,current_step,16,1024,598,0,0.0,0.0,0.0,0.0,1.0,0.9999997019767761,0.0,0.0,0.9999998807907104,0,-1
cumulative:k16:veto_max:0.0003:all:masked_mass:newmax-none:current_step,cumulative,16,veto_max,0.0003,all,masked_mass,none,current_step,16,1024,598,0,0.0,0.0,0.0,0.0,1.0,0.9999997019767761,0.0,0.0,0.9999998807907104,0,-1
cumulative:k16:veto_max:0.001:all:score:newmax-none:current_step,cumulative,16,veto_max,0.001,all,score,none,current_step,16,1024,598,0,0.0,0.0,0.0,0.0,1.0,0.9999997019767761,0.0,0.0,0.9999998807907104,0,-1
cumulative:k16:veto_max:0.001:all:traversal:newmax-none:current_step,cumulative,16,veto_max,0.001,all,traversal,none,current_step,16,1024,598,0,0.0,0.0,0.0,0.0,1.0,0.9999997019767761,0.0,0.0,0.9999998807907104,0,-1
cumulative:k16:veto_max:0.001:all:masked_mass:newmax-none:current_step,cumulative,16,veto_max,0.001,all,masked_mass,none,current_step,16,1024,598,0,0.0,0.0,0.0,0.0,1.0,0.9999997019767761,0.0,0.0,0.9999998807907104,0,-1
cumulative:k16:veto_max:0.003:all:score:newmax-none:current_step,cumulative,16,veto_max,0.003,all,score,none,current_step,16,1024,598,0,0.0,0.0,0.0,0.0,1.0,0.9999997019767761,0.0,0.0,0.9999998807907104,0,-1
cumulative:k16:veto_max:0.003:all:traversal:newmax-none:current_step,cumulative,16,veto_max,0.003,all,traversal,none,current_step,16,1024,598,0,0.0,0.0,0.0,0.0,1.0,0.9999997019767761,0.0,0.0,0.9999998807907104,0,-1
cumulative:k16:veto_max:0.003:all:masked_mass:newmax-none:current_step,cumulative,16,veto_max,0.003,all,masked_mass,none,current_step,16,1024,598,0,0.0,0.0,0.0,0.0,1.0,0.9999997019767761,0.0,0.0,0.9999998807907104,0,-1
cumulative:k16:veto_max:0.01:all:score:newmax-none:current_step,cumulative,16,veto_max,0.01,all,score,none,current_step,16,1024,598,8,0.0078125,0.013377926421404682,0.004382967948913574,0.0022243978892220184,0.9999837875366211,0.9999796748161316,0.0003660644688352477,0.002381122234510258,0.9999988079071045,0,1
cumulative:k16:veto_max:0.01:all:traversal:newmax-none:current_step,cumulative,16,veto_max,0.01,all,traversal,none,current_step,16,1024,598,7,0.0068359375,0.011705685618729096,0.002934381365776062,0.0020624399912776425,0.9999914169311523,0.9999855756759644,0.00034445736309862696,0.0022567523119505495,0.9999985098838806,0,1
cumulative:k16:veto_max:0.01:all:masked_mass:newmax-none:current_step,cumulative,16,veto_max,0.01,all,masked_mass,none,current_step,16,1024,598,8,0.0078125,0.013377926421404682,0.004616081714630127,0.002460185714880936,0.9999837875366211,0.9999796748161316,0.000346339431416709,0.0026864237734116614,0.9999989867210388,0,1
cumulative:k16:veto_max:0.03:all:score:newmax-none:current_step,cumulative,16,veto_max,0.03,all,score,none,current_step,16,1024,598,24,0.0234375,0.04013377926421405,0.009178221225738525,0.007792480392708967,0.9999019503593445,0.9998847246170044,0.0010649159958120435,0.00838336580000032,0.9999891519546509,3,1
cumulative:k16:veto_max:0.03:all:traversal:newmax-none:current_step,cumulative,16,veto_max,0.03,all,traversal,none,current_step,16,1024,598,24,0.0234375,0.04013377926421405,0.011823907494544983,0.008454679532405862,0.9998522400856018,0.9998022317886353,0.0011191432713530958,0.009338014954664686,0.9999874830245972,3,1
cumulative:k16:veto_max:0.03:all:masked_mass:newmax-none:current_step,cumulative,16,veto_max,0.03,all,masked_mass,none,current_step,16,1024,598,22,0.021484375,0.03678929765886288,0.01372864842414856,0.009810874224967847,0.9998502135276794,0.9998041391372681,0.0008492529814247973,0.010768406661554764,0.999995768070221,3,1
cumulative:k16:masked_max:0.0001:all:score:newmax-none:current_step,cumulative,16,masked_max,0.0001,all,score,none,current_step,16,1024,598,0,0.0,0.0,0.0,0.0,1.0,0.9999997019767761,0.0,0.0,0.9999998807907104,0,-1
cumulative:k16:masked_max:0.0001:all:traversal:newmax-none:current_step,cumulative,16,masked_max,0.0001,all,traversal,none,current_step,16,1024,598,0,0.0,0.0,0.0,0.0,1.0,0.9999997019767761,0.0,0.0,0.9999998807907104,0,-1
cumulative:k16:masked_max:0.0001:all:masked_mass:newmax-none:current_step,cumulative,16,masked_max,0.0001,all,masked_mass,none,current_step,16,1024,598,0,0.0,0.0,0.0,0.0,1.0,0.9999997019767761,0.0,0.0,0.9999998807907104,0,-1
cumulative:k16:masked_max:0.0003:all:score:newmax-none:current_step,cumulative,16,masked_max,0.0003,all,score,none,current_step,16,1024,598,0,0.0,0.0,0.0,0.0,1.0,0.9999997019767761,0.0,0.0,0.9999998807907104,0,-1
cumulative:k16:masked_max:0.0003:all:traversal:newmax-none:current_step,cumulative,16,masked_max,0.0003,all,traversal,none,current_step,16,1024,598,0,0.0,0.0,0.0,0.0,1.0,0.9999997019767761,0.0,0.0,0.9999998807907104,0,-1
cumulative:k16:masked_max:0.0003:all:masked_mass:newmax-none:current_step,cumulative,16,masked_max,0.0003,all,masked_mass,none,current_step,16,1024,598,0,0.0,0.0,0.0,0.0,1.0,0.9999997019767761,0.0,0.0,0.9999998807907104,0,-1
cumulative:k16:masked_max:0.001:all:score:newmax-none:current_step,cumulative,16,masked_max,0.001,all,score,none,current_step,16,1024,598,0,0.0,0.0,0.0,0.0,1.0,0.9999997019767761,0.0,0.0,0.9999998807907104,0,-1
cumulative:k16:masked_max:0.001:all:traversal:newmax-none:current_step,cumulative,16,masked_max,0.001,all,traversal,none,current_step,16,1024,598,0,0.0,0.0,0.0,0.0,1.0,0.9999997019767761,0.0,0.0,0.9999998807907104,0,-1
cumulative:k16:masked_max:0.001:all:masked_mass:newmax-none:current_step,cumulative,16,masked_max,0.001,all,masked_mass,none,current_step,16,1024,598,0,0.0,0.0,0.0,0.0,1.0,0.9999997019767761,0.0,0.0,0.9999998807907104,0,-1
cumulative:k16:masked_max:0.003:all:score:newmax-none:current_step,cumulative,16,masked_max,0.003,all,score,none,current_step,16,1024,598,0,0.0,0.0,0.0,0.0,1.0,0.9999997019767761,0.0,0.0,0.9999998807907104,0,-1
cumulative:k16:masked_max:0.003:all:traversal:newmax-none:current_step,cumulative,16,masked_max,0.003,all,traversal,none,current_step,16,1024,598,0,0.0,0.0,0.0,0.0,1.0,0.9999997019767761,0.0,0.0,0.9999998807907104,0,-1
cumulative:k16:masked_max:0.003:all:masked_mass:newmax-none:current_step,cumulative,16,masked_max,0.003,all,masked_mass,none,current_step,16,1024,598,0,0.0,0.0,0.0,0.0,1.0,0.9999997019767761,0.0,0.0,0.9999998807907104,0,-1
cumulative:k16:masked_max:0.01:all:score:newmax-none:current_step,cumulative,16,masked_max,0.01,all,score,none,current_step,16,1024,598,8,0.0078125,0.013377926421404682,0.004616081714630127,0.002460185714880936,0.9999837875366211,0.9999796748161316,0.000346339431416709,0.0026864237734116614,0.9999989867210388,0,1
cumulative:k16:masked_max:0.01:all:traversal:newmax-none:current_step,cumulative,16,masked_max,0.01,all,traversal,none,current_step,16,1024,598,7,0.0068359375,0.011705685618729096,0.002934381365776062,0.0020624399912776425,0.9999914169311523,0.9999855756759644,0.00034445736309862696,0.0022567523119505495,0.9999985098838806,0,1
cumulative:k16:masked_max:0.01:all:masked_mass:newmax-none:current_step,cumulative,16,masked_max,0.01,all,masked_mass,none,current_step,16,1024,598,8,0.0078125,0.013377926421404682,0.004616081714630127,0.002460185714880936,0.9999837875366211,0.9999796748161316,0.000346339431416709,0.0026864237734116614,0.9999989867210388,0,1
cumulative:k16:masked_max:0.03:all:score:newmax-none:current_step,cumulative,16,masked_max,0.03,all,score,none,current_step,16,1024,598,22,0.021484375,0.03678929765886288,0.01372864842414856,0.009810874224967847,0.9998502135276794,0.9998041391372681,0.0008492529814247973,0.010768406661554764,0.999995768070221,3,1
cumulative:k16:masked_max:0.03:all:traversal:newmax-none:current_step,cumulative,16,masked_max,0.03,all,traversal,none,current_step,16,1024,598,24,0.0234375,0.04013377926421405,0.011823907494544983,0.008454679532405862,0.9998522400856018,0.9998022317886353,0.0011191432713530958,0.009338014954664686,0.9999874830245972,3,1
cumulative:k16:masked_max:0.03:all:masked_mass:newmax-none:current_step,cumulative,16,masked_max,0.03,all,masked_mass,none,current_step,16,1024,598,22,0.021484375,0.03678929765886288,0.01372864842414856,0.009810874224967847,0.9998502135276794,0.9998041391372681,0.0008492529814247973,0.010768406661554764,0.999995768070221,3,1
cumulative:k16:q99:0.0001:all:score:newmax-none:current_step,cumulative,16,q99,0.0001,all,score,none,current_step,16,1024,598,0,0.0,0.0,0.0,0.0,1.0,0.9999997019767761,0.0,0.0,0.9999998807907104,0,-1
cumulative:k16:q99:0.0001:all:traversal:newmax-none:current_step,cumulative,16,q99,0.0001,all,traversal,none,current_step,16,1024,598,0,0.0,0.0,0.0,0.0,1.0,0.9999997019767761,0.0,0.0,0.9999998807907104,0,-1
cumulative:k16:q99:0.0001:all:masked_mass:newmax-none:current_step,cumulative,16,q99,0.0001,all,masked_mass,none,current_step,16,1024,598,0,0.0,0.0,0.0,0.0,1.0,0.9999997019767761,0.0,0.0,0.9999998807907104,0,-1
cumulative:k16:q99:0.0003:all:score:newmax-none:current_step,cumulative,16,q99,0.0003,all,score,none,current_step,16,1024,598,0,0.0,0.0,0.0,0.0,1.0,0.9999997019767761,0.0,0.0,0.9999998807907104,0,-1
cumulative:k16:q99:0.0003:all:traversal:newmax-none:current_step,cumulative,16,q99,0.0003,all,traversal,none,current_step,16,1024,598,0,0.0,0.0,0.0,0.0,1.0,0.9999997019767761,0.0,0.0,0.9999998807907104,0,-1
cumulative:k16:q99:0.0003:all:masked_mass:newmax-none:current_step,cumulative,16,q99,0.0003,all,masked_mass,none,current_step,16,1024,598,0,0.0,0.0,0.0,0.0,1.0,0.9999997019767761,0.0,0.0,0.9999998807907104,0,-1
cumulative:k16:q99:0.001:all:score:newmax-none:current_step,cumulative,16,q99,0.001,all,score,none,current_step,16,1024,598,0,0.0,0.0,0.0,0.0,1.0,0.9999997019767761,0.0,0.0,0.9999998807907104,0,-1
cumulative:k16:q99:0.001:all:traversal:newmax-none:current_step,cumulative,16,q99,0.001,all,traversal,none,current_step,16,1024,598,0,0.0,0.0,0.0,0.0,1.0,0.9999997019767761,0.0,0.0,0.9999998807907104,0,-1
cumulative:k16:q99:0.001:all:masked_mass:newmax-none:current_step,cumulative,16,q99,0.001,all,masked_mass,none,current_step,16,1024,598,0,0.0,0.0,0.0,0.0,1.0,0.9999997019767761,0.0,0.0,0.9999998807907104,0,-1
cumulative:k16:q99:0.003:all:score:newmax-none:current_step,cumulative,16,q99,0.003,all,score,none,current_step,16,1024,598,0,0.0,0.0,0.0,0.0,1.0,0.9999997019767761,0.0,0.0,0.9999998807907104,0,-1
cumulative:k16:q99:0.003:all:traversal:newmax-none:current_step,cumulative,16,q99,0.003,all,traversal,none,current_step,16,1024,598,0,0.0,0.0,0.0,0.0,1.0,0.9999997019767761,0.0,0.0,0.9999998807907104,0,-1
cumulative:k16:q99:0.003:all:masked_mass:newmax-none:current_step,cumulative,16,q99,0.003,all,masked_mass,none,current_step,16,1024,598,0,0.0,0.0,0.0,0.0,1.0,0.9999997019767761,0.0,0.0,0.9999998807907104,0,-1
cumulative:k16:q99:0.01:all:score:newmax-none:current_step,cumulative,16,q99,0.01,all,score,none,current_step,16,1024,598,8,0.0078125,0.013377926421404682,0.004382967948913574,0.0022046534140827134,0.9999837875366211,0.9999796748161316,0.00034580452120280825,0.0024268438573926687,0.9999989867210388,0,1
cumulative:k16:q99:0.01:all:traversal:newmax-none:current_step,cumulative,16,q99,0.01,all,traversal,none,current_step,16,1024,598,7,0.0068359375,0.011705685618729096,0.002934381365776062,0.0020624399912776425,0.9999914169311523,0.9999855756759644,0.00034445736309862696,0.0022567523119505495,0.9999985098838806,0,1
cumulative:k16:q99:0.01:all:masked_mass:newmax-none:current_step,cumulative,16,q99,0.01,all,masked_mass,none,current_step,16,1024,598,8,0.0078125,0.013377926421404682,0.004616081714630127,0.002460185714880936,0.9999837875366211,0.9999796748161316,0.000346339431416709,0.0026864237734116614,0.9999989867210388,0,1
cumulative:k16:q99:0.03:all:score:newmax-none:current_step,cumulative,16,q99,0.03,all,score,none,current_step,16,1024,598,23,0.0224609375,0.038461538461538464,0.009178221225738525,0.0075972988133798935,0.9999019503593445,0.9998565316200256,0.0008672837575431913,0.008499415810547362,0.999995768070221,3,1
cumulative:k16:q99:0.03:all:traversal:newmax-none:current_step,cumulative,16,q99,0.03,all,traversal,none,current_step,16,1024,598,24,0.0234375,0.04013377926421405,0.011823907494544983,0.008454679532405862,0.9998522400856018,0.9998022317886353,0.0011191432713530958,0.009338014954664686,0.9999874830245972,3,1
cumulative:k16:q99:0.03:all:masked_mass:newmax-none:current_step,cumulative,16,q99,0.03,all,masked_mass,none,current_step,16,1024,598,22,0.021484375,0.03678929765886288,0.01372864842414856,0.009810874224967847,0.9998502135276794,0.9998041391372681,0.0008492529814247973,0.010768406661554764,0.999995768070221,3,1
cumulative:k16:sum_masked:0.0001:all:score:newmax-none:current_step,cumulative,16,sum_masked,0.0001,all,score,none,current_step,16,1024,598,0,0.0,0.0,0.0,0.0,1.0,0.9999997019767761,0.0,0.0,0.9999998807907104,0,-1
cumulative:k16:sum_masked:0.0001:all:traversal:newmax-none:current_step,cumulative,16,sum_masked,0.0001,all,traversal,none,current_step,16,1024,598,0,0.0,0.0,0.0,0.0,1.0,0.9999997019767761,0.0,0.0,0.9999998807907104,0,-1
cumulative:k16:sum_masked:0.0001:all:masked_mass:newmax-none:current_step,cumulative,16,sum_masked,0.0001,all,masked_mass,none,current_step,16,1024,598,0,0.0,0.0,0.0,0.0,1.0,0.9999997019767761,0.0,0.0,0.9999998807907104,0,-1
cumulative:k16:sum_masked:0.0003:all:score:newmax-none:current_step,cumulative,16,sum_masked,0.0003,all,score,none,current_step,16,1024,598,0,0.0,0.0,0.0,0.0,1.0,0.9999997019767761,0.0,0.0,0.9999998807907104,0,-1
cumulative:k16:sum_masked:0.0003:all:traversal:newmax-none:current_step,cumulative,16,sum_masked,0.0003,all,traversal,none,current_step,16,1024,598,0,0.0,0.0,0.0,0.0,1.0,0.9999997019767761,0.0,0.0,0.9999998807907104,0,-1
cumulative:k16:sum_masked:0.0003:all:masked_mass:newmax-none:current_step,cumulative,16,sum_masked,0.0003,all,masked_mass,none,current_step,16,1024,598,0,0.0,0.0,0.0,0.0,1.0,0.9999997019767761,0.0,0.0,0.9999998807907104,0,-1
cumulative:k16:sum_masked:0.001:all:score:newmax-none:current_step,cumulative,16,sum_masked,0.001,all,score,none,current_step,16,1024,598,0,0.0,0.0,0.0,0.0,1.0,0.9999997019767761,0.0,0.0,0.9999998807907104,0,-1
cumulative:k16:sum_masked:0.001:all:traversal:newmax-none:current_step,cumulative,16,sum_masked,0.001,all,traversal,none,current_step,16,1024,598,0,0.0,0.0,0.0,0.0,1.0,0.9999997019767761,0.0,0.0,0.9999998807907104,0,-1
cumulative:k16:sum_masked:0.001:all:masked_mass:newmax-none:current_step,cumulative,16,sum_masked,0.001,all,masked_mass,none,current_step,16,1024,598,0,0.0,0.0,0.0,0.0,1.0,0.9999997019767761,0.0,0.0,0.9999998807907104,0,-1
cumulative:k16:sum_masked:0.003:all:score:newmax-none:current_step,cumulative,16,sum_masked,0.003,all,score,none,current_step,16,1024,598,0,0.0,0.0,0.0,0.0,1.0,0.9999997019767761,0.0,0.0,0.9999998807907104,0,-1
cumulative:k16:sum_masked:0.003:all:traversal:newmax-none:current_step,cumulative,16,sum_masked,0.003,all,traversal,none,current_step,16,1024,598,0,0.0,0.0,0.0,0.0,1.0,0.9999997019767761,0.0,0.0,0.9999998807907104,0,-1
cumulative:k16:sum_masked:0.003:all:masked_mass:newmax-none:current_step,cumulative,16,sum_masked,0.003,all,masked_mass,none,current_step,16,1024,598,0,0.0,0.0,0.0,0.0,1.0,0.9999997019767761,0.0,0.0,0.9999998807907104,0,-1
cumulative:k16:sum_masked:0.01:all:score:newmax-none:current_step,cumulative,16,sum_masked,0.01,all,score,none,current_step,16,1024,598,8,0.0078125,0.013377926421404682,0.004616081714630127,0.002460185714880936,0.9999837875366211,0.9999796748161316,0.000346339431416709,0.0026864237734116614,0.9999989867210388,0,1
cumulative:k16:sum_masked:0.01:all:traversal:newmax-none:current_step,cumulative,16,sum_masked,0.01,all,traversal,none,current_step,16,1024,598,7,0.0068359375,0.011705685618729096,0.002934381365776062,0.0020624399912776425,0.9999914169311523,0.9999855756759644,0.00034445736309862696,0.0022567523119505495,0.9999985098838806,0,1
cumulative:k16:sum_masked:0.01:all:masked_mass:newmax-none:current_step,cumulative,16,sum_masked,0.01,all,masked_mass,none,current_step,16,1024,598,8,0.0078125,0.013377926421404682,0.004616081714630127,0.002460185714880936,0.9999837875366211,0.9999796748161316,0.000346339431416709,0.0026864237734116614,0.9999989867210388,0,1
cumulative:k16:sum_masked:0.03:all:score:newmax-none:current_step,cumulative,16,sum_masked,0.03,all,score,none,current_step,16,1024,598,23,0.0224609375,0.038461538461538464,0.01372864842414856,0.009970083877306024,0.9998502135276794,0.9998041391372681,0.0010091223011841066,0.010843818993635068,0.9999906420707703,3,1
cumulative:k16:sum_masked:0.03:all:traversal:newmax-none:current_step,cumulative,16,sum_masked,0.03,all,traversal,none,current_step,16,1024,598,24,0.0234375,0.04013377926421405,0.011823907494544983,0.008454679532405862,0.9998522400856018,0.9998022317886353,0.0011191432713530958,0.009338014954664686,0.9999874830245972,3,1
cumulative:k16:sum_masked:0.03:all:masked_mass:newmax-none:current_step,cumulative,16,sum_masked,0.03,all,masked_mass,none,current_step,16,1024,598,22,0.021484375,0.03678929765886288,0.01372864842414856,0.009810874224967847,0.9998502135276794,0.9998041391372681,0.0008492529814247973,0.010768406661554764,0.999995768070221,3,1
cumulative:k1:all_max:0.0001:masked:score:newmax-none:current_step,cumulative,1,all_max,0.0001,masked,score,none,current_step,16,1024,598,5,0.0048828125,0.008361204013377926,0.004097253084182739,0.0007306003863050137,0.999997079372406,0.9999855756759644,0.0,0.0007306003863050137,0.9999998807907104,0,8
cumulative:k1:all_max:0.0001:mixed:score:newmax-none:current_step,cumulative,1,all_max,0.0001,mixed,score,none,current_step,16,1024,598,0,0.0,0.0,0.0,0.0,1.0,0.9999997019767761,0.0,0.0,0.9999998807907104,0,-1
cumulative:k1:all_max:0.0001:all:score:newmax-all:current_step,cumulative,1,all_max,0.0001,all,score,all,current_step,16,1024,598,0,0.0,0.0,0.0,0.0,1.0,0.9999997019767761,0.0,0.0,0.9999998807907104,0,-1
cumulative:k1:all_max:0.0001:all:score:newmax-masked:current_step,cumulative,1,all_max,0.0001,all,score,masked,current_step,16,1024,598,0,0.0,0.0,0.0,0.0,1.0,0.9999997019767761,0.0,0.0,0.9999998807907104,0,-1
cumulative:k1:all_max:0.0003:masked:score:newmax-none:current_step,cumulative,1,all_max,0.0003,masked,score,none,current_step,16,1024,598,5,0.0048828125,0.008361204013377926,0.004097253084182739,0.0007306003863050137,0.999997079372406,0.9999855756759644,0.0,0.0007306003863050137,0.9999998807907104,0,8
cumulative:k1:all_max:0.0003:mixed:score:newmax-none:current_step,cumulative,1,all_max,0.0003,mixed,score,none,current_step,16,1024,598,0,0.0,0.0,0.0,0.0,1.0,0.9999997019767761,0.0,0.0,0.9999998807907104,0,-1
cumulative:k1:all_max:0.0003:all:score:newmax-all:current_step,cumulative,1,all_max,0.0003,all,score,all,current_step,16,1024,598,0,0.0,0.0,0.0,0.0,1.0,0.9999997019767761,0.0,0.0,0.9999998807907104,0,-1
cumulative:k1:all_max:0.0003:all:score:newmax-masked:current_step,cumulative,1,all_max,0.0003,all,score,masked,current_step,16,1024,598,0,0.0,0.0,0.0,0.0,1.0,0.9999997019767761,0.0,0.0,0.9999998807907104,0,-1
cumulative:k1:all_max:0.001:masked:score:newmax-none:current_step,cumulative,1,all_max,0.001,masked,score,none,current_step,16,1024,598,5,0.0048828125,0.008361204013377926,0.004097253084182739,0.0007306003863050137,0.999997079372406,0.9999855756759644,0.0,0.0007306003863050137,0.9999998807907104,0,8
cumulative:k1:all_max:0.001:mixed:score:newmax-none:current_step,cumulative,1,all_max,0.001,mixed,score,none,current_step,16,1024,598,0,0.0,0.0,0.0,0.0,1.0,0.9999997019767761,0.0,0.0,0.9999998807907104,0,-1
cumulative:k1:all_max:0.001:all:score:newmax-all:current_step,cumulative,1,all_max,0.001,all,score,all,current_step,16,1024,598,0,0.0,0.0,0.0,0.0,1.0,0.9999997019767761,0.0,0.0,0.9999998807907104,0,-1
cumulative:k1:all_max:0.001:all:score:newmax-masked:current_step,cumulative,1,all_max,0.001,all,score,masked,current_step,16,1024,598,0,0.0,0.0,0.0,0.0,1.0,0.9999997019767761,0.0,0.0,0.9999998807907104,0,-1
cumulative:k1:all_max:0.003:masked:score:newmax-none:current_step,cumulative,1,all_max,0.003,masked,score,none,current_step,16,1024,598,6,0.005859375,0.010033444816053512,0.004097253084182739,0.0008870885249052662,0.999997079372406,0.9999768733978271,0.00015421977150253952,0.0011751713791454677,0.9999990463256836,0,1
cumulative:k1:all_max:0.003:mixed:score:newmax-none:current_step,cumulative,1,all_max,0.003,mixed,score,none,current_step,16,1024,598,1,0.0009765625,0.0016722408026755853,0.0015961630269885063,0.00015648813860025257,0.9999988675117493,0.9999768733978271,0.00015421977150253952,0.000444570992840454,0.9999990463256836,0,1
cumulative:k1:all_max:0.003:all:score:newmax-all:current_step,cumulative,1,all_max,0.003,all,score,all,current_step,16,1024,598,0,0.0,0.0,0.0,0.0,1.0,0.9999997019767761,0.0,0.0,0.9999998807907104,0,-1
cumulative:k1:all_max:0.003:all:score:newmax-masked:current_step,cumulative,1,all_max,0.003,all,score,masked,current_step,16,1024,598,0,0.0,0.0,0.0,0.0,1.0,0.9999997019767761,0.0,0.0,0.9999998807907104,0,-1
cumulative:k1:all_max:0.01:masked:score:newmax-none:current_step,cumulative,1,all_max,0.01,masked,score,none,current_step,16,1024,598,8,0.0078125,0.013377926421404682,0.004097253084182739,0.0012605388801603112,0.9999884366989136,0.9998847246170044,0.0005262564518488944,0.001728163279040018,0.9999891519546509,0,1
cumulative:k1:all_max:0.01:mixed:score:newmax-none:current_step,cumulative,1,all_max,0.01,mixed,score,none,current_step,16,1024,598,3,0.0029296875,0.005016722408026756,0.0039011240005493164,0.0005299384938552976,0.9999884366989136,0.9998847246170044,0.0005262564518488944,0.0009975628927350044,0.9999891519546509,0,1
cumulative:k1:all_max:0.01:all:score:newmax-all:current_step,cumulative,1,all_max,0.01,all,score,all,current_step,16,1024,598,1,0.0009765625,0.0016722408026755853,0.0014911293983459473,0.0001778872829163447,0.9999986290931702,0.9999898076057434,0.00017695633869152516,0.0002961176505777985,0.9999988079071045,0,1
cumulative:k1:all_max:0.01:all:score:newmax-masked:current_step,cumulative,1,all_max,0.01,all,score,masked,current_step,16,1024,598,1,0.0009765625,0.0016722408026755853,0.0014911293983459473,0.0001778872829163447,0.9999986290931702,0.9999898076057434,0.00017695633869152516,0.0002961176505777985,0.9999988079071045,0,1
cumulative:k1:all_max:0.03:masked:score:newmax-none:current_step,cumulative,1,all_max,0.03,masked,score,none,current_step,16,1024,598,15,0.0146484375,0.02508361204013378,0.012995473109185696,0.0025638361876190174,0.9999082088470459,0.9985233545303345,0.0014869954793539364,0.0047103619763220195,0.9999189376831055,0,1
cumulative:k1:all_max:0.03:mixed:score:newmax-none:current_step,cumulative,1,all_max,0.03,mixed,score,none,current_step,16,1024,598,15,0.0146484375,0.02508361204013378,0.012995473109185696,0.0025638361876190174,0.9999082088470459,0.9985233545303345,0.0014869954793539364,0.0047103619763220195,0.9999189376831055,0,1
cumulative:k1:all_max:0.03:all:score:newmax-all:current_step,cumulative,1,all_max,0.03,all,score,all,current_step,16,1024,598,5,0.0048828125,0.008361204013377926,0.0039011240005493164,0.000886631038156338,0.9999884366989136,0.9998847246170044,0.0005535691052500624,0.0013594836636912078,0.9999891519546509,0,1
cumulative:k1:all_max:0.03:all:score:newmax-masked:current_step,cumulative,1,all_max,0.03,all,score,masked,current_step,16,1024,598,5,0.0048828125,0.008361204013377926,0.0039011240005493164,0.000886631038156338,0.9999884366989136,0.9998847246170044,0.0005535691052500624,0.0013594836636912078,0.9999891519546509,0,1
cumulative:k2:all_max:0.0001:masked:score:newmax-none:current_step,cumulative,2,all_max,0.0001,masked,score,none,current_step,16,1024,598,5,0.0048828125,0.008361204013377926,0.004097253084182739,0.0007306003863050137,0.999997079372406,0.9999855756759644,0.0,0.0007306003863050137,0.9999998807907104,0,8
cumulative:k2:all_max:0.0001:mixed:score:newmax-none:current_step,cumulative,2,all_max,0.0001,mixed,score,none,current_step,16,1024,598,0,0.0,0.0,0.0,0.0,1.0,0.9999997019767761,0.0,0.0,0.9999998807907104,0,-1
cumulative:k2:all_max:0.0001:all:score:newmax-all:current_step,cumulative,2,all_max,0.0001,all,score,all,current_step,16,1024,598,0,0.0,0.0,0.0,0.0,1.0,0.9999997019767761,0.0,0.0,0.9999998807907104,0,-1
cumulative:k2:all_max:0.0001:all:score:newmax-masked:current_step,cumulative,2,all_max,0.0001,all,score,masked,current_step,16,1024,598,0,0.0,0.0,0.0,0.0,1.0,0.9999997019767761,0.0,0.0,0.9999998807907104,0,-1
cumulative:k2:all_max:0.0003:masked:score:newmax-none:current_step,cumulative,2,all_max,0.0003,masked,score,none,current_step,16,1024,598,5,0.0048828125,0.008361204013377926,0.004097253084182739,0.0007306003863050137,0.999997079372406,0.9999855756759644,0.0,0.0007306003863050137,0.9999998807907104,0,8
cumulative:k2:all_max:0.0003:mixed:score:newmax-none:current_step,cumulative,2,all_max,0.0003,mixed,score,none,current_step,16,1024,598,0,0.0,0.0,0.0,0.0,1.0,0.9999997019767761,0.0,0.0,0.9999998807907104,0,-1
cumulative:k2:all_max:0.0003:all:score:newmax-all:current_step,cumulative,2,all_max,0.0003,all,score,all,current_step,16,1024,598,0,0.0,0.0,0.0,0.0,1.0,0.9999997019767761,0.0,0.0,0.9999998807907104,0,-1
cumulative:k2:all_max:0.0003:all:score:newmax-masked:current_step,cumulative,2,all_max,0.0003,all,score,masked,current_step,16,1024,598,0,0.0,0.0,0.0,0.0,1.0,0.9999997019767761,0.0,0.0,0.9999998807907104,0,-1
cumulative:k2:all_max:0.001:masked:score:newmax-none:current_step,cumulative,2,all_max,0.001,masked,score,none,current_step,16,1024,598,5,0.0048828125,0.008361204013377926,0.004097253084182739,0.0007306003863050137,0.999997079372406,0.9999855756759644,0.0,0.0007306003863050137,0.9999998807907104,0,8
cumulative:k2:all_max:0.001:mixed:score:newmax-none:current_step,cumulative,2,all_max,0.001,mixed,score,none,current_step,16,1024,598,0,0.0,0.0,0.0,0.0,1.0,0.9999997019767761,0.0,0.0,0.9999998807907104,0,-1
cumulative:k2:all_max:0.001:all:score:newmax-all:current_step,cumulative,2,all_max,0.001,all,score,all,current_step,16,1024,598,0,0.0,0.0,0.0,0.0,1.0,0.9999997019767761,0.0,0.0,0.9999998807907104,0,-1
cumulative:k2:all_max:0.001:all:score:newmax-masked:current_step,cumulative,2,all_max,0.001,all,score,masked,current_step,16,1024,598,0,0.0,0.0,0.0,0.0,1.0,0.9999997019767761,0.0,0.0,0.9999998807907104,0,-1
cumulative:k2:all_max:0.003:masked:score:newmax-none:current_step,cumulative,2,all_max,0.003,masked,score,none,current_step,16,1024,598,8,0.0078125,0.013377926421404682,0.004097253084182739,0.0015630738816980738,0.9999940395355225,0.9999768733978271,0.0002478846363374032,0.001872505006758729,0.9999990463256836,0,1
cumulative:k2:all_max:0.003:mixed:score:newmax-none:current_step,cumulative,2,all_max,0.003,mixed,score,none,current_step,16,1024,598,3,0.0029296875,0.005016722408026756,0.0022676587104797363,0.0008324734953930601,0.9999940395355225,0.9999768733978271,0.0002478846363374032,0.0011419046204537153,0.9999990463256836,0,1
cumulative:k2:all_max:0.003:all:score:newmax-all:current_step,cumulative,2,all_max,0.003,all,score,all,current_step,16,1024,598,0,0.0,0.0,0.0,0.0,1.0,0.9999997019767761,0.0,0.0,0.9999998807907104,0,-1
cumulative:k2:all_max:0.003:all:score:newmax-masked:current_step,cumulative,2,all_max,0.003,all,score,masked,current_step,16,1024,598,0,0.0,0.0,0.0,0.0,1.0,0.9999997019767761,0.0,0.0,0.9999998807907104,0,-1
cumulative:k2:all_max:0.01:masked:score:newmax-none:current_step,cumulative,2,all_max,0.01,masked,score,none,current_step,16,1024,598,10,0.009765625,0.016722408026755852,0.004097253084182739,0.0019365242369531188,0.9999884366989136,0.9998847246170044,0.000619921316683758,0.0024254969066532794,0.9999891519546509,0,1
cumulative:k2:all_max:0.01:mixed:score:newmax-none:current_step,cumulative,2,all_max,0.01,mixed,score,none,current_step,16,1024,598,5,0.0048828125,0.008361204013377926,0.0039011240005493164,0.0012059238506481051,0.9999884366989136,0.9998847246170044,0.000619921316683758,0.0016948965203482658,0.9999891519546509,0,1
cumulative:k2:all_max:0.01:all:score:newmax-all:current_step,cumulative,2,all_max,0.01,all,score,all,current_step,16,1024,598,3,0.0029296875,0.005016722408026756,0.0022676587104797363,0.0008538726397091523,0.9999940395355225,0.9999898076057434,0.00027062120352638885,0.0009934512781910598,0.9999988079071045,0,1
cumulative:k2:all_max:0.01:all:score:newmax-masked:current_step,cumulative,2,all_max,0.01,all,score,masked,current_step,16,1024,598,3,0.0029296875,0.005016722408026756,0.0022676587104797363,0.0008538726397091523,0.9999940395355225,0.9999898076057434,0.00027062120352638885,0.0009934512781910598,0.9999988079071045,0,1
cumulative:k2:all_max:0.03:masked:score:newmax-none:current_step,cumulative,2,all_max,0.03,masked,score,none,current_step,16,1024,598,17,0.0166015625,0.028428093645484948,0.012995473109185696,0.003239821544411825,0.9999082088470459,0.9985233545303345,0.0015806603441888,0.005407695603935281,0.9999189376831055,0,1
cumulative:k2:all_max:0.03:mixed:score:newmax-none:current_step,cumulative,2,all_max,0.03,mixed,score,none,current_step,16,1024,598,17,0.0166015625,0.028428093645484948,0.012995473109185696,0.003239821544411825,0.9999082088470459,0.9985233545303345,0.0015806603441888,0.005407695603935281,0.9999189376831055,0,1
cumulative:k2:all_max:0.03:all:score:newmax-all:current_step,cumulative,2,all_max,0.03,all,score,all,current_step,16,1024,598,7,0.0068359375,0.011705685618729096,0.0039011240005493164,0.0015626163949491456,0.9999884366989136,0.9998847246170044,0.0006472339700849261,0.002056817291304469,0.9999891519546509,0,1
cumulative:k2:all_max:0.03:all:score:newmax-masked:current_step,cumulative,2,all_max,0.03,all,score,masked,current_step,16,1024,598,7,0.0068359375,0.011705685618729096,0.0039011240005493164,0.0015626163949491456,0.9999884366989136,0.9998847246170044,0.0006472339700849261,0.002056817291304469,0.9999891519546509,0,1
cumulative:k4:all_max:0.0001:masked:score:newmax-none:current_step,cumulative,4,all_max,0.0001,masked,score,none,current_step,16,1024,598,5,0.0048828125,0.008361204013377926,0.004097253084182739,0.0007306003863050137,0.999997079372406,0.9999855756759644,0.0,0.0007306003863050137,0.9999998807907104,0,8
cumulative:k4:all_max:0.0001:mixed:score:newmax-none:current_step,cumulative,4,all_max,0.0001,mixed,score,none,current_step,16,1024,598,0,0.0,0.0,0.0,0.0,1.0,0.9999997019767761,0.0,0.0,0.9999998807907104,0,-1
cumulative:k4:all_max:0.0001:all:score:newmax-all:current_step,cumulative,4,all_max,0.0001,all,score,all,current_step,16,1024,598,0,0.0,0.0,0.0,0.0,1.0,0.9999997019767761,0.0,0.0,0.9999998807907104,0,-1
cumulative:k4:all_max:0.0001:all:score:newmax-masked:current_step,cumulative,4,all_max,0.0001,all,score,masked,current_step,16,1024,598,0,0.0,0.0,0.0,0.0,1.0,0.9999997019767761,0.0,0.0,0.9999998807907104,0,-1
cumulative:k4:all_max:0.0003:masked:score:newmax-none:current_step,cumulative,4,all_max,0.0003,masked,score,none,current_step,16,1024,598,5,0.0048828125,0.008361204013377926,0.004097253084182739,0.0007306003863050137,0.999997079372406,0.9999855756759644,0.0,0.0007306003863050137,0.9999998807907104,0,8
cumulative:k4:all_max:0.0003:mixed:score:newmax-none:current_step,cumulative,4,all_max,0.0003,mixed,score,none,current_step,16,1024,598,0,0.0,0.0,0.0,0.0,1.0,0.9999997019767761,0.0,0.0,0.9999998807907104,0,-1
cumulative:k4:all_max:0.0003:all:score:newmax-all:current_step,cumulative,4,all_max,0.0003,all,score,all,current_step,16,1024,598,0,0.0,0.0,0.0,0.0,1.0,0.9999997019767761,0.0,0.0,0.9999998807907104,0,-1
cumulative:k4:all_max:0.0003:all:score:newmax-masked:current_step,cumulative,4,all_max,0.0003,all,score,masked,current_step,16,1024,598,0,0.0,0.0,0.0,0.0,1.0,0.9999997019767761,0.0,0.0,0.9999998807907104,0,-1
cumulative:k4:all_max:0.001:masked:score:newmax-none:current_step,cumulative,4,all_max,0.001,masked,score,none,current_step,16,1024,598,5,0.0048828125,0.008361204013377926,0.004097253084182739,0.0007306003863050137,0.999997079372406,0.9999855756759644,0.0,0.0007306003863050137,0.9999998807907104,0,8
cumulative:k4:all_max:0.001:mixed:score:newmax-none:current_step,cumulative,4,all_max,0.001,mixed,score,none,current_step,16,1024,598,0,0.0,0.0,0.0,0.0,1.0,0.9999997019767761,0.0,0.0,0.9999998807907104,0,-1
cumulative:k4:all_max:0.001:all:score:newmax-all:current_step,cumulative,4,all_max,0.001,all,score,all,current_step,16,1024,598,0,0.0,0.0,0.0,0.0,1.0,0.9999997019767761,0.0,0.0,0.9999998807907104,0,-1
cumulative:k4:all_max:0.001:all:score:newmax-masked:current_step,cumulative,4,all_max,0.001,all,score,masked,current_step,16,1024,598,0,0.0,0.0,0.0,0.0,1.0,0.9999997019767761,0.0,0.0,0.9999998807907104,0,-1
cumulative:k4:all_max:0.003:masked:score:newmax-none:current_step,cumulative,4,all_max,0.003,masked,score,none,current_step,16,1024,598,8,0.0078125,0.013377926421404682,0.004097253084182739,0.0015630738816980738,0.9999940395355225,0.9999768733978271,0.0002478846363374032,0.001872505006758729,0.9999990463256836,0,1
cumulative:k4:all_max:0.003:mixed:score:newmax-none:current_step,cumulative,4,all_max,0.003,mixed,score,none,current_step,16,1024,598,3,0.0029296875,0.005016722408026756,0.0022676587104797363,0.0008324734953930601,0.9999940395355225,0.9999768733978271,0.0002478846363374032,0.0011419046204537153,0.9999990463256836,0,1
cumulative:k4:all_max:0.003:all:score:newmax-all:current_step,cumulative,4,all_max,0.003,all,score,all,current_step,16,1024,598,0,0.0,0.0,0.0,0.0,1.0,0.9999997019767761,0.0,0.0,0.9999998807907104,0,-1
cumulative:k4:all_max:0.003:all:score:newmax-masked:current_step,cumulative,4,all_max,0.003,all,score,masked,current_step,16,1024,598,0,0.0,0.0,0.0,0.0,1.0,0.9999997019767761,0.0,0.0,0.9999998807907104,0,-1
cumulative:k4:all_max:0.01:masked:score:newmax-none:current_step,cumulative,4,all_max,0.01,masked,score,none,current_step,16,1024,598,10,0.009765625,0.016722408026755852,0.004097253084182739,0.0019365242369531188,0.9999884366989136,0.9998847246170044,0.000619921316683758,0.0024254969066532794,0.9999891519546509,0,1
cumulative:k4:all_max:0.01:mixed:score:newmax-none:current_step,cumulative,4,all_max,0.01,mixed,score,none,current_step,16,1024,598,5,0.0048828125,0.008361204013377926,0.0039011240005493164,0.0012059238506481051,0.9999884366989136,0.9998847246170044,0.000619921316683758,0.0016948965203482658,0.9999891519546509,0,1
cumulative:k4:all_max:0.01:all:score:newmax-all:current_step,cumulative,4,all_max,0.01,all,score,all,current_step,16,1024,598,3,0.0029296875,0.005016722408026756,0.0022676587104797363,0.0008538726397091523,0.9999940395355225,0.9999898076057434,0.00027062120352638885,0.0009934512781910598,0.9999988079071045,0,1
cumulative:k4:all_max:0.01:all:score:newmax-masked:current_step,cumulative,4,all_max,0.01,all,score,masked,current_step,16,1024,598,3,0.0029296875,0.005016722408026756,0.0022676587104797363,0.0008538726397091523,0.9999940395355225,0.9999898076057434,0.00027062120352638885,0.0009934512781910598,0.9999988079071045,0,1
cumulative:k4:all_max:0.03:masked:score:newmax-none:current_step,cumulative,4,all_max,0.03,masked,score,none,current_step,16,1024,598,17,0.0166015625,0.028428093645484948,0.012995473109185696,0.003239821544411825,0.9999082088470459,0.9985233545303345,0.0015806603441888,0.005407695603935281,0.9999189376831055,0,1
cumulative:k4:all_max:0.03:mixed:score:newmax-none:current_step,cumulative,4,all_max,0.03,mixed,score,none,current_step,16,1024,598,17,0.0166015625,0.028428093645484948,0.012995473109185696,0.003239821544411825,0.9999082088470459,0.9985233545303345,0.0015806603441888,0.005407695603935281,0.9999189376831055,0,1
cumulative:k4:all_max:0.03:all:score:newmax-all:current_step,cumulative,4,all_max,0.03,all,score,all,current_step,16,1024,598,7,0.0068359375,0.011705685618729096,0.0039011240005493164,0.0015626163949491456,0.9999884366989136,0.9998847246170044,0.0006472339700849261,0.002056817291304469,0.9999891519546509,0,1
cumulative:k4:all_max:0.03:all:score:newmax-masked:current_step,cumulative,4,all_max,0.03,all,score,masked,current_step,16,1024,598,7,0.0068359375,0.011705685618729096,0.0039011240005493164,0.0015626163949491456,0.9999884366989136,0.9998847246170044,0.0006472339700849261,0.002056817291304469,0.9999891519546509,0,1
cumulative:k8:all_max:0.0001:masked:score:newmax-none:current_step,cumulative,8,all_max,0.0001,masked,score,none,current_step,16,1024,598,10,0.009765625,0.016722408026755852,0.005265474319458008,0.001546010646961804,0.9999862313270569,0.9999809861183167,0.0,0.001546010646961804,0.9999998807907104,3,8
cumulative:k8:all_max:0.0001:mixed:score:newmax-none:current_step,cumulative,8,all_max,0.0001,mixed,score,none,current_step,16,1024,598,0,0.0,0.0,0.0,0.0,1.0,0.9999997019767761,0.0,0.0,0.9999998807907104,0,-1
cumulative:k8:all_max:0.0001:all:score:newmax-all:current_step,cumulative,8,all_max,0.0001,all,score,all,current_step,16,1024,598,0,0.0,0.0,0.0,0.0,1.0,0.9999997019767761,0.0,0.0,0.9999998807907104,0,-1
cumulative:k8:all_max:0.0001:all:score:newmax-masked:current_step,cumulative,8,all_max,0.0001,all,score,masked,current_step,16,1024,598,0,0.0,0.0,0.0,0.0,1.0,0.9999997019767761,0.0,0.0,0.9999998807907104,0,-1
cumulative:k8:all_max:0.0003:masked:score:newmax-none:current_step,cumulative,8,all_max,0.0003,masked,score,none,current_step,16,1024,598,10,0.009765625,0.016722408026755852,0.005265474319458008,0.001546010646961804,0.9999862313270569,0.9999809861183167,0.0,0.001546010646961804,0.9999998807907104,3,8
cumulative:k8:all_max:0.0003:mixed:score:newmax-none:current_step,cumulative,8,all_max,0.0003,mixed,score,none,current_step,16,1024,598,0,0.0,0.0,0.0,0.0,1.0,0.9999997019767761,0.0,0.0,0.9999998807907104,0,-1
cumulative:k8:all_max:0.0003:all:score:newmax-all:current_step,cumulative,8,all_max,0.0003,all,score,all,current_step,16,1024,598,0,0.0,0.0,0.0,0.0,1.0,0.9999997019767761,0.0,0.0,0.9999998807907104,0,-1
cumulative:k8:all_max:0.0003:all:score:newmax-masked:current_step,cumulative,8,all_max,0.0003,all,score,masked,current_step,16,1024,598,0,0.0,0.0,0.0,0.0,1.0,0.9999997019767761,0.0,0.0,0.9999998807907104,0,-1
cumulative:k8:all_max:0.001:masked:score:newmax-none:current_step,cumulative,8,all_max,0.001,masked,score,none,current_step,16,1024,598,10,0.009765625,0.016722408026755852,0.005265474319458008,0.001546010646961804,0.9999862313270569,0.9999809861183167,0.0,0.001546010646961804,0.9999998807907104,3,8
cumulative:k8:all_max:0.001:mixed:score:newmax-none:current_step,cumulative,8,all_max,0.001,mixed,score,none,current_step,16,1024,598,0,0.0,0.0,0.0,0.0,1.0,0.9999997019767761,0.0,0.0,0.9999998807907104,0,-1
cumulative:k8:all_max:0.001:all:score:newmax-all:current_step,cumulative,8,all_max,0.001,all,score,all,current_step,16,1024,598,0,0.0,0.0,0.0,0.0,1.0,0.9999997019767761,0.0,0.0,0.9999998807907104,0,-1
cumulative:k8:all_max:0.001:all:score:newmax-masked:current_step,cumulative,8,all_max,0.001,all,score,masked,current_step,16,1024,598,0,0.0,0.0,0.0,0.0,1.0,0.9999997019767761,0.0,0.0,0.9999998807907104,0,-1
cumulative:k8:all_max:0.003:masked:score:newmax-none:current_step,cumulative,8,all_max,0.003,masked,score,none,current_step,16,1024,598,18,0.017578125,0.030100334448160536,0.008399039506912231,0.0044602463267438,0.9999538660049438,0.9999402165412903,0.00042460105032660067,0.0048044929671959835,0.9999990463256836,3,1
cumulative:k8:all_max:0.003:mixed:score:newmax-none:current_step,cumulative,8,all_max,0.003,mixed,score,none,current_step,16,1024,598,7,0.0068359375,0.011705685618729096,0.00481492280960083,0.002052197014563717,0.9999837875366211,0.9999768733978271,0.0003816917087533511,0.0023834414896555245,0.9999990463256836,0,1
cumulative:k8:all_max:0.003:all:score:newmax-all:current_step,cumulative,8,all_max,0.003,all,score,all,current_step,16,1024,598,0,0.0,0.0,0.0,0.0,1.0,0.9999997019767761,0.0,0.0,0.9999998807907104,0,-1
cumulative:k8:all_max:0.003:all:score:newmax-masked:current_step,cumulative,8,all_max,0.003,all,score,masked,current_step,16,1024,598,0,0.0,0.0,0.0,0.0,1.0,0.9999997019767761,0.0,0.0,0.9999998807907104,0,-1
cumulative:k8:all_max:0.01:masked:score:newmax-none:current_step,cumulative,8,all_max,0.01,masked,score,none,current_step,16,1024,598,23,0.0224609375,0.038461538461538464,0.011585652828216553,0.007126907216843392,0.9998965859413147,0.9998694062232971,0.0009482688546995632,0.00770763573655131,0.9999891519546509,3,1
cumulative:k8:all_max:0.01:mixed:score:newmax-none:current_step,cumulative,8,all_max,0.01,mixed,score,none,current_step,16,1024,598,18,0.017578125,0.030100334448160536,0.011585652828216553,0.007230355425235757,0.9998965859413147,0.9998694062232971,0.0009482688546995632,0.007811083944943675,0.9999891519546509,3,1
cumulative:k8:all_max:0.01:all:score:newmax-all:current_step,cumulative,8,all_max,0.01,all,score,all,current_step,16,1024,598,6,0.005859375,0.010033444816053512,0.004382967948913574,0.001741168976877816,0.9999837875366211,0.9999796748161316,0.0003660644688352477,0.0018978933221660554,0.9999988079071045,0,1
cumulative:k8:all_max:0.01:all:score:newmax-masked:current_step,cumulative,8,all_max,0.01,all,score,masked,current_step,16,1024,598,6,0.005859375,0.010033444816053512,0.004382967948913574,0.001741168976877816,0.9999837875366211,0.9999796748161316,0.0003660644688352477,0.0018978933221660554,0.9999988079071045,0,1
cumulative:k8:all_max:0.03:masked:score:newmax-none:current_step,cumulative,8,all_max,0.03,masked,score,none,current_step,16,1024,598,30,0.029296875,0.05016722408026756,0.012995473109185696,0.007764329998281028,0.9998965859413147,0.9985233545303345,0.0018597855523694307,0.010014171693001117,0.9999189376831055,3,1
cumulative:k8:all_max:0.03:mixed:score:newmax-none:current_step,cumulative,8,all_max,0.03,mixed,score,none,current_step,16,1024,598,30,0.029296875,0.05016722408026756,0.012995473109185696,0.007764329998281028,0.9998965859413147,0.9985233545303345,0.0018597855523694307,0.010014171693001117,0.9999189376831055,3,1
cumulative:k8:all_max:0.03:all:score:newmax-all:current_step,cumulative,8,all_max,0.03,all,score,all,current_step,16,1024,598,15,0.0146484375,0.02508361204013378,0.011585652828216553,0.007206323847640306,0.9998965859413147,0.9998694062232971,0.0009482688546995632,0.007787052367348224,0.9999891519546509,0,1
cumulative:k8:all_max:0.03:all:score:newmax-masked:current_step,cumulative,8,all_max,0.03,all,score,masked,current_step,16,1024,598,18,0.017578125,0.030100334448160536,0.011585652828216553,0.007230355425235757,0.9998965859413147,0.9998694062232971,0.0009482688546995632,0.007811083944943675,0.9999891519546509,3,1
cumulative:k16:all_max:0.0001:masked:score:newmax-none:current_step,cumulative,16,all_max,0.0001,masked,score,none,current_step,16,1024,598,21,0.0205078125,0.03511705685618729,0.007029622793197632,0.002093093302391935,0.999973714351654,0.999966025352478,0.0,0.002093093302391935,0.9999998807907104,12,8
cumulative:k16:all_max:0.0001:mixed:score:newmax-none:current_step,cumulative,16,all_max,0.0001,mixed,score,none,current_step,16,1024,598,0,0.0,0.0,0.0,0.0,1.0,0.9999997019767761,0.0,0.0,0.9999998807907104,0,-1
cumulative:k16:all_max:0.0001:all:score:newmax-all:current_step,cumulative,16,all_max,0.0001,all,score,all,current_step,16,1024,598,0,0.0,0.0,0.0,0.0,1.0,0.9999997019767761,0.0,0.0,0.9999998807907104,0,-1
cumulative:k16:all_max:0.0001:all:score:newmax-masked:current_step,cumulative,16,all_max,0.0001,all,score,masked,current_step,16,1024,598,0,0.0,0.0,0.0,0.0,1.0,0.9999997019767761,0.0,0.0,0.9999998807907104,0,-1
cumulative:k16:all_max:0.0003:masked:score:newmax-none:current_step,cumulative,16,all_max,0.0003,masked,score,none,current_step,16,1024,598,21,0.0205078125,0.03511705685618729,0.007029622793197632,0.002093093302391935,0.999973714351654,0.999966025352478,0.0,0.002093093302391935,0.9999998807907104,12,8
cumulative:k16:all_max:0.0003:mixed:score:newmax-none:current_step,cumulative,16,all_max,0.0003,mixed,score,none,current_step,16,1024,598,0,0.0,0.0,0.0,0.0,1.0,0.9999997019767761,0.0,0.0,0.9999998807907104,0,-1
cumulative:k16:all_max:0.0003:all:score:newmax-all:current_step,cumulative,16,all_max,0.0003,all,score,all,current_step,16,1024,598,0,0.0,0.0,0.0,0.0,1.0,0.9999997019767761,0.0,0.0,0.9999998807907104,0,-1
cumulative:k16:all_max:0.0003:all:score:newmax-masked:current_step,cumulative,16,all_max,0.0003,all,score,masked,current_step,16,1024,598,0,0.0,0.0,0.0,0.0,1.0,0.9999997019767761,0.0,0.0,0.9999998807907104,0,-1
cumulative:k16:all_max:0.001:masked:score:newmax-none:current_step,cumulative,16,all_max,0.001,masked,score,none,current_step,16,1024,598,23,0.0224609375,0.038461538461538464,0.007029622793197632,0.003205077322490979,0.999973714351654,0.999966025352478,6.752596527803689e-05,0.0032216560866800137,0.9999998807907104,12,6
cumulative:k16:all_max:0.001:mixed:score:newmax-none:current_step,cumulative,16,all_max,0.001,mixed,score,none,current_step,16,1024,598,0,0.0,0.0,0.0,0.0,1.0,0.9999997019767761,0.0,0.0,0.9999998807907104,0,-1
cumulative:k16:all_max:0.001:all:score:newmax-all:current_step,cumulative,16,all_max,0.001,all,score,all,current_step,16,1024,598,0,0.0,0.0,0.0,0.0,1.0,0.9999997019767761,0.0,0.0,0.9999998807907104,0,-1
cumulative:k16:all_max:0.001:all:score:newmax-masked:current_step,cumulative,16,all_max,0.001,all,score,masked,current_step,16,1024,598,0,0.0,0.0,0.0,0.0,1.0,0.9999997019767761,0.0,0.0,0.9999998807907104,0,-1
cumulative:k16:all_max:0.003:masked:score:newmax-none:current_step,cumulative,16,all_max,0.003,masked,score,none,current_step,16,1024,598,30,0.029296875,0.05016722408026756,0.007029622793197632,0.005448342584713828,0.9999427795410156,0.9999324083328247,0.0004564429691527039,0.005816963013785426,0.9999990463256836,12,1
cumulative:k16:all_max:0.003:mixed:score:newmax-none:current_step,cumulative,16,all_max,0.003,mixed,score,none,current_step,16,1024,598,9,0.0087890625,0.015050167224080268,0.00481492280960083,0.0025354259269079193,0.9999837875366211,0.9999768733978271,0.0003816917087533511,0.002866670401999727,0.9999990463256836,0,1
cumulative:k16:all_max:0.003:all:score:newmax-all:current_step,cumulative,16,all_max,0.003,all,score,all,current_step,16,1024,598,0,0.0,0.0,0.0,0.0,1.0,0.9999997019767761,0.0,0.0,0.9999998807907104,0,-1
cumulative:k16:all_max:0.003:all:score:newmax-masked:current_step,cumulative,16,all_max,0.003,all,score,masked,current_step,16,1024,598,0,0.0,0.0,0.0,0.0,1.0,0.9999997019767761,0.0,0.0,0.9999998807907104,0,-1
cumulative:k16:all_max:0.01:masked:score:newmax-none:current_step,cumulative,16,all_max,0.01,masked,score,none,current_step,16,1024,598,41,0.0400390625,0.06856187290969899,0.015216559171676636,0.01061921503423946,0.9998307824134827,0.9997984170913696,0.001186256398796104,0.011273872987658251,0.9999891519546509,12,1
cumulative:k16:all_max:0.01:mixed:score:newmax-none:current_step,cumulative,16,all_max,0.01,mixed,score,none,current_step,16,1024,598,30,0.029296875,0.05016722408026756,0.015216559171676636,0.010698213773139287,0.9998307824134827,0.9997984170913696,0.001186256398796104,0.011352871726558078,0.9999891519546509,6,1
cumulative:k16:all_max:0.01:all:score:newmax-all:current_step,cumulative,16,all_max,0.01,all,score,all,current_step,16,1024,598,8,0.0078125,0.013377926421404682,0.004382967948913574,0.0022243978892220184,0.9999837875366211,0.9999796748161316,0.0003660644688352477,0.002381122234510258,0.9999988079071045,0,1
cumulative:k16:all_max:0.01:all:score:newmax-masked:current_step,cumulative,16,all_max,0.01,all,score,masked,current_step,16,1024,598,8,0.0078125,0.013377926421404682,0.004382967948913574,0.0022243978892220184,0.9999837875366211,0.9999796748161316,0.0003660644688352477,0.002381122234510258,0.9999988079071045,0,1
cumulative:k16:all_max:0.03:masked:score:newmax-none:current_step,cumulative,16,all_max,0.03,masked,score,none,current_step,16,1024,598,52,0.05078125,0.08695652173913043,0.024652093648910522,0.014185031010129023,0.9994809627532959,0.9985233545303345,0.002298132167197764,0.01660560322488891,0.9999189376831055,12,1
cumulative:k16:all_max:0.03:mixed:score:newmax-none:current_step,cumulative,16,all_max,0.03,mixed,score,none,current_step,16,1024,598,52,0.05078125,0.08695652173913043,0.024652093648910522,0.014185031010129023,0.9994809627532959,0.9985233545303345,0.002298132167197764,0.01660560322488891,0.9999189376831055,12,1
cumulative:k16:all_max:0.03:all:score:newmax-all:current_step,cumulative,16,all_max,0.03,all,score,all,current_step,16,1024,598,21,0.0205078125,0.03511705685618729,0.009178221225738525,0.007749201846309006,0.9999019503593445,0.9998847246170044,0.0010649159958120435,0.008340087253600359,0.9999891519546509,0,1
cumulative:k16:all_max:0.03:all:score:newmax-masked:current_step,cumulative,16,all_max,0.03,all,score,masked,current_step,16,1024,598,24,0.0234375,0.04013377926421405,0.009178221225738525,0.007792480392708967,0.9999019503593445,0.9998847246170044,0.0010649159958120435,0.00838336580000032,0.9999891519546509,3,1
cumulative:k8:all_max:0.0001:all:score:newmax-none:fixed,cumulative,8,all_max,0.0001,all,score,none,fixed,16,1024,598,0,0.0,0.0,0.0,0.0,1.0,0.9999997019767761,0.0,0.0,0.9999998807907104,0,-1
cumulative:k8:all_max:0.0001:all:score:newmax-none:previous_step,cumulative,8,all_max,0.0001,all,score,none,previous_step,16,1024,598,0,0.0,0.0,0.0,0.0,1.0,0.9999997019767761,0.0,0.0,0.9999998807907104,0,-1
cumulative:k8:all_max:0.0003:all:score:newmax-none:fixed,cumulative,8,all_max,0.0003,all,score,none,fixed,16,1024,598,0,0.0,0.0,0.0,0.0,1.0,0.9999997019767761,0.0,0.0,0.9999998807907104,0,-1
cumulative:k8:all_max:0.0003:all:score:newmax-none:previous_step,cumulative,8,all_max,0.0003,all,score,none,previous_step,16,1024,598,0,0.0,0.0,0.0,0.0,1.0,0.9999997019767761,0.0,0.0,0.9999998807907104,0,-1
cumulative:k8:all_max:0.001:all:score:newmax-none:fixed,cumulative,8,all_max,0.001,all,score,none,fixed,16,1024,598,0,0.0,0.0,0.0,0.0,1.0,0.9999997019767761,0.0,0.0,0.9999998807907104,0,-1
cumulative:k8:all_max:0.001:all:score:newmax-none:previous_step,cumulative,8,all_max,0.001,all,score,none,previous_step,16,1024,598,0,0.0,0.0,0.0,0.0,1.0,0.9999997019767761,0.0,0.0,0.9999998807907104,0,-1
cumulative:k8:all_max:0.003:all:score:newmax-none:fixed,cumulative,8,all_max,0.003,all,score,none,fixed,16,1024,598,0,0.0,0.0,0.0,0.0,1.0,0.9999997019767761,0.0,0.0,0.9999998807907104,0,-1
cumulative:k8:all_max:0.003:all:score:newmax-none:previous_step,cumulative,8,all_max,0.003,all,score,none,previous_step,16,1024,598,0,0.0,0.0,0.0,0.0,1.0,0.9999997019767761,0.0,0.0,0.9999998807907104,0,-1
cumulative:k8:all_max:0.01:all:score:newmax-none:fixed,cumulative,8,all_max,0.01,all,score,none,fixed,16,1024,598,0,0.0,0.0,0.0,0.0,1.0,0.9999997019767761,0.0,0.0,0.9999998807907104,0,-1
cumulative:k8:all_max:0.01:all:score:newmax-none:previous_step,cumulative,8,all_max,0.01,all,score,none,previous_step,16,1024,598,6,0.005859375,0.010033444816053512,0.0029748380184173584,0.001460020852391608,0.9999929666519165,0.9999904036521912,0.0001818673190427944,0.0015031071234261617,0.9999998807907104,1,2
cumulative:k8:all_max:0.03:all:score:newmax-none:fixed,cumulative,8,all_max,0.03,all,score,none,fixed,16,1024,598,0,0.0,0.0,0.0,0.0,1.0,0.9999997019767761,0.0,0.0,0.9999998807907104,0,-1
cumulative:k8:all_max:0.03:all:score:newmax-none:previous_step,cumulative,8,all_max,0.03,all,score,none,previous_step,16,1024,598,17,0.0166015625,0.028428093645484948,0.010441780090332031,0.006922388191924256,0.9999216198921204,0.9998966455459595,0.000482093462778721,0.007065750342917454,0.9999987483024597,3,2
independent:k1:all_max:0.00770875:all:score:newmax-none:current_step,independent,1,all_max,0.007708749268203974,all,score,none,current_step,16,1024,598,2,0.001953125,0.0033444816053511705,0.0027038753032684326,0.0003697873034980148,0.9999943971633911,0.9999518990516663,0.00036763830576092005,0.0006427144980989397,0.9999947547912598,0,1
independent:k1:all_max:0.0111843:all:score:newmax-none:current_step,independent,1,all_max,0.011184252798557281,all,score,none,current_step,16,1024,598,6,0.005859375,0.010033444816053512,0.008156252093613148,0.0010685311863198876,0.9999527931213379,0.9994106292724609,0.0010590715100988746,0.0022699080873280764,0.9999569654464722,0,1
independent:k1:all_max:0.0217213:all:score:newmax-none:current_step,independent,1,all_max,0.021721266210079193,all,score,none,current_step,16,1024,598,11,0.0107421875,0.01839464882943144,0.024103105068206787,0.0022867105435580015,0.9997745752334595,0.9950920343399048,0.002251910511404276,0.006706354208290577,0.9998114109039307,0,1
independent:k1:all_max:0.0527645:all:score:newmax-none:current_step,independent,1,all_max,0.052764493972063065,all,score,none,current_step,16,1024,598,17,0.0166015625,0.028428093645484948,0.024103105068206787,0.0031530259329883847,0.9997745752334595,0.9950920343399048,0.002303263492649421,0.007584319759189384,0.9998114109039307,0,1
independent:k1:all_max:0.0654286:all:score:newmax-none:current_step,independent,1,all_max,0.06542861461639404,all,score,none,current_step,16,1024,598,21,0.0205078125,0.03511705685618729,0.024103105068206787,0.004361519855592633,0.9997745752334595,0.9950920343399048,0.002375354561081622,0.008803802575130248,0.9998114109039307,0,1
independent:k1:veto_max:0.00770875:all:score:newmax-none:current_step,independent,1,veto_max,0.007708749268203974,all,score,none,current_step,16,1024,598,2,0.001953125,0.0033444816053511705,0.0027038753032684326,0.0003697873034980148,0.9999943971633911,0.9999518990516663,0.00036763830576092005,0.0006427144980989397,0.9999947547912598,0,1
independent:k1:veto_max:0.0111843:all:score:newmax-none:current_step,independent,1,veto_max,0.011184252798557281,all,score,none,current_step,16,1024,598,6,0.005859375,0.010033444816053512,0.008156252093613148,0.0010685311863198876,0.9999527931213379,0.9994106292724609,0.0010590715100988746,0.0022699080873280764,0.9999569654464722,0,1
independent:k1:veto_max:0.0217213:all:score:newmax-none:current_step,independent,1,veto_max,0.021721266210079193,all,score,none,current_step,16,1024,598,11,0.0107421875,0.01839464882943144,0.024103105068206787,0.0022867105435580015,0.9997745752334595,0.9950920343399048,0.002251910511404276,0.006706354208290577,0.9998114109039307,0,1
independent:k1:veto_max:0.0527645:all:score:newmax-none:current_step,independent,1,veto_max,0.052764493972063065,all,score,none,current_step,16,1024,598,17,0.0166015625,0.028428093645484948,0.024103105068206787,0.0031530259329883847,0.9997745752334595,0.9950920343399048,0.002303263492649421,0.007584319759189384,0.9998114109039307,0,1
independent:k1:veto_max:0.0633024:all:score:newmax-none:current_step,independent,1,veto_max,0.06330235302448273,all,score,none,current_step,16,1024,598,21,0.0205078125,0.03511705685618729,0.024103105068206787,0.004361519855592633,0.9997745752334595,0.9950920343399048,0.002375354561081622,0.008803802575130248,0.9998114109039307,0,1
independent:k1:masked_max:0.00299389:all:score:newmax-none:current_step,independent,1,masked_max,0.002993894275277853,all,score,none,current_step,16,1024,598,1,0.0009765625,0.0016722408026755853,0.0015961630269885063,0.00015648813860025257,0.9999988675117493,0.9999768733978271,0.00015421977150253952,0.000444570992840454,0.9999990463256836,0,1
independent:k1:masked_max:0.00324231:all:score:newmax-none:current_step,independent,1,masked_max,0.0032423066440969706,all,score,none,current_step,16,1024,598,5,0.0048828125,0.008361204013377926,0.00994733814150095,0.0008935920777730644,0.9999638795852661,0.9991277456283569,0.0008788348059169948,0.002767758211120963,0.9999704957008362,0,1
independent:k1:masked_max:0.00390861:all:score:newmax-none:current_step,independent,1,masked_max,0.003908613231033087,all,score,none,current_step,16,1024,598,9,0.0087890625,0.015050167224080268,0.016806799918413162,0.0016703796572983265,0.9998797178268433,0.9975594282150269,0.001646707416512072,0.00467677740380168,0.9998980164527893,0,1
independent:k1:masked_max:0.0335734:all:score:newmax-none:current_step,independent,1,masked_max,0.03357336297631264,all,score,none,current_step,16,1024,598,13,0.0126953125,0.021739130434782608,0.024103105068206787,0.002643403087859042,0.9997745752334595,0.9950920343399048,0.002279223164805444,0.00706827497924678,0.9998114109039307,0,1
independent:k1:masked_max:0.0669857:all:score:newmax-none:current_step,independent,1,masked_max,0.06698574870824814,all,score,none,current_step,16,1024,598,17,0.0166015625,0.028428093645484948,0.024103105068206787,0.00413888820912689,0.9997745752334595,0.9950920343399048,0.002419818029011367,0.008596122788731009,0.9998114109039307,0,1
independent:k1:q90:0.00288148:all:score:newmax-none:current_step,independent,1,q90,0.0028814764227718115,all,score,none,current_step,16,1024,598,2,0.001953125,0.0033444816053511705,0.003998597152531147,0.00033475691452622414,0.999994695186615,0.9998565316200256,0.0003286242135800421,0.0011136129032820463,0.999995768070221,0,1
independent:k1:q90:0.0033586:all:score:newmax-none:current_step,independent,1,q90,0.0033586001954972744,all,score,none,current_step,16,1024,598,6,0.005859375,0.010033444816053512,0.011428306810557842,0.001092354767024517,0.9999473690986633,0.9988535642623901,0.0010759184369817376,0.0031797701958566904,0.9999560117721558,0,1
independent:k1:q90:0.0161171:all:score:newmax-none:current_step,independent,1,q90,0.016117068007588387,all,score,none,current_step,16,1024,598,11,0.0107421875,0.01839464882943144,0.024103105068206787,0.0022867105435580015,0.9997745752334595,0.9950920343399048,0.002251910511404276,0.006706354208290577,0.9998114109039307,0,1
independent:k1:q90:0.0334006:all:score:newmax-none:current_step,independent,1,q90,0.03340055048465729,all,score,none,current_step,16,1024,598,17,0.0166015625,0.028428093645484948,0.024103105068206787,0.0031530259329883847,0.9997745752334595,0.9950920343399048,0.002303263492649421,0.007584319759189384,0.9998114109039307,0,1
independent:k1:q90:0.0415273:all:score:newmax-none:current_step,independent,1,q90,0.04152733087539673,all,score,none,current_step,16,1024,598,21,0.0205078125,0.03511705685618729,0.024103105068206787,0.004361519855592633,0.9997745752334595,0.9950920343399048,0.002375354561081622,0.008803802575130248,0.9998114109039307,0,1
independent:k1:q95:0.00290317:all:score:newmax-none:current_step,independent,1,q95,0.0029031692538410425,all,score,none,current_step,16,1024,598,2,0.001953125,0.0033444816053511705,0.003998597152531147,0.00033475691452622414,0.999994695186615,0.9998565316200256,0.0003286242135800421,0.0011136129032820463,0.999995768070221,0,1
independent:k1:q95:0.00343986:all:score:newmax-none:current_step,independent,1,q95,0.00343986414372921,all,score,none,current_step,16,1024,598,6,0.005859375,0.010033444816053512,0.011428306810557842,0.001092354767024517,0.9999473690986633,0.9988535642623901,0.0010759184369817376,0.0031797701958566904,0.9999560117721558,0,1
independent:k1:q95:0.0175512:all:score:newmax-none:current_step,independent,1,q95,0.017551187425851822,all,score,none,current_step,16,1024,598,11,0.0107421875,0.01839464882943144,0.024103105068206787,0.0022867105435580015,0.9997745752334595,0.9950920343399048,0.002251910511404276,0.006706354208290577,0.9998114109039307,0,1
independent:k1:q95:0.0360849:all:score:newmax-none:current_step,independent,1,q95,0.036084894090890884,all,score,none,current_step,16,1024,598,17,0.0166015625,0.028428093645484948,0.024103105068206787,0.0031530259329883847,0.9997745752334595,0.9950920343399048,0.002303263492649421,0.007584319759189384,0.9998114109039307,0,1
independent:k1:q95:0.0473226:all:score:newmax-none:current_step,independent,1,q95,0.047322630882263184,all,score,none,current_step,16,1024,598,21,0.0205078125,0.03511705685618729,0.024103105068206787,0.004361519855592633,0.9997745752334595,0.9950920343399048,0.002375354561081622,0.008803802575130248,0.9998114109039307,0,1
independent:k1:q99:0.00302257:all:score:newmax-none:current_step,independent,1,q99,0.003022565972059965,all,score,none,current_step,16,1024,598,2,0.001953125,0.0033444816053511705,0.003998597152531147,0.00033475691452622414,0.999994695186615,0.9998565316200256,0.0003286242135800421,0.0011136129032820463,0.999995768070221,0,1
independent:k1:q99:0.00359588:all:score:newmax-none:current_step,independent,1,q99,0.003595875110477209,all,score,none,current_step,16,1024,598,6,0.005859375,0.010033444816053512,0.011428306810557842,0.001092354767024517,0.9999473690986633,0.9988535642623901,0.0010759184369817376,0.0031797701958566904,0.9999560117721558,0,1
independent:k1:q99:0.0189867:all:score:newmax-none:current_step,independent,1,q99,0.018986664712429047,all,score,none,current_step,16,1024,598,11,0.0107421875,0.01839464882943144,0.024103105068206787,0.0022867105435580015,0.9997745752334595,0.9950920343399048,0.002251910511404276,0.006706354208290577,0.9998114109039307,0,1
independent:k1:q99:0.0466997:all:score:newmax-none:current_step,independent,1,q99,0.04669966548681259,all,score,none,current_step,16,1024,598,17,0.0166015625,0.028428093645484948,0.024103105068206787,0.0031530259329883847,0.9997745752334595,0.9950920343399048,0.002303263492649421,0.007584319759189384,0.9998114109039307,0,1
independent:k1:q99:0.0616566:all:score:newmax-none:current_step,independent,1,q99,0.06165660545229912,all,score,none,current_step,16,1024,598,21,0.0205078125,0.03511705685618729,0.024103105068206787,0.004361519855592633,0.9997745752334595,0.9950920343399048,0.002375354561081622,0.008803802575130248,0.9998114109039307,0,1
independent:k1:sum_all:0.317059:all:score:newmax-none:current_step,independent,1,sum_all,0.31705939769744873,all,score,none,current_step,16,1024,598,2,0.001953125,0.0033444816053511705,0.002854989841580391,0.00031547629623673856,0.9999957084655762,0.9999266266822815,0.00031169751309789717,0.0007953848107717931,0.9999963045120239,0,1
independent:k1:sum_all:0.379268:all:score:newmax-none:current_step,independent,1,sum_all,0.3792682886123657,all,score,none,current_step,16,1024,598,6,0.005859375,0.010033444816053512,0.009353150613605976,0.0010527533013373613,0.9999527931213379,0.9992270469665527,0.001040541916154325,0.0026035946793854237,0.9999585747718811,0,1
independent:k1:sum_all:1.87347:all:score:newmax-none:current_step,independent,1,sum_all,1.8734683990478516,all,score,none,current_step,16,1024,598,11,0.0107421875,0.01839464882943144,0.024103105068206787,0.0022867105435580015,0.9997745752334595,0.9950920343399048,0.002251910511404276,0.006706354208290577,0.9998114109039307,0,1
independent:k1:sum_all:3.428:all:score:newmax-none:current_step,independent,1,sum_all,3.428004741668701,all,score,none,current_step,16,1024,598,17,0.0166015625,0.028428093645484948,0.024103105068206787,0.0031530259329883847,0.9997745752334595,0.9950920343399048,0.002303263492649421,0.007584319759189384,0.9998114109039307,0,1
independent:k1:sum_all:4.22135:all:score:newmax-none:current_step,independent,1,sum_all,4.221348285675049,all,score,none,current_step,16,1024,598,21,0.0205078125,0.03511705685618729,0.024103105068206787,0.004361519855592633,0.9997745752334595,0.9950920343399048,0.002375354561081622,0.008803802575130248,0.9998114109039307,0,1
independent:k1:mean_all:0.00247703:all:score:newmax-none:current_step,independent,1,mean_all,0.002477026544511318,all,score,none,current_step,16,1024,598,2,0.001953125,0.0033444816053511705,0.002854989841580391,0.00031547629623673856,0.9999957084655762,0.9999266266822815,0.00031169751309789717,0.0007953848107717931,0.9999963045120239,0,1
independent:k1:mean_all:0.00296303:all:score:newmax-none:current_step,independent,1,mean_all,0.002963033504784107,all,score,none,current_step,16,1024,598,6,0.005859375,0.010033444816053512,0.009353150613605976,0.0010527533013373613,0.9999527931213379,0.9992270469665527,0.001040541916154325,0.0026035946793854237,0.9999585747718811,0,1
independent:k1:mean_all:0.0146365:all:score:newmax-none:current_step,independent,1,mean_all,0.01463647186756134,all,score,none,current_step,16,1024,598,11,0.0107421875,0.01839464882943144,0.024103105068206787,0.0022867105435580015,0.9997745752334595,0.9950920343399048,0.002251910511404276,0.006706354208290577,0.9998114109039307,0,1
independent:k1:mean_all:0.0267813:all:score:newmax-none:current_step,independent,1,mean_all,0.026781287044286728,all,score,none,current_step,16,1024,598,17,0.0166015625,0.028428093645484948,0.024103105068206787,0.0031530259329883847,0.9997745752334595,0.9950920343399048,0.002303263492649421,0.007584319759189384,0.9998114109039307,0,1
independent:k1:mean_all:0.0329793:all:score:newmax-none:current_step,independent,1,mean_all,0.03297928348183632,all,score,none,current_step,16,1024,598,21,0.0205078125,0.03511705685618729,0.024103105068206787,0.004361519855592633,0.9997745752334595,0.9950920343399048,0.002375354561081622,0.008803802575130248,0.9998114109039307,0,1
independent:k1:sum_masked:0:all:score:newmax-none:current_step,independent,1,sum_masked,0.0,all,score,none,current_step,16,1024,598,0,0.0,0.0,0.0,0.0,1.0,0.9999997019767761,0.0,0.0,0.9999998807907104,0,-1
independent:k1:sum_masked:0.0428297:all:score:newmax-none:current_step,independent,1,sum_masked,0.04282968491315842,all,score,none,current_step,16,1024,598,6,0.005859375,0.010033444816053512,0.004097253084182739,0.0008905538597900886,0.999997079372406,0.9999855756759644,1.1857098797918297e-05,0.0008929045907279942,0.9999999403953552,0,7
independent:k1:sum_masked:0.300734:all:score:newmax-none:current_step,independent,1,sum_masked,0.3007335662841797,all,score,none,current_step,16,1024,598,11,0.0107421875,0.01839464882943144,0.00862373411655426,0.002582778051873902,0.9999769926071167,0.9999154806137085,0.000167907517607091,0.0026203689667454455,0.9999997615814209,0,5
independent:k1:sum_masked:0.357313:all:score:newmax-none:current_step,independent,1,sum_masked,0.3573131263256073,all,score,none,current_step,16,1024,598,17,0.0166015625,0.028428093645484948,0.00992998480796814,0.004224538573907921,0.9999681711196899,0.9994372725486755,0.0010828444465005305,0.005652014810038963,0.9999723434448242,0,1
independent:k1:sum_masked:0.38142:all:score:newmax-none:current_step,independent,1,sum_masked,0.38142043352127075,all,score,none,current_step,16,1024,598,21,0.0205078125,0.03511705685618729,0.017099250108003616,0.005033092285884777,0.9998796582221985,0.9974746704101562,0.001877750091807684,0.008193862337066093,0.9998986721038818,0,1
independent:k1:mean_masked:0:all:score:newmax-none:current_step,independent,1,mean_masked,0.0,all,score,none,current_step,16,1024,598,0,0.0,0.0,0.0,0.0,1.0,0.9999997019767761,0.0,0.0,0.9999998807907104,0,-1
independent:k1:mean_masked:0.00238752:all:score:newmax-none:current_step,independent,1,mean_masked,0.002387522254139185,all,score,none,current_step,16,1024,598,6,0.005859375,0.010033444816053512,0.004097253084182739,0.0008870885249052662,0.999997079372406,0.9999768733978271,0.00015421977150253952,0.0011751713791454677,0.9999990463256836,0,1
independent:k1:mean_masked:0.00291532:all:score:newmax-none:current_step,independent,1,mean_masked,0.00291532464325428,all,score,none,current_step,16,1024,598,11,0.0107421875,0.01839464882943144,0.009353150613605976,0.001783353687642375,0.9999527931213379,0.9992270469665527,0.001040541916154325,0.0033341950656904373,0.9999585747718811,0,1
independent:k1:mean_masked:0.0214148:all:score:newmax-none:current_step,independent,1,mean_masked,0.02141484245657921,all,score,none,current_step,16,1024,598,17,0.0166015625,0.028428093645484948,0.024103105068206787,0.00317726440334809,0.9997745752334595,0.9950920343399048,0.002263767610202194,0.007599258799018571,0.9998114109039307,0,1
independent:k1:mean_masked:0.05666:all:score:newmax-none:current_step,independent,1,mean_masked,0.05665995925664902,all,score,none,current_step,16,1024,598,21,0.0205078125,0.03511705685618729,0.024103105068206787,0.004446875802386785,0.9997745752334595,0.9950920343399048,0.002378724542722921,0.008898054573364789,0.9998114109039307,0,1
independent:k1:sum_mixed:0.311063:all:score:newmax-none:current_step,independent,1,sum_mixed,0.31106269359588623,all,score,none,current_step,16,1024,598,2,0.001953125,0.0033444816053511705,0.002854989841580391,0.00031547629623673856,0.9999957084655762,0.9999266266822815,0.00031169751309789717,0.0007953848107717931,0.9999963045120239,0,1
independent:k1:sum_mixed:0.372586:all:score:newmax-none:current_step,independent,1,sum_mixed,0.3725857734680176,all,score,none,current_step,16,1024,598,6,0.005859375,0.010033444816053512,0.009353150613605976,0.0010527533013373613,0.9999527931213379,0.9992270469665527,0.001040541916154325,0.0026035946793854237,0.9999585747718811,0,1
independent:k1:sum_mixed:0.5473:all:score:newmax-none:current_step,independent,1,sum_mixed,0.5472999811172485,all,score,none,current_step,16,1024,598,11,0.0107421875,0.01839464882943144,0.019661199301481247,0.002035369732766412,0.9998471736907959,0.9966872930526733,0.0018589521878311643,0.005634499539155513,0.9998721480369568,0,1
independent:k1:sum_mixed:0.857001:all:score:newmax-none:current_step,independent,1,sum_mixed,0.8570011854171753,all,score,none,current_step,16,1024,598,17,0.0166015625,0.028428093645484948,0.024103105068206787,0.0031530259329883847,0.9997745752334595,0.9950920343399048,0.002303263492649421,0.007584319759189384,0.9998114109039307,0,1
independent:k1:sum_mixed:1.20931:all:score:newmax-none:current_step,independent,1,sum_mixed,1.2093122005462646,all,score,none,current_step,16,1024,598,21,0.0205078125,0.03511705685618729,0.024103105068206787,0.004361519855592633,0.9997745752334595,0.9950920343399048,0.002375354561081622,0.008803802575130248,0.9998114109039307,0,1
independent:k1:mean_mixed:0.0024445:all:score:newmax-none:current_step,independent,1,mean_mixed,0.00244450056925416,all,score,none,current_step,16,1024,598,2,0.001953125,0.0033444816053511705,0.002854989841580391,0.00031547629623673856,0.9999957084655762,0.9999266266822815,0.00031169751309789717,0.0007953848107717931,0.9999963045120239,0,1
independent:k1:mean_mixed:0.00292798:all:score:newmax-none:current_step,independent,1,mean_mixed,0.0029279827140271664,all,score,none,current_step,16,1024,598,6,0.005859375,0.010033444816053512,0.009353150613605976,0.0010527533013373613,0.9999527931213379,0.9992270469665527,0.001040541916154325,0.0026035946793854237,0.9999585747718811,0,1
independent:k1:mean_mixed:0.0155499:all:score:newmax-none:current_step,independent,1,mean_mixed,0.015549905598163605,all,score,none,current_step,16,1024,598,11,0.0107421875,0.01839464882943144,0.024103105068206787,0.0022867105435580015,0.9997745752334595,0.9950920343399048,0.002251910511404276,0.006706354208290577,0.9998114109039307,0,1
independent:k1:mean_mixed:0.0267813:all:score:newmax-none:current_step,independent,1,mean_mixed,0.026781287044286728,all,score,none,current_step,16,1024,598,17,0.0166015625,0.028428093645484948,0.024103105068206787,0.0031530259329883847,0.9997745752334595,0.9950920343399048,0.002303263492649421,0.007584319759189384,0.9998114109039307,0,1
independent:k1:mean_mixed:0.0346951:all:score:newmax-none:current_step,independent,1,mean_mixed,0.03469511866569519,all,score,none,current_step,16,1024,598,21,0.0205078125,0.03511705685618729,0.024103105068206787,0.004361519855592633,0.9997745752334595,0.9950920343399048,0.002375354561081622,0.008803802575130248,0.9998114109039307,0,1
independent:k2:all_max:0.00637194:all:score:newmax-none:current_step,independent,2,all_max,0.006371942348778248,all,score,none,current_step,16,1024,598,2,0.001953125,0.0033444816053511705,0.0022676587104797363,0.0006759853567928076,0.9999940395355225,0.9999927282333374,9.366486483486369e-05,0.0006973336276132613,0.9999998807907104,0,4
independent:k2:all_max:0.0106072:all:score:newmax-none:current_step,independent,2,all_max,0.010607220232486725,all,score,none,current_step,16,1024,598,8,0.0078125,0.013377926421404682,0.008156252093613148,0.0017445165431126952,0.9999527931213379,0.9994106292724609,0.0011527363749337383,0.0029672417149413377,0.9999569654464722,0,1
independent:k2:all_max:0.0293952:all:score:newmax-none:current_step,independent,2,all_max,0.029395248740911484,all,score,none,current_step,16,1024,598,15,0.0146484375,0.02508361204013378,0.024103105068206787,0.0033193884446518496,0.9997745752334595,0.9950920343399048,0.0023728880296403076,0.007765608606860042,0.9998114109039307,0,1
independent:k2:all_max:0.0484066:all:score:newmax-none:current_step,independent,2,all_max,0.048406634479761124,all,score,none,current_step,16,1024,598,22,0.021484375,0.03678929765886288,0.024103105068206787,0.003920807281247107,0.9997745752334595,0.9950920343399048,0.0024409208290308015,0.008372562497243052,0.9998114109039307,0,1
independent:k2:all_max:0.0644269:all:score:newmax-none:current_step,independent,2,all_max,0.06442688405513763,all,score,none,current_step,16,1024,598,28,0.02734375,0.046822742474916385,0.024103105068206787,0.005425925312010804,0.9997745752334595,0.9950920343399048,0.002526682159441407,0.009889441211271333,0.9998114109039307,0,1
independent:k2:veto_max:0.00632897:all:score:newmax-none:current_step,independent,2,veto_max,0.006328966468572617,all,score,none,current_step,16,1024,598,2,0.001953125,0.0033444816053511705,0.0022676587104797363,0.0006759853567928076,0.9999940395355225,0.9999927282333374,9.366486483486369e-05,0.0006973336276132613,0.9999998807907104,0,4
independent:k2:veto_max:0.0106072:all:score:newmax-none:current_step,independent,2,veto_max,0.010607220232486725,all,score,none,current_step,16,1024,598,8,0.0078125,0.013377926421404682,0.008156252093613148,0.0017445165431126952,0.9999527931213379,0.9994106292724609,0.0011527363749337383,0.0029672417149413377,0.9999569654464722,0,1
independent:k2:veto_max:0.0293952:all:score:newmax-none:current_step,independent,2,veto_max,0.029395248740911484,all,score,none,current_step,16,1024,598,15,0.0146484375,0.02508361204013378,0.024103105068206787,0.0033193884446518496,0.9997745752334595,0.9950920343399048,0.0023728880296403076,0.007765608606860042,0.9998114109039307,0,1
independent:k2:veto_max:0.0484066:all:score:newmax-none:current_step,independent,2,veto_max,0.048406634479761124,all,score,none,current_step,16,1024,598,22,0.021484375,0.03678929765886288,0.024103105068206787,0.003920807281247107,0.9997745752334595,0.9950920343399048,0.0024409208290308015,0.008372562497243052,0.9998114109039307,0,1
independent:k2:veto_max:0.0631275:all:score:newmax-none:current_step,independent,2,veto_max,0.06312750279903412,all,score,none,current_step,16,1024,598,28,0.02734375,0.046822742474916385,0.024103105068206787,0.005425925312010804,0.9997745752334595,0.9950920343399048,0.002526682159441407,0.009889441211271333,0.9998114109039307,0,1
independent:k2:masked_max:0.00225841:all:score:newmax-none:current_step,independent,2,masked_max,0.0022584109101444483,all,score,none,current_step,16,1024,598,2,0.001953125,0.0033444816053511705,0.0022676587104797363,0.0006759853567928076,0.9999940395355225,0.9999927282333374,9.366486483486369e-05,0.0006973336276132613,0.9999998807907104,0,4
independent:k2:masked_max:0.00316088:all:score:newmax-none:current_step,independent,2,masked_max,0.003160877851769328,all,score,none,current_step,16,1024,598,6,0.005859375,0.010033444816053512,0.008543786592781544,0.0013741971924901009,0.9999770522117615,0.9993535280227661,0.0007786507558193989,0.003075235552387312,0.9999819397926331,0,1
independent:k2:masked_max:0.00778135:all:score:newmax-none:current_step,independent,2,masked_max,0.00778135284781456,all,score,none,current_step,16,1024,598,12,0.01171875,0.020066889632107024,0.019661199301481247,0.002551401616074145,0.9998471736907959,0.9966872930526733,0.0019407599538681097,0.006169528962345794,0.9998721480369568,0,1
independent:k2:masked_max:0.0384825:all:score:newmax-none:current_step,independent,2,masked_max,0.03848247230052948,all,score,none,current_step,16,1024,598,18,0.017578125,0.030100334448160536,0.024103105068206787,0.003416790466872044,0.9997745752334595,0.9950920343399048,0.0023928158334456384,0.007861020021664444,0.9998114109039307,0,1
independent:k2:masked_max:0.0650025:all:score:newmax-none:current_step,independent,2,masked_max,0.06500253081321716,all,score,none,current_step,16,1024,598,23,0.0224609375,0.038461538461538464,0.024103105068206787,0.0046953249257057905,0.9997745752334595,0.9950920343399048,0.002526682159441407,0.009158840824966319,0.9998114109039307,0,1
independent:k2:q90:0.0029325:all:score:newmax-none:current_step,independent,2,q90,0.0029325003270059824,all,score,none,current_step,16,1024,598,2,0.001953125,0.0033444816053511705,0.003998597152531147,0.00033475691452622414,0.999994695186615,0.9998565316200256,0.0003286242135800421,0.0011136129032820463,0.999995768070221,0,1
independent:k2:q90:0.00355732:all:score:newmax-none:current_step,independent,2,q90,0.003557316493242979,all,score,none,current_step,16,1024,598,8,0.0078125,0.013377926421404682,0.01434547919780016,0.0014614425599575043,0.9999080300331116,0.9982088804244995,0.00144151970744133,0.0039916266687214375,0.999921441078186,0,1
independent:k2:q90:0.0176667:all:score:newmax-none:current_step,independent,2,q90,0.017666678875684738,all,score,none,current_step,16,1024,598,15,0.0146484375,0.02508361204013378,0.024103105068206787,0.0028912997076986358,0.9997745752334595,0.9950920343399048,0.0023449107702617766,0.007327948544116225,0.9998114109039307,0,1
independent:k2:q90:0.0305467:all:score:newmax-none:current_step,independent,2,q90,0.030546724796295166,all,score,none,current_step,16,1024,598,22,0.021484375,0.03678929765886288,0.024103105068206787,0.003920807281247107,0.9997745752334595,0.9950920343399048,0.0024409208290308015,0.008372562497243052,0.9998114109039307,0,1
independent:k2:q90:0.0413814:all:score:newmax-none:current_step,independent,2,q90,0.041381414979696274,all,score,none,current_step,16,1024,598,28,0.02734375,0.046822742474916385,0.024103105068206787,0.005425925312010804,0.9997745752334595,0.9950920343399048,0.002526682159441407,0.009889441211271333,0.9998114109039307,0,1
independent:k2:q95:0.00295808:all:score:newmax-none:current_step,independent,2,q95,0.0029580777045339346,all,score,none,current_step,16,1024,598,2,0.001953125,0.0033444816053511705,0.003998597152531147,0.00033475691452622414,0.999994695186615,0.9998565316200256,0.0003286242135800421,0.0011136129032820463,0.999995768070221,0,1
independent:k2:q95:0.00360105:all:score:newmax-none:current_step,independent,2,q95,0.0036010495387017727,all,score,none,current_step,16,1024,598,8,0.0078125,0.013377926421404682,0.01434547919780016,0.0014614425599575043,0.9999080300331116,0.9982088804244995,0.00144151970744133,0.0039916266687214375,0.999921441078186,0,1
independent:k2:q95:0.0181264:all:score:newmax-none:current_step,independent,2,q95,0.018126409500837326,all,score,none,current_step,16,1024,598,15,0.0146484375,0.02508361204013378,0.024103105068206787,0.0028912997076986358,0.9997745752334595,0.9950920343399048,0.0023449107702617766,0.007327948544116225,0.9998114109039307,0,1
independent:k2:q95:0.0331068:all:score:newmax-none:current_step,independent,2,q95,0.03310684487223625,all,score,none,current_step,16,1024,598,22,0.021484375,0.03678929765886288,0.024103105068206787,0.003920807281247107,0.9997745752334595,0.9950920343399048,0.0024409208290308015,0.008372562497243052,0.9998114109039307,0,1
independent:k2:q95:0.0468604:all:score:newmax-none:current_step,independent,2,q95,0.04686037823557854,all,score,none,current_step,16,1024,598,28,0.02734375,0.046822742474916385,0.024103105068206787,0.005425925312010804,0.9997745752334595,0.9950920343399048,0.002526682159441407,0.009889441211271333,0.9998114109039307,0,1
independent:k2:q99:0.00305392:all:score:newmax-none:current_step,independent,2,q99,0.0030539154540747404,all,score,none,current_step,16,1024,598,2,0.001953125,0.0033444816053511705,0.003998597152531147,0.00033475691452622414,0.999994695186615,0.9998565316200256,0.0003286242135800421,0.0011136129032820463,0.999995768070221,0,1
independent:k2:q99:0.00380032:all:score:newmax-none:current_step,independent,2,q99,0.003800320439040661,all,score,none,current_step,16,1024,598,8,0.0078125,0.013377926421404682,0.01434547919780016,0.0014614425599575043,0.9999080300331116,0.9982088804244995,0.00144151970744133,0.0039916266687214375,0.999921441078186,0,1
independent:k2:q99:0.0230774:all:score:newmax-none:current_step,independent,2,q99,0.02307741343975067,all,score,none,current_step,16,1024,598,15,0.0146484375,0.02508361204013378,0.024103105068206787,0.0033193884446518496,0.9997745752334595,0.9950920343399048,0.0023728880296403076,0.007765608606860042,0.9998114109039307,0,1
independent:k2:q99:0.0428289:all:score:newmax-none:current_step,independent,2,q99,0.042828939855098724,all,score,none,current_step,16,1024,598,22,0.021484375,0.03678929765886288,0.024103105068206787,0.003920807281247107,0.9997745752334595,0.9950920343399048,0.0024409208290308015,0.008372562497243052,0.9998114109039307,0,1
independent:k2:q99:0.0612911:all:score:newmax-none:current_step,independent,2,q99,0.06129111722111702,all,score,none,current_step,16,1024,598,28,0.02734375,0.046822742474916385,0.024103105068206787,0.005425925312010804,0.9997745752334595,0.9950920343399048,0.002526682159441407,0.009889441211271333,0.9998114109039307,0,1
independent:k2:sum_all:0.329767:all:score:newmax-none:current_step,independent,2,sum_all,0.32976698875427246,all,score,none,current_step,16,1024,598,2,0.001953125,0.0033444816053511705,0.002854989841580391,0.00031547629623673856,0.9999957084655762,0.9999266266822815,0.00031169751309789717,0.0007953848107717931,0.9999963045120239,0,1
independent:k2:sum_all:0.386508:all:score:newmax-none:current_step,independent,2,sum_all,0.38650766015052795,all,score,none,current_step,16,1024,598,8,0.0078125,0.013377926421404682,0.013433926738798618,0.0014544384321197867,0.9999099969863892,0.9984235167503357,0.0014364406233653426,0.0037401621229946613,0.9999216794967651,0,1
independent:k2:sum_all:1.89015:all:score:newmax-none:current_step,independent,2,sum_all,1.890146255493164,all,score,none,current_step,16,1024,598,15,0.0146484375,0.02508361204013378,0.024103105068206787,0.0028912997076986358,0.9997745752334595,0.9950920343399048,0.0023449107702617766,0.007327948544116225,0.9998114109039307,0,1
independent:k2:sum_all:3.13167:all:score:newmax-none:current_step,independent,2,sum_all,3.1316699981689453,all,score,none,current_step,16,1024,598,22,0.021484375,0.03678929765886288,0.024103105068206787,0.003920807281247107,0.9997745752334595,0.9950920343399048,0.0024409208290308015,0.008372562497243052,0.9998114109039307,0,1
independent:k2:sum_all:4.1897:all:score:newmax-none:current_step,independent,2,sum_all,4.189695358276367,all,score,none,current_step,16,1024,598,28,0.02734375,0.046822742474916385,0.024103105068206787,0.005425925312010804,0.9997745752334595,0.9950920343399048,0.002526682159441407,0.009889441211271333,0.9998114109039307,0,1
independent:k2:mean_all:0.0025763:all:score:newmax-none:current_step,independent,2,mean_all,0.0025763045996427536,all,score,none,current_step,16,1024,598,2,0.001953125,0.0033444816053511705,0.002854989841580391,0.00031547629623673856,0.9999957084655762,0.9999266266822815,0.00031169751309789717,0.0007953848107717931,0.9999963045120239,0,1
independent:k2:mean_all:0.00301959:all:score:newmax-none:current_step,independent,2,mean_all,0.0030195910949259996,all,score,none,current_step,16,1024,598,8,0.0078125,0.013377926421404682,0.013433926738798618,0.0014544384321197867,0.9999099969863892,0.9984235167503357,0.0014364406233653426,0.0037401621229946613,0.9999216794967651,0,1
independent:k2:mean_all:0.0147668:all:score:newmax-none:current_step,independent,2,mean_all,0.014766767621040344,all,score,none,current_step,16,1024,598,15,0.0146484375,0.02508361204013378,0.024103105068206787,0.0028912997076986358,0.9997745752334595,0.9950920343399048,0.0023449107702617766,0.007327948544116225,0.9998114109039307,0,1
independent:k2:mean_all:0.0244662:all:score:newmax-none:current_step,independent,2,mean_all,0.024466171860694885,all,score,none,current_step,16,1024,598,22,0.021484375,0.03678929765886288,0.024103105068206787,0.003920807281247107,0.9997745752334595,0.9950920343399048,0.0024409208290308015,0.008372562497243052,0.9998114109039307,0,1
independent:k2:mean_all:0.032732:all:score:newmax-none:current_step,independent,2,mean_all,0.03273199498653412,all,score,none,current_step,16,1024,598,28,0.02734375,0.046822742474916385,0.024103105068206787,0.005425925312010804,0.9997745752334595,0.9950920343399048,0.002526682159441407,0.009889441211271333,0.9998114109039307,0,1
independent:k2:sum_masked:0:all:score:newmax-none:current_step,independent,2,sum_masked,0.0,all,score,none,current_step,16,1024,598,0,0.0,0.0,0.0,0.0,1.0,0.9999997019767761,0.0,0.0,0.9999998807907104,0,-1
independent:k2:sum_masked:0.0417607:all:score:newmax-none:current_step,independent,2,sum_masked,0.04176073521375656,all,score,none,current_step,16,1024,598,8,0.0078125,0.013377926421404682,0.004097253084182739,0.0015665392165828962,0.9999940395355225,0.9999855756759644,0.00010552196363278199,0.0015902382183412556,0.9999998807907104,0,4
independent:k2:sum_masked:0.11409:all:score:newmax-none:current_step,independent,2,sum_masked,0.11408992111682892,all,score,none,current_step,16,1024,598,15,0.0146484375,0.02508361204013378,0.010644733905792236,0.0032968357008940075,0.999957263469696,0.9998891949653625,0.00030401931871892884,0.0033448490175942425,0.9999995231628418,0,4
independent:k2:sum_masked:0.340507:all:score:newmax-none:current_step,independent,2,sum_masked,0.3405070900917053,all,score,none,current_step,16,1024,598,22,0.021484375,0.03678929765886288,0.010644733905792236,0.004214923599647591,0.999957263469696,0.9997481107711792,0.0007720548710494768,0.005261418762529502,0.9999907612800598,0,1
independent:k2:sum_masked:0.3808:all:score:newmax-none:current_step,independent,2,sum_masked,0.3807998299598694,all,score,none,current_step,16,1024,598,28,0.02734375,0.046822742474916385,0.017099250108003616,0.005385131113143871,0.9998796582221985,0.9974746704101562,0.0019256429332017433,0.008542278901586542,0.9998986721038818,0,1
independent:k2:mean_masked:0:all:score:newmax-none:current_step,independent,2,mean_masked,0.0,all,score,none,current_step,16,1024,598,0,0.0,0.0,0.0,0.0,1.0,0.9999997019767761,0.0,0.0,0.9999998807907104,0,-1
independent:k2:mean_masked:0.00237775:all:score:newmax-none:current_step,independent,2,mean_masked,0.0023777515161782503,all,score,none,current_step,16,1024,598,8,0.0078125,0.013377926421404682,0.004097253084182739,0.0015630738816980738,0.9999940395355225,0.9999768733978271,0.0002478846363374032,0.001872505006758729,0.9999990463256836,0,1
independent:k2:mean_masked:0.00296508:all:score:newmax-none:current_step,independent,2,mean_masked,0.0029650842770934105,all,score,none,current_step,16,1024,598,15,0.0146484375,0.02508361204013378,0.013433926738798618,0.002861024175217608,0.9999099969863892,0.9984235167503357,0.0015301054882002063,0.005168096136912936,0.9999216794967651,0,1
independent:k2:mean_masked:0.0336386:all:score:newmax-none:current_step,independent,2,mean_masked,0.03363863751292229,all,score,none,current_step,16,1024,598,22,0.021484375,0.03678929765886288,0.024103105068206787,0.003988998523709597,0.9997745752334595,0.9950920343399048,0.0023693270159128588,0.008431086735072313,0.9998114109039307,0,1
independent:k2:mean_masked:0.0555722:all:score:newmax-none:current_step,independent,2,mean_masked,0.05557219311594963,all,score,none,current_step,16,1024,598,28,0.02734375,0.046822742474916385,0.024103105068206787,0.005487487014761427,0.9997745752334595,0.9950920343399048,0.002521692695154343,0.009959853025065968,0.9998114109039307,0,1
independent:k2:sum_mixed:0.227922:all:score:newmax-none:current_step,independent,2,sum_mixed,0.2279217392206192,all,score,none,current_step,16,1024,598,2,0.001953125,0.0033444816053511705,0.0022676587104797363,0.0006759853567928076,0.9999940395355225,0.9999927282333374,9.366486483486369e-05,0.0006973336276132613,0.9999998807907104,0,4
independent:k2:sum_mixed:0.372032:all:score:newmax-none:current_step,independent,2,sum_mixed,0.37203240394592285,all,score,none,current_step,16,1024,598,8,0.0078125,0.013377926421404682,0.009353150613605976,0.001728738658130169,0.9999527931213379,0.9992270469665527,0.0011342067809891887,0.003300928306998685,0.9999585747718811,0,1
independent:k2:sum_mixed:0.531686:all:score:newmax-none:current_step,independent,2,sum_mixed,0.5316859483718872,all,score,none,current_step,16,1024,598,15,0.0146484375,0.02508361204013378,0.019661199301481247,0.0030271712166722864,0.9998471736907959,0.9966872930526733,0.001994416303205071,0.006651998788584024,0.9998721480369568,0,1
independent:k2:sum_mixed:0.782917:all:score:newmax-none:current_step,independent,2,sum_mixed,0.7829174995422363,all,score,none,current_step,16,1024,598,22,0.021484375,0.03678929765886288,0.024103105068206787,0.003920807281247107,0.9997745752334595,0.9950920343399048,0.0024409208290308015,0.008372562497243052,0.9998114109039307,0,1
independent:k2:sum_mixed:1.17475:all:score:newmax-none:current_step,independent,2,sum_mixed,1.1747527122497559,all,score,none,current_step,16,1024,598,28,0.02734375,0.046822742474916385,0.024103105068206787,0.005425925312010804,0.9997745752334595,0.9950920343399048,0.002526682159441407,0.009889441211271333,0.9998114109039307,0,1
independent:k2:mean_mixed:0.00253892:all:score:newmax-none:current_step,independent,2,mean_mixed,0.002538916189223528,all,score,none,current_step,16,1024,598,2,0.001953125,0.0033444816053511705,0.002854989841580391,0.00031547629623673856,0.9999957084655762,0.9999266266822815,0.00031169751309789717,0.0007953848107717931,0.9999963045120239,0,1
independent:k2:mean_mixed:0.00296725:all:score:newmax-none:current_step,independent,2,mean_mixed,0.0029672461096197367,all,score,none,current_step,16,1024,598,8,0.0078125,0.013377926421404682,0.013433926738798618,0.0014544384321197867,0.9999099969863892,0.9984235167503357,0.0014364406233653426,0.0037401621229946613,0.9999216794967651,0,1
independent:k2:mean_mixed:0.015588:all:score:newmax-none:current_step,independent,2,mean_mixed,0.015587967820465565,all,score,none,current_step,16,1024,598,15,0.0146484375,0.02508361204013378,0.024103105068206787,0.003275348251918331,0.9997745752334595,0.9950920343399048,0.0023793642758391798,0.007720766618149355,0.9998114109039307,0,1
independent:k2:mean_mixed:0.0244662:all:score:newmax-none:current_step,independent,2,mean_mixed,0.024466171860694885,all,score,none,current_step,16,1024,598,22,0.021484375,0.03678929765886288,0.024103105068206787,0.003920807281247107,0.9997745752334595,0.9950920343399048,0.0024409208290308015,0.008372562497243052,0.9998114109039307,0,1
independent:k2:mean_mixed:0.0342094:all:score:newmax-none:current_step,independent,2,mean_mixed,0.034209396690130234,all,score,none,current_step,16,1024,598,28,0.02734375,0.046822742474916385,0.024103105068206787,0.005425925312010804,0.9997745752334595,0.9950920343399048,0.002526682159441407,0.009889441211271333,0.9998114109039307,0,1
independent:k4:all_max:0.00643245:all:score:newmax-none:current_step,independent,4,all_max,0.006432453636080027,all,score,none,current_step,16,1024,598,2,0.001953125,0.0033444816053511705,0.0022676587104797363,0.0006759853567928076,0.9999940395355225,0.9999927282333374,9.366486483486369e-05,0.0006973336276132613,0.9999998807907104,0,4
independent:k4:all_max:0.0117613:all:score:newmax-none:current_step,independent,4,all_max,0.011761285364627838,all,score,none,current_step,16,1024,598,8,0.0078125,0.013377926421404682,0.008156252093613148,0.0017445165431126952,0.9999527931213379,0.9994106292724609,0.0011527363749337383,0.0029672417149413377,0.9999569654464722,0,1
independent:k4:all_max:0.0357143:all:score:newmax-none:current_step,independent,4,all_max,0.035714291036129,all,score,none,current_step,16,1024,598,16,0.015625,0.026755852842809364,0.024103105068206787,0.0034768122422974557,0.9997745752334595,0.9950920343399048,0.002391198462646571,0.007925240555778146,0.9998114109039307,0,1
independent:k4:all_max:0.0493282:all:score:newmax-none:current_step,independent,4,all_max,0.04932824522256851,all,score,none,current_step,16,1024,598,24,0.0234375,0.04013377926421405,0.024103105068206787,0.004326351165218512,0.9997745752334595,0.9950920343399048,0.0024713634593354072,0.008786747468548128,0.9998114109039307,0,1
independent:k4:all_max:0.0641407:all:score:newmax-none:current_step,independent,4,all_max,0.0641406700015068,all,score,none,current_step,16,1024,598,30,0.029296875,0.05016722408026756,0.024103105068206787,0.006022547724569449,0.9997745752334595,0.9950920343399048,0.0026005760228144936,0.010502925902983407,0.9998114109039307,0,1
independent:k4:veto_max:0.00639729:all:score:newmax-none:current_step,independent,4,veto_max,0.006397291086614132,all,score,none,current_step,16,1024,598,2,0.001953125,0.0033444816053511705,0.0022676587104797363,0.0006759853567928076,0.9999940395355225,0.9999927282333374,9.366486483486369e-05,0.0006973336276132613,0.9999998807907104,0,4
independent:k4:veto_max:0.0117613:all:score:newmax-none:current_step,independent,4,veto_max,0.011761285364627838,all,score,none,current_step,16,1024,598,8,0.0078125,0.013377926421404682,0.008156252093613148,0.0017445165431126952,0.9999527931213379,0.9994106292724609,0.0011527363749337383,0.0029672417149413377,0.9999569654464722,0,1
independent:k4:veto_max:0.0357143:all:score:newmax-none:current_step,independent,4,veto_max,0.035714291036129,all,score,none,current_step,16,1024,598,16,0.015625,0.026755852842809364,0.024103105068206787,0.0034768122422974557,0.9997745752334595,0.9950920343399048,0.002391198462646571,0.007925240555778146,0.9998114109039307,0,1
independent:k4:veto_max:0.0493282:all:score:newmax-none:current_step,independent,4,veto_max,0.04932824522256851,all,score,none,current_step,16,1024,598,24,0.0234375,0.04013377926421405,0.024103105068206787,0.004326351165218512,0.9997745752334595,0.9950920343399048,0.0024713634593354072,0.008786747468548128,0.9998114109039307,0,1
independent:k4:veto_max:0.0630775:all:score:newmax-none:current_step,independent,4,veto_max,0.06307753920555115,all,score,none,current_step,16,1024,598,30,0.029296875,0.05016722408026756,0.024103105068206787,0.006022547724569449,0.9997745752334595,0.9950920343399048,0.0026005760228144936,0.010502925902983407,0.9998114109039307,0,1
independent:k4:masked_max:0.00233489:all:score:newmax-none:current_step,independent,4,masked_max,0.0023348850663751364,all,score,none,current_step,16,1024,598,2,0.001953125,0.0033444816053511705,0.0022676587104797363,0.0006759853567928076,0.9999940395355225,0.9999927282333374,9.366486483486369e-05,0.0006973336276132613,0.9999998807907104,0,4
independent:k4:masked_max:0.00332374:all:score:newmax-none:current_step,independent,4,masked_max,0.0033237356692552567,all,score,none,current_step,16,1024,598,7,0.0068359375,0.011705685618729096,0.00994733814150095,0.001569577434565872,0.9999638795852661,0.9991277456283569,0.0009724996707518585,0.0034650918387342244,0.9999704957008362,0,1
independent:k4:masked_max:0.0217213:all:score:newmax-none:current_step,independent,4,masked_max,0.021721266210079193,all,score,none,current_step,16,1024,598,13,0.0126953125,0.021739130434782608,0.024103105068206787,0.002962695900350809,0.9997745752334595,0.9950920343399048,0.0023455753762391396,0.007403687835903838,0.9998114109039307,0,1
independent:k4:masked_max:0.0418653:all:score:newmax-none:current_step,independent,4,masked_max,0.0418652668595314,all,score,none,current_step,16,1024,598,20,0.01953125,0.033444816053511704,0.024103105068206787,0.0038078476063674316,0.9997745752334595,0.9950920343399048,0.0024482970529788872,0.008257403802417684,0.9998114109039307,0,1
independent:k4:masked_max:0.0646464:all:score:newmax-none:current_step,independent,4,masked_max,0.06464637815952301,all,score,none,current_step,16,1024,598,25,0.0244140625,0.04180602006688963,0.024103105068206787,0.0052919473382644355,0.9997745752334595,0.9950920343399048,0.0026005760228144936,0.009772325516678393,0.9998114109039307,0,1
independent:k4:q90:0.00294708:all:score:newmax-none:current_step,independent,4,q90,0.002947078784927726,all,score,none,current_step,16,1024,598,2,0.001953125,0.0033444816053511705,0.003998597152531147,0.00033475691452622414,0.999994695186615,0.9998565316200256,0.0003286242135800421,0.0011136129032820463,0.999995768070221,0,1
independent:k4:q90:0.00357316:all:score:newmax-none:current_step,independent,4,q90,0.0035731648094952106,all,score,none,current_step,16,1024,598,8,0.0078125,0.013377926421404682,0.01434547919780016,0.0014614425599575043,0.9999080300331116,0.9982088804244995,0.00144151970744133,0.0039916266687214375,0.999921441078186,0,1
independent:k4:q90:0.0180025:all:score:newmax-none:current_step,independent,4,q90,0.018002532422542572,all,score,none,current_step,16,1024,598,16,0.015625,0.026755852842809364,0.024103105068206787,0.0030569341470254585,0.9997745752334595,0.9950920343399048,0.0023574928291054675,0.0074960124111385085,0.9998114109039307,0,1
independent:k4:q90:0.0297589:all:score:newmax-none:current_step,independent,4,q90,0.029758866876363754,all,score,none,current_step,16,1024,598,24,0.0234375,0.04013377926421405,0.024103105068206787,0.004517429693805752,0.9997745752334595,0.9950920343399048,0.0025148146924038883,0.008986047188955126,0.9998114109039307,0,1
independent:k4:q90:0.0413397:all:score:newmax-none:current_step,independent,4,q90,0.041339725255966187,all,score,none,current_step,16,1024,598,30,0.029296875,0.05016722408026756,0.024103105068206787,0.006022547724569449,0.9997745752334595,0.9950920343399048,0.0026005760228144936,0.010502925902983407,0.9998114109039307,0,1
independent:k4:q95:0.00297377:all:score:newmax-none:current_step,independent,4,q95,0.002973766066133976,all,score,none,current_step,16,1024,598,2,0.001953125,0.0033444816053511705,0.003998597152531147,0.00033475691452622414,0.999994695186615,0.9998565316200256,0.0003286242135800421,0.0011136129032820463,0.999995768070221,0,1
independent:k4:q95:0.00363575:all:score:newmax-none:current_step,independent,4,q95,0.003635752247646451,all,score,none,current_step,16,1024,598,8,0.0078125,0.013377926421404682,0.01434547919780016,0.0014614425599575043,0.9999080300331116,0.9982088804244995,0.00144151970744133,0.0039916266687214375,0.999921441078186,0,1
independent:k4:q95:0.0185032:all:score:newmax-none:current_step,independent,4,q95,0.018503183498978615,all,score,none,current_step,16,1024,598,16,0.015625,0.026755852842809364,0.024103105068206787,0.0030482201982522383,0.9997745752334595,0.9950920343399048,0.0023637805261387257,0.007487060305720661,0.9998114109039307,0,1
independent:k4:q95:0.0322392:all:score:newmax-none:current_step,independent,4,q95,0.03223924711346626,all,score,none,current_step,16,1024,598,24,0.0234375,0.04013377926421405,0.024103105068206787,0.004517429693805752,0.9997745752334595,0.9950920343399048,0.0025148146924038883,0.008986047188955126,0.9998114109039307,0,1
independent:k4:q95:0.0467283:all:score:newmax-none:current_step,independent,4,q95,0.04672830551862717,all,score,none,current_step,16,1024,598,30,0.029296875,0.05016722408026756,0.024103105068206787,0.006022547724569449,0.9997745752334595,0.9950920343399048,0.0026005760228144936,0.010502925902983407,0.9998114109039307,0,1
independent:k4:q99:0.00306287:all:score:newmax-none:current_step,independent,4,q99,0.0030628724489361048,all,score,none,current_step,16,1024,598,2,0.001953125,0.0033444816053511705,0.003998597152531147,0.00033475691452622414,0.999994695186615,0.9998565316200256,0.0003286242135800421,0.0011136129032820463,0.999995768070221,0,1
independent:k4:q99:0.00381041:all:score:newmax-none:current_step,independent,4,q99,0.003810407593846321,all,score,none,current_step,16,1024,598,8,0.0078125,0.013377926421404682,0.01434547919780016,0.0014614425599575043,0.9999080300331116,0.9982088804244995,0.00144151970744133,0.0039916266687214375,0.999921441078186,0,1
independent:k4:q99:0.0258858:all:score:newmax-none:current_step,independent,4,q99,0.0258858110755682,all,score,none,current_step,16,1024,598,16,0.015625,0.026755852842809364,0.024103105068206787,0.0034768122422974557,0.9997745752334595,0.9950920343399048,0.002391198462646571,0.007925240555778146,0.9998114109039307,0,1
independent:k4:q99:0.0424532:all:score:newmax-none:current_step,independent,4,q99,0.04245317727327347,all,score,none,current_step,16,1024,598,24,0.0234375,0.04013377926421405,0.024103105068206787,0.004517429693805752,0.9997745752334595,0.9950920343399048,0.0025148146924038883,0.008986047188955126,0.9998114109039307,0,1
independent:k4:q99:0.0611867:all:score:newmax-none:current_step,independent,4,q99,0.061186693608760834,all,score,none,current_step,16,1024,598,30,0.029296875,0.05016722408026756,0.024103105068206787,0.006022547724569449,0.9997745752334595,0.9950920343399048,0.0026005760228144936,0.010502925902983407,0.9998114109039307,0,1
independent:k4:sum_all:0.333398:all:score:newmax-none:current_step,independent,4,sum_all,0.3333977162837982,all,score,none,current_step,16,1024,598,2,0.001953125,0.0033444816053511705,0.002854989841580391,0.00031547629623673856,0.9999957084655762,0.9999266266822815,0.00031169751309789717,0.0007953848107717931,0.9999963045120239,0,1
independent:k4:sum_all:0.39146:all:score:newmax-none:current_step,independent,4,sum_all,0.39145994186401367,all,score,none,current_step,16,1024,598,8,0.0078125,0.013377926421404682,0.013433926738798618,0.0014544384321197867,0.9999099969863892,0.9984235167503357,0.0014364406233653426,0.0037401621229946613,0.9999216794967651,0,1
independent:k4:sum_all:1.91581:all:score:newmax-none:current_step,independent,4,sum_all,1.9158124923706055,all,score,none,current_step,16,1024,598,16,0.015625,0.026755852842809364,0.024103105068206787,0.0030482201982522383,0.9997745752334595,0.9950920343399048,0.0023637805261387257,0.007487060305720661,0.9998114109039307,0,1
independent:k4:sum_all:3.04726:all:score:newmax-none:current_step,independent,4,sum_all,3.0472593307495117,all,score,none,current_step,16,1024,598,24,0.0234375,0.04013377926421405,0.024103105068206787,0.004517429693805752,0.9997745752334595,0.9950920343399048,0.0025148146924038883,0.008986047188955126,0.9998114109039307,0,1
independent:k4:sum_all:4.18065:all:score:newmax-none:current_step,independent,4,sum_all,4.180651664733887,all,score,none,current_step,16,1024,598,30,0.029296875,0.05016722408026756,0.024103105068206787,0.006022547724569449,0.9997745752334595,0.9950920343399048,0.0026005760228144936,0.010502925902983407,0.9998114109039307,0,1
independent:k4:mean_all:0.00260467:all:score:newmax-none:current_step,independent,4,mean_all,0.0026046696584671736,all,score,none,current_step,16,1024,598,2,0.001953125,0.0033444816053511705,0.002854989841580391,0.00031547629623673856,0.9999957084655762,0.9999266266822815,0.00031169751309789717,0.0007953848107717931,0.9999963045120239,0,1
independent:k4:mean_all:0.00305828:all:score:newmax-none:current_step,independent,4,mean_all,0.003058280795812607,all,score,none,current_step,16,1024,598,8,0.0078125,0.013377926421404682,0.013433926738798618,0.0014544384321197867,0.9999099969863892,0.9984235167503357,0.0014364406233653426,0.0037401621229946613,0.9999216794967651,0,1
independent:k4:mean_all:0.0149673:all:score:newmax-none:current_step,independent,4,mean_all,0.014967285096645355,all,score,none,current_step,16,1024,598,16,0.015625,0.026755852842809364,0.024103105068206787,0.0030482201982522383,0.9997745752334595,0.9950920343399048,0.0023637805261387257,0.007487060305720661,0.9998114109039307,0,1
independent:k4:mean_all:0.0238067:all:score:newmax-none:current_step,independent,4,mean_all,0.02380671352148056,all,score,none,current_step,16,1024,598,24,0.0234375,0.04013377926421405,0.024103105068206787,0.004517429693805752,0.9997745752334595,0.9950920343399048,0.0025148146924038883,0.008986047188955126,0.9998114109039307,0,1
independent:k4:mean_all:0.0326613:all:score:newmax-none:current_step,independent,4,mean_all,0.03266134113073349,all,score,none,current_step,16,1024,598,30,0.029296875,0.05016722408026756,0.024103105068206787,0.006022547724569449,0.9997745752334595,0.9950920343399048,0.0026005760228144936,0.010502925902983407,0.9998114109039307,0,1
independent:k4:sum_masked:0:all:score:newmax-none:current_step,independent,4,sum_masked,0.0,all,score,none,current_step,16,1024,598,0,0.0,0.0,0.0,0.0,1.0,0.9999997019767761,0.0,0.0,0.9999998807907104,0,-1
independent:k4:sum_masked:0.0438986:all:score:newmax-none:current_step,independent,4,sum_masked,0.04389863833785057,all,score,none,current_step,16,1024,598,8,0.0078125,0.013377926421404682,0.004097253084182739,0.0015665392165828962,0.9999940395355225,0.9999855756759644,0.00010552196363278199,0.0015902382183412556,0.9999998807907104,0,4
independent:k4:sum_masked:0.124468:all:score:newmax-none:current_step,independent,4,sum_masked,0.12446779012680054,all,score,none,current_step,16,1024,598,16,0.015625,0.026755852842809364,0.010644733905792236,0.003078421596001135,0.999957263469696,0.9998891949653625,0.0002821478719852166,0.003120094810583396,0.9999995231628418,0,4
independent:k4:sum_masked:0.339037:all:score:newmax-none:current_step,independent,4,sum_masked,0.3390374779701233,all,score,none,current_step,16,1024,598,24,0.0234375,0.04013377926421405,0.013062015175819397,0.004865231054282049,0.9999236464500427,0.9997481107711792,0.0008576426153013017,0.0059299427121004555,0.9999907612800598,0,1
independent:k4:sum_masked:0.380623:all:score:newmax-none:current_step,independent,4,sum_masked,0.3806225061416626,all,score,none,current_step,16,1024,598,30,0.029296875,0.05016722408026756,0.017099250108003616,0.006035438567778328,0.9998796582221985,0.9974746704101562,0.002011230677453568,0.009210802851157496,0.9998986721038818,0,1
independent:k4:mean_masked:0:all:score:newmax-none:current_step,independent,4,mean_masked,0.0,all,score,none,current_step,16,1024,598,0,0.0,0.0,0.0,0.0,1.0,0.9999997019767761,0.0,0.0,0.9999998807907104,0,-1
independent:k4:mean_masked:0.00239729:all:score:newmax-none:current_step,independent,4,mean_masked,0.0023972932249307632,all,score,none,current_step,16,1024,598,8,0.0078125,0.013377926421404682,0.004097253084182739,0.0015630738816980738,0.9999940395355225,0.9999768733978271,0.0002478846363374032,0.001872505006758729,0.9999990463256836,0,1
independent:k4:mean_masked:0.00299773:all:score:newmax-none:current_step,independent,4,mean_masked,0.002997725736349821,all,score,none,current_step,16,1024,598,16,0.015625,0.026755852842809364,0.017099250108003616,0.0030715324137418065,0.9998796582221985,0.9974746704101562,0.0017342487190035172,0.006186949529364938,0.9998986721038818,0,1
independent:k4:mean_masked:0.0347007:all:score:newmax-none:current_step,independent,4,mean_masked,0.03470071777701378,all,score,none,current_step,16,1024,598,24,0.0234375,0.04013377926421405,0.024103105068206787,0.004267815213097492,0.9997745752334595,0.9950920343399048,0.0023872898882473237,0.00871552362877992,0.9998114109039307,0,1
independent:k4:mean_masked:0.0552614:all:score:newmax-none:current_step,independent,4,mean_masked,0.05526139959692955,all,score,none,current_step,16,1024,598,30,0.029296875,0.05016722408026756,0.024103105068206787,0.006137794469395885,0.9997745752334595,0.9950920343399048,0.0026072804394061677,0.010628376974636922,0.9998114109039307,0,1
independent:k4:sum_mixed:0.241616:all:score:newmax-none:current_step,independent,4,sum_mixed,0.2416161745786667,all,score,none,current_step,16,1024,598,2,0.001953125,0.0033444816053511705,0.0022676587104797363,0.0006759853567928076,0.9999940395355225,0.9999927282333374,9.366486483486369e-05,0.0006973336276132613,0.9999998807907104,0,4
independent:k4:sum_mixed:0.373139:all:score:newmax-none:current_step,independent,4,sum_mixed,0.3731391727924347,all,score,none,current_step,16,1024,598,8,0.0078125,0.013377926421404682,0.009353150613605976,0.001728738658130169,0.9999527931213379,0.9992270469665527,0.0011342067809891887,0.003300928306998685,0.9999585747718811,0,1
independent:k4:sum_mixed:0.5436:all:score:newmax-none:current_step,independent,4,sum_mixed,0.5435999631881714,all,score,none,current_step,16,1024,598,16,0.015625,0.026755852842809364,0.019661199301481247,0.0032080621895147488,0.9998471736907959,0.9966872930526733,0.0020220219375914894,0.0068353228707564995,0.9998721480369568,0,1
independent:k4:sum_mixed:0.761815:all:score:newmax-none:current_step,independent,4,sum_mixed,0.7618148326873779,all,score,none,current_step,16,1024,598,24,0.0234375,0.04013377926421405,0.024103105068206787,0.004517429693805752,0.9997745752334595,0.9950920343399048,0.0025148146924038883,0.008986047188955126,0.9998114109039307,0,1
independent:k4:sum_mixed:1.16488:all:score:newmax-none:current_step,independent,4,sum_mixed,1.164878487586975,all,score,none,current_step,16,1024,598,30,0.029296875,0.05016722408026756,0.024103105068206787,0.006022547724569449,0.9997745752334595,0.9950920343399048,0.0026005760228144936,0.010502925902983407,0.9998114109039307,0,1
independent:k4:mean_mixed:0.00256589:all:score:newmax-none:current_step,independent,4,mean_mixed,0.0025658919475972652,all,score,none,current_step,16,1024,598,2,0.001953125,0.0033444816053511705,0.002854989841580391,0.00031547629623673856,0.9999957084655762,0.9999266266822815,0.00031169751309789717,0.0007953848107717931,0.9999963045120239,0,1
independent:k4:mean_mixed:0.00300312:all:score:newmax-none:current_step,independent,4,mean_mixed,0.0030031194910407066,all,score,none,current_step,16,1024,598,8,0.0078125,0.013377926421404682,0.013433926738798618,0.0014544384321197867,0.9999099969863892,0.9984235167503357,0.0014364406233653426,0.0037401621229946613,0.9999216794967651,0,1
independent:k4:mean_mixed:0.015728:all:score:newmax-none:current_step,independent,4,mean_mixed,0.015727955847978592,all,score,none,current_step,16,1024,598,16,0.015625,0.026755852842809364,0.024103105068206787,0.0034384655009489506,0.9997745752334595,0.9950920343399048,0.002399231725576101,0.007886157662142068,0.9998114109039307,0,1
independent:k4:mean_mixed:0.0238067:all:score:newmax-none:current_step,independent,4,mean_mixed,0.02380671352148056,all,score,none,current_step,16,1024,598,24,0.0234375,0.04013377926421405,0.024103105068206787,0.004517429693805752,0.9997745752334595,0.9950920343399048,0.0025148146924038883,0.008986047188955126,0.9998114109039307,0,1
independent:k4:mean_mixed:0.0340706:all:score:newmax-none:current_step,independent,4,mean_mixed,0.03407061845064163,all,score,none,current_step,16,1024,598,30,0.029296875,0.05016722408026756,0.024103105068206787,0.006022547724569449,0.9997745752334595,0.9950920343399048,0.0026005760228144936,0.010502925902983407,0.9998114109039307,0,1
independent:k8:all_max:0.00513159:all:score:newmax-none:current_step,independent,8,all_max,0.00513159204274416,all,score,none,current_step,16,1024,598,3,0.0029296875,0.005016722408026756,0.0022113025188446045,0.0008910860633477569,0.9999960660934448,0.999994695186615,0.00010264473894494586,0.0009081234456971288,0.9999998807907104,0,5
independent:k8:all_max:0.00849416:all:score:newmax-none:current_step,independent,8,all_max,0.008494161069393158,all,score,none,current_step,16,1024,598,11,0.0107421875,0.01839464882943144,0.005298703908920288,0.00298302763258107,0.9999765753746033,0.9997829794883728,0.0009995781147154048,0.003683539747726172,0.9999798536300659,0,1
independent:k8:all_max:0.0203346:all:score:newmax-none:current_step,independent,8,all_max,0.020334577187895775,all,score,none,current_step,16,1024,598,22,0.021484375,0.03678929765886288,0.019661199301481247,0.008551801613066345,0.9998471736907959,0.9966872930526733,0.002269107491883915,0.012261684809345752,0.9998721480369568,0,1
independent:k8:all_max:0.0433065:all:score:newmax-none:current_step,independent,8,all_max,0.043306540697813034,all,score,none,current_step,16,1024,598,33,0.0322265625,0.05518394648829431,0.024103105068206787,0.007864858568609634,0.9997745752334595,0.9950920343399048,0.0025543097417539684,0.012378755046484002,0.9998114109039307,3,1
independent:k8:all_max:0.0623279:all:score:newmax-none:current_step,independent,8,all_max,0.062327876687049866,all,score,none,current_step,16,1024,598,42,0.041015625,0.07023411371237458,0.024103105068206787,0.006648401710663165,0.9997745752334595,0.9950920343399048,0.0024455443326587556,0.011134886571198876,0.9998114109039307,3,1
independent:k8:veto_max:0.00495753:all:score:newmax-none:current_step,independent,8,veto_max,0.004957533907145262,all,score,none,current_step,16,1024,598,3,0.0029296875,0.005016722408026756,0.0022113025188446045,0.0008910860633477569,0.9999960660934448,0.999994695186615,0.00010264473894494586,0.0009081234456971288,0.9999998807907104,0,5
independent:k8:veto_max:0.00849416:all:score:newmax-none:current_step,independent,8,veto_max,0.008494161069393158,all,score,none,current_step,16,1024,598,11,0.0107421875,0.01839464882943144,0.005298703908920288,0.00298302763258107,0.9999765753746033,0.9997829794883728,0.0009995781147154048,0.003683539747726172,0.9999798536300659,0,1
independent:k8:veto_max:0.018503:all:score:newmax-none:current_step,independent,8,veto_max,0.01850302144885063,all,score,none,current_step,16,1024,598,22,0.021484375,0.03678929765886288,0.019661199301481247,0.008551801613066345,0.9998471736907959,0.9966872930526733,0.002269107491883915,0.012261684809345752,0.9998721480369568,0,1
independent:k8:veto_max:0.0433065:all:score:newmax-none:current_step,independent,8,veto_max,0.043306540697813034,all,score,none,current_step,16,1024,598,33,0.0322265625,0.05518394648829431,0.024103105068206787,0.007864858568609634,0.9997745752334595,0.9950920343399048,0.0025543097417539684,0.012378755046484002,0.9998114109039307,3,1
independent:k8:veto_max:0.0623279:all:score:newmax-none:current_step,independent,8,veto_max,0.062327876687049866,all,score,none,current_step,16,1024,598,42,0.041015625,0.07023411371237458,0.024103105068206787,0.006648401710663165,0.9997745752334595,0.9950920343399048,0.0024455443326587556,0.011134886571198876,0.9998114109039307,3,1
independent:k8:masked_max:0.00115602:all:score:newmax-none:current_step,independent,8,masked_max,0.0011560233542695642,all,score,none,current_step,16,1024,598,2,0.001953125,0.0033444816053511705,0.008399039506912231,0.0011399030918255448,0.9999538660049438,0.9999402165412903,7.423212082358077e-05,0.001156818587332964,0.9999998211860657,0,7
independent:k8:masked_max:0.00196201:all:score:newmax-none:current_step,independent,8,masked_max,0.001962014241144061,all,score,none,current_step,16,1024,598,9,0.0087890625,0.015050167224080268,0.011585652828216553,0.004689809866249561,0.9998965859413147,0.9998694062232971,0.00037100007466506213,0.004790306877112016,0.9999994039535522,0,4
independent:k8:masked_max:0.00379543:all:score:newmax-none:current_step,independent,8,masked_max,0.0037954312283545732,all,score,none,current_step,16,1024,598,17,0.0166015625,0.028428093645484948,0.013043099083006382,0.006326639850158244,0.9998965859413147,0.9985136985778809,0.0016791630696388893,0.008793190878350288,0.999940037727356,0,1
independent:k8:masked_max:0.0376092:all:score:newmax-none:current_step,independent,8,masked_max,0.03760921210050583,all,score,none,current_step,16,1024,598,26,0.025390625,0.043478260869565216,0.024103105068206787,0.006551244296133518,0.9997745752334595,0.9950920343399048,0.002597733224320109,0.01106978248571977,0.9998114109039307,0,1
independent:k8:masked_max:0.0632218:all:score:newmax-none:current_step,independent,8,masked_max,0.06322178244590759,all,score,none,current_step,16,1024,598,33,0.0322265625,0.05518394648829431,0.024103105068206787,0.004707794112619013,0.9997745752334595,0.9950920343399048,0.0024080638449959224,0.009188610478304327,0.9998114109039307,0,1
independent:k8:q90:0.00302772:all:score:newmax-none:current_step,independent,8,q90,0.0030277154874056578,all,score,none,current_step,16,1024,598,3,0.0029296875,0.005016722408026756,0.00530670490115881,0.0004947391571477056,0.9999889731407166,0.9997481107711792,0.000486995792016387,0.0014781553763896227,0.9999907612800598,0,1
independent:k8:q90:0.00452927:all:score:newmax-none:current_step,independent,8,q90,0.0045292736031115055,all,score,none,current_step,16,1024,598,11,0.0107421875,0.01839464882943144,0.019661199301481247,0.0021532806858886033,0.9998471736907959,0.9966872930526733,0.0018784178682835773,0.0057539730914868414,0.9998721480369568,0,1
independent:k8:q90:0.0147249:all:score:newmax-none:current_step,independent,8,q90,0.014724926091730595,all,score,none,current_step,16,1024,598,22,0.021484375,0.03678929765886288,0.024103105068206787,0.007979203423019499,0.9997745752334595,0.9950920343399048,0.0026215139441774227,0.012481903191655874,0.9998114109039307,0,1
independent:k8:q90:0.0218061:all:score:newmax-none:current_step,independent,8,q90,0.02180611342191696,all,score,none,current_step,16,1024,598,33,0.0322265625,0.05518394648829431,0.024103105068206787,0.00705237704096362,0.9997745752334595,0.9950920343399048,0.002465959596520406,0.011543689586687833,0.9998114109039307,0,1
independent:k8:q90:0.0408407:all:score:newmax-none:current_step,independent,8,q90,0.04084068164229393,all,score,none,current_step,16,1024,598,42,0.041015625,0.07023411371237458,0.024103105068206787,0.006648401710663165,0.9997745752334595,0.9950920343399048,0.0024455443326587556,0.011134886571198876,0.9998114109039307,3,1
independent:k8:q95:0.00305557:all:score:newmax-none:current_step,independent,8,q95,0.003055572509765625,all,score,none,current_step,16,1024,598,3,0.0029296875,0.005016722408026756,0.00530670490115881,0.0004947391571477056,0.9999889731407166,0.9997481107711792,0.000486995792016387,0.0014781553763896227,0.9999907612800598,0,1
independent:k8:q95:0.00457687:all:score:newmax-none:current_step,independent,8,q95,0.00457686698064208,all,score,none,current_step,16,1024,598,11,0.0107421875,0.01839464882943144,0.019661199301481247,0.0021532806858886033,0.9998471736907959,0.9966872930526733,0.0018784178682835773,0.0057539730914868414,0.9998721480369568,0,1
independent:k8:q95:0.0148496:all:score:newmax-none:current_step,independent,8,q95,0.014849590137600899,all,score,none,current_step,16,1024,598,22,0.021484375,0.03678929765886288,0.024103105068206787,0.007979203423019499,0.9997745752334595,0.9950920343399048,0.0026215139441774227,0.012481903191655874,0.9998114109039307,0,1
independent:k8:q95:0.0221837:all:score:newmax-none:current_step,independent,8,q95,0.02218366600573063,all,score,none,current_step,16,1024,598,33,0.0322265625,0.05518394648829431,0.024103105068206787,0.00705237704096362,0.9997745752334595,0.9950920343399048,0.002465959596520406,0.011543689586687833,0.9998114109039307,0,1
independent:k8:q95:0.0457601:all:score:newmax-none:current_step,independent,8,q95,0.0457601435482502,all,score,none,current_step,16,1024,598,42,0.041015625,0.07023411371237458,0.024103105068206787,0.006648401710663165,0.9997745752334595,0.9950920343399048,0.0024455443326587556,0.011134886571198876,0.9998114109039307,3,1
independent:k8:q99:0.00310651:all:score:newmax-none:current_step,independent,8,q99,0.003106512129306793,all,score,none,current_step,16,1024,598,3,0.0029296875,0.005016722408026756,0.00530670490115881,0.0004947391571477056,0.9999889731407166,0.9997481107711792,0.000486995792016387,0.0014781553763896227,0.9999907612800598,0,1
independent:k8:q99:0.00472263:all:score:newmax-none:current_step,independent,8,q99,0.004722625017166138,all,score,none,current_step,16,1024,598,11,0.0107421875,0.01839464882943144,0.019661199301481247,0.0021532806858886033,0.9998471736907959,0.9966872930526733,0.0018784178682835773,0.0057539730914868414,0.9998721480369568,0,1
independent:k8:q99:0.0155563:all:score:newmax-none:current_step,independent,8,q99,0.01555632520467043,all,score,none,current_step,16,1024,598,22,0.021484375,0.03678929765886288,0.024103105068206787,0.007979203423019499,0.9997745752334595,0.9950920343399048,0.0026215139441774227,0.012481903191655874,0.9998114109039307,0,1
independent:k8:q99:0.0370333:all:score:newmax-none:current_step,independent,8,q99,0.037033308297395706,all,score,none,current_step,16,1024,598,33,0.0322265625,0.05518394648829431,0.024103105068206787,0.007864858568609634,0.9997745752334595,0.9950920343399048,0.0025543097417539684,0.012378755046484002,0.9998114109039307,3,1
independent:k8:q99:0.0597583:all:score:newmax-none:current_step,independent,8,q99,0.059758324176073074,all,score,none,current_step,16,1024,598,42,0.041015625,0.07023411371237458,0.024103105068206787,0.006648401710663165,0.9997745752334595,0.9950920343399048,0.0024455443326587556,0.011134886571198876,0.9998114109039307,3,1
independent:k8:sum_all:0.350145:all:score:newmax-none:current_step,independent,8,sum_all,0.35014453530311584,all,score,none,current_step,16,1024,598,3,0.0029296875,0.005016722408026756,0.004269502125680447,0.0004939665668644011,0.9999894499778748,0.9998365044593811,0.0004884935333393514,0.001189025235362351,0.9999906420707703,0,1
independent:k8:sum_all:0.530779:all:score:newmax-none:current_step,independent,8,sum_all,0.5307785868644714,all,score,none,current_step,16,1024,598,11,0.0107421875,0.01839464882943144,0.019661199301481247,0.0021532806858886033,0.9998471736907959,0.9966872930526733,0.0018784178682835773,0.0057539730914868414,0.9998721480369568,0,1
independent:k8:sum_all:1.62492:all:score:newmax-none:current_step,independent,8,sum_all,1.6249173879623413,all,score,none,current_step,16,1024,598,22,0.021484375,0.03678929765886288,0.024103105068206787,0.007979203423019499,0.9997745752334595,0.9950920343399048,0.0026215139441774227,0.012481903191655874,0.9998114109039307,0,1
independent:k8:sum_all:2.37319:all:score:newmax-none:current_step,independent,8,sum_all,2.373194456100464,all,score,none,current_step,16,1024,598,33,0.0322265625,0.05518394648829431,0.024103105068206787,0.00705237704096362,0.9997745752334595,0.9950920343399048,0.002465959596520406,0.011543689586687833,0.9998114109039307,0,1
independent:k8:sum_all:4.10255:all:score:newmax-none:current_step,independent,8,sum_all,4.1025519371032715,all,score,none,current_step,16,1024,598,42,0.041015625,0.07023411371237458,0.024103105068206787,0.006648401710663165,0.9997745752334595,0.9950920343399048,0.0024455443326587556,0.011134886571198876,0.9998114109039307,3,1
independent:k8:mean_all:0.0027355:all:score:newmax-none:current_step,independent,8,mean_all,0.0027355041820555925,all,score,none,current_step,16,1024,598,3,0.0029296875,0.005016722408026756,0.004269502125680447,0.0004939665668644011,0.9999894499778748,0.9998365044593811,0.0004884935333393514,0.001189025235362351,0.9999906420707703,0,1
independent:k8:mean_all:0.00414671:all:score:newmax-none:current_step,independent,8,mean_all,0.004146707709878683,all,score,none,current_step,16,1024,598,11,0.0107421875,0.01839464882943144,0.019661199301481247,0.0021532806858886033,0.9998471736907959,0.9966872930526733,0.0018784178682835773,0.0057539730914868414,0.9998721480369568,0,1
independent:k8:mean_all:0.0126947:all:score:newmax-none:current_step,independent,8,mean_all,0.012694667093455791,all,score,none,current_step,16,1024,598,22,0.021484375,0.03678929765886288,0.024103105068206787,0.007979203423019499,0.9997745752334595,0.9950920343399048,0.0026215139441774227,0.012481903191655874,0.9998114109039307,0,1
independent:k8:mean_all:0.0185406:all:score:newmax-none:current_step,independent,8,mean_all,0.018540581688284874,all,score,none,current_step,16,1024,598,33,0.0322265625,0.05518394648829431,0.024103105068206787,0.00705237704096362,0.9997745752334595,0.9950920343399048,0.002465959596520406,0.011543689586687833,0.9998114109039307,0,1
independent:k8:mean_all:0.0320512:all:score:newmax-none:current_step,independent,8,mean_all,0.03205118700861931,all,score,none,current_step,16,1024,598,42,0.041015625,0.07023411371237458,0.024103105068206787,0.006648401710663165,0.9997745752334595,0.9950920343399048,0.0024455443326587556,0.011134886571198876,0.9998114109039307,3,1
independent:k8:sum_masked:0:all:score:newmax-none:current_step,independent,8,sum_masked,0.0,all,score,none,current_step,16,1024,598,0,0.0,0.0,0.0,0.0,1.0,0.9999997019767761,0.0,0.0,0.9999998807907104,0,-1
independent:k8:sum_masked:0.00208221:all:score:newmax-none:current_step,independent,8,sum_masked,0.0020822128280997276,all,score,none,current_step,16,1024,598,11,0.0107421875,0.01839464882943144,0.005265474319458008,0.00182387507356907,0.9999862313270569,0.9999809861183167,3.132277925033122e-05,0.001827788403716113,0.9999998807907104,3,7
independent:k8:sum_masked:0.0623546:all:score:newmax-none:current_step,independent,8,sum_masked,0.062354594469070435,all,score,none,current_step,16,1024,598,22,0.021484375,0.03678929765886288,0.011279374361038208,0.006287786741268064,0.9998965859413147,0.9998694062232971,0.00040010272641666234,0.006396330873940315,0.9999994039535522,3,4
independent:k8:sum_masked:0.300734:all:score:newmax-none:current_step,independent,8,sum_masked,0.3007335662841797,all,score,none,current_step,16,1024,598,33,0.0322265625,0.05518394648829431,0.0061073899269104,0.0034835807264244067,0.9999765753746033,0.9999672770500183,0.00016569850595260505,0.0035288483295516926,0.9999997019767761,3,4
independent:k8:sum_masked:0.378521:all:score:newmax-none:current_step,independent,8,sum_masked,0.37852102518081665,all,score,none,current_step,16,1024,598,42,0.041015625,0.07023411371237458,0.013433926738798618,0.00434102059352881,0.9999099969863892,0.9984235167503357,0.0015411438635055674,0.006650223137512512,0.9999216794967651,3,1
independent:k8:mean_masked:0:all:score:newmax-none:current_step,independent,8,mean_masked,0.0,all,score,none,current_step,16,1024,598,0,0.0,0.0,0.0,0.0,1.0,0.9999997019767761,0.0,0.0,0.9999998807907104,0,-1
independent:k8:mean_masked:0.00104111:all:score:newmax-none:current_step,independent,8,mean_masked,0.0010411064140498638,all,score,none,current_step,16,1024,598,11,0.0107421875,0.01839464882943144,0.005265474319458008,0.00182387507356907,0.9999862313270569,0.9999809861183167,3.132277925033122e-05,0.001827788403716113,0.9999998807907104,3,7
independent:k8:mean_masked:0.0026638:all:score:newmax-none:current_step,independent,8,mean_masked,0.0026638007257133722,all,score,none,current_step,16,1024,598,22,0.021484375,0.03678929765886288,0.011585652828216553,0.006912445019224833,0.9998965859413147,0.9998694062232971,0.000733709915948566,0.007505457654588099,0.9999963045120239,3,1
independent:k8:mean_masked:0.0285596:all:score:newmax-none:current_step,independent,8,mean_masked,0.02855958603322506,all,score,none,current_step,16,1024,598,33,0.0322265625,0.05518394648829431,0.024103105068206787,0.008574497284826066,0.9997745752334595,0.9950920343399048,0.0026520132378209382,0.013102685082230892,0.9998114109039307,3,1
independent:k8:mean_masked:0.0534071:all:score:newmax-none:current_step,independent,8,mean_masked,0.05340712144970894,all,score,none,current_step,16,1024,598,42,0.041015625,0.07023411371237458,0.024103105068206787,0.006648401710663165,0.9997745752334595,0.9950920343399048,0.0024455443326587556,0.011134886571198876,0.9998114109039307,3,1
independent:k8:sum_mixed:0.143918:all:score:newmax-none:current_step,independent,8,sum_mixed,0.1439179927110672,all,score,none,current_step,16,1024,598,3,0.0029296875,0.005016722408026756,0.0022113025188446045,0.0008910860633477569,0.9999960660934448,0.999994695186615,0.00010264473894494586,0.0009081234456971288,0.9999998807907104,0,5
independent:k8:sum_mixed:0.343365:all:score:newmax-none:current_step,independent,8,sum_mixed,0.3433654010295868,all,score,none,current_step,16,1024,598,11,0.0107421875,0.01839464882943144,0.006058633327484131,0.0035415688471402973,0.9999765753746033,0.9997481107711792,0.0007654800574528053,0.004580753797199577,0.9999907612800598,0,1
independent:k8:sum_mixed:0.512224:all:score:newmax-none:current_step,independent,8,sum_mixed,0.5122239589691162,all,score,none,current_step,16,1024,598,22,0.021484375,0.03678929765886288,0.019661199301481247,0.008551801613066345,0.9998471736907959,0.9966872930526733,0.002269107491883915,0.012261684809345752,0.9998721480369568,0,1
independent:k8:sum_mixed:0.659722:all:score:newmax-none:current_step,independent,8,sum_mixed,0.6597216725349426,all,score,none,current_step,16,1024,598,33,0.0322265625,0.05518394648829431,0.019661199301481247,0.006927392013494682,0.9998471736907959,0.9966872930526733,0.0020942253086104756,0.01060360801511706,0.9998721480369568,2,1
independent:k8:sum_mixed:1.10948:all:score:newmax-none:current_step,independent,8,sum_mixed,1.1094781160354614,all,score,none,current_step,16,1024,598,42,0.041015625,0.07023411371237458,0.024103105068206787,0.006648401710663165,0.9997745752334595,0.9950920343399048,0.0024455443326587556,0.011134886571198876,0.9998114109039307,3,1
independent:k8:mean_mixed:0.0026895:all:score:newmax-none:current_step,independent,8,mean_mixed,0.002689497312530875,all,score,none,current_step,16,1024,598,3,0.0029296875,0.005016722408026756,0.00530670490115881,0.0004947391571477056,0.9999889731407166,0.9997481107711792,0.000486995792016387,0.0014781553763896227,0.9999907612800598,0,1
independent:k8:mean_mixed:0.00400765:all:score:newmax-none:current_step,independent,8,mean_mixed,0.004007651004940271,all,score,none,current_step,16,1024,598,11,0.0107421875,0.01839464882943144,0.019661199301481247,0.0021532806858886033,0.9998471736907959,0.9966872930526733,0.0018784178682835773,0.0057539730914868414,0.9998721480369568,0,1
independent:k8:mean_mixed:0.0117201:all:score:newmax-none:current_step,independent,8,mean_mixed,0.01172007154673338,all,score,none,current_step,16,1024,598,22,0.021484375,0.03678929765886288,0.024103105068206787,0.007979203423019499,0.9997745752334595,0.9950920343399048,0.0026215139441774227,0.012481903191655874,0.9998114109039307,0,1
independent:k8:mean_mixed:0.0191616:all:score:newmax-none:current_step,independent,8,mean_mixed,0.019161632284522057,all,score,none,current_step,16,1024,598,33,0.0322265625,0.05518394648829431,0.024103105068206787,0.007332476862302428,0.9997745752334595,0.9950920343399048,0.0024990407309815055,0.011831557453206187,0.9998114109039307,1,1
independent:k8:mean_mixed:0.0331188:all:score:newmax-none:current_step,independent,8,mean_mixed,0.033118750900030136,all,score,none,current_step,16,1024,598,42,0.041015625,0.07023411371237458,0.024103105068206787,0.006648401710663165,0.9997745752334595,0.9950920343399048,0.0024455443326587556,0.011134886571198876,0.9998114109039307,3,1
independent:k16:all_max:0.00551494:all:score:newmax-none:current_step,independent,16,all_max,0.005514940246939659,all,score,none,current_step,16,1024,598,4,0.00390625,0.006688963210702341,0.004382967948913574,0.0012144585489295423,0.9999837875366211,0.9999796748161316,0.00014556646419805475,0.0012405426823534071,0.9999997615814209,0,5
independent:k16:all_max:0.00832847:all:score:newmax-none:current_step,independent,16,all_max,0.008328473195433617,all,score,none,current_step,16,1024,598,17,0.0166015625,0.028428093645484948,0.009178221225738525,0.004914084391202778,0.9999019503593445,0.9997829794883728,0.001163025212008506,0.005661618459271267,0.9999798536300659,0,1
independent:k16:all_max:0.0157153:all:score:newmax-none:current_step,independent,16,all_max,0.015715260058641434,all,score,none,current_step,16,1024,598,33,0.0322265625,0.05518394648829431,0.01894538104534149,0.01363086758647114,0.9996042251586914,0.9978179931640625,0.002446554819471203,0.01663482584990561,0.9998983144760132,0,1
independent:k16:all_max:0.0376092:all:score:newmax-none:current_step,independent,16,all_max,0.03760921210050583,all,score,none,current_step,16,1024,598,50,0.048828125,0.08361204013377926,0.024103105068206787,0.014658312509709504,0.9995234608650208,0.9950920343399048,0.003045472170924768,0.019348883732163813,0.9998114109039307,9,1
independent:k16:all_max:0.0638685:all:score:newmax-none:current_step,independent,16,all_max,0.06386849284172058,all,score,none,current_step,16,1024,598,63,0.0615234375,0.10535117056856187,0.024103105068206787,0.012935488121001981,0.9996042251586914,0.9950920343399048,0.002872540833777748,0.017593044656678103,0.9998114109039307,10,1
independent:k16:veto_max:0.00539929:all:score:newmax-none:current_step,independent,16,veto_max,0.005399290006607771,all,score,none,current_step,16,1024,598,4,0.00390625,0.006688963210702341,0.0023300349712371826,0.0012399092083796859,0.9999942183494568,0.9999924302101135,0.00014618640489061363,0.0012693564349319786,0.9999998807907104,0,4
independent:k16:veto_max:0.00832847:all:score:newmax-none:current_step,independent,16,veto_max,0.008328473195433617,all,score,none,current_step,16,1024,598,17,0.0166015625,0.028428093645484948,0.009178221225738525,0.004914084391202778,0.9999019503593445,0.9997829794883728,0.001163025212008506,0.005661618459271267,0.9999798536300659,0,1
independent:k16:veto_max:0.0157153:all:score:newmax-none:current_step,independent,16,veto_max,0.015715260058641434,all,score,none,current_step,16,1024,598,33,0.0322265625,0.05518394648829431,0.01894538104534149,0.01363086758647114,0.9996042251586914,0.9978179931640625,0.002446554819471203,0.01663482584990561,0.9998983144760132,0,1
independent:k16:veto_max:0.0376092:all:score:newmax-none:current_step,independent,16,veto_max,0.03760921210050583,all,score,none,current_step,16,1024,598,50,0.048828125,0.08361204013377926,0.024103105068206787,0.014658312509709504,0.9995234608650208,0.9950920343399048,0.003045472170924768,0.019348883732163813,0.9998114109039307,9,1
independent:k16:veto_max:0.0632024:all:score:newmax-none:current_step,independent,16,veto_max,0.06320243328809738,all,score,none,current_step,16,1024,598,63,0.0615234375,0.10535117056856187,0.024103105068206787,0.012935488121001981,0.9996042251586914,0.9950920343399048,0.002872540833777748,0.017593044656678103,0.9998114109039307,10,1
independent:k16:masked_max:0.00107276:all:score:newmax-none:current_step,independent,16,masked_max,0.0010727641638368368,all,score,none,current_step,16,1024,598,3,0.0029296875,0.005016722408026756,0.00636938214302063,0.0013950745342299342,0.9999762773513794,0.999967098236084,9.891300214803778e-05,0.0014156485558487475,0.9999997615814209,0,6
independent:k16:masked_max:0.00166036:all:score:newmax-none:current_step,independent,16,masked_max,0.0016603637486696243,all,score,none,current_step,16,1024,598,12,0.01171875,0.020066889632107024,0.01739192008972168,0.007281405501998961,0.9997353553771973,0.9997020959854126,0.0004774059634655714,0.007455276325345039,0.9999991655349731,0,4
independent:k16:masked_max:0.00332374:all:score:newmax-none:current_step,independent,16,masked_max,0.0033237356692552567,all,score,none,current_step,16,1024,598,23,0.0224609375,0.038461538461538464,0.022544682025909424,0.010859170753974468,0.9995639324188232,0.9991277456283569,0.0016295037494273856,0.01299154618754983,0.9999704957008362,0,1
independent:k16:masked_max:0.0320501:all:score:newmax-none:current_step,independent,16,masked_max,0.032050080597400665,all,score,none,current_step,16,1024,598,34,0.033203125,0.056856187290969896,0.024652093648910522,0.012902104994282126,0.9994809627532959,0.9950920343399048,0.0030903598526492715,0.01760102331172675,0.9998114109039307,0,1
independent:k16:masked_max:0.060731:all:score:newmax-none:current_step,independent,16,masked_max,0.06073099374771118,all,score,none,current_step,16,1024,598,43,0.0419921875,0.07190635451505016,0.024103105068206787,0.011214225902222097,0.9996042251586914,0.9950920343399048,0.0029078600491629913,0.015877075609751046,0.9998114109039307,0,1
independent:k16:q90:0.00309671:all:score:newmax-none:current_step,independent,16,q90,0.003096712986007333,all,score,none,current_step,16,1024,598,4,0.00390625,0.006688963210702341,0.008543786592781544,0.0006982118356972933,0.9999770522117615,0.9993535280227661,0.0006849858909845352,0.0023779019247740507,0.9999819397926331,0,1
independent:k16:q90:0.00647517:all:score:newmax-none:current_step,independent,16,q90,0.006475174333900213,all,score,none,current_step,16,1024,598,17,0.0166015625,0.028428093645484948,0.019661199301481247,0.004132273345021531,0.9998471736907959,0.9966872930526733,0.0021255793544696644,0.007784821151290089,0.9998721480369568,0,1
independent:k16:q90:0.0132631:all:score:newmax-none:current_step,independent,16,q90,0.013263127766549587,all,score,none,current_step,16,1024,598,33,0.0322265625,0.05518394648829431,0.024103105068206787,0.012397320591844618,0.9996042251586914,0.9950920343399048,0.002965349645819515,0.0170399280032143,0.9998114109039307,0,1
independent:k16:q90:0.0223888:all:score:newmax-none:current_step,independent,16,q90,0.022388771176338196,all,score,none,current_step,16,1024,598,50,0.048828125,0.08361204013377926,0.024103105068206787,0.013684003070466133,0.9996042251586914,0.9950920343399048,0.0029338587482925504,0.018351115441419097,0.9998114109039307,4,1
independent:k16:q90:0.041444:all:score:newmax-none:current_step,independent,16,q90,0.041443951427936554,all,score,none,current_step,16,1024,598,63,0.0615234375,0.10535117056856187,0.024103105068206787,0.012935488121001981,0.9996042251586914,0.9950920343399048,0.002872540833777748,0.017593044656678103,0.9998114109039307,10,1
independent:k16:q95:0.00311302:all:score:newmax-none:current_step,independent,16,q95,0.0031130232382565737,all,score,none,current_step,16,1024,598,4,0.00390625,0.006688963210702341,0.008543786592781544,0.0006982118356972933,0.9999770522117615,0.9993535280227661,0.0006849858909845352,0.0023779019247740507,0.9999819397926331,0,1
independent:k16:q95:0.00666256:all:score:newmax-none:current_step,independent,16,q95,0.006662558764219284,all,score,none,current_step,16,1024,598,17,0.0166015625,0.028428093645484948,0.019661199301481247,0.004132273345021531,0.9998471736907959,0.9966872930526733,0.0021255793544696644,0.007784821151290089,0.9998721480369568,0,1
independent:k16:q95:0.0134873:all:score:newmax-none:current_step,independent,16,q95,0.013487263582646847,all,score,none,current_step,16,1024,598,33,0.0322265625,0.05518394648829431,0.024103105068206787,0.012397320591844618,0.9996042251586914,0.9950920343399048,0.002965349645819515,0.0170399280032143,0.9998114109039307,0,1
independent:k16:q95:0.0227639:all:score:newmax-none:current_step,independent,16,q95,0.022763943299651146,all,score,none,current_step,16,1024,598,50,0.048828125,0.08361204013377926,0.024103105068206787,0.013684003070466133,0.9996042251586914,0.9950920343399048,0.0029338587482925504,0.018351115441419097,0.9998114109039307,4,1
independent:k16:q95:0.0470816:all:score:newmax-none:current_step,independent,16,q95,0.04708157107234001,all,score,none,current_step,16,1024,598,63,0.0615234375,0.10535117056856187,0.024103105068206787,0.012935488121001981,0.9996042251586914,0.9950920343399048,0.002872540833777748,0.017593044656678103,0.9998114109039307,10,1
independent:k16:q99:0.00313202:all:score:newmax-none:current_step,independent,16,q99,0.0031320233829319477,all,score,none,current_step,16,1024,598,4,0.00390625,0.006688963210702341,0.008543786592781544,0.0006982118356972933,0.9999770522117615,0.9993535280227661,0.0006849858909845352,0.0023779019247740507,0.9999819397926331,0,1
independent:k16:q99:0.00689248:all:score:newmax-none:current_step,independent,16,q99,0.006892478093504906,all,score,none,current_step,16,1024,598,17,0.0166015625,0.028428093645484948,0.019661199301481247,0.004132273345021531,0.9998471736907959,0.9966872930526733,0.0021255793544696644,0.007784821151290089,0.9998721480369568,0,1
independent:k16:q99:0.0139785:all:score:newmax-none:current_step,independent,16,q99,0.013978513889014721,all,score,none,current_step,16,1024,598,33,0.0322265625,0.05518394648829431,0.024103105068206787,0.012397320591844618,0.9996042251586914,0.9950920343399048,0.002965349645819515,0.0170399280032143,0.9998114109039307,0,1
independent:k16:q99:0.0326334:all:score:newmax-none:current_step,independent,16,q99,0.03263343870639801,all,score,none,current_step,16,1024,598,50,0.048828125,0.08361204013377926,0.024103105068206787,0.014509086639009183,0.9995234608650208,0.9950920343399048,0.003028059669304639,0.01919746436396963,0.9998114109039307,8,1
independent:k16:q99:0.0580399:all:score:newmax-none:current_step,independent,16,q99,0.05803985893726349,all,score,none,current_step,16,1024,598,63,0.0615234375,0.10535117056856187,0.024103105068206787,0.013309848251083167,0.9996042251586914,0.9950920343399048,0.0029078600491629913,0.017972697958612116,0.9998114109039307,11,1
independent:k16:sum_all:0.352121:all:score:newmax-none:current_step,independent,16,sum_all,0.35212069749832153,all,score,none,current_step,16,1024,598,4,0.00390625,0.006688963210702341,0.0054087890312075615,0.0006748822052031755,0.9999806880950928,0.9997385144233704,0.000668336870148778,0.0015061449958011508,0.999982476234436,0,1
independent:k16:sum_all:0.732517:all:score:newmax-none:current_step,independent,16,sum_all,0.7325171232223511,all,score,none,current_step,16,1024,598,17,0.0166015625,0.028428093645484948,0.019661199301481247,0.004132273345021531,0.9998471736907959,0.9966872930526733,0.0021255793544696644,0.007784821151290089,0.9998721480369568,0,1
independent:k16:sum_all:1.48561:all:score:newmax-none:current_step,independent,16,sum_all,1.485608696937561,all,score,none,current_step,16,1024,598,33,0.0322265625,0.05518394648829431,0.024103105068206787,0.012397320591844618,0.9996042251586914,0.9950920343399048,0.002965349645819515,0.0170399280032143,0.9998114109039307,0,1
independent:k16:sum_all:2.4013:all:score:newmax-none:current_step,independent,16,sum_all,2.401299476623535,all,score,none,current_step,16,1024,598,50,0.048828125,0.08361204013377926,0.024103105068206787,0.013684003070466133,0.9996042251586914,0.9950920343399048,0.0029338587482925504,0.018351115441419097,0.9998114109039307,4,1
independent:k16:sum_all:4.09129:all:score:newmax-none:current_step,independent,16,sum_all,4.091294288635254,all,score,none,current_step,16,1024,598,63,0.0615234375,0.10535117056856187,0.024103105068206787,0.013309848251083167,0.9996042251586914,0.9950920343399048,0.0029078600491629913,0.017972697958612116,0.9998114109039307,11,1
independent:k16:mean_all:0.00275094:all:score:newmax-none:current_step,independent,16,mean_all,0.002750942949205637,all,score,none,current_step,16,1024,598,4,0.00390625,0.006688963210702341,0.0054087890312075615,0.0006748822052031755,0.9999806880950928,0.9997385144233704,0.000668336870148778,0.0015061449958011508,0.999982476234436,0,1
independent:k16:mean_all:0.00572279:all:score:newmax-none:current_step,independent,16,mean_all,0.005722790025174618,all,score,none,current_step,16,1024,598,17,0.0166015625,0.028428093645484948,0.019661199301481247,0.004132273345021531,0.9998471736907959,0.9966872930526733,0.0021255793544696644,0.007784821151290089,0.9998721480369568,0,1
independent:k16:mean_all:0.0116063:all:score:newmax-none:current_step,independent,16,mean_all,0.011606317944824696,all,score,none,current_step,16,1024,598,33,0.0322265625,0.05518394648829431,0.024103105068206787,0.012397320591844618,0.9996042251586914,0.9950920343399048,0.002965349645819515,0.0170399280032143,0.9998114109039307,0,1
independent:k16:mean_all:0.0187602:all:score:newmax-none:current_step,independent,16,mean_all,0.01876015216112137,all,score,none,current_step,16,1024,598,50,0.048828125,0.08361204013377926,0.024103105068206787,0.013684003070466133,0.9996042251586914,0.9950920343399048,0.0029338587482925504,0.018351115441419097,0.9998114109039307,4,1
independent:k16:mean_all:0.0319632:all:score:newmax-none:current_step,independent,16,mean_all,0.03196323662996292,all,score,none,current_step,16,1024,598,63,0.0615234375,0.10535117056856187,0.024103105068206787,0.013309848251083167,0.9996042251586914,0.9950920343399048,0.0029078600491629913,0.017972697958612116,0.9998114109039307,11,1
independent:k16:sum_masked:0:all:score:newmax-none:current_step,independent,16,sum_masked,0.0,all,score,none,current_step,16,1024,598,0,0.0,0.0,0.0,0.0,1.0,0.9999997019767761,0.0,0.0,0.9999998807907104,0,-1
independent:k16:sum_masked:0.00548465:all:score:newmax-none:current_step,independent,16,sum_masked,0.005484646651893854,all,score,none,current_step,16,1024,598,33,0.0322265625,0.05518394648829431,0.01739192008972168,0.00936864049435826,0.9997353553771973,0.9997020959854126,0.0004723645906778984,0.009534691642329562,0.9999991655349731,12,4
independent:k16:sum_masked:0.11409:all:score:newmax-none:current_step,independent,16,sum_masked,0.11408992111682892,all,score,none,current_step,16,1024,598,50,0.048828125,0.08361204013377926,0.024652093648910522,0.011480925553769339,0.9994809627532959,0.9994168281555176,0.0007067538535920903,0.01174280507984804,0.999997615814209,12,4
independent:k16:sum_masked:0.372389:all:score:newmax-none:current_step,independent,16,sum_masked,0.37238866090774536,all,score,none,current_step,16,1024,598,63,0.0615234375,0.10535117056856187,0.016949087381362915,0.010797645962156821,0.9997576475143433,0.9987554550170898,0.0017741668852977455,0.013059727796644438,0.9999414682388306,12,1
independent:k16:mean_masked:0:all:score:newmax-none:current_step,independent,16,mean_masked,0.0,all,score,none,current_step,16,1024,598,0,0.0,0.0,0.0,0.0,1.0,0.9999997019767761,0.0,0.0,0.9999998807907104,0,-1
independent:k16:mean_masked:0.00137116:all:score:newmax-none:current_step,independent,16,mean_masked,0.0013711616629734635,all,score,none,current_step,16,1024,598,33,0.0322265625,0.05518394648829431,0.01739192008972168,0.009374498804390896,0.9997353553771973,0.9997020959854126,0.0004774059634655714,0.009548369627736975,0.9999991655349731,12,4
independent:k16:mean_masked:0.00392819:all:score:newmax-none:current_step,independent,16,mean_masked,0.0039281947538256645,all,score,none,current_step,16,1024,598,50,0.048828125,0.08361204013377926,0.022544682025909424,0.014200818208337296,0.9995639324188232,0.9966872930526733,0.0026269192021572962,0.018059577858366538,0.9998721480369568,12,1
independent:k16:mean_masked:0.0486081:all:score:newmax-none:current_step,independent,16,mean_masked,0.04860813915729523,all,score,none,current_step,16,1024,598,63,0.0615234375,0.10535117056856187,0.024103105068206787,0.013601847407699097,0.9996042251586914,0.9950920343399048,0.0029338587482925504,0.01826895977865206,0.9998114109039307,12,1
independent:k16:sum_mixed:0.152194:all:score:newmax-none:current_step,independent,16,sum_mixed,0.15219412744045258,all,score,none,current_step,16,1024,598,4,0.00390625,0.006688963210702341,0.004382967948913574,0.0012144585489295423,0.9999837875366211,0.9999796748161316,0.00014556646419805475,0.0012405426823534071,0.9999997615814209,0,5
independent:k16:sum_mixed:0.275514:all:score:newmax-none:current_step,independent,16,sum_mixed,0.2755141854286194,all,score,none,current_step,16,1024,598,17,0.0166015625,0.028428093645484948,0.013231515884399414,0.006206501246197149,0.9998511075973511,0.9998311400413513,0.0005813041352666914,0.006348781491396949,0.999998927116394,0,4
independent:k16:sum_mixed:0.384682:all:score:newmax-none:current_step,independent,16,sum_mixed,0.3846823573112488,all,score,none,current_step,16,1024,598,33,0.0322265625,0.05518394648829431,0.01894538104534149,0.012669234904478799,0.9996042251586914,0.9974746704101562,0.002397219039266929,0.01599970054348887,0.9998986721038818,1,1
independent:k16:sum_mixed:0.649233:all:score:newmax-none:current_step,independent,16,sum_mixed,0.6492326259613037,all,score,none,current_step,16,1024,598,50,0.048828125,0.08361204013377926,0.02272966504096985,0.013744413903623354,0.9995735883712769,0.9966872930526733,0.002579049556516111,0.017601936058781575,0.9998721480369568,7,1
independent:k16:sum_mixed:1.06153:all:score:newmax-none:current_step,independent,16,sum_mixed,1.0615291595458984,all,score,none,current_step,16,1024,598,63,0.0615234375,0.10535117056856187,0.024103105068206787,0.013601847407699097,0.9996042251586914,0.9950920343399048,0.0029338587482925504,0.01826895977865206,0.9998114109039307,12,1
independent:k16:mean_mixed:0.00270633:all:score:newmax-none:current_step,independent,16,mean_mixed,0.0027063321322202682,all,score,none,current_step,16,1024,598,4,0.00390625,0.006688963210702341,0.00677716638892889,0.0006743560079485178,0.9999797940254211,0.9995908737182617,0.000664804654661566,0.0018873721128329635,0.9999828934669495,0,1
independent:k16:mean_mixed:0.00546676:all:score:newmax-none:current_step,independent,16,mean_mixed,0.005466761998832226,all,score,none,current_step,16,1024,598,17,0.0166015625,0.028428093645484948,0.019661199301481247,0.004132273345021531,0.9998471736907959,0.9966872930526733,0.0021255793544696644,0.007784821151290089,0.9998721480369568,0,1
independent:k16:mean_mixed:0.011134:all:score:newmax-none:current_step,independent,16,mean_mixed,0.01113401260226965,all,score,none,current_step,16,1024,598,33,0.0322265625,0.05518394648829431,0.024103105068206787,0.012397320591844618,0.9996042251586914,0.9950920343399048,0.002965349645819515,0.0170399280032143,0.9998114109039307,0,1
independent:k16:mean_mixed:0.0190707:all:score:newmax-none:current_step,independent,16,mean_mixed,0.01907067745923996,all,score,none,current_step,16,1024,598,50,0.048828125,0.08361204013377926,0.024103105068206787,0.013918052795361291,0.9996042251586914,0.9950920343399048,0.0029628772754222155,0.01859167464544953,0.9998114109039307,5,1
independent:k16:mean_mixed:0.0325554:all:score:newmax-none:current_step,independent,16,mean_mixed,0.03255539387464523,all,score,none,current_step,16,1024,598,63,0.0615234375,0.10535117056856187,0.024103105068206787,0.013309848251083167,0.9996042251586914,0.9950920343399048,0.0029078600491629913,0.017972697958612116,0.9998114109039307,11,1
