request_id,layer,step,mask_ratio,source,strategy,heads_per_group,window_size,baseline_physical_sparsity,physical_tile_sparsity,improvement,required_tile_reduction
context-0-regime-0,0,1,0.89,current,bitmap,1,256,0.00775146484375,0.02984619140625,0.0220947265625,0.022267330995878742
context-0-regime-0,0,1,0.89,current,bitmap,1,512,0.00775146484375,0.039093017578125,0.031341552734375,0.0315863935535462
context-0-regime-0,0,1,0.89,current,bitmap,1,1024,0.00775146484375,0.0435028076171875,0.0357513427734375,0.036030632958110376
context-0-regime-0,0,1,0.89,current,bitmap,1,4096,0.00775146484375,0.047760009765625,0.040008544921875,0.040321092452482055
context-0-regime-0,0,1,0.89,current,bitmap,2,512,0.00775146484375,0.0113372802734375,0.0035858154296875,0.003613827889524468
context-0-regime-0,0,1,0.89,current,bitmap,2,1024,0.00775146484375,0.01226806640625,0.0045166015625,0.004551885341698925
context-0-regime-0,0,1,0.89,current,bitmap,2,4096,0.00775146484375,0.0126800537109375,0.0049285888671875,0.004967091099218779
context-0-regime-0,0,1,0.89,current,bitmap,4,512,0.00775146484375,0.0081787109375,0.00042724609375,0.00043058374853910397
context-0-regime-0,0,1,0.89,current,bitmap,4,1024,0.00775146484375,0.007965087890625,0.000213623046875,0.00021529187426949647
context-0-regime-0,0,1,0.89,current,bitmap,4,4096,0.00775146484375,0.0082244873046875,0.0004730224609375,0.0004767177215968532
context-0-regime-0,0,1,0.89,current,bitmap,8,1024,0.00775146484375,0.0071868896484375,-0.0005645751953125,-0.0005689856677124627
context-0-regime-0,0,1,0.89,current,bitmap,8,4096,0.00775146484375,0.0072021484375,-0.00054931640625,-0.000553607676693213
context-0-regime-0,0,1,0.89,current,bitmap,32,1024,0.00775146484375,0.0071868896484375,-0.0005645751953125,-0.0005689856677124627
context-0-regime-0,0,1,0.89,current,bitmap,32,4096,0.00775146484375,0.0074615478515625,-0.0002899169921875,-0.0002921818293657452
context-0-regime-0,0,1,0.89,previous,bitmap,1,256,0.00775146484375,0.0227508544921875,0.0149993896484375,0.015116565171925944
context-0-regime-0,0,1,0.89,previous,bitmap,1,512,0.00775146484375,0.02880859375,0.02105712890625,0.021221627606569426
context-0-regime-0,0,1,0.89,previous,bitmap,1,1024,0.00775146484375,0.0307464599609375,0.0229949951171875,0.02317463246601459
context-0-regime-0,0,1,0.89,previous,bitmap,1,4096,0.00775146484375,0.032623291015625,0.024871826171875,0.02506612536138275
context-0-regime-0,0,1,0.89,previous,bitmap,2,512,0.00775146484375,0.010040283203125,0.002288818359375,0.0023066986528880173
context-0-regime-0,0,1,0.89,previous,bitmap,2,1024,0.00775146484375,0.010009765625,0.00225830078125,0.002275942670849518
context-0-regime-0,0,1,0.89,previous,bitmap,2,4096,0.00775146484375,0.010101318359375,0.002349853515625,0.0023682106169650163
context-0-regime-0,0,1,0.89,previous,bitmap,4,512,0.00775146484375,0.00732421875,-0.00042724609375,-0.00043058374853899295
context-0-regime-0,0,1,0.89,previous,bitmap,4,1024,0.00775146484375,0.007354736328125,-0.000396728515625,-0.00039982776650049345
context-0-regime-0,0,1,0.89,previous,bitmap,4,4096,0.00775146484375,0.0076446533203125,-0.0001068115234375,-0.00010764593713474824
context-0-regime-0,0,1,0.89,previous,bitmap,8,1024,0.00775146484375,0.0069122314453125,-0.0008392333984375,-0.0008457895060589582
context-0-regime-0,0,1,0.89,previous,bitmap,8,4096,0.00775146484375,0.0069122314453125,-0.0008392333984375,-0.0008457895060589582
context-0-regime-0,0,1,0.89,previous,bitmap,32,1024,0.00775146484375,0.0071258544921875,-0.0006256103515625,-0.0006304976317894617
context-0-regime-0,0,1,0.89,previous,bitmap,32,4096,0.00775146484375,0.0070343017578125,-0.0007171630859375,-0.0007227655779049602
context-0-regime-1,0,1,0.49,current,bitmap,1,256,0.0624542236328125,0.1220550537109375,0.059600830078125,0.06357111469166543
context-0-regime-1,0,1,0.49,current,bitmap,1,512,0.0624542236328125,0.1452789306640625,0.08282470703125,0.08834204059046591
context-0-regime-1,0,1,0.49,current,bitmap,1,1024,0.0624542236328125,0.1571197509765625,0.09466552734375,0.10097163224451933
context-0-regime-1,0,1,0.49,current,bitmap,1,4096,0.0624542236328125,0.1724853515625,0.1100311279296875,0.11736080595023024
context-0-regime-1,0,1,0.49,current,bitmap,2,512,0.0624542236328125,0.093475341796875,0.0310211181640625,0.03308757710398258
context-0-regime-1,0,1,0.49,current,bitmap,2,1024,0.0624542236328125,0.09698486328125,0.0345306396484375,0.03683088390866329
context-0-regime-1,0,1,0.49,current,bitmap,2,4096,0.0624542236328125,0.0893096923828125,0.02685546875,0.028644434679296227
context-0-regime-1,0,1,0.49,current,bitmap,4,512,0.0624542236328125,0.0736846923828125,0.01123046875,0.011978581774978458
context-0-regime-1,0,1,0.49,current,bitmap,4,1024,0.0624542236328125,0.071258544921875,0.0088043212890625,0.009390817505655624
context-0-regime-1,0,1,0.49,current,bitmap,4,4096,0.0624542236328125,0.054656982421875,-0.0077972412109375,-0.00831665120518199
context-0-regime-1,0,1,0.49,current,bitmap,8,1024,0.0624542236328125,0.0677642822265625,0.00531005859375,0.005663785947951805
context-0-regime-1,0,1,0.49,current,bitmap,8,4096,0.0624542236328125,0.0464630126953125,-0.0159912109375,-0.017056458831762766
context-0-regime-1,0,1,0.49,current,bitmap,32,1024,0.0624542236328125,0.0725250244140625,0.01007080078125,0.010741663004736113
context-0-regime-1,0,1,0.49,current,bitmap,32,4096,0.0624542236328125,0.044097900390625,-0.0183563232421875,-0.019579122113178027
context-0-regime-1,0,1,0.49,previous,bitmap,1,256,0.0624542236328125,0.096771240234375,0.0343170166015625,0.03660303045098712
context-0-regime-1,0,1,0.49,previous,bitmap,1,512,0.0624542236328125,0.1095123291015625,0.04705810546875,0.050192861676675915
context-0-regime-1,0,1,0.49,previous,bitmap,1,1024,0.0624542236328125,0.1157379150390625,0.05328369140625,0.056833162443240104
context-0-regime-1,0,1,0.49,previous,bitmap,1,4096,0.0624542236328125,0.124053955078125,0.0615997314453125,0.0657031720456358
context-0-regime-1,0,1,0.49,previous,bitmap,2,512,0.0624542236328125,0.075775146484375,0.0133209228515625,0.01420829061080997
context-0-regime-1,0,1,0.49,previous,bitmap,2,1024,0.0624542236328125,0.0758819580078125,0.013427734375,0.014322217339648113
context-0-regime-1,0,1,0.49,previous,bitmap,2,4096,0.0624542236328125,0.062744140625,0.0002899169921875,0.0003092296925605309
context-0-regime-1,0,1,0.49,previous,bitmap,4,512,0.0624542236328125,0.0689849853515625,0.00653076171875,0.006965805706101613
context-0-regime-1,0,1,0.49,previous,bitmap,4,1024,0.0624542236328125,0.0662689208984375,0.003814697265625,0.004068811744218248
context-0-regime-1,0,1,0.49,previous,bitmap,4,4096,0.0624542236328125,0.050628662109375,-0.0118255615234375,-0.012613316407076525
context-0-regime-1,0,1,0.49,previous,bitmap,8,1024,0.0624542236328125,0.0640411376953125,0.0015869140625,0.0016926256855948063
context-0-regime-1,0,1,0.49,previous,bitmap,8,4096,0.0624542236328125,0.0432891845703125,-0.0191650390625,-0.02044171020295238
context-0-regime-1,0,1,0.49,previous,bitmap,32,1024,0.0624542236328125,0.0669403076171875,0.004486083984375,0.00478492261120067
context-0-regime-1,0,1,0.49,previous,bitmap,32,4096,0.0624542236328125,0.0391387939453125,-0.0233154296875,-0.024868577380661838
context-0-regime-2,0,1,0.14,current,bitmap,1,256,0.363067626953125,0.416351318359375,0.05328369140625,0.08365674859853389
context-0-regime-2,0,1,0.14,current,bitmap,1,512,0.363067626953125,0.451019287109375,0.08795166015625,0.13808633989746544
context-0-regime-2,0,1,0.14,current,bitmap,1,1024,0.363067626953125,0.473419189453125,0.1103515625,0.17325475540223279
context-0-regime-2,0,1,0.14,current,bitmap,1,4096,0.363067626953125,0.4962005615234375,0.1331329345703125,0.20902208806477884
context-0-regime-2,0,1,0.14,current,bitmap,2,512,0.363067626953125,0.4229736328125,0.059906005859375,0.0940539504575727
context-0-regime-2,0,1,0.14,current,bitmap,2,1024,0.363067626953125,0.4335479736328125,0.0704803466796875,0.11065593407119922
context-0-regime-2,0,1,0.14,current,bitmap,2,4096,0.363067626953125,0.4394073486328125,0.0763397216796875,0.11985530161468061
context-0-regime-2,0,1,0.14,current,bitmap,4,512,0.363067626953125,0.348907470703125,-0.01416015625,-0.0222318048967467
context-0-regime-2,0,1,0.14,current,bitmap,4,1024,0.363067626953125,0.3364105224609375,-0.0266571044921875,-0.04185233098557806
context-0-regime-2,0,1,0.14,current,bitmap,4,4096,0.363067626953125,0.2841949462890625,-0.0788726806640625,-0.12383211154233154
context-0-regime-2,0,1,0.14,current,bitmap,8,1024,0.363067626953125,0.326995849609375,-0.03607177734375,-0.05663360643955717
context-0-regime-2,0,1,0.14,current,bitmap,8,4096,0.363067626953125,0.2084503173828125,-0.1546173095703125,-0.24275310239087733
context-0-regime-2,0,1,0.14,current,bitmap,32,1024,0.363067626953125,0.3276214599609375,-0.0354461669921875,-0.055651382300800245
context-0-regime-2,0,1,0.14,current,bitmap,32,4096,0.363067626953125,0.2691802978515625,-0.0938873291015625,-0.14740549087250243
context-0-regime-2,0,1,0.14,previous,bitmap,1,256,0.363067626953125,0.410614013671875,0.04754638671875,0.07464903454554161
context-0-regime-2,0,1,0.14,previous,bitmap,1,512,0.363067626953125,0.441070556640625,0.0780029296875,0.12246658042259595
context-0-regime-2,0,1,0.14,previous,bitmap,1,1024,0.363067626953125,0.4606170654296875,0.0975494384765625,0.15315509558717844
context-0-regime-2,0,1,0.14,previous,bitmap,1,4096,0.363067626953125,0.4794769287109375,0.1164093017578125,0.1827655598677591
context-0-regime-2,0,1,0.14,previous,bitmap,2,512,0.363067626953125,0.41815185546875,0.055084228515625,0.0864836375832495
context-0-regime-2,0,1,0.14,previous,bitmap,2,1024,0.363067626953125,0.4280242919921875,0.0649566650390625,0.10198361362656316
context-0-regime-2,0,1,0.14,previous,bitmap,2,4096,0.363067626953125,0.4326171875,0.069549560546875,0.1091945762062192
context-0-regime-2,0,1,0.14,previous,bitmap,4,512,0.363067626953125,0.3488616943359375,-0.0142059326171875,-0.022303674955680197
context-0-regime-2,0,1,0.14,previous,bitmap,4,1024,0.363067626953125,0.3368072509765625,-0.0262603759765625,-0.04122945714148818
context-0-regime-2,0,1,0.14,previous,bitmap,4,4096,0.363067626953125,0.2845001220703125,-0.0785675048828125,-0.12335297781610843
context-0-regime-2,0,1,0.14,previous,bitmap,8,1024,0.363067626953125,0.3267822265625,-0.036285400390625,-0.056969000047913276
context-0-regime-2,0,1,0.14,previous,bitmap,8,4096,0.363067626953125,0.2098541259765625,-0.1532135009765625,-0.2405490872502516
context-0-regime-2,0,1,0.14,previous,bitmap,32,1024,0.363067626953125,0.3273162841796875,-0.0357513427734375,-0.056130516027023125
context-0-regime-2,0,1,0.14,previous,bitmap,32,4096,0.363067626953125,0.273345947265625,-0.0897216796875,-0.14086531550955872
context-0-regime-0,1,1,0.89,current,bitmap,1,256,0.02825927734375,0.040069580078125,0.011810302734375,0.012153759185980828
context-0-regime-0,1,1,0.89,current,bitmap,1,512,0.02825927734375,0.04931640625,0.02105712890625,0.021669493122291272
context-0-regime-0,1,1,0.89,current,bitmap,1,1024,0.02825927734375,0.053802490234375,0.025543212890625,0.026286037309214194
context-0-regime-0,1,1,0.89,current,bitmap,1,4096,0.02825927734375,0.06024169921875,0.031982421875,0.03291250549588598
context-0-regime-0,1,1,0.89,current,bitmap,2,512,0.02825927734375,0.032958984375,0.00469970703125,0.004836379624395426
context-0-regime-0,1,1,0.89,current,bitmap,2,1024,0.02825927734375,0.0324554443359375,0.0041961669921875,0.004318196093210269
context-0-regime-0,1,1,0.89,current,bitmap,2,4096,0.02825927734375,0.0305633544921875,0.0023040771484375,0.002371082218453613
context-0-regime-0,1,1,0.89,current,bitmap,4,512,0.02825927734375,0.02947998046875,0.001220703125,0.0012562024998429289
context-0-regime-0,1,1,0.89,current,bitmap,4,1024,0.02825927734375,0.0271453857421875,-0.0011138916015625,-0.0011462847811067878
context-0-regime-0,1,1,0.89,current,bitmap,4,4096,0.02825927734375,0.0117340087890625,-0.0165252685546875,-0.017005841341624306
context-0-regime-0,1,1,0.89,current,bitmap,8,1024,0.02825927734375,0.0252685546875,-0.00299072265625,-0.003077696124615281
context-0-regime-0,1,1,0.89,current,bitmap,8,4096,0.02825927734375,0.01788330078125,-0.0103759765625,-0.010677721248665284
context-0-regime-0,1,1,0.89,current,bitmap,32,1024,0.02825927734375,0.028045654296875,-0.000213623046875,-0.00021983543747250422
context-0-regime-0,1,1,0.89,current,bitmap,32,4096,0.02825927734375,0.0274505615234375,-0.0008087158203125,-0.0008322341561459723
context-0-regime-0,1,1,0.89,previous,bitmap,1,256,0.02825927734375,0.034271240234375,0.006011962890625,0.006186797311726666
context-0-regime-0,1,1,0.89,previous,bitmap,1,512,0.02825927734375,0.0375823974609375,0.0093231201171875,0.009594246592550704
context-0-regime-0,1,1,0.89,previous,bitmap,1,1024,0.02825927734375,0.038726806640625,0.010467529296875,0.010771936436153484
context-0-regime-0,1,1,0.89,previous,bitmap,1,4096,0.02825927734375,0.04010009765625,0.0118408203125,0.01218516424847682
context-0-regime-0,1,1,0.89,previous,bitmap,2,512,0.02825927734375,0.030059814453125,0.001800537109375,0.001852898687268345
context-0-regime-0,1,1,0.89,previous,bitmap,2,1024,0.02825927734375,0.0291748046875,0.00091552734375,0.0009421518748822244
context-0-regime-0,1,1,0.89,previous,bitmap,2,4096,0.02825927734375,0.0255584716796875,-0.0027008056640625,-0.0027793480309026286
context-0-regime-0,1,1,0.89,previous,bitmap,4,512,0.02825927734375,0.02789306640625,-0.0003662109375,-0.00037686074995280094
context-0-regime-0,1,1,0.89,previous,bitmap,4,1024,0.02825927734375,0.0250396728515625,-0.0032196044921875,-0.0033132340933359483
context-0-regime-0,1,1,0.89,previous,bitmap,4,4096,0.02825927734375,0.0096893310546875,-0.0185699462890625,-0.01910998052886126
context-0-regime-0,1,1,0.89,previous,bitmap,8,1024,0.02825927734375,0.0251617431640625,-0.0030975341796875,-0.0031876138433515333
context-0-regime-0,1,1,0.89,previous,bitmap,8,4096,0.02825927734375,0.0176239013671875,-0.0106353759765625,-0.010944664279881833
context-0-regime-0,1,1,0.89,previous,bitmap,32,1024,0.02825927734375,0.0280303955078125,-0.0002288818359375,-0.00023553796872066712
context-0-regime-0,1,1,0.89,previous,bitmap,32,4096,0.02825927734375,0.0274658203125,-0.00079345703125,-0.0008165316248980314
context-0-regime-1,1,1,0.49,current,bitmap,1,256,0.127471923828125,0.193756103515625,0.0662841796875,0.07596796194606692
context-0-regime-1,1,1,0.49,current,bitmap,1,512,0.127471923828125,0.2252044677734375,0.0977325439453125,0.11201077262075476
context-0-regime-1,1,1,0.49,current,bitmap,1,1024,0.127471923828125,0.241607666015625,0.1141357421875,0.13081039487950752
context-0-regime-1,1,1,0.49,current,bitmap,1,4096,0.127471923828125,0.255340576171875,0.12786865234375,0.14654961351474238
context-0-regime-1,1,1,0.49,current,bitmap,2,512,0.127471923828125,0.161834716796875,0.03436279296875,0.039383022629498776
context-0-regime-1,1,1,0.49,current,bitmap,2,1024,0.127471923828125,0.1652984619140625,0.0378265380859375,0.043352803329719136
context-0-regime-1,1,1,0.49,current,bitmap,2,4096,0.127471923828125,0.144775390625,0.017303466796875,0.01983141548039591
context-0-regime-1,1,1,0.49,current,bitmap,4,512,0.127471923828125,0.1414337158203125,0.0139617919921875,0.016001538945822125
context-0-regime-1,1,1,0.49,current,bitmap,4,1024,0.127471923828125,0.139892578125,0.012420654296875,0.014235248854534643
context-0-regime-1,1,1,0.49,current,bitmap,4,4096,0.127471923828125,0.1252593994140625,-0.0022125244140625,-0.002535763002343483
context-0-regime-1,1,1,0.49,current,bitmap,8,1024,0.127471923828125,0.1223602294921875,-0.0051116943359375,-0.005858486936448637
context-0-regime-1,1,1,0.49,current,bitmap,8,4096,0.127471923828125,0.093505859375,-0.033966064453125,-0.03892833409114749
context-0-regime-1,1,1,0.49,current,bitmap,32,1024,0.127471923828125,0.11749267578125,-0.009979248046875,-0.0114371655416039
context-0-regime-1,1,1,0.49,current,bitmap,32,4096,0.127471923828125,0.1053924560546875,-0.0220794677734375,-0.0253051659613166
context-0-regime-1,1,1,0.49,previous,bitmap,1,256,0.127471923828125,0.165740966796875,0.03826904296875,0.043859955930187766
context-0-regime-1,1,1,0.49,previous,bitmap,1,512,0.127471923828125,0.18927001953125,0.061798095703125,0.07082648385855694
context-0-regime-1,1,1,0.49,previous,bitmap,1,1024,0.127471923828125,0.201263427734375,0.07379150390625,0.08457206813332863
context-0-regime-1,1,1,0.49,previous,bitmap,1,4096,0.127471923828125,0.20855712890625,0.081085205078125,0.09293134203070896
context-0-regime-1,1,1,0.49,previous,bitmap,2,512,0.127471923828125,0.1473236083984375,0.0198516845703125,0.022751914938267337
context-0-regime-1,1,1,0.49,previous,bitmap,2,1024,0.127471923828125,0.146728515625,0.019256591796875,0.02206988213074046
context-0-regime-1,1,1,0.49,previous,bitmap,2,4096,0.127471923828125,0.1230316162109375,-0.0044403076171875,-0.005089014025392524
context-0-regime-1,1,1,0.49,previous,bitmap,4,512,0.127471923828125,0.1343994140625,0.006927490234375,0.00793956140044072
context-0-regime-1,1,1,0.49,previous,bitmap,4,1024,0.127471923828125,0.132904052734375,0.00543212890625,0.006225735371270691
context-0-regime-1,1,1,0.49,previous,bitmap,4,4096,0.127471923828125,0.119903564453125,-0.007568359375,-0.00867405827008505
context-0-regime-1,1,1,0.49,previous,bitmap,8,1024,0.127471923828125,0.12188720703125,-0.005584716796875,-0.006400615578328939
context-0-regime-1,1,1,0.49,previous,bitmap,8,4096,0.127471923828125,0.0930938720703125,-0.0343780517578125,-0.03940051065020467
context-0-regime-1,1,1,0.49,previous,bitmap,32,1024,0.127471923828125,0.11749267578125,-0.009979248046875,-0.0114371655416039
context-0-regime-1,1,1,0.49,previous,bitmap,32,4096,0.127471923828125,0.1051177978515625,-0.0223541259765625,-0.02561995033402109
context-0-regime-2,1,1,0.14,current,bitmap,1,256,0.4329833984375,0.479217529296875,0.046234130859375,0.08153928955866518
context-0-regime-2,1,1,0.14,current,bitmap,1,512,0.4329833984375,0.5047607421875,0.07177734375,0.12658772874058122
context-0-regime-2,1,1,0.14,current,bitmap,1,1024,0.4329833984375,0.519195556640625,0.086212158203125,0.15204520990312165
context-0-regime-2,1,1,0.14,current,bitmap,1,4096,0.4329833984375,0.5318450927734375,0.0988616943359375,0.1743541442411195
context-0-regime-2,1,1,0.14,current,bitmap,2,512,0.4329833984375,0.46697998046875,0.03399658203125,0.05995694294940801
context-0-regime-2,1,1,0.14,current,bitmap,2,1024,0.4329833984375,0.4640655517578125,0.0310821533203125,0.054817007534983864
context-0-regime-2,1,1,0.14,current,bitmap,2,4096,0.4329833984375,0.4315338134765625,-0.0014495849609375,-0.002556512378901976
context-0-regime-2,1,1,0.14,current,bitmap,4,512,0.4329833984375,0.410614013671875,-0.022369384765625,-0.03945102260495159
context-0-regime-2,1,1,0.14,current,bitmap,4,1024,0.4329833984375,0.39404296875,-0.0389404296875,-0.06867599569429483
context-0-regime-2,1,1,0.14,current,bitmap,4,4096,0.4329833984375,0.3371124267578125,-0.0958709716796875,-0.16907965554359516
context-0-regime-2,1,1,0.14,current,bitmap,8,1024,0.4329833984375,0.3841552734375,-0.048828125,-0.08611410118406893
context-0-regime-2,1,1,0.14,current,bitmap,8,4096,0.4329833984375,0.3321685791015625,-0.1008148193359375,-0.1777987082884822
context-0-regime-2,1,1,0.14,current,bitmap,32,1024,0.4329833984375,0.3904266357421875,-0.0425567626953125,-0.07505382131324012
context-0-regime-2,1,1,0.14,current,bitmap,32,4096,0.4329833984375,0.36505126953125,-0.06793212890625,-0.11980624327233591
context-0-regime-2,1,1,0.14,previous,bitmap,1,256,0.4329833984375,0.4701385498046875,0.0371551513671875,0.06552744886975237
context-0-regime-2,1,1,0.14,previous,bitmap,1,512,0.4329833984375,0.4886932373046875,0.0557098388671875,0.0982508073196986
context-0-regime-2,1,1,0.14,previous,bitmap,1,1024,0.4329833984375,0.4996490478515625,0.0666656494140625,0.11757265877287404
context-0-regime-2,1,1,0.14,previous,bitmap,1,4096,0.4329833984375,0.5055694580078125,0.0725860595703125,0.12801399354144238
context-0-regime-2,1,1,0.14,previous,bitmap,2,512,0.4329833984375,0.4587554931640625,0.0257720947265625,0.045452099031216386
context-0-regime-2,1,1,0.14,previous,bitmap,2,1024,0.4329833984375,0.4546966552734375,0.0217132568359375,0.03829386437029059
context-0-regime-2,1,1,0.14,previous,bitmap,2,4096,0.4329833984375,0.418975830078125,-0.014007568359375,-0.024703982777179778
context-0-regime-2,1,1,0.14,previous,bitmap,4,512,0.4329833984375,0.4102935791015625,-0.0226898193359375,-0.04001614639397211
context-0-regime-2,1,1,0.14,previous,bitmap,4,1024,0.4329833984375,0.3934478759765625,-0.0395355224609375,-0.06972551130247573
context-0-regime-2,1,1,0.14,previous,bitmap,4,4096,0.4329833984375,0.3363494873046875,-0.0966339111328125,-0.17042518837459641
context-0-regime-2,1,1,0.14,previous,bitmap,8,1024,0.4329833984375,0.3843231201171875,-0.0486602783203125,-0.08581808396124857
context-0-regime-2,1,1,0.14,previous,bitmap,8,4096,0.4329833984375,0.3302764892578125,-0.1027069091796875,-0.18113562970936492
context-0-regime-2,1,1,0.14,previous,bitmap,32,1024,0.4329833984375,0.389190673828125,-0.043792724609375,-0.07723358449946183
context-0-regime-2,1,1,0.14,previous,bitmap,32,4096,0.4329833984375,0.3611907958984375,-0.0717926025390625,-0.1266146393972012
context-0-regime-0,2,1,0.89,current,bitmap,1,256,0.001678466796875,0.014312744140625,0.01263427734375,0.012655519212545485
context-0-regime-0,2,1,0.89,current,bitmap,1,512,0.001678466796875,0.022491455078125,0.02081298828125,0.020847980925014498
context-0-regime-0,2,1,0.89,current,bitmap,1,1024,0.001678466796875,0.02886962890625,0.027191162109375,0.027236878305260892
context-0-regime-0,2,1,0.89,current,bitmap,1,4096,0.001678466796875,0.0341796875,0.032501220703125,0.03255586464096838
context-0-regime-0,2,1,0.89,current,bitmap,2,512,0.001678466796875,0.003631591796875,0.001953125,0.0019564087671567476
context-0-regime-0,2,1,0.89,current,bitmap,2,1024,0.001678466796875,0.0044097900390625,0.0027313232421875,0.0027359153853208085
context-0-regime-0,2,1,0.89,current,bitmap,2,4096,0.001678466796875,0.0055999755859375,0.0039215087890625,0.003928101977807019
context-0-regime-0,2,1,0.89,current,bitmap,4,512,0.001678466796875,0.0020294189453125,0.0003509521484375,0.00035154220034849804
context-0-regime-0,2,1,0.89,current,bitmap,4,1024,0.001678466796875,0.002044677734375,0.0003662109375,0.000366826643841911
context-0-regime-0,2,1,0.89,current,bitmap,4,4096,0.001678466796875,0.0021820068359375,0.0005035400390625,0.0005043866352826276
context-0-regime-0,2,1,0.89,current,bitmap,8,1024,0.001678466796875,0.001739501953125,6.103515625e-05,6.113777397365183e-05
context-0-regime-0,2,1,0.89,current,bitmap,8,4096,0.001678466796875,0.00189208984375,0.000213623046875,0.0002139822089077814
context-0-regime-0,2,1,0.89,current,bitmap,32,1024,0.001678466796875,0.001678466796875,0.0,0.0
context-0-regime-0,2,1,0.89,current,bitmap,32,4096,0.001678466796875,0.0016937255859375,1.52587890625e-05,1.5284443493412958e-05
context-0-regime-0,2,1,0.89,previous,bitmap,1,256,0.001678466796875,0.008544921875,0.006866455078125,0.006877999572035609
context-0-regime-0,2,1,0.89,previous,bitmap,1,512,0.001678466796875,0.012786865234375,0.0111083984375,0.01112707486320419
context-0-regime-0,2,1,0.89,previous,bitmap,1,1024,0.001678466796875,0.014312744140625,0.01263427734375,0.012655519212545485
context-0-regime-0,2,1,0.89,previous,bitmap,1,4096,0.001678466796875,0.0146484375,0.012969970703125,0.01299177696940057
context-0-regime-0,2,1,0.89,previous,bitmap,2,512,0.001678466796875,0.002593994140625,0.00091552734375,0.0009170666096047775
context-0-regime-0,2,1,0.89,previous,bitmap,2,1024,0.001678466796875,0.002593994140625,0.00091552734375,0.0009170666096047775
context-0-regime-0,2,1,0.89,previous,bitmap,2,4096,0.001678466796875,0.002838134765625,0.00115966796875,0.0011616177054993848
context-0-regime-0,2,1,0.89,previous,bitmap,4,512,0.001678466796875,0.001739501953125,6.103515625e-05,6.113777397365183e-05
context-0-regime-0,2,1,0.89,previous,bitmap,4,1024,0.001678466796875,0.001861572265625,0.00018310546875,0.0001834133219209555
context-0-regime-0,2,1,0.89,previous,bitmap,4,4096,0.001678466796875,0.001983642578125,0.00030517578125,0.00030568886986825916
context-0-regime-0,2,1,0.89,previous,bitmap,8,1024,0.001678466796875,0.001800537109375,0.0001220703125,0.00012227554794730366
context-0-regime-0,2,1,0.89,previous,bitmap,8,4096,0.001678466796875,0.001861572265625,0.00018310546875,0.0001834133219209555
context-0-regime-0,2,1,0.89,previous,bitmap,32,1024,0.001678466796875,0.0016632080078125,-1.52587890625e-05,-1.5284443493301936e-05
context-0-regime-0,2,1,0.89,previous,bitmap,32,4096,0.001678466796875,0.001678466796875,0.0,0.0
context-0-regime-1,2,1,0.49,current,bitmap,1,256,0.0849456787109375,0.136260986328125,0.0513153076171875,0.056078974136637316
context-0-regime-1,2,1,0.49,current,bitmap,1,512,0.0849456787109375,0.165985107421875,0.0810394287109375,0.0885624239190248
context-0-regime-1,2,1,0.49,current,bitmap,1,1024,0.0849456787109375,0.183563232421875,0.0986175537109375,0.10777234904700761
context-0-regime-1,2,1,0.49,current,bitmap,1,4096,0.0849456787109375,0.2017059326171875,0.11676025390625,0.12759925961746899
context-0-regime-1,2,1,0.49,current,bitmap,2,512,0.0849456787109375,0.1105804443359375,0.025634765625,0.028014474144974932
context-0-regime-1,2,1,0.49,current,bitmap,2,1024,0.0849456787109375,0.1159820556640625,0.031036376953125,0.03391752405409465
context-0-regime-1,2,1,0.49,current,bitmap,2,4096,0.0849456787109375,0.0927581787109375,0.0078125,0.008537744501325717
context-0-regime-1,2,1,0.49,current,bitmap,4,512,0.0849456787109375,0.0923309326171875,0.00738525390625,0.008070836598909392
context-0-regime-1,2,1,0.49,current,bitmap,4,1024,0.0849456787109375,0.0856475830078125,0.000701904296875,0.0007670629825410336
context-0-regime-1,2,1,0.49,current,bitmap,4,4096,0.0849456787109375,0.0491943359375,-0.0357513427734375,-0.039070186262902595
context-0-regime-1,2,1,0.49,current,bitmap,8,1024,0.0849456787109375,0.0801544189453125,-0.004791259765625,-0.005236038619953698
context-0-regime-1,2,1,0.49,current,bitmap,8,4096,0.0849456787109375,0.0428009033203125,-0.042144775390625,-0.046057129516916984
context-0-regime-1,2,1,0.49,current,bitmap,32,1024,0.0849456787109375,0.0861358642578125,0.001190185546875,0.0013006720138738492
context-0-regime-1,2,1,0.49,current,bitmap,32,4096,0.0849456787109375,0.049774169921875,-0.0351715087890625,-0.038436525538194655
context-0-regime-1,2,1,0.49,previous,bitmap,1,256,0.0849456787109375,0.1250762939453125,0.040130615234375,0.04385599226266901
context-0-regime-1,2,1,0.49,previous,bitmap,1,512,0.0849456787109375,0.1473541259765625,0.062408447265625,0.06820190431723061
context-0-regime-1,2,1,0.49,previous,bitmap,1,1024,0.0849456787109375,0.1586761474609375,0.07373046875,0.08057496373126116
context-0-regime-1,2,1,0.49,previous,bitmap,1,4096,0.0849456787109375,0.1678924560546875,0.08294677734375,0.09064683419766884
context-0-regime-1,2,1,0.49,previous,bitmap,2,512,0.0849456787109375,0.104644775390625,0.0196990966796875,0.021527789357834837
context-0-regime-1,2,1,0.49,previous,bitmap,2,1024,0.0849456787109375,0.105926513671875,0.0209808349609375,0.02292851306508359
context-0-regime-1,2,1,0.49,previous,bitmap,2,4096,0.0849456787109375,0.0784454345703125,-0.006500244140625,-0.007103670229618553
context-0-regime-1,2,1,0.49,previous,bitmap,4,512,0.0849456787109375,0.09051513671875,0.0055694580078125,0.006086478013640373
context-0-regime-1,2,1,0.49,previous,bitmap,4,1024,0.0849456787109375,0.0830230712890625,-0.001922607421875,-0.0021010855608731838
context-0-regime-1,2,1,0.49,previous,bitmap,4,4096,0.0849456787109375,0.0454254150390625,-0.039520263671875,-0.04318898097350288
context-0-regime-1,2,1,0.49,previous,bitmap,8,1024,0.0849456787109375,0.080535888671875,-0.0044097900390625,-0.004819156564224825
context-0-regime-1,2,1,0.49,previous,bitmap,8,4096,0.0849456787109375,0.042938232421875,-0.0420074462890625,-0.04590705197685474
context-0-regime-1,2,1,0.49,previous,bitmap,32,1024,0.0849456787109375,0.0850677490234375,0.0001220703125,0.00013340225783320392
context-0-regime-1,2,1,0.49,previous,bitmap,32,4096,0.0849456787109375,0.0479583740234375,-0.0369873046875,-0.040420884123463896
context-0-regime-2,2,1,0.14,current,bitmap,1,256,0.395660400390625,0.4547119140625,0.059051513671875,0.09771246780790788
context-0-regime-2,2,1,0.14,current,bitmap,1,512,0.395660400390625,0.4936676025390625,0.0980072021484375,0.16217239812149675
context-0-regime-2,2,1,0.14,current,bitmap,1,1024,0.395660400390625,0.5178680419921875,0.1222076416015625,0.20221683583295458
context-0-regime-2,2,1,0.14,current,bitmap,1,4096,0.395660400390625,0.5435638427734375,0.1479034423828125,0.24473564611422516
context-0-regime-2,2,1,0.14,current,bitmap,2,512,0.395660400390625,0.444183349609375,0.04852294921875,0.08029086502045146
context-0-regime-2,2,1,0.14,current,bitmap,2,1024,0.395660400390625,0.446746826171875,0.05108642578125,0.08453264656870174
context-0-regime-2,2,1,0.14,current,bitmap,2,4096,0.395660400390625,0.42877197265625,0.033111572265625,0.054789678331565894
context-0-regime-2,2,1,0.14,current,bitmap,4,512,0.395660400390625,0.3726654052734375,-0.0229949951171875,-0.038049790435792596
context-0-regime-2,2,1,0.14,current,bitmap,4,1024,0.395660400390625,0.354278564453125,-0.0413818359375,-0.06847447356461145
context-0-regime-2,2,1,0.14,current,bitmap,4,4096,0.395660400390625,0.283416748046875,-0.11224365234375,-0.185729434934101
context-0-regime-2,2,1,0.14,current,bitmap,8,1024,0.395660400390625,0.35394287109375,-0.041717529296875,-0.06902994495783465
context-0-regime-2,2,1,0.14,current,bitmap,8,4096,0.395660400390625,0.3072662353515625,-0.0883941650390625,-0.14626571731555815
context-0-regime-2,2,1,0.14,current,bitmap,32,1024,0.395660400390625,0.355377197265625,-0.040283203125,-0.0666565671867898
context-0-regime-2,2,1,0.14,current,bitmap,32,4096,0.395660400390625,0.3399505615234375,-0.0557098388671875,-0.09218300257536738
context-0-regime-2,2,1,0.14,previous,bitmap,1,256,0.395660400390625,0.43951416015625,0.043853759765625,0.07256476291470992
context-0-regime-2,2,1,0.14,previous,bitmap,1,512,0.395660400390625,0.46826171875,0.072601318359375,0.12013331313437359
context-0-regime-2,2,1,0.14,previous,bitmap,1,1024,0.395660400390625,0.48419189453125,0.088531494140625,0.14649295561278597
context-0-regime-2,2,1,0.14,previous,bitmap,1,4096,0.395660400390625,0.4998016357421875,0.1041412353515625,0.17232237539766704
context-0-regime-2,2,1,0.14,previous,bitmap,2,512,0.395660400390625,0.4287872314453125,0.0331268310546875,0.0548149270312579
context-0-regime-2,2,1,0.14,previous,bitmap,2,1024,0.395660400390625,0.426422119140625,0.03076171875,0.05090137857900323
context-0-regime-2,2,1,0.14,previous,bitmap,2,4096,0.395660400390625,0.4029388427734375,0.0072784423828125,0.01204362975306772
context-0-regime-2,2,1,0.14,previous,bitmap,4,512,0.395660400390625,0.371307373046875,-0.02435302734375,-0.040296924708377535
context-0-regime-2,2,1,0.14,previous,bitmap,4,1024,0.395660400390625,0.352630615234375,-0.04302978515625,-0.07120133313134369
context-0-regime-2,2,1,0.14,previous,bitmap,4,4096,0.395660400390625,0.2811279296875,-0.114532470703125,-0.18951673988789586
context-0-regime-2,2,1,0.14,previous,bitmap,8,1024,0.395660400390625,0.3517608642578125,-0.0438995361328125,-0.07264050901378583
context-0-regime-2,2,1,0.14,previous,bitmap,8,4096,0.395660400390625,0.3017578125,-0.093902587890625,-0.15538049790435782
context-0-regime-2,2,1,0.14,previous,bitmap,32,1024,0.395660400390625,0.353851318359375,-0.04180908203125,-0.06918143715598646
context-0-regime-2,2,1,0.14,previous,bitmap,32,4096,0.395660400390625,0.33575439453125,-0.059906005859375,-0.099126394990658
context-0-regime-0,3,1,0.89,current,bitmap,1,256,0.04205322265625,0.083709716796875,0.041656494140625,0.04348518636508447
context-0-regime-0,3,1,0.89,current,bitmap,1,512,0.04205322265625,0.10382080078125,0.061767578125,0.06447913348200063
context-0-regime-0,3,1,0.89,current,bitmap,1,1024,0.04205322265625,0.11529541015625,0.0732421875,0.07645747053201657
context-0-regime-0,3,1,0.89,current,bitmap,1,4096,0.04205322265625,0.1240997314453125,0.0820465087890625,0.08564829563555276
context-0-regime-0,3,1,0.89,current,bitmap,2,512,0.04205322265625,0.0572509765625,0.01519775390625,0.015864925135393393
context-0-regime-0,3,1,0.89,current,bitmap,2,1024,0.04205322265625,0.0579986572265625,0.0159454345703125,0.01664542848040773
context-0-regime-0,3,1,0.89,current,bitmap,2,4096,0.04205322265625,0.0500030517578125,0.0079498291015625,0.008298821280662616
context-0-regime-0,3,1,0.89,current,bitmap,4,512,0.04205322265625,0.050750732421875,0.008697509765625,0.009079324625676954
context-0-regime-0,3,1,0.89,current,bitmap,4,1024,0.04205322265625,0.0509033203125,0.00885009765625,0.009238611022618692
context-0-regime-0,3,1,0.89,current,bitmap,4,4096,0.04205322265625,0.0471954345703125,0.0051422119140625,0.00536795157693537
context-0-regime-0,3,1,0.89,current,bitmap,8,1024,0.04205322265625,0.03997802734375,-0.0020751953125,-0.002166294998407148
context-0-regime-0,3,1,0.89,current,bitmap,8,4096,0.04205322265625,0.02691650390625,-0.01513671875,-0.015801210576616764
context-0-regime-0,3,1,0.89,current,bitmap,32,1024,0.04205322265625,0.0366058349609375,-0.0054473876953125,-0.005686524370818624
context-0-regime-0,3,1,0.89,current,bitmap,32,4096,0.04205322265625,0.0209503173828125,-0.0211029052734375,-0.022029308697037342
context-0-regime-0,3,1,0.89,previous,bitmap,1,256,0.04205322265625,0.0653076171875,0.02325439453125,0.024275246893915248
context-0-regime-0,3,1,0.89,previous,bitmap,1,512,0.04205322265625,0.0747222900390625,0.0326690673828125,0.03410321758521817
context-0-regime-0,3,1,0.89,previous,bitmap,1,1024,0.04205322265625,0.080291748046875,0.038238525390625,0.039917171073590274
context-0-regime-0,3,1,0.89,previous,bitmap,1,4096,0.04205322265625,0.082244873046875,0.040191650390625,0.041956036954444054
context-0-regime-0,3,1,0.89,previous,bitmap,2,512,0.04205322265625,0.050262451171875,0.008209228515625,0.008569608155463482
context-0-regime-0,3,1,0.89,previous,bitmap,2,1024,0.04205322265625,0.0499267578125,0.00787353515625,0.008219178082191747
context-0-regime-0,3,1,0.89,previous,bitmap,2,4096,0.04205322265625,0.0401153564453125,-0.0019378662109375,-0.002022937241159539
context-0-regime-0,3,1,0.89,previous,bitmap,4,512,0.04205322265625,0.0473480224609375,0.0052947998046875,0.005527237973876997
context-0-regime-0,3,1,0.89,previous,bitmap,4,1024,0.04205322265625,0.0470123291015625,0.0049591064453125,0.0051768079006052625
context-0-regime-0,3,1,0.89,previous,bitmap,4,4096,0.04205322265625,0.04315185546875,0.0010986328125,0.0011468620579802025
context-0-regime-0,3,1,0.89,previous,bitmap,8,1024,0.04205322265625,0.03912353515625,-0.0029296875,-0.003058298821280614
context-0-regime-0,3,1,0.89,previous,bitmap,8,4096,0.04205322265625,0.0255889892578125,-0.0164642333984375,-0.017187002230009574
context-0-regime-0,3,1,0.89,previous,bitmap,32,1024,0.04205322265625,0.036895751953125,-0.005157470703125,-0.0053838802166295
context-0-regime-0,3,1,0.89,previous,bitmap,32,4096,0.04205322265625,0.0223846435546875,-0.0196685791015625,-0.020532016565785183
context-0-regime-1,3,1,0.49,current,bitmap,1,256,0.2086639404296875,0.2721405029296875,0.0634765625,0.08021441931316409
context-0-regime-1,3,1,0.49,current,bitmap,1,512,0.2086639404296875,0.2981719970703125,0.089508056640625,0.11311004415649528
context-0-regime-1,3,1,0.49,current,bitmap,1,1024,0.2086639404296875,0.311065673828125,0.1024017333984375,0.12940359807948165
context-0-regime-1,3,1,0.49,current,bitmap,1,4096,0.2086639404296875,0.3223419189453125,0.113677978515625,0.1436532268949693
context-0-regime-1,3,1,0.49,current,bitmap,2,512,0.2086639404296875,0.2529449462890625,0.044281005859375,0.055957270395865844
context-0-regime-1,3,1,0.49,current,bitmap,2,1024,0.2086639404296875,0.2523956298828125,0.043731689453125,0.0552631071518096
context-0-regime-1,3,1,0.49,current,bitmap,2,4096,0.2086639404296875,0.2301177978515625,0.021453857421875,0.02711093114286267
context-0-regime-1,3,1,0.49,current,bitmap,4,512,0.2086639404296875,0.2144775390625,0.0058135986328125,0.007346560999595075
context-0-regime-1,3,1,0.49,current,bitmap,4,1024,0.2086639404296875,0.2069854736328125,-0.001678466796875,-0.0021210543568384033
context-0-regime-1,3,1,0.49,current,bitmap,4,4096,0.2086639404296875,0.177154541015625,-0.0315093994140625,-0.03981797497155859
context-0-regime-1,3,1,0.49,current,bitmap,8,1024,0.2086639404296875,0.20574951171875,-0.0029144287109375,-0.0036829216559650657
context-0-regime-1,3,1,0.49,current,bitmap,8,4096,0.2086639404296875,0.18194580078125,-0.0267181396484375,-0.03376332889840139
context-0-regime-1,3,1,0.49,current,bitmap,32,1024,0.2086639404296875,0.20330810546875,-0.0053558349609375,-0.0067680916295482785
context-0-regime-1,3,1,0.49,current,bitmap,32,4096,0.2086639404296875,0.202301025390625,-0.0063629150390625,-0.00804072424365132
context-0-regime-1,3,1,0.49,previous,bitmap,1,256,0.2086639404296875,0.2574310302734375,0.04876708984375,0.06162627022232503
context-0-regime-1,3,1,0.49,previous,bitmap,1,512,0.2086639404296875,0.277496337890625,0.0688323974609375,0.08698251094271225
context-0-regime-1,3,1,0.49,previous,bitmap,1,1024,0.2086639404296875,0.2861480712890625,0.077484130859375,0.09791558203659778
context-0-regime-1,3,1,0.49,previous,bitmap,1,4096,0.2086639404296875,0.2909393310546875,0.082275390625,0.10397022810975487
context-0-regime-1,3,1,0.49,previous,bitmap,2,512,0.2086639404296875,0.2420196533203125,0.033355712890625,0.042151134764080944
context-0-regime-1,3,1,0.49,previous,bitmap,2,1024,0.2086639404296875,0.2388153076171875,0.0301513671875,0.03810184917375292
context-0-regime-1,3,1,0.49,previous,bitmap,2,4096,0.2086639404296875,0.211700439453125,0.0030364990234375,0.003837180154644182
context-0-regime-1,3,1,0.49,previous,bitmap,4,512,0.2086639404296875,0.2120819091796875,0.00341796875,0.004319237963016476
context-0-regime-1,3,1,0.49,previous,bitmap,4,1024,0.2086639404296875,0.2035980224609375,-0.00506591796875,-0.0064017276951851
context-0-regime-1,3,1,0.49,previous,bitmap,4,4096,0.2086639404296875,0.1730194091796875,-0.03564453125,-0.04504348161431526
context-0-regime-1,3,1,0.49,previous,bitmap,8,1024,0.2086639404296875,0.20416259765625,-0.0045013427734375,-0.005688282138794021
context-0-regime-1,3,1,0.49,previous,bitmap,8,4096,0.2086639404296875,0.180877685546875,-0.0277862548828125,-0.03511309076184421
context-0-regime-1,3,1,0.49,previous,bitmap,32,1024,0.2086639404296875,0.203094482421875,-0.0055694580078125,-0.007038044002236843
context-0-regime-1,3,1,0.49,previous,bitmap,32,4096,0.2086639404296875,0.2023773193359375,-0.00628662109375,-0.007944312681976928
context-0-regime-2,3,1,0.14,current,bitmap,1,256,0.519195556640625,0.5388031005859375,0.0196075439453125,0.040780704538241785
context-0-regime-2,3,1,0.14,current,bitmap,1,512,0.519195556640625,0.55389404296875,0.034698486328125,0.07216756585211048
context-0-regime-2,3,1,0.14,current,bitmap,1,1024,0.519195556640625,0.5614471435546875,0.0422515869140625,0.08787686448746435
context-0-regime-2,3,1,0.14,current,bitmap,1,4096,0.519195556640625,0.5731048583984375,0.0539093017578125,0.11212313551253572
context-0-regime-2,3,1,0.14,current,bitmap,2,512,0.519195556640625,0.5238189697265625,0.0046234130859375,0.009615994922246851
context-0-regime-2,3,1,0.14,current,bitmap,2,1024,0.519195556640625,0.5181121826171875,-0.0010833740234375,-0.0022532529355761
context-0-regime-2,3,1,0.14,current,bitmap,2,4096,0.519195556640625,0.50323486328125,-0.015960693359375,-0.03319581085369716
context-0-regime-2,3,1,0.14,current,bitmap,4,512,0.519195556640625,0.4962615966796875,-0.0229339599609375,-0.047699143129165344
context-0-regime-2,3,1,0.14,current,bitmap,4,1024,0.519195556640625,0.4849700927734375,-0.0342254638671875,-0.07118375119009834
context-0-regime-2,3,1,0.14,current,bitmap,4,4096,0.519195556640625,0.4514617919921875,-0.0677337646484375,-0.14087591240875907
context-0-regime-2,3,1,0.14,current,bitmap,8,1024,0.519195556640625,0.4748382568359375,-0.0443572998046875,-0.09225642653125998
context-0-regime-2,3,1,0.14,current,bitmap,8,4096,0.519195556640625,0.431671142578125,-0.0875244140625,-0.1820374484290701
context-0-regime-2,3,1,0.14,current,bitmap,32,1024,0.519195556640625,0.4796905517578125,-0.0395050048828125,-0.08216439225642658
context-0-regime-2,3,1,0.14,current,bitmap,32,4096,0.519195556640625,0.44586181640625,-0.073333740234375,-0.15252300856870837
context-0-regime-2,3,1,0.14,previous,bitmap,1,256,0.519195556640625,0.5320587158203125,0.0128631591796875,0.026753411615360156
context-0-regime-2,3,1,0.14,previous,bitmap,1,512,0.519195556640625,0.5424957275390625,0.0233001708984375,0.04846080609330372
context-0-regime-2,3,1,0.14,previous,bitmap,1,1024,0.519195556640625,0.5455322265625,0.026336669921875,0.054776261504284385
context-0-regime-2,3,1,0.14,previous,bitmap,1,4096,0.519195556640625,0.552947998046875,0.03375244140625,0.07019993652808632
context-0-regime-2,3,1,0.14,previous,bitmap,2,512,0.519195556640625,0.5171356201171875,-0.0020599365234375,-0.004284354173278215
context-0-regime-2,3,1,0.14,previous,bitmap,2,1024,0.519195556640625,0.509490966796875,-0.00970458984375,-0.02018406854966681
context-0-regime-2,3,1,0.14,previous,bitmap,2,4096,0.519195556640625,0.4919891357421875,-0.0272064208984375,-0.05658521104411296
context-0-regime-2,3,1,0.14,previous,bitmap,4,512,0.519195556640625,0.4951171875,-0.024078369140625,-0.050079339892097785
context-0-regime-2,3,1,0.14,previous,bitmap,4,1024,0.519195556640625,0.48333740234375,-0.035858154296875,-0.07457949857188195
context-0-regime-2,3,1,0.14,previous,bitmap,4,4096,0.519195556640625,0.449737548828125,-0.0694580078125,-0.1444620755315773
context-0-regime-2,3,1,0.14,previous,bitmap,8,1024,0.519195556640625,0.473785400390625,-0.04541015625,-0.0944462075531578
context-0-regime-2,3,1,0.14,previous,bitmap,8,4096,0.519195556640625,0.4299163818359375,-0.0892791748046875,-0.1856870834655664
context-0-regime-2,3,1,0.14,previous,bitmap,32,1024,0.519195556640625,0.4801788330078125,-0.0390167236328125,-0.08114884163757541
context-0-regime-2,3,1,0.14,previous,bitmap,32,4096,0.519195556640625,0.447601318359375,-0.07159423828125,-0.148905109489051
context-0-regime-0,4,1,0.89,current,bitmap,1,256,0.03631591796875,0.0570831298828125,0.0207672119140625,0.021549813161061526
context-0-regime-0,4,1,0.89,current,bitmap,1,512,0.03631591796875,0.072357177734375,0.036041259765625,0.03739945531699285
context-0-regime-0,4,1,0.89,current,bitmap,1,1024,0.03631591796875,0.08209228515625,0.0457763671875,0.04750142504275123
context-0-regime-0,4,1,0.89,current,bitmap,1,4096,0.03631591796875,0.0924835205078125,0.0561676025390625,0.05828424852745584
context-0-regime-0,4,1,0.89,current,bitmap,2,512,0.03631591796875,0.038421630859375,0.002105712890625,0.002185065551966514
context-0-regime-0,4,1,0.89,current,bitmap,2,1024,0.03631591796875,0.0373077392578125,0.0009918212890625,0.0010291975425928968
context-0-regime-0,4,1,0.89,current,bitmap,2,4096,0.03631591796875,0.0273895263671875,-0.0089263916015625,-0.009262777883336515
context-0-regime-0,4,1,0.89,current,bitmap,4,512,0.03631591796875,0.0348052978515625,-0.0015106201171875,-0.0015675470264107094
context-0-regime-0,4,1,0.89,current,bitmap,4,1024,0.03631591796875,0.0313873291015625,-0.0049285888671875,-0.005114320096269553
context-0-regime-0,4,1,0.89,current,bitmap,4,4096,0.03631591796875,0.018646240234375,-0.017669677734375,-0.018335550066501893
context-0-regime-0,4,1,0.89,current,bitmap,8,1024,0.03631591796875,0.0294342041015625,-0.0068817138671875,-0.0071410475647601945
context-0-regime-0,4,1,0.89,current,bitmap,8,4096,0.03631591796875,0.017791748046875,-0.018524169921875,-0.019222243333966604
context-0-regime-0,4,1,0.89,current,bitmap,32,1024,0.03631591796875,0.02752685546875,-0.0087890625,-0.009120273608208329
context-0-regime-0,4,1,0.89,current,bitmap,32,4096,0.03631591796875,0.016632080078125,-0.019683837890625,-0.02042561276838306
context-0-regime-0,4,1,0.89,previous,bitmap,1,256,0.03631591796875,0.0475311279296875,0.0112152099609375,0.011637849135474054
context-0-regime-0,4,1,0.89,previous,bitmap,1,512,0.03631591796875,0.0557098388671875,0.0193939208984375,0.020124770409779003
context-0-regime-0,4,1,0.89,previous,bitmap,1,1024,0.03631591796875,0.0607147216796875,0.0243988037109375,0.025318259547786437
context-0-regime-0,4,1,0.89,previous,bitmap,1,4096,0.03631591796875,0.0628204345703125,0.0265045166015625,0.02750332509975295
context-0-regime-0,4,1,0.89,previous,bitmap,2,512,0.03631591796875,0.0355072021484375,-0.0008087158203125,-0.0008391918424219824
context-0-regime-0,4,1,0.89,previous,bitmap,2,1024,0.03631591796875,0.0326995849609375,-0.0036163330078125,-0.0037526125783773345
context-0-regime-0,4,1,0.89,previous,bitmap,2,4096,0.03631591796875,0.0197296142578125,-0.0165863037109375,-0.01721134967382354
context-0-regime-0,4,1,0.89,previous,bitmap,4,512,0.03631591796875,0.0332183837890625,-0.0030975341796875,-0.003214263094559522
context-0-regime-0,4,1,0.89,previous,bitmap,4,1024,0.03631591796875,0.029876708984375,-0.006439208984375,-0.006681867122680263
context-0-regime-0,4,1,0.89,previous,bitmap,4,4096,0.03631591796875,0.018096923828125,-0.018218994140625,-0.01890556716701508
context-0-regime-0,4,1,0.89,previous,bitmap,8,1024,0.03631591796875,0.0287933349609375,-0.0075225830078125,-0.007806067515358839
context-0-regime-0,4,1,0.89,previous,bitmap,8,4096,0.03631591796875,0.017486572265625,-0.018829345703125,-0.01953891950091835
context-0-regime-0,4,1,0.89,previous,bitmap,32,1024,0.03631591796875,0.027374267578125,-0.008941650390625,-0.009278611691684091
context-0-regime-0,4,1,0.89,previous,bitmap,32,4096,0.03631591796875,0.0175628662109375,-0.0187530517578125,-0.01945975045918047
context-0-regime-1,4,1,0.49,current,bitmap,1,256,0.213226318359375,0.2792816162109375,0.0660552978515625,0.0839571777665723
context-0-regime-1,4,1,0.49,current,bitmap,1,512,0.213226318359375,0.3117828369140625,0.0985565185546875,0.12526666925255037
context-0-regime-1,4,1,0.49,current,bitmap,1,1024,0.213226318359375,0.3245391845703125,0.1113128662109375,0.1414801598076103
context-0-regime-1,4,1,0.49,current,bitmap,1,4096,0.213226318359375,0.337890625,0.124664306640625,0.15845002133354025
context-0-regime-1,4,1,0.49,current,bitmap,2,512,0.213226318359375,0.269683837890625,0.05645751953125,0.07175827159536097
context-0-regime-1,4,1,0.49,current,bitmap,2,1024,0.213226318359375,0.2710418701171875,0.0578155517578125,0.07348434893914124
context-0-regime-1,4,1,0.49,current,bitmap,2,4096,0.213226318359375,0.248779296875,0.035552978515625,0.04518831697761916
context-0-regime-1,4,1,0.49,current,bitmap,4,512,0.213226318359375,0.21783447265625,0.004608154296875,0.00585702649237807
context-0-regime-1,4,1,0.49,current,bitmap,4,1024,0.213226318359375,0.21063232421875,-0.002593994140625,-0.0032970016678950387
context-0-regime-1,4,1,0.49,current,bitmap,4,4096,0.213226318359375,0.1839141845703125,-0.0293121337890625,-0.03725611884721314
context-0-regime-1,4,1,0.49,current,bitmap,8,1024,0.213226318359375,0.1977081298828125,-0.0155181884765625,-0.01972382762499514
context-0-regime-1,4,1,0.49,current,bitmap,8,4096,0.213226318359375,0.1800537109375,-0.033172607421875,-0.04216283309413904
context-0-regime-1,4,1,0.49,current,bitmap,32,1024,0.213226318359375,0.200897216796875,-0.0123291015625,-0.015670454986230098
context-0-regime-1,4,1,0.49,current,bitmap,32,4096,0.213226318359375,0.199188232421875,-0.0140380859375,-0.017842597261549242
context-0-regime-1,4,1,0.49,previous,bitmap,1,256,0.213226318359375,0.2663726806640625,0.0531463623046875,0.0675497459369303
context-0-regime-1,4,1,0.49,previous,bitmap,1,512,0.213226318359375,0.2897491455078125,0.0765228271484375,0.09726154920290131
context-0-regime-1,4,1,0.49,previous,bitmap,1,1024,0.213226318359375,0.29766845703125,0.084442138671875,0.10732710135371004
context-0-regime-1,4,1,0.49,previous,bitmap,1,4096,0.213226318359375,0.300872802734375,0.087646484375,0.1113998681199333
context-0-regime-1,4,1,0.49,previous,bitmap,2,512,0.213226318359375,0.254852294921875,0.0416259765625,0.05290717970598502
context-0-regime-1,4,1,0.49,previous,bitmap,2,1024,0.213226318359375,0.2528228759765625,0.0395965576171875,0.05032776075404366
context-0-regime-1,4,1,0.49,previous,bitmap,2,4096,0.213226318359375,0.2213287353515625,0.0081024169921875,0.01029828168030722
context-0-regime-1,4,1,0.49,previous,bitmap,4,512,0.213226318359375,0.2158203125,0.002593994140625,0.0032970016678949277
context-0-regime-1,4,1,0.49,previous,bitmap,4,1024,0.213226318359375,0.2078857421875,-0.005340576171875,-0.006787944610372021
context-0-regime-1,4,1,0.49,previous,bitmap,4,4096,0.213226318359375,0.18023681640625,-0.032989501953125,-0.041930103564640664
context-0-regime-1,4,1,0.49,previous,bitmap,8,1024,0.213226318359375,0.197509765625,-0.015716552734375,-0.01997595128195173
context-0-regime-1,4,1,0.49,previous,bitmap,8,4096,0.213226318359375,0.1788787841796875,-0.0343475341796875,-0.04365618090842083
context-0-regime-1,4,1,0.49,previous,bitmap,32,1024,0.213226318359375,0.19952392578125,-0.013702392578125,-0.0174159264574687
context-0-regime-1,4,1,0.49,previous,bitmap,32,4096,0.213226318359375,0.1978302001953125,-0.0153961181640625,-0.019568674605329406
context-0-regime-2,4,1,0.14,current,bitmap,1,256,0.51715087890625,0.5413055419921875,0.0241546630859375,0.05002528125395023
context-0-regime-2,4,1,0.14,current,bitmap,1,512,0.51715087890625,0.5558013916015625,0.0386505126953125,0.08004677031980789
context-0-regime-2,4,1,0.14,current,bitmap,1,1024,0.51715087890625,0.564697265625,0.04754638671875,0.09847048413601311
context-0-regime-2,4,1,0.14,current,bitmap,1,4096,0.51715087890625,0.5756072998046875,0.0584564208984375,0.12106560485400075
context-0-regime-2,4,1,0.14,current,bitmap,2,512,0.51715087890625,0.53167724609375,0.0145263671875,0.030084692200733176
context-0-regime-2,4,1,0.14,current,bitmap,2,1024,0.51715087890625,0.529205322265625,0.012054443359375,0.024965238275818535
context-0-regime-2,4,1,0.14,current,bitmap,2,4096,0.51715087890625,0.51715087890625,0.0,0.0
context-0-regime-2,4,1,0.14,current,bitmap,4,512,0.51715087890625,0.4962005615234375,-0.0209503173828125,-0.04338895209202387
context-0-regime-2,4,1,0.14,current,bitmap,4,1024,0.51715087890625,0.4881134033203125,-0.0290374755859375,-0.0601377828340286
context-0-regime-2,4,1,0.14,current,bitmap,4,4096,0.51715087890625,0.46661376953125,-0.050537109375,-0.10466439135381123
context-0-regime-2,4,1,0.14,current,bitmap,8,1024,0.51715087890625,0.4825439453125,-0.03460693359375,-0.07167235494880542
context-0-regime-2,4,1,0.14,current,bitmap,8,4096,0.51715087890625,0.439971923828125,-0.077178955078125,-0.15984072810011374
context-0-regime-2,4,1,0.14,current,bitmap,32,1024,0.51715087890625,0.48724365234375,-0.0299072265625,-0.061939072177980004
context-0-regime-2,4,1,0.14,current,bitmap,32,4096,0.51715087890625,0.4575653076171875,-0.0595855712890625,-0.1234041208443939
context-0-regime-2,4,1,0.14,previous,bitmap,1,256,0.51715087890625,0.533050537109375,0.015899658203125,0.03292883327013019
context-0-regime-2,4,1,0.14,previous,bitmap,1,512,0.51715087890625,0.542724609375,0.02557373046875,0.052964227025660504
context-0-regime-2,4,1,0.14,previous,bitmap,1,1024,0.51715087890625,0.54779052734375,0.0306396484375,0.06345594741499183
context-0-regime-2,4,1,0.14,previous,bitmap,1,4096,0.51715087890625,0.5546112060546875,0.0374603271484375,0.07758184805966373
context-0-regime-2,4,1,0.14,previous,bitmap,2,512,0.51715087890625,0.52301025390625,0.005859375,0.012135001896094066
context-0-regime-2,4,1,0.14,previous,bitmap,2,1024,0.51715087890625,0.5189361572265625,0.0017852783203125,0.0036973833902161912
context-0-regime-2,4,1,0.14,previous,bitmap,2,4096,0.51715087890625,0.5035400390625,-0.01361083984375,-0.028188598154468503
context-0-regime-2,4,1,0.14,previous,bitmap,4,512,0.51715087890625,0.496429443359375,-0.020721435546875,-0.042914928580457534
context-0-regime-2,4,1,0.14,previous,bitmap,4,1024,0.51715087890625,0.488128662109375,-0.029022216796875,-0.06010618126659084
context-0-regime-2,4,1,0.14,previous,bitmap,4,4096,0.51715087890625,0.4668426513671875,-0.0503082275390625,-0.10419036784224489
context-0-regime-2,4,1,0.14,previous,bitmap,8,1024,0.51715087890625,0.4827880859375,-0.03436279296875,-0.07116672986980155
context-0-regime-2,4,1,0.14,previous,bitmap,8,4096,0.51715087890625,0.4422607421875,-0.07489013671875,-0.15510049298445194
context-0-regime-2,4,1,0.14,previous,bitmap,32,1024,0.51715087890625,0.4875946044921875,-0.0295562744140625,-0.061212236126911845
context-0-regime-2,4,1,0.14,previous,bitmap,32,4096,0.51715087890625,0.4592437744140625,-0.0579071044921875,-0.11992794842624188
context-0-regime-0,5,1,0.89,current,bitmap,1,256,0.0028228759765625,0.02032470703125,0.0175018310546875,0.01755137641352078
context-0-regime-0,5,1,0.89,current,bitmap,1,512,0.0028228759765625,0.0327606201171875,0.029937744140625,0.030022493917461146
context-0-regime-0,5,1,0.89,current,bitmap,1,1024,0.0028228759765625,0.0430908203125,0.0402679443359375,0.04038193753729857
context-0-regime-0,5,1,0.89,current,bitmap,1,4096,0.0028228759765625,0.0595855712890625,0.0567626953125,0.05692338296277022
context-0-regime-0,5,1,0.89,current,bitmap,2,512,0.0028228759765625,0.01080322265625,0.0079803466796875,0.008002937981056113
context-0-regime-0,5,1,0.89,current,bitmap,2,1024,0.0028228759765625,0.01416015625,0.0113372802734375,0.011369374607886673
context-0-regime-0,5,1,0.89,current,bitmap,2,4096,0.0028228759765625,0.0213470458984375,0.018524169921875,0.018576609386237397
context-0-regime-0,5,1,0.89,current,bitmap,4,512,0.0028228759765625,0.0042266845703125,0.00140380859375,0.0014077825894018847
context-0-regime-0,5,1,0.89,current,bitmap,4,1024,0.0028228759765625,0.004119873046875,0.0012969970703125,0.0013006686967299563
context-0-regime-0,5,1,0.89,current,bitmap,4,4096,0.0028228759765625,0.003692626953125,0.0008697509765625,0.0008722131260424648
context-0-regime-0,5,1,0.89,current,bitmap,8,1024,0.0028228759765625,0.0023345947265625,-0.00048828125,-0.0004896635093571966
context-0-regime-0,5,1,0.89,current,bitmap,8,4096,0.0028228759765625,0.00146484375,-0.0013580322265625,-0.0013618766353995504
context-0-regime-0,5,1,0.89,current,bitmap,32,1024,0.0028228759765625,0.0021514892578125,-0.00067138671875,-0.0006732873253660898
context-0-regime-0,5,1,0.89,current,bitmap,32,4096,0.0028228759765625,0.0013275146484375,-0.001495361328125,-0.0014995944974063313
context-0-regime-0,5,1,0.89,previous,bitmap,1,256,0.0028228759765625,0.0102691650390625,0.0074462890625,0.007467368517696693
context-0-regime-0,5,1,0.89,previous,bitmap,1,512,0.0028228759765625,0.013519287109375,0.0106964111328125,0.010726691251855325
context-0-regime-0,5,1,0.89,previous,bitmap,1,1024,0.0028228759765625,0.014495849609375,0.0116729736328125,0.011706018270569718
context-0-regime-0,5,1,0.89,previous,bitmap,1,4096,0.0028228759765625,0.013885498046875,0.0110626220703125,0.011093938883873222
context-0-regime-0,5,1,0.89,previous,bitmap,2,512,0.0028228759765625,0.0055389404296875,0.002716064453125,0.002723753270799212
context-0-regime-0,5,1,0.89,previous,bitmap,2,1024,0.0028228759765625,0.00494384765625,0.0021209716796875,0.002126975868770198
context-0-regime-0,5,1,0.89,previous,bitmap,2,4096,0.0028228759765625,0.004730224609375,0.0019073486328125,0.001912748083426452
context-0-regime-0,5,1,0.89,previous,bitmap,4,512,0.0028228759765625,0.0030059814453125,0.00018310546875,0.00018362381600889321
context-0-regime-0,5,1,0.89,previous,bitmap,4,1024,0.0028228759765625,0.0026092529296875,-0.000213623046875,-0.00021422778534385678
context-0-regime-0,5,1,0.89,previous,bitmap,4,4096,0.0028228759765625,0.0018157958984375,-0.001007080078125,-0.0010099309880491347
context-0-regime-0,5,1,0.89,previous,bitmap,8,1024,0.0028228759765625,0.001739501953125,-0.0010833740234375,-0.0010864409113862106
context-0-regime-0,5,1,0.89,previous,bitmap,8,4096,0.0028228759765625,0.001312255859375,-0.0015106201171875,-0.001514896482073702
context-0-regime-0,5,1,0.89,previous,bitmap,32,1024,0.0028228759765625,0.00201416015625,-0.0008087158203125,-0.0008110051873728708
context-0-regime-0,5,1,0.89,previous,bitmap,32,4096,0.0028228759765625,0.0012359619140625,-0.0015869140625,-0.001591406405410778
context-0-regime-1,5,1,0.49,current,bitmap,1,256,0.176910400390625,0.2717437744140625,0.0948333740234375,0.11521634348003407
context-0-regime-1,5,1,0.49,current,bitmap,1,512,0.176910400390625,0.310516357421875,0.13360595703125,0.1623224945311631
context-0-regime-1,5,1,0.49,current,bitmap,1,1024,0.176910400390625,0.3268585205078125,0.1499481201171875,0.1821771532386638
context-0-regime-1,5,1,0.49,current,bitmap,1,4096,0.176910400390625,0.3390045166015625,0.1620941162109375,0.1969337436505877
context-0-regime-1,5,1,0.49,current,bitmap,2,512,0.176910400390625,0.25238037109375,0.075469970703125,0.09169107559971823
context-0-regime-1,5,1,0.49,current,bitmap,2,1024,0.176910400390625,0.25872802734375,0.081817626953125,0.09940306254866338
context-0-regime-1,5,1,0.49,current,bitmap,2,4096,0.176910400390625,0.2430877685546875,0.0661773681640625,0.08040117162878646
context-0-regime-1,5,1,0.49,current,bitmap,4,512,0.176910400390625,0.189697265625,0.012786865234375,0.015535204478884679
context-0-regime-1,5,1,0.49,current,bitmap,4,1024,0.176910400390625,0.18060302734375,0.003692626953125,0.004486300100107532
context-0-regime-1,5,1,0.49,current,bitmap,4,4096,0.176910400390625,0.1598968505859375,-0.0170135498046875,-0.02067034963479286
context-0-regime-1,5,1,0.49,current,bitmap,8,1024,0.176910400390625,0.16510009765625,-0.011810302734375,-0.014348744948277758
context-0-regime-1,5,1,0.49,current,bitmap,8,4096,0.176910400390625,0.1562042236328125,-0.0207061767578125,-0.025156649734900505
context-0-regime-1,5,1,0.49,current,bitmap,32,1024,0.176910400390625,0.1624603271484375,-0.0144500732421875,-0.017555893366949737
context-0-regime-1,5,1,0.49,current,bitmap,32,4096,0.176910400390625,0.1609039306640625,-0.0160064697265625,-0.019446813243854555
context-0-regime-1,5,1,0.49,previous,bitmap,1,256,0.176910400390625,0.2495269775390625,0.0726165771484375,0.08822438915872599
context-0-regime-1,5,1,0.49,previous,bitmap,1,512,0.176910400390625,0.277313232421875,0.10040283203125,0.1219828704905268
context-0-regime-1,5,1,0.49,previous,bitmap,1,1024,0.176910400390625,0.2855224609375,0.108612060546875,0.13195654591969153
context-0-regime-1,5,1,0.49,previous,bitmap,1,4096,0.176910400390625,0.2858123779296875,0.1089019775390625,0.13230877609284042
context-0-regime-1,5,1,0.49,previous,bitmap,2,512,0.176910400390625,0.2320404052734375,0.0551300048828125,0.06697934818879536
context-0-regime-1,5,1,0.49,previous,bitmap,2,1024,0.176910400390625,0.2320098876953125,0.0550994873046875,0.06694227132846386
context-0-regime-1,5,1,0.49,previous,bitmap,2,4096,0.176910400390625,0.208648681640625,0.03173828125,0.038559934744725854
context-0-regime-1,5,1,0.49,previous,bitmap,4,512,0.176910400390625,0.1869964599609375,0.0100860595703125,0.012253902339549927
context-0-regime-1,5,1,0.49,previous,bitmap,4,1024,0.176910400390625,0.1778564453125,0.000946044921875,0.0011493826702755339
context-0-regime-1,5,1,0.49,previous,bitmap,4,4096,0.176910400390625,0.1570281982421875,-0.0198822021484375,-0.02415557450595074
context-0-regime-1,5,1,0.49,previous,bitmap,8,1024,0.176910400390625,0.165313720703125,-0.0115966796875,-0.014089206925957498
context-0-regime-1,5,1,0.49,previous,bitmap,8,4096,0.176910400390625,0.1556396484375,-0.021270751953125,-0.025842571651032653
context-0-regime-1,5,1,0.49,previous,bitmap,32,1024,0.176910400390625,0.1618194580078125,-0.0150909423828125,-0.01833450743391052
context-0-regime-1,5,1,0.49,previous,bitmap,32,4096,0.176910400390625,0.1605072021484375,-0.0164031982421875,-0.019928812428163578
context-0-regime-2,5,1,0.14,current,bitmap,1,256,0.5019378662109375,0.5365142822265625,0.034576416015625,0.06942189271162036
context-0-regime-2,5,1,0.14,current,bitmap,1,512,0.5019378662109375,0.5616455078125,0.0597076416015625,0.11987990564014583
context-0-regime-2,5,1,0.14,current,bitmap,1,1024,0.5019378662109375,0.5765228271484375,0.0745849609375,0.14975031402224193
context-0-regime-2,5,1,0.14,current,bitmap,1,4096,0.5019378662109375,0.59417724609375,0.0922393798828125,0.1851965319689961
context-0-regime-2,5,1,0.14,current,bitmap,2,512,0.5019378662109375,0.5352935791015625,0.033355712890625,0.06697098740847396
context-0-regime-2,5,1,0.14,current,bitmap,2,1024,0.5019378662109375,0.538543701171875,0.0366058349609375,0.07349652277810115
context-0-regime-2,5,1,0.14,current,bitmap,2,4096,0.5019378662109375,0.536651611328125,0.0347137451171875,0.06969761955822429
context-0-regime-2,5,1,0.14,current,bitmap,4,512,0.5019378662109375,0.4777374267578125,-0.024200439453125,-0.04858919763487646
context-0-regime-2,5,1,0.14,current,bitmap,4,1024,0.5019378662109375,0.4673614501953125,-0.034576416015625,-0.06942189271162036
context-0-regime-2,5,1,0.14,current,bitmap,4,4096,0.5019378662109375,0.432220458984375,-0.0697174072265625,-0.13997732912594585
context-0-regime-2,5,1,0.14,current,bitmap,8,1024,0.5019378662109375,0.458770751953125,-0.0431671142578125,-0.08667013878251284
context-0-regime-2,5,1,0.14,current,bitmap,8,4096,0.5019378662109375,0.406402587890625,-0.0955352783203125,-0.19181397628749108
context-0-regime-2,5,1,0.14,current,bitmap,32,1024,0.5019378662109375,0.465576171875,-0.0363616943359375,-0.073006341717472
context-0-regime-2,5,1,0.14,current,bitmap,32,4096,0.5019378662109375,0.4460906982421875,-0.05584716796875,-0.1121289176189455
context-0-regime-2,5,1,0.14,previous,bitmap,1,256,0.5019378662109375,0.5256805419921875,0.02374267578125,0.047670108146196544
context-0-regime-2,5,1,0.14,previous,bitmap,1,512,0.5019378662109375,0.5426025390625,0.0406646728515625,0.08164578291106273
context-0-regime-2,5,1,0.14,previous,bitmap,1,1024,0.5019378662109375,0.5532379150390625,0.051300048828125,0.1029992953647253
context-0-regime-2,5,1,0.14,previous,bitmap,1,4096,0.5019378662109375,0.5646820068359375,0.062744140625,0.12597653258172237
context-0-regime-2,5,1,0.14,previous,bitmap,2,512,0.5019378662109375,0.523193359375,0.0212554931640625,0.04267638859103584
context-0-regime-2,5,1,0.14,previous,bitmap,2,1024,0.5019378662109375,0.5240020751953125,0.022064208984375,0.04430011335437023
context-0-regime-2,5,1,0.14,previous,bitmap,2,4096,0.5019378662109375,0.5184478759765625,0.016510009765625,0.03314849422505439
context-0-regime-2,5,1,0.14,previous,bitmap,4,512,0.5019378662109375,0.4774932861328125,-0.024444580078125,-0.049079378695505715
context-0-regime-2,5,1,0.14,previous,bitmap,4,1024,0.5019378662109375,0.4670867919921875,-0.03485107421875,-0.06997334640482822
context-0-regime-2,5,1,0.14,previous,bitmap,4,4096,0.5019378662109375,0.430419921875,-0.0715179443359375,-0.14359241444808668
context-0-regime-2,5,1,0.14,previous,bitmap,8,1024,0.5019378662109375,0.4583892822265625,-0.043548583984375,-0.08743604668974592
context-0-regime-2,5,1,0.14,previous,bitmap,8,4096,0.5019378662109375,0.404205322265625,-0.0977325439453125,-0.19622560583315463
context-0-regime-2,5,1,0.14,previous,bitmap,32,1024,0.5019378662109375,0.466888427734375,-0.0350494384765625,-0.07037161851658946
context-0-regime-2,5,1,0.14,previous,bitmap,32,4096,0.5019378662109375,0.44610595703125,-0.0558319091796875,-0.11209828130265609
context-0-regime-0,6,1,0.89,current,bitmap,1,256,0.0707244873046875,0.10284423828125,0.0321197509765625,0.034564292868754176
context-0-regime-0,6,1,0.89,current,bitmap,1,512,0.0707244873046875,0.1205596923828125,0.049835205078125,0.05362801924434735
context-0-regime-0,6,1,0.89,current,bitmap,1,1024,0.0707244873046875,0.1316070556640625,0.060882568359375,0.0655161655802039
context-0-regime-0,6,1,0.89,current,bitmap,1,4096,0.0707244873046875,0.145782470703125,0.0750579833984375,0.08077043069900325
context-0-regime-0,6,1,0.89,current,bitmap,2,512,0.0707244873046875,0.0785980224609375,0.00787353515625,0.00847276727804136
context-0-regime-0,6,1,0.89,current,bitmap,2,1024,0.0707244873046875,0.0761871337890625,0.005462646484375,0.005878392801431875
context-0-regime-0,6,1,0.89,current,bitmap,2,4096,0.0707244873046875,0.0541229248046875,-0.0166015625,-0.017865059687033114
context-0-regime-0,6,1,0.89,current,bitmap,4,512,0.0707244873046875,0.0665435791015625,-0.004180908203125,-0.004499105105006507
context-0-regime-0,6,1,0.89,current,bitmap,4,1024,0.0707244873046875,0.0590057373046875,-0.01171875,-0.012610630367317466
context-0-regime-0,6,1,0.89,current,bitmap,4,4096,0.0707244873046875,0.030975341796875,-0.0397491455078125,-0.04277433868080993
context-0-regime-0,6,1,0.89,current,bitmap,8,1024,0.0707244873046875,0.0538787841796875,-0.016845703125,-0.01812778115301894
context-0-regime-0,6,1,0.89,current,bitmap,8,4096,0.0707244873046875,0.0249176025390625,-0.045806884765625,-0.04929311505558198
context-0-regime-0,6,1,0.89,current,bitmap,32,1024,0.0707244873046875,0.0589141845703125,-0.011810302734375,-0.01270915091706204
context-0-regime-0,6,1,0.89,current,bitmap,32,4096,0.0707244873046875,0.054534912109375,-0.0161895751953125,-0.017421717213182086
context-0-regime-0,6,1,0.89,previous,bitmap,1,256,0.0707244873046875,0.085540771484375,0.0148162841796875,0.015943908967012033
context-0-regime-0,6,1,0.89,previous,bitmap,1,512,0.0707244873046875,0.092864990234375,0.0221405029296875,0.023825552946585393
context-0-regime-0,6,1,0.89,previous,bitmap,1,1024,0.0707244873046875,0.094635009765625,0.0239105224609375,0.025730283574982304
context-0-regime-0,6,1,0.89,previous,bitmap,1,4096,0.0707244873046875,0.0926361083984375,0.02191162109375,0.023579251572223736
context-0-regime-0,6,1,0.89,previous,bitmap,2,512,0.0707244873046875,0.06842041015625,-0.0023040771484375,-0.002479433835240741
context-0-regime-0,6,1,0.89,previous,bitmap,2,1024,0.0707244873046875,0.061492919921875,-0.0092315673828125,-0.009934155432587355
context-0-regime-0,6,1,0.89,previous,bitmap,2,4096,0.0707244873046875,0.02911376953125,-0.0416107177734375,-0.044777589858951306
context-0-regime-0,6,1,0.89,previous,bitmap,4,512,0.0707244873046875,0.0632781982421875,-0.0074462890625,-0.008013004712566385
context-0-regime-0,6,1,0.89,previous,bitmap,4,1024,0.0707244873046875,0.0561370849609375,-0.01458740234375,-0.015697607592650265
context-0-regime-0,6,1,0.89,previous,bitmap,4,4096,0.0707244873046875,0.0279693603515625,-0.042755126953125,-0.04600909673075981
context-0-regime-0,6,1,0.89,previous,bitmap,8,1024,0.0707244873046875,0.052886962890625,-0.0178375244140625,-0.019195087108585973
context-0-regime-0,6,1,0.89,previous,bitmap,8,4096,0.0707244873046875,0.0238189697265625,-0.046905517578125,-0.05047536165251798
context-0-regime-0,6,1,0.89,previous,bitmap,32,1024,0.0707244873046875,0.05914306640625,-0.0115814208984375,-0.012462849542700383
context-0-regime-0,6,1,0.89,previous,bitmap,32,4096,0.0707244873046875,0.055389404296875,-0.0153350830078125,-0.016502192082231915
context-0-regime-1,6,1,0.49,current,bitmap,1,256,0.2925872802734375,0.353057861328125,0.0604705810546875,0.08548133129138713
context-0-regime-1,6,1,0.49,current,bitmap,1,512,0.2925872802734375,0.3774871826171875,0.08489990234375,0.120014667500701
context-0-regime-1,6,1,0.49,current,bitmap,1,1024,0.2925872802734375,0.3873291015625,0.0947418212890625,0.13392722331269813
context-0-regime-1,6,1,0.49,current,bitmap,1,4096,0.2925872802734375,0.3923797607421875,0.09979248046875,0.14106684497745947
context-0-regime-1,6,1,0.49,current,bitmap,2,512,0.2925872802734375,0.3394622802734375,0.046875,0.06626259140225621
context-0-regime-1,6,1,0.49,current,bitmap,2,1024,0.2925872802734375,0.33349609375,0.0409088134765625,0.057828778499169564
context-0-regime-1,6,1,0.49,current,bitmap,2,4096,0.2925872802734375,0.29583740234375,0.0032501220703125,0.0045943788960548515
context-0-regime-1,6,1,0.49,current,bitmap,4,512,0.2925872802734375,0.28436279296875,-0.0082244873046875,-0.011626151290955677
context-0-regime-1,6,1,0.49,current,bitmap,4,1024,0.2925872802734375,0.2710418701171875,-0.02154541015625,-0.030456633808589206
context-0-regime-1,6,1,0.49,current,bitmap,4,4096,0.2925872802734375,0.2381591796875,-0.0544281005859375,-0.07693966911844008
context-0-regime-1,6,1,0.49,current,bitmap,8,1024,0.2925872802734375,0.269012451171875,-0.0235748291015625,-0.0333254243868768
context-0-regime-1,6,1,0.49,current,bitmap,8,4096,0.2925872802734375,0.2607269287109375,-0.0318603515625,-0.045037855093720935
context-0-regime-1,6,1,0.49,current,bitmap,32,1024,0.2925872802734375,0.275909423828125,-0.0166778564453125,-0.023575850391492903
context-0-regime-1,6,1,0.49,current,bitmap,32,4096,0.2925872802734375,0.2743072509765625,-0.018280029296875,-0.025840685058562185
context-0-regime-1,6,1,0.49,previous,bitmap,1,256,0.2925872802734375,0.3394012451171875,0.04681396484375,0.06617631198636786
context-0-regime-1,6,1,0.49,previous,bitmap,1,512,0.2925872802734375,0.3556060791015625,0.063018798828125,0.08908349690472595
context-0-regime-1,6,1,0.49,previous,bitmap,1,1024,0.2925872802734375,0.3603973388671875,0.06781005859375,0.09585643105196173
context-0-regime-1,6,1,0.49,previous,bitmap,1,4096,0.2925872802734375,0.356201171875,0.0636138916015625,0.08992472120963746
context-0-regime-1,6,1,0.49,previous,bitmap,2,512,0.2925872802734375,0.3242034912109375,0.0316162109375,0.04469273743016755
context-0-regime-1,6,1,0.49,previous,bitmap,2,1024,0.2925872802734375,0.3135986328125,0.0210113525390625,0.02970168891956604
context-0-regime-1,6,1,0.49,previous,bitmap,2,4096,0.2925872802734375,0.26947021484375,-0.0231170654296875,-0.03267832876771415
context-0-regime-1,6,1,0.49,previous,bitmap,4,512,0.2925872802734375,0.282867431640625,-0.0097198486328125,-0.013739996980220548
context-0-regime-1,6,1,0.49,previous,bitmap,4,1024,0.2925872802734375,0.269805908203125,-0.0227813720703125,-0.03220379198032819
context-0-regime-1,6,1,0.49,previous,bitmap,4,4096,0.2925872802734375,0.2363433837890625,-0.056243896484375,-0.07950648174111863
context-0-regime-1,6,1,0.49,previous,bitmap,8,1024,0.2925872802734375,0.269561767578125,-0.0230255126953125,-0.032548909643881796
context-0-regime-1,6,1,0.49,previous,bitmap,8,4096,0.2925872802734375,0.2608642578125,-0.0317230224609375,-0.044843726407972184
context-0-regime-1,6,1,0.49,previous,bitmap,32,1024,0.2925872802734375,0.276519775390625,-0.0160675048828125,-0.02271305623260922
context-0-regime-1,6,1,0.49,previous,bitmap,32,4096,0.2925872802734375,0.2751007080078125,-0.017486572265625,-0.024719052652013573
context-0-regime-2,6,1,0.14,current,bitmap,1,256,0.5511322021484375,0.5760345458984375,0.02490234375,0.05547812489376891
context-0-regime-2,6,1,0.14,current,bitmap,1,512,0.5511322021484375,0.5917510986328125,0.040618896484375,0.09049189244314515
context-0-regime-2,6,1,0.14,current,bitmap,1,1024,0.5511322021484375,0.6019134521484375,0.05078125,0.11313186252846996
context-0-regime-2,6,1,0.14,current,bitmap,1,4096,0.5511322021484375,0.61444091796875,0.0633087158203125,0.14104089472073966
context-0-regime-2,6,1,0.14,current,bitmap,2,512,0.5511322021484375,0.5704498291015625,0.019317626953125,0.04303633953156338
context-0-regime-2,6,1,0.14,current,bitmap,2,1024,0.5511322021484375,0.5693817138671875,0.01824951171875,0.040656763096168835
context-0-regime-2,6,1,0.14,current,bitmap,2,4096,0.5511322021484375,0.557373046875,0.0062408447265625,0.013903525172519249
context-0-regime-2,6,1,0.14,current,bitmap,4,512,0.5511322021484375,0.53125,-0.0198822021484375,-0.04429411564741481
context-0-regime-2,6,1,0.14,current,bitmap,4,1024,0.5511322021484375,0.5245208740234375,-0.026611328125,-0.059285447190400076
context-0-regime-2,6,1,0.14,current,bitmap,4,4096,0.5511322021484375,0.5098114013671875,-0.04132080078125,-0.09205561410069008
context-0-regime-2,6,1,0.14,current,bitmap,8,1024,0.5511322021484375,0.514862060546875,-0.0362701416015625,-0.08080361695618188
context-0-regime-2,6,1,0.14,current,bitmap,8,4096,0.5511322021484375,0.4787750244140625,-0.072357177734375,-0.16119930652343872
context-0-regime-2,6,1,0.14,current,bitmap,32,1024,0.5511322021484375,0.50689697265625,-0.0442352294921875,-0.0985484583744094
context-0-regime-2,6,1,0.14,current,bitmap,32,4096,0.5511322021484375,0.4837646484375,-0.0673675537109375,-0.15008328517523872
context-0-regime-2,6,1,0.14,previous,bitmap,1,256,0.5511322021484375,0.56646728515625,0.0153350830078125,0.034163918822449624
context-0-regime-2,6,1,0.14,previous,bitmap,1,512,0.5511322021484375,0.576080322265625,0.0249481201171875,0.05558010674100011
context-0-regime-2,6,1,0.14,previous,bitmap,1,1024,0.5511322021484375,0.5828094482421875,0.03167724609375,0.07057143828398549
context-0-regime-2,6,1,0.14,previous,bitmap,1,4096,0.5511322021484375,0.590118408203125,0.0389862060546875,0.08685453989189929
context-0-regime-2,6,1,0.14,previous,bitmap,2,512,0.5511322021484375,0.5611419677734375,0.010009765625,0.02230003059455421
context-0-regime-2,6,1,0.14,previous,bitmap,2,1024,0.5511322021484375,0.5582275390625,0.0070953369140625,0.015807186320834887
context-0-regime-2,6,1,0.14,previous,bitmap,2,4096,0.5511322021484375,0.5434112548828125,-0.007720947265625,-0.01720093823299451
context-0-regime-2,6,1,0.14,previous,bitmap,4,512,0.5511322021484375,0.5309295654296875,-0.02020263671875,-0.04500798857803301
context-0-regime-2,6,1,0.14,previous,bitmap,4,1024,0.5511322021484375,0.5236053466796875,-0.02752685546875,-0.06132508413502391
context-0-regime-2,6,1,0.14,previous,bitmap,4,4096,0.5511322021484375,0.5084991455078125,-0.042633056640625,-0.09497909372131752
context-0-regime-2,6,1,0.14,previous,bitmap,8,1024,0.5511322021484375,0.51507568359375,-0.0360565185546875,-0.08032770166910286
context-0-regime-2,6,1,0.14,previous,bitmap,8,4096,0.5511322021484375,0.479736328125,-0.0713958740234375,-0.15905768773158369
context-0-regime-2,6,1,0.14,previous,bitmap,32,1024,0.5511322021484375,0.506561279296875,-0.0445709228515625,-0.09929632525410481
context-0-regime-2,6,1,0.14,previous,bitmap,32,4096,0.5511322021484375,0.486419677734375,-0.0647125244140625,-0.14416833803582962
context-0-regime-0,7,1,0.89,current,bitmap,1,256,0.015960693359375,0.0317840576171875,0.0158233642578125,0.01608001240502399
context-0-regime-0,7,1,0.89,current,bitmap,1,512,0.015960693359375,0.0460662841796875,0.0301055908203125,0.03059389052566286
context-0-regime-0,7,1,0.89,current,bitmap,1,1024,0.015960693359375,0.057769775390625,0.04180908203125,0.04248720731896416
context-0-regime-0,7,1,0.89,current,bitmap,1,4096,0.015960693359375,0.082366943359375,0.06640625,0.0674833307489533
context-0-regime-0,7,1,0.89,current,bitmap,2,512,0.015960693359375,0.026763916015625,0.01080322265625,0.010978446270739628
context-0-regime-0,7,1,0.89,current,bitmap,2,1024,0.015960693359375,0.0302734375,0.014312744140625,0.01454489068072573
context-0-regime-0,7,1,0.89,current,bitmap,2,4096,0.015960693359375,0.041717529296875,0.0257568359375,0.02617460071328892
context-0-regime-0,7,1,0.89,current,bitmap,4,512,0.015960693359375,0.0140228271484375,-0.0019378662109375,-0.0019692975655141165
context-0-regime-0,7,1,0.89,current,bitmap,4,1024,0.015960693359375,0.0110626220703125,-0.0048980712890625,-0.0049775158939371345
context-0-regime-0,7,1,0.89,current,bitmap,4,4096,0.015960693359375,0.0076141357421875,-0.0083465576171875,-0.008481935183749512
context-0-regime-0,7,1,0.89,current,bitmap,8,1024,0.015960693359375,0.009368896484375,-0.006591796875,-0.006698712978756349
context-0-regime-0,7,1,0.89,current,bitmap,8,4096,0.015960693359375,0.005950927734375,-0.010009765625,-0.010172119708481864
context-0-regime-0,7,1,0.89,current,bitmap,32,1024,0.015960693359375,0.0105438232421875,-0.0054168701171875,-0.005504729415413134
context-0-regime-0,7,1,0.89,current,bitmap,32,4096,0.015960693359375,0.0086517333984375,-0.0073089599609375,-0.007427508140797068
context-0-regime-0,7,1,0.89,previous,bitmap,1,256,0.015960693359375,0.0204925537109375,0.0045318603515625,0.004605365172895004
context-0-regime-0,7,1,0.89,previous,bitmap,1,512,0.015960693359375,0.022064208984375,0.006103515625,0.00620251201736699
context-0-regime-0,7,1,0.89,previous,bitmap,1,1024,0.015960693359375,0.0211639404296875,0.0052032470703125,0.0052876414948054284
context-0-regime-0,7,1,0.89,previous,bitmap,1,4096,0.015960693359375,0.020355224609375,0.00439453125,0.004465808652504233
context-0-regime-0,7,1,0.89,previous,bitmap,2,512,0.015960693359375,0.015167236328125,-0.00079345703125,-0.0008063265622577642
context-0-regime-0,7,1,0.89,previous,bitmap,2,1024,0.015960693359375,0.0131988525390625,-0.0027618408203125,-0.0028066366878585214
context-0-regime-0,7,1,0.89,previous,bitmap,2,4096,0.015960693359375,0.0103759765625,-0.005584716796875,-0.005675298495890768
context-0-regime-0,7,1,0.89,previous,bitmap,4,512,0.015960693359375,0.012298583984375,-0.003662109375,-0.003721507210420194
context-0-regime-0,7,1,0.89,previous,bitmap,4,1024,0.015960693359375,0.009368896484375,-0.006591796875,-0.006698712978756349
context-0-regime-0,7,1,0.89,previous,bitmap,4,4096,0.015960693359375,0.0055999755859375,-0.0103607177734375,-0.010528764149480452
context-0-regime-0,7,1,0.89,previous,bitmap,8,1024,0.015960693359375,0.0085296630859375,-0.0074310302734375,-0.0075515583811442966
context-0-regime-0,7,1,0.89,previous,bitmap,8,4096,0.015960693359375,0.00494384765625,-0.011016845703125,-0.011195534191347445
context-0-regime-0,7,1,0.89,previous,bitmap,32,1024,0.015960693359375,0.010528564453125,-0.00543212890625,-0.005520235695456677
context-0-regime-0,7,1,0.89,previous,bitmap,32,4096,0.015960693359375,0.008880615234375,-0.007080078125,-0.0071949139401457085
context-0-regime-1,7,1,0.49,current,bitmap,1,256,0.2385711669921875,0.3064422607421875,0.06787109375,0.08913649025069637
context-0-regime-1,7,1,0.49,current,bitmap,1,512,0.2385711669921875,0.3394622802734375,0.10089111328125,0.13250235466223126
context-0-regime-1,7,1,0.49,current,bitmap,1,1024,0.2385711669921875,0.3521575927734375,0.11358642578125,0.14917536722710967
context-0-regime-1,7,1,0.49,current,bitmap,1,4096,0.2385711669921875,0.3624267578125,0.1238555908203125,0.16266207090038276
context-0-regime-1,7,1,0.49,current,bitmap,2,512,0.2385711669921875,0.2859344482421875,0.04736328125,0.06220316226127731
context-0-regime-1,7,1,0.49,current,bitmap,2,1024,0.2385711669921875,0.28472900390625,0.0461578369140625,0.06062002765475638
context-0-regime-1,7,1,0.49,current,bitmap,2,4096,0.2385711669921875,0.26275634765625,0.0241851806640625,0.031762890523236
context-0-regime-1,7,1,0.49,current,bitmap,4,512,0.2385711669921875,0.2222442626953125,-0.016326904296875,-0.021442456063004656
context-0-regime-1,7,1,0.49,current,bitmap,4,1024,0.2385711669921875,0.2064361572265625,-0.032135009765625,-0.042203563054848514
context-0-regime-1,7,1,0.49,current,bitmap,4,4096,0.2385711669921875,0.169525146484375,-0.0690460205078125,-0.09067954550009016
context-0-regime-1,7,1,0.49,current,bitmap,8,1024,0.2385711669921875,0.2019500732421875,-0.03662109375,-0.04809522855253401
context-0-regime-1,7,1,0.49,current,bitmap,8,4096,0.2385711669921875,0.184295654296875,-0.0542755126953125,-0.07128113665056812
context-0-regime-1,7,1,0.49,current,bitmap,32,1024,0.2385711669921875,0.20648193359375,-0.0320892333984375,-0.04214344401915793
context-0-regime-1,7,1,0.49,current,bitmap,32,4096,0.2385711669921875,0.2015380859375,-0.0370330810546875,-0.048636299873749955
context-0-regime-1,7,1,0.49,previous,bitmap,1,256,0.2385711669921875,0.283477783203125,0.0449066162109375,0.058976774012544864
context-0-regime-1,7,1,0.49,previous,bitmap,1,512,0.2385711669921875,0.3013458251953125,0.062774658203125,0.08244323761046868
context-0-regime-1,7,1,0.49,previous,bitmap,1,1024,0.2385711669921875,0.302825927734375,0.0642547607421875,0.08438708643113368
context-0-regime-1,7,1,0.49,previous,bitmap,1,4096,0.2385711669921875,0.2993316650390625,0.060760498046875,0.07979800004007931
context-0-regime-1,7,1,0.49,previous,bitmap,2,512,0.2385711669921875,0.262664794921875,0.0240936279296875,0.031642652451854714
context-0-regime-1,7,1,0.49,previous,bitmap,2,1024,0.2385711669921875,0.255401611328125,0.0168304443359375,0.02210376545560211
context-0-regime-1,7,1,0.49,previous,bitmap,2,4096,0.2385711669921875,0.219940185546875,-0.0186309814453125,-0.024468447526101667
context-0-regime-1,7,1,0.49,previous,bitmap,4,512,0.2385711669921875,0.2206878662109375,-0.01788330078125,-0.02348650327648749
context-0-regime-1,7,1,0.49,previous,bitmap,4,1024,0.2385711669921875,0.2055816650390625,-0.032989501953125,-0.04332578505440776
context-0-regime-1,7,1,0.49,previous,bitmap,4,4096,0.2385711669921875,0.1690216064453125,-0.069549560546875,-0.0913408548926875
context-0-regime-1,7,1,0.49,previous,bitmap,8,1024,0.2385711669921875,0.2017974853515625,-0.036773681640625,-0.04829562533816967
context-0-regime-1,7,1,0.49,previous,bitmap,8,4096,0.2385711669921875,0.1822052001953125,-0.056365966796875,-0.07402657261377521
context-0-regime-1,7,1,0.49,previous,bitmap,32,1024,0.2385711669921875,0.2062530517578125,-0.032318115234375,-0.042444039197611305
context-0-regime-1,7,1,0.49,previous,bitmap,32,4096,0.2385711669921875,0.2012176513671875,-0.037353515625,-0.04905713312358473
context-0-regime-2,7,1,0.14,current,bitmap,1,256,0.5028228759765625,0.5449371337890625,0.0421142578125,0.08470674891814745
context-0-regime-2,7,1,0.14,current,bitmap,1,512,0.5028228759765625,0.574676513671875,0.0718536376953125,0.1445232176288248
context-0-regime-2,7,1,0.14,current,bitmap,1,1024,0.5028228759765625,0.5941314697265625,0.09130859375,0.18365405272688207
context-0-regime-2,7,1,0.14,current,bitmap,1,4096,0.5028228759765625,0.615264892578125,0.1124420166015625,0.22616088144124236
context-0-regime-2,7,1,0.14,current,bitmap,2,512,0.5028228759765625,0.5394439697265625,0.03662109375,0.07365804253751962
context-0-regime-2,7,1,0.14,current,bitmap,2,1024,0.5028228759765625,0.5425567626953125,0.03973388671875,0.07991897615320875
context-0-regime-2,7,1,0.14,current,bitmap,2,4096,0.5028228759765625,0.5391082763671875,0.036285400390625,0.07298284381425901
context-0-regime-2,7,1,0.14,current,bitmap,4,512,0.5028228759765625,0.4696502685546875,-0.033172607421875,-0.06672191019856988
context-0-regime-2,7,1,0.14,current,bitmap,4,1024,0.5028228759765625,0.4547271728515625,-0.048095703125,-0.09673756253260901
context-0-regime-2,7,1,0.14,current,bitmap,4,4096,0.5028228759765625,0.4116668701171875,-0.091156005859375,-0.18334714421630904
context-0-regime-2,7,1,0.14,current,bitmap,8,1024,0.5028228759765625,0.4517822265625,-0.0510406494140625,-0.10266089678666779
context-0-regime-2,7,1,0.14,current,bitmap,8,4096,0.5028228759765625,0.4100189208984375,-0.092803955078125,-0.1866617561304975
context-0-regime-2,7,1,0.14,current,bitmap,32,1024,0.5028228759765625,0.464630126953125,-0.0381927490234375,-0.07681920019642141
context-0-regime-2,7,1,0.14,current,bitmap,32,4096,0.5028228759765625,0.4585418701171875,-0.044281005859375,-0.089064849768284
context-0-regime-2,7,1,0.14,previous,bitmap,1,256,0.5028228759765625,0.531097412109375,0.0282745361328125,0.056870147009176586
context-0-regime-2,7,1,0.14,previous,bitmap,1,512,0.5028228759765625,0.55096435546875,0.0481414794921875,0.09682963508578091
context-0-regime-2,7,1,0.14,previous,bitmap,1,1024,0.5028228759765625,0.5643463134765625,0.0615234375,0.12374551146303292
context-0-regime-2,7,1,0.14,previous,bitmap,1,4096,0.5028228759765625,0.5778350830078125,0.07501220703125,0.15087622379768595
context-0-regime-2,7,1,0.14,previous,bitmap,2,512,0.5028228759765625,0.5245208740234375,0.021697998046875,0.043642390203480375
context-0-regime-2,7,1,0.14,previous,bitmap,2,1024,0.5028228759765625,0.5246429443359375,0.021820068359375,0.043887917011938726
context-0-regime-2,7,1,0.14,previous,bitmap,2,4096,0.5028228759765625,0.515716552734375,0.0128936767578125,0.025933769143418384
context-0-regime-2,7,1,0.14,previous,bitmap,4,512,0.5028228759765625,0.4691619873046875,-0.033660888671875,-0.06770401743240351
context-0-regime-2,7,1,0.14,previous,bitmap,4,1024,0.5028228759765625,0.453582763671875,-0.0492401123046875,-0.0990393763619064
context-0-regime-2,7,1,0.14,previous,bitmap,4,4096,0.5028228759765625,0.4095916748046875,-0.093231201171875,-0.1875210999601018
context-0-regime-2,7,1,0.14,previous,bitmap,8,1024,0.5028228759765625,0.4511260986328125,-0.05169677734375,-0.10398060338213178
context-0-regime-2,7,1,0.14,previous,bitmap,8,4096,0.5028228759765625,0.4075469970703125,-0.09527587890625,-0.1916336740017801
context-0-regime-2,7,1,0.14,previous,bitmap,32,1024,0.5028228759765625,0.464385986328125,-0.0384368896484375,-0.07731025381333834
context-0-regime-2,7,1,0.14,previous,bitmap,32,4096,0.5028228759765625,0.4556427001953125,-0.04718017578125,-0.0948961114691711
context-0-regime-0,8,1,0.89,current,bitmap,1,256,0.0703582763671875,0.1047515869140625,0.034393310546875,0.03699630693475586
context-0-regime-0,8,1,0.89,current,bitmap,1,512,0.0703582763671875,0.1208343505859375,0.05047607421875,0.05429626590069758
context-0-regime-0,8,1,0.89,current,bitmap,1,1024,0.0703582763671875,0.1313018798828125,0.060943603515625,0.06555601148953627
context-0-regime-0,8,1,0.89,current,bitmap,1,4096,0.0703582763671875,0.1472320556640625,0.076873779296875,0.08269183422240456
context-0-regime-0,8,1,0.89,current,bitmap,2,512,0.0703582763671875,0.0813446044921875,0.010986328125,0.011817808781288464
context-0-regime-0,8,1,0.89,current,bitmap,2,1024,0.0703582763671875,0.0823822021484375,0.01202392578125,0.012933935166187904
context-0-regime-0,8,1,0.89,current,bitmap,2,4096,0.0703582763671875,0.0805206298828125,0.010162353515625,0.010931473122691826
context-0-regime-0,8,1,0.89,current,bitmap,4,512,0.0703582763671875,0.0591583251953125,-0.011199951171875,-0.012047599507591267
context-0-regime-0,8,1,0.89,current,bitmap,4,1024,0.0703582763671875,0.0492095947265625,-0.021148681640625,-0.02274928190398029
context-0-regime-0,8,1,0.89,current,bitmap,4,4096,0.0703582763671875,0.0290985107421875,-0.041259765625,-0.04438243742306125
context-0-regime-0,8,1,0.89,current,bitmap,8,1024,0.0703582763671875,0.04595947265625,-0.0243988037109375,-0.026245383668444866
context-0-regime-0,8,1,0.89,current,bitmap,8,4096,0.0703582763671875,0.026275634765625,-0.0440826416015625,-0.04741895773492
context-0-regime-0,8,1,0.89,current,bitmap,32,1024,0.0703582763671875,0.0467529296875,-0.0236053466796875,-0.025391875256462804
context-0-regime-0,8,1,0.89,current,bitmap,32,4096,0.0703582763671875,0.028076171875,-0.0422821044921875,-0.04548215018465318
context-0-regime-0,8,1,0.89,previous,bitmap,1,256,0.0703582763671875,0.0804290771484375,0.01007080078125,0.010832991382847768
context-0-regime-0,8,1,0.89,previous,bitmap,1,512,0.0703582763671875,0.079345703125,0.0089874267578125,0.009667624128026242
context-0-regime-0,8,1,0.89,previous,bitmap,1,1024,0.0703582763671875,0.07568359375,0.0053253173828125,0.005728354534263458
context-0-regime-0,8,1,0.89,previous,bitmap,1,4096,0.0703582763671875,0.0664215087890625,-0.003936767578125,-0.004234714813295071
context-0-regime-0,8,1,0.89,previous,bitmap,2,512,0.0703582763671875,0.062255859375,-0.0081024169921875,-0.008715633976200232
context-0-regime-0,8,1,0.89,previous,bitmap,2,1024,0.0703582763671875,0.05596923828125,-0.0143890380859375,-0.01547804677882647
context-0-regime-0,8,1,0.89,previous,bitmap,2,4096,0.0703582763671875,0.03997802734375,-0.0303802490234375,-0.03267952400492402
context-0-regime-0,8,1,0.89,previous,bitmap,4,512,0.0703582763671875,0.055084228515625,-0.0152740478515625,-0.01643003693065248
context-0-regime-0,8,1,0.89,previous,bitmap,4,1024,0.0703582763671875,0.0460205078125,-0.0243377685546875,-0.026179729175215494
context-0-regime-0,8,1,0.89,previous,bitmap,4,4096,0.0703582763671875,0.026397705078125,-0.0439605712890625,-0.04728764874846125
context-0-regime-0,8,1,0.89,previous,bitmap,8,1024,0.0703582763671875,0.0452880859375,-0.0250701904296875,-0.02696758309396796
context-0-regime-0,8,1,0.89,previous,bitmap,8,4096,0.0703582763671875,0.02655029296875,-0.0438079833984375,-0.04712351251538771
context-0-regime-0,8,1,0.89,previous,bitmap,32,1024,0.0703582763671875,0.04608154296875,-0.0242767333984375,-0.02611407468198612
context-0-regime-0,8,1,0.89,previous,bitmap,32,4096,0.0703582763671875,0.0277557373046875,-0.0426025390625,-0.04582683627410744
context-0-regime-1,8,1,0.49,current,bitmap,1,256,0.3646697998046875,0.4176483154296875,0.052978515625,0.0833873718087278
context-0-regime-1,8,1,0.49,current,bitmap,1,512,0.3646697998046875,0.440887451171875,0.0762176513671875,0.11996541537574756
context-0-regime-1,8,1,0.49,current,bitmap,1,1024,0.3646697998046875,0.450042724609375,0.0853729248046875,0.13437567548094242
context-0-regime-1,8,1,0.49,current,bitmap,1,4096,0.3646697998046875,0.453521728515625,0.0888519287109375,0.13985157432091644
context-0-regime-1,8,1,0.49,current,bitmap,2,512,0.3646697998046875,0.4034576416015625,0.038787841796875,0.06105146864567568
context-0-regime-1,8,1,0.49,current,bitmap,2,1024,0.3646697998046875,0.39617919921875,0.0315093994140625,0.0495953118620458
context-0-regime-1,8,1,0.49,current,bitmap,2,4096,0.3646697998046875,0.36700439453125,0.0023345947265625,0.0036746163268247534
context-0-regime-1,8,1,0.49,current,bitmap,4,512,0.3646697998046875,0.3473968505859375,-0.01727294921875,-0.027187357398467782
context-0-regime-1,8,1,0.49,current,bitmap,4,1024,0.3646697998046875,0.3335418701171875,-0.0311279296875,-0.04899488435766264
context-0-regime-1,8,1,0.49,current,bitmap,4,4096,0.3646697998046875,0.3116302490234375,-0.05303955078125,-0.0834834402094291
context-0-regime-1,8,1,0.49,current,bitmap,8,1024,0.3646697998046875,0.3243865966796875,-0.040283203125,-0.06340514446285761
context-0-regime-1,8,1,0.49,current,bitmap,8,4096,0.3646697998046875,0.3148651123046875,-0.0498046875,-0.07839181497226022
context-0-regime-1,8,1,0.49,current,bitmap,32,1024,0.3646697998046875,0.332305908203125,-0.0323638916015625,-0.05094026947186392
context-0-regime-1,8,1,0.49,current,bitmap,32,4096,0.3646697998046875,0.3280487060546875,-0.03662109375,-0.057641040420779666
context-0-regime-1,8,1,0.49,previous,bitmap,1,256,0.3646697998046875,0.4018402099609375,0.03717041015625,0.058505656027091235
context-0-regime-1,8,1,0.49,previous,bitmap,1,512,0.3646697998046875,0.413299560546875,0.0486297607421875,0.07654249825876025
context-0-regime-1,8,1,0.49,previous,bitmap,1,1024,0.3646697998046875,0.41552734375,0.0508575439453125,0.08004899488435768
context-0-regime-1,8,1,0.49,previous,bitmap,1,4096,0.3646697998046875,0.4127044677734375,0.04803466796875,0.07560583135192256
context-0-regime-1,8,1,0.49,previous,bitmap,2,512,0.3646697998046875,0.383270263671875,0.0186004638671875,0.029276845113720973
context-0-regime-1,8,1,0.49,previous,bitmap,2,1024,0.3646697998046875,0.3705902099609375,0.00592041015625,0.009318634868026088
context-0-regime-1,8,1,0.49,previous,bitmap,2,4096,0.3646697998046875,0.3365020751953125,-0.028167724609375,-0.044335566923649594
context-0-regime-1,8,1,0.49,previous,bitmap,4,512,0.3646697998046875,0.34600830078125,-0.0186614990234375,-0.029372913514422283
context-0-regime-1,8,1,0.49,previous,bitmap,4,1024,0.3646697998046875,0.3328094482421875,-0.0318603515625,-0.05014770516607814
context-0-regime-1,8,1,0.49,previous,bitmap,4,4096,0.3646697998046875,0.3097686767578125,-0.054901123046875,-0.08641352643081879
context-0-regime-1,8,1,0.49,previous,bitmap,8,1024,0.3646697998046875,0.3238983154296875,-0.040771484375,-0.06417369166846787
context-0-regime-1,8,1,0.49,previous,bitmap,8,4096,0.3646697998046875,0.3156280517578125,-0.049041748046875,-0.0771909599634939
context-0-regime-1,8,1,0.49,previous,bitmap,32,1024,0.3646697998046875,0.332611083984375,-0.0320587158203125,-0.05045992746835748
context-0-regime-1,8,1,0.49,previous,bitmap,32,4096,0.3646697998046875,0.328338623046875,-0.0363311767578125,-0.057184715517448526
context-0-regime-2,8,1,0.14,current,bitmap,1,256,0.56976318359375,0.5929412841796875,0.0231781005859375,0.053872889771598764
context-0-regime-2,8,1,0.14,current,bitmap,1,512,0.56976318359375,0.6054229736328125,0.0356597900390625,0.0828840970350404
context-0-regime-2,8,1,0.14,current,bitmap,1,1024,0.56976318359375,0.61517333984375,0.04541015625,0.10554688608313234
context-0-regime-2,8,1,0.14,current,bitmap,1,4096,0.56976318359375,0.62969970703125,0.0599365234375,0.13931054050219893
context-0-regime-2,8,1,0.14,current,bitmap,2,512,0.56976318359375,0.579010009765625,0.009246826171875,0.021492410270960383
context-0-regime-2,8,1,0.14,current,bitmap,2,1024,0.56976318359375,0.5771484375,0.00738525390625,0.017165555397928745
context-0-regime-2,8,1,0.14,current,bitmap,2,4096,0.56976318359375,0.5684661865234375,-0.0012969970703125,-0.003014612001702277
context-0-regime-2,8,1,0.14,current,bitmap,4,512,0.56976318359375,0.532135009765625,-0.037628173828125,-0.08745921407291823
context-0-regime-2,8,1,0.14,current,bitmap,4,1024,0.56976318359375,0.5196533203125,-0.05010986328125,-0.11647042133635988
context-0-regime-2,8,1,0.14,current,bitmap,4,4096,0.56976318359375,0.4819488525390625,-0.0878143310546875,-0.20410696552702512
context-0-regime-2,8,1,0.14,current,bitmap,8,1024,0.56976318359375,0.5113525390625,-0.05841064453125,-0.13576393814725485
context-0-regime-2,8,1,0.14,current,bitmap,8,4096,0.56976318359375,0.4644317626953125,-0.1053314208984375,-0.24482196056178185
context-0-regime-2,8,1,0.14,current,bitmap,32,1024,0.56976318359375,0.527099609375,-0.04266357421875,-0.09916300184423332
context-0-regime-2,8,1,0.14,current,bitmap,32,4096,0.56976318359375,0.5120849609375,-0.05767822265625,-0.13406156901688182
context-0-regime-2,8,1,0.14,previous,bitmap,1,256,0.56976318359375,0.58294677734375,0.01318359375,0.03064264434671582
context-0-regime-2,8,1,0.14,previous,bitmap,1,512,0.56976318359375,0.58880615234375,0.01904296875,0.0442615973897007
context-0-regime-2,8,1,0.14,previous,bitmap,1,1024,0.56976318359375,0.5943145751953125,0.0245513916015625,0.057064831891048384
context-0-regime-2,8,1,0.14,previous,bitmap,1,4096,0.56976318359375,0.6042327880859375,0.0344696044921875,0.0801177471981841
context-0-regime-2,8,1,0.14,previous,bitmap,2,512,0.56976318359375,0.5700531005859375,0.0002899169921875,0.0006738544474393926
context-0-regime-2,8,1,0.14,previous,bitmap,2,1024,0.56976318359375,0.565643310546875,-0.004119873046875,-0.009575826358348749
context-0-regime-2,8,1,0.14,previous,bitmap,2,4096,0.56976318359375,0.5539093017578125,-0.0158538818359375,-0.03684919846786783
context-0-regime-2,8,1,0.14,previous,bitmap,4,512,0.56976318359375,0.5314788818359375,-0.0382843017578125,-0.08898425308554403
context-0-regime-2,8,1,0.14,previous,bitmap,4,1024,0.56976318359375,0.5193939208984375,-0.0503692626953125,-0.1170733437367002
context-0-regime-2,8,1,0.14,previous,bitmap,4,4096,0.56976318359375,0.4810333251953125,-0.0887298583984375,-0.20623492693999146
context-0-regime-2,8,1,0.14,previous,bitmap,8,1024,0.56976318359375,0.5118408203125,-0.05792236328125,-0.13462902539367283
context-0-regime-2,8,1,0.14,previous,bitmap,8,4096,0.56976318359375,0.4655914306640625,-0.1041717529296875,-0.2421265427720245
context-0-regime-2,8,1,0.14,previous,bitmap,32,1024,0.56976318359375,0.5280303955078125,-0.0417327880859375,-0.09699957440771745
context-0-regime-2,8,1,0.14,previous,bitmap,32,4096,0.56976318359375,0.5163726806640625,-0.0533905029296875,-0.1240956163994893
context-0-regime-0,9,1,0.89,current,bitmap,1,256,0.08868408203125,0.13623046875,0.04754638671875,0.052173330654343264
context-0-regime-0,9,1,0.89,current,bitmap,1,512,0.08868408203125,0.15850830078125,0.06982421875,0.07661911459379811
context-0-regime-0,9,1,0.89,current,bitmap,1,1024,0.08868408203125,0.1690673828125,0.08038330078125,0.08820574643359458
context-0-regime-0,9,1,0.89,current,bitmap,1,4096,0.08868408203125,0.1749267578125,0.08624267578125,0.09463532248342377
context-0-regime-0,9,1,0.89,current,bitmap,2,512,0.08868408203125,0.1073150634765625,0.0186309814453125,0.020444042595941347
context-0-regime-0,9,1,0.89,current,bitmap,2,1024,0.08868408203125,0.104339599609375,0.015655517578125,0.01717902350813738
context-0-regime-0,9,1,0.89,current,bitmap,2,4096,0.08868408203125,0.0912017822265625,0.0025177001953125,0.002762708458911023
context-0-regime-0,9,1,0.89,current,bitmap,4,512,0.08868408203125,0.078399658203125,-0.010284423828125,-0.01128524546246057
context-0-regime-0,9,1,0.89,current,bitmap,4,1024,0.08868408203125,0.067901611328125,-0.020782470703125,-0.02280490255173806
context-0-regime-0,9,1,0.89,current,bitmap,4,4096,0.08868408203125,0.0435943603515625,-0.0450897216796875,-0.04947759694595133
context-0-regime-0,9,1,0.89,current,bitmap,8,1024,0.08868408203125,0.0596771240234375,-0.0290069580078125,-0.03182975018418066
context-0-regime-0,9,1,0.89,current,bitmap,8,4096,0.08868408203125,0.0358428955078125,-0.0528411865234375,-0.05798339026187138
context-0-regime-0,9,1,0.89,current,bitmap,32,1024,0.08868408203125,0.05859375,-0.03009033203125,-0.033018552005893875
context-0-regime-0,9,1,0.89,current,bitmap,32,4096,0.08868408203125,0.039520263671875,-0.049163818359375,-0.05394816154309834
context-0-regime-0,9,1,0.89,previous,bitmap,1,256,0.08868408203125,0.10394287109375,0.0152587890625,0.016743687629763526
context-0-regime-0,9,1,0.89,previous,bitmap,1,512,0.08868408203125,0.1028900146484375,0.0142059326171875,0.015588373183309856
context-0-regime-0,9,1,0.89,previous,bitmap,1,1024,0.08868408203125,0.0982666015625,0.00958251953125,0.010515035831491493
context-0-regime-0,9,1,0.89,previous,bitmap,1,4096,0.08868408203125,0.083831787109375,-0.004852294921875,-0.00532449266626478
context-0-regime-0,9,1,0.89,previous,bitmap,2,512,0.08868408203125,0.0818634033203125,-0.0068206787109375,-0.007484428370504226
context-0-regime-0,9,1,0.89,previous,bitmap,2,1024,0.08868408203125,0.071929931640625,-0.016754150390625,-0.018384569017480423
context-0-regime-0,9,1,0.89,previous,bitmap,2,4096,0.08868408203125,0.0464019775390625,-0.0422821044921875,-0.0463967584220748
context-0-regime-0,9,1,0.89,previous,bitmap,4,512,0.08868408203125,0.07257080078125,-0.01611328125,-0.017681334137030325
context-0-regime-0,9,1,0.89,previous,bitmap,4,1024,0.08868408203125,0.0604248046875,-0.02825927734375,-0.0310093094903221
context-0-regime-0,9,1,0.89,previous,bitmap,4,4096,0.08868408203125,0.035003662109375,-0.053680419921875,-0.05890429308150824
context-0-regime-0,9,1,0.89,previous,bitmap,8,1024,0.08868408203125,0.057586669921875,-0.031097412109375,-0.034123635389458284
context-0-regime-0,9,1,0.89,previous,bitmap,8,4096,0.08868408203125,0.03314208984375,-0.0555419921875,-0.06094702297233945
context-0-regime-0,9,1,0.89,previous,bitmap,32,1024,0.08868408203125,0.0566558837890625,-0.0320281982421875,-0.035145000334873666
context-0-regime-0,9,1,0.89,previous,bitmap,32,4096,0.08868408203125,0.0367431640625,-0.05194091796875,-0.05699551269171521
context-0-regime-1,9,1,0.49,current,bitmap,1,256,0.4062957763671875,0.4443206787109375,0.03802490234375,0.06404687861420233
context-0-regime-1,9,1,0.49,current,bitmap,1,512,0.4062957763671875,0.4597320556640625,0.053436279296875,0.09000488318897937
context-0-regime-1,9,1,0.49,current,bitmap,1,1024,0.4062957763671875,0.4660797119140625,0.059783935546875,0.10069649695443217
context-0-regime-1,9,1,0.49,current,bitmap,1,4096,0.4062957763671875,0.466766357421875,0.0604705810546875,0.10185304171271425
context-0-regime-1,9,1,0.49,current,bitmap,2,512,0.4062957763671875,0.4315948486328125,0.025299072265625,0.04261224909403993
context-0-regime-1,9,1,0.49,current,bitmap,2,1024,0.4062957763671875,0.4265899658203125,0.020294189453125,0.03418232285589451
context-0-regime-1,9,1,0.49,current,bitmap,2,4096,0.4062957763671875,0.402099609375,-0.0041961669921875,-0.0070677735228352745
context-0-regime-1,9,1,0.49,current,bitmap,4,512,0.4062957763671875,0.376434326171875,-0.0298614501953125,-0.05029684648795918
context-0-regime-1,9,1,0.49,current,bitmap,4,1024,0.4062957763671875,0.364288330078125,-0.0420074462890625,-0.07075483821223871
context-0-regime-1,9,1,0.49,current,bitmap,4,4096,0.4062957763671875,0.35333251953125,-0.0529632568359375,-0.08920815235549617
context-0-regime-1,9,1,0.49,current,bitmap,8,1024,0.4062957763671875,0.36968994140625,-0.0366058349609375,-0.061656686113752635
context-0-regime-1,9,1,0.49,current,bitmap,8,4096,0.4062957763671875,0.365142822265625,-0.0411529541015625,-0.06931558251304315
context-0-regime-1,9,1,0.49,current,bitmap,32,1024,0.4062957763671875,0.3763427734375,-0.0299530029296875,-0.050451052455730006
context-0-regime-1,9,1,0.49,current,bitmap,32,4096,0.4062957763671875,0.3736724853515625,-0.032623291015625,-0.05494872651571625
context-0-regime-1,9,1,0.49,previous,bitmap,1,256,0.4062957763671875,0.430267333984375,0.0239715576171875,0.040376262561361176
context-0-regime-1,9,1,0.49,previous,bitmap,1,512,0.4062957763671875,0.43597412109375,0.0296783447265625,0.049988434552417194
context-0-regime-1,9,1,0.49,previous,bitmap,1,1024,0.4062957763671875,0.4370269775390625,0.030731201171875,0.05176180318178314
context-0-regime-1,9,1,0.49,previous,bitmap,1,4096,0.4062957763671875,0.4322357177734375,0.02593994140625,0.043691690868436606
context-0-regime-1,9,1,0.49,previous,bitmap,2,512,0.4062957763671875,0.4143524169921875,0.008056640625,0.013570125163843816
context-0-regime-1,9,1,0.49,previous,bitmap,2,1024,0.4062957763671875,0.4054412841796875,-0.0008544921875,-0.001439255699195563
context-0-regime-1,9,1,0.49,previous,bitmap,2,4096,0.4062957763671875,0.37548828125,-0.0308074951171875,-0.05189030815492557
context-0-regime-1,9,1,0.49,previous,bitmap,4,512,0.4062957763671875,0.3755035400390625,-0.030792236328125,-0.05186460716029706
context-0-regime-1,9,1,0.49,previous,bitmap,4,1024,0.4062957763671875,0.363006591796875,-0.0432891845703125,-0.07291372176103206
context-0-regime-1,9,1,0.49,previous,bitmap,4,4096,0.4062957763671875,0.352447509765625,-0.0538482666015625,-0.09069881004394875
context-0-regime-1,9,1,0.49,previous,bitmap,8,1024,0.4062957763671875,0.369659423828125,-0.0366363525390625,-0.06170808810300965
context-0-regime-1,9,1,0.49,previous,bitmap,8,4096,0.4062957763671875,0.3649444580078125,-0.041351318359375,-0.06964969544321375
context-0-regime-1,9,1,0.49,previous,bitmap,32,1024,0.4062957763671875,0.3769683837890625,-0.029327392578125,-0.04939731167596184
context-0-regime-1,9,1,0.49,previous,bitmap,32,4096,0.4062957763671875,0.374237060546875,-0.0320587158203125,-0.0539977897144619
context-0-regime-2,9,1,0.14,current,bitmap,1,256,0.585906982421875,0.5979766845703125,0.0120697021484375,0.029147321099565193
context-0-regime-2,9,1,0.14,current,bitmap,1,512,0.585906982421875,0.6031341552734375,0.0172271728515625,0.0416021814429951
context-0-regime-2,9,1,0.14,current,bitmap,1,1024,0.585906982421875,0.60784912109375,0.021942138671875,0.052988429508438406
context-0-regime-2,9,1,0.14,current,bitmap,1,4096,0.585906982421875,0.61578369140625,0.029876708984375,0.07214975311371508
context-0-regime-2,9,1,0.14,current,bitmap,2,512,0.585906982421875,0.5855255126953125,-0.0003814697265625,-0.0009212174810229179
context-0-regime-2,9,1,0.14,current,bitmap,2,1024,0.585906982421875,0.58111572265625,-0.004791259765625,-0.011570491561647911
context-0-regime-2,9,1,0.14,current,bitmap,2,4096,0.585906982421875,0.5735321044921875,-0.0123748779296875,-0.029884295084383616
context-0-regime-2,9,1,0.14,current,bitmap,4,512,0.585906982421875,0.5538482666015625,-0.0320587158203125,-0.07741911710516614
context-0-regime-2,9,1,0.14,current,bitmap,4,1024,0.585906982421875,0.5424652099609375,-0.0434417724609375,-0.10490824673889021
context-0-regime-2,9,1,0.14,current,bitmap,4,4096,0.585906982421875,0.5203857421875,-0.065521240234375,-0.1582283145404968
context-0-regime-2,9,1,0.14,current,bitmap,8,1024,0.585906982421875,0.5398712158203125,-0.0460357666015625,-0.11117252560984592
context-0-regime-2,9,1,0.14,current,bitmap,8,4096,0.585906982421875,0.5114593505859375,-0.0744476318359375,-0.17978480359643312
context-0-regime-2,9,1,0.14,current,bitmap,32,1024,0.585906982421875,0.539276123046875,-0.046630859375,-0.11260962488024173
context-0-regime-2,9,1,0.14,current,bitmap,32,4096,0.585906982421875,0.5278167724609375,-0.0580902099609375,-0.1402829980101703
context-0-regime-2,9,1,0.14,previous,bitmap,1,256,0.585906982421875,0.5886383056640625,0.0027313232421875,0.00659591716412411
context-0-regime-2,9,1,0.14,previous,bitmap,1,512,0.585906982421875,0.5880279541015625,0.0021209716796875,0.005121969194487486
context-0-regime-2,9,1,0.14,previous,bitmap,1,1024,0.585906982421875,0.5882110595703125,0.0023040771484375,0.0055641535853784285
context-0-regime-2,9,1,0.14,previous,bitmap,1,4096,0.585906982421875,0.5915679931640625,0.0056610107421875,0.013670867418380084
context-0-regime-2,9,1,0.14,previous,bitmap,2,512,0.585906982421875,0.576324462890625,-0.00958251953125,-0.023140983123295822
context-0-regime-2,9,1,0.14,previous,bitmap,2,1024,0.585906982421875,0.5696563720703125,-0.0162506103515625,-0.03924386469157648
context-0-regime-2,9,1,0.14,previous,bitmap,2,4096,0.585906982421875,0.5600128173828125,-0.0258941650390625,-0.06253224261183576
context-0-regime-2,9,1,0.14,previous,bitmap,4,512,0.585906982421875,0.5532684326171875,-0.0326385498046875,-0.07881936767632092
context-0-regime-2,9,1,0.14,previous,bitmap,4,1024,0.585906982421875,0.5412139892578125,-0.0446929931640625,-0.1079298400766453
context-0-regime-2,9,1,0.14,previous,bitmap,4,4096,0.585906982421875,0.5189208984375,-0.066986083984375,-0.16176578966762478
context-0-regime-2,9,1,0.14,previous,bitmap,8,1024,0.585906982421875,0.5394287109375,-0.046478271484375,-0.11224113788783252
context-0-regime-2,9,1,0.14,previous,bitmap,8,4096,0.585906982421875,0.510101318359375,-0.0758056640625,-0.18306433782887455
context-0-regime-2,9,1,0.14,previous,bitmap,32,1024,0.585906982421875,0.5369720458984375,-0.0489349365234375,-0.11817377846562027
context-0-regime-2,9,1,0.14,previous,bitmap,32,4096,0.585906982421875,0.5269317626953125,-0.0589752197265625,-0.1424202225661435
context-0-regime-0,10,1,0.89,current,bitmap,1,256,0.0663299560546875,0.085601806640625,0.0192718505859375,0.020640964879308332
context-0-regime-0,10,1,0.89,current,bitmap,1,512,0.0663299560546875,0.106719970703125,0.0403900146484375,0.043259409370965396
context-0-regime-0,10,1,0.89,current,bitmap,1,1024,0.0663299560546875,0.1237640380859375,0.05743408203125,0.061514324470084536
context-0-regime-0,10,1,0.89,current,bitmap,1,4096,0.0663299560546875,0.1398162841796875,0.073486328125,0.07870695713281795
context-0-regime-0,10,1,0.89,current,bitmap,2,512,0.0663299560546875,0.0848388671875,0.0185089111328125,0.019823824543627078
context-0-regime-0,10,1,0.89,current,bitmap,2,1024,0.0663299560546875,0.090057373046875,0.0237274169921875,0.025413064439686828
context-0-regime-0,10,1,0.89,current,bitmap,2,4096,0.0663299560546875,0.0901947021484375,0.02386474609375,0.025560149700109447
context-0-regime-0,10,1,0.89,current,bitmap,4,512,0.0663299560546875,0.057952880859375,-0.0083770751953125,-0.008972200885780213
context-0-regime-0,10,1,0.89,current,bitmap,4,1024,0.0663299560546875,0.0489501953125,-0.0173797607421875,-0.01861445684681895
context-0-regime-0,10,1,0.89,current,bitmap,4,4096,0.0663299560546875,0.0260772705078125,-0.040252685546875,-0.043112324110542666
context-0-regime-0,10,1,0.89,current,bitmap,8,1024,0.0663299560546875,0.044921875,-0.0214080810546875,-0.02292895781921578
context-0-regime-0,10,1,0.89,current,bitmap,8,4096,0.0663299560546875,0.0195159912109375,-0.04681396484375,-0.05013973099740143
context-0-regime-0,10,1,0.89,current,bitmap,32,1024,0.0663299560546875,0.0458984375,-0.0204315185546875,-0.021883018189543968
context-0-regime-0,10,1,0.89,current,bitmap,32,4096,0.0663299560546875,0.0230712890625,-0.0432586669921875,-0.04633185703312681
context-0-regime-0,10,1,0.89,previous,bitmap,1,256,0.0663299560546875,0.0691680908203125,0.002838134765625,0.0030397620487342403
context-0-regime-0,10,1,0.89,previous,bitmap,1,512,0.0663299560546875,0.069610595703125,0.0032806396484375,0.0035137034434293835
context-0-regime-0,10,1,0.89,previous,bitmap,1,1024,0.0663299560546875,0.0660247802734375,-0.00030517578125,-0.000326856134272413
context-0-regime-0,10,1,0.89,previous,bitmap,1,4096,0.0663299560546875,0.0552978515625,-0.0110321044921875,-0.01181584925395085
context-0-regime-0,10,1,0.89,previous,bitmap,2,512,0.0663299560546875,0.0637359619140625,-0.002593994140625,-0.0027782771413162877
context-0-regime-0,10,1,0.89,previous,bitmap,2,1024,0.0663299560546875,0.05694580078125,-0.0093841552734375,-0.01005082612887942
context-0-regime-0,10,1,0.89,previous,bitmap,2,4096,0.0663299560546875,0.035369873046875,-0.0309600830078125,-0.033159554821945214
context-0-regime-0,10,1,0.89,previous,bitmap,4,512,0.0663299560546875,0.0550537109375,-0.0112762451171875,-0.012077334161368913
context-0-regime-0,10,1,0.89,previous,bitmap,4,1024,0.0663299560546875,0.044708251953125,-0.0216217041015625,-0.023157757113206667
context-0-regime-0,10,1,0.89,previous,bitmap,4,4096,0.0663299560546875,0.0209197998046875,-0.04541015625,-0.048636192779748066
context-0-regime-0,10,1,0.89,previous,bitmap,8,1024,0.0663299560546875,0.0430755615234375,-0.02325439453125,-0.0249064374315644
context-0-regime-0,10,1,0.89,previous,bitmap,8,4096,0.0663299560546875,0.01812744140625,-0.0482025146484375,-0.05162692640834132
context-0-regime-0,10,1,0.89,previous,bitmap,32,1024,0.0663299560546875,0.0444183349609375,-0.02191162109375,-0.023468270440765604
context-0-regime-0,10,1,0.89,previous,bitmap,32,4096,0.0663299560546875,0.0246124267578125,-0.041717529296875,-0.044681233555050826
context-0-regime-1,10,1,0.49,current,bitmap,1,256,0.28302001953125,0.3538970947265625,0.0708770751953125,0.09885502681535707
context-0-regime-1,10,1,0.49,current,bitmap,1,512,0.28302001953125,0.382659912109375,0.099639892578125,0.13897165233676678
context-0-regime-1,10,1,0.49,current,bitmap,1,1024,0.28302001953125,0.3964080810546875,0.1133880615234375,0.15814676087511703
context-0-regime-1,10,1,0.49,current,bitmap,1,4096,0.28302001953125,0.40960693359375,0.1265869140625,0.1765557163531114
context-0-regime-1,10,1,0.49,current,bitmap,2,512,0.28302001953125,0.3255157470703125,0.0424957275390625,0.059270452030305565
context-0-regime-1,10,1,0.49,current,bitmap,2,1024,0.28302001953125,0.31951904296875,0.0364990234375,0.05090661445475442
context-0-regime-1,10,1,0.49,current,bitmap,2,4096,0.28302001953125,0.3007659912109375,0.0177459716796875,0.024751000255384348
context-0-regime-1,10,1,0.49,current,bitmap,4,512,0.28302001953125,0.2547454833984375,-0.0282745361328125,-0.03943560057887119
context-0-regime-1,10,1,0.49,current,bitmap,4,1024,0.28302001953125,0.23736572265625,-0.045654296875,-0.06367583212735162
context-0-regime-1,10,1,0.49,current,bitmap,4,4096,0.28302001953125,0.2004547119140625,-0.0825653076171875,-0.11515706137737292
context-0-regime-1,10,1,0.49,current,bitmap,8,1024,0.28302001953125,0.240234375,-0.04278564453125,-0.05967481058993784
context-0-regime-1,10,1,0.49,current,bitmap,8,4096,0.28302001953125,0.2231292724609375,-0.0598907470703125,-0.0835319656082405
context-0-regime-1,10,1,0.49,current,bitmap,32,1024,0.28302001953125,0.2489776611328125,-0.0340423583984375,-0.047480207712607525
context-0-regime-1,10,1,0.49,current,bitmap,32,4096,0.28302001953125,0.2381439208984375,-0.0448760986328125,-0.06259044862518093
context-0-regime-1,10,1,0.49,previous,bitmap,1,256,0.28302001953125,0.327911376953125,0.044891357421875,0.06261173065463521
context-0-regime-1,10,1,0.49,previous,bitmap,1,512,0.28302001953125,0.3388519287109375,0.0558319091796875,0.07787094577338893
context-0-regime-1,10,1,0.49,previous,bitmap,1,1024,0.28302001953125,0.34136962890625,0.058349609375,0.08138248063335318
context-0-regime-1,10,1,0.49,previous,bitmap,1,4096,0.28302001953125,0.341339111328125,0.058319091796875,0.0813399165744445
context-0-regime-1,10,1,0.49,previous,bitmap,2,512,0.28302001953125,0.2980499267578125,0.0150299072265625,0.020962799012513855
context-0-regime-1,10,1,0.49,previous,bitmap,2,1024,0.28302001953125,0.285003662109375,0.001983642578125,0.0027666638290627654
context-0-regime-1,10,1,0.49,previous,bitmap,2,4096,0.28302001953125,0.25616455078125,-0.02685546875,-0.037456371839618585
context-0-regime-1,10,1,0.49,previous,bitmap,4,512,0.28302001953125,0.2543487548828125,-0.0286712646484375,-0.039988933344683675
context-0-regime-1,10,1,0.49,previous,bitmap,4,1024,0.28302001953125,0.2371978759765625,-0.0458221435546875,-0.06390993445134918
context-0-regime-1,10,1,0.49,previous,bitmap,4,4096,0.28302001953125,0.198638916015625,-0.084381103515625,-0.117689622882438
context-0-regime-1,10,1,0.49,previous,bitmap,8,1024,0.28302001953125,0.2404632568359375,-0.0425567626953125,-0.05935558014812292
context-0-regime-1,10,1,0.49,previous,bitmap,8,4096,0.28302001953125,0.220916748046875,-0.062103271484375,-0.08661785987911808
context-0-regime-1,10,1,0.49,previous,bitmap,32,1024,0.28302001953125,0.2496795654296875,-0.0333404541015625,-0.046501234357708254
context-0-regime-1,10,1,0.49,previous,bitmap,32,4096,0.28302001953125,0.2352142333984375,-0.0478057861328125,-0.06667659828041206
context-0-regime-2,10,1,0.14,current,bitmap,1,256,0.5053863525390625,0.54376220703125,0.0383758544921875,0.0775875366342742
context-0-regime-2,10,1,0.14,current,bitmap,1,512,0.5053863525390625,0.5717315673828125,0.06634521484375,0.13413543112756443
context-0-regime-2,10,1,0.14,current,bitmap,1,1024,0.5053863525390625,0.591766357421875,0.0863800048828125,0.17464136973623323
context-0-regime-2,10,1,0.14,current,bitmap,1,4096,0.5053863525390625,0.6177520751953125,0.11236572265625,0.22717877525836805
context-0-regime-2,10,1,0.14,current,bitmap,2,512,0.5053863525390625,0.5326995849609375,0.027313232421875,0.05522134814129265
context-0-regime-2,10,1,0.14,current,bitmap,2,1024,0.5053863525390625,0.5350799560546875,0.029693603515625,0.060033934906678965
context-0-regime-2,10,1,0.14,current,bitmap,2,4096,0.5053863525390625,0.5323333740234375,0.026947021484375,0.054480950177386966
context-0-regime-2,10,1,0.14,current,bitmap,4,512,0.5053863525390625,0.460205078125,-0.0451812744140625,-0.09134659879685336
context-0-regime-2,10,1,0.14,current,bitmap,4,1024,0.5053863525390625,0.4421539306640625,-0.063232421875,-0.12784204843436675
context-0-regime-2,10,1,0.14,current,bitmap,4,4096,0.5053863525390625,0.394256591796875,-0.1111297607421875,-0.22467993213018667
context-0-regime-2,10,1,0.14,current,bitmap,8,1024,0.5053863525390625,0.4395294189453125,-0.06585693359375,-0.13314823384235686
context-0-regime-2,10,1,0.14,current,bitmap,8,4096,0.5053863525390625,0.3964691162109375,-0.108917236328125,-0.22020669443159036
context-0-regime-2,10,1,0.14,current,bitmap,32,1024,0.5053863525390625,0.4599151611328125,-0.04547119140625,-0.09193274718494515
context-0-regime-2,10,1,0.14,current,bitmap,32,4096,0.5053863525390625,0.4502716064453125,-0.05511474609375,-0.11142989356779265
context-0-regime-2,10,1,0.14,previous,bitmap,1,256,0.5053863525390625,0.5274810791015625,0.0220947265625,0.04467067715563777
context-0-regime-2,10,1,0.14,previous,bitmap,1,512,0.5053863525390625,0.5455474853515625,0.0401611328125,0.08119697670831405
context-0-regime-2,10,1,0.14,previous,bitmap,1,1024,0.5053863525390625,0.5584869384765625,0.0531005859375,0.1073577047663119
context-0-regime-2,10,1,0.14,previous,bitmap,1,4096,0.5053863525390625,0.5753021240234375,0.069915771484375,0.14135431127564402
context-0-regime-2,10,1,0.14,previous,bitmap,2,512,0.5053863525390625,0.517120361328125,0.0117340087890625,0.023723584760141914
context-0-regime-2,10,1,0.14,previous,bitmap,2,1024,0.5053863525390625,0.513641357421875,0.0082550048828125,0.016689804103038663
context-0-regime-2,10,1,0.14,previous,bitmap,2,4096,0.5053863525390625,0.5058746337890625,0.00048828125,0.000987197285207464
context-0-regime-2,10,1,0.14,previous,bitmap,4,512,0.5053863525390625,0.461181640625,-0.0442047119140625,-0.08937220422643843
context-0-regime-2,10,1,0.14,previous,bitmap,4,1024,0.5053863525390625,0.4419403076171875,-0.063446044921875,-0.12827394724664498
context-0-regime-2,10,1,0.14,previous,bitmap,4,4096,0.5053863525390625,0.3931427001953125,-0.11224365234375,-0.22693197593706627
context-0-regime-2,10,1,0.14,previous,bitmap,8,1024,0.5053863525390625,0.4394073486328125,-0.06597900390625,-0.13339503316365886
context-0-regime-2,10,1,0.14,previous,bitmap,8,4096,0.5053863525390625,0.394683837890625,-0.1107025146484375,-0.2238161345056302
context-0-regime-2,10,1,0.14,previous,bitmap,32,1024,0.5053863525390625,0.4589691162109375,-0.046417236328125,-0.09384544192503474
context-0-regime-2,10,1,0.14,previous,bitmap,32,4096,0.5053863525390625,0.4498138427734375,-0.055572509765625,-0.11235539102267467
context-0-regime-0,11,1,0.89,current,bitmap,1,256,0.12664794921875,0.165771484375,0.03912353515625,0.04479698092109863
context-0-regime-0,11,1,0.89,current,bitmap,1,512,0.12664794921875,0.1868896484375,0.06024169921875,0.06897756656649656
context-0-regime-0,11,1,0.89,current,bitmap,1,1024,0.12664794921875,0.1966705322265625,0.0700225830078125,0.08017681179677127
context-0-regime-0,11,1,0.89,current,bitmap,1,4096,0.12664794921875,0.205841064453125,0.079193115234375,0.0906771961702425
context-0-regime-0,11,1,0.89,current,bitmap,2,512,0.12664794921875,0.1328887939453125,0.0062408447265625,0.007145852260814878
context-0-regime-0,11,1,0.89,current,bitmap,2,1024,0.12664794921875,0.1293792724609375,0.0027313232421875,0.003127402334195284
context-0-regime-0,11,1,0.89,current,bitmap,2,4096,0.12664794921875,0.11273193359375,-0.013916015625,-0.015934027535117856
context-0-regime-0,11,1,0.89,current,bitmap,4,512,0.12664794921875,0.106292724609375,-0.020355224609375,-0.02330700957439369
context-0-regime-0,11,1,0.89,current,bitmap,4,1024,0.12664794921875,0.094573974609375,-0.032073974609375,-0.03672513802501931
context-0-regime-0,11,1,0.89,current,bitmap,4,4096,0.12664794921875,0.0697174072265625,-0.0569305419921875,-0.06518624641833815
context-0-regime-0,11,1,0.89,current,bitmap,8,1024,0.12664794921875,0.0839385986328125,-0.0427093505859375,-0.048902788454818547
context-0-regime-0,11,1,0.89,current,bitmap,8,4096,0.12664794921875,0.059112548828125,-0.067535400390625,-0.07732895380529747
context-0-regime-0,11,1,0.89,current,bitmap,32,1024,0.12664794921875,0.09735107421875,-0.029296875,-0.03354532112656372
context-0-regime-0,11,1,0.89,current,bitmap,32,4096,0.12664794921875,0.08770751953125,-0.0389404296875,-0.04458732266405763
context-0-regime-0,11,1,0.89,previous,bitmap,1,256,0.12664794921875,0.1334686279296875,0.0068206787109375,0.007809770074778122
context-0-regime-0,11,1,0.89,previous,bitmap,1,512,0.12664794921875,0.1299285888671875,0.0032806396484375,0.003756377105318287
context-0-regime-0,11,1,0.89,previous,bitmap,1,1024,0.12664794921875,0.125823974609375,-0.000823974609375,-0.0009434621566846157
context-0-regime-0,11,1,0.89,previous,bitmap,1,4096,0.12664794921875,0.1149444580078125,-0.0117034912109375,-0.013400656929205335
context-0-regime-0,11,1,0.89,previous,bitmap,2,512,0.12664794921875,0.107391357421875,-0.019256591796875,-0.022049060032147683
context-0-regime-0,11,1,0.89,previous,bitmap,2,1024,0.12664794921875,0.0941009521484375,-0.0325469970703125,-0.03726675518904177
context-0-regime-0,11,1,0.89,previous,bitmap,2,4096,0.12664794921875,0.0627899169921875,-0.0638580322265625,-0.07311831714305672
context-0-regime-0,11,1,0.89,previous,bitmap,4,512,0.12664794921875,0.1006317138671875,-0.0260162353515625,-0.029788944021245323
context-0-regime-0,11,1,0.89,previous,bitmap,4,1024,0.12664794921875,0.0871124267578125,-0.0395355224609375,-0.045268711999440825
context-0-regime-0,11,1,0.89,previous,bitmap,4,4096,0.12664794921875,0.0615234375,-0.06512451171875,-0.07456845342092389
context-0-regime-0,11,1,0.89,previous,bitmap,8,1024,0.12664794921875,0.08062744140625,-0.0460205078125,-0.052694108602977074
context-0-regime-0,11,1,0.89,previous,bitmap,8,4096,0.12664794921875,0.0545196533203125,-0.0721282958984375,-0.08258788175274301
context-0-regime-0,11,1,0.89,previous,bitmap,32,1024,0.12664794921875,0.0941925048828125,-0.0324554443359375,-0.03716192606052138
context-0-regime-0,11,1,0.89,previous,bitmap,32,4096,0.12664794921875,0.0833587646484375,-0.0432891845703125,-0.0495667062687819
context-0-regime-1,11,1,0.49,current,bitmap,1,256,0.402252197265625,0.4425811767578125,0.0403289794921875,0.06746821871649566
context-0-regime-1,11,1,0.49,current,bitmap,1,512,0.402252197265625,0.460235595703125,0.0579833984375,0.09700311431051212
context-0-regime-1,11,1,0.49,current,bitmap,1,1024,0.402252197265625,0.46893310546875,0.066680908203125,0.11155358145708894
context-0-regime-1,11,1,0.49,current,bitmap,1,4096,0.402252197265625,0.4749908447265625,0.0727386474609375,0.12168785418900296
context-0-regime-1,11,1,0.49,current,bitmap,2,512,0.402252197265625,0.4346466064453125,0.0323944091796875,0.05419410833716243
context-0-regime-1,11,1,0.49,current,bitmap,2,1024,0.402252197265625,0.43023681640625,0.027984619140625,0.04681676622249453
context-0-regime-1,11,1,0.49,current,bitmap,2,4096,0.402252197265625,0.41259765625,0.010345458984375,0.01730739776382295
context-0-regime-1,11,1,0.49,current,bitmap,4,512,0.402252197265625,0.38031005859375,-0.021942138671875,-0.036708020625925375
context-0-regime-1,11,1,0.49,current,bitmap,4,1024,0.402252197265625,0.373626708984375,-0.02862548828125,-0.04788890590697914
context-0-regime-1,11,1,0.49,current,bitmap,4,4096,0.402252197265625,0.3650054931640625,-0.0372467041015625,-0.0623117373768316
context-0-regime-1,11,1,0.49,current,bitmap,8,1024,0.402252197265625,0.37493896484375,-0.027313232421875,-0.04569357226732018
context-0-regime-1,11,1,0.49,current,bitmap,8,4096,0.402252197265625,0.37255859375,-0.029693603515625,-0.04967580538112015
context-0-regime-1,11,1,0.49,current,bitmap,32,1024,0.402252197265625,0.385711669921875,-0.01654052734375,-0.027671414713840825
context-0-regime-1,11,1,0.49,current,bitmap,32,4096,0.402252197265625,0.38507080078125,-0.017181396484375,-0.028743554398325433
context-0-regime-1,11,1,0.49,previous,bitmap,1,256,0.402252197265625,0.4295654296875,0.027313232421875,0.04569357226732018
context-0-regime-1,11,1,0.49,previous,bitmap,1,512,0.402252197265625,0.43890380859375,0.036651611328125,0.06131617909838161
context-0-regime-1,11,1,0.49,previous,bitmap,1,1024,0.402252197265625,0.4417724609375,0.039520263671875,0.06611528054321747
context-0-regime-1,11,1,0.49,previous,bitmap,1,4096,0.402252197265625,0.4424591064453125,0.0402069091796875,0.06726400163373669
context-0-regime-1,11,1,0.49,previous,bitmap,2,512,0.402252197265625,0.416900634765625,0.0146484375,0.024506049931076745
context-0-regime-1,11,1,0.49,previous,bitmap,2,1024,0.402252197265625,0.4089813232421875,0.0067291259765625,0.01125746668708838
context-0-regime-1,11,1,0.49,previous,bitmap,2,4096,0.402252197265625,0.386932373046875,-0.01531982421875,-0.025629243886251096
context-0-regime-1,11,1,0.49,previous,bitmap,4,512,0.402252197265625,0.37896728515625,-0.023284912109375,-0.03895440853627408
context-0-regime-1,11,1,0.49,previous,bitmap,4,1024,0.402252197265625,0.3724212646484375,-0.0298309326171875,-0.049905549599224
context-0-regime-1,11,1,0.49,previous,bitmap,4,4096,0.402252197265625,0.3641815185546875,-0.0380706787109375,-0.06369020268545467
context-0-regime-1,11,1,0.49,previous,bitmap,8,1024,0.402252197265625,0.375030517578125,-0.0272216796875,-0.04554040945525095
context-0-regime-1,11,1,0.49,previous,bitmap,8,4096,0.402252197265625,0.372406005859375,-0.02984619140625,-0.04993107673456887
context-0-regime-1,11,1,0.49,previous,bitmap,32,1024,0.402252197265625,0.3859405517578125,-0.0163116455078125,-0.02728850768366775
context-0-regime-1,11,1,0.49,previous,bitmap,32,4096,0.402252197265625,0.3851470947265625,-0.0171051025390625,-0.028615918721601075
context-0-regime-2,11,1,0.14,current,bitmap,1,256,0.565887451171875,0.576812744140625,0.01092529296875,0.02516695957820736
context-0-regime-2,11,1,0.14,current,bitmap,1,512,0.565887451171875,0.582000732421875,0.01611328125,0.03711775043936727
context-0-regime-2,11,1,0.14,current,bitmap,1,1024,0.565887451171875,0.5887298583984375,0.0228424072265625,0.052618629173989406
context-0-regime-2,11,1,0.14,current,bitmap,1,4096,0.565887451171875,0.599609375,0.033721923828125,0.07768014059753958
context-0-regime-2,11,1,0.14,current,bitmap,2,512,0.565887451171875,0.5658111572265625,-7.62939453125e-05,-0.00017574692442878792
context-0-regime-2,11,1,0.14,current,bitmap,2,1024,0.565887451171875,0.564453125,-0.001434326171875,-0.0033040421792618346
context-0-regime-2,11,1,0.14,current,bitmap,2,4096,0.565887451171875,0.56072998046875,-0.005157470703125,-0.011880492091388417
context-0-regime-2,11,1,0.14,current,bitmap,4,512,0.565887451171875,0.5410919189453125,-0.0247955322265625,-0.0571177504393674
context-0-regime-2,11,1,0.14,current,bitmap,4,1024,0.565887451171875,0.5337982177734375,-0.0320892333984375,-0.07391915641476277
context-0-regime-2,11,1,0.14,current,bitmap,4,4096,0.565887451171875,0.5161895751953125,-0.0496978759765625,-0.11448154657293497
context-0-regime-2,11,1,0.14,current,bitmap,8,1024,0.565887451171875,0.5297393798828125,-0.0361480712890625,-0.0832688927943761
context-0-regime-2,11,1,0.14,current,bitmap,8,4096,0.565887451171875,0.49615478515625,-0.069732666015625,-0.1606326889279437
context-0-regime-2,11,1,0.14,current,bitmap,32,1024,0.565887451171875,0.5371246337890625,-0.0287628173828125,-0.06625659050966615
context-0-regime-2,11,1,0.14,current,bitmap,32,4096,0.565887451171875,0.516204833984375,-0.0496826171875,-0.11444639718804916
context-0-regime-2,11,1,0.14,previous,bitmap,1,256,0.565887451171875,0.569122314453125,0.00323486328125,0.007451669595782029
context-0-regime-2,11,1,0.14,previous,bitmap,1,512,0.565887451171875,0.5697784423828125,0.0038909912109375,0.00896309314586996
context-0-regime-2,11,1,0.14,previous,bitmap,1,1024,0.565887451171875,0.572845458984375,0.0069580078125,0.01602811950790861
context-0-regime-2,11,1,0.14,previous,bitmap,1,4096,0.565887451171875,0.5793304443359375,0.0134429931640625,0.03096660808435847
context-0-regime-2,11,1,0.14,previous,bitmap,2,512,0.565887451171875,0.5582427978515625,-0.0076446533203125,-0.017609841827767925
context-0-regime-2,11,1,0.14,previous,bitmap,2,1024,0.565887451171875,0.55517578125,-0.010711669921875,-0.024674868189806576
context-0-regime-2,11,1,0.14,previous,bitmap,2,4096,0.565887451171875,0.5500946044921875,-0.0157928466796875,-0.036379613356766205
context-0-regime-2,11,1,0.14,previous,bitmap,4,512,0.565887451171875,0.541107177734375,-0.0247802734375,-0.057082601054481596
context-0-regime-2,11,1,0.14,previous,bitmap,4,1024,0.565887451171875,0.5334930419921875,-0.0323944091796875,-0.07462214411247814
context-0-regime-2,11,1,0.14,previous,bitmap,4,4096,0.565887451171875,0.5162811279296875,-0.0496063232421875,-0.11427065026362038
context-0-regime-2,11,1,0.14,previous,bitmap,8,1024,0.565887451171875,0.5307159423828125,-0.0351715087890625,-0.08101933216168722
context-0-regime-2,11,1,0.14,previous,bitmap,8,4096,0.565887451171875,0.496826171875,-0.069061279296875,-0.15908611599297018
context-0-regime-2,11,1,0.14,previous,bitmap,32,1024,0.565887451171875,0.5355682373046875,-0.0303192138671875,-0.06984182776801395
context-0-regime-2,11,1,0.14,previous,bitmap,32,4096,0.565887451171875,0.5145263671875,-0.051361083984375,-0.11831282952548339
context-0-regime-0,12,1,0.89,current,bitmap,1,256,0.1288299560546875,0.18017578125,0.0513458251953125,0.05893892421137448
context-0-regime-0,12,1,0.89,current,bitmap,1,512,0.1288299560546875,0.2006378173828125,0.071807861328125,0.08242691748550612
context-0-regime-0,12,1,0.89,current,bitmap,1,1024,0.1288299560546875,0.2105712890625,0.0817413330078125,0.09382936612194137
context-0-regime-0,12,1,0.89,current,bitmap,1,4096,0.1288299560546875,0.22015380859375,0.0913238525390625,0.10482896327045343
context-0-regime-0,12,1,0.89,current,bitmap,2,512,0.1288299560546875,0.1380157470703125,0.009185791015625,0.010544199814337962
context-0-regime-0,12,1,0.89,current,bitmap,2,1024,0.1288299560546875,0.1290435791015625,0.000213623046875,0.00024521394917065287
context-0-regime-0,12,1,0.89,current,bitmap,2,4096,0.1288299560546875,0.0998077392578125,-0.029022216796875,-0.033314066523041364
context-0-regime-0,12,1,0.89,current,bitmap,4,512,0.1288299560546875,0.1089019775390625,-0.019927978515625,-0.022874958401205125
context-0-regime-0,12,1,0.89,current,bitmap,4,1024,0.1288299560546875,0.094024658203125,-0.0348052978515625,-0.03995235843273259
context-0-regime-0,12,1,0.89,current,bitmap,4,4096,0.1288299560546875,0.0626373291015625,-0.066192626953125,-0.07598129367873474
context-0-regime-0,12,1,0.89,current,bitmap,8,1024,0.1288299560546875,0.0916900634765625,-0.037139892578125,-0.04263219659152617
context-0-regime-0,12,1,0.89,current,bitmap,8,4096,0.1288299560546875,0.0665283203125,-0.0623016357421875,-0.07151489674741218
context-0-regime-0,12,1,0.89,current,bitmap,32,1024,0.1288299560546875,0.1094970703125,-0.0193328857421875,-0.022191862399943973
context-0-regime-0,12,1,0.89,current,bitmap,32,4096,0.1288299560546875,0.1030426025390625,-0.025787353515625,-0.029600826721314366
context-0-regime-0,12,1,0.89,previous,bitmap,1,256,0.1288299560546875,0.1376190185546875,0.0087890625,0.010088802480163972
context-0-regime-0,12,1,0.89,previous,bitmap,1,512,0.1288299560546875,0.1338043212890625,0.004974365234375,0.005709981959259425
context-0-regime-0,12,1,0.89,previous,bitmap,1,1024,0.1288299560546875,0.129791259765625,0.0009613037109375,0.001103462771267938
context-0-regime-0,12,1,0.89,previous,bitmap,1,4096,0.1288299560546875,0.118408203125,-0.0104217529296875,-0.011962937663110962
context-0-regime-0,12,1,0.89,previous,bitmap,2,512,0.1288299560546875,0.10821533203125,-0.0206146240234375,-0.02366314609496789
context-0-regime-0,12,1,0.89,previous,bitmap,2,1024,0.1288299560546875,0.09307861328125,-0.0357513427734375,-0.04103830592191682
context-0-regime-0,12,1,0.89,previous,bitmap,2,4096,0.1288299560546875,0.04827880859375,-0.0805511474609375,-0.09246317411941929
context-0-regime-0,12,1,0.89,previous,bitmap,4,512,0.1288299560546875,0.100677490234375,-0.0281524658203125,-0.03231569544427515
context-0-regime-0,12,1,0.89,previous,bitmap,4,1024,0.1288299560546875,0.085540771484375,-0.0432891845703125,-0.04969085527122408
context-0-regime-0,12,1,0.89,previous,bitmap,4,4096,0.1288299560546875,0.049896240234375,-0.0789337158203125,-0.09060655421855568
context-0-regime-0,12,1,0.89,previous,bitmap,8,1024,0.1288299560546875,0.086944580078125,-0.0418853759765625,-0.04807944931953134
context-0-regime-0,12,1,0.89,previous,bitmap,8,4096,0.1288299560546875,0.0620269775390625,-0.066802978515625,-0.0766819049620795
context-0-regime-0,12,1,0.89,previous,bitmap,32,1024,0.1288299560546875,0.1069793701171875,-0.0218505859375,-0.025081883943741
context-0-regime-0,12,1,0.89,previous,bitmap,32,4096,0.1288299560546875,0.1001739501953125,-0.028656005859375,-0.03289369975303447
context-0-regime-1,12,1,0.49,current,bitmap,1,256,0.3989410400390625,0.43060302734375,0.0316619873046875,0.052677007438247325
context-0-regime-1,12,1,0.49,current,bitmap,1,512,0.3989410400390625,0.451171875,0.0522308349609375,0.0868980223909015
context-0-regime-1,12,1,0.49,current,bitmap,1,1024,0.3989410400390625,0.464202880859375,0.0652618408203125,0.10857810159681147
context-0-regime-1,12,1,0.49,current,bitmap,1,4096,0.3989410400390625,0.476226806640625,0.0772857666015625,0.12858267116854105
context-0-regime-1,12,1,0.49,current,bitmap,2,512,0.3989410400390625,0.4214324951171875,0.022491455078125,0.03741971516336218
context-0-regime-1,12,1,0.49,current,bitmap,2,1024,0.3989410400390625,0.4174957275390625,0.0185546875,0.030869995684293383
context-0-regime-1,12,1,0.49,current,bitmap,2,4096,0.3989410400390625,0.39239501953125,-0.0065460205078125,-0.010890812622172508
context-0-regime-1,12,1,0.49,current,bitmap,4,512,0.3989410400390625,0.3678131103515625,-0.0311279296875,-0.05178847960193944
context-0-regime-1,12,1,0.49,current,bitmap,4,1024,0.3989410400390625,0.360321044921875,-0.0386199951171875,-0.06425325581985741
context-0-regime-1,12,1,0.49,current,bitmap,4,4096,0.3989410400390625,0.347808837890625,-0.0511322021484375,-0.08507019369906832
context-0-regime-1,12,1,0.49,current,bitmap,8,1024,0.3989410400390625,0.3690338134765625,-0.0299072265625,-0.04975755883323596
context-0-regime-1,12,1,0.49,current,bitmap,8,4096,0.3989410400390625,0.3639678955078125,-0.03497314453125,-0.058185880023355674
context-0-regime-1,12,1,0.49,current,bitmap,32,1024,0.3989410400390625,0.3792877197265625,-0.0196533203125,-0.03269782437612645
context-0-regime-1,12,1,0.49,current,bitmap,32,4096,0.3989410400390625,0.375946044921875,-0.0229949951171875,-0.03825746998045232
context-0-regime-1,12,1,0.49,previous,bitmap,1,256,0.3989410400390625,0.4157562255859375,0.016815185546875,0.027975933588890833
context-0-regime-1,12,1,0.49,previous,bitmap,1,512,0.3989410400390625,0.427154541015625,0.0282135009765625,0.04693965626665986
context-0-regime-1,12,1,0.49,previous,bitmap,1,1024,0.3989410400390625,0.4326019287109375,0.033660888671875,0.0560026401969993
context-0-regime-1,12,1,0.49,previous,bitmap,1,4096,0.3989410400390625,0.43865966796875,0.0397186279296875,0.06608108451169048
context-0-regime-1,12,1,0.49,previous,bitmap,2,512,0.3989410400390625,0.4016265869140625,0.002685546875,0.004468025691147681
context-0-regime-1,12,1,0.49,previous,bitmap,2,1024,0.3989410400390625,0.394134521484375,-0.0048065185546875,-0.00799675052677018
context-0-regime-1,12,1,0.49,previous,bitmap,2,4096,0.3989410400390625,0.364227294921875,-0.0347137451171875,-0.05775430936000614
context-0-regime-1,12,1,0.49,previous,bitmap,4,512,0.3989410400390625,0.3676300048828125,-0.03131103515625,-0.05209311771724501
context-0-regime-1,12,1,0.49,previous,bitmap,4,1024,0.3989410400390625,0.3600311279296875,-0.038909912109375,-0.06473559950242436
context-0-regime-1,12,1,0.49,previous,bitmap,4,4096,0.3989410400390625,0.3471221923828125,-0.05181884765625,-0.08621258663146403
context-0-regime-1,12,1,0.49,previous,bitmap,8,1024,0.3989410400390625,0.369384765625,-0.0295562744140625,-0.04917366911223375
context-0-regime-1,12,1,0.49,previous,bitmap,8,4096,0.3989410400390625,0.36456298828125,-0.0343780517578125,-0.05719580614861264
context-0-regime-1,12,1,0.49,previous,bitmap,32,1024,0.3989410400390625,0.38006591796875,-0.0188751220703125,-0.03140311238607807
context-0-regime-1,12,1,0.49,previous,bitmap,32,4096,0.3989410400390625,0.3748931884765625,-0.0240478515625,-0.04000913914345916
context-0-regime-2,12,1,0.14,current,bitmap,1,256,0.5566864013671875,0.5677337646484375,0.01104736328125,0.02491997384091149
context-0-regime-2,12,1,0.14,current,bitmap,1,512,0.5566864013671875,0.5777130126953125,0.021026611328125,0.04743055794582318
context-0-regime-2,12,1,0.14,current,bitmap,1,1024,0.5566864013671875,0.588623046875,0.0319366455078125,0.0720407531063918
context-0-regime-2,12,1,0.14,current,bitmap,1,4096,0.5566864013671875,0.6046905517578125,0.048004150390625,0.10828485870650195
context-0-regime-2,12,1,0.14,current,bitmap,2,512,0.5566864013671875,0.5533294677734375,-0.00335693359375,-0.007572367741713437
context-0-regime-2,12,1,0.14,current,bitmap,2,1024,0.5566864013671875,0.55072021484375,-0.0059661865234375,-0.01345816266822708
context-0-regime-2,12,1,0.14,current,bitmap,2,4096,0.5566864013671875,0.5400238037109375,-0.01666259765625,-0.03758647988159569
context-0-regime-2,12,1,0.14,current,bitmap,4,512,0.5566864013671875,0.523223876953125,-0.0334625244140625,-0.07548273844353415
context-0-regime-2,12,1,0.14,current,bitmap,4,1024,0.5566864013671875,0.5140838623046875,-0.0426025390625,-0.09610023061301765
context-0-regime-2,12,1,0.14,current,bitmap,4,4096,0.5566864013671875,0.4933624267578125,-0.063323974609375,-0.1428423914914123
context-0-regime-2,12,1,0.14,current,bitmap,8,1024,0.5566864013671875,0.5121307373046875,-0.0445556640625,-0.10050597184456
context-0-regime-2,12,1,0.14,current,bitmap,8,4096,0.5566864013671875,0.4766082763671875,-0.080078125,-0.18063539049323651
context-0-regime-2,12,1,0.14,current,bitmap,32,1024,0.5566864013671875,0.5153045654296875,-0.0413818359375,-0.09334664234330359
context-0-regime-2,12,1,0.14,current,bitmap,32,4096,0.5566864013671875,0.4946136474609375,-0.06207275390625,-0.1400199635149555
context-0-regime-2,12,1,0.14,previous,bitmap,1,256,0.5566864013671875,0.557647705078125,0.0009613037109375,0.0021684507623997984
context-0-regime-2,12,1,0.14,previous,bitmap,1,512,0.5566864013671875,0.560882568359375,0.0041961669921875,0.009465459677141741
context-0-regime-2,12,1,0.14,previous,bitmap,1,1024,0.5566864013671875,0.56756591796875,0.0108795166015625,0.02454135545382574
context-0-regime-2,12,1,0.14,previous,bitmap,1,4096,0.5566864013671875,0.5791778564453125,0.022491455078125,0.050734863869479896
context-0-regime-2,12,1,0.14,previous,bitmap,2,512,0.5566864013671875,0.5440216064453125,-0.012664794921875,-0.028568478298282463
context-0-regime-2,12,1,0.14,previous,bitmap,2,1024,0.5566864013671875,0.539581298828125,-0.0171051025390625,-0.03858465562936697
context-0-regime-2,12,1,0.14,previous,bitmap,2,4096,0.5566864013671875,0.5270233154296875,-0.0296630859375,-0.06691219495404943
context-0-regime-2,12,1,0.14,previous,bitmap,4,512,0.5566864013671875,0.5232696533203125,-0.033416748046875,-0.07537947888341989
context-0-regime-2,12,1,0.14,previous,bitmap,4,1024,0.5566864013671875,0.514068603515625,-0.0426177978515625,-0.09613465046638892
context-0-regime-2,12,1,0.14,previous,bitmap,4,4096,0.5566864013671875,0.492034912109375,-0.0646514892578125,-0.14583691873472615
context-0-regime-2,12,1,0.14,previous,bitmap,8,1024,0.5566864013671875,0.51141357421875,-0.0452728271484375,-0.10212370495301681
context-0-regime-2,12,1,0.14,previous,bitmap,8,4096,0.5566864013671875,0.476593017578125,-0.0800933837890625,-0.180669810346608
context-0-regime-2,12,1,0.14,previous,bitmap,32,1024,0.5566864013671875,0.5144500732421875,-0.042236328125,-0.09527415413210338
context-0-regime-2,12,1,0.14,previous,bitmap,32,4096,0.5566864013671875,0.492919921875,-0.0637664794921875,-0.1438405672391836
context-0-regime-0,13,1,0.89,current,bitmap,1,256,0.0466461181640625,0.0770263671875,0.0303802490234375,0.031866707213623724
context-0-regime-0,13,1,0.89,current,bitmap,1,512,0.0466461181640625,0.094146728515625,0.0475006103515625,0.04982474111301394
context-0-regime-0,13,1,0.89,current,bitmap,1,1024,0.0466461181640625,0.1077728271484375,0.061126708984375,0.06411754349461418
context-0-regime-0,13,1,0.89,current,bitmap,1,4096,0.0466461181640625,0.1278839111328125,0.08123779296875,0.08521263144416524
context-0-regime-0,13,1,0.89,current,bitmap,2,512,0.0466461181640625,0.051910400390625,0.0052642822265625,0.005521855343395332
context-0-regime-0,13,1,0.89,current,bitmap,2,1024,0.0466461181640625,0.0520172119140625,0.00537109375,0.005633892988043954
context-0-regime-0,13,1,0.89,current,bitmap,2,4096,0.0466461181640625,0.05364990234375,0.0070037841796875,0.007346468413386931
context-0-regime-0,13,1,0.89,current,bitmap,4,512,0.0466461181640625,0.037017822265625,-0.0096282958984375,-0.010099393396181044
context-0-regime-0,13,1,0.89,current,bitmap,4,1024,0.0466461181640625,0.0308074951171875,-0.015838623046875,-0.016613582163606866
context-0-regime-0,13,1,0.89,current,bitmap,4,4096,0.0466461181640625,0.0145416259765625,-0.0321044921875,-0.03367531490580844
context-0-regime-0,13,1,0.89,current,bitmap,8,1024,0.0466461181640625,0.0295257568359375,-0.017120361328125,-0.017958033899390102
context-0-regime-0,13,1,0.89,current,bitmap,8,4096,0.0466461181640625,0.013336181640625,-0.0333099365234375,-0.03493973975255682
context-0-regime-0,13,1,0.89,current,bitmap,32,1024,0.0466461181640625,0.0284576416015625,-0.0181884765625,-0.019078410345876318
context-0-regime-0,13,1,0.89,current,bitmap,32,4096,0.0466461181640625,0.013671875,-0.0329742431640625,-0.03458762144080407
context-0-regime-0,13,1,0.89,previous,bitmap,1,256,0.0466461181640625,0.052032470703125,0.0053863525390625,0.005649898365850947
context-0-regime-0,13,1,0.89,previous,bitmap,1,512,0.0466461181640625,0.0504150390625,0.0037689208984375,0.003953328318314964
context-0-regime-0,13,1,0.89,previous,bitmap,1,1024,0.0466461181640625,0.047821044921875,0.0011749267578125,0.0012324140911346149
context-0-regime-0,13,1,0.89,previous,bitmap,1,4096,0.0466461181640625,0.041168212890625,-0.0054779052734375,-0.005745930632692575
context-0-regime-0,13,1,0.89,previous,bitmap,2,512,0.0466461181640625,0.03924560546875,-0.0074005126953125,-0.007762608236367319
context-0-regime-0,13,1,0.89,previous,bitmap,2,1024,0.0466461181640625,0.0328216552734375,-0.013824462890625,-0.014500872293090383
context-0-regime-0,13,1,0.89,previous,bitmap,2,4096,0.0466461181640625,0.016082763671875,-0.0305633544921875,-0.03205877174730709
context-0-regime-0,13,1,0.89,previous,bitmap,4,512,0.0466461181640625,0.034942626953125,-0.0117034912109375,-0.012276124777925279
context-0-regime-0,13,1,0.89,previous,bitmap,4,1024,0.0466461181640625,0.028350830078125,-0.0182952880859375,-0.019190447990524717
context-0-regime-0,13,1,0.89,previous,bitmap,4,4096,0.0466461181640625,0.0103302001953125,-0.03631591796875,-0.03809279918052466
context-0-regime-0,13,1,0.89,previous,bitmap,8,1024,0.0466461181640625,0.0276641845703125,-0.01898193359375,-0.019910689991837316
context-0-regime-0,13,1,0.89,previous,bitmap,8,4096,0.0466461181640625,0.011016845703125,-0.0356292724609375,-0.037372557179212285
context-0-regime-0,13,1,0.89,previous,bitmap,32,1024,0.0466461181640625,0.0279388427734375,-0.018707275390625,-0.01962259319131232
context-0-regime-0,13,1,0.89,previous,bitmap,32,4096,0.0466461181640625,0.0113677978515625,-0.0352783203125,-0.03700443348965243
context-0-regime-1,13,1,0.49,current,bitmap,1,256,0.26885986328125,0.3423004150390625,0.0734405517578125,0.10044661490942486
context-0-regime-1,13,1,0.49,current,bitmap,1,512,0.26885986328125,0.3730010986328125,0.1041412353515625,0.14243676433759078
context-0-regime-1,13,1,0.49,current,bitmap,1,1024,0.26885986328125,0.386688232421875,0.117828369140625,0.16115702479338845
context-0-regime-1,13,1,0.49,current,bitmap,1,4096,0.26885986328125,0.4035797119140625,0.1347198486328125,0.1842599549211119
context-0-regime-1,13,1,0.49,current,bitmap,2,512,0.26885986328125,0.313568115234375,0.044708251953125,0.061148676851156214
context-0-regime-1,13,1,0.49,current,bitmap,2,1024,0.26885986328125,0.3090972900390625,0.0402374267578125,0.055033809166040615
context-0-regime-1,13,1,0.49,current,bitmap,2,4096,0.26885986328125,0.29034423828125,0.021484375,0.029384756657483968
context-0-regime-1,13,1,0.49,current,bitmap,4,512,0.26885986328125,0.24151611328125,-0.02734375,-0.03739878120043416
context-0-regime-1,13,1,0.49,current,bitmap,4,1024,0.26885986328125,0.2292327880859375,-0.0396270751953125,-0.05419901494281665
context-0-regime-1,13,1,0.49,current,bitmap,4,4096,0.26885986328125,0.20294189453125,-0.06591796875,-0.09015777610818931
context-0-regime-1,13,1,0.49,current,bitmap,8,1024,0.26885986328125,0.227996826171875,-0.040863037109375,-0.05588947324484517
context-0-regime-1,13,1,0.49,current,bitmap,8,4096,0.26885986328125,0.2130279541015625,-0.0558319091796875,-0.07636280156941311
context-0-regime-1,13,1,0.49,current,bitmap,32,1024,0.26885986328125,0.2401885986328125,-0.0286712646484375,-0.03921445863594619
context-0-regime-1,13,1,0.49,current,bitmap,32,4096,0.26885986328125,0.2212371826171875,-0.0476226806640625,-0.06513481926705067
context-0-regime-1,13,1,0.49,previous,bitmap,1,256,0.26885986328125,0.3125762939453125,0.0437164306640625,0.05979213623841728
context-0-regime-1,13,1,0.49,previous,bitmap,1,512,0.26885986328125,0.3256072998046875,0.0567474365234375,0.07761499290424911
context-0-regime-1,13,1,0.49,previous,bitmap,1,1024,0.26885986328125,0.326080322265625,0.057220458984375,0.0782619584272477
context-0-regime-1,13,1,0.49,previous,bitmap,1,4096,0.26885986328125,0.3268280029296875,0.0579681396484375,0.07928458135069705
context-0-regime-1,13,1,0.49,previous,bitmap,2,512,0.26885986328125,0.281005859375,0.01214599609375,0.016612405042157108
context-0-regime-1,13,1,0.49,previous,bitmap,2,1024,0.26885986328125,0.27032470703125,0.00146484375,0.0020035061357375206
context-0-regime-1,13,1,0.49,previous,bitmap,2,4096,0.26885986328125,0.2396087646484375,-0.0292510986328125,-0.0400075131480091
context-0-regime-1,13,1,0.49,previous,bitmap,4,512,0.26885986328125,0.2408905029296875,-0.0279693603515625,-0.0382544452792386
context-0-regime-1,13,1,0.49,previous,bitmap,4,1024,0.26885986328125,0.227935791015625,-0.040924072265625,-0.05597295266716751
context-0-regime-1,13,1,0.49,previous,bitmap,4,4096,0.26885986328125,0.2017822265625,-0.06707763671875,-0.0917438851323149
context-0-regime-1,13,1,0.49,previous,bitmap,8,1024,0.26885986328125,0.2283477783203125,-0.0405120849609375,-0.05540946656649126
context-0-regime-1,13,1,0.49,previous,bitmap,8,4096,0.26885986328125,0.211151123046875,-0.057708740234375,-0.07892979380582688
context-0-regime-1,13,1,0.49,previous,bitmap,32,1024,0.26885986328125,0.2385711669921875,-0.0302886962890625,-0.04142666332748979
context-0-regime-1,13,1,0.49,previous,bitmap,32,4096,0.26885986328125,0.223419189453125,-0.045440673828125,-0.062150429919024974
context-0-regime-2,13,1,0.14,current,bitmap,1,256,0.4620819091796875,0.5003204345703125,0.038238525390625,0.07108614869656482
context-0-regime-2,13,1,0.14,current,bitmap,1,512,0.4620819091796875,0.5258941650390625,0.063812255859375,0.11862820185516121
context-0-regime-2,13,1,0.14,current,bitmap,1,1024,0.4620819091796875,0.54412841796875,0.0820465087890625,0.1525260261538025
context-0-regime-2,13,1,0.14,current,bitmap,1,4096,0.4620819091796875,0.571929931640625,0.1098480224609375,0.20420957081666813
context-0-regime-2,13,1,0.14,current,bitmap,2,512,0.4620819091796875,0.488433837890625,0.0263519287109375,0.04898873854707397
context-0-regime-2,13,1,0.14,current,bitmap,2,1024,0.4620819091796875,0.488006591796875,0.0259246826171875,0.04819447990241965
context-0-regime-2,13,1,0.14,current,bitmap,2,4096,0.4620819091796875,0.4832916259765625,0.021209716796875,0.03942926843105554
context-0-regime-2,13,1,0.14,current,bitmap,4,512,0.4620819091796875,0.4187164306640625,-0.043365478515625,-0.08061725243241713
context-0-regime-2,13,1,0.14,current,bitmap,4,1024,0.4620819091796875,0.4032745361328125,-0.058807373046875,-0.10932402916063877
context-0-regime-2,13,1,0.14,current,bitmap,4,4096,0.4620819091796875,0.358673095703125,-0.1034088134765625,-0.19223895838652028
context-0-regime-2,13,1,0.14,current,bitmap,8,1024,0.4620819091796875,0.399627685546875,-0.0624542236328125,-0.11610359402036696
context-0-regime-2,13,1,0.14,current,bitmap,8,4096,0.4620819091796875,0.3451995849609375,-0.11688232421875,-0.21728647207329876
context-0-regime-2,13,1,0.14,current,bitmap,32,1024,0.4620819091796875,0.4120025634765625,-0.050079345703125,-0.09309845970555708
context-0-regime-2,13,1,0.14,current,bitmap,32,4096,0.4620819091796875,0.3926849365234375,-0.06939697265625,-0.1290102969960003
context-0-regime-2,13,1,0.14,previous,bitmap,1,256,0.4620819091796875,0.48223876953125,0.0201568603515625,0.03747198819958586
context-0-regime-2,13,1,0.14,previous,bitmap,1,512,0.4620819091796875,0.4960479736328125,0.033966064453125,0.06314356225002127
context-0-regime-2,13,1,0.14,previous,bitmap,1,1024,0.4620819091796875,0.5068359375,0.0447540283203125,0.08319859302754373
context-0-regime-2,13,1,0.14,previous,bitmap,1,4096,0.4620819091796875,0.524383544921875,0.0623016357421875,0.11581993021870474
context-0-regime-2,13,1,0.14,previous,bitmap,2,512,0.4620819091796875,0.46966552734375,0.0075836181640625,0.014098090942614827
context-0-regime-2,13,1,0.14,previous,bitmap,2,1024,0.4620819091796875,0.4654998779296875,0.00341796875,0.0063540691572347985
context-0-regime-2,13,1,0.14,previous,bitmap,2,4096,0.4620819091796875,0.4545135498046875,-0.007568359375,-0.014069724562448593
context-0-regime-2,13,1,0.14,previous,bitmap,4,512,0.4620819091796875,0.4178009033203125,-0.044281005859375,-0.08231923524239071
context-0-regime-2,13,1,0.14,previous,bitmap,4,1024,0.4620819091796875,0.4019927978515625,-0.060089111328125,-0.11170680509460196
context-0-regime-2,13,1,0.14,previous,bitmap,4,4096,0.4620819091796875,0.354766845703125,-0.1073150634765625,-0.19950075170907433
context-0-regime-2,13,1,0.14,previous,bitmap,8,1024,0.4620819091796875,0.3991851806640625,-0.062896728515625,-0.11692621904518763
context-0-regime-2,13,1,0.14,previous,bitmap,8,4096,0.4620819091796875,0.3441925048828125,-0.117889404296875,-0.21915865316426975
context-0-regime-2,13,1,0.14,previous,bitmap,32,1024,0.4620819091796875,0.4105682373046875,-0.051513671875,-0.09576489944118238
context-0-regime-2,13,1,0.14,previous,bitmap,32,4096,0.4620819091796875,0.3967132568359375,-0.06536865234375,-0.12152157263211638
context-0-regime-0,14,1,0.89,current,bitmap,1,256,0.1160888671875,0.1695709228515625,0.0534820556640625,0.06050614556000555
context-0-regime-0,14,1,0.89,current,bitmap,1,512,0.1160888671875,0.195068359375,0.0789794921875,0.08935229940615941
context-0-regime-0,14,1,0.89,current,bitmap,1,1024,0.1160888671875,0.204803466796875,0.088714599609375,0.10036597155089078
context-0-regime-0,14,1,0.89,current,bitmap,1,4096,0.1160888671875,0.212005615234375,0.095916748046875,0.10851401740091149
context-0-regime-0,14,1,0.89,current,bitmap,2,512,0.1160888671875,0.1299896240234375,0.0139007568359375,0.01572641900290017
context-0-regime-0,14,1,0.89,current,bitmap,2,1024,0.1160888671875,0.124298095703125,0.008209228515625,0.009287391244303222
context-0-regime-0,14,1,0.89,current,bitmap,2,4096,0.1160888671875,0.1062469482421875,-0.0098419189453125,-0.01113451180776126
context-0-regime-0,14,1,0.89,current,bitmap,4,512,0.1160888671875,0.09765625,-0.0184326171875,-0.020853473277171686
context-0-regime-0,14,1,0.89,current,bitmap,4,1024,0.1160888671875,0.08172607421875,-0.03436279296875,-0.03887584587764126
context-0-regime-0,14,1,0.89,current,bitmap,4,4096,0.1160888671875,0.05072021484375,-0.06536865234375,-0.0739538737743406
context-0-regime-0,14,1,0.89,current,bitmap,8,1024,0.1160888671875,0.0789031982421875,-0.0371856689453125,-0.04206946554343327
context-0-regime-0,14,1,0.89,current,bitmap,8,4096,0.1160888671875,0.0565643310546875,-0.0595245361328125,-0.06734221792570083
context-0-regime-0,14,1,0.89,current,bitmap,32,1024,0.1160888671875,0.09136962890625,-0.02471923828125,-0.02796575058693551
context-0-regime-0,14,1,0.89,current,bitmap,32,4096,0.1160888671875,0.0836334228515625,-0.0324554443359375,-0.03671799475210613
context-0-regime-0,14,1,0.89,previous,bitmap,1,256,0.1160888671875,0.1225433349609375,0.0064544677734375,0.007302168208810911
context-0-regime-0,14,1,0.89,previous,bitmap,1,512,0.1160888671875,0.1204833984375,0.00439453125,0.00497168899323297
context-0-regime-0,14,1,0.89,previous,bitmap,1,1024,0.1160888671875,0.11328125,-0.0028076171875,-0.003176356856787743
context-0-regime-0,14,1,0.89,previous,bitmap,1,4096,0.1160888671875,0.097412109375,-0.0186767578125,-0.021129678221240233
context-0-regime-0,14,1,0.89,previous,bitmap,2,512,0.1160888671875,0.0955657958984375,-0.0205230712890625,-0.02321847811075828
context-0-regime-0,14,1,0.89,previous,bitmap,2,1024,0.1160888671875,0.080841064453125,-0.035247802734375,-0.039877088799889604
context-0-regime-0,14,1,0.89,previous,bitmap,2,4096,0.1160888671875,0.04315185546875,-0.07293701171875,-0.08251622704046402
context-0-regime-0,14,1,0.89,previous,bitmap,4,512,0.1160888671875,0.08880615234375,-0.02728271484375,-0.030865902499654707
context-0-regime-0,14,1,0.89,previous,bitmap,4,1024,0.1160888671875,0.0722503662109375,-0.0438385009765625,-0.04959605026929981
context-0-regime-0,14,1,0.89,previous,bitmap,4,4096,0.1160888671875,0.039398193359375,-0.076690673828125,-0.08676287805551719
context-0-regime-0,14,1,0.89,previous,bitmap,8,1024,0.1160888671875,0.0746002197265625,-0.0414886474609375,-0.04693757768264062
context-0-regime-0,14,1,0.89,previous,bitmap,8,4096,0.1160888671875,0.0518646240234375,-0.0642242431640625,-0.07265916309901943
context-0-regime-0,14,1,0.89,previous,bitmap,32,1024,0.1160888671875,0.090850830078125,-0.025238037109375,-0.028552686093081148
context-0-regime-0,14,1,0.89,previous,bitmap,32,4096,0.1160888671875,0.081939697265625,-0.034149169921875,-0.03863416655158125
context-0-regime-1,14,1,0.49,current,bitmap,1,256,0.3833465576171875,0.4231719970703125,0.039825439453125,0.06458317868012764
context-0-regime-1,14,1,0.49,current,bitmap,1,512,0.3833465576171875,0.445892333984375,0.0625457763671875,0.10142775839457596
context-0-regime-1,14,1,0.49,current,bitmap,1,1024,0.3833465576171875,0.4561614990234375,0.07281494140625,0.11808081557914529
context-0-regime-1,14,1,0.49,current,bitmap,1,4096,0.3833465576171875,0.466552734375,0.0832061767578125,0.13493182886694877
context-0-regime-1,14,1,0.49,current,bitmap,2,512,0.3833465576171875,0.4188079833984375,0.03546142578125,0.05750624798950832
context-0-regime-1,14,1,0.49,current,bitmap,2,1024,0.3833465576171875,0.415985107421875,0.0326385498046875,0.052928513102219577
context-0-regime-1,14,1,0.49,current,bitmap,2,4096,0.3833465576171875,0.3967437744140625,0.013397216796875,0.02172568232994332
context-0-regime-1,14,1,0.49,current,bitmap,4,512,0.3833465576171875,0.3604888916015625,-0.022857666015625,-0.037067280330586705
context-0-regime-1,14,1,0.49,current,bitmap,4,1024,0.3833465576171875,0.3535919189453125,-0.029754638671875,-0.048251800163313874
context-0-regime-1,14,1,0.49,current,bitmap,4,4096,0.3833465576171875,0.3470458984375,-0.0363006591796875,-0.058867196199242855
context-0-regime-1,14,1,0.49,current,bitmap,8,1024,0.3833465576171875,0.36358642578125,-0.0197601318359375,-0.03204414421102131
context-0-regime-1,14,1,0.49,current,bitmap,8,4096,0.3833465576171875,0.361602783203125,-0.0217437744140625,-0.035260930888575404
context-0-regime-1,14,1,0.49,current,bitmap,32,1024,0.3833465576171875,0.37054443359375,-0.0128021240234375,-0.020760646326676957
context-0-regime-1,14,1,0.49,current,bitmap,32,4096,0.3833465576171875,0.3697357177734375,-0.01361083984375,-0.022072105510603013
context-0-regime-1,14,1,0.49,previous,bitmap,1,256,0.3833465576171875,0.4062652587890625,0.022918701171875,0.037166258382203776
context-0-regime-1,14,1,0.49,previous,bitmap,1,512,0.3833465576171875,0.418060302734375,0.0347137451171875,0.056293766857199445
context-0-regime-1,14,1,0.49,previous,bitmap,1,1024,0.3833465576171875,0.421478271484375,0.0381317138671875,0.06183653774775444
context-0-regime-1,14,1,0.49,previous,bitmap,1,4096,0.3833465576171875,0.42547607421875,0.0421295166015625,0.06831960012867144
context-0-regime-1,14,1,0.49,previous,bitmap,2,512,0.3833465576171875,0.39739990234375,0.0140533447265625,0.02278969638482664
context-0-regime-1,14,1,0.49,previous,bitmap,2,1024,0.3833465576171875,0.3895263671875,0.0061798095703125,0.010021527726226664
context-0-regime-1,14,1,0.49,previous,bitmap,2,4096,0.3833465576171875,0.3653411865234375,-0.01800537109375,-0.029198525227030814
context-0-regime-1,14,1,0.49,previous,bitmap,4,512,0.3833465576171875,0.3601531982421875,-0.023193359375,-0.03761165961448043
context-0-regime-1,14,1,0.49,previous,bitmap,4,1024,0.3833465576171875,0.35260009765625,-0.0307464599609375,-0.04986019350209081
context-0-regime-1,14,1,0.49,previous,bitmap,4,4096,0.3833465576171875,0.3457794189453125,-0.037567138671875,-0.06092099077029678
context-0-regime-1,14,1,0.49,previous,bitmap,8,1024,0.3833465576171875,0.3637542724609375,-0.01959228515625,-0.03177195456907422
context-0-regime-1,14,1,0.49,previous,bitmap,8,4096,0.3833465576171875,0.360870361328125,-0.0224761962890625,-0.03644866750798004
context-0-regime-1,14,1,0.49,previous,bitmap,32,1024,0.3833465576171875,0.3701171875,-0.0132293701171875,-0.021453492687996345
context-0-regime-1,14,1,0.49,previous,bitmap,32,4096,0.3833465576171875,0.3685302734375,-0.0148162841796875,-0.024026922030039755
context-0-regime-2,14,1,0.14,current,bitmap,1,256,0.53173828125,0.54388427734375,0.01214599609375,0.025938477580813357
context-0-regime-2,14,1,0.14,current,bitmap,1,512,0.53173828125,0.5542449951171875,0.0225067138671875,0.04806438998957252
context-0-regime-2,14,1,0.14,current,bitmap,1,1024,0.53173828125,0.5642852783203125,0.0325469970703125,0.06950599582898853
context-0-regime-2,14,1,0.14,current,bitmap,1,4096,0.53173828125,0.57965087890625,0.04791259765625,0.10232012513034416
context-0-regime-2,14,1,0.14,current,bitmap,2,512,0.53173828125,0.5355377197265625,0.0037994384765625,0.0081139207507821
context-0-regime-2,14,1,0.14,current,bitmap,2,1024,0.53173828125,0.5347747802734375,0.0030364990234375,0.006484619395203284
context-0-regime-2,14,1,0.14,current,bitmap,2,4096,0.53173828125,0.528106689453125,-0.003631591796875,-0.007755474452554756
context-0-regime-2,14,1,0.14,current,bitmap,4,512,0.53173828125,0.50616455078125,-0.02557373046875,-0.05461418143899888
context-0-regime-2,14,1,0.14,current,bitmap,4,1024,0.53173828125,0.497100830078125,-0.034637451171875,-0.07397028154327434
context-0-regime-2,14,1,0.14,current,bitmap,4,4096,0.53173828125,0.4736175537109375,-0.0581207275390625,-0.12412017726798741
context-0-regime-2,14,1,0.14,current,bitmap,8,1024,0.53173828125,0.49444580078125,-0.03729248046875,-0.07964025026068833
context-0-regime-2,14,1,0.14,current,bitmap,8,4096,0.53173828125,0.4576568603515625,-0.0740814208984375,-0.1582051616266944
context-0-regime-2,14,1,0.14,current,bitmap,32,1024,0.53173828125,0.493682861328125,-0.038055419921875,-0.08126955161626692
context-0-regime-2,14,1,0.14,current,bitmap,32,4096,0.53173828125,0.4728546142578125,-0.0588836669921875,-0.12574947862356622
context-0-regime-2,14,1,0.14,previous,bitmap,1,256,0.53173828125,0.5327911376953125,0.0010528564453125,0.002248435870698673
context-0-regime-2,14,1,0.14,previous,bitmap,1,512,0.53173828125,0.5365753173828125,0.0048370361328125,0.010329770594369125
context-0-regime-2,14,1,0.14,previous,bitmap,1,1024,0.53173828125,0.541717529296875,0.009979248046875,0.021311261730969755
context-0-regime-2,14,1,0.14,previous,bitmap,1,4096,0.53173828125,0.5505523681640625,0.0188140869140625,0.0401785714285714
context-0-regime-2,14,1,0.14,previous,bitmap,2,512,0.53173828125,0.5253448486328125,-0.0063934326171875,-0.01365354535974972
context-0-regime-2,14,1,0.14,previous,bitmap,2,1024,0.53173828125,0.522216796875,-0.009521484375,-0.020333680917622443
context-0-regime-2,14,1,0.14,previous,bitmap,2,4096,0.53173828125,0.5135955810546875,-0.0181427001953125,-0.03874478623566224
context-0-regime-2,14,1,0.14,previous,bitmap,4,512,0.53173828125,0.5052337646484375,-0.0265045166015625,-0.05660192909280504
context-0-regime-2,14,1,0.14,previous,bitmap,4,1024,0.53173828125,0.495819091796875,-0.035919189453125,-0.0767075078206465
context-0-regime-2,14,1,0.14,previous,bitmap,4,4096,0.53173828125,0.4709320068359375,-0.0608062744140625,-0.1298553180396247
context-0-regime-2,14,1,0.14,previous,bitmap,8,1024,0.53173828125,0.493438720703125,-0.038299560546875,-0.08179092805005217
context-0-regime-2,14,1,0.14,previous,bitmap,8,4096,0.53173828125,0.457733154296875,-0.074005126953125,-0.1580422314911365
context-0-regime-2,14,1,0.14,previous,bitmap,32,1024,0.53173828125,0.4942169189453125,-0.0375213623046875,-0.08012904066736182
context-0-regime-2,14,1,0.14,previous,bitmap,32,4096,0.53173828125,0.4705047607421875,-0.0612335205078125,-0.1307677267987486
context-0-regime-0,15,1,0.89,current,bitmap,1,256,0.121490478515625,0.1793060302734375,0.0578155517578125,0.06581095633445655
context-0-regime-0,15,1,0.89,current,bitmap,1,512,0.121490478515625,0.2118072509765625,0.0903167724609375,0.10280682252405604
context-0-regime-0,15,1,0.89,current,bitmap,1,1024,0.121490478515625,0.2255859375,0.104095458984375,0.1184909855142946
context-0-regime-0,15,1,0.89,current,bitmap,1,4096,0.121490478515625,0.2428436279296875,0.1213531494140625,0.13813526939243403
context-0-regime-0,15,1,0.89,current,bitmap,2,512,0.121490478515625,0.1487579345703125,0.0272674560546875,0.031038315906485536
context-0-regime-0,15,1,0.89,current,bitmap,2,1024,0.121490478515625,0.1456146240234375,0.0241241455078125,0.02746031194636467
context-0-regime-0,15,1,0.89,current,bitmap,2,4096,0.121490478515625,0.1320953369140625,0.0106048583984375,0.012071421127592297
context-0-regime-0,15,1,0.89,current,bitmap,4,512,0.121490478515625,0.1165771484375,-0.004913330078125,-0.005592802306596756
context-0-regime-0,15,1,0.89,current,bitmap,4,1024,0.121490478515625,0.10614013671875,-0.015350341796875,-0.01747316497029905
context-0-regime-0,15,1,0.89,current,bitmap,4,4096,0.121490478515625,0.086090087890625,-0.035400390625,-0.04029596692951687
context-0-regime-0,15,1,0.89,current,bitmap,8,1024,0.121490478515625,0.1022491455078125,-0.0192413330078125,-0.021902247542293418
context-0-regime-0,15,1,0.89,current,bitmap,8,4096,0.121490478515625,0.0823211669921875,-0.0391693115234375,-0.044586097891409215
context-0-regime-0,15,1,0.89,current,bitmap,32,1024,0.121490478515625,0.1036834716796875,-0.0178070068359375,-0.020269566123597427
context-0-regime-0,15,1,0.89,current,bitmap,32,4096,0.121490478515625,0.099945068359375,-0.02154541015625,-0.0245249591829646
context-0-regime-0,15,1,0.89,previous,bitmap,1,256,0.121490478515625,0.1324920654296875,0.0110015869140625,0.012523013860423093
context-0-regime-0,15,1,0.89,previous,bitmap,1,512,0.121490478515625,0.1331024169921875,0.0116119384765625,0.013217771910931986
context-0-regime-0,15,1,0.89,previous,bitmap,1,1024,0.121490478515625,0.129791259765625,0.00830078125,0.009448709486921225
context-0-regime-0,15,1,0.89,previous,bitmap,1,4096,0.121490478515625,0.1239166259765625,0.0024261474609375,0.0027616632507728722
context-0-regime-0,15,1,0.89,previous,bitmap,2,512,0.121490478515625,0.109649658203125,-0.0118408203125,-0.01347830617987289
context-0-regime-0,15,1,0.89,previous,bitmap,2,1024,0.121490478515625,0.0964202880859375,-0.0250701904296875,-0.028537186924653568
context-0-regime-0,15,1,0.89,previous,bitmap,2,4096,0.121490478515625,0.063079833984375,-0.05841064453125,-0.06648834543370263
context-0-regime-0,15,1,0.89,previous,bitmap,4,512,0.121490478515625,0.1055755615234375,-0.0159149169921875,-0.01811581616701985
context-0-regime-0,15,1,0.89,previous,bitmap,4,1024,0.121490478515625,0.0947723388671875,-0.0267181396484375,-0.030413033661027544
context-0-regime-0,15,1,0.89,previous,bitmap,4,4096,0.121490478515625,0.0739898681640625,-0.0475006103515625,-0.054069545280855946
context-0-regime-0,15,1,0.89,previous,bitmap,8,1024,0.121490478515625,0.09356689453125,-0.027923583984375,-0.03178518081078274
context-0-regime-0,15,1,0.89,previous,bitmap,8,4096,0.121490478515625,0.0751953125,-0.046295166015625,-0.05269739813110075
context-0-regime-0,15,1,0.89,previous,bitmap,32,1024,0.121490478515625,0.100677490234375,-0.02081298828125,-0.023691249522353797
context-0-regime-0,15,1,0.89,previous,bitmap,32,4096,0.121490478515625,0.097564697265625,-0.02392578125,-0.02723451557994938
context-0-regime-1,15,1,0.49,current,bitmap,1,256,0.35247802734375,0.393218994140625,0.040740966796875,0.06291827693467811
context-0-regime-1,15,1,0.49,current,bitmap,1,512,0.35247802734375,0.41845703125,0.06597900390625,0.10189461777735886
context-0-regime-1,15,1,0.49,current,bitmap,1,1024,0.35247802734375,0.43109130859375,0.07861328125,0.12140635309642756
context-0-regime-1,15,1,0.49,current,bitmap,1,4096,0.35247802734375,0.4446258544921875,0.0921478271484375,0.1423084173814686
context-0-regime-1,15,1,0.49,current,bitmap,2,512,0.35247802734375,0.3890228271484375,0.0365447998046875,0.05643793005938358
context-0-regime-1,15,1,0.49,current,bitmap,2,1024,0.35247802734375,0.389068603515625,0.036590576171875,0.05650862475256857
context-0-regime-1,15,1,0.49,current,bitmap,2,4096,0.35247802734375,0.3758087158203125,0.0233306884765625,0.03603072862663781
context-0-regime-1,15,1,0.49,current,bitmap,4,512,0.35247802734375,0.333465576171875,-0.019012451171875,-0.02936186256951645
context-0-regime-1,15,1,0.49,current,bitmap,4,1024,0.35247802734375,0.3275299072265625,-0.0249481201171875,-0.03852860778584222
context-0-regime-1,15,1,0.49,current,bitmap,4,4096,0.35247802734375,0.3187408447265625,-0.0337371826171875,-0.052101988877368166
context-0-regime-1,15,1,0.49,current,bitmap,8,1024,0.35247802734375,0.3338775634765625,-0.0186004638671875,-0.02872561033085108
context-0-regime-1,15,1,0.49,current,bitmap,8,4096,0.35247802734375,0.3303375244140625,-0.0221405029296875,-0.03419266660382703
context-0-regime-1,15,1,0.49,current,bitmap,32,1024,0.35247802734375,0.3432769775390625,-0.0092010498046875,-0.014209633330191318
context-0-regime-1,15,1,0.49,current,bitmap,32,4096,0.35247802734375,0.3380889892578125,-0.0143890380859375,-0.022221698557828296
context-0-regime-1,15,1,0.49,previous,bitmap,1,256,0.35247802734375,0.3743743896484375,0.0218963623046875,0.03381562824017348
context-0-regime-1,15,1,0.49,previous,bitmap,1,512,0.35247802734375,0.3872833251953125,0.0348052978515625,0.05375153171835234
context-0-regime-1,15,1,0.49,previous,bitmap,1,1024,0.35247802734375,0.3925628662109375,0.0400848388671875,0.0619049863323593
context-0-regime-1,15,1,0.49,previous,bitmap,1,4096,0.35247802734375,0.3977203369140625,0.0452423095703125,0.06986992176453954
context-0-regime-1,15,1,0.49,previous,bitmap,2,512,0.35247802734375,0.364593505859375,0.012115478515625,0.01871052879630497
context-0-regime-1,15,1,0.49,previous,bitmap,2,1024,0.35247802734375,0.3603973388671875,0.0079193115234375,0.012230181921010441
context-0-regime-1,15,1,0.49,previous,bitmap,2,4096,0.35247802734375,0.339447021484375,-0.013031005859375,-0.020124422660005692
context-0-regime-1,15,1,0.49,previous,bitmap,4,512,0.35247802734375,0.3319549560546875,-0.0205230712890625,-0.03169478744462251
context-0-regime-1,15,1,0.49,previous,bitmap,4,1024,0.35247802734375,0.3261260986328125,-0.0263519287109375,-0.04069657837684981
context-0-regime-1,15,1,0.49,previous,bitmap,4,4096,0.35247802734375,0.3172149658203125,-0.0352630615234375,-0.0544584786502027
context-0-regime-1,15,1,0.49,previous,bitmap,8,1024,0.35247802734375,0.3348236083984375,-0.0176544189453125,-0.027264586671693847
context-0-regime-1,15,1,0.49,previous,bitmap,8,4096,0.35247802734375,0.3323516845703125,-0.0201263427734375,-0.031082100103685617
context-0-regime-1,15,1,0.49,previous,bitmap,32,1024,0.35247802734375,0.343048095703125,-0.009429931640625,-0.014563106796116498
context-0-regime-1,15,1,0.49,previous,bitmap,32,4096,0.35247802734375,0.341094970703125,-0.011383056640625,-0.017579413705344438
context-0-regime-2,15,1,0.14,current,bitmap,1,256,0.479766845703125,0.5000152587890625,0.0202484130859375,0.03892180442306559
context-0-regime-2,15,1,0.14,current,bitmap,1,512,0.479766845703125,0.513916015625,0.034149169921875,0.06564204845427346
context-0-regime-2,15,1,0.14,current,bitmap,1,1024,0.479766845703125,0.5252838134765625,0.0455169677734375,0.08749340059834576
context-0-regime-2,15,1,0.14,current,bitmap,1,4096,0.479766845703125,0.5425567626953125,0.0627899169921875,0.12069572358772807
context-0-regime-2,15,1,0.14,current,bitmap,2,512,0.479766845703125,0.4908599853515625,0.0110931396484375,0.021323400011732274
context-0-regime-2,15,1,0.14,current,bitmap,2,1024,0.479766845703125,0.49163818359375,0.011871337890625,0.02281926438669557
context-0-regime-2,15,1,0.14,current,bitmap,2,4096,0.479766845703125,0.484893798828125,0.005126953125,0.009855106470346708
context-0-regime-2,15,1,0.14,current,bitmap,4,512,0.479766845703125,0.4543609619140625,-0.0254058837890625,-0.04883557224145019
context-0-regime-2,15,1,0.14,current,bitmap,4,1024,0.479766845703125,0.4493560791015625,-0.0304107666015625,-0.05845603331964577
context-0-regime-2,15,1,0.14,current,bitmap,4,4096,0.479766845703125,0.421051025390625,-0.0587158203125,-0.11286443362468468
context-0-regime-2,15,1,0.14,current,bitmap,8,1024,0.479766845703125,0.448944091796875,-0.03082275390625,-0.05924796151815559
context-0-regime-2,15,1,0.14,current,bitmap,8,4096,0.479766845703125,0.40924072265625,-0.070526123046875,-0.1355663753153047
context-0-regime-2,15,1,0.14,current,bitmap,32,1024,0.479766845703125,0.448486328125,-0.031280517578125,-0.0601278817387223
context-0-regime-2,15,1,0.14,current,bitmap,32,4096,0.479766845703125,0.4278717041015625,-0.0518951416015625,-0.09975362233824137
context-0-regime-2,15,1,0.14,previous,bitmap,1,256,0.479766845703125,0.486236572265625,0.0064697265625,0.012436205784008947
context-0-regime-2,15,1,0.14,previous,bitmap,1,512,0.479766845703125,0.4922637939453125,0.0124969482421875,0.024021822021470074
context-0-regime-2,15,1,0.14,previous,bitmap,1,1024,0.479766845703125,0.4974822998046875,0.0177154541015625,0.034052912535930124
context-0-regime-2,15,1,0.14,previous,bitmap,1,4096,0.479766845703125,0.5080413818359375,0.0282745361328125,0.05434973895700124
context-0-regime-2,15,1,0.14,previous,bitmap,2,512,0.479766845703125,0.476898193359375,-0.00286865234375,-0.005514166715551161
context-0-regime-2,15,1,0.14,previous,bitmap,2,1024,0.479766845703125,0.4738311767578125,-0.0059356689453125,-0.011409632193347896
context-0-regime-2,15,1,0.14,previous,bitmap,2,4096,0.479766845703125,0.4649200439453125,-0.0148468017578125,-0.028538745820378963
context-0-regime-2,15,1,0.14,previous,bitmap,4,512,0.479766845703125,0.453399658203125,-0.0263671875,-0.050683404704640056
context-0-regime-2,15,1,0.14,previous,bitmap,4,1024,0.479766845703125,0.4480743408203125,-0.0316925048828125,-0.06091980993723234
context-0-regime-2,15,1,0.14,previous,bitmap,4,4096,0.479766845703125,0.4188232421875,-0.060943603515625,-0.11714671203144245
context-0-regime-2,15,1,0.14,previous,bitmap,8,1024,0.479766845703125,0.4490203857421875,-0.0307464599609375,-0.05910130814806114
context-0-regime-2,15,1,0.14,previous,bitmap,8,4096,0.479766845703125,0.4094390869140625,-0.0703277587890625,-0.1351850765530591
context-0-regime-2,15,1,0.14,previous,bitmap,32,1024,0.479766845703125,0.449432373046875,-0.03033447265625,-0.05830937994955132
context-0-regime-2,15,1,0.14,previous,bitmap,32,4096,0.479766845703125,0.4293670654296875,-0.0503997802734375,-0.09687921628439011
context-0-regime-0,16,1,0.89,current,bitmap,1,256,0.087921142578125,0.13665771484375,0.048736572265625,0.05343460367383812
context-0-regime-0,16,1,0.89,current,bitmap,1,512,0.087921142578125,0.162322998046875,0.07440185546875,0.08157392846388056
context-0-regime-0,16,1,0.89,current,bitmap,1,1024,0.087921142578125,0.1760101318359375,0.0880889892578125,0.09658045303978313
context-0-regime-0,16,1,0.89,current,bitmap,1,4096,0.087921142578125,0.1893310546875,0.101409912109375,0.11118546525245088
context-0-regime-0,16,1,0.89,current,bitmap,2,512,0.087921142578125,0.111907958984375,0.02398681640625,0.02629905979188274
context-0-regime-0,16,1,0.89,current,bitmap,2,1024,0.087921142578125,0.1108245849609375,0.0229034423828125,0.02511125238397971
context-0-regime-0,16,1,0.89,current,bitmap,2,4096,0.087921142578125,0.09832763671875,0.010406494140625,0.011409642988590374
context-0-regime-0,16,1,0.89,current,bitmap,4,512,0.087921142578125,0.0855865478515625,-0.0023345947265625,-0.002559641315622141
context-0-regime-0,16,1,0.89,current,bitmap,4,1024,0.087921142578125,0.0746917724609375,-0.0132293701171875,-0.014504634121859095
context-0-regime-0,16,1,0.89,current,bitmap,4,4096,0.087921142578125,0.049163818359375,-0.03875732421875,-0.04249339177568845
context-0-regime-0,16,1,0.89,current,bitmap,8,1024,0.087921142578125,0.068634033203125,-0.019287109375,-0.021146317797035463
context-0-regime-0,16,1,0.89,current,bitmap,8,4096,0.087921142578125,0.0482940673828125,-0.0396270751953125,-0.043446983638371295
context-0-regime-0,16,1,0.89,current,bitmap,32,1024,0.087921142578125,0.0713958740234375,-0.0165252685546875,-0.01811824539097273
context-0-regime-0,16,1,0.89,current,bitmap,32,4096,0.087921142578125,0.0594329833984375,-0.0284881591796875,-0.03123431592331105
context-0-regime-0,16,1,0.89,previous,bitmap,1,256,0.087921142578125,0.09625244140625,0.008331298828125,0.009134406263592854
context-0-regime-0,16,1,0.89,previous,bitmap,1,512,0.087921142578125,0.0937652587890625,0.0058441162109375,0.006407468129956184
context-0-regime-0,16,1,0.89,previous,bitmap,1,1024,0.087921142578125,0.09051513671875,0.002593994140625,0.0028440459062468726
context-0-regime-0,16,1,0.89,previous,bitmap,1,4096,0.087921142578125,0.0789947509765625,-0.0089263916015625,-0.009786863853849415
context-0-regime-0,16,1,0.89,previous,bitmap,2,512,0.087921142578125,0.0794525146484375,-0.0084686279296875,-0.00928497339980594
context-0-regime-0,16,1,0.89,previous,bitmap,2,1024,0.087921142578125,0.0695648193359375,-0.0183563232421875,-0.02012580720714685
context-0-regime-0,16,1,0.89,previous,bitmap,2,4096,0.087921142578125,0.0374298095703125,-0.0504913330078125,-0.05535851708100514
context-0-regime-0,16,1,0.89,previous,bitmap,4,512,0.087921142578125,0.07598876953125,-0.011932373046875,-0.013082611168735658
context-0-regime-0,16,1,0.89,previous,bitmap,4,1024,0.087921142578125,0.06475830078125,-0.023162841796875,-0.02539565697460433
context-0-regime-0,16,1,0.89,previous,bitmap,4,4096,0.087921142578125,0.037628173828125,-0.05029296875,-0.05514103121758618
context-0-regime-0,16,1,0.89,previous,bitmap,8,1024,0.087921142578125,0.0613555908203125,-0.0265655517578125,-0.02912637601632806
context-0-regime-0,16,1,0.89,previous,bitmap,8,4096,0.087921142578125,0.0408782958984375,-0.0470428466796875,-0.05157760899387687
context-0-regime-0,16,1,0.89,previous,bitmap,32,1024,0.087921142578125,0.065765380859375,-0.02215576171875,-0.02429149797570851
context-0-regime-0,16,1,0.89,previous,bitmap,32,4096,0.087921142578125,0.053802490234375,-0.03411865234375,-0.03740756850804705
context-0-regime-1,16,1,0.49,current,bitmap,1,256,0.3121490478515625,0.3683013916015625,0.05615234375,0.0816344639410812
context-0-regime-1,16,1,0.49,current,bitmap,1,512,0.3121490478515625,0.3994293212890625,0.0872802734375,0.12688835156059364
context-0-regime-1,16,1,0.49,current,bitmap,1,1024,0.3121490478515625,0.4144134521484375,0.102264404296875,0.14867233079704523
context-0-regime-1,16,1,0.49,current,bitmap,1,4096,0.3121490478515625,0.4343109130859375,0.122161865234375,0.17759932562834135
context-0-regime-1,16,1,0.49,current,bitmap,2,512,0.3121490478515625,0.3603973388671875,0.048248291015625,0.07014352581024419
context-0-regime-1,16,1,0.49,current,bitmap,2,1024,0.3121490478515625,0.363067626953125,0.0509185791015625,0.07402559950309462
context-0-regime-1,16,1,0.49,current,bitmap,2,4096,0.3121490478515625,0.353271484375,0.0411224365234375,0.05978393486989508
context-0-regime-1,16,1,0.49,current,bitmap,4,512,0.3121490478515625,0.29412841796875,-0.0180206298828125,-0.026198451607178486
context-0-regime-1,16,1,0.49,current,bitmap,4,1024,0.3121490478515625,0.2856597900390625,-0.0264892578125,-0.0385101710330753
context-0-regime-1,16,1,0.49,current,bitmap,4,4096,0.3121490478515625,0.2670135498046875,-0.045135498046875,-0.06561813704829289
context-0-regime-1,16,1,0.49,current,bitmap,8,1024,0.3121490478515625,0.28326416015625,-0.0288848876953125,-0.041992945717518104
context-0-regime-1,16,1,0.49,current,bitmap,8,4096,0.3121490478515625,0.26898193359375,-0.0431671142578125,-0.06275649415470608
context-0-regime-1,16,1,0.49,current,bitmap,32,1024,0.3121490478515625,0.2901763916015625,-0.02197265625,-0.031943920672597104
context-0-regime-1,16,1,0.49,current,bitmap,32,4096,0.3121490478515625,0.2699432373046875,-0.042205810546875,-0.06135894762528005
context-0-regime-1,16,1,0.49,previous,bitmap,1,256,0.3121490478515625,0.3413238525390625,0.0291748046875,0.0424144280041705
context-0-regime-1,16,1,0.49,previous,bitmap,1,512,0.3121490478515625,0.354949951171875,0.0428009033203125,0.06222409547682961
context-0-regime-1,16,1,0.49,previous,bitmap,1,1024,0.3121490478515625,0.3582611083984375,0.046112060546875,0.06703786685596402
context-0-regime-1,16,1,0.49,previous,bitmap,1,4096,0.3121490478515625,0.3656005859375,0.0534515380859375,0.07770802369174112
context-0-regime-1,16,1,0.49,previous,bitmap,2,512,0.3121490478515625,0.3319244384765625,0.019775390625,0.028749528605337304
context-0-regime-1,16,1,0.49,previous,bitmap,2,1024,0.3121490478515625,0.3262939453125,0.0141448974609375,0.02056389893298427
context-0-regime-1,16,1,0.49,previous,bitmap,2,4096,0.3121490478515625,0.3074798583984375,-0.004669189453125,-0.006788083142926782
context-0-regime-1,16,1,0.49,previous,bitmap,4,512,0.3121490478515625,0.2921600341796875,-0.019989013671875,-0.0290600945007653
context-0-regime-1,16,1,0.49,previous,bitmap,4,1024,0.3121490478515625,0.283660888671875,-0.0284881591796875,-0.041416180483151877
context-0-regime-1,16,1,0.49,previous,bitmap,4,4096,0.3121490478515625,0.263916015625,-0.0482330322265625,-0.07012134253199931
context-0-regime-1,16,1,0.49,previous,bitmap,8,1024,0.3121490478515625,0.2822723388671875,-0.029876708984375,-0.043434858803433896
context-0-regime-1,16,1,0.49,previous,bitmap,8,4096,0.3121490478515625,0.2722930908203125,-0.03985595703125,-0.057942722775571776
context-0-regime-1,16,1,0.49,previous,bitmap,32,1024,0.3121490478515625,0.2880859375,-0.0240631103515625,-0.03498302979214274
context-0-regime-1,16,1,0.49,previous,bitmap,32,4096,0.3121490478515625,0.2656402587890625,-0.0465087890625,-0.06761463209033036
context-0-regime-2,16,1,0.14,current,bitmap,1,256,0.447998046875,0.4794921875,0.031494140625,0.05705440070765144
context-0-regime-2,16,1,0.14,current,bitmap,1,512,0.447998046875,0.5036773681640625,0.0556793212890625,0.1008679787704555
context-0-regime-2,16,1,0.14,current,bitmap,1,1024,0.447998046875,0.517730712890625,0.069732666015625,0.1263268465280849
context-0-regime-2,16,1,0.14,current,bitmap,1,4096,0.447998046875,0.5406494140625,0.0926513671875,0.16784608580274218
context-0-regime-2,16,1,0.14,current,bitmap,2,512,0.447998046875,0.472869873046875,0.024871826171875,0.045057496682883724
context-0-regime-2,16,1,0.14,current,bitmap,2,1024,0.447998046875,0.4739227294921875,0.0259246826171875,0.04696483856700573
context-0-regime-2,16,1,0.14,current,bitmap,2,4096,0.447998046875,0.469482421875,0.021484375,0.03892083149049097
context-0-regime-2,16,1,0.14,current,bitmap,4,512,0.447998046875,0.4151458740234375,-0.0328521728515625,-0.059514595311809027
context-0-regime-2,16,1,0.14,current,bitmap,4,1024,0.447998046875,0.402374267578125,-0.045623779296875,-0.08265148164528968
context-0-regime-2,16,1,0.14,current,bitmap,4,4096,0.447998046875,0.3607177734375,-0.0872802734375,-0.1581158779301195
context-0-regime-2,16,1,0.14,current,bitmap,8,1024,0.447998046875,0.39501953125,-0.052978515625,-0.09597523219814241
context-0-regime-2,16,1,0.14,current,bitmap,8,4096,0.447998046875,0.327301025390625,-0.120697021484375,-0.21865325077399378
context-0-regime-2,16,1,0.14,current,bitmap,32,1024,0.447998046875,0.3953704833984375,-0.0526275634765625,-0.09533945157010182
context-0-regime-2,16,1,0.14,current,bitmap,32,4096,0.447998046875,0.3562469482421875,-0.0917510986328125,-0.16621517027863786
context-0-regime-2,16,1,0.14,previous,bitmap,1,256,0.447998046875,0.460845947265625,0.012847900390625,0.023275099513489605
context-0-regime-2,16,1,0.14,previous,bitmap,1,512,0.447998046875,0.471710205078125,0.023712158203125,0.04295665634674928
context-0-regime-2,16,1,0.14,previous,bitmap,1,1024,0.447998046875,0.4783935546875,0.0303955078125,0.05506413091552409
context-0-regime-2,16,1,0.14,previous,bitmap,1,4096,0.447998046875,0.490386962890625,0.042388916015625,0.0767912428129146
context-0-regime-2,16,1,0.14,previous,bitmap,2,512,0.447998046875,0.45416259765625,0.00616455078125,0.011167624944714682
context-0-regime-2,16,1,0.14,previous,bitmap,2,1024,0.447998046875,0.4517669677734375,0.0037689208984375,0.0068277310924369505
context-0-regime-2,16,1,0.14,previous,bitmap,2,4096,0.447998046875,0.44140625,-0.006591796875,-0.011941618752764338
context-0-regime-2,16,1,0.14,previous,bitmap,4,512,0.447998046875,0.41314697265625,-0.03485107421875,-0.0631357806280406
context-0-regime-2,16,1,0.14,previous,bitmap,4,1024,0.447998046875,0.3989715576171875,-0.0490264892578125,-0.08881578947368429
context-0-regime-2,16,1,0.14,previous,bitmap,4,4096,0.447998046875,0.354827880859375,-0.093170166015625,-0.1687859354268022
context-0-regime-2,16,1,0.14,previous,bitmap,8,1024,0.447998046875,0.3945770263671875,-0.0534210205078125,-0.0967768686421937
context-0-regime-2,16,1,0.14,previous,bitmap,8,4096,0.447998046875,0.3295440673828125,-0.1184539794921875,-0.21458978328173384
context-0-regime-2,16,1,0.14,previous,bitmap,32,1024,0.447998046875,0.3976898193359375,-0.0503082275390625,-0.09113777089783293
context-0-regime-2,16,1,0.14,previous,bitmap,32,4096,0.447998046875,0.359405517578125,-0.088592529296875,-0.16049314462627162
context-0-regime-0,17,1,0.89,current,bitmap,1,256,0.085845947265625,0.1314544677734375,0.0456085205078125,0.049891503922550484
context-0-regime-0,17,1,0.89,current,bitmap,1,512,0.085845947265625,0.15850830078125,0.072662353515625,0.07948589550993157
context-0-regime-0,17,1,0.89,current,bitmap,1,1024,0.085845947265625,0.1727294921875,0.086883544921875,0.0950425638457687
context-0-regime-0,17,1,0.89,current,bitmap,1,4096,0.085845947265625,0.1910247802734375,0.1051788330078125,0.1150559172091471
context-0-regime-0,17,1,0.89,current,bitmap,2,512,0.085845947265625,0.0964813232421875,0.0106353759765625,0.011634117843431824
context-0-regime-0,17,1,0.89,current,bitmap,2,1024,0.085845947265625,0.0936279296875,0.007781982421875,0.00851276915373056
context-0-regime-0,17,1,0.89,current,bitmap,2,4096,0.085845947265625,0.0831451416015625,-0.0027008056640625,-0.002954431647471223
context-0-regime-0,17,1,0.89,current,bitmap,4,512,0.085845947265625,0.0743255615234375,-0.0115203857421875,-0.012602236688365798
context-0-regime-0,17,1,0.89,current,bitmap,4,1024,0.085845947265625,0.064361572265625,-0.021484375,-0.023501919545985572
context-0-regime-0,17,1,0.89,current,bitmap,4,4096,0.085845947265625,0.044097900390625,-0.041748046875,-0.04566850275413126
context-0-regime-0,17,1,0.89,current,bitmap,8,1024,0.085845947265625,0.0604248046875,-0.025421142578125,-0.02780837923551993
context-0-regime-0,17,1,0.89,current,bitmap,8,4096,0.085845947265625,0.0441131591796875,-0.0417327880859375,-0.04565181104990823
context-0-regime-0,17,1,0.89,current,bitmap,32,1024,0.085845947265625,0.071258544921875,-0.01458740234375,-0.01595726923718921
context-0-regime-0,17,1,0.89,current,bitmap,32,4096,0.085845947265625,0.06512451171875,-0.020721435546875,-0.022667334334835587
context-0-regime-0,17,1,0.89,previous,bitmap,1,256,0.085845947265625,0.0900115966796875,0.0041656494140625,0.00455683525287931
context-0-regime-0,17,1,0.89,previous,bitmap,1,512,0.085845947265625,0.0861358642578125,0.0002899169921875,0.00031714238023705654
context-0-regime-0,17,1,0.89,previous,bitmap,1,1024,0.085845947265625,0.0831298828125,-0.002716064453125,-0.0029711233516942492
context-0-regime-0,17,1,0.89,previous,bitmap,1,4096,0.085845947265625,0.0759735107421875,-0.0098724365234375,-0.010799532632281839
context-0-regime-0,17,1,0.89,previous,bitmap,2,512,0.085845947265625,0.0685577392578125,-0.0172882080078125,-0.018911700884660432
context-0-regime-0,17,1,0.89,previous,bitmap,2,1024,0.085845947265625,0.0556182861328125,-0.0302276611328125,-0.03306626606576524
context-0-regime-0,17,1,0.89,previous,bitmap,2,4096,0.085845947265625,0.027557373046875,-0.05828857421875,-0.06376231013186451
context-0-regime-0,17,1,0.89,previous,bitmap,4,512,0.085845947265625,0.0670166015625,-0.018829345703125,-0.02059756301118343
context-0-regime-0,17,1,0.89,previous,bitmap,4,1024,0.085845947265625,0.0558929443359375,-0.0299530029296875,-0.03276581538975121
context-0-regime-0,17,1,0.89,previous,bitmap,4,4096,0.085845947265625,0.0332489013671875,-0.0525970458984375,-0.057536304456685006
context-0-regime-0,17,1,0.89,previous,bitmap,8,1024,0.085845947265625,0.055267333984375,-0.03057861328125,-0.0334501752628944
context-0-regime-0,17,1,0.89,previous,bitmap,8,4096,0.085845947265625,0.0391998291015625,-0.0466461181640625,-0.0510265398097145
context-0-regime-0,17,1,0.89,previous,bitmap,32,1024,0.085845947265625,0.0670928955078125,-0.0187530517578125,-0.02051410449006852
context-0-regime-0,17,1,0.89,previous,bitmap,32,4096,0.085845947265625,0.0615081787109375,-0.0243377685546875,-0.026623268235686837
context-0-regime-1,17,1,0.49,current,bitmap,1,256,0.3247528076171875,0.376190185546875,0.0514373779296875,0.07617562651119703
context-0-regime-1,17,1,0.49,current,bitmap,1,512,0.3247528076171875,0.40277099609375,0.0780181884765625,0.11554018936569277
context-0-regime-1,17,1,0.49,current,bitmap,1,1024,0.3247528076171875,0.4175872802734375,0.09283447265625,0.13748220459629856
context-0-regime-1,17,1,0.49,current,bitmap,1,4096,0.3247528076171875,0.4325408935546875,0.1077880859375,0.1596275958692066
context-0-regime-1,17,1,0.49,current,bitmap,2,512,0.3247528076171875,0.36474609375,0.0399932861328125,0.05922762298601225
context-0-regime-1,17,1,0.49,current,bitmap,2,1024,0.3247528076171875,0.3648529052734375,0.04010009765625,0.05938580435224727
context-0-regime-1,17,1,0.49,current,bitmap,2,4096,0.3247528076171875,0.3448028564453125,0.020050048828125,0.029692902176123637
context-0-regime-1,17,1,0.49,current,bitmap,4,512,0.3247528076171875,0.30255126953125,-0.0222015380859375,-0.03287912683885841
context-0-regime-1,17,1,0.49,current,bitmap,4,1024,0.3247528076171875,0.2940826416015625,-0.030670166015625,-0.04542064944749513
context-0-regime-1,17,1,0.49,current,bitmap,4,4096,0.3247528076171875,0.2840118408203125,-0.040740966796875,-0.060334892549657626
context-0-regime-1,17,1,0.49,current,bitmap,8,1024,0.3247528076171875,0.297821044921875,-0.0269317626953125,-0.03988430162926804
context-0-regime-1,17,1,0.49,current,bitmap,8,4096,0.3247528076171875,0.2836151123046875,-0.0411376953125,-0.06092242333853082
context-0-regime-1,17,1,0.49,current,bitmap,32,1024,0.3247528076171875,0.308135986328125,-0.0166168212890625,-0.02460850111856816
context-0-regime-1,17,1,0.49,current,bitmap,32,4096,0.3247528076171875,0.3004608154296875,-0.0242919921875,-0.03597496214945872
context-0-regime-1,17,1,0.49,previous,bitmap,1,256,0.3247528076171875,0.35028076171875,0.0255279541015625,0.03780534653017875
context-0-regime-1,17,1,0.49,previous,bitmap,1,512,0.3247528076171875,0.3609466552734375,0.03619384765625,0.05360088581565092
context-0-regime-1,17,1,0.49,previous,bitmap,1,1024,0.3247528076171875,0.3636627197265625,0.038909912109375,0.05762321198562814
context-0-regime-1,17,1,0.49,previous,bitmap,1,4096,0.3247528076171875,0.36749267578125,0.0427398681640625,0.06329514383205659
context-0-regime-1,17,1,0.49,previous,bitmap,2,512,0.3247528076171875,0.3338775634765625,0.009124755859375,0.013513208144080635
context-0-regime-1,17,1,0.49,previous,bitmap,2,1024,0.3247528076171875,0.32684326171875,0.0020904541015625,0.0030958353106004255
context-0-regime-1,17,1,0.49,previous,bitmap,2,4096,0.3247528076171875,0.296417236328125,-0.0283355712890625,-0.041963256728357434
context-0-regime-1,17,1,0.49,previous,bitmap,4,512,0.3247528076171875,0.301727294921875,-0.0230255126953125,-0.03409938309267169
context-0-regime-1,17,1,0.49,previous,bitmap,4,1024,0.3247528076171875,0.2926177978515625,-0.032135009765625,-0.04758999389871876
context-0-regime-1,17,1,0.49,previous,bitmap,4,4096,0.3247528076171875,0.2817840576171875,-0.04296875,-0.0636341039025603
context-0-regime-1,17,1,0.49,previous,bitmap,8,1024,0.3247528076171875,0.2980804443359375,-0.02667236328125,-0.03950014688269721
context-0-regime-1,17,1,0.49,previous,bitmap,8,4096,0.3247528076171875,0.2832183837890625,-0.041534423828125,-0.06150995412740379
context-0-regime-1,17,1,0.49,previous,bitmap,32,1024,0.3247528076171875,0.3065948486328125,-0.018157958984375,-0.026890832259959696
context-0-regime-1,17,1,0.49,previous,bitmap,32,4096,0.3247528076171875,0.2977294921875,-0.0270233154296875,-0.04001988565746961
context-0-regime-2,17,1,0.14,current,bitmap,1,256,0.4581756591796875,0.4920501708984375,0.03387451171875,0.0625193612886874
context-0-regime-2,17,1,0.14,current,bitmap,1,512,0.4581756591796875,0.51519775390625,0.0570220947265625,0.10524092483595704
context-0-regime-2,17,1,0.14,current,bitmap,1,1024,0.4581756591796875,0.5279541015625,0.0697784423828125,0.12878425187980513
context-0-regime-2,17,1,0.14,current,bitmap,1,4096,0.4581756591796875,0.548919677734375,0.0907440185546875,0.16747866738010087
context-0-regime-2,17,1,0.14,current,bitmap,2,512,0.4581756591796875,0.482330322265625,0.0241546630859375,0.044580247261257755
context-0-regime-2,17,1,0.14,current,bitmap,2,1024,0.4581756591796875,0.4805145263671875,0.0223388671875,0.04122898420118848
context-0-regime-2,17,1,0.14,current,bitmap,2,4096,0.4581756591796875,0.4726409912109375,0.01446533203125,0.026697456982736734
context-0-regime-2,17,1,0.14,current,bitmap,4,512,0.4581756591796875,0.4248809814453125,-0.033294677734375,-0.0614492100594215
context-0-regime-2,17,1,0.14,current,bitmap,4,1024,0.4581756591796875,0.4141387939453125,-0.044036865234375,-0.08127516967529358
context-0-regime-2,17,1,0.14,current,bitmap,4,4096,0.4581756591796875,0.3784942626953125,-0.079681396484375,-0.1470613084006871
context-0-regime-2,17,1,0.14,current,bitmap,8,1024,0.4581756591796875,0.4111480712890625,-0.047027587890625,-0.08679489706834898
context-0-regime-2,17,1,0.14,current,bitmap,8,4096,0.4581756591796875,0.3589630126953125,-0.099212646484375,-0.18310850770227272
context-0-regime-2,17,1,0.14,current,bitmap,32,1024,0.4581756591796875,0.4160919189453125,-0.042083740234375,-0.07767044974513504
context-0-regime-2,17,1,0.14,current,bitmap,32,4096,0.4581756591796875,0.3949737548828125,-0.063201904296875,-0.11664648398997435
context-0-regime-2,17,1,0.14,previous,bitmap,1,256,0.4581756591796875,0.4718017578125,0.0136260986328125,0.025148553887746727
context-0-regime-2,17,1,0.14,previous,bitmap,1,512,0.4581756591796875,0.481231689453125,0.0230560302734375,0.042552592300543535
context-0-regime-2,17,1,0.14,previous,bitmap,1,1024,0.4581756591796875,0.4864044189453125,0.028228759765625,0.052099467740572836
context-0-regime-2,17,1,0.14,previous,bitmap,1,4096,0.4581756591796875,0.4980926513671875,0.0399169921875,0.07367146357261545
context-0-regime-2,17,1,0.14,previous,bitmap,2,512,0.4581756591796875,0.4605712890625,0.0023956298828125,0.004421414289335068
context-0-regime-2,17,1,0.14,previous,bitmap,2,1024,0.4581756591796875,0.4548797607421875,-0.0032958984375,-0.00608296488214255
context-0-regime-2,17,1,0.14,previous,bitmap,2,4096,0.4581756591796875,0.4406890869140625,-0.017486572265625,-0.032273508124700756
context-0-regime-2,17,1,0.14,previous,bitmap,4,512,0.4581756591796875,0.424072265625,-0.0341033935546875,-0.06294178940550288
context-0-regime-2,17,1,0.14,previous,bitmap,4,1024,0.4581756591796875,0.413360595703125,-0.0448150634765625,-0.08271142527246611
context-0-regime-2,17,1,0.14,previous,bitmap,4,4096,0.4581756591796875,0.37786865234375,-0.0803070068359375,-0.14821594525331605
context-0-regime-2,17,1,0.14,previous,bitmap,8,1024,0.4581756591796875,0.4095001220703125,-0.048675537109375,-0.08983637950942014
context-0-regime-2,17,1,0.14,previous,bitmap,8,4096,0.4581756591796875,0.3567047119140625,-0.101470947265625,-0.1872764651215184
context-0-regime-2,17,1,0.14,previous,bitmap,32,1024,0.4581756591796875,0.419189453125,-0.0389862060546875,-0.07195358923089912
context-0-regime-2,17,1,0.14,previous,bitmap,32,4096,0.4581756591796875,0.4014129638671875,-0.0567626953125,-0.10476217297023283
context-0-regime-0,18,1,0.89,current,bitmap,1,256,0.1359405517578125,0.1906890869140625,0.05474853515625,0.06336200045914497
context-0-regime-0,18,1,0.89,current,bitmap,1,512,0.1359405517578125,0.2180938720703125,0.0821533203125,0.09507831952955303
context-0-regime-0,18,1,0.89,current,bitmap,1,1024,0.1359405517578125,0.2300567626953125,0.0941162109375,0.10892330513712545
context-0-regime-0,18,1,0.89,current,bitmap,1,4096,0.1359405517578125,0.2425537109375,0.1066131591796875,0.12338637045932155
context-0-regime-0,18,1,0.89,current,bitmap,2,512,0.1359405517578125,0.165557861328125,0.0296173095703125,0.03427693503099227
context-0-regime-0,18,1,0.89,current,bitmap,2,1024,0.1359405517578125,0.1619720458984375,0.026031494140625,0.030126971232804167
context-0-regime-0,18,1,0.89,current,bitmap,2,4096,0.1359405517578125,0.1470489501953125,0.0111083984375,0.012856058064174336
context-0-regime-0,18,1,0.89,current,bitmap,4,512,0.1359405517578125,0.1254730224609375,-0.010467529296875,-0.012114362406625778
context-0-regime-0,18,1,0.89,current,bitmap,4,1024,0.1359405517578125,0.1144256591796875,-0.021514892578125,-0.024899782789128855
context-0-regime-0,18,1,0.89,current,bitmap,4,4096,0.1359405517578125,0.084503173828125,-0.0514373779296875,-0.059529906228477536
context-0-regime-0,18,1,0.89,current,bitmap,8,1024,0.1359405517578125,0.1133880615234375,-0.022552490234375,-0.02610062337754071
context-0-regime-0,18,1,0.89,current,bitmap,8,4096,0.1359405517578125,0.0943145751953125,-0.0416259765625,-0.048174898899818075
context-0-regime-0,18,1,0.89,current,bitmap,32,1024,0.1359405517578125,0.122406005859375,-0.0135345458984375,-0.015663905910608067
context-0-regime-0,18,1,0.89,current,bitmap,32,4096,0.1359405517578125,0.11676025390625,-0.0191802978515625,-0.022197891465202124
context-0-regime-0,18,1,0.89,previous,bitmap,1,256,0.1359405517578125,0.1384124755859375,0.002471923828125,0.00286082610768712
context-0-regime-0,18,1,0.89,previous,bitmap,1,512,0.1359405517578125,0.1348724365234375,-0.001068115234375,-0.0012361594292475964
context-0-regime-0,18,1,0.89,previous,bitmap,1,1024,0.1359405517578125,0.130157470703125,-0.0057830810546875,-0.006692920338354558
context-0-regime-0,18,1,0.89,previous,bitmap,1,4096,0.1359405517578125,0.1194305419921875,-0.016510009765625,-0.019107492892083355
context-0-regime-0,18,1,0.89,previous,bitmap,2,512,0.1359405517578125,0.119354248046875,-0.0165863037109375,-0.019195789994172374
context-0-regime-0,18,1,0.89,previous,bitmap,2,1024,0.1359405517578125,0.1074981689453125,-0.0284423828125,-0.03291715965882003
context-0-regime-0,18,1,0.89,previous,bitmap,2,4096,0.1359405517578125,0.0718994140625,-0.0640411376953125,-0.07411658749359851
context-0-regime-0,18,1,0.89,previous,bitmap,4,512,0.1359405517578125,0.1147308349609375,-0.021209716796875,-0.024546594380772335
context-0-regime-0,18,1,0.89,previous,bitmap,4,1024,0.1359405517578125,0.1011505126953125,-0.0347900390625,-0.0402634785526339
context-0-regime-0,18,1,0.89,previous,bitmap,4,4096,0.1359405517578125,0.0707244873046875,-0.065216064453125,-0.07547636286577064
context-0-regime-0,18,1,0.89,previous,bitmap,8,1024,0.1359405517578125,0.1069793701171875,-0.028961181640625,-0.033517579953025844
context-0-regime-0,18,1,0.89,previous,bitmap,8,4096,0.1359405517578125,0.088226318359375,-0.0477142333984375,-0.05522100764652893
context-0-regime-0,18,1,0.89,previous,bitmap,32,1024,0.1359405517578125,0.11920166015625,-0.0167388916015625,-0.019372384198350634
context-0-regime-0,18,1,0.89,previous,bitmap,32,4096,0.1359405517578125,0.1130218505859375,-0.022918701171875,-0.02652444946756849
context-0-regime-1,18,1,0.49,current,bitmap,1,256,0.3695526123046875,0.410003662109375,0.0404510498046875,0.0641624512912361
context-0-regime-1,18,1,0.49,current,bitmap,1,512,0.3695526123046875,0.4302978515625,0.0607452392578125,0.09635259094319526
context-0-regime-1,18,1,0.49,current,bitmap,1,1024,0.3695526123046875,0.442474365234375,0.0729217529296875,0.11566667473437087
context-0-regime-1,18,1,0.49,current,bitmap,1,4096,0.3695526123046875,0.4561614990234375,0.08660888671875,0.1373768666650531
context-0-regime-1,18,1,0.49,current,bitmap,2,512,0.3695526123046875,0.4037017822265625,0.034149169921875,0.0541665658203645
context-0-regime-1,18,1,0.49,current,bitmap,2,1024,0.3695526123046875,0.4033203125,0.0337677001953125,0.053561488007357716
context-0-regime-1,18,1,0.49,current,bitmap,2,4096,0.3695526123046875,0.3874664306640625,0.017913818359375,0.02841445409879706
context-0-regime-1,18,1,0.49,current,bitmap,4,512,0.3695526123046875,0.3499298095703125,-0.019622802734375,-0.031125202701067334
context-0-regime-1,18,1,0.49,current,bitmap,4,1024,0.3695526123046875,0.342864990234375,-0.0266876220703125,-0.04233124379795239
context-0-regime-1,18,1,0.49,current,bitmap,4,4096,0.3695526123046875,0.3345489501953125,-0.035003662109375,-0.05552194012149969
context-0-regime-1,18,1,0.49,current,bitmap,8,1024,0.3695526123046875,0.34716796875,-0.0223846435546875,-0.03550596606723633
context-0-regime-1,18,1,0.49,current,bitmap,8,4096,0.3695526123046875,0.3365020751953125,-0.033050537109375,-0.052423941718904965
context-0-regime-1,18,1,0.49,current,bitmap,32,1024,0.3695526123046875,0.3588104248046875,-0.0107421875,-0.017038991214270105
context-0-regime-1,18,1,0.49,current,bitmap,32,4096,0.3695526123046875,0.3582611083984375,-0.01129150390625,-0.01791030326499987
context-0-regime-1,18,1,0.49,previous,bitmap,1,256,0.3695526123046875,0.388336181640625,0.0187835693359375,0.029794031512452523
context-0-regime-1,18,1,0.49,previous,bitmap,1,512,0.3695526123046875,0.3947296142578125,0.025177001953125,0.03993513565844564
context-0-regime-1,18,1,0.49,previous,bitmap,1,1024,0.3695526123046875,0.39752197265625,0.0279693603515625,0.04436430524965507
context-0-regime-1,18,1,0.49,previous,bitmap,1,4096,0.3695526123046875,0.4015350341796875,0.031982421875,0.050729723842486196
context-0-regime-1,18,1,0.49,previous,bitmap,2,512,0.3695526123046875,0.3785400390625,0.0089874267578125,0.014255633274439128
context-0-regime-1,18,1,0.49,previous,bitmap,2,1024,0.3695526123046875,0.372314453125,0.0027618408203125,0.004380763366168883
context-0-regime-1,18,1,0.49,previous,bitmap,2,4096,0.3695526123046875,0.3489990234375,-0.0205535888671875,-0.03260159256480377
context-0-regime-1,18,1,0.49,previous,bitmap,4,512,0.3695526123046875,0.3493194580078125,-0.020233154296875,-0.032093327201878186
context-0-regime-1,18,1,0.49,previous,bitmap,4,1024,0.3695526123046875,0.341583251953125,-0.0279693603515625,-0.04436430524965518
context-0-regime-1,18,1,0.49,previous,bitmap,4,4096,0.3695526123046875,0.3327178955078125,-0.036834716796875,-0.058426313623932025
context-0-regime-1,18,1,0.49,previous,bitmap,8,1024,0.3695526123046875,0.346282958984375,-0.0232696533203125,-0.03690974659341184
context-0-regime-1,18,1,0.49,previous,bitmap,8,4096,0.3695526123046875,0.3368072509765625,-0.032745361328125,-0.05193987946849954
context-0-regime-1,18,1,0.49,previous,bitmap,32,1024,0.3695526123046875,0.358428955078125,-0.0111236572265625,-0.017644069027277
context-0-regime-1,18,1,0.49,previous,bitmap,32,4096,0.3695526123046875,0.357818603515625,-0.0117340087890625,-0.01861219352808763
context-0-regime-2,18,1,0.14,current,bitmap,1,256,0.485321044921875,0.5077972412109375,0.0224761962890625,0.043670323154461954
context-0-regime-2,18,1,0.14,current,bitmap,1,512,0.485321044921875,0.5249176025390625,0.0395965576171875,0.07693447969166911
context-0-regime-2,18,1,0.14,current,bitmap,1,1024,0.485321044921875,0.5364532470703125,0.0511322021484375,0.09934776163652537
context-0-regime-2,18,1,0.14,current,bitmap,1,4096,0.485321044921875,0.5560760498046875,0.0707550048828125,0.13747405870145268
context-0-regime-2,18,1,0.14,current,bitmap,2,512,0.485321044921875,0.5004425048828125,0.0151214599609375,0.029380373554699135
context-0-regime-2,18,1,0.14,current,bitmap,2,1024,0.485321044921875,0.5001983642578125,0.0148773193359375,0.028906018381262943
context-0-regime-2,18,1,0.14,current,bitmap,2,4096,0.485321044921875,0.49749755859375,0.012176513671875,0.023658464275125968
context-0-regime-2,18,1,0.14,current,bitmap,4,512,0.485321044921875,0.455322265625,-0.029998779296875,-0.05828639193596197
context-0-regime-2,18,1,0.14,current,bitmap,4,1024,0.485321044921875,0.445648193359375,-0.0396728515625,-0.077082715683368
context-0-regime-2,18,1,0.14,current,bitmap,4,4096,0.485321044921875,0.4208831787109375,-0.0644378662109375,-0.12520011858879343
context-0-regime-2,18,1,0.14,current,bitmap,8,1024,0.485321044921875,0.438323974609375,-0.0469970703125,-0.0913133708864513
context-0-regime-2,18,1,0.14,current,bitmap,8,4096,0.485321044921875,0.3946990966796875,-0.0906219482421875,-0.1760747109398162
context-0-regime-2,18,1,0.14,current,bitmap,32,1024,0.485321044921875,0.442169189453125,-0.04315185546875,-0.08384227690483259
context-0-regime-2,18,1,0.14,current,bitmap,32,4096,0.485321044921875,0.4224853515625,-0.062835693359375,-0.12208716276311882
context-0-regime-2,18,1,0.14,previous,bitmap,1,256,0.485321044921875,0.491485595703125,0.00616455078125,0.011977468129261815
context-0-regime-2,18,1,0.14,previous,bitmap,1,512,0.485321044921875,0.49822998046875,0.012908935546875,0.02508152979543432
context-0-regime-2,18,1,0.14,previous,bitmap,1,1024,0.485321044921875,0.502197265625,0.016876220703125,0.032789801363771076
context-0-regime-2,18,1,0.14,previous,bitmap,1,4096,0.485321044921875,0.5150909423828125,0.0297698974609375,0.05784168396086575
context-0-regime-2,18,1,0.14,previous,bitmap,2,512,0.485321044921875,0.4847869873046875,-0.0005340576171875,-0.0010376519418915375
context-0-regime-2,18,1,0.14,previous,bitmap,2,1024,0.485321044921875,0.48095703125,-0.004364013671875,-0.008479098725170386
context-0-regime-2,18,1,0.14,previous,bitmap,2,4096,0.485321044921875,0.473297119140625,-0.01202392578125,-0.02336199229172853
context-0-regime-2,18,1,0.14,previous,bitmap,4,512,0.485321044921875,0.4544525146484375,-0.0308685302734375,-0.059976282241328116
context-0-regime-2,18,1,0.14,previous,bitmap,4,1024,0.485321044921875,0.4435882568359375,-0.0417327880859375,-0.08108508745923504
context-0-regime-2,18,1,0.14,previous,bitmap,4,4096,0.485321044921875,0.417999267578125,-0.06732177734375,-0.13080343907500747
context-0-regime-2,18,1,0.14,previous,bitmap,8,1024,0.485321044921875,0.4393463134765625,-0.0459747314453125,-0.08932700859768761
context-0-regime-2,18,1,0.14,previous,bitmap,8,4096,0.485321044921875,0.391815185546875,-0.093505859375,-0.18167803142603023
context-0-regime-2,18,1,0.14,previous,bitmap,32,1024,0.485321044921875,0.4412078857421875,-0.0441131591796875,-0.08571005040023727
context-0-regime-2,18,1,0.14,previous,bitmap,32,4096,0.485321044921875,0.4197540283203125,-0.0655670166015625,-0.1273940112659353
context-0-regime-0,19,1,0.89,current,bitmap,1,256,0.06756591796875,0.1102447509765625,0.0426788330078125,0.04577142109052823
context-0-regime-0,19,1,0.89,current,bitmap,1,512,0.06756591796875,0.139404296875,0.07183837890625,0.07704392223604106
context-0-regime-0,19,1,0.89,current,bitmap,1,1024,0.06756591796875,0.1531982421875,0.08563232421875,0.09183740263140672
context-0-regime-0,19,1,0.89,current,bitmap,1,4096,0.06756591796875,0.176910400390625,0.109344482421875,0.1172677881783073
context-0-regime-0,19,1,0.89,current,bitmap,2,512,0.06756591796875,0.0845489501953125,0.0169830322265625,0.018213654513320687
context-0-regime-0,19,1,0.89,current,bitmap,2,1024,0.06756591796875,0.084259033203125,0.016693115234375,0.017902729593506583
context-0-regime-0,19,1,0.89,current,bitmap,2,4096,0.06756591796875,0.0733489990234375,0.0057830810546875,0.006202133926818121
context-0-regime-0,19,1,0.89,current,bitmap,4,512,0.06756591796875,0.0634765625,-0.00408935546875,-0.004385677816325151
context-0-regime-0,19,1,0.89,current,bitmap,4,1024,0.06756591796875,0.0561676025390625,-0.0113983154296875,-0.012224258689533363
context-0-regime-0,19,1,0.89,current,bitmap,4,4096,0.06756591796875,0.037017822265625,-0.030548095703125,-0.03276166786672774
context-0-regime-0,19,1,0.89,current,bitmap,8,1024,0.06756591796875,0.0521240234375,-0.01544189453125,-0.01656084309746686
context-0-regime-0,19,1,0.89,current,bitmap,8,4096,0.06756591796875,0.0364532470703125,-0.0311126708984375,-0.03336715323689199
context-0-regime-0,19,1,0.89,current,bitmap,32,1024,0.06756591796875,0.0526123046875,-0.01495361328125,-0.01603718007462196
context-0-regime-0,19,1,0.89,current,bitmap,32,4096,0.06756591796875,0.039764404296875,-0.027801513671875,-0.029816063363225842
context-0-regime-0,19,1,0.89,previous,bitmap,1,256,0.06756591796875,0.07037353515625,0.0028076171875,0.003011062381357621
context-0-regime-0,19,1,0.89,previous,bitmap,1,512,0.06756591796875,0.069732666015625,0.002166748046875,0.0023237546638738005
context-0-regime-0,19,1,0.89,previous,bitmap,1,1024,0.06756591796875,0.0663604736328125,-0.0012054443359375,-0.0012927930876480698
context-0-regime-0,19,1,0.89,previous,bitmap,1,4096,0.06756591796875,0.06329345703125,-0.0042724609375,-0.004582051449891988
context-0-regime-0,19,1,0.89,previous,bitmap,2,512,0.06756591796875,0.0563507080078125,-0.0112152099609375,-0.012027885055966525
context-0-regime-0,19,1,0.89,previous,bitmap,2,1024,0.06756591796875,0.0479583740234375,-0.0196075439453125,-0.02102834326111158
context-0-regime-0,19,1,0.89,previous,bitmap,2,4096,0.06756591796875,0.01806640625,-0.04949951171875,-0.05308633894089154
context-0-regime-0,19,1,0.89,previous,bitmap,4,512,0.06756591796875,0.0552520751953125,-0.0123138427734375,-0.013206126857367328
context-0-regime-0,19,1,0.89,previous,bitmap,4,1024,0.06756591796875,0.04754638671875,-0.02001953125,-0.02147018393663669
context-0-regime-0,19,1,0.89,previous,bitmap,4,4096,0.06756591796875,0.0262451171875,-0.04132080078125,-0.04431498330824124
context-0-regime-0,19,1,0.89,previous,bitmap,8,1024,0.06756591796875,0.0471343994140625,-0.0204315185546875,-0.021912024612162018
context-0-regime-0,19,1,0.89,previous,bitmap,8,4096,0.06756591796875,0.0313262939453125,-0.0362396240234375,-0.03886561497676255
context-0-regime-0,19,1,0.89,previous,bitmap,32,1024,0.06756591796875,0.04888916015625,-0.0186767578125,-0.020030110623813657
context-0-regime-0,19,1,0.89,previous,bitmap,32,4096,0.06756591796875,0.0379638671875,-0.02960205078125,-0.031747070759965856
context-0-regime-1,19,1,0.49,current,bitmap,1,256,0.2566680908203125,0.3231658935546875,0.066497802734375,0.08945909884019299
context-0-regime-1,19,1,0.49,current,bitmap,1,512,0.2566680908203125,0.361114501953125,0.1044464111328125,0.14051113620034894
context-0-regime-1,19,1,0.49,current,bitmap,1,1024,0.2566680908203125,0.3825225830078125,0.1258544921875,0.169311300420815
context-0-regime-1,19,1,0.49,current,bitmap,1,4096,0.2566680908203125,0.406158447265625,0.1494903564453125,0.2011084881453351
context-0-regime-1,19,1,0.49,current,bitmap,2,512,0.2566680908203125,0.317047119140625,0.0603790283203125,0.08122754798316745
context-0-regime-1,19,1,0.49,current,bitmap,2,1024,0.2566680908203125,0.320709228515625,0.0640411376953125,0.08615416196243453
context-0-regime-1,19,1,0.49,current,bitmap,2,4096,0.2566680908203125,0.29913330078125,0.0424652099609375,0.05712819460125218
context-0-regime-1,19,1,0.49,current,bitmap,4,512,0.2566680908203125,0.2401580810546875,-0.016510009765625,-0.022210818023196133
context-0-regime-1,19,1,0.49,current,bitmap,4,1024,0.2566680908203125,0.2317657470703125,-0.02490234375,-0.033500975059016724
context-0-regime-1,19,1,0.49,current,bitmap,4,4096,0.2566680908203125,0.2086334228515625,-0.04803466796875,-0.06462075336138762
context-0-regime-1,19,1,0.49,current,bitmap,8,1024,0.2566680908203125,0.22772216796875,-0.0289459228515625,-0.0389407779944575
context-0-regime-1,19,1,0.49,current,bitmap,8,4096,0.2566680908203125,0.193939208984375,-0.0627288818359375,-0.08438879195319715
context-0-regime-1,19,1,0.49,current,bitmap,32,1024,0.2566680908203125,0.23431396484375,-0.0223541259765625,-0.03007287283177673
context-0-regime-1,19,1,0.49,current,bitmap,32,4096,0.2566680908203125,0.175933837890625,-0.0807342529296875,-0.10861131068459406
context-0-regime-1,19,1,0.49,previous,bitmap,1,256,0.2566680908203125,0.2874603271484375,0.030792236328125,0.04142461254233809
context-0-regime-1,19,1,0.49,previous,bitmap,1,512,0.2566680908203125,0.3030548095703125,0.04638671875,0.062403777070717426
context-0-regime-1,19,1,0.49,previous,bitmap,1,1024,0.2566680908203125,0.310791015625,0.0541229248046875,0.07281124910191927
context-0-regime-1,19,1,0.49,previous,bitmap,1,4096,0.2566680908203125,0.3165130615234375,0.059844970703125,0.08050908344452423
context-0-regime-1,19,1,0.49,previous,bitmap,2,512,0.2566680908203125,0.277252197265625,0.0205841064453125,0.0276916760751309
context-0-regime-1,19,1,0.49,previous,bitmap,2,1024,0.2566680908203125,0.2716827392578125,0.0150146484375,0.020199117314995352
context-0-regime-1,19,1,0.49,previous,bitmap,2,4096,0.2566680908203125,0.2388458251953125,-0.017822265625,-0.02397618803243362
context-0-regime-1,19,1,0.49,previous,bitmap,4,512,0.2566680908203125,0.238067626953125,-0.0186004638671875,-0.025023093503027782
context-0-regime-1,19,1,0.49,previous,bitmap,4,1024,0.2566680908203125,0.2293853759765625,-0.02728271484375,-0.03670327414554042
context-0-regime-1,19,1,0.49,previous,bitmap,4,4096,0.2566680908203125,0.206024169921875,-0.0506439208984375,-0.0681309658216156
context-0-regime-1,19,1,0.49,previous,bitmap,8,1024,0.2566680908203125,0.2269744873046875,-0.029693603515625,-0.03994662834855789
context-0-regime-1,19,1,0.49,previous,bitmap,8,4096,0.2566680908203125,0.192718505859375,-0.0639495849609375,-0.08603099661295288
context-0-regime-1,19,1,0.49,previous,bitmap,32,1024,0.2566680908203125,0.232666015625,-0.0240020751953125,-0.03228984912244681
context-0-regime-1,19,1,0.49,previous,bitmap,32,4096,0.2566680908203125,0.1685791015625,-0.0880889892578125,-0.11850559375962222
context-0-regime-2,19,1,0.14,current,bitmap,1,256,0.3901519775390625,0.43634033203125,0.0461883544921875,0.07573748342382469
context-0-regime-2,19,1,0.14,current,bitmap,1,512,0.3901519775390625,0.4694366455078125,0.07928466796875,0.13000725598618856
context-0-regime-2,19,1,0.14,current,bitmap,1,1024,0.3901519775390625,0.4933013916015625,0.1031494140625,0.1691395401205995
context-0-regime-2,19,1,0.14,current,bitmap,1,4096,0.3901519775390625,0.52532958984375,0.1351776123046875,0.22165786774088625
context-0-regime-2,19,1,0.14,current,bitmap,2,512,0.3901519775390625,0.4307861328125,0.0406341552734375,0.06662996972502311
context-0-regime-2,19,1,0.14,current,bitmap,2,1024,0.3901519775390625,0.4352874755859375,0.045135498046875,0.07401105912377715
context-0-regime-2,19,1,0.14,current,bitmap,2,4096,0.3901519775390625,0.431182861328125,0.0410308837890625,0.0672805064177947
context-0-regime-2,19,1,0.14,current,bitmap,4,512,0.3901519775390625,0.3563385009765625,-0.0338134765625,-0.055445742737758597
context-0-regime-2,19,1,0.14,current,bitmap,4,1024,0.3901519775390625,0.34423828125,-0.0459136962890625,-0.07528711186729042
context-0-regime-2,19,1,0.14,current,bitmap,4,4096,0.3901519775390625,0.3029937744140625,-0.087158203125,-0.14291790727350073
context-0-regime-2,19,1,0.14,current,bitmap,8,1024,0.3901519775390625,0.332916259765625,-0.0572357177734375,-0.09385242825330908
context-0-regime-2,19,1,0.14,current,bitmap,8,4096,0.3901519775390625,0.2623291015625,-0.1278228759765625,-0.20959791828258312
context-0-regime-2,19,1,0.14,current,bitmap,32,1024,0.3901519775390625,0.3383026123046875,-0.051849365234375,-0.08502014161683391
context-0-regime-2,19,1,0.14,current,bitmap,32,4096,0.3901519775390625,0.2846832275390625,-0.10546875,-0.1729426777091101
context-0-regime-2,19,1,0.14,previous,bitmap,1,256,0.3901519775390625,0.409912109375,0.0197601318359375,0.032401731428428504
context-0-regime-2,19,1,0.14,previous,bitmap,1,512,0.3901519775390625,0.4272918701171875,0.037139892578125,0.06090024270022765
context-0-regime-2,19,1,0.14,previous,bitmap,1,1024,0.3901519775390625,0.4393310546875,0.0491790771484375,0.08064152926164081
context-0-regime-2,19,1,0.14,previous,bitmap,1,4096,0.3901519775390625,0.4572601318359375,0.067108154296875,0.11004078364650838
context-0-regime-2,19,1,0.14,previous,bitmap,2,512,0.3901519775390625,0.4034423828125,0.0132904052734375,0.021792979207846508
context-0-regime-2,19,1,0.14,previous,bitmap,2,1024,0.3901519775390625,0.401519775390625,0.0113677978515625,0.01864037831210752
context-0-regime-2,19,1,0.14,previous,bitmap,2,4096,0.3901519775390625,0.3885040283203125,-0.00164794921875,-0.0027022293392049423
context-0-regime-2,19,1,0.14,previous,bitmap,4,512,0.3901519775390625,0.354766845703125,-0.0353851318359375,-0.05802286886681518
context-0-regime-2,19,1,0.14,previous,bitmap,4,1024,0.3901519775390625,0.3412017822265625,-0.0489501953125,-0.08026621963119585
context-0-regime-2,19,1,0.14,previous,bitmap,4,4096,0.3901519775390625,0.296630859375,-0.0935211181640625,-0.15335151499987498
context-0-regime-2,19,1,0.14,previous,bitmap,8,1024,0.3901519775390625,0.333404541015625,-0.0567474365234375,-0.09305176770835932
context-0-regime-2,19,1,0.14,previous,bitmap,8,4096,0.3901519775390625,0.2589569091796875,-0.131195068359375,-0.21512748017114114
context-0-regime-2,19,1,0.14,previous,bitmap,32,1024,0.3901519775390625,0.3368682861328125,-0.05328369140625,-0.08737208196762336
context-0-regime-2,19,1,0.14,previous,bitmap,32,4096,0.3901519775390625,0.2853546142578125,-0.10479736328125,-0.17184176945980423
context-0-regime-0,20,1,0.89,current,bitmap,1,256,0.1220703125,0.1879730224609375,0.0659027099609375,0.07506604560622909
context-0-regime-0,20,1,0.89,current,bitmap,1,512,0.1220703125,0.2159881591796875,0.0939178466796875,0.10697650166852057
context-0-regime-0,20,1,0.89,current,bitmap,1,1024,0.1220703125,0.2318267822265625,0.1097564697265625,0.12501738042269184
context-0-regime-0,20,1,0.89,current,bitmap,1,4096,0.1220703125,0.2456207275390625,0.1235504150390625,0.14072928253615125
context-0-regime-0,20,1,0.89,current,bitmap,2,512,0.1220703125,0.1561126708984375,0.0340423583984375,0.038775723025583964
context-0-regime-0,20,1,0.89,current,bitmap,2,1024,0.1220703125,0.155975341796875,0.033905029296875,0.038619299221357095
context-0-regime-0,20,1,0.89,current,bitmap,2,4096,0.1220703125,0.14312744140625,0.02105712890625,0.02398498331479426
context-0-regime-0,20,1,0.89,current,bitmap,4,512,0.1220703125,0.11700439453125,-0.00506591796875,-0.005770300333704181
context-0-regime-0,20,1,0.89,current,bitmap,4,1024,0.1220703125,0.1080474853515625,-0.0140228271484375,-0.015972608453837633
context-0-regime-0,20,1,0.89,current,bitmap,4,4096,0.1220703125,0.081451416015625,-0.040618896484375,-0.04626668520578425
context-0-regime-0,20,1,0.89,current,bitmap,8,1024,0.1220703125,0.101470947265625,-0.020599365234375,-0.02346357063403781
context-0-regime-0,20,1,0.89,current,bitmap,8,4096,0.1220703125,0.0844268798828125,-0.0376434326171875,-0.04287750278086766
context-0-regime-0,20,1,0.89,current,bitmap,32,1024,0.1220703125,0.1144866943359375,-0.0075836181640625,-0.008638070077864324
context-0-regime-0,20,1,0.89,current,bitmap,32,4096,0.1220703125,0.114044189453125,-0.008026123046875,-0.009142102335928826
context-0-regime-0,20,1,0.89,previous,bitmap,1,256,0.1220703125,0.126739501953125,0.004669189453125,0.005318409343715191
context-0-regime-0,20,1,0.89,previous,bitmap,1,512,0.1220703125,0.1227874755859375,0.0007171630859375,0.0008168798665183497
context-0-regime-0,20,1,0.89,previous,bitmap,1,1024,0.1220703125,0.1194610595703125,-0.0026092529296875,-0.002972052280311388
context-0-regime-0,20,1,0.89,previous,bitmap,1,4096,0.1220703125,0.109100341796875,-0.012969970703125,-0.014773359288097865
context-0-regime-0,20,1,0.89,previous,bitmap,2,512,0.1220703125,0.1057281494140625,-0.0163421630859375,-0.018614432703003336
context-0-regime-0,20,1,0.89,previous,bitmap,2,1024,0.1220703125,0.0933380126953125,-0.0287322998046875,-0.03272733592880983
context-0-regime-0,20,1,0.89,previous,bitmap,2,4096,0.1220703125,0.0615692138671875,-0.0605010986328125,-0.0689133759733036
context-0-regime-0,20,1,0.89,previous,bitmap,4,512,0.1220703125,0.1049652099609375,-0.0171051025390625,-0.01948345383759742
context-0-regime-0,20,1,0.89,previous,bitmap,4,1024,0.1220703125,0.0934600830078125,-0.0286102294921875,-0.03258829254727469
context-0-regime-0,20,1,0.89,previous,bitmap,4,4096,0.1220703125,0.0636138916015625,-0.0584564208984375,-0.06658439933259186
context-0-regime-0,20,1,0.89,previous,bitmap,8,1024,0.1220703125,0.0951995849609375,-0.0268707275390625,-0.030606924360400356
context-0-regime-0,20,1,0.89,previous,bitmap,8,4096,0.1220703125,0.0764923095703125,-0.0455780029296875,-0.05191532258064524
context-0-regime-0,20,1,0.89,previous,bitmap,32,1024,0.1220703125,0.1114654541015625,-0.0106048583984375,-0.012079393770856539
context-0-regime-0,20,1,0.89,previous,bitmap,32,4096,0.1220703125,0.1118011474609375,-0.0102691650390625,-0.011697024471635231
context-0-regime-1,20,1,0.49,current,bitmap,1,256,0.3688507080078125,0.406463623046875,0.0376129150390625,0.05959432342915161
context-0-regime-1,20,1,0.49,current,bitmap,1,512,0.3688507080078125,0.4268646240234375,0.058013916015625,0.09191789763798563
context-0-regime-1,20,1,0.49,current,bitmap,1,1024,0.3688507080078125,0.4385528564453125,0.0697021484375,0.11043686386383966
context-0-regime-1,20,1,0.49,current,bitmap,1,4096,0.3688507080078125,0.4539337158203125,0.0850830078125,0.13480646955008102
context-0-regime-1,20,1,0.49,current,bitmap,2,512,0.3688507080078125,0.405517578125,0.0366668701171875,0.058095399269878834
context-0-regime-1,20,1,0.49,current,bitmap,2,1024,0.3688507080078125,0.4057769775390625,0.03692626953125,0.05850639460387308
context-0-regime-1,20,1,0.49,current,bitmap,2,4096,0.3688507080078125,0.389007568359375,0.0201568603515625,0.03193675507095717
context-0-regime-1,20,1,0.49,current,bitmap,4,512,0.3688507080078125,0.353363037109375,-0.0154876708984375,-0.0245388390590624
context-0-regime-1,20,1,0.49,current,bitmap,4,1024,0.3688507080078125,0.3489990234375,-0.0198516845703125,-0.031453231148611094
context-0-regime-1,20,1,0.49,current,bitmap,4,4096,0.3688507080078125,0.3412933349609375,-0.027557373046875,-0.04366221018784899
context-0-regime-1,20,1,0.49,current,bitmap,8,1024,0.3688507080078125,0.355712890625,-0.0131378173828125,-0.020815704856997908
context-0-regime-1,20,1,0.49,current,bitmap,8,4096,0.3688507080078125,0.35296630859375,-0.0158843994140625,-0.02516742015811224
context-0-regime-1,20,1,0.49,current,bitmap,32,1024,0.3688507080078125,0.360809326171875,-0.0080413818359375,-0.012740855353818636
context-0-regime-1,20,1,0.49,current,bitmap,32,4096,0.3688507080078125,0.3593902587890625,-0.00946044921875,-0.014989241592727742
context-0-regime-1,20,1,0.49,previous,bitmap,1,256,0.3688507080078125,0.383087158203125,0.0142364501953125,0.022556390977443663
context-0-regime-1,20,1,0.49,previous,bitmap,1,512,0.3688507080078125,0.39190673828125,0.0230560302734375,0.036530232333244705
context-0-regime-1,20,1,0.49,previous,bitmap,1,1024,0.3688507080078125,0.3938446044921875,0.024993896484375,0.03960060924014219
context-0-regime-1,20,1,0.49,previous,bitmap,1,4096,0.3688507080078125,0.397064208984375,0.0282135009765625,0.04470178662089308
context-0-regime-1,20,1,0.49,previous,bitmap,2,512,0.3688507080078125,0.3773345947265625,0.00848388671875,0.013441965041220416
context-0-regime-1,20,1,0.49,previous,bitmap,2,1024,0.3688507080078125,0.3715362548828125,0.002685546875,0.004255010516645341
context-0-regime-1,20,1,0.49,previous,bitmap,2,4096,0.3688507080078125,0.347381591796875,-0.0214691162109375,-0.03401590793704523
context-0-regime-1,20,1,0.49,previous,bitmap,4,512,0.3688507080078125,0.3522491455078125,-0.0166015625,-0.026303701375625543
context-0-regime-1,20,1,0.49,previous,bitmap,4,1024,0.3688507080078125,0.3467559814453125,-0.0220947265625,-0.035007131977854655
context-0-regime-1,20,1,0.49,previous,bitmap,4,4096,0.3688507080078125,0.3399810791015625,-0.02886962890625,-0.04574136305393717
context-0-regime-1,20,1,0.49,previous,bitmap,8,1024,0.3688507080078125,0.35479736328125,-0.0140533447265625,-0.02226627662403602
context-0-regime-1,20,1,0.49,previous,bitmap,8,4096,0.3688507080078125,0.3524322509765625,-0.01641845703125,-0.02601358702221801
context-0-regime-1,20,1,0.49,previous,bitmap,32,1024,0.3688507080078125,0.3605804443359375,-0.008270263671875,-0.01310349829557822
context-0-regime-1,20,1,0.49,previous,bitmap,32,4096,0.3688507080078125,0.3593597412109375,-0.009490966796875,-0.015037593984962516
context-0-regime-2,20,1,0.14,current,bitmap,1,256,0.479461669921875,0.4992523193359375,0.0197906494140625,0.038019581403529346
context-0-regime-2,20,1,0.14,current,bitmap,1,512,0.479461669921875,0.5145721435546875,0.0351104736328125,0.06745031365421816
context-0-regime-2,20,1,0.14,current,bitmap,1,1024,0.479461669921875,0.5249786376953125,0.0455169677734375,0.08744210588028378
context-0-regime-2,20,1,0.14,current,bitmap,1,4096,0.479461669921875,0.5433349609375,0.063873291015625,0.12270622032010314
context-0-regime-2,20,1,0.14,current,bitmap,2,512,0.479461669921875,0.49420166015625,0.014739990234375,0.02831682007386993
context-0-regime-2,20,1,0.14,current,bitmap,2,1024,0.479461669921875,0.495269775390625,0.01580810546875,0.030368763557483747
context-0-regime-2,20,1,0.14,current,bitmap,2,4096,0.479461669921875,0.492431640625,0.012969970703125,0.024916456586738578
context-0-regime-2,20,1,0.14,current,bitmap,4,512,0.479461669921875,0.4611968994140625,-0.0182647705078125,-0.03508823356979529
context-0-regime-2,20,1,0.14,current,bitmap,4,1024,0.479461669921875,0.4561309814453125,-0.0233306884765625,-0.04482030837779205
context-0-regime-2,20,1,0.14,current,bitmap,4,4096,0.479461669921875,0.4405517578125,-0.038909912109375,-0.07474936976021573
context-0-regime-2,20,1,0.14,current,bitmap,8,1024,0.479461669921875,0.451385498046875,-0.028076171875,-0.05393680014070479
context-0-regime-2,20,1,0.14,current,bitmap,8,4096,0.479461669921875,0.4193115234375,-0.060150146484375,-0.11555373160579241
context-0-regime-2,20,1,0.14,current,bitmap,32,1024,0.479461669921875,0.45098876953125,-0.028472900390625,-0.054698950577475536
context-0-regime-2,20,1,0.14,current,bitmap,32,4096,0.479461669921875,0.4272003173828125,-0.0522613525390625,-0.10039866330538771
context-0-regime-2,20,1,0.14,previous,bitmap,1,256,0.479461669921875,0.483795166015625,0.00433349609375,0.008325027847804423
context-0-regime-2,20,1,0.14,previous,bitmap,1,512,0.479461669921875,0.4879150390625,0.008453369140625,0.016239666998886126
context-0-regime-2,20,1,0.14,previous,bitmap,1,1024,0.479461669921875,0.49176025390625,0.012298583984375,0.02362666353989562
context-0-regime-2,20,1,0.14,previous,bitmap,1,4096,0.479461669921875,0.4997100830078125,0.0202484130859375,0.03889898575364947
context-0-regime-2,20,1,0.14,previous,bitmap,2,512,0.479461669921875,0.4764862060546875,-0.0029754638671875,-0.005716128275781163
context-0-regime-2,20,1,0.14,previous,bitmap,2,1024,0.479461669921875,0.4739990234375,-0.005462646484375,-0.010494225244767508
context-0-regime-2,20,1,0.14,previous,bitmap,2,4096,0.479461669921875,0.466522216796875,-0.012939453125,-0.024857829630063888
context-0-regime-2,20,1,0.14,previous,bitmap,4,512,0.479461669921875,0.4601287841796875,-0.0193328857421875,-0.03714017705340922
context-0-regime-2,20,1,0.14,previous,bitmap,4,1024,0.479461669921875,0.4551239013671875,-0.0243377685546875,-0.0467549979480566
context-0-regime-2,20,1,0.14,previous,bitmap,4,4096,0.479461669921875,0.4385223388671875,-0.0409393310546875,-0.07864806237908195
context-0-regime-2,20,1,0.14,previous,bitmap,8,1024,0.479461669921875,0.4505157470703125,-0.0289459228515625,-0.05560766840593301
context-0-regime-2,20,1,0.14,previous,bitmap,8,4096,0.479461669921875,0.4178466796875,-0.061614990234375,-0.11836782552617686
context-0-regime-2,20,1,0.14,previous,bitmap,32,1024,0.479461669921875,0.4495697021484375,-0.0298919677734375,-0.057425104062848176
context-0-regime-2,20,1,0.14,previous,bitmap,32,4096,0.479461669921875,0.429962158203125,-0.04949951171875,-0.09509292372632938
context-0-regime-0,21,1,0.89,current,bitmap,1,256,0.1173095703125,0.180328369140625,0.063018798828125,0.07139399806389157
context-0-regime-0,21,1,0.89,current,bitmap,1,512,0.1173095703125,0.2121124267578125,0.0948028564453125,0.107402157377956
context-0-regime-0,21,1,0.89,current,bitmap,1,1024,0.1173095703125,0.2284393310546875,0.1111297607421875,0.1258989074816761
context-0-regime-0,21,1,0.89,current,bitmap,1,4096,0.1173095703125,0.2456207275390625,0.1283111572265625,0.14536371179643204
context-0-regime-0,21,1,0.89,current,bitmap,2,512,0.1173095703125,0.15911865234375,0.04180908203125,0.04736550961139541
context-0-regime-0,21,1,0.89,current,bitmap,2,1024,0.1173095703125,0.15985107421875,0.04254150390625,0.04819527036371185
context-0-regime-0,21,1,0.89,current,bitmap,2,4096,0.1173095703125,0.150909423828125,0.033599853515625,0.03806527451251551
context-0-regime-0,21,1,0.89,current,bitmap,4,512,0.1173095703125,0.119171142578125,0.001861572265625,0.0021089752454709343
context-0-regime-0,21,1,0.89,current,bitmap,4,1024,0.1173095703125,0.106414794921875,-0.010894775390625,-0.012342691190706745
context-0-regime-0,21,1,0.89,current,bitmap,4,4096,0.1173095703125,0.078338623046875,-0.038970947265625,-0.044150186696169325
context-0-regime-0,21,1,0.89,current,bitmap,8,1024,0.1173095703125,0.1030120849609375,-0.0142974853515625,-0.016197621352510128
context-0-regime-0,21,1,0.89,current,bitmap,8,4096,0.1173095703125,0.082366943359375,-0.034942626953125,-0.03958650255842899
context-0-regime-0,21,1,0.89,current,bitmap,32,1024,0.1173095703125,0.112030029296875,-0.005279541015625,-0.005981192089614229
context-0-regime-0,21,1,0.89,current,bitmap,32,4096,0.1173095703125,0.105438232421875,-0.011871337890625,-0.013449038860462004
context-0-regime-0,21,1,0.89,previous,bitmap,1,256,0.1173095703125,0.1248779296875,0.007568359375,0.008574194440602922
context-0-regime-0,21,1,0.89,previous,bitmap,1,512,0.1173095703125,0.1229400634765625,0.0056304931640625,0.006378785783432428
context-0-regime-0,21,1,0.89,previous,bitmap,1,1024,0.1173095703125,0.118255615234375,0.000946044921875,0.0010717743050753237
context-0-regime-0,21,1,0.89,previous,bitmap,1,4096,0.1173095703125,0.1107635498046875,-0.0065460205078125,-0.0074159867238279276
context-0-regime-0,21,1,0.89,previous,bitmap,2,512,0.1173095703125,0.1081695556640625,-0.0091400146484375,-0.010354722721615195
context-0-regime-0,21,1,0.89,previous,bitmap,2,1024,0.1173095703125,0.09527587890625,-0.02203369140625,-0.024961969298852082
context-0-regime-0,21,1,0.89,previous,bitmap,2,4096,0.1173095703125,0.065826416015625,-0.051483154296875,-0.05832526621490808
context-0-regime-0,21,1,0.89,previous,bitmap,4,512,0.1173095703125,0.1034698486328125,-0.0138397216796875,-0.015679020882312322
context-0-regime-0,21,1,0.89,previous,bitmap,4,1024,0.1173095703125,0.0905914306640625,-0.0267181396484375,-0.030268980777209187
context-0-regime-0,21,1,0.89,previous,bitmap,4,4096,0.1173095703125,0.0608978271484375,-0.0564117431640625,-0.063908864610704
context-0-regime-0,21,1,0.89,previous,bitmap,8,1024,0.1173095703125,0.0926971435546875,-0.0246124267578125,-0.02788341861429955
context-0-regime-0,21,1,0.89,previous,bitmap,8,4096,0.1173095703125,0.0716552734375,-0.045654296875,-0.05172175356105657
context-0-regime-0,21,1,0.89,previous,bitmap,32,1024,0.1173095703125,0.104278564453125,-0.013031005859375,-0.014762826718296207
context-0-regime-0,21,1,0.89,previous,bitmap,32,4096,0.1173095703125,0.0982208251953125,-0.0190887451171875,-0.021625639607246505
context-0-regime-1,21,1,0.49,current,bitmap,1,256,0.345306396484375,0.3922882080078125,0.0469818115234375,0.07176152519461143
context-0-regime-1,21,1,0.49,current,bitmap,1,512,0.345306396484375,0.4193115234375,0.074005126953125,0.11303780357059623
context-0-regime-1,21,1,0.49,current,bitmap,1,1024,0.345306396484375,0.4333038330078125,0.0879974365234375,0.13441010581270685
context-0-regime-1,21,1,0.49,current,bitmap,1,4096,0.345306396484375,0.450531005859375,0.105224609375,0.16072344194285182
context-0-regime-1,21,1,0.49,current,bitmap,2,512,0.345306396484375,0.385498046875,0.040191650390625,0.061390015382464025
context-0-regime-1,21,1,0.49,current,bitmap,2,1024,0.345306396484375,0.386627197265625,0.04132080078125,0.0631147158905514
context-0-regime-1,21,1,0.49,current,bitmap,2,4096,0.345306396484375,0.378631591796875,0.0333251953125,0.05090197175220246
context-0-regime-1,21,1,0.49,current,bitmap,4,512,0.345306396484375,0.3259124755859375,-0.0193939208984375,-0.029622896564583057
context-0-regime-1,21,1,0.49,current,bitmap,4,1024,0.345306396484375,0.3167724609375,-0.028533935546875,-0.043583647974642314
context-0-regime-1,21,1,0.49,current,bitmap,4,4096,0.345306396484375,0.3025360107421875,-0.0427703857421875,-0.06532885843471781
context-0-regime-1,21,1,0.49,current,bitmap,8,1024,0.345306396484375,0.31866455078125,-0.026641845703125,-0.040693609285414656
context-0-regime-1,21,1,0.49,current,bitmap,8,4096,0.345306396484375,0.29742431640625,-0.047882080078125,-0.07313662424835687
context-0-regime-1,21,1,0.49,current,bitmap,32,1024,0.345306396484375,0.331634521484375,-0.013671875,-0.020882860206031806
context-0-regime-1,21,1,0.49,current,bitmap,32,4096,0.345306396484375,0.3141021728515625,-0.0312042236328125,-0.04766233160863287
context-0-regime-1,21,1,0.49,previous,bitmap,1,256,0.345306396484375,0.3646392822265625,0.0193328857421875,0.02952966951009184
context-0-regime-1,21,1,0.49,previous,bitmap,1,512,0.345306396484375,0.3728790283203125,0.0275726318359375,0.04211532186640565
context-0-regime-1,21,1,0.49,previous,bitmap,1,1024,0.345306396484375,0.374847412109375,0.029541015625,0.04512189437374725
context-0-regime-1,21,1,0.49,previous,bitmap,1,4096,0.345306396484375,0.3781585693359375,0.0328521728515625,0.05017946207989554
context-0-regime-1,21,1,0.49,previous,bitmap,2,512,0.345306396484375,0.3537139892578125,0.0084075927734375,0.012842026756164637
context-0-regime-1,21,1,0.49,previous,bitmap,2,1024,0.345306396484375,0.3469085693359375,0.0016021728515625,0.002447210180394399
context-0-regime-1,21,1,0.49,previous,bitmap,2,4096,0.345306396484375,0.327880859375,-0.017425537109375,-0.02661632405724146
context-0-regime-1,21,1,0.49,previous,bitmap,4,512,0.345306396484375,0.3237762451171875,-0.0215301513671875,-0.03288584347177559
context-0-regime-1,21,1,0.49,previous,bitmap,4,1024,0.345306396484375,0.3140869140625,-0.031219482421875,-0.0476856383722557
context-0-regime-1,21,1,0.49,previous,bitmap,4,4096,0.345306396484375,0.2984771728515625,-0.0468292236328125,-0.07152845755838344
context-0-regime-1,21,1,0.49,previous,bitmap,8,1024,0.345306396484375,0.318084716796875,-0.0272216796875,-0.041579266303081175
context-0-regime-1,21,1,0.49,previous,bitmap,8,4096,0.345306396484375,0.2929534912109375,-0.0523529052734375,-0.07996550598983831
context-0-regime-1,21,1,0.49,previous,bitmap,32,1024,0.345306396484375,0.3330230712890625,-0.0122833251953125,-0.018761944716356727
context-0-regime-1,21,1,0.49,previous,bitmap,32,4096,0.345306396484375,0.317657470703125,-0.02764892578125,-0.04223185568451959
context-0-regime-2,21,1,0.14,current,bitmap,1,256,0.4539031982421875,0.486053466796875,0.0321502685546875,0.058872838022856144
context-0-regime-2,21,1,0.14,current,bitmap,1,512,0.4539031982421875,0.5079803466796875,0.0540771484375,0.09902484003464751
context-0-regime-2,21,1,0.14,current,bitmap,1,1024,0.4539031982421875,0.52154541015625,0.0676422119140625,0.1238648746821649
context-0-regime-2,21,1,0.14,current,bitmap,1,4096,0.4539031982421875,0.545928955078125,0.0920257568359375,0.16851546564586883
context-0-regime-2,21,1,0.14,current,bitmap,2,512,0.4539031982421875,0.477569580078125,0.0236663818359375,0.043337338288300886
context-0-regime-2,21,1,0.14,current,bitmap,2,1024,0.4539031982421875,0.4804534912109375,0.02655029296875,0.04861829053619826
context-0-regime-2,21,1,0.14,current,bitmap,2,4096,0.4539031982421875,0.4789886474609375,0.02508544921875,0.045935902092821834
context-0-regime-2,21,1,0.14,current,bitmap,4,512,0.4539031982421875,0.4241790771484375,-0.02972412109375,-0.05443013216351389
context-0-regime-2,21,1,0.14,current,bitmap,4,1024,0.4539031982421875,0.413909912109375,-0.0399932861328125,-0.07323479281343426
context-0-regime-2,21,1,0.14,current,bitmap,4,4096,0.4539031982421875,0.381103515625,-0.0727996826171875,-0.13330911732655282
context-0-regime-2,21,1,0.14,current,bitmap,8,1024,0.4539031982421875,0.407318115234375,-0.0465850830078125,-0.08530554080862829
context-0-regime-2,21,1,0.14,current,bitmap,8,4096,0.4539031982421875,0.346221923828125,-0.1076812744140625,-0.19718349213445463
context-0-regime-2,21,1,0.14,current,bitmap,32,1024,0.4539031982421875,0.4090118408203125,-0.044891357421875,-0.08220402917097425
context-0-regime-2,21,1,0.14,current,bitmap,32,4096,0.4539031982421875,0.364501953125,-0.0894012451171875,-0.16370951968481928
context-0-regime-2,21,1,0.14,previous,bitmap,1,256,0.4539031982421875,0.4627838134765625,0.008880615234375,0.01626197993796974
context-0-regime-2,21,1,0.14,previous,bitmap,1,512,0.4539031982421875,0.4701690673828125,0.016265869140625,0.029785688339992733
context-0-regime-2,21,1,0.14,previous,bitmap,1,1024,0.4539031982421875,0.4748382568359375,0.02093505859375,0.03833580150325522
context-0-regime-2,21,1,0.14,previous,bitmap,1,4096,0.4539031982421875,0.4867401123046875,0.0328369140625,0.06013020760568888
context-0-regime-2,21,1,0.14,previous,bitmap,2,512,0.4539031982421875,0.4542694091796875,0.0003662109375,0.0006705971108441622
context-0-regime-2,21,1,0.14,previous,bitmap,2,1024,0.4539031982421875,0.4517669677734375,-0.00213623046875,-0.003911816479923891
context-0-regime-2,21,1,0.14,previous,bitmap,2,4096,0.4539031982421875,0.44451904296875,-0.0093841552734375,-0.01718405096538045
context-0-regime-2,21,1,0.14,previous,bitmap,4,512,0.4539031982421875,0.422515869140625,-0.0313873291015625,-0.05747576070859761
context-0-regime-2,21,1,0.14,previous,bitmap,4,1024,0.4539031982421875,0.4120330810546875,-0.0418701171875,-0.07667160300651044
context-0-regime-2,21,1,0.14,previous,bitmap,4,4096,0.4539031982421875,0.3780517578125,-0.0758514404296875,-0.13889742658358717
context-0-regime-2,21,1,0.14,previous,bitmap,8,1024,0.4539031982421875,0.406280517578125,-0.0476226806640625,-0.08720556595602003
context-0-regime-2,21,1,0.14,previous,bitmap,8,4096,0.4539031982421875,0.3427886962890625,-0.111114501953125,-0.2034703400486182
context-0-regime-2,21,1,0.14,previous,bitmap,32,1024,0.4539031982421875,0.4111785888671875,-0.042724609375,-0.07823632959848004
context-0-regime-2,21,1,0.14,previous,bitmap,32,4096,0.4539031982421875,0.37335205078125,-0.0805511474609375,-0.14750342283941986
context-0-regime-0,22,1,0.89,current,bitmap,1,256,0.080902099609375,0.13543701171875,0.054534912109375,0.059335259155958386
context-0-regime-0,22,1,0.89,current,bitmap,1,512,0.080902099609375,0.1630096435546875,0.0821075439453125,0.08933492711757474
context-0-regime-0,22,1,0.89,current,bitmap,1,1024,0.080902099609375,0.1787109375,0.097808837890625,0.10641830195570612
context-0-regime-0,22,1,0.89,current,bitmap,1,4096,0.080902099609375,0.20037841796875,0.119476318359375,0.12999302719394357
context-0-regime-0,22,1,0.89,current,bitmap,2,512,0.080902099609375,0.1052703857421875,0.0243682861328125,0.026513264933426317
context-0-regime-0,22,1,0.89,current,bitmap,2,1024,0.080902099609375,0.1053619384765625,0.0244598388671875,0.026612876448517397
context-0-regime-0,22,1,0.89,current,bitmap,2,4096,0.080902099609375,0.1070556640625,0.026153564453125,0.028455689477703605
context-0-regime-0,22,1,0.89,current,bitmap,4,512,0.080902099609375,0.0757293701171875,-0.0051727294921875,-0.0056280506026495924
context-0-regime-0,22,1,0.89,current,bitmap,4,1024,0.080902099609375,0.065185546875,-0.015716552734375,-0.01709997675731323
context-0-regime-0,22,1,0.89,current,bitmap,4,4096,0.080902099609375,0.0430755615234375,-0.0378265380859375,-0.041156157651824454
context-0-regime-0,22,1,0.89,current,bitmap,8,1024,0.080902099609375,0.063018798828125,-0.01788330078125,-0.019457449281136796
context-0-regime-0,22,1,0.89,current,bitmap,8,4096,0.080902099609375,0.0441131591796875,-0.0367889404296875,-0.04002722714745821
context-0-regime-0,22,1,0.89,current,bitmap,32,1024,0.080902099609375,0.068817138671875,-0.0120849609375,-0.013148719992031044
context-0-regime-0,22,1,0.89,current,bitmap,32,4096,0.080902099609375,0.0602874755859375,-0.0206146240234375,-0.022429192814689358
context-0-regime-0,22,1,0.89,previous,bitmap,1,256,0.080902099609375,0.086639404296875,0.0057373046875,0.006242321612378365
context-0-regime-0,22,1,0.89,previous,bitmap,1,512,0.080902099609375,0.08367919921875,0.002777099609375,0.0030215492910981023
context-0-regime-0,22,1,0.89,previous,bitmap,1,1024,0.080902099609375,0.08062744140625,-0.000274658203125,-0.0002988345452734631
context-0-regime-0,22,1,0.89,previous,bitmap,1,4096,0.080902099609375,0.07635498046875,-0.004547119140625,-0.004947371916193433
context-0-regime-0,22,1,0.89,previous,bitmap,2,512,0.080902099609375,0.0696868896484375,-0.0112152099609375,-0.012202410598665114
context-0-regime-0,22,1,0.89,previous,bitmap,2,1024,0.080902099609375,0.0606689453125,-0.020233154296875,-0.022014144835142968
context-0-regime-0,22,1,0.89,previous,bitmap,2,4096,0.080902099609375,0.0421600341796875,-0.0387420654296875,-0.042152272802735924
context-0-regime-0,22,1,0.89,previous,bitmap,4,512,0.080902099609375,0.0657958984375,-0.015106201171875,-0.016435899990038916
context-0-regime-0,22,1,0.89,previous,bitmap,4,1024,0.080902099609375,0.05450439453125,-0.026397705078125,-0.028721320184613264
context-0-regime-0,22,1,0.89,previous,bitmap,4,4096,0.080902099609375,0.0322113037109375,-0.0486907958984375,-0.052976724109307094
context-0-regime-0,22,1,0.89,previous,bitmap,8,1024,0.080902099609375,0.056396484375,-0.024505615234375,-0.026662682206062938
context-0-regime-0,22,1,0.89,previous,bitmap,8,4096,0.080902099609375,0.0364990234375,-0.044403076171875,-0.048311584819205056
context-0-regime-0,22,1,0.89,previous,bitmap,32,1024,0.080902099609375,0.0628509521484375,-0.0180511474609375,-0.019640070392137332
context-0-regime-0,22,1,0.89,previous,bitmap,32,4096,0.080902099609375,0.055267333984375,-0.025634765625,-0.027891224225520483
context-0-regime-1,22,1,0.49,current,bitmap,1,256,0.2930755615234375,0.3522186279296875,0.05914306640625,0.08366250080942828
context-0-regime-1,22,1,0.49,current,bitmap,1,512,0.2930755615234375,0.3849029541015625,0.091827392578125,0.12989704073042807
context-0-regime-1,22,1,0.49,current,bitmap,1,1024,0.2930755615234375,0.40142822265625,0.1083526611328125,0.15327332772129765
context-0-regime-1,22,1,0.49,current,bitmap,1,4096,0.2930755615234375,0.4236297607421875,0.13055419921875,0.1846791426536295
context-0-regime-1,22,1,0.49,current,bitmap,2,512,0.2930755615234375,0.3464813232421875,0.05340576171875,0.07554663385784277
context-0-regime-1,22,1,0.49,current,bitmap,2,1024,0.2930755615234375,0.3487091064453125,0.055633544921875,0.07869800772734137
context-0-regime-1,22,1,0.49,current,bitmap,2,4096,0.2930755615234375,0.3443756103515625,0.051300048828125,0.07256793800859074
context-0-regime-1,22,1,0.49,current,bitmap,4,512,0.2930755615234375,0.2776641845703125,-0.015411376953125,-0.02180060005612039
context-0-regime-1,22,1,0.49,current,bitmap,4,1024,0.2930755615234375,0.271026611328125,-0.0220489501953125,-0.031189967407023733
context-0-regime-1,22,1,0.49,current,bitmap,4,4096,0.2930755615234375,0.2576904296875,-0.0353851318359375,-0.050055041118953536
context-0-regime-1,22,1,0.49,current,bitmap,8,1024,0.2930755615234375,0.2682647705078125,-0.024810791015625,-0.03509680761510059
context-0-regime-1,22,1,0.49,current,bitmap,8,4096,0.2930755615234375,0.254974365234375,-0.0381011962890625,-0.05389712706943817
context-0-regime-1,22,1,0.49,current,bitmap,32,1024,0.2930755615234375,0.280548095703125,-0.0125274658203125,-0.01772108182779686
context-0-regime-1,22,1,0.49,current,bitmap,32,4096,0.2930755615234375,0.27130126953125,-0.0217742919921875,-0.030801441861469048
context-0-regime-1,22,1,0.49,previous,bitmap,1,256,0.2930755615234375,0.31817626953125,0.0251007080078125,0.035506917913186165
context-0-regime-1,22,1,0.49,previous,bitmap,1,512,0.2930755615234375,0.330535888671875,0.0374603271484375,0.05299056746314401
context-0-regime-1,22,1,0.49,previous,bitmap,1,1024,0.2930755615234375,0.3329620361328125,0.039886474609375,0.05642254311554318
context-0-regime-1,22,1,0.49,previous,bitmap,1,4096,0.2930755615234375,0.3383941650390625,0.045318603515625,0.06410671501651233
context-0-regime-1,22,1,0.49,previous,bitmap,2,512,0.2930755615234375,0.308990478515625,0.0159149169921875,0.0225128968896372
context-0-regime-1,22,1,0.49,previous,bitmap,2,1024,0.2930755615234375,0.302032470703125,0.0089569091796875,0.012670249735586836
context-0-regime-1,22,1,0.49,previous,bitmap,2,4096,0.2930755615234375,0.2864990234375,-0.0065765380859375,-0.009303028340780006
context-0-regime-1,22,1,0.49,previous,bitmap,4,512,0.2930755615234375,0.2747344970703125,-0.018341064453125,-0.025944872542036368
context-0-regime-1,22,1,0.49,previous,bitmap,4,1024,0.2930755615234375,0.2658233642578125,-0.027252197265625,-0.038550368020030756
context-0-regime-1,22,1,0.49,previous,bitmap,4,4096,0.2930755615234375,0.2524261474609375,-0.0406494140625,-0.0575017807420839
context-0-regime-1,22,1,0.49,previous,bitmap,8,1024,0.2930755615234375,0.266387939453125,-0.0266876220703125,-0.037751732176390496
context-0-regime-1,22,1,0.49,previous,bitmap,8,4096,0.2930755615234375,0.2529296875,-0.0401458740234375,-0.05678948390856697
context-0-regime-1,22,1,0.49,previous,bitmap,32,1024,0.2930755615234375,0.278533935546875,-0.0145416259765625,-0.020570269161864108
context-0-regime-1,22,1,0.49,previous,bitmap,32,4096,0.2930755615234375,0.2711181640625,-0.0219573974609375,-0.031060458891838838
context-0-regime-2,22,1,0.14,current,bitmap,1,256,0.418670654296875,0.4548187255859375,0.0361480712890625,0.06218174182371783
context-0-regime-2,22,1,0.14,current,bitmap,1,512,0.418670654296875,0.48321533203125,0.064544677734375,0.11102945036484857
context-0-regime-2,22,1,0.14,current,bitmap,1,1024,0.418670654296875,0.4993133544921875,0.0806427001953125,0.13872119271352823
context-0-regime-2,22,1,0.14,current,bitmap,1,4096,0.418670654296875,0.5283966064453125,0.1097259521484375,0.18875006562024255
context-0-regime-2,22,1,0.14,current,bitmap,2,512,0.418670654296875,0.4526214599609375,0.0339508056640625,0.05840201585385063
context-0-regime-2,22,1,0.14,current,bitmap,2,1024,0.418670654296875,0.455657958984375,0.0369873046875,0.06362538715943089
context-0-regime-2,22,1,0.14,current,bitmap,2,4096,0.418670654296875,0.462158203125,0.043487548828125,0.07480707648695473
context-0-regime-2,22,1,0.14,current,bitmap,4,512,0.418670654296875,0.39251708984375,-0.026153564453125,-0.04498923828022461
context-0-regime-2,22,1,0.14,current,bitmap,4,1024,0.418670654296875,0.3843841552734375,-0.0342864990234375,-0.058979473988135966
context-0-regime-2,22,1,0.14,current,bitmap,4,4096,0.418670654296875,0.3585052490234375,-0.0601654052734375,-0.10349624652212719
context-0-regime-2,22,1,0.14,current,bitmap,8,1024,0.418670654296875,0.3780517578125,-0.040618896484375,-0.06987243424851708
context-0-regime-2,22,1,0.14,current,bitmap,8,4096,0.418670654296875,0.321563720703125,-0.09710693359375,-0.16704288939051914
context-0-regime-2,22,1,0.14,current,bitmap,32,1024,0.418670654296875,0.3751373291015625,-0.0435333251953125,-0.07488582077799366
context-0-regime-2,22,1,0.14,current,bitmap,32,4096,0.418670654296875,0.333465576171875,-0.085205078125,-0.14656937372040524
context-0-regime-2,22,1,0.14,previous,bitmap,1,256,0.418670654296875,0.4301300048828125,0.0114593505859375,0.019712320856737908
context-0-regime-2,22,1,0.14,previous,bitmap,1,512,0.418670654296875,0.4425811767578125,0.0239105224609375,0.041130768019318587
context-0-regime-2,22,1,0.14,previous,bitmap,1,1024,0.418670654296875,0.447845458984375,0.0291748046875,0.050186361488792075
context-0-regime-2,22,1,0.14,previous,bitmap,1,4096,0.418670654296875,0.4629669189453125,0.0442962646484375,0.07619822562864187
context-0-regime-2,22,1,0.14,previous,bitmap,2,512,0.418670654296875,0.426849365234375,0.0081787109375,0.01406897999895007
context-0-regime-2,22,1,0.14,previous,bitmap,2,1024,0.418670654296875,0.4244384765625,0.005767822265625,0.009921780670901326
context-0-regime-2,22,1,0.14,previous,bitmap,2,4096,0.418670654296875,0.4220428466796875,0.0033721923828125,0.005800829439865596
context-0-regime-2,22,1,0.14,previous,bitmap,4,512,0.418670654296875,0.390289306640625,-0.02838134765625,-0.048821460444117726
context-0-regime-2,22,1,0.14,previous,bitmap,4,1024,0.418670654296875,0.3809356689453125,-0.0377349853515625,-0.0649115439130663
context-0-regime-2,22,1,0.14,previous,bitmap,4,4096,0.418670654296875,0.352783203125,-0.065887451171875,-0.11333928290198969
context-0-regime-2,22,1,0.14,previous,bitmap,8,1024,0.418670654296875,0.3788604736328125,-0.0398101806640625,-0.06848128510682971
context-0-regime-2,22,1,0.14,previous,bitmap,8,4096,0.418670654296875,0.3236541748046875,-0.0950164794921875,-0.16344690009974272
context-0-regime-2,22,1,0.14,previous,bitmap,32,1024,0.418670654296875,0.3769073486328125,-0.0417633056640625,-0.07184104152448945
context-0-regime-2,22,1,0.14,previous,bitmap,32,4096,0.418670654296875,0.34033203125,-0.078338623046875,-0.13475773006457037
context-0-regime-0,23,1,0.89,current,bitmap,1,256,0.079559326171875,0.130035400390625,0.05047607421875,0.054839030536122824
context-0-regime-0,23,1,0.89,current,bitmap,1,512,0.079559326171875,0.158233642578125,0.07867431640625,0.08547461954179236
context-0-regime-0,23,1,0.89,current,bitmap,1,1024,0.079559326171875,0.1747589111328125,0.0951995849609375,0.10342826829349161
context-0-regime-0,23,1,0.89,current,bitmap,1,4096,0.079559326171875,0.19586181640625,0.116302490234375,0.1263552269487086
context-0-regime-0,23,1,0.89,current,bitmap,2,512,0.079559326171875,0.1015167236328125,0.0219573974609375,0.02385530983720696
context-0-regime-0,23,1,0.89,current,bitmap,2,1024,0.079559326171875,0.1003265380859375,0.0207672119140625,0.022562249262292333
context-0-regime-0,23,1,0.89,current,bitmap,2,4096,0.079559326171875,0.087738037109375,0.0081787109375,0.008885647027618404
context-0-regime-0,23,1,0.89,current,bitmap,4,512,0.079559326171875,0.078704833984375,-0.0008544921875,-0.0009283511819899726
context-0-regime-0,23,1,0.89,current,bitmap,4,1024,0.079559326171875,0.071441650390625,-0.00811767578125,-0.00881933622890485
context-0-regime-0,23,1,0.89,current,bitmap,4,4096,0.079559326171875,0.049102783203125,-0.03045654296875,-0.03308908855807169
context-0-regime-0,23,1,0.89,current,bitmap,8,1024,0.079559326171875,0.0673980712890625,-0.0121612548828125,-0.013212426643678832
context-0-regime-0,23,1,0.89,current,bitmap,8,4096,0.079559326171875,0.0512847900390625,-0.0282745361328125,-0.030718477504061426
context-0-regime-0,23,1,0.89,current,bitmap,32,1024,0.079559326171875,0.0678863525390625,-0.0116729736328125,-0.012681940253970403
context-0-regime-0,23,1,0.89,current,bitmap,32,4096,0.079559326171875,0.05615234375,-0.023406982421875,-0.02543019130665436
context-0-regime-0,23,1,0.89,previous,bitmap,1,256,0.079559326171875,0.088409423828125,0.00885009765625,0.009615065813467716
context-0-regime-0,23,1,0.89,previous,bitmap,1,512,0.079559326171875,0.08966064453125,0.010101318359375,0.010974437187095898
context-0-regime-0,23,1,0.89,previous,bitmap,1,1024,0.079559326171875,0.0891265869140625,0.0095672607421875,0.010394217698352137
context-0-regime-0,23,1,0.89,previous,bitmap,1,4096,0.079559326171875,0.0855255126953125,0.0059661865234375,0.006481880574251475
context-0-regime-0,23,1,0.89,previous,bitmap,2,512,0.079559326171875,0.072418212890625,-0.00714111328125,-0.007758363449487771
context-0-regime-0,23,1,0.89,previous,bitmap,2,1024,0.079559326171875,0.0653228759765625,-0.0142364501953125,-0.01546699379994032
context-0-regime-0,23,1,0.89,previous,bitmap,2,4096,0.079559326171875,0.033477783203125,-0.04608154296875,-0.05006465302874563
context-0-regime-0,23,1,0.89,previous,bitmap,4,512,0.079559326171875,0.0692138671875,-0.010345458984375,-0.011239680381950112
context-0-regime-0,23,1,0.89,previous,bitmap,4,1024,0.079559326171875,0.060943603515625,-0.01861572265625,-0.020224793607638958
context-0-regime-0,23,1,0.89,previous,bitmap,4,4096,0.079559326171875,0.035797119140625,-0.04376220703125,-0.04754484267763015
context-0-regime-0,23,1,0.89,previous,bitmap,8,1024,0.079559326171875,0.0620880126953125,-0.0174713134765625,-0.01898146613175955
context-0-regime-0,23,1,0.89,previous,bitmap,8,4096,0.079559326171875,0.04473876953125,-0.034820556640625,-0.03783031066609199
context-0-regime-0,23,1,0.89,previous,bitmap,32,1024,0.079559326171875,0.0623779296875,-0.017181396484375,-0.018666489837870115
context-0-regime-0,23,1,0.89,previous,bitmap,32,4096,0.079559326171875,0.05096435546875,-0.028594970703125,-0.03106660919730775
context-0-regime-1,23,1,0.49,current,bitmap,1,256,0.278839111328125,0.335205078125,0.056365966796875,0.07816004400998688
context-0-regime-1,23,1,0.49,current,bitmap,1,512,0.278839111328125,0.3702545166015625,0.0914154052734375,0.12676145740764255
context-0-regime-1,23,1,0.49,current,bitmap,1,1024,0.278839111328125,0.3885955810546875,0.1097564697265625,0.1521941517498202
context-0-regime-1,23,1,0.49,current,bitmap,1,4096,0.278839111328125,0.4132232666015625,0.1343841552734375,0.1863442088781685
context-0-regime-1,23,1,0.49,current,bitmap,2,512,0.278839111328125,0.3306121826171875,0.0517730712890625,0.07179129110067284
context-0-regime-1,23,1,0.49,current,bitmap,2,1024,0.278839111328125,0.3309173583984375,0.0520782470703125,0.07221446405145782
context-0-regime-1,23,1,0.49,current,bitmap,2,4096,0.278839111328125,0.3155517578125,0.036712646484375,0.05090770597943384
context-0-regime-1,23,1,0.49,current,bitmap,4,512,0.278839111328125,0.2605438232421875,-0.0182952880859375,-0.025369218399559967
context-0-regime-1,23,1,0.49,current,bitmap,4,1024,0.278839111328125,0.2530059814453125,-0.0258331298828125,-0.035821590283949156
context-0-regime-1,23,1,0.49,current,bitmap,4,4096,0.278839111328125,0.2346954345703125,-0.0441436767578125,-0.06121196733104828
context-0-regime-1,23,1,0.49,current,bitmap,8,1024,0.278839111328125,0.2517242431640625,-0.0271148681640625,-0.03759891667724591
context-0-regime-1,23,1,0.49,current,bitmap,8,4096,0.278839111328125,0.23785400390625,-0.040985107421875,-0.05683212729042353
context-0-regime-1,23,1,0.49,current,bitmap,32,1024,0.278839111328125,0.258331298828125,-0.0205078125,-0.02843722229275114
context-0-regime-1,23,1,0.49,current,bitmap,32,4096,0.278839111328125,0.2167510986328125,-0.0620880126953125,-0.08609453683720547
context-0-regime-1,23,1,0.49,previous,bitmap,1,256,0.278839111328125,0.3004608154296875,0.0216217041015625,0.029981803563116194
context-0-regime-1,23,1,0.49,previous,bitmap,1,512,0.278839111328125,0.3129425048828125,0.0341033935546875,0.0472895772502222
context-0-regime-1,23,1,0.49,previous,bitmap,1,1024,0.278839111328125,0.3152008056640625,0.0363616943359375,0.05042105708603106
context-0-regime-1,23,1,0.49,previous,bitmap,1,4096,0.278839111328125,0.320709228515625,0.0418701171875,0.05805932884770004
context-0-regime-1,23,1,0.49,previous,bitmap,2,512,0.278839111328125,0.290069580078125,0.01123046875,0.015572764588887456
context-0-regime-1,23,1,0.49,previous,bitmap,2,1024,0.278839111328125,0.2806396484375,0.001800537109375,0.0024967204096314477
context-0-regime-1,23,1,0.49,previous,bitmap,2,4096,0.278839111328125,0.252777099609375,-0.02606201171875,-0.036138969997037806
context-0-regime-1,23,1,0.49,previous,bitmap,4,512,0.278839111328125,0.258758544921875,-0.02008056640625,-0.02784478016165215
context-0-regime-1,23,1,0.49,previous,bitmap,4,1024,0.278839111328125,0.24951171875,-0.029327392578125,-0.04066692057043708
context-0-regime-1,23,1,0.49,previous,bitmap,4,4096,0.278839111328125,0.2331695556640625,-0.0456695556640625,-0.06332783208497306
context-0-regime-1,23,1,0.49,previous,bitmap,8,1024,0.278839111328125,0.251434326171875,-0.02740478515625,-0.03800093098049162
context-0-regime-1,23,1,0.49,previous,bitmap,8,4096,0.278839111328125,0.23736572265625,-0.041473388671875,-0.05750920401167958
context-0-regime-1,23,1,0.49,previous,bitmap,32,1024,0.278839111328125,0.2580718994140625,-0.0207672119140625,-0.028796919300918322
context-0-regime-1,23,1,0.49,previous,bitmap,32,4096,0.278839111328125,0.21368408203125,-0.065155029296875,-0.0903474249925944
context-0-regime-2,23,1,0.14,current,bitmap,1,256,0.401458740234375,0.4456634521484375,0.0442047119140625,0.07385407637791264
context-0-regime-2,23,1,0.14,current,bitmap,1,512,0.401458740234375,0.4762420654296875,0.0747833251953125,0.12494264008565747
context-0-regime-2,23,1,0.14,current,bitmap,1,1024,0.401458740234375,0.498077392578125,0.09661865234375,0.16142354560750527
context-0-regime-2,23,1,0.14,current,bitmap,1,4096,0.401458740234375,0.5280609130859375,0.1266021728515625,0.21151787079997963
context-0-regime-2,23,1,0.14,current,bitmap,2,512,0.401458740234375,0.4413909912109375,0.0399322509765625,0.06671595370417582
context-0-regime-2,23,1,0.14,current,bitmap,2,1024,0.401458740234375,0.44732666015625,0.045867919921875,0.07663284556161731
context-0-regime-2,23,1,0.14,current,bitmap,2,4096,0.401458740234375,0.446990966796875,0.0455322265625,0.07607199306582368
context-0-regime-2,23,1,0.14,current,bitmap,4,512,0.401458740234375,0.3711395263671875,-0.0303192138671875,-0.050655177688267994
context-0-regime-2,23,1,0.14,current,bitmap,4,1024,0.401458740234375,0.361175537109375,-0.040283203125,-0.06730229949523281
context-0-regime-2,23,1,0.14,current,bitmap,4,4096,0.401458740234375,0.3272247314453125,-0.0742340087890625,-0.12402488145617707
context-0-regime-2,23,1,0.14,current,bitmap,8,1024,0.401458740234375,0.352294921875,-0.049163818359375,-0.08213939733850006
context-0-regime-2,23,1,0.14,current,bitmap,8,4096,0.401458740234375,0.299041748046875,-0.1024169921875,-0.17111099780757666
context-0-regime-2,23,1,0.14,current,bitmap,32,1024,0.401458740234375,0.3487548828125,-0.052703857421875,-0.08805384183959619
context-0-regime-2,23,1,0.14,current,bitmap,32,4096,0.401458740234375,0.2964019775390625,-0.1050567626953125,-0.1755213378881355
context-0-regime-2,23,1,0.14,previous,bitmap,1,256,0.401458740234375,0.41705322265625,0.015594482421875,0.02605414775913939
context-0-regime-2,23,1,0.14,previous,bitmap,1,512,0.401458740234375,0.4295501708984375,0.0280914306640625,0.04693315657981956
context-0-regime-2,23,1,0.14,previous,bitmap,1,1024,0.401458740234375,0.43817138671875,0.036712646484375,0.06133686840360986
context-0-regime-2,23,1,0.14,previous,bitmap,1,4096,0.401458740234375,0.454833984375,0.053375244140625,0.08917554683118345
context-0-regime-2,23,1,0.14,previous,bitmap,2,512,0.401458740234375,0.410919189453125,0.00946044921875,0.015805843063274372
context-0-regime-2,23,1,0.14,previous,bitmap,2,1024,0.401458740234375,0.409759521484375,0.00830078125,0.013868352623260027
context-0-regime-2,23,1,0.14,previous,bitmap,2,4096,0.401458740234375,0.399932861328125,-0.00152587890625,-0.002549329526334576
context-0-regime-2,23,1,0.14,previous,bitmap,4,512,0.401458740234375,0.369354248046875,-0.0321044921875,-0.053637893234079526
context-0-regime-2,23,1,0.14,previous,bitmap,4,1024,0.401458740234375,0.3580322265625,-0.043426513671875,-0.07255391831948188
context-0-regime-2,23,1,0.14,previous,bitmap,4,4096,0.401458740234375,0.322845458984375,-0.07861328125,-0.13134145719675727
context-0-regime-2,23,1,0.14,previous,bitmap,8,1024,0.401458740234375,0.3513641357421875,-0.0500946044921875,-0.08369448834956406
context-0-regime-2,23,1,0.14,previous,bitmap,8,4096,0.401458740234375,0.3004608154296875,-0.1009979248046875,-0.16874012134808547
context-0-regime-2,23,1,0.14,previous,bitmap,32,1024,0.401458740234375,0.350189208984375,-0.05126953125,-0.08565747208484176
context-0-regime-2,23,1,0.14,previous,bitmap,32,4096,0.401458740234375,0.2974395751953125,-0.1040191650390625,-0.1737877938102279
context-0-regime-0,24,1,0.89,current,bitmap,1,256,0.1149749755859375,0.1665496826171875,0.05157470703125,0.058274857330046004
context-0-regime-0,24,1,0.89,current,bitmap,1,512,0.1149749755859375,0.190277099609375,0.0753021240234375,0.08508473991827725
context-0-regime-0,24,1,0.89,current,bitmap,1,1024,0.1149749755859375,0.2040557861328125,0.089080810546875,0.10065343700970675
context-0-regime-0,24,1,0.89,current,bitmap,1,4096,0.1149749755859375,0.2214202880859375,0.1064453125,0.12027378838295888
context-0-regime-0,24,1,0.89,current,bitmap,2,512,0.1149749755859375,0.1358184814453125,0.020843505859375,0.02355131808072275
context-0-regime-0,24,1,0.89,current,bitmap,2,1024,0.1149749755859375,0.13409423828125,0.0191192626953125,0.021603075809037753
context-0-regime-0,24,1,0.89,current,bitmap,2,4096,0.1149749755859375,0.1177215576171875,0.00274658203125,0.003103394769055745
context-0-regime-0,24,1,0.89,current,bitmap,4,512,0.1149749755859375,0.1087646484375,-0.0062103271484375,-0.007017120394475995
context-0-regime-0,24,1,0.89,current,bitmap,4,1024,0.1149749755859375,0.0955657958984375,-0.0194091796875,-0.02193065636799374
context-0-regime-0,24,1,0.89,current,bitmap,4,4096,0.1149749755859375,0.0658416748046875,-0.04913330078125,-0.0555162842019965
context-0-regime-0,24,1,0.89,current,bitmap,8,1024,0.1149749755859375,0.0906524658203125,-0.024322509765625,-0.027482284788193256
context-0-regime-0,24,1,0.89,current,bitmap,8,4096,0.1149749755859375,0.07196044921875,-0.0430145263671875,-0.04860261029982249
context-0-regime-0,24,1,0.89,current,bitmap,32,1024,0.1149749755859375,0.096954345703125,-0.0180206298828125,-0.0203617179014155
context-0-regime-0,24,1,0.89,current,bitmap,32,4096,0.1149749755859375,0.092132568359375,-0.0228424072265625,-0.025809899829313254
context-0-regime-0,24,1,0.89,previous,bitmap,1,256,0.1149749755859375,0.1277923583984375,0.0128173828125,0.014482508922259996
context-0-regime-0,24,1,0.89,previous,bitmap,1,512,0.1149749755859375,0.126068115234375,0.0110931396484375,0.012534266650574999
context-0-regime-0,24,1,0.89,previous,bitmap,1,1024,0.1149749755859375,0.1215362548828125,0.006561279296875,0.0074136652816331194
context-0-regime-0,24,1,0.89,previous,bitmap,1,4096,0.1149749755859375,0.1116943359375,-0.0032806396484375,-0.003706832640816504
context-0-regime-0,24,1,0.89,previous,bitmap,2,512,0.1149749755859375,0.105560302734375,-0.0094146728515625,-0.010637747625040994
context-0-regime-0,24,1,0.89,previous,bitmap,2,1024,0.1149749755859375,0.0936126708984375,-0.0213623046875,-0.024137514870433252
context-0-regime-0,24,1,0.89,previous,bitmap,2,4096,0.1149749755859375,0.0572052001953125,-0.057769775390625,-0.06527473664247174
context-0-regime-0,24,1,0.89,previous,bitmap,4,512,0.1149749755859375,0.09844970703125,-0.0165252685546875,-0.01867209186048524
context-0-regime-0,24,1,0.89,previous,bitmap,4,1024,0.1149749755859375,0.0853118896484375,-0.0296630859375,-0.033516663505801514
context-0-regime-0,24,1,0.89,previous,bitmap,4,4096,0.1149749755859375,0.0533294677734375,-0.0616455078125,-0.06965397148325025
context-0-regime-0,24,1,0.89,previous,bitmap,8,1024,0.1149749755859375,0.085906982421875,-0.0290679931640625,-0.032844261305839506
context-0-regime-0,24,1,0.89,previous,bitmap,8,4096,0.1149749755859375,0.0640869140625,-0.0508880615234375,-0.05749900863778201
context-0-regime-0,24,1,0.89,previous,bitmap,32,1024,0.1149749755859375,0.0916748046875,-0.0233001708984375,-0.026327132290822508
context-0-regime-0,24,1,0.89,previous,bitmap,32,4096,0.1149749755859375,0.079986572265625,-0.0349884033203125,-0.03953380114135974
context-0-regime-1,24,1,0.49,current,bitmap,1,256,0.3289794921875,0.3807373046875,0.0517578125,0.07713298162634163
context-0-regime-1,24,1,0.49,current,bitmap,1,512,0.3289794921875,0.406158447265625,0.077178955078125,0.11501728215390217
context-0-regime-1,24,1,0.49,current,bitmap,1,1024,0.3289794921875,0.42193603515625,0.09295654296875,0.13853010733127158
context-0-regime-1,24,1,0.49,current,bitmap,1,4096,0.3289794921875,0.4412689208984375,0.1122894287109375,0.16734127706021462
context-0-regime-1,24,1,0.49,current,bitmap,2,512,0.3289794921875,0.37158203125,0.0426025390625,0.06348917591413494
context-0-regime-1,24,1,0.49,current,bitmap,2,1024,0.3289794921875,0.373870849609375,0.044891357421875,0.06690012734218664
context-0-regime-1,24,1,0.49,current,bitmap,2,4096,0.3289794921875,0.3669891357421875,0.0380096435546875,0.05664453338184461
context-0-regime-1,24,1,0.49,current,bitmap,4,512,0.3289794921875,0.310791015625,-0.0181884765625,-0.027105694014917248
context-0-regime-1,24,1,0.49,current,bitmap,4,1024,0.3289794921875,0.304107666015625,-0.024871826171875,-0.03706567218482815
context-0-regime-1,24,1,0.49,current,bitmap,4,4096,0.3289794921875,0.2945709228515625,-0.0344085693359375,-0.051277969801710066
context-0-regime-1,24,1,0.49,current,bitmap,8,1024,0.3289794921875,0.3068084716796875,-0.0221710205078125,-0.03304074949972713
context-0-regime-1,24,1,0.49,current,bitmap,8,4096,0.3289794921875,0.2972564697265625,-0.0317230224609375,-0.04727578679279598
context-0-regime-1,24,1,0.49,current,bitmap,32,1024,0.3289794921875,0.32110595703125,-0.00787353515625,-0.011733672912497717
context-0-regime-1,24,1,0.49,current,bitmap,32,4096,0.3289794921875,0.3189849853515625,-0.0099945068359375,-0.01489448790249237
context-0-regime-1,24,1,0.49,previous,bitmap,1,256,0.3289794921875,0.3511199951171875,0.0221405029296875,0.03299527014735315
context-0-regime-1,24,1,0.49,previous,bitmap,1,512,0.3289794921875,0.358062744140625,0.029083251953125,0.04334182281244314
context-0-regime-1,24,1,0.49,previous,bitmap,1,1024,0.3289794921875,0.360595703125,0.0316162109375,0.047116609059487
context-0-regime-1,24,1,0.49,previous,bitmap,1,4096,0.3289794921875,0.36553955078125,0.03656005859375,0.05448426414407859
context-0-regime-1,24,1,0.49,previous,bitmap,2,512,0.3289794921875,0.3375396728515625,0.0085601806640625,0.012756958340913171
context-0-regime-1,24,1,0.49,previous,bitmap,2,1024,0.3289794921875,0.331024169921875,0.002044677734375,0.0030471166090595414
context-0-regime-1,24,1,0.49,previous,bitmap,2,4096,0.3289794921875,0.3134918212890625,-0.0154876708984375,-0.02308077132981623
context-0-regime-1,24,1,0.49,previous,bitmap,4,512,0.3289794921875,0.308319091796875,-0.020660400390625,-0.03078952155721293
context-0-regime-1,24,1,0.49,previous,bitmap,4,1024,0.3289794921875,0.3013916015625,-0.027587890625,-0.0411133345461161
context-0-regime-1,24,1,0.49,previous,bitmap,4,4096,0.3289794921875,0.291259765625,-0.0377197265625,-0.05621247953429154
context-0-regime-1,24,1,0.49,previous,bitmap,8,1024,0.3289794921875,0.3060455322265625,-0.0229339599609375,-0.034177733309077585
context-0-regime-1,24,1,0.49,previous,bitmap,8,4096,0.3289794921875,0.29534912109375,-0.03363037109375,-0.050118246316172455
context-0-regime-1,24,1,0.49,previous,bitmap,32,1024,0.3289794921875,0.319610595703125,-0.009368896484375,-0.013962161178824761
context-0-regime-1,24,1,0.49,previous,bitmap,32,4096,0.3289794921875,0.3163604736328125,-0.0126190185546875,-0.018805712206658276
context-0-regime-2,24,1,0.14,current,bitmap,1,256,0.4686279296875,0.4951171875,0.0264892578125,0.049850677693544676
context-0-regime-2,24,1,0.14,current,bitmap,1,512,0.4686279296875,0.5170440673828125,0.0484161376953125,0.09111532276590861
context-0-regime-2,24,1,0.14,current,bitmap,1,1024,0.4686279296875,0.5326995849609375,0.0640716552734375,0.12057776246266938
context-0-regime-2,24,1,0.14,current,bitmap,1,4096,0.4686279296875,0.5566558837890625,0.0880279541015625,0.16566161268090973
context-0-regime-2,24,1,0.14,current,bitmap,2,512,0.4686279296875,0.4887237548828125,0.0200958251953125,0.03781874569262578
context-0-regime-2,24,1,0.14,current,bitmap,2,1024,0.4686279296875,0.492156982421875,0.023529052734375,0.04427980702963474
context-0-regime-2,24,1,0.14,current,bitmap,2,4096,0.4686279296875,0.4969940185546875,0.0283660888671875,0.05338272455777626
context-0-regime-2,24,1,0.14,current,bitmap,4,512,0.4686279296875,0.4416961669921875,-0.0269317626953125,-0.05068343671031483
context-0-regime-2,24,1,0.14,current,bitmap,4,1024,0.4686279296875,0.43487548828125,-0.03375244140625,-0.06351941189983923
context-0-regime-2,24,1,0.14,current,bitmap,4,4096,0.4686279296875,0.4166412353515625,-0.0519866943359375,-0.09783482655639797
context-0-regime-2,24,1,0.14,current,bitmap,8,1024,0.4686279296875,0.430389404296875,-0.038238525390625,-0.07196186538019766
context-0-regime-2,24,1,0.14,current,bitmap,8,4096,0.4686279296875,0.3961181640625,-0.072509765625,-0.13645761543762913
context-0-regime-2,24,1,0.14,current,bitmap,32,1024,0.4686279296875,0.431884765625,-0.0367431640625,-0.06914771422007804
context-0-regime-2,24,1,0.14,current,bitmap,32,4096,0.4686279296875,0.4031219482421875,-0.0655059814453125,-0.12327705031013103
context-0-regime-2,24,1,0.14,previous,bitmap,1,256,0.4686279296875,0.47381591796875,0.00518798828125,0.009763381575924601
context-0-regime-2,24,1,0.14,previous,bitmap,1,512,0.4686279296875,0.481781005859375,0.013153076171875,0.02475304387778543
context-0-regime-2,24,1,0.14,previous,bitmap,1,1024,0.4686279296875,0.486053466796875,0.017425537109375,0.03279347576384106
context-0-regime-2,24,1,0.14,previous,bitmap,1,4096,0.4686279296875,0.498321533203125,0.029693603515625,0.0558810016080864
context-0-regime-2,24,1,0.14,previous,bitmap,2,512,0.4686279296875,0.46630859375,-0.0023193359375,-0.004364805881001521
context-0-regime-2,24,1,0.14,previous,bitmap,2,1024,0.4686279296875,0.46356201171875,-0.00506591796875,-0.009533654950608872
context-0-regime-2,24,1,0.14,previous,bitmap,2,4096,0.4686279296875,0.4616851806640625,-0.0069427490234375,-0.013065701814840347
context-0-regime-2,24,1,0.14,previous,bitmap,4,512,0.4686279296875,0.4395294189453125,-0.0290985107421875,-0.054761084309671526
context-0-regime-2,24,1,0.14,previous,bitmap,4,1024,0.4686279296875,0.43170166015625,-0.03692626953125,-0.06949230415805197
context-0-regime-2,24,1,0.14,previous,bitmap,4,4096,0.4686279296875,0.4107818603515625,-0.0578460693359375,-0.10886170457155986
context-0-regime-2,24,1,0.14,previous,bitmap,8,1024,0.4686279296875,0.4285430908203125,-0.0400848388671875,-0.07543648058810026
context-0-regime-2,24,1,0.14,previous,bitmap,8,4096,0.4686279296875,0.39581298828125,-0.07281494140625,-0.137031932000919
context-0-regime-2,24,1,0.14,previous,bitmap,32,1024,0.4686279296875,0.429351806640625,-0.039276123046875,-0.07391454169538259
context-0-regime-2,24,1,0.14,previous,bitmap,32,4096,0.4686279296875,0.415557861328125,-0.053070068359375,-0.0998736503560762
context-0-regime-0,25,1,0.89,current,bitmap,1,256,0.115814208984375,0.16436767578125,0.048553466796875,0.05491319504366132
context-0-regime-0,25,1,0.89,current,bitmap,1,512,0.115814208984375,0.18927001953125,0.073455810546875,0.08307734787560828
context-0-regime-0,25,1,0.89,current,bitmap,1,1024,0.115814208984375,0.2014923095703125,0.0856781005859375,0.09690056259275881
context-0-regime-0,25,1,0.89,current,bitmap,1,4096,0.115814208984375,0.216705322265625,0.10089111328125,0.11410623684119703
context-0-regime-0,25,1,0.89,current,bitmap,2,512,0.115814208984375,0.14129638671875,0.025482177734375,0.02881993580229869
context-0-regime-0,25,1,0.89,current,bitmap,2,1024,0.115814208984375,0.1372528076171875,0.0214385986328125,0.024246712456424957
context-0-regime-0,25,1,0.89,current,bitmap,2,4096,0.115814208984375,0.1190948486328125,0.0032806396484375,0.0037103510164635534
context-0-regime-0,25,1,0.89,current,bitmap,4,512,0.115814208984375,0.1191558837890625,0.0033416748046875,0.003779380802816368
context-0-regime-0,25,1,0.89,current,bitmap,4,1024,0.115814208984375,0.1078643798828125,-0.0079498291015625,-0.008991129672453635
context-0-regime-0,25,1,0.89,current,bitmap,4,4096,0.115814208984375,0.0800018310546875,-0.0358123779296875,-0.04050322714251209
context-0-regime-0,25,1,0.89,current,bitmap,8,1024,0.115814208984375,0.0943756103515625,-0.0214385986328125,-0.024246712456424957
context-0-regime-0,25,1,0.89,current,bitmap,8,4096,0.115814208984375,0.06787109375,-0.047943115234375,-0.05422289718013329
context-0-regime-0,25,1,0.89,current,bitmap,32,1024,0.115814208984375,0.099853515625,-0.015960693359375,-0.018051289131260084
context-0-regime-0,25,1,0.89,current,bitmap,32,4096,0.115814208984375,0.0879058837890625,-0.0279083251953125,-0.03156386980982284
context-0-regime-0,25,1,0.89,previous,bitmap,1,256,0.115814208984375,0.127716064453125,0.01190185546875,0.013460808338798147
context-0-regime-0,25,1,0.89,previous,bitmap,1,512,0.115814208984375,0.130584716796875,0.0147705078125,0.016705208297380314
context-0-regime-0,25,1,0.89,previous,bitmap,1,1024,0.115814208984375,0.1260528564453125,0.0102386474609375,0.011579746660684065
context-0-regime-0,25,1,0.89,previous,bitmap,1,4096,0.115814208984375,0.1158447265625,3.0517578125e-05,3.451489317640721e-05
context-0-regime-0,25,1,0.89,previous,bitmap,2,512,0.115814208984375,0.1115875244140625,-0.0042266845703125,-0.004780312704932177
context-0-regime-0,25,1,0.89,previous,bitmap,2,1024,0.115814208984375,0.0982208251953125,-0.0175933837890625,-0.01989783591619787
context-0-regime-0,25,1,0.89,previous,bitmap,2,4096,0.115814208984375,0.0580902099609375,-0.0577239990234375,-0.06528492044317113
context-0-regime-0,25,1,0.89,previous,bitmap,4,512,0.115814208984375,0.10723876953125,-0.008575439453125,-0.009698684982569983
context-0-regime-0,25,1,0.89,previous,bitmap,4,1024,0.115814208984375,0.0956573486328125,-0.0201568603515625,-0.022797086943015854
context-0-regime-0,25,1,0.89,previous,bitmap,4,4096,0.115814208984375,0.0655517578125,-0.050262451171875,-0.056846029061540015
context-0-regime-0,25,1,0.89,previous,bitmap,8,1024,0.115814208984375,0.090362548828125,-0.02545166015625,-0.028785420909122283
context-0-regime-0,25,1,0.89,previous,bitmap,8,4096,0.115814208984375,0.06182861328125,-0.053985595703125,-0.06105684602906147
context-0-regime-0,25,1,0.89,previous,bitmap,32,1024,0.115814208984375,0.096466064453125,-0.01934814453125,-0.021882442273841063
context-0-regime-0,25,1,0.89,previous,bitmap,32,4096,0.115814208984375,0.083221435546875,-0.0325927734375,-0.03686190591240113
context-0-regime-1,25,1,0.49,current,bitmap,1,256,0.2930145263671875,0.3526458740234375,0.05963134765625,0.08434593054626294
context-0-regime-1,25,1,0.49,current,bitmap,1,512,0.2930145263671875,0.38397216796875,0.0909576416015625,0.12865560183886215
context-0-regime-1,25,1,0.49,current,bitmap,1,1024,0.2930145263671875,0.4011077880859375,0.10809326171875,0.15289318628191573
context-0-regime-1,25,1,0.49,current,bitmap,1,4096,0.2930145263671875,0.42510986328125,0.1320953369140625,0.18684307081345908
context-0-regime-1,25,1,0.49,current,bitmap,2,512,0.2930145263671875,0.3417816162109375,0.04876708984375,0.0689789135173634
context-0-regime-1,25,1,0.49,current,bitmap,2,1024,0.2930145263671875,0.3437042236328125,0.050689697265625,0.0716983575421406
context-0-regime-1,25,1,0.49,current,bitmap,2,4096,0.2930145263671875,0.3351898193359375,0.04217529296875,0.05965510543241315
context-0-regime-1,25,1,0.49,current,bitmap,4,512,0.2930145263671875,0.273895263671875,-0.0191192626953125,-0.027043360024172847
context-0-regime-1,25,1,0.49,current,bitmap,4,1024,0.2930145263671875,0.2640228271484375,-0.02899169921875,-0.04100748926251274
context-0-regime-1,25,1,0.49,current,bitmap,4,4096,0.2930145263671875,0.248748779296875,-0.0442657470703125,-0.0626119612371312
context-0-regime-1,25,1,0.49,current,bitmap,8,1024,0.2930145263671875,0.26214599609375,-0.0308685302734375,-0.04366218462003313
context-0-regime-1,25,1,0.49,current,bitmap,8,4096,0.2930145263671875,0.2516632080078125,-0.041351318359375,-0.058489629421794476
context-0-regime-1,25,1,0.49,current,bitmap,32,1024,0.2930145263671875,0.2684326171875,-0.0245819091796875,-0.0347700343167936
context-0-regime-1,25,1,0.49,current,bitmap,32,4096,0.2930145263671875,0.2599029541015625,-0.033111572265625,-0.04683486931560665
context-0-regime-1,25,1,0.49,previous,bitmap,1,256,0.2930145263671875,0.3196563720703125,0.026641845703125,0.03768372434334055
context-0-regime-1,25,1,0.49,previous,bitmap,1,512,0.2930145263671875,0.3313751220703125,0.038360595703125,0.05425938316102996
context-0-regime-1,25,1,0.49,previous,bitmap,1,1024,0.2930145263671875,0.3332061767578125,0.040191650390625,0.05684932985129387
context-0-regime-1,25,1,0.49,previous,bitmap,1,4096,0.2930145263671875,0.341827392578125,0.0488128662109375,0.06904366218461999
context-0-regime-1,25,1,0.49,previous,bitmap,2,512,0.2930145263671875,0.3054656982421875,0.012451171875,0.017611637493794907
context-0-regime-1,25,1,0.49,previous,bitmap,2,1024,0.2930145263671875,0.2971649169921875,0.004150390625,0.005870545831265006
context-0-regime-1,25,1,0.49,previous,bitmap,2,4096,0.2930145263671875,0.275909423828125,-0.0171051025390625,-0.02419441866488259
context-0-regime-1,25,1,0.49,previous,bitmap,4,512,0.2930145263671875,0.2711639404296875,-0.0218505859375,-0.03090669717048322
context-0-regime-1,25,1,0.49,previous,bitmap,4,1024,0.2930145263671875,0.26043701171875,-0.0325775146484375,-0.04607946819761288
context-0-regime-1,25,1,0.49,previous,bitmap,4,4096,0.2930145263671875,0.244598388671875,-0.0484161376953125,-0.06848250706839609
context-0-regime-1,25,1,0.49,previous,bitmap,8,1024,0.2930145263671875,0.261993408203125,-0.0310211181640625,-0.04387801351088849
context-0-regime-1,25,1,0.49,previous,bitmap,8,4096,0.2930145263671875,0.251068115234375,-0.0419464111328125,-0.059331362096130214
context-0-regime-1,25,1,0.49,previous,bitmap,32,1024,0.2930145263671875,0.2709808349609375,-0.02203369140625,-0.03116569183950957
context-0-regime-1,25,1,0.49,previous,bitmap,32,4096,0.2930145263671875,0.2602996826171875,-0.03271484375,-0.046273714199382754
context-0-regime-2,25,1,0.14,current,bitmap,1,256,0.443756103515625,0.481536865234375,0.03778076171875,0.06792121577878973
context-0-regime-2,25,1,0.14,current,bitmap,1,512,0.443756103515625,0.5124359130859375,0.0686798095703125,0.12347067537170131
context-0-regime-2,25,1,0.14,current,bitmap,1,1024,0.443756103515625,0.530426025390625,0.086669921875,0.15581280517912988
context-0-regime-2,25,1,0.14,current,bitmap,1,4096,0.443756103515625,0.56207275390625,0.118316650390625,0.21270642453503041
context-0-regime-2,25,1,0.14,current,bitmap,2,512,0.443756103515625,0.4781341552734375,0.0343780517578125,0.061803917265594976
context-0-regime-2,25,1,0.14,current,bitmap,2,1024,0.443756103515625,0.4813385009765625,0.0375823974609375,0.06756460196411918
context-0-regime-2,25,1,0.14,current,bitmap,2,4096,0.443756103515625,0.487060546875,0.043304443359375,0.07785153892576946
context-0-regime-2,25,1,0.14,current,bitmap,4,512,0.443756103515625,0.4123687744140625,-0.0313873291015625,-0.05642727821363902
context-0-regime-2,25,1,0.14,current,bitmap,4,1024,0.443756103515625,0.4023284912109375,-0.0414276123046875,-0.07447742360234821
context-0-regime-2,25,1,0.14,current,bitmap,4,4096,0.443756103515625,0.3762969970703125,-0.0674591064453125,-0.1212761288198827
context-0-regime-2,25,1,0.14,current,bitmap,8,1024,0.443756103515625,0.395111083984375,-0.04864501953125,-0.08745268008997642
context-0-regime-2,25,1,0.14,current,bitmap,8,4096,0.443756103515625,0.3602447509765625,-0.0835113525390625,-0.15013441597629895
context-0-regime-2,25,1,0.14,current,bitmap,32,1024,0.443756103515625,0.392974853515625,-0.05078125,-0.0912931365556593
context-0-regime-2,25,1,0.14,current,bitmap,32,4096,0.443756103515625,0.3700103759765625,-0.0737457275390625,-0.13257804356174896
context-0-regime-2,25,1,0.14,previous,bitmap,1,256,0.443756103515625,0.4562225341796875,0.0124664306640625,0.02241180666044873
context-0-regime-2,25,1,0.14,previous,bitmap,1,512,0.443756103515625,0.469635009765625,0.02587890625,0.04652438689855709
context-0-regime-2,25,1,0.14,previous,bitmap,1,1024,0.443756103515625,0.47528076171875,0.031524658203125,0.05667416470071873
context-0-regime-2,25,1,0.14,previous,bitmap,1,4096,0.443756103515625,0.4906158447265625,0.0468597412109375,0.0842431557579415
context-0-regime-2,25,1,0.14,previous,bitmap,2,512,0.443756103515625,0.450958251953125,0.0072021484375,0.012947824655730522
context-0-regime-2,25,1,0.14,previous,bitmap,2,1024,0.443756103515625,0.4472198486328125,0.0034637451171875,0.006227025840785605
context-0-regime-2,25,1,0.14,previous,bitmap,2,4096,0.443756103515625,0.4432220458984375,-0.0005340576171875,-0.0009601141164206073
context-0-regime-2,25,1,0.14,previous,bitmap,4,512,0.443756103515625,0.41070556640625,-0.033050537109375,-0.05941734789049202
context-0-regime-2,25,1,0.14,previous,bitmap,4,1024,0.443756103515625,0.3995513916015625,-0.0442047119140625,-0.07947001700773582
context-0-regime-2,25,1,0.14,previous,bitmap,4,4096,0.443756103515625,0.37127685546875,-0.072479248046875,-0.13030120151423707
context-0-regime-2,25,1,0.14,previous,bitmap,8,1024,0.443756103515625,0.394317626953125,-0.0494384765625,-0.08887913534865866
context-0-regime-2,25,1,0.14,previous,bitmap,8,4096,0.443756103515625,0.3592529296875,-0.084503173828125,-0.15191748504965163
context-0-regime-2,25,1,0.14,previous,bitmap,32,1024,0.443756103515625,0.3935089111328125,-0.0502471923828125,-0.09033302243923846
context-0-regime-2,25,1,0.14,previous,bitmap,32,4096,0.443756103515625,0.37420654296875,-0.069549560546875,-0.1250342897898722
context-0-regime-0,26,1,0.89,current,bitmap,1,256,0.1086883544921875,0.147918701171875,0.0392303466796875,0.044014174926814253
context-0-regime-0,26,1,0.89,current,bitmap,1,512,0.1086883544921875,0.1701812744140625,0.061492919921875,0.06899149162001605
context-0-regime-0,26,1,0.89,current,bitmap,1,1024,0.1086883544921875,0.182525634765625,0.0738372802734375,0.08284114837450562
context-0-regime-0,26,1,0.89,current,bitmap,1,4096,0.1086883544921875,0.2001800537109375,0.09149169921875,0.10264838306541357
context-0-regime-0,26,1,0.89,current,bitmap,2,512,0.1086883544921875,0.133392333984375,0.0247039794921875,0.02771643298580795
context-0-regime-0,26,1,0.89,current,bitmap,2,1024,0.1086883544921875,0.1327056884765625,0.024017333984375,0.026946056528512452
context-0-regime-0,26,1,0.89,current,bitmap,2,4096,0.1086883544921875,0.120147705078125,0.0114593505859375,0.012856727098419896
context-0-regime-0,26,1,0.89,current,bitmap,4,512,0.1086883544921875,0.1074371337890625,-0.001251220703125,-0.0014037970999605243
context-0-regime-0,26,1,0.89,current,bitmap,4,1024,0.1086883544921875,0.100128173828125,-0.0085601806640625,-0.009604026500950047
context-0-regime-0,26,1,0.89,current,bitmap,4,4096,0.1086883544921875,0.07476806640625,-0.0339202880859375,-0.038056596990395875
context-0-regime-0,26,1,0.89,current,bitmap,8,1024,0.1086883544921875,0.090484619140625,-0.0182037353515625,-0.02042353585674417
context-0-regime-0,26,1,0.89,current,bitmap,8,4096,0.1086883544921875,0.0638427734375,-0.0448455810546875,-0.05031414239980836
context-0-regime-0,26,1,0.89,current,bitmap,32,1024,0.1086883544921875,0.089263916015625,-0.0194244384765625,-0.021793094003047297
context-0-regime-0,26,1,0.89,current,bitmap,32,4096,0.1086883544921875,0.0674896240234375,-0.04119873046875,-0.046222587437728
context-0-regime-0,26,1,0.89,previous,bitmap,1,256,0.1086883544921875,0.1181640625,0.0094757080078125,0.01063119511067745
context-0-regime-0,26,1,0.89,previous,bitmap,1,512,0.1086883544921875,0.1207275390625,0.0120391845703125,0.013507267217913843
context-0-regime-0,26,1,0.89,previous,bitmap,1,1024,0.1086883544921875,0.1175079345703125,0.008819580078125,0.00989505760703957
context-0-regime-0,26,1,0.89,previous,bitmap,1,4096,0.1086883544921875,0.107940673828125,-0.0007476806640625,-0.0008388543646105084
context-0-regime-0,26,1,0.89,previous,bitmap,2,512,0.1086883544921875,0.106903076171875,-0.0017852783203125,-0.002002978788968157
context-0-regime-0,26,1,0.89,previous,bitmap,2,1024,0.1086883544921875,0.09881591796875,-0.0098724365234375,-0.011076301508225805
context-0-regime-0,26,1,0.89,previous,bitmap,2,4096,0.1086883544921875,0.0680084228515625,-0.040679931640625,-0.04564052522554918
context-0-regime-0,26,1,0.89,previous,bitmap,4,512,0.1086883544921875,0.1006011962890625,-0.008087158203125,-0.009073322719257648
context-0-regime-0,26,1,0.89,previous,bitmap,4,1024,0.1086883544921875,0.092498779296875,-0.0161895751953125,-0.018163764915344105
context-0-regime-0,26,1,0.89,previous,bitmap,4,4096,0.1086883544921875,0.06524658203125,-0.0434417724609375,-0.04873915053155975
context-0-regime-0,26,1,0.89,previous,bitmap,8,1024,0.1086883544921875,0.0864715576171875,-0.022216796875,-0.024925958262715486
context-0-regime-0,26,1,0.89,previous,bitmap,8,4096,0.1086883544921875,0.0601806640625,-0.0485076904296875,-0.0544228168387173
context-0-regime-0,26,1,0.89,previous,bitmap,32,1024,0.1086883544921875,0.0848236083984375,-0.02386474609375,-0.02677486176022459
context-0-regime-0,26,1,0.89,previous,bitmap,32,4096,0.1086883544921875,0.063232421875,-0.0454559326171875,-0.05099892147295981
context-0-regime-1,26,1,0.49,current,bitmap,1,256,0.2975006103515625,0.3578033447265625,0.060302734375,0.08584026586155213
context-0-regime-1,26,1,0.49,current,bitmap,1,512,0.2975006103515625,0.3898162841796875,0.092315673828125,0.1314103260279328
context-0-regime-1,26,1,0.49,current,bitmap,1,1024,0.2975006103515625,0.408843994140625,0.1113433837890625,0.15849605769021913
context-0-regime-1,26,1,0.49,current,bitmap,1,4096,0.2975006103515625,0.43914794921875,0.1416473388671875,0.20163339777145461
context-0-regime-1,26,1,0.49,current,bitmap,2,512,0.2975006103515625,0.343475341796875,0.0459747314453125,0.06544451443341515
context-0-regime-1,26,1,0.49,current,bitmap,2,1024,0.2975006103515625,0.345489501953125,0.0479888916015625,0.06831164881947915
context-0-regime-1,26,1,0.49,current,bitmap,2,4096,0.2975006103515625,0.3429412841796875,0.045440673828125,0.06468428940680726
context-0-regime-1,26,1,0.49,current,bitmap,4,512,0.2975006103515625,0.2781982421875,-0.0193023681640625,-0.02747670453311324
context-0-regime-1,26,1,0.49,current,bitmap,4,1024,0.2975006103515625,0.2695159912109375,-0.027984619140625,-0.03983579139425264
context-0-regime-1,26,1,0.49,current,bitmap,4,4096,0.2975006103515625,0.257415771484375,-0.0400848388671875,-0.0570603184256826
context-0-regime-1,26,1,0.49,current,bitmap,8,1024,0.2975006103515625,0.2674713134765625,-0.030029296875,-0.042746367210408476
context-0-regime-1,26,1,0.49,current,bitmap,8,4096,0.2975006103515625,0.2580413818359375,-0.039459228515625,-0.056169769108799006
context-0-regime-1,26,1,0.49,current,bitmap,32,1024,0.2975006103515625,0.27264404296875,-0.0248565673828125,-0.03538304480983512
context-0-regime-1,26,1,0.49,current,bitmap,32,4096,0.2975006103515625,0.2664947509765625,-0.031005859375,-0.04413649297334876
context-0-regime-1,26,1,0.49,previous,bitmap,1,256,0.2975006103515625,0.3250274658203125,0.02752685546875,0.03918416994287455
context-0-regime-1,26,1,0.49,previous,bitmap,1,512,0.2975006103515625,0.337554931640625,0.0400543212890625,0.05701687699559066
context-0-regime-1,26,1,0.49,previous,bitmap,1,1024,0.2975006103515625,0.343475341796875,0.0459747314453125,0.06544451443341515
context-0-regime-1,26,1,0.49,previous,bitmap,1,4096,0.2975006103515625,0.3519439697265625,0.054443359375,0.07749951128391142
context-0-regime-1,26,1,0.49,previous,bitmap,2,512,0.2975006103515625,0.3077392578125,0.0102386474609375,0.014574599795825316
context-0-regime-1,26,1,0.49,previous,bitmap,2,1024,0.2975006103515625,0.3002166748046875,0.002716064453125,0.0038662872781771718
context-0-regime-1,26,1,0.49,previous,bitmap,2,4096,0.2975006103515625,0.2844085693359375,-0.013092041015625,-0.018636373509415938
context-0-regime-1,26,1,0.49,previous,bitmap,4,512,0.2975006103515625,0.27557373046875,-0.0219268798828125,-0.031212667521014703
context-0-regime-1,26,1,0.49,previous,bitmap,4,1024,0.2975006103515625,0.2656707763671875,-0.031829833984375,-0.04530941158582946
context-0-regime-1,26,1,0.49,previous,bitmap,4,4096,0.2975006103515625,0.25128173828125,-0.0462188720703125,-0.0657920458741501
context-0-regime-1,26,1,0.49,previous,bitmap,8,1024,0.2975006103515625,0.266021728515625,-0.0314788818359375,-0.04480983513977277
context-0-regime-1,26,1,0.49,previous,bitmap,8,4096,0.2975006103515625,0.2550048828125,-0.0424957275390625,-0.06049219140294104
context-0-regime-1,26,1,0.49,previous,bitmap,32,1024,0.2975006103515625,0.2720489501953125,-0.02545166015625,-0.03623015269662688
context-0-regime-1,26,1,0.49,previous,bitmap,32,4096,0.2975006103515625,0.2671966552734375,-0.030303955078125,-0.043137340081235376
context-0-regime-2,26,1,0.14,current,bitmap,1,256,0.476409912109375,0.51202392578125,0.035614013671875,0.0680188844203532
context-0-regime-2,26,1,0.14,current,bitmap,1,512,0.476409912109375,0.54144287109375,0.065032958984375,0.1242058634959492
context-0-regime-2,26,1,0.14,current,bitmap,1,1024,0.476409912109375,0.561981201171875,0.0855712890625,0.16343183540245965
context-0-regime-2,26,1,0.14,current,bitmap,1,4096,0.476409912109375,0.594696044921875,0.1182861328125,0.2259136212624585
context-0-regime-2,26,1,0.14,current,bitmap,2,512,0.476409912109375,0.51031494140625,0.033905029296875,0.06475491053214433
context-0-regime-2,26,1,0.14,current,bitmap,2,1024,0.476409912109375,0.5150299072265625,0.0386199951171875,0.07375998134872064
context-0-regime-2,26,1,0.14,current,bitmap,2,4096,0.476409912109375,0.522216796875,0.045806884765625,0.0874861572535991
context-0-regime-2,26,1,0.14,current,bitmap,4,512,0.476409912109375,0.4442596435546875,-0.0321502685546875,-0.06140350877192979
context-0-regime-2,26,1,0.14,current,bitmap,4,1024,0.476409912109375,0.432586669921875,-0.0438232421875,-0.08369761613335669
context-0-regime-2,26,1,0.14,current,bitmap,4,4096,0.476409912109375,0.411346435546875,-0.0650634765625,-0.12426414874395286
context-0-regime-2,26,1,0.14,current,bitmap,8,1024,0.476409912109375,0.425140380859375,-0.05126953125,-0.0979192166462668
context-0-regime-2,26,1,0.14,current,bitmap,8,4096,0.476409912109375,0.3954620361328125,-0.0809478759765625,-0.15460162032989455
context-0-regime-2,26,1,0.14,current,bitmap,32,1024,0.476409912109375,0.41595458984375,-0.060455322265625,-0.11546307629538966
context-0-regime-2,26,1,0.14,current,bitmap,32,4096,0.476409912109375,0.3823089599609375,-0.0941009521484375,-0.17972256221950222
context-0-regime-2,26,1,0.14,previous,bitmap,1,256,0.476409912109375,0.4872894287109375,0.0108795166015625,0.020778690913329845
context-0-regime-2,26,1,0.14,previous,bitmap,1,512,0.476409912109375,0.501007080078125,0.02459716796875,0.046977909891006586
context-0-regime-2,26,1,0.14,previous,bitmap,1,1024,0.476409912109375,0.5089874267578125,0.0325775146484375,0.062219502243982094
context-0-regime-2,26,1,0.14,previous,bitmap,1,4096,0.476409912109375,0.52593994140625,0.049530029296875,0.09459695751005426
context-0-regime-2,26,1,0.14,previous,bitmap,2,512,0.476409912109375,0.4829864501953125,0.0065765380859375,0.012560470944803837
context-0-regime-2,26,1,0.14,previous,bitmap,2,1024,0.476409912109375,0.47998046875,0.003570556640625,0.006819374016436397
context-0-regime-2,26,1,0.14,previous,bitmap,2,4096,0.476409912109375,0.4795379638671875,0.0031280517578125,0.005974237920382319
context-0-regime-2,26,1,0.14,previous,bitmap,4,512,0.476409912109375,0.4436798095703125,-0.0327301025390625,-0.06251092848400064
context-0-regime-2,26,1,0.14,previous,bitmap,4,1024,0.476409912109375,0.430206298828125,-0.04620361328125,-0.08824386547764762
context-0-regime-2,26,1,0.14,previous,bitmap,4,4096,0.476409912109375,0.40643310546875,-0.069976806640625,-0.13364807367255338
context-0-regime-2,26,1,0.14,previous,bitmap,8,1024,0.476409912109375,0.42388916015625,-0.052520751953125,-0.10030891181441981
context-0-regime-2,26,1,0.14,previous,bitmap,8,4096,0.476409912109375,0.39508056640625,-0.081329345703125,-0.1553301859299412
context-0-regime-2,26,1,0.14,previous,bitmap,32,1024,0.476409912109375,0.416412353515625,-0.05999755859375,-0.11458879757533369
context-0-regime-2,26,1,0.14,previous,bitmap,32,4096,0.476409912109375,0.3951873779296875,-0.0812225341796875,-0.15512618756192809
context-0-regime-0,27,1,0.89,current,bitmap,1,256,0.0820770263671875,0.1213226318359375,0.03924560546875,0.042754791628571875
context-0-regime-0,27,1,0.89,current,bitmap,1,512,0.0820770263671875,0.149322509765625,0.0672454833984375,0.07325830742889439
context-0-regime-0,27,1,0.89,current,bitmap,1,1024,0.0820770263671875,0.1633148193359375,0.08123779296875,0.08850175374436886
context-0-regime-0,27,1,0.89,current,bitmap,1,4096,0.0820770263671875,0.1804351806640625,0.098358154296875,0.10715294978140533
context-0-regime-0,27,1,0.89,current,bitmap,2,512,0.0820770263671875,0.10601806640625,0.0239410400390625,0.02608175274697877
context-0-regime-0,27,1,0.89,current,bitmap,2,1024,0.0820770263671875,0.105682373046875,0.0236053466796875,0.025716043020762358
context-0-regime-0,27,1,0.89,current,bitmap,2,4096,0.0820770263671875,0.090667724609375,0.0085906982421875,0.009358844357265195
context-0-regime-0,27,1,0.89,current,bitmap,4,512,0.0820770263671875,0.0811309814453125,-0.000946044921875,-0.0010306365011552021
context-0-regime-0,27,1,0.89,current,bitmap,4,1024,0.0820770263671875,0.0737457275390625,-0.008331298828125,-0.009076250477916048
context-0-regime-0,27,1,0.89,current,bitmap,4,4096,0.0820770263671875,0.0424957275390625,-0.039581298828125,-0.0431205013547884
context-0-regime-0,27,1,0.89,current,bitmap,8,1024,0.0820770263671875,0.070343017578125,-0.0117340087890625,-0.012783217248200529
context-0-regime-0,27,1,0.89,current,bitmap,8,4096,0.0820770263671875,0.04095458984375,-0.0411224365234375,-0.04479944146150916
context-0-regime-0,27,1,0.89,current,bitmap,32,1024,0.0820770263671875,0.073516845703125,-0.0085601806640625,-0.009325598018518289
context-0-regime-0,27,1,0.89,current,bitmap,32,4096,0.0820770263671875,0.0521240234375,-0.0299530029296875,-0.03263128148012706
context-0-regime-0,27,1,0.89,previous,bitmap,1,256,0.0820770263671875,0.0962371826171875,0.01416015625,0.01542630117858268
context-0-regime-0,27,1,0.89,previous,bitmap,1,512,0.0820770263671875,0.100921630859375,0.0188446044921875,0.020529614176238886
context-0-regime-0,27,1,0.89,previous,bitmap,1,1024,0.0820770263671875,0.0977935791015625,0.015716552734375,0.017121864454676894
context-0-regime-0,27,1,0.89,previous,bitmap,1,4096,0.0820770263671875,0.0905609130859375,0.00848388671875,0.009242482171650801
context-0-regime-0,27,1,0.89,previous,bitmap,2,512,0.0820770263671875,0.08123779296875,-0.0008392333984375,-0.0009142743155410304
context-0-regime-0,27,1,0.89,previous,bitmap,2,1024,0.0820770263671875,0.0740203857421875,-0.008056640625,-0.00877703342919367
context-0-regime-0,27,1,0.89,previous,bitmap,2,4096,0.0820770263671875,0.0420989990234375,-0.03997802734375,-0.04355270375849862
context-0-regime-0,27,1,0.89,previous,bitmap,4,512,0.0820770263671875,0.0768890380859375,-0.00518798828125,-0.005651877586980714
context-0-regime-0,27,1,0.89,previous,bitmap,4,1024,0.0820770263671875,0.068359375,-0.0137176513671875,-0.014944229266752096
context-0-regime-0,27,1,0.89,previous,bitmap,4,4096,0.0820770263671875,0.031829833984375,-0.0502471923828125,-0.05474009674684566
context-0-regime-0,27,1,0.89,previous,bitmap,8,1024,0.0820770263671875,0.0657196044921875,-0.016357421875,-0.017820037568362812
context-0-regime-0,27,1,0.89,previous,bitmap,8,4096,0.0820770263671875,0.03753662109375,-0.0445404052734375,-0.04852303140116687
context-0-regime-0,27,1,0.89,previous,bitmap,32,1024,0.0820770263671875,0.067535400390625,-0.0145416259765625,-0.01584188041291945
context-0-regime-0,27,1,0.89,previous,bitmap,32,4096,0.0820770263671875,0.045257568359375,-0.0368194580078125,-0.040111707698189836
context-0-regime-1,27,1,0.49,current,bitmap,1,256,0.283782958984375,0.3461456298828125,0.0623626708984375,0.08707230815117817
context-0-regime-1,27,1,0.49,current,bitmap,1,512,0.283782958984375,0.37451171875,0.090728759765625,0.1266777451105714
context-0-regime-1,27,1,0.49,current,bitmap,1,1024,0.283782958984375,0.390411376953125,0.10662841796875,0.1488772423196557
context-0-regime-1,27,1,0.49,current,bitmap,1,4096,0.283782958984375,0.43115234375,0.147369384765625,0.20576079083045717
context-0-regime-1,27,1,0.49,current,bitmap,2,512,0.283782958984375,0.317535400390625,0.03375244140625,0.04712599599471645
context-0-regime-1,27,1,0.49,current,bitmap,2,1024,0.283782958984375,0.3209075927734375,0.0371246337890625,0.05183433465422471
context-0-regime-1,27,1,0.49,current,bitmap,2,4096,0.283782958984375,0.3254241943359375,0.0416412353515625,0.058140525799991516
context-0-regime-1,27,1,0.49,current,bitmap,4,512,0.283782958984375,0.2559661865234375,-0.0278167724609375,-0.038838467765989204
context-0-regime-1,27,1,0.49,current,bitmap,4,1024,0.283782958984375,0.2374267578125,-0.046356201171875,-0.06472367804337642
context-0-regime-1,27,1,0.49,current,bitmap,4,4096,0.283782958984375,0.2216949462890625,-0.0620880126953125,-0.08668882355447605
context-0-regime-1,27,1,0.49,current,bitmap,8,1024,0.283782958984375,0.234100341796875,-0.0496826171875,-0.06936810260343429
context-0-regime-1,27,1,0.49,current,bitmap,8,4096,0.283782958984375,0.2161712646484375,-0.0676116943359375,-0.09440112488815022
context-0-regime-1,27,1,0.49,current,bitmap,32,1024,0.283782958984375,0.2420654296875,-0.041717529296875,-0.058247049299075426
context-0-regime-1,27,1,0.49,current,bitmap,32,4096,0.283782958984375,0.2224884033203125,-0.0612945556640625,-0.08558097916400365
context-0-regime-1,27,1,0.49,previous,bitmap,1,256,0.283782958984375,0.307342529296875,0.0235595703125,0.03289445651710765
context-0-regime-1,27,1,0.49,previous,bitmap,1,512,0.283782958984375,0.314453125,0.030670166015625,0.04282244663172696
context-0-regime-1,27,1,0.49,previous,bitmap,1,1024,0.283782958984375,0.315338134765625,0.03155517578125,0.044058119221100145
context-0-regime-1,27,1,0.49,previous,bitmap,1,4096,0.283782958984375,0.33001708984375,0.046234130859375,0.06455324044484212
context-0-regime-1,27,1,0.49,previous,bitmap,2,512,0.283782958984375,0.278778076171875,-0.0050048828125,-0.006987941539903675
context-0-regime-1,27,1,0.49,previous,bitmap,2,1024,0.283782958984375,0.268096923828125,-0.01568603515625,-0.021901231411649347
context-0-regime-1,27,1,0.49,previous,bitmap,2,4096,0.283782958984375,0.2567138671875,-0.027069091796875,-0.03779453747496708
context-0-regime-1,27,1,0.49,previous,bitmap,4,512,0.283782958984375,0.2540740966796875,-0.0297088623046875,-0.04148025054326987
context-0-regime-1,27,1,0.49,previous,bitmap,4,1024,0.283782958984375,0.232666015625,-0.051116943359375,-0.0713707443862115
context-0-regime-1,27,1,0.49,previous,bitmap,4,4096,0.283782958984375,0.2122650146484375,-0.0715179443359375,-0.09985512804124586
context-0-regime-1,27,1,0.49,previous,bitmap,8,1024,0.283782958984375,0.2348785400390625,-0.0489044189453125,-0.06828156291277865
context-0-regime-1,27,1,0.49,previous,bitmap,8,4096,0.283782958984375,0.213897705078125,-0.06988525390625,-0.09757552516085055
context-0-regime-1,27,1,0.49,previous,bitmap,32,1024,0.283782958984375,0.2429962158203125,-0.0407867431640625,-0.05694746261025174
context-0-regime-1,27,1,0.49,previous,bitmap,32,4096,0.283782958984375,0.2252044677734375,-0.0585784912109375,-0.08178874259661684
context-0-regime-2,27,1,0.14,current,bitmap,1,256,0.485382080078125,0.5290985107421875,0.0437164306640625,0.08494929727806444
context-0-regime-2,27,1,0.14,current,bitmap,1,512,0.485382080078125,0.5670623779296875,0.0816802978515625,0.1587202751586313
context-0-regime-2,27,1,0.14,current,bitmap,1,1024,0.485382080078125,0.5894927978515625,0.1041107177734375,0.20230682559449686
context-0-regime-2,27,1,0.14,current,bitmap,1,4096,0.485382080078125,0.6322784423828125,0.1468963623046875,0.2854474292830457
context-0-regime-2,27,1,0.14,current,bitmap,2,512,0.485382080078125,0.5260009765625,0.040618896484375,0.0789302022178735
context-0-regime-2,27,1,0.14,current,bitmap,2,1024,0.485382080078125,0.5307769775390625,0.0453948974609375,0.08821087588210874
context-0-regime-2,27,1,0.14,current,bitmap,2,4096,0.485382080078125,0.546966552734375,0.06158447265625,0.11967028405384572
context-0-regime-2,27,1,0.14,current,bitmap,4,512,0.485382080078125,0.447479248046875,-0.03790283203125,-0.07365237502223798
context-0-regime-2,27,1,0.14,current,bitmap,4,1024,0.485382080078125,0.429290771484375,-0.05609130859375,-0.10899602680424603
context-0-regime-2,27,1,0.14,current,bitmap,4,4096,0.485382080078125,0.4093475341796875,-0.0760345458984375,-0.1477495107632094
context-0-regime-2,27,1,0.14,current,bitmap,8,1024,0.485382080078125,0.4166259765625,-0.068756103515625,-0.13360611990748983
context-0-regime-2,27,1,0.14,current,bitmap,8,4096,0.485382080078125,0.38525390625,-0.100128173828125,-0.194567989088537
context-0-regime-2,27,1,0.14,current,bitmap,32,1024,0.485382080078125,0.415069580078125,-0.0703125,-0.13663049279487627
context-0-regime-2,27,1,0.14,current,bitmap,32,4096,0.485382080078125,0.3908233642578125,-0.0945587158203125,-0.18374547826602616
context-0-regime-2,27,1,0.14,previous,bitmap,1,256,0.485382080078125,0.498992919921875,0.01361083984375,0.026448437407341485
context-0-regime-2,27,1,0.14,previous,bitmap,1,512,0.485382080078125,0.5175323486328125,0.0321502685546875,0.06247405562474051
context-0-regime-2,27,1,0.14,previous,bitmap,1,1024,0.485382080078125,0.5265045166015625,0.0411224365234375,0.07990867579908678
context-0-regime-2,27,1,0.14,previous,bitmap,1,4096,0.485382080078125,0.550048828125,0.064666748046875,0.12565972839945438
context-0-regime-2,27,1,0.14,previous,bitmap,2,512,0.485382080078125,0.4929962158203125,0.0076141357421875,0.014795706576528511
context-0-regime-2,27,1,0.14,previous,bitmap,2,1024,0.485382080078125,0.49005126953125,0.004669189453125,0.009073118662159763
context-0-regime-2,27,1,0.14,previous,bitmap,2,4096,0.485382080078125,0.495330810546875,0.00994873046875,0.019332265907608392
context-0-regime-2,27,1,0.14,previous,bitmap,4,512,0.485382080078125,0.44293212890625,-0.042449951171875,-0.08248828796773999
context-0-regime-2,27,1,0.14,previous,bitmap,4,1024,0.485382080078125,0.427154541015625,-0.0582275390625,-0.1131471268457569
context-0-regime-2,27,1,0.14,previous,bitmap,4,4096,0.485382080078125,0.40338134765625,-0.082000732421875,-0.15934294016485806
context-0-regime-2,27,1,0.14,previous,bitmap,8,1024,0.485382080078125,0.417755126953125,-0.067626953125,-0.1314119670284053
context-0-regime-2,27,1,0.14,previous,bitmap,8,4096,0.485382080078125,0.38616943359375,-0.099212646484375,-0.19278894621360365
context-0-regime-2,27,1,0.14,previous,bitmap,32,1024,0.485382080078125,0.4278106689453125,-0.0575714111328125,-0.11187214611872154
context-0-regime-2,27,1,0.14,previous,bitmap,32,4096,0.485382080078125,0.41131591796875,-0.074066162109375,-0.1439245685821029
context-0-regime-0,28,1,0.89,current,bitmap,1,256,0.1100006103515625,0.151763916015625,0.0417633056640625,0.04692509472457007
context-0-regime-0,28,1,0.89,current,bitmap,1,512,0.1100006103515625,0.18133544921875,0.0713348388671875,0.0801515593121539
context-0-regime-0,28,1,0.89,current,bitmap,1,1024,0.1100006103515625,0.19464111328125,0.0846405029296875,0.09510175390470965
context-0-regime-0,28,1,0.89,current,bitmap,1,4096,0.1100006103515625,0.2093658447265625,0.099365234375,0.11164640732422382
context-0-regime-0,28,1,0.89,current,bitmap,2,512,0.1100006103515625,0.1419830322265625,0.031982421875,0.03593533012155603
context-0-regime-0,28,1,0.89,current,bitmap,2,1024,0.1100006103515625,0.1408538818359375,0.030853271484375,0.034666620947417126
context-0-regime-0,28,1,0.89,current,bitmap,2,4096,0.1100006103515625,0.1143341064453125,0.00433349609375,0.004869100073722321
context-0-regime-0,28,1,0.89,current,bitmap,4,512,0.1100006103515625,0.1090545654296875,-0.000946044921875,-0.0010629725513056076
context-0-regime-0,28,1,0.89,current,bitmap,4,1024,0.1100006103515625,0.098602294921875,-0.0113983154296875,-0.012807104771375144
context-0-regime-0,28,1,0.89,current,bitmap,4,4096,0.1100006103515625,0.05926513671875,-0.0507354736328125,-0.057006189243403504
context-0-regime-0,28,1,0.89,current,bitmap,8,1024,0.1100006103515625,0.09832763671875,-0.0116729736328125,-0.013115709705625145
context-0-regime-0,28,1,0.89,current,bitmap,8,4096,0.1100006103515625,0.06378173828125,-0.0462188720703125,-0.051931352546847886
context-0-regime-0,28,1,0.89,current,bitmap,32,1024,0.1100006103515625,0.1128387451171875,0.002838134765625,0.003188917653916712
context-0-regime-0,28,1,0.89,current,bitmap,32,4096,0.1100006103515625,0.09527587890625,-0.0147247314453125,-0.016544653419514166
context-0-regime-0,28,1,0.89,previous,bitmap,1,256,0.1100006103515625,0.127777099609375,0.0177764892578125,0.019973597133403076
context-0-regime-0,28,1,0.89,previous,bitmap,1,512,0.1100006103515625,0.135772705078125,0.0257720947265625,0.02895742966379211
context-0-regime-0,28,1,0.89,previous,bitmap,1,1024,0.1100006103515625,0.1338348388671875,0.023834228515625,0.0267800504054726
context-0-regime-0,28,1,0.89,previous,bitmap,1,4096,0.1100006103515625,0.125030517578125,0.0150299072265625,0.016887547790902957
context-0-regime-0,28,1,0.89,previous,bitmap,2,512,0.1100006103515625,0.1196746826171875,0.009674072265625,0.010869751573027941
context-0-regime-0,28,1,0.89,previous,bitmap,2,1024,0.1100006103515625,0.1104888916015625,0.00048828125,0.000548630994222199
context-0-regime-0,28,1,0.89,previous,bitmap,2,4096,0.1100006103515625,0.0681610107421875,-0.041839599609375,-0.04701081831741738
context-0-regime-0,28,1,0.89,previous,bitmap,4,512,0.1100006103515625,0.1046600341796875,-0.005340576171875,-0.00600065149930562
context-0-regime-0,28,1,0.89,previous,bitmap,4,1024,0.1100006103515625,0.0946807861328125,-0.01531982421875,-0.017213297443722464
context-0-regime-0,28,1,0.89,previous,bitmap,4,4096,0.1100006103515625,0.05377197265625,-0.0562286376953125,-0.06317828792840374
context-0-regime-0,28,1,0.89,previous,bitmap,8,1024,0.1100006103515625,0.0943603515625,-0.0156402587890625,-0.01757333653368076
context-0-regime-0,28,1,0.89,previous,bitmap,8,4096,0.1100006103515625,0.0609588623046875,-0.049041748046875,-0.0551031254821952
context-0-regime-0,28,1,0.89,previous,bitmap,32,1024,0.1100006103515625,0.10467529296875,-0.0053253173828125,-0.005983506780736114
context-0-regime-0,28,1,0.89,previous,bitmap,32,4096,0.1100006103515625,0.08880615234375,-0.0211944580078125,-0.02381401409295858
context-0-regime-1,28,1,0.49,current,bitmap,1,256,0.3178863525390625,0.3719329833984375,0.054046630859375,0.07923405587991861
context-0-regime-1,28,1,0.49,current,bitmap,1,512,0.3178863525390625,0.401123046875,0.0832366943359375,0.12202760441133709
context-0-regime-1,28,1,0.49,current,bitmap,1,1024,0.3178863525390625,0.4189300537109375,0.101043701171875,0.14813323490593477
context-0-regime-1,28,1,0.49,current,bitmap,1,4096,0.3178863525390625,0.4513702392578125,0.13348388671875,0.19569156432454193
context-0-regime-1,28,1,0.49,current,bitmap,2,512,0.3178863525390625,0.3506622314453125,0.03277587890625,0.04805046641165023
context-0-regime-1,28,1,0.49,current,bitmap,2,1024,0.3178863525390625,0.3513641357421875,0.033477783203125,0.04907948012437646
context-0-regime-1,28,1,0.49,current,bitmap,2,4096,0.3178863525390625,0.3507537841796875,0.032867431640625,0.048184685591571075
context-0-regime-1,28,1,0.49,current,bitmap,4,512,0.3178863525390625,0.293121337890625,-0.0247650146484375,-0.03630628816857939
context-0-regime-1,28,1,0.49,current,bitmap,4,1024,0.3178863525390625,0.2784271240234375,-0.039459228515625,-0.05784846654586939
context-0-regime-1,28,1,0.49,current,bitmap,4,4096,0.3178863525390625,0.25823974609375,-0.0596466064453125,-0.08744379571840821
context-0-regime-1,28,1,0.49,current,bitmap,8,1024,0.3178863525390625,0.274627685546875,-0.0432586669921875,-0.06341856251258315
context-0-regime-1,28,1,0.49,current,bitmap,8,4096,0.3178863525390625,0.2613677978515625,-0.0565185546875,-0.08285797373778037
context-0-regime-1,28,1,0.49,current,bitmap,32,1024,0.3178863525390625,0.2808837890625,-0.0370025634765625,-0.05424691855132768
context-0-regime-1,28,1,0.49,current,bitmap,32,4096,0.3178863525390625,0.2728271484375,-0.0450592041015625,-0.06605820638435889
context-0-regime-1,28,1,0.49,previous,bitmap,1,256,0.3178863525390625,0.341644287109375,0.0237579345703125,0.03482987718945041
context-0-regime-1,28,1,0.49,previous,bitmap,1,512,0.3178863525390625,0.353485107421875,0.0355987548828125,0.052188891125875214
context-0-regime-1,28,1,0.49,previous,bitmap,1,1024,0.3178863525390625,0.3559112548828125,0.03802490234375,0.055745699393776715
context-0-regime-1,28,1,0.49,previous,bitmap,1,4096,0.3178863525390625,0.3678436279296875,0.049957275390625,0.07323893251012237
context-0-regime-1,28,1,0.49,previous,bitmap,2,512,0.3178863525390625,0.3188934326171875,0.001007080078125,0.0014764109791288726
context-0-regime-1,28,1,0.49,previous,bitmap,2,1024,0.3178863525390625,0.3076324462890625,-0.01025390625,-0.015032548151130865
context-0-regime-1,28,1,0.49,previous,bitmap,2,4096,0.3178863525390625,0.2917938232421875,-0.026092529296875,-0.03825246627743106
context-0-regime-1,28,1,0.49,previous,bitmap,4,512,0.3178863525390625,0.2913665771484375,-0.026519775390625,-0.03887882245039487
context-0-regime-1,28,1,0.49,previous,bitmap,4,1024,0.3178863525390625,0.2749481201171875,-0.042938232421875,-0.06294879538286025
context-0-regime-1,28,1,0.49,previous,bitmap,4,4096,0.3178863525390625,0.25311279296875,-0.0647735595703125,-0.09496006979397364
context-0-regime-1,28,1,0.49,previous,bitmap,8,1024,0.3178863525390625,0.2745819091796875,-0.043304443359375,-0.06348567210254341
context-0-regime-1,28,1,0.49,previous,bitmap,8,4096,0.3178863525390625,0.2607269287109375,-0.057159423828125,-0.08379750799722618
context-0-regime-1,28,1,0.49,previous,bitmap,32,1024,0.3178863525390625,0.2852630615234375,-0.032623291015625,-0.047826767778448964
context-0-regime-1,28,1,0.49,previous,bitmap,32,4096,0.3178863525390625,0.2747039794921875,-0.043182373046875,-0.06330671319598236
context-0-regime-2,28,1,0.14,current,bitmap,1,256,0.525360107421875,0.557708740234375,0.0323486328125,0.06815405388028029
context-0-regime-2,28,1,0.14,current,bitmap,1,512,0.525360107421875,0.5894317626953125,0.0640716552734375,0.13499003407702692
context-0-regime-2,28,1,0.14,current,bitmap,1,1024,0.525360107421875,0.60833740234375,0.082977294921875,0.17482157783064356
context-0-regime-2,28,1,0.14,current,bitmap,1,4096,0.525360107421875,0.6412200927734375,0.1158599853515625,0.24410081656272098
context-0-regime-2,28,1,0.14,current,bitmap,2,512,0.525360107421875,0.5546875,0.029327392578125,0.06178872243297118
context-0-regime-2,28,1,0.14,current,bitmap,2,1024,0.525360107421875,0.557769775390625,0.03240966796875,0.06828264643477144
context-0-regime-2,28,1,0.14,current,bitmap,2,4096,0.525360107421875,0.56658935546875,0.041229248046875,0.08686427055873469
context-0-regime-2,28,1,0.14,current,bitmap,4,512,0.525360107421875,0.4936676025390625,-0.0316925048828125,-0.06677168391950117
context-0-regime-2,28,1,0.14,current,bitmap,4,1024,0.525360107421875,0.4800872802734375,-0.0452728271484375,-0.09538352729376975
context-0-regime-2,28,1,0.14,current,bitmap,4,4096,0.525360107421875,0.4585723876953125,-0.0667877197265625,-0.14071240275188068
context-0-regime-2,28,1,0.14,current,bitmap,8,1024,0.525360107421875,0.474365234375,-0.050994873046875,-0.10743907927730989
context-0-regime-2,28,1,0.14,current,bitmap,8,4096,0.525360107421875,0.445556640625,-0.079803466796875,-0.16813476499710678
context-0-regime-2,28,1,0.14,current,bitmap,32,1024,0.525360107421875,0.4720306396484375,-0.0533294677734375,-0.11235774448659419
context-0-regime-2,28,1,0.14,current,bitmap,32,4096,0.525360107421875,0.4467315673828125,-0.0786285400390625,-0.16565935832315315
context-0-regime-2,28,1,0.14,previous,bitmap,1,256,0.525360107421875,0.5341033935546875,0.0087432861328125,0.018420883430849355
context-0-regime-2,28,1,0.14,previous,bitmap,1,512,0.525360107421875,0.54931640625,0.023956298828125,0.05047257763775481
context-0-regime-2,28,1,0.14,previous,bitmap,1,1024,0.525360107421875,0.5546875,0.029327392578125,0.06178872243297118
context-0-regime-2,28,1,0.14,previous,bitmap,1,4096,0.525360107421875,0.571044921875,0.045684814453125,0.09625152703658457
context-0-regime-2,28,1,0.14,previous,bitmap,2,512,0.525360107421875,0.527801513671875,0.00244140625,0.005143702179643772
context-0-regime-2,28,1,0.14,previous,bitmap,2,1024,0.525360107421875,0.5239715576171875,-0.0013885498046875,-0.002925480614672349
context-0-regime-2,28,1,0.14,previous,bitmap,2,4096,0.525360107421875,0.5246124267578125,-0.0007476806640625,-0.0015752587925159656
context-0-regime-2,28,1,0.14,previous,bitmap,4,512,0.525360107421875,0.492340087890625,-0.03302001953125,-0.06956857197968236
context-0-regime-2,28,1,0.14,previous,bitmap,4,1024,0.525360107421875,0.4773101806640625,-0.0480499267578125,-0.10123448852311445
context-0-regime-2,28,1,0.14,previous,bitmap,4,4096,0.525360107421875,0.4540557861328125,-0.0713043212890625,-0.15022825178422172
context-0-regime-2,28,1,0.14,previous,bitmap,8,1024,0.525360107421875,0.4721832275390625,-0.0531768798828125,-0.1120362631003664
context-0-regime-2,28,1,0.14,previous,bitmap,8,4096,0.525360107421875,0.4464874267578125,-0.0788726806640625,-0.16617372854111756
context-0-regime-2,28,1,0.14,previous,bitmap,32,1024,0.525360107421875,0.4757232666015625,-0.0496368408203125,-0.10457789493988301
context-0-regime-2,28,1,0.14,previous,bitmap,32,4096,0.525360107421875,0.4543609619140625,-0.0709991455078125,-0.14958528901176615
context-0-regime-0,29,1,0.89,current,bitmap,1,256,0.1252288818359375,0.165985107421875,0.0407562255859375,0.04659073069476183
context-0-regime-0,29,1,0.89,current,bitmap,1,512,0.1252288818359375,0.1899566650390625,0.064727783203125,0.07399396466011965
context-0-regime-0,29,1,0.89,current,bitmap,1,1024,0.1252288818359375,0.2010040283203125,0.075775146484375,0.08662282614383643
context-0-regime-0,29,1,0.89,current,bitmap,1,4096,0.1252288818359375,0.2173309326171875,0.09210205078125,0.10528702750789298
context-0-regime-0,29,1,0.89,current,bitmap,2,512,0.1252288818359375,0.15313720703125,0.0279083251953125,0.031903574107345345
context-0-regime-0,29,1,0.89,current,bitmap,2,1024,0.1252288818359375,0.1510467529296875,0.02581787109375,0.029513858605592302
context-0-regime-0,29,1,0.89,current,bitmap,2,4096,0.1252288818359375,0.1349639892578125,0.009735107421875,0.011128748103054309
context-0-regime-0,29,1,0.89,current,bitmap,4,512,0.1252288818359375,0.1328582763671875,0.00762939453125,0.008721589422456377
context-0-regime-0,29,1,0.89,current,bitmap,4,1024,0.1252288818359375,0.1239471435546875,-0.00128173828125,-0.0014652270229726927
context-0-regime-0,29,1,0.89,current,bitmap,4,4096,0.1252288818359375,0.092376708984375,-0.0328521728515625,-0.03755516405309711
context-0-regime-0,29,1,0.89,current,bitmap,8,1024,0.1252288818359375,0.1129150390625,-0.0123138427734375,-0.014076645327844473
context-0-regime-0,29,1,0.89,current,bitmap,8,4096,0.1252288818359375,0.074737548828125,-0.0504913330078125,-0.05771947879781614
context-0-regime-0,29,1,0.89,current,bitmap,32,1024,0.1252288818359375,0.122589111328125,-0.0026397705078125,-0.0030176699401698315
context-0-regime-0,29,1,0.89,current,bitmap,32,4096,0.1252288818359375,0.1032867431640625,-0.021942138671875,-0.025083291178984446
context-0-regime-0,29,1,0.89,previous,bitmap,1,256,0.1252288818359375,0.1408843994140625,0.015655517578125,0.01789670149488043
context-0-regime-0,29,1,0.89,previous,bitmap,1,512,0.1252288818359375,0.1474761962890625,0.022247314453125,0.025432154755882674
context-0-regime-0,29,1,0.89,previous,bitmap,1,1024,0.1252288818359375,0.14581298828125,0.0205841064453125,0.023530848261787196
context-0-regime-0,29,1,0.89,previous,bitmap,1,4096,0.1252288818359375,0.138275146484375,0.0130462646484375,0.014913917912400376
context-0-regime-0,29,1,0.89,previous,bitmap,2,512,0.1252288818359375,0.1309967041015625,0.005767822265625,0.006593521603377006
context-0-regime-0,29,1,0.89,previous,bitmap,2,1024,0.1252288818359375,0.1219329833984375,-0.0032958984375,-0.003767726630501178
context-0-regime-0,29,1,0.89,previous,bitmap,2,4096,0.1252288818359375,0.0905914306640625,-0.034637451171875,-0.039596015977951815
context-0-regime-0,29,1,0.89,previous,bitmap,4,512,0.1252288818359375,0.126220703125,0.0009918212890625,0.0011338066249193535
context-0-regime-0,29,1,0.89,previous,bitmap,4,1024,0.1252288818359375,0.11431884765625,-0.0109100341796875,-0.012471872874112666
context-0-regime-0,29,1,0.89,previous,bitmap,4,4096,0.1252288818359375,0.0813446044921875,-0.04388427734375,-0.05016658235796889
context-0-regime-0,29,1,0.89,previous,bitmap,8,1024,0.1252288818359375,0.111175537109375,-0.0140533447265625,-0.016065167716164508
context-0-regime-0,29,1,0.89,previous,bitmap,8,4096,0.1252288818359375,0.0741729736328125,-0.051055908203125,-0.058364876415077926
context-0-regime-0,29,1,0.89,previous,bitmap,32,1024,0.1252288818359375,0.1176300048828125,-0.007598876953125,-0.008686703064766599
context-0-regime-0,29,1,0.89,previous,bitmap,32,4096,0.1252288818359375,0.0945892333984375,-0.0306396484375,-0.03502590312058462
context-0-regime-1,29,1,0.49,current,bitmap,1,256,0.30206298828125,0.359954833984375,0.057891845703125,0.08294709226060337
context-0-regime-1,29,1,0.49,current,bitmap,1,512,0.30206298828125,0.38970947265625,0.087646484375,0.12557936160909489
context-0-regime-1,29,1,0.49,current,bitmap,1,1024,0.30206298828125,0.4077301025390625,0.1056671142578125,0.15139921294271974
context-0-regime-1,29,1,0.49,current,bitmap,1,4096,0.30206298828125,0.4413604736328125,0.1392974853515625,0.19958460865763006
context-0-regime-1,29,1,0.49,current,bitmap,2,512,0.30206298828125,0.339569091796875,0.037506103515625,0.05373852208132923
context-0-regime-1,29,1,0.49,current,bitmap,2,1024,0.30206298828125,0.34332275390625,0.041259765625,0.059116746829908196
context-0-regime-1,29,1,0.49,current,bitmap,2,4096,0.30206298828125,0.346405029296875,0.044342041015625,0.06353301268036726
context-0-regime-1,29,1,0.49,current,bitmap,4,512,0.30206298828125,0.2827606201171875,-0.0193023681640625,-0.027656318320944395
context-0-regime-1,29,1,0.49,current,bitmap,4,1024,0.30206298828125,0.2696075439453125,-0.0324554443359375,-0.0465019676432008
context-0-regime-1,29,1,0.49,current,bitmap,4,4096,0.30206298828125,0.2585601806640625,-0.0435028076171875,-0.06233056405771764
context-0-regime-1,29,1,0.49,current,bitmap,8,1024,0.30206298828125,0.2621002197265625,-0.0399627685546875,-0.05725841714035851
context-0-regime-1,29,1,0.49,current,bitmap,8,4096,0.30206298828125,0.2510223388671875,-0.0510406494140625,-0.07313073895933542
context-0-regime-1,29,1,0.49,current,bitmap,32,1024,0.30206298828125,0.2642822265625,-0.03778076171875,-0.054132050721469094
context-0-regime-1,29,1,0.49,current,bitmap,32,4096,0.30206298828125,0.25128173828125,-0.05078125,-0.07275907302142537
context-0-regime-1,29,1,0.49,previous,bitmap,1,256,0.30206298828125,0.325927734375,0.02386474609375,0.03419326628771313
context-0-regime-1,29,1,0.49,previous,bitmap,1,512,0.30206298828125,0.3358154296875,0.03375244140625,0.04836029733275038
context-0-regime-1,29,1,0.49,previous,bitmap,1,1024,0.30206298828125,0.338775634765625,0.036712646484375,0.052601661565369495
context-0-regime-1,29,1,0.49,previous,bitmap,1,4096,0.30206298828125,0.352325439453125,0.050262451171875,0.0720157411456056
context-0-regime-1,29,1,0.49,previous,bitmap,2,512,0.30206298828125,0.3062286376953125,0.0041656494140625,0.005968517708788812
context-0-regime-1,29,1,0.49,previous,bitmap,2,1024,0.30206298828125,0.296356201171875,-0.005706787109375,-0.0081766506340184
context-0-regime-1,29,1,0.49,previous,bitmap,2,4096,0.30206298828125,0.2862091064453125,-0.0158538818359375,-0.022715347616965476
context-0-regime-1,29,1,0.49,previous,bitmap,4,512,0.30206298828125,0.280670166015625,-0.021392822265625,-0.03065150852645382
context-0-regime-1,29,1,0.49,previous,bitmap,4,1024,0.30206298828125,0.2653961181640625,-0.0366668701171875,-0.0525360734586795
context-0-regime-1,29,1,0.49,previous,bitmap,4,4096,0.30206298828125,0.24969482421875,-0.0523681640625,-0.07503279405334506
context-0-regime-1,29,1,0.49,previous,bitmap,8,1024,0.30206298828125,0.259918212890625,-0.042144775390625,-0.06038478355924792
context-0-regime-1,29,1,0.49,previous,bitmap,8,4096,0.30206298828125,0.244842529296875,-0.057220458984375,-0.0819851333624837
context-0-regime-1,29,1,0.49,previous,bitmap,32,1024,0.30206298828125,0.263916015625,-0.03814697265625,-0.05465675557498906
context-0-regime-1,29,1,0.49,previous,bitmap,32,4096,0.30206298828125,0.2520904541015625,-0.0499725341796875,-0.0716003498032356
context-0-regime-2,29,1,0.14,current,bitmap,1,256,0.506988525390625,0.5453338623046875,0.0383453369140625,0.07777777777777772
context-0-regime-2,29,1,0.14,current,bitmap,1,512,0.506988525390625,0.5789642333984375,0.0719757080078125,0.1459919529557413
context-0-regime-2,29,1,0.14,current,bitmap,1,1024,0.506988525390625,0.5970611572265625,0.0900726318359375,0.18269885484370163
context-0-regime-2,29,1,0.14,current,bitmap,1,4096,0.506988525390625,0.6334075927734375,0.1264190673828125,0.2564221603218818
context-0-regime-2,29,1,0.14,current,bitmap,2,512,0.506988525390625,0.5434112548828125,0.0364227294921875,0.07387805632930977
context-0-regime-2,29,1,0.14,current,bitmap,2,1024,0.506988525390625,0.548553466796875,0.04156494140625,0.0843082636954503
context-0-regime-2,29,1,0.14,current,bitmap,2,4096,0.506988525390625,0.5623779296875,0.055389404296875,0.11234911792014857
context-0-regime-2,29,1,0.14,current,bitmap,4,512,0.506988525390625,0.4747161865234375,-0.0322723388671875,-0.06545961002785505
context-0-regime-2,29,1,0.14,current,bitmap,4,1024,0.506988525390625,0.4635467529296875,-0.0434417724609375,-0.0881151346332405
context-0-regime-2,29,1,0.14,current,bitmap,4,4096,0.506988525390625,0.4434356689453125,-0.0635528564453125,-0.1289074589910244
context-0-regime-2,29,1,0.14,current,bitmap,8,1024,0.506988525390625,0.4497833251953125,-0.0572052001953125,-0.11603218817703498
context-0-regime-2,29,1,0.14,current,bitmap,8,4096,0.506988525390625,0.4166717529296875,-0.0903167724609375,-0.18319405756731655
context-0-regime-2,29,1,0.14,current,bitmap,32,1024,0.506988525390625,0.4506072998046875,-0.0563812255859375,-0.11436087898483449
context-0-regime-2,29,1,0.14,current,bitmap,32,4096,0.506988525390625,0.42193603515625,-0.085052490234375,-0.17251624883936856
context-0-regime-2,29,1,0.14,previous,bitmap,1,256,0.506988525390625,0.517913818359375,0.01092529296875,0.022160321881770306
context-0-regime-2,29,1,0.14,previous,bitmap,1,512,0.506988525390625,0.533233642578125,0.0262451171875,0.05323429278861036
context-0-regime-2,29,1,0.14,previous,bitmap,1,1024,0.506988525390625,0.5385894775390625,0.0316009521484375,0.06409780253791397
context-0-regime-2,29,1,0.14,previous,bitmap,1,4096,0.506988525390625,0.558074951171875,0.05108642578125,0.10362116991643455
context-0-regime-2,29,1,0.14,previous,bitmap,2,512,0.506988525390625,0.5147705078125,0.007781982421875,0.01578458681522743
context-0-regime-2,29,1,0.14,previous,bitmap,2,1024,0.506988525390625,0.5117340087890625,0.0047454833984375,0.009625502940266206
context-0-regime-2,29,1,0.14,previous,bitmap,2,4096,0.506988525390625,0.5149078369140625,0.0079193115234375,0.01606313834726092
context-0-regime-2,29,1,0.14,previous,bitmap,4,512,0.506988525390625,0.4722747802734375,-0.0347137451171875,-0.0704116372640049
context-0-regime-2,29,1,0.14,previous,bitmap,4,1024,0.506988525390625,0.45947265625,-0.047515869140625,-0.09637883008356551
context-0-regime-2,29,1,0.14,previous,bitmap,4,4096,0.506988525390625,0.4356842041015625,-0.0713043212890625,-0.1446301454658001
context-0-regime-2,29,1,0.14,previous,bitmap,8,1024,0.506988525390625,0.4485931396484375,-0.0583953857421875,-0.11844630145465795
context-0-regime-2,29,1,0.14,previous,bitmap,8,4096,0.506988525390625,0.4171142578125,-0.089874267578125,-0.18229650263076458
context-0-regime-2,29,1,0.14,previous,bitmap,32,1024,0.506988525390625,0.4556884765625,-0.051300048828125,-0.10405447229959774
context-0-regime-2,29,1,0.14,previous,bitmap,32,4096,0.506988525390625,0.4411163330078125,-0.0658721923828125,-0.13361188486536668
context-0-regime-0,30,1,0.89,current,bitmap,1,256,0.10516357421875,0.1457366943359375,0.0405731201171875,0.045341381897551325
context-0-regime-0,30,1,0.89,current,bitmap,1,512,0.10516357421875,0.181060791015625,0.075897216796875,0.084816861059955
context-0-regime-0,30,1,0.89,current,bitmap,1,1024,0.10516357421875,0.1943206787109375,0.0891571044921875,0.09963508628333673
context-0-regime-0,30,1,0.89,current,bitmap,1,4096,0.10516357421875,0.214080810546875,0.108917236328125,0.12171748175431418
context-0-regime-0,30,1,0.89,current,bitmap,2,512,0.10516357421875,0.139068603515625,0.033905029296875,0.03788963917877364
context-0-regime-0,30,1,0.89,current,bitmap,2,1024,0.10516357421875,0.1391448974609375,0.0339813232421875,0.03797489939294729
context-0-regime-0,30,1,0.89,current,bitmap,2,4096,0.10516357421875,0.1272125244140625,0.0220489501953125,0.024640201896187208
context-0-regime-0,30,1,0.89,current,bitmap,4,512,0.10516357421875,0.113800048828125,0.008636474609375,0.009651456244458068
context-0-regime-0,30,1,0.89,current,bitmap,4,1024,0.10516357421875,0.1063385009765625,0.0011749267578125,0.0013130072982743268
context-0-regime-0,30,1,0.89,current,bitmap,4,4096,0.10516357421875,0.0815582275390625,-0.0236053466796875,-0.026379510265329698
context-0-regime-0,30,1,0.89,current,bitmap,8,1024,0.10516357421875,0.106109619140625,0.000946044921875,0.0010572266557533627
context-0-regime-0,30,1,0.89,current,bitmap,8,4096,0.10516357421875,0.081207275390625,-0.023956298828125,-0.026771707250528687
context-0-regime-0,30,1,0.89,current,bitmap,32,1024,0.10516357421875,0.112823486328125,0.007659912109375,0.00856012550303531
context-0-regime-0,30,1,0.89,current,bitmap,32,4096,0.10516357421875,0.0966339111328125,-0.0085296630859375,-0.009532091944614907
context-0-regime-0,30,1,0.89,previous,bitmap,1,256,0.10516357421875,0.12359619140625,0.0184326171875,0.02059886774435582
context-0-regime-0,30,1,0.89,previous,bitmap,1,512,0.10516357421875,0.1353607177734375,0.0301971435546875,0.03374599276993384
context-0-regime-0,30,1,0.89,previous,bitmap,1,1024,0.10516357421875,0.13287353515625,0.0277099609375,0.03096650978787263
context-0-regime-0,30,1,0.89,previous,bitmap,1,4096,0.10516357421875,0.130615234375,0.02545166015625,0.028442807448332275
context-0-regime-0,30,1,0.89,previous,bitmap,2,512,0.10516357421875,0.1159820556640625,0.0108184814453125,0.012089898369824659
context-0-regime-0,30,1,0.89,previous,bitmap,2,1024,0.10516357421875,0.1092376708984375,0.0040740966796875,0.0045528954368733165
context-0-regime-0,30,1,0.89,previous,bitmap,2,4096,0.10516357421875,0.079742431640625,-0.025421142578125,-0.02840870336266277
context-0-regime-0,30,1,0.89,previous,bitmap,4,512,0.10516357421875,0.1063995361328125,0.0012359619140625,0.0013812154696132284
context-0-regime-0,30,1,0.89,previous,bitmap,4,1024,0.10516357421875,0.09576416015625,-0.0093994140625,-0.010504058386194615
context-0-regime-0,30,1,0.89,previous,bitmap,4,4096,0.10516357421875,0.064300537109375,-0.040863037109375,-0.04566537071141119
context-0-regime-0,30,1,0.89,previous,bitmap,8,1024,0.10516357421875,0.097808837890625,-0.007354736328125,-0.00821908464634058
context-0-regime-0,30,1,0.89,previous,bitmap,8,4096,0.10516357421875,0.0683135986328125,-0.0368499755859375,-0.041180683445876776
context-0-regime-0,30,1,0.89,previous,bitmap,32,1024,0.10516357421875,0.104736328125,-0.00042724609375,-0.0004774571993724219
context-0-regime-0,30,1,0.89,previous,bitmap,32,4096,0.10516357421875,0.0889892578125,-0.01617431640625,-0.018075165404815463
context-0-regime-1,30,1,0.49,current,bitmap,1,256,0.2746124267578125,0.3331756591796875,0.058563232421875,0.0807337133721786
context-0-regime-1,30,1,0.49,current,bitmap,1,512,0.2746124267578125,0.3628082275390625,0.08819580078125,0.12158438334840871
context-0-regime-1,30,1,0.49,current,bitmap,1,1024,0.2746124267578125,0.3778076171875,0.1031951904296875,0.14226214266181447
context-0-regime-1,30,1,0.49,current,bitmap,1,4096,0.2746124267578125,0.41473388671875,0.1401214599609375,0.19316771492879525
context-0-regime-1,30,1,0.49,current,bitmap,2,512,0.2746124267578125,0.312042236328125,0.0374298095703125,0.05159973916153049
context-0-regime-1,30,1,0.49,current,bitmap,2,1024,0.2746124267578125,0.3130645751953125,0.0384521484375,0.05300910831107086
context-0-regime-1,30,1,0.49,current,bitmap,2,4096,0.2746124267578125,0.317230224609375,0.0426177978515625,0.05875176171143692
context-0-regime-1,30,1,0.49,current,bitmap,4,512,0.2746124267578125,0.254302978515625,-0.0203094482421875,-0.027998064746839413
context-0-regime-1,30,1,0.49,current,bitmap,4,1024,0.2746124267578125,0.2431793212890625,-0.03143310546875,-0.04333284250825642
context-0-regime-1,30,1,0.49,current,bitmap,4,4096,0.2746124267578125,0.22955322265625,-0.0450592041015625,-0.06211741938198112
context-0-regime-1,30,1,0.49,current,bitmap,8,1024,0.2746124267578125,0.2321014404296875,-0.042510986328125,-0.058604514188350665
context-0-regime-1,30,1,0.49,current,bitmap,8,4096,0.2746124267578125,0.2114105224609375,-0.063201904296875,-0.08712846294621257
context-0-regime-1,30,1,0.49,current,bitmap,32,1024,0.2746124267578125,0.235260009765625,-0.0393524169921875,-0.05425019457708413
context-0-regime-1,30,1,0.49,current,bitmap,32,4096,0.2746124267578125,0.210052490234375,-0.0645599365234375,-0.08900061002545279
context-0-regime-1,30,1,0.49,previous,bitmap,1,256,0.2746124267578125,0.2946319580078125,0.02001953125,0.02759839289846233
context-0-regime-1,30,1,0.49,previous,bitmap,1,512,0.2746124267578125,0.30224609375,0.0276336669921875,0.038095037758472006
context-0-regime-1,30,1,0.49,previous,bitmap,1,1024,0.2746124267578125,0.300018310546875,0.0254058837890625,0.035023875134100435
context-0-regime-1,30,1,0.49,previous,bitmap,1,4096,0.2746124267578125,0.3164520263671875,0.041839599609375,0.05767895832895098
context-0-regime-1,30,1,0.49,previous,bitmap,2,512,0.2746124267578125,0.2745513916015625,-6.103515625e-05,-8.414144176360772e-05
context-0-regime-1,30,1,0.49,previous,bitmap,2,1024,0.2746124267578125,0.26202392578125,-0.0125885009765625,-0.01735417236374337
context-0-regime-1,30,1,0.49,previous,bitmap,2,4096,0.2746124267578125,0.2496490478515625,-0.02496337890625,-0.034413849681314224
context-0-regime-1,30,1,0.49,previous,bitmap,4,512,0.2746124267578125,0.25018310546875,-0.0244293212890625,-0.03367761206588282
context-0-regime-1,30,1,0.49,previous,bitmap,4,1024,0.2746124267578125,0.23681640625,-0.0377960205078125,-0.052104587812112246
context-0-regime-1,30,1,0.49,previous,bitmap,4,4096,0.2746124267578125,0.221221923828125,-0.0533905029296875,-0.07360272618271324
context-0-regime-1,30,1,0.49,previous,bitmap,8,1024,0.2746124267578125,0.2301788330078125,-0.04443359375,-0.0612549696039042
context-0-regime-1,30,1,0.49,previous,bitmap,8,4096,0.2746124267578125,0.2068939208984375,-0.067718505859375,-0.09335492963671932
context-0-regime-1,30,1,0.49,previous,bitmap,32,1024,0.2746124267578125,0.2339630126953125,-0.0406494140625,-0.05603820021456074
context-0-regime-1,30,1,0.49,previous,bitmap,32,4096,0.2746124267578125,0.2045135498046875,-0.070098876953125,-0.0966364458654998
context-0-regime-2,30,1,0.14,current,bitmap,1,256,0.4752349853515625,0.51824951171875,0.0430145263671875,0.08196911982786192
context-0-regime-2,30,1,0.14,current,bitmap,1,512,0.4752349853515625,0.555450439453125,0.0802154541015625,0.1528597598208834
context-0-regime-2,30,1,0.14,current,bitmap,1,1024,0.4752349853515625,0.571990966796875,0.0967559814453125,0.18437963420662384
context-0-regime-2,30,1,0.14,current,bitmap,1,4096,0.4752349853515625,0.61517333984375,0.1399383544921875,0.26666860515832636
context-0-regime-2,30,1,0.14,current,bitmap,2,512,0.4752349853515625,0.51495361328125,0.0397186279296875,0.0756884068506295
context-0-regime-2,30,1,0.14,current,bitmap,2,1024,0.4752349853515625,0.5180511474609375,0.042816162109375,0.08159111395423224
context-0-regime-2,30,1,0.14,current,bitmap,2,4096,0.4752349853515625,0.533843994140625,0.0586090087890625,0.11168619697013749
context-0-regime-2,30,1,0.14,current,bitmap,4,512,0.4752349853515625,0.4418487548828125,-0.03338623046875,-0.06362129626937274
context-0-regime-2,30,1,0.14,current,bitmap,4,1024,0.4752349853515625,0.427459716796875,-0.0477752685546875,-0.09104126079497532
context-0-regime-2,30,1,0.14,current,bitmap,4,4096,0.4752349853515625,0.411712646484375,-0.0635223388671875,-0.12104911168619692
context-0-regime-2,30,1,0.14,current,bitmap,8,1024,0.4752349853515625,0.4091949462890625,-0.0660400390625,-0.12584687854380516
context-0-regime-2,30,1,0.14,current,bitmap,8,4096,0.4752349853515625,0.3669891357421875,-0.108245849609375,-0.20627489750225347
context-0-regime-2,30,1,0.14,current,bitmap,32,1024,0.4752349853515625,0.4086456298828125,-0.06658935546875,-0.12689366404001046
context-0-regime-2,30,1,0.14,current,bitmap,32,4096,0.4752349853515625,0.372344970703125,-0.1028900146484375,-0.1960687389142508
context-0-regime-2,30,1,0.14,previous,bitmap,1,256,0.4752349853515625,0.4869384765625,0.0117034912109375,0.022302346544153973
context-0-regime-2,30,1,0.14,previous,bitmap,1,512,0.4752349853515625,0.5021820068359375,0.026947021484375,0.05135064406385392
context-0-regime-2,30,1,0.14,previous,bitmap,1,1024,0.4752349853515625,0.5068511962890625,0.0316162109375,0.06024832078159981
context-0-regime-2,30,1,0.14,previous,bitmap,1,4096,0.4752349853515625,0.529510498046875,0.0542755126953125,0.10342822250007266
context-0-regime-2,30,1,0.14,previous,bitmap,2,512,0.4752349853515625,0.4813232421875,0.0060882568359375,0.011601872582943207
context-0-regime-2,30,1,0.14,previous,bitmap,2,1024,0.4752349853515625,0.4758148193359375,0.000579833984375,0.0011049402459946123
context-0-regime-2,30,1,0.14,previous,bitmap,2,4096,0.4752349853515625,0.4800872802734375,0.004852294921875,0.009246605216481019
context-0-regime-2,30,1,0.14,previous,bitmap,4,512,0.4752349853515625,0.4393463134765625,-0.035888671875,-0.06838998575208621
context-0-regime-2,30,1,0.14,previous,bitmap,4,1024,0.4752349853515625,0.423797607421875,-0.0514373779296875,-0.09801983076967802
context-0-regime-2,30,1,0.14,previous,bitmap,4,4096,0.4752349853515625,0.4045562744140625,-0.0706787109375,-0.13468640051176184
context-0-regime-2,30,1,0.14,previous,bitmap,8,1024,0.4752349853515625,0.4083709716796875,-0.066864013671875,-0.12741705678811321
context-0-regime-2,30,1,0.14,previous,bitmap,8,4096,0.4752349853515625,0.3683013916015625,-0.10693359375,-0.20377424326131832
context-0-regime-2,30,1,0.14,previous,bitmap,32,1024,0.4752349853515625,0.4147491455078125,-0.06048583984375,-0.1152627140821727
context-0-regime-2,30,1,0.14,previous,bitmap,32,4096,0.4752349853515625,0.38134765625,-0.0938873291015625,-0.17891308772644
context-0-regime-0,31,1,0.89,current,bitmap,1,256,0.0405426025390625,0.111785888671875,0.0712432861328125,0.07425372540911912
context-0-regime-0,31,1,0.89,current,bitmap,1,512,0.0405426025390625,0.1663055419921875,0.125762939453125,0.13107714817347604
context-0-regime-0,31,1,0.89,current,bitmap,1,1024,0.0405426025390625,0.1884307861328125,0.14788818359375,0.15413731134400988
context-0-regime-0,31,1,0.89,current,bitmap,1,4096,0.0405426025390625,0.2152557373046875,0.174713134765625,0.18209577124318133
context-0-regime-0,31,1,0.89,current,bitmap,2,512,0.0405426025390625,0.1176300048828125,0.07708740234375,0.08034478919830146
context-0-regime-0,31,1,0.89,current,bitmap,2,1024,0.0405426025390625,0.127655029296875,0.0871124267578125,0.09079342864867446
context-0-regime-0,31,1,0.89,current,bitmap,2,4096,0.0405426025390625,0.12542724609375,0.0848846435546875,0.08847150877081378
context-0-regime-0,31,1,0.89,current,bitmap,4,512,0.0405426025390625,0.084381103515625,0.0438385009765625,0.04569093019927162
context-0-regime-0,31,1,0.89,current,bitmap,4,1024,0.0405426025390625,0.084808349609375,0.0442657470703125,0.04613622990187505
context-0-regime-0,31,1,0.89,current,bitmap,4,4096,0.0405426025390625,0.0757293701171875,0.035186767578125,0.03667361122155255
context-0-regime-0,31,1,0.89,current,bitmap,8,1024,0.0405426025390625,0.0867462158203125,0.04620361328125,0.048155982124397645
context-0-regime-0,31,1,0.89,current,bitmap,8,4096,0.0405426025390625,0.0731964111328125,0.03265380859375,0.034033620127546516
context-0-regime-0,31,1,0.89,current,bitmap,32,1024,0.0405426025390625,0.11004638671875,0.0695037841796875,0.07244071947709096
context-0-regime-0,31,1,0.89,current,bitmap,32,4096,0.0405426025390625,0.1040191650390625,0.0634765625,0.06615881295822135
context-0-regime-0,31,1,0.89,previous,bitmap,1,256,0.0405426025390625,0.080902099609375,0.0403594970703125,0.04206491833521531
context-0-regime-0,31,1,0.89,previous,bitmap,1,512,0.0405426025390625,0.1066436767578125,0.06610107421875,0.06889422541707091
context-0-regime-0,31,1,0.89,previous,bitmap,1,1024,0.0405426025390625,0.109771728515625,0.0692291259765625,0.07215445538256016
context-0-regime-0,31,1,0.89,previous,bitmap,1,4096,0.0405426025390625,0.1083984375,0.0678558349609375,0.07072313490990634
context-0-regime-0,31,1,0.89,previous,bitmap,2,512,0.0405426025390625,0.081817626953125,0.0412750244140625,0.04301913198365115
context-0-regime-0,31,1,0.89,previous,bitmap,2,1024,0.0405426025390625,0.07989501953125,0.0393524169921875,0.041015283321935825
context-0-regime-0,31,1,0.89,previous,bitmap,2,4096,0.0405426025390625,0.0664520263671875,0.025909423828125,0.027004246250735497
context-0-regime-0,31,1,0.89,previous,bitmap,4,512,0.0405426025390625,0.070343017578125,0.0298004150390625,0.031059654256588076
context-0-regime-0,31,1,0.89,previous,bitmap,4,1024,0.0405426025390625,0.066436767578125,0.0258941650390625,0.026988342689928224
context-0-regime-0,31,1,0.89,previous,bitmap,4,4096,0.0405426025390625,0.048187255859375,0.0076446533203125,0.007967683964439587
context-0-regime-0,31,1,0.89,previous,bitmap,8,1024,0.0405426025390625,0.07550048828125,0.0349578857421875,0.03643505780944356
context-0-regime-0,31,1,0.89,previous,bitmap,8,4096,0.0405426025390625,0.0623016357421875,0.021759033203125,0.022678477711159495
context-0-regime-0,31,1,0.89,previous,bitmap,32,1024,0.0405426025390625,0.0935211181640625,0.052978515625,0.05521716312282321
context-0-regime-0,31,1,0.89,previous,bitmap,32,4096,0.0405426025390625,0.0878143310546875,0.047271728515625,0.04926923138090622
context-0-regime-1,31,1,0.49,current,bitmap,1,256,0.1915740966796875,0.2795257568359375,0.08795166015625,0.10879371850285957
context-0-regime-1,31,1,0.49,current,bitmap,1,512,0.1915740966796875,0.3204498291015625,0.128875732421875,0.15941563956890203
context-0-regime-1,31,1,0.49,current,bitmap,1,1024,0.1915740966796875,0.3414154052734375,0.14984130859375,0.18534946490251225
context-0-regime-1,31,1,0.49,current,bitmap,1,4096,0.1915740966796875,0.3785552978515625,0.186981201171875,0.23129046261867459
context-0-regime-1,31,1,0.49,current,bitmap,2,512,0.1915740966796875,0.267120361328125,0.0755462646484375,0.09344859477926049
context-0-regime-1,31,1,0.49,current,bitmap,2,1024,0.1915740966796875,0.275909423828125,0.0843353271484375,0.10432041675317572
context-0-regime-1,31,1,0.49,current,bitmap,2,4096,0.1915740966796875,0.2877349853515625,0.096160888671875,0.11894830222155117
context-0-regime-1,31,1,0.49,current,bitmap,4,512,0.1915740966796875,0.1860809326171875,-0.0054931640625,-0.0067948887336970465
context-0-regime-1,31,1,0.49,current,bitmap,4,1024,0.1915740966796875,0.1815185546875,-0.0100555419921875,-0.012438421320850823
context-0-regime-1,31,1,0.49,current,bitmap,4,4096,0.1915740966796875,0.18084716796875,-0.0107269287109375,-0.013268907721636136
context-0-regime-1,31,1,0.49,current,bitmap,8,1024,0.1915740966796875,0.1691741943359375,-0.02239990234375,-0.027708046280742193
context-0-regime-1,31,1,0.49,current,bitmap,8,4096,0.1915740966796875,0.1604766845703125,-0.031097412109375,-0.03846662010909574
context-0-regime-1,31,1,0.49,current,bitmap,32,1024,0.1915740966796875,0.1742095947265625,-0.017364501953125,-0.021479398274853345
context-0-regime-1,31,1,0.49,current,bitmap,32,4096,0.1915740966796875,0.1624603271484375,-0.02911376953125,-0.03601291028859399
context-0-regime-1,31,1,0.49,previous,bitmap,1,256,0.1915740966796875,0.234771728515625,0.0431976318359375,0.053434250014156026
context-0-regime-1,31,1,0.49,previous,bitmap,1,512,0.1915740966796875,0.250640869140625,0.0590667724609375,0.07306392857816957
context-0-regime-1,31,1,0.49,previous,bitmap,1,1024,0.1915740966796875,0.2555084228515625,0.063934326171875,0.07908495498386214
context-0-regime-1,31,1,0.49,previous,bitmap,1,4096,0.1915740966796875,0.2718353271484375,0.08026123046875,0.09928087427568377
context-0-regime-1,31,1,0.49,previous,bitmap,2,512,0.1915740966796875,0.220001220703125,0.0284271240234375,0.035163549196881916
context-0-regime-1,31,1,0.49,previous,bitmap,2,1024,0.1915740966796875,0.217193603515625,0.0256195068359375,0.03169060606632568
context-0-regime-1,31,1,0.49,previous,bitmap,2,4096,0.1915740966796875,0.216064453125,0.0244903564453125,0.030293878937732388
context-0-regime-1,31,1,0.49,previous,bitmap,4,512,0.1915740966796875,0.1815948486328125,-0.009979248046875,-0.012344047866216235
context-0-regime-1,31,1,0.49,previous,bitmap,4,1024,0.1915740966796875,0.176177978515625,-0.0153961181640625,-0.01904456314527847
context-0-regime-1,31,1,0.49,previous,bitmap,4,4096,0.1915740966796875,0.172698974609375,-0.0188751220703125,-0.023347992676620022
context-0-regime-1,31,1,0.49,previous,bitmap,8,1024,0.1915740966796875,0.169342041015625,-0.0222320556640625,-0.02750042468054592
context-0-regime-1,31,1,0.49,previous,bitmap,8,4096,0.1915740966796875,0.1576690673828125,-0.033905029296875,-0.04193956323965198
context-0-regime-1,31,1,0.49,previous,bitmap,32,1024,0.1915740966796875,0.1720733642578125,-0.019500732421875,-0.02412185500462427
context-0-regime-1,31,1,0.49,previous,bitmap,32,4096,0.1915740966796875,0.1530914306640625,-0.038482666015625,-0.04760197051773285
context-0-regime-2,31,1,0.14,current,bitmap,1,256,0.3907012939453125,0.4325103759765625,0.04180908203125,0.06861836668252741
context-0-regime-2,31,1,0.14,current,bitmap,1,512,0.3907012939453125,0.46685791015625,0.0761566162109375,0.12499060880018031
context-0-regime-2,31,1,0.14,current,bitmap,1,1024,0.3907012939453125,0.490997314453125,0.1002960205078125,0.16460895043950818
context-0-regime-2,31,1,0.14,current,bitmap,1,4096,0.3907012939453125,0.532623291015625,0.1419219970703125,0.23292679872780542
context-0-regime-2,31,1,0.14,current,bitmap,2,512,0.3907012939453125,0.436767578125,0.0460662841796875,0.07560541934837595
context-0-regime-2,31,1,0.14,current,bitmap,2,1024,0.3907012939453125,0.4468994140625,0.0561981201171875,0.09223410382910524
context-0-regime-2,31,1,0.14,current,bitmap,2,4096,0.3907012939453125,0.46832275390625,0.0776214599609375,0.12739475595402072
context-0-regime-2,31,1,0.14,current,bitmap,4,512,0.3907012939453125,0.3698883056640625,-0.02081298828125,-0.03415892414414867
context-0-regime-2,31,1,0.14,current,bitmap,4,1024,0.3907012939453125,0.364715576171875,-0.0259857177734375,-0.04264856878114753
context-0-regime-2,31,1,0.14,current,bitmap,4,4096,0.3907012939453125,0.35302734375,-0.0376739501953125,-0.0618316596128321
context-0-regime-2,31,1,0.14,current,bitmap,8,1024,0.3907012939453125,0.3567047119140625,-0.03399658203125,-0.05579624852871201
context-0-regime-2,31,1,0.14,current,bitmap,8,4096,0.3907012939453125,0.320648193359375,-0.0700531005859375,-0.11497332899251211
context-0-regime-2,31,1,0.14,current,bitmap,32,1024,0.3907012939453125,0.363311767578125,-0.0273895263671875,-0.044952543136911105
context-0-regime-2,31,1,0.14,current,bitmap,32,4096,0.3907012939453125,0.3225250244140625,-0.06817626953125,-0.1118930154516542
context-0-regime-2,31,1,0.14,previous,bitmap,1,256,0.3907012939453125,0.402496337890625,0.0117950439453125,0.019358393228318893
context-0-regime-2,31,1,0.14,previous,bitmap,1,512,0.3907012939453125,0.4188079833984375,0.028106689453125,0.04612957351431224
context-0-regime-2,31,1,0.14,previous,bitmap,1,1024,0.3907012939453125,0.4274749755859375,0.036773681640625,0.060354110841201125
context-0-regime-2,31,1,0.14,previous,bitmap,1,4096,0.3907012939453125,0.45111083984375,0.0604095458984375,0.09914602689639629
context-0-regime-2,31,1,0.14,previous,bitmap,2,512,0.3907012939453125,0.4047698974609375,0.014068603515625,0.0230898299566753
context-0-regime-2,31,1,0.14,previous,bitmap,2,1024,0.3907012939453125,0.4063262939453125,0.015625,0.025644236307630686
context-0-regime-2,31,1,0.14,previous,bitmap,2,4096,0.3907012939453125,0.41851806640625,0.0278167724609375,0.04565375272344796
context-0-regime-2,31,1,0.14,previous,bitmap,4,512,0.3907012939453125,0.3665618896484375,-0.024139404296875,-0.03961834163932787
context-0-regime-2,31,1,0.14,previous,bitmap,4,1024,0.3907012939453125,0.359161376953125,-0.0315399169921875,-0.05176429340612554
context-0-regime-2,31,1,0.14,previous,bitmap,4,4096,0.3907012939453125,0.3447418212890625,-0.04595947265625,-0.07543011695174173
context-0-regime-2,31,1,0.14,previous,bitmap,8,1024,0.3907012939453125,0.3536834716796875,-0.037017822265625,-0.060754802033507804
context-0-regime-2,31,1,0.14,previous,bitmap,8,4096,0.3907012939453125,0.31329345703125,-0.0774078369140625,-0.1270441511607523
context-0-regime-2,31,1,0.14,previous,bitmap,32,1024,0.3907012939453125,0.357818603515625,-0.0328826904296875,-0.05396809496381261
context-0-regime-2,31,1,0.14,previous,bitmap,32,4096,0.3907012939453125,0.322052001953125,-0.0686492919921875,-0.11266935463674832
