benchmark,task,condition,count,accuracy,dense_accuracy,delta,paired_ci95,matching_tokens,compared_tokens,token_agreement,sequence_exact_match,relative_accuracy,length_terminated,empty_outputs,overall_eligible,overall_skipped,overall_softmax_skipped,overall_pv_omitted,overall_compensated,overall_mass_sum,overall_rows,overall_error_sq,overall_dense_sq,overall_denominator_mass_sum,overall_same_budget_best_mass_sum,overall_wrongly_replaced_vs_mass,overall_unnecessarily_retained_vs_mass,overall_physical_sparsity,overall_pv_omission,overall_mass,overall_denominator_mass,overall_relative_error,overall_rescued_rows,overall_prefix_eligible,overall_prefix_skipped,overall_prefix_replaced,overall_canvas_eligible,overall_canvas_skipped,overall_canvas_replaced,overall_boundary_eligible,overall_boundary_skipped,overall_boundary_replaced,overall_softmax_sparsity,overall_compensation_fraction,overall_mass_selection_gap,overall_wrongly_replaced_fraction,overall_rescued_row_rate,overall_prefix_sparsity,overall_canvas_sparsity,overall_boundary_sparsity,global_eligible,global_skipped,global_softmax_skipped,global_pv_omitted,global_compensated,global_mass_sum,global_rows,global_error_sq,global_dense_sq,global_denominator_mass_sum,global_same_budget_best_mass_sum,global_wrongly_replaced_vs_mass,global_unnecessarily_retained_vs_mass,global_physical_sparsity,global_pv_omission,global_mass,global_denominator_mass,global_relative_error,global_rescued_rows,global_prefix_eligible,global_prefix_skipped,global_prefix_replaced,global_canvas_eligible,global_canvas_skipped,global_canvas_replaced,global_boundary_eligible,global_boundary_skipped,global_boundary_replaced,global_softmax_sparsity,global_compensation_fraction,global_mass_selection_gap,global_wrongly_replaced_fraction,global_rescued_row_rate,global_prefix_sparsity,global_canvas_sparsity,global_boundary_sparsity,local_eligible,local_skipped,local_softmax_skipped,local_pv_omitted,local_compensated,local_mass_sum,local_rows,local_error_sq,local_dense_sq,local_denominator_mass_sum,local_same_budget_best_mass_sum,local_wrongly_replaced_vs_mass,local_unnecessarily_retained_vs_mass,local_physical_sparsity,local_pv_omission,local_mass,local_denominator_mass,local_relative_error,local_rescued_rows,local_prefix_eligible,local_prefix_skipped,local_prefix_replaced,local_canvas_eligible,local_canvas_skipped,local_canvas_replaced,local_boundary_eligible,local_boundary_skipped,local_boundary_replaced,local_softmax_sparsity,local_compensation_fraction,local_mass_selection_gap,local_wrongly_replaced_fraction,local_rescued_row_rate,local_prefix_sparsity,local_canvas_sparsity,local_boundary_sparsity,overall_mass_sample_p10_p50_p90,overall_relative_error_sample_p10_p50_p90,overall_physical_sparsity_sample_p10_p50_p90,global_mass_sample_p10_p50_p90,global_relative_error_sample_p10_p50_p90,global_physical_sparsity_sample_p10_p50_p90,local_mass_sample_p10_p50_p90,local_relative_error_sample_p10_p50_p90,local_physical_sparsity_sample_p10_p50_p90,equal_task_macro,dense_equal_task_macro,correct,unparsed_answers
aime26,AIME26,blasst_aggressive_s50,30,0.36666666666666664,0.5666666666666667,-0.2,"(-0.36666666666666664, -0.03333333333333333)",1139,47250,0.024105820105820106,0.0,0.6470588235294117,6,0,62640480.0,32173054.0,32173054.0,32173054.0,0.0,409614623.03328323,585646080.0,16656471745.414755,66588686212.533356,409614623.03328323,463011106.7405901,7596183.0,7596183.0,0.5136144231334115,0.5136144231334115,0.6994234863371462,0.6994234863371462,0.5001396467515733,0.0,39763680.0,20584976.0,20584976.0,18301440.0,9494306.0,9494306.0,4575360.0,2093772.0,2093772.0,0.5136144231334115,0.0,0.09117534553856634,0.12126636002789251,0.0,0.5176828703983133,0.5187737139809764,0.45761907259756607,11918880.0,5912894.0,5912894.0,5912894.0,0.0,70041662.65623039,97607680.0,2860421296.811484,18490155123.11328,70041662.65623039,75397253.6235857,995262.0,995262.0,0.4960947672935712,0.4960947672935712,0.7175835206433591,0.7175835206433591,0.39331881684981557,0.0,8106080.0,4060752.0,4060752.0,3050240.0,1565101.0,1565101.0,762560.0,287041.0,287041.0,0.4960947672935712,0.0,0.05486854074756526,0.08350298014578551,0.0,0.5009513846396779,0.5131074931808645,0.37641759336970204,50721600.0,26260160.0,26260160.0,26260160.0,0.0,339572960.3770528,488038400.0,13796050448.603271,48098531089.420074,339572960.3770528,387613853.1170044,6600921.0,6600921.0,0.5177313018516766,0.5177313018516766,0.6957914794759035,0.6957914794759035,0.535564127835433,0.0,31657600.0,16524224.0,16524224.0,15251200.0,7929205.0,7929205.0,3812800.0,1806731.0,1806731.0,0.5177313018516766,0.0,0.09843670649676667,0.13014023611242548,0.0,0.5219670474072576,0.5199069581409987,0.4738593684431389,"[0.5473617160093686, 0.7104742739030703, 0.7391428447024139]","[0.41664497882104307, 0.4649665491268202, 0.7218203967430854]","[0.48079692145757347, 0.5164969282643197, 0.6260380949797454]","[0.5262637304247255, 0.7347805740591387, 0.768024408311079]","[0.3068192351454477, 0.34922409563799156, 0.5857035486245706]","[0.4469870148192308, 0.48957658151288685, 0.6349172421824368]","[0.5524035797712313, 0.7064345504065617, 0.7333740397173946]","[0.45110884857063577, 0.5048398506825489, 0.7689284041761325]","[0.4858543562291131, 0.5198260309429512, 0.6289268663194445]",0.36666666666666664,0.5666666666666667,11.0,0
aime26,AIME26,blasst_original_s50,30,0.5333333333333333,0.5666666666666667,-0.03333333333333333,"(-0.2, 0.13333333333333333)",2444,42612,0.057354735755186334,0.0,0.9411764705882353,2,0,35726640.0,10295971.0,10295971.0,10295971.0,0.0,275730101.24419403,295157760.0,692404193.2854809,32114396214.146393,275730101.24419403,282571469.5851383,2814763.0,2814763.0,0.28818749818062933,0.28818749818062933,0.9341787295180517,0.9341787295180517,0.14683512729667697,0.0,24197040.0,7543262.0,7543262.0,9223680.0,2366165.0,2366165.0,2305920.0,386544.0,386544.0,0.28818749818062933,0.0,0.023178683633268832,0.07878611030872201,0.0,0.3117431718920992,0.25653155790313625,0.16763114071606994,6883040.0,2441219.0,2441219.0,2441219.0,0.0,44596637.32763767,49192960.0,262033673.77183664,9213967290.101807,44596637.32763767,45359437.32624817,394321.0,394321.0,0.35467162765289756,0.35467162765289756,0.9065654379740042,0.9065654379740042,0.16863791335761447,0.0,4961440.0,1960751.0,1960751.0,1537280.0,424418.0,424418.0,384320.0,56050.0,56050.0,0.35467162765289756,0.0,0.015506283797732369,0.057288785187940214,0.0,0.39519796671933954,0.2760837323064113,0.14584200666111574,28843600.0,7854752.0,7854752.0,7854752.0,0.0,231133463.91655636,245964800.0,430370519.51364416,22900428924.044586,231133463.91655636,237212032.25889015,2420442.0,2420442.0,0.272322178923574,0.272322178923574,0.9397013878268612,0.9397013878268612,0.13708800263669016,0.0,19235600.0,5582511.0,5582511.0,7686400.0,1941747.0,1941747.0,1921600.0,330494.0,330494.0,0.272322178923574,0.0,0.024713163600376127,0.08391608537075816,0.0,0.2902176693214664,0.25262112302248124,0.17198896752706078,"[0.9306806286393676, 0.9340461944070904, 0.9410806266789804]","[0.13694993010405823, 0.14547804974032896, 0.15358416983735224]","[0.27492095309272785, 0.2895341386284265, 0.31676453986655856]","[0.8919968963873551, 0.9155596477859136, 0.9346119237824327]","[0.1441354131691107, 0.16413941450722, 0.1810222142148241]","[0.27237375070382885, 0.3364631483804933, 0.3840191806684112]","[0.9358355243956827, 0.9396538352279, 0.9435522596130959]","[0.12671178783724368, 0.13755805148476263, 0.14894454951598027]","[0.25813997642647374, 0.28426520735466243, 0.31927713793682794]",0.5333333333333333,0.5666666666666667,16.0,0
aime26,AIME26,cancel_guard_gaussian_r32_s50,30,0.43333333333333335,0.5666666666666667,-0.13333333333333333,"(-0.26666666666666666, -0.03333333333333333)",1946,43526,0.04470890961724027,0.0,0.7647058823529412,6,0,58314720.0,29570551.0,0.0,29570551.0,0.0,332421322.5257167,455884800.0,3137272515.750306,48439732775.3902,332421322.5257167,400538410.83665943,9427867.0,9427867.0,0.5070855351787679,0.5070855351787679,0.7291783418216986,0.7291783418216986,0.2544926553394414,0.0,40506720.0,22211461.0,22211461.0,14246400.0,6174159.0,6174159.0,3561600.0,1184931.0,1184931.0,0.0,0.0,0.149417327164544,0.1616721644209215,0.0,0.5483401519550336,0.4333838022237197,0.3326962601078167,11523520.0,5909961.0,0.0,5909961.0,0.0,59656811.83764267,75980800.0,438778252.91917825,13746058363.763428,59656811.83764267,64744137.839110374,1372486.0,1372486.0,0.5128607404681903,0.5128607404681903,0.7851564057978156,0.7851564057978156,0.17866252007929131,0.0,8555520.0,4739062.0,4739062.0,2374400.0,994162.0,994162.0,593600.0,176737.0,176737.0,0.0,0.0,0.0669554150715405,0.11910301713365361,0.0,0.5539186396618792,0.41870030323450136,0.2977375336927224,46791200.0,23660590.0,0.0,23660590.0,0.0,272764510.68807405,379904000.0,2698494262.8311276,34693674411.62677,272764510.68807405,335794272.99754906,8055381.0,8055381.0,0.5056632443707364,0.5056632443707364,0.7179827290264752,0.7179827290264752,0.278891706891086,0.0,31951200.0,17472399.0,17472399.0,11872000.0,5179997.0,5179997.0,2968000.0,1008194.0,1008194.0,0.0,0.0,0.1659097095831447,0.17215589683530236,0.0,0.5468464095245249,0.43632050202156336,0.3396880053908356,"[0.7077807068623363, 0.7463264006874928, 0.7965583945526654]","[0.20571068734034134, 0.2508094199381172, 0.26862183739541234]","[0.4681968786119339, 0.5018969295497583, 0.5218480322757957]","[0.746372578741479, 0.8226703995166107, 0.8689953159870097]","[0.138659052411475, 0.15673969103916538, 0.20171040021423337]","[0.36932372585818946, 0.45979362889609815, 0.5620001234673551]","[0.6960553582330179, 0.7291319974721608, 0.7812581540984849]","[0.2285303479119447, 0.2736093580820086, 0.2928558620949585]","[0.4866791353764969, 0.5020664022264012, 0.5169019124814579]",0.43333333333333335,0.5666666666666667,13.0,0
aime26,AIME26,dense,30,0.5666666666666667,0.5666666666666667,0.0,"(0.0, 0.0)",39999,39999,1.0,1.0,1.0,6,0,37578880.0,0.0,0.0,0.0,0.0,300687359.97746277,300687360.0,2.7181293168540045e-05,32978789223.287933,300687359.97746277,300687359.98387146,0.0,0.0,0.0,0.0,0.9999999999250476,0.9999999999250476,2.870897610837873e-08,0.0,25833280.0,0.0,0.0,9396480.0,0.0,0.0,2349120.0,0.0,0.0,0.0,0.0,2.1313471262144175e-11,0.0,0.0,0.0,0.0,0.0,7415680.0,0.0,0.0,0.0,0.0,50114559.99768829,50114560.0,5.245010683177509e-06,9511026284.870605,50114559.99768829,50114559.997283936,0.0,0.0,0.0,0.0,0.9999999999538716,0.9999999999538716,2.3483320079121042e-08,0.0,5458080.0,0.0,0.0,1566080.0,0.0,0.0,391520.0,0.0,0.0,0.0,0.0,-8.068671263526009e-12,0.0,0.0,0.0,0.0,0.0,30163200.0,0.0,0.0,0.0,0.0,250572799.97977448,250572800.0,2.1936282485362536e-05,23467762938.417328,250572799.97977448,250572799.98658752,0.0,0.0,0.0,0.0,0.9999999999192828,0.9999999999192828,3.057353590147204e-08,0.0,20375200.0,0.0,0.0,7830400.0,0.0,0.0,1957600.0,0.0,0.0,0.0,0.0,2.718989976727821e-11,0.0,0.0,0.0,0.0,0.0,"[0.9999999997469359, 1.0, 1.0]","[0.0, 0.0, 5.3302427283925395e-08]","[0.0, 0.0, 0.0]","[0.9999999998577553, 1.0, 1.0]","[0.0, 0.0, 4.4176316024906394e-08]","[0.0, 0.0, 0.0]","[0.9999999997242085, 1.0, 1.0]","[0.0, 0.0, 5.654224268682053e-08]","[0.0, 0.0, 0.0]",0.5666666666666667,0.5666666666666667,17.0,0
aime26,AIME26,full_centered_s50,30,0.5,0.5666666666666667,-0.06666666666666667,"(-0.23333333333333334, 0.13333333333333333)",2153,44164,0.04875011321438275,0.0,0.8823529411764706,7,0,59744480.0,30652443.0,0.0,30652443.0,0.0,340996582.3363609,469155840.0,3303635932.389712,49871432090.79761,340996582.3363609,411574356.73124075,9568824.0,9568824.0,0.5130589972496203,0.5130589972496203,0.7268300919719146,0.7268300919719146,0.2573772586398094,0.0,41418080.0,22982559.0,22982559.0,14661120.0,6449458.0,6449458.0,3665280.0,1220426.0,1220426.0,0.0,0.0,0.15043567270713262,0.16016247860890245,0.0,0.5548919457396383,0.43990213571678016,0.3329693775100402,11834880.0,6086108.0,0.0,6086108.0,0.0,61692594.403549194,78192640.0,444678042.7418729,14170371003.560547,61692594.403549194,66850199.764835835,1389646.0,1389646.0,0.5142517710361237,0.5142517710361237,0.7889821139630174,0.7889821139630174,0.17714635974051013,0.0,8780480.0,4903212.0,4903212.0,2443520.0,1016918.0,1016918.0,610880.0,165978.0,165978.0,0.0,0.0,0.06596024077568734,0.11741952601124811,0.0,0.5584218630416561,0.4161692967522263,0.2717031168150864,47909600.0,24566335.0,0.0,24566335.0,0.0,279303987.9328117,390963200.0,2858957889.6478386,35701061087.23706,279303987.9328117,344724156.9664049,8179178.0,8179178.0,0.5127643520296559,0.5127643520296559,0.7143996875736941,0.7143996875736941,0.282984935771082,0.0,32637600.0,18079347.0,18079347.0,12217600.0,5432540.0,5432540.0,3054400.0,1054448.0,1054448.0,0.0,0.0,0.16733075909342168,0.17072106634161002,0.0,0.5539422935509964,0.44464870350969093,0.3452226296490309,"[0.6953025682835646, 0.7401093493679425, 0.8020544960367881]","[0.19585085028804058, 0.2492251006619346, 0.2753395781418678]","[0.47960942494269804, 0.5046889322951835, 0.5255073473229803]","[0.741069816321553, 0.8173888529644623, 0.8695945634931467]","[0.13603464358683612, 0.16161986748880086, 0.20026805224623814]","[0.3684646872695994, 0.4530087242206314, 0.5682749109677633]","[0.6862645773359874, 0.7241834274751437, 0.7901206449957285]","[0.2172148121719161, 0.27790866011866144, 0.30111747400266936]","[0.49349403518473006, 0.509662897273027, 0.525485080499639]",0.5,0.5666666666666667,15.0,0
aime26,AIME26,jl_gaussian_r32_s50,30,0.5,0.5666666666666667,-0.06666666666666667,"(-0.26666666666666666, 0.1)",2215,42619,0.05197212510851967,0.0,0.8823529411764706,5,0,52427680.0,26560963.0,0.0,26560963.0,0.0,306281654.41013724,417792000.0,2832912878.308681,44366041959.71295,306281654.41013724,367617185.39846087,8333027.0,8333027.0,0.5066209872342243,0.5066209872342243,0.7330960248404403,0.7330960248404403,0.2526918683730712,0.0,36107680.0,19796665.0,19796665.0,13056000.0,5691638.0,5691638.0,3264000.0,1072660.0,1072660.0,0.0,0.0,0.14680877323721764,0.15894327195099994,0.0,0.5482674323024908,0.4359404105392157,0.32863357843137253,10355680.0,5247191.0,0.0,5247191.0,0.0,55344222.8369689,69632000.0,377533260.1609279,12657975014.998535,55344222.8369689,59867537.43347788,1213015.0,1213015.0,0.5066969045007185,0.5066969045007185,0.7948101855033447,0.7948101855033447,0.1727012544430292,0.0,7635680.0,4211594.0,4211594.0,2176000.0,892993.0,892993.0,544000.0,142604.0,142604.0,0.0,0.0,0.06496028545078383,0.11713523399718802,0.0,0.5515676403411353,0.4103828125,0.2621397058823529,42072000.0,21313772.0,0.0,21313772.0,0.0,250937431.57316834,348160000.0,2455379618.147753,31708066944.714417,250937431.57316834,307749647.964983,7120012.0,7120012.0,0.5066023008176459,0.5066023008176459,0.7207531927078594,0.7207531927078594,0.27827515929128877,0.0,28472000.0,15585071.0,15585071.0,10880000.0,4798645.0,4798645.0,2720000.0,930056.0,930056.0,0.0,0.0,0.1631784707945044,0.16923397984407682,0.0,0.5473823756673223,0.44105193014705885,0.34193235294117647,"[0.703512149611914, 0.7534073742576709, 0.8067245815443218]","[0.20341303336879113, 0.24234262382065969, 0.27380475947723565]","[0.45942781294899426, 0.49858917547626846, 0.5241532290650297]","[0.7448011674369036, 0.8368713100130124, 0.8832270336378858]","[0.12833756622332873, 0.15268586457911643, 0.19755595604734755]","[0.3592863587622549, 0.44762948174644035, 0.5465426971567728]","[0.6958763498048978, 0.7376130506110287, 0.7901005073330181]","[0.2264088514536031, 0.26865042285881036, 0.2976278348299912]","[0.4810716217771639, 0.5040859213124838, 0.5214389088473798]",0.5,0.5666666666666667,15.0,0
aime26,AIME26,jl_sign_r32_s50,30,0.4666666666666667,0.5666666666666667,-0.1,"(-0.26666666666666666, 0.06666666666666667)",2079,43489,0.04780519211754697,0.0,0.823529411764706,6,0,53296480.0,26473456.0,0.0,26473456.0,0.0,319186464.82301414,429588480.0,2796971539.1258636,45630368835.28064,319186464.82301414,379062851.7859659,8424550.0,8424550.0,0.49672053388891724,0.49672053388891724,0.7430051774736002,0.7430051774736002,0.2475808410731498,0.0,36515680.0,19695024.0,19695024.0,13424640.0,5744052.0,5744052.0,3356160.0,1034380.0,1034380.0,0.0,0.0,0.13938080221087815,0.15806953855113884,0.0,0.5393579963456795,0.42787382008009156,0.30820342295957287,10430880.0,5027840.0,0.0,5027840.0,0.0,58099812.913552284,71598080.0,354370580.7255202,13041053658.718994,58099812.913552284,62294377.84378815,1193489.0,1193489.0,0.4820149402543218,0.4820149402543218,0.8114716611611971,0.8114716611611971,0.16484375135157844,0.0,7634080.0,4005859.0,4005859.0,2237440.0,888573.0,888573.0,559360.0,133408.0,133408.0,0.0,0.0,0.058584880072703946,0.11441882180602211,0.0,0.5247336941713998,0.3971382472826087,0.23850114416475973,42865600.0,21445616.0,0.0,21445616.0,0.0,261086651.90946186,357990400.0,2442600958.4003434,32589315176.561646,261086651.90946186,316768473.9421778,7231061.0,7231061.0,0.5002989810010825,0.5002989810010825,0.7293118807360808,0.7293118807360808,0.27377175776147133,0.0,28881600.0,15689165.0,15689165.0,11187200.0,4855479.0,4855479.0,2796800.0,900972.0,900972.0,0.0,0.0,0.15553998663851298,0.16869146821693853,0.0,0.5432235402470778,0.4340209346395881,0.32214387871853545,"[0.7175091631427921, 0.7556804287944594, 0.7992363243858178]","[0.2049155247445356, 0.24137869590988453, 0.271404671364789]","[0.4637285917784745, 0.49050154782444805, 0.5194394153088722]","[0.7776534519813513, 0.8477314345354345, 0.8831477167298819]","[0.12877781397379298, 0.14458720034368316, 0.18311225855283625]","[0.3539954196217494, 0.42369129820610085, 0.5267170487967833]","[0.7050930297480122, 0.741951581162525, 0.7834629593693203]","[0.22633952939922128, 0.2667907889479108, 0.29780627170961615]","[0.4809447074956978, 0.49708100006518374, 0.5200932800692935]",0.4666666666666667,0.5666666666666667,14.0,0
aime26,AIME26,mass_s50,30,0.4666666666666667,0.5666666666666667,-0.1,"(-0.23333333333333334, 0.03333333333333333)",1950,45675,0.042692939244663386,0.0,0.823529411764706,8,0,61217520.0,31460530.0,31460530.0,31460530.0,0.0,364197209.78272533,485253120.0,4801952847.440483,52858245551.459625,364197209.78272533,419950162.7927308,8733207.0,8733207.0,0.5139138272834313,0.5139138272834313,0.7505303825408177,0.7505303825408177,0.3014064720048783,0.0,42262320.0,22362799.0,22362799.0,15164160.0,7597059.0,7597059.0,3791040.0,1500672.0,1500672.0,0.5139138272834313,0.0,0.11489457916314989,0.14265862125744394,0.0,0.5291427209864484,0.5009877896302861,0.3958470498860471,12153920.0,6433694.0,6433694.0,6433694.0,0.0,62380229.51803255,80875520.0,810388834.3598356,14687124810.74707,62380229.51803255,67502264.25660944,1289083.0,1289083.0,0.529351353308233,0.529351353308233,0.7713116344480079,0.7713116344480079,0.23489746588628152,0.0,8994720.0,5023612.0,5023612.0,2527360.0,1224156.0,1224156.0,631840.0,185926.0,185926.0,0.529351353308233,0.0,0.06333232526451625,0.10606314670493142,0.0,0.558506768415248,0.48436154722714614,0.2942612053684477,49063600.0,25026836.0,25026836.0,25026836.0,0.0,301816980.2646928,404377600.0,3991564013.0806475,38171120740.712555,301816980.2646928,352447898.53612137,7444124.0,7444124.0,0.5100896795180133,0.5100896795180133,0.7463741321593798,0.7463741321593798,0.323373251537011,0.0,33267600.0,17339187.0,17339187.0,12636800.0,6372903.0,6372903.0,3159200.0,1314746.0,1314746.0,0.5100896795180133,0.0,0.1252070299428766,0.1517239664435549,0.0,0.5212034231504526,0.5043130381109141,0.416164218789567,"[0.7253491936901474, 0.7621012699444919, 0.7923600724590114]","[0.28598604434094493, 0.29944017692949415, 0.3148442009633769]","[0.4922792108796048, 0.5082280207082546, 0.5282555751275217]","[0.7377206498049853, 0.8017568286327967, 0.8415375776868348]","[0.2069575042697941, 0.2223908452541553, 0.2522816112568881]","[0.401211972935021, 0.4889651062133308, 0.5690155467985625]","[0.7213711810421967, 0.7549528005595139, 0.7812646696745053]","[0.30748636299972626, 0.32333519000720595, 0.3354893882066853]","[0.4915964671020026, 0.51322071758039, 0.5291250451793621]",0.4666666666666667,0.5666666666666667,14.0,0
longbench_v2,Code Repository Understanding,blasst_aggressive_s50,5,0.6,0.6,0.0,"(-0.6, 0.6)",173,3488,0.04959862385321101,0.0,1.0,0,0,38958880.0,20856857.0,20856857.0,20856857.0,0.0,36483288.816170394,48660480.0,621906829.8629484,4975652321.882538,36483288.816170394,43944535.086034775,3112985.0,3112985.0,0.5353556621750933,0.5353556621750933,0.749751930440686,0.749751930440686,0.3535392612926273,0.0,37089920.0,20064973.0,20064973.0,1520640.0,609076.0,609076.0,348320.0,182808.0,182808.0,0.5353556621750933,0.0,0.15333277168380544,0.07990437610116102,0.0,0.5409818354960054,0.4005392466329966,0.5248277446026642,32939680.0,17906113.0,17906113.0,17906113.0,0.0,7347765.916656494,8110080.0,25570660.799175657,1271420660.8950195,7347765.916656494,7448287.156196594,2002371.0,2002371.0,0.5436031254705571,0.5436031254705571,0.9060041228516235,0.9060041228516235,0.14181636300582742,0.0,32654720.0,17877191.0,17877191.0,253440.0,28288.0,28288.0,31520.0,634.0,634.0,0.5436031254705571,0.0,0.01239460517530038,0.06078902405852152,0.0,0.547461163347902,0.11161616161616161,0.020114213197969542,6019200.0,2950744.0,2950744.0,2950744.0,0.0,29135522.8995139,40550400.0,596336169.0637728,3704231660.9875183,29135522.8995139,36496247.92983818,1110614.0,1110614.0,0.49022195640616695,0.49022195640616695,0.7185014919584986,0.7185014919584986,0.40123287138611624,0.0,4435200.0,2187782.0,2187782.0,1267200.0,580788.0,580788.0,316800.0,182174.0,182174.0,0.49022195640616695,0.0,0.18152040498550645,0.18451189526847422,0.0,0.4932769660894661,0.4583238636363636,0.5750441919191919,"[0.7425760952413983, 0.7534143087075411, 0.7692127309801996]","[0.3180115875640302, 0.35208359749375023, 0.36247074499890475]","[0.49855488152607297, 0.5218102017364658, 0.5717777148410768]","[0.8989549053652445, 0.9031462708037797, 0.910267117297976]","[0.13591373429175252, 0.14462431546529547, 0.14907215977708138]","[0.5009629325377554, 0.5327554413542926, 0.5868924021143748]","[0.7090378908300828, 0.7235228166378942, 0.7431558507684931]","[0.3572978490357697, 0.39882749253771, 0.41289688473058556]","[0.46671194964574897, 0.48279091282894737, 0.5030583847004899]",0.6,0.6,3.0,0
longbench_v2,Code Repository Understanding,blasst_original_s50,5,0.4,0.6,-0.2,"(-0.6, 0.0)",192,3246,0.059149722735674676,0.0,0.6666666666666667,0,0,26821280.0,13868845.0,13868845.0,13868845.0,0.0,31375088.49280739,33546240.0,61858967.636092305,3484755003.000244,31375088.49280739,32561459.8728981,1804641.0,1804641.0,0.5170836365751373,0.5170836365751373,0.9352788417660932,0.9352788417660932,0.1332340436004979,0.0,25532800.0,13608175.0,13608175.0,1048320.0,219700.0,219700.0,240160.0,40970.0,40970.0,0.5170836365751373,0.0,0.035365256436808226,0.06728392530110419,0.0,0.5329683779295651,0.2095734126984127,0.1705946035976016,22671680.0,12865471.0,12865471.0,12865471.0,0.0,5038924.254512787,5591040.0,19544972.54135211,902446127.4157715,5038924.254512787,5109546.5885849,1348932.0,1348932.0,0.5674687980776016,0.5674687980776016,0.9012499024354659,0.9012499024354659,0.14716579792610548,0.0,22475200.0,12844767.0,12844767.0,174720.0,20178.0,20178.0,21760.0,526.0,526.0,0.5674687980776016,0.0,0.012631341230274339,0.05949854620389843,0.0,0.5715084626610665,0.11548763736263737,0.02417279411764706,4149600.0,1003374.0,1003374.0,1003374.0,0.0,26336164.2382946,27955200.0,42313995.09474019,2582308875.5844727,26336164.2382946,27451913.284313202,455709.0,455709.0,0.24180017351069982,0.24180017351069982,0.9420846296322187,0.9420846296322187,0.1280082386026564,0.0,3057600.0,763408.0,763408.0,873600.0,199522.0,199522.0,218400.0,40444.0,40444.0,0.24180017351069982,0.0,0.039912039478115,0.10981998264893002,0.0,0.2496755625327054,0.22839056776556776,0.18518315018315018,"[0.9340277445685167, 0.9358632831565767, 0.9374858817853448]","[0.1258047283508651, 0.13249971216792614, 0.13589795546524874]","[0.4899959469337942, 0.5024102879555642, 0.5520507939365855]","[0.8944733943845573, 0.9010675800219178, 0.904521437640295]","[0.14156076729123332, 0.1473166656937085, 0.15778828153714688]","[0.5363794490512955, 0.5481541241771009, 0.6113494791018691]","[0.9403317316605209, 0.9442701881875595, 0.9447176751428515]","[0.11732285909127016, 0.12532040686178586, 0.13201461282372318]","[0.2226733918128655, 0.23908428165007112, 0.2521559109311741]",0.4,0.6,2.0,0
longbench_v2,Code Repository Understanding,cancel_guard_gaussian_r32_s50,5,0.2,0.6,-0.4,"(-0.8, 0.0)",168,3215,0.05225505443234837,0.0,0.33333333333333337,0,0,42005760.0,22329249.0,0.0,22329249.0,0.0,38586769.85717894,52592640.0,384202641.9994342,5290550077.849274,38586769.85717894,48298909.8878994,5049333.0,5049333.0,0.5315758838787823,0.5315758838787823,0.7336914415625255,0.7336914415625255,0.2694819980397245,0.0,39982720.0,21568294.0,21568294.0,1643520.0,584442.0,584442.0,379520.0,176513.0,176513.0,0.0,0.0,0.18466728482769562,0.12020572892860408,0.0,0.539440388247723,0.35560382593457945,0.4650953836424958,35500160.0,19145303.0,0.0,19145303.0,0.0,7964692.767402649,8765440.0,13658927.969889037,1377900667.043457,7964692.767402649,8161911.387908936,3746188.0,3746188.0,0.5393018792027979,0.5393018792027979,0.9086472290498422,0.9086472290498422,0.0995633159217716,0.0,35189120.0,19124396.0,19124396.0,273920.0,20839.0,20839.0,37120.0,68.0,68.0,0.0,0.0,0.02249956881871151,0.10552594692530963,0.0,0.5434746876307223,0.07607695677570094,0.001831896551724138,6505600.0,3183946.0,0.0,3183946.0,0.0,30622077.089776292,43827200.0,370543714.0295451,3912649410.8058167,30622077.089776292,40136998.49999046,1303145.0,1303145.0,0.4894161952779144,0.4894161952779144,0.6987002840650621,0.6987002840650621,0.3077402183234357,0.0,4793600.0,2443898.0,2443898.0,1369600.0,563603.0,563603.0,342400.0,176445.0,176445.0,0.0,0.0,0.21710082802949243,0.2003112702902115,0.0,0.5098251835781041,0.41150919976635514,0.5153183411214953,"[0.7244711812033039, 0.7361433539012752, 0.7482171918948979]","[0.264568180601057, 0.269825513591092, 0.2743463601178948]","[0.49665891884841623, 0.5312428267308404, 0.5716454378499263]","[0.9051157523979608, 0.9103041703558781, 0.9130826065756574]","[0.09572877995970361, 0.09707477846372228, 0.10641753369771503]","[0.4963900861880727, 0.5403887428821725, 0.5908616866596659]","[0.687991641133868, 0.700861235502764, 0.715998411327088]","[0.30227964223384934, 0.30732023506531353, 0.31393784763539445]","[0.465899043062201, 0.4840300497866287, 0.5049921512697829]",0.2,0.6,1.0,0
longbench_v2,Code Repository Understanding,dense,5,0.6,0.6,0.0,"(0.0, 0.0)",3036,3036,1.0,1.0,1.0,0,0,26116640.0,0.0,0.0,0.0,0.0,32686080.0,32686080.0,0.0,3420627036.98114,32686080.0,32686080.0,0.0,0.0,0.0,0.0,1.0,1.0,0.0,0.0,24858240.0,0.0,0.0,1021440.0,0.0,0.0,236960.0,0.0,0.0,0.0,0.0,0.0,0.0,0.0,0.0,0.0,0.0,22073440.0,0.0,0.0,0.0,0.0,5447680.0,5447680.0,0.0,906175686.0905762,5447680.0,5447680.0,0.0,0.0,0.0,0.0,1.0,1.0,0.0,0.0,21879040.0,0.0,0.0,170240.0,0.0,0.0,24160.0,0.0,0.0,0.0,0.0,0.0,0.0,0.0,0.0,0.0,0.0,4043200.0,0.0,0.0,0.0,0.0,27238400.0,27238400.0,0.0,2514451350.890564,27238400.0,27238400.0,0.0,0.0,0.0,0.0,1.0,1.0,0.0,0.0,2979200.0,0.0,0.0,851200.0,0.0,0.0,212800.0,0.0,0.0,0.0,0.0,0.0,0.0,0.0,0.0,0.0,0.0,"[1.0, 1.0, 1.0]","[0.0, 0.0, 0.0]","[0.0, 0.0, 0.0]","[1.0, 1.0, 1.0]","[0.0, 0.0, 0.0]","[0.0, 0.0, 0.0]","[1.0, 1.0, 1.0]","[0.0, 0.0, 0.0]","[0.0, 0.0, 0.0]",0.6,0.6,3.0,0
longbench_v2,Code Repository Understanding,full_centered_s50,5,0.2,0.6,-0.4,"(-0.8, 0.0)",196,3532,0.05549263873159683,0.0,0.33333333333333337,0,0,42519520.0,24468736.0,0.0,24468736.0,0.0,38847795.94420926,53207040.0,400759703.4697678,5297088247.073364,38847795.94420926,48886509.59981346,4968108.0,4968108.0,0.575470654419429,0.575470654419429,0.7301251102149126,0.7301251102149126,0.2750574543088105,0.0,40465280.0,23714242.0,23714242.0,1662720.0,589336.0,589336.0,391520.0,165158.0,165158.0,0.0,0.0,0.18867265789647758,0.1168429935239156,0.0,0.5860392415423791,0.35444091608929945,0.4218379648549244,35937920.0,21271295.0,0.0,21271295.0,0.0,8045685.96622467,8867840.0,16162780.722563438,1419371487.805664,8045685.96622467,8235787.792690277,3627719.0,3627719.0,0.5918899869552829,0.5918899869552829,0.9072881294909099,0.9072881294909099,0.10671119958837452,0.0,35615680.0,21247558.0,21247558.0,277120.0,23665.0,23665.0,45120.0,72.0,72.0,0.0,0.0,0.021437218811526448,0.1009440446191655,0.0,0.596578754076856,0.0853962182448037,0.0015957446808510637,6581600.0,3197441.0,0.0,3197441.0,0.0,30802109.977984592,44339200.0,384596922.74720436,3877716759.2677,30802109.977984592,40650721.807123184,1340389.0,1340389.0,0.48581515133098335,0.48581515133098335,0.6946925063597131,0.6946925063597131,0.31493060006736573,0.0,4849600.0,2466684.0,2466684.0,1385600.0,565671.0,565671.0,346400.0,165086.0,165086.0,0.0,0.0,0.22211974571346782,0.20365701349215995,0.0,0.5086365885846256,0.4082498556581986,0.47657621247113163,"[0.7197523523299905, 0.732883057060474, 0.7414702182238287]","[0.2653691859205475, 0.2728302054471812, 0.2877575590750328]","[0.5316168285139535, 0.5668458216619982, 0.5991067920551244]","[0.8979324062195208, 0.901916577652215, 0.9122888601880508]","[0.10361948212730526, 0.10583559991716962, 0.10978248675776318]","[0.5385223285660619, 0.5812386018237082, 0.6211811324473766]","[0.6833172681704177, 0.6962913286669294, 0.7098330261649043]","[0.302640388481735, 0.31234721140777333, 0.3296365189926789]","[0.4774702380952381, 0.4870092105263158, 0.5001847317156528]",0.2,0.6,1.0,0
longbench_v2,Code Repository Understanding,jl_gaussian_r32_s50,5,0.4,0.6,-0.2,"(-0.8, 0.4)",153,3321,0.04607046070460705,0.0,0.6666666666666667,0,0,40444320.0,21206840.0,0.0,21206840.0,0.0,36703470.18320261,50626560.0,390646015.540042,5066271369.639709,36703470.18320261,46386967.37298584,4877537.0,4877537.0,0.524346558428971,0.524346558428971,0.7249844781711934,0.7249844781711934,0.2776818379298334,0.0,38499200.0,20461939.0,20461939.0,1582080.0,572565.0,572565.0,363040.0,172336.0,172336.0,0.0,0.0,0.19127306279121534,0.12059881338096425,0.0,0.5314899790125509,0.3619064775485437,0.4747025121198766,34181920.0,18077891.0,0.0,18077891.0,0.0,7705899.860748291,8437760.0,12160056.922039352,1338418610.0615234,7705899.860748291,7888415.9847717285,3623237.0,3623237.0,0.5288728953786095,0.5288728953786095,0.9132636932963596,0.9132636932963596,0.09531731948843794,0.0,33884800.0,18060024.0,18060024.0,263680.0,17832.0,17832.0,33440.0,35.0,35.0,0.0,0.0,0.02163087407362114,0.1059986390466071,0.0,0.5329830484465011,0.06762742718446602,0.0010466507177033493,6262400.0,3128949.0,0.0,3128949.0,0.0,28997570.322454315,42188800.0,378485958.6180026,3727852759.578186,28997570.322454315,38498551.38821411,1254300.0,1254300.0,0.49964055314256517,0.49964055314256517,0.6873286351461599,0.6873286351461599,0.3186364911174263,0.0,4614400.0,2401915.0,2401915.0,1318400.0,554733.0,554733.0,329600.0,172301.0,172301.0,0.0,0.0,0.22520150053473426,0.2002906234031681,0.0,0.5205259622052705,0.4207622876213592,0.5227578883495145,"[0.711481836565065, 0.7384502576724253, 0.7435837023202451]","[0.2666677885052136, 0.2783929820592057, 0.2832392958062085]","[0.5022053032706109, 0.5223654941062028, 0.5730043037370295]","[0.9083372513544664, 0.9115630877729166, 0.9182740550367573]","[0.08932104544867536, 0.09765438780104856, 0.1035192455886927]","[0.5014636603982908, 0.5269601474421911, 0.5904289899124767]","[0.671477641039928, 0.7026018558286709, 0.7100530317147636]","[0.305795149832157, 0.31914501086772495, 0.3242845772214677]","[0.4781587003222341, 0.4955906904357668, 0.512282766725426]",0.4,0.6,2.0,0
longbench_v2,Code Repository Understanding,jl_sign_r32_s50,5,0.2,0.6,-0.4,"(-0.8, 0.0)",160,3588,0.044593088071348944,0.0,0.33333333333333337,0,0,43419520.0,23524832.0,0.0,23524832.0,0.0,39546019.27460216,54190080.0,394072376.02545255,5761532383.030731,39546019.27460216,49754534.621543884,5334719.0,5334719.0,0.5418031337057618,0.5418031337057618,0.7297649177598955,0.7297649177598955,0.26152848175782684,0.0,41338880.0,22707070.0,22707070.0,1693440.0,630132.0,630132.0,387200.0,187630.0,187630.0,0.0,0.0,0.18838347068211977,0.12286453189717436,0.0,0.5492908854811741,0.37210175736961454,0.4845816115702479,36716320.0,20116879.0,0.0,20116879.0,0.0,8217232.483161926,9031680.0,14515967.252410762,1487366827.612793,8217232.483161926,8421407.146995544,4003610.0,4003610.0,0.5479001980590648,0.5479001980590648,0.90982325360973,0.90982325360973,0.0987902181027775,0.0,36399680.0,20097654.0,20097654.0,282240.0,19161.0,19161.0,34400.0,64.0,64.0,0.0,0.0,0.022606498883221967,0.10904170134697595,0.0,0.5521382056105988,0.0678890306122449,0.0018604651162790699,6703200.0,3407953.0,0.0,3407953.0,0.0,31328786.791440234,45158400.0,379556408.7730418,4274165555.417938,31328786.791440234,41333127.47454834,1331109.0,1331109.0,0.508406880295978,0.508406880295978,0.6937532505899286,0.6937532505899286,0.29799741335008983,0.0,4939200.0,2609416.0,2609416.0,1411200.0,610971.0,610971.0,352800.0,187566.0,187566.0,0.0,0.0,0.22153886504189932,0.198578141783029,0.0,0.5283074182053774,0.4329443027210884,0.5316496598639455,"[0.7228073729662642, 0.7306276355942163, 0.7477640388269551]","[0.25327408072944185, 0.2611015377801752, 0.284262758022291]","[0.4981829542390852, 0.5445149673069064, 0.5711376454045687]","[0.9066504683863376, 0.9100755585590378, 0.9148771592844099]","[0.09441226271092248, 0.09739633544163674, 0.10546105855666306]","[0.4989877525229355, 0.5521576961245168, 0.5865030523287746]","[0.6860387538822496, 0.6937653514601041, 0.7149250344601528]","[0.2881705979251112, 0.2989251048906398, 0.3247810732026738]","[0.47074540659080133, 0.49348684210526317, 0.5243330055982502]",0.2,0.6,1.0,1
longbench_v2,Code Repository Understanding,mass_s50,5,0.4,0.6,-0.2,"(-0.8, 0.4)",171,3209,0.05328762854471798,0.0,0.6666666666666667,0,0,35742720.0,19246522.0,19246522.0,19246522.0,0.0,33297170.722685933,44728320.0,447965325.3574856,4625891710.068176,33297170.722685933,40686250.6264801,3540763.0,3540763.0,0.5384739046161009,0.5384739046161009,0.7444315083304254,0.7444315083304254,0.31118916583532363,0.0,34024960.0,18444711.0,18444711.0,1397760.0,627094.0,627094.0,320000.0,174717.0,174717.0,0.5384739046161009,0.0,0.16519913790176266,0.09906249440445494,0.0,0.5420935395662478,0.4486421130952381,0.545990625,30209920.0,16487229.0,16487229.0,16487229.0,0.0,6788434.993732452,7454720.0,12215495.458194233,1170314322.947754,6788434.993732452,6897731.272232056,2469722.0,2469722.0,0.5457554670783636,0.5457554670783636,0.9106223967811604,0.9106223967811604,0.10216550432762958,0.0,29948160.0,16453353.0,16453353.0,232960.0,33724.0,33724.0,28800.0,152.0,152.0,0.5457554670783636,0.0,0.014661352606080882,0.08175202052835624,0.0,0.5493944536158482,0.14476304945054946,0.005277777777777778,5532800.0,2759293.0,2759293.0,2759293.0,0.0,26508735.72895348,37273600.0,435749829.8992914,3455577387.1204224,26508735.72895348,33788519.35424805,1071041.0,1071041.0,0.49871547860034704,0.49871547860034704,0.7111933306402783,0.7111933306402783,0.355106238003423,0.0,4076800.0,1991358.0,1991358.0,1164800.0,593370.0,593370.0,291200.0,174565.0,174565.0,0.49871547860034704,0.0,0.19530669496089903,0.1935802848467322,0.0,0.4884610478806907,0.5094179258241758,0.5994677197802197,"[0.7338063763445689, 0.750786102170296, 0.7625152600663068]","[0.29169190279437374, 0.3036103350753735, 0.3223468594827248]","[0.5132730379559871, 0.530740148545492, 0.5812402423797857]","[0.9021037533838923, 0.9093989315996819, 0.9159004659696731]","[0.09712335993558117, 0.10514961200493933, 0.11046126326618623]","[0.5161226627029536, 0.5361886671548883, 0.5998311542864655]","[0.6977227419637335, 0.7182255774239552, 0.7344820000038949]","[0.3305114839259884, 0.3448433468909658, 0.3694576737565122]","[0.47696005461767627, 0.4914665570175439, 0.5115099987105372]",0.4,0.6,2.0,0
longbench_v2,Long In-context Learning,blasst_aggressive_s50,8,0.5,0.25,0.25,"(0.0, 0.625)",314,6324,0.04965211891208096,0.0,2.0,0,0,44356480.0,21206702.0,21206702.0,21206702.0,0.0,43215111.56843078,55541760.0,589176999.7606184,5514776554.959656,43215111.56843078,50638835.39091492,3757411.0,3757411.0,0.4780970446708125,0.4780970446708125,0.7780652173865354,0.7780652173865354,0.3268578592505206,0.0,42186880.0,20373143.0,20373143.0,1735680.0,636178.0,636178.0,433920.0,197381.0,197381.0,0.4780970446708125,0.0,0.13366021931037358,0.08470940435309565,0.0,0.48292604240939363,0.36652954461651915,0.45487877949852507,37486080.0,17919625.0,17919625.0,17919625.0,0.0,8371148.714393616,9256960.0,29548062.9641796,1392555504.5449219,8371148.714393616,8492412.136505127,2534937.0,2534937.0,0.4780341129293861,0.4780341129293861,0.9043086190707982,0.9043086190707982,0.14566601881858662,0.0,37124480.0,17874356.0,17874356.0,289280.0,43876.0,43876.0,72320.0,1393.0,1393.0,0.4780341129293861,0.0,0.013099702506169545,0.06762342181417742,0.0,0.481470878514662,0.15167311946902653,0.01926161504424779,6870400.0,3287077.0,3287077.0,3287077.0,0.0,34843962.854037166,46284800.0,559628936.7964388,4122221050.414734,34843962.854037166,42146423.25440979,1222474.0,1222474.0,0.4784404110386586,0.4784404110386586,0.752816537049683,0.752816537049683,0.368454990281119,0.0,5062400.0,2498787.0,2498787.0,1446400.0,592302.0,592302.0,361600.0,195988.0,195988.0,0.4784404110386586,0.0,0.1577723226712144,0.17793345365626456,0.0,0.49359730562579013,0.4095008296460177,0.5420022123893805,"[0.7649296011205863, 0.7783298576407951, 0.7941882015003426]","[0.30476464190691216, 0.3099736470321516, 0.35639755063347106]","[0.450217144721167, 0.4764019151323724, 0.5027665184511809]","[0.8864865996579275, 0.9077136774727239, 0.9158871747906271]","[0.12626608925750368, 0.14159788372589496, 0.16338535889989728]","[0.44332637620045456, 0.4752988783138642, 0.5100542773477756]","[0.7360122010990661, 0.7560489886443771, 0.7696876054400276]","[0.3432376839558649, 0.35021553892133767, 0.40109797557205823]","[0.45787884294068504, 0.4805838815789474, 0.4901450771324864]",0.5,0.25,4.0,0
longbench_v2,Long In-context Learning,blasst_original_s50,8,0.375,0.25,0.125,"(0.0, 0.375)",321,6000,0.0535,0.0,1.5,0,0,33987840.0,15403021.0,15403021.0,15403021.0,0.0,39954460.789271355,42516480.0,77221872.7165534,4396995728.945892,39954460.789271355,41335060.397224426,2411584.0,2411584.0,0.45319211223778855,0.45319211223778855,0.9397405615251158,0.9397405615251158,0.13252326980718587,0.0,32327040.0,15065125.0,15065125.0,1328640.0,279864.0,279864.0,332160.0,58032.0,58032.0,0.45319211223778855,0.0,0.03247210512142754,0.07095431777953527,0.0,0.4660224072479262,0.21063945086705202,0.17471098265895954,28728640.0,14178248.0,14178248.0,14178248.0,0.0,6393942.3212509155,7086080.0,25231814.33579902,1121520299.0288086,6393942.3212509155,6484675.499797821,1853946.0,1853946.0,0.49352311839335244,0.49352311839335244,0.9023243205341903,0.9023243205341903,0.14999288926808213,0.0,28451840.0,14138183.0,14138183.0,221440.0,38414.0,38414.0,55360.0,1651.0,1651.0,0.49352311839335244,0.0,0.012804424808484453,0.06453302349154015,0.0,0.49691629785630737,0.17347362716763007,0.02982297687861272,5259200.0,1224773.0,1224773.0,1224773.0,0.0,33560518.46802044,35430400.0,51990058.38075439,3275475429.9170837,33560518.46802044,34850384.897426605,557638.0,557638.0,0.23288199726194098,0.23288199726194098,0.9472238097233009,0.9472238097233009,0.12598620075723013,0.0,3875200.0,926942.0,926942.0,1107200.0,241450.0,241450.0,276800.0,56381.0,56381.0,0.23288199726194098,0.0,0.03640564118401616,0.10603095527836934,0.0,0.23919849298100743,0.21807261560693642,0.2036885838150289,"[0.9356928276731762, 0.9414136984206295, 0.9465232997849646]","[0.11491185908029701, 0.1266311911110678, 0.14239465441415802]","[0.42845656823982303, 0.4414544030939756, 0.46933016297874863]","[0.892793616328078, 0.9035696984491477, 0.9137196204961023]","[0.13200861614612364, 0.1479377392067973, 0.16185241451934554]","[0.46075657748492005, 0.4821014968262627, 0.5111333219148105]","[0.9423255750476041, 0.9491317633826407, 0.9531845585352217]","[0.10578280297713237, 0.11782975116031737, 0.1412118610324848]","[0.21280396772879978, 0.2322578581871345, 0.2516768139097744]",0.375,0.25,3.0,0
longbench_v2,Long In-context Learning,cancel_guard_gaussian_r32_s50,8,0.375,0.25,0.125,"(0.0, 0.375)",299,7270,0.041127922971114166,0.0,1.5,0,0,74833280.0,35780560.0,0.0,35780560.0,0.0,69568902.63890412,93388800.0,634753606.115726,9410130221.592499,69568902.63890412,85664895.46281815,9615418.0,9615418.0,0.47813700000855236,0.47813700000855236,0.7449383934572896,0.7449383934572896,0.2597196277291519,0.0,71185280.0,34430315.0,34430315.0,2918400.0,1037078.0,1037078.0,729600.0,313167.0,313167.0,0.0,0.0,0.1723546380713107,0.12849120070642367,0.0,0.4836718349636329,0.35535841557017545,0.4292310855263158,63281280.0,30119076.0,0.0,30119076.0,0.0,14138711.780628204,15564800.0,23525272.46327497,2425148200.397461,14138711.780628204,14502838.693824768,7347568.0,7347568.0,0.47595554325070544,0.47595554325070544,0.9083773502151139,0.9083773502151139,0.09849137245766763,0.0,62673280.0,30059104.0,30059104.0,486400.0,59795.0,59795.0,121600.0,177.0,177.0,0.0,0.0,0.023394255833455214,0.11610966149862961,0.0,0.4796159384030962,0.12293379934210526,0.001455592105263158,11552000.0,5661484.0,0.0,5661484.0,0.0,55430190.85827593,77824000.0,611228333.652451,6984982021.195038,55430190.85827593,71162056.76899338,2267850.0,2267850.0,0.4900869113573407,0.4900869113573407,0.7122506021057248,0.7122506021057248,0.2958142510751648,0.0,8512000.0,4371211.0,4371211.0,2432000.0,977283.0,977283.0,608000.0,312990.0,312990.0,0.0,0.0,0.20214671451888172,0.19631665512465374,0.0,0.5135351268796993,0.4018433388157895,0.5147861842105264,"[0.722756683412137, 0.7392407277536299, 0.7669102434416235]","[0.23975992014312983, 0.26314184624882997, 0.283217768606679]","[0.4383007972036906, 0.4936403600179181, 0.5269861186927135]","[0.8842987469009551, 0.9036768964810356, 0.9242557286889559]","[0.08217397509343091, 0.0988733257994637, 0.11630073652608489]","[0.43014419521878067, 0.4951252754757893, 0.5324817281319288]","[0.6892467981290512, 0.7057530412864328, 0.7364645868516578]","[0.2732243280198937, 0.30167628962458626, 0.3221154609483563]","[0.48199172569864474, 0.4879494652200677, 0.5058098914523752]",0.375,0.25,3.0,0
longbench_v2,Long In-context Learning,dense,8,0.25,0.25,0.0,"(0.0, 0.0)",5640,5640,1.0,1.0,1.0,0,0,51926080.0,0.0,0.0,0.0,0.0,64512000.0,64512000.0,0.0,6938234481.645996,64512000.0,64512000.0,0.0,0.0,0.0,0.0,1.0,1.0,0.0,0.0,49406080.0,0.0,0.0,2016000.0,0.0,0.0,504000.0,0.0,0.0,0.0,0.0,0.0,0.0,0.0,0.0,0.0,0.0,43946080.0,0.0,0.0,0.0,0.0,10752000.0,10752000.0,0.0,1764143152.6938477,10752000.0,10752000.0,0.0,0.0,0.0,0.0,1.0,1.0,0.0,0.0,43526080.0,0.0,0.0,336000.0,0.0,0.0,84000.0,0.0,0.0,0.0,0.0,0.0,0.0,0.0,0.0,0.0,0.0,7980000.0,0.0,0.0,0.0,0.0,53760000.0,53760000.0,0.0,5174091328.952148,53760000.0,53760000.0,0.0,0.0,0.0,0.0,1.0,1.0,0.0,0.0,5880000.0,0.0,0.0,1680000.0,0.0,0.0,420000.0,0.0,0.0,0.0,0.0,0.0,0.0,0.0,0.0,0.0,0.0,"[1.0, 1.0, 1.0]","[0.0, 0.0, 0.0]","[0.0, 0.0, 0.0]","[1.0, 1.0, 1.0]","[0.0, 0.0, 0.0]","[0.0, 0.0, 0.0]","[1.0, 1.0, 1.0]","[0.0, 0.0, 0.0]","[0.0, 0.0, 0.0]",0.25,0.25,2.0,1
longbench_v2,Long In-context Learning,full_centered_s50,8,0.625,0.25,0.375,"(0.125, 0.75)",194,6589,0.029443011079071178,0.0,2.5,0,0,58357120.0,29662698.0,0.0,29662698.0,0.0,53578852.54889909,72990720.0,540671505.7121598,7321104828.517975,53578852.54889909,66813997.13071251,7567878.0,7567878.0,0.5082961256484213,0.5082961256484213,0.7340501991061205,0.7340501991061205,0.2717555537640585,0.0,55505920.0,28594157.0,28594157.0,2280960.0,828472.0,828472.0,570240.0,240069.0,240069.0,0.0,0.0,0.181326401244068,0.1296821707445467,0.0,0.5151550861601789,0.36321198092031426,0.42099642255892256,49328320.0,25199019.0,0.0,25199019.0,0.0,10861466.26132965,12165120.0,23341557.15119715,1879928518.8725586,10861466.26132965,11184475.685798645,5766744.0,5766744.0,0.5108428383533029,0.5108428383533029,0.8928367546994729,0.8928367546994729,0.11142797663031537,0.0,48853120.0,25148697.0,25148697.0,380160.0,50163.0,50163.0,95040.0,159.0,159.0,0.0,0.0,0.02655209520900691,0.11690533956964275,0.0,0.514781798992572,0.13195233585858585,0.001672979797979798,9028800.0,4463679.0,0.0,4463679.0,0.0,42717386.28756944,60825600.0,517329948.5609626,5441176309.645416,42717386.28756944,55629521.444913864,1801134.0,1801134.0,0.4943823099415205,0.4943823099415205,0.70229288798745,0.70229288798745,0.308345355443295,0.0,6652800.0,3445460.0,3445460.0,1900800.0,778309.0,778309.0,475200.0,239910.0,239910.0,0.0,0.0,0.2122812624510802,0.19948763955342902,0.0,0.5178962241462242,0.4094639099326599,0.5048611111111111,"[0.7111643398834077, 0.7271366107653747, 0.7573270596808731]","[0.2537525520745177, 0.2721983789209697, 0.29365619388797654]","[0.4626584180800063, 0.5194110945199806, 0.5610217075387195]","[0.8587364405613731, 0.8901795044475129, 0.9096760768972337]","[0.09483275121326867, 0.11095380565708517, 0.14219542196404064]","[0.458156112065804, 0.5248373871194298, 0.5700402631540735]","[0.6776088125231283, 0.6960520821588143, 0.7273144080391286]","[0.2894187330113104, 0.30631552834188247, 0.33261195599430926]","[0.4825230388471178, 0.4967537549197407, 0.5119367403618764]",0.625,0.25,5.0,0
longbench_v2,Long In-context Learning,jl_gaussian_r32_s50,8,0.125,0.25,-0.125,"(-0.5, 0.25)",274,7131,0.03842378348057776,0.0,0.5,0,0,62368000.0,29900958.0,0.0,29900958.0,0.0,56302665.680463634,77905920.0,612601441.4961463,7800798052.049164,56302665.680463634,71072668.15311241,8132118.0,8132118.0,0.47942787968188816,0.47942787968188816,0.722700735457121,0.722700735457121,0.28023313782632064,0.0,59324800.0,28729149.0,28729149.0,2434560.0,907371.0,907371.0,608640.0,264438.0,264438.0,0.0,0.0,0.18958767796656245,0.13038927013853258,0.0,0.4842687880953665,0.3727043079652997,0.43447358044164036,52731200.0,25071265.0,0.0,25071265.0,0.0,11745122.42186737,12984320.0,20834969.62469466,2008732192.3271484,11745122.42186737,12060545.852180481,6196162.0,6196162.0,0.4754540954880602,0.4754540954880602,0.9045619964593734,0.9045619964593734,0.10184399243441282,0.0,52224000.0,25018524.0,25018524.0,405760.0,52617.0,52617.0,101440.0,124.0,124.0,0.0,0.0,0.024292641456241864,0.11750466516976667,0.0,0.47906181066176473,0.12967517744479495,0.001222397476340694,9636800.0,4829693.0,0.0,4829693.0,0.0,44557543.258596264,64921600.0,591766471.8714516,5792065859.722015,44557543.258596264,59012122.30093193,1935956.0,1935956.0,0.5011718620288893,0.5011718620288893,0.6863284832566706,0.6863284832566706,0.3196380201577871,0.0,7100800.0,3710625.0,3710625.0,2028800.0,854754.0,854754.0,507200.0,264314.0,264314.0,0.0,0.0,0.22264668526862658,0.2008919973435165,0.0,0.5225643589454709,0.42131013406940065,0.5211238170347003,"[0.7092945141826918, 0.720379062256745, 0.7463593949841855]","[0.26210989128650347, 0.28111778617117344, 0.29265494890094285]","[0.44890864112207457, 0.49762205846020763, 0.533921326596958]","[0.8790675561285832, 0.9019781746348907, 0.9177407658762003]","[0.08845630378099131, 0.10284899245082761, 0.12108048261476202]","[0.44212800427493637, 0.4985262757697824, 0.539476121123362]","[0.6673392628989107, 0.6855421619854305, 0.7154820725264783]","[0.3005981265381513, 0.31794436774924517, 0.33422099178590264]","[0.4822459734201725, 0.5009028057275542, 0.5131494836666551]",0.125,0.25,1.0,0
longbench_v2,Long In-context Learning,jl_sign_r32_s50,8,0.5,0.25,0.25,"(0.0, 0.625)",267,6893,0.038734948498476716,0.0,2.0,0,0,65470080.0,31702733.0,0.0,31702733.0,0.0,59986785.10570922,81838080.0,608376413.1222394,8185787759.404816,59986785.10570922,74912692.63593864,8478739.0,8478739.0,0.48423238523612616,0.48423238523612616,0.7329935539263533,0.7329935539263533,0.27261888923396677,0.0,62273280.0,30499804.0,30499804.0,2557440.0,927024.0,927024.0,639360.0,275905.0,275905.0,0.0,0.0,0.1823834030591801,0.12950555429289226,0.0,0.4897735272656266,0.3624812312312312,0.4315330955955956,55346880.0,26680847.0,0.0,26680847.0,0.0,12332193.155670166,13639680.0,22078443.752653882,2109836480.2407227,12332193.155670166,12663761.517543793,6456253.0,6456253.0,0.48206596288715825,0.48206596288715825,0.9041409443381492,0.9041409443381492,0.10229627751427972,0.0,54814080.0,26625797.0,26625797.0,426240.0,54911.0,54911.0,106560.0,139.0,139.0,0.0,0.0,0.024309101230646665,0.11665071274116988,0.0,0.4857474028570761,0.12882648273273273,0.0013044294294294295,10123200.0,5021886.0,0.0,5021886.0,0.0,47654591.95003905,68198400.0,586297969.3695855,6075951279.164093,47654591.95003905,62248931.11839485,2022486.0,2022486.0,0.49607693219535326,0.49607693219535326,0.6987640758439941,0.6987640758439941,0.3106361919656064,0.0,7459200.0,3874007.0,3874007.0,2131200.0,872113.0,872113.0,532800.0,275766.0,275766.0,0.0,0.0,0.21399826342488681,0.19978722143195826,0.0,0.5193595827970828,0.4092121809309309,0.5175788288288288,"[0.7153561495495528, 0.7319725071278567, 0.7517487720227344]","[0.25812558878985825, 0.2695181704521039, 0.2899837821879239]","[0.4406458313893528, 0.49222168895599194, 0.5318692314348797]","[0.8833468627198753, 0.9020916955007448, 0.9223021164966426]","[0.08548461718170111, 0.09957502720227009, 0.12005128554728142]","[0.4320066743258011, 0.49354725075720124, 0.5375318199790153]","[0.6795994116691603, 0.6980727619102507, 0.7192851222957759]","[0.290112381568372, 0.30861334312285515, 0.3302072083739847]","[0.4805449013157895, 0.49729188348696596, 0.5061532566656993]",0.5,0.25,4.0,0
longbench_v2,Long In-context Learning,mass_s50,8,0.375,0.25,0.125,"(0.0, 0.375)",224,6512,0.0343980343980344,0.0,1.5,0,0,54073600.0,27565209.0,27565209.0,27565209.0,0.0,51464721.10992718,67584000.0,592296239.434985,6921807918.717285,51464721.10992718,61637185.98873901,5827032.0,5827032.0,0.5097720329328914,0.5097720329328914,0.7614926774077767,0.7614926774077767,0.2925227960531586,0.0,51433600.0,26376398.0,26376398.0,2112000.0,936495.0,936495.0,528000.0,252316.0,252316.0,0.5097720329328914,0.0,0.15051587474567701,0.10776112557699136,0.0,0.5128242627387545,0.4434161931818182,0.47787121212121214,45713600.0,23417798.0,23417798.0,23417798.0,0.0,10135798.128692627,11264000.0,21014098.682618834,1729036042.6235352,10135798.128692627,10338530.842342377,4252251.0,4252251.0,0.5122720153302299,0.5122720153302299,0.8998400327319449,0.8998400327319449,0.11024359334947711,0.0,45273600.0,23327335.0,23327335.0,352000.0,89910.0,89910.0,88000.0,553.0,553.0,0.5122720153302299,0.0,0.01799828778850761,0.09301938591578873,0.0,0.5152524871006503,0.25542613636363637,0.006284090909090909,8360000.0,4147411.0,4147411.0,4147411.0,0.0,41328922.98123455,56320000.0,571282140.7523662,5192771876.09375,41328922.98123455,51298655.14639664,1574781.0,1574781.0,0.4961017942583732,0.4961017942583732,0.733823206342943,0.733823206342943,0.3316849008324254,0.0,6160000.0,3049063.0,3049063.0,1760000.0,846585.0,846585.0,440000.0,251763.0,251763.0,0.4961017942583732,0.0,0.1770193921371109,0.18837093301435406,0.0,0.49497775974025976,0.48101420454545457,0.5721886363636364,"[0.748065176970502, 0.7617255029976924, 0.7759047724588087]","[0.27647282658178096, 0.2943282978061691, 0.3004479920871518]","[0.46695636079317654, 0.5096316253253095, 0.5350483703903731]","[0.8841415397852657, 0.8958566615259218, 0.9154714052165034]","[0.09091436052061813, 0.10689667077859227, 0.12944455887086886]","[0.46333699128263356, 0.5125243352198927, 0.5417002121504646]","[0.7202841917683156, 0.7328884260059385, 0.751775287099755]","[0.31483705435930875, 0.3325962211653044, 0.3401148240919424]","[0.48673319973785034, 0.4932226349366239, 0.5056106845981566]",0.375,0.25,3.0,0
longbench_v2,Long Structured Data Understanding,blasst_aggressive_s50,3,0.0,0.0,0.0,"(0.0, 0.0)",87,2131,0.04082590333176912,0.0,,0,0,22237440.0,11042036.0,11042036.0,11042036.0,0.0,20915722.391780257,27770880.0,339005929.62037605,2800753020.7210693,20915722.391780257,25112334.284866333,1828389.0,1828389.0,0.49655158147700457,0.49655158147700457,0.7531530290642665,0.7531530290642665,0.34790946238301274,0.0,21152640.0,10598921.0,10598921.0,867840.0,341695.0,341695.0,216960.0,101420.0,101420.0,0.49655158147700457,0.0,0.15111555316526074,0.08222119992229321,0.0,0.501068471831412,0.39373041113569324,0.4674594395280236,18802240.0,9381612.0,9381612.0,9381612.0,0.0,4203752.433879852,4628480.0,16697648.030336186,711007134.6699219,4203752.433879852,4256390.452987671,1184591.0,1184591.0,0.498962464046837,0.498962464046837,0.9082360588961932,0.9082360588961932,0.15324653788244108,0.0,18621440.0,9357620.0,9357620.0,144640.0,23230.0,23230.0,36160.0,762.0,762.0,0.498962464046837,0.0,0.011372636180305111,0.06300265287540208,0.0,0.5025186022133626,0.16060564159292035,0.021073008849557522,3435200.0,1660424.0,1660424.0,1660424.0,0.0,16711969.957900405,23142400.0,322308281.5900399,2089745886.0511475,16711969.957900405,20855943.831878662,643798.0,643798.0,0.4833558453656265,0.4833558453656265,0.7221364230978812,0.7221364230978812,0.39272540195862143,0.0,2531200.0,1241301.0,1241301.0,723200.0,318465.0,318465.0,180800.0,100658.0,100658.0,0.4833558453656265,0.0,0.17906413656225184,0.18741208663251047,0.0,0.49040020543615676,0.44035536504424777,0.5567367256637168,"[0.741889713497586, 0.7493783036263212, 0.7686336240857549]","[0.34735329095848944, 0.3479922016847077, 0.3481781704917303]","[0.42719099574009717, 0.49462725776502364, 0.5331318054372438]","[0.8963011349331249, 0.9133291551673954, 0.9144807649562632]","[0.1463742803909645, 0.14907684438130783, 0.16664361133613687]","[0.41923937668254563, 0.497242083971499, 0.5409067718993265]","[0.7110074292104782, 0.7165881333181063, 0.7394641959116532]","[0.3900500324159841, 0.39161789835945954, 0.3941654468275776]","[0.4705830308529946, 0.48037431941923775, 0.49043754330968486]",0.0,0.0,0.0,0
longbench_v2,Long Structured Data Understanding,blasst_original_s50,3,0.0,0.0,0.0,"(0.0, 0.0)",121,1859,0.0650887573964497,0.0,,0,0,12063040.0,5442968.0,5442968.0,5442968.0,0.0,14218458.100460052,15114240.0,27170688.65888135,1550868740.1707153,14218458.100460052,14717708.852558136,873986.0,873986.0,0.45121030851261373,0.45121030851261373,0.9407325873123659,0.9407325873123659,0.13236184185762606,0.0,11472640.0,5333283.0,5333283.0,472320.0,94211.0,94211.0,118080.0,15474.0,15474.0,0.45121030851261373,0.0,0.03303181318399625,0.07245155450035812,0.0,0.4648697248410131,0.19946434620596207,0.13104674796747967,10193440.0,5041110.0,5041110.0,5041110.0,0.0,2270851.4022789,2519040.0,10135572.655834084,393381356.9663086,2270851.4022789,2302332.650806427,677932.0,677932.0,0.4945445306000722,0.4945445306000722,0.9014749278609709,0.9014749278609709,0.1605156044566996,0.0,10095040.0,5027450.0,5027450.0,78720.0,13175.0,13175.0,19680.0,485.0,485.0,0.4945445306000722,0.0,0.01249731982323697,0.06650669450156178,0.0,0.4980118949503915,0.16736534552845528,0.02464430894308943,1869600.0,401858.0,401858.0,401858.0,0.0,11947606.698181152,12595200.0,17035116.003047265,1157487383.2044067,11947606.698181152,12415376.201751709,196054.0,196054.0,0.2149433033804022,0.2149433033804022,0.9485841192026448,0.9485841192026448,0.12131497546885105,0.0,1377600.0,305833.0,305833.0,393600.0,81036.0,81036.0,98400.0,14989.0,14989.0,0.2149433033804022,0.0,0.03713871185614811,0.10486414206247326,0.0,0.22200421022067363,0.2058841463414634,0.1523272357723577,"[0.9369667004141604, 0.9411680310461065, 0.9447016093479937]","[0.1312040639545307, 0.1315096672360186, 0.13380705336887894]","[0.40587992255565225, 0.4578235394666869, 0.49129474365019077]","[0.8920840413107944, 0.9063487281295948, 0.9097794867648724]","[0.15053249414480624, 0.1557876008392541, 0.1703523655428043]","[0.4407547298342587, 0.5041314464277685, 0.5413181811774456]","[0.9459432322348337, 0.9481318916294088, 0.951686033864618]","[0.11567574420516513, 0.12464966786170593, 0.12573605389486517]","[0.2082376267143709, 0.2183974358974359, 0.22076292748757448]",0.0,0.0,0.0,0
longbench_v2,Long Structured Data Understanding,cancel_guard_gaussian_r32_s50,3,0.0,0.0,0.0,"(0.0, 0.0)",95,1989,0.04776269482151835,0.0,,0,0,20419840.0,9473273.0,0.0,9473273.0,0.0,18611649.654665224,25559040.0,189662540.52916023,2551173085.7154846,18611649.654665224,23518739.228956223,2800685.0,2800685.0,0.4639249377076412,0.4639249377076412,0.7281826568863785,0.7281826568863785,0.2726596165049654,0.0,19421440.0,9097976.0,9097976.0,798720.0,291054.0,291054.0,199680.0,84243.0,84243.0,0.0,0.0,0.1919903710894853,0.13715509034350906,0.0,0.46845012522243457,0.3644005408653846,0.42189002403846154,17258240.0,7941995.0,0.0,7941995.0,0.0,3860647.4402427673,4259840.0,7259162.705405369,651606762.965332,3860647.4402427673,3962398.716506958,2151857.0,2151857.0,0.4601856852147148,0.4601856852147148,0.9062893066976148,0.9062893066976148,0.10554811310160678,0.0,17091840.0,7926652.0,7926652.0,133120.0,15304.0,15304.0,33280.0,39.0,39.0,0.0,0.0,0.023886173251622286,0.12468577328858563,0.0,0.4637682075189096,0.1149639423076923,0.001171875,3161600.0,1531278.0,0.0,1531278.0,0.0,14751002.214422459,21299200.0,182403377.82375485,1899566322.7501526,14751002.214422459,19556340.512449265,648828.0,648828.0,0.48433641194331983,0.48433641194331983,0.6925613269241314,0.6925613269241314,0.3098769035022432,0.0,2329600.0,1171324.0,1171324.0,665600.0,275750.0,275750.0,166400.0,84204.0,84204.0,0.0,0.0,0.2256112106570578,0.2052214068825911,0.0,0.5028004807692308,0.4142878605769231,0.5060336538461538,"[0.7106040784611891, 0.7380738924989936, 0.740326090991222]","[0.2657071759921071, 0.26766748402296664, 0.28261484675694776]","[0.4459556986555541, 0.446163472163755, 0.4918878867308004]","[0.8904384799669809, 0.9029447948710332, 0.9198514274229662]","[0.0938594578590305, 0.10864897500731051, 0.11792818662173075]","[0.43830669821612733, 0.4419452539550375, 0.49210252710437696]","[0.6737918665324341, 0.7008730538866024, 0.7069570185876631]","[0.30229697793767457, 0.30402198100837613, 0.3203735587448189]","[0.4728153859858727, 0.49396646859083193, 0.49567102651168865]",0.0,0.0,0.0,0
longbench_v2,Long Structured Data Understanding,dense,3,0.0,0.0,0.0,"(0.0, 0.0)",1858,1858,1.0,1.0,,0,0,13153920.0,0.0,0.0,0.0,0.0,16465920.0,16465920.0,0.0,1709530937.8847656,16465920.0,16465920.0,0.0,0.0,0.0,0.0,1.0,1.0,0.0,0.0,12510720.0,0.0,0.0,514560.0,0.0,0.0,128640.0,0.0,0.0,0.0,0.0,0.0,0.0,0.0,0.0,0.0,0.0,11117120.0,0.0,0.0,0.0,0.0,2744320.0,2744320.0,0.0,438241296.54833984,2744320.0,2744320.0,0.0,0.0,0.0,0.0,1.0,1.0,0.0,0.0,11009920.0,0.0,0.0,85760.0,0.0,0.0,21440.0,0.0,0.0,0.0,0.0,0.0,0.0,0.0,0.0,0.0,0.0,2036800.0,0.0,0.0,0.0,0.0,13721600.0,13721600.0,0.0,1271289641.3364258,13721600.0,13721600.0,0.0,0.0,0.0,0.0,1.0,1.0,0.0,0.0,1500800.0,0.0,0.0,428800.0,0.0,0.0,107200.0,0.0,0.0,0.0,0.0,0.0,0.0,0.0,0.0,0.0,0.0,"[1.0, 1.0, 1.0]","[0.0, 0.0, 0.0]","[0.0, 0.0, 0.0]","[1.0, 1.0, 1.0]","[0.0, 0.0, 0.0]","[0.0, 0.0, 0.0]","[1.0, 1.0, 1.0]","[0.0, 0.0, 0.0]","[0.0, 0.0, 0.0]",0.0,0.0,0.0,0
longbench_v2,Long Structured Data Understanding,full_centered_s50,3,0.0,0.0,0.0,"(0.0, 0.0)",83,2008,0.04133466135458167,0.0,,0,0,22876480.0,11370622.0,0.0,11370622.0,0.0,20673858.678745344,28631040.0,219281480.1324159,2860251126.996582,20673858.678745344,26224150.193771362,3162435.0,3162435.0,0.497044213095721,0.497044213095721,0.7220785091545869,0.7220785091545869,0.27688465918838984,0.0,21758080.0,10947237.0,10947237.0,894720.0,323006.0,323006.0,223680.0,100379.0,100379.0,0.0,0.0,0.19385574240495693,0.13823958056484215,0.0,0.5031343298673412,0.36101350143061517,0.4487616237482117,19334880.0,9635969.0,0.0,9635969.0,0.0,4256151.752609253,4771840.0,10311730.06108132,726185934.3081055,4256151.752609253,4383071.010959625,2434281.0,2434281.0,0.49837231986958286,0.49837231986958286,0.891930943327784,0.891930943327784,0.11916311610494133,0.0,19148480.0,9617297.0,9617297.0,149120.0,18598.0,18598.0,37280.0,74.0,74.0,0.0,0.0,0.026597551122915335,0.12590101412576649,0.0,0.5022485857885326,0.12471834763948497,0.0019849785407725323,3541600.0,1734653.0,0.0,1734653.0,0.0,16417706.926136091,23859200.0,208969750.07133454,2134065192.6884766,16417706.926136091,21841079.182811737,728154.0,728154.0,0.4897935961147504,0.4897935961147504,0.6881080223199475,0.6881080223199475,0.31292327760353617,0.0,2609600.0,1329940.0,1329940.0,745600.0,304408.0,304408.0,186400.0,100305.0,100305.0,0.0,0.0,0.22730738066136524,0.2056002936525864,0.0,0.5096336603310853,0.4082725321888412,0.5381169527896996,"[0.7026210788032121, 0.7315541536657759, 0.7344648851657066]","[0.268620655876176, 0.26891670833678516, 0.28996658753371424]","[0.46507009204049193, 0.5120435207985226, 0.5317733398966152]","[0.8754160838202958, 0.894410331446803, 0.9061324853450513]","[0.11090365630166896, 0.11538003039008199, 0.12936077159385312]","[0.4603926817070631, 0.5178463228792843, 0.5389604622829615]","[0.667475970104883, 0.6960523796350084, 0.701889688214575]","[0.30300474265411076, 0.3057098025066389, 0.32781731933003144]","[0.48286541627375457, 0.4931179775280899, 0.4951040466334375]",0.0,0.0,0.0,0
longbench_v2,Long Structured Data Understanding,jl_gaussian_r32_s50,3,0.0,0.0,0.0,"(0.0, 0.0)",81,1986,0.04078549848942598,0.0,,0,0,21786240.0,10262300.0,0.0,10262300.0,0.0,19722648.121013936,27279360.0,216484756.4501613,2702519261.961853,19722648.121013936,25055323.482128143,2988710.0,2988710.0,0.47104502658558794,0.47104502658558794,0.7229879337716844,0.7229879337716844,0.28302790824470453,0.0,20720640.0,9851237.0,9851237.0,852480.0,307414.0,307414.0,213120.0,103649.0,103649.0,0.0,0.0,0.1954838882259044,0.1371833781322523,0.0,0.4754311160273042,0.36061139264264264,0.4863410285285285,18411840.0,8626888.0,0.0,8626888.0,0.0,4114906.0799217224,4546560.0,7621475.455867156,699477736.3374023,4114906.0799217224,4223780.111305237,2276821.0,2276821.0,0.46855110624467733,0.46855110624467733,0.9050592271787291,0.9050592271787291,0.1043836742529296,0.0,18234240.0,8610533.0,8610533.0,142080.0,16324.0,16324.0,35520.0,31.0,31.0,0.0,0.0,0.02394646312454128,0.12366069876774945,0.0,0.47221781659120426,0.11489301801801802,0.0008727477477477477,3374400.0,1635412.0,0.0,1635412.0,0.0,15607742.041092213,22732800.0,208863280.99429417,2003041525.6244507,15607742.041092213,20831543.370822906,711889.0,711889.0,0.48465267899478426,0.48465267899478426,0.6865736750902754,0.6865736750902754,0.3229134030916267,0.0,2486400.0,1240704.0,1240704.0,710400.0,291090.0,291090.0,177600.0,103618.0,103618.0,0.0,0.0,0.22979137324617704,0.2109675794215268,0.0,0.498996138996139,0.4097550675675676,0.5834346846846847,"[0.7092489402945135, 0.7293564640116468, 0.7380259722588371]","[0.27088701882065924, 0.2746029239815839, 0.29445767518081334]","[0.4416194235387463, 0.47044870938759653, 0.4948114686327375]","[0.891739584926728, 0.9074553375766761, 0.921276315505335]","[0.09389951495669578, 0.10141213147643537, 0.11264443553501839]","[0.43280374035896846, 0.4695768231036563, 0.4969598290267497]","[0.6720597624716377, 0.6902814448164761, 0.7034490502988363]","[0.3079635336460486, 0.3155588590857452, 0.33633532377228453]","[0.47718984407826226, 0.4850772643818849, 0.49164321794121296]",0.0,0.0,0.0,0
longbench_v2,Long Structured Data Understanding,jl_sign_r32_s50,3,0.0,0.0,0.0,"(0.0, 0.0)",85,2139,0.039738195418419824,0.0,,0,0,27327360.0,13783858.0,0.0,13783858.0,0.0,24398925.96427491,34160640.0,269941400.04988056,3416468078.847229,24398925.96427491,31155694.866529465,3825563.0,3825563.0,0.5043977171596524,0.5043977171596524,0.7142408913964993,0.7142408913964993,0.2810904328940183,0.0,25992960.0,13272270.0,13272270.0,1067520.0,393515.0,393515.0,266880.0,118073.0,118073.0,0.0,0.0,0.19779397875023874,0.13999021493477598,0.0,0.5106101806027479,0.3686254121702638,0.44241981414868103,23101760.0,11687996.0,0.0,11687996.0,0.0,5134962.95816803,5693440.0,10822456.981538996,888438707.8320312,5134962.95816803,5272178.108444214,2949267.0,2949267.0,0.5059353053620157,0.5059353053620157,0.9019086805460371,0.9019086805460371,0.1103695312852781,0.0,22879360.0,11665106.0,11665106.0,177920.0,22845.0,22845.0,44480.0,45.0,45.0,0.0,0.0,0.024100570178342808,0.1276641693100439,0.0,0.5098528105681278,0.128400404676259,0.0010116906474820144,4225600.0,2095862.0,0.0,2095862.0,0.0,19263963.00610688,28467200.0,259118943.06834155,2528029371.0151978,19263963.00610688,25883516.75808525,876296.0,876296.0,0.4959915751609239,0.4959915751609239,0.6767073335665917,0.6767073335665917,0.3201536991115397,0.0,3113600.0,1607164.0,1607164.0,889600.0,370670.0,370670.0,222400.0,118028.0,118028.0,0.0,0.0,0.23253266046461793,0.20737788716395306,0.0,0.5161754881808839,0.41667041366906477,0.5307014388489208,"[0.7051869333398285, 0.7063713165682362, 0.7424432024147155]","[0.2708356076322719, 0.2805840353517255, 0.28564203948426703]","[0.49691128341966545, 0.4980180733521555, 0.5276840672159999]","[0.8909431719823908, 0.8916703726881399, 0.9139747477097082]","[0.10131287444489313, 0.115855780101298, 0.12105704523914942]","[0.49668256837333224, 0.499183019655704, 0.5333369759549503]","[0.66346573050114, 0.6694933055206926, 0.7126341283953181]","[0.3060035959533557, 0.32098098112911333, 0.32579710287475894]","[0.49297095141700403, 0.49823633603238865, 0.4994873863723169]",0.0,0.0,0.0,0
longbench_v2,Long Structured Data Understanding,mass_s50,3,0.0,0.0,0.0,"(0.0, 0.0)",94,2232,0.042114695340501794,0.0,,0,0,21268480.0,11354922.0,11354922.0,11354922.0,0.0,19430213.484503746,26542080.0,298057934.6948367,2773286527.8656616,19430213.484503746,24053335.612457275,2410449.0,2410449.0,0.5338849790864227,0.5338849790864227,0.7320531580231747,0.7320531580231747,0.32783323022101124,0.0,20231680.0,10856278.0,10856278.0,829440.0,395564.0,395564.0,207360.0,103080.0,103080.0,0.5338849790864227,0.0,0.17418085274226924,0.11333433324807414,0.0,0.5365979493546754,0.476904899691358,0.49710648148148145,17985280.0,9702388.0,9702388.0,9702388.0,0.0,4018361.5318832397,4423680.0,8967103.68209619,699387185.9331055,4018361.5318832397,4084457.093437195,1763493.0,1763493.0,0.5394627161767845,0.5394627161767845,0.9083752739536404,0.9083752739536404,0.11323149990531077,0.0,17812480.0,9665903.0,9665903.0,138240.0,36276.0,36276.0,34560.0,209.0,209.0,0.5394627161767845,0.0,0.014941307136582004,0.09805201809479752,0.0,0.5426477952536648,0.26241319444444444,0.006047453703703703,3283200.0,1652534.0,1652534.0,1652534.0,0.0,15411851.952620506,22118400.0,289090831.0127405,2073899341.9325562,15411851.952620506,19968878.51902008,646956.0,646956.0,0.5033302875243665,0.5033302875243665,0.6967887348370816,0.6967887348370816,0.3733561606216743,0.0,2419200.0,1190375.0,1190375.0,691200.0,359288.0,359288.0,172800.0,102871.0,102871.0,0.5033302875243665,0.0,0.20602876186340668,0.19705043859649124,0.0,0.4920531580687831,0.5198032407407407,0.595318287037037,"[0.7255691714596149, 0.7317175067636348, 0.7422363147782769]","[0.32510281514421785, 0.32512535328936326, 0.3290240607577966]","[0.5061195357579478, 0.5077087591986917, 0.5470174844278011]","[0.8864404872252875, 0.8893891917401925, 0.9189171282603907]","[0.10345307929525296, 0.13100094380866373, 0.13370425382335416]","[0.508051033524871, 0.5113782671829622, 0.5543339239596211]","[0.6919185114804705, 0.6928011856382736, 0.7113293425598838]","[0.36496408011411446, 0.36684923305199085, 0.3768581709559808]","[0.4897172836752899, 0.4975535236396075, 0.5087644159290011]",0.0,0.0,0.0,0
longbench_v2,Long-dialogue History Understanding,blasst_aggressive_s50,4,0.0,0.0,0.0,"(0.0, 0.0)",209,3829,0.05458344215199791,0.0,,0,0,32987520.0,16348396.0,16348396.0,16348396.0,0.0,30879432.87809038,41041920.0,507145392.33822787,4214311706.8631897,30879432.87809038,36845653.10866356,2646424.0,2646424.0,0.4955933637933376,0.4955933637933376,0.752387628992269,0.752387628992269,0.3468988936348918,0.0,31384320.0,15696226.0,15696226.0,1282560.0,501435.0,501435.0,320640.0,150735.0,150735.0,0.4955933637933376,0.0,0.1453689357265249,0.0802250063054149,0.0,0.5001295551409112,0.3909641654191617,0.4701066616766467,27910720.0,13814223.0,13814223.0,13814223.0,0.0,6190829.869054794,6840320.0,22991042.443602033,1066254837.7905273,6190829.869054794,6274625.811084747,1740090.0,1740090.0,0.4949432691095034,0.4949432691095034,0.9050497446106022,0.9050497446106022,0.14684150407564783,0.0,27643520.0,13777386.0,13777386.0,213760.0,35483.0,35483.0,53440.0,1354.0,1354.0,0.4949432691095034,0.0,0.012250295604584727,0.062344862475779916,0.0,0.4983947775102447,0.1659945733532934,0.02533682634730539,5076800.0,2534173.0,2534173.0,2534173.0,0.0,24688603.009035587,34201600.0,484154349.8946258,3148056869.0726624,24688603.009035587,30571027.29757881,906334.0,906334.0,0.4991673889063977,0.4991673889063977,0.7218552058686023,0.7218552058686023,0.39216662844336586,0.0,3740800.0,1918840.0,1918840.0,1068800.0,465952.0,465952.0,267200.0,149381.0,149381.0,0.4991673889063977,0.0,0.17199266375091296,0.17852466120390797,0.0,0.5129491017964072,0.4359580838323353,0.5590606287425149,"[0.7388314927772972, 0.7508676817933624, 0.7565314408560316]","[0.3377337751959034, 0.3528001295409473, 0.37623425686980083]","[0.4923653738566511, 0.497597333405938, 0.5017738840548434]","[0.8864408323401255, 0.9002692481887187, 0.9113627459075863]","[0.13954352869269043, 0.15321091907400242, 0.16640604888326876]","[0.4912380606606192, 0.49840604247652265, 0.5010930679392446]","[0.7089850549064548, 0.7209873685142911, 0.7258897498039975]","[0.3828602868069041, 0.3981417603850682, 0.42170942009653883]","[0.492101756285366, 0.498988679856625, 0.5073382119247394]",0.0,0.0,0.0,1
longbench_v2,Long-dialogue History Understanding,blasst_original_s50,4,0.0,0.0,0.0,"(0.0, 0.0)",252,3050,0.08262295081967214,0.0,,0,0,17563200.0,8304379.0,8304379.0,8304379.0,0.0,20584721.142799377,21995520.0,43723207.35798107,2315029308.945038,20584721.142799377,21350229.410398483,1247291.0,1247291.0,0.472828357019222,0.472828357019222,0.9358597179243491,0.9358597179243491,0.137428801608833,0.0,16704000.0,8124194.0,8124194.0,687360.0,146696.0,146696.0,171840.0,33489.0,33489.0,0.472828357019222,0.0,0.03480291748497448,0.0710172975312016,0.0,0.486362188697318,0.21341945996275605,0.19488477653631284,14842400.0,7673256.0,7673256.0,7673256.0,0.0,3279831.9205379486,3665920.0,14767455.331871048,591414640.0610352,3279831.9205379486,3330174.5959148407,960869.0,960869.0,0.5169821592195333,0.5169821592195333,0.8946818044414359,0.8946818044414359,0.15801808613470075,0.0,14699200.0,7652624.0,7652624.0,114560.0,19895.0,19895.0,28640.0,737.0,737.0,0.5169821592195333,0.0,0.013732617017526866,0.06473811512962863,0.0,0.5206149994557527,0.17366445530726257,0.025733240223463686,2720800.0,631123.0,631123.0,631123.0,0.0,17304889.22226143,18329600.0,28955752.02611002,1723614668.8840027,17304889.22226143,18020054.814483643,286422.0,286422.0,0.2319622905027933,0.2319622905027933,0.9440953006209316,0.9440953006209316,0.12961263314185434,0.0,2004800.0,471570.0,471570.0,572800.0,126801.0,126801.0,143200.0,32752.0,32752.0,0.2319622905027933,0.0,0.039016977578464,0.10527124375183769,0.0,0.2352204708699122,0.22137046089385476,0.22871508379888267,"[0.932942199154601, 0.9350592179363608, 0.9391769757459237]","[0.1316446055897979, 0.13514991473041965, 0.14518953493817466]","[0.4505271604300459, 0.46681074005043166, 0.4976361672857256]","[0.8905660309658276, 0.8951845557600988, 0.8989650842442541]","[0.1553381184347318, 0.15902328002687466, 0.15958841606552704]","[0.4906801566511999, 0.5119072066063993, 0.5442873872596266]","[0.9401801044371761, 0.9434997365166409, 0.9480842134854149]","[0.12062347202260107, 0.1258937511102508, 0.141329998466509]","[0.20771224256292908, 0.23465165356151713, 0.2558941314389698]",0.0,0.0,0.0,0
longbench_v2,Long-dialogue History Understanding,cancel_guard_gaussian_r32_s50,4,0.0,0.0,0.0,"(0.0, 0.0)",211,5083,0.041510918748770415,0.0,,0,0,56495040.0,28211959.0,0.0,28211959.0,0.0,49643779.14679735,69427200.0,588167753.2656089,7279583177.399414,49643779.14679735,62418878.115400314,6670983.0,6670983.0,0.49937054651169377,0.49937054651169377,0.7150479804283818,0.7150479804283818,0.2842479549540182,0.0,53783040.0,27175186.0,27175186.0,2169600.0,797607.0,797607.0,542400.0,239166.0,239166.0,0.0,0.0,0.1840071177953736,0.11808086161192204,0.0,0.5052742648983769,0.3676285951327434,0.44094026548672566,47907040.0,23765627.0,0.0,23765627.0,0.0,10491384.514297485,11571200.0,19651456.47811033,1871594739.208496,10491384.514297485,10724550.238204956,4959888.0,4959888.0,0.49607796682909233,0.49607796682909233,0.9066807690038617,0.9066807690038617,0.10246875606259813,0.0,47455040.0,23718774.0,23718774.0,361600.0,46607.0,46607.0,90400.0,246.0,246.0,0.0,0.0,0.020150522323308794,0.10353150601665224,0.0,0.4998156992386899,0.12889103982300884,0.0027212389380530974,8588000.0,4446332.0,0.0,4446332.0,0.0,39152394.632499866,57856000.0,568516296.7874986,5407988438.190918,39152394.632499866,51694327.87719536,1711095.0,1711095.0,0.517737773637634,0.517737773637634,0.6767214227132858,0.6767214227132858,0.32423028795529324,0.0,6328000.0,3456412.0,3456412.0,1808000.0,751000.0,751000.0,452000.0,238920.0,238920.0,0.0,0.0,0.21677843688978657,0.199242547741034,0.0,0.546209228824273,0.4153761061946903,0.5285840707964602,"[0.7101491648383138, 0.72033414633855, 0.7313216880769392]","[0.26572867426610214, 0.28599230534864306, 0.2953311426817629]","[0.44916019457161543, 0.4689562850972815, 0.5345631163222225]","[0.8985978271567812, 0.9073870259730352, 0.910601736894548]","[0.09233368194739328, 0.09679127924314476, 0.1098309232817582]","[0.43880464414763193, 0.46140444765604105, 0.5375048651729211]","[0.6704331746116317, 0.6843575150923391, 0.6963447803318571]","[0.30035740915805514, 0.32640345427021533, 0.33831163807085923]","[0.5023512426900585, 0.5124853256812243, 0.5199249968715608]",0.0,0.0,0.0,1
longbench_v2,Long-dialogue History Understanding,dense,4,0.0,0.0,0.0,"(0.0, 0.0)",2967,2967,1.0,1.0,,0,0,18820160.0,0.0,0.0,0.0,0.0,23470080.0,23470080.0,0.0,2507250325.308441,23470080.0,23470080.0,0.0,0.0,0.0,0.0,1.0,1.0,0.0,0.0,17903360.0,0.0,0.0,733440.0,0.0,0.0,183360.0,0.0,0.0,0.0,0.0,0.0,0.0,0.0,0.0,0.0,0.0,15916960.0,0.0,0.0,0.0,0.0,3911680.0,3911680.0,0.0,645876328.942627,3911680.0,3911680.0,0.0,0.0,0.0,0.0,1.0,1.0,0.0,0.0,15764160.0,0.0,0.0,122240.0,0.0,0.0,30560.0,0.0,0.0,0.0,0.0,0.0,0.0,0.0,0.0,0.0,0.0,2903200.0,0.0,0.0,0.0,0.0,19558400.0,19558400.0,0.0,1861373996.3658142,19558400.0,19558400.0,0.0,0.0,0.0,0.0,1.0,1.0,0.0,0.0,2139200.0,0.0,0.0,611200.0,0.0,0.0,152800.0,0.0,0.0,0.0,0.0,0.0,0.0,0.0,0.0,0.0,0.0,"[1.0, 1.0, 1.0]","[0.0, 0.0, 0.0]","[0.0, 0.0, 0.0]","[1.0, 1.0, 1.0]","[0.0, 0.0, 0.0]","[0.0, 0.0, 0.0]","[1.0, 1.0, 1.0]","[0.0, 0.0, 0.0]","[0.0, 0.0, 0.0]",0.0,0.0,0.0,1
longbench_v2,Long-dialogue History Understanding,full_centered_s50,4,0.0,0.0,0.0,"(0.0, 0.0)",239,3351,0.07132199343479559,0.0,,0,0,32334080.0,17080625.0,0.0,17080625.0,0.0,28556562.8480647,40304640.0,343201401.3995735,4161064039.4803467,28556562.8480647,36401782.30910301,4011515.0,4011515.0,0.5282545537092752,0.5282545537092752,0.7085179981278755,0.7085179981278755,0.2871919922982691,0.0,30759680.0,16468291.0,16468291.0,1259520.0,468319.0,468319.0,314880.0,144015.0,144015.0,0.0,0.0,0.1946480470000058,0.12406460922964253,0.0,0.5353856412030294,0.3718233930386179,0.45736471036585363,27348480.0,14526461.0,0.0,14526461.0,0.0,5943885.233901978,6717440.0,16205558.017625831,1053350975.7150879,5943885.233901978,6113996.236930847,3028979.0,3028979.0,0.5311615490147898,0.5311615490147898,0.8848438145933536,0.8848438145933536,0.12403534074418908,0.0,27086080.0,14500809.0,14500809.0,209920.0,25571.0,25571.0,52480.0,81.0,81.0,0.0,0.0,0.025323784511490928,0.11075493043854723,0.0,0.5353601923940268,0.12181307164634146,0.0015434451219512196,4985600.0,2554164.0,0.0,2554164.0,0.0,22612677.61416272,33587200.0,326995843.38194764,3107713063.765259,22612677.61416272,30287786.072172165,982536.0,982536.0,0.5123082477535301,0.5123082477535301,0.6732528348347799,0.6732528348347799,0.32437745296067355,0.0,3673600.0,1967482.0,1967482.0,1049600.0,442748.0,442748.0,262400.0,143934.0,143934.0,0.0,0.0,0.22851289949770878,0.19707477535301668,0.0,0.5355732796167247,0.42182545731707316,0.5485289634146342,"[0.7037606147824376, 0.7115467259378185, 0.7185374393289313]","[0.27882575358422845, 0.2844140662749026, 0.2998220335770231]","[0.4688780372140524, 0.5186622916370266, 0.5639280740279333]","[0.8750621035504692, 0.8880618077946032, 0.8991270550961296]","[0.09993177593603375, 0.11978888888209949, 0.13525446685895173]","[0.4622297416882698, 0.519583409812862, 0.5729038718271744]","[0.667339166193935, 0.6773172565764618, 0.6837218294023878]","[0.3152317308135634, 0.32105203724694026, 0.3401880906538306]","[0.5050174220272905, 0.5133365314327485, 0.5147921188819979]",0.0,0.0,0.0,0
longbench_v2,Long-dialogue History Understanding,jl_gaussian_r32_s50,4,0.0,0.0,0.0,"(0.0, 0.0)",229,4481,0.051104664137469315,0.0,,0,0,55790080.0,28933906.0,0.0,28933906.0,0.0,49027737.48068695,69058560.0,619910970.8854729,7113272250.416443,49027737.48068695,62375048.47487259,6800893.0,6800893.0,0.5186209806474557,0.5186209806474557,0.7099443932900852,0.7099443932900852,0.29520923929129467,0.0,53092480.0,27907312.0,27907312.0,2158080.0,793877.0,793877.0,539520.0,232717.0,232717.0,0.0,0.0,0.19327525789975408,0.12190147424058184,0.0,0.5256358715961281,0.3678626371589561,0.4313408214709371,47247680.0,24541813.0,0.0,24541813.0,0.0,10430753.116485596,11509760.0,20476334.293841634,1865153451.183838,10430753.116485596,10668933.945480347,5078479.0,5078479.0,0.5194289539719199,0.5194289539719199,0.9062528772524879,0.9062528772524879,0.10477769048816835,0.0,46798080.0,24497311.0,24497311.0,359680.0,44380.0,44380.0,89920.0,122.0,122.0,0.0,0.0,0.020693813684625133,0.1074863146719585,0.0,0.5234682918615464,0.12338745551601424,0.001356761565836299,8542400.0,4392093.0,0.0,4392093.0,0.0,38596984.36420135,57548800.0,599434636.5916312,5248118799.232605,38596984.36420135,51706114.52939224,1722414.0,1722414.0,0.5141521118186927,0.5141521118186927,0.6706826964976047,0.6706826964976047,0.33796294679247424,0.0,6294400.0,3410001.0,3410001.0,1798400.0,749497.0,749497.0,449600.0,232595.0,232595.0,0.0,0.0,0.22779154674277988,0.20163115752013486,0.0,0.5417515569395018,0.4167576734875445,0.5173376334519573,"[0.6996260438553683, 0.7122731606639423, 0.7176690478381237]","[0.2865196112180113, 0.2932064465882539, 0.30751697843518605]","[0.46577045021511465, 0.49724421070402103, 0.544078431814869]","[0.8955865753041021, 0.9088395725076319, 0.9157343174821156]","[0.08956950209720228, 0.09777496742518424, 0.11474810141786035]","[0.4581239801249396, 0.49435535834187305, 0.5491084810223643]","[0.6597206227851192, 0.6724846507267218, 0.6791494907446137]","[0.3280411537176757, 0.33595158880076703, 0.35157409044424737]","[0.5075037826046598, 0.5129136034530771, 0.5164239584414686]",0.0,0.0,0.0,0
longbench_v2,Long-dialogue History Understanding,jl_sign_r32_s50,4,0.0,0.0,0.0,"(0.0, 0.0)",199,3864,0.05150103519668737,0.0,,0,0,41415360.0,21195715.0,0.0,21195715.0,0.0,37236735.98059717,51486720.0,413400320.68204105,5240088062.170166,37236735.98059717,46754205.006952286,4965852.0,4965852.0,0.5117839130216422,0.5117839130216422,0.7232299121132045,0.7232299121132045,0.28087695728252254,0.0,39404160.0,20444994.0,20444994.0,1608960.0,573563.0,573563.0,402240.0,177158.0,177158.0,0.0,0.0,0.18485289073289418,0.11990362995758096,0.0,0.5188536946352872,0.3564805837311058,0.440428599840891,35046560.0,17979013.0,0.0,17979013.0,0.0,7747472.176811218,8581120.0,15518165.1222668,1361407581.486084,7747472.176811218,7932180.889572144,3702875.0,3702875.0,0.5130036442949037,0.5130036442949037,0.9028509305092131,0.9028509305092131,0.10676431106179311,0.0,34711360.0,17947081.0,17947081.0,268160.0,31821.0,31821.0,67040.0,111.0,111.0,0.0,0.0,0.02152501220830443,0.10565587606886381,0.0,0.5170376787311128,0.11866423031026253,0.001655727923627685,6368800.0,3216702.0,0.0,3216702.0,0.0,29489263.80378595,42905600.0,397882155.5597742,3878680480.684082,29489263.80378595,38822024.11738014,1262977.0,1262977.0,0.5050719130762467,0.5050719130762467,0.6873057084340027,0.6873057084340027,0.32028398894560256,0.0,4692800.0,2497913.0,2497913.0,1340800.0,541742.0,541742.0,335200.0,177047.0,177047.0,0.0,0.0,0.21751846643781214,0.19830690239919607,0.0,0.5322862683259462,0.40404385441527446,0.5281831742243437,"[0.714818252711497, 0.7247227562285425, 0.7303595793613834]","[0.2732199578277829, 0.28664921002276866, 0.29143982105259914]","[0.4275544814934532, 0.49119319695642993, 0.5409545572541683]","[0.898423731583093, 0.9071755052023838, 0.9121124635327569]","[0.08720273520618994, 0.09943024299574117, 0.1136604818874943]","[0.4130347596705709, 0.48845144363068926, 0.5478181233403528]","[0.6763645549380373, 0.6890083360041608, 0.6951207008699402]","[0.311366502590972, 0.32672521769266616, 0.3332140704501473]","[0.5011685215805405, 0.5054671700289148, 0.5088754639998341]",0.0,0.0,0.0,1
longbench_v2,Long-dialogue History Understanding,mass_s50,4,0.0,0.0,0.0,"(0.0, 0.0)",122,3287,0.037115911165196226,0.0,,0,0,26253760.0,12890491.0,12890491.0,12890491.0,0.0,24638160.70582342,32808960.0,293259034.2831364,3414862291.87442,24638160.70582342,29766132.090187073,2740583.0,2740583.0,0.49099599447850517,0.49099599447850517,0.7509582963258641,0.7509582963258641,0.2930482299714706,0.0,24972160.0,12306954.0,12306954.0,1025280.0,458530.0,458530.0,256320.0,125007.0,125007.0,0.49099599447850517,0.0,0.15629789497636168,0.10438820953646259,0.0,0.49282697211614857,0.4472241729088639,0.48769897003745316,22195360.0,10865698.0,10865698.0,10865698.0,0.0,4952875.760505676,5468160.0,9663249.003242452,857700868.7998047,4952875.760505676,5047029.605003357,1968293.0,1968293.0,0.4895481758349493,0.4895481758349493,0.9057664297507162,0.9057664297507162,0.10614356262995267,0.0,21981760.0,10821247.0,10821247.0,170880.0,44139.0,44139.0,42720.0,312.0,312.0,0.4895481758349493,0.0,0.017218560630574208,0.08868038184557493,0.0,0.4922830110054882,0.2583040730337079,0.007303370786516854,4058400.0,2024793.0,2024793.0,2024793.0,0.0,19685284.945317745,27340800.0,283595785.27989393,2557161423.0746155,19685284.945317745,24719102.485183716,772290.0,772290.0,0.4989141040804258,0.4989141040804258,0.7199966696408937,0.7199966696408937,0.33302038153707275,0.0,2990400.0,1485707.0,1485707.0,854400.0,414391.0,414391.0,213600.0,124695.0,124695.0,0.4989141040804258,0.0,0.18411376184551917,0.19029420461265523,0.0,0.49682550829320493,0.48500819288389513,0.5837780898876405,"[0.7398694213100822, 0.7417242719611624, 0.7577151080023463]","[0.2826021706836083, 0.3037464969252939, 0.3160614141252658]","[0.44866337807213347, 0.48191845227564, 0.5094062262034149]","[0.8946731688400671, 0.9004453142732383, 0.910609503954487]","[0.10220825693643287, 0.11209789237174395, 0.11301448278772822]","[0.44004805446818, 0.478542142217685, 0.5114498268756515]","[0.7079283828250826, 0.7104936912255724, 0.7277056156094607]","[0.32210271967478715, 0.3441204610436254, 0.3563765630935452]","[0.49484095129456707, 0.4977417462291399, 0.500905441759223]",0.0,0.0,0.0,1
longbench_v2,Multi-Document QA,blasst_aggressive_s50,13,0.46153846153846156,0.38461538461538464,0.07692307692307693,"(0.0, 0.23076923076923078)",402,8277,0.048568321855744834,0.0,1.2,0,0,73320320.0,34798072.0,34798072.0,34798072.0,0.0,75733759.91850609,100270080.0,1182116884.5859382,10056074025.952087,75733759.91850609,90492261.79816246,6138434.0,6138434.0,0.4746033841641717,0.4746033841641717,0.75529769118072,0.75529769118072,0.3428593357773936,0.0,69409280.0,33222827.0,33222827.0,3133440.0,1217498.0,1217498.0,777600.0,357747.0,357747.0,0.4746033841641717,0.0,0.14718749481057933,0.08372077481385788,0.0,0.4786510823912883,0.38854996425653593,0.4600655864197531,60917120.0,28810618.0,28810618.0,28810618.0,0.0,15130778.300647736,16711680.0,52095008.19490768,2588592358.300293,15130778.300647736,15356160.972213745,3866765.0,3866765.0,0.4729478018658794,0.4729478018658794,0.9054013899648471,0.9054013899648471,0.14186204724200133,0.0,60270080.0,28727052.0,28727052.0,522240.0,80044.0,80044.0,124800.0,3522.0,3522.0,0.4729478018658794,0.0,0.013486535857915514,0.06347583405124865,0.0,0.4766386903750584,0.1532705269607843,0.028221153846153847,12403200.0,5987454.0,5987454.0,5987454.0,0.0,60602981.61785835,83558400.0,1130021876.3910306,7467481667.651794,60602981.61785835,75136100.82594872,2271669.0,2271669.0,0.482734616873065,0.482734616873065,0.7252769514238946,0.7252769514238946,0.38900603863943706,0.0,9139200.0,4495775.0,4495775.0,2611200.0,1137454.0,1137454.0,652800.0,354225.0,354225.0,0.482734616873065,0.0,0.1739276866011121,0.18315184791021671,0.0,0.49192215948879553,0.4356058517156863,0.5426240808823529,"[0.7411768544275675, 0.7562010498526335, 0.7816804544505949]","[0.3131999208215161, 0.338908730939323, 0.3604498561374374]","[0.4240870516122716, 0.4782910539215686, 0.5157494971731313]","[0.8927944028330643, 0.9057256329075798, 0.9167513216944215]","[0.13061388034953747, 0.14267279547043524, 0.15273009435705273]","[0.4145294035964075, 0.47859695357833654, 0.525135049119434]","[0.7077499283447338, 0.7260556542134792, 0.7551773530519935]","[0.35236831185887263, 0.38505972165316343, 0.4077335081237795]","[0.4649998313090418, 0.48326023391812867, 0.49691745476973687]",0.46153846153846156,0.38461538461538464,6.0,1
longbench_v2,Multi-Document QA,blasst_original_s50,13,0.5384615384615384,0.38461538461538464,0.15384615384615385,"(0.0, 0.38461538461538464)",552,8296,0.0665380906460945,0.0,1.4,0,0,60028000.0,26552420.0,26552420.0,26552420.0,0.0,76902907.67964458,81960960.0,145390667.18314752,8484704127.384216,76902907.67964458,79640882.64242935,4224067.0,4224067.0,0.4423339108416072,0.4423339108416072,0.9382870537344192,0.9382870537344192,0.1309030945782876,0.0,56831360.0,25906225.0,25906225.0,2561280.0,546249.0,546249.0,635360.0,99946.0,99946.0,0.4423339108416072,0.0,0.03340584301092578,0.07036827813686947,0.0,0.45584383340465545,0.21327187968515743,0.15730609418282548,49889600.0,24207193.0,24207193.0,24207193.0,0.0,12369463.02060318,13660160.0,45053251.77996622,2211744325.0512695,12369463.02060318,12554566.063079834,3160967.0,3160967.0,0.4852152151951509,0.4852152151951509,0.9055137729428631,0.9055137729428631,0.14272354041215557,0.0,49360960.0,24135068.0,24135068.0,426880.0,68889.0,68889.0,101760.0,3236.0,3236.0,0.4852152151951509,0.0,0.013550576455667727,0.06335923719572817,0.0,0.48895053904948366,0.1613779047976012,0.031800314465408805,10138400.0,2345227.0,2345227.0,2345227.0,0.0,64533444.659041405,68300800.0,100337415.4031813,6272959802.332947,64533444.659041405,67086316.57934952,1063100.0,1063100.0,0.2313212143928036,0.2313212143928036,0.9448417098927304,0.9448417098927304,0.12647223768411836,0.0,7470400.0,1771157.0,1771157.0,2134400.0,477360.0,477360.0,533600.0,96710.0,96710.0,0.2313212143928036,0.0,0.03737689632197739,0.10485875483310976,0.0,0.23708998179481688,0.22365067466266866,0.18124062968515742,"[0.9345242593426986, 0.9399390031508501, 0.9451026039937906]","[0.11124050304573116, 0.1253526682285365, 0.14056281105670904]","[0.3962149941357237, 0.44040775240384616, 0.47930323827519167]","[0.8960601310933858, 0.905685247387737, 0.9183170406349624]","[0.13480711960956565, 0.13854116154576618, 0.15358719790236733]","[0.42570236170579406, 0.4822040409789414, 0.5365956164103786]","[0.9416252120756186, 0.9488328929563924, 0.9526382938261905]","[0.10257021820916301, 0.11635112135506573, 0.13705085171760392]","[0.21319912603199173, 0.22649193548387098, 0.24788432476850925]",0.5384615384615384,0.38461538461538464,7.0,0
longbench_v2,Multi-Document QA,cancel_guard_gaussian_r32_s50,13,0.23076923076923078,0.38461538461538464,-0.15384615384615385,"(-0.38461538461538464, 0.0)",503,8663,0.058063026665127554,0.0,0.6,0,0,102635360.0,47026934.0,0.0,47026934.0,0.0,101289384.46779402,140206080.0,1102559901.66044,14211357705.597565,101289384.46779402,128048496.46564865,12923717.0,12923717.0,0.4581942714479688,0.4581942714479688,0.7224321831677629,0.7224321831677629,0.27853726792871586,0.0,97168640.0,44989637.0,44989637.0,4381440.0,1573615.0,1573615.0,1085280.0,463682.0,463682.0,0.0,0.0,0.19085557486419016,0.1259187574340851,0.0,0.4630057290088654,0.35915475277534326,0.42724642488574377,85292160.0,38385726.0,0.0,38385726.0,0.0,21555401.63285446,23367680.0,25196568.88069128,3770870047.184082,21555401.63285446,22044646.355514526,9417725.0,9417725.0,0.45004987562749027,0.45004987562749027,0.9224450879528675,0.9224450879528675,0.08174287712897356,0.0,84389440.0,38313744.0,38313744.0,730240.0,71696.0,71696.0,172480.0,286.0,286.0,0.0,0.0,0.02093681198390532,0.11041724116261097,0.0,0.4540111179787424,0.09818141980718668,0.0016581632653061224,17343200.0,8641208.0,0.0,8641208.0,0.0,79733982.83493955,116838400.0,1077363332.7797487,10440487658.413483,79733982.83493955,106003850.11013412,3505992.0,3505992.0,0.4982476128972739,0.4982476128972739,0.682429602210742,0.682429602210742,0.32123340645733495,0.0,12779200.0,6675893.0,6675893.0,3651200.0,1501919.0,1501919.0,912800.0,463396.0,463396.0,0.0,0.0,0.22483932744024712,0.2021536971262512,0.0,0.5224030455740578,0.41134941936897457,0.5076643295354952,"[0.7062296865360798, 0.7279840755476752, 0.7385717232248726]","[0.26344025749475114, 0.2792114356089513, 0.2993199923764307]","[0.41618066876617726, 0.4746820165520984, 0.5184443812760963]","[0.8983366063359188, 0.9131292662756774, 0.9342186097057987]","[0.07644917381169233, 0.08902147920487377, 0.09985341854772008]","[0.4031430384342218, 0.4736458579681746, 0.521338187547683]","[0.6654059931861982, 0.6881077779435055, 0.703951400309332]","[0.30677285744643545, 0.3213233590865149, 0.3448938157859244]","[0.4848186145718564, 0.4955586883876358, 0.5080317706029781]",0.23076923076923078,0.38461538461538464,3.0,1
longbench_v2,Multi-Document QA,dense,13,0.38461538461538464,0.38461538461538464,0.0,"(0.0, 0.0)",8026,8026,1.0,1.0,1.0,0,0,63011520.0,0.0,0.0,0.0,0.0,88965120.0,88965120.0,0.0,9290967674.917328,88965120.0,88965120.0,0.0,0.0,0.0,0.0,1.0,1.0,0.0,0.0,59539360.0,0.0,0.0,2780160.0,0.0,0.0,692000.0,0.0,0.0,0.0,0.0,0.0,0.0,0.0,0.0,0.0,0.0,52006720.0,0.0,0.0,0.0,0.0,14827520.0,14827520.0,0.0,2492937786.38916,14827520.0,14827520.0,0.0,0.0,0.0,0.0,1.0,1.0,0.0,0.0,51430560.0,0.0,0.0,463360.0,0.0,0.0,112800.0,0.0,0.0,0.0,0.0,0.0,0.0,0.0,0.0,0.0,0.0,11004800.0,0.0,0.0,0.0,0.0,74137600.0,74137600.0,0.0,6798029888.528168,74137600.0,74137600.0,0.0,0.0,0.0,0.0,1.0,1.0,0.0,0.0,8108800.0,0.0,0.0,2316800.0,0.0,0.0,579200.0,0.0,0.0,0.0,0.0,0.0,0.0,0.0,0.0,0.0,0.0,"[1.0, 1.0, 1.0]","[0.0, 0.0, 0.0]","[0.0, 0.0, 0.0]","[1.0, 1.0, 1.0]","[0.0, 0.0, 0.0]","[0.0, 0.0, 0.0]","[1.0, 1.0, 1.0]","[0.0, 0.0, 0.0]","[0.0, 0.0, 0.0]",0.38461538461538464,0.38461538461538464,5.0,0
longbench_v2,Multi-Document QA,full_centered_s50,13,0.46153846153846156,0.38461538461538464,0.07692307692307693,"(-0.23076923076923078, 0.38461538461538464)",544,8644,0.06293382693197594,0.0,1.2,0,0,101080800.0,49704647.0,0.0,49704647.0,0.0,100945178.12038976,140820480.0,1127967338.906227,14253874260.062378,100945178.12038976,127937625.21856117,12897357.0,12897357.0,0.49173183235589746,0.49173183235589746,0.716835918471445,0.716835918471445,0.2813078170273435,0.0,95590240.0,47634917.0,47634917.0,4400640.0,1604930.0,1604930.0,1089920.0,464800.0,464800.0,0.0,0.0,0.1916798401636709,0.12759452833772586,0.0,0.4983240653020643,0.3647037703606748,0.42645331767469175,83661600.0,40895592.0,0.0,40895592.0,0.0,21439456.638130188,23470080.0,32266853.238140948,3769126419.737793,21439456.638130188,21962132.424369812,9397385.0,9397385.0,0.4888215381967354,0.4888215381967354,0.9134803391437177,0.9134803391437177,0.09252475733049884,0.0,82755040.0,40820202.0,40820202.0,733440.0,74973.0,74973.0,173120.0,417.0,417.0,0.0,0.0,0.022269876636109635,0.11232614485020607,0.0,0.49326544945177964,0.10222104057591623,0.0024087338262476893,17419200.0,8809055.0,0.0,8809055.0,0.0,79505721.48225957,117350400.0,1095700485.668086,10484747840.324585,79505721.48225957,105975492.79419136,3499972.0,3499972.0,0.5057095044548544,0.5057095044548544,0.6775070343369906,0.6775070343369906,0.32327113798235163,0.0,12835200.0,6814715.0,6814715.0,3667200.0,1529957.0,1529957.0,916800.0,464383.0,464383.0,0.0,0.0,0.22556183286918313,0.20092610452833654,0.0,0.5309395256793817,0.41720031631762655,0.506525959860384,"[0.7051281298774505, 0.7182597531974113, 0.7332618877994874]","[0.2693319554016842, 0.2750379258427155, 0.30138081197999184]","[0.4441642385252335, 0.5089588188423181, 0.5407114758387533]","[0.8832066900053736, 0.9002984587142342, 0.9253532486887808]","[0.08479969229213422, 0.10454745259492297, 0.1170971054989216]","[0.4343806592647621, 0.5108759603105426, 0.5476470491745106]","[0.6597764717100777, 0.6801362345863674, 0.6997150296581426]","[0.3071577626805901, 0.3208613874986147, 0.34421829205174054]","[0.4939498695303091, 0.5033243823845328, 0.5136659651697107]",0.46153846153846156,0.38461538461538464,6.0,1
longbench_v2,Multi-Document QA,jl_gaussian_r32_s50,13,0.3076923076923077,0.38461538461538464,-0.07692307692307693,"(-0.3076923076923077, 0.15384615384615385)",540,8778,0.06151742993848257,0.0,0.8,0,0,105620000.0,49080309.0,0.0,49080309.0,0.0,103497898.80652209,144384000.0,1156322634.1863782,14468253347.995026,103497898.80652209,131351735.18685532,13272460.0,13272460.0,0.46468764438553306,0.46468764438553306,0.716823878037193,0.716823878037193,0.28270367941188224,0.0,99990720.0,46912791.0,46912791.0,4512000.0,1661908.0,1661908.0,1117280.0,505610.0,505610.0,0.0,0.0,0.19291497936290192,0.12566237455027457,0.0,0.4691714491104775,0.36833067375886525,0.4525365172561936,87760000.0,40055415.0,0.0,40055415.0,0.0,22178788.01057434,24064000.0,27323615.42592871,3845886191.770996,22178788.01057434,22686756.1098938,9660090.0,9660090.0,0.45641995214220604,0.45641995214220604,0.9216584113436811,0.9216584113436811,0.08428899348813204,0.0,86830720.0,39980171.0,39980171.0,752000.0,74961.0,74961.0,177280.0,283.0,283.0,0.0,0.0,0.021109046680496093,0.1100739516864175,0.0,0.4604380914957287,0.09968218085106383,0.0015963447653429602,17860000.0,9024894.0,0.0,9024894.0,0.0,81319110.79594775,120320000.0,1128999018.7604494,10622367156.22403,81319110.79594775,108664979.07696152,3612370.0,3612370.0,0.5053132138857783,0.5053132138857783,0.6758569713758955,0.6758569713758955,0.326013908146626,0.0,13160000.0,6932620.0,6932620.0,3760000.0,1586947.0,1586947.0,940000.0,505327.0,505327.0,0.0,0.0,0.22727616589938307,0.20226035834266518,0.0,0.5267948328267478,0.42206037234042554,0.5375819148936171,"[0.7052075584340837, 0.7162341495982066, 0.7363681307990857]","[0.2662033513035743, 0.28229306430465106, 0.3050691074188873]","[0.40861323992087656, 0.48292482599210473, 0.5150243154883813]","[0.8962100811306464, 0.9103087458364814, 0.9363060621869619]","[0.07492180237080898, 0.0924065994041578, 0.10358061964679102]","[0.3921986780550618, 0.4801016620243313, 0.5167436459133454]","[0.6637247555318537, 0.6732857025162539, 0.6939236920318714]","[0.30577575906175525, 0.32681034505257706, 0.3506071647817085]","[0.49647131316132276, 0.5057483552631579, 0.5144584292493843]",0.3076923076923077,0.38461538461538464,4.0,1
longbench_v2,Multi-Document QA,jl_sign_r32_s50,13,0.3076923076923077,0.38461538461538464,-0.07692307692307693,"(-0.23076923076923078, 0.0)",447,8928,0.050067204301075266,0.0,0.8,0,0,94541760.0,43239990.0,0.0,43239990.0,0.0,91953641.98029277,127057920.0,973210738.0630454,12773357916.990784,91953641.98029277,115667637.10565567,11953198.0,11953198.0,0.45736392045166074,0.45736392045166074,0.7237143657026085,0.7237143657026085,0.27602658051093976,0.0,89587360.0,41364257.0,41364257.0,3970560.0,1448460.0,1448460.0,983840.0,427273.0,427273.0,0.0,0.0,0.1866392518102209,0.12643299638170477,0.0,0.46171978948815995,0.36479992746615086,0.43429114490161,78824960.0,35335718.0,0.0,35335718.0,0.0,19494357.85186386,21176320.0,24039203.77678288,3352574419.26709,19494357.85186386,19948802.109169006,8781844.0,8781844.0,0.4482808237390796,0.4482808237390796,0.9205734448602902,0.9205734448602902,0.08467804563919118,0.0,78006560.0,35263056.0,35263056.0,661760.0,72389.0,72389.0,156640.0,273.0,273.0,0.0,0.0,0.02146002031066518,0.11140943173329869,0.0,0.4520524427689158,0.1093886000967118,0.0017428498467824312,15716800.0,7904272.0,0.0,7904272.0,0.0,72459284.1284289,105881600.0,949171534.2862625,9420783497.723694,72459284.1284289,95718834.99648666,3171354.0,3171354.0,0.5029186602870813,0.5029186602870813,0.6843425498710721,0.6843425498710721,0.3174160193855604,0.0,11580800.0,6101201.0,6101201.0,3308800.0,1376071.0,1376071.0,827200.0,427000.0,427000.0,0.0,0.0,0.21967509811013206,0.20178115137941566,0.0,0.5268376105277701,0.4158821929400387,0.5161992263056093,"[0.7087533626172772, 0.7206033227379757, 0.7438545175435778]","[0.26030334146765705, 0.2770817334761743, 0.2997349168167643]","[0.4138194001354162, 0.4608308315738541, 0.5173664364277676]","[0.8977277718578597, 0.9118654461087365, 0.9349875851365901]","[0.07584967019650504, 0.09344657598223496, 0.1005252292005081]","[0.39892283696385666, 0.45405473579347105, 0.5191072360840919]","[0.6687454211962391, 0.686156293343414, 0.6990870443038925]","[0.2971028648046875, 0.32273114113995205, 0.34340762545351317]","[0.4927098000135126, 0.5038421052631579, 0.5127507643377449]",0.3076923076923077,0.38461538461538464,4.0,1
longbench_v2,Multi-Document QA,mass_s50,13,0.46153846153846156,0.38461538461538464,0.07692307692307693,"(-0.15384615384615385, 0.3076923076923077)",353,8893,0.03969414145957495,0.0,1.2,0,0,97633440.0,46744483.0,46744483.0,46744483.0,0.0,100759327.98136187,135905280.0,1416952930.8946564,14359371779.42221,100759327.98136187,123009245.54862022,10716616.0,10716616.0,0.4787753355817433,0.4787753355817433,0.7413937705831728,0.7413937705831728,0.3141304177993305,0.0,92330400.0,44272393.0,44272393.0,4247040.0,1958460.0,1958460.0,1056000.0,513630.0,513630.0,0.4787753355817433,0.0,0.16371635868200526,0.10976378585042174,0.0,0.4794996339233882,0.46113528481012656,0.48639204545454545,80822240.0,38205069.0,38205069.0,38205069.0,0.0,20854967.043880463,22650880.0,29317207.39093389,3646990822.508789,20854967.043880463,21217706.267528534,7481889.0,7481889.0,0.4727049015221553,0.4727049015221553,0.9207133252165242,0.9207133252165242,0.08965901521406314,0.0,79943200.0,38049826.0,38049826.0,707840.0,153580.0,153580.0,171200.0,1663.0,1663.0,0.4727049015221553,0.0,0.01601435457024501,0.09257215588184638,0.0,0.4759607571375677,0.21696993670886075,0.009713785046728972,16811200.0,8539414.0,8539414.0,8539414.0,0.0,79904360.9374814,113254400.0,1387635723.5037227,10712380956.913422,79904360.9374814,101791539.28109169,3234727.0,3234727.0,0.5079598125059485,0.5079598125059485,0.7055298596565026,0.7055298596565026,0.35991067786382985,0.0,12387200.0,6222567.0,6222567.0,3539200.0,1804880.0,1804880.0,884800.0,511967.0,511967.0,0.5079598125059485,0.0,0.19325675950435733,0.19241499714476062,0.0,0.5023384622836476,0.5099683544303798,0.578624547920434,"[0.7248124609409805, 0.7474150947262422, 0.7619272718302023]","[0.2923429207109764, 0.31428259148934273, 0.32662036619646595]","[0.43918893428177824, 0.4929002328807849, 0.5146719773547509]","[0.8905026582278537, 0.9101769702168317, 0.9305497489368507]","[0.08335809768612913, 0.1013865778139133, 0.11185084781169866]","[0.4286298846788935, 0.49168720368023283, 0.5161258222674054]","[0.6888816777179525, 0.7134059699695384, 0.7345503405453068]","[0.3346991033864844, 0.3585513845562547, 0.3736887298196474]","[0.488937134502924, 0.5015645057766367, 0.5153114732040872]",0.46153846153846156,0.38461538461538464,6.0,0
longbench_v2,Single-Document QA,blasst_aggressive_s50,17,0.5882352941176471,0.47058823529411764,0.11764705882352941,"(-0.11764705882352941, 0.35294117647058826)",623,10337,0.06026893682886718,0.0,1.25,0,0,101991520.0,43196408.0,43196408.0,43196408.0,0.0,104225300.13101655,137256960.0,1522599017.0946252,13573134567.421082,104225300.13101655,124035565.45745277,8226369.0,8226369.0,0.42352940715071213,0.42352940715071213,0.759344372270933,0.759344372270933,0.3349289555497364,0.0,96629920.0,41047226.0,41047226.0,4289280.0,1663280.0,1663280.0,1072320.0,485902.0,485902.0,0.42352940715071213,0.0,0.14432976897081373,0.08065738210392394,0.0,0.4247879538759837,0.3877760370038794,0.45313152790211875,85013120.0,35051895.0,35051895.0,35051895.0,0.0,20730551.263990402,22876160.0,73447751.60620324,3415917945.584961,20730551.263990402,21020332.425762177,5127948.0,5127948.0,0.4123115937869355,0.4123115937869355,0.9062076530322573,0.9062076530322573,0.14663428905732925,0.0,84119520.0,34938284.0,34938284.0,714880.0,109545.0,109545.0,178720.0,4066.0,4066.0,0.4123115937869355,0.0,0.012667386561895628,0.06031948950938396,0.0,0.41534098149870563,0.15323550805729633,0.02275067144136079,16978400.0,8144513.0,8144513.0,8144513.0,0.0,83494748.86702615,114380800.0,1449151265.488422,10157216621.83612,83494748.86702615,103015233.0316906,3098421.0,3098421.0,0.4796984992696603,0.4796984992696603,0.7299717161186681,0.7299717161186681,0.3777195841327657,0.0,12510400.0,6108942.0,6108942.0,3574400.0,1553735.0,1553735.0,893600.0,481836.0,481836.0,0.4796984992696603,0.0,0.17066224545259737,0.18249193092399754,0.0,0.48830908683974933,0.43468414279319606,0.5392076991942704,"[0.7448589935398647, 0.7630756262337454, 0.7786725163553156]","[0.3162044141004352, 0.3279074887590644, 0.35698075236379007]","[0.3708573624395674, 0.46631100227391986, 0.5334442742785063]","[0.8798344337246898, 0.8970748067623184, 0.9229848598572727]","[0.13708177829364387, 0.14525632431903887, 0.16744929637572065]","[0.3492611335204892, 0.4665897308946878, 0.5508839754244945]","[0.7129491978292369, 0.7362757901280307, 0.7563781789542918]","[0.3570748736104028, 0.368640133698234, 0.39968783660134166]","[0.4609645931219647, 0.48111399291497975, 0.49196102731331137]",0.5882352941176471,0.47058823529411764,10.0,1
longbench_v2,Single-Document QA,blasst_original_s50,17,0.5882352941176471,0.47058823529411764,0.11764705882352941,"(0.0, 0.29411764705882354)",835,10327,0.0808560085213518,0.0,1.25,0,0,73141600.0,28965709.0,28965709.0,28965709.0,0.0,92074601.36607265,97935360.0,157729566.31505838,9993024113.241302,92074601.36607265,95226553.98685455,4977432.0,4977432.0,0.39602235936867664,0.39602235936867664,0.9401568684290603,0.9401568684290603,0.12563426024929814,0.0,69316000.0,28215101.0,28215101.0,3060480.0,638609.0,638609.0,765120.0,111999.0,111999.0,0.39602235936867664,0.0,0.03218401015508493,0.06805199776871165,0.0,0.4070503346990594,0.20866302017984106,0.1463809598494354,61027200.0,26188045.0,26188045.0,26188045.0,0.0,14797154.645412445,16322560.0,54651456.357784934,2559673613.444336,14797154.645412445,15003060.3399086,3727011.0,3727011.0,0.42912086741649624,0.42912086741649624,0.9065461940659091,0.9065461940659091,0.14611963342894227,0.0,60389600.0,26105980.0,26105980.0,510080.0,78674.0,78674.0,127520.0,3391.0,3391.0,0.42912086741649624,0.0,0.012614791705232192,0.061071309186723294,0.0,0.4322926464159392,0.15423855081555835,0.026591907151819322,12114400.0,2777664.0,2777664.0,2777664.0,0.0,77277446.72066021,81612800.0,103078109.95727345,7433350499.796967,77277446.72066021,80223493.64694595,1250421.0,1250421.0,0.22928613881001123,0.22928613881001123,0.9468790033016905,0.9468790033016905,0.11775813468247616,0.0,8926400.0,2109121.0,2109121.0,2550400.0,559935.0,559935.0,637600.0,108608.0,108608.0,0.22928613881001123,0.0,0.036097853845055476,0.10321774087036915,0.0,0.23627901505646173,0.2195479140526976,0.1703387703889586,"[0.9353713576202829, 0.9410470935123443, 0.9438060621663016]","[0.11351890321969063, 0.1252829278023002, 0.13401407418342642]","[0.3490857027371694, 0.43163167450900164, 0.49145930987121744]","[0.88356367019289, 0.904172928591675, 0.9191892581284046]","[0.13810683863324694, 0.1439610351433198, 0.16088967696637635]","[0.37045296640705894, 0.4859043752819125, 0.5570601900314485]","[0.9432941706941508, 0.9489597356818136, 0.9530349297309344]","[0.09946912619387381, 0.11385039585332657, 0.12839895923872763]","[0.21612599681020733, 0.22763008373205743, 0.25152637702967523]",0.5882352941176471,0.47058823529411764,10.0,0
longbench_v2,Single-Document QA,cancel_guard_gaussian_r32_s50,17,0.4117647058823529,0.47058823529411764,-0.058823529411764705,"(-0.23529411764705882, 0.11764705882352941)",531,15288,0.0347331240188383,0.0,0.875,1,0,195436160.0,91758106.0,0.0,91758106.0,0.0,178656139.59180972,252026880.0,1943782843.4239035,28697493732.983,178656139.59180972,229021034.5412674,26148117.0,26148117.0,0.46950424118034245,0.46950424118034245,0.7088773213071944,0.7088773213071944,0.2602566812419269,0.0,185591360.0,87853092.0,87853092.0,7875840.0,3052217.0,3052217.0,1968960.0,852797.0,852797.0,0.0,0.0,0.199839378043555,0.1337936490360842,0.0,0.4733684369789628,0.3875417733219568,0.43312053063546235,164260960.0,75252891.0,0.0,75252891.0,0.0,37714621.83613205,42004480.0,65831135.3646553,6883624398.811768,37714621.83613205,38993140.748249054,20174659.0,20174659.0,0.45813010589978287,0.45813010589978287,0.8978714136237861,0.8978714136237861,0.09779284706023643,0.0,162620160.0,75085734.0,75085734.0,1312640.0,166201.0,166201.0,328160.0,956.0,956.0,0.0,0.0,0.030437679793131694,0.12282077859523041,0.0,0.46172463487921794,0.1266158276450512,0.0029132130667966845,31175200.0,16505215.0,0.0,16505215.0,0.0,140941517.75567767,210022400.0,1877951708.0592482,21813869334.171234,140941517.75567767,190027893.79301834,5973458.0,5973458.0,0.5294341335420463,0.5294341335420463,0.671078502843876,0.671078502843876,0.2934106384299401,0.0,22971200.0,12767358.0,12767358.0,6563200.0,2886016.0,2886016.0,1640800.0,851841.0,851841.0,0.0,0.0,0.2337197176936397,0.1916092920013344,0.0,0.5557984780943094,0.4397269624573379,0.5191619941491955,"[0.7159926540240323, 0.7299397945883167, 0.7509454577326923]","[0.2475923201239444, 0.27109280383064793, 0.2833441497098347]","[0.3540236721352764, 0.43568732325612713, 0.5316263562410561]","[0.8827624324608794, 0.9115896584899273, 0.956771366662745]","[0.045560827082107555, 0.09082308666551726, 0.11269310579757758]","[0.30736191742666386, 0.41764622053002926, 0.5401016881349143]","[0.6737810168446753, 0.6980232728251912, 0.7163933214498643]","[0.2824672922975127, 0.30963253385595124, 0.32548363061141933]","[0.47693739878542507, 0.4911471460340993, 0.5076994906621392]",0.4117647058823529,0.47058823529411764,7.0,3
longbench_v2,Single-Document QA,dense,17,0.47058823529411764,0.47058823529411764,0.0,"(0.0, 0.0)",10006,10006,1.0,1.0,1.0,0,0,89236800.0,0.0,0.0,0.0,0.0,118702080.0,118702080.0,0.0,12591302883.277588,118702080.0,118702080.0,0.0,0.0,0.0,0.0,1.0,1.0,0.0,0.0,84600000.0,0.0,0.0,3709440.0,0.0,0.0,927360.0,0.0,0.0,0.0,0.0,0.0,0.0,0.0,0.0,0.0,0.0,74553600.0,0.0,0.0,0.0,0.0,19783680.0,19783680.0,0.0,3273196963.7041016,19783680.0,19783680.0,0.0,0.0,0.0,0.0,1.0,1.0,0.0,0.0,73780800.0,0.0,0.0,618240.0,0.0,0.0,154560.0,0.0,0.0,0.0,0.0,0.0,0.0,0.0,0.0,0.0,0.0,14683200.0,0.0,0.0,0.0,0.0,98918400.0,98918400.0,0.0,9318105919.573486,98918400.0,98918400.0,0.0,0.0,0.0,0.0,1.0,1.0,0.0,0.0,10819200.0,0.0,0.0,3091200.0,0.0,0.0,772800.0,0.0,0.0,0.0,0.0,0.0,0.0,0.0,0.0,0.0,0.0,"[1.0, 1.0, 1.0]","[0.0, 0.0, 0.0]","[0.0, 0.0, 0.0]","[1.0, 1.0, 1.0]","[0.0, 0.0, 0.0]","[0.0, 0.0, 0.0]","[1.0, 1.0, 1.0]","[0.0, 0.0, 0.0]","[0.0, 0.0, 0.0]",0.47058823529411764,0.47058823529411764,8.0,1
longbench_v2,Single-Document QA,full_centered_s50,17,0.5294117647058824,0.47058823529411764,0.058823529411764705,"(0.0, 0.17647058823529413)",567,11029,0.051409919303654,0.0,1.125,0,0,109884160.0,49827525.0,0.0,49827525.0,0.0,111089904.73887485,152862720.0,1145212219.2776875,15084120817.123016,111089904.73887485,139611895.5919037,14394911.0,14394911.0,0.45345502936911014,0.45345502936911014,0.7267298706896936,0.7267298706896936,0.2755389413671216,0.0,103912960.0,47592980.0,47592980.0,4776960.0,1719980.0,1719980.0,1194240.0,514565.0,514565.0,0.0,0.0,0.1865856557637391,0.1310007830063951,0.0,0.45800812526175755,0.3600574423901393,0.43087235396570206,90975360.0,40478892.0,0.0,40478892.0,0.0,23064539.168418884,25477120.0,36221661.92959372,3938170188.7321777,23064539.168418884,23728401.559066772,10591615.0,10591615.0,0.4449434660110166,0.4449434660110166,0.905304020565075,0.905304020565075,0.09590404968273022,0.0,89980160.0,40394325.0,40394325.0,796160.0,84237.0,84237.0,199040.0,330.0,330.0,0.0,0.0,0.026057199190798967,0.116422897364737,0.0,0.44892479631065335,0.1058041097266881,0.001657958199356913,18908800.0,9348633.0,0.0,9348633.0,0.0,88025365.57045597,127385600.0,1108990557.348094,11145950628.390839,88025365.57045597,115883494.03283691,3803296.0,3803296.0,0.4944064668302589,0.4944064668302589,0.6910150407146174,0.6910150407146174,0.3154317218576705,0.0,13932800.0,7198655.0,7198655.0,3980800.0,1635743.0,1635743.0,995200.0,514235.0,514235.0,0.0,0.0,0.2186913470783271,0.20113894059908613,0.0,0.5166696572117593,0.4109081089228296,0.516715233118971,"[0.7141526083908225, 0.7264560531507012, 0.7414179049895292]","[0.2617446951687971, 0.2750279273454956, 0.29258620573022925]","[0.37633315108881654, 0.470460599677859, 0.5552607184089307]","[0.8660415729433848, 0.8920868221943805, 0.9472580103654532]","[0.053625733613024154, 0.10254047478242587, 0.12591988711533394]","[0.34432002470183387, 0.46239704601251286, 0.566197150634194]","[0.6776827018293556, 0.6888344847151815, 0.7084272372313332]","[0.29719482458841034, 0.31312621897797493, 0.3375546773671584]","[0.4845415720351535, 0.4942327786377709, 0.5067803990930657]",0.5294117647058824,0.47058823529411764,9.0,0
longbench_v2,Single-Document QA,jl_gaussian_r32_s50,17,0.6470588235294118,0.47058823529411764,0.17647058823529413,"(0.0, 0.35294117647058826)",613,11238,0.05454707243281723,0.0,1.375,0,0,131623840.0,56727399.0,0.0,56727399.0,0.0,127951109.23599699,177561600.0,1382526360.8010166,17623263062.173767,127951109.23599699,161830704.65854836,16889747.0,16889747.0,0.430981188514178,0.430981188514178,0.7206012405610053,0.7206012405610053,0.28008738471647543,0.0,124687840.0,54079066.0,54079066.0,5548800.0,2022374.0,2022374.0,1387200.0,625959.0,625959.0,0.0,0.0,0.19080474281911947,0.12831829705013925,0.0,0.43371563738693364,0.36447051614763554,0.45123918685121106,109659840.0,45687558.0,0.0,45687558.0,0.0,27057816.158039093,29593600.0,35400677.872234866,4603581471.619629,27057816.158039093,27775769.740455627,12463983.0,12463983.0,0.41662980722933757,0.41662980722933757,0.9143131000634966,0.9143131000634966,0.0876915754063934,0.0,108503840.0,45592450.0,45592450.0,924800.0,94756.0,94756.0,231200.0,352.0,352.0,0.0,0.0,0.024260434094416847,0.11366041570004115,0.0,0.4201920411296043,0.10246107266435986,0.0015224913494809689,21964000.0,11039841.0,0.0,11039841.0,0.0,100893293.0779579,147968000.0,1347125682.9287817,13019681590.554138,100893293.0779579,134054934.91809273,4425764.0,4425764.0,0.5026334456383172,0.5026334456383172,0.681858868660507,0.681858868660507,0.32166505036637333,0.0,16184000.0,8486616.0,8486616.0,4624000.0,1927618.0,1927618.0,1156000.0,625607.0,625607.0,0.0,0.0,0.22411360456406,0.2015008195228556,0.0,0.5243830944142363,0.41687240484429067,0.5411825259515571,"[0.7030465029356031, 0.7231846847263629, 0.7514208534029156]","[0.2624754168672099, 0.2834765713654523, 0.29343141977716003]","[0.3543786611358788, 0.4341589106775499, 0.5351147605092]","[0.881607341506966, 0.908255575653019, 0.9561194719175096]","[0.04624548593543048, 0.08937912340338353, 0.10893534151848985]","[0.3089009166368088, 0.4137410952804987, 0.5413233215414761]","[0.6595252418009531, 0.6880613046127546, 0.7089156346429185]","[0.3017794978176911, 0.32156906627730525, 0.33996387098554753]","[0.48826467611336033, 0.5023778195488722, 0.5110191695485338]",0.6470588235294118,0.47058823529411764,11.0,0
longbench_v2,Single-Document QA,jl_sign_r32_s50,17,0.47058823529411764,0.47058823529411764,0.0,"(0.0, 0.0)",784,11176,0.07015032211882606,0.0,1.0,0,0,108745280.0,46456452.0,0.0,46456452.0,0.0,109917146.79022618,151142400.0,1140713165.5226803,14933246700.30194,109917146.79022618,137990967.349638,13775905.0,13775905.0,0.42720430716625124,0.42720430716625124,0.7272423012352998,0.7272423012352998,0.2763828603265478,0.0,102841280.0,44241912.0,44241912.0,4723200.0,1691637.0,1691637.0,1180800.0,522903.0,522903.0,0.0,0.0,0.18574417608435362,0.12668048673009072,0.0,0.43019604579017295,0.3581548526422764,0.442837906504065,90049280.0,37172957.0,0.0,37172957.0,0.0,23108219.007167816,25190400.0,28688793.94355157,3901627060.477539,23108219.007167816,23681174.305610657,9997852.0,9997852.0,0.41280682088740744,0.41280682088740744,0.9173422814710293,0.9173422814710293,0.08574983010161459,0.0,89065280.0,37093668.0,37093668.0,787200.0,79019.0,79019.0,196800.0,270.0,270.0,0.0,0.0,0.022744986123397825,0.11102645129422467,0.0,0.41647730743113365,0.10037982723577235,0.001371951219512195,18696000.0,9283495.0,0.0,9283495.0,0.0,86808927.78305836,125952000.0,1112024371.5791287,11031619639.824402,86808927.78305836,114309793.04402733,3778053.0,3778053.0,0.49654979674796745,0.49654979674796745,0.6892223051881539,0.6892223051881539,0.3174954553020497,0.0,13776000.0,7148244.0,7148244.0,3936000.0,1612618.0,1612618.0,984000.0,522633.0,522633.0,0.0,0.0,0.21834401407654477,0.20207814505776636,0.0,0.5188911149825784,0.4097098577235772,0.5311310975609757,"[0.7119103005584712, 0.7291238206352111, 0.747946885339881]","[0.2598618660287069, 0.2800767586822791, 0.28894111248985804]","[0.35076380121872974, 0.43488703947368423, 0.531392410006532]","[0.8796573650097618, 0.9070974440630525, 0.9594731781638904]","[0.042696071013182214, 0.09133673299311322, 0.11357082337273143]","[0.3083929930414252, 0.4241799645390071, 0.5388288084209535]","[0.6721969313159726, 0.6911563090204589, 0.7139036057283127]","[0.2952940778968967, 0.32155205128343317, 0.33405261488930477]","[0.4876372470677466, 0.4963582995951417, 0.5025861175115207]",0.47058823529411764,0.47058823529411764,8.0,0
longbench_v2,Single-Document QA,mass_s50,17,0.5294117647058824,0.47058823529411764,0.058823529411764705,"(0.0, 0.17647058823529413)",627,12230,0.05126737530662306,0.0,1.125,0,0,125469440.0,57877894.0,57877894.0,57877894.0,0.0,124172973.88509965,167854080.0,1960102176.5125666,18364761978.28586,124172973.88509965,152324186.19711876,15179101.0,15179101.0,0.46129076530508145,0.46129076530508145,0.739767385368885,0.739767385368885,0.3266981712914256,0.0,118912640.0,54779313.0,54779313.0,5245440.0,2449739.0,2449739.0,1311360.0,648842.0,648842.0,0.46129076530508145,0.0,0.16771241016017668,0.1209784709328423,0.0,0.46066854625378767,0.46702259486334796,0.49478556612981944,104706240.0,47158531.0,47158531.0,47158531.0,0.0,25245375.653110504,27975680.0,43934844.1776223,4500337045.244873,25245375.653110504,25941480.654850006,11259410.0,11259410.0,0.45038892619962284,0.45038892619962284,0.9024043616852389,0.9024043616852389,0.09880570580765356,0.0,103613440.0,46954885.0,46954885.0,874240.0,200460.0,200460.0,218560.0,3186.0,3186.0,0.45038892619962284,0.0,0.024882505152314507,0.10753332370639992,0.0,0.45317369059457924,0.22929630307467058,0.014577232796486091,20763200.0,10719363.0,10719363.0,10719363.0,0.0,98927598.23198915,139878400.0,1916167332.3349442,13864424933.040985,98927598.23198915,126382705.54226875,3919691.0,3919691.0,0.5162673865300147,0.5162673865300147,0.7072399901056142,0.7072399901056142,0.3717626759943569,0.0,15299200.0,7824428.0,7824428.0,4371200.0,2249279.0,2249279.0,1092800.0,645656.0,645656.0,0.5162673865300147,0.0,0.1962783911617491,0.18878067927872388,0.0,0.5114272641706756,0.5145678532210834,0.5908272327964861,"[0.7255929918116317, 0.7470876126848275, 0.7754120383358925]","[0.26727480928023867, 0.30904940414406146, 0.3330006668682835]","[0.369466077255389, 0.47715891874651145, 0.5373100594947127]","[0.8778739626029661, 0.8997139221980658, 0.9467840636132868]","[0.057896689134006994, 0.1043447059407204, 0.1236375834677586]","[0.32996238282728557, 0.4679825090390508, 0.5448078598650375]","[0.6936041793166157, 0.7195839820075326, 0.7468884388907145]","[0.3093715748958963, 0.35048546265032143, 0.3775946218894893]","[0.4783122493734336, 0.49573714114832534, 0.5182235051103257]",0.5294117647058824,0.47058823529411764,9.0,0
