dimension,value,active_count,tile_count
kv_head,0,0,63371
kv_head,0,1,11879
kv_head,0,2,6834
kv_head,0,3,4993
kv_head,0,4,4011
kv_head,0,5,3381
kv_head,0,6,2914
kv_head,0,7,2692
kv_head,0,8,2527
kv_head,0,9,2239
kv_head,0,10,2143
kv_head,0,11,1976
kv_head,0,12,1797
kv_head,0,13,1647
kv_head,0,14,1530
kv_head,0,15,1450
kv_head,0,16,1363
kv_head,0,17,1290
kv_head,0,18,1251
kv_head,0,19,1168
kv_head,0,20,1112
kv_head,0,21,988
kv_head,0,22,967
kv_head,0,23,931
kv_head,0,24,910
kv_head,0,25,816
kv_head,0,26,827
kv_head,0,27,782
kv_head,0,28,748
kv_head,0,29,725
kv_head,0,30,712
kv_head,0,31,680
kv_head,0,32,704
kv_head,0,33,679
kv_head,0,34,679
kv_head,0,35,587
kv_head,0,36,595
kv_head,0,37,623
kv_head,0,38,595
kv_head,0,39,620
kv_head,0,40,586
kv_head,0,41,582
kv_head,0,42,550
kv_head,0,43,519
kv_head,0,44,553
kv_head,0,45,532
kv_head,0,46,514
kv_head,0,47,543
kv_head,0,48,522
kv_head,0,49,542
kv_head,0,50,523
kv_head,0,51,556
kv_head,0,52,505
kv_head,0,53,500
kv_head,0,54,508
kv_head,0,55,498
kv_head,0,56,530
kv_head,0,57,486
kv_head,0,58,514
kv_head,0,59,525
kv_head,0,60,526
kv_head,0,61,496
kv_head,0,62,533
kv_head,0,63,638
kv_head,0,64,757
kv_head,0,65,724
kv_head,0,66,648
kv_head,0,67,562
kv_head,0,68,534
kv_head,0,69,482
kv_head,0,70,519
kv_head,0,71,494
kv_head,0,72,426
kv_head,0,73,459
kv_head,0,74,439
kv_head,0,75,431
kv_head,0,76,456
kv_head,0,77,453
kv_head,0,78,480
kv_head,0,79,408
kv_head,0,80,448
kv_head,0,81,441
kv_head,0,82,444
kv_head,0,83,444
kv_head,0,84,422
kv_head,0,85,440
kv_head,0,86,406
kv_head,0,87,416
kv_head,0,88,399
kv_head,0,89,438
kv_head,0,90,451
kv_head,0,91,425
kv_head,0,92,440
kv_head,0,93,433
kv_head,0,94,411
kv_head,0,95,454
kv_head,0,96,466
kv_head,0,97,465
kv_head,0,98,452
kv_head,0,99,474
kv_head,0,100,488
kv_head,0,101,500
kv_head,0,102,494
kv_head,0,103,479
kv_head,0,104,493
kv_head,0,105,498
kv_head,0,106,475
kv_head,0,107,522
kv_head,0,108,551
kv_head,0,109,552
kv_head,0,110,599
kv_head,0,111,594
kv_head,0,112,628
kv_head,0,113,637
kv_head,0,114,676
kv_head,0,115,724
kv_head,0,116,753
kv_head,0,117,749
kv_head,0,118,755
kv_head,0,119,800
kv_head,0,120,764
kv_head,0,121,681
kv_head,0,122,758
kv_head,0,123,742
kv_head,0,124,808
kv_head,0,125,955
kv_head,0,126,1255
kv_head,0,127,2080
kv_head,0,128,11040
kv_head,1,0,52177
kv_head,1,1,11346
kv_head,1,2,6881
kv_head,1,3,5200
kv_head,1,4,4192
kv_head,1,5,3473
kv_head,1,6,3159
kv_head,1,7,2828
kv_head,1,8,2521
kv_head,1,9,2299
kv_head,1,10,2157
kv_head,1,11,2096
kv_head,1,12,1923
kv_head,1,13,1800
kv_head,1,14,1742
kv_head,1,15,1554
kv_head,1,16,1530
kv_head,1,17,1400
kv_head,1,18,1299
kv_head,1,19,1279
kv_head,1,20,1208
kv_head,1,21,1163
kv_head,1,22,1187
kv_head,1,23,1097
kv_head,1,24,1025
kv_head,1,25,1003
kv_head,1,26,986
kv_head,1,27,928
kv_head,1,28,934
kv_head,1,29,936
kv_head,1,30,907
kv_head,1,31,821
kv_head,1,32,792
kv_head,1,33,815
kv_head,1,34,755
kv_head,1,35,767
kv_head,1,36,744
kv_head,1,37,758
kv_head,1,38,720
kv_head,1,39,658
kv_head,1,40,666
kv_head,1,41,646
kv_head,1,42,691
kv_head,1,43,643
kv_head,1,44,615
kv_head,1,45,640
kv_head,1,46,614
kv_head,1,47,590
kv_head,1,48,631
kv_head,1,49,515
kv_head,1,50,633
kv_head,1,51,581
kv_head,1,52,599
kv_head,1,53,568
kv_head,1,54,592
kv_head,1,55,602
kv_head,1,56,553
kv_head,1,57,501
kv_head,1,58,570
kv_head,1,59,514
kv_head,1,60,549
kv_head,1,61,548
kv_head,1,62,544
kv_head,1,63,532
kv_head,1,64,504
kv_head,1,65,528
kv_head,1,66,496
kv_head,1,67,484
kv_head,1,68,507
kv_head,1,69,456
kv_head,1,70,477
kv_head,1,71,474
kv_head,1,72,453
kv_head,1,73,482
kv_head,1,74,438
kv_head,1,75,449
kv_head,1,76,433
kv_head,1,77,434
kv_head,1,78,414
kv_head,1,79,441
kv_head,1,80,449
kv_head,1,81,445
kv_head,1,82,444
kv_head,1,83,423
kv_head,1,84,389
kv_head,1,85,408
kv_head,1,86,416
kv_head,1,87,402
kv_head,1,88,416
kv_head,1,89,442
kv_head,1,90,463
kv_head,1,91,412
kv_head,1,92,417
kv_head,1,93,415
kv_head,1,94,398
kv_head,1,95,434
kv_head,1,96,422
kv_head,1,97,447
kv_head,1,98,453
kv_head,1,99,449
kv_head,1,100,451
kv_head,1,101,463
kv_head,1,102,471
kv_head,1,103,501
kv_head,1,104,533
kv_head,1,105,506
kv_head,1,106,490
kv_head,1,107,490
kv_head,1,108,487
kv_head,1,109,545
kv_head,1,110,580
kv_head,1,111,539
kv_head,1,112,590
kv_head,1,113,592
kv_head,1,114,591
kv_head,1,115,637
kv_head,1,116,628
kv_head,1,117,709
kv_head,1,118,710
kv_head,1,119,708
kv_head,1,120,770
kv_head,1,121,760
kv_head,1,122,883
kv_head,1,123,950
kv_head,1,124,1088
kv_head,1,125,1382
kv_head,1,126,1819
kv_head,1,127,2585
kv_head,1,128,15939
kv_head,10,0,58474
kv_head,10,1,11436
kv_head,10,2,6880
kv_head,10,3,5113
kv_head,10,4,4019
kv_head,10,5,3308
kv_head,10,6,2862
kv_head,10,7,2460
kv_head,10,8,2269
kv_head,10,9,1991
kv_head,10,10,1864
kv_head,10,11,1750
kv_head,10,12,1631
kv_head,10,13,1529
kv_head,10,14,1449
kv_head,10,15,1351
kv_head,10,16,1241
kv_head,10,17,1195
kv_head,10,18,1110
kv_head,10,19,1075
kv_head,10,20,1067
kv_head,10,21,1052
kv_head,10,22,1005
kv_head,10,23,939
kv_head,10,24,855
kv_head,10,25,848
kv_head,10,26,799
kv_head,10,27,813
kv_head,10,28,753
kv_head,10,29,800
kv_head,10,30,766
kv_head,10,31,699
kv_head,10,32,719
kv_head,10,33,746
kv_head,10,34,643
kv_head,10,35,669
kv_head,10,36,677
kv_head,10,37,609
kv_head,10,38,606
kv_head,10,39,649
kv_head,10,40,588
kv_head,10,41,606
kv_head,10,42,631
kv_head,10,43,605
kv_head,10,44,544
kv_head,10,45,574
kv_head,10,46,538
kv_head,10,47,595
kv_head,10,48,563
kv_head,10,49,530
kv_head,10,50,543
kv_head,10,51,573
kv_head,10,52,550
kv_head,10,53,534
kv_head,10,54,531
kv_head,10,55,522
kv_head,10,56,510
kv_head,10,57,561
kv_head,10,58,554
kv_head,10,59,477
kv_head,10,60,513
kv_head,10,61,490
kv_head,10,62,494
kv_head,10,63,503
kv_head,10,64,498
kv_head,10,65,519
kv_head,10,66,514
kv_head,10,67,479
kv_head,10,68,497
kv_head,10,69,460
kv_head,10,70,502
kv_head,10,71,442
kv_head,10,72,450
kv_head,10,73,441
kv_head,10,74,445
kv_head,10,75,419
kv_head,10,76,453
kv_head,10,77,430
kv_head,10,78,477
kv_head,10,79,382
kv_head,10,80,376
kv_head,10,81,426
kv_head,10,82,425
kv_head,10,83,442
kv_head,10,84,396
kv_head,10,85,449
kv_head,10,86,450
kv_head,10,87,405
kv_head,10,88,451
kv_head,10,89,435
kv_head,10,90,449
kv_head,10,91,413
kv_head,10,92,457
kv_head,10,93,489
kv_head,10,94,422
kv_head,10,95,396
kv_head,10,96,477
kv_head,10,97,511
kv_head,10,98,444
kv_head,10,99,442
kv_head,10,100,482
kv_head,10,101,481
kv_head,10,102,473
kv_head,10,103,477
kv_head,10,104,483
kv_head,10,105,483
kv_head,10,106,544
kv_head,10,107,529
kv_head,10,108,534
kv_head,10,109,544
kv_head,10,110,474
kv_head,10,111,526
kv_head,10,112,515
kv_head,10,113,547
kv_head,10,114,580
kv_head,10,115,619
kv_head,10,116,640
kv_head,10,117,675
kv_head,10,118,732
kv_head,10,119,764
kv_head,10,120,850
kv_head,10,121,889
kv_head,10,122,976
kv_head,10,123,1138
kv_head,10,124,1242
kv_head,10,125,1683
kv_head,10,126,1878
kv_head,10,127,2941
kv_head,10,128,15896
kv_head,11,0,54357
kv_head,11,1,12070
kv_head,11,2,7350
kv_head,11,3,5187
kv_head,11,4,4184
kv_head,11,5,3444
kv_head,11,6,2950
kv_head,11,7,2575
kv_head,11,8,2314
kv_head,11,9,2124
kv_head,11,10,1915
kv_head,11,11,1730
kv_head,11,12,1654
kv_head,11,13,1547
kv_head,11,14,1470
kv_head,11,15,1332
kv_head,11,16,1309
kv_head,11,17,1323
kv_head,11,18,1256
kv_head,11,19,1153
kv_head,11,20,1096
kv_head,11,21,974
kv_head,11,22,1032
kv_head,11,23,938
kv_head,11,24,906
kv_head,11,25,904
kv_head,11,26,913
kv_head,11,27,902
kv_head,11,28,866
kv_head,11,29,820
kv_head,11,30,800
kv_head,11,31,762
kv_head,11,32,804
kv_head,11,33,745
kv_head,11,34,697
kv_head,11,35,697
kv_head,11,36,676
kv_head,11,37,657
kv_head,11,38,642
kv_head,11,39,632
kv_head,11,40,608
kv_head,11,41,643
kv_head,11,42,617
kv_head,11,43,590
kv_head,11,44,601
kv_head,11,45,549
kv_head,11,46,582
kv_head,11,47,555
kv_head,11,48,597
kv_head,11,49,565
kv_head,11,50,555
kv_head,11,51,537
kv_head,11,52,529
kv_head,11,53,532
kv_head,11,54,515
kv_head,11,55,519
kv_head,11,56,503
kv_head,11,57,515
kv_head,11,58,515
kv_head,11,59,521
kv_head,11,60,516
kv_head,11,61,514
kv_head,11,62,541
kv_head,11,63,489
kv_head,11,64,609
kv_head,11,65,545
kv_head,11,66,493
kv_head,11,67,481
kv_head,11,68,485
kv_head,11,69,502
kv_head,11,70,457
kv_head,11,71,463
kv_head,11,72,499
kv_head,11,73,466
kv_head,11,74,451
kv_head,11,75,469
kv_head,11,76,432
kv_head,11,77,438
kv_head,11,78,459
kv_head,11,79,459
kv_head,11,80,445
kv_head,11,81,431
kv_head,11,82,440
kv_head,11,83,431
kv_head,11,84,410
kv_head,11,85,422
kv_head,11,86,429
kv_head,11,87,437
kv_head,11,88,432
kv_head,11,89,442
kv_head,11,90,476
kv_head,11,91,447
kv_head,11,92,439
kv_head,11,93,473
kv_head,11,94,468
kv_head,11,95,455
kv_head,11,96,484
kv_head,11,97,416
kv_head,11,98,451
kv_head,11,99,483
kv_head,11,100,503
kv_head,11,101,475
kv_head,11,102,487
kv_head,11,103,480
kv_head,11,104,511
kv_head,11,105,516
kv_head,11,106,507
kv_head,11,107,501
kv_head,11,108,524
kv_head,11,109,488
kv_head,11,110,546
kv_head,11,111,554
kv_head,11,112,613
kv_head,11,113,617
kv_head,11,114,604
kv_head,11,115,685
kv_head,11,116,601
kv_head,11,117,653
kv_head,11,118,739
kv_head,11,119,753
kv_head,11,120,797
kv_head,11,121,825
kv_head,11,122,917
kv_head,11,123,927
kv_head,11,124,1155
kv_head,11,125,1318
kv_head,11,126,1596
kv_head,11,127,2657
kv_head,11,128,17525
kv_head,12,0,52184
kv_head,12,1,10677
kv_head,12,2,7021
kv_head,12,3,5306
kv_head,12,4,4325
kv_head,12,5,3759
kv_head,12,6,3288
kv_head,12,7,2891
kv_head,12,8,2550
kv_head,12,9,2256
kv_head,12,10,2018
kv_head,12,11,1944
kv_head,12,12,1715
kv_head,12,13,1532
kv_head,12,14,1465
kv_head,12,15,1453
kv_head,12,16,1367
kv_head,12,17,1294
kv_head,12,18,1233
kv_head,12,19,1192
kv_head,12,20,1198
kv_head,12,21,1119
kv_head,12,22,1038
kv_head,12,23,953
kv_head,12,24,968
kv_head,12,25,943
kv_head,12,26,913
kv_head,12,27,908
kv_head,12,28,813
kv_head,12,29,843
kv_head,12,30,869
kv_head,12,31,803
kv_head,12,32,755
kv_head,12,33,705
kv_head,12,34,743
kv_head,12,35,770
kv_head,12,36,687
kv_head,12,37,697
kv_head,12,38,657
kv_head,12,39,702
kv_head,12,40,632
kv_head,12,41,644
kv_head,12,42,663
kv_head,12,43,682
kv_head,12,44,643
kv_head,12,45,627
kv_head,12,46,620
kv_head,12,47,635
kv_head,12,48,627
kv_head,12,49,606
kv_head,12,50,625
kv_head,12,51,592
kv_head,12,52,567
kv_head,12,53,576
kv_head,12,54,587
kv_head,12,55,534
kv_head,12,56,571
kv_head,12,57,547
kv_head,12,58,501
kv_head,12,59,546
kv_head,12,60,533
kv_head,12,61,498
kv_head,12,62,488
kv_head,12,63,467
kv_head,12,64,492
kv_head,12,65,530
kv_head,12,66,446
kv_head,12,67,433
kv_head,12,68,467
kv_head,12,69,436
kv_head,12,70,428
kv_head,12,71,429
kv_head,12,72,401
kv_head,12,73,463
kv_head,12,74,450
kv_head,12,75,436
kv_head,12,76,455
kv_head,12,77,427
kv_head,12,78,414
kv_head,12,79,421
kv_head,12,80,481
kv_head,12,81,420
kv_head,12,82,458
kv_head,12,83,440
kv_head,12,84,425
kv_head,12,85,404
kv_head,12,86,409
kv_head,12,87,411
kv_head,12,88,452
kv_head,12,89,439
kv_head,12,90,474
kv_head,12,91,458
kv_head,12,92,413
kv_head,12,93,454
kv_head,12,94,439
kv_head,12,95,410
kv_head,12,96,451
kv_head,12,97,458
kv_head,12,98,472
kv_head,12,99,430
kv_head,12,100,462
kv_head,12,101,454
kv_head,12,102,485
kv_head,12,103,506
kv_head,12,104,462
kv_head,12,105,499
kv_head,12,106,511
kv_head,12,107,555
kv_head,12,108,590
kv_head,12,109,553
kv_head,12,110,622
kv_head,12,111,614
kv_head,12,112,645
kv_head,12,113,656
kv_head,12,114,673
kv_head,12,115,729
kv_head,12,116,722
kv_head,12,117,846
kv_head,12,118,866
kv_head,12,119,891
kv_head,12,120,969
kv_head,12,121,1022
kv_head,12,122,1081
kv_head,12,123,1162
kv_head,12,124,1238
kv_head,12,125,1420
kv_head,12,126,1953
kv_head,12,127,2897
kv_head,12,128,16034
kv_head,13,0,50036
kv_head,13,1,11256
kv_head,13,2,7168
kv_head,13,3,5474
kv_head,13,4,4305
kv_head,13,5,3724
kv_head,13,6,3189
kv_head,13,7,2785
kv_head,13,8,2558
kv_head,13,9,2358
kv_head,13,10,2224
kv_head,13,11,1951
kv_head,13,12,1852
kv_head,13,13,1704
kv_head,13,14,1616
kv_head,13,15,1564
kv_head,13,16,1458
kv_head,13,17,1430
kv_head,13,18,1357
kv_head,13,19,1219
kv_head,13,20,1257
kv_head,13,21,1193
kv_head,13,22,1184
kv_head,13,23,1048
kv_head,13,24,1047
kv_head,13,25,1011
kv_head,13,26,977
kv_head,13,27,929
kv_head,13,28,961
kv_head,13,29,933
kv_head,13,30,883
kv_head,13,31,869
kv_head,13,32,844
kv_head,13,33,815
kv_head,13,34,769
kv_head,13,35,826
kv_head,13,36,760
kv_head,13,37,724
kv_head,13,38,702
kv_head,13,39,661
kv_head,13,40,670
kv_head,13,41,666
kv_head,13,42,646
kv_head,13,43,645
kv_head,13,44,616
kv_head,13,45,610
kv_head,13,46,592
kv_head,13,47,575
kv_head,13,48,599
kv_head,13,49,562
kv_head,13,50,538
kv_head,13,51,569
kv_head,13,52,581
kv_head,13,53,518
kv_head,13,54,529
kv_head,13,55,522
kv_head,13,56,511
kv_head,13,57,510
kv_head,13,58,544
kv_head,13,59,499
kv_head,13,60,482
kv_head,13,61,520
kv_head,13,62,515
kv_head,13,63,517
kv_head,13,64,526
kv_head,13,65,476
kv_head,13,66,472
kv_head,13,67,481
kv_head,13,68,453
kv_head,13,69,470
kv_head,13,70,479
kv_head,13,71,428
kv_head,13,72,438
kv_head,13,73,417
kv_head,13,74,488
kv_head,13,75,430
kv_head,13,76,426
kv_head,13,77,430
kv_head,13,78,413
kv_head,13,79,440
kv_head,13,80,423
kv_head,13,81,413
kv_head,13,82,415
kv_head,13,83,385
kv_head,13,84,440
kv_head,13,85,382
kv_head,13,86,421
kv_head,13,87,441
kv_head,13,88,431
kv_head,13,89,415
kv_head,13,90,411
kv_head,13,91,423
kv_head,13,92,402
kv_head,13,93,393
kv_head,13,94,430
kv_head,13,95,449
kv_head,13,96,404
kv_head,13,97,429
kv_head,13,98,411
kv_head,13,99,431
kv_head,13,100,432
kv_head,13,101,401
kv_head,13,102,443
kv_head,13,103,494
kv_head,13,104,483
kv_head,13,105,460
kv_head,13,106,489
kv_head,13,107,493
kv_head,13,108,497
kv_head,13,109,460
kv_head,13,110,511
kv_head,13,111,526
kv_head,13,112,546
kv_head,13,113,564
kv_head,13,114,585
kv_head,13,115,605
kv_head,13,116,659
kv_head,13,117,639
kv_head,13,118,722
kv_head,13,119,765
kv_head,13,120,861
kv_head,13,121,908
kv_head,13,122,1025
kv_head,13,123,1081
kv_head,13,124,1446
kv_head,13,125,1509
kv_head,13,126,1842
kv_head,13,127,2411
kv_head,13,128,17978
kv_head,14,0,51819
kv_head,14,1,11326
kv_head,14,2,7531
kv_head,14,3,5451
kv_head,14,4,4300
kv_head,14,5,3595
kv_head,14,6,3128
kv_head,14,7,2676
kv_head,14,8,2442
kv_head,14,9,2184
kv_head,14,10,2017
kv_head,14,11,1877
kv_head,14,12,1739
kv_head,14,13,1581
kv_head,14,14,1587
kv_head,14,15,1395
kv_head,14,16,1309
kv_head,14,17,1273
kv_head,14,18,1173
kv_head,14,19,1140
kv_head,14,20,1114
kv_head,14,21,1003
kv_head,14,22,995
kv_head,14,23,909
kv_head,14,24,943
kv_head,14,25,893
kv_head,14,26,873
kv_head,14,27,856
kv_head,14,28,806
kv_head,14,29,789
kv_head,14,30,743
kv_head,14,31,745
kv_head,14,32,717
kv_head,14,33,696
kv_head,14,34,682
kv_head,14,35,633
kv_head,14,36,654
kv_head,14,37,660
kv_head,14,38,626
kv_head,14,39,618
kv_head,14,40,575
kv_head,14,41,631
kv_head,14,42,590
kv_head,14,43,560
kv_head,14,44,567
kv_head,14,45,558
kv_head,14,46,574
kv_head,14,47,544
kv_head,14,48,533
kv_head,14,49,572
kv_head,14,50,539
kv_head,14,51,520
kv_head,14,52,527
kv_head,14,53,513
kv_head,14,54,551
kv_head,14,55,555
kv_head,14,56,523
kv_head,14,57,556
kv_head,14,58,567
kv_head,14,59,506
kv_head,14,60,499
kv_head,14,61,565
kv_head,14,62,510
kv_head,14,63,485
kv_head,14,64,521
kv_head,14,65,498
kv_head,14,66,547
kv_head,14,67,467
kv_head,14,68,484
kv_head,14,69,480
kv_head,14,70,506
kv_head,14,71,461
kv_head,14,72,468
kv_head,14,73,484
kv_head,14,74,475
kv_head,14,75,453
kv_head,14,76,463
kv_head,14,77,448
kv_head,14,78,444
kv_head,14,79,512
kv_head,14,80,442
kv_head,14,81,438
kv_head,14,82,486
kv_head,14,83,446
kv_head,14,84,461
kv_head,14,85,443
kv_head,14,86,464
kv_head,14,87,454
kv_head,14,88,434
kv_head,14,89,429
kv_head,14,90,493
kv_head,14,91,491
kv_head,14,92,487
kv_head,14,93,472
kv_head,14,94,477
kv_head,14,95,485
kv_head,14,96,479
kv_head,14,97,470
kv_head,14,98,486
kv_head,14,99,518
kv_head,14,100,488
kv_head,14,101,506
kv_head,14,102,498
kv_head,14,103,532
kv_head,14,104,510
kv_head,14,105,507
kv_head,14,106,527
kv_head,14,107,530
kv_head,14,108,540
kv_head,14,109,525
kv_head,14,110,606
kv_head,14,111,625
kv_head,14,112,637
kv_head,14,113,607
kv_head,14,114,634
kv_head,14,115,680
kv_head,14,116,704
kv_head,14,117,753
kv_head,14,118,759
kv_head,14,119,803
kv_head,14,120,843
kv_head,14,121,899
kv_head,14,122,982
kv_head,14,123,1037
kv_head,14,124,1217
kv_head,14,125,1481
kv_head,14,126,1864
kv_head,14,127,2670
kv_head,14,128,17960
kv_head,15,0,58895
kv_head,15,1,10845
kv_head,15,2,6734
kv_head,15,3,5003
kv_head,15,4,4028
kv_head,15,5,3434
kv_head,15,6,2978
kv_head,15,7,2538
kv_head,15,8,2268
kv_head,15,9,2050
kv_head,15,10,1873
kv_head,15,11,1748
kv_head,15,12,1591
kv_head,15,13,1483
kv_head,15,14,1383
kv_head,15,15,1353
kv_head,15,16,1343
kv_head,15,17,1225
kv_head,15,18,1204
kv_head,15,19,1081
kv_head,15,20,1055
kv_head,15,21,944
kv_head,15,22,997
kv_head,15,23,970
kv_head,15,24,884
kv_head,15,25,939
kv_head,15,26,896
kv_head,15,27,790
kv_head,15,28,819
kv_head,15,29,758
kv_head,15,30,765
kv_head,15,31,796
kv_head,15,32,739
kv_head,15,33,711
kv_head,15,34,700
kv_head,15,35,684
kv_head,15,36,641
kv_head,15,37,687
kv_head,15,38,660
kv_head,15,39,642
kv_head,15,40,616
kv_head,15,41,587
kv_head,15,42,600
kv_head,15,43,645
kv_head,15,44,523
kv_head,15,45,572
kv_head,15,46,549
kv_head,15,47,538
kv_head,15,48,526
kv_head,15,49,547
kv_head,15,50,544
kv_head,15,51,506
kv_head,15,52,522
kv_head,15,53,498
kv_head,15,54,497
kv_head,15,55,528
kv_head,15,56,464
kv_head,15,57,489
kv_head,15,58,494
kv_head,15,59,515
kv_head,15,60,485
kv_head,15,61,483
kv_head,15,62,489
kv_head,15,63,500
kv_head,15,64,480
kv_head,15,65,531
kv_head,15,66,482
kv_head,15,67,485
kv_head,15,68,413
kv_head,15,69,473
kv_head,15,70,428
kv_head,15,71,453
kv_head,15,72,441
kv_head,15,73,448
kv_head,15,74,429
kv_head,15,75,434
kv_head,15,76,454
kv_head,15,77,419
kv_head,15,78,427
kv_head,15,79,428
kv_head,15,80,409
kv_head,15,81,414
kv_head,15,82,397
kv_head,15,83,420
kv_head,15,84,400
kv_head,15,85,385
kv_head,15,86,404
kv_head,15,87,436
kv_head,15,88,400
kv_head,15,89,424
kv_head,15,90,447
kv_head,15,91,420
kv_head,15,92,434
kv_head,15,93,447
kv_head,15,94,456
kv_head,15,95,459
kv_head,15,96,476
kv_head,15,97,471
kv_head,15,98,452
kv_head,15,99,437
kv_head,15,100,469
kv_head,15,101,521
kv_head,15,102,534
kv_head,15,103,518
kv_head,15,104,542
kv_head,15,105,513
kv_head,15,106,531
kv_head,15,107,554
kv_head,15,108,572
kv_head,15,109,598
kv_head,15,110,586
kv_head,15,111,618
kv_head,15,112,616
kv_head,15,113,727
kv_head,15,114,711
kv_head,15,115,719
kv_head,15,116,756
kv_head,15,117,772
kv_head,15,118,806
kv_head,15,119,802
kv_head,15,120,860
kv_head,15,121,892
kv_head,15,122,967
kv_head,15,123,1075
kv_head,15,124,1237
kv_head,15,125,1574
kv_head,15,126,2175
kv_head,15,127,3120
kv_head,15,128,14579
kv_head,16,0,53399
kv_head,16,1,10916
kv_head,16,2,7187
kv_head,16,3,5112
kv_head,16,4,4111
kv_head,16,5,3405
kv_head,16,6,2998
kv_head,16,7,2636
kv_head,16,8,2323
kv_head,16,9,2151
kv_head,16,10,2002
kv_head,16,11,1805
kv_head,16,12,1689
kv_head,16,13,1569
kv_head,16,14,1496
kv_head,16,15,1425
kv_head,16,16,1348
kv_head,16,17,1239
kv_head,16,18,1180
kv_head,16,19,1139
kv_head,16,20,1128
kv_head,16,21,1130
kv_head,16,22,1103
kv_head,16,23,1044
kv_head,16,24,942
kv_head,16,25,946
kv_head,16,26,922
kv_head,16,27,886
kv_head,16,28,904
kv_head,16,29,829
kv_head,16,30,836
kv_head,16,31,849
kv_head,16,32,786
kv_head,16,33,749
kv_head,16,34,737
kv_head,16,35,755
kv_head,16,36,677
kv_head,16,37,741
kv_head,16,38,703
kv_head,16,39,677
kv_head,16,40,707
kv_head,16,41,703
kv_head,16,42,614
kv_head,16,43,637
kv_head,16,44,642
kv_head,16,45,656
kv_head,16,46,559
kv_head,16,47,559
kv_head,16,48,583
kv_head,16,49,551
kv_head,16,50,581
kv_head,16,51,553
kv_head,16,52,555
kv_head,16,53,584
kv_head,16,54,526
kv_head,16,55,531
kv_head,16,56,544
kv_head,16,57,482
kv_head,16,58,514
kv_head,16,59,536
kv_head,16,60,503
kv_head,16,61,539
kv_head,16,62,455
kv_head,16,63,504
kv_head,16,64,497
kv_head,16,65,514
kv_head,16,66,488
kv_head,16,67,485
kv_head,16,68,481
kv_head,16,69,457
kv_head,16,70,473
kv_head,16,71,504
kv_head,16,72,416
kv_head,16,73,500
kv_head,16,74,447
kv_head,16,75,442
kv_head,16,76,457
kv_head,16,77,439
kv_head,16,78,464
kv_head,16,79,429
kv_head,16,80,407
kv_head,16,81,416
kv_head,16,82,382
kv_head,16,83,454
kv_head,16,84,432
kv_head,16,85,432
kv_head,16,86,443
kv_head,16,87,445
kv_head,16,88,457
kv_head,16,89,465
kv_head,16,90,450
kv_head,16,91,398
kv_head,16,92,411
kv_head,16,93,426
kv_head,16,94,423
kv_head,16,95,452
kv_head,16,96,433
kv_head,16,97,426
kv_head,16,98,418
kv_head,16,99,465
kv_head,16,100,473
kv_head,16,101,451
kv_head,16,102,438
kv_head,16,103,502
kv_head,16,104,488
kv_head,16,105,523
kv_head,16,106,503
kv_head,16,107,512
kv_head,16,108,501
kv_head,16,109,544
kv_head,16,110,587
kv_head,16,111,584
kv_head,16,112,623
kv_head,16,113,672
kv_head,16,114,712
kv_head,16,115,670
kv_head,16,116,724
kv_head,16,117,753
kv_head,16,118,775
kv_head,16,119,825
kv_head,16,120,830
kv_head,16,121,938
kv_head,16,122,1020
kv_head,16,123,1110
kv_head,16,124,1227
kv_head,16,125,1381
kv_head,16,126,1711
kv_head,16,127,2389
kv_head,16,128,17922
kv_head,17,0,54604
kv_head,17,1,10882
kv_head,17,2,6895
kv_head,17,3,5080
kv_head,17,4,4160
kv_head,17,5,3637
kv_head,17,6,3160
kv_head,17,7,2760
kv_head,17,8,2463
kv_head,17,9,2189
kv_head,17,10,2030
kv_head,17,11,1937
kv_head,17,12,1790
kv_head,17,13,1645
kv_head,17,14,1567
kv_head,17,15,1498
kv_head,17,16,1427
kv_head,17,17,1304
kv_head,17,18,1204
kv_head,17,19,1223
kv_head,17,20,1130
kv_head,17,21,1034
kv_head,17,22,1029
kv_head,17,23,954
kv_head,17,24,961
kv_head,17,25,908
kv_head,17,26,877
kv_head,17,27,855
kv_head,17,28,793
kv_head,17,29,849
kv_head,17,30,770
kv_head,17,31,757
kv_head,17,32,715
kv_head,17,33,730
kv_head,17,34,654
kv_head,17,35,672
kv_head,17,36,654
kv_head,17,37,656
kv_head,17,38,670
kv_head,17,39,635
kv_head,17,40,657
kv_head,17,41,631
kv_head,17,42,607
kv_head,17,43,635
kv_head,17,44,577
kv_head,17,45,583
kv_head,17,46,563
kv_head,17,47,608
kv_head,17,48,584
kv_head,17,49,535
kv_head,17,50,539
kv_head,17,51,565
kv_head,17,52,581
kv_head,17,53,570
kv_head,17,54,491
kv_head,17,55,536
kv_head,17,56,513
kv_head,17,57,501
kv_head,17,58,502
kv_head,17,59,561
kv_head,17,60,517
kv_head,17,61,549
kv_head,17,62,533
kv_head,17,63,623
kv_head,17,64,539
kv_head,17,65,483
kv_head,17,66,546
kv_head,17,67,514
kv_head,17,68,474
kv_head,17,69,527
kv_head,17,70,473
kv_head,17,71,473
kv_head,17,72,495
kv_head,17,73,501
kv_head,17,74,491
kv_head,17,75,511
kv_head,17,76,472
kv_head,17,77,477
kv_head,17,78,489
kv_head,17,79,474
kv_head,17,80,500
kv_head,17,81,448
kv_head,17,82,490
kv_head,17,83,447
kv_head,17,84,482
kv_head,17,85,467
kv_head,17,86,486
kv_head,17,87,456
kv_head,17,88,478
kv_head,17,89,470
kv_head,17,90,523
kv_head,17,91,465
kv_head,17,92,515
kv_head,17,93,486
kv_head,17,94,468
kv_head,17,95,479
kv_head,17,96,485
kv_head,17,97,484
kv_head,17,98,504
kv_head,17,99,494
kv_head,17,100,540
kv_head,17,101,491
kv_head,17,102,517
kv_head,17,103,509
kv_head,17,104,516
kv_head,17,105,513
kv_head,17,106,524
kv_head,17,107,543
kv_head,17,108,531
kv_head,17,109,589
kv_head,17,110,597
kv_head,17,111,637
kv_head,17,112,651
kv_head,17,113,611
kv_head,17,114,652
kv_head,17,115,717
kv_head,17,116,695
kv_head,17,117,722
kv_head,17,118,774
kv_head,17,119,882
kv_head,17,120,831
kv_head,17,121,958
kv_head,17,122,1043
kv_head,17,123,1217
kv_head,17,124,1344
kv_head,17,125,1485
kv_head,17,126,1967
kv_head,17,127,2750
kv_head,17,128,13917
kv_head,18,0,54188
kv_head,18,1,11217
kv_head,18,2,7280
kv_head,18,3,5112
kv_head,18,4,4081
kv_head,18,5,3465
kv_head,18,6,3076
kv_head,18,7,2532
kv_head,18,8,2364
kv_head,18,9,2105
kv_head,18,10,1914
kv_head,18,11,1781
kv_head,18,12,1675
kv_head,18,13,1553
kv_head,18,14,1441
kv_head,18,15,1437
kv_head,18,16,1295
kv_head,18,17,1235
kv_head,18,18,1165
kv_head,18,19,1138
kv_head,18,20,1097
kv_head,18,21,1083
kv_head,18,22,1032
kv_head,18,23,944
kv_head,18,24,862
kv_head,18,25,920
kv_head,18,26,899
kv_head,18,27,857
kv_head,18,28,776
kv_head,18,29,789
kv_head,18,30,809
kv_head,18,31,768
kv_head,18,32,710
kv_head,18,33,703
kv_head,18,34,714
kv_head,18,35,702
kv_head,18,36,658
kv_head,18,37,645
kv_head,18,38,637
kv_head,18,39,654
kv_head,18,40,626
kv_head,18,41,667
kv_head,18,42,626
kv_head,18,43,658
kv_head,18,44,625
kv_head,18,45,598
kv_head,18,46,595
kv_head,18,47,635
kv_head,18,48,571
kv_head,18,49,603
kv_head,18,50,586
kv_head,18,51,573
kv_head,18,52,624
kv_head,18,53,598
kv_head,18,54,547
kv_head,18,55,605
kv_head,18,56,617
kv_head,18,57,620
kv_head,18,58,602
kv_head,18,59,566
kv_head,18,60,596
kv_head,18,61,631
kv_head,18,62,550
kv_head,18,63,594
kv_head,18,64,577
kv_head,18,65,612
kv_head,18,66,528
kv_head,18,67,560
kv_head,18,68,529
kv_head,18,69,525
kv_head,18,70,510
kv_head,18,71,511
kv_head,18,72,492
kv_head,18,73,533
kv_head,18,74,479
kv_head,18,75,516
kv_head,18,76,501
kv_head,18,77,461
kv_head,18,78,465
kv_head,18,79,494
kv_head,18,80,462
kv_head,18,81,458
kv_head,18,82,517
kv_head,18,83,473
kv_head,18,84,466
kv_head,18,85,450
kv_head,18,86,430
kv_head,18,87,464
kv_head,18,88,444
kv_head,18,89,464
kv_head,18,90,504
kv_head,18,91,490
kv_head,18,92,434
kv_head,18,93,461
kv_head,18,94,446
kv_head,18,95,517
kv_head,18,96,493
kv_head,18,97,492
kv_head,18,98,479
kv_head,18,99,481
kv_head,18,100,479
kv_head,18,101,480
kv_head,18,102,539
kv_head,18,103,511
kv_head,18,104,525
kv_head,18,105,518
kv_head,18,106,531
kv_head,18,107,563
kv_head,18,108,490
kv_head,18,109,548
kv_head,18,110,560
kv_head,18,111,575
kv_head,18,112,638
kv_head,18,113,632
kv_head,18,114,666
kv_head,18,115,709
kv_head,18,116,780
kv_head,18,117,849
kv_head,18,118,839
kv_head,18,119,1004
kv_head,18,120,1044
kv_head,18,121,1118
kv_head,18,122,1265
kv_head,18,123,1339
kv_head,18,124,1445
kv_head,18,125,1574
kv_head,18,126,1916
kv_head,18,127,2424
kv_head,18,128,13503
kv_head,19,0,57325
kv_head,19,1,11426
kv_head,19,2,7223
kv_head,19,3,5169
kv_head,19,4,4166
kv_head,19,5,3496
kv_head,19,6,3003
kv_head,19,7,2604
kv_head,19,8,2415
kv_head,19,9,2182
kv_head,19,10,1863
kv_head,19,11,1790
kv_head,19,12,1698
kv_head,19,13,1527
kv_head,19,14,1441
kv_head,19,15,1386
kv_head,19,16,1293
kv_head,19,17,1230
kv_head,19,18,1173
kv_head,19,19,1135
kv_head,19,20,1003
kv_head,19,21,1032
kv_head,19,22,965
kv_head,19,23,951
kv_head,19,24,906
kv_head,19,25,840
kv_head,19,26,824
kv_head,19,27,841
kv_head,19,28,761
kv_head,19,29,794
kv_head,19,30,769
kv_head,19,31,696
kv_head,19,32,669
kv_head,19,33,642
kv_head,19,34,660
kv_head,19,35,664
kv_head,19,36,634
kv_head,19,37,641
kv_head,19,38,652
kv_head,19,39,604
kv_head,19,40,575
kv_head,19,41,548
kv_head,19,42,594
kv_head,19,43,526
kv_head,19,44,527
kv_head,19,45,501
kv_head,19,46,536
kv_head,19,47,525
kv_head,19,48,528
kv_head,19,49,507
kv_head,19,50,497
kv_head,19,51,512
kv_head,19,52,509
kv_head,19,53,489
kv_head,19,54,512
kv_head,19,55,487
kv_head,19,56,488
kv_head,19,57,492
kv_head,19,58,504
kv_head,19,59,466
kv_head,19,60,465
kv_head,19,61,503
kv_head,19,62,451
kv_head,19,63,485
kv_head,19,64,499
kv_head,19,65,445
kv_head,19,66,426
kv_head,19,67,470
kv_head,19,68,419
kv_head,19,69,440
kv_head,19,70,413
kv_head,19,71,431
kv_head,19,72,413
kv_head,19,73,429
kv_head,19,74,443
kv_head,19,75,430
kv_head,19,76,439
kv_head,19,77,400
kv_head,19,78,419
kv_head,19,79,435
kv_head,19,80,433
kv_head,19,81,385
kv_head,19,82,421
kv_head,19,83,432
kv_head,19,84,435
kv_head,19,85,431
kv_head,19,86,436
kv_head,19,87,426
kv_head,19,88,425
kv_head,19,89,419
kv_head,19,90,399
kv_head,19,91,408
kv_head,19,92,430
kv_head,19,93,402
kv_head,19,94,423
kv_head,19,95,406
kv_head,19,96,430
kv_head,19,97,408
kv_head,19,98,420
kv_head,19,99,418
kv_head,19,100,416
kv_head,19,101,450
kv_head,19,102,454
kv_head,19,103,427
kv_head,19,104,423
kv_head,19,105,432
kv_head,19,106,478
kv_head,19,107,441
kv_head,19,108,504
kv_head,19,109,492
kv_head,19,110,481
kv_head,19,111,525
kv_head,19,112,521
kv_head,19,113,563
kv_head,19,114,571
kv_head,19,115,569
kv_head,19,116,641
kv_head,19,117,706
kv_head,19,118,713
kv_head,19,119,795
kv_head,19,120,784
kv_head,19,121,900
kv_head,19,122,949
kv_head,19,123,1055
kv_head,19,124,1177
kv_head,19,125,1350
kv_head,19,126,1779
kv_head,19,127,2661
kv_head,19,128,18693
kv_head,2,0,48283
kv_head,2,1,11229
kv_head,2,2,7154
kv_head,2,3,5494
kv_head,2,4,4383
kv_head,2,5,3516
kv_head,2,6,3241
kv_head,2,7,2756
kv_head,2,8,2425
kv_head,2,9,2280
kv_head,2,10,1972
kv_head,2,11,1853
kv_head,2,12,1785
kv_head,2,13,1702
kv_head,2,14,1512
kv_head,2,15,1442
kv_head,2,16,1350
kv_head,2,17,1272
kv_head,2,18,1300
kv_head,2,19,1197
kv_head,2,20,1098
kv_head,2,21,1062
kv_head,2,22,1039
kv_head,2,23,972
kv_head,2,24,920
kv_head,2,25,934
kv_head,2,26,833
kv_head,2,27,823
kv_head,2,28,810
kv_head,2,29,785
kv_head,2,30,766
kv_head,2,31,735
kv_head,2,32,704
kv_head,2,33,703
kv_head,2,34,706
kv_head,2,35,672
kv_head,2,36,671
kv_head,2,37,613
kv_head,2,38,635
kv_head,2,39,612
kv_head,2,40,598
kv_head,2,41,601
kv_head,2,42,615
kv_head,2,43,593
kv_head,2,44,551
kv_head,2,45,521
kv_head,2,46,544
kv_head,2,47,542
kv_head,2,48,532
kv_head,2,49,525
kv_head,2,50,552
kv_head,2,51,536
kv_head,2,52,500
kv_head,2,53,508
kv_head,2,54,481
kv_head,2,55,504
kv_head,2,56,487
kv_head,2,57,481
kv_head,2,58,482
kv_head,2,59,503
kv_head,2,60,503
kv_head,2,61,477
kv_head,2,62,462
kv_head,2,63,468
kv_head,2,64,497
kv_head,2,65,476
kv_head,2,66,474
kv_head,2,67,481
kv_head,2,68,459
kv_head,2,69,464
kv_head,2,70,460
kv_head,2,71,472
kv_head,2,72,437
kv_head,2,73,456
kv_head,2,74,445
kv_head,2,75,461
kv_head,2,76,433
kv_head,2,77,439
kv_head,2,78,460
kv_head,2,79,470
kv_head,2,80,472
kv_head,2,81,422
kv_head,2,82,441
kv_head,2,83,435
kv_head,2,84,424
kv_head,2,85,473
kv_head,2,86,433
kv_head,2,87,433
kv_head,2,88,428
kv_head,2,89,422
kv_head,2,90,469
kv_head,2,91,459
kv_head,2,92,439
kv_head,2,93,488
kv_head,2,94,467
kv_head,2,95,470
kv_head,2,96,485
kv_head,2,97,484
kv_head,2,98,458
kv_head,2,99,480
kv_head,2,100,452
kv_head,2,101,502
kv_head,2,102,499
kv_head,2,103,564
kv_head,2,104,490
kv_head,2,105,540
kv_head,2,106,537
kv_head,2,107,555
kv_head,2,108,558
kv_head,2,109,549
kv_head,2,110,622
kv_head,2,111,609
kv_head,2,112,634
kv_head,2,113,620
kv_head,2,114,682
kv_head,2,115,763
kv_head,2,116,816
kv_head,2,117,821
kv_head,2,118,813
kv_head,2,119,876
kv_head,2,120,1051
kv_head,2,121,981
kv_head,2,122,1169
kv_head,2,123,1255
kv_head,2,124,1401
kv_head,2,125,1751
kv_head,2,126,2407
kv_head,2,127,3768
kv_head,2,128,19052
kv_head,20,0,57519
kv_head,20,1,11111
kv_head,20,2,6742
kv_head,20,3,5040
kv_head,20,4,4054
kv_head,20,5,3418
kv_head,20,6,2985
kv_head,20,7,2571
kv_head,20,8,2335
kv_head,20,9,2180
kv_head,20,10,1932
kv_head,20,11,1833
kv_head,20,12,1676
kv_head,20,13,1609
kv_head,20,14,1480
kv_head,20,15,1477
kv_head,20,16,1366
kv_head,20,17,1298
kv_head,20,18,1219
kv_head,20,19,1148
kv_head,20,20,1049
kv_head,20,21,1050
kv_head,20,22,1004
kv_head,20,23,960
kv_head,20,24,889
kv_head,20,25,882
kv_head,20,26,854
kv_head,20,27,841
kv_head,20,28,845
kv_head,20,29,770
kv_head,20,30,707
kv_head,20,31,720
kv_head,20,32,707
kv_head,20,33,715
kv_head,20,34,663
kv_head,20,35,626
kv_head,20,36,663
kv_head,20,37,626
kv_head,20,38,567
kv_head,20,39,606
kv_head,20,40,565
kv_head,20,41,591
kv_head,20,42,597
kv_head,20,43,582
kv_head,20,44,541
kv_head,20,45,553
kv_head,20,46,518
kv_head,20,47,574
kv_head,20,48,504
kv_head,20,49,574
kv_head,20,50,546
kv_head,20,51,546
kv_head,20,52,498
kv_head,20,53,530
kv_head,20,54,531
kv_head,20,55,516
kv_head,20,56,477
kv_head,20,57,504
kv_head,20,58,505
kv_head,20,59,499
kv_head,20,60,515
kv_head,20,61,521
kv_head,20,62,560
kv_head,20,63,547
kv_head,20,64,553
kv_head,20,65,508
kv_head,20,66,490
kv_head,20,67,521
kv_head,20,68,483
kv_head,20,69,474
kv_head,20,70,465
kv_head,20,71,478
kv_head,20,72,489
kv_head,20,73,482
kv_head,20,74,459
kv_head,20,75,488
kv_head,20,76,429
kv_head,20,77,476
kv_head,20,78,471
kv_head,20,79,429
kv_head,20,80,460
kv_head,20,81,447
kv_head,20,82,461
kv_head,20,83,448
kv_head,20,84,475
kv_head,20,85,438
kv_head,20,86,456
kv_head,20,87,448
kv_head,20,88,474
kv_head,20,89,485
kv_head,20,90,477
kv_head,20,91,472
kv_head,20,92,468
kv_head,20,93,518
kv_head,20,94,504
kv_head,20,95,485
kv_head,20,96,494
kv_head,20,97,494
kv_head,20,98,476
kv_head,20,99,511
kv_head,20,100,498
kv_head,20,101,555
kv_head,20,102,474
kv_head,20,103,497
kv_head,20,104,500
kv_head,20,105,539
kv_head,20,106,567
kv_head,20,107,565
kv_head,20,108,561
kv_head,20,109,609
kv_head,20,110,620
kv_head,20,111,618
kv_head,20,112,629
kv_head,20,113,703
kv_head,20,114,673
kv_head,20,115,696
kv_head,20,116,664
kv_head,20,117,713
kv_head,20,118,766
kv_head,20,119,725
kv_head,20,120,799
kv_head,20,121,869
kv_head,20,122,973
kv_head,20,123,1075
kv_head,20,124,1122
kv_head,20,125,1390
kv_head,20,126,1757
kv_head,20,127,2503
kv_head,20,128,15131
kv_head,21,0,52572
kv_head,21,1,11433
kv_head,21,2,6998
kv_head,21,3,5144
kv_head,21,4,4143
kv_head,21,5,3532
kv_head,21,6,3064
kv_head,21,7,2660
kv_head,21,8,2548
kv_head,21,9,2272
kv_head,21,10,2108
kv_head,21,11,1974
kv_head,21,12,1757
kv_head,21,13,1702
kv_head,21,14,1680
kv_head,21,15,1565
kv_head,21,16,1355
kv_head,21,17,1420
kv_head,21,18,1278
kv_head,21,19,1178
kv_head,21,20,1122
kv_head,21,21,1086
kv_head,21,22,1015
kv_head,21,23,1047
kv_head,21,24,1048
kv_head,21,25,942
kv_head,21,26,998
kv_head,21,27,866
kv_head,21,28,911
kv_head,21,29,836
kv_head,21,30,877
kv_head,21,31,802
kv_head,21,32,801
kv_head,21,33,780
kv_head,21,34,700
kv_head,21,35,757
kv_head,21,36,714
kv_head,21,37,753
kv_head,21,38,743
kv_head,21,39,686
kv_head,21,40,705
kv_head,21,41,685
kv_head,21,42,692
kv_head,21,43,712
kv_head,21,44,691
kv_head,21,45,689
kv_head,21,46,708
kv_head,21,47,697
kv_head,21,48,758
kv_head,21,49,712
kv_head,21,50,696
kv_head,21,51,624
kv_head,21,52,689
kv_head,21,53,670
kv_head,21,54,685
kv_head,21,55,656
kv_head,21,56,621
kv_head,21,57,634
kv_head,21,58,582
kv_head,21,59,588
kv_head,21,60,573
kv_head,21,61,593
kv_head,21,62,667
kv_head,21,63,611
kv_head,21,64,565
kv_head,21,65,608
kv_head,21,66,540
kv_head,21,67,553
kv_head,21,68,513
kv_head,21,69,521
kv_head,21,70,526
kv_head,21,71,495
kv_head,21,72,527
kv_head,21,73,489
kv_head,21,74,452
kv_head,21,75,489
kv_head,21,76,514
kv_head,21,77,521
kv_head,21,78,508
kv_head,21,79,461
kv_head,21,80,489
kv_head,21,81,457
kv_head,21,82,483
kv_head,21,83,485
kv_head,21,84,505
kv_head,21,85,527
kv_head,21,86,491
kv_head,21,87,498
kv_head,21,88,471
kv_head,21,89,480
kv_head,21,90,486
kv_head,21,91,527
kv_head,21,92,476
kv_head,21,93,454
kv_head,21,94,490
kv_head,21,95,481
kv_head,21,96,453
kv_head,21,97,467
kv_head,21,98,496
kv_head,21,99,482
kv_head,21,100,502
kv_head,21,101,449
kv_head,21,102,483
kv_head,21,103,466
kv_head,21,104,463
kv_head,21,105,496
kv_head,21,106,509
kv_head,21,107,469
kv_head,21,108,470
kv_head,21,109,526
kv_head,21,110,567
kv_head,21,111,557
kv_head,21,112,560
kv_head,21,113,597
kv_head,21,114,586
kv_head,21,115,663
kv_head,21,116,696
kv_head,21,117,750
kv_head,21,118,742
kv_head,21,119,807
kv_head,21,120,789
kv_head,21,121,884
kv_head,21,122,906
kv_head,21,123,961
kv_head,21,124,976
kv_head,21,125,1218
kv_head,21,126,1605
kv_head,21,127,2322
kv_head,21,128,13804
kv_head,22,0,57775
kv_head,22,1,11489
kv_head,22,2,7048
kv_head,22,3,5166
kv_head,22,4,4027
kv_head,22,5,3405
kv_head,22,6,3040
kv_head,22,7,2684
kv_head,22,8,2342
kv_head,22,9,2046
kv_head,22,10,1873
kv_head,22,11,1768
kv_head,22,12,1676
kv_head,22,13,1526
kv_head,22,14,1449
kv_head,22,15,1362
kv_head,22,16,1373
kv_head,22,17,1176
kv_head,22,18,1144
kv_head,22,19,1082
kv_head,22,20,1030
kv_head,22,21,1037
kv_head,22,22,1014
kv_head,22,23,984
kv_head,22,24,851
kv_head,22,25,784
kv_head,22,26,840
kv_head,22,27,781
kv_head,22,28,834
kv_head,22,29,769
kv_head,22,30,773
kv_head,22,31,732
kv_head,22,32,770
kv_head,22,33,695
kv_head,22,34,668
kv_head,22,35,654
kv_head,22,36,674
kv_head,22,37,637
kv_head,22,38,662
kv_head,22,39,605
kv_head,22,40,621
kv_head,22,41,587
kv_head,22,42,615
kv_head,22,43,595
kv_head,22,44,585
kv_head,22,45,543
kv_head,22,46,535
kv_head,22,47,544
kv_head,22,48,505
kv_head,22,49,564
kv_head,22,50,538
kv_head,22,51,535
kv_head,22,52,483
kv_head,22,53,532
kv_head,22,54,479
kv_head,22,55,522
kv_head,22,56,517
kv_head,22,57,491
kv_head,22,58,461
kv_head,22,59,514
kv_head,22,60,517
kv_head,22,61,501
kv_head,22,62,520
kv_head,22,63,492
kv_head,22,64,488
kv_head,22,65,495
kv_head,22,66,439
kv_head,22,67,500
kv_head,22,68,512
kv_head,22,69,464
kv_head,22,70,479
kv_head,22,71,478
kv_head,22,72,450
kv_head,22,73,454
kv_head,22,74,448
kv_head,22,75,482
kv_head,22,76,469
kv_head,22,77,469
kv_head,22,78,404
kv_head,22,79,418
kv_head,22,80,466
kv_head,22,81,462
kv_head,22,82,441
kv_head,22,83,436
kv_head,22,84,468
kv_head,22,85,385
kv_head,22,86,464
kv_head,22,87,423
kv_head,22,88,474
kv_head,22,89,424
kv_head,22,90,410
kv_head,22,91,434
kv_head,22,92,386
kv_head,22,93,452
kv_head,22,94,453
kv_head,22,95,414
kv_head,22,96,423
kv_head,22,97,414
kv_head,22,98,462
kv_head,22,99,436
kv_head,22,100,460
kv_head,22,101,489
kv_head,22,102,462
kv_head,22,103,442
kv_head,22,104,442
kv_head,22,105,474
kv_head,22,106,468
kv_head,22,107,492
kv_head,22,108,527
kv_head,22,109,510
kv_head,22,110,508
kv_head,22,111,527
kv_head,22,112,573
kv_head,22,113,550
kv_head,22,114,581
kv_head,22,115,634
kv_head,22,116,649
kv_head,22,117,659
kv_head,22,118,718
kv_head,22,119,738
kv_head,22,120,725
kv_head,22,121,771
kv_head,22,122,829
kv_head,22,123,947
kv_head,22,124,1107
kv_head,22,125,1237
kv_head,22,126,1617
kv_head,22,127,2428
kv_head,22,128,17827
kv_head,23,0,53247
kv_head,23,1,10736
kv_head,23,2,6961
kv_head,23,3,4972
kv_head,23,4,4074
kv_head,23,5,3437
kv_head,23,6,3025
kv_head,23,7,2677
kv_head,23,8,2450
kv_head,23,9,2254
kv_head,23,10,1978
kv_head,23,11,1833
kv_head,23,12,1752
kv_head,23,13,1689
kv_head,23,14,1610
kv_head,23,15,1472
kv_head,23,16,1418
kv_head,23,17,1290
kv_head,23,18,1272
kv_head,23,19,1256
kv_head,23,20,1201
kv_head,23,21,1173
kv_head,23,22,1109
kv_head,23,23,1071
kv_head,23,24,1033
kv_head,23,25,966
kv_head,23,26,909
kv_head,23,27,934
kv_head,23,28,915
kv_head,23,29,846
kv_head,23,30,828
kv_head,23,31,896
kv_head,23,32,828
kv_head,23,33,816
kv_head,23,34,829
kv_head,23,35,798
kv_head,23,36,703
kv_head,23,37,722
kv_head,23,38,735
kv_head,23,39,705
kv_head,23,40,671
kv_head,23,41,695
kv_head,23,42,669
kv_head,23,43,666
kv_head,23,44,678
kv_head,23,45,653
kv_head,23,46,638
kv_head,23,47,665
kv_head,23,48,617
kv_head,23,49,599
kv_head,23,50,620
kv_head,23,51,626
kv_head,23,52,629
kv_head,23,53,583
kv_head,23,54,562
kv_head,23,55,580
kv_head,23,56,545
kv_head,23,57,574
kv_head,23,58,486
kv_head,23,59,527
kv_head,23,60,518
kv_head,23,61,582
kv_head,23,62,493
kv_head,23,63,538
kv_head,23,64,528
kv_head,23,65,571
kv_head,23,66,532
kv_head,23,67,523
kv_head,23,68,504
kv_head,23,69,509
kv_head,23,70,485
kv_head,23,71,481
kv_head,23,72,440
kv_head,23,73,543
kv_head,23,74,488
kv_head,23,75,428
kv_head,23,76,484
kv_head,23,77,459
kv_head,23,78,500
kv_head,23,79,448
kv_head,23,80,462
kv_head,23,81,466
kv_head,23,82,454
kv_head,23,83,476
kv_head,23,84,509
kv_head,23,85,463
kv_head,23,86,507
kv_head,23,87,465
kv_head,23,88,485
kv_head,23,89,461
kv_head,23,90,473
kv_head,23,91,480
kv_head,23,92,487
kv_head,23,93,489
kv_head,23,94,470
kv_head,23,95,466
kv_head,23,96,448
kv_head,23,97,496
kv_head,23,98,478
kv_head,23,99,533
kv_head,23,100,488
kv_head,23,101,493
kv_head,23,102,477
kv_head,23,103,529
kv_head,23,104,537
kv_head,23,105,534
kv_head,23,106,547
kv_head,23,107,559
kv_head,23,108,583
kv_head,23,109,589
kv_head,23,110,506
kv_head,23,111,640
kv_head,23,112,596
kv_head,23,113,588
kv_head,23,114,629
kv_head,23,115,645
kv_head,23,116,665
kv_head,23,117,669
kv_head,23,118,699
kv_head,23,119,704
kv_head,23,120,709
kv_head,23,121,823
kv_head,23,122,886
kv_head,23,123,1035
kv_head,23,124,1145
kv_head,23,125,1240
kv_head,23,126,1805
kv_head,23,127,2388
kv_head,23,128,15575
kv_head,24,0,52471
kv_head,24,1,11482
kv_head,24,2,6992
kv_head,24,3,5129
kv_head,24,4,4066
kv_head,24,5,3452
kv_head,24,6,2944
kv_head,24,7,2672
kv_head,24,8,2367
kv_head,24,9,2187
kv_head,24,10,1981
kv_head,24,11,1794
kv_head,24,12,1693
kv_head,24,13,1588
kv_head,24,14,1425
kv_head,24,15,1393
kv_head,24,16,1274
kv_head,24,17,1255
kv_head,24,18,1080
kv_head,24,19,1124
kv_head,24,20,1039
kv_head,24,21,1003
kv_head,24,22,981
kv_head,24,23,952
kv_head,24,24,936
kv_head,24,25,946
kv_head,24,26,861
kv_head,24,27,844
kv_head,24,28,776
kv_head,24,29,788
kv_head,24,30,786
kv_head,24,31,770
kv_head,24,32,742
kv_head,24,33,743
kv_head,24,34,718
kv_head,24,35,694
kv_head,24,36,628
kv_head,24,37,658
kv_head,24,38,654
kv_head,24,39,633
kv_head,24,40,610
kv_head,24,41,592
kv_head,24,42,631
kv_head,24,43,590
kv_head,24,44,584
kv_head,24,45,593
kv_head,24,46,573
kv_head,24,47,596
kv_head,24,48,584
kv_head,24,49,536
kv_head,24,50,588
kv_head,24,51,516
kv_head,24,52,535
kv_head,24,53,548
kv_head,24,54,507
kv_head,24,55,525
kv_head,24,56,524
kv_head,24,57,513
kv_head,24,58,524
kv_head,24,59,542
kv_head,24,60,511
kv_head,24,61,551
kv_head,24,62,525
kv_head,24,63,508
kv_head,24,64,520
kv_head,24,65,528
kv_head,24,66,540
kv_head,24,67,524
kv_head,24,68,468
kv_head,24,69,486
kv_head,24,70,453
kv_head,24,71,470
kv_head,24,72,460
kv_head,24,73,450
kv_head,24,74,444
kv_head,24,75,447
kv_head,24,76,443
kv_head,24,77,423
kv_head,24,78,430
kv_head,24,79,463
kv_head,24,80,428
kv_head,24,81,457
kv_head,24,82,432
kv_head,24,83,452
kv_head,24,84,448
kv_head,24,85,417
kv_head,24,86,403
kv_head,24,87,443
kv_head,24,88,439
kv_head,24,89,416
kv_head,24,90,443
kv_head,24,91,439
kv_head,24,92,434
kv_head,24,93,486
kv_head,24,94,423
kv_head,24,95,504
kv_head,24,96,466
kv_head,24,97,420
kv_head,24,98,437
kv_head,24,99,455
kv_head,24,100,428
kv_head,24,101,460
kv_head,24,102,508
kv_head,24,103,473
kv_head,24,104,497
kv_head,24,105,442
kv_head,24,106,514
kv_head,24,107,461
kv_head,24,108,510
kv_head,24,109,534
kv_head,24,110,541
kv_head,24,111,591
kv_head,24,112,614
kv_head,24,113,604
kv_head,24,114,613
kv_head,24,115,684
kv_head,24,116,625
kv_head,24,117,677
kv_head,24,118,666
kv_head,24,119,703
kv_head,24,120,815
kv_head,24,121,824
kv_head,24,122,905
kv_head,24,123,1028
kv_head,24,124,1241
kv_head,24,125,1509
kv_head,24,126,2100
kv_head,24,127,3268
kv_head,24,128,19555
kv_head,25,0,61080
kv_head,25,1,11244
kv_head,25,2,6711
kv_head,25,3,4753
kv_head,25,4,3839
kv_head,25,5,3248
kv_head,25,6,2790
kv_head,25,7,2492
kv_head,25,8,2098
kv_head,25,9,1911
kv_head,25,10,1864
kv_head,25,11,1661
kv_head,25,12,1567
kv_head,25,13,1469
kv_head,25,14,1379
kv_head,25,15,1273
kv_head,25,16,1274
kv_head,25,17,1181
kv_head,25,18,1069
kv_head,25,19,1061
kv_head,25,20,1063
kv_head,25,21,976
kv_head,25,22,943
kv_head,25,23,931
kv_head,25,24,914
kv_head,25,25,806
kv_head,25,26,844
kv_head,25,27,766
kv_head,25,28,790
kv_head,25,29,827
kv_head,25,30,713
kv_head,25,31,694
kv_head,25,32,685
kv_head,25,33,732
kv_head,25,34,650
kv_head,25,35,710
kv_head,25,36,658
kv_head,25,37,622
kv_head,25,38,598
kv_head,25,39,631
kv_head,25,40,648
kv_head,25,41,586
kv_head,25,42,575
kv_head,25,43,588
kv_head,25,44,592
kv_head,25,45,591
kv_head,25,46,569
kv_head,25,47,529
kv_head,25,48,537
kv_head,25,49,523
kv_head,25,50,530
kv_head,25,51,508
kv_head,25,52,506
kv_head,25,53,474
kv_head,25,54,492
kv_head,25,55,499
kv_head,25,56,489
kv_head,25,57,443
kv_head,25,58,470
kv_head,25,59,499
kv_head,25,60,460
kv_head,25,61,479
kv_head,25,62,472
kv_head,25,63,567
kv_head,25,64,515
kv_head,25,65,440
kv_head,25,66,450
kv_head,25,67,420
kv_head,25,68,444
kv_head,25,69,434
kv_head,25,70,441
kv_head,25,71,459
kv_head,25,72,387
kv_head,25,73,391
kv_head,25,74,437
kv_head,25,75,402
kv_head,25,76,393
kv_head,25,77,425
kv_head,25,78,396
kv_head,25,79,369
kv_head,25,80,401
kv_head,25,81,408
kv_head,25,82,399
kv_head,25,83,432
kv_head,25,84,417
kv_head,25,85,407
kv_head,25,86,391
kv_head,25,87,393
kv_head,25,88,418
kv_head,25,89,409
kv_head,25,90,390
kv_head,25,91,420
kv_head,25,92,435
kv_head,25,93,433
kv_head,25,94,400
kv_head,25,95,432
kv_head,25,96,405
kv_head,25,97,405
kv_head,25,98,462
kv_head,25,99,426
kv_head,25,100,448
kv_head,25,101,443
kv_head,25,102,466
kv_head,25,103,432
kv_head,25,104,415
kv_head,25,105,468
kv_head,25,106,514
kv_head,25,107,528
kv_head,25,108,514
kv_head,25,109,512
kv_head,25,110,591
kv_head,25,111,518
kv_head,25,112,564
kv_head,25,113,590
kv_head,25,114,583
kv_head,25,115,637
kv_head,25,116,713
kv_head,25,117,739
kv_head,25,118,757
kv_head,25,119,820
kv_head,25,120,799
kv_head,25,121,856
kv_head,25,122,993
kv_head,25,123,1109
kv_head,25,124,1286
kv_head,25,125,1569
kv_head,25,126,2075
kv_head,25,127,3446
kv_head,25,128,15994
kv_head,26,0,53703
kv_head,26,1,10665
kv_head,26,2,6461
kv_head,26,3,4855
kv_head,26,4,3913
kv_head,26,5,3395
kv_head,26,6,2968
kv_head,26,7,2659
kv_head,26,8,2422
kv_head,26,9,2209
kv_head,26,10,2048
kv_head,26,11,1788
kv_head,26,12,1739
kv_head,26,13,1664
kv_head,26,14,1605
kv_head,26,15,1473
kv_head,26,16,1410
kv_head,26,17,1362
kv_head,26,18,1287
kv_head,26,19,1230
kv_head,26,20,1160
kv_head,26,21,1063
kv_head,26,22,1081
kv_head,26,23,1016
kv_head,26,24,1038
kv_head,26,25,1025
kv_head,26,26,973
kv_head,26,27,900
kv_head,26,28,874
kv_head,26,29,834
kv_head,26,30,824
kv_head,26,31,811
kv_head,26,32,789
kv_head,26,33,779
kv_head,26,34,774
kv_head,26,35,749
kv_head,26,36,653
kv_head,26,37,699
kv_head,26,38,731
kv_head,26,39,702
kv_head,26,40,721
kv_head,26,41,632
kv_head,26,42,668
kv_head,26,43,669
kv_head,26,44,648
kv_head,26,45,623
kv_head,26,46,615
kv_head,26,47,647
kv_head,26,48,592
kv_head,26,49,565
kv_head,26,50,588
kv_head,26,51,560
kv_head,26,52,542
kv_head,26,53,582
kv_head,26,54,561
kv_head,26,55,499
kv_head,26,56,525
kv_head,26,57,546
kv_head,26,58,582
kv_head,26,59,531
kv_head,26,60,544
kv_head,26,61,551
kv_head,26,62,538
kv_head,26,63,626
kv_head,26,64,521
kv_head,26,65,518
kv_head,26,66,579
kv_head,26,67,484
kv_head,26,68,491
kv_head,26,69,487
kv_head,26,70,482
kv_head,26,71,417
kv_head,26,72,466
kv_head,26,73,434
kv_head,26,74,473
kv_head,26,75,447
kv_head,26,76,445
kv_head,26,77,471
kv_head,26,78,465
kv_head,26,79,486
kv_head,26,80,499
kv_head,26,81,431
kv_head,26,82,459
kv_head,26,83,468
kv_head,26,84,445
kv_head,26,85,459
kv_head,26,86,430
kv_head,26,87,424
kv_head,26,88,449
kv_head,26,89,461
kv_head,26,90,426
kv_head,26,91,459
kv_head,26,92,410
kv_head,26,93,438
kv_head,26,94,439
kv_head,26,95,433
kv_head,26,96,408
kv_head,26,97,429
kv_head,26,98,462
kv_head,26,99,479
kv_head,26,100,405
kv_head,26,101,448
kv_head,26,102,450
kv_head,26,103,464
kv_head,26,104,466
kv_head,26,105,496
kv_head,26,106,470
kv_head,26,107,529
kv_head,26,108,534
kv_head,26,109,472
kv_head,26,110,547
kv_head,26,111,553
kv_head,26,112,546
kv_head,26,113,580
kv_head,26,114,561
kv_head,26,115,617
kv_head,26,116,571
kv_head,26,117,636
kv_head,26,118,683
kv_head,26,119,759
kv_head,26,120,787
kv_head,26,121,813
kv_head,26,122,911
kv_head,26,123,982
kv_head,26,124,1065
kv_head,26,125,1301
kv_head,26,126,1635
kv_head,26,127,2416
kv_head,26,128,18851
kv_head,27,0,55828
kv_head,27,1,11636
kv_head,27,2,7235
kv_head,27,3,5442
kv_head,27,4,4101
kv_head,27,5,3422
kv_head,27,6,2997
kv_head,27,7,2637
kv_head,27,8,2354
kv_head,27,9,2133
kv_head,27,10,2022
kv_head,27,11,1759
kv_head,27,12,1648
kv_head,27,13,1540
kv_head,27,14,1491
kv_head,27,15,1339
kv_head,27,16,1249
kv_head,27,17,1254
kv_head,27,18,1079
kv_head,27,19,1025
kv_head,27,20,1110
kv_head,27,21,1035
kv_head,27,22,949
kv_head,27,23,986
kv_head,27,24,917
kv_head,27,25,864
kv_head,27,26,878
kv_head,27,27,832
kv_head,27,28,838
kv_head,27,29,743
kv_head,27,30,766
kv_head,27,31,741
kv_head,27,32,759
kv_head,27,33,697
kv_head,27,34,714
kv_head,27,35,678
kv_head,27,36,697
kv_head,27,37,741
kv_head,27,38,631
kv_head,27,39,608
kv_head,27,40,611
kv_head,27,41,654
kv_head,27,42,686
kv_head,27,43,607
kv_head,27,44,621
kv_head,27,45,613
kv_head,27,46,576
kv_head,27,47,544
kv_head,27,48,575
kv_head,27,49,554
kv_head,27,50,537
kv_head,27,51,508
kv_head,27,52,541
kv_head,27,53,505
kv_head,27,54,513
kv_head,27,55,489
kv_head,27,56,477
kv_head,27,57,490
kv_head,27,58,516
kv_head,27,59,481
kv_head,27,60,485
kv_head,27,61,481
kv_head,27,62,501
kv_head,27,63,506
kv_head,27,64,550
kv_head,27,65,584
kv_head,27,66,524
kv_head,27,67,504
kv_head,27,68,476
kv_head,27,69,448
kv_head,27,70,512
kv_head,27,71,437
kv_head,27,72,431
kv_head,27,73,483
kv_head,27,74,423
kv_head,27,75,449
kv_head,27,76,485
kv_head,27,77,441
kv_head,27,78,456
kv_head,27,79,394
kv_head,27,80,409
kv_head,27,81,433
kv_head,27,82,405
kv_head,27,83,405
kv_head,27,84,444
kv_head,27,85,386
kv_head,27,86,426
kv_head,27,87,409
kv_head,27,88,430
kv_head,27,89,440
kv_head,27,90,410
kv_head,27,91,399
kv_head,27,92,379
kv_head,27,93,430
kv_head,27,94,425
kv_head,27,95,427
kv_head,27,96,393
kv_head,27,97,409
kv_head,27,98,427
kv_head,27,99,451
kv_head,27,100,442
kv_head,27,101,437
kv_head,27,102,428
kv_head,27,103,431
kv_head,27,104,482
kv_head,27,105,462
kv_head,27,106,486
kv_head,27,107,495
kv_head,27,108,490
kv_head,27,109,520
kv_head,27,110,525
kv_head,27,111,508
kv_head,27,112,493
kv_head,27,113,553
kv_head,27,114,575
kv_head,27,115,578
kv_head,27,116,651
kv_head,27,117,686
kv_head,27,118,730
kv_head,27,119,791
kv_head,27,120,854
kv_head,27,121,885
kv_head,27,122,1000
kv_head,27,123,1159
kv_head,27,124,1426
kv_head,27,125,1534
kv_head,27,126,2038
kv_head,27,127,3004
kv_head,27,128,16565
kv_head,28,0,52425
kv_head,28,1,10944
kv_head,28,2,6997
kv_head,28,3,5232
kv_head,28,4,4431
kv_head,28,5,3715
kv_head,28,6,3324
kv_head,28,7,2874
kv_head,28,8,2639
kv_head,28,9,2498
kv_head,28,10,2219
kv_head,28,11,2038
kv_head,28,12,1935
kv_head,28,13,1796
kv_head,28,14,1694
kv_head,28,15,1624
kv_head,28,16,1470
kv_head,28,17,1417
kv_head,28,18,1355
kv_head,28,19,1307
kv_head,28,20,1244
kv_head,28,21,1175
kv_head,28,22,1099
kv_head,28,23,1043
kv_head,28,24,1007
kv_head,28,25,996
kv_head,28,26,912
kv_head,28,27,929
kv_head,28,28,857
kv_head,28,29,804
kv_head,28,30,806
kv_head,28,31,782
kv_head,28,32,766
kv_head,28,33,785
kv_head,28,34,702
kv_head,28,35,719
kv_head,28,36,637
kv_head,28,37,638
kv_head,28,38,624
kv_head,28,39,714
kv_head,28,40,627
kv_head,28,41,626
kv_head,28,42,606
kv_head,28,43,633
kv_head,28,44,550
kv_head,28,45,561
kv_head,28,46,579
kv_head,28,47,570
kv_head,28,48,530
kv_head,28,49,535
kv_head,28,50,551
kv_head,28,51,584
kv_head,28,52,553
kv_head,28,53,521
kv_head,28,54,517
kv_head,28,55,514
kv_head,28,56,535
kv_head,28,57,524
kv_head,28,58,517
kv_head,28,59,550
kv_head,28,60,541
kv_head,28,61,576
kv_head,28,62,599
kv_head,28,63,618
kv_head,28,64,555
kv_head,28,65,551
kv_head,28,66,509
kv_head,28,67,544
kv_head,28,68,533
kv_head,28,69,490
kv_head,28,70,505
kv_head,28,71,518
kv_head,28,72,445
kv_head,28,73,477
kv_head,28,74,492
kv_head,28,75,457
kv_head,28,76,499
kv_head,28,77,482
kv_head,28,78,468
kv_head,28,79,515
kv_head,28,80,501
kv_head,28,81,502
kv_head,28,82,465
kv_head,28,83,493
kv_head,28,84,444
kv_head,28,85,503
kv_head,28,86,455
kv_head,28,87,461
kv_head,28,88,513
kv_head,28,89,462
kv_head,28,90,507
kv_head,28,91,482
kv_head,28,92,508
kv_head,28,93,484
kv_head,28,94,459
kv_head,28,95,471
kv_head,28,96,495
kv_head,28,97,478
kv_head,28,98,451
kv_head,28,99,510
kv_head,28,100,454
kv_head,28,101,472
kv_head,28,102,478
kv_head,28,103,473
kv_head,28,104,507
kv_head,28,105,486
kv_head,28,106,547
kv_head,28,107,505
kv_head,28,108,503
kv_head,28,109,514
kv_head,28,110,537
kv_head,28,111,563
kv_head,28,112,584
kv_head,28,113,575
kv_head,28,114,576
kv_head,28,115,595
kv_head,28,116,659
kv_head,28,117,684
kv_head,28,118,644
kv_head,28,119,717
kv_head,28,120,733
kv_head,28,121,771
kv_head,28,122,904
kv_head,28,123,974
kv_head,28,124,1097
kv_head,28,125,1386
kv_head,28,126,1590
kv_head,28,127,2477
kv_head,28,128,15229
kv_head,29,0,57465
kv_head,29,1,11124
kv_head,29,2,6921
kv_head,29,3,5048
kv_head,29,4,4170
kv_head,29,5,3427
kv_head,29,6,3017
kv_head,29,7,2559
kv_head,29,8,2390
kv_head,29,9,2132
kv_head,29,10,1906
kv_head,29,11,1882
kv_head,29,12,1708
kv_head,29,13,1510
kv_head,29,14,1404
kv_head,29,15,1416
kv_head,29,16,1280
kv_head,29,17,1207
kv_head,29,18,1157
kv_head,29,19,1122
kv_head,29,20,1075
kv_head,29,21,1030
kv_head,29,22,941
kv_head,29,23,953
kv_head,29,24,953
kv_head,29,25,918
kv_head,29,26,880
kv_head,29,27,788
kv_head,29,28,816
kv_head,29,29,839
kv_head,29,30,799
kv_head,29,31,768
kv_head,29,32,724
kv_head,29,33,687
kv_head,29,34,741
kv_head,29,35,620
kv_head,29,36,665
kv_head,29,37,637
kv_head,29,38,662
kv_head,29,39,639
kv_head,29,40,607
kv_head,29,41,622
kv_head,29,42,643
kv_head,29,43,616
kv_head,29,44,616
kv_head,29,45,571
kv_head,29,46,680
kv_head,29,47,576
kv_head,29,48,506
kv_head,29,49,563
kv_head,29,50,534
kv_head,29,51,531
kv_head,29,52,549
kv_head,29,53,518
kv_head,29,54,515
kv_head,29,55,580
kv_head,29,56,502
kv_head,29,57,508
kv_head,29,58,546
kv_head,29,59,533
kv_head,29,60,498
kv_head,29,61,493
kv_head,29,62,539
kv_head,29,63,505
kv_head,29,64,531
kv_head,29,65,508
kv_head,29,66,513
kv_head,29,67,476
kv_head,29,68,459
kv_head,29,69,508
kv_head,29,70,468
kv_head,29,71,450
kv_head,29,72,473
kv_head,29,73,426
kv_head,29,74,455
kv_head,29,75,432
kv_head,29,76,458
kv_head,29,77,438
kv_head,29,78,449
kv_head,29,79,431
kv_head,29,80,449
kv_head,29,81,385
kv_head,29,82,462
kv_head,29,83,422
kv_head,29,84,429
kv_head,29,85,435
kv_head,29,86,435
kv_head,29,87,424
kv_head,29,88,450
kv_head,29,89,396
kv_head,29,90,441
kv_head,29,91,428
kv_head,29,92,404
kv_head,29,93,425
kv_head,29,94,494
kv_head,29,95,452
kv_head,29,96,420
kv_head,29,97,451
kv_head,29,98,492
kv_head,29,99,439
kv_head,29,100,493
kv_head,29,101,489
kv_head,29,102,453
kv_head,29,103,446
kv_head,29,104,482
kv_head,29,105,476
kv_head,29,106,529
kv_head,29,107,524
kv_head,29,108,551
kv_head,29,109,526
kv_head,29,110,498
kv_head,29,111,526
kv_head,29,112,555
kv_head,29,113,575
kv_head,29,114,618
kv_head,29,115,640
kv_head,29,116,698
kv_head,29,117,722
kv_head,29,118,780
kv_head,29,119,825
kv_head,29,120,787
kv_head,29,121,830
kv_head,29,122,968
kv_head,29,123,1062
kv_head,29,124,1204
kv_head,29,125,1340
kv_head,29,126,1744
kv_head,29,127,2396
kv_head,29,128,16332
kv_head,3,0,55034
kv_head,3,1,12011
kv_head,3,2,7353
kv_head,3,3,5260
kv_head,3,4,4244
kv_head,3,5,3483
kv_head,3,6,2983
kv_head,3,7,2603
kv_head,3,8,2360
kv_head,3,9,2083
kv_head,3,10,1944
kv_head,3,11,1792
kv_head,3,12,1719
kv_head,3,13,1616
kv_head,3,14,1418
kv_head,3,15,1379
kv_head,3,16,1256
kv_head,3,17,1244
kv_head,3,18,1168
kv_head,3,19,1140
kv_head,3,20,1116
kv_head,3,21,1006
kv_head,3,22,1014
kv_head,3,23,965
kv_head,3,24,905
kv_head,3,25,904
kv_head,3,26,897
kv_head,3,27,847
kv_head,3,28,834
kv_head,3,29,777
kv_head,3,30,785
kv_head,3,31,811
kv_head,3,32,784
kv_head,3,33,755
kv_head,3,34,739
kv_head,3,35,701
kv_head,3,36,651
kv_head,3,37,708
kv_head,3,38,684
kv_head,3,39,671
kv_head,3,40,683
kv_head,3,41,635
kv_head,3,42,652
kv_head,3,43,655
kv_head,3,44,630
kv_head,3,45,642
kv_head,3,46,596
kv_head,3,47,575
kv_head,3,48,558
kv_head,3,49,572
kv_head,3,50,535
kv_head,3,51,536
kv_head,3,52,526
kv_head,3,53,515
kv_head,3,54,577
kv_head,3,55,494
kv_head,3,56,505
kv_head,3,57,554
kv_head,3,58,541
kv_head,3,59,524
kv_head,3,60,558
kv_head,3,61,545
kv_head,3,62,543
kv_head,3,63,535
kv_head,3,64,550
kv_head,3,65,583
kv_head,3,66,532
kv_head,3,67,515
kv_head,3,68,534
kv_head,3,69,518
kv_head,3,70,511
kv_head,3,71,554
kv_head,3,72,512
kv_head,3,73,555
kv_head,3,74,492
kv_head,3,75,524
kv_head,3,76,488
kv_head,3,77,504
kv_head,3,78,489
kv_head,3,79,497
kv_head,3,80,435
kv_head,3,81,479
kv_head,3,82,456
kv_head,3,83,520
kv_head,3,84,486
kv_head,3,85,452
kv_head,3,86,450
kv_head,3,87,490
kv_head,3,88,486
kv_head,3,89,461
kv_head,3,90,490
kv_head,3,91,508
kv_head,3,92,455
kv_head,3,93,501
kv_head,3,94,462
kv_head,3,95,499
kv_head,3,96,490
kv_head,3,97,448
kv_head,3,98,493
kv_head,3,99,472
kv_head,3,100,514
kv_head,3,101,496
kv_head,3,102,514
kv_head,3,103,543
kv_head,3,104,527
kv_head,3,105,529
kv_head,3,106,529
kv_head,3,107,536
kv_head,3,108,554
kv_head,3,109,601
kv_head,3,110,626
kv_head,3,111,622
kv_head,3,112,620
kv_head,3,113,620
kv_head,3,114,664
kv_head,3,115,673
kv_head,3,116,764
kv_head,3,117,801
kv_head,3,118,890
kv_head,3,119,903
kv_head,3,120,975
kv_head,3,121,1070
kv_head,3,122,1125
kv_head,3,123,1133
kv_head,3,124,1206
kv_head,3,125,1454
kv_head,3,126,1690
kv_head,3,127,2254
kv_head,3,128,12954
kv_head,30,0,64850
kv_head,30,1,10221
kv_head,30,2,6374
kv_head,30,3,4674
kv_head,30,4,3737
kv_head,30,5,3247
kv_head,30,6,2720
kv_head,30,7,2408
kv_head,30,8,2208
kv_head,30,9,1949
kv_head,30,10,1787
kv_head,30,11,1699
kv_head,30,12,1538
kv_head,30,13,1505
kv_head,30,14,1455
kv_head,30,15,1335
kv_head,30,16,1298
kv_head,30,17,1155
kv_head,30,18,1087
kv_head,30,19,1026
kv_head,30,20,1040
kv_head,30,21,922
kv_head,30,22,939
kv_head,30,23,930
kv_head,30,24,819
kv_head,30,25,830
kv_head,30,26,844
kv_head,30,27,759
kv_head,30,28,723
kv_head,30,29,696
kv_head,30,30,756
kv_head,30,31,691
kv_head,30,32,717
kv_head,30,33,645
kv_head,30,34,653
kv_head,30,35,602
kv_head,30,36,626
kv_head,30,37,582
kv_head,30,38,623
kv_head,30,39,580
kv_head,30,40,573
kv_head,30,41,556
kv_head,30,42,565
kv_head,30,43,543
kv_head,30,44,540
kv_head,30,45,508
kv_head,30,46,536
kv_head,30,47,530
kv_head,30,48,533
kv_head,30,49,498
kv_head,30,50,510
kv_head,30,51,472
kv_head,30,52,477
kv_head,30,53,489
kv_head,30,54,474
kv_head,30,55,467
kv_head,30,56,481
kv_head,30,57,431
kv_head,30,58,473
kv_head,30,59,453
kv_head,30,60,477
kv_head,30,61,479
kv_head,30,62,466
kv_head,30,63,460
kv_head,30,64,504
kv_head,30,65,485
kv_head,30,66,467
kv_head,30,67,467
kv_head,30,68,426
kv_head,30,69,455
kv_head,30,70,410
kv_head,30,71,463
kv_head,30,72,467
kv_head,30,73,435
kv_head,30,74,446
kv_head,30,75,412
kv_head,30,76,412
kv_head,30,77,400
kv_head,30,78,396
kv_head,30,79,402
kv_head,30,80,408
kv_head,30,81,383
kv_head,30,82,402
kv_head,30,83,409
kv_head,30,84,406
kv_head,30,85,399
kv_head,30,86,381
kv_head,30,87,424
kv_head,30,88,402
kv_head,30,89,401
kv_head,30,90,433
kv_head,30,91,397
kv_head,30,92,432
kv_head,30,93,448
kv_head,30,94,440
kv_head,30,95,436
kv_head,30,96,419
kv_head,30,97,427
kv_head,30,98,485
kv_head,30,99,465
kv_head,30,100,420
kv_head,30,101,473
kv_head,30,102,481
kv_head,30,103,481
kv_head,30,104,465
kv_head,30,105,508
kv_head,30,106,541
kv_head,30,107,521
kv_head,30,108,495
kv_head,30,109,509
kv_head,30,110,553
kv_head,30,111,553
kv_head,30,112,591
kv_head,30,113,590
kv_head,30,114,682
kv_head,30,115,783
kv_head,30,116,824
kv_head,30,117,830
kv_head,30,118,768
kv_head,30,119,861
kv_head,30,120,919
kv_head,30,121,904
kv_head,30,122,926
kv_head,30,123,1023
kv_head,30,124,1132
kv_head,30,125,1375
kv_head,30,126,1643
kv_head,30,127,2474
kv_head,30,128,15598
kv_head,31,0,53285
kv_head,31,1,11560
kv_head,31,2,7267
kv_head,31,3,5353
kv_head,31,4,4300
kv_head,31,5,3513
kv_head,31,6,3140
kv_head,31,7,2735
kv_head,31,8,2510
kv_head,31,9,2241
kv_head,31,10,2068
kv_head,31,11,1903
kv_head,31,12,1724
kv_head,31,13,1582
kv_head,31,14,1542
kv_head,31,15,1478
kv_head,31,16,1359
kv_head,31,17,1288
kv_head,31,18,1265
kv_head,31,19,1192
kv_head,31,20,1145
kv_head,31,21,1041
kv_head,31,22,978
kv_head,31,23,976
kv_head,31,24,960
kv_head,31,25,938
kv_head,31,26,887
kv_head,31,27,845
kv_head,31,28,816
kv_head,31,29,811
kv_head,31,30,783
kv_head,31,31,826
kv_head,31,32,741
kv_head,31,33,731
kv_head,31,34,705
kv_head,31,35,683
kv_head,31,36,679
kv_head,31,37,706
kv_head,31,38,639
kv_head,31,39,648
kv_head,31,40,630
kv_head,31,41,637
kv_head,31,42,581
kv_head,31,43,588
kv_head,31,44,636
kv_head,31,45,579
kv_head,31,46,595
kv_head,31,47,537
kv_head,31,48,572
kv_head,31,49,574
kv_head,31,50,559
kv_head,31,51,508
kv_head,31,52,526
kv_head,31,53,557
kv_head,31,54,489
kv_head,31,55,523
kv_head,31,56,506
kv_head,31,57,487
kv_head,31,58,480
kv_head,31,59,482
kv_head,31,60,504
kv_head,31,61,460
kv_head,31,62,474
kv_head,31,63,523
kv_head,31,64,546
kv_head,31,65,531
kv_head,31,66,464
kv_head,31,67,492
kv_head,31,68,458
kv_head,31,69,452
kv_head,31,70,473
kv_head,31,71,470
kv_head,31,72,448
kv_head,31,73,514
kv_head,31,74,455
kv_head,31,75,477
kv_head,31,76,453
kv_head,31,77,439
kv_head,31,78,452
kv_head,31,79,442
kv_head,31,80,477
kv_head,31,81,411
kv_head,31,82,451
kv_head,31,83,450
kv_head,31,84,463
kv_head,31,85,481
kv_head,31,86,457
kv_head,31,87,410
kv_head,31,88,435
kv_head,31,89,422
kv_head,31,90,440
kv_head,31,91,463
kv_head,31,92,406
kv_head,31,93,414
kv_head,31,94,447
kv_head,31,95,464
kv_head,31,96,435
kv_head,31,97,465
kv_head,31,98,479
kv_head,31,99,427
kv_head,31,100,415
kv_head,31,101,438
kv_head,31,102,410
kv_head,31,103,466
kv_head,31,104,463
kv_head,31,105,449
kv_head,31,106,457
kv_head,31,107,469
kv_head,31,108,477
kv_head,31,109,515
kv_head,31,110,487
kv_head,31,111,528
kv_head,31,112,467
kv_head,31,113,505
kv_head,31,114,570
kv_head,31,115,581
kv_head,31,116,569
kv_head,31,117,592
kv_head,31,118,637
kv_head,31,119,675
kv_head,31,120,730
kv_head,31,121,868
kv_head,31,122,886
kv_head,31,123,1028
kv_head,31,124,1301
kv_head,31,125,1369
kv_head,31,126,1895
kv_head,31,127,2825
kv_head,31,128,18223
kv_head,4,0,62630
kv_head,4,1,11043
kv_head,4,2,6828
kv_head,4,3,5080
kv_head,4,4,3974
kv_head,4,5,3360
kv_head,4,6,2787
kv_head,4,7,2541
kv_head,4,8,2266
kv_head,4,9,2056
kv_head,4,10,1797
kv_head,4,11,1723
kv_head,4,12,1614
kv_head,4,13,1487
kv_head,4,14,1373
kv_head,4,15,1313
kv_head,4,16,1251
kv_head,4,17,1177
kv_head,4,18,1107
kv_head,4,19,1027
kv_head,4,20,1026
kv_head,4,21,943
kv_head,4,22,878
kv_head,4,23,853
kv_head,4,24,901
kv_head,4,25,819
kv_head,4,26,801
kv_head,4,27,736
kv_head,4,28,721
kv_head,4,29,730
kv_head,4,30,673
kv_head,4,31,716
kv_head,4,32,685
kv_head,4,33,621
kv_head,4,34,628
kv_head,4,35,609
kv_head,4,36,612
kv_head,4,37,658
kv_head,4,38,631
kv_head,4,39,585
kv_head,4,40,574
kv_head,4,41,558
kv_head,4,42,539
kv_head,4,43,575
kv_head,4,44,516
kv_head,4,45,527
kv_head,4,46,546
kv_head,4,47,517
kv_head,4,48,512
kv_head,4,49,543
kv_head,4,50,518
kv_head,4,51,516
kv_head,4,52,554
kv_head,4,53,504
kv_head,4,54,512
kv_head,4,55,520
kv_head,4,56,483
kv_head,4,57,495
kv_head,4,58,526
kv_head,4,59,520
kv_head,4,60,518
kv_head,4,61,530
kv_head,4,62,495
kv_head,4,63,545
kv_head,4,64,493
kv_head,4,65,508
kv_head,4,66,489
kv_head,4,67,498
kv_head,4,68,473
kv_head,4,69,515
kv_head,4,70,503
kv_head,4,71,507
kv_head,4,72,450
kv_head,4,73,418
kv_head,4,74,472
kv_head,4,75,464
kv_head,4,76,454
kv_head,4,77,443
kv_head,4,78,423
kv_head,4,79,449
kv_head,4,80,440
kv_head,4,81,430
kv_head,4,82,431
kv_head,4,83,439
kv_head,4,84,372
kv_head,4,85,409
kv_head,4,86,427
kv_head,4,87,446
kv_head,4,88,438
kv_head,4,89,447
kv_head,4,90,423
kv_head,4,91,415
kv_head,4,92,420
kv_head,4,93,427
kv_head,4,94,462
kv_head,4,95,440
kv_head,4,96,442
kv_head,4,97,456
kv_head,4,98,457
kv_head,4,99,486
kv_head,4,100,432
kv_head,4,101,410
kv_head,4,102,430
kv_head,4,103,463
kv_head,4,104,442
kv_head,4,105,488
kv_head,4,106,454
kv_head,4,107,507
kv_head,4,108,505
kv_head,4,109,524
kv_head,4,110,522
kv_head,4,111,585
kv_head,4,112,476
kv_head,4,113,557
kv_head,4,114,610
kv_head,4,115,592
kv_head,4,116,617
kv_head,4,117,642
kv_head,4,118,653
kv_head,4,119,682
kv_head,4,120,714
kv_head,4,121,866
kv_head,4,122,920
kv_head,4,123,951
kv_head,4,124,1082
kv_head,4,125,1462
kv_head,4,126,1816
kv_head,4,127,2576
kv_head,4,128,15461
kv_head,5,0,59021
kv_head,5,1,11323
kv_head,5,2,7014
kv_head,5,3,5170
kv_head,5,4,3986
kv_head,5,5,3288
kv_head,5,6,2971
kv_head,5,7,2521
kv_head,5,8,2190
kv_head,5,9,2069
kv_head,5,10,1859
kv_head,5,11,1688
kv_head,5,12,1650
kv_head,5,13,1493
kv_head,5,14,1517
kv_head,5,15,1354
kv_head,5,16,1262
kv_head,5,17,1157
kv_head,5,18,1148
kv_head,5,19,1091
kv_head,5,20,1037
kv_head,5,21,954
kv_head,5,22,950
kv_head,5,23,951
kv_head,5,24,848
kv_head,5,25,858
kv_head,5,26,858
kv_head,5,27,829
kv_head,5,28,804
kv_head,5,29,788
kv_head,5,30,823
kv_head,5,31,718
kv_head,5,32,698
kv_head,5,33,712
kv_head,5,34,649
kv_head,5,35,714
kv_head,5,36,628
kv_head,5,37,663
kv_head,5,38,643
kv_head,5,39,594
kv_head,5,40,557
kv_head,5,41,537
kv_head,5,42,588
kv_head,5,43,581
kv_head,5,44,627
kv_head,5,45,593
kv_head,5,46,549
kv_head,5,47,538
kv_head,5,48,534
kv_head,5,49,555
kv_head,5,50,496
kv_head,5,51,525
kv_head,5,52,520
kv_head,5,53,422
kv_head,5,54,482
kv_head,5,55,477
kv_head,5,56,490
kv_head,5,57,485
kv_head,5,58,494
kv_head,5,59,476
kv_head,5,60,463
kv_head,5,61,477
kv_head,5,62,478
kv_head,5,63,492
kv_head,5,64,467
kv_head,5,65,457
kv_head,5,66,469
kv_head,5,67,498
kv_head,5,68,455
kv_head,5,69,453
kv_head,5,70,457
kv_head,5,71,436
kv_head,5,72,389
kv_head,5,73,467
kv_head,5,74,423
kv_head,5,75,422
kv_head,5,76,409
kv_head,5,77,415
kv_head,5,78,440
kv_head,5,79,413
kv_head,5,80,380
kv_head,5,81,400
kv_head,5,82,425
kv_head,5,83,407
kv_head,5,84,392
kv_head,5,85,444
kv_head,5,86,420
kv_head,5,87,429
kv_head,5,88,396
kv_head,5,89,436
kv_head,5,90,408
kv_head,5,91,363
kv_head,5,92,438
kv_head,5,93,384
kv_head,5,94,373
kv_head,5,95,397
kv_head,5,96,384
kv_head,5,97,423
kv_head,5,98,420
kv_head,5,99,449
kv_head,5,100,438
kv_head,5,101,416
kv_head,5,102,412
kv_head,5,103,408
kv_head,5,104,420
kv_head,5,105,478
kv_head,5,106,466
kv_head,5,107,418
kv_head,5,108,448
kv_head,5,109,435
kv_head,5,110,485
kv_head,5,111,523
kv_head,5,112,521
kv_head,5,113,539
kv_head,5,114,616
kv_head,5,115,592
kv_head,5,116,615
kv_head,5,117,674
kv_head,5,118,635
kv_head,5,119,719
kv_head,5,120,747
kv_head,5,121,814
kv_head,5,122,889
kv_head,5,123,995
kv_head,5,124,1184
kv_head,5,125,1565
kv_head,5,126,1783
kv_head,5,127,2762
kv_head,5,128,18446
kv_head,6,0,60177
kv_head,6,1,10874
kv_head,6,2,7155
kv_head,6,3,5211
kv_head,6,4,4222
kv_head,6,5,3494
kv_head,6,6,3054
kv_head,6,7,2603
kv_head,6,8,2471
kv_head,6,9,2176
kv_head,6,10,2027
kv_head,6,11,1936
kv_head,6,12,1717
kv_head,6,13,1672
kv_head,6,14,1502
kv_head,6,15,1373
kv_head,6,16,1276
kv_head,6,17,1284
kv_head,6,18,1188
kv_head,6,19,1205
kv_head,6,20,1074
kv_head,6,21,1067
kv_head,6,22,980
kv_head,6,23,980
kv_head,6,24,959
kv_head,6,25,929
kv_head,6,26,935
kv_head,6,27,859
kv_head,6,28,834
kv_head,6,29,788
kv_head,6,30,740
kv_head,6,31,785
kv_head,6,32,769
kv_head,6,33,746
kv_head,6,34,742
kv_head,6,35,714
kv_head,6,36,690
kv_head,6,37,681
kv_head,6,38,661
kv_head,6,39,647
kv_head,6,40,612
kv_head,6,41,638
kv_head,6,42,612
kv_head,6,43,589
kv_head,6,44,589
kv_head,6,45,583
kv_head,6,46,572
kv_head,6,47,596
kv_head,6,48,571
kv_head,6,49,559
kv_head,6,50,537
kv_head,6,51,553
kv_head,6,52,565
kv_head,6,53,536
kv_head,6,54,555
kv_head,6,55,578
kv_head,6,56,534
kv_head,6,57,498
kv_head,6,58,531
kv_head,6,59,543
kv_head,6,60,537
kv_head,6,61,551
kv_head,6,62,512
kv_head,6,63,560
kv_head,6,64,560
kv_head,6,65,583
kv_head,6,66,478
kv_head,6,67,529
kv_head,6,68,538
kv_head,6,69,488
kv_head,6,70,457
kv_head,6,71,455
kv_head,6,72,462
kv_head,6,73,478
kv_head,6,74,492
kv_head,6,75,485
kv_head,6,76,450
kv_head,6,77,480
kv_head,6,78,469
kv_head,6,79,461
kv_head,6,80,421
kv_head,6,81,464
kv_head,6,82,450
kv_head,6,83,454
kv_head,6,84,438
kv_head,6,85,456
kv_head,6,86,440
kv_head,6,87,471
kv_head,6,88,466
kv_head,6,89,446
kv_head,6,90,415
kv_head,6,91,450
kv_head,6,92,433
kv_head,6,93,428
kv_head,6,94,450
kv_head,6,95,410
kv_head,6,96,444
kv_head,6,97,407
kv_head,6,98,411
kv_head,6,99,428
kv_head,6,100,440
kv_head,6,101,439
kv_head,6,102,475
kv_head,6,103,496
kv_head,6,104,442
kv_head,6,105,474
kv_head,6,106,470
kv_head,6,107,506
kv_head,6,108,496
kv_head,6,109,470
kv_head,6,110,506
kv_head,6,111,541
kv_head,6,112,484
kv_head,6,113,549
kv_head,6,114,538
kv_head,6,115,557
kv_head,6,116,621
kv_head,6,117,590
kv_head,6,118,610
kv_head,6,119,627
kv_head,6,120,664
kv_head,6,121,730
kv_head,6,122,771
kv_head,6,123,798
kv_head,6,124,881
kv_head,6,125,1067
kv_head,6,126,1478
kv_head,6,127,2225
kv_head,6,128,14308
kv_head,7,0,44462
kv_head,7,1,11353
kv_head,7,2,7465
kv_head,7,3,5432
kv_head,7,4,4382
kv_head,7,5,3706
kv_head,7,6,3202
kv_head,7,7,2920
kv_head,7,8,2603
kv_head,7,9,2392
kv_head,7,10,2179
kv_head,7,11,2009
kv_head,7,12,1891
kv_head,7,13,1768
kv_head,7,14,1612
kv_head,7,15,1695
kv_head,7,16,1525
kv_head,7,17,1447
kv_head,7,18,1360
kv_head,7,19,1265
kv_head,7,20,1154
kv_head,7,21,1144
kv_head,7,22,1222
kv_head,7,23,1106
kv_head,7,24,1034
kv_head,7,25,1016
kv_head,7,26,983
kv_head,7,27,968
kv_head,7,28,856
kv_head,7,29,938
kv_head,7,30,855
kv_head,7,31,824
kv_head,7,32,826
kv_head,7,33,824
kv_head,7,34,775
kv_head,7,35,871
kv_head,7,36,790
kv_head,7,37,790
kv_head,7,38,718
kv_head,7,39,743
kv_head,7,40,745
kv_head,7,41,721
kv_head,7,42,681
kv_head,7,43,686
kv_head,7,44,702
kv_head,7,45,683
kv_head,7,46,625
kv_head,7,47,622
kv_head,7,48,633
kv_head,7,49,604
kv_head,7,50,635
kv_head,7,51,618
kv_head,7,52,589
kv_head,7,53,611
kv_head,7,54,614
kv_head,7,55,597
kv_head,7,56,622
kv_head,7,57,589
kv_head,7,58,614
kv_head,7,59,586
kv_head,7,60,589
kv_head,7,61,584
kv_head,7,62,577
kv_head,7,63,570
kv_head,7,64,513
kv_head,7,65,555
kv_head,7,66,570
kv_head,7,67,534
kv_head,7,68,540
kv_head,7,69,522
kv_head,7,70,534
kv_head,7,71,492
kv_head,7,72,515
kv_head,7,73,483
kv_head,7,74,506
kv_head,7,75,497
kv_head,7,76,511
kv_head,7,77,549
kv_head,7,78,511
kv_head,7,79,497
kv_head,7,80,498
kv_head,7,81,483
kv_head,7,82,490
kv_head,7,83,496
kv_head,7,84,461
kv_head,7,85,514
kv_head,7,86,510
kv_head,7,87,474
kv_head,7,88,470
kv_head,7,89,487
kv_head,7,90,454
kv_head,7,91,516
kv_head,7,92,489
kv_head,7,93,412
kv_head,7,94,490
kv_head,7,95,507
kv_head,7,96,498
kv_head,7,97,492
kv_head,7,98,476
kv_head,7,99,499
kv_head,7,100,513
kv_head,7,101,481
kv_head,7,102,547
kv_head,7,103,467
kv_head,7,104,533
kv_head,7,105,530
kv_head,7,106,577
kv_head,7,107,510
kv_head,7,108,544
kv_head,7,109,608
kv_head,7,110,599
kv_head,7,111,558
kv_head,7,112,612
kv_head,7,113,577
kv_head,7,114,646
kv_head,7,115,686
kv_head,7,116,705
kv_head,7,117,733
kv_head,7,118,743
kv_head,7,119,808
kv_head,7,120,850
kv_head,7,121,931
kv_head,7,122,956
kv_head,7,123,1194
kv_head,7,124,1381
kv_head,7,125,1744
kv_head,7,126,2233
kv_head,7,127,3149
kv_head,7,128,15946
kv_head,8,0,58628
kv_head,8,1,11453
kv_head,8,2,7180
kv_head,8,3,5161
kv_head,8,4,4211
kv_head,8,5,3477
kv_head,8,6,3034
kv_head,8,7,2696
kv_head,8,8,2421
kv_head,8,9,2188
kv_head,8,10,1927
kv_head,8,11,1837
kv_head,8,12,1640
kv_head,8,13,1535
kv_head,8,14,1407
kv_head,8,15,1308
kv_head,8,16,1246
kv_head,8,17,1231
kv_head,8,18,1170
kv_head,8,19,1073
kv_head,8,20,1044
kv_head,8,21,997
kv_head,8,22,915
kv_head,8,23,935
kv_head,8,24,944
kv_head,8,25,886
kv_head,8,26,808
kv_head,8,27,801
kv_head,8,28,795
kv_head,8,29,765
kv_head,8,30,727
kv_head,8,31,702
kv_head,8,32,735
kv_head,8,33,722
kv_head,8,34,656
kv_head,8,35,669
kv_head,8,36,689
kv_head,8,37,668
kv_head,8,38,627
kv_head,8,39,586
kv_head,8,40,556
kv_head,8,41,594
kv_head,8,42,588
kv_head,8,43,542
kv_head,8,44,583
kv_head,8,45,575
kv_head,8,46,535
kv_head,8,47,546
kv_head,8,48,488
kv_head,8,49,537
kv_head,8,50,507
kv_head,8,51,507
kv_head,8,52,536
kv_head,8,53,480
kv_head,8,54,547
kv_head,8,55,514
kv_head,8,56,463
kv_head,8,57,515
kv_head,8,58,508
kv_head,8,59,481
kv_head,8,60,481
kv_head,8,61,504
kv_head,8,62,473
kv_head,8,63,488
kv_head,8,64,490
kv_head,8,65,479
kv_head,8,66,519
kv_head,8,67,483
kv_head,8,68,485
kv_head,8,69,462
kv_head,8,70,453
kv_head,8,71,412
kv_head,8,72,422
kv_head,8,73,427
kv_head,8,74,435
kv_head,8,75,450
kv_head,8,76,427
kv_head,8,77,376
kv_head,8,78,387
kv_head,8,79,408
kv_head,8,80,457
kv_head,8,81,408
kv_head,8,82,405
kv_head,8,83,390
kv_head,8,84,393
kv_head,8,85,424
kv_head,8,86,388
kv_head,8,87,388
kv_head,8,88,425
kv_head,8,89,433
kv_head,8,90,389
kv_head,8,91,388
kv_head,8,92,427
kv_head,8,93,402
kv_head,8,94,405
kv_head,8,95,450
kv_head,8,96,416
kv_head,8,97,414
kv_head,8,98,392
kv_head,8,99,424
kv_head,8,100,427
kv_head,8,101,430
kv_head,8,102,444
kv_head,8,103,469
kv_head,8,104,468
kv_head,8,105,431
kv_head,8,106,484
kv_head,8,107,470
kv_head,8,108,506
kv_head,8,109,465
kv_head,8,110,523
kv_head,8,111,496
kv_head,8,112,546
kv_head,8,113,581
kv_head,8,114,580
kv_head,8,115,623
kv_head,8,116,636
kv_head,8,117,648
kv_head,8,118,682
kv_head,8,119,776
kv_head,8,120,843
kv_head,8,121,892
kv_head,8,122,894
kv_head,8,123,973
kv_head,8,124,1050
kv_head,8,125,1294
kv_head,8,126,1620
kv_head,8,127,2686
kv_head,8,128,17296
kv_head,9,0,47062
kv_head,9,1,11308
kv_head,9,2,7282
kv_head,9,3,5547
kv_head,9,4,4557
kv_head,9,5,3929
kv_head,9,6,3338
kv_head,9,7,2966
kv_head,9,8,2613
kv_head,9,9,2439
kv_head,9,10,2229
kv_head,9,11,2051
kv_head,9,12,1942
kv_head,9,13,1686
kv_head,9,14,1624
kv_head,9,15,1467
kv_head,9,16,1452
kv_head,9,17,1365
kv_head,9,18,1246
kv_head,9,19,1197
kv_head,9,20,1171
kv_head,9,21,1157
kv_head,9,22,1048
kv_head,9,23,1010
kv_head,9,24,951
kv_head,9,25,1005
kv_head,9,26,914
kv_head,9,27,854
kv_head,9,28,864
kv_head,9,29,819
kv_head,9,30,825
kv_head,9,31,821
kv_head,9,32,738
kv_head,9,33,728
kv_head,9,34,717
kv_head,9,35,711
kv_head,9,36,696
kv_head,9,37,741
kv_head,9,38,657
kv_head,9,39,731
kv_head,9,40,661
kv_head,9,41,639
kv_head,9,42,622
kv_head,9,43,587
kv_head,9,44,632
kv_head,9,45,588
kv_head,9,46,604
kv_head,9,47,591
kv_head,9,48,606
kv_head,9,49,576
kv_head,9,50,597
kv_head,9,51,560
kv_head,9,52,568
kv_head,9,53,565
kv_head,9,54,529
kv_head,9,55,547
kv_head,9,56,560
kv_head,9,57,566
kv_head,9,58,576
kv_head,9,59,590
kv_head,9,60,508
kv_head,9,61,574
kv_head,9,62,564
kv_head,9,63,567
kv_head,9,64,577
kv_head,9,65,548
kv_head,9,66,537
kv_head,9,67,525
kv_head,9,68,558
kv_head,9,69,544
kv_head,9,70,579
kv_head,9,71,526
kv_head,9,72,513
kv_head,9,73,553
kv_head,9,74,560
kv_head,9,75,516
kv_head,9,76,510
kv_head,9,77,483
kv_head,9,78,527
kv_head,9,79,514
kv_head,9,80,523
kv_head,9,81,509
kv_head,9,82,523
kv_head,9,83,510
kv_head,9,84,510
kv_head,9,85,493
kv_head,9,86,512
kv_head,9,87,514
kv_head,9,88,517
kv_head,9,89,504
kv_head,9,90,523
kv_head,9,91,464
kv_head,9,92,506
kv_head,9,93,487
kv_head,9,94,482
kv_head,9,95,503
kv_head,9,96,533
kv_head,9,97,488
kv_head,9,98,495
kv_head,9,99,506
kv_head,9,100,497
kv_head,9,101,481
kv_head,9,102,540
kv_head,9,103,515
kv_head,9,104,528
kv_head,9,105,517
kv_head,9,106,523
kv_head,9,107,561
kv_head,9,108,534
kv_head,9,109,587
kv_head,9,110,570
kv_head,9,111,567
kv_head,9,112,591
kv_head,9,113,661
kv_head,9,114,658
kv_head,9,115,684
kv_head,9,116,725
kv_head,9,117,722
kv_head,9,118,735
kv_head,9,119,870
kv_head,9,120,897
kv_head,9,121,930
kv_head,9,122,1000
kv_head,9,123,1176
kv_head,9,124,1328
kv_head,9,125,1651
kv_head,9,126,2204
kv_head,9,127,3413
kv_head,9,128,14836
kv_tile,0,0,47174
kv_tile,0,1,6749
kv_tile,0,2,3857
kv_tile,0,3,2540
kv_tile,0,4,1898
kv_tile,0,5,1526
kv_tile,0,6,1262
kv_tile,0,7,1037
kv_tile,0,8,916
kv_tile,0,9,865
kv_tile,0,10,711
kv_tile,0,11,672
kv_tile,0,12,628
kv_tile,0,13,552
kv_tile,0,14,538
kv_tile,0,15,465
kv_tile,0,16,437
kv_tile,0,17,421
kv_tile,0,18,380
kv_tile,0,19,358
kv_tile,0,20,346
kv_tile,0,21,337
kv_tile,0,22,341
kv_tile,0,23,312
kv_tile,0,24,305
kv_tile,0,25,317
kv_tile,0,26,288
kv_tile,0,27,294
kv_tile,0,28,259
kv_tile,0,29,263
kv_tile,0,30,266
kv_tile,0,31,217
kv_tile,0,32,205
kv_tile,0,33,235
kv_tile,0,34,241
kv_tile,0,35,250
kv_tile,0,36,215
kv_tile,0,37,206
kv_tile,0,38,217
kv_tile,0,39,209
kv_tile,0,40,251
kv_tile,0,41,222
kv_tile,0,42,205
kv_tile,0,43,191
kv_tile,0,44,223
kv_tile,0,45,188
kv_tile,0,46,186
kv_tile,0,47,194
kv_tile,0,48,201
kv_tile,0,49,191
kv_tile,0,50,190
kv_tile,0,51,176
kv_tile,0,52,161
kv_tile,0,53,196
kv_tile,0,54,196
kv_tile,0,55,188
kv_tile,0,56,182
kv_tile,0,57,170
kv_tile,0,58,171
kv_tile,0,59,173
kv_tile,0,60,156
kv_tile,0,61,174
kv_tile,0,62,177
kv_tile,0,63,196
kv_tile,0,64,191
kv_tile,0,65,195
kv_tile,0,66,182
kv_tile,0,67,161
kv_tile,0,68,162
kv_tile,0,69,172
kv_tile,0,70,132
kv_tile,0,71,176
kv_tile,0,72,145
kv_tile,0,73,148
kv_tile,0,74,154
kv_tile,0,75,124
kv_tile,0,76,134
kv_tile,0,77,128
kv_tile,0,78,127
kv_tile,0,79,137
kv_tile,0,80,134
kv_tile,0,81,138
kv_tile,0,82,125
kv_tile,0,83,124
kv_tile,0,84,138
kv_tile,0,85,142
kv_tile,0,86,140
kv_tile,0,87,128
kv_tile,0,88,129
kv_tile,0,89,155
kv_tile,0,90,139
kv_tile,0,91,116
kv_tile,0,92,148
kv_tile,0,93,152
kv_tile,0,94,138
kv_tile,0,95,130
kv_tile,0,96,123
kv_tile,0,97,144
kv_tile,0,98,157
kv_tile,0,99,138
kv_tile,0,100,142
kv_tile,0,101,130
kv_tile,0,102,142
kv_tile,0,103,154
kv_tile,0,104,146
kv_tile,0,105,164
kv_tile,0,106,175
kv_tile,0,107,173
kv_tile,0,108,164
kv_tile,0,109,171
kv_tile,0,110,185
kv_tile,0,111,207
kv_tile,0,112,184
kv_tile,0,113,183
kv_tile,0,114,196
kv_tile,0,115,214
kv_tile,0,116,250
kv_tile,0,117,227
kv_tile,0,118,264
kv_tile,0,119,254
kv_tile,0,120,276
kv_tile,0,121,317
kv_tile,0,122,360
kv_tile,0,123,374
kv_tile,0,124,427
kv_tile,0,125,483
kv_tile,0,126,643
kv_tile,0,127,853
kv_tile,0,128,2773
kv_tile,1,0,35583
kv_tile,1,1,7476
kv_tile,1,2,4508
kv_tile,1,3,3068
kv_tile,1,4,2291
kv_tile,1,5,1871
kv_tile,1,6,1514
kv_tile,1,7,1300
kv_tile,1,8,1079
kv_tile,1,9,944
kv_tile,1,10,842
kv_tile,1,11,778
kv_tile,1,12,700
kv_tile,1,13,653
kv_tile,1,14,574
kv_tile,1,15,546
kv_tile,1,16,521
kv_tile,1,17,489
kv_tile,1,18,432
kv_tile,1,19,447
kv_tile,1,20,405
kv_tile,1,21,387
kv_tile,1,22,376
kv_tile,1,23,355
kv_tile,1,24,361
kv_tile,1,25,351
kv_tile,1,26,358
kv_tile,1,27,322
kv_tile,1,28,324
kv_tile,1,29,295
kv_tile,1,30,273
kv_tile,1,31,288
kv_tile,1,32,274
kv_tile,1,33,280
kv_tile,1,34,280
kv_tile,1,35,266
kv_tile,1,36,262
kv_tile,1,37,279
kv_tile,1,38,209
kv_tile,1,39,258
kv_tile,1,40,259
kv_tile,1,41,247
kv_tile,1,42,260
kv_tile,1,43,265
kv_tile,1,44,210
kv_tile,1,45,231
kv_tile,1,46,181
kv_tile,1,47,217
kv_tile,1,48,250
kv_tile,1,49,231
kv_tile,1,50,208
kv_tile,1,51,194
kv_tile,1,52,217
kv_tile,1,53,219
kv_tile,1,54,207
kv_tile,1,55,199
kv_tile,1,56,173
kv_tile,1,57,204
kv_tile,1,58,209
kv_tile,1,59,196
kv_tile,1,60,188
kv_tile,1,61,206
kv_tile,1,62,176
kv_tile,1,63,193
kv_tile,1,64,190
kv_tile,1,65,211
kv_tile,1,66,176
kv_tile,1,67,194
kv_tile,1,68,210
kv_tile,1,69,192
kv_tile,1,70,203
kv_tile,1,71,194
kv_tile,1,72,188
kv_tile,1,73,196
kv_tile,1,74,212
kv_tile,1,75,184
kv_tile,1,76,200
kv_tile,1,77,187
kv_tile,1,78,170
kv_tile,1,79,196
kv_tile,1,80,216
kv_tile,1,81,193
kv_tile,1,82,217
kv_tile,1,83,218
kv_tile,1,84,203
kv_tile,1,85,215
kv_tile,1,86,197
kv_tile,1,87,208
kv_tile,1,88,184
kv_tile,1,89,203
kv_tile,1,90,191
kv_tile,1,91,184
kv_tile,1,92,233
kv_tile,1,93,211
kv_tile,1,94,179
kv_tile,1,95,215
kv_tile,1,96,224
kv_tile,1,97,175
kv_tile,1,98,206
kv_tile,1,99,238
kv_tile,1,100,219
kv_tile,1,101,202
kv_tile,1,102,215
kv_tile,1,103,231
kv_tile,1,104,219
kv_tile,1,105,227
kv_tile,1,106,243
kv_tile,1,107,251
kv_tile,1,108,274
kv_tile,1,109,270
kv_tile,1,110,288
kv_tile,1,111,290
kv_tile,1,112,269
kv_tile,1,113,280
kv_tile,1,114,332
kv_tile,1,115,313
kv_tile,1,116,371
kv_tile,1,117,341
kv_tile,1,118,368
kv_tile,1,119,382
kv_tile,1,120,413
kv_tile,1,121,447
kv_tile,1,122,454
kv_tile,1,123,508
kv_tile,1,124,576
kv_tile,1,125,652
kv_tile,1,126,872
kv_tile,1,127,1127
kv_tile,1,128,3498
kv_tile,10,0,42207
kv_tile,10,1,7210
kv_tile,10,2,4058
kv_tile,10,3,2789
kv_tile,10,4,2155
kv_tile,10,5,1652
kv_tile,10,6,1450
kv_tile,10,7,1155
kv_tile,10,8,1011
kv_tile,10,9,933
kv_tile,10,10,862
kv_tile,10,11,747
kv_tile,10,12,739
kv_tile,10,13,658
kv_tile,10,14,587
kv_tile,10,15,568
kv_tile,10,16,577
kv_tile,10,17,501
kv_tile,10,18,477
kv_tile,10,19,428
kv_tile,10,20,426
kv_tile,10,21,426
kv_tile,10,22,421
kv_tile,10,23,374
kv_tile,10,24,337
kv_tile,10,25,334
kv_tile,10,26,327
kv_tile,10,27,317
kv_tile,10,28,309
kv_tile,10,29,337
kv_tile,10,30,284
kv_tile,10,31,282
kv_tile,10,32,294
kv_tile,10,33,259
kv_tile,10,34,252
kv_tile,10,35,235
kv_tile,10,36,244
kv_tile,10,37,233
kv_tile,10,38,241
kv_tile,10,39,230
kv_tile,10,40,238
kv_tile,10,41,248
kv_tile,10,42,247
kv_tile,10,43,254
kv_tile,10,44,213
kv_tile,10,45,225
kv_tile,10,46,213
kv_tile,10,47,186
kv_tile,10,48,224
kv_tile,10,49,219
kv_tile,10,50,184
kv_tile,10,51,206
kv_tile,10,52,203
kv_tile,10,53,215
kv_tile,10,54,201
kv_tile,10,55,216
kv_tile,10,56,212
kv_tile,10,57,211
kv_tile,10,58,223
kv_tile,10,59,202
kv_tile,10,60,191
kv_tile,10,61,229
kv_tile,10,62,208
kv_tile,10,63,240
kv_tile,10,64,244
kv_tile,10,65,230
kv_tile,10,66,224
kv_tile,10,67,205
kv_tile,10,68,190
kv_tile,10,69,191
kv_tile,10,70,195
kv_tile,10,71,161
kv_tile,10,72,159
kv_tile,10,73,194
kv_tile,10,74,204
kv_tile,10,75,179
kv_tile,10,76,173
kv_tile,10,77,164
kv_tile,10,78,162
kv_tile,10,79,158
kv_tile,10,80,178
kv_tile,10,81,163
kv_tile,10,82,154
kv_tile,10,83,168
kv_tile,10,84,151
kv_tile,10,85,159
kv_tile,10,86,155
kv_tile,10,87,154
kv_tile,10,88,161
kv_tile,10,89,146
kv_tile,10,90,157
kv_tile,10,91,155
kv_tile,10,92,161
kv_tile,10,93,155
kv_tile,10,94,163
kv_tile,10,95,190
kv_tile,10,96,171
kv_tile,10,97,167
kv_tile,10,98,140
kv_tile,10,99,177
kv_tile,10,100,187
kv_tile,10,101,173
kv_tile,10,102,163
kv_tile,10,103,135
kv_tile,10,104,193
kv_tile,10,105,171
kv_tile,10,106,164
kv_tile,10,107,178
kv_tile,10,108,148
kv_tile,10,109,190
kv_tile,10,110,184
kv_tile,10,111,168
kv_tile,10,112,206
kv_tile,10,113,199
kv_tile,10,114,207
kv_tile,10,115,246
kv_tile,10,116,215
kv_tile,10,117,237
kv_tile,10,118,249
kv_tile,10,119,263
kv_tile,10,120,229
kv_tile,10,121,270
kv_tile,10,122,304
kv_tile,10,123,291
kv_tile,10,124,355
kv_tile,10,125,414
kv_tile,10,126,529
kv_tile,10,127,737
kv_tile,10,128,2907
kv_tile,11,0,50042
kv_tile,11,1,6613
kv_tile,11,2,3735
kv_tile,11,3,2501
kv_tile,11,4,1851
kv_tile,11,5,1411
kv_tile,11,6,1179
kv_tile,11,7,1000
kv_tile,11,8,911
kv_tile,11,9,777
kv_tile,11,10,708
kv_tile,11,11,599
kv_tile,11,12,601
kv_tile,11,13,503
kv_tile,11,14,474
kv_tile,11,15,443
kv_tile,11,16,402
kv_tile,11,17,402
kv_tile,11,18,352
kv_tile,11,19,341
kv_tile,11,20,322
kv_tile,11,21,297
kv_tile,11,22,321
kv_tile,11,23,284
kv_tile,11,24,282
kv_tile,11,25,286
kv_tile,11,26,255
kv_tile,11,27,242
kv_tile,11,28,245
kv_tile,11,29,243
kv_tile,11,30,239
kv_tile,11,31,217
kv_tile,11,32,228
kv_tile,11,33,197
kv_tile,11,34,192
kv_tile,11,35,224
kv_tile,11,36,199
kv_tile,11,37,212
kv_tile,11,38,176
kv_tile,11,39,190
kv_tile,11,40,185
kv_tile,11,41,190
kv_tile,11,42,171
kv_tile,11,43,171
kv_tile,11,44,190
kv_tile,11,45,198
kv_tile,11,46,173
kv_tile,11,47,169
kv_tile,11,48,163
kv_tile,11,49,193
kv_tile,11,50,165
kv_tile,11,51,149
kv_tile,11,52,192
kv_tile,11,53,183
kv_tile,11,54,160
kv_tile,11,55,166
kv_tile,11,56,183
kv_tile,11,57,174
kv_tile,11,58,165
kv_tile,11,59,148
kv_tile,11,60,138
kv_tile,11,61,165
kv_tile,11,62,177
kv_tile,11,63,167
kv_tile,11,64,172
kv_tile,11,65,140
kv_tile,11,66,150
kv_tile,11,67,147
kv_tile,11,68,145
kv_tile,11,69,149
kv_tile,11,70,129
kv_tile,11,71,163
kv_tile,11,72,125
kv_tile,11,73,159
kv_tile,11,74,170
kv_tile,11,75,139
kv_tile,11,76,140
kv_tile,11,77,155
kv_tile,11,78,158
kv_tile,11,79,147
kv_tile,11,80,130
kv_tile,11,81,105
kv_tile,11,82,122
kv_tile,11,83,140
kv_tile,11,84,147
kv_tile,11,85,138
kv_tile,11,86,126
kv_tile,11,87,109
kv_tile,11,88,129
kv_tile,11,89,116
kv_tile,11,90,128
kv_tile,11,91,130
kv_tile,11,92,115
kv_tile,11,93,107
kv_tile,11,94,124
kv_tile,11,95,144
kv_tile,11,96,136
kv_tile,11,97,116
kv_tile,11,98,132
kv_tile,11,99,129
kv_tile,11,100,127
kv_tile,11,101,121
kv_tile,11,102,128
kv_tile,11,103,135
kv_tile,11,104,137
kv_tile,11,105,116
kv_tile,11,106,136
kv_tile,11,107,126
kv_tile,11,108,122
kv_tile,11,109,148
kv_tile,11,110,163
kv_tile,11,111,144
kv_tile,11,112,156
kv_tile,11,113,165
kv_tile,11,114,152
kv_tile,11,115,183
kv_tile,11,116,209
kv_tile,11,117,199
kv_tile,11,118,212
kv_tile,11,119,208
kv_tile,11,120,204
kv_tile,11,121,222
kv_tile,11,122,195
kv_tile,11,123,253
kv_tile,11,124,309
kv_tile,11,125,353
kv_tile,11,126,489
kv_tile,11,127,713
kv_tile,11,128,3737
kv_tile,12,0,42501
kv_tile,12,1,6392
kv_tile,12,2,3648
kv_tile,12,3,2516
kv_tile,12,4,1949
kv_tile,12,5,1526
kv_tile,12,6,1299
kv_tile,12,7,1063
kv_tile,12,8,959
kv_tile,12,9,876
kv_tile,12,10,786
kv_tile,12,11,758
kv_tile,12,12,688
kv_tile,12,13,600
kv_tile,12,14,577
kv_tile,12,15,503
kv_tile,12,16,514
kv_tile,12,17,429
kv_tile,12,18,461
kv_tile,12,19,412
kv_tile,12,20,352
kv_tile,12,21,361
kv_tile,12,22,399
kv_tile,12,23,319
kv_tile,12,24,318
kv_tile,12,25,306
kv_tile,12,26,300
kv_tile,12,27,292
kv_tile,12,28,281
kv_tile,12,29,253
kv_tile,12,30,279
kv_tile,12,31,264
kv_tile,12,32,242
kv_tile,12,33,222
kv_tile,12,34,270
kv_tile,12,35,234
kv_tile,12,36,238
kv_tile,12,37,221
kv_tile,12,38,245
kv_tile,12,39,228
kv_tile,12,40,223
kv_tile,12,41,232
kv_tile,12,42,227
kv_tile,12,43,217
kv_tile,12,44,211
kv_tile,12,45,203
kv_tile,12,46,193
kv_tile,12,47,207
kv_tile,12,48,201
kv_tile,12,49,188
kv_tile,12,50,168
kv_tile,12,51,232
kv_tile,12,52,197
kv_tile,12,53,188
kv_tile,12,54,196
kv_tile,12,55,194
kv_tile,12,56,200
kv_tile,12,57,186
kv_tile,12,58,192
kv_tile,12,59,182
kv_tile,12,60,190
kv_tile,12,61,191
kv_tile,12,62,210
kv_tile,12,63,193
kv_tile,12,64,231
kv_tile,12,65,214
kv_tile,12,66,200
kv_tile,12,67,198
kv_tile,12,68,195
kv_tile,12,69,176
kv_tile,12,70,173
kv_tile,12,71,184
kv_tile,12,72,171
kv_tile,12,73,158
kv_tile,12,74,159
kv_tile,12,75,178
kv_tile,12,76,164
kv_tile,12,77,155
kv_tile,12,78,158
kv_tile,12,79,154
kv_tile,12,80,158
kv_tile,12,81,154
kv_tile,12,82,168
kv_tile,12,83,170
kv_tile,12,84,164
kv_tile,12,85,164
kv_tile,12,86,182
kv_tile,12,87,161
kv_tile,12,88,164
kv_tile,12,89,182
kv_tile,12,90,176
kv_tile,12,91,170
kv_tile,12,92,183
kv_tile,12,93,174
kv_tile,12,94,164
kv_tile,12,95,156
kv_tile,12,96,188
kv_tile,12,97,150
kv_tile,12,98,147
kv_tile,12,99,173
kv_tile,12,100,153
kv_tile,12,101,175
kv_tile,12,102,143
kv_tile,12,103,176
kv_tile,12,104,185
kv_tile,12,105,195
kv_tile,12,106,184
kv_tile,12,107,214
kv_tile,12,108,178
kv_tile,12,109,201
kv_tile,12,110,226
kv_tile,12,111,214
kv_tile,12,112,226
kv_tile,12,113,241
kv_tile,12,114,264
kv_tile,12,115,291
kv_tile,12,116,276
kv_tile,12,117,312
kv_tile,12,118,325
kv_tile,12,119,301
kv_tile,12,120,324
kv_tile,12,121,359
kv_tile,12,122,378
kv_tile,12,123,385
kv_tile,12,124,445
kv_tile,12,125,592
kv_tile,12,126,710
kv_tile,12,127,1042
kv_tile,12,128,4471
kv_tile,13,0,25311
kv_tile,13,1,6095
kv_tile,13,2,3878
kv_tile,13,3,2916
kv_tile,13,4,2228
kv_tile,13,5,1890
kv_tile,13,6,1640
kv_tile,13,7,1419
kv_tile,13,8,1270
kv_tile,13,9,1180
kv_tile,13,10,1037
kv_tile,13,11,953
kv_tile,13,12,851
kv_tile,13,13,816
kv_tile,13,14,790
kv_tile,13,15,740
kv_tile,13,16,746
kv_tile,13,17,666
kv_tile,13,18,628
kv_tile,13,19,619
kv_tile,13,20,538
kv_tile,13,21,509
kv_tile,13,22,550
kv_tile,13,23,504
kv_tile,13,24,509
kv_tile,13,25,484
kv_tile,13,26,460
kv_tile,13,27,417
kv_tile,13,28,425
kv_tile,13,29,411
kv_tile,13,30,416
kv_tile,13,31,399
kv_tile,13,32,411
kv_tile,13,33,368
kv_tile,13,34,346
kv_tile,13,35,344
kv_tile,13,36,332
kv_tile,13,37,326
kv_tile,13,38,331
kv_tile,13,39,322
kv_tile,13,40,342
kv_tile,13,41,330
kv_tile,13,42,326
kv_tile,13,43,331
kv_tile,13,44,290
kv_tile,13,45,298
kv_tile,13,46,326
kv_tile,13,47,317
kv_tile,13,48,298
kv_tile,13,49,299
kv_tile,13,50,264
kv_tile,13,51,285
kv_tile,13,52,292
kv_tile,13,53,288
kv_tile,13,54,288
kv_tile,13,55,285
kv_tile,13,56,267
kv_tile,13,57,280
kv_tile,13,58,293
kv_tile,13,59,271
kv_tile,13,60,285
kv_tile,13,61,276
kv_tile,13,62,255
kv_tile,13,63,266
kv_tile,13,64,254
kv_tile,13,65,258
kv_tile,13,66,287
kv_tile,13,67,280
kv_tile,13,68,250
kv_tile,13,69,253
kv_tile,13,70,293
kv_tile,13,71,272
kv_tile,13,72,272
kv_tile,13,73,220
kv_tile,13,74,256
kv_tile,13,75,238
kv_tile,13,76,212
kv_tile,13,77,272
kv_tile,13,78,254
kv_tile,13,79,244
kv_tile,13,80,243
kv_tile,13,81,213
kv_tile,13,82,269
kv_tile,13,83,257
kv_tile,13,84,234
kv_tile,13,85,269
kv_tile,13,86,261
kv_tile,13,87,236
kv_tile,13,88,258
kv_tile,13,89,212
kv_tile,13,90,264
kv_tile,13,91,232
kv_tile,13,92,237
kv_tile,13,93,249
kv_tile,13,94,240
kv_tile,13,95,237
kv_tile,13,96,251
kv_tile,13,97,242
kv_tile,13,98,223
kv_tile,13,99,257
kv_tile,13,100,254
kv_tile,13,101,251
kv_tile,13,102,265
kv_tile,13,103,278
kv_tile,13,104,271
kv_tile,13,105,268
kv_tile,13,106,227
kv_tile,13,107,281
kv_tile,13,108,296
kv_tile,13,109,305
kv_tile,13,110,319
kv_tile,13,111,357
kv_tile,13,112,326
kv_tile,13,113,336
kv_tile,13,114,311
kv_tile,13,115,390
kv_tile,13,116,389
kv_tile,13,117,390
kv_tile,13,118,422
kv_tile,13,119,405
kv_tile,13,120,481
kv_tile,13,121,510
kv_tile,13,122,581
kv_tile,13,123,616
kv_tile,13,124,682
kv_tile,13,125,787
kv_tile,13,126,986
kv_tile,13,127,1409
kv_tile,13,128,5785
kv_tile,14,0,50652
kv_tile,14,1,6508
kv_tile,14,2,3552
kv_tile,14,3,2407
kv_tile,14,4,1762
kv_tile,14,5,1534
kv_tile,14,6,1197
kv_tile,14,7,1010
kv_tile,14,8,887
kv_tile,14,9,823
kv_tile,14,10,748
kv_tile,14,11,639
kv_tile,14,12,587
kv_tile,14,13,559
kv_tile,14,14,534
kv_tile,14,15,504
kv_tile,14,16,433
kv_tile,14,17,404
kv_tile,14,18,380
kv_tile,14,19,366
kv_tile,14,20,381
kv_tile,14,21,358
kv_tile,14,22,337
kv_tile,14,23,317
kv_tile,14,24,311
kv_tile,14,25,297
kv_tile,14,26,306
kv_tile,14,27,241
kv_tile,14,28,262
kv_tile,14,29,258
kv_tile,14,30,265
kv_tile,14,31,302
kv_tile,14,32,231
kv_tile,14,33,235
kv_tile,14,34,219
kv_tile,14,35,244
kv_tile,14,36,205
kv_tile,14,37,238
kv_tile,14,38,232
kv_tile,14,39,230
kv_tile,14,40,213
kv_tile,14,41,225
kv_tile,14,42,197
kv_tile,14,43,211
kv_tile,14,44,211
kv_tile,14,45,190
kv_tile,14,46,200
kv_tile,14,47,192
kv_tile,14,48,214
kv_tile,14,49,186
kv_tile,14,50,222
kv_tile,14,51,194
kv_tile,14,52,180
kv_tile,14,53,166
kv_tile,14,54,167
kv_tile,14,55,189
kv_tile,14,56,152
kv_tile,14,57,191
kv_tile,14,58,179
kv_tile,14,59,176
kv_tile,14,60,199
kv_tile,14,61,189
kv_tile,14,62,176
kv_tile,14,63,208
kv_tile,14,64,209
kv_tile,14,65,186
kv_tile,14,66,178
kv_tile,14,67,168
kv_tile,14,68,176
kv_tile,14,69,167
kv_tile,14,70,150
kv_tile,14,71,135
kv_tile,14,72,126
kv_tile,14,73,154
kv_tile,14,74,115
kv_tile,14,75,126
kv_tile,14,76,128
kv_tile,14,77,128
kv_tile,14,78,148
kv_tile,14,79,117
kv_tile,14,80,111
kv_tile,14,81,128
kv_tile,14,82,117
kv_tile,14,83,106
kv_tile,14,84,129
kv_tile,14,85,119
kv_tile,14,86,126
kv_tile,14,87,131
kv_tile,14,88,130
kv_tile,14,89,135
kv_tile,14,90,133
kv_tile,14,91,138
kv_tile,14,92,116
kv_tile,14,93,125
kv_tile,14,94,124
kv_tile,14,95,121
kv_tile,14,96,114
kv_tile,14,97,119
kv_tile,14,98,114
kv_tile,14,99,118
kv_tile,14,100,120
kv_tile,14,101,108
kv_tile,14,102,125
kv_tile,14,103,124
kv_tile,14,104,117
kv_tile,14,105,99
kv_tile,14,106,140
kv_tile,14,107,121
kv_tile,14,108,111
kv_tile,14,109,130
kv_tile,14,110,117
kv_tile,14,111,153
kv_tile,14,112,115
kv_tile,14,113,120
kv_tile,14,114,129
kv_tile,14,115,157
kv_tile,14,116,159
kv_tile,14,117,164
kv_tile,14,118,175
kv_tile,14,119,163
kv_tile,14,120,167
kv_tile,14,121,178
kv_tile,14,122,198
kv_tile,14,123,219
kv_tile,14,124,207
kv_tile,14,125,274
kv_tile,14,126,369
kv_tile,14,127,568
kv_tile,14,128,3030
kv_tile,15,0,40363
kv_tile,15,1,7176
kv_tile,15,2,4253
kv_tile,15,3,2890
kv_tile,15,4,2256
kv_tile,15,5,1804
kv_tile,15,6,1541
kv_tile,15,7,1300
kv_tile,15,8,1166
kv_tile,15,9,1101
kv_tile,15,10,981
kv_tile,15,11,900
kv_tile,15,12,825
kv_tile,15,13,767
kv_tile,15,14,716
kv_tile,15,15,657
kv_tile,15,16,582
kv_tile,15,17,571
kv_tile,15,18,528
kv_tile,15,19,549
kv_tile,15,20,493
kv_tile,15,21,435
kv_tile,15,22,470
kv_tile,15,23,423
kv_tile,15,24,391
kv_tile,15,25,381
kv_tile,15,26,369
kv_tile,15,27,322
kv_tile,15,28,361
kv_tile,15,29,334
kv_tile,15,30,364
kv_tile,15,31,318
kv_tile,15,32,296
kv_tile,15,33,287
kv_tile,15,34,282
kv_tile,15,35,340
kv_tile,15,36,295
kv_tile,15,37,276
kv_tile,15,38,281
kv_tile,15,39,250
kv_tile,15,40,251
kv_tile,15,41,263
kv_tile,15,42,273
kv_tile,15,43,233
kv_tile,15,44,217
kv_tile,15,45,250
kv_tile,15,46,225
kv_tile,15,47,231
kv_tile,15,48,194
kv_tile,15,49,217
kv_tile,15,50,247
kv_tile,15,51,203
kv_tile,15,52,195
kv_tile,15,53,202
kv_tile,15,54,195
kv_tile,15,55,217
kv_tile,15,56,190
kv_tile,15,57,192
kv_tile,15,58,218
kv_tile,15,59,182
kv_tile,15,60,196
kv_tile,15,61,203
kv_tile,15,62,165
kv_tile,15,63,177
kv_tile,15,64,161
kv_tile,15,65,190
kv_tile,15,66,156
kv_tile,15,67,171
kv_tile,15,68,191
kv_tile,15,69,184
kv_tile,15,70,165
kv_tile,15,71,168
kv_tile,15,72,142
kv_tile,15,73,173
kv_tile,15,74,151
kv_tile,15,75,158
kv_tile,15,76,154
kv_tile,15,77,165
kv_tile,15,78,160
kv_tile,15,79,155
kv_tile,15,80,143
kv_tile,15,81,171
kv_tile,15,82,166
kv_tile,15,83,191
kv_tile,15,84,185
kv_tile,15,85,153
kv_tile,15,86,179
kv_tile,15,87,133
kv_tile,15,88,149
kv_tile,15,89,144
kv_tile,15,90,135
kv_tile,15,91,149
kv_tile,15,92,163
kv_tile,15,93,154
kv_tile,15,94,146
kv_tile,15,95,144
kv_tile,15,96,129
kv_tile,15,97,140
kv_tile,15,98,156
kv_tile,15,99,156
kv_tile,15,100,150
kv_tile,15,101,146
kv_tile,15,102,186
kv_tile,15,103,159
kv_tile,15,104,135
kv_tile,15,105,155
kv_tile,15,106,168
kv_tile,15,107,141
kv_tile,15,108,179
kv_tile,15,109,160
kv_tile,15,110,156
kv_tile,15,111,159
kv_tile,15,112,189
kv_tile,15,113,197
kv_tile,15,114,192
kv_tile,15,115,192
kv_tile,15,116,200
kv_tile,15,117,196
kv_tile,15,118,232
kv_tile,15,119,219
kv_tile,15,120,262
kv_tile,15,121,251
kv_tile,15,122,252
kv_tile,15,123,304
kv_tile,15,124,322
kv_tile,15,125,366
kv_tile,15,126,487
kv_tile,15,127,737
kv_tile,15,128,3052
kv_tile,16,0,40053
kv_tile,16,1,5755
kv_tile,16,2,3170
kv_tile,16,3,2231
kv_tile,16,4,1780
kv_tile,16,5,1499
kv_tile,16,6,1173
kv_tile,16,7,1076
kv_tile,16,8,932
kv_tile,16,9,814
kv_tile,16,10,761
kv_tile,16,11,694
kv_tile,16,12,621
kv_tile,16,13,603
kv_tile,16,14,548
kv_tile,16,15,549
kv_tile,16,16,471
kv_tile,16,17,451
kv_tile,16,18,455
kv_tile,16,19,422
kv_tile,16,20,387
kv_tile,16,21,378
kv_tile,16,22,356
kv_tile,16,23,363
kv_tile,16,24,338
kv_tile,16,25,301
kv_tile,16,26,313
kv_tile,16,27,291
kv_tile,16,28,300
kv_tile,16,29,269
kv_tile,16,30,279
kv_tile,16,31,265
kv_tile,16,32,278
kv_tile,16,33,234
kv_tile,16,34,234
kv_tile,16,35,242
kv_tile,16,36,224
kv_tile,16,37,274
kv_tile,16,38,198
kv_tile,16,39,225
kv_tile,16,40,242
kv_tile,16,41,206
kv_tile,16,42,236
kv_tile,16,43,201
kv_tile,16,44,234
kv_tile,16,45,216
kv_tile,16,46,209
kv_tile,16,47,186
kv_tile,16,48,229
kv_tile,16,49,202
kv_tile,16,50,192
kv_tile,16,51,215
kv_tile,16,52,199
kv_tile,16,53,185
kv_tile,16,54,231
kv_tile,16,55,197
kv_tile,16,56,192
kv_tile,16,57,207
kv_tile,16,58,207
kv_tile,16,59,198
kv_tile,16,60,198
kv_tile,16,61,253
kv_tile,16,62,197
kv_tile,16,63,242
kv_tile,16,64,207
kv_tile,16,65,219
kv_tile,16,66,184
kv_tile,16,67,215
kv_tile,16,68,192
kv_tile,16,69,183
kv_tile,16,70,197
kv_tile,16,71,209
kv_tile,16,72,179
kv_tile,16,73,163
kv_tile,16,74,193
kv_tile,16,75,185
kv_tile,16,76,168
kv_tile,16,77,176
kv_tile,16,78,208
kv_tile,16,79,187
kv_tile,16,80,197
kv_tile,16,81,188
kv_tile,16,82,160
kv_tile,16,83,189
kv_tile,16,84,192
kv_tile,16,85,176
kv_tile,16,86,195
kv_tile,16,87,180
kv_tile,16,88,178
kv_tile,16,89,192
kv_tile,16,90,197
kv_tile,16,91,171
kv_tile,16,92,180
kv_tile,16,93,182
kv_tile,16,94,225
kv_tile,16,95,156
kv_tile,16,96,180
kv_tile,16,97,164
kv_tile,16,98,215
kv_tile,16,99,195
kv_tile,16,100,201
kv_tile,16,101,203
kv_tile,16,102,221
kv_tile,16,103,202
kv_tile,16,104,212
kv_tile,16,105,224
kv_tile,16,106,210
kv_tile,16,107,253
kv_tile,16,108,265
kv_tile,16,109,261
kv_tile,16,110,249
kv_tile,16,111,281
kv_tile,16,112,263
kv_tile,16,113,259
kv_tile,16,114,284
kv_tile,16,115,320
kv_tile,16,116,340
kv_tile,16,117,323
kv_tile,16,118,360
kv_tile,16,119,333
kv_tile,16,120,407
kv_tile,16,121,456
kv_tile,16,122,490
kv_tile,16,123,496
kv_tile,16,124,596
kv_tile,16,125,691
kv_tile,16,126,888
kv_tile,16,127,1454
kv_tile,16,128,5904
kv_tile,17,0,48770
kv_tile,17,1,6684
kv_tile,17,2,3604
kv_tile,17,3,2523
kv_tile,17,4,1884
kv_tile,17,5,1493
kv_tile,17,6,1313
kv_tile,17,7,1079
kv_tile,17,8,903
kv_tile,17,9,835
kv_tile,17,10,771
kv_tile,17,11,732
kv_tile,17,12,617
kv_tile,17,13,579
kv_tile,17,14,580
kv_tile,17,15,510
kv_tile,17,16,500
kv_tile,17,17,489
kv_tile,17,18,441
kv_tile,17,19,418
kv_tile,17,20,405
kv_tile,17,21,381
kv_tile,17,22,356
kv_tile,17,23,315
kv_tile,17,24,323
kv_tile,17,25,298
kv_tile,17,26,335
kv_tile,17,27,288
kv_tile,17,28,315
kv_tile,17,29,252
kv_tile,17,30,296
kv_tile,17,31,276
kv_tile,17,32,251
kv_tile,17,33,262
kv_tile,17,34,233
kv_tile,17,35,238
kv_tile,17,36,225
kv_tile,17,37,247
kv_tile,17,38,249
kv_tile,17,39,238
kv_tile,17,40,220
kv_tile,17,41,217
kv_tile,17,42,205
kv_tile,17,43,223
kv_tile,17,44,211
kv_tile,17,45,185
kv_tile,17,46,209
kv_tile,17,47,221
kv_tile,17,48,190
kv_tile,17,49,186
kv_tile,17,50,191
kv_tile,17,51,166
kv_tile,17,52,192
kv_tile,17,53,180
kv_tile,17,54,192
kv_tile,17,55,198
kv_tile,17,56,152
kv_tile,17,57,170
kv_tile,17,58,199
kv_tile,17,59,163
kv_tile,17,60,180
kv_tile,17,61,186
kv_tile,17,62,180
kv_tile,17,63,184
kv_tile,17,64,160
kv_tile,17,65,192
kv_tile,17,66,183
kv_tile,17,67,158
kv_tile,17,68,162
kv_tile,17,69,188
kv_tile,17,70,186
kv_tile,17,71,174
kv_tile,17,72,159
kv_tile,17,73,161
kv_tile,17,74,163
kv_tile,17,75,154
kv_tile,17,76,159
kv_tile,17,77,160
kv_tile,17,78,177
kv_tile,17,79,147
kv_tile,17,80,141
kv_tile,17,81,144
kv_tile,17,82,131
kv_tile,17,83,160
kv_tile,17,84,134
kv_tile,17,85,143
kv_tile,17,86,128
kv_tile,17,87,154
kv_tile,17,88,159
kv_tile,17,89,122
kv_tile,17,90,132
kv_tile,17,91,125
kv_tile,17,92,135
kv_tile,17,93,126
kv_tile,17,94,128
kv_tile,17,95,113
kv_tile,17,96,111
kv_tile,17,97,122
kv_tile,17,98,143
kv_tile,17,99,130
kv_tile,17,100,135
kv_tile,17,101,135
kv_tile,17,102,125
kv_tile,17,103,143
kv_tile,17,104,137
kv_tile,17,105,142
kv_tile,17,106,130
kv_tile,17,107,135
kv_tile,17,108,133
kv_tile,17,109,127
kv_tile,17,110,145
kv_tile,17,111,139
kv_tile,17,112,167
kv_tile,17,113,157
kv_tile,17,114,169
kv_tile,17,115,181
kv_tile,17,116,176
kv_tile,17,117,169
kv_tile,17,118,171
kv_tile,17,119,214
kv_tile,17,120,211
kv_tile,17,121,228
kv_tile,17,122,221
kv_tile,17,123,236
kv_tile,17,124,301
kv_tile,17,125,372
kv_tile,17,126,495
kv_tile,17,127,724
kv_tile,17,128,2014
kv_tile,18,0,30265
kv_tile,18,1,6435
kv_tile,18,2,3965
kv_tile,18,3,2902
kv_tile,18,4,2233
kv_tile,18,5,1888
kv_tile,18,6,1620
kv_tile,18,7,1414
kv_tile,18,8,1220
kv_tile,18,9,1111
kv_tile,18,10,989
kv_tile,18,11,946
kv_tile,18,12,888
kv_tile,18,13,777
kv_tile,18,14,755
kv_tile,18,15,717
kv_tile,18,16,688
kv_tile,18,17,640
kv_tile,18,18,590
kv_tile,18,19,565
kv_tile,18,20,559
kv_tile,18,21,543
kv_tile,18,22,483
kv_tile,18,23,476
kv_tile,18,24,429
kv_tile,18,25,433
kv_tile,18,26,446
kv_tile,18,27,418
kv_tile,18,28,386
kv_tile,18,29,418
kv_tile,18,30,367
kv_tile,18,31,385
kv_tile,18,32,373
kv_tile,18,33,362
kv_tile,18,34,365
kv_tile,18,35,355
kv_tile,18,36,348
kv_tile,18,37,333
kv_tile,18,38,353
kv_tile,18,39,351
kv_tile,18,40,311
kv_tile,18,41,331
kv_tile,18,42,315
kv_tile,18,43,313
kv_tile,18,44,301
kv_tile,18,45,309
kv_tile,18,46,329
kv_tile,18,47,282
kv_tile,18,48,263
kv_tile,18,49,290
kv_tile,18,50,247
kv_tile,18,51,273
kv_tile,18,52,278
kv_tile,18,53,287
kv_tile,18,54,297
kv_tile,18,55,297
kv_tile,18,56,276
kv_tile,18,57,254
kv_tile,18,58,289
kv_tile,18,59,272
kv_tile,18,60,286
kv_tile,18,61,271
kv_tile,18,62,263
kv_tile,18,63,242
kv_tile,18,64,294
kv_tile,18,65,288
kv_tile,18,66,275
kv_tile,18,67,288
kv_tile,18,68,264
kv_tile,18,69,283
kv_tile,18,70,260
kv_tile,18,71,282
kv_tile,18,72,237
kv_tile,18,73,242
kv_tile,18,74,240
kv_tile,18,75,256
kv_tile,18,76,229
kv_tile,18,77,268
kv_tile,18,78,261
kv_tile,18,79,237
kv_tile,18,80,219
kv_tile,18,81,225
kv_tile,18,82,221
kv_tile,18,83,222
kv_tile,18,84,207
kv_tile,18,85,231
kv_tile,18,86,244
kv_tile,18,87,239
kv_tile,18,88,220
kv_tile,18,89,244
kv_tile,18,90,241
kv_tile,18,91,203
kv_tile,18,92,222
kv_tile,18,93,207
kv_tile,18,94,208
kv_tile,18,95,237
kv_tile,18,96,246
kv_tile,18,97,220
kv_tile,18,98,222
kv_tile,18,99,229
kv_tile,18,100,199
kv_tile,18,101,213
kv_tile,18,102,221
kv_tile,18,103,208
kv_tile,18,104,219
kv_tile,18,105,227
kv_tile,18,106,267
kv_tile,18,107,227
kv_tile,18,108,233
kv_tile,18,109,242
kv_tile,18,110,221
kv_tile,18,111,263
kv_tile,18,112,254
kv_tile,18,113,299
kv_tile,18,114,299
kv_tile,18,115,316
kv_tile,18,116,314
kv_tile,18,117,350
kv_tile,18,118,342
kv_tile,18,119,372
kv_tile,18,120,311
kv_tile,18,121,386
kv_tile,18,122,413
kv_tile,18,123,423
kv_tile,18,124,421
kv_tile,18,125,585
kv_tile,18,126,714
kv_tile,18,127,1055
kv_tile,18,128,4332
kv_tile,19,0,40122
kv_tile,19,1,5927
kv_tile,19,2,3421
kv_tile,19,3,2229
kv_tile,19,4,1718
kv_tile,19,5,1474
kv_tile,19,6,1147
kv_tile,19,7,970
kv_tile,19,8,865
kv_tile,19,9,746
kv_tile,19,10,702
kv_tile,19,11,592
kv_tile,19,12,596
kv_tile,19,13,552
kv_tile,19,14,555
kv_tile,19,15,462
kv_tile,19,16,403
kv_tile,19,17,409
kv_tile,19,18,364
kv_tile,19,19,366
kv_tile,19,20,376
kv_tile,19,21,353
kv_tile,19,22,296
kv_tile,19,23,309
kv_tile,19,24,276
kv_tile,19,25,271
kv_tile,19,26,303
kv_tile,19,27,278
kv_tile,19,28,220
kv_tile,19,29,251
kv_tile,19,30,262
kv_tile,19,31,229
kv_tile,19,32,267
kv_tile,19,33,204
kv_tile,19,34,198
kv_tile,19,35,183
kv_tile,19,36,190
kv_tile,19,37,219
kv_tile,19,38,213
kv_tile,19,39,214
kv_tile,19,40,193
kv_tile,19,41,197
kv_tile,19,42,223
kv_tile,19,43,212
kv_tile,19,44,199
kv_tile,19,45,205
kv_tile,19,46,184
kv_tile,19,47,232
kv_tile,19,48,208
kv_tile,19,49,169
kv_tile,19,50,201
kv_tile,19,51,203
kv_tile,19,52,185
kv_tile,19,53,178
kv_tile,19,54,181
kv_tile,19,55,164
kv_tile,19,56,162
kv_tile,19,57,164
kv_tile,19,58,214
kv_tile,19,59,179
kv_tile,19,60,188
kv_tile,19,61,176
kv_tile,19,62,172
kv_tile,19,63,213
kv_tile,19,64,164
kv_tile,19,65,190
kv_tile,19,66,173
kv_tile,19,67,190
kv_tile,19,68,169
kv_tile,19,69,162
kv_tile,19,70,175
kv_tile,19,71,181
kv_tile,19,72,187
kv_tile,19,73,178
kv_tile,19,74,168
kv_tile,19,75,190
kv_tile,19,76,170
kv_tile,19,77,154
kv_tile,19,78,161
kv_tile,19,79,173
kv_tile,19,80,180
kv_tile,19,81,169
kv_tile,19,82,173
kv_tile,19,83,156
kv_tile,19,84,179
kv_tile,19,85,173
kv_tile,19,86,165
kv_tile,19,87,177
kv_tile,19,88,177
kv_tile,19,89,167
kv_tile,19,90,218
kv_tile,19,91,203
kv_tile,19,92,198
kv_tile,19,93,183
kv_tile,19,94,174
kv_tile,19,95,212
kv_tile,19,96,175
kv_tile,19,97,191
kv_tile,19,98,205
kv_tile,19,99,190
kv_tile,19,100,228
kv_tile,19,101,189
kv_tile,19,102,199
kv_tile,19,103,193
kv_tile,19,104,221
kv_tile,19,105,219
kv_tile,19,106,224
kv_tile,19,107,212
kv_tile,19,108,240
kv_tile,19,109,241
kv_tile,19,110,262
kv_tile,19,111,274
kv_tile,19,112,294
kv_tile,19,113,303
kv_tile,19,114,295
kv_tile,19,115,345
kv_tile,19,116,307
kv_tile,19,117,389
kv_tile,19,118,390
kv_tile,19,119,457
kv_tile,19,120,462
kv_tile,19,121,444
kv_tile,19,122,500
kv_tile,19,123,590
kv_tile,19,124,644
kv_tile,19,125,755
kv_tile,19,126,998
kv_tile,19,127,1552
kv_tile,19,128,7093
kv_tile,2,0,40266
kv_tile,2,1,7155
kv_tile,2,2,4224
kv_tile,2,3,3037
kv_tile,2,4,2377
kv_tile,2,5,1874
kv_tile,2,6,1705
kv_tile,2,7,1433
kv_tile,2,8,1329
kv_tile,2,9,1179
kv_tile,2,10,1070
kv_tile,2,11,995
kv_tile,2,12,909
kv_tile,2,13,819
kv_tile,2,14,733
kv_tile,2,15,731
kv_tile,2,16,671
kv_tile,2,17,650
kv_tile,2,18,545
kv_tile,2,19,556
kv_tile,2,20,483
kv_tile,2,21,519
kv_tile,2,22,480
kv_tile,2,23,454
kv_tile,2,24,460
kv_tile,2,25,400
kv_tile,2,26,373
kv_tile,2,27,386
kv_tile,2,28,347
kv_tile,2,29,381
kv_tile,2,30,340
kv_tile,2,31,319
kv_tile,2,32,301
kv_tile,2,33,300
kv_tile,2,34,289
kv_tile,2,35,282
kv_tile,2,36,290
kv_tile,2,37,280
kv_tile,2,38,280
kv_tile,2,39,245
kv_tile,2,40,240
kv_tile,2,41,235
kv_tile,2,42,254
kv_tile,2,43,230
kv_tile,2,44,221
kv_tile,2,45,211
kv_tile,2,46,227
kv_tile,2,47,239
kv_tile,2,48,264
kv_tile,2,49,249
kv_tile,2,50,221
kv_tile,2,51,189
kv_tile,2,52,211
kv_tile,2,53,199
kv_tile,2,54,215
kv_tile,2,55,186
kv_tile,2,56,198
kv_tile,2,57,206
kv_tile,2,58,198
kv_tile,2,59,176
kv_tile,2,60,185
kv_tile,2,61,179
kv_tile,2,62,212
kv_tile,2,63,227
kv_tile,2,64,223
kv_tile,2,65,208
kv_tile,2,66,188
kv_tile,2,67,204
kv_tile,2,68,196
kv_tile,2,69,179
kv_tile,2,70,160
kv_tile,2,71,165
kv_tile,2,72,169
kv_tile,2,73,168
kv_tile,2,74,160
kv_tile,2,75,171
kv_tile,2,76,166
kv_tile,2,77,183
kv_tile,2,78,133
kv_tile,2,79,151
kv_tile,2,80,142
kv_tile,2,81,136
kv_tile,2,82,151
kv_tile,2,83,155
kv_tile,2,84,129
kv_tile,2,85,157
kv_tile,2,86,152
kv_tile,2,87,144
kv_tile,2,88,137
kv_tile,2,89,147
kv_tile,2,90,146
kv_tile,2,91,128
kv_tile,2,92,130
kv_tile,2,93,152
kv_tile,2,94,138
kv_tile,2,95,131
kv_tile,2,96,143
kv_tile,2,97,143
kv_tile,2,98,128
kv_tile,2,99,137
kv_tile,2,100,138
kv_tile,2,101,133
kv_tile,2,102,157
kv_tile,2,103,132
kv_tile,2,104,145
kv_tile,2,105,152
kv_tile,2,106,166
kv_tile,2,107,154
kv_tile,2,108,167
kv_tile,2,109,168
kv_tile,2,110,166
kv_tile,2,111,179
kv_tile,2,112,197
kv_tile,2,113,189
kv_tile,2,114,192
kv_tile,2,115,163
kv_tile,2,116,196
kv_tile,2,117,187
kv_tile,2,118,208
kv_tile,2,119,190
kv_tile,2,120,219
kv_tile,2,121,228
kv_tile,2,122,264
kv_tile,2,123,247
kv_tile,2,124,277
kv_tile,2,125,319
kv_tile,2,126,442
kv_tile,2,127,659
kv_tile,2,128,1981
kv_tile,20,0,44736
kv_tile,20,1,6415
kv_tile,20,2,3494
kv_tile,20,3,2396
kv_tile,20,4,1824
kv_tile,20,5,1503
kv_tile,20,6,1222
kv_tile,20,7,1027
kv_tile,20,8,975
kv_tile,20,9,845
kv_tile,20,10,755
kv_tile,20,11,692
kv_tile,20,12,669
kv_tile,20,13,640
kv_tile,20,14,574
kv_tile,20,15,553
kv_tile,20,16,511
kv_tile,20,17,502
kv_tile,20,18,409
kv_tile,20,19,421
kv_tile,20,20,411
kv_tile,20,21,404
kv_tile,20,22,351
kv_tile,20,23,364
kv_tile,20,24,354
kv_tile,20,25,333
kv_tile,20,26,297
kv_tile,20,27,292
kv_tile,20,28,298
kv_tile,20,29,276
kv_tile,20,30,290
kv_tile,20,31,277
kv_tile,20,32,262
kv_tile,20,33,256
kv_tile,20,34,223
kv_tile,20,35,247
kv_tile,20,36,236
kv_tile,20,37,270
kv_tile,20,38,255
kv_tile,20,39,242
kv_tile,20,40,207
kv_tile,20,41,219
kv_tile,20,42,224
kv_tile,20,43,196
kv_tile,20,44,235
kv_tile,20,45,186
kv_tile,20,46,224
kv_tile,20,47,210
kv_tile,20,48,207
kv_tile,20,49,201
kv_tile,20,50,207
kv_tile,20,51,215
kv_tile,20,52,207
kv_tile,20,53,223
kv_tile,20,54,184
kv_tile,20,55,172
kv_tile,20,56,180
kv_tile,20,57,185
kv_tile,20,58,188
kv_tile,20,59,199
kv_tile,20,60,198
kv_tile,20,61,214
kv_tile,20,62,223
kv_tile,20,63,218
kv_tile,20,64,236
kv_tile,20,65,236
kv_tile,20,66,177
kv_tile,20,67,184
kv_tile,20,68,180
kv_tile,20,69,188
kv_tile,20,70,166
kv_tile,20,71,184
kv_tile,20,72,165
kv_tile,20,73,146
kv_tile,20,74,170
kv_tile,20,75,156
kv_tile,20,76,162
kv_tile,20,77,127
kv_tile,20,78,167
kv_tile,20,79,164
kv_tile,20,80,158
kv_tile,20,81,167
kv_tile,20,82,147
kv_tile,20,83,147
kv_tile,20,84,156
kv_tile,20,85,137
kv_tile,20,86,151
kv_tile,20,87,144
kv_tile,20,88,159
kv_tile,20,89,158
kv_tile,20,90,154
kv_tile,20,91,158
kv_tile,20,92,135
kv_tile,20,93,143
kv_tile,20,94,138
kv_tile,20,95,159
kv_tile,20,96,174
kv_tile,20,97,141
kv_tile,20,98,161
kv_tile,20,99,131
kv_tile,20,100,178
kv_tile,20,101,166
kv_tile,20,102,165
kv_tile,20,103,159
kv_tile,20,104,153
kv_tile,20,105,168
kv_tile,20,106,176
kv_tile,20,107,183
kv_tile,20,108,162
kv_tile,20,109,170
kv_tile,20,110,203
kv_tile,20,111,190
kv_tile,20,112,203
kv_tile,20,113,190
kv_tile,20,114,189
kv_tile,20,115,224
kv_tile,20,116,219
kv_tile,20,117,237
kv_tile,20,118,241
kv_tile,20,119,268
kv_tile,20,120,225
kv_tile,20,121,275
kv_tile,20,122,292
kv_tile,20,123,314
kv_tile,20,124,337
kv_tile,20,125,446
kv_tile,20,126,540
kv_tile,20,127,827
kv_tile,20,128,4355
kv_tile,21,0,37204
kv_tile,21,1,7222
kv_tile,21,2,4090
kv_tile,21,3,2904
kv_tile,21,4,2283
kv_tile,21,5,1773
kv_tile,21,6,1642
kv_tile,21,7,1330
kv_tile,21,8,1241
kv_tile,21,9,1055
kv_tile,21,10,1037
kv_tile,21,11,931
kv_tile,21,12,890
kv_tile,21,13,746
kv_tile,21,14,770
kv_tile,21,15,715
kv_tile,21,16,625
kv_tile,21,17,590
kv_tile,21,18,583
kv_tile,21,19,560
kv_tile,21,20,523
kv_tile,21,21,508
kv_tile,21,22,473
kv_tile,21,23,455
kv_tile,21,24,429
kv_tile,21,25,414
kv_tile,21,26,400
kv_tile,21,27,415
kv_tile,21,28,389
kv_tile,21,29,344
kv_tile,21,30,368
kv_tile,21,31,359
kv_tile,21,32,347
kv_tile,21,33,351
kv_tile,21,34,344
kv_tile,21,35,318
kv_tile,21,36,283
kv_tile,21,37,304
kv_tile,21,38,296
kv_tile,21,39,317
kv_tile,21,40,320
kv_tile,21,41,275
kv_tile,21,42,290
kv_tile,21,43,259
kv_tile,21,44,253
kv_tile,21,45,272
kv_tile,21,46,244
kv_tile,21,47,263
kv_tile,21,48,265
kv_tile,21,49,217
kv_tile,21,50,236
kv_tile,21,51,235
kv_tile,21,52,243
kv_tile,21,53,245
kv_tile,21,54,190
kv_tile,21,55,225
kv_tile,21,56,202
kv_tile,21,57,257
kv_tile,21,58,223
kv_tile,21,59,233
kv_tile,21,60,222
kv_tile,21,61,238
kv_tile,21,62,200
kv_tile,21,63,216
kv_tile,21,64,200
kv_tile,21,65,208
kv_tile,21,66,203
kv_tile,21,67,208
kv_tile,21,68,178
kv_tile,21,69,204
kv_tile,21,70,209
kv_tile,21,71,196
kv_tile,21,72,205
kv_tile,21,73,201
kv_tile,21,74,189
kv_tile,21,75,178
kv_tile,21,76,178
kv_tile,21,77,179
kv_tile,21,78,164
kv_tile,21,79,170
kv_tile,21,80,171
kv_tile,21,81,168
kv_tile,21,82,178
kv_tile,21,83,195
kv_tile,21,84,180
kv_tile,21,85,177
kv_tile,21,86,180
kv_tile,21,87,162
kv_tile,21,88,173
kv_tile,21,89,186
kv_tile,21,90,183
kv_tile,21,91,196
kv_tile,21,92,172
kv_tile,21,93,170
kv_tile,21,94,163
kv_tile,21,95,177
kv_tile,21,96,168
kv_tile,21,97,170
kv_tile,21,98,179
kv_tile,21,99,198
kv_tile,21,100,140
kv_tile,21,101,172
kv_tile,21,102,198
kv_tile,21,103,164
kv_tile,21,104,163
kv_tile,21,105,163
kv_tile,21,106,158
kv_tile,21,107,183
kv_tile,21,108,213
kv_tile,21,109,187
kv_tile,21,110,197
kv_tile,21,111,209
kv_tile,21,112,199
kv_tile,21,113,204
kv_tile,21,114,229
kv_tile,21,115,233
kv_tile,21,116,266
kv_tile,21,117,253
kv_tile,21,118,246
kv_tile,21,119,251
kv_tile,21,120,268
kv_tile,21,121,263
kv_tile,21,122,276
kv_tile,21,123,316
kv_tile,21,124,345
kv_tile,21,125,446
kv_tile,21,126,509
kv_tile,21,127,688
kv_tile,21,128,2898
kv_tile,22,0,35989
kv_tile,22,1,5779
kv_tile,22,2,3311
kv_tile,22,3,2397
kv_tile,22,4,1890
kv_tile,22,5,1550
kv_tile,22,6,1355
kv_tile,22,7,1100
kv_tile,22,8,1021
kv_tile,22,9,901
kv_tile,22,10,805
kv_tile,22,11,740
kv_tile,22,12,683
kv_tile,22,13,606
kv_tile,22,14,591
kv_tile,22,15,574
kv_tile,22,16,581
kv_tile,22,17,538
kv_tile,22,18,527
kv_tile,22,19,459
kv_tile,22,20,493
kv_tile,22,21,417
kv_tile,22,22,418
kv_tile,22,23,393
kv_tile,22,24,388
kv_tile,22,25,410
kv_tile,22,26,383
kv_tile,22,27,348
kv_tile,22,28,364
kv_tile,22,29,331
kv_tile,22,30,343
kv_tile,22,31,313
kv_tile,22,32,318
kv_tile,22,33,295
kv_tile,22,34,303
kv_tile,22,35,309
kv_tile,22,36,272
kv_tile,22,37,306
kv_tile,22,38,263
kv_tile,22,39,287
kv_tile,22,40,260
kv_tile,22,41,254
kv_tile,22,42,276
kv_tile,22,43,256
kv_tile,22,44,240
kv_tile,22,45,251
kv_tile,22,46,254
kv_tile,22,47,234
kv_tile,22,48,238
kv_tile,22,49,266
kv_tile,22,50,216
kv_tile,22,51,234
kv_tile,22,52,234
kv_tile,22,53,220
kv_tile,22,54,209
kv_tile,22,55,253
kv_tile,22,56,229
kv_tile,22,57,188
kv_tile,22,58,237
kv_tile,22,59,220
kv_tile,22,60,245
kv_tile,22,61,243
kv_tile,22,62,212
kv_tile,22,63,266
kv_tile,22,64,241
kv_tile,22,65,220
kv_tile,22,66,227
kv_tile,22,67,226
kv_tile,22,68,206
kv_tile,22,69,214
kv_tile,22,70,185
kv_tile,22,71,190
kv_tile,22,72,188
kv_tile,22,73,204
kv_tile,22,74,196
kv_tile,22,75,212
kv_tile,22,76,195
kv_tile,22,77,181
kv_tile,22,78,194
kv_tile,22,79,190
kv_tile,22,80,193
kv_tile,22,81,192
kv_tile,22,82,171
kv_tile,22,83,203
kv_tile,22,84,224
kv_tile,22,85,167
kv_tile,22,86,182
kv_tile,22,87,190
kv_tile,22,88,208
kv_tile,22,89,214
kv_tile,22,90,183
kv_tile,22,91,196
kv_tile,22,92,190
kv_tile,22,93,190
kv_tile,22,94,194
kv_tile,22,95,187
kv_tile,22,96,187
kv_tile,22,97,188
kv_tile,22,98,178
kv_tile,22,99,200
kv_tile,22,100,202
kv_tile,22,101,219
kv_tile,22,102,207
kv_tile,22,103,231
kv_tile,22,104,245
kv_tile,22,105,215
kv_tile,22,106,278
kv_tile,22,107,245
kv_tile,22,108,264
kv_tile,22,109,240
kv_tile,22,110,241
kv_tile,22,111,256
kv_tile,22,112,268
kv_tile,22,113,301
kv_tile,22,114,299
kv_tile,22,115,326
kv_tile,22,116,360
kv_tile,22,117,380
kv_tile,22,118,378
kv_tile,22,119,404
kv_tile,22,120,407
kv_tile,22,121,441
kv_tile,22,122,524
kv_tile,22,123,536
kv_tile,22,124,624
kv_tile,22,125,754
kv_tile,22,126,985
kv_tile,22,127,1329
kv_tile,22,128,5953
kv_tile,23,0,45600
kv_tile,23,1,6281
kv_tile,23,2,3577
kv_tile,23,3,2538
kv_tile,23,4,1937
kv_tile,23,5,1580
kv_tile,23,6,1286
kv_tile,23,7,1138
kv_tile,23,8,996
kv_tile,23,9,957
kv_tile,23,10,808
kv_tile,23,11,768
kv_tile,23,12,659
kv_tile,23,13,680
kv_tile,23,14,597
kv_tile,23,15,543
kv_tile,23,16,519
kv_tile,23,17,530
kv_tile,23,18,486
kv_tile,23,19,465
kv_tile,23,20,458
kv_tile,23,21,377
kv_tile,23,22,377
kv_tile,23,23,358
kv_tile,23,24,376
kv_tile,23,25,382
kv_tile,23,26,342
kv_tile,23,27,332
kv_tile,23,28,341
kv_tile,23,29,308
kv_tile,23,30,321
kv_tile,23,31,312
kv_tile,23,32,274
kv_tile,23,33,305
kv_tile,23,34,273
kv_tile,23,35,252
kv_tile,23,36,283
kv_tile,23,37,279
kv_tile,23,38,237
kv_tile,23,39,260
kv_tile,23,40,253
kv_tile,23,41,247
kv_tile,23,42,216
kv_tile,23,43,249
kv_tile,23,44,221
kv_tile,23,45,213
kv_tile,23,46,238
kv_tile,23,47,223
kv_tile,23,48,221
kv_tile,23,49,209
kv_tile,23,50,198
kv_tile,23,51,228
kv_tile,23,52,240
kv_tile,23,53,223
kv_tile,23,54,195
kv_tile,23,55,175
kv_tile,23,56,214
kv_tile,23,57,193
kv_tile,23,58,182
kv_tile,23,59,220
kv_tile,23,60,174
kv_tile,23,61,174
kv_tile,23,62,188
kv_tile,23,63,198
kv_tile,23,64,191
kv_tile,23,65,176
kv_tile,23,66,201
kv_tile,23,67,192
kv_tile,23,68,155
kv_tile,23,69,178
kv_tile,23,70,194
kv_tile,23,71,189
kv_tile,23,72,178
kv_tile,23,73,154
kv_tile,23,74,166
kv_tile,23,75,178
kv_tile,23,76,161
kv_tile,23,77,138
kv_tile,23,78,161
kv_tile,23,79,153
kv_tile,23,80,153
kv_tile,23,81,170
kv_tile,23,82,138
kv_tile,23,83,145
kv_tile,23,84,156
kv_tile,23,85,128
kv_tile,23,86,162
kv_tile,23,87,155
kv_tile,23,88,118
kv_tile,23,89,137
kv_tile,23,90,148
kv_tile,23,91,135
kv_tile,23,92,139
kv_tile,23,93,153
kv_tile,23,94,144
kv_tile,23,95,141
kv_tile,23,96,153
kv_tile,23,97,141
kv_tile,23,98,149
kv_tile,23,99,153
kv_tile,23,100,147
kv_tile,23,101,164
kv_tile,23,102,161
kv_tile,23,103,168
kv_tile,23,104,139
kv_tile,23,105,174
kv_tile,23,106,168
kv_tile,23,107,137
kv_tile,23,108,175
kv_tile,23,109,152
kv_tile,23,110,178
kv_tile,23,111,207
kv_tile,23,112,193
kv_tile,23,113,198
kv_tile,23,114,224
kv_tile,23,115,214
kv_tile,23,116,200
kv_tile,23,117,209
kv_tile,23,118,231
kv_tile,23,119,214
kv_tile,23,120,229
kv_tile,23,121,246
kv_tile,23,122,280
kv_tile,23,123,277
kv_tile,23,124,302
kv_tile,23,125,408
kv_tile,23,126,502
kv_tile,23,127,706
kv_tile,23,128,2534
kv_tile,24,0,23190
kv_tile,24,1,5362
kv_tile,24,2,3520
kv_tile,24,3,2631
kv_tile,24,4,2052
kv_tile,24,5,1733
kv_tile,24,6,1527
kv_tile,24,7,1324
kv_tile,24,8,1271
kv_tile,24,9,1137
kv_tile,24,10,1024
kv_tile,24,11,947
kv_tile,24,12,854
kv_tile,24,13,774
kv_tile,24,14,734
kv_tile,24,15,724
kv_tile,24,16,672
kv_tile,24,17,630
kv_tile,24,18,628
kv_tile,24,19,555
kv_tile,24,20,555
kv_tile,24,21,528
kv_tile,24,22,493
kv_tile,24,23,499
kv_tile,24,24,503
kv_tile,24,25,481
kv_tile,24,26,437
kv_tile,24,27,450
kv_tile,24,28,419
kv_tile,24,29,418
kv_tile,24,30,384
kv_tile,24,31,378
kv_tile,24,32,379
kv_tile,24,33,357
kv_tile,24,34,395
kv_tile,24,35,369
kv_tile,24,36,364
kv_tile,24,37,347
kv_tile,24,38,315
kv_tile,24,39,356
kv_tile,24,40,331
kv_tile,24,41,332
kv_tile,24,42,288
kv_tile,24,43,319
kv_tile,24,44,327
kv_tile,24,45,336
kv_tile,24,46,337
kv_tile,24,47,289
kv_tile,24,48,259
kv_tile,24,49,265
kv_tile,24,50,301
kv_tile,24,51,301
kv_tile,24,52,269
kv_tile,24,53,294
kv_tile,24,54,261
kv_tile,24,55,263
kv_tile,24,56,299
kv_tile,24,57,272
kv_tile,24,58,277
kv_tile,24,59,255
kv_tile,24,60,250
kv_tile,24,61,270
kv_tile,24,62,286
kv_tile,24,63,329
kv_tile,24,64,273
kv_tile,24,65,294
kv_tile,24,66,292
kv_tile,24,67,283
kv_tile,24,68,272
kv_tile,24,69,284
kv_tile,24,70,269
kv_tile,24,71,260
kv_tile,24,72,243
kv_tile,24,73,275
kv_tile,24,74,225
kv_tile,24,75,242
kv_tile,24,76,246
kv_tile,24,77,302
kv_tile,24,78,261
kv_tile,24,79,261
kv_tile,24,80,259
kv_tile,24,81,260
kv_tile,24,82,252
kv_tile,24,83,296
kv_tile,24,84,253
kv_tile,24,85,288
kv_tile,24,86,239
kv_tile,24,87,267
kv_tile,24,88,250
kv_tile,24,89,275
kv_tile,24,90,263
kv_tile,24,91,260
kv_tile,24,92,256
kv_tile,24,93,278
kv_tile,24,94,284
kv_tile,24,95,269
kv_tile,24,96,252
kv_tile,24,97,271
kv_tile,24,98,289
kv_tile,24,99,294
kv_tile,24,100,274
kv_tile,24,101,288
kv_tile,24,102,267
kv_tile,24,103,317
kv_tile,24,104,338
kv_tile,24,105,297
kv_tile,24,106,269
kv_tile,24,107,325
kv_tile,24,108,353
kv_tile,24,109,357
kv_tile,24,110,350
kv_tile,24,111,379
kv_tile,24,112,350
kv_tile,24,113,415
kv_tile,24,114,394
kv_tile,24,115,415
kv_tile,24,116,422
kv_tile,24,117,450
kv_tile,24,118,492
kv_tile,24,119,512
kv_tile,24,120,553
kv_tile,24,121,576
kv_tile,24,122,634
kv_tile,24,123,719
kv_tile,24,124,800
kv_tile,24,125,910
kv_tile,24,126,1231
kv_tile,24,127,1684
kv_tile,24,128,7570
kv_tile,25,0,29079
kv_tile,25,1,7082
kv_tile,25,2,4498
kv_tile,25,3,3404
kv_tile,25,4,2776
kv_tile,25,5,2280
kv_tile,25,6,1960
kv_tile,25,7,1829
kv_tile,25,8,1588
kv_tile,25,9,1400
kv_tile,25,10,1232
kv_tile,25,11,1160
kv_tile,25,12,1053
kv_tile,25,13,969
kv_tile,25,14,845
kv_tile,25,15,845
kv_tile,25,16,802
kv_tile,25,17,751
kv_tile,25,18,705
kv_tile,25,19,661
kv_tile,25,20,630
kv_tile,25,21,611
kv_tile,25,22,552
kv_tile,25,23,591
kv_tile,25,24,557
kv_tile,25,25,532
kv_tile,25,26,479
kv_tile,25,27,449
kv_tile,25,28,496
kv_tile,25,29,420
kv_tile,25,30,357
kv_tile,25,31,374
kv_tile,25,32,376
kv_tile,25,33,366
kv_tile,25,34,389
kv_tile,25,35,370
kv_tile,25,36,365
kv_tile,25,37,363
kv_tile,25,38,326
kv_tile,25,39,307
kv_tile,25,40,298
kv_tile,25,41,297
kv_tile,25,42,289
kv_tile,25,43,322
kv_tile,25,44,292
kv_tile,25,45,287
kv_tile,25,46,296
kv_tile,25,47,323
kv_tile,25,48,279
kv_tile,25,49,281
kv_tile,25,50,269
kv_tile,25,51,280
kv_tile,25,52,290
kv_tile,25,53,255
kv_tile,25,54,281
kv_tile,25,55,248
kv_tile,25,56,257
kv_tile,25,57,247
kv_tile,25,58,258
kv_tile,25,59,243
kv_tile,25,60,236
kv_tile,25,61,264
kv_tile,25,62,258
kv_tile,25,63,227
kv_tile,25,64,245
kv_tile,25,65,232
kv_tile,25,66,253
kv_tile,25,67,233
kv_tile,25,68,229
kv_tile,25,69,201
kv_tile,25,70,199
kv_tile,25,71,216
kv_tile,25,72,192
kv_tile,25,73,192
kv_tile,25,74,213
kv_tile,25,75,198
kv_tile,25,76,220
kv_tile,25,77,210
kv_tile,25,78,221
kv_tile,25,79,202
kv_tile,25,80,214
kv_tile,25,81,241
kv_tile,25,82,203
kv_tile,25,83,206
kv_tile,25,84,205
kv_tile,25,85,199
kv_tile,25,86,203
kv_tile,25,87,217
kv_tile,25,88,199
kv_tile,25,89,181
kv_tile,25,90,204
kv_tile,25,91,181
kv_tile,25,92,162
kv_tile,25,93,204
kv_tile,25,94,169
kv_tile,25,95,188
kv_tile,25,96,186
kv_tile,25,97,205
kv_tile,25,98,175
kv_tile,25,99,192
kv_tile,25,100,188
kv_tile,25,101,204
kv_tile,25,102,177
kv_tile,25,103,192
kv_tile,25,104,182
kv_tile,25,105,183
kv_tile,25,106,174
kv_tile,25,107,198
kv_tile,25,108,180
kv_tile,25,109,167
kv_tile,25,110,212
kv_tile,25,111,186
kv_tile,25,112,195
kv_tile,25,113,190
kv_tile,25,114,225
kv_tile,25,115,238
kv_tile,25,116,234
kv_tile,25,117,226
kv_tile,25,118,245
kv_tile,25,119,266
kv_tile,25,120,256
kv_tile,25,121,282
kv_tile,25,122,269
kv_tile,25,123,343
kv_tile,25,124,360
kv_tile,25,125,423
kv_tile,25,126,522
kv_tile,25,127,745
kv_tile,25,128,3246
kv_tile,26,0,35339
kv_tile,26,1,6495
kv_tile,26,2,4202
kv_tile,26,3,2964
kv_tile,26,4,2221
kv_tile,26,5,1878
kv_tile,26,6,1614
kv_tile,26,7,1333
kv_tile,26,8,1251
kv_tile,26,9,1025
kv_tile,26,10,988
kv_tile,26,11,799
kv_tile,26,12,834
kv_tile,26,13,734
kv_tile,26,14,622
kv_tile,26,15,578
kv_tile,26,16,534
kv_tile,26,17,523
kv_tile,26,18,440
kv_tile,26,19,427
kv_tile,26,20,421
kv_tile,26,21,394
kv_tile,26,22,363
kv_tile,26,23,360
kv_tile,26,24,310
kv_tile,26,25,315
kv_tile,26,26,318
kv_tile,26,27,306
kv_tile,26,28,278
kv_tile,26,29,244
kv_tile,26,30,269
kv_tile,26,31,253
kv_tile,26,32,212
kv_tile,26,33,264
kv_tile,26,34,248
kv_tile,26,35,238
kv_tile,26,36,206
kv_tile,26,37,221
kv_tile,26,38,216
kv_tile,26,39,240
kv_tile,26,40,196
kv_tile,26,41,191
kv_tile,26,42,201
kv_tile,26,43,210
kv_tile,26,44,196
kv_tile,26,45,205
kv_tile,26,46,213
kv_tile,26,47,195
kv_tile,26,48,182
kv_tile,26,49,206
kv_tile,26,50,195
kv_tile,26,51,177
kv_tile,26,52,214
kv_tile,26,53,185
kv_tile,26,54,189
kv_tile,26,55,208
kv_tile,26,56,197
kv_tile,26,57,200
kv_tile,26,58,216
kv_tile,26,59,194
kv_tile,26,60,212
kv_tile,26,61,203
kv_tile,26,62,212
kv_tile,26,63,241
kv_tile,26,64,242
kv_tile,26,65,226
kv_tile,26,66,197
kv_tile,26,67,173
kv_tile,26,68,191
kv_tile,26,69,174
kv_tile,26,70,202
kv_tile,26,71,162
kv_tile,26,72,176
kv_tile,26,73,195
kv_tile,26,74,214
kv_tile,26,75,193
kv_tile,26,76,169
kv_tile,26,77,155
kv_tile,26,78,193
kv_tile,26,79,188
kv_tile,26,80,169
kv_tile,26,81,162
kv_tile,26,82,177
kv_tile,26,83,199
kv_tile,26,84,156
kv_tile,26,85,166
kv_tile,26,86,175
kv_tile,26,87,161
kv_tile,26,88,205
kv_tile,26,89,180
kv_tile,26,90,189
kv_tile,26,91,198
kv_tile,26,92,169
kv_tile,26,93,180
kv_tile,26,94,167
kv_tile,26,95,182
kv_tile,26,96,186
kv_tile,26,97,194
kv_tile,26,98,188
kv_tile,26,99,189
kv_tile,26,100,189
kv_tile,26,101,213
kv_tile,26,102,179
kv_tile,26,103,203
kv_tile,26,104,204
kv_tile,26,105,222
kv_tile,26,106,232
kv_tile,26,107,226
kv_tile,26,108,234
kv_tile,26,109,240
kv_tile,26,110,226
kv_tile,26,111,251
kv_tile,26,112,269
kv_tile,26,113,267
kv_tile,26,114,229
kv_tile,26,115,270
kv_tile,26,116,319
kv_tile,26,117,321
kv_tile,26,118,318
kv_tile,26,119,352
kv_tile,26,120,347
kv_tile,26,121,395
kv_tile,26,122,448
kv_tile,26,123,470
kv_tile,26,124,566
kv_tile,26,125,635
kv_tile,26,126,860
kv_tile,26,127,1304
kv_tile,26,128,6358
kv_tile,27,0,26318
kv_tile,27,1,6264
kv_tile,27,2,4000
kv_tile,27,3,2890
kv_tile,27,4,2211
kv_tile,27,5,1850
kv_tile,27,6,1507
kv_tile,27,7,1314
kv_tile,27,8,1166
kv_tile,27,9,1013
kv_tile,27,10,959
kv_tile,27,11,856
kv_tile,27,12,809
kv_tile,27,13,724
kv_tile,27,14,751
kv_tile,27,15,658
kv_tile,27,16,590
kv_tile,27,17,585
kv_tile,27,18,509
kv_tile,27,19,535
kv_tile,27,20,495
kv_tile,27,21,478
kv_tile,27,22,434
kv_tile,27,23,386
kv_tile,27,24,402
kv_tile,27,25,360
kv_tile,27,26,381
kv_tile,27,27,379
kv_tile,27,28,310
kv_tile,27,29,320
kv_tile,27,30,330
kv_tile,27,31,312
kv_tile,27,32,312
kv_tile,27,33,314
kv_tile,27,34,317
kv_tile,27,35,262
kv_tile,27,36,279
kv_tile,27,37,278
kv_tile,27,38,310
kv_tile,27,39,255
kv_tile,27,40,264
kv_tile,27,41,263
kv_tile,27,42,243
kv_tile,27,43,240
kv_tile,27,44,236
kv_tile,27,45,243
kv_tile,27,46,241
kv_tile,27,47,240
kv_tile,27,48,209
kv_tile,27,49,226
kv_tile,27,50,244
kv_tile,27,51,231
kv_tile,27,52,209
kv_tile,27,53,237
kv_tile,27,54,220
kv_tile,27,55,202
kv_tile,27,56,215
kv_tile,27,57,233
kv_tile,27,58,215
kv_tile,27,59,238
kv_tile,27,60,206
kv_tile,27,61,218
kv_tile,27,62,214
kv_tile,27,63,211
kv_tile,27,64,193
kv_tile,27,65,193
kv_tile,27,66,197
kv_tile,27,67,194
kv_tile,27,68,194
kv_tile,27,69,216
kv_tile,27,70,220
kv_tile,27,71,207
kv_tile,27,72,198
kv_tile,27,73,225
kv_tile,27,74,195
kv_tile,27,75,199
kv_tile,27,76,228
kv_tile,27,77,186
kv_tile,27,78,210
kv_tile,27,79,214
kv_tile,27,80,227
kv_tile,27,81,214
kv_tile,27,82,214
kv_tile,27,83,226
kv_tile,27,84,210
kv_tile,27,85,222
kv_tile,27,86,212
kv_tile,27,87,219
kv_tile,27,88,213
kv_tile,27,89,204
kv_tile,27,90,204
kv_tile,27,91,243
kv_tile,27,92,198
kv_tile,27,93,206
kv_tile,27,94,233
kv_tile,27,95,237
kv_tile,27,96,244
kv_tile,27,97,243
kv_tile,27,98,246
kv_tile,27,99,272
kv_tile,27,100,247
kv_tile,27,101,262
kv_tile,27,102,265
kv_tile,27,103,269
kv_tile,27,104,293
kv_tile,27,105,296
kv_tile,27,106,287
kv_tile,27,107,284
kv_tile,27,108,313
kv_tile,27,109,342
kv_tile,27,110,315
kv_tile,27,111,332
kv_tile,27,112,352
kv_tile,27,113,366
kv_tile,27,114,364
kv_tile,27,115,414
kv_tile,27,116,441
kv_tile,27,117,469
kv_tile,27,118,435
kv_tile,27,119,539
kv_tile,27,120,558
kv_tile,27,121,598
kv_tile,27,122,654
kv_tile,27,123,753
kv_tile,27,124,805
kv_tile,27,125,983
kv_tile,27,126,1318
kv_tile,27,127,1901
kv_tile,27,128,8172
kv_tile,28,0,37557
kv_tile,28,1,7228
kv_tile,28,2,4401
kv_tile,28,3,3094
kv_tile,28,4,2401
kv_tile,28,5,1897
kv_tile,28,6,1591
kv_tile,28,7,1414
kv_tile,28,8,1240
kv_tile,28,9,1058
kv_tile,28,10,920
kv_tile,28,11,832
kv_tile,28,12,796
kv_tile,28,13,754
kv_tile,28,14,689
kv_tile,28,15,631
kv_tile,28,16,532
kv_tile,28,17,558
kv_tile,28,18,489
kv_tile,28,19,468
kv_tile,28,20,460
kv_tile,28,21,413
kv_tile,28,22,400
kv_tile,28,23,393
kv_tile,28,24,324
kv_tile,28,25,398
kv_tile,28,26,354
kv_tile,28,27,348
kv_tile,28,28,342
kv_tile,28,29,313
kv_tile,28,30,316
kv_tile,28,31,305
kv_tile,28,32,268
kv_tile,28,33,271
kv_tile,28,34,292
kv_tile,28,35,262
kv_tile,28,36,260
kv_tile,28,37,274
kv_tile,28,38,250
kv_tile,28,39,282
kv_tile,28,40,231
kv_tile,28,41,260
kv_tile,28,42,257
kv_tile,28,43,261
kv_tile,28,44,287
kv_tile,28,45,221
kv_tile,28,46,253
kv_tile,28,47,258
kv_tile,28,48,270
kv_tile,28,49,265
kv_tile,28,50,229
kv_tile,28,51,223
kv_tile,28,52,241
kv_tile,28,53,205
kv_tile,28,54,228
kv_tile,28,55,227
kv_tile,28,56,243
kv_tile,28,57,216
kv_tile,28,58,244
kv_tile,28,59,233
kv_tile,28,60,243
kv_tile,28,61,232
kv_tile,28,62,237
kv_tile,28,63,272
kv_tile,28,64,280
kv_tile,28,65,244
kv_tile,28,66,265
kv_tile,28,67,230
kv_tile,28,68,224
kv_tile,28,69,192
kv_tile,28,70,223
kv_tile,28,71,201
kv_tile,28,72,187
kv_tile,28,73,200
kv_tile,28,74,213
kv_tile,28,75,185
kv_tile,28,76,191
kv_tile,28,77,181
kv_tile,28,78,197
kv_tile,28,79,189
kv_tile,28,80,210
kv_tile,28,81,191
kv_tile,28,82,186
kv_tile,28,83,206
kv_tile,28,84,203
kv_tile,28,85,196
kv_tile,28,86,178
kv_tile,28,87,164
kv_tile,28,88,187
kv_tile,28,89,164
kv_tile,28,90,191
kv_tile,28,91,180
kv_tile,28,92,181
kv_tile,28,93,174
kv_tile,28,94,182
kv_tile,28,95,158
kv_tile,28,96,162
kv_tile,28,97,165
kv_tile,28,98,170
kv_tile,28,99,164
kv_tile,28,100,162
kv_tile,28,101,179
kv_tile,28,102,159
kv_tile,28,103,182
kv_tile,28,104,183
kv_tile,28,105,159
kv_tile,28,106,183
kv_tile,28,107,191
kv_tile,28,108,201
kv_tile,28,109,185
kv_tile,28,110,207
kv_tile,28,111,209
kv_tile,28,112,208
kv_tile,28,113,205
kv_tile,28,114,230
kv_tile,28,115,231
kv_tile,28,116,249
kv_tile,28,117,228
kv_tile,28,118,244
kv_tile,28,119,237
kv_tile,28,120,272
kv_tile,28,121,278
kv_tile,28,122,304
kv_tile,28,123,335
kv_tile,28,124,348
kv_tile,28,125,452
kv_tile,28,126,600
kv_tile,28,127,907
kv_tile,28,128,2851
kv_tile,29,0,25287
kv_tile,29,1,5839
kv_tile,29,2,3663
kv_tile,29,3,2743
kv_tile,29,4,2248
kv_tile,29,5,1816
kv_tile,29,6,1659
kv_tile,29,7,1489
kv_tile,29,8,1381
kv_tile,29,9,1188
kv_tile,29,10,1111
kv_tile,29,11,1059
kv_tile,29,12,943
kv_tile,29,13,907
kv_tile,29,14,912
kv_tile,29,15,856
kv_tile,29,16,706
kv_tile,29,17,721
kv_tile,29,18,679
kv_tile,29,19,710
kv_tile,29,20,638
kv_tile,29,21,650
kv_tile,29,22,563
kv_tile,29,23,594
kv_tile,29,24,570
kv_tile,29,25,545
kv_tile,29,26,577
kv_tile,29,27,491
kv_tile,29,28,495
kv_tile,29,29,459
kv_tile,29,30,489
kv_tile,29,31,461
kv_tile,29,32,428
kv_tile,29,33,399
kv_tile,29,34,417
kv_tile,29,35,443
kv_tile,29,36,422
kv_tile,29,37,439
kv_tile,29,38,386
kv_tile,29,39,399
kv_tile,29,40,390
kv_tile,29,41,392
kv_tile,29,42,368
kv_tile,29,43,359
kv_tile,29,44,390
kv_tile,29,45,364
kv_tile,29,46,372
kv_tile,29,47,374
kv_tile,29,48,333
kv_tile,29,49,360
kv_tile,29,50,331
kv_tile,29,51,346
kv_tile,29,52,339
kv_tile,29,53,337
kv_tile,29,54,342
kv_tile,29,55,354
kv_tile,29,56,331
kv_tile,29,57,310
kv_tile,29,58,333
kv_tile,29,59,332
kv_tile,29,60,326
kv_tile,29,61,325
kv_tile,29,62,323
kv_tile,29,63,333
kv_tile,29,64,291
kv_tile,29,65,327
kv_tile,29,66,330
kv_tile,29,67,339
kv_tile,29,68,314
kv_tile,29,69,279
kv_tile,29,70,300
kv_tile,29,71,328
kv_tile,29,72,295
kv_tile,29,73,296
kv_tile,29,74,304
kv_tile,29,75,291
kv_tile,29,76,299
kv_tile,29,77,271
kv_tile,29,78,314
kv_tile,29,79,297
kv_tile,29,80,290
kv_tile,29,81,279
kv_tile,29,82,297
kv_tile,29,83,271
kv_tile,29,84,272
kv_tile,29,85,280
kv_tile,29,86,267
kv_tile,29,87,315
kv_tile,29,88,287
kv_tile,29,89,242
kv_tile,29,90,268
kv_tile,29,91,258
kv_tile,29,92,262
kv_tile,29,93,302
kv_tile,29,94,268
kv_tile,29,95,254
kv_tile,29,96,258
kv_tile,29,97,280
kv_tile,29,98,257
kv_tile,29,99,272
kv_tile,29,100,283
kv_tile,29,101,261
kv_tile,29,102,274
kv_tile,29,103,275
kv_tile,29,104,266
kv_tile,29,105,262
kv_tile,29,106,280
kv_tile,29,107,269
kv_tile,29,108,289
kv_tile,29,109,280
kv_tile,29,110,300
kv_tile,29,111,260
kv_tile,29,112,266
kv_tile,29,113,323
kv_tile,29,114,289
kv_tile,29,115,323
kv_tile,29,116,297
kv_tile,29,117,342
kv_tile,29,118,355
kv_tile,29,119,367
kv_tile,29,120,365
kv_tile,29,121,338
kv_tile,29,122,395
kv_tile,29,123,452
kv_tile,29,124,472
kv_tile,29,125,553
kv_tile,29,126,708
kv_tile,29,127,907
kv_tile,29,128,3753
kv_tile,3,0,47459
kv_tile,3,1,7091
kv_tile,3,2,3924
kv_tile,3,3,2498
kv_tile,3,4,1917
kv_tile,3,5,1433
kv_tile,3,6,1246
kv_tile,3,7,1017
kv_tile,3,8,866
kv_tile,3,9,767
kv_tile,3,10,702
kv_tile,3,11,601
kv_tile,3,12,562
kv_tile,3,13,548
kv_tile,3,14,475
kv_tile,3,15,441
kv_tile,3,16,435
kv_tile,3,17,387
kv_tile,3,18,355
kv_tile,3,19,381
kv_tile,3,20,327
kv_tile,3,21,353
kv_tile,3,22,330
kv_tile,3,23,298
kv_tile,3,24,293
kv_tile,3,25,256
kv_tile,3,26,250
kv_tile,3,27,262
kv_tile,3,28,274
kv_tile,3,29,275
kv_tile,3,30,259
kv_tile,3,31,241
kv_tile,3,32,217
kv_tile,3,33,232
kv_tile,3,34,233
kv_tile,3,35,207
kv_tile,3,36,205
kv_tile,3,37,200
kv_tile,3,38,193
kv_tile,3,39,227
kv_tile,3,40,185
kv_tile,3,41,198
kv_tile,3,42,195
kv_tile,3,43,214
kv_tile,3,44,186
kv_tile,3,45,209
kv_tile,3,46,170
kv_tile,3,47,187
kv_tile,3,48,185
kv_tile,3,49,160
kv_tile,3,50,175
kv_tile,3,51,171
kv_tile,3,52,149
kv_tile,3,53,180
kv_tile,3,54,171
kv_tile,3,55,157
kv_tile,3,56,184
kv_tile,3,57,178
kv_tile,3,58,171
kv_tile,3,59,161
kv_tile,3,60,156
kv_tile,3,61,169
kv_tile,3,62,163
kv_tile,3,63,152
kv_tile,3,64,163
kv_tile,3,65,152
kv_tile,3,66,145
kv_tile,3,67,151
kv_tile,3,68,140
kv_tile,3,69,144
kv_tile,3,70,137
kv_tile,3,71,124
kv_tile,3,72,130
kv_tile,3,73,164
kv_tile,3,74,159
kv_tile,3,75,125
kv_tile,3,76,146
kv_tile,3,77,130
kv_tile,3,78,123
kv_tile,3,79,149
kv_tile,3,80,135
kv_tile,3,81,137
kv_tile,3,82,161
kv_tile,3,83,141
kv_tile,3,84,129
kv_tile,3,85,137
kv_tile,3,86,121
kv_tile,3,87,134
kv_tile,3,88,155
kv_tile,3,89,121
kv_tile,3,90,151
kv_tile,3,91,163
kv_tile,3,92,150
kv_tile,3,93,135
kv_tile,3,94,148
kv_tile,3,95,157
kv_tile,3,96,156
kv_tile,3,97,121
kv_tile,3,98,155
kv_tile,3,99,120
kv_tile,3,100,156
kv_tile,3,101,148
kv_tile,3,102,145
kv_tile,3,103,160
kv_tile,3,104,141
kv_tile,3,105,170
kv_tile,3,106,168
kv_tile,3,107,201
kv_tile,3,108,152
kv_tile,3,109,185
kv_tile,3,110,165
kv_tile,3,111,177
kv_tile,3,112,229
kv_tile,3,113,207
kv_tile,3,114,215
kv_tile,3,115,223
kv_tile,3,116,236
kv_tile,3,117,259
kv_tile,3,118,258
kv_tile,3,119,266
kv_tile,3,120,292
kv_tile,3,121,330
kv_tile,3,122,293
kv_tile,3,123,324
kv_tile,3,124,371
kv_tile,3,125,491
kv_tile,3,126,596
kv_tile,3,127,896
kv_tile,3,128,3278
kv_tile,30,0,41215
kv_tile,30,1,6536
kv_tile,30,2,3604
kv_tile,30,3,2556
kv_tile,30,4,1915
kv_tile,30,5,1597
kv_tile,30,6,1221
kv_tile,30,7,1006
kv_tile,30,8,954
kv_tile,30,9,833
kv_tile,30,10,711
kv_tile,30,11,645
kv_tile,30,12,570
kv_tile,30,13,533
kv_tile,30,14,511
kv_tile,30,15,431
kv_tile,30,16,419
kv_tile,30,17,409
kv_tile,30,18,381
kv_tile,30,19,359
kv_tile,30,20,361
kv_tile,30,21,304
kv_tile,30,22,307
kv_tile,30,23,308
kv_tile,30,24,270
kv_tile,30,25,293
kv_tile,30,26,275
kv_tile,30,27,299
kv_tile,30,28,222
kv_tile,30,29,219
kv_tile,30,30,254
kv_tile,30,31,233
kv_tile,30,32,213
kv_tile,30,33,237
kv_tile,30,34,221
kv_tile,30,35,214
kv_tile,30,36,216
kv_tile,30,37,211
kv_tile,30,38,229
kv_tile,30,39,203
kv_tile,30,40,214
kv_tile,30,41,193
kv_tile,30,42,208
kv_tile,30,43,195
kv_tile,30,44,172
kv_tile,30,45,185
kv_tile,30,46,178
kv_tile,30,47,198
kv_tile,30,48,226
kv_tile,30,49,170
kv_tile,30,50,212
kv_tile,30,51,187
kv_tile,30,52,194
kv_tile,30,53,202
kv_tile,30,54,215
kv_tile,30,55,180
kv_tile,30,56,181
kv_tile,30,57,198
kv_tile,30,58,179
kv_tile,30,59,190
kv_tile,30,60,182
kv_tile,30,61,197
kv_tile,30,62,195
kv_tile,30,63,214
kv_tile,30,64,204
kv_tile,30,65,235
kv_tile,30,66,181
kv_tile,30,67,158
kv_tile,30,68,171
kv_tile,30,69,177
kv_tile,30,70,164
kv_tile,30,71,177
kv_tile,30,72,168
kv_tile,30,73,168
kv_tile,30,74,163
kv_tile,30,75,154
kv_tile,30,76,150
kv_tile,30,77,164
kv_tile,30,78,167
kv_tile,30,79,156
kv_tile,30,80,164
kv_tile,30,81,153
kv_tile,30,82,176
kv_tile,30,83,178
kv_tile,30,84,166
kv_tile,30,85,153
kv_tile,30,86,150
kv_tile,30,87,167
kv_tile,30,88,162
kv_tile,30,89,158
kv_tile,30,90,147
kv_tile,30,91,161
kv_tile,30,92,186
kv_tile,30,93,171
kv_tile,30,94,174
kv_tile,30,95,174
kv_tile,30,96,145
kv_tile,30,97,178
kv_tile,30,98,177
kv_tile,30,99,163
kv_tile,30,100,181
kv_tile,30,101,189
kv_tile,30,102,197
kv_tile,30,103,180
kv_tile,30,104,177
kv_tile,30,105,203
kv_tile,30,106,197
kv_tile,30,107,210
kv_tile,30,108,235
kv_tile,30,109,218
kv_tile,30,110,214
kv_tile,30,111,234
kv_tile,30,112,234
kv_tile,30,113,249
kv_tile,30,114,246
kv_tile,30,115,287
kv_tile,30,116,278
kv_tile,30,117,318
kv_tile,30,118,321
kv_tile,30,119,352
kv_tile,30,120,335
kv_tile,30,121,390
kv_tile,30,122,415
kv_tile,30,123,470
kv_tile,30,124,577
kv_tile,30,125,687
kv_tile,30,126,920
kv_tile,30,127,1237
kv_tile,30,128,6333
kv_tile,31,0,28691
kv_tile,31,1,7032
kv_tile,31,2,4714
kv_tile,31,3,3447
kv_tile,31,4,2588
kv_tile,31,5,2204
kv_tile,31,6,1985
kv_tile,31,7,1651
kv_tile,31,8,1386
kv_tile,31,9,1345
kv_tile,31,10,1131
kv_tile,31,11,1099
kv_tile,31,12,921
kv_tile,31,13,870
kv_tile,31,14,776
kv_tile,31,15,741
kv_tile,31,16,742
kv_tile,31,17,687
kv_tile,31,18,673
kv_tile,31,19,595
kv_tile,31,20,551
kv_tile,31,21,512
kv_tile,31,22,516
kv_tile,31,23,532
kv_tile,31,24,506
kv_tile,31,25,471
kv_tile,31,26,500
kv_tile,31,27,423
kv_tile,31,28,414
kv_tile,31,29,421
kv_tile,31,30,391
kv_tile,31,31,423
kv_tile,31,32,380
kv_tile,31,33,388
kv_tile,31,34,368
kv_tile,31,35,356
kv_tile,31,36,321
kv_tile,31,37,359
kv_tile,31,38,327
kv_tile,31,39,318
kv_tile,31,40,324
kv_tile,31,41,316
kv_tile,31,42,324
kv_tile,31,43,335
kv_tile,31,44,304
kv_tile,31,45,297
kv_tile,31,46,269
kv_tile,31,47,275
kv_tile,31,48,297
kv_tile,31,49,298
kv_tile,31,50,291
kv_tile,31,51,286
kv_tile,31,52,284
kv_tile,31,53,253
kv_tile,31,54,233
kv_tile,31,55,267
kv_tile,31,56,253
kv_tile,31,57,292
kv_tile,31,58,291
kv_tile,31,59,260
kv_tile,31,60,268
kv_tile,31,61,285
kv_tile,31,62,273
kv_tile,31,63,250
kv_tile,31,64,255
kv_tile,31,65,266
kv_tile,31,66,233
kv_tile,31,67,247
kv_tile,31,68,270
kv_tile,31,69,242
kv_tile,31,70,231
kv_tile,31,71,259
kv_tile,31,72,232
kv_tile,31,73,246
kv_tile,31,74,249
kv_tile,31,75,219
kv_tile,31,76,224
kv_tile,31,77,227
kv_tile,31,78,217
kv_tile,31,79,225
kv_tile,31,80,249
kv_tile,31,81,198
kv_tile,31,82,239
kv_tile,31,83,213
kv_tile,31,84,224
kv_tile,31,85,207
kv_tile,31,86,204
kv_tile,31,87,228
kv_tile,31,88,205
kv_tile,31,89,205
kv_tile,31,90,215
kv_tile,31,91,245
kv_tile,31,92,190
kv_tile,31,93,180
kv_tile,31,94,193
kv_tile,31,95,220
kv_tile,31,96,199
kv_tile,31,97,227
kv_tile,31,98,225
kv_tile,31,99,221
kv_tile,31,100,193
kv_tile,31,101,211
kv_tile,31,102,197
kv_tile,31,103,201
kv_tile,31,104,200
kv_tile,31,105,205
kv_tile,31,106,212
kv_tile,31,107,179
kv_tile,31,108,206
kv_tile,31,109,210
kv_tile,31,110,208
kv_tile,31,111,201
kv_tile,31,112,213
kv_tile,31,113,227
kv_tile,31,114,226
kv_tile,31,115,236
kv_tile,31,116,256
kv_tile,31,117,267
kv_tile,31,118,226
kv_tile,31,119,267
kv_tile,31,120,249
kv_tile,31,121,286
kv_tile,31,122,291
kv_tile,31,123,324
kv_tile,31,124,355
kv_tile,31,125,402
kv_tile,31,126,557
kv_tile,31,127,784
kv_tile,31,128,4006
kv_tile,32,0,26164
kv_tile,32,1,5659
kv_tile,32,2,3608
kv_tile,32,3,2561
kv_tile,32,4,2015
kv_tile,32,5,1684
kv_tile,32,6,1383
kv_tile,32,7,1268
kv_tile,32,8,1148
kv_tile,32,9,998
kv_tile,32,10,897
kv_tile,32,11,787
kv_tile,32,12,663
kv_tile,32,13,691
kv_tile,32,14,674
kv_tile,32,15,650
kv_tile,32,16,599
kv_tile,32,17,527
kv_tile,32,18,529
kv_tile,32,19,483
kv_tile,32,20,450
kv_tile,32,21,460
kv_tile,32,22,421
kv_tile,32,23,428
kv_tile,32,24,407
kv_tile,32,25,367
kv_tile,32,26,359
kv_tile,32,27,337
kv_tile,32,28,372
kv_tile,32,29,357
kv_tile,32,30,356
kv_tile,32,31,337
kv_tile,32,32,332
kv_tile,32,33,312
kv_tile,32,34,307
kv_tile,32,35,325
kv_tile,32,36,325
kv_tile,32,37,309
kv_tile,32,38,280
kv_tile,32,39,280
kv_tile,32,40,281
kv_tile,32,41,260
kv_tile,32,42,261
kv_tile,32,43,270
kv_tile,32,44,263
kv_tile,32,45,258
kv_tile,32,46,233
kv_tile,32,47,248
kv_tile,32,48,239
kv_tile,32,49,255
kv_tile,32,50,230
kv_tile,32,51,215
kv_tile,32,52,220
kv_tile,32,53,243
kv_tile,32,54,220
kv_tile,32,55,228
kv_tile,32,56,235
kv_tile,32,57,231
kv_tile,32,58,206
kv_tile,32,59,241
kv_tile,32,60,231
kv_tile,32,61,239
kv_tile,32,62,252
kv_tile,32,63,245
kv_tile,32,64,246
kv_tile,32,65,257
kv_tile,32,66,224
kv_tile,32,67,243
kv_tile,32,68,214
kv_tile,32,69,234
kv_tile,32,70,229
kv_tile,32,71,207
kv_tile,32,72,182
kv_tile,32,73,223
kv_tile,32,74,204
kv_tile,32,75,217
kv_tile,32,76,240
kv_tile,32,77,220
kv_tile,32,78,199
kv_tile,32,79,221
kv_tile,32,80,212
kv_tile,32,81,212
kv_tile,32,82,203
kv_tile,32,83,199
kv_tile,32,84,201
kv_tile,32,85,198
kv_tile,32,86,206
kv_tile,32,87,224
kv_tile,32,88,192
kv_tile,32,89,208
kv_tile,32,90,240
kv_tile,32,91,229
kv_tile,32,92,220
kv_tile,32,93,236
kv_tile,32,94,221
kv_tile,32,95,239
kv_tile,32,96,252
kv_tile,32,97,231
kv_tile,32,98,261
kv_tile,32,99,263
kv_tile,32,100,268
kv_tile,32,101,251
kv_tile,32,102,247
kv_tile,32,103,276
kv_tile,32,104,277
kv_tile,32,105,288
kv_tile,32,106,344
kv_tile,32,107,305
kv_tile,32,108,304
kv_tile,32,109,321
kv_tile,32,110,333
kv_tile,32,111,361
kv_tile,32,112,423
kv_tile,32,113,359
kv_tile,32,114,355
kv_tile,32,115,434
kv_tile,32,116,450
kv_tile,32,117,464
kv_tile,32,118,468
kv_tile,32,119,577
kv_tile,32,120,520
kv_tile,32,121,682
kv_tile,32,122,665
kv_tile,32,123,734
kv_tile,32,124,904
kv_tile,32,125,1099
kv_tile,32,126,1418
kv_tile,32,127,2034
kv_tile,32,128,9223
kv_tile,33,0,24501
kv_tile,33,1,6218
kv_tile,33,2,3916
kv_tile,33,3,3012
kv_tile,33,4,2458
kv_tile,33,5,2041
kv_tile,33,6,1770
kv_tile,33,7,1564
kv_tile,33,8,1315
kv_tile,33,9,1273
kv_tile,33,10,1231
kv_tile,33,11,1120
kv_tile,33,12,1065
kv_tile,33,13,966
kv_tile,33,14,873
kv_tile,33,15,832
kv_tile,33,16,762
kv_tile,33,17,760
kv_tile,33,18,666
kv_tile,33,19,632
kv_tile,33,20,608
kv_tile,33,21,603
kv_tile,33,22,597
kv_tile,33,23,568
kv_tile,33,24,549
kv_tile,33,25,522
kv_tile,33,26,493
kv_tile,33,27,455
kv_tile,33,28,451
kv_tile,33,29,474
kv_tile,33,30,402
kv_tile,33,31,427
kv_tile,33,32,373
kv_tile,33,33,376
kv_tile,33,34,339
kv_tile,33,35,343
kv_tile,33,36,347
kv_tile,33,37,294
kv_tile,33,38,328
kv_tile,33,39,312
kv_tile,33,40,320
kv_tile,33,41,309
kv_tile,33,42,324
kv_tile,33,43,312
kv_tile,33,44,306
kv_tile,33,45,264
kv_tile,33,46,272
kv_tile,33,47,272
kv_tile,33,48,278
kv_tile,33,49,253
kv_tile,33,50,261
kv_tile,33,51,259
kv_tile,33,52,254
kv_tile,33,53,252
kv_tile,33,54,283
kv_tile,33,55,263
kv_tile,33,56,249
kv_tile,33,57,270
kv_tile,33,58,244
kv_tile,33,59,254
kv_tile,33,60,272
kv_tile,33,61,233
kv_tile,33,62,254
kv_tile,33,63,210
kv_tile,33,64,247
kv_tile,33,65,237
kv_tile,33,66,248
kv_tile,33,67,244
kv_tile,33,68,282
kv_tile,33,69,273
kv_tile,33,70,245
kv_tile,33,71,238
kv_tile,33,72,251
kv_tile,33,73,250
kv_tile,33,74,244
kv_tile,33,75,249
kv_tile,33,76,262
kv_tile,33,77,240
kv_tile,33,78,239
kv_tile,33,79,266
kv_tile,33,80,262
kv_tile,33,81,214
kv_tile,33,82,233
kv_tile,33,83,235
kv_tile,33,84,253
kv_tile,33,85,234
kv_tile,33,86,217
kv_tile,33,87,236
kv_tile,33,88,239
kv_tile,33,89,246
kv_tile,33,90,238
kv_tile,33,91,236
kv_tile,33,92,259
kv_tile,33,93,252
kv_tile,33,94,240
kv_tile,33,95,242
kv_tile,33,96,259
kv_tile,33,97,240
kv_tile,33,98,225
kv_tile,33,99,216
kv_tile,33,100,231
kv_tile,33,101,235
kv_tile,33,102,248
kv_tile,33,103,233
kv_tile,33,104,236
kv_tile,33,105,261
kv_tile,33,106,275
kv_tile,33,107,299
kv_tile,33,108,273
kv_tile,33,109,278
kv_tile,33,110,260
kv_tile,33,111,309
kv_tile,33,112,298
kv_tile,33,113,283
kv_tile,33,114,325
kv_tile,33,115,351
kv_tile,33,116,358
kv_tile,33,117,370
kv_tile,33,118,350
kv_tile,33,119,408
kv_tile,33,120,425
kv_tile,33,121,458
kv_tile,33,122,490
kv_tile,33,123,554
kv_tile,33,124,610
kv_tile,33,125,732
kv_tile,33,126,953
kv_tile,33,127,1388
kv_tile,33,128,5718
kv_tile,34,0,20727
kv_tile,34,1,5990
kv_tile,34,2,3993
kv_tile,34,3,2929
kv_tile,34,4,2463
kv_tile,34,5,2092
kv_tile,34,6,1857
kv_tile,34,7,1614
kv_tile,34,8,1425
kv_tile,34,9,1324
kv_tile,34,10,1287
kv_tile,34,11,1128
kv_tile,34,12,1081
kv_tile,34,13,968
kv_tile,34,14,939
kv_tile,34,15,871
kv_tile,34,16,887
kv_tile,34,17,733
kv_tile,34,18,719
kv_tile,34,19,693
kv_tile,34,20,674
kv_tile,34,21,602
kv_tile,34,22,614
kv_tile,34,23,606
kv_tile,34,24,556
kv_tile,34,25,602
kv_tile,34,26,531
kv_tile,34,27,469
kv_tile,34,28,474
kv_tile,34,29,507
kv_tile,34,30,505
kv_tile,34,31,455
kv_tile,34,32,458
kv_tile,34,33,468
kv_tile,34,34,415
kv_tile,34,35,444
kv_tile,34,36,397
kv_tile,34,37,408
kv_tile,34,38,382
kv_tile,34,39,403
kv_tile,34,40,377
kv_tile,34,41,386
kv_tile,34,42,393
kv_tile,34,43,356
kv_tile,34,44,346
kv_tile,34,45,348
kv_tile,34,46,346
kv_tile,34,47,361
kv_tile,34,48,345
kv_tile,34,49,322
kv_tile,34,50,330
kv_tile,34,51,301
kv_tile,34,52,345
kv_tile,34,53,323
kv_tile,34,54,347
kv_tile,34,55,316
kv_tile,34,56,297
kv_tile,34,57,328
kv_tile,34,58,304
kv_tile,34,59,312
kv_tile,34,60,317
kv_tile,34,61,316
kv_tile,34,62,297
kv_tile,34,63,357
kv_tile,34,64,321
kv_tile,34,65,301
kv_tile,34,66,331
kv_tile,34,67,312
kv_tile,34,68,304
kv_tile,34,69,261
kv_tile,34,70,266
kv_tile,34,71,257
kv_tile,34,72,293
kv_tile,34,73,288
kv_tile,34,74,254
kv_tile,34,75,286
kv_tile,34,76,292
kv_tile,34,77,280
kv_tile,34,78,253
kv_tile,34,79,275
kv_tile,34,80,279
kv_tile,34,81,252
kv_tile,34,82,260
kv_tile,34,83,250
kv_tile,34,84,263
kv_tile,34,85,288
kv_tile,34,86,291
kv_tile,34,87,285
kv_tile,34,88,275
kv_tile,34,89,280
kv_tile,34,90,325
kv_tile,34,91,289
kv_tile,34,92,261
kv_tile,34,93,273
kv_tile,34,94,289
kv_tile,34,95,295
kv_tile,34,96,285
kv_tile,34,97,291
kv_tile,34,98,289
kv_tile,34,99,294
kv_tile,34,100,266
kv_tile,34,101,292
kv_tile,34,102,290
kv_tile,34,103,290
kv_tile,34,104,309
kv_tile,34,105,315
kv_tile,34,106,276
kv_tile,34,107,325
kv_tile,34,108,359
kv_tile,34,109,302
kv_tile,34,110,310
kv_tile,34,111,353
kv_tile,34,112,325
kv_tile,34,113,340
kv_tile,34,114,388
kv_tile,34,115,354
kv_tile,34,116,402
kv_tile,34,117,397
kv_tile,34,118,365
kv_tile,34,119,449
kv_tile,34,120,413
kv_tile,34,121,477
kv_tile,34,122,503
kv_tile,34,123,503
kv_tile,34,124,604
kv_tile,34,125,657
kv_tile,34,126,858
kv_tile,34,127,1178
kv_tile,34,128,4456
kv_tile,35,0,31800
kv_tile,35,1,7246
kv_tile,35,2,4622
kv_tile,35,3,3294
kv_tile,35,4,2686
kv_tile,35,5,2327
kv_tile,35,6,1903
kv_tile,35,7,1705
kv_tile,35,8,1533
kv_tile,35,9,1373
kv_tile,35,10,1174
kv_tile,35,11,1088
kv_tile,35,12,1025
kv_tile,35,13,892
kv_tile,35,14,860
kv_tile,35,15,807
kv_tile,35,16,747
kv_tile,35,17,733
kv_tile,35,18,683
kv_tile,35,19,595
kv_tile,35,20,629
kv_tile,35,21,565
kv_tile,35,22,516
kv_tile,35,23,484
kv_tile,35,24,486
kv_tile,35,25,461
kv_tile,35,26,414
kv_tile,35,27,419
kv_tile,35,28,411
kv_tile,35,29,409
kv_tile,35,30,356
kv_tile,35,31,384
kv_tile,35,32,370
kv_tile,35,33,349
kv_tile,35,34,320
kv_tile,35,35,346
kv_tile,35,36,288
kv_tile,35,37,301
kv_tile,35,38,297
kv_tile,35,39,272
kv_tile,35,40,292
kv_tile,35,41,290
kv_tile,35,42,292
kv_tile,35,43,255
kv_tile,35,44,305
kv_tile,35,45,262
kv_tile,35,46,273
kv_tile,35,47,240
kv_tile,35,48,242
kv_tile,35,49,220
kv_tile,35,50,246
kv_tile,35,51,227
kv_tile,35,52,230
kv_tile,35,53,235
kv_tile,35,54,224
kv_tile,35,55,238
kv_tile,35,56,206
kv_tile,35,57,232
kv_tile,35,58,235
kv_tile,35,59,201
kv_tile,35,60,230
kv_tile,35,61,237
kv_tile,35,62,252
kv_tile,35,63,207
kv_tile,35,64,219
kv_tile,35,65,210
kv_tile,35,66,226
kv_tile,35,67,219
kv_tile,35,68,217
kv_tile,35,69,212
kv_tile,35,70,205
kv_tile,35,71,195
kv_tile,35,72,208
kv_tile,35,73,198
kv_tile,35,74,214
kv_tile,35,75,188
kv_tile,35,76,180
kv_tile,35,77,203
kv_tile,35,78,201
kv_tile,35,79,193
kv_tile,35,80,231
kv_tile,35,81,187
kv_tile,35,82,193
kv_tile,35,83,208
kv_tile,35,84,167
kv_tile,35,85,181
kv_tile,35,86,181
kv_tile,35,87,183
kv_tile,35,88,194
kv_tile,35,89,192
kv_tile,35,90,183
kv_tile,35,91,165
kv_tile,35,92,183
kv_tile,35,93,166
kv_tile,35,94,169
kv_tile,35,95,180
kv_tile,35,96,170
kv_tile,35,97,178
kv_tile,35,98,201
kv_tile,35,99,192
kv_tile,35,100,162
kv_tile,35,101,182
kv_tile,35,102,174
kv_tile,35,103,188
kv_tile,35,104,174
kv_tile,35,105,181
kv_tile,35,106,182
kv_tile,35,107,171
kv_tile,35,108,181
kv_tile,35,109,197
kv_tile,35,110,199
kv_tile,35,111,195
kv_tile,35,112,205
kv_tile,35,113,218
kv_tile,35,114,221
kv_tile,35,115,223
kv_tile,35,116,220
kv_tile,35,117,236
kv_tile,35,118,218
kv_tile,35,119,260
kv_tile,35,120,287
kv_tile,35,121,265
kv_tile,35,122,289
kv_tile,35,123,304
kv_tile,35,124,360
kv_tile,35,125,408
kv_tile,35,126,492
kv_tile,35,127,721
kv_tile,35,128,3158
kv_tile,36,0,14632
kv_tile,36,1,4380
kv_tile,36,2,3125
kv_tile,36,3,2543
kv_tile,36,4,2100
kv_tile,36,5,1924
kv_tile,36,6,1727
kv_tile,36,7,1556
kv_tile,36,8,1413
kv_tile,36,9,1354
kv_tile,36,10,1220
kv_tile,36,11,1164
kv_tile,36,12,1034
kv_tile,36,13,1003
kv_tile,36,14,899
kv_tile,36,15,914
kv_tile,36,16,825
kv_tile,36,17,792
kv_tile,36,18,759
kv_tile,36,19,682
kv_tile,36,20,755
kv_tile,36,21,598
kv_tile,36,22,656
kv_tile,36,23,624
kv_tile,36,24,536
kv_tile,36,25,613
kv_tile,36,26,544
kv_tile,36,27,556
kv_tile,36,28,508
kv_tile,36,29,527
kv_tile,36,30,476
kv_tile,36,31,486
kv_tile,36,32,449
kv_tile,36,33,438
kv_tile,36,34,397
kv_tile,36,35,411
kv_tile,36,36,418
kv_tile,36,37,435
kv_tile,36,38,409
kv_tile,36,39,373
kv_tile,36,40,360
kv_tile,36,41,383
kv_tile,36,42,383
kv_tile,36,43,373
kv_tile,36,44,368
kv_tile,36,45,327
kv_tile,36,46,361
kv_tile,36,47,365
kv_tile,36,48,332
kv_tile,36,49,348
kv_tile,36,50,300
kv_tile,36,51,363
kv_tile,36,52,303
kv_tile,36,53,320
kv_tile,36,54,287
kv_tile,36,55,294
kv_tile,36,56,311
kv_tile,36,57,290
kv_tile,36,58,336
kv_tile,36,59,281
kv_tile,36,60,330
kv_tile,36,61,283
kv_tile,36,62,324
kv_tile,36,63,313
kv_tile,36,64,314
kv_tile,36,65,324
kv_tile,36,66,290
kv_tile,36,67,296
kv_tile,36,68,293
kv_tile,36,69,274
kv_tile,36,70,294
kv_tile,36,71,256
kv_tile,36,72,261
kv_tile,36,73,287
kv_tile,36,74,294
kv_tile,36,75,248
kv_tile,36,76,251
kv_tile,36,77,250
kv_tile,36,78,283
kv_tile,36,79,288
kv_tile,36,80,271
kv_tile,36,81,270
kv_tile,36,82,256
kv_tile,36,83,304
kv_tile,36,84,318
kv_tile,36,85,238
kv_tile,36,86,270
kv_tile,36,87,274
kv_tile,36,88,276
kv_tile,36,89,266
kv_tile,36,90,268
kv_tile,36,91,276
kv_tile,36,92,269
kv_tile,36,93,307
kv_tile,36,94,301
kv_tile,36,95,297
kv_tile,36,96,292
kv_tile,36,97,246
kv_tile,36,98,267
kv_tile,36,99,295
kv_tile,36,100,291
kv_tile,36,101,280
kv_tile,36,102,328
kv_tile,36,103,287
kv_tile,36,104,291
kv_tile,36,105,327
kv_tile,36,106,317
kv_tile,36,107,338
kv_tile,36,108,337
kv_tile,36,109,360
kv_tile,36,110,378
kv_tile,36,111,378
kv_tile,36,112,411
kv_tile,36,113,419
kv_tile,36,114,443
kv_tile,36,115,479
kv_tile,36,116,489
kv_tile,36,117,518
kv_tile,36,118,513
kv_tile,36,119,599
kv_tile,36,120,651
kv_tile,36,121,649
kv_tile,36,122,759
kv_tile,36,123,796
kv_tile,36,124,974
kv_tile,36,125,1103
kv_tile,36,126,1388
kv_tile,36,127,2192
kv_tile,36,128,9755
kv_tile,37,0,32139
kv_tile,37,1,7237
kv_tile,37,2,4547
kv_tile,37,3,3318
kv_tile,37,4,2608
kv_tile,37,5,2087
kv_tile,37,6,1845
kv_tile,37,7,1554
kv_tile,37,8,1356
kv_tile,37,9,1176
kv_tile,37,10,1018
kv_tile,37,11,973
kv_tile,37,12,884
kv_tile,37,13,763
kv_tile,37,14,734
kv_tile,37,15,703
kv_tile,37,16,664
kv_tile,37,17,571
kv_tile,37,18,516
kv_tile,37,19,538
kv_tile,37,20,505
kv_tile,37,21,468
kv_tile,37,22,474
kv_tile,37,23,465
kv_tile,37,24,357
kv_tile,37,25,394
kv_tile,37,26,366
kv_tile,37,27,332
kv_tile,37,28,384
kv_tile,37,29,343
kv_tile,37,30,329
kv_tile,37,31,363
kv_tile,37,32,343
kv_tile,37,33,306
kv_tile,37,34,301
kv_tile,37,35,290
kv_tile,37,36,269
kv_tile,37,37,279
kv_tile,37,38,273
kv_tile,37,39,264
kv_tile,37,40,258
kv_tile,37,41,253
kv_tile,37,42,236
kv_tile,37,43,273
kv_tile,37,44,246
kv_tile,37,45,237
kv_tile,37,46,227
kv_tile,37,47,255
kv_tile,37,48,211
kv_tile,37,49,253
kv_tile,37,50,260
kv_tile,37,51,238
kv_tile,37,52,247
kv_tile,37,53,234
kv_tile,37,54,232
kv_tile,37,55,250
kv_tile,37,56,233
kv_tile,37,57,220
kv_tile,37,58,238
kv_tile,37,59,267
kv_tile,37,60,217
kv_tile,37,61,245
kv_tile,37,62,241
kv_tile,37,63,224
kv_tile,37,64,228
kv_tile,37,65,231
kv_tile,37,66,224
kv_tile,37,67,207
kv_tile,37,68,214
kv_tile,37,69,222
kv_tile,37,70,212
kv_tile,37,71,202
kv_tile,37,72,248
kv_tile,37,73,230
kv_tile,37,74,212
kv_tile,37,75,210
kv_tile,37,76,203
kv_tile,37,77,201
kv_tile,37,78,186
kv_tile,37,79,184
kv_tile,37,80,178
kv_tile,37,81,210
kv_tile,37,82,208
kv_tile,37,83,199
kv_tile,37,84,201
kv_tile,37,85,172
kv_tile,37,86,217
kv_tile,37,87,173
kv_tile,37,88,198
kv_tile,37,89,203
kv_tile,37,90,202
kv_tile,37,91,179
kv_tile,37,92,200
kv_tile,37,93,193
kv_tile,37,94,159
kv_tile,37,95,155
kv_tile,37,96,179
kv_tile,37,97,194
kv_tile,37,98,181
kv_tile,37,99,194
kv_tile,37,100,203
kv_tile,37,101,203
kv_tile,37,102,194
kv_tile,37,103,180
kv_tile,37,104,192
kv_tile,37,105,179
kv_tile,37,106,219
kv_tile,37,107,193
kv_tile,37,108,217
kv_tile,37,109,192
kv_tile,37,110,203
kv_tile,37,111,209
kv_tile,37,112,205
kv_tile,37,113,193
kv_tile,37,114,217
kv_tile,37,115,256
kv_tile,37,116,244
kv_tile,37,117,245
kv_tile,37,118,256
kv_tile,37,119,267
kv_tile,37,120,305
kv_tile,37,121,275
kv_tile,37,122,320
kv_tile,37,123,313
kv_tile,37,124,343
kv_tile,37,125,409
kv_tile,37,126,524
kv_tile,37,127,815
kv_tile,37,128,5393
kv_tile,38,0,21063
kv_tile,38,1,6070
kv_tile,38,2,4066
kv_tile,38,3,2986
kv_tile,38,4,2398
kv_tile,38,5,2163
kv_tile,38,6,1829
kv_tile,38,7,1513
kv_tile,38,8,1406
kv_tile,38,9,1239
kv_tile,38,10,1078
kv_tile,38,11,1041
kv_tile,38,12,932
kv_tile,38,13,889
kv_tile,38,14,826
kv_tile,38,15,763
kv_tile,38,16,680
kv_tile,38,17,700
kv_tile,38,18,678
kv_tile,38,19,635
kv_tile,38,20,566
kv_tile,38,21,509
kv_tile,38,22,508
kv_tile,38,23,480
kv_tile,38,24,482
kv_tile,38,25,488
kv_tile,38,26,464
kv_tile,38,27,433
kv_tile,38,28,440
kv_tile,38,29,410
kv_tile,38,30,409
kv_tile,38,31,393
kv_tile,38,32,377
kv_tile,38,33,336
kv_tile,38,34,347
kv_tile,38,35,323
kv_tile,38,36,343
kv_tile,38,37,366
kv_tile,38,38,335
kv_tile,38,39,320
kv_tile,38,40,331
kv_tile,38,41,336
kv_tile,38,42,296
kv_tile,38,43,286
kv_tile,38,44,295
kv_tile,38,45,346
kv_tile,38,46,317
kv_tile,38,47,286
kv_tile,38,48,270
kv_tile,38,49,323
kv_tile,38,50,316
kv_tile,38,51,290
kv_tile,38,52,245
kv_tile,38,53,263
kv_tile,38,54,271
kv_tile,38,55,273
kv_tile,38,56,281
kv_tile,38,57,304
kv_tile,38,58,273
kv_tile,38,59,294
kv_tile,38,60,270
kv_tile,38,61,266
kv_tile,38,62,295
kv_tile,38,63,253
kv_tile,38,64,276
kv_tile,38,65,294
kv_tile,38,66,274
kv_tile,38,67,279
kv_tile,38,68,230
kv_tile,38,69,238
kv_tile,38,70,228
kv_tile,38,71,216
kv_tile,38,72,247
kv_tile,38,73,239
kv_tile,38,74,189
kv_tile,38,75,268
kv_tile,38,76,252
kv_tile,38,77,241
kv_tile,38,78,237
kv_tile,38,79,248
kv_tile,38,80,275
kv_tile,38,81,251
kv_tile,38,82,261
kv_tile,38,83,231
kv_tile,38,84,233
kv_tile,38,85,253
kv_tile,38,86,247
kv_tile,38,87,270
kv_tile,38,88,238
kv_tile,38,89,254
kv_tile,38,90,241
kv_tile,38,91,237
kv_tile,38,92,235
kv_tile,38,93,226
kv_tile,38,94,278
kv_tile,38,95,240
kv_tile,38,96,248
kv_tile,38,97,271
kv_tile,38,98,261
kv_tile,38,99,283
kv_tile,38,100,258
kv_tile,38,101,254
kv_tile,38,102,283
kv_tile,38,103,283
kv_tile,38,104,274
kv_tile,38,105,288
kv_tile,38,106,299
kv_tile,38,107,321
kv_tile,38,108,290
kv_tile,38,109,286
kv_tile,38,110,310
kv_tile,38,111,354
kv_tile,38,112,316
kv_tile,38,113,340
kv_tile,38,114,353
kv_tile,38,115,384
kv_tile,38,116,406
kv_tile,38,117,401
kv_tile,38,118,425
kv_tile,38,119,449
kv_tile,38,120,478
kv_tile,38,121,499
kv_tile,38,122,550
kv_tile,38,123,650
kv_tile,38,124,682
kv_tile,38,125,824
kv_tile,38,126,1044
kv_tile,38,127,1633
kv_tile,38,128,8117
kv_tile,39,0,14669
kv_tile,39,1,4507
kv_tile,39,2,3037
kv_tile,39,3,2349
kv_tile,39,4,1999
kv_tile,39,5,1661
kv_tile,39,6,1481
kv_tile,39,7,1273
kv_tile,39,8,1128
kv_tile,39,9,1108
kv_tile,39,10,955
kv_tile,39,11,903
kv_tile,39,12,870
kv_tile,39,13,789
kv_tile,39,14,758
kv_tile,39,15,747
kv_tile,39,16,648
kv_tile,39,17,615
kv_tile,39,18,607
kv_tile,39,19,586
kv_tile,39,20,574
kv_tile,39,21,559
kv_tile,39,22,530
kv_tile,39,23,528
kv_tile,39,24,484
kv_tile,39,25,463
kv_tile,39,26,465
kv_tile,39,27,469
kv_tile,39,28,436
kv_tile,39,29,429
kv_tile,39,30,423
kv_tile,39,31,443
kv_tile,39,32,427
kv_tile,39,33,438
kv_tile,39,34,421
kv_tile,39,35,358
kv_tile,39,36,384
kv_tile,39,37,397
kv_tile,39,38,385
kv_tile,39,39,369
kv_tile,39,40,377
kv_tile,39,41,341
kv_tile,39,42,391
kv_tile,39,43,331
kv_tile,39,44,369
kv_tile,39,45,337
kv_tile,39,46,336
kv_tile,39,47,359
kv_tile,39,48,312
kv_tile,39,49,290
kv_tile,39,50,336
kv_tile,39,51,317
kv_tile,39,52,310
kv_tile,39,53,297
kv_tile,39,54,314
kv_tile,39,55,328
kv_tile,39,56,293
kv_tile,39,57,300
kv_tile,39,58,285
kv_tile,39,59,285
kv_tile,39,60,290
kv_tile,39,61,306
kv_tile,39,62,333
kv_tile,39,63,308
kv_tile,39,64,322
kv_tile,39,65,284
kv_tile,39,66,314
kv_tile,39,67,279
kv_tile,39,68,287
kv_tile,39,69,264
kv_tile,39,70,310
kv_tile,39,71,266
kv_tile,39,72,318
kv_tile,39,73,306
kv_tile,39,74,325
kv_tile,39,75,309
kv_tile,39,76,300
kv_tile,39,77,306
kv_tile,39,78,279
kv_tile,39,79,313
kv_tile,39,80,326
kv_tile,39,81,303
kv_tile,39,82,287
kv_tile,39,83,299
kv_tile,39,84,289
kv_tile,39,85,291
kv_tile,39,86,314
kv_tile,39,87,304
kv_tile,39,88,292
kv_tile,39,89,340
kv_tile,39,90,331
kv_tile,39,91,309
kv_tile,39,92,288
kv_tile,39,93,312
kv_tile,39,94,300
kv_tile,39,95,353
kv_tile,39,96,320
kv_tile,39,97,322
kv_tile,39,98,297
kv_tile,39,99,346
kv_tile,39,100,318
kv_tile,39,101,303
kv_tile,39,102,346
kv_tile,39,103,352
kv_tile,39,104,364
kv_tile,39,105,338
kv_tile,39,106,358
kv_tile,39,107,358
kv_tile,39,108,361
kv_tile,39,109,372
kv_tile,39,110,425
kv_tile,39,111,413
kv_tile,39,112,477
kv_tile,39,113,465
kv_tile,39,114,492
kv_tile,39,115,495
kv_tile,39,116,480
kv_tile,39,117,588
kv_tile,39,118,590
kv_tile,39,119,630
kv_tile,39,120,696
kv_tile,39,121,747
kv_tile,39,122,855
kv_tile,39,123,963
kv_tile,39,124,1045
kv_tile,39,125,1240
kv_tile,39,126,1713
kv_tile,39,127,2579
kv_tile,39,128,11519
kv_tile,4,0,49353
kv_tile,4,1,6070
kv_tile,4,2,3155
kv_tile,4,3,2095
kv_tile,4,4,1584
kv_tile,4,5,1204
kv_tile,4,6,1063
kv_tile,4,7,945
kv_tile,4,8,821
kv_tile,4,9,710
kv_tile,4,10,663
kv_tile,4,11,602
kv_tile,4,12,554
kv_tile,4,13,509
kv_tile,4,14,425
kv_tile,4,15,469
kv_tile,4,16,438
kv_tile,4,17,440
kv_tile,4,18,367
kv_tile,4,19,355
kv_tile,4,20,332
kv_tile,4,21,353
kv_tile,4,22,306
kv_tile,4,23,326
kv_tile,4,24,283
kv_tile,4,25,289
kv_tile,4,26,278
kv_tile,4,27,270
kv_tile,4,28,281
kv_tile,4,29,268
kv_tile,4,30,262
kv_tile,4,31,247
kv_tile,4,32,248
kv_tile,4,33,214
kv_tile,4,34,207
kv_tile,4,35,264
kv_tile,4,36,212
kv_tile,4,37,226
kv_tile,4,38,239
kv_tile,4,39,230
kv_tile,4,40,204
kv_tile,4,41,170
kv_tile,4,42,208
kv_tile,4,43,191
kv_tile,4,44,199
kv_tile,4,45,185
kv_tile,4,46,182
kv_tile,4,47,186
kv_tile,4,48,204
kv_tile,4,49,182
kv_tile,4,50,205
kv_tile,4,51,179
kv_tile,4,52,205
kv_tile,4,53,204
kv_tile,4,54,194
kv_tile,4,55,167
kv_tile,4,56,187
kv_tile,4,57,177
kv_tile,4,58,201
kv_tile,4,59,170
kv_tile,4,60,180
kv_tile,4,61,175
kv_tile,4,62,157
kv_tile,4,63,204
kv_tile,4,64,179
kv_tile,4,65,189
kv_tile,4,66,180
kv_tile,4,67,177
kv_tile,4,68,172
kv_tile,4,69,165
kv_tile,4,70,159
kv_tile,4,71,135
kv_tile,4,72,143
kv_tile,4,73,160
kv_tile,4,74,132
kv_tile,4,75,162
kv_tile,4,76,152
kv_tile,4,77,145
kv_tile,4,78,147
kv_tile,4,79,153
kv_tile,4,80,140
kv_tile,4,81,121
kv_tile,4,82,116
kv_tile,4,83,124
kv_tile,4,84,142
kv_tile,4,85,141
kv_tile,4,86,163
kv_tile,4,87,162
kv_tile,4,88,151
kv_tile,4,89,150
kv_tile,4,90,137
kv_tile,4,91,141
kv_tile,4,92,153
kv_tile,4,93,159
kv_tile,4,94,157
kv_tile,4,95,158
kv_tile,4,96,161
kv_tile,4,97,142
kv_tile,4,98,135
kv_tile,4,99,183
kv_tile,4,100,172
kv_tile,4,101,169
kv_tile,4,102,162
kv_tile,4,103,174
kv_tile,4,104,168
kv_tile,4,105,195
kv_tile,4,106,176
kv_tile,4,107,187
kv_tile,4,108,188
kv_tile,4,109,206
kv_tile,4,110,208
kv_tile,4,111,211
kv_tile,4,112,193
kv_tile,4,113,228
kv_tile,4,114,224
kv_tile,4,115,231
kv_tile,4,116,245
kv_tile,4,117,228
kv_tile,4,118,245
kv_tile,4,119,272
kv_tile,4,120,307
kv_tile,4,121,322
kv_tile,4,122,336
kv_tile,4,123,367
kv_tile,4,124,397
kv_tile,4,125,430
kv_tile,4,126,623
kv_tile,4,127,830
kv_tile,4,128,3451
kv_tile,40,0,32666
kv_tile,40,1,7639
kv_tile,40,2,4682
kv_tile,40,3,3522
kv_tile,40,4,2822
kv_tile,40,5,2335
kv_tile,40,6,1973
kv_tile,40,7,1710
kv_tile,40,8,1521
kv_tile,40,9,1334
kv_tile,40,10,1166
kv_tile,40,11,1094
kv_tile,40,12,917
kv_tile,40,13,876
kv_tile,40,14,827
kv_tile,40,15,767
kv_tile,40,16,669
kv_tile,40,17,597
kv_tile,40,18,591
kv_tile,40,19,602
kv_tile,40,20,558
kv_tile,40,21,483
kv_tile,40,22,463
kv_tile,40,23,462
kv_tile,40,24,417
kv_tile,40,25,454
kv_tile,40,26,372
kv_tile,40,27,347
kv_tile,40,28,365
kv_tile,40,29,367
kv_tile,40,30,340
kv_tile,40,31,315
kv_tile,40,32,362
kv_tile,40,33,311
kv_tile,40,34,294
kv_tile,40,35,342
kv_tile,40,36,297
kv_tile,40,37,285
kv_tile,40,38,284
kv_tile,40,39,262
kv_tile,40,40,265
kv_tile,40,41,235
kv_tile,40,42,252
kv_tile,40,43,257
kv_tile,40,44,233
kv_tile,40,45,266
kv_tile,40,46,237
kv_tile,40,47,225
kv_tile,40,48,252
kv_tile,40,49,264
kv_tile,40,50,240
kv_tile,40,51,216
kv_tile,40,52,219
kv_tile,40,53,215
kv_tile,40,54,230
kv_tile,40,55,212
kv_tile,40,56,238
kv_tile,40,57,242
kv_tile,40,58,227
kv_tile,40,59,202
kv_tile,40,60,196
kv_tile,40,61,225
kv_tile,40,62,225
kv_tile,40,63,236
kv_tile,40,64,262
kv_tile,40,65,217
kv_tile,40,66,190
kv_tile,40,67,191
kv_tile,40,68,237
kv_tile,40,69,202
kv_tile,40,70,191
kv_tile,40,71,221
kv_tile,40,72,177
kv_tile,40,73,185
kv_tile,40,74,172
kv_tile,40,75,169
kv_tile,40,76,187
kv_tile,40,77,184
kv_tile,40,78,193
kv_tile,40,79,170
kv_tile,40,80,182
kv_tile,40,81,168
kv_tile,40,82,162
kv_tile,40,83,194
kv_tile,40,84,171
kv_tile,40,85,172
kv_tile,40,86,167
kv_tile,40,87,149
kv_tile,40,88,175
kv_tile,40,89,160
kv_tile,40,90,158
kv_tile,40,91,160
kv_tile,40,92,162
kv_tile,40,93,159
kv_tile,40,94,155
kv_tile,40,95,161
kv_tile,40,96,131
kv_tile,40,97,156
kv_tile,40,98,181
kv_tile,40,99,156
kv_tile,40,100,160
kv_tile,40,101,147
kv_tile,40,102,161
kv_tile,40,103,156
kv_tile,40,104,159
kv_tile,40,105,165
kv_tile,40,106,193
kv_tile,40,107,160
kv_tile,40,108,163
kv_tile,40,109,159
kv_tile,40,110,205
kv_tile,40,111,175
kv_tile,40,112,157
kv_tile,40,113,167
kv_tile,40,114,168
kv_tile,40,115,187
kv_tile,40,116,217
kv_tile,40,117,192
kv_tile,40,118,198
kv_tile,40,119,222
kv_tile,40,120,217
kv_tile,40,121,281
kv_tile,40,122,266
kv_tile,40,123,293
kv_tile,40,124,329
kv_tile,40,125,371
kv_tile,40,126,476
kv_tile,40,127,726
kv_tile,40,128,4108
kv_tile,41,0,30052
kv_tile,41,1,7414
kv_tile,41,2,4678
kv_tile,41,3,3491
kv_tile,41,4,2703
kv_tile,41,5,2274
kv_tile,41,6,2014
kv_tile,41,7,1765
kv_tile,41,8,1492
kv_tile,41,9,1254
kv_tile,41,10,1187
kv_tile,41,11,1058
kv_tile,41,12,1053
kv_tile,41,13,895
kv_tile,41,14,827
kv_tile,41,15,793
kv_tile,41,16,724
kv_tile,41,17,688
kv_tile,41,18,638
kv_tile,41,19,587
kv_tile,41,20,538
kv_tile,41,21,464
kv_tile,41,22,521
kv_tile,41,23,497
kv_tile,41,24,444
kv_tile,41,25,448
kv_tile,41,26,398
kv_tile,41,27,395
kv_tile,41,28,406
kv_tile,41,29,364
kv_tile,41,30,363
kv_tile,41,31,382
kv_tile,41,32,349
kv_tile,41,33,303
kv_tile,41,34,317
kv_tile,41,35,309
kv_tile,41,36,317
kv_tile,41,37,326
kv_tile,41,38,287
kv_tile,41,39,298
kv_tile,41,40,301
kv_tile,41,41,292
kv_tile,41,42,271
kv_tile,41,43,289
kv_tile,41,44,272
kv_tile,41,45,258
kv_tile,41,46,253
kv_tile,41,47,262
kv_tile,41,48,260
kv_tile,41,49,254
kv_tile,41,50,279
kv_tile,41,51,245
kv_tile,41,52,253
kv_tile,41,53,253
kv_tile,41,54,250
kv_tile,41,55,230
kv_tile,41,56,252
kv_tile,41,57,232
kv_tile,41,58,212
kv_tile,41,59,225
kv_tile,41,60,204
kv_tile,41,61,252
kv_tile,41,62,248
kv_tile,41,63,190
kv_tile,41,64,249
kv_tile,41,65,238
kv_tile,41,66,206
kv_tile,41,67,240
kv_tile,41,68,223
kv_tile,41,69,193
kv_tile,41,70,209
kv_tile,41,71,215
kv_tile,41,72,208
kv_tile,41,73,202
kv_tile,41,74,196
kv_tile,41,75,201
kv_tile,41,76,186
kv_tile,41,77,210
kv_tile,41,78,187
kv_tile,41,79,213
kv_tile,41,80,171
kv_tile,41,81,208
kv_tile,41,82,172
kv_tile,41,83,207
kv_tile,41,84,183
kv_tile,41,85,186
kv_tile,41,86,194
kv_tile,41,87,203
kv_tile,41,88,198
kv_tile,41,89,175
kv_tile,41,90,182
kv_tile,41,91,223
kv_tile,41,92,205
kv_tile,41,93,178
kv_tile,41,94,206
kv_tile,41,95,178
kv_tile,41,96,179
kv_tile,41,97,176
kv_tile,41,98,170
kv_tile,41,99,172
kv_tile,41,100,158
kv_tile,41,101,201
kv_tile,41,102,182
kv_tile,41,103,193
kv_tile,41,104,174
kv_tile,41,105,181
kv_tile,41,106,212
kv_tile,41,107,186
kv_tile,41,108,191
kv_tile,41,109,210
kv_tile,41,110,171
kv_tile,41,111,227
kv_tile,41,112,181
kv_tile,41,113,197
kv_tile,41,114,222
kv_tile,41,115,207
kv_tile,41,116,207
kv_tile,41,117,212
kv_tile,41,118,227
kv_tile,41,119,232
kv_tile,41,120,240
kv_tile,41,121,256
kv_tile,41,122,275
kv_tile,41,123,285
kv_tile,41,124,376
kv_tile,41,125,435
kv_tile,41,126,533
kv_tile,41,127,811
kv_tile,41,128,4630
kv_tile,42,0,10681
kv_tile,42,1,3515
kv_tile,42,2,2477
kv_tile,42,3,2063
kv_tile,42,4,1818
kv_tile,42,5,1654
kv_tile,42,6,1480
kv_tile,42,7,1359
kv_tile,42,8,1286
kv_tile,42,9,1299
kv_tile,42,10,1179
kv_tile,42,11,1097
kv_tile,42,12,1096
kv_tile,42,13,969
kv_tile,42,14,977
kv_tile,42,15,944
kv_tile,42,16,905
kv_tile,42,17,876
kv_tile,42,18,816
kv_tile,42,19,780
kv_tile,42,20,799
kv_tile,42,21,738
kv_tile,42,22,729
kv_tile,42,23,713
kv_tile,42,24,673
kv_tile,42,25,659
kv_tile,42,26,686
kv_tile,42,27,666
kv_tile,42,28,627
kv_tile,42,29,588
kv_tile,42,30,556
kv_tile,42,31,583
kv_tile,42,32,518
kv_tile,42,33,532
kv_tile,42,34,504
kv_tile,42,35,509
kv_tile,42,36,461
kv_tile,42,37,480
kv_tile,42,38,448
kv_tile,42,39,449
kv_tile,42,40,422
kv_tile,42,41,428
kv_tile,42,42,418
kv_tile,42,43,403
kv_tile,42,44,397
kv_tile,42,45,387
kv_tile,42,46,397
kv_tile,42,47,379
kv_tile,42,48,372
kv_tile,42,49,370
kv_tile,42,50,366
kv_tile,42,51,393
kv_tile,42,52,353
kv_tile,42,53,345
kv_tile,42,54,348
kv_tile,42,55,372
kv_tile,42,56,320
kv_tile,42,57,343
kv_tile,42,58,317
kv_tile,42,59,364
kv_tile,42,60,333
kv_tile,42,61,343
kv_tile,42,62,358
kv_tile,42,63,387
kv_tile,42,64,379
kv_tile,42,65,405
kv_tile,42,66,381
kv_tile,42,67,340
kv_tile,42,68,294
kv_tile,42,69,368
kv_tile,42,70,335
kv_tile,42,71,351
kv_tile,42,72,317
kv_tile,42,73,331
kv_tile,42,74,311
kv_tile,42,75,332
kv_tile,42,76,332
kv_tile,42,77,296
kv_tile,42,78,315
kv_tile,42,79,331
kv_tile,42,80,310
kv_tile,42,81,334
kv_tile,42,82,343
kv_tile,42,83,324
kv_tile,42,84,305
kv_tile,42,85,306
kv_tile,42,86,297
kv_tile,42,87,350
kv_tile,42,88,352
kv_tile,42,89,311
kv_tile,42,90,318
kv_tile,42,91,328
kv_tile,42,92,332
kv_tile,42,93,335
kv_tile,42,94,318
kv_tile,42,95,362
kv_tile,42,96,335
kv_tile,42,97,321
kv_tile,42,98,370
kv_tile,42,99,349
kv_tile,42,100,337
kv_tile,42,101,377
kv_tile,42,102,323
kv_tile,42,103,408
kv_tile,42,104,390
kv_tile,42,105,415
kv_tile,42,106,412
kv_tile,42,107,397
kv_tile,42,108,409
kv_tile,42,109,415
kv_tile,42,110,474
kv_tile,42,111,429
kv_tile,42,112,469
kv_tile,42,113,478
kv_tile,42,114,537
kv_tile,42,115,495
kv_tile,42,116,547
kv_tile,42,117,572
kv_tile,42,118,564
kv_tile,42,119,671
kv_tile,42,120,670
kv_tile,42,121,692
kv_tile,42,122,774
kv_tile,42,123,849
kv_tile,42,124,973
kv_tile,42,125,1181
kv_tile,42,126,1449
kv_tile,42,127,2269
kv_tile,42,128,10206
kv_tile,43,0,26390
kv_tile,43,1,7352
kv_tile,43,2,4725
kv_tile,43,3,3588
kv_tile,43,4,2844
kv_tile,43,5,2369
kv_tile,43,6,1931
kv_tile,43,7,1765
kv_tile,43,8,1504
kv_tile,43,9,1362
kv_tile,43,10,1222
kv_tile,43,11,1104
kv_tile,43,12,1018
kv_tile,43,13,932
kv_tile,43,14,814
kv_tile,43,15,788
kv_tile,43,16,767
kv_tile,43,17,682
kv_tile,43,18,636
kv_tile,43,19,575
kv_tile,43,20,520
kv_tile,43,21,497
kv_tile,43,22,494
kv_tile,43,23,425
kv_tile,43,24,454
kv_tile,43,25,395
kv_tile,43,26,395
kv_tile,43,27,405
kv_tile,43,28,330
kv_tile,43,29,357
kv_tile,43,30,321
kv_tile,43,31,321
kv_tile,43,32,354
kv_tile,43,33,344
kv_tile,43,34,297
kv_tile,43,35,306
kv_tile,43,36,263
kv_tile,43,37,284
kv_tile,43,38,275
kv_tile,43,39,276
kv_tile,43,40,263
kv_tile,43,41,259
kv_tile,43,42,270
kv_tile,43,43,268
kv_tile,43,44,246
kv_tile,43,45,253
kv_tile,43,46,228
kv_tile,43,47,240
kv_tile,43,48,216
kv_tile,43,49,259
kv_tile,43,50,239
kv_tile,43,51,220
kv_tile,43,52,241
kv_tile,43,53,238
kv_tile,43,54,190
kv_tile,43,55,249
kv_tile,43,56,209
kv_tile,43,57,214
kv_tile,43,58,219
kv_tile,43,59,226
kv_tile,43,60,229
kv_tile,43,61,248
kv_tile,43,62,197
kv_tile,43,63,236
kv_tile,43,64,211
kv_tile,43,65,222
kv_tile,43,66,227
kv_tile,43,67,223
kv_tile,43,68,233
kv_tile,43,69,231
kv_tile,43,70,222
kv_tile,43,71,235
kv_tile,43,72,194
kv_tile,43,73,224
kv_tile,43,74,211
kv_tile,43,75,228
kv_tile,43,76,215
kv_tile,43,77,230
kv_tile,43,78,240
kv_tile,43,79,223
kv_tile,43,80,201
kv_tile,43,81,197
kv_tile,43,82,229
kv_tile,43,83,215
kv_tile,43,84,202
kv_tile,43,85,198
kv_tile,43,86,224
kv_tile,43,87,197
kv_tile,43,88,206
kv_tile,43,89,218
kv_tile,43,90,215
kv_tile,43,91,231
kv_tile,43,92,224
kv_tile,43,93,233
kv_tile,43,94,194
kv_tile,43,95,232
kv_tile,43,96,225
kv_tile,43,97,239
kv_tile,43,98,234
kv_tile,43,99,242
kv_tile,43,100,264
kv_tile,43,101,274
kv_tile,43,102,237
kv_tile,43,103,233
kv_tile,43,104,243
kv_tile,43,105,268
kv_tile,43,106,266
kv_tile,43,107,266
kv_tile,43,108,294
kv_tile,43,109,301
kv_tile,43,110,255
kv_tile,43,111,245
kv_tile,43,112,301
kv_tile,43,113,299
kv_tile,43,114,308
kv_tile,43,115,295
kv_tile,43,116,338
kv_tile,43,117,325
kv_tile,43,118,356
kv_tile,43,119,331
kv_tile,43,120,348
kv_tile,43,121,371
kv_tile,43,122,434
kv_tile,43,123,413
kv_tile,43,124,477
kv_tile,43,125,554
kv_tile,43,126,704
kv_tile,43,127,1026
kv_tile,43,128,5015
kv_tile,44,0,27649
kv_tile,44,1,7152
kv_tile,44,2,4606
kv_tile,44,3,3564
kv_tile,44,4,2913
kv_tile,44,5,2371
kv_tile,44,6,2111
kv_tile,44,7,1845
kv_tile,44,8,1597
kv_tile,44,9,1456
kv_tile,44,10,1323
kv_tile,44,11,1178
kv_tile,44,12,1056
kv_tile,44,13,982
kv_tile,44,14,924
kv_tile,44,15,864
kv_tile,44,16,794
kv_tile,44,17,724
kv_tile,44,18,694
kv_tile,44,19,617
kv_tile,44,20,612
kv_tile,44,21,607
kv_tile,44,22,578
kv_tile,44,23,487
kv_tile,44,24,499
kv_tile,44,25,518
kv_tile,44,26,461
kv_tile,44,27,457
kv_tile,44,28,421
kv_tile,44,29,417
kv_tile,44,30,401
kv_tile,44,31,407
kv_tile,44,32,401
kv_tile,44,33,365
kv_tile,44,34,336
kv_tile,44,35,330
kv_tile,44,36,346
kv_tile,44,37,344
kv_tile,44,38,313
kv_tile,44,39,309
kv_tile,44,40,304
kv_tile,44,41,299
kv_tile,44,42,300
kv_tile,44,43,270
kv_tile,44,44,256
kv_tile,44,45,295
kv_tile,44,46,279
kv_tile,44,47,257
kv_tile,44,48,248
kv_tile,44,49,269
kv_tile,44,50,257
kv_tile,44,51,280
kv_tile,44,52,252
kv_tile,44,53,264
kv_tile,44,54,249
kv_tile,44,55,238
kv_tile,44,56,269
kv_tile,44,57,253
kv_tile,44,58,278
kv_tile,44,59,245
kv_tile,44,60,248
kv_tile,44,61,253
kv_tile,44,62,249
kv_tile,44,63,264
kv_tile,44,64,296
kv_tile,44,65,291
kv_tile,44,66,245
kv_tile,44,67,240
kv_tile,44,68,216
kv_tile,44,69,203
kv_tile,44,70,244
kv_tile,44,71,190
kv_tile,44,72,201
kv_tile,44,73,208
kv_tile,44,74,200
kv_tile,44,75,178
kv_tile,44,76,209
kv_tile,44,77,217
kv_tile,44,78,200
kv_tile,44,79,197
kv_tile,44,80,180
kv_tile,44,81,164
kv_tile,44,82,186
kv_tile,44,83,173
kv_tile,44,84,207
kv_tile,44,85,194
kv_tile,44,86,175
kv_tile,44,87,162
kv_tile,44,88,190
kv_tile,44,89,174
kv_tile,44,90,169
kv_tile,44,91,199
kv_tile,44,92,168
kv_tile,44,93,184
kv_tile,44,94,168
kv_tile,44,95,177
kv_tile,44,96,196
kv_tile,44,97,179
kv_tile,44,98,159
kv_tile,44,99,191
kv_tile,44,100,199
kv_tile,44,101,170
kv_tile,44,102,187
kv_tile,44,103,194
kv_tile,44,104,207
kv_tile,44,105,188
kv_tile,44,106,181
kv_tile,44,107,206
kv_tile,44,108,208
kv_tile,44,109,197
kv_tile,44,110,197
kv_tile,44,111,185
kv_tile,44,112,195
kv_tile,44,113,209
kv_tile,44,114,203
kv_tile,44,115,222
kv_tile,44,116,194
kv_tile,44,117,234
kv_tile,44,118,254
kv_tile,44,119,241
kv_tile,44,120,250
kv_tile,44,121,279
kv_tile,44,122,268
kv_tile,44,123,309
kv_tile,44,124,348
kv_tile,44,125,395
kv_tile,44,126,528
kv_tile,44,127,749
kv_tile,44,128,4572
kv_tile,45,0,15856
kv_tile,45,1,5179
kv_tile,45,2,3656
kv_tile,45,3,2826
kv_tile,45,4,2526
kv_tile,45,5,2143
kv_tile,45,6,1989
kv_tile,45,7,1787
kv_tile,45,8,1607
kv_tile,45,9,1456
kv_tile,45,10,1421
kv_tile,45,11,1332
kv_tile,45,12,1269
kv_tile,45,13,1195
kv_tile,45,14,1093
kv_tile,45,15,1033
kv_tile,45,16,1014
kv_tile,45,17,926
kv_tile,45,18,926
kv_tile,45,19,852
kv_tile,45,20,787
kv_tile,45,21,812
kv_tile,45,22,717
kv_tile,45,23,725
kv_tile,45,24,694
kv_tile,45,25,645
kv_tile,45,26,643
kv_tile,45,27,581
kv_tile,45,28,573
kv_tile,45,29,545
kv_tile,45,30,582
kv_tile,45,31,548
kv_tile,45,32,571
kv_tile,45,33,499
kv_tile,45,34,504
kv_tile,45,35,517
kv_tile,45,36,497
kv_tile,45,37,433
kv_tile,45,38,469
kv_tile,45,39,430
kv_tile,45,40,433
kv_tile,45,41,438
kv_tile,45,42,434
kv_tile,45,43,424
kv_tile,45,44,389
kv_tile,45,45,388
kv_tile,45,46,366
kv_tile,45,47,406
kv_tile,45,48,361
kv_tile,45,49,390
kv_tile,45,50,386
kv_tile,45,51,344
kv_tile,45,52,345
kv_tile,45,53,366
kv_tile,45,54,304
kv_tile,45,55,362
kv_tile,45,56,343
kv_tile,45,57,312
kv_tile,45,58,329
kv_tile,45,59,306
kv_tile,45,60,317
kv_tile,45,61,295
kv_tile,45,62,296
kv_tile,45,63,332
kv_tile,45,64,288
kv_tile,45,65,330
kv_tile,45,66,294
kv_tile,45,67,301
kv_tile,45,68,322
kv_tile,45,69,283
kv_tile,45,70,319
kv_tile,45,71,302
kv_tile,45,72,299
kv_tile,45,73,310
kv_tile,45,74,308
kv_tile,45,75,311
kv_tile,45,76,307
kv_tile,45,77,281
kv_tile,45,78,327
kv_tile,45,79,285
kv_tile,45,80,322
kv_tile,45,81,282
kv_tile,45,82,313
kv_tile,45,83,281
kv_tile,45,84,268
kv_tile,45,85,301
kv_tile,45,86,265
kv_tile,45,87,294
kv_tile,45,88,291
kv_tile,45,89,295
kv_tile,45,90,283
kv_tile,45,91,266
kv_tile,45,92,271
kv_tile,45,93,296
kv_tile,45,94,288
kv_tile,45,95,278
kv_tile,45,96,285
kv_tile,45,97,284
kv_tile,45,98,285
kv_tile,45,99,308
kv_tile,45,100,287
kv_tile,45,101,257
kv_tile,45,102,301
kv_tile,45,103,321
kv_tile,45,104,309
kv_tile,45,105,278
kv_tile,45,106,294
kv_tile,45,107,312
kv_tile,45,108,285
kv_tile,45,109,316
kv_tile,45,110,327
kv_tile,45,111,324
kv_tile,45,112,352
kv_tile,45,113,322
kv_tile,45,114,352
kv_tile,45,115,350
kv_tile,45,116,425
kv_tile,45,117,381
kv_tile,45,118,446
kv_tile,45,119,428
kv_tile,45,120,448
kv_tile,45,121,451
kv_tile,45,122,533
kv_tile,45,123,547
kv_tile,45,124,615
kv_tile,45,125,786
kv_tile,45,126,893
kv_tile,45,127,1352
kv_tile,45,128,4865
kv_tile,46,0,23191
kv_tile,46,1,5748
kv_tile,46,2,3900
kv_tile,46,3,2925
kv_tile,46,4,2451
kv_tile,46,5,2158
kv_tile,46,6,1824
kv_tile,46,7,1632
kv_tile,46,8,1454
kv_tile,46,9,1335
kv_tile,46,10,1188
kv_tile,46,11,1046
kv_tile,46,12,1000
kv_tile,46,13,907
kv_tile,46,14,837
kv_tile,46,15,774
kv_tile,46,16,719
kv_tile,46,17,683
kv_tile,46,18,627
kv_tile,46,19,556
kv_tile,46,20,522
kv_tile,46,21,505
kv_tile,46,22,490
kv_tile,46,23,454
kv_tile,46,24,432
kv_tile,46,25,398
kv_tile,46,26,406
kv_tile,46,27,370
kv_tile,46,28,378
kv_tile,46,29,345
kv_tile,46,30,315
kv_tile,46,31,320
kv_tile,46,32,295
kv_tile,46,33,298
kv_tile,46,34,276
kv_tile,46,35,229
kv_tile,46,36,252
kv_tile,46,37,254
kv_tile,46,38,236
kv_tile,46,39,231
kv_tile,46,40,205
kv_tile,46,41,202
kv_tile,46,42,204
kv_tile,46,43,205
kv_tile,46,44,196
kv_tile,46,45,200
kv_tile,46,46,175
kv_tile,46,47,177
kv_tile,46,48,173
kv_tile,46,49,184
kv_tile,46,50,176
kv_tile,46,51,189
kv_tile,46,52,172
kv_tile,46,53,173
kv_tile,46,54,144
kv_tile,46,55,145
kv_tile,46,56,166
kv_tile,46,57,173
kv_tile,46,58,166
kv_tile,46,59,154
kv_tile,46,60,160
kv_tile,46,61,181
kv_tile,46,62,192
kv_tile,46,63,173
kv_tile,46,64,173
kv_tile,46,65,208
kv_tile,46,66,147
kv_tile,46,67,162
kv_tile,46,68,146
kv_tile,46,69,161
kv_tile,46,70,141
kv_tile,46,71,133
kv_tile,46,72,143
kv_tile,46,73,153
kv_tile,46,74,145
kv_tile,46,75,149
kv_tile,46,76,134
kv_tile,46,77,141
kv_tile,46,78,139
kv_tile,46,79,124
kv_tile,46,80,145
kv_tile,46,81,150
kv_tile,46,82,143
kv_tile,46,83,131
kv_tile,46,84,140
kv_tile,46,85,146
kv_tile,46,86,149
kv_tile,46,87,142
kv_tile,46,88,153
kv_tile,46,89,159
kv_tile,46,90,161
kv_tile,46,91,138
kv_tile,46,92,157
kv_tile,46,93,180
kv_tile,46,94,169
kv_tile,46,95,196
kv_tile,46,96,188
kv_tile,46,97,174
kv_tile,46,98,203
kv_tile,46,99,190
kv_tile,46,100,205
kv_tile,46,101,200
kv_tile,46,102,219
kv_tile,46,103,228
kv_tile,46,104,206
kv_tile,46,105,217
kv_tile,46,106,248
kv_tile,46,107,246
kv_tile,46,108,255
kv_tile,46,109,314
kv_tile,46,110,323
kv_tile,46,111,306
kv_tile,46,112,314
kv_tile,46,113,321
kv_tile,46,114,345
kv_tile,46,115,400
kv_tile,46,116,408
kv_tile,46,117,461
kv_tile,46,118,472
kv_tile,46,119,532
kv_tile,46,120,591
kv_tile,46,121,622
kv_tile,46,122,699
kv_tile,46,123,797
kv_tile,46,124,892
kv_tile,46,125,1102
kv_tile,46,126,1462
kv_tile,46,127,2311
kv_tile,46,128,11749
kv_tile,47,0,9718
kv_tile,47,1,3571
kv_tile,47,2,2690
kv_tile,47,3,2208
kv_tile,47,4,1882
kv_tile,47,5,1844
kv_tile,47,6,1623
kv_tile,47,7,1459
kv_tile,47,8,1372
kv_tile,47,9,1350
kv_tile,47,10,1263
kv_tile,47,11,1244
kv_tile,47,12,1100
kv_tile,47,13,1105
kv_tile,47,14,1025
kv_tile,47,15,1057
kv_tile,47,16,997
kv_tile,47,17,952
kv_tile,47,18,875
kv_tile,47,19,889
kv_tile,47,20,879
kv_tile,47,21,849
kv_tile,47,22,811
kv_tile,47,23,778
kv_tile,47,24,776
kv_tile,47,25,703
kv_tile,47,26,772
kv_tile,47,27,752
kv_tile,47,28,700
kv_tile,47,29,714
kv_tile,47,30,695
kv_tile,47,31,673
kv_tile,47,32,695
kv_tile,47,33,669
kv_tile,47,34,640
kv_tile,47,35,674
kv_tile,47,36,617
kv_tile,47,37,634
kv_tile,47,38,618
kv_tile,47,39,595
kv_tile,47,40,566
kv_tile,47,41,586
kv_tile,47,42,552
kv_tile,47,43,584
kv_tile,47,44,549
kv_tile,47,45,583
kv_tile,47,46,516
kv_tile,47,47,576
kv_tile,47,48,508
kv_tile,47,49,518
kv_tile,47,50,547
kv_tile,47,51,507
kv_tile,47,52,523
kv_tile,47,53,469
kv_tile,47,54,520
kv_tile,47,55,504
kv_tile,47,56,451
kv_tile,47,57,424
kv_tile,47,58,505
kv_tile,47,59,454
kv_tile,47,60,475
kv_tile,47,61,467
kv_tile,47,62,462
kv_tile,47,63,432
kv_tile,47,64,430
kv_tile,47,65,475
kv_tile,47,66,454
kv_tile,47,67,453
kv_tile,47,68,429
kv_tile,47,69,427
kv_tile,47,70,399
kv_tile,47,71,431
kv_tile,47,72,406
kv_tile,47,73,440
kv_tile,47,74,414
kv_tile,47,75,395
kv_tile,47,76,426
kv_tile,47,77,391
kv_tile,47,78,395
kv_tile,47,79,376
kv_tile,47,80,386
kv_tile,47,81,382
kv_tile,47,82,440
kv_tile,47,83,387
kv_tile,47,84,382
kv_tile,47,85,400
kv_tile,47,86,394
kv_tile,47,87,378
kv_tile,47,88,373
kv_tile,47,89,362
kv_tile,47,90,378
kv_tile,47,91,377
kv_tile,47,92,402
kv_tile,47,93,356
kv_tile,47,94,377
kv_tile,47,95,402
kv_tile,47,96,339
kv_tile,47,97,340
kv_tile,47,98,369
kv_tile,47,99,347
kv_tile,47,100,356
kv_tile,47,101,371
kv_tile,47,102,391
kv_tile,47,103,375
kv_tile,47,104,364
kv_tile,47,105,342
kv_tile,47,106,331
kv_tile,47,107,385
kv_tile,47,108,371
kv_tile,47,109,368
kv_tile,47,110,376
kv_tile,47,111,399
kv_tile,47,112,393
kv_tile,47,113,425
kv_tile,47,114,414
kv_tile,47,115,417
kv_tile,47,116,462
kv_tile,47,117,488
kv_tile,47,118,472
kv_tile,47,119,484
kv_tile,47,120,527
kv_tile,47,121,486
kv_tile,47,122,596
kv_tile,47,123,606
kv_tile,47,124,710
kv_tile,47,125,806
kv_tile,47,126,933
kv_tile,47,127,1317
kv_tile,47,128,5281
kv_tile,48,0,21747
kv_tile,48,1,5878
kv_tile,48,2,4023
kv_tile,48,3,3126
kv_tile,48,4,2543
kv_tile,48,5,2248
kv_tile,48,6,1981
kv_tile,48,7,1761
kv_tile,48,8,1632
kv_tile,48,9,1434
kv_tile,48,10,1320
kv_tile,48,11,1285
kv_tile,48,12,1081
kv_tile,48,13,1055
kv_tile,48,14,978
kv_tile,48,15,892
kv_tile,48,16,875
kv_tile,48,17,799
kv_tile,48,18,741
kv_tile,48,19,711
kv_tile,48,20,620
kv_tile,48,21,616
kv_tile,48,22,577
kv_tile,48,23,522
kv_tile,48,24,512
kv_tile,48,25,486
kv_tile,48,26,454
kv_tile,48,27,423
kv_tile,48,28,438
kv_tile,48,29,385
kv_tile,48,30,371
kv_tile,48,31,372
kv_tile,48,32,379
kv_tile,48,33,349
kv_tile,48,34,313
kv_tile,48,35,338
kv_tile,48,36,302
kv_tile,48,37,303
kv_tile,48,38,270
kv_tile,48,39,290
kv_tile,48,40,276
kv_tile,48,41,259
kv_tile,48,42,265
kv_tile,48,43,255
kv_tile,48,44,261
kv_tile,48,45,258
kv_tile,48,46,239
kv_tile,48,47,233
kv_tile,48,48,265
kv_tile,48,49,240
kv_tile,48,50,262
kv_tile,48,51,252
kv_tile,48,52,244
kv_tile,48,53,248
kv_tile,48,54,237
kv_tile,48,55,193
kv_tile,48,56,225
kv_tile,48,57,207
kv_tile,48,58,213
kv_tile,48,59,209
kv_tile,48,60,245
kv_tile,48,61,245
kv_tile,48,62,225
kv_tile,48,63,253
kv_tile,48,64,282
kv_tile,48,65,249
kv_tile,48,66,234
kv_tile,48,67,199
kv_tile,48,68,233
kv_tile,48,69,202
kv_tile,48,70,210
kv_tile,48,71,210
kv_tile,48,72,199
kv_tile,48,73,227
kv_tile,48,74,206
kv_tile,48,75,238
kv_tile,48,76,206
kv_tile,48,77,199
kv_tile,48,78,226
kv_tile,48,79,220
kv_tile,48,80,216
kv_tile,48,81,218
kv_tile,48,82,249
kv_tile,48,83,214
kv_tile,48,84,240
kv_tile,48,85,246
kv_tile,48,86,210
kv_tile,48,87,232
kv_tile,48,88,251
kv_tile,48,89,263
kv_tile,48,90,240
kv_tile,48,91,233
kv_tile,48,92,213
kv_tile,48,93,207
kv_tile,48,94,255
kv_tile,48,95,229
kv_tile,48,96,244
kv_tile,48,97,249
kv_tile,48,98,245
kv_tile,48,99,227
kv_tile,48,100,275
kv_tile,48,101,277
kv_tile,48,102,271
kv_tile,48,103,275
kv_tile,48,104,296
kv_tile,48,105,294
kv_tile,48,106,263
kv_tile,48,107,302
kv_tile,48,108,303
kv_tile,48,109,272
kv_tile,48,110,340
kv_tile,48,111,330
kv_tile,48,112,336
kv_tile,48,113,350
kv_tile,48,114,357
kv_tile,48,115,366
kv_tile,48,116,371
kv_tile,48,117,388
kv_tile,48,118,430
kv_tile,48,119,437
kv_tile,48,120,459
kv_tile,48,121,512
kv_tile,48,122,518
kv_tile,48,123,571
kv_tile,48,124,664
kv_tile,48,125,856
kv_tile,48,126,1014
kv_tile,48,127,1528
kv_tile,48,128,7189
kv_tile,49,0,16751
kv_tile,49,1,5382
kv_tile,49,2,3734
kv_tile,49,3,2907
kv_tile,49,4,2344
kv_tile,49,5,2083
kv_tile,49,6,1979
kv_tile,49,7,1770
kv_tile,49,8,1541
kv_tile,49,9,1404
kv_tile,49,10,1370
kv_tile,49,11,1300
kv_tile,49,12,1207
kv_tile,49,13,1089
kv_tile,49,14,1086
kv_tile,49,15,991
kv_tile,49,16,960
kv_tile,49,17,901
kv_tile,49,18,844
kv_tile,49,19,810
kv_tile,49,20,774
kv_tile,49,21,797
kv_tile,49,22,715
kv_tile,49,23,734
kv_tile,49,24,681
kv_tile,49,25,624
kv_tile,49,26,651
kv_tile,49,27,606
kv_tile,49,28,598
kv_tile,49,29,555
kv_tile,49,30,590
kv_tile,49,31,504
kv_tile,49,32,501
kv_tile,49,33,530
kv_tile,49,34,504
kv_tile,49,35,493
kv_tile,49,36,468
kv_tile,49,37,445
kv_tile,49,38,443
kv_tile,49,39,430
kv_tile,49,40,424
kv_tile,49,41,452
kv_tile,49,42,376
kv_tile,49,43,393
kv_tile,49,44,384
kv_tile,49,45,394
kv_tile,49,46,404
kv_tile,49,47,369
kv_tile,49,48,380
kv_tile,49,49,362
kv_tile,49,50,367
kv_tile,49,51,342
kv_tile,49,52,353
kv_tile,49,53,352
kv_tile,49,54,337
kv_tile,49,55,372
kv_tile,49,56,309
kv_tile,49,57,344
kv_tile,49,58,314
kv_tile,49,59,343
kv_tile,49,60,320
kv_tile,49,61,324
kv_tile,49,62,326
kv_tile,49,63,328
kv_tile,49,64,320
kv_tile,49,65,307
kv_tile,49,66,262
kv_tile,49,67,304
kv_tile,49,68,305
kv_tile,49,69,294
kv_tile,49,70,294
kv_tile,49,71,288
kv_tile,49,72,288
kv_tile,49,73,310
kv_tile,49,74,287
kv_tile,49,75,302
kv_tile,49,76,312
kv_tile,49,77,279
kv_tile,49,78,317
kv_tile,49,79,310
kv_tile,49,80,306
kv_tile,49,81,263
kv_tile,49,82,323
kv_tile,49,83,269
kv_tile,49,84,311
kv_tile,49,85,286
kv_tile,49,86,293
kv_tile,49,87,277
kv_tile,49,88,275
kv_tile,49,89,298
kv_tile,49,90,325
kv_tile,49,91,268
kv_tile,49,92,294
kv_tile,49,93,282
kv_tile,49,94,275
kv_tile,49,95,286
kv_tile,49,96,270
kv_tile,49,97,283
kv_tile,49,98,278
kv_tile,49,99,299
kv_tile,49,100,275
kv_tile,49,101,285
kv_tile,49,102,329
kv_tile,49,103,298
kv_tile,49,104,283
kv_tile,49,105,290
kv_tile,49,106,303
kv_tile,49,107,310
kv_tile,49,108,295
kv_tile,49,109,299
kv_tile,49,110,323
kv_tile,49,111,344
kv_tile,49,112,318
kv_tile,49,113,341
kv_tile,49,114,340
kv_tile,49,115,353
kv_tile,49,116,378
kv_tile,49,117,346
kv_tile,49,118,375
kv_tile,49,119,398
kv_tile,49,120,471
kv_tile,49,121,397
kv_tile,49,122,453
kv_tile,49,123,493
kv_tile,49,124,512
kv_tile,49,125,604
kv_tile,49,126,769
kv_tile,49,127,1024
kv_tile,49,128,5793
kv_tile,5,0,50122
kv_tile,5,1,5867
kv_tile,5,2,2999
kv_tile,5,3,2015
kv_tile,5,4,1527
kv_tile,5,5,1255
kv_tile,5,6,1016
kv_tile,5,7,825
kv_tile,5,8,752
kv_tile,5,9,630
kv_tile,5,10,606
kv_tile,5,11,539
kv_tile,5,12,516
kv_tile,5,13,463
kv_tile,5,14,428
kv_tile,5,15,392
kv_tile,5,16,383
kv_tile,5,17,362
kv_tile,5,18,368
kv_tile,5,19,317
kv_tile,5,20,342
kv_tile,5,21,268
kv_tile,5,22,295
kv_tile,5,23,284
kv_tile,5,24,292
kv_tile,5,25,276
kv_tile,5,26,272
kv_tile,5,27,225
kv_tile,5,28,239
kv_tile,5,29,247
kv_tile,5,30,251
kv_tile,5,31,238
kv_tile,5,32,231
kv_tile,5,33,192
kv_tile,5,34,205
kv_tile,5,35,206
kv_tile,5,36,184
kv_tile,5,37,176
kv_tile,5,38,198
kv_tile,5,39,211
kv_tile,5,40,190
kv_tile,5,41,203
kv_tile,5,42,215
kv_tile,5,43,203
kv_tile,5,44,173
kv_tile,5,45,202
kv_tile,5,46,210
kv_tile,5,47,160
kv_tile,5,48,187
kv_tile,5,49,197
kv_tile,5,50,165
kv_tile,5,51,196
kv_tile,5,52,189
kv_tile,5,53,172
kv_tile,5,54,185
kv_tile,5,55,162
kv_tile,5,56,169
kv_tile,5,57,180
kv_tile,5,58,160
kv_tile,5,59,137
kv_tile,5,60,161
kv_tile,5,61,164
kv_tile,5,62,184
kv_tile,5,63,182
kv_tile,5,64,174
kv_tile,5,65,162
kv_tile,5,66,151
kv_tile,5,67,163
kv_tile,5,68,158
kv_tile,5,69,157
kv_tile,5,70,163
kv_tile,5,71,145
kv_tile,5,72,150
kv_tile,5,73,150
kv_tile,5,74,144
kv_tile,5,75,151
kv_tile,5,76,150
kv_tile,5,77,126
kv_tile,5,78,138
kv_tile,5,79,143
kv_tile,5,80,146
kv_tile,5,81,143
kv_tile,5,82,167
kv_tile,5,83,147
kv_tile,5,84,134
kv_tile,5,85,136
kv_tile,5,86,136
kv_tile,5,87,126
kv_tile,5,88,172
kv_tile,5,89,143
kv_tile,5,90,160
kv_tile,5,91,124
kv_tile,5,92,113
kv_tile,5,93,163
kv_tile,5,94,152
kv_tile,5,95,150
kv_tile,5,96,156
kv_tile,5,97,166
kv_tile,5,98,157
kv_tile,5,99,165
kv_tile,5,100,148
kv_tile,5,101,156
kv_tile,5,102,158
kv_tile,5,103,168
kv_tile,5,104,177
kv_tile,5,105,175
kv_tile,5,106,173
kv_tile,5,107,169
kv_tile,5,108,202
kv_tile,5,109,194
kv_tile,5,110,222
kv_tile,5,111,190
kv_tile,5,112,253
kv_tile,5,113,246
kv_tile,5,114,238
kv_tile,5,115,249
kv_tile,5,116,270
kv_tile,5,117,255
kv_tile,5,118,262
kv_tile,5,119,303
kv_tile,5,120,341
kv_tile,5,121,324
kv_tile,5,122,376
kv_tile,5,123,409
kv_tile,5,124,446
kv_tile,5,125,534
kv_tile,5,126,716
kv_tile,5,127,1033
kv_tile,5,128,3976
kv_tile,50,0,20435
kv_tile,50,1,5439
kv_tile,50,2,3657
kv_tile,50,3,2625
kv_tile,50,4,2245
kv_tile,50,5,1986
kv_tile,50,6,1708
kv_tile,50,7,1511
kv_tile,50,8,1403
kv_tile,50,9,1333
kv_tile,50,10,1204
kv_tile,50,11,1058
kv_tile,50,12,999
kv_tile,50,13,909
kv_tile,50,14,894
kv_tile,50,15,853
kv_tile,50,16,818
kv_tile,50,17,793
kv_tile,50,18,733
kv_tile,50,19,722
kv_tile,50,20,679
kv_tile,50,21,651
kv_tile,50,22,607
kv_tile,50,23,593
kv_tile,50,24,560
kv_tile,50,25,533
kv_tile,50,26,544
kv_tile,50,27,500
kv_tile,50,28,476
kv_tile,50,29,462
kv_tile,50,30,409
kv_tile,50,31,425
kv_tile,50,32,416
kv_tile,50,33,381
kv_tile,50,34,385
kv_tile,50,35,402
kv_tile,50,36,363
kv_tile,50,37,346
kv_tile,50,38,325
kv_tile,50,39,329
kv_tile,50,40,328
kv_tile,50,41,298
kv_tile,50,42,322
kv_tile,50,43,281
kv_tile,50,44,276
kv_tile,50,45,259
kv_tile,50,46,285
kv_tile,50,47,279
kv_tile,50,48,232
kv_tile,50,49,276
kv_tile,50,50,249
kv_tile,50,51,225
kv_tile,50,52,225
kv_tile,50,53,218
kv_tile,50,54,251
kv_tile,50,55,229
kv_tile,50,56,215
kv_tile,50,57,218
kv_tile,50,58,213
kv_tile,50,59,241
kv_tile,50,60,231
kv_tile,50,61,207
kv_tile,50,62,238
kv_tile,50,63,207
kv_tile,50,64,257
kv_tile,50,65,227
kv_tile,50,66,226
kv_tile,50,67,193
kv_tile,50,68,192
kv_tile,50,69,203
kv_tile,50,70,184
kv_tile,50,71,204
kv_tile,50,72,177
kv_tile,50,73,197
kv_tile,50,74,161
kv_tile,50,75,170
kv_tile,50,76,165
kv_tile,50,77,207
kv_tile,50,78,187
kv_tile,50,79,181
kv_tile,50,80,158
kv_tile,50,81,174
kv_tile,50,82,166
kv_tile,50,83,165
kv_tile,50,84,183
kv_tile,50,85,158
kv_tile,50,86,187
kv_tile,50,87,189
kv_tile,50,88,215
kv_tile,50,89,187
kv_tile,50,90,220
kv_tile,50,91,198
kv_tile,50,92,158
kv_tile,50,93,209
kv_tile,50,94,198
kv_tile,50,95,236
kv_tile,50,96,244
kv_tile,50,97,199
kv_tile,50,98,226
kv_tile,50,99,232
kv_tile,50,100,210
kv_tile,50,101,219
kv_tile,50,102,242
kv_tile,50,103,218
kv_tile,50,104,246
kv_tile,50,105,236
kv_tile,50,106,253
kv_tile,50,107,284
kv_tile,50,108,285
kv_tile,50,109,264
kv_tile,50,110,308
kv_tile,50,111,296
kv_tile,50,112,318
kv_tile,50,113,315
kv_tile,50,114,362
kv_tile,50,115,327
kv_tile,50,116,415
kv_tile,50,117,419
kv_tile,50,118,445
kv_tile,50,119,480
kv_tile,50,120,505
kv_tile,50,121,565
kv_tile,50,122,616
kv_tile,50,123,727
kv_tile,50,124,824
kv_tile,50,125,963
kv_tile,50,126,1286
kv_tile,50,127,1943
kv_tile,50,128,10986
kv_tile,51,0,6587
kv_tile,51,1,2650
kv_tile,51,2,2034
kv_tile,51,3,1629
kv_tile,51,4,1475
kv_tile,51,5,1338
kv_tile,51,6,1250
kv_tile,51,7,1182
kv_tile,51,8,1145
kv_tile,51,9,1053
kv_tile,51,10,1016
kv_tile,51,11,1011
kv_tile,51,12,958
kv_tile,51,13,909
kv_tile,51,14,906
kv_tile,51,15,840
kv_tile,51,16,833
kv_tile,51,17,783
kv_tile,51,18,767
kv_tile,51,19,774
kv_tile,51,20,690
kv_tile,51,21,696
kv_tile,51,22,656
kv_tile,51,23,646
kv_tile,51,24,617
kv_tile,51,25,583
kv_tile,51,26,590
kv_tile,51,27,593
kv_tile,51,28,567
kv_tile,51,29,578
kv_tile,51,30,546
kv_tile,51,31,624
kv_tile,51,32,528
kv_tile,51,33,594
kv_tile,51,34,515
kv_tile,51,35,512
kv_tile,51,36,488
kv_tile,51,37,473
kv_tile,51,38,491
kv_tile,51,39,474
kv_tile,51,40,484
kv_tile,51,41,440
kv_tile,51,42,476
kv_tile,51,43,495
kv_tile,51,44,506
kv_tile,51,45,458
kv_tile,51,46,498
kv_tile,51,47,452
kv_tile,51,48,430
kv_tile,51,49,442
kv_tile,51,50,481
kv_tile,51,51,465
kv_tile,51,52,504
kv_tile,51,53,426
kv_tile,51,54,457
kv_tile,51,55,455
kv_tile,51,56,412
kv_tile,51,57,451
kv_tile,51,58,434
kv_tile,51,59,476
kv_tile,51,60,453
kv_tile,51,61,442
kv_tile,51,62,462
kv_tile,51,63,464
kv_tile,51,64,450
kv_tile,51,65,390
kv_tile,51,66,456
kv_tile,51,67,427
kv_tile,51,68,457
kv_tile,51,69,438
kv_tile,51,70,456
kv_tile,51,71,411
kv_tile,51,72,377
kv_tile,51,73,427
kv_tile,51,74,452
kv_tile,51,75,466
kv_tile,51,76,414
kv_tile,51,77,437
kv_tile,51,78,419
kv_tile,51,79,412
kv_tile,51,80,458
kv_tile,51,81,409
kv_tile,51,82,470
kv_tile,51,83,439
kv_tile,51,84,440
kv_tile,51,85,454
kv_tile,51,86,446
kv_tile,51,87,443
kv_tile,51,88,450
kv_tile,51,89,451
kv_tile,51,90,431
kv_tile,51,91,451
kv_tile,51,92,481
kv_tile,51,93,456
kv_tile,51,94,479
kv_tile,51,95,475
kv_tile,51,96,455
kv_tile,51,97,501
kv_tile,51,98,520
kv_tile,51,99,493
kv_tile,51,100,444
kv_tile,51,101,479
kv_tile,51,102,461
kv_tile,51,103,480
kv_tile,51,104,488
kv_tile,51,105,475
kv_tile,51,106,500
kv_tile,51,107,511
kv_tile,51,108,517
kv_tile,51,109,522
kv_tile,51,110,513
kv_tile,51,111,524
kv_tile,51,112,533
kv_tile,51,113,580
kv_tile,51,114,643
kv_tile,51,115,605
kv_tile,51,116,630
kv_tile,51,117,697
kv_tile,51,118,660
kv_tile,51,119,735
kv_tile,51,120,779
kv_tile,51,121,791
kv_tile,51,122,811
kv_tile,51,123,976
kv_tile,51,124,1005
kv_tile,51,125,1230
kv_tile,51,126,1383
kv_tile,51,127,2167
kv_tile,51,128,10410
kv_tile,52,0,10559
kv_tile,52,1,4398
kv_tile,52,2,3340
kv_tile,52,3,2695
kv_tile,52,4,2395
kv_tile,52,5,2067
kv_tile,52,6,1863
kv_tile,52,7,1732
kv_tile,52,8,1635
kv_tile,52,9,1475
kv_tile,52,10,1307
kv_tile,52,11,1273
kv_tile,52,12,1148
kv_tile,52,13,1147
kv_tile,52,14,1038
kv_tile,52,15,1004
kv_tile,52,16,961
kv_tile,52,17,881
kv_tile,52,18,874
kv_tile,52,19,812
kv_tile,52,20,760
kv_tile,52,21,700
kv_tile,52,22,717
kv_tile,52,23,637
kv_tile,52,24,622
kv_tile,52,25,624
kv_tile,52,26,568
kv_tile,52,27,546
kv_tile,52,28,577
kv_tile,52,29,532
kv_tile,52,30,498
kv_tile,52,31,497
kv_tile,52,32,477
kv_tile,52,33,437
kv_tile,52,34,444
kv_tile,52,35,409
kv_tile,52,36,384
kv_tile,52,37,397
kv_tile,52,38,382
kv_tile,52,39,346
kv_tile,52,40,351
kv_tile,52,41,335
kv_tile,52,42,377
kv_tile,52,43,350
kv_tile,52,44,359
kv_tile,52,45,329
kv_tile,52,46,348
kv_tile,52,47,335
kv_tile,52,48,334
kv_tile,52,49,315
kv_tile,52,50,300
kv_tile,52,51,298
kv_tile,52,52,287
kv_tile,52,53,278
kv_tile,52,54,266
kv_tile,52,55,290
kv_tile,52,56,300
kv_tile,52,57,261
kv_tile,52,58,263
kv_tile,52,59,308
kv_tile,52,60,299
kv_tile,52,61,276
kv_tile,52,62,291
kv_tile,52,63,306
kv_tile,52,64,289
kv_tile,52,65,289
kv_tile,52,66,256
kv_tile,52,67,271
kv_tile,52,68,274
kv_tile,52,69,277
kv_tile,52,70,274
kv_tile,52,71,248
kv_tile,52,72,223
kv_tile,52,73,240
kv_tile,52,74,247
kv_tile,52,75,241
kv_tile,52,76,217
kv_tile,52,77,241
kv_tile,52,78,236
kv_tile,52,79,201
kv_tile,52,80,233
kv_tile,52,81,223
kv_tile,52,82,240
kv_tile,52,83,241
kv_tile,52,84,199
kv_tile,52,85,235
kv_tile,52,86,234
kv_tile,52,87,236
kv_tile,52,88,247
kv_tile,52,89,235
kv_tile,52,90,284
kv_tile,52,91,260
kv_tile,52,92,255
kv_tile,52,93,243
kv_tile,52,94,283
kv_tile,52,95,238
kv_tile,52,96,275
kv_tile,52,97,275
kv_tile,52,98,283
kv_tile,52,99,267
kv_tile,52,100,274
kv_tile,52,101,285
kv_tile,52,102,314
kv_tile,52,103,300
kv_tile,52,104,273
kv_tile,52,105,310
kv_tile,52,106,312
kv_tile,52,107,326
kv_tile,52,108,302
kv_tile,52,109,347
kv_tile,52,110,356
kv_tile,52,111,390
kv_tile,52,112,387
kv_tile,52,113,395
kv_tile,52,114,400
kv_tile,52,115,446
kv_tile,52,116,452
kv_tile,52,117,474
kv_tile,52,118,527
kv_tile,52,119,650
kv_tile,52,120,589
kv_tile,52,121,675
kv_tile,52,122,757
kv_tile,52,123,849
kv_tile,52,124,957
kv_tile,52,125,1178
kv_tile,52,126,1470
kv_tile,52,127,2260
kv_tile,52,128,12425
kv_tile,53,0,11193
kv_tile,53,1,4666
kv_tile,53,2,3236
kv_tile,53,3,2613
kv_tile,53,4,2188
kv_tile,53,5,1869
kv_tile,53,6,1790
kv_tile,53,7,1594
kv_tile,53,8,1508
kv_tile,53,9,1363
kv_tile,53,10,1274
kv_tile,53,11,1165
kv_tile,53,12,1172
kv_tile,53,13,1109
kv_tile,53,14,1007
kv_tile,53,15,969
kv_tile,53,16,891
kv_tile,53,17,917
kv_tile,53,18,855
kv_tile,53,19,768
kv_tile,53,20,756
kv_tile,53,21,717
kv_tile,53,22,709
kv_tile,53,23,689
kv_tile,53,24,687
kv_tile,53,25,668
kv_tile,53,26,667
kv_tile,53,27,602
kv_tile,53,28,584
kv_tile,53,29,580
kv_tile,53,30,586
kv_tile,53,31,533
kv_tile,53,32,536
kv_tile,53,33,547
kv_tile,53,34,560
kv_tile,53,35,479
kv_tile,53,36,474
kv_tile,53,37,471
kv_tile,53,38,468
kv_tile,53,39,507
kv_tile,53,40,447
kv_tile,53,41,473
kv_tile,53,42,512
kv_tile,53,43,458
kv_tile,53,44,518
kv_tile,53,45,440
kv_tile,53,46,470
kv_tile,53,47,425
kv_tile,53,48,395
kv_tile,53,49,439
kv_tile,53,50,429
kv_tile,53,51,414
kv_tile,53,52,388
kv_tile,53,53,401
kv_tile,53,54,386
kv_tile,53,55,422
kv_tile,53,56,381
kv_tile,53,57,409
kv_tile,53,58,393
kv_tile,53,59,357
kv_tile,53,60,382
kv_tile,53,61,399
kv_tile,53,62,366
kv_tile,53,63,418
kv_tile,53,64,384
kv_tile,53,65,377
kv_tile,53,66,381
kv_tile,53,67,374
kv_tile,53,68,352
kv_tile,53,69,388
kv_tile,53,70,390
kv_tile,53,71,401
kv_tile,53,72,355
kv_tile,53,73,381
kv_tile,53,74,361
kv_tile,53,75,352
kv_tile,53,76,393
kv_tile,53,77,356
kv_tile,53,78,352
kv_tile,53,79,343
kv_tile,53,80,355
kv_tile,53,81,339
kv_tile,53,82,382
kv_tile,53,83,384
kv_tile,53,84,357
kv_tile,53,85,372
kv_tile,53,86,366
kv_tile,53,87,336
kv_tile,53,88,364
kv_tile,53,89,329
kv_tile,53,90,381
kv_tile,53,91,347
kv_tile,53,92,359
kv_tile,53,93,375
kv_tile,53,94,372
kv_tile,53,95,381
kv_tile,53,96,391
kv_tile,53,97,379
kv_tile,53,98,355
kv_tile,53,99,371
kv_tile,53,100,391
kv_tile,53,101,388
kv_tile,53,102,389
kv_tile,53,103,383
kv_tile,53,104,368
kv_tile,53,105,383
kv_tile,53,106,397
kv_tile,53,107,399
kv_tile,53,108,417
kv_tile,53,109,397
kv_tile,53,110,442
kv_tile,53,111,408
kv_tile,53,112,417
kv_tile,53,113,435
kv_tile,53,114,460
kv_tile,53,115,490
kv_tile,53,116,476
kv_tile,53,117,498
kv_tile,53,118,505
kv_tile,53,119,503
kv_tile,53,120,582
kv_tile,53,121,565
kv_tile,53,122,560
kv_tile,53,123,665
kv_tile,53,124,744
kv_tile,53,125,754
kv_tile,53,126,979
kv_tile,53,127,1344
kv_tile,53,128,6241
kv_tile,54,0,11083
kv_tile,54,1,4901
kv_tile,54,2,3480
kv_tile,54,3,2794
kv_tile,54,4,2370
kv_tile,54,5,2118
kv_tile,54,6,1911
kv_tile,54,7,1682
kv_tile,54,8,1678
kv_tile,54,9,1470
kv_tile,54,10,1323
kv_tile,54,11,1249
kv_tile,54,12,1192
kv_tile,54,13,1067
kv_tile,54,14,1121
kv_tile,54,15,951
kv_tile,54,16,960
kv_tile,54,17,896
kv_tile,54,18,836
kv_tile,54,19,828
kv_tile,54,20,776
kv_tile,54,21,750
kv_tile,54,22,735
kv_tile,54,23,672
kv_tile,54,24,632
kv_tile,54,25,614
kv_tile,54,26,585
kv_tile,54,27,546
kv_tile,54,28,532
kv_tile,54,29,503
kv_tile,54,30,463
kv_tile,54,31,428
kv_tile,54,32,457
kv_tile,54,33,423
kv_tile,54,34,423
kv_tile,54,35,412
kv_tile,54,36,392
kv_tile,54,37,378
kv_tile,54,38,351
kv_tile,54,39,374
kv_tile,54,40,325
kv_tile,54,41,361
kv_tile,54,42,321
kv_tile,54,43,322
kv_tile,54,44,294
kv_tile,54,45,303
kv_tile,54,46,278
kv_tile,54,47,281
kv_tile,54,48,275
kv_tile,54,49,273
kv_tile,54,50,270
kv_tile,54,51,273
kv_tile,54,52,251
kv_tile,54,53,229
kv_tile,54,54,252
kv_tile,54,55,239
kv_tile,54,56,244
kv_tile,54,57,270
kv_tile,54,58,256
kv_tile,54,59,228
kv_tile,54,60,247
kv_tile,54,61,248
kv_tile,54,62,232
kv_tile,54,63,274
kv_tile,54,64,253
kv_tile,54,65,220
kv_tile,54,66,190
kv_tile,54,67,209
kv_tile,54,68,219
kv_tile,54,69,209
kv_tile,54,70,172
kv_tile,54,71,187
kv_tile,54,72,172
kv_tile,54,73,202
kv_tile,54,74,182
kv_tile,54,75,179
kv_tile,54,76,174
kv_tile,54,77,154
kv_tile,54,78,181
kv_tile,54,79,150
kv_tile,54,80,194
kv_tile,54,81,174
kv_tile,54,82,159
kv_tile,54,83,181
kv_tile,54,84,181
kv_tile,54,85,190
kv_tile,54,86,186
kv_tile,54,87,163
kv_tile,54,88,195
kv_tile,54,89,185
kv_tile,54,90,177
kv_tile,54,91,206
kv_tile,54,92,169
kv_tile,54,93,207
kv_tile,54,94,200
kv_tile,54,95,199
kv_tile,54,96,186
kv_tile,54,97,221
kv_tile,54,98,195
kv_tile,54,99,212
kv_tile,54,100,213
kv_tile,54,101,232
kv_tile,54,102,225
kv_tile,54,103,262
kv_tile,54,104,251
kv_tile,54,105,234
kv_tile,54,106,256
kv_tile,54,107,262
kv_tile,54,108,234
kv_tile,54,109,280
kv_tile,54,110,291
kv_tile,54,111,289
kv_tile,54,112,307
kv_tile,54,113,351
kv_tile,54,114,356
kv_tile,54,115,363
kv_tile,54,116,380
kv_tile,54,117,421
kv_tile,54,118,488
kv_tile,54,119,506
kv_tile,54,120,594
kv_tile,54,121,628
kv_tile,54,122,710
kv_tile,54,123,857
kv_tile,54,124,956
kv_tile,54,125,1243
kv_tile,54,126,1738
kv_tile,54,127,2811
kv_tile,54,128,14831
kv_tile,55,0,7945
kv_tile,55,1,3869
kv_tile,55,2,2960
kv_tile,55,3,2602
kv_tile,55,4,2349
kv_tile,55,5,2018
kv_tile,55,6,1900
kv_tile,55,7,1762
kv_tile,55,8,1637
kv_tile,55,9,1531
kv_tile,55,10,1393
kv_tile,55,11,1401
kv_tile,55,12,1238
kv_tile,55,13,1229
kv_tile,55,14,1187
kv_tile,55,15,1124
kv_tile,55,16,1097
kv_tile,55,17,1001
kv_tile,55,18,997
kv_tile,55,19,986
kv_tile,55,20,912
kv_tile,55,21,861
kv_tile,55,22,824
kv_tile,55,23,772
kv_tile,55,24,754
kv_tile,55,25,786
kv_tile,55,26,695
kv_tile,55,27,680
kv_tile,55,28,634
kv_tile,55,29,673
kv_tile,55,30,657
kv_tile,55,31,606
kv_tile,55,32,584
kv_tile,55,33,609
kv_tile,55,34,585
kv_tile,55,35,570
kv_tile,55,36,496
kv_tile,55,37,562
kv_tile,55,38,538
kv_tile,55,39,498
kv_tile,55,40,487
kv_tile,55,41,461
kv_tile,55,42,502
kv_tile,55,43,476
kv_tile,55,44,486
kv_tile,55,45,482
kv_tile,55,46,423
kv_tile,55,47,437
kv_tile,55,48,434
kv_tile,55,49,432
kv_tile,55,50,454
kv_tile,55,51,406
kv_tile,55,52,435
kv_tile,55,53,399
kv_tile,55,54,408
kv_tile,55,55,415
kv_tile,55,56,402
kv_tile,55,57,393
kv_tile,55,58,398
kv_tile,55,59,393
kv_tile,55,60,363
kv_tile,55,61,411
kv_tile,55,62,356
kv_tile,55,63,382
kv_tile,55,64,382
kv_tile,55,65,370
kv_tile,55,66,356
kv_tile,55,67,416
kv_tile,55,68,348
kv_tile,55,69,394
kv_tile,55,70,358
kv_tile,55,71,369
kv_tile,55,72,333
kv_tile,55,73,334
kv_tile,55,74,371
kv_tile,55,75,368
kv_tile,55,76,354
kv_tile,55,77,367
kv_tile,55,78,386
kv_tile,55,79,346
kv_tile,55,80,346
kv_tile,55,81,341
kv_tile,55,82,335
kv_tile,55,83,362
kv_tile,55,84,375
kv_tile,55,85,341
kv_tile,55,86,339
kv_tile,55,87,353
kv_tile,55,88,352
kv_tile,55,89,374
kv_tile,55,90,355
kv_tile,55,91,366
kv_tile,55,92,378
kv_tile,55,93,373
kv_tile,55,94,361
kv_tile,55,95,348
kv_tile,55,96,366
kv_tile,55,97,346
kv_tile,55,98,405
kv_tile,55,99,355
kv_tile,55,100,374
kv_tile,55,101,396
kv_tile,55,102,369
kv_tile,55,103,366
kv_tile,55,104,407
kv_tile,55,105,406
kv_tile,55,106,413
kv_tile,55,107,393
kv_tile,55,108,391
kv_tile,55,109,330
kv_tile,55,110,410
kv_tile,55,111,427
kv_tile,55,112,388
kv_tile,55,113,416
kv_tile,55,114,414
kv_tile,55,115,456
kv_tile,55,116,443
kv_tile,55,117,490
kv_tile,55,118,531
kv_tile,55,119,521
kv_tile,55,120,552
kv_tile,55,121,584
kv_tile,55,122,623
kv_tile,55,123,627
kv_tile,55,124,713
kv_tile,55,125,807
kv_tile,55,126,1016
kv_tile,55,127,1298
kv_tile,55,128,6963
kv_tile,56,0,5272
kv_tile,56,1,2666
kv_tile,56,2,2121
kv_tile,56,3,1765
kv_tile,56,4,1659
kv_tile,56,5,1510
kv_tile,56,6,1380
kv_tile,56,7,1249
kv_tile,56,8,1209
kv_tile,56,9,1192
kv_tile,56,10,1216
kv_tile,56,11,1042
kv_tile,56,12,1079
kv_tile,56,13,958
kv_tile,56,14,951
kv_tile,56,15,901
kv_tile,56,16,909
kv_tile,56,17,935
kv_tile,56,18,860
kv_tile,56,19,829
kv_tile,56,20,855
kv_tile,56,21,769
kv_tile,56,22,785
kv_tile,56,23,729
kv_tile,56,24,697
kv_tile,56,25,655
kv_tile,56,26,643
kv_tile,56,27,679
kv_tile,56,28,642
kv_tile,56,29,628
kv_tile,56,30,639
kv_tile,56,31,581
kv_tile,56,32,593
kv_tile,56,33,569
kv_tile,56,34,561
kv_tile,56,35,548
kv_tile,56,36,551
kv_tile,56,37,581
kv_tile,56,38,495
kv_tile,56,39,512
kv_tile,56,40,490
kv_tile,56,41,495
kv_tile,56,42,492
kv_tile,56,43,535
kv_tile,56,44,477
kv_tile,56,45,447
kv_tile,56,46,479
kv_tile,56,47,460
kv_tile,56,48,476
kv_tile,56,49,427
kv_tile,56,50,477
kv_tile,56,51,444
kv_tile,56,52,446
kv_tile,56,53,408
kv_tile,56,54,421
kv_tile,56,55,430
kv_tile,56,56,424
kv_tile,56,57,443
kv_tile,56,58,407
kv_tile,56,59,455
kv_tile,56,60,410
kv_tile,56,61,420
kv_tile,56,62,409
kv_tile,56,63,424
kv_tile,56,64,457
kv_tile,56,65,436
kv_tile,56,66,405
kv_tile,56,67,373
kv_tile,56,68,415
kv_tile,56,69,379
kv_tile,56,70,419
kv_tile,56,71,345
kv_tile,56,72,360
kv_tile,56,73,411
kv_tile,56,74,385
kv_tile,56,75,354
kv_tile,56,76,375
kv_tile,56,77,387
kv_tile,56,78,365
kv_tile,56,79,376
kv_tile,56,80,381
kv_tile,56,81,400
kv_tile,56,82,380
kv_tile,56,83,379
kv_tile,56,84,388
kv_tile,56,85,374
kv_tile,56,86,367
kv_tile,56,87,361
kv_tile,56,88,367
kv_tile,56,89,375
kv_tile,56,90,370
kv_tile,56,91,438
kv_tile,56,92,378
kv_tile,56,93,416
kv_tile,56,94,396
kv_tile,56,95,413
kv_tile,56,96,389
kv_tile,56,97,407
kv_tile,56,98,444
kv_tile,56,99,427
kv_tile,56,100,448
kv_tile,56,101,389
kv_tile,56,102,467
kv_tile,56,103,435
kv_tile,56,104,458
kv_tile,56,105,431
kv_tile,56,106,467
kv_tile,56,107,431
kv_tile,56,108,499
kv_tile,56,109,529
kv_tile,56,110,508
kv_tile,56,111,503
kv_tile,56,112,487
kv_tile,56,113,510
kv_tile,56,114,523
kv_tile,56,115,618
kv_tile,56,116,555
kv_tile,56,117,670
kv_tile,56,118,662
kv_tile,56,119,732
kv_tile,56,120,727
kv_tile,56,121,774
kv_tile,56,122,879
kv_tile,56,123,910
kv_tile,56,124,1093
kv_tile,56,125,1170
kv_tile,56,126,1423
kv_tile,56,127,2134
kv_tile,56,128,11569
kv_tile,57,0,2437
kv_tile,57,1,1436
kv_tile,57,2,1116
kv_tile,57,3,1024
kv_tile,57,4,949
kv_tile,57,5,960
kv_tile,57,6,932
kv_tile,57,7,910
kv_tile,57,8,856
kv_tile,57,9,835
kv_tile,57,10,819
kv_tile,57,11,888
kv_tile,57,12,869
kv_tile,57,13,861
kv_tile,57,14,811
kv_tile,57,15,821
kv_tile,57,16,735
kv_tile,57,17,754
kv_tile,57,18,764
kv_tile,57,19,750
kv_tile,57,20,750
kv_tile,57,21,697
kv_tile,57,22,729
kv_tile,57,23,727
kv_tile,57,24,684
kv_tile,57,25,652
kv_tile,57,26,676
kv_tile,57,27,688
kv_tile,57,28,677
kv_tile,57,29,689
kv_tile,57,30,623
kv_tile,57,31,653
kv_tile,57,32,631
kv_tile,57,33,640
kv_tile,57,34,592
kv_tile,57,35,620
kv_tile,57,36,618
kv_tile,57,37,580
kv_tile,57,38,581
kv_tile,57,39,564
kv_tile,57,40,548
kv_tile,57,41,584
kv_tile,57,42,515
kv_tile,57,43,534
kv_tile,57,44,494
kv_tile,57,45,519
kv_tile,57,46,523
kv_tile,57,47,482
kv_tile,57,48,523
kv_tile,57,49,513
kv_tile,57,50,488
kv_tile,57,51,460
kv_tile,57,52,508
kv_tile,57,53,481
kv_tile,57,54,455
kv_tile,57,55,477
kv_tile,57,56,440
kv_tile,57,57,406
kv_tile,57,58,426
kv_tile,57,59,444
kv_tile,57,60,408
kv_tile,57,61,449
kv_tile,57,62,396
kv_tile,57,63,420
kv_tile,57,64,430
kv_tile,57,65,401
kv_tile,57,66,393
kv_tile,57,67,378
kv_tile,57,68,358
kv_tile,57,69,406
kv_tile,57,70,398
kv_tile,57,71,426
kv_tile,57,72,395
kv_tile,57,73,369
kv_tile,57,74,391
kv_tile,57,75,391
kv_tile,57,76,408
kv_tile,57,77,378
kv_tile,57,78,344
kv_tile,57,79,384
kv_tile,57,80,384
kv_tile,57,81,374
kv_tile,57,82,363
kv_tile,57,83,374
kv_tile,57,84,354
kv_tile,57,85,381
kv_tile,57,86,400
kv_tile,57,87,360
kv_tile,57,88,375
kv_tile,57,89,409
kv_tile,57,90,372
kv_tile,57,91,404
kv_tile,57,92,414
kv_tile,57,93,361
kv_tile,57,94,392
kv_tile,57,95,393
kv_tile,57,96,423
kv_tile,57,97,430
kv_tile,57,98,398
kv_tile,57,99,429
kv_tile,57,100,428
kv_tile,57,101,435
kv_tile,57,102,454
kv_tile,57,103,454
kv_tile,57,104,454
kv_tile,57,105,487
kv_tile,57,106,495
kv_tile,57,107,468
kv_tile,57,108,485
kv_tile,57,109,518
kv_tile,57,110,560
kv_tile,57,111,537
kv_tile,57,112,546
kv_tile,57,113,617
kv_tile,57,114,623
kv_tile,57,115,645
kv_tile,57,116,675
kv_tile,57,117,753
kv_tile,57,118,811
kv_tile,57,119,869
kv_tile,57,120,893
kv_tile,57,121,998
kv_tile,57,122,1095
kv_tile,57,123,1196
kv_tile,57,124,1337
kv_tile,57,125,1650
kv_tile,57,126,2070
kv_tile,57,127,2942
kv_tile,57,128,16678
kv_tile,58,0,6372
kv_tile,58,1,3353
kv_tile,58,2,2716
kv_tile,58,3,2302
kv_tile,58,4,2021
kv_tile,58,5,1821
kv_tile,58,6,1693
kv_tile,58,7,1635
kv_tile,58,8,1574
kv_tile,58,9,1436
kv_tile,58,10,1332
kv_tile,58,11,1249
kv_tile,58,12,1274
kv_tile,58,13,1196
kv_tile,58,14,1072
kv_tile,58,15,1036
kv_tile,58,16,1031
kv_tile,58,17,997
kv_tile,58,18,987
kv_tile,58,19,891
kv_tile,58,20,855
kv_tile,58,21,830
kv_tile,58,22,800
kv_tile,58,23,795
kv_tile,58,24,814
kv_tile,58,25,668
kv_tile,58,26,767
kv_tile,58,27,704
kv_tile,58,28,675
kv_tile,58,29,650
kv_tile,58,30,625
kv_tile,58,31,599
kv_tile,58,32,600
kv_tile,58,33,628
kv_tile,58,34,529
kv_tile,58,35,515
kv_tile,58,36,538
kv_tile,58,37,545
kv_tile,58,38,553
kv_tile,58,39,535
kv_tile,58,40,480
kv_tile,58,41,485
kv_tile,58,42,482
kv_tile,58,43,524
kv_tile,58,44,483
kv_tile,58,45,443
kv_tile,58,46,456
kv_tile,58,47,457
kv_tile,58,48,465
kv_tile,58,49,435
kv_tile,58,50,443
kv_tile,58,51,423
kv_tile,58,52,494
kv_tile,58,53,420
kv_tile,58,54,410
kv_tile,58,55,418
kv_tile,58,56,431
kv_tile,58,57,390
kv_tile,58,58,441
kv_tile,58,59,405
kv_tile,58,60,426
kv_tile,58,61,439
kv_tile,58,62,435
kv_tile,58,63,440
kv_tile,58,64,461
kv_tile,58,65,450
kv_tile,58,66,405
kv_tile,58,67,424
kv_tile,58,68,421
kv_tile,58,69,424
kv_tile,58,70,417
kv_tile,58,71,394
kv_tile,58,72,389
kv_tile,58,73,386
kv_tile,58,74,362
kv_tile,58,75,375
kv_tile,58,76,375
kv_tile,58,77,400
kv_tile,58,78,353
kv_tile,58,79,361
kv_tile,58,80,366
kv_tile,58,81,389
kv_tile,58,82,387
kv_tile,58,83,389
kv_tile,58,84,409
kv_tile,58,85,373
kv_tile,58,86,406
kv_tile,58,87,377
kv_tile,58,88,383
kv_tile,58,89,369
kv_tile,58,90,387
kv_tile,58,91,356
kv_tile,58,92,388
kv_tile,58,93,374
kv_tile,58,94,428
kv_tile,58,95,376
kv_tile,58,96,391
kv_tile,58,97,412
kv_tile,58,98,411
kv_tile,58,99,418
kv_tile,58,100,389
kv_tile,58,101,397
kv_tile,58,102,403
kv_tile,58,103,448
kv_tile,58,104,394
kv_tile,58,105,415
kv_tile,58,106,457
kv_tile,58,107,429
kv_tile,58,108,438
kv_tile,58,109,440
kv_tile,58,110,432
kv_tile,58,111,454
kv_tile,58,112,471
kv_tile,58,113,490
kv_tile,58,114,547
kv_tile,58,115,529
kv_tile,58,116,524
kv_tile,58,117,557
kv_tile,58,118,571
kv_tile,58,119,630
kv_tile,58,120,580
kv_tile,58,121,693
kv_tile,58,122,730
kv_tile,58,123,763
kv_tile,58,124,873
kv_tile,58,125,1011
kv_tile,58,126,1228
kv_tile,58,127,1772
kv_tile,58,128,7115
kv_tile,59,0,6680
kv_tile,59,1,3457
kv_tile,59,2,2647
kv_tile,59,3,2171
kv_tile,59,4,1838
kv_tile,59,5,1688
kv_tile,59,6,1741
kv_tile,59,7,1508
kv_tile,59,8,1391
kv_tile,59,9,1383
kv_tile,59,10,1277
kv_tile,59,11,1170
kv_tile,59,12,1197
kv_tile,59,13,1132
kv_tile,59,14,1148
kv_tile,59,15,1104
kv_tile,59,16,1045
kv_tile,59,17,980
kv_tile,59,18,930
kv_tile,59,19,851
kv_tile,59,20,891
kv_tile,59,21,931
kv_tile,59,22,841
kv_tile,59,23,809
kv_tile,59,24,792
kv_tile,59,25,741
kv_tile,59,26,784
kv_tile,59,27,734
kv_tile,59,28,674
kv_tile,59,29,668
kv_tile,59,30,660
kv_tile,59,31,644
kv_tile,59,32,615
kv_tile,59,33,589
kv_tile,59,34,607
kv_tile,59,35,555
kv_tile,59,36,559
kv_tile,59,37,572
kv_tile,59,38,554
kv_tile,59,39,496
kv_tile,59,40,522
kv_tile,59,41,546
kv_tile,59,42,482
kv_tile,59,43,479
kv_tile,59,44,425
kv_tile,59,45,457
kv_tile,59,46,439
kv_tile,59,47,446
kv_tile,59,48,419
kv_tile,59,49,367
kv_tile,59,50,403
kv_tile,59,51,413
kv_tile,59,52,381
kv_tile,59,53,356
kv_tile,59,54,369
kv_tile,59,55,349
kv_tile,59,56,357
kv_tile,59,57,339
kv_tile,59,58,348
kv_tile,59,59,335
kv_tile,59,60,329
kv_tile,59,61,326
kv_tile,59,62,319
kv_tile,59,63,322
kv_tile,59,64,288
kv_tile,59,65,295
kv_tile,59,66,300
kv_tile,59,67,289
kv_tile,59,68,277
kv_tile,59,69,256
kv_tile,59,70,280
kv_tile,59,71,281
kv_tile,59,72,290
kv_tile,59,73,255
kv_tile,59,74,271
kv_tile,59,75,271
kv_tile,59,76,270
kv_tile,59,77,256
kv_tile,59,78,256
kv_tile,59,79,232
kv_tile,59,80,219
kv_tile,59,81,236
kv_tile,59,82,215
kv_tile,59,83,225
kv_tile,59,84,242
kv_tile,59,85,232
kv_tile,59,86,214
kv_tile,59,87,244
kv_tile,59,88,248
kv_tile,59,89,248
kv_tile,59,90,256
kv_tile,59,91,246
kv_tile,59,92,246
kv_tile,59,93,276
kv_tile,59,94,227
kv_tile,59,95,224
kv_tile,59,96,284
kv_tile,59,97,271
kv_tile,59,98,281
kv_tile,59,99,283
kv_tile,59,100,308
kv_tile,59,101,244
kv_tile,59,102,311
kv_tile,59,103,292
kv_tile,59,104,331
kv_tile,59,105,301
kv_tile,59,106,330
kv_tile,59,107,321
kv_tile,59,108,323
kv_tile,59,109,371
kv_tile,59,110,376
kv_tile,59,111,354
kv_tile,59,112,384
kv_tile,59,113,382
kv_tile,59,114,435
kv_tile,59,115,496
kv_tile,59,116,462
kv_tile,59,117,484
kv_tile,59,118,517
kv_tile,59,119,525
kv_tile,59,120,585
kv_tile,59,121,575
kv_tile,59,122,664
kv_tile,59,123,756
kv_tile,59,124,902
kv_tile,59,125,1066
kv_tile,59,126,1315
kv_tile,59,127,2094
kv_tile,59,128,14934
kv_tile,6,0,35537
kv_tile,6,1,8243
kv_tile,6,2,4959
kv_tile,6,3,3443
kv_tile,6,4,2674
kv_tile,6,5,2106
kv_tile,6,6,1762
kv_tile,6,7,1520
kv_tile,6,8,1332
kv_tile,6,9,1106
kv_tile,6,10,1034
kv_tile,6,11,951
kv_tile,6,12,857
kv_tile,6,13,842
kv_tile,6,14,761
kv_tile,6,15,705
kv_tile,6,16,598
kv_tile,6,17,582
kv_tile,6,18,549
kv_tile,6,19,539
kv_tile,6,20,523
kv_tile,6,21,498
kv_tile,6,22,483
kv_tile,6,23,448
kv_tile,6,24,420
kv_tile,6,25,455
kv_tile,6,26,404
kv_tile,6,27,379
kv_tile,6,28,391
kv_tile,6,29,346
kv_tile,6,30,347
kv_tile,6,31,344
kv_tile,6,32,327
kv_tile,6,33,325
kv_tile,6,34,316
kv_tile,6,35,314
kv_tile,6,36,291
kv_tile,6,37,273
kv_tile,6,38,299
kv_tile,6,39,275
kv_tile,6,40,291
kv_tile,6,41,261
kv_tile,6,42,287
kv_tile,6,43,257
kv_tile,6,44,257
kv_tile,6,45,266
kv_tile,6,46,260
kv_tile,6,47,264
kv_tile,6,48,268
kv_tile,6,49,218
kv_tile,6,50,265
kv_tile,6,51,216
kv_tile,6,52,225
kv_tile,6,53,236
kv_tile,6,54,246
kv_tile,6,55,254
kv_tile,6,56,247
kv_tile,6,57,213
kv_tile,6,58,199
kv_tile,6,59,203
kv_tile,6,60,213
kv_tile,6,61,254
kv_tile,6,62,214
kv_tile,6,63,225
kv_tile,6,64,253
kv_tile,6,65,235
kv_tile,6,66,215
kv_tile,6,67,203
kv_tile,6,68,196
kv_tile,6,69,196
kv_tile,6,70,206
kv_tile,6,71,187
kv_tile,6,72,194
kv_tile,6,73,187
kv_tile,6,74,177
kv_tile,6,75,177
kv_tile,6,76,201
kv_tile,6,77,184
kv_tile,6,78,180
kv_tile,6,79,157
kv_tile,6,80,180
kv_tile,6,81,184
kv_tile,6,82,140
kv_tile,6,83,139
kv_tile,6,84,147
kv_tile,6,85,165
kv_tile,6,86,143
kv_tile,6,87,164
kv_tile,6,88,156
kv_tile,6,89,151
kv_tile,6,90,173
kv_tile,6,91,140
kv_tile,6,92,151
kv_tile,6,93,160
kv_tile,6,94,153
kv_tile,6,95,141
kv_tile,6,96,167
kv_tile,6,97,167
kv_tile,6,98,176
kv_tile,6,99,160
kv_tile,6,100,177
kv_tile,6,101,144
kv_tile,6,102,171
kv_tile,6,103,174
kv_tile,6,104,165
kv_tile,6,105,169
kv_tile,6,106,168
kv_tile,6,107,160
kv_tile,6,108,142
kv_tile,6,109,165
kv_tile,6,110,152
kv_tile,6,111,151
kv_tile,6,112,192
kv_tile,6,113,178
kv_tile,6,114,199
kv_tile,6,115,208
kv_tile,6,116,221
kv_tile,6,117,214
kv_tile,6,118,191
kv_tile,6,119,201
kv_tile,6,120,260
kv_tile,6,121,247
kv_tile,6,122,262
kv_tile,6,123,257
kv_tile,6,124,328
kv_tile,6,125,379
kv_tile,6,126,471
kv_tile,6,127,608
kv_tile,6,128,2248
kv_tile,60,0,2801
kv_tile,60,1,1934
kv_tile,60,2,1574
kv_tile,60,3,1417
kv_tile,60,4,1340
kv_tile,60,5,1287
kv_tile,60,6,1184
kv_tile,60,7,1192
kv_tile,60,8,1160
kv_tile,60,9,1151
kv_tile,60,10,1062
kv_tile,60,11,1128
kv_tile,60,12,1044
kv_tile,60,13,982
kv_tile,60,14,997
kv_tile,60,15,977
kv_tile,60,16,978
kv_tile,60,17,955
kv_tile,60,18,893
kv_tile,60,19,903
kv_tile,60,20,916
kv_tile,60,21,842
kv_tile,60,22,857
kv_tile,60,23,812
kv_tile,60,24,832
kv_tile,60,25,807
kv_tile,60,26,786
kv_tile,60,27,778
kv_tile,60,28,764
kv_tile,60,29,796
kv_tile,60,30,792
kv_tile,60,31,740
kv_tile,60,32,793
kv_tile,60,33,770
kv_tile,60,34,728
kv_tile,60,35,753
kv_tile,60,36,732
kv_tile,60,37,677
kv_tile,60,38,747
kv_tile,60,39,717
kv_tile,60,40,684
kv_tile,60,41,703
kv_tile,60,42,695
kv_tile,60,43,689
kv_tile,60,44,701
kv_tile,60,45,654
kv_tile,60,46,616
kv_tile,60,47,633
kv_tile,60,48,635
kv_tile,60,49,639
kv_tile,60,50,605
kv_tile,60,51,597
kv_tile,60,52,609
kv_tile,60,53,655
kv_tile,60,54,596
kv_tile,60,55,611
kv_tile,60,56,573
kv_tile,60,57,598
kv_tile,60,58,564
kv_tile,60,59,623
kv_tile,60,60,602
kv_tile,60,61,560
kv_tile,60,62,569
kv_tile,60,63,602
kv_tile,60,64,543
kv_tile,60,65,601
kv_tile,60,66,623
kv_tile,60,67,564
kv_tile,60,68,505
kv_tile,60,69,502
kv_tile,60,70,506
kv_tile,60,71,520
kv_tile,60,72,503
kv_tile,60,73,495
kv_tile,60,74,477
kv_tile,60,75,464
kv_tile,60,76,467
kv_tile,60,77,486
kv_tile,60,78,456
kv_tile,60,79,443
kv_tile,60,80,413
kv_tile,60,81,412
kv_tile,60,82,449
kv_tile,60,83,442
kv_tile,60,84,426
kv_tile,60,85,415
kv_tile,60,86,451
kv_tile,60,87,450
kv_tile,60,88,408
kv_tile,60,89,438
kv_tile,60,90,441
kv_tile,60,91,447
kv_tile,60,92,446
kv_tile,60,93,451
kv_tile,60,94,422
kv_tile,60,95,436
kv_tile,60,96,411
kv_tile,60,97,429
kv_tile,60,98,403
kv_tile,60,99,445
kv_tile,60,100,441
kv_tile,60,101,473
kv_tile,60,102,422
kv_tile,60,103,412
kv_tile,60,104,452
kv_tile,60,105,441
kv_tile,60,106,458
kv_tile,60,107,480
kv_tile,60,108,468
kv_tile,60,109,454
kv_tile,60,110,473
kv_tile,60,111,513
kv_tile,60,112,515
kv_tile,60,113,535
kv_tile,60,114,536
kv_tile,60,115,470
kv_tile,60,116,562
kv_tile,60,117,567
kv_tile,60,118,558
kv_tile,60,119,571
kv_tile,60,120,608
kv_tile,60,121,642
kv_tile,60,122,743
kv_tile,60,123,807
kv_tile,60,124,872
kv_tile,60,125,983
kv_tile,60,126,1217
kv_tile,60,127,1659
kv_tile,60,128,8571
kv_tile,61,0,978
kv_tile,61,1,798
kv_tile,61,2,817
kv_tile,61,3,719
kv_tile,61,4,683
kv_tile,61,5,672
kv_tile,61,6,640
kv_tile,61,7,619
kv_tile,61,8,611
kv_tile,61,9,581
kv_tile,61,10,545
kv_tile,61,11,582
kv_tile,61,12,576
kv_tile,61,13,529
kv_tile,61,14,520
kv_tile,61,15,548
kv_tile,61,16,468
kv_tile,61,17,504
kv_tile,61,18,507
kv_tile,61,19,500
kv_tile,61,20,525
kv_tile,61,21,476
kv_tile,61,22,507
kv_tile,61,23,500
kv_tile,61,24,447
kv_tile,61,25,480
kv_tile,61,26,490
kv_tile,61,27,473
kv_tile,61,28,423
kv_tile,61,29,448
kv_tile,61,30,448
kv_tile,61,31,420
kv_tile,61,32,452
kv_tile,61,33,454
kv_tile,61,34,447
kv_tile,61,35,428
kv_tile,61,36,495
kv_tile,61,37,480
kv_tile,61,38,506
kv_tile,61,39,489
kv_tile,61,40,430
kv_tile,61,41,453
kv_tile,61,42,458
kv_tile,61,43,434
kv_tile,61,44,479
kv_tile,61,45,450
kv_tile,61,46,439
kv_tile,61,47,442
kv_tile,61,48,477
kv_tile,61,49,474
kv_tile,61,50,477
kv_tile,61,51,486
kv_tile,61,52,466
kv_tile,61,53,442
kv_tile,61,54,474
kv_tile,61,55,511
kv_tile,61,56,471
kv_tile,61,57,449
kv_tile,61,58,458
kv_tile,61,59,485
kv_tile,61,60,442
kv_tile,61,61,441
kv_tile,61,62,459
kv_tile,61,63,422
kv_tile,61,64,470
kv_tile,61,65,497
kv_tile,61,66,504
kv_tile,61,67,453
kv_tile,61,68,439
kv_tile,61,69,441
kv_tile,61,70,416
kv_tile,61,71,407
kv_tile,61,72,420
kv_tile,61,73,447
kv_tile,61,74,434
kv_tile,61,75,439
kv_tile,61,76,441
kv_tile,61,77,383
kv_tile,61,78,408
kv_tile,61,79,409
kv_tile,61,80,418
kv_tile,61,81,402
kv_tile,61,82,404
kv_tile,61,83,396
kv_tile,61,84,390
kv_tile,61,85,415
kv_tile,61,86,351
kv_tile,61,87,426
kv_tile,61,88,415
kv_tile,61,89,429
kv_tile,61,90,391
kv_tile,61,91,367
kv_tile,61,92,431
kv_tile,61,93,390
kv_tile,61,94,405
kv_tile,61,95,428
kv_tile,61,96,429
kv_tile,61,97,402
kv_tile,61,98,384
kv_tile,61,99,368
kv_tile,61,100,430
kv_tile,61,101,418
kv_tile,61,102,426
kv_tile,61,103,402
kv_tile,61,104,406
kv_tile,61,105,443
kv_tile,61,106,429
kv_tile,61,107,404
kv_tile,61,108,431
kv_tile,61,109,444
kv_tile,61,110,459
kv_tile,61,111,446
kv_tile,61,112,474
kv_tile,61,113,514
kv_tile,61,114,484
kv_tile,61,115,521
kv_tile,61,116,597
kv_tile,61,117,647
kv_tile,61,118,666
kv_tile,61,119,638
kv_tile,61,120,753
kv_tile,61,121,768
kv_tile,61,122,838
kv_tile,61,123,1059
kv_tile,61,124,1249
kv_tile,61,125,1616
kv_tile,61,126,2237
kv_tile,61,127,3803
kv_tile,61,128,28449
kv_tile,62,0,4817
kv_tile,62,1,2631
kv_tile,62,2,1925
kv_tile,62,3,1537
kv_tile,62,4,1419
kv_tile,62,5,1232
kv_tile,62,6,1200
kv_tile,62,7,1092
kv_tile,62,8,1015
kv_tile,62,9,925
kv_tile,62,10,901
kv_tile,62,11,887
kv_tile,62,12,855
kv_tile,62,13,866
kv_tile,62,14,867
kv_tile,62,15,787
kv_tile,62,16,750
kv_tile,62,17,731
kv_tile,62,18,735
kv_tile,62,19,713
kv_tile,62,20,695
kv_tile,62,21,653
kv_tile,62,22,667
kv_tile,62,23,668
kv_tile,62,24,678
kv_tile,62,25,648
kv_tile,62,26,587
kv_tile,62,27,621
kv_tile,62,28,582
kv_tile,62,29,596
kv_tile,62,30,580
kv_tile,62,31,566
kv_tile,62,32,573
kv_tile,62,33,577
kv_tile,62,34,575
kv_tile,62,35,535
kv_tile,62,36,525
kv_tile,62,37,533
kv_tile,62,38,512
kv_tile,62,39,513
kv_tile,62,40,534
kv_tile,62,41,508
kv_tile,62,42,502
kv_tile,62,43,494
kv_tile,62,44,483
kv_tile,62,45,500
kv_tile,62,46,483
kv_tile,62,47,503
kv_tile,62,48,484
kv_tile,62,49,471
kv_tile,62,50,455
kv_tile,62,51,459
kv_tile,62,52,488
kv_tile,62,53,429
kv_tile,62,54,479
kv_tile,62,55,441
kv_tile,62,56,489
kv_tile,62,57,450
kv_tile,62,58,464
kv_tile,62,59,473
kv_tile,62,60,441
kv_tile,62,61,443
kv_tile,62,62,419
kv_tile,62,63,421
kv_tile,62,64,464
kv_tile,62,65,428
kv_tile,62,66,439
kv_tile,62,67,453
kv_tile,62,68,375
kv_tile,62,69,400
kv_tile,62,70,387
kv_tile,62,71,395
kv_tile,62,72,375
kv_tile,62,73,363
kv_tile,62,74,373
kv_tile,62,75,363
kv_tile,62,76,345
kv_tile,62,77,344
kv_tile,62,78,350
kv_tile,62,79,341
kv_tile,62,80,286
kv_tile,62,81,328
kv_tile,62,82,303
kv_tile,62,83,295
kv_tile,62,84,303
kv_tile,62,85,269
kv_tile,62,86,304
kv_tile,62,87,290
kv_tile,62,88,297
kv_tile,62,89,302
kv_tile,62,90,303
kv_tile,62,91,297
kv_tile,62,92,244
kv_tile,62,93,298
kv_tile,62,94,271
kv_tile,62,95,306
kv_tile,62,96,272
kv_tile,62,97,277
kv_tile,62,98,259
kv_tile,62,99,259
kv_tile,62,100,301
kv_tile,62,101,279
kv_tile,62,102,287
kv_tile,62,103,294
kv_tile,62,104,288
kv_tile,62,105,328
kv_tile,62,106,329
kv_tile,62,107,312
kv_tile,62,108,303
kv_tile,62,109,354
kv_tile,62,110,357
kv_tile,62,111,406
kv_tile,62,112,389
kv_tile,62,113,385
kv_tile,62,114,413
kv_tile,62,115,456
kv_tile,62,116,466
kv_tile,62,117,508
kv_tile,62,118,560
kv_tile,62,119,588
kv_tile,62,120,661
kv_tile,62,121,742
kv_tile,62,122,866
kv_tile,62,123,957
kv_tile,62,124,1189
kv_tile,62,125,1496
kv_tile,62,126,2002
kv_tile,62,127,3143
kv_tile,62,128,18605
kv_tile,63,128,98304
kv_tile,7,0,45981
kv_tile,7,1,5846
kv_tile,7,2,3290
kv_tile,7,3,2122
kv_tile,7,4,1588
kv_tile,7,5,1205
kv_tile,7,6,1024
kv_tile,7,7,837
kv_tile,7,8,756
kv_tile,7,9,652
kv_tile,7,10,572
kv_tile,7,11,538
kv_tile,7,12,472
kv_tile,7,13,499
kv_tile,7,14,448
kv_tile,7,15,406
kv_tile,7,16,370
kv_tile,7,17,365
kv_tile,7,18,322
kv_tile,7,19,298
kv_tile,7,20,283
kv_tile,7,21,306
kv_tile,7,22,282
kv_tile,7,23,269
kv_tile,7,24,259
kv_tile,7,25,265
kv_tile,7,26,258
kv_tile,7,27,239
kv_tile,7,28,225
kv_tile,7,29,224
kv_tile,7,30,243
kv_tile,7,31,232
kv_tile,7,32,199
kv_tile,7,33,216
kv_tile,7,34,215
kv_tile,7,35,211
kv_tile,7,36,199
kv_tile,7,37,236
kv_tile,7,38,207
kv_tile,7,39,191
kv_tile,7,40,217
kv_tile,7,41,188
kv_tile,7,42,201
kv_tile,7,43,189
kv_tile,7,44,228
kv_tile,7,45,189
kv_tile,7,46,190
kv_tile,7,47,209
kv_tile,7,48,178
kv_tile,7,49,155
kv_tile,7,50,169
kv_tile,7,51,182
kv_tile,7,52,180
kv_tile,7,53,193
kv_tile,7,54,184
kv_tile,7,55,179
kv_tile,7,56,179
kv_tile,7,57,156
kv_tile,7,58,199
kv_tile,7,59,213
kv_tile,7,60,179
kv_tile,7,61,177
kv_tile,7,62,177
kv_tile,7,63,173
kv_tile,7,64,186
kv_tile,7,65,200
kv_tile,7,66,182
kv_tile,7,67,189
kv_tile,7,68,192
kv_tile,7,69,161
kv_tile,7,70,183
kv_tile,7,71,177
kv_tile,7,72,186
kv_tile,7,73,173
kv_tile,7,74,191
kv_tile,7,75,174
kv_tile,7,76,181
kv_tile,7,77,170
kv_tile,7,78,184
kv_tile,7,79,190
kv_tile,7,80,178
kv_tile,7,81,158
kv_tile,7,82,177
kv_tile,7,83,154
kv_tile,7,84,162
kv_tile,7,85,176
kv_tile,7,86,162
kv_tile,7,87,163
kv_tile,7,88,153
kv_tile,7,89,175
kv_tile,7,90,171
kv_tile,7,91,171
kv_tile,7,92,185
kv_tile,7,93,165
kv_tile,7,94,199
kv_tile,7,95,195
kv_tile,7,96,180
kv_tile,7,97,197
kv_tile,7,98,182
kv_tile,7,99,168
kv_tile,7,100,184
kv_tile,7,101,210
kv_tile,7,102,201
kv_tile,7,103,219
kv_tile,7,104,200
kv_tile,7,105,230
kv_tile,7,106,228
kv_tile,7,107,237
kv_tile,7,108,233
kv_tile,7,109,262
kv_tile,7,110,256
kv_tile,7,111,261
kv_tile,7,112,265
kv_tile,7,113,288
kv_tile,7,114,296
kv_tile,7,115,314
kv_tile,7,116,324
kv_tile,7,117,339
kv_tile,7,118,330
kv_tile,7,119,381
kv_tile,7,120,412
kv_tile,7,121,434
kv_tile,7,122,442
kv_tile,7,123,488
kv_tile,7,124,551
kv_tile,7,125,637
kv_tile,7,126,890
kv_tile,7,127,1242
kv_tile,7,128,4726
kv_tile,8,0,54421
kv_tile,8,1,7111
kv_tile,8,2,3839
kv_tile,8,3,2677
kv_tile,8,4,2028
kv_tile,8,5,1579
kv_tile,8,6,1251
kv_tile,8,7,1067
kv_tile,8,8,916
kv_tile,8,9,812
kv_tile,8,10,709
kv_tile,8,11,661
kv_tile,8,12,598
kv_tile,8,13,520
kv_tile,8,14,456
kv_tile,8,15,419
kv_tile,8,16,399
kv_tile,8,17,384
kv_tile,8,18,333
kv_tile,8,19,331
kv_tile,8,20,308
kv_tile,8,21,263
kv_tile,8,22,287
kv_tile,8,23,271
kv_tile,8,24,236
kv_tile,8,25,280
kv_tile,8,26,221
kv_tile,8,27,233
kv_tile,8,28,206
kv_tile,8,29,223
kv_tile,8,30,210
kv_tile,8,31,224
kv_tile,8,32,205
kv_tile,8,33,219
kv_tile,8,34,178
kv_tile,8,35,205
kv_tile,8,36,166
kv_tile,8,37,158
kv_tile,8,38,169
kv_tile,8,39,154
kv_tile,8,40,153
kv_tile,8,41,162
kv_tile,8,42,147
kv_tile,8,43,151
kv_tile,8,44,150
kv_tile,8,45,152
kv_tile,8,46,144
kv_tile,8,47,146
kv_tile,8,48,151
kv_tile,8,49,137
kv_tile,8,50,152
kv_tile,8,51,168
kv_tile,8,52,128
kv_tile,8,53,152
kv_tile,8,54,155
kv_tile,8,55,119
kv_tile,8,56,146
kv_tile,8,57,131
kv_tile,8,58,121
kv_tile,8,59,162
kv_tile,8,60,146
kv_tile,8,61,147
kv_tile,8,62,136
kv_tile,8,63,186
kv_tile,8,64,165
kv_tile,8,65,177
kv_tile,8,66,135
kv_tile,8,67,120
kv_tile,8,68,123
kv_tile,8,69,130
kv_tile,8,70,124
kv_tile,8,71,85
kv_tile,8,72,121
kv_tile,8,73,115
kv_tile,8,74,120
kv_tile,8,75,99
kv_tile,8,76,122
kv_tile,8,77,87
kv_tile,8,78,92
kv_tile,8,79,98
kv_tile,8,80,95
kv_tile,8,81,92
kv_tile,8,82,80
kv_tile,8,83,80
kv_tile,8,84,92
kv_tile,8,85,108
kv_tile,8,86,81
kv_tile,8,87,79
kv_tile,8,88,101
kv_tile,8,89,75
kv_tile,8,90,88
kv_tile,8,91,82
kv_tile,8,92,77
kv_tile,8,93,83
kv_tile,8,94,87
kv_tile,8,95,99
kv_tile,8,96,80
kv_tile,8,97,98
kv_tile,8,98,86
kv_tile,8,99,93
kv_tile,8,100,71
kv_tile,8,101,96
kv_tile,8,102,81
kv_tile,8,103,85
kv_tile,8,104,87
kv_tile,8,105,75
kv_tile,8,106,96
kv_tile,8,107,109
kv_tile,8,108,76
kv_tile,8,109,90
kv_tile,8,110,111
kv_tile,8,111,102
kv_tile,8,112,95
kv_tile,8,113,100
kv_tile,8,114,122
kv_tile,8,115,140
kv_tile,8,116,125
kv_tile,8,117,120
kv_tile,8,118,125
kv_tile,8,119,164
kv_tile,8,120,122
kv_tile,8,121,139
kv_tile,8,122,169
kv_tile,8,123,163
kv_tile,8,124,212
kv_tile,8,125,243
kv_tile,8,126,328
kv_tile,8,127,430
kv_tile,8,128,2290
kv_tile,9,0,44404
kv_tile,9,1,7242
kv_tile,9,2,4301
kv_tile,9,3,2895
kv_tile,9,4,2146
kv_tile,9,5,1676
kv_tile,9,6,1466
kv_tile,9,7,1221
kv_tile,9,8,1113
kv_tile,9,9,948
kv_tile,9,10,837
kv_tile,9,11,736
kv_tile,9,12,683
kv_tile,9,13,640
kv_tile,9,14,570
kv_tile,9,15,555
kv_tile,9,16,514
kv_tile,9,17,466
kv_tile,9,18,465
kv_tile,9,19,455
kv_tile,9,20,449
kv_tile,9,21,410
kv_tile,9,22,372
kv_tile,9,23,336
kv_tile,9,24,369
kv_tile,9,25,306
kv_tile,9,26,300
kv_tile,9,27,285
kv_tile,9,28,310
kv_tile,9,29,301
kv_tile,9,30,311
kv_tile,9,31,274
kv_tile,9,32,266
kv_tile,9,33,265
kv_tile,9,34,234
kv_tile,9,35,268
kv_tile,9,36,244
kv_tile,9,37,205
kv_tile,9,38,220
kv_tile,9,39,217
kv_tile,9,40,220
kv_tile,9,41,226
kv_tile,9,42,224
kv_tile,9,43,209
kv_tile,9,44,206
kv_tile,9,45,215
kv_tile,9,46,203
kv_tile,9,47,189
kv_tile,9,48,210
kv_tile,9,49,193
kv_tile,9,50,188
kv_tile,9,51,205
kv_tile,9,52,202
kv_tile,9,53,196
kv_tile,9,54,189
kv_tile,9,55,178
kv_tile,9,56,192
kv_tile,9,57,157
kv_tile,9,58,178
kv_tile,9,59,187
kv_tile,9,60,190
kv_tile,9,61,179
kv_tile,9,62,164
kv_tile,9,63,168
kv_tile,9,64,160
kv_tile,9,65,167
kv_tile,9,66,176
kv_tile,9,67,167
kv_tile,9,68,174
kv_tile,9,69,162
kv_tile,9,70,156
kv_tile,9,71,146
kv_tile,9,72,156
kv_tile,9,73,155
kv_tile,9,74,154
kv_tile,9,75,163
kv_tile,9,76,143
kv_tile,9,77,166
kv_tile,9,78,150
kv_tile,9,79,172
kv_tile,9,80,163
kv_tile,9,81,149
kv_tile,9,82,147
kv_tile,9,83,146
kv_tile,9,84,103
kv_tile,9,85,157
kv_tile,9,86,149
kv_tile,9,87,128
kv_tile,9,88,172
kv_tile,9,89,156
kv_tile,9,90,136
kv_tile,9,91,151
kv_tile,9,92,131
kv_tile,9,93,154
kv_tile,9,94,144
kv_tile,9,95,150
kv_tile,9,96,133
kv_tile,9,97,134
kv_tile,9,98,138
kv_tile,9,99,152
kv_tile,9,100,140
kv_tile,9,101,151
kv_tile,9,102,129
kv_tile,9,103,154
kv_tile,9,104,156
kv_tile,9,105,160
kv_tile,9,106,173
kv_tile,9,107,154
kv_tile,9,108,164
kv_tile,9,109,140
kv_tile,9,110,142
kv_tile,9,111,183
kv_tile,9,112,164
kv_tile,9,113,178
kv_tile,9,114,200
kv_tile,9,115,209
kv_tile,9,116,189
kv_tile,9,117,212
kv_tile,9,118,200
kv_tile,9,119,238
kv_tile,9,120,222
kv_tile,9,121,243
kv_tile,9,122,268
kv_tile,9,123,303
kv_tile,9,124,349
kv_tile,9,125,383
kv_tile,9,126,477
kv_tile,9,127,654
kv_tile,9,128,2566
layer,0,0,28622
layer,0,1,4804
layer,0,2,2661
layer,0,3,2116
layer,0,4,1752
layer,0,5,1576
layer,0,6,1445
layer,0,7,1388
layer,0,8,1338
layer,0,9,1233
layer,0,10,1236
layer,0,11,1256
layer,0,12,1207
layer,0,13,1104
layer,0,14,1116
layer,0,15,996
layer,0,16,962
layer,0,17,974
layer,0,18,876
layer,0,19,872
layer,0,20,819
layer,0,21,740
layer,0,22,739
layer,0,23,740
layer,0,24,671
layer,0,25,683
layer,0,26,700
layer,0,27,716
layer,0,28,697
layer,0,29,616
layer,0,30,618
layer,0,31,600
layer,0,32,613
layer,0,33,587
layer,0,34,550
layer,0,35,632
layer,0,36,611
layer,0,37,584
layer,0,38,585
layer,0,39,569
layer,0,40,519
layer,0,41,565
layer,0,42,513
layer,0,43,560
layer,0,44,526
layer,0,45,546
layer,0,46,523
layer,0,47,565
layer,0,48,522
layer,0,49,556
layer,0,50,544
layer,0,51,500
layer,0,52,531
layer,0,53,536
layer,0,54,590
layer,0,55,526
layer,0,56,490
layer,0,57,449
layer,0,58,470
layer,0,59,458
layer,0,60,415
layer,0,61,422
layer,0,62,440
layer,0,63,416
layer,0,64,424
layer,0,65,458
layer,0,66,372
layer,0,67,367
layer,0,68,364
layer,0,69,365
layer,0,70,342
layer,0,71,350
layer,0,72,324
layer,0,73,314
layer,0,74,307
layer,0,75,302
layer,0,76,335
layer,0,77,314
layer,0,78,331
layer,0,79,310
layer,0,80,304
layer,0,81,291
layer,0,82,301
layer,0,83,313
layer,0,84,314
layer,0,85,293
layer,0,86,306
layer,0,87,297
layer,0,88,323
layer,0,89,313
layer,0,90,342
layer,0,91,322
layer,0,92,324
layer,0,93,330
layer,0,94,336
layer,0,95,303
layer,0,96,340
layer,0,97,316
layer,0,98,353
layer,0,99,400
layer,0,100,389
layer,0,101,385
layer,0,102,401
layer,0,103,419
layer,0,104,421
layer,0,105,422
layer,0,106,422
layer,0,107,464
layer,0,108,487
layer,0,109,513
layer,0,110,533
layer,0,111,561
layer,0,112,574
layer,0,113,648
layer,0,114,646
layer,0,115,678
layer,0,116,813
layer,0,117,760
layer,0,118,872
layer,0,119,884
layer,0,120,947
layer,0,121,1042
layer,0,122,1232
layer,0,123,1310
layer,0,124,1704
layer,0,125,2104
layer,0,126,3171
layer,0,127,5592
layer,0,128,73428
layer,1,0,38146
layer,1,1,5332
layer,1,2,3329
layer,1,3,2705
layer,1,4,2103
layer,1,5,1789
layer,1,6,1558
layer,1,7,1319
layer,1,8,1212
layer,1,9,1078
layer,1,10,1067
layer,1,11,998
layer,1,12,968
layer,1,13,939
layer,1,14,916
layer,1,15,851
layer,1,16,752
layer,1,17,766
layer,1,18,746
layer,1,19,759
layer,1,20,704
layer,1,21,692
layer,1,22,692
layer,1,23,678
layer,1,24,665
layer,1,25,639
layer,1,26,648
layer,1,27,596
layer,1,28,665
layer,1,29,542
layer,1,30,642
layer,1,31,591
layer,1,32,566
layer,1,33,573
layer,1,34,576
layer,1,35,534
layer,1,36,556
layer,1,37,565
layer,1,38,473
layer,1,39,543
layer,1,40,505
layer,1,41,483
layer,1,42,539
layer,1,43,533
layer,1,44,477
layer,1,45,498
layer,1,46,503
layer,1,47,520
layer,1,48,495
layer,1,49,499
layer,1,50,509
layer,1,51,481
layer,1,52,461
layer,1,53,515
layer,1,54,468
layer,1,55,499
layer,1,56,471
layer,1,57,481
layer,1,58,512
layer,1,59,462
layer,1,60,516
layer,1,61,490
layer,1,62,515
layer,1,63,542
layer,1,64,525
layer,1,65,460
layer,1,66,466
layer,1,67,443
layer,1,68,467
layer,1,69,421
layer,1,70,440
layer,1,71,396
layer,1,72,439
layer,1,73,451
layer,1,74,397
layer,1,75,414
layer,1,76,461
layer,1,77,447
layer,1,78,428
layer,1,79,430
layer,1,80,402
layer,1,81,409
layer,1,82,382
layer,1,83,415
layer,1,84,441
layer,1,85,459
layer,1,86,425
layer,1,87,427
layer,1,88,438
layer,1,89,450
layer,1,90,445
layer,1,91,442
layer,1,92,437
layer,1,93,448
layer,1,94,461
layer,1,95,422
layer,1,96,480
layer,1,97,464
layer,1,98,441
layer,1,99,464
layer,1,100,491
layer,1,101,459
layer,1,102,475
layer,1,103,472
layer,1,104,530
layer,1,105,514
layer,1,106,556
layer,1,107,565
layer,1,108,632
layer,1,109,692
layer,1,110,688
layer,1,111,706
layer,1,112,760
layer,1,113,843
layer,1,114,907
layer,1,115,1067
layer,1,116,1107
layer,1,117,1152
layer,1,118,1155
layer,1,119,1254
layer,1,120,1403
layer,1,121,1382
layer,1,122,1610
layer,1,123,1853
layer,1,124,2414
layer,1,125,3136
layer,1,126,3660
layer,1,127,5445
layer,1,128,53396
layer,10,0,55354
layer,10,1,11111
layer,10,2,7131
layer,10,3,5130
layer,10,4,4165
layer,10,5,3579
layer,10,6,3043
layer,10,7,2652
layer,10,8,2388
layer,10,9,2267
layer,10,10,2016
layer,10,11,1937
layer,10,12,1765
layer,10,13,1699
layer,10,14,1626
layer,10,15,1564
layer,10,16,1418
layer,10,17,1409
layer,10,18,1317
layer,10,19,1217
layer,10,20,1196
layer,10,21,1110
layer,10,22,1142
layer,10,23,1021
layer,10,24,1034
layer,10,25,947
layer,10,26,959
layer,10,27,1003
layer,10,28,903
layer,10,29,817
layer,10,30,877
layer,10,31,852
layer,10,32,828
layer,10,33,786
layer,10,34,756
layer,10,35,738
layer,10,36,776
layer,10,37,753
layer,10,38,708
layer,10,39,697
layer,10,40,739
layer,10,41,701
layer,10,42,691
layer,10,43,684
layer,10,44,663
layer,10,45,628
layer,10,46,671
layer,10,47,622
layer,10,48,607
layer,10,49,638
layer,10,50,617
layer,10,51,589
layer,10,52,608
layer,10,53,587
layer,10,54,592
layer,10,55,607
layer,10,56,565
layer,10,57,572
layer,10,58,588
layer,10,59,581
layer,10,60,537
layer,10,61,499
layer,10,62,536
layer,10,63,515
layer,10,64,501
layer,10,65,483
layer,10,66,502
layer,10,67,526
layer,10,68,481
layer,10,69,468
layer,10,70,501
layer,10,71,489
layer,10,72,436
layer,10,73,443
layer,10,74,470
layer,10,75,487
layer,10,76,465
layer,10,77,455
layer,10,78,478
layer,10,79,466
layer,10,80,446
layer,10,81,416
layer,10,82,476
layer,10,83,429
layer,10,84,407
layer,10,85,500
layer,10,86,465
layer,10,87,455
layer,10,88,474
layer,10,89,458
layer,10,90,488
layer,10,91,470
layer,10,92,447
layer,10,93,458
layer,10,94,487
layer,10,95,470
layer,10,96,468
layer,10,97,475
layer,10,98,470
layer,10,99,483
layer,10,100,446
layer,10,101,451
layer,10,102,488
layer,10,103,471
layer,10,104,498
layer,10,105,486
layer,10,106,501
layer,10,107,511
layer,10,108,530
layer,10,109,519
layer,10,110,534
layer,10,111,580
layer,10,112,584
layer,10,113,555
layer,10,114,659
layer,10,115,626
layer,10,116,646
layer,10,117,666
layer,10,118,729
layer,10,119,797
layer,10,120,869
layer,10,121,934
layer,10,122,994
layer,10,123,1080
layer,10,124,1282
layer,10,125,1539
layer,10,126,1931
layer,10,127,2639
layer,10,128,11842
layer,11,0,71833
layer,11,1,10395
layer,11,2,6106
layer,11,3,4323
layer,11,4,3422
layer,11,5,2906
layer,11,6,2528
layer,11,7,2166
layer,11,8,2009
layer,11,9,1837
layer,11,10,1719
layer,11,11,1512
layer,11,12,1442
layer,11,13,1367
layer,11,14,1286
layer,11,15,1263
layer,11,16,1201
layer,11,17,1133
layer,11,18,1096
layer,11,19,1064
layer,11,20,1016
layer,11,21,995
layer,11,22,944
layer,11,23,981
layer,11,24,893
layer,11,25,935
layer,11,26,824
layer,11,27,785
layer,11,28,802
layer,11,29,802
layer,11,30,747
layer,11,31,730
layer,11,32,761
layer,11,33,723
layer,11,34,734
layer,11,35,703
layer,11,36,638
layer,11,37,688
layer,11,38,643
layer,11,39,646
layer,11,40,654
layer,11,41,634
layer,11,42,636
layer,11,43,598
layer,11,44,587
layer,11,45,606
layer,11,46,594
layer,11,47,548
layer,11,48,536
layer,11,49,558
layer,11,50,519
layer,11,51,539
layer,11,52,559
layer,11,53,521
layer,11,54,511
layer,11,55,501
layer,11,56,512
layer,11,57,520
layer,11,58,553
layer,11,59,548
layer,11,60,547
layer,11,61,596
layer,11,62,563
layer,11,63,564
layer,11,64,533
layer,11,65,600
layer,11,66,579
layer,11,67,467
layer,11,68,479
layer,11,69,508
layer,11,70,497
layer,11,71,474
layer,11,72,456
layer,11,73,488
layer,11,74,475
layer,11,75,465
layer,11,76,448
layer,11,77,482
layer,11,78,468
layer,11,79,452
layer,11,80,457
layer,11,81,469
layer,11,82,450
layer,11,83,460
layer,11,84,437
layer,11,85,445
layer,11,86,438
layer,11,87,433
layer,11,88,432
layer,11,89,454
layer,11,90,438
layer,11,91,454
layer,11,92,422
layer,11,93,473
layer,11,94,428
layer,11,95,421
layer,11,96,462
layer,11,97,418
layer,11,98,490
layer,11,99,452
layer,11,100,438
layer,11,101,421
layer,11,102,465
layer,11,103,469
layer,11,104,450
layer,11,105,460
layer,11,106,476
layer,11,107,454
layer,11,108,496
layer,11,109,481
layer,11,110,488
layer,11,111,473
layer,11,112,506
layer,11,113,535
layer,11,114,538
layer,11,115,597
layer,11,116,591
layer,11,117,632
layer,11,118,640
layer,11,119,674
layer,11,120,686
layer,11,121,707
layer,11,122,824
layer,11,123,928
layer,11,124,1114
layer,11,125,1244
layer,11,126,1605
layer,11,127,2263
layer,11,128,10047
layer,12,0,71770
layer,12,1,10879
layer,12,2,6481
layer,12,3,4847
layer,12,4,3776
layer,12,5,3186
layer,12,6,2717
layer,12,7,2449
layer,12,8,2330
layer,12,9,2026
layer,12,10,1852
layer,12,11,1687
layer,12,12,1560
layer,12,13,1475
layer,12,14,1440
layer,12,15,1362
layer,12,16,1247
layer,12,17,1303
layer,12,18,1171
layer,12,19,1076
layer,12,20,1136
layer,12,21,1009
layer,12,22,990
layer,12,23,982
layer,12,24,934
layer,12,25,895
layer,12,26,919
layer,12,27,824
layer,12,28,788
layer,12,29,720
layer,12,30,742
layer,12,31,702
layer,12,32,748
layer,12,33,738
layer,12,34,670
layer,12,35,695
layer,12,36,642
layer,12,37,631
layer,12,38,599
layer,12,39,616
layer,12,40,618
layer,12,41,605
layer,12,42,583
layer,12,43,570
layer,12,44,549
layer,12,45,559
layer,12,46,543
layer,12,47,570
layer,12,48,557
layer,12,49,546
layer,12,50,503
layer,12,51,533
layer,12,52,525
layer,12,53,523
layer,12,54,462
layer,12,55,499
layer,12,56,526
layer,12,57,482
layer,12,58,537
layer,12,59,558
layer,12,60,517
layer,12,61,551
layer,12,62,554
layer,12,63,533
layer,12,64,540
layer,12,65,516
layer,12,66,457
layer,12,67,491
layer,12,68,499
layer,12,69,477
layer,12,70,451
layer,12,71,452
layer,12,72,479
layer,12,73,486
layer,12,74,454
layer,12,75,455
layer,12,76,453
layer,12,77,444
layer,12,78,467
layer,12,79,440
layer,12,80,424
layer,12,81,450
layer,12,82,441
layer,12,83,414
layer,12,84,411
layer,12,85,399
layer,12,86,403
layer,12,87,400
layer,12,88,437
layer,12,89,462
layer,12,90,417
layer,12,91,407
layer,12,92,415
layer,12,93,439
layer,12,94,414
layer,12,95,419
layer,12,96,390
layer,12,97,467
layer,12,98,378
layer,12,99,439
layer,12,100,386
layer,12,101,391
layer,12,102,436
layer,12,103,482
layer,12,104,446
layer,12,105,443
layer,12,106,431
layer,12,107,423
layer,12,108,430
layer,12,109,458
layer,12,110,475
layer,12,111,457
layer,12,112,465
layer,12,113,478
layer,12,114,466
layer,12,115,527
layer,12,116,480
layer,12,117,570
layer,12,118,554
layer,12,119,568
layer,12,120,655
layer,12,121,686
layer,12,122,695
layer,12,123,760
layer,12,124,934
layer,12,125,1088
layer,12,126,1416
layer,12,127,2255
layer,12,128,9149
layer,13,0,50549
layer,13,1,12167
layer,13,2,7973
layer,13,3,5725
layer,13,4,4647
layer,13,5,3930
layer,13,6,3472
layer,13,7,2998
layer,13,8,2589
layer,13,9,2461
layer,13,10,2183
layer,13,11,2114
layer,13,12,1923
layer,13,13,1812
layer,13,14,1704
layer,13,15,1628
layer,13,16,1517
layer,13,17,1406
layer,13,18,1296
layer,13,19,1358
layer,13,20,1262
layer,13,21,1188
layer,13,22,1184
layer,13,23,1128
layer,13,24,1002
layer,13,25,1054
layer,13,26,1042
layer,13,27,1020
layer,13,28,983
layer,13,29,968
layer,13,30,920
layer,13,31,887
layer,13,32,870
layer,13,33,851
layer,13,34,811
layer,13,35,848
layer,13,36,816
layer,13,37,816
layer,13,38,754
layer,13,39,754
layer,13,40,745
layer,13,41,731
layer,13,42,744
layer,13,43,782
layer,13,44,681
layer,13,45,689
layer,13,46,644
layer,13,47,652
layer,13,48,652
layer,13,49,653
layer,13,50,648
layer,13,51,603
layer,13,52,656
layer,13,53,596
layer,13,54,593
layer,13,55,611
layer,13,56,594
layer,13,57,531
layer,13,58,555
layer,13,59,561
layer,13,60,575
layer,13,61,588
layer,13,62,561
layer,13,63,543
layer,13,64,590
layer,13,65,582
layer,13,66,527
layer,13,67,566
layer,13,68,552
layer,13,69,555
layer,13,70,586
layer,13,71,561
layer,13,72,543
layer,13,73,504
layer,13,74,510
layer,13,75,493
layer,13,76,505
layer,13,77,473
layer,13,78,491
layer,13,79,497
layer,13,80,519
layer,13,81,508
layer,13,82,478
layer,13,83,477
layer,13,84,497
layer,13,85,478
layer,13,86,518
layer,13,87,469
layer,13,88,449
layer,13,89,508
layer,13,90,569
layer,13,91,505
layer,13,92,496
layer,13,93,493
layer,13,94,503
layer,13,95,459
layer,13,96,450
layer,13,97,527
layer,13,98,504
layer,13,99,526
layer,13,100,522
layer,13,101,507
layer,13,102,531
layer,13,103,558
layer,13,104,539
layer,13,105,553
layer,13,106,558
layer,13,107,567
layer,13,108,554
layer,13,109,583
layer,13,110,613
layer,13,111,608
layer,13,112,562
layer,13,113,602
layer,13,114,676
layer,13,115,705
layer,13,116,713
layer,13,117,729
layer,13,118,770
layer,13,119,822
layer,13,120,826
layer,13,121,885
layer,13,122,897
layer,13,123,1036
layer,13,124,1069
layer,13,125,1283
layer,13,126,1444
layer,13,127,1992
layer,13,128,8638
layer,14,0,67271
layer,14,1,10820
layer,14,2,6735
layer,14,3,4748
layer,14,4,3929
layer,14,5,3243
layer,14,6,2983
layer,14,7,2524
layer,14,8,2234
layer,14,9,2101
layer,14,10,1821
layer,14,11,1829
layer,14,12,1682
layer,14,13,1573
layer,14,14,1458
layer,14,15,1354
layer,14,16,1377
layer,14,17,1289
layer,14,18,1209
layer,14,19,1203
layer,14,20,1117
layer,14,21,1044
layer,14,22,1029
layer,14,23,1024
layer,14,24,937
layer,14,25,925
layer,14,26,902
layer,14,27,868
layer,14,28,880
layer,14,29,849
layer,14,30,819
layer,14,31,815
layer,14,32,752
layer,14,33,793
layer,14,34,776
layer,14,35,712
layer,14,36,737
layer,14,37,706
layer,14,38,691
layer,14,39,649
layer,14,40,658
layer,14,41,669
layer,14,42,675
layer,14,43,590
layer,14,44,641
layer,14,45,602
layer,14,46,636
layer,14,47,593
layer,14,48,643
layer,14,49,588
layer,14,50,550
layer,14,51,601
layer,14,52,576
layer,14,53,579
layer,14,54,523
layer,14,55,532
layer,14,56,542
layer,14,57,528
layer,14,58,560
layer,14,59,549
layer,14,60,487
layer,14,61,568
layer,14,62,532
layer,14,63,550
layer,14,64,571
layer,14,65,516
layer,14,66,571
layer,14,67,540
layer,14,68,502
layer,14,69,476
layer,14,70,494
layer,14,71,529
layer,14,72,451
layer,14,73,474
layer,14,74,501
layer,14,75,491
layer,14,76,434
layer,14,77,474
layer,14,78,461
layer,14,79,400
layer,14,80,444
layer,14,81,430
layer,14,82,437
layer,14,83,428
layer,14,84,428
layer,14,85,430
layer,14,86,409
layer,14,87,440
layer,14,88,442
layer,14,89,429
layer,14,90,424
layer,14,91,434
layer,14,92,411
layer,14,93,400
layer,14,94,414
layer,14,95,423
layer,14,96,390
layer,14,97,436
layer,14,98,443
layer,14,99,427
layer,14,100,434
layer,14,101,432
layer,14,102,449
layer,14,103,418
layer,14,104,462
layer,14,105,437
layer,14,106,486
layer,14,107,430
layer,14,108,471
layer,14,109,441
layer,14,110,472
layer,14,111,481
layer,14,112,501
layer,14,113,505
layer,14,114,514
layer,14,115,535
layer,14,116,571
layer,14,117,589
layer,14,118,621
layer,14,119,663
layer,14,120,689
layer,14,121,680
layer,14,122,771
layer,14,123,814
layer,14,124,942
layer,14,125,1155
layer,14,126,1432
layer,14,127,2048
layer,14,128,9381
layer,15,0,62623
layer,15,1,10897
layer,15,2,6866
layer,15,3,5095
layer,15,4,4234
layer,15,5,3635
layer,15,6,3145
layer,15,7,2691
layer,15,8,2579
layer,15,9,2294
layer,15,10,2056
layer,15,11,1907
layer,15,12,1846
layer,15,13,1702
layer,15,14,1641
layer,15,15,1517
layer,15,16,1417
layer,15,17,1320
layer,15,18,1314
layer,15,19,1210
layer,15,20,1185
layer,15,21,1132
layer,15,22,1088
layer,15,23,1072
layer,15,24,1000
layer,15,25,975
layer,15,26,935
layer,15,27,966
layer,15,28,877
layer,15,29,905
layer,15,30,872
layer,15,31,867
layer,15,32,813
layer,15,33,764
layer,15,34,795
layer,15,35,787
layer,15,36,710
layer,15,37,693
layer,15,38,713
layer,15,39,679
layer,15,40,650
layer,15,41,710
layer,15,42,602
layer,15,43,696
layer,15,44,640
layer,15,45,631
layer,15,46,635
layer,15,47,625
layer,15,48,604
layer,15,49,584
layer,15,50,630
layer,15,51,581
layer,15,52,563
layer,15,53,558
layer,15,54,553
layer,15,55,549
layer,15,56,544
layer,15,57,576
layer,15,58,549
layer,15,59,580
layer,15,60,597
layer,15,61,572
layer,15,62,592
layer,15,63,600
layer,15,64,602
layer,15,65,594
layer,15,66,581
layer,15,67,554
layer,15,68,540
layer,15,69,544
layer,15,70,498
layer,15,71,515
layer,15,72,497
layer,15,73,555
layer,15,74,482
layer,15,75,566
layer,15,76,497
layer,15,77,472
layer,15,78,462
layer,15,79,480
layer,15,80,468
layer,15,81,504
layer,15,82,465
layer,15,83,448
layer,15,84,482
layer,15,85,464
layer,15,86,465
layer,15,87,476
layer,15,88,507
layer,15,89,461
layer,15,90,472
layer,15,91,501
layer,15,92,479
layer,15,93,463
layer,15,94,492
layer,15,95,511
layer,15,96,477
layer,15,97,451
layer,15,98,450
layer,15,99,467
layer,15,100,457
layer,15,101,499
layer,15,102,515
layer,15,103,477
layer,15,104,483
layer,15,105,486
layer,15,106,483
layer,15,107,524
layer,15,108,507
layer,15,109,469
layer,15,110,535
layer,15,111,557
layer,15,112,560
layer,15,113,539
layer,15,114,577
layer,15,115,555
layer,15,116,567
layer,15,117,589
layer,15,118,679
layer,15,119,694
layer,15,120,684
layer,15,121,744
layer,15,122,853
layer,15,123,903
layer,15,124,982
layer,15,125,1155
layer,15,126,1419
layer,15,127,1776
layer,15,128,7160
layer,16,0,55970
layer,16,1,11837
layer,16,2,7346
layer,16,3,5455
layer,16,4,4330
layer,16,5,3713
layer,16,6,3152
layer,16,7,2917
layer,16,8,2568
layer,16,9,2405
layer,16,10,2275
layer,16,11,2062
layer,16,12,1898
layer,16,13,1813
layer,16,14,1669
layer,16,15,1649
layer,16,16,1575
layer,16,17,1504
layer,16,18,1407
layer,16,19,1387
layer,16,20,1313
layer,16,21,1290
layer,16,22,1192
layer,16,23,1178
layer,16,24,1098
layer,16,25,1100
layer,16,26,1027
layer,16,27,986
layer,16,28,994
layer,16,29,999
layer,16,30,1006
layer,16,31,959
layer,16,32,927
layer,16,33,898
layer,16,34,891
layer,16,35,852
layer,16,36,805
layer,16,37,823
layer,16,38,772
layer,16,39,802
layer,16,40,763
layer,16,41,752
layer,16,42,769
layer,16,43,736
layer,16,44,726
layer,16,45,665
layer,16,46,681
layer,16,47,719
layer,16,48,673
layer,16,49,680
layer,16,50,676
layer,16,51,638
layer,16,52,696
layer,16,53,656
layer,16,54,560
layer,16,55,646
layer,16,56,581
layer,16,57,570
layer,16,58,609
layer,16,59,595
layer,16,60,642
layer,16,61,590
layer,16,62,594
layer,16,63,553
layer,16,64,620
layer,16,65,593
layer,16,66,544
layer,16,67,562
layer,16,68,576
layer,16,69,602
layer,16,70,532
layer,16,71,542
layer,16,72,510
layer,16,73,571
layer,16,74,550
layer,16,75,493
layer,16,76,475
layer,16,77,515
layer,16,78,508
layer,16,79,483
layer,16,80,505
layer,16,81,489
layer,16,82,439
layer,16,83,497
layer,16,84,458
layer,16,85,514
layer,16,86,458
layer,16,87,503
layer,16,88,475
layer,16,89,494
layer,16,90,541
layer,16,91,473
layer,16,92,434
layer,16,93,473
layer,16,94,462
layer,16,95,532
layer,16,96,450
layer,16,97,479
layer,16,98,468
layer,16,99,475
layer,16,100,483
layer,16,101,475
layer,16,102,476
layer,16,103,483
layer,16,104,476
layer,16,105,510
layer,16,106,502
layer,16,107,544
layer,16,108,534
layer,16,109,497
layer,16,110,539
layer,16,111,552
layer,16,112,536
layer,16,113,536
layer,16,114,573
layer,16,115,541
layer,16,116,561
layer,16,117,583
layer,16,118,654
layer,16,119,645
layer,16,120,650
layer,16,121,733
layer,16,122,747
layer,16,123,835
layer,16,124,844
layer,16,125,1017
layer,16,126,1210
layer,16,127,1815
layer,16,128,7148
layer,17,0,57516
layer,17,1,11453
layer,17,2,7425
layer,17,3,5528
layer,17,4,4465
layer,17,5,3874
layer,17,6,3376
layer,17,7,3076
layer,17,8,2844
layer,17,9,2535
layer,17,10,2200
layer,17,11,2196
layer,17,12,1942
layer,17,13,1838
layer,17,14,1754
layer,17,15,1614
layer,17,16,1577
layer,17,17,1495
layer,17,18,1425
layer,17,19,1357
layer,17,20,1360
layer,17,21,1263
layer,17,22,1180
layer,17,23,1156
layer,17,24,1059
layer,17,25,1046
layer,17,26,1012
layer,17,27,992
layer,17,28,924
layer,17,29,918
layer,17,30,872
layer,17,31,927
layer,17,32,922
layer,17,33,820
layer,17,34,808
layer,17,35,781
layer,17,36,770
layer,17,37,784
layer,17,38,776
layer,17,39,692
layer,17,40,731
layer,17,41,721
layer,17,42,722
layer,17,43,705
layer,17,44,677
layer,17,45,731
layer,17,46,647
layer,17,47,628
layer,17,48,610
layer,17,49,637
layer,17,50,610
layer,17,51,624
layer,17,52,562
layer,17,53,586
layer,17,54,612
layer,17,55,599
layer,17,56,568
layer,17,57,603
layer,17,58,614
layer,17,59,587
layer,17,60,601
layer,17,61,589
layer,17,62,603
layer,17,63,637
layer,17,64,626
layer,17,65,582
layer,17,66,544
layer,17,67,590
layer,17,68,553
layer,17,69,527
layer,17,70,553
layer,17,71,531
layer,17,72,505
layer,17,73,518
layer,17,74,535
layer,17,75,503
layer,17,76,512
layer,17,77,484
layer,17,78,479
layer,17,79,508
layer,17,80,525
layer,17,81,471
layer,17,82,515
layer,17,83,483
layer,17,84,482
layer,17,85,466
layer,17,86,481
layer,17,87,433
layer,17,88,470
layer,17,89,460
layer,17,90,441
layer,17,91,499
layer,17,92,459
layer,17,93,467
layer,17,94,465
layer,17,95,455
layer,17,96,442
layer,17,97,477
layer,17,98,487
layer,17,99,470
layer,17,100,518
layer,17,101,489
layer,17,102,459
layer,17,103,477
layer,17,104,505
layer,17,105,505
layer,17,106,527
layer,17,107,478
layer,17,108,526
layer,17,109,505
layer,17,110,501
layer,17,111,510
layer,17,112,530
layer,17,113,551
layer,17,114,580
layer,17,115,611
layer,17,116,565
layer,17,117,632
layer,17,118,653
layer,17,119,664
layer,17,120,678
layer,17,121,732
layer,17,122,798
layer,17,123,846
layer,17,124,931
layer,17,125,1111
layer,17,126,1228
layer,17,127,1529
layer,17,128,6215
layer,18,0,65095
layer,18,1,10888
layer,18,2,6896
layer,18,3,5229
layer,18,4,4259
layer,18,5,3515
layer,18,6,3219
layer,18,7,2768
layer,18,8,2591
layer,18,9,2282
layer,18,10,2129
layer,18,11,1918
layer,18,12,1845
layer,18,13,1689
layer,18,14,1680
layer,18,15,1530
layer,18,16,1481
layer,18,17,1427
layer,18,18,1336
layer,18,19,1262
layer,18,20,1219
layer,18,21,1109
layer,18,22,1143
layer,18,23,1050
layer,18,24,1109
layer,18,25,1003
layer,18,26,1001
layer,18,27,936
layer,18,28,903
layer,18,29,888
layer,18,30,870
layer,18,31,870
layer,18,32,826
layer,18,33,736
layer,18,34,745
layer,18,35,725
layer,18,36,727
layer,18,37,708
layer,18,38,722
layer,18,39,715
layer,18,40,683
layer,18,41,671
layer,18,42,647
layer,18,43,664
layer,18,44,623
layer,18,45,677
layer,18,46,603
layer,18,47,587
layer,18,48,576
layer,18,49,557
layer,18,50,588
layer,18,51,567
layer,18,52,617
layer,18,53,544
layer,18,54,552
layer,18,55,535
layer,18,56,550
layer,18,57,545
layer,18,58,571
layer,18,59,526
layer,18,60,540
layer,18,61,529
layer,18,62,524
layer,18,63,554
layer,18,64,545
layer,18,65,598
layer,18,66,550
layer,18,67,557
layer,18,68,532
layer,18,69,519
layer,18,70,514
layer,18,71,484
layer,18,72,515
layer,18,73,478
layer,18,74,492
layer,18,75,518
layer,18,76,468
layer,18,77,461
layer,18,78,447
layer,18,79,457
layer,18,80,511
layer,18,81,480
layer,18,82,470
layer,18,83,484
layer,18,84,460
layer,18,85,451
layer,18,86,458
layer,18,87,434
layer,18,88,465
layer,18,89,464
layer,18,90,449
layer,18,91,458
layer,18,92,497
layer,18,93,457
layer,18,94,459
layer,18,95,427
layer,18,96,493
layer,18,97,433
layer,18,98,431
layer,18,99,438
layer,18,100,460
layer,18,101,473
layer,18,102,441
layer,18,103,474
layer,18,104,435
layer,18,105,477
layer,18,106,487
layer,18,107,500
layer,18,108,484
layer,18,109,526
layer,18,110,497
layer,18,111,479
layer,18,112,608
layer,18,113,578
layer,18,114,533
layer,18,115,598
layer,18,116,575
layer,18,117,570
layer,18,118,645
layer,18,119,699
layer,18,120,678
layer,18,121,676
layer,18,122,736
layer,18,123,768
layer,18,124,842
layer,18,125,970
layer,18,126,1188
layer,18,127,1512
layer,18,128,6271
layer,19,0,46907
layer,19,1,12075
layer,19,2,8112
layer,19,3,6240
layer,19,4,5074
layer,19,5,4280
layer,19,6,3796
layer,19,7,3234
layer,19,8,2997
layer,19,9,2870
layer,19,10,2544
layer,19,11,2300
layer,19,12,2162
layer,19,13,2101
layer,19,14,2011
layer,19,15,1892
layer,19,16,1720
layer,19,17,1688
layer,19,18,1548
layer,19,19,1442
layer,19,20,1450
layer,19,21,1394
layer,19,22,1332
layer,19,23,1248
layer,19,24,1217
layer,19,25,1234
layer,19,26,1217
layer,19,27,1121
layer,19,28,1105
layer,19,29,1131
layer,19,30,1042
layer,19,31,1022
layer,19,32,1009
layer,19,33,987
layer,19,34,870
layer,19,35,965
layer,19,36,849
layer,19,37,956
layer,19,38,863
layer,19,39,878
layer,19,40,827
layer,19,41,834
layer,19,42,827
layer,19,43,821
layer,19,44,832
layer,19,45,772
layer,19,46,755
layer,19,47,750
layer,19,48,744
layer,19,49,776
layer,19,50,721
layer,19,51,729
layer,19,52,683
layer,19,53,691
layer,19,54,699
layer,19,55,676
layer,19,56,684
layer,19,57,644
layer,19,58,643
layer,19,59,638
layer,19,60,607
layer,19,61,666
layer,19,62,621
layer,19,63,653
layer,19,64,685
layer,19,65,678
layer,19,66,613
layer,19,67,612
layer,19,68,581
layer,19,69,602
layer,19,70,613
layer,19,71,566
layer,19,72,565
layer,19,73,555
layer,19,74,605
layer,19,75,551
layer,19,76,529
layer,19,77,489
layer,19,78,533
layer,19,79,516
layer,19,80,534
layer,19,81,490
layer,19,82,518
layer,19,83,518
layer,19,84,482
layer,19,85,488
layer,19,86,495
layer,19,87,528
layer,19,88,478
layer,19,89,495
layer,19,90,489
layer,19,91,496
layer,19,92,463
layer,19,93,472
layer,19,94,473
layer,19,95,538
layer,19,96,479
layer,19,97,467
layer,19,98,501
layer,19,99,498
layer,19,100,497
layer,19,101,490
layer,19,102,552
layer,19,103,470
layer,19,104,488
layer,19,105,441
layer,19,106,518
layer,19,107,531
layer,19,108,483
layer,19,109,493
layer,19,110,524
layer,19,111,547
layer,19,112,521
layer,19,113,533
layer,19,114,541
layer,19,115,561
layer,19,116,583
layer,19,117,599
layer,19,118,602
layer,19,119,596
layer,19,120,602
layer,19,121,626
layer,19,122,682
layer,19,123,763
layer,19,124,805
layer,19,125,854
layer,19,126,1036
layer,19,127,1434
layer,19,128,5865
layer,2,0,31403
layer,2,1,6247
layer,2,2,4125
layer,2,3,3036
layer,2,4,2397
layer,2,5,2133
layer,2,6,1800
layer,2,7,1674
layer,2,8,1402
layer,2,9,1266
layer,2,10,1184
layer,2,11,1089
layer,2,12,1039
layer,2,13,984
layer,2,14,976
layer,2,15,853
layer,2,16,811
layer,2,17,771
layer,2,18,728
layer,2,19,674
layer,2,20,598
layer,2,21,635
layer,2,22,570
layer,2,23,553
layer,2,24,535
layer,2,25,523
layer,2,26,517
layer,2,27,554
layer,2,28,491
layer,2,29,527
layer,2,30,484
layer,2,31,501
layer,2,32,493
layer,2,33,496
layer,2,34,498
layer,2,35,462
layer,2,36,447
layer,2,37,468
layer,2,38,448
layer,2,39,452
layer,2,40,464
layer,2,41,469
layer,2,42,422
layer,2,43,464
layer,2,44,467
layer,2,45,415
layer,2,46,473
layer,2,47,482
layer,2,48,482
layer,2,49,427
layer,2,50,447
layer,2,51,437
layer,2,52,425
layer,2,53,435
layer,2,54,421
layer,2,55,433
layer,2,56,462
layer,2,57,459
layer,2,58,497
layer,2,59,508
layer,2,60,479
layer,2,61,472
layer,2,62,483
layer,2,63,482
layer,2,64,426
layer,2,65,460
layer,2,66,502
layer,2,67,508
layer,2,68,464
layer,2,69,499
layer,2,70,486
layer,2,71,462
layer,2,72,491
layer,2,73,581
layer,2,74,504
layer,2,75,524
layer,2,76,555
layer,2,77,513
layer,2,78,562
layer,2,79,609
layer,2,80,604
layer,2,81,563
layer,2,82,583
layer,2,83,576
layer,2,84,537
layer,2,85,596
layer,2,86,520
layer,2,87,541
layer,2,88,564
layer,2,89,539
layer,2,90,532
layer,2,91,517
layer,2,92,517
layer,2,93,558
layer,2,94,524
layer,2,95,545
layer,2,96,529
layer,2,97,517
layer,2,98,529
layer,2,99,550
layer,2,100,558
layer,2,101,551
layer,2,102,550
layer,2,103,581
layer,2,104,573
layer,2,105,597
layer,2,106,584
layer,2,107,575
layer,2,108,592
layer,2,109,605
layer,2,110,681
layer,2,111,700
layer,2,112,766
layer,2,113,785
layer,2,114,868
layer,2,115,1000
layer,2,116,1091
layer,2,117,1196
layer,2,118,1229
layer,2,119,1444
layer,2,120,1559
layer,2,121,1765
layer,2,122,1953
layer,2,123,2200
layer,2,124,2596
layer,2,125,3180
layer,2,126,4515
layer,2,127,7394
layer,2,128,50984
layer,20,0,64148
layer,20,1,11166
layer,20,2,7062
layer,20,3,5169
layer,20,4,4190
layer,20,5,3513
layer,20,6,3174
layer,20,7,2847
layer,20,8,2478
layer,20,9,2284
layer,20,10,2100
layer,20,11,1955
layer,20,12,1821
layer,20,13,1701
layer,20,14,1546
layer,20,15,1574
layer,20,16,1457
layer,20,17,1378
layer,20,18,1320
layer,20,19,1197
layer,20,20,1170
layer,20,21,1090
layer,20,22,1067
layer,20,23,1057
layer,20,24,1027
layer,20,25,1013
layer,20,26,966
layer,20,27,874
layer,20,28,843
layer,20,29,855
layer,20,30,814
layer,20,31,837
layer,20,32,780
layer,20,33,743
layer,20,34,752
layer,20,35,721
layer,20,36,654
layer,20,37,669
layer,20,38,692
layer,20,39,689
layer,20,40,695
layer,20,41,613
layer,20,42,649
layer,20,43,570
layer,20,44,617
layer,20,45,611
layer,20,46,615
layer,20,47,640
layer,20,48,559
layer,20,49,571
layer,20,50,568
layer,20,51,559
layer,20,52,550
layer,20,53,538
layer,20,54,569
layer,20,55,574
layer,20,56,577
layer,20,57,523
layer,20,58,546
layer,20,59,563
layer,20,60,533
layer,20,61,507
layer,20,62,554
layer,20,63,597
layer,20,64,654
layer,20,65,641
layer,20,66,540
layer,20,67,541
layer,20,68,491
layer,20,69,488
layer,20,70,478
layer,20,71,483
layer,20,72,463
layer,20,73,477
layer,20,74,460
layer,20,75,441
layer,20,76,472
layer,20,77,439
layer,20,78,431
layer,20,79,456
layer,20,80,463
layer,20,81,463
layer,20,82,423
layer,20,83,456
layer,20,84,439
layer,20,85,422
layer,20,86,433
layer,20,87,446
layer,20,88,415
layer,20,89,430
layer,20,90,431
layer,20,91,458
layer,20,92,409
layer,20,93,436
layer,20,94,437
layer,20,95,449
layer,20,96,448
layer,20,97,468
layer,20,98,433
layer,20,99,453
layer,20,100,431
layer,20,101,427
layer,20,102,487
layer,20,103,452
layer,20,104,454
layer,20,105,431
layer,20,106,501
layer,20,107,523
layer,20,108,511
layer,20,109,512
layer,20,110,533
layer,20,111,569
layer,20,112,587
layer,20,113,549
layer,20,114,546
layer,20,115,648
layer,20,116,645
layer,20,117,688
layer,20,118,706
layer,20,119,735
layer,20,120,761
layer,20,121,855
layer,20,122,827
layer,20,123,982
layer,20,124,988
layer,20,125,1146
layer,20,126,1341
layer,20,127,1783
layer,20,128,6932
layer,21,0,60379
layer,21,1,11953
layer,21,2,7469
layer,21,3,5537
layer,21,4,4494
layer,21,5,3862
layer,21,6,3361
layer,21,7,2932
layer,21,8,2700
layer,21,9,2376
layer,21,10,2328
layer,21,11,2131
layer,21,12,1955
layer,21,13,1785
layer,21,14,1687
layer,21,15,1550
layer,21,16,1509
layer,21,17,1384
layer,21,18,1401
layer,21,19,1292
layer,21,20,1236
layer,21,21,1217
layer,21,22,1156
layer,21,23,1128
layer,21,24,1044
layer,21,25,1030
layer,21,26,1011
layer,21,27,981
layer,21,28,949
layer,21,29,957
layer,21,30,883
layer,21,31,843
layer,21,32,822
layer,21,33,820
layer,21,34,772
layer,21,35,765
layer,21,36,791
layer,21,37,750
layer,21,38,762
layer,21,39,722
layer,21,40,680
layer,21,41,693
layer,21,42,739
layer,21,43,717
layer,21,44,660
layer,21,45,632
layer,21,46,636
layer,21,47,596
layer,21,48,657
layer,21,49,613
layer,21,50,595
layer,21,51,643
layer,21,52,587
layer,21,53,607
layer,21,54,550
layer,21,55,609
layer,21,56,605
layer,21,57,523
layer,21,58,584
layer,21,59,531
layer,21,60,538
layer,21,61,568
layer,21,62,517
layer,21,63,605
layer,21,64,583
layer,21,65,583
layer,21,66,532
layer,21,67,568
layer,21,68,536
layer,21,69,489
layer,21,70,490
layer,21,71,518
layer,21,72,507
layer,21,73,474
layer,21,74,478
layer,21,75,510
layer,21,76,499
layer,21,77,514
layer,21,78,473
layer,21,79,496
layer,21,80,444
layer,21,81,425
layer,21,82,513
layer,21,83,457
layer,21,84,453
layer,21,85,417
layer,21,86,442
layer,21,87,425
layer,21,88,458
layer,21,89,455
layer,21,90,445
layer,21,91,444
layer,21,92,453
layer,21,93,423
layer,21,94,429
layer,21,95,473
layer,21,96,476
layer,21,97,437
layer,21,98,448
layer,21,99,463
layer,21,100,431
layer,21,101,394
layer,21,102,472
layer,21,103,452
layer,21,104,476
layer,21,105,427
layer,21,106,468
layer,21,107,466
layer,21,108,519
layer,21,109,479
layer,21,110,483
layer,21,111,506
layer,21,112,521
layer,21,113,550
layer,21,114,557
layer,21,115,612
layer,21,116,582
layer,21,117,634
layer,21,118,577
layer,21,119,618
layer,21,120,686
layer,21,121,733
layer,21,122,761
layer,21,123,771
layer,21,124,854
layer,21,125,941
layer,21,126,1212
layer,21,127,1514
layer,21,128,6273
layer,22,0,51904
layer,22,1,12194
layer,22,2,7872
layer,22,3,5952
layer,22,4,5000
layer,22,5,4162
layer,22,6,3599
layer,22,7,3310
layer,22,8,2983
layer,22,9,2626
layer,22,10,2388
layer,22,11,2249
layer,22,12,2134
layer,22,13,1934
layer,22,14,1819
layer,22,15,1687
layer,22,16,1715
layer,22,17,1572
layer,22,18,1474
layer,22,19,1455
layer,22,20,1272
layer,22,21,1263
layer,22,22,1271
layer,22,23,1191
layer,22,24,1137
layer,22,25,1184
layer,22,26,1134
layer,22,27,1088
layer,22,28,1056
layer,22,29,1013
layer,22,30,982
layer,22,31,954
layer,22,32,909
layer,22,33,978
layer,22,34,941
layer,22,35,904
layer,22,36,821
layer,22,37,857
layer,22,38,840
layer,22,39,817
layer,22,40,761
layer,22,41,803
layer,22,42,749
layer,22,43,767
layer,22,44,695
layer,22,45,716
layer,22,46,755
layer,22,47,709
layer,22,48,689
layer,22,49,673
layer,22,50,697
layer,22,51,630
layer,22,52,666
layer,22,53,594
layer,22,54,646
layer,22,55,635
layer,22,56,563
layer,22,57,596
layer,22,58,547
layer,22,59,605
layer,22,60,632
layer,22,61,591
layer,22,62,615
layer,22,63,604
layer,22,64,687
layer,22,65,606
layer,22,66,571
layer,22,67,620
layer,22,68,518
layer,22,69,551
layer,22,70,530
layer,22,71,517
layer,22,72,509
layer,22,73,527
layer,22,74,545
layer,22,75,506
layer,22,76,516
layer,22,77,505
layer,22,78,477
layer,22,79,482
layer,22,80,511
layer,22,81,518
layer,22,82,499
layer,22,83,525
layer,22,84,504
layer,22,85,461
layer,22,86,460
layer,22,87,494
layer,22,88,469
layer,22,89,486
layer,22,90,486
layer,22,91,480
layer,22,92,436
layer,22,93,492
layer,22,94,493
layer,22,95,491
layer,22,96,457
layer,22,97,459
layer,22,98,467
layer,22,99,429
layer,22,100,483
layer,22,101,464
layer,22,102,446
layer,22,103,471
layer,22,104,477
layer,22,105,482
layer,22,106,501
layer,22,107,493
layer,22,108,481
layer,22,109,504
layer,22,110,542
layer,22,111,484
layer,22,112,539
layer,22,113,511
layer,22,114,540
layer,22,115,543
layer,22,116,579
layer,22,117,553
layer,22,118,577
layer,22,119,589
layer,22,120,640
layer,22,121,678
layer,22,122,728
layer,22,123,801
layer,22,124,833
layer,22,125,954
layer,22,126,1179
layer,22,127,1473
layer,22,128,6200
layer,23,0,49918
layer,23,1,12769
layer,23,2,8095
layer,23,3,6174
layer,23,4,5033
layer,23,5,4349
layer,23,6,3893
layer,23,7,3255
layer,23,8,3028
layer,23,9,2780
layer,23,10,2538
layer,23,11,2332
layer,23,12,2180
layer,23,13,1922
layer,23,14,1887
layer,23,15,1843
layer,23,16,1732
layer,23,17,1574
layer,23,18,1590
layer,23,19,1394
layer,23,20,1378
layer,23,21,1388
layer,23,22,1295
layer,23,23,1262
layer,23,24,1230
layer,23,25,1150
layer,23,26,1141
layer,23,27,1048
layer,23,28,1038
layer,23,29,1005
layer,23,30,1032
layer,23,31,943
layer,23,32,909
layer,23,33,923
layer,23,34,895
layer,23,35,826
layer,23,36,825
layer,23,37,813
layer,23,38,843
layer,23,39,772
layer,23,40,766
layer,23,41,734
layer,23,42,766
layer,23,43,731
layer,23,44,758
layer,23,45,709
layer,23,46,718
layer,23,47,679
layer,23,48,694
layer,23,49,672
layer,23,50,645
layer,23,51,675
layer,23,52,674
layer,23,53,619
layer,23,54,621
layer,23,55,602
layer,23,56,585
layer,23,57,640
layer,23,58,615
layer,23,59,614
layer,23,60,597
layer,23,61,650
layer,23,62,571
layer,23,63,593
layer,23,64,677
layer,23,65,649
layer,23,66,583
layer,23,67,569
layer,23,68,538
layer,23,69,547
layer,23,70,549
layer,23,71,541
layer,23,72,497
layer,23,73,531
layer,23,74,509
layer,23,75,534
layer,23,76,519
layer,23,77,518
layer,23,78,544
layer,23,79,489
layer,23,80,507
layer,23,81,489
layer,23,82,497
layer,23,83,536
layer,23,84,492
layer,23,85,463
layer,23,86,498
layer,23,87,470
layer,23,88,470
layer,23,89,463
layer,23,90,469
layer,23,91,444
layer,23,92,532
layer,23,93,477
layer,23,94,475
layer,23,95,470
layer,23,96,502
layer,23,97,496
layer,23,98,449
layer,23,99,501
layer,23,100,475
layer,23,101,520
layer,23,102,526
layer,23,103,517
layer,23,104,480
layer,23,105,494
layer,23,106,533
layer,23,107,519
layer,23,108,490
layer,23,109,537
layer,23,110,552
layer,23,111,561
layer,23,112,563
layer,23,113,575
layer,23,114,558
layer,23,115,590
layer,23,116,614
layer,23,117,638
layer,23,118,646
layer,23,119,636
layer,23,120,634
layer,23,121,669
layer,23,122,705
layer,23,123,773
layer,23,124,795
layer,23,125,843
layer,23,126,998
layer,23,127,1228
layer,23,128,5515
layer,24,0,60325
layer,24,1,13390
layer,24,2,8169
layer,24,3,6160
layer,24,4,4760
layer,24,5,3999
layer,24,6,3439
layer,24,7,3002
layer,24,8,2696
layer,24,9,2445
layer,24,10,2071
layer,24,11,1982
layer,24,12,1941
layer,24,13,1785
layer,24,14,1557
layer,24,15,1546
layer,24,16,1417
layer,24,17,1377
layer,24,18,1252
layer,24,19,1160
layer,24,20,1230
layer,24,21,1051
layer,24,22,1082
layer,24,23,1048
layer,24,24,993
layer,24,25,933
layer,24,26,906
layer,24,27,888
layer,24,28,920
layer,24,29,858
layer,24,30,834
layer,24,31,816
layer,24,32,767
layer,24,33,735
layer,24,34,719
layer,24,35,713
layer,24,36,717
layer,24,37,733
layer,24,38,721
layer,24,39,682
layer,24,40,620
layer,24,41,650
layer,24,42,671
layer,24,43,669
layer,24,44,689
layer,24,45,584
layer,24,46,641
layer,24,47,650
layer,24,48,589
layer,24,49,606
layer,24,50,599
layer,24,51,605
layer,24,52,611
layer,24,53,555
layer,24,54,556
layer,24,55,562
layer,24,56,533
layer,24,57,600
layer,24,58,545
layer,24,59,592
layer,24,60,520
layer,24,61,581
layer,24,62,555
layer,24,63,603
layer,24,64,603
layer,24,65,575
layer,24,66,644
layer,24,67,557
layer,24,68,563
layer,24,69,546
layer,24,70,511
layer,24,71,506
layer,24,72,485
layer,24,73,560
layer,24,74,496
layer,24,75,487
layer,24,76,488
layer,24,77,507
layer,24,78,487
layer,24,79,473
layer,24,80,426
layer,24,81,445
layer,24,82,461
layer,24,83,486
layer,24,84,453
layer,24,85,448
layer,24,86,450
layer,24,87,477
layer,24,88,456
layer,24,89,405
layer,24,90,435
layer,24,91,453
layer,24,92,429
layer,24,93,441
layer,24,94,446
layer,24,95,423
layer,24,96,453
layer,24,97,407
layer,24,98,422
layer,24,99,392
layer,24,100,402
layer,24,101,437
layer,24,102,409
layer,24,103,433
layer,24,104,421
layer,24,105,437
layer,24,106,436
layer,24,107,454
layer,24,108,421
layer,24,109,445
layer,24,110,464
layer,24,111,473
layer,24,112,454
layer,24,113,507
layer,24,114,497
layer,24,115,498
layer,24,116,515
layer,24,117,540
layer,24,118,557
layer,24,119,575
layer,24,120,595
layer,24,121,606
layer,24,122,719
layer,24,123,708
layer,24,124,779
layer,24,125,907
layer,24,126,1034
layer,24,127,1385
layer,24,128,6999
layer,25,0,56684
layer,25,1,14563
layer,25,2,9462
layer,25,3,6756
layer,25,4,5242
layer,25,5,4354
layer,25,6,3828
layer,25,7,3305
layer,25,8,2906
layer,25,9,2624
layer,25,10,2402
layer,25,11,2111
layer,25,12,2030
layer,25,13,1759
layer,25,14,1693
layer,25,15,1641
layer,25,16,1425
layer,25,17,1405
layer,25,18,1264
layer,25,19,1297
layer,25,20,1134
layer,25,21,1122
layer,25,22,1068
layer,25,23,992
layer,25,24,941
layer,25,25,918
layer,25,26,879
layer,25,27,860
layer,25,28,879
layer,25,29,801
layer,25,30,748
layer,25,31,766
layer,25,32,733
layer,25,33,746
layer,25,34,707
layer,25,35,748
layer,25,36,672
layer,25,37,641
layer,25,38,655
layer,25,39,619
layer,25,40,623
layer,25,41,604
layer,25,42,594
layer,25,43,587
layer,25,44,585
layer,25,45,561
layer,25,46,613
layer,25,47,590
layer,25,48,534
layer,25,49,515
layer,25,50,562
layer,25,51,526
layer,25,52,551
layer,25,53,527
layer,25,54,508
layer,25,55,539
layer,25,56,525
layer,25,57,521
layer,25,58,458
layer,25,59,492
layer,25,60,443
layer,25,61,559
layer,25,62,494
layer,25,63,463
layer,25,64,492
layer,25,65,498
layer,25,66,483
layer,25,67,455
layer,25,68,475
layer,25,69,481
layer,25,70,460
layer,25,71,437
layer,25,72,423
layer,25,73,465
layer,25,74,463
layer,25,75,428
layer,25,76,472
layer,25,77,450
layer,25,78,442
layer,25,79,407
layer,25,80,454
layer,25,81,468
layer,25,82,443
layer,25,83,416
layer,25,84,441
layer,25,85,451
layer,25,86,415
layer,25,87,433
layer,25,88,449
layer,25,89,456
layer,25,90,426
layer,25,91,422
layer,25,92,405
layer,25,93,454
layer,25,94,442
layer,25,95,432
layer,25,96,435
layer,25,97,431
layer,25,98,462
layer,25,99,472
layer,25,100,433
layer,25,101,465
layer,25,102,458
layer,25,103,458
layer,25,104,489
layer,25,105,514
layer,25,106,516
layer,25,107,453
layer,25,108,485
layer,25,109,479
layer,25,110,502
layer,25,111,473
layer,25,112,484
layer,25,113,516
layer,25,114,554
layer,25,115,549
layer,25,116,561
layer,25,117,578
layer,25,118,592
layer,25,119,602
layer,25,120,657
layer,25,121,692
layer,25,122,697
layer,25,123,782
layer,25,124,858
layer,25,125,962
layer,25,126,1068
layer,25,127,1461
layer,25,128,6778
layer,26,0,59046
layer,26,1,14942
layer,26,2,9319
layer,26,3,6674
layer,26,4,5301
layer,26,5,4284
layer,26,6,3719
layer,26,7,3204
layer,26,8,2841
layer,26,9,2530
layer,26,10,2285
layer,26,11,2103
layer,26,12,1838
layer,26,13,1680
layer,26,14,1604
layer,26,15,1523
layer,26,16,1456
layer,26,17,1257
layer,26,18,1203
layer,26,19,1179
layer,26,20,1140
layer,26,21,1072
layer,26,22,1047
layer,26,23,950
layer,26,24,964
layer,26,25,938
layer,26,26,847
layer,26,27,848
layer,26,28,808
layer,26,29,826
layer,26,30,762
layer,26,31,706
layer,26,32,719
layer,26,33,711
layer,26,34,679
layer,26,35,643
layer,26,36,681
layer,26,37,602
layer,26,38,614
layer,26,39,618
layer,26,40,579
layer,26,41,602
layer,26,42,578
layer,26,43,551
layer,26,44,521
layer,26,45,569
layer,26,46,506
layer,26,47,514
layer,26,48,503
layer,26,49,524
layer,26,50,516
layer,26,51,521
layer,26,52,472
layer,26,53,568
layer,26,54,515
layer,26,55,509
layer,26,56,481
layer,26,57,474
layer,26,58,476
layer,26,59,484
layer,26,60,465
layer,26,61,461
layer,26,62,452
layer,26,63,497
layer,26,64,493
layer,26,65,489
layer,26,66,475
layer,26,67,435
layer,26,68,481
layer,26,69,416
layer,26,70,485
layer,26,71,444
layer,26,72,473
layer,26,73,454
layer,26,74,465
layer,26,75,405
layer,26,76,465
layer,26,77,407
layer,26,78,429
layer,26,79,428
layer,26,80,429
layer,26,81,407
layer,26,82,396
layer,26,83,381
layer,26,84,432
layer,26,85,386
layer,26,86,410
layer,26,87,446
layer,26,88,416
layer,26,89,435
layer,26,90,432
layer,26,91,415
layer,26,92,425
layer,26,93,404
layer,26,94,416
layer,26,95,426
layer,26,96,442
layer,26,97,417
layer,26,98,441
layer,26,99,425
layer,26,100,450
layer,26,101,433
layer,26,102,437
layer,26,103,477
layer,26,104,460
layer,26,105,463
layer,26,106,500
layer,26,107,458
layer,26,108,477
layer,26,109,492
layer,26,110,468
layer,26,111,491
layer,26,112,534
layer,26,113,494
layer,26,114,532
layer,26,115,515
layer,26,116,553
layer,26,117,566
layer,26,118,616
layer,26,119,581
layer,26,120,626
layer,26,121,627
layer,26,122,679
layer,26,123,749
layer,26,124,774
layer,26,125,917
layer,26,126,1123
layer,26,127,1419
layer,26,128,7571
layer,27,0,56452
layer,27,1,16202
layer,27,2,10155
layer,27,3,7314
layer,27,4,5622
layer,27,5,4560
layer,27,6,3849
layer,27,7,3350
layer,27,8,2946
layer,27,9,2644
layer,27,10,2342
layer,27,11,2062
layer,27,12,1988
layer,27,13,1772
layer,27,14,1656
layer,27,15,1527
layer,27,16,1469
layer,27,17,1364
layer,27,18,1199
layer,27,19,1218
layer,27,20,1161
layer,27,21,1052
layer,27,22,1022
layer,27,23,965
layer,27,24,934
layer,27,25,913
layer,27,26,891
layer,27,27,750
layer,27,28,772
layer,27,29,737
layer,27,30,726
layer,27,31,700
layer,27,32,695
layer,27,33,685
layer,27,34,639
layer,27,35,600
layer,27,36,633
layer,27,37,627
layer,27,38,573
layer,27,39,630
layer,27,40,562
layer,27,41,560
layer,27,42,534
layer,27,43,533
layer,27,44,538
layer,27,45,529
layer,27,46,516
layer,27,47,512
layer,27,48,496
layer,27,49,470
layer,27,50,500
layer,27,51,466
layer,27,52,465
layer,27,53,458
layer,27,54,487
layer,27,55,472
layer,27,56,448
layer,27,57,447
layer,27,58,461
layer,27,59,453
layer,27,60,428
layer,27,61,477
layer,27,62,435
layer,27,63,452
layer,27,64,478
layer,27,65,433
layer,27,66,471
layer,27,67,442
layer,27,68,429
layer,27,69,430
layer,27,70,415
layer,27,71,415
layer,27,72,421
layer,27,73,449
layer,27,74,448
layer,27,75,436
layer,27,76,396
layer,27,77,438
layer,27,78,410
layer,27,79,410
layer,27,80,419
layer,27,81,403
layer,27,82,406
layer,27,83,438
layer,27,84,421
layer,27,85,420
layer,27,86,423
layer,27,87,405
layer,27,88,439
layer,27,89,436
layer,27,90,432
layer,27,91,430
layer,27,92,456
layer,27,93,455
layer,27,94,461
layer,27,95,488
layer,27,96,450
layer,27,97,481
layer,27,98,449
layer,27,99,483
layer,27,100,470
layer,27,101,483
layer,27,102,468
layer,27,103,484
layer,27,104,483
layer,27,105,501
layer,27,106,494
layer,27,107,526
layer,27,108,482
layer,27,109,492
layer,27,110,510
layer,27,111,533
layer,27,112,490
layer,27,113,583
layer,27,114,544
layer,27,115,560
layer,27,116,558
layer,27,117,582
layer,27,118,602
layer,27,119,655
layer,27,120,670
layer,27,121,714
layer,27,122,710
layer,27,123,744
layer,27,124,789
layer,27,125,832
layer,27,126,924
layer,27,127,1257
layer,27,128,6657
layer,28,0,63273
layer,28,1,16383
layer,28,2,9563
layer,28,3,6634
layer,28,4,5142
layer,28,5,4197
layer,28,6,3525
layer,28,7,3041
layer,28,8,2702
layer,28,9,2406
layer,28,10,2220
layer,28,11,2024
layer,28,12,1834
layer,28,13,1731
layer,28,14,1583
layer,28,15,1412
layer,28,16,1343
layer,28,17,1295
layer,28,18,1177
layer,28,19,1091
layer,28,20,1022
layer,28,21,1037
layer,28,22,961
layer,28,23,873
layer,28,24,834
layer,28,25,762
layer,28,26,778
layer,28,27,778
layer,28,28,725
layer,28,29,705
layer,28,30,694
layer,28,31,665
layer,28,32,613
layer,28,33,588
layer,28,34,542
layer,28,35,588
layer,28,36,547
layer,28,37,520
layer,28,38,530
layer,28,39,475
layer,28,40,509
layer,28,41,480
layer,28,42,491
layer,28,43,487
layer,28,44,495
layer,28,45,457
layer,28,46,427
layer,28,47,441
layer,28,48,482
layer,28,49,444
layer,28,50,497
layer,28,51,432
layer,28,52,442
layer,28,53,455
layer,28,54,419
layer,28,55,436
layer,28,56,428
layer,28,57,411
layer,28,58,449
layer,28,59,409
layer,28,60,401
layer,28,61,402
layer,28,62,410
layer,28,63,410
layer,28,64,412
layer,28,65,395
layer,28,66,424
layer,28,67,398
layer,28,68,405
layer,28,69,393
layer,28,70,401
layer,28,71,402
layer,28,72,390
layer,28,73,391
layer,28,74,441
layer,28,75,439
layer,28,76,395
layer,28,77,389
layer,28,78,448
layer,28,79,391
layer,28,80,406
layer,28,81,379
layer,28,82,417
layer,28,83,422
layer,28,84,403
layer,28,85,388
layer,28,86,406
layer,28,87,384
layer,28,88,400
layer,28,89,409
layer,28,90,409
layer,28,91,415
layer,28,92,465
layer,28,93,408
layer,28,94,415
layer,28,95,424
layer,28,96,424
layer,28,97,386
layer,28,98,463
layer,28,99,470
layer,28,100,447
layer,28,101,469
layer,28,102,446
layer,28,103,465
layer,28,104,446
layer,28,105,509
layer,28,106,476
layer,28,107,519
layer,28,108,488
layer,28,109,552
layer,28,110,547
layer,28,111,515
layer,28,112,531
layer,28,113,590
layer,28,114,562
layer,28,115,590
layer,28,116,647
layer,28,117,609
layer,28,118,613
layer,28,119,639
layer,28,120,678
layer,28,121,650
layer,28,122,717
layer,28,123,759
layer,28,124,777
layer,28,125,799
layer,28,126,973
layer,28,127,1311
layer,28,128,6950
layer,29,0,62833
layer,29,1,16030
layer,29,2,9696
layer,29,3,6865
layer,29,4,5388
layer,29,5,4337
layer,29,6,3796
layer,29,7,3157
layer,29,8,2811
layer,29,9,2546
layer,29,10,2283
layer,29,11,2113
layer,29,12,1941
layer,29,13,1775
layer,29,14,1674
layer,29,15,1569
layer,29,16,1393
layer,29,17,1312
layer,29,18,1226
layer,29,19,1184
layer,29,20,1163
layer,29,21,1052
layer,29,22,1007
layer,29,23,979
layer,29,24,939
layer,29,25,865
layer,29,26,874
layer,29,27,778
layer,29,28,786
layer,29,29,702
layer,29,30,706
layer,29,31,725
layer,29,32,677
layer,29,33,695
layer,29,34,585
layer,29,35,619
layer,29,36,579
layer,29,37,564
layer,29,38,551
layer,29,39,545
layer,29,40,508
layer,29,41,537
layer,29,42,477
layer,29,43,494
layer,29,44,489
layer,29,45,526
layer,29,46,475
layer,29,47,444
layer,29,48,448
layer,29,49,434
layer,29,50,447
layer,29,51,433
layer,29,52,444
layer,29,53,416
layer,29,54,409
layer,29,55,395
layer,29,56,394
layer,29,57,364
layer,29,58,436
layer,29,59,410
layer,29,60,392
layer,29,61,444
layer,29,62,408
layer,29,63,430
layer,29,64,416
layer,29,65,374
layer,29,66,381
layer,29,67,380
layer,29,68,351
layer,29,69,357
layer,29,70,404
layer,29,71,352
layer,29,72,331
layer,29,73,338
layer,29,74,369
layer,29,75,373
layer,29,76,350
layer,29,77,345
layer,29,78,368
layer,29,79,389
layer,29,80,332
layer,29,81,362
layer,29,82,389
layer,29,83,378
layer,29,84,342
layer,29,85,323
layer,29,86,363
layer,29,87,342
layer,29,88,383
layer,29,89,347
layer,29,90,386
layer,29,91,392
layer,29,92,389
layer,29,93,353
layer,29,94,346
layer,29,95,402
layer,29,96,395
layer,29,97,409
layer,29,98,382
layer,29,99,370
layer,29,100,390
layer,29,101,377
layer,29,102,421
layer,29,103,396
layer,29,104,407
layer,29,105,399
layer,29,106,429
layer,29,107,439
layer,29,108,410
layer,29,109,438
layer,29,110,488
layer,29,111,468
layer,29,112,439
layer,29,113,488
layer,29,114,533
layer,29,115,482
layer,29,116,519
layer,29,117,586
layer,29,118,513
layer,29,119,574
layer,29,120,626
layer,29,121,684
layer,29,122,713
layer,29,123,736
layer,29,124,801
layer,29,125,859
layer,29,126,1017
layer,29,127,1365
layer,29,128,7374
layer,3,0,49281
layer,3,1,5567
layer,3,2,3401
layer,3,3,2627
layer,3,4,2267
layer,3,5,1964
layer,3,6,1784
layer,3,7,1717
layer,3,8,1563
layer,3,9,1392
layer,3,10,1351
layer,3,11,1280
layer,3,12,1201
layer,3,13,1047
layer,3,14,986
layer,3,15,938
layer,3,16,929
layer,3,17,914
layer,3,18,870
layer,3,19,790
layer,3,20,803
layer,3,21,669
layer,3,22,693
layer,3,23,655
layer,3,24,624
layer,3,25,615
layer,3,26,583
layer,3,27,552
layer,3,28,526
layer,3,29,536
layer,3,30,549
layer,3,31,513
layer,3,32,534
layer,3,33,483
layer,3,34,498
layer,3,35,548
layer,3,36,463
layer,3,37,508
layer,3,38,438
layer,3,39,481
layer,3,40,450
layer,3,41,453
layer,3,42,450
layer,3,43,449
layer,3,44,440
layer,3,45,422
layer,3,46,385
layer,3,47,408
layer,3,48,435
layer,3,49,444
layer,3,50,406
layer,3,51,423
layer,3,52,416
layer,3,53,417
layer,3,54,429
layer,3,55,394
layer,3,56,375
layer,3,57,447
layer,3,58,397
layer,3,59,394
layer,3,60,438
layer,3,61,415
layer,3,62,416
layer,3,63,396
layer,3,64,437
layer,3,65,490
layer,3,66,427
layer,3,67,409
layer,3,68,390
layer,3,69,422
layer,3,70,403
layer,3,71,388
layer,3,72,357
layer,3,73,404
layer,3,74,387
layer,3,75,355
layer,3,76,387
layer,3,77,339
layer,3,78,374
layer,3,79,368
layer,3,80,327
layer,3,81,358
layer,3,82,343
layer,3,83,377
layer,3,84,394
layer,3,85,407
layer,3,86,388
layer,3,87,372
layer,3,88,402
layer,3,89,419
layer,3,90,432
layer,3,91,423
layer,3,92,411
layer,3,93,414
layer,3,94,406
layer,3,95,466
layer,3,96,440
layer,3,97,446
layer,3,98,441
layer,3,99,471
layer,3,100,502
layer,3,101,481
layer,3,102,492
layer,3,103,541
layer,3,104,505
layer,3,105,506
layer,3,106,613
layer,3,107,575
layer,3,108,641
layer,3,109,629
layer,3,110,692
layer,3,111,722
layer,3,112,741
layer,3,113,791
layer,3,114,824
layer,3,115,898
layer,3,116,866
layer,3,117,1029
layer,3,118,1047
layer,3,119,1128
layer,3,120,1178
layer,3,121,1169
layer,3,122,1365
layer,3,123,1631
layer,3,124,1971
layer,3,125,2585
layer,3,126,3571
layer,3,127,6197
layer,3,128,45005
layer,30,0,57098
layer,30,1,16421
layer,30,2,10059
layer,30,3,7216
layer,30,4,5570
layer,30,5,4568
layer,30,6,3875
layer,30,7,3416
layer,30,8,3132
layer,30,9,2797
layer,30,10,2537
layer,30,11,2230
layer,30,12,2160
layer,30,13,1941
layer,30,14,1807
layer,30,15,1712
layer,30,16,1612
layer,30,17,1404
layer,30,18,1384
layer,30,19,1322
layer,30,20,1227
layer,30,21,1107
layer,30,22,1160
layer,30,23,1017
layer,30,24,986
layer,30,25,967
layer,30,26,938
layer,30,27,901
layer,30,28,791
layer,30,29,812
layer,30,30,800
layer,30,31,716
layer,30,32,698
layer,30,33,724
layer,30,34,674
layer,30,35,663
layer,30,36,634
layer,30,37,622
layer,30,38,575
layer,30,39,593
layer,30,40,564
layer,30,41,551
layer,30,42,540
layer,30,43,535
layer,30,44,551
layer,30,45,513
layer,30,46,453
layer,30,47,533
layer,30,48,475
layer,30,49,480
layer,30,50,451
layer,30,51,446
layer,30,52,438
layer,30,53,438
layer,30,54,445
layer,30,55,450
layer,30,56,420
layer,30,57,421
layer,30,58,435
layer,30,59,404
layer,30,60,424
layer,30,61,419
layer,30,62,432
layer,30,63,449
layer,30,64,409
layer,30,65,387
layer,30,66,379
layer,30,67,403
layer,30,68,404
layer,30,69,370
layer,30,70,329
layer,30,71,406
layer,30,72,386
layer,30,73,351
layer,30,74,313
layer,30,75,358
layer,30,76,353
layer,30,77,363
layer,30,78,351
layer,30,79,367
layer,30,80,386
layer,30,81,340
layer,30,82,385
layer,30,83,346
layer,30,84,350
layer,30,85,387
layer,30,86,359
layer,30,87,337
layer,30,88,371
layer,30,89,347
layer,30,90,408
layer,30,91,345
layer,30,92,312
layer,30,93,382
layer,30,94,391
layer,30,95,394
layer,30,96,381
layer,30,97,367
layer,30,98,415
layer,30,99,420
layer,30,100,393
layer,30,101,363
layer,30,102,395
layer,30,103,391
layer,30,104,409
layer,30,105,399
layer,30,106,428
layer,30,107,450
layer,30,108,451
layer,30,109,439
layer,30,110,473
layer,30,111,477
layer,30,112,471
layer,30,113,479
layer,30,114,526
layer,30,115,518
layer,30,116,575
layer,30,117,528
layer,30,118,625
layer,30,119,607
layer,30,120,652
layer,30,121,630
layer,30,122,713
layer,30,123,769
layer,30,124,825
layer,30,125,928
layer,30,126,1139
layer,30,127,1437
layer,30,128,6633
layer,31,0,41731
layer,31,1,16026
layer,31,2,10475
layer,31,3,8196
layer,31,4,6710
layer,31,5,5734
layer,31,6,4834
layer,31,7,4410
layer,31,8,3901
layer,31,9,3397
layer,31,10,3160
layer,31,11,2867
layer,31,12,2648
layer,31,13,2502
layer,31,14,2282
layer,31,15,2060
layer,31,16,1843
layer,31,17,1861
layer,31,18,1623
layer,31,19,1654
layer,31,20,1544
layer,31,21,1481
layer,31,22,1310
layer,31,23,1310
layer,31,24,1225
layer,31,25,1137
layer,31,26,1071
layer,31,27,1049
layer,31,28,998
layer,31,29,1047
layer,31,30,963
layer,31,31,925
layer,31,32,869
layer,31,33,844
layer,31,34,808
layer,31,35,804
layer,31,36,774
layer,31,37,768
layer,31,38,765
layer,31,39,719
layer,31,40,670
layer,31,41,636
layer,31,42,657
layer,31,43,628
layer,31,44,624
layer,31,45,598
layer,31,46,592
layer,31,47,580
layer,31,48,589
layer,31,49,537
layer,31,50,561
layer,31,51,521
layer,31,52,566
layer,31,53,537
layer,31,54,527
layer,31,55,569
layer,31,56,495
layer,31,57,489
layer,31,58,513
layer,31,59,451
layer,31,60,484
layer,31,61,481
layer,31,62,457
layer,31,63,477
layer,31,64,484
layer,31,65,475
layer,31,66,437
layer,31,67,419
layer,31,68,474
layer,31,69,389
layer,31,70,375
layer,31,71,400
layer,31,72,369
layer,31,73,398
layer,31,74,387
layer,31,75,405
layer,31,76,330
layer,31,77,375
layer,31,78,369
layer,31,79,325
layer,31,80,345
layer,31,81,347
layer,31,82,329
layer,31,83,314
layer,31,84,328
layer,31,85,322
layer,31,86,324
layer,31,87,345
layer,31,88,329
layer,31,89,333
layer,31,90,313
layer,31,91,318
layer,31,92,340
layer,31,93,340
layer,31,94,308
layer,31,95,354
layer,31,96,340
layer,31,97,304
layer,31,98,329
layer,31,99,377
layer,31,100,320
layer,31,101,367
layer,31,102,343
layer,31,103,339
layer,31,104,369
layer,31,105,383
layer,31,106,392
layer,31,107,381
layer,31,108,369
layer,31,109,390
layer,31,110,394
layer,31,111,448
layer,31,112,447
layer,31,113,449
layer,31,114,464
layer,31,115,471
layer,31,116,512
layer,31,117,561
layer,31,118,539
layer,31,119,587
layer,31,120,548
layer,31,121,629
layer,31,122,649
layer,31,123,682
layer,31,124,780
layer,31,125,916
layer,31,126,1051
layer,31,127,1488
layer,31,128,6726
layer,4,0,48517
layer,4,1,6496
layer,4,2,4239
layer,4,3,3100
layer,4,4,2603
layer,4,5,2164
layer,4,6,1945
layer,4,7,1650
layer,4,8,1506
layer,4,9,1426
layer,4,10,1325
layer,4,11,1255
layer,4,12,1152
layer,4,13,1107
layer,4,14,1067
layer,4,15,949
layer,4,16,953
layer,4,17,925
layer,4,18,872
layer,4,19,868
layer,4,20,811
layer,4,21,759
layer,4,22,759
layer,4,23,738
layer,4,24,704
layer,4,25,711
layer,4,26,661
layer,4,27,628
layer,4,28,660
layer,4,29,622
layer,4,30,585
layer,4,31,563
layer,4,32,585
layer,4,33,520
layer,4,34,558
layer,4,35,539
layer,4,36,473
layer,4,37,537
layer,4,38,504
layer,4,39,490
layer,4,40,517
layer,4,41,511
layer,4,42,469
layer,4,43,466
layer,4,44,457
layer,4,45,481
layer,4,46,449
layer,4,47,459
layer,4,48,494
layer,4,49,442
layer,4,50,487
layer,4,51,477
layer,4,52,442
layer,4,53,429
layer,4,54,479
layer,4,55,421
layer,4,56,430
layer,4,57,489
layer,4,58,450
layer,4,59,449
layer,4,60,475
layer,4,61,465
layer,4,62,484
layer,4,63,503
layer,4,64,461
layer,4,65,556
layer,4,66,518
layer,4,67,452
layer,4,68,482
layer,4,69,448
layer,4,70,460
layer,4,71,442
layer,4,72,421
layer,4,73,423
layer,4,74,457
layer,4,75,412
layer,4,76,431
layer,4,77,455
layer,4,78,419
layer,4,79,407
layer,4,80,451
layer,4,81,434
layer,4,82,453
layer,4,83,447
layer,4,84,489
layer,4,85,441
layer,4,86,454
layer,4,87,428
layer,4,88,454
layer,4,89,436
layer,4,90,462
layer,4,91,428
layer,4,92,456
layer,4,93,458
layer,4,94,463
layer,4,95,492
layer,4,96,461
layer,4,97,454
layer,4,98,492
layer,4,99,518
layer,4,100,523
layer,4,101,541
layer,4,102,568
layer,4,103,523
layer,4,104,604
layer,4,105,585
layer,4,106,624
layer,4,107,636
layer,4,108,691
layer,4,109,717
layer,4,110,718
layer,4,111,726
layer,4,112,730
layer,4,113,813
layer,4,114,857
layer,4,115,952
layer,4,116,999
layer,4,117,1103
layer,4,118,1060
layer,4,119,1238
layer,4,120,1353
layer,4,121,1493
layer,4,122,1585
layer,4,123,1876
layer,4,124,1968
layer,4,125,2708
layer,4,126,3836
layer,4,127,6463
layer,4,128,35952
layer,5,0,42243
layer,5,1,8322
layer,5,2,5322
layer,5,3,3884
layer,5,4,3122
layer,5,5,2723
layer,5,6,2424
layer,5,7,2045
layer,5,8,1893
layer,5,9,1697
layer,5,10,1599
layer,5,11,1488
layer,5,12,1380
layer,5,13,1352
layer,5,14,1284
layer,5,15,1258
layer,5,16,1129
layer,5,17,1149
layer,5,18,1170
layer,5,19,1016
layer,5,20,986
layer,5,21,962
layer,5,22,985
layer,5,23,906
layer,5,24,921
layer,5,25,819
layer,5,26,829
layer,5,27,769
layer,5,28,776
layer,5,29,734
layer,5,30,719
layer,5,31,725
layer,5,32,728
layer,5,33,701
layer,5,34,694
layer,5,35,690
layer,5,36,614
layer,5,37,648
layer,5,38,691
layer,5,39,631
layer,5,40,635
layer,5,41,593
layer,5,42,644
layer,5,43,654
layer,5,44,629
layer,5,45,573
layer,5,46,570
layer,5,47,580
layer,5,48,604
layer,5,49,560
layer,5,50,585
layer,5,51,540
layer,5,52,578
layer,5,53,499
layer,5,54,545
layer,5,55,539
layer,5,56,584
layer,5,57,564
layer,5,58,560
layer,5,59,546
layer,5,60,531
layer,5,61,580
layer,5,62,522
layer,5,63,578
layer,5,64,539
layer,5,65,531
layer,5,66,505
layer,5,67,537
layer,5,68,517
layer,5,69,550
layer,5,70,537
layer,5,71,504
layer,5,72,494
layer,5,73,568
layer,5,74,491
layer,5,75,522
layer,5,76,525
layer,5,77,509
layer,5,78,514
layer,5,79,530
layer,5,80,535
layer,5,81,502
layer,5,82,514
layer,5,83,510
layer,5,84,513
layer,5,85,544
layer,5,86,533
layer,5,87,566
layer,5,88,559
layer,5,89,565
layer,5,90,540
layer,5,91,543
layer,5,92,570
layer,5,93,586
layer,5,94,561
layer,5,95,565
layer,5,96,576
layer,5,97,590
layer,5,98,645
layer,5,99,619
layer,5,100,637
layer,5,101,664
layer,5,102,639
layer,5,103,677
layer,5,104,709
layer,5,105,682
layer,5,106,678
layer,5,107,719
layer,5,108,742
layer,5,109,736
layer,5,110,806
layer,5,111,813
layer,5,112,844
layer,5,113,854
layer,5,114,909
layer,5,115,983
layer,5,116,1024
layer,5,117,1033
layer,5,118,1130
layer,5,119,1231
layer,5,120,1212
layer,5,121,1319
layer,5,122,1481
layer,5,123,1601
layer,5,124,1950
layer,5,125,2309
layer,5,126,3174
layer,5,127,4891
layer,5,128,26831
layer,6,0,57428
layer,6,1,7987
layer,6,2,5041
layer,6,3,3630
layer,6,4,2987
layer,6,5,2455
layer,6,6,2172
layer,6,7,1980
layer,6,8,1772
layer,6,9,1562
layer,6,10,1489
layer,6,11,1423
layer,6,12,1225
layer,6,13,1236
layer,6,14,1117
layer,6,15,1110
layer,6,16,1048
layer,6,17,956
layer,6,18,917
layer,6,19,841
layer,6,20,870
layer,6,21,858
layer,6,22,840
layer,6,23,768
layer,6,24,759
layer,6,25,754
layer,6,26,746
layer,6,27,665
layer,6,28,676
layer,6,29,672
layer,6,30,653
layer,6,31,667
layer,6,32,654
layer,6,33,630
layer,6,34,619
layer,6,35,636
layer,6,36,606
layer,6,37,593
layer,6,38,578
layer,6,39,597
layer,6,40,570
layer,6,41,545
layer,6,42,557
layer,6,43,545
layer,6,44,589
layer,6,45,555
layer,6,46,505
layer,6,47,544
layer,6,48,518
layer,6,49,456
layer,6,50,501
layer,6,51,534
layer,6,52,512
layer,6,53,521
layer,6,54,500
layer,6,55,506
layer,6,56,507
layer,6,57,522
layer,6,58,527
layer,6,59,537
layer,6,60,524
layer,6,61,530
layer,6,62,539
layer,6,63,610
layer,6,64,514
layer,6,65,564
layer,6,66,496
layer,6,67,509
layer,6,68,473
layer,6,69,514
layer,6,70,477
layer,6,71,475
layer,6,72,452
layer,6,73,443
layer,6,74,442
layer,6,75,449
layer,6,76,470
layer,6,77,422
layer,6,78,443
layer,6,79,487
layer,6,80,466
layer,6,81,432
layer,6,82,484
layer,6,83,453
layer,6,84,454
layer,6,85,458
layer,6,86,455
layer,6,87,471
layer,6,88,494
layer,6,89,480
layer,6,90,484
layer,6,91,469
layer,6,92,466
layer,6,93,496
layer,6,94,535
layer,6,95,499
layer,6,96,512
layer,6,97,516
layer,6,98,518
layer,6,99,525
layer,6,100,528
layer,6,101,549
layer,6,102,519
layer,6,103,555
layer,6,104,539
layer,6,105,595
layer,6,106,556
layer,6,107,635
layer,6,108,664
layer,6,109,648
layer,6,110,685
layer,6,111,732
layer,6,112,736
layer,6,113,776
layer,6,114,813
layer,6,115,908
layer,6,116,937
layer,6,117,1004
layer,6,118,1045
layer,6,119,1156
layer,6,120,1196
layer,6,121,1409
layer,6,122,1525
layer,6,123,1696
layer,6,124,1859
layer,6,125,2352
layer,6,126,3037
layer,6,127,4600
layer,6,128,22086
layer,7,0,47990
layer,7,1,10203
layer,7,2,6447
layer,7,3,4793
layer,7,4,3849
layer,7,5,3238
layer,7,6,2838
layer,7,7,2413
layer,7,8,2167
layer,7,9,2036
layer,7,10,1835
layer,7,11,1785
layer,7,12,1626
layer,7,13,1535
layer,7,14,1425
layer,7,15,1375
layer,7,16,1299
layer,7,17,1212
layer,7,18,1147
layer,7,19,1130
layer,7,20,1081
layer,7,21,1042
layer,7,22,984
layer,7,23,1014
layer,7,24,998
layer,7,25,963
layer,7,26,928
layer,7,27,888
layer,7,28,807
layer,7,29,831
layer,7,30,836
layer,7,31,809
layer,7,32,834
layer,7,33,759
layer,7,34,803
layer,7,35,715
layer,7,36,734
layer,7,37,788
layer,7,38,706
layer,7,39,729
layer,7,40,695
layer,7,41,674
layer,7,42,726
layer,7,43,654
layer,7,44,643
layer,7,45,653
layer,7,46,695
layer,7,47,647
layer,7,48,604
layer,7,49,682
layer,7,50,592
layer,7,51,633
layer,7,52,608
layer,7,53,602
layer,7,54,599
layer,7,55,607
layer,7,56,578
layer,7,57,562
layer,7,58,557
layer,7,59,537
layer,7,60,567
layer,7,61,533
layer,7,62,548
layer,7,63,563
layer,7,64,507
layer,7,65,517
layer,7,66,546
layer,7,67,514
layer,7,68,510
layer,7,69,510
layer,7,70,567
layer,7,71,558
layer,7,72,531
layer,7,73,476
layer,7,74,482
layer,7,75,491
layer,7,76,505
layer,7,77,491
layer,7,78,505
layer,7,79,488
layer,7,80,506
layer,7,81,438
layer,7,82,459
layer,7,83,479
layer,7,84,489
layer,7,85,474
layer,7,86,498
layer,7,87,489
layer,7,88,468
layer,7,89,444
layer,7,90,489
layer,7,91,492
layer,7,92,505
layer,7,93,517
layer,7,94,485
layer,7,95,517
layer,7,96,523
layer,7,97,540
layer,7,98,553
layer,7,99,509
layer,7,100,558
layer,7,101,564
layer,7,102,555
layer,7,103,608
layer,7,104,552
layer,7,105,579
layer,7,106,604
layer,7,107,565
layer,7,108,639
layer,7,109,646
layer,7,110,659
layer,7,111,735
layer,7,112,691
layer,7,113,727
layer,7,114,759
layer,7,115,850
layer,7,116,915
layer,7,117,892
layer,7,118,949
layer,7,119,1031
layer,7,120,1058
layer,7,121,1183
layer,7,122,1350
layer,7,123,1401
layer,7,124,1631
layer,7,125,1968
layer,7,126,2649
layer,7,127,3779
layer,7,128,17088
layer,8,0,65370
layer,8,1,10424
layer,8,2,6353
layer,8,3,4450
layer,8,4,3585
layer,8,5,3083
layer,8,6,2676
layer,8,7,2251
layer,8,8,2064
layer,8,9,1861
layer,8,10,1652
layer,8,11,1556
layer,8,12,1426
layer,8,13,1389
layer,8,14,1266
layer,8,15,1254
layer,8,16,1155
layer,8,17,1098
layer,8,18,1045
layer,8,19,1017
layer,8,20,943
layer,8,21,910
layer,8,22,861
layer,8,23,824
layer,8,24,805
layer,8,25,813
layer,8,26,768
layer,8,27,749
layer,8,28,709
layer,8,29,731
layer,8,30,750
layer,8,31,695
layer,8,32,634
layer,8,33,688
layer,8,34,614
layer,8,35,636
layer,8,36,590
layer,8,37,610
layer,8,38,627
layer,8,39,650
layer,8,40,587
layer,8,41,608
layer,8,42,636
layer,8,43,586
layer,8,44,565
layer,8,45,591
layer,8,46,561
layer,8,47,549
layer,8,48,532
layer,8,49,561
layer,8,50,584
layer,8,51,519
layer,8,52,565
layer,8,53,537
layer,8,54,570
layer,8,55,542
layer,8,56,538
layer,8,57,544
layer,8,58,504
layer,8,59,557
layer,8,60,549
layer,8,61,539
layer,8,62,525
layer,8,63,577
layer,8,64,518
layer,8,65,509
layer,8,66,510
layer,8,67,502
layer,8,68,455
layer,8,69,459
layer,8,70,452
layer,8,71,473
layer,8,72,433
layer,8,73,448
layer,8,74,434
layer,8,75,430
layer,8,76,433
layer,8,77,470
layer,8,78,441
layer,8,79,435
layer,8,80,384
layer,8,81,374
layer,8,82,446
layer,8,83,436
layer,8,84,445
layer,8,85,456
layer,8,86,459
layer,8,87,449
layer,8,88,449
layer,8,89,430
layer,8,90,458
layer,8,91,398
layer,8,92,389
layer,8,93,456
layer,8,94,424
layer,8,95,424
layer,8,96,431
layer,8,97,429
layer,8,98,446
layer,8,99,413
layer,8,100,445
layer,8,101,459
layer,8,102,460
layer,8,103,487
layer,8,104,453
layer,8,105,521
layer,8,106,499
layer,8,107,512
layer,8,108,535
layer,8,109,539
layer,8,110,524
layer,8,111,557
layer,8,112,606
layer,8,113,600
layer,8,114,633
layer,8,115,604
layer,8,116,649
layer,8,117,723
layer,8,118,697
layer,8,119,822
layer,8,120,852
layer,8,121,941
layer,8,122,992
layer,8,123,1082
layer,8,124,1309
layer,8,125,1393
layer,8,126,1845
layer,8,127,2740
layer,8,128,15123
layer,9,0,70667
layer,9,1,9572
layer,9,2,5737
layer,9,3,4055
layer,9,4,3278
layer,9,5,2680
layer,9,6,2364
layer,9,7,2070
layer,9,8,1856
layer,9,9,1739
layer,9,10,1553
layer,9,11,1455
layer,9,12,1366
layer,9,13,1207
layer,9,14,1149
layer,9,15,1135
layer,9,16,1088
layer,9,17,996
layer,9,18,981
layer,9,19,902
layer,9,20,917
layer,9,21,903
layer,9,22,840
layer,9,23,811
layer,9,24,817
layer,9,25,775
layer,9,26,761
layer,9,27,688
layer,9,28,716
layer,9,29,692
layer,9,30,694
layer,9,31,699
layer,9,32,634
layer,9,33,627
layer,9,34,583
layer,9,35,585
layer,9,36,589
layer,9,37,616
layer,9,38,583
layer,9,39,527
layer,9,40,534
layer,9,41,548
layer,9,42,557
layer,9,43,516
layer,9,44,511
layer,9,45,490
layer,9,46,509
layer,9,47,502
layer,9,48,508
layer,9,49,520
layer,9,50,522
layer,9,51,501
layer,9,52,486
layer,9,53,486
layer,9,54,498
layer,9,55,466
layer,9,56,515
layer,9,57,491
layer,9,58,477
layer,9,59,475
layer,9,60,483
layer,9,61,511
layer,9,62,509
layer,9,63,514
layer,9,64,470
layer,9,65,529
layer,9,66,471
layer,9,67,479
layer,9,68,470
layer,9,69,479
layer,9,70,488
layer,9,71,421
layer,9,72,422
layer,9,73,443
layer,9,74,423
layer,9,75,406
layer,9,76,464
layer,9,77,430
layer,9,78,426
layer,9,79,414
layer,9,80,416
layer,9,81,418
layer,9,82,442
layer,9,83,465
layer,9,84,409
layer,9,85,427
layer,9,86,459
layer,9,87,445
layer,9,88,450
layer,9,89,412
layer,9,90,463
layer,9,91,466
layer,9,92,462
layer,9,93,428
layer,9,94,445
layer,9,95,423
layer,9,96,455
layer,9,97,480
layer,9,98,451
layer,9,99,481
layer,9,100,452
layer,9,101,494
layer,9,102,485
layer,9,103,484
layer,9,104,499
layer,9,105,547
layer,9,106,520
layer,9,107,524
layer,9,108,459
layer,9,109,557
layer,9,110,562
layer,9,111,606
layer,9,112,598
layer,9,113,599
layer,9,114,610
layer,9,115,614
layer,9,116,673
layer,9,117,700
layer,9,118,647
layer,9,119,770
layer,9,120,842
layer,9,121,829
layer,9,122,969
layer,9,123,1052
layer,9,124,1239
layer,9,125,1413
layer,9,126,2064
layer,9,127,2880
layer,9,128,15752
mask_ratio,0.15,0,1004092
mask_ratio,0.15,1,173076
mask_ratio,0.15,2,102841
mask_ratio,0.15,3,72733
mask_ratio,0.15,4,55947
mask_ratio,0.15,5,45845
mask_ratio,0.15,6,38827
mask_ratio,0.15,7,32918
mask_ratio,0.15,8,28944
mask_ratio,0.15,9,25802
mask_ratio,0.15,10,22923
mask_ratio,0.15,11,20908
mask_ratio,0.15,12,19129
mask_ratio,0.15,13,17391
mask_ratio,0.15,14,16076
mask_ratio,0.15,15,14866
mask_ratio,0.15,16,14016
mask_ratio,0.15,17,13083
mask_ratio,0.15,18,12047
mask_ratio,0.15,19,11336
mask_ratio,0.15,20,10727
mask_ratio,0.15,21,10079
mask_ratio,0.15,22,9729
mask_ratio,0.15,23,9154
mask_ratio,0.15,24,8677
mask_ratio,0.15,25,8128
mask_ratio,0.15,26,8114
mask_ratio,0.15,27,7656
mask_ratio,0.15,28,7142
mask_ratio,0.15,29,6820
mask_ratio,0.15,30,6603
mask_ratio,0.15,31,6305
mask_ratio,0.15,32,6025
mask_ratio,0.15,33,5947
mask_ratio,0.15,34,5661
mask_ratio,0.15,35,5588
mask_ratio,0.15,36,5265
mask_ratio,0.15,37,5318
mask_ratio,0.15,38,4994
mask_ratio,0.15,39,4788
mask_ratio,0.15,40,4658
mask_ratio,0.15,41,4628
mask_ratio,0.15,42,4479
mask_ratio,0.15,43,4397
mask_ratio,0.15,44,4274
mask_ratio,0.15,45,4043
mask_ratio,0.15,46,4045
mask_ratio,0.15,47,3941
mask_ratio,0.15,48,3819
mask_ratio,0.15,49,3755
mask_ratio,0.15,50,3811
mask_ratio,0.15,51,3619
mask_ratio,0.15,52,3582
mask_ratio,0.15,53,3406
mask_ratio,0.15,54,3443
mask_ratio,0.15,55,3359
mask_ratio,0.15,56,3278
mask_ratio,0.15,57,3256
mask_ratio,0.15,58,3222
mask_ratio,0.15,59,3280
mask_ratio,0.15,60,3226
mask_ratio,0.15,61,3217
mask_ratio,0.15,62,3080
mask_ratio,0.15,63,3283
mask_ratio,0.15,64,3218
mask_ratio,0.15,65,3019
mask_ratio,0.15,66,2783
mask_ratio,0.15,67,2591
mask_ratio,0.15,68,2345
mask_ratio,0.15,69,2335
mask_ratio,0.15,70,2276
mask_ratio,0.15,71,2206
mask_ratio,0.15,72,2085
mask_ratio,0.15,73,2117
mask_ratio,0.15,74,1966
mask_ratio,0.15,75,1854
mask_ratio,0.15,76,1892
mask_ratio,0.15,77,1743
mask_ratio,0.15,78,1731
mask_ratio,0.15,79,1682
mask_ratio,0.15,80,1666
mask_ratio,0.15,81,1542
mask_ratio,0.15,82,1631
mask_ratio,0.15,83,1569
mask_ratio,0.15,84,1492
mask_ratio,0.15,85,1405
mask_ratio,0.15,86,1364
mask_ratio,0.15,87,1462
mask_ratio,0.15,88,1368
mask_ratio,0.15,89,1397
mask_ratio,0.15,90,1372
mask_ratio,0.15,91,1294
mask_ratio,0.15,92,1227
mask_ratio,0.15,93,1245
mask_ratio,0.15,94,1260
mask_ratio,0.15,95,1235
mask_ratio,0.15,96,1163
mask_ratio,0.15,97,1149
mask_ratio,0.15,98,1154
mask_ratio,0.15,99,1119
mask_ratio,0.15,100,1141
mask_ratio,0.15,101,1033
mask_ratio,0.15,102,1084
mask_ratio,0.15,103,985
mask_ratio,0.15,104,1025
mask_ratio,0.15,105,1033
mask_ratio,0.15,106,996
mask_ratio,0.15,107,948
mask_ratio,0.15,108,940
mask_ratio,0.15,109,916
mask_ratio,0.15,110,867
mask_ratio,0.15,111,913
mask_ratio,0.15,112,919
mask_ratio,0.15,113,890
mask_ratio,0.15,114,919
mask_ratio,0.15,115,845
mask_ratio,0.15,116,886
mask_ratio,0.15,117,916
mask_ratio,0.15,118,866
mask_ratio,0.15,119,873
mask_ratio,0.15,120,890
mask_ratio,0.15,121,822
mask_ratio,0.15,122,843
mask_ratio,0.15,123,850
mask_ratio,0.15,124,885
mask_ratio,0.15,125,805
mask_ratio,0.15,126,865
mask_ratio,0.15,127,866
mask_ratio,0.15,128,33753
mask_ratio,0.5,0,594057
mask_ratio,0.5,1,126660
mask_ratio,0.5,2,82682
mask_ratio,0.5,3,62662
mask_ratio,0.5,4,51179
mask_ratio,0.5,5,43399
mask_ratio,0.5,6,38160
mask_ratio,0.5,7,33934
mask_ratio,0.5,8,30861
mask_ratio,0.5,9,27931
mask_ratio,0.5,10,25633
mask_ratio,0.5,11,23689
mask_ratio,0.5,12,22347
mask_ratio,0.5,13,20805
mask_ratio,0.5,14,19484
mask_ratio,0.5,15,18760
mask_ratio,0.5,16,17567
mask_ratio,0.5,17,16499
mask_ratio,0.5,18,15868
mask_ratio,0.5,19,14912
mask_ratio,0.5,20,14451
mask_ratio,0.5,21,13552
mask_ratio,0.5,22,13126
mask_ratio,0.5,23,12703
mask_ratio,0.5,24,12187
mask_ratio,0.5,25,11830
mask_ratio,0.5,26,11376
mask_ratio,0.5,27,10817
mask_ratio,0.5,28,10778
mask_ratio,0.5,29,10358
mask_ratio,0.5,30,10045
mask_ratio,0.5,31,9876
mask_ratio,0.5,32,9638
mask_ratio,0.5,33,9362
mask_ratio,0.5,34,8944
mask_ratio,0.5,35,8806
mask_ratio,0.5,36,8628
mask_ratio,0.5,37,8492
mask_ratio,0.5,38,8226
mask_ratio,0.5,39,8154
mask_ratio,0.5,40,7750
mask_ratio,0.5,41,7817
mask_ratio,0.5,42,7684
mask_ratio,0.5,43,7511
mask_ratio,0.5,44,7352
mask_ratio,0.5,45,7247
mask_ratio,0.5,46,7090
mask_ratio,0.5,47,7155
mask_ratio,0.5,48,7029
mask_ratio,0.5,49,6912
mask_ratio,0.5,50,6754
mask_ratio,0.5,51,6575
mask_ratio,0.5,52,6600
mask_ratio,0.5,53,6428
mask_ratio,0.5,54,6403
mask_ratio,0.5,55,6356
mask_ratio,0.5,56,6285
mask_ratio,0.5,57,6288
mask_ratio,0.5,58,6146
mask_ratio,0.5,59,6077
mask_ratio,0.5,60,5982
mask_ratio,0.5,61,6152
mask_ratio,0.5,62,6143
mask_ratio,0.5,63,6233
mask_ratio,0.5,64,6188
mask_ratio,0.5,65,6279
mask_ratio,0.5,66,5838
mask_ratio,0.5,67,5704
mask_ratio,0.5,68,5454
mask_ratio,0.5,69,5442
mask_ratio,0.5,70,5281
mask_ratio,0.5,71,5135
mask_ratio,0.5,72,4977
mask_ratio,0.5,73,5063
mask_ratio,0.5,74,4991
mask_ratio,0.5,75,4961
mask_ratio,0.5,76,4918
mask_ratio,0.5,77,4764
mask_ratio,0.5,78,4791
mask_ratio,0.5,79,4665
mask_ratio,0.5,80,4649
mask_ratio,0.5,81,4472
mask_ratio,0.5,82,4565
mask_ratio,0.5,83,4427
mask_ratio,0.5,84,4444
mask_ratio,0.5,85,4507
mask_ratio,0.5,86,4371
mask_ratio,0.5,87,4348
mask_ratio,0.5,88,4278
mask_ratio,0.5,89,4247
mask_ratio,0.5,90,4250
mask_ratio,0.5,91,4143
mask_ratio,0.5,92,4145
mask_ratio,0.5,93,4081
mask_ratio,0.5,94,4033
mask_ratio,0.5,95,4151
mask_ratio,0.5,96,4129
mask_ratio,0.5,97,4052
mask_ratio,0.5,98,4087
mask_ratio,0.5,99,4214
mask_ratio,0.5,100,4044
mask_ratio,0.5,101,4045
mask_ratio,0.5,102,4211
mask_ratio,0.5,103,4182
mask_ratio,0.5,104,4169
mask_ratio,0.5,105,4180
mask_ratio,0.5,106,4249
mask_ratio,0.5,107,4261
mask_ratio,0.5,108,4413
mask_ratio,0.5,109,4451
mask_ratio,0.5,110,4652
mask_ratio,0.5,111,4649
mask_ratio,0.5,112,4803
mask_ratio,0.5,113,4988
mask_ratio,0.5,114,5161
mask_ratio,0.5,115,5400
mask_ratio,0.5,116,5478
mask_ratio,0.5,117,5828
mask_ratio,0.5,118,5856
mask_ratio,0.5,119,6360
mask_ratio,0.5,120,6706
mask_ratio,0.5,121,6762
mask_ratio,0.5,122,7631
mask_ratio,0.5,123,8392
mask_ratio,0.5,124,9658
mask_ratio,0.5,125,10494
mask_ratio,0.5,126,12845
mask_ratio,0.5,127,16945
mask_ratio,0.5,128,91888
mask_ratio,0.9,0,170197
mask_ratio,0.9,1,59779
mask_ratio,0.9,2,39599
mask_ratio,0.9,3,29968
mask_ratio,0.9,4,25570
mask_ratio,0.9,5,22341
mask_ratio,0.9,6,20342
mask_ratio,0.9,7,18359
mask_ratio,0.9,8,17221
mask_ratio,0.9,9,16090
mask_ratio,0.9,10,15184
mask_ratio,0.9,11,14609
mask_ratio,0.9,12,13649
mask_ratio,0.9,13,13060
mask_ratio,0.9,14,12806
mask_ratio,0.9,15,12110
mask_ratio,0.9,16,11444
mask_ratio,0.9,17,11336
mask_ratio,0.9,18,10669
mask_ratio,0.9,19,10640
mask_ratio,0.9,20,10285
mask_ratio,0.9,21,10005
mask_ratio,0.9,22,9778
mask_ratio,0.9,23,9442
mask_ratio,0.9,24,9172
mask_ratio,0.9,25,9261
mask_ratio,0.9,26,8925
mask_ratio,0.9,27,8676
mask_ratio,0.9,28,8527
mask_ratio,0.9,29,8640
mask_ratio,0.9,30,8593
mask_ratio,0.9,31,8409
mask_ratio,0.9,32,8259
mask_ratio,0.9,33,8043
mask_ratio,0.9,34,7957
mask_ratio,0.9,35,7983
mask_ratio,0.9,36,7588
mask_ratio,0.9,37,7831
mask_ratio,0.9,38,7775
mask_ratio,0.9,39,7736
mask_ratio,0.9,40,7673
mask_ratio,0.9,41,7495
mask_ratio,0.9,42,7691
mask_ratio,0.9,43,7634
mask_ratio,0.9,44,7519
mask_ratio,0.9,45,7499
mask_ratio,0.9,46,7394
mask_ratio,0.9,47,7342
mask_ratio,0.9,48,7263
mask_ratio,0.9,49,7236
mask_ratio,0.9,50,7312
mask_ratio,0.9,51,7312
mask_ratio,0.9,52,7353
mask_ratio,0.9,53,7296
mask_ratio,0.9,54,7162
mask_ratio,0.9,55,7325
mask_ratio,0.9,56,7107
mask_ratio,0.9,57,7044
mask_ratio,0.9,58,7427
mask_ratio,0.9,59,7297
mask_ratio,0.9,60,7276
mask_ratio,0.9,61,7476
mask_ratio,0.9,62,7338
mask_ratio,0.9,63,7547
mask_ratio,0.9,64,7616
mask_ratio,0.9,65,7623
mask_ratio,0.9,66,7580
mask_ratio,0.9,67,7677
mask_ratio,0.9,68,7753
mask_ratio,0.9,69,7625
mask_ratio,0.9,70,7761
mask_ratio,0.9,71,7692
mask_ratio,0.9,72,7513
mask_ratio,0.9,73,7858
mask_ratio,0.9,74,7815
mask_ratio,0.9,75,7834
mask_ratio,0.9,76,7797
mask_ratio,0.9,77,7882
mask_ratio,0.9,78,7944
mask_ratio,0.9,79,7943
mask_ratio,0.9,80,8035
mask_ratio,0.9,81,7958
mask_ratio,0.9,82,8058
mask_ratio,0.9,83,8268
mask_ratio,0.9,84,8151
mask_ratio,0.9,85,8166
mask_ratio,0.9,86,8335
mask_ratio,0.9,87,8250
mask_ratio,0.9,88,8639
mask_ratio,0.9,89,8531
mask_ratio,0.9,90,8825
mask_ratio,0.9,91,8776
mask_ratio,0.9,92,8739
mask_ratio,0.9,93,9025
mask_ratio,0.9,94,9003
mask_ratio,0.9,95,9151
mask_ratio,0.9,96,9159
mask_ratio,0.9,97,9243
mask_ratio,0.9,98,9410
mask_ratio,0.9,99,9547
mask_ratio,0.9,100,9664
mask_ratio,0.9,101,9896
mask_ratio,0.9,102,9969
mask_ratio,0.9,103,10294
mask_ratio,0.9,104,10344
mask_ratio,0.9,105,10572
mask_ratio,0.9,106,11054
mask_ratio,0.9,107,11204
mask_ratio,0.9,108,11328
mask_ratio,0.9,109,11646
mask_ratio,0.9,110,12163
mask_ratio,0.9,111,12538
mask_ratio,0.9,112,12757
mask_ratio,0.9,113,13261
mask_ratio,0.9,114,13816
mask_ratio,0.9,115,14741
mask_ratio,0.9,116,15422
mask_ratio,0.9,117,16070
mask_ratio,0.9,118,16819
mask_ratio,0.9,119,17945
mask_ratio,0.9,120,18794
mask_ratio,0.9,121,20518
mask_ratio,0.9,122,22203
mask_ratio,0.9,123,24449
mask_ratio,0.9,124,27696
mask_ratio,0.9,125,34269
mask_ratio,0.9,126,44780
mask_ratio,0.9,127,68554
mask_ratio,0.9,128,392328
query_head,0,0,63371
query_head,0,1,11879
query_head,0,2,6834
query_head,0,3,4993
query_head,0,4,4011
query_head,0,5,3381
query_head,0,6,2914
query_head,0,7,2692
query_head,0,8,2527
query_head,0,9,2239
query_head,0,10,2143
query_head,0,11,1976
query_head,0,12,1797
query_head,0,13,1647
query_head,0,14,1530
query_head,0,15,1450
query_head,0,16,1363
query_head,0,17,1290
query_head,0,18,1251
query_head,0,19,1168
query_head,0,20,1112
query_head,0,21,988
query_head,0,22,967
query_head,0,23,931
query_head,0,24,910
query_head,0,25,816
query_head,0,26,827
query_head,0,27,782
query_head,0,28,748
query_head,0,29,725
query_head,0,30,712
query_head,0,31,680
query_head,0,32,704
query_head,0,33,679
query_head,0,34,679
query_head,0,35,587
query_head,0,36,595
query_head,0,37,623
query_head,0,38,595
query_head,0,39,620
query_head,0,40,586
query_head,0,41,582
query_head,0,42,550
query_head,0,43,519
query_head,0,44,553
query_head,0,45,532
query_head,0,46,514
query_head,0,47,543
query_head,0,48,522
query_head,0,49,542
query_head,0,50,523
query_head,0,51,556
query_head,0,52,505
query_head,0,53,500
query_head,0,54,508
query_head,0,55,498
query_head,0,56,530
query_head,0,57,486
query_head,0,58,514
query_head,0,59,525
query_head,0,60,526
query_head,0,61,496
query_head,0,62,533
query_head,0,63,638
query_head,0,64,757
query_head,0,65,724
query_head,0,66,648
query_head,0,67,562
query_head,0,68,534
query_head,0,69,482
query_head,0,70,519
query_head,0,71,494
query_head,0,72,426
query_head,0,73,459
query_head,0,74,439
query_head,0,75,431
query_head,0,76,456
query_head,0,77,453
query_head,0,78,480
query_head,0,79,408
query_head,0,80,448
query_head,0,81,441
query_head,0,82,444
query_head,0,83,444
query_head,0,84,422
query_head,0,85,440
query_head,0,86,406
query_head,0,87,416
query_head,0,88,399
query_head,0,89,438
query_head,0,90,451
query_head,0,91,425
query_head,0,92,440
query_head,0,93,433
query_head,0,94,411
query_head,0,95,454
query_head,0,96,466
query_head,0,97,465
query_head,0,98,452
query_head,0,99,474
query_head,0,100,488
query_head,0,101,500
query_head,0,102,494
query_head,0,103,479
query_head,0,104,493
query_head,0,105,498
query_head,0,106,475
query_head,0,107,522
query_head,0,108,551
query_head,0,109,552
query_head,0,110,599
query_head,0,111,594
query_head,0,112,628
query_head,0,113,637
query_head,0,114,676
query_head,0,115,724
query_head,0,116,753
query_head,0,117,749
query_head,0,118,755
query_head,0,119,800
query_head,0,120,764
query_head,0,121,681
query_head,0,122,758
query_head,0,123,742
query_head,0,124,808
query_head,0,125,955
query_head,0,126,1255
query_head,0,127,2080
query_head,0,128,11040
query_head,1,0,52177
query_head,1,1,11346
query_head,1,2,6881
query_head,1,3,5200
query_head,1,4,4192
query_head,1,5,3473
query_head,1,6,3159
query_head,1,7,2828
query_head,1,8,2521
query_head,1,9,2299
query_head,1,10,2157
query_head,1,11,2096
query_head,1,12,1923
query_head,1,13,1800
query_head,1,14,1742
query_head,1,15,1554
query_head,1,16,1530
query_head,1,17,1400
query_head,1,18,1299
query_head,1,19,1279
query_head,1,20,1208
query_head,1,21,1163
query_head,1,22,1187
query_head,1,23,1097
query_head,1,24,1025
query_head,1,25,1003
query_head,1,26,986
query_head,1,27,928
query_head,1,28,934
query_head,1,29,936
query_head,1,30,907
query_head,1,31,821
query_head,1,32,792
query_head,1,33,815
query_head,1,34,755
query_head,1,35,767
query_head,1,36,744
query_head,1,37,758
query_head,1,38,720
query_head,1,39,658
query_head,1,40,666
query_head,1,41,646
query_head,1,42,691
query_head,1,43,643
query_head,1,44,615
query_head,1,45,640
query_head,1,46,614
query_head,1,47,590
query_head,1,48,631
query_head,1,49,515
query_head,1,50,633
query_head,1,51,581
query_head,1,52,599
query_head,1,53,568
query_head,1,54,592
query_head,1,55,602
query_head,1,56,553
query_head,1,57,501
query_head,1,58,570
query_head,1,59,514
query_head,1,60,549
query_head,1,61,548
query_head,1,62,544
query_head,1,63,532
query_head,1,64,504
query_head,1,65,528
query_head,1,66,496
query_head,1,67,484
query_head,1,68,507
query_head,1,69,456
query_head,1,70,477
query_head,1,71,474
query_head,1,72,453
query_head,1,73,482
query_head,1,74,438
query_head,1,75,449
query_head,1,76,433
query_head,1,77,434
query_head,1,78,414
query_head,1,79,441
query_head,1,80,449
query_head,1,81,445
query_head,1,82,444
query_head,1,83,423
query_head,1,84,389
query_head,1,85,408
query_head,1,86,416
query_head,1,87,402
query_head,1,88,416
query_head,1,89,442
query_head,1,90,463
query_head,1,91,412
query_head,1,92,417
query_head,1,93,415
query_head,1,94,398
query_head,1,95,434
query_head,1,96,422
query_head,1,97,447
query_head,1,98,453
query_head,1,99,449
query_head,1,100,451
query_head,1,101,463
query_head,1,102,471
query_head,1,103,501
query_head,1,104,533
query_head,1,105,506
query_head,1,106,490
query_head,1,107,490
query_head,1,108,487
query_head,1,109,545
query_head,1,110,580
query_head,1,111,539
query_head,1,112,590
query_head,1,113,592
query_head,1,114,591
query_head,1,115,637
query_head,1,116,628
query_head,1,117,709
query_head,1,118,710
query_head,1,119,708
query_head,1,120,770
query_head,1,121,760
query_head,1,122,883
query_head,1,123,950
query_head,1,124,1088
query_head,1,125,1382
query_head,1,126,1819
query_head,1,127,2585
query_head,1,128,15939
query_head,10,0,58474
query_head,10,1,11436
query_head,10,2,6880
query_head,10,3,5113
query_head,10,4,4019
query_head,10,5,3308
query_head,10,6,2862
query_head,10,7,2460
query_head,10,8,2269
query_head,10,9,1991
query_head,10,10,1864
query_head,10,11,1750
query_head,10,12,1631
query_head,10,13,1529
query_head,10,14,1449
query_head,10,15,1351
query_head,10,16,1241
query_head,10,17,1195
query_head,10,18,1110
query_head,10,19,1075
query_head,10,20,1067
query_head,10,21,1052
query_head,10,22,1005
query_head,10,23,939
query_head,10,24,855
query_head,10,25,848
query_head,10,26,799
query_head,10,27,813
query_head,10,28,753
query_head,10,29,800
query_head,10,30,766
query_head,10,31,699
query_head,10,32,719
query_head,10,33,746
query_head,10,34,643
query_head,10,35,669
query_head,10,36,677
query_head,10,37,609
query_head,10,38,606
query_head,10,39,649
query_head,10,40,588
query_head,10,41,606
query_head,10,42,631
query_head,10,43,605
query_head,10,44,544
query_head,10,45,574
query_head,10,46,538
query_head,10,47,595
query_head,10,48,563
query_head,10,49,530
query_head,10,50,543
query_head,10,51,573
query_head,10,52,550
query_head,10,53,534
query_head,10,54,531
query_head,10,55,522
query_head,10,56,510
query_head,10,57,561
query_head,10,58,554
query_head,10,59,477
query_head,10,60,513
query_head,10,61,490
query_head,10,62,494
query_head,10,63,503
query_head,10,64,498
query_head,10,65,519
query_head,10,66,514
query_head,10,67,479
query_head,10,68,497
query_head,10,69,460
query_head,10,70,502
query_head,10,71,442
query_head,10,72,450
query_head,10,73,441
query_head,10,74,445
query_head,10,75,419
query_head,10,76,453
query_head,10,77,430
query_head,10,78,477
query_head,10,79,382
query_head,10,80,376
query_head,10,81,426
query_head,10,82,425
query_head,10,83,442
query_head,10,84,396
query_head,10,85,449
query_head,10,86,450
query_head,10,87,405
query_head,10,88,451
query_head,10,89,435
query_head,10,90,449
query_head,10,91,413
query_head,10,92,457
query_head,10,93,489
query_head,10,94,422
query_head,10,95,396
query_head,10,96,477
query_head,10,97,511
query_head,10,98,444
query_head,10,99,442
query_head,10,100,482
query_head,10,101,481
query_head,10,102,473
query_head,10,103,477
query_head,10,104,483
query_head,10,105,483
query_head,10,106,544
query_head,10,107,529
query_head,10,108,534
query_head,10,109,544
query_head,10,110,474
query_head,10,111,526
query_head,10,112,515
query_head,10,113,547
query_head,10,114,580
query_head,10,115,619
query_head,10,116,640
query_head,10,117,675
query_head,10,118,732
query_head,10,119,764
query_head,10,120,850
query_head,10,121,889
query_head,10,122,976
query_head,10,123,1138
query_head,10,124,1242
query_head,10,125,1683
query_head,10,126,1878
query_head,10,127,2941
query_head,10,128,15896
query_head,11,0,54357
query_head,11,1,12070
query_head,11,2,7350
query_head,11,3,5187
query_head,11,4,4184
query_head,11,5,3444
query_head,11,6,2950
query_head,11,7,2575
query_head,11,8,2314
query_head,11,9,2124
query_head,11,10,1915
query_head,11,11,1730
query_head,11,12,1654
query_head,11,13,1547
query_head,11,14,1470
query_head,11,15,1332
query_head,11,16,1309
query_head,11,17,1323
query_head,11,18,1256
query_head,11,19,1153
query_head,11,20,1096
query_head,11,21,974
query_head,11,22,1032
query_head,11,23,938
query_head,11,24,906
query_head,11,25,904
query_head,11,26,913
query_head,11,27,902
query_head,11,28,866
query_head,11,29,820
query_head,11,30,800
query_head,11,31,762
query_head,11,32,804
query_head,11,33,745
query_head,11,34,697
query_head,11,35,697
query_head,11,36,676
query_head,11,37,657
query_head,11,38,642
query_head,11,39,632
query_head,11,40,608
query_head,11,41,643
query_head,11,42,617
query_head,11,43,590
query_head,11,44,601
query_head,11,45,549
query_head,11,46,582
query_head,11,47,555
query_head,11,48,597
query_head,11,49,565
query_head,11,50,555
query_head,11,51,537
query_head,11,52,529
query_head,11,53,532
query_head,11,54,515
query_head,11,55,519
query_head,11,56,503
query_head,11,57,515
query_head,11,58,515
query_head,11,59,521
query_head,11,60,516
query_head,11,61,514
query_head,11,62,541
query_head,11,63,489
query_head,11,64,609
query_head,11,65,545
query_head,11,66,493
query_head,11,67,481
query_head,11,68,485
query_head,11,69,502
query_head,11,70,457
query_head,11,71,463
query_head,11,72,499
query_head,11,73,466
query_head,11,74,451
query_head,11,75,469
query_head,11,76,432
query_head,11,77,438
query_head,11,78,459
query_head,11,79,459
query_head,11,80,445
query_head,11,81,431
query_head,11,82,440
query_head,11,83,431
query_head,11,84,410
query_head,11,85,422
query_head,11,86,429
query_head,11,87,437
query_head,11,88,432
query_head,11,89,442
query_head,11,90,476
query_head,11,91,447
query_head,11,92,439
query_head,11,93,473
query_head,11,94,468
query_head,11,95,455
query_head,11,96,484
query_head,11,97,416
query_head,11,98,451
query_head,11,99,483
query_head,11,100,503
query_head,11,101,475
query_head,11,102,487
query_head,11,103,480
query_head,11,104,511
query_head,11,105,516
query_head,11,106,507
query_head,11,107,501
query_head,11,108,524
query_head,11,109,488
query_head,11,110,546
query_head,11,111,554
query_head,11,112,613
query_head,11,113,617
query_head,11,114,604
query_head,11,115,685
query_head,11,116,601
query_head,11,117,653
query_head,11,118,739
query_head,11,119,753
query_head,11,120,797
query_head,11,121,825
query_head,11,122,917
query_head,11,123,927
query_head,11,124,1155
query_head,11,125,1318
query_head,11,126,1596
query_head,11,127,2657
query_head,11,128,17525
query_head,12,0,52184
query_head,12,1,10677
query_head,12,2,7021
query_head,12,3,5306
query_head,12,4,4325
query_head,12,5,3759
query_head,12,6,3288
query_head,12,7,2891
query_head,12,8,2550
query_head,12,9,2256
query_head,12,10,2018
query_head,12,11,1944
query_head,12,12,1715
query_head,12,13,1532
query_head,12,14,1465
query_head,12,15,1453
query_head,12,16,1367
query_head,12,17,1294
query_head,12,18,1233
query_head,12,19,1192
query_head,12,20,1198
query_head,12,21,1119
query_head,12,22,1038
query_head,12,23,953
query_head,12,24,968
query_head,12,25,943
query_head,12,26,913
query_head,12,27,908
query_head,12,28,813
query_head,12,29,843
query_head,12,30,869
query_head,12,31,803
query_head,12,32,755
query_head,12,33,705
query_head,12,34,743
query_head,12,35,770
query_head,12,36,687
query_head,12,37,697
query_head,12,38,657
query_head,12,39,702
query_head,12,40,632
query_head,12,41,644
query_head,12,42,663
query_head,12,43,682
query_head,12,44,643
query_head,12,45,627
query_head,12,46,620
query_head,12,47,635
query_head,12,48,627
query_head,12,49,606
query_head,12,50,625
query_head,12,51,592
query_head,12,52,567
query_head,12,53,576
query_head,12,54,587
query_head,12,55,534
query_head,12,56,571
query_head,12,57,547
query_head,12,58,501
query_head,12,59,546
query_head,12,60,533
query_head,12,61,498
query_head,12,62,488
query_head,12,63,467
query_head,12,64,492
query_head,12,65,530
query_head,12,66,446
query_head,12,67,433
query_head,12,68,467
query_head,12,69,436
query_head,12,70,428
query_head,12,71,429
query_head,12,72,401
query_head,12,73,463
query_head,12,74,450
query_head,12,75,436
query_head,12,76,455
query_head,12,77,427
query_head,12,78,414
query_head,12,79,421
query_head,12,80,481
query_head,12,81,420
query_head,12,82,458
query_head,12,83,440
query_head,12,84,425
query_head,12,85,404
query_head,12,86,409
query_head,12,87,411
query_head,12,88,452
query_head,12,89,439
query_head,12,90,474
query_head,12,91,458
query_head,12,92,413
query_head,12,93,454
query_head,12,94,439
query_head,12,95,410
query_head,12,96,451
query_head,12,97,458
query_head,12,98,472
query_head,12,99,430
query_head,12,100,462
query_head,12,101,454
query_head,12,102,485
query_head,12,103,506
query_head,12,104,462
query_head,12,105,499
query_head,12,106,511
query_head,12,107,555
query_head,12,108,590
query_head,12,109,553
query_head,12,110,622
query_head,12,111,614
query_head,12,112,645
query_head,12,113,656
query_head,12,114,673
query_head,12,115,729
query_head,12,116,722
query_head,12,117,846
query_head,12,118,866
query_head,12,119,891
query_head,12,120,969
query_head,12,121,1022
query_head,12,122,1081
query_head,12,123,1162
query_head,12,124,1238
query_head,12,125,1420
query_head,12,126,1953
query_head,12,127,2897
query_head,12,128,16034
query_head,13,0,50036
query_head,13,1,11256
query_head,13,2,7168
query_head,13,3,5474
query_head,13,4,4305
query_head,13,5,3724
query_head,13,6,3189
query_head,13,7,2785
query_head,13,8,2558
query_head,13,9,2358
query_head,13,10,2224
query_head,13,11,1951
query_head,13,12,1852
query_head,13,13,1704
query_head,13,14,1616
query_head,13,15,1564
query_head,13,16,1458
query_head,13,17,1430
query_head,13,18,1357
query_head,13,19,1219
query_head,13,20,1257
query_head,13,21,1193
query_head,13,22,1184
query_head,13,23,1048
query_head,13,24,1047
query_head,13,25,1011
query_head,13,26,977
query_head,13,27,929
query_head,13,28,961
query_head,13,29,933
query_head,13,30,883
query_head,13,31,869
query_head,13,32,844
query_head,13,33,815
query_head,13,34,769
query_head,13,35,826
query_head,13,36,760
query_head,13,37,724
query_head,13,38,702
query_head,13,39,661
query_head,13,40,670
query_head,13,41,666
query_head,13,42,646
query_head,13,43,645
query_head,13,44,616
query_head,13,45,610
query_head,13,46,592
query_head,13,47,575
query_head,13,48,599
query_head,13,49,562
query_head,13,50,538
query_head,13,51,569
query_head,13,52,581
query_head,13,53,518
query_head,13,54,529
query_head,13,55,522
query_head,13,56,511
query_head,13,57,510
query_head,13,58,544
query_head,13,59,499
query_head,13,60,482
query_head,13,61,520
query_head,13,62,515
query_head,13,63,517
query_head,13,64,526
query_head,13,65,476
query_head,13,66,472
query_head,13,67,481
query_head,13,68,453
query_head,13,69,470
query_head,13,70,479
query_head,13,71,428
query_head,13,72,438
query_head,13,73,417
query_head,13,74,488
query_head,13,75,430
query_head,13,76,426
query_head,13,77,430
query_head,13,78,413
query_head,13,79,440
query_head,13,80,423
query_head,13,81,413
query_head,13,82,415
query_head,13,83,385
query_head,13,84,440
query_head,13,85,382
query_head,13,86,421
query_head,13,87,441
query_head,13,88,431
query_head,13,89,415
query_head,13,90,411
query_head,13,91,423
query_head,13,92,402
query_head,13,93,393
query_head,13,94,430
query_head,13,95,449
query_head,13,96,404
query_head,13,97,429
query_head,13,98,411
query_head,13,99,431
query_head,13,100,432
query_head,13,101,401
query_head,13,102,443
query_head,13,103,494
query_head,13,104,483
query_head,13,105,460
query_head,13,106,489
query_head,13,107,493
query_head,13,108,497
query_head,13,109,460
query_head,13,110,511
query_head,13,111,526
query_head,13,112,546
query_head,13,113,564
query_head,13,114,585
query_head,13,115,605
query_head,13,116,659
query_head,13,117,639
query_head,13,118,722
query_head,13,119,765
query_head,13,120,861
query_head,13,121,908
query_head,13,122,1025
query_head,13,123,1081
query_head,13,124,1446
query_head,13,125,1509
query_head,13,126,1842
query_head,13,127,2411
query_head,13,128,17978
query_head,14,0,51819
query_head,14,1,11326
query_head,14,2,7531
query_head,14,3,5451
query_head,14,4,4300
query_head,14,5,3595
query_head,14,6,3128
query_head,14,7,2676
query_head,14,8,2442
query_head,14,9,2184
query_head,14,10,2017
query_head,14,11,1877
query_head,14,12,1739
query_head,14,13,1581
query_head,14,14,1587
query_head,14,15,1395
query_head,14,16,1309
query_head,14,17,1273
query_head,14,18,1173
query_head,14,19,1140
query_head,14,20,1114
query_head,14,21,1003
query_head,14,22,995
query_head,14,23,909
query_head,14,24,943
query_head,14,25,893
query_head,14,26,873
query_head,14,27,856
query_head,14,28,806
query_head,14,29,789
query_head,14,30,743
query_head,14,31,745
query_head,14,32,717
query_head,14,33,696
query_head,14,34,682
query_head,14,35,633
query_head,14,36,654
query_head,14,37,660
query_head,14,38,626
query_head,14,39,618
query_head,14,40,575
query_head,14,41,631
query_head,14,42,590
query_head,14,43,560
query_head,14,44,567
query_head,14,45,558
query_head,14,46,574
query_head,14,47,544
query_head,14,48,533
query_head,14,49,572
query_head,14,50,539
query_head,14,51,520
query_head,14,52,527
query_head,14,53,513
query_head,14,54,551
query_head,14,55,555
query_head,14,56,523
query_head,14,57,556
query_head,14,58,567
query_head,14,59,506
query_head,14,60,499
query_head,14,61,565
query_head,14,62,510
query_head,14,63,485
query_head,14,64,521
query_head,14,65,498
query_head,14,66,547
query_head,14,67,467
query_head,14,68,484
query_head,14,69,480
query_head,14,70,506
query_head,14,71,461
query_head,14,72,468
query_head,14,73,484
query_head,14,74,475
query_head,14,75,453
query_head,14,76,463
query_head,14,77,448
query_head,14,78,444
query_head,14,79,512
query_head,14,80,442
query_head,14,81,438
query_head,14,82,486
query_head,14,83,446
query_head,14,84,461
query_head,14,85,443
query_head,14,86,464
query_head,14,87,454
query_head,14,88,434
query_head,14,89,429
query_head,14,90,493
query_head,14,91,491
query_head,14,92,487
query_head,14,93,472
query_head,14,94,477
query_head,14,95,485
query_head,14,96,479
query_head,14,97,470
query_head,14,98,486
query_head,14,99,518
query_head,14,100,488
query_head,14,101,506
query_head,14,102,498
query_head,14,103,532
query_head,14,104,510
query_head,14,105,507
query_head,14,106,527
query_head,14,107,530
query_head,14,108,540
query_head,14,109,525
query_head,14,110,606
query_head,14,111,625
query_head,14,112,637
query_head,14,113,607
query_head,14,114,634
query_head,14,115,680
query_head,14,116,704
query_head,14,117,753
query_head,14,118,759
query_head,14,119,803
query_head,14,120,843
query_head,14,121,899
query_head,14,122,982
query_head,14,123,1037
query_head,14,124,1217
query_head,14,125,1481
query_head,14,126,1864
query_head,14,127,2670
query_head,14,128,17960
query_head,15,0,58895
query_head,15,1,10845
query_head,15,2,6734
query_head,15,3,5003
query_head,15,4,4028
query_head,15,5,3434
query_head,15,6,2978
query_head,15,7,2538
query_head,15,8,2268
query_head,15,9,2050
query_head,15,10,1873
query_head,15,11,1748
query_head,15,12,1591
query_head,15,13,1483
query_head,15,14,1383
query_head,15,15,1353
query_head,15,16,1343
query_head,15,17,1225
query_head,15,18,1204
query_head,15,19,1081
query_head,15,20,1055
query_head,15,21,944
query_head,15,22,997
query_head,15,23,970
query_head,15,24,884
query_head,15,25,939
query_head,15,26,896
query_head,15,27,790
query_head,15,28,819
query_head,15,29,758
query_head,15,30,765
query_head,15,31,796
query_head,15,32,739
query_head,15,33,711
query_head,15,34,700
query_head,15,35,684
query_head,15,36,641
query_head,15,37,687
query_head,15,38,660
query_head,15,39,642
query_head,15,40,616
query_head,15,41,587
query_head,15,42,600
query_head,15,43,645
query_head,15,44,523
query_head,15,45,572
query_head,15,46,549
query_head,15,47,538
query_head,15,48,526
query_head,15,49,547
query_head,15,50,544
query_head,15,51,506
query_head,15,52,522
query_head,15,53,498
query_head,15,54,497
query_head,15,55,528
query_head,15,56,464
query_head,15,57,489
query_head,15,58,494
query_head,15,59,515
query_head,15,60,485
query_head,15,61,483
query_head,15,62,489
query_head,15,63,500
query_head,15,64,480
query_head,15,65,531
query_head,15,66,482
query_head,15,67,485
query_head,15,68,413
query_head,15,69,473
query_head,15,70,428
query_head,15,71,453
query_head,15,72,441
query_head,15,73,448
query_head,15,74,429
query_head,15,75,434
query_head,15,76,454
query_head,15,77,419
query_head,15,78,427
query_head,15,79,428
query_head,15,80,409
query_head,15,81,414
query_head,15,82,397
query_head,15,83,420
query_head,15,84,400
query_head,15,85,385
query_head,15,86,404
query_head,15,87,436
query_head,15,88,400
query_head,15,89,424
query_head,15,90,447
query_head,15,91,420
query_head,15,92,434
query_head,15,93,447
query_head,15,94,456
query_head,15,95,459
query_head,15,96,476
query_head,15,97,471
query_head,15,98,452
query_head,15,99,437
query_head,15,100,469
query_head,15,101,521
query_head,15,102,534
query_head,15,103,518
query_head,15,104,542
query_head,15,105,513
query_head,15,106,531
query_head,15,107,554
query_head,15,108,572
query_head,15,109,598
query_head,15,110,586
query_head,15,111,618
query_head,15,112,616
query_head,15,113,727
query_head,15,114,711
query_head,15,115,719
query_head,15,116,756
query_head,15,117,772
query_head,15,118,806
query_head,15,119,802
query_head,15,120,860
query_head,15,121,892
query_head,15,122,967
query_head,15,123,1075
query_head,15,124,1237
query_head,15,125,1574
query_head,15,126,2175
query_head,15,127,3120
query_head,15,128,14579
query_head,16,0,53399
query_head,16,1,10916
query_head,16,2,7187
query_head,16,3,5112
query_head,16,4,4111
query_head,16,5,3405
query_head,16,6,2998
query_head,16,7,2636
query_head,16,8,2323
query_head,16,9,2151
query_head,16,10,2002
query_head,16,11,1805
query_head,16,12,1689
query_head,16,13,1569
query_head,16,14,1496
query_head,16,15,1425
query_head,16,16,1348
query_head,16,17,1239
query_head,16,18,1180
query_head,16,19,1139
query_head,16,20,1128
query_head,16,21,1130
query_head,16,22,1103
query_head,16,23,1044
query_head,16,24,942
query_head,16,25,946
query_head,16,26,922
query_head,16,27,886
query_head,16,28,904
query_head,16,29,829
query_head,16,30,836
query_head,16,31,849
query_head,16,32,786
query_head,16,33,749
query_head,16,34,737
query_head,16,35,755
query_head,16,36,677
query_head,16,37,741
query_head,16,38,703
query_head,16,39,677
query_head,16,40,707
query_head,16,41,703
query_head,16,42,614
query_head,16,43,637
query_head,16,44,642
query_head,16,45,656
query_head,16,46,559
query_head,16,47,559
query_head,16,48,583
query_head,16,49,551
query_head,16,50,581
query_head,16,51,553
query_head,16,52,555
query_head,16,53,584
query_head,16,54,526
query_head,16,55,531
query_head,16,56,544
query_head,16,57,482
query_head,16,58,514
query_head,16,59,536
query_head,16,60,503
query_head,16,61,539
query_head,16,62,455
query_head,16,63,504
query_head,16,64,497
query_head,16,65,514
query_head,16,66,488
query_head,16,67,485
query_head,16,68,481
query_head,16,69,457
query_head,16,70,473
query_head,16,71,504
query_head,16,72,416
query_head,16,73,500
query_head,16,74,447
query_head,16,75,442
query_head,16,76,457
query_head,16,77,439
query_head,16,78,464
query_head,16,79,429
query_head,16,80,407
query_head,16,81,416
query_head,16,82,382
query_head,16,83,454
query_head,16,84,432
query_head,16,85,432
query_head,16,86,443
query_head,16,87,445
query_head,16,88,457
query_head,16,89,465
query_head,16,90,450
query_head,16,91,398
query_head,16,92,411
query_head,16,93,426
query_head,16,94,423
query_head,16,95,452
query_head,16,96,433
query_head,16,97,426
query_head,16,98,418
query_head,16,99,465
query_head,16,100,473
query_head,16,101,451
query_head,16,102,438
query_head,16,103,502
query_head,16,104,488
query_head,16,105,523
query_head,16,106,503
query_head,16,107,512
query_head,16,108,501
query_head,16,109,544
query_head,16,110,587
query_head,16,111,584
query_head,16,112,623
query_head,16,113,672
query_head,16,114,712
query_head,16,115,670
query_head,16,116,724
query_head,16,117,753
query_head,16,118,775
query_head,16,119,825
query_head,16,120,830
query_head,16,121,938
query_head,16,122,1020
query_head,16,123,1110
query_head,16,124,1227
query_head,16,125,1381
query_head,16,126,1711
query_head,16,127,2389
query_head,16,128,17922
query_head,17,0,54604
query_head,17,1,10882
query_head,17,2,6895
query_head,17,3,5080
query_head,17,4,4160
query_head,17,5,3637
query_head,17,6,3160
query_head,17,7,2760
query_head,17,8,2463
query_head,17,9,2189
query_head,17,10,2030
query_head,17,11,1937
query_head,17,12,1790
query_head,17,13,1645
query_head,17,14,1567
query_head,17,15,1498
query_head,17,16,1427
query_head,17,17,1304
query_head,17,18,1204
query_head,17,19,1223
query_head,17,20,1130
query_head,17,21,1034
query_head,17,22,1029
query_head,17,23,954
query_head,17,24,961
query_head,17,25,908
query_head,17,26,877
query_head,17,27,855
query_head,17,28,793
query_head,17,29,849
query_head,17,30,770
query_head,17,31,757
query_head,17,32,715
query_head,17,33,730
query_head,17,34,654
query_head,17,35,672
query_head,17,36,654
query_head,17,37,656
query_head,17,38,670
query_head,17,39,635
query_head,17,40,657
query_head,17,41,631
query_head,17,42,607
query_head,17,43,635
query_head,17,44,577
query_head,17,45,583
query_head,17,46,563
query_head,17,47,608
query_head,17,48,584
query_head,17,49,535
query_head,17,50,539
query_head,17,51,565
query_head,17,52,581
query_head,17,53,570
query_head,17,54,491
query_head,17,55,536
query_head,17,56,513
query_head,17,57,501
query_head,17,58,502
query_head,17,59,561
query_head,17,60,517
query_head,17,61,549
query_head,17,62,533
query_head,17,63,623
query_head,17,64,539
query_head,17,65,483
query_head,17,66,546
query_head,17,67,514
query_head,17,68,474
query_head,17,69,527
query_head,17,70,473
query_head,17,71,473
query_head,17,72,495
query_head,17,73,501
query_head,17,74,491
query_head,17,75,511
query_head,17,76,472
query_head,17,77,477
query_head,17,78,489
query_head,17,79,474
query_head,17,80,500
query_head,17,81,448
query_head,17,82,490
query_head,17,83,447
query_head,17,84,482
query_head,17,85,467
query_head,17,86,486
query_head,17,87,456
query_head,17,88,478
query_head,17,89,470
query_head,17,90,523
query_head,17,91,465
query_head,17,92,515
query_head,17,93,486
query_head,17,94,468
query_head,17,95,479
query_head,17,96,485
query_head,17,97,484
query_head,17,98,504
query_head,17,99,494
query_head,17,100,540
query_head,17,101,491
query_head,17,102,517
query_head,17,103,509
query_head,17,104,516
query_head,17,105,513
query_head,17,106,524
query_head,17,107,543
query_head,17,108,531
query_head,17,109,589
query_head,17,110,597
query_head,17,111,637
query_head,17,112,651
query_head,17,113,611
query_head,17,114,652
query_head,17,115,717
query_head,17,116,695
query_head,17,117,722
query_head,17,118,774
query_head,17,119,882
query_head,17,120,831
query_head,17,121,958
query_head,17,122,1043
query_head,17,123,1217
query_head,17,124,1344
query_head,17,125,1485
query_head,17,126,1967
query_head,17,127,2750
query_head,17,128,13917
query_head,18,0,54188
query_head,18,1,11217
query_head,18,2,7280
query_head,18,3,5112
query_head,18,4,4081
query_head,18,5,3465
query_head,18,6,3076
query_head,18,7,2532
query_head,18,8,2364
query_head,18,9,2105
query_head,18,10,1914
query_head,18,11,1781
query_head,18,12,1675
query_head,18,13,1553
query_head,18,14,1441
query_head,18,15,1437
query_head,18,16,1295
query_head,18,17,1235
query_head,18,18,1165
query_head,18,19,1138
query_head,18,20,1097
query_head,18,21,1083
query_head,18,22,1032
query_head,18,23,944
query_head,18,24,862
query_head,18,25,920
query_head,18,26,899
query_head,18,27,857
query_head,18,28,776
query_head,18,29,789
query_head,18,30,809
query_head,18,31,768
query_head,18,32,710
query_head,18,33,703
query_head,18,34,714
query_head,18,35,702
query_head,18,36,658
query_head,18,37,645
query_head,18,38,637
query_head,18,39,654
query_head,18,40,626
query_head,18,41,667
query_head,18,42,626
query_head,18,43,658
query_head,18,44,625
query_head,18,45,598
query_head,18,46,595
query_head,18,47,635
query_head,18,48,571
query_head,18,49,603
query_head,18,50,586
query_head,18,51,573
query_head,18,52,624
query_head,18,53,598
query_head,18,54,547
query_head,18,55,605
query_head,18,56,617
query_head,18,57,620
query_head,18,58,602
query_head,18,59,566
query_head,18,60,596
query_head,18,61,631
query_head,18,62,550
query_head,18,63,594
query_head,18,64,577
query_head,18,65,612
query_head,18,66,528
query_head,18,67,560
query_head,18,68,529
query_head,18,69,525
query_head,18,70,510
query_head,18,71,511
query_head,18,72,492
query_head,18,73,533
query_head,18,74,479
query_head,18,75,516
query_head,18,76,501
query_head,18,77,461
query_head,18,78,465
query_head,18,79,494
query_head,18,80,462
query_head,18,81,458
query_head,18,82,517
query_head,18,83,473
query_head,18,84,466
query_head,18,85,450
query_head,18,86,430
query_head,18,87,464
query_head,18,88,444
query_head,18,89,464
query_head,18,90,504
query_head,18,91,490
query_head,18,92,434
query_head,18,93,461
query_head,18,94,446
query_head,18,95,517
query_head,18,96,493
query_head,18,97,492
query_head,18,98,479
query_head,18,99,481
query_head,18,100,479
query_head,18,101,480
query_head,18,102,539
query_head,18,103,511
query_head,18,104,525
query_head,18,105,518
query_head,18,106,531
query_head,18,107,563
query_head,18,108,490
query_head,18,109,548
query_head,18,110,560
query_head,18,111,575
query_head,18,112,638
query_head,18,113,632
query_head,18,114,666
query_head,18,115,709
query_head,18,116,780
query_head,18,117,849
query_head,18,118,839
query_head,18,119,1004
query_head,18,120,1044
query_head,18,121,1118
query_head,18,122,1265
query_head,18,123,1339
query_head,18,124,1445
query_head,18,125,1574
query_head,18,126,1916
query_head,18,127,2424
query_head,18,128,13503
query_head,19,0,57325
query_head,19,1,11426
query_head,19,2,7223
query_head,19,3,5169
query_head,19,4,4166
query_head,19,5,3496
query_head,19,6,3003
query_head,19,7,2604
query_head,19,8,2415
query_head,19,9,2182
query_head,19,10,1863
query_head,19,11,1790
query_head,19,12,1698
query_head,19,13,1527
query_head,19,14,1441
query_head,19,15,1386
query_head,19,16,1293
query_head,19,17,1230
query_head,19,18,1173
query_head,19,19,1135
query_head,19,20,1003
query_head,19,21,1032
query_head,19,22,965
query_head,19,23,951
query_head,19,24,906
query_head,19,25,840
query_head,19,26,824
query_head,19,27,841
query_head,19,28,761
query_head,19,29,794
query_head,19,30,769
query_head,19,31,696
query_head,19,32,669
query_head,19,33,642
query_head,19,34,660
query_head,19,35,664
query_head,19,36,634
query_head,19,37,641
query_head,19,38,652
query_head,19,39,604
query_head,19,40,575
query_head,19,41,548
query_head,19,42,594
query_head,19,43,526
query_head,19,44,527
query_head,19,45,501
query_head,19,46,536
query_head,19,47,525
query_head,19,48,528
query_head,19,49,507
query_head,19,50,497
query_head,19,51,512
query_head,19,52,509
query_head,19,53,489
query_head,19,54,512
query_head,19,55,487
query_head,19,56,488
query_head,19,57,492
query_head,19,58,504
query_head,19,59,466
query_head,19,60,465
query_head,19,61,503
query_head,19,62,451
query_head,19,63,485
query_head,19,64,499
query_head,19,65,445
query_head,19,66,426
query_head,19,67,470
query_head,19,68,419
query_head,19,69,440
query_head,19,70,413
query_head,19,71,431
query_head,19,72,413
query_head,19,73,429
query_head,19,74,443
query_head,19,75,430
query_head,19,76,439
query_head,19,77,400
query_head,19,78,419
query_head,19,79,435
query_head,19,80,433
query_head,19,81,385
query_head,19,82,421
query_head,19,83,432
query_head,19,84,435
query_head,19,85,431
query_head,19,86,436
query_head,19,87,426
query_head,19,88,425
query_head,19,89,419
query_head,19,90,399
query_head,19,91,408
query_head,19,92,430
query_head,19,93,402
query_head,19,94,423
query_head,19,95,406
query_head,19,96,430
query_head,19,97,408
query_head,19,98,420
query_head,19,99,418
query_head,19,100,416
query_head,19,101,450
query_head,19,102,454
query_head,19,103,427
query_head,19,104,423
query_head,19,105,432
query_head,19,106,478
query_head,19,107,441
query_head,19,108,504
query_head,19,109,492
query_head,19,110,481
query_head,19,111,525
query_head,19,112,521
query_head,19,113,563
query_head,19,114,571
query_head,19,115,569
query_head,19,116,641
query_head,19,117,706
query_head,19,118,713
query_head,19,119,795
query_head,19,120,784
query_head,19,121,900
query_head,19,122,949
query_head,19,123,1055
query_head,19,124,1177
query_head,19,125,1350
query_head,19,126,1779
query_head,19,127,2661
query_head,19,128,18693
query_head,2,0,48283
query_head,2,1,11229
query_head,2,2,7154
query_head,2,3,5494
query_head,2,4,4383
query_head,2,5,3516
query_head,2,6,3241
query_head,2,7,2756
query_head,2,8,2425
query_head,2,9,2280
query_head,2,10,1972
query_head,2,11,1853
query_head,2,12,1785
query_head,2,13,1702
query_head,2,14,1512
query_head,2,15,1442
query_head,2,16,1350
query_head,2,17,1272
query_head,2,18,1300
query_head,2,19,1197
query_head,2,20,1098
query_head,2,21,1062
query_head,2,22,1039
query_head,2,23,972
query_head,2,24,920
query_head,2,25,934
query_head,2,26,833
query_head,2,27,823
query_head,2,28,810
query_head,2,29,785
query_head,2,30,766
query_head,2,31,735
query_head,2,32,704
query_head,2,33,703
query_head,2,34,706
query_head,2,35,672
query_head,2,36,671
query_head,2,37,613
query_head,2,38,635
query_head,2,39,612
query_head,2,40,598
query_head,2,41,601
query_head,2,42,615
query_head,2,43,593
query_head,2,44,551
query_head,2,45,521
query_head,2,46,544
query_head,2,47,542
query_head,2,48,532
query_head,2,49,525
query_head,2,50,552
query_head,2,51,536
query_head,2,52,500
query_head,2,53,508
query_head,2,54,481
query_head,2,55,504
query_head,2,56,487
query_head,2,57,481
query_head,2,58,482
query_head,2,59,503
query_head,2,60,503
query_head,2,61,477
query_head,2,62,462
query_head,2,63,468
query_head,2,64,497
query_head,2,65,476
query_head,2,66,474
query_head,2,67,481
query_head,2,68,459
query_head,2,69,464
query_head,2,70,460
query_head,2,71,472
query_head,2,72,437
query_head,2,73,456
query_head,2,74,445
query_head,2,75,461
query_head,2,76,433
query_head,2,77,439
query_head,2,78,460
query_head,2,79,470
query_head,2,80,472
query_head,2,81,422
query_head,2,82,441
query_head,2,83,435
query_head,2,84,424
query_head,2,85,473
query_head,2,86,433
query_head,2,87,433
query_head,2,88,428
query_head,2,89,422
query_head,2,90,469
query_head,2,91,459
query_head,2,92,439
query_head,2,93,488
query_head,2,94,467
query_head,2,95,470
query_head,2,96,485
query_head,2,97,484
query_head,2,98,458
query_head,2,99,480
query_head,2,100,452
query_head,2,101,502
query_head,2,102,499
query_head,2,103,564
query_head,2,104,490
query_head,2,105,540
query_head,2,106,537
query_head,2,107,555
query_head,2,108,558
query_head,2,109,549
query_head,2,110,622
query_head,2,111,609
query_head,2,112,634
query_head,2,113,620
query_head,2,114,682
query_head,2,115,763
query_head,2,116,816
query_head,2,117,821
query_head,2,118,813
query_head,2,119,876
query_head,2,120,1051
query_head,2,121,981
query_head,2,122,1169
query_head,2,123,1255
query_head,2,124,1401
query_head,2,125,1751
query_head,2,126,2407
query_head,2,127,3768
query_head,2,128,19052
query_head,20,0,57519
query_head,20,1,11111
query_head,20,2,6742
query_head,20,3,5040
query_head,20,4,4054
query_head,20,5,3418
query_head,20,6,2985
query_head,20,7,2571
query_head,20,8,2335
query_head,20,9,2180
query_head,20,10,1932
query_head,20,11,1833
query_head,20,12,1676
query_head,20,13,1609
query_head,20,14,1480
query_head,20,15,1477
query_head,20,16,1366
query_head,20,17,1298
query_head,20,18,1219
query_head,20,19,1148
query_head,20,20,1049
query_head,20,21,1050
query_head,20,22,1004
query_head,20,23,960
query_head,20,24,889
query_head,20,25,882
query_head,20,26,854
query_head,20,27,841
query_head,20,28,845
query_head,20,29,770
query_head,20,30,707
query_head,20,31,720
query_head,20,32,707
query_head,20,33,715
query_head,20,34,663
query_head,20,35,626
query_head,20,36,663
query_head,20,37,626
query_head,20,38,567
query_head,20,39,606
query_head,20,40,565
query_head,20,41,591
query_head,20,42,597
query_head,20,43,582
query_head,20,44,541
query_head,20,45,553
query_head,20,46,518
query_head,20,47,574
query_head,20,48,504
query_head,20,49,574
query_head,20,50,546
query_head,20,51,546
query_head,20,52,498
query_head,20,53,530
query_head,20,54,531
query_head,20,55,516
query_head,20,56,477
query_head,20,57,504
query_head,20,58,505
query_head,20,59,499
query_head,20,60,515
query_head,20,61,521
query_head,20,62,560
query_head,20,63,547
query_head,20,64,553
query_head,20,65,508
query_head,20,66,490
query_head,20,67,521
query_head,20,68,483
query_head,20,69,474
query_head,20,70,465
query_head,20,71,478
query_head,20,72,489
query_head,20,73,482
query_head,20,74,459
query_head,20,75,488
query_head,20,76,429
query_head,20,77,476
query_head,20,78,471
query_head,20,79,429
query_head,20,80,460
query_head,20,81,447
query_head,20,82,461
query_head,20,83,448
query_head,20,84,475
query_head,20,85,438
query_head,20,86,456
query_head,20,87,448
query_head,20,88,474
query_head,20,89,485
query_head,20,90,477
query_head,20,91,472
query_head,20,92,468
query_head,20,93,518
query_head,20,94,504
query_head,20,95,485
query_head,20,96,494
query_head,20,97,494
query_head,20,98,476
query_head,20,99,511
query_head,20,100,498
query_head,20,101,555
query_head,20,102,474
query_head,20,103,497
query_head,20,104,500
query_head,20,105,539
query_head,20,106,567
query_head,20,107,565
query_head,20,108,561
query_head,20,109,609
query_head,20,110,620
query_head,20,111,618
query_head,20,112,629
query_head,20,113,703
query_head,20,114,673
query_head,20,115,696
query_head,20,116,664
query_head,20,117,713
query_head,20,118,766
query_head,20,119,725
query_head,20,120,799
query_head,20,121,869
query_head,20,122,973
query_head,20,123,1075
query_head,20,124,1122
query_head,20,125,1390
query_head,20,126,1757
query_head,20,127,2503
query_head,20,128,15131
query_head,21,0,52572
query_head,21,1,11433
query_head,21,2,6998
query_head,21,3,5144
query_head,21,4,4143
query_head,21,5,3532
query_head,21,6,3064
query_head,21,7,2660
query_head,21,8,2548
query_head,21,9,2272
query_head,21,10,2108
query_head,21,11,1974
query_head,21,12,1757
query_head,21,13,1702
query_head,21,14,1680
query_head,21,15,1565
query_head,21,16,1355
query_head,21,17,1420
query_head,21,18,1278
query_head,21,19,1178
query_head,21,20,1122
query_head,21,21,1086
query_head,21,22,1015
query_head,21,23,1047
query_head,21,24,1048
query_head,21,25,942
query_head,21,26,998
query_head,21,27,866
query_head,21,28,911
query_head,21,29,836
query_head,21,30,877
query_head,21,31,802
query_head,21,32,801
query_head,21,33,780
query_head,21,34,700
query_head,21,35,757
query_head,21,36,714
query_head,21,37,753
query_head,21,38,743
query_head,21,39,686
query_head,21,40,705
query_head,21,41,685
query_head,21,42,692
query_head,21,43,712
query_head,21,44,691
query_head,21,45,689
query_head,21,46,708
query_head,21,47,697
query_head,21,48,758
query_head,21,49,712
query_head,21,50,696
query_head,21,51,624
query_head,21,52,689
query_head,21,53,670
query_head,21,54,685
query_head,21,55,656
query_head,21,56,621
query_head,21,57,634
query_head,21,58,582
query_head,21,59,588
query_head,21,60,573
query_head,21,61,593
query_head,21,62,667
query_head,21,63,611
query_head,21,64,565
query_head,21,65,608
query_head,21,66,540
query_head,21,67,553
query_head,21,68,513
query_head,21,69,521
query_head,21,70,526
query_head,21,71,495
query_head,21,72,527
query_head,21,73,489
query_head,21,74,452
query_head,21,75,489
query_head,21,76,514
query_head,21,77,521
query_head,21,78,508
query_head,21,79,461
query_head,21,80,489
query_head,21,81,457
query_head,21,82,483
query_head,21,83,485
query_head,21,84,505
query_head,21,85,527
query_head,21,86,491
query_head,21,87,498
query_head,21,88,471
query_head,21,89,480
query_head,21,90,486
query_head,21,91,527
query_head,21,92,476
query_head,21,93,454
query_head,21,94,490
query_head,21,95,481
query_head,21,96,453
query_head,21,97,467
query_head,21,98,496
query_head,21,99,482
query_head,21,100,502
query_head,21,101,449
query_head,21,102,483
query_head,21,103,466
query_head,21,104,463
query_head,21,105,496
query_head,21,106,509
query_head,21,107,469
query_head,21,108,470
query_head,21,109,526
query_head,21,110,567
query_head,21,111,557
query_head,21,112,560
query_head,21,113,597
query_head,21,114,586
query_head,21,115,663
query_head,21,116,696
query_head,21,117,750
query_head,21,118,742
query_head,21,119,807
query_head,21,120,789
query_head,21,121,884
query_head,21,122,906
query_head,21,123,961
query_head,21,124,976
query_head,21,125,1218
query_head,21,126,1605
query_head,21,127,2322
query_head,21,128,13804
query_head,22,0,57775
query_head,22,1,11489
query_head,22,2,7048
query_head,22,3,5166
query_head,22,4,4027
query_head,22,5,3405
query_head,22,6,3040
query_head,22,7,2684
query_head,22,8,2342
query_head,22,9,2046
query_head,22,10,1873
query_head,22,11,1768
query_head,22,12,1676
query_head,22,13,1526
query_head,22,14,1449
query_head,22,15,1362
query_head,22,16,1373
query_head,22,17,1176
query_head,22,18,1144
query_head,22,19,1082
query_head,22,20,1030
query_head,22,21,1037
query_head,22,22,1014
query_head,22,23,984
query_head,22,24,851
query_head,22,25,784
query_head,22,26,840
query_head,22,27,781
query_head,22,28,834
query_head,22,29,769
query_head,22,30,773
query_head,22,31,732
query_head,22,32,770
query_head,22,33,695
query_head,22,34,668
query_head,22,35,654
query_head,22,36,674
query_head,22,37,637
query_head,22,38,662
query_head,22,39,605
query_head,22,40,621
query_head,22,41,587
query_head,22,42,615
query_head,22,43,595
query_head,22,44,585
query_head,22,45,543
query_head,22,46,535
query_head,22,47,544
query_head,22,48,505
query_head,22,49,564
query_head,22,50,538
query_head,22,51,535
query_head,22,52,483
query_head,22,53,532
query_head,22,54,479
query_head,22,55,522
query_head,22,56,517
query_head,22,57,491
query_head,22,58,461
query_head,22,59,514
query_head,22,60,517
query_head,22,61,501
query_head,22,62,520
query_head,22,63,492
query_head,22,64,488
query_head,22,65,495
query_head,22,66,439
query_head,22,67,500
query_head,22,68,512
query_head,22,69,464
query_head,22,70,479
query_head,22,71,478
query_head,22,72,450
query_head,22,73,454
query_head,22,74,448
query_head,22,75,482
query_head,22,76,469
query_head,22,77,469
query_head,22,78,404
query_head,22,79,418
query_head,22,80,466
query_head,22,81,462
query_head,22,82,441
query_head,22,83,436
query_head,22,84,468
query_head,22,85,385
query_head,22,86,464
query_head,22,87,423
query_head,22,88,474
query_head,22,89,424
query_head,22,90,410
query_head,22,91,434
query_head,22,92,386
query_head,22,93,452
query_head,22,94,453
query_head,22,95,414
query_head,22,96,423
query_head,22,97,414
query_head,22,98,462
query_head,22,99,436
query_head,22,100,460
query_head,22,101,489
query_head,22,102,462
query_head,22,103,442
query_head,22,104,442
query_head,22,105,474
query_head,22,106,468
query_head,22,107,492
query_head,22,108,527
query_head,22,109,510
query_head,22,110,508
query_head,22,111,527
query_head,22,112,573
query_head,22,113,550
query_head,22,114,581
query_head,22,115,634
query_head,22,116,649
query_head,22,117,659
query_head,22,118,718
query_head,22,119,738
query_head,22,120,725
query_head,22,121,771
query_head,22,122,829
query_head,22,123,947
query_head,22,124,1107
query_head,22,125,1237
query_head,22,126,1617
query_head,22,127,2428
query_head,22,128,17827
query_head,23,0,53247
query_head,23,1,10736
query_head,23,2,6961
query_head,23,3,4972
query_head,23,4,4074
query_head,23,5,3437
query_head,23,6,3025
query_head,23,7,2677
query_head,23,8,2450
query_head,23,9,2254
query_head,23,10,1978
query_head,23,11,1833
query_head,23,12,1752
query_head,23,13,1689
query_head,23,14,1610
query_head,23,15,1472
query_head,23,16,1418
query_head,23,17,1290
query_head,23,18,1272
query_head,23,19,1256
query_head,23,20,1201
query_head,23,21,1173
query_head,23,22,1109
query_head,23,23,1071
query_head,23,24,1033
query_head,23,25,966
query_head,23,26,909
query_head,23,27,934
query_head,23,28,915
query_head,23,29,846
query_head,23,30,828
query_head,23,31,896
query_head,23,32,828
query_head,23,33,816
query_head,23,34,829
query_head,23,35,798
query_head,23,36,703
query_head,23,37,722
query_head,23,38,735
query_head,23,39,705
query_head,23,40,671
query_head,23,41,695
query_head,23,42,669
query_head,23,43,666
query_head,23,44,678
query_head,23,45,653
query_head,23,46,638
query_head,23,47,665
query_head,23,48,617
query_head,23,49,599
query_head,23,50,620
query_head,23,51,626
query_head,23,52,629
query_head,23,53,583
query_head,23,54,562
query_head,23,55,580
query_head,23,56,545
query_head,23,57,574
query_head,23,58,486
query_head,23,59,527
query_head,23,60,518
query_head,23,61,582
query_head,23,62,493
query_head,23,63,538
query_head,23,64,528
query_head,23,65,571
query_head,23,66,532
query_head,23,67,523
query_head,23,68,504
query_head,23,69,509
query_head,23,70,485
query_head,23,71,481
query_head,23,72,440
query_head,23,73,543
query_head,23,74,488
query_head,23,75,428
query_head,23,76,484
query_head,23,77,459
query_head,23,78,500
query_head,23,79,448
query_head,23,80,462
query_head,23,81,466
query_head,23,82,454
query_head,23,83,476
query_head,23,84,509
query_head,23,85,463
query_head,23,86,507
query_head,23,87,465
query_head,23,88,485
query_head,23,89,461
query_head,23,90,473
query_head,23,91,480
query_head,23,92,487
query_head,23,93,489
query_head,23,94,470
query_head,23,95,466
query_head,23,96,448
query_head,23,97,496
query_head,23,98,478
query_head,23,99,533
query_head,23,100,488
query_head,23,101,493
query_head,23,102,477
query_head,23,103,529
query_head,23,104,537
query_head,23,105,534
query_head,23,106,547
query_head,23,107,559
query_head,23,108,583
query_head,23,109,589
query_head,23,110,506
query_head,23,111,640
query_head,23,112,596
query_head,23,113,588
query_head,23,114,629
query_head,23,115,645
query_head,23,116,665
query_head,23,117,669
query_head,23,118,699
query_head,23,119,704
query_head,23,120,709
query_head,23,121,823
query_head,23,122,886
query_head,23,123,1035
query_head,23,124,1145
query_head,23,125,1240
query_head,23,126,1805
query_head,23,127,2388
query_head,23,128,15575
query_head,24,0,52471
query_head,24,1,11482
query_head,24,2,6992
query_head,24,3,5129
query_head,24,4,4066
query_head,24,5,3452
query_head,24,6,2944
query_head,24,7,2672
query_head,24,8,2367
query_head,24,9,2187
query_head,24,10,1981
query_head,24,11,1794
query_head,24,12,1693
query_head,24,13,1588
query_head,24,14,1425
query_head,24,15,1393
query_head,24,16,1274
query_head,24,17,1255
query_head,24,18,1080
query_head,24,19,1124
query_head,24,20,1039
query_head,24,21,1003
query_head,24,22,981
query_head,24,23,952
query_head,24,24,936
query_head,24,25,946
query_head,24,26,861
query_head,24,27,844
query_head,24,28,776
query_head,24,29,788
query_head,24,30,786
query_head,24,31,770
query_head,24,32,742
query_head,24,33,743
query_head,24,34,718
query_head,24,35,694
query_head,24,36,628
query_head,24,37,658
query_head,24,38,654
query_head,24,39,633
query_head,24,40,610
query_head,24,41,592
query_head,24,42,631
query_head,24,43,590
query_head,24,44,584
query_head,24,45,593
query_head,24,46,573
query_head,24,47,596
query_head,24,48,584
query_head,24,49,536
query_head,24,50,588
query_head,24,51,516
query_head,24,52,535
query_head,24,53,548
query_head,24,54,507
query_head,24,55,525
query_head,24,56,524
query_head,24,57,513
query_head,24,58,524
query_head,24,59,542
query_head,24,60,511
query_head,24,61,551
query_head,24,62,525
query_head,24,63,508
query_head,24,64,520
query_head,24,65,528
query_head,24,66,540
query_head,24,67,524
query_head,24,68,468
query_head,24,69,486
query_head,24,70,453
query_head,24,71,470
query_head,24,72,460
query_head,24,73,450
query_head,24,74,444
query_head,24,75,447
query_head,24,76,443
query_head,24,77,423
query_head,24,78,430
query_head,24,79,463
query_head,24,80,428
query_head,24,81,457
query_head,24,82,432
query_head,24,83,452
query_head,24,84,448
query_head,24,85,417
query_head,24,86,403
query_head,24,87,443
query_head,24,88,439
query_head,24,89,416
query_head,24,90,443
query_head,24,91,439
query_head,24,92,434
query_head,24,93,486
query_head,24,94,423
query_head,24,95,504
query_head,24,96,466
query_head,24,97,420
query_head,24,98,437
query_head,24,99,455
query_head,24,100,428
query_head,24,101,460
query_head,24,102,508
query_head,24,103,473
query_head,24,104,497
query_head,24,105,442
query_head,24,106,514
query_head,24,107,461
query_head,24,108,510
query_head,24,109,534
query_head,24,110,541
query_head,24,111,591
query_head,24,112,614
query_head,24,113,604
query_head,24,114,613
query_head,24,115,684
query_head,24,116,625
query_head,24,117,677
query_head,24,118,666
query_head,24,119,703
query_head,24,120,815
query_head,24,121,824
query_head,24,122,905
query_head,24,123,1028
query_head,24,124,1241
query_head,24,125,1509
query_head,24,126,2100
query_head,24,127,3268
query_head,24,128,19555
query_head,25,0,61080
query_head,25,1,11244
query_head,25,2,6711
query_head,25,3,4753
query_head,25,4,3839
query_head,25,5,3248
query_head,25,6,2790
query_head,25,7,2492
query_head,25,8,2098
query_head,25,9,1911
query_head,25,10,1864
query_head,25,11,1661
query_head,25,12,1567
query_head,25,13,1469
query_head,25,14,1379
query_head,25,15,1273
query_head,25,16,1274
query_head,25,17,1181
query_head,25,18,1069
query_head,25,19,1061
query_head,25,20,1063
query_head,25,21,976
query_head,25,22,943
query_head,25,23,931
query_head,25,24,914
query_head,25,25,806
query_head,25,26,844
query_head,25,27,766
query_head,25,28,790
query_head,25,29,827
query_head,25,30,713
query_head,25,31,694
query_head,25,32,685
query_head,25,33,732
query_head,25,34,650
query_head,25,35,710
query_head,25,36,658
query_head,25,37,622
query_head,25,38,598
query_head,25,39,631
query_head,25,40,648
query_head,25,41,586
query_head,25,42,575
query_head,25,43,588
query_head,25,44,592
query_head,25,45,591
query_head,25,46,569
query_head,25,47,529
query_head,25,48,537
query_head,25,49,523
query_head,25,50,530
query_head,25,51,508
query_head,25,52,506
query_head,25,53,474
query_head,25,54,492
query_head,25,55,499
query_head,25,56,489
query_head,25,57,443
query_head,25,58,470
query_head,25,59,499
query_head,25,60,460
query_head,25,61,479
query_head,25,62,472
query_head,25,63,567
query_head,25,64,515
query_head,25,65,440
query_head,25,66,450
query_head,25,67,420
query_head,25,68,444
query_head,25,69,434
query_head,25,70,441
query_head,25,71,459
query_head,25,72,387
query_head,25,73,391
query_head,25,74,437
query_head,25,75,402
query_head,25,76,393
query_head,25,77,425
query_head,25,78,396
query_head,25,79,369
query_head,25,80,401
query_head,25,81,408
query_head,25,82,399
query_head,25,83,432
query_head,25,84,417
query_head,25,85,407
query_head,25,86,391
query_head,25,87,393
query_head,25,88,418
query_head,25,89,409
query_head,25,90,390
query_head,25,91,420
query_head,25,92,435
query_head,25,93,433
query_head,25,94,400
query_head,25,95,432
query_head,25,96,405
query_head,25,97,405
query_head,25,98,462
query_head,25,99,426
query_head,25,100,448
query_head,25,101,443
query_head,25,102,466
query_head,25,103,432
query_head,25,104,415
query_head,25,105,468
query_head,25,106,514
query_head,25,107,528
query_head,25,108,514
query_head,25,109,512
query_head,25,110,591
query_head,25,111,518
query_head,25,112,564
query_head,25,113,590
query_head,25,114,583
query_head,25,115,637
query_head,25,116,713
query_head,25,117,739
query_head,25,118,757
query_head,25,119,820
query_head,25,120,799
query_head,25,121,856
query_head,25,122,993
query_head,25,123,1109
query_head,25,124,1286
query_head,25,125,1569
query_head,25,126,2075
query_head,25,127,3446
query_head,25,128,15994
query_head,26,0,53703
query_head,26,1,10665
query_head,26,2,6461
query_head,26,3,4855
query_head,26,4,3913
query_head,26,5,3395
query_head,26,6,2968
query_head,26,7,2659
query_head,26,8,2422
query_head,26,9,2209
query_head,26,10,2048
query_head,26,11,1788
query_head,26,12,1739
query_head,26,13,1664
query_head,26,14,1605
query_head,26,15,1473
query_head,26,16,1410
query_head,26,17,1362
query_head,26,18,1287
query_head,26,19,1230
query_head,26,20,1160
query_head,26,21,1063
query_head,26,22,1081
query_head,26,23,1016
query_head,26,24,1038
query_head,26,25,1025
query_head,26,26,973
query_head,26,27,900
query_head,26,28,874
query_head,26,29,834
query_head,26,30,824
query_head,26,31,811
query_head,26,32,789
query_head,26,33,779
query_head,26,34,774
query_head,26,35,749
query_head,26,36,653
query_head,26,37,699
query_head,26,38,731
query_head,26,39,702
query_head,26,40,721
query_head,26,41,632
query_head,26,42,668
query_head,26,43,669
query_head,26,44,648
query_head,26,45,623
query_head,26,46,615
query_head,26,47,647
query_head,26,48,592
query_head,26,49,565
query_head,26,50,588
query_head,26,51,560
query_head,26,52,542
query_head,26,53,582
query_head,26,54,561
query_head,26,55,499
query_head,26,56,525
query_head,26,57,546
query_head,26,58,582
query_head,26,59,531
query_head,26,60,544
query_head,26,61,551
query_head,26,62,538
query_head,26,63,626
query_head,26,64,521
query_head,26,65,518
query_head,26,66,579
query_head,26,67,484
query_head,26,68,491
query_head,26,69,487
query_head,26,70,482
query_head,26,71,417
query_head,26,72,466
query_head,26,73,434
query_head,26,74,473
query_head,26,75,447
query_head,26,76,445
query_head,26,77,471
query_head,26,78,465
query_head,26,79,486
query_head,26,80,499
query_head,26,81,431
query_head,26,82,459
query_head,26,83,468
query_head,26,84,445
query_head,26,85,459
query_head,26,86,430
query_head,26,87,424
query_head,26,88,449
query_head,26,89,461
query_head,26,90,426
query_head,26,91,459
query_head,26,92,410
query_head,26,93,438
query_head,26,94,439
query_head,26,95,433
query_head,26,96,408
query_head,26,97,429
query_head,26,98,462
query_head,26,99,479
query_head,26,100,405
query_head,26,101,448
query_head,26,102,450
query_head,26,103,464
query_head,26,104,466
query_head,26,105,496
query_head,26,106,470
query_head,26,107,529
query_head,26,108,534
query_head,26,109,472
query_head,26,110,547
query_head,26,111,553
query_head,26,112,546
query_head,26,113,580
query_head,26,114,561
query_head,26,115,617
query_head,26,116,571
query_head,26,117,636
query_head,26,118,683
query_head,26,119,759
query_head,26,120,787
query_head,26,121,813
query_head,26,122,911
query_head,26,123,982
query_head,26,124,1065
query_head,26,125,1301
query_head,26,126,1635
query_head,26,127,2416
query_head,26,128,18851
query_head,27,0,55828
query_head,27,1,11636
query_head,27,2,7235
query_head,27,3,5442
query_head,27,4,4101
query_head,27,5,3422
query_head,27,6,2997
query_head,27,7,2637
query_head,27,8,2354
query_head,27,9,2133
query_head,27,10,2022
query_head,27,11,1759
query_head,27,12,1648
query_head,27,13,1540
query_head,27,14,1491
query_head,27,15,1339
query_head,27,16,1249
query_head,27,17,1254
query_head,27,18,1079
query_head,27,19,1025
query_head,27,20,1110
query_head,27,21,1035
query_head,27,22,949
query_head,27,23,986
query_head,27,24,917
query_head,27,25,864
query_head,27,26,878
query_head,27,27,832
query_head,27,28,838
query_head,27,29,743
query_head,27,30,766
query_head,27,31,741
query_head,27,32,759
query_head,27,33,697
query_head,27,34,714
query_head,27,35,678
query_head,27,36,697
query_head,27,37,741
query_head,27,38,631
query_head,27,39,608
query_head,27,40,611
query_head,27,41,654
query_head,27,42,686
query_head,27,43,607
query_head,27,44,621
query_head,27,45,613
query_head,27,46,576
query_head,27,47,544
query_head,27,48,575
query_head,27,49,554
query_head,27,50,537
query_head,27,51,508
query_head,27,52,541
query_head,27,53,505
query_head,27,54,513
query_head,27,55,489
query_head,27,56,477
query_head,27,57,490
query_head,27,58,516
query_head,27,59,481
query_head,27,60,485
query_head,27,61,481
query_head,27,62,501
query_head,27,63,506
query_head,27,64,550
query_head,27,65,584
query_head,27,66,524
query_head,27,67,504
query_head,27,68,476
query_head,27,69,448
query_head,27,70,512
query_head,27,71,437
query_head,27,72,431
query_head,27,73,483
query_head,27,74,423
query_head,27,75,449
query_head,27,76,485
query_head,27,77,441
query_head,27,78,456
query_head,27,79,394
query_head,27,80,409
query_head,27,81,433
query_head,27,82,405
query_head,27,83,405
query_head,27,84,444
query_head,27,85,386
query_head,27,86,426
query_head,27,87,409
query_head,27,88,430
query_head,27,89,440
query_head,27,90,410
query_head,27,91,399
query_head,27,92,379
query_head,27,93,430
query_head,27,94,425
query_head,27,95,427
query_head,27,96,393
query_head,27,97,409
query_head,27,98,427
query_head,27,99,451
query_head,27,100,442
query_head,27,101,437
query_head,27,102,428
query_head,27,103,431
query_head,27,104,482
query_head,27,105,462
query_head,27,106,486
query_head,27,107,495
query_head,27,108,490
query_head,27,109,520
query_head,27,110,525
query_head,27,111,508
query_head,27,112,493
query_head,27,113,553
query_head,27,114,575
query_head,27,115,578
query_head,27,116,651
query_head,27,117,686
query_head,27,118,730
query_head,27,119,791
query_head,27,120,854
query_head,27,121,885
query_head,27,122,1000
query_head,27,123,1159
query_head,27,124,1426
query_head,27,125,1534
query_head,27,126,2038
query_head,27,127,3004
query_head,27,128,16565
query_head,28,0,52425
query_head,28,1,10944
query_head,28,2,6997
query_head,28,3,5232
query_head,28,4,4431
query_head,28,5,3715
query_head,28,6,3324
query_head,28,7,2874
query_head,28,8,2639
query_head,28,9,2498
query_head,28,10,2219
query_head,28,11,2038
query_head,28,12,1935
query_head,28,13,1796
query_head,28,14,1694
query_head,28,15,1624
query_head,28,16,1470
query_head,28,17,1417
query_head,28,18,1355
query_head,28,19,1307
query_head,28,20,1244
query_head,28,21,1175
query_head,28,22,1099
query_head,28,23,1043
query_head,28,24,1007
query_head,28,25,996
query_head,28,26,912
query_head,28,27,929
query_head,28,28,857
query_head,28,29,804
query_head,28,30,806
query_head,28,31,782
query_head,28,32,766
query_head,28,33,785
query_head,28,34,702
query_head,28,35,719
query_head,28,36,637
query_head,28,37,638
query_head,28,38,624
query_head,28,39,714
query_head,28,40,627
query_head,28,41,626
query_head,28,42,606
query_head,28,43,633
query_head,28,44,550
query_head,28,45,561
query_head,28,46,579
query_head,28,47,570
query_head,28,48,530
query_head,28,49,535
query_head,28,50,551
query_head,28,51,584
query_head,28,52,553
query_head,28,53,521
query_head,28,54,517
query_head,28,55,514
query_head,28,56,535
query_head,28,57,524
query_head,28,58,517
query_head,28,59,550
query_head,28,60,541
query_head,28,61,576
query_head,28,62,599
query_head,28,63,618
query_head,28,64,555
query_head,28,65,551
query_head,28,66,509
query_head,28,67,544
query_head,28,68,533
query_head,28,69,490
query_head,28,70,505
query_head,28,71,518
query_head,28,72,445
query_head,28,73,477
query_head,28,74,492
query_head,28,75,457
query_head,28,76,499
query_head,28,77,482
query_head,28,78,468
query_head,28,79,515
query_head,28,80,501
query_head,28,81,502
query_head,28,82,465
query_head,28,83,493
query_head,28,84,444
query_head,28,85,503
query_head,28,86,455
query_head,28,87,461
query_head,28,88,513
query_head,28,89,462
query_head,28,90,507
query_head,28,91,482
query_head,28,92,508
query_head,28,93,484
query_head,28,94,459
query_head,28,95,471
query_head,28,96,495
query_head,28,97,478
query_head,28,98,451
query_head,28,99,510
query_head,28,100,454
query_head,28,101,472
query_head,28,102,478
query_head,28,103,473
query_head,28,104,507
query_head,28,105,486
query_head,28,106,547
query_head,28,107,505
query_head,28,108,503
query_head,28,109,514
query_head,28,110,537
query_head,28,111,563
query_head,28,112,584
query_head,28,113,575
query_head,28,114,576
query_head,28,115,595
query_head,28,116,659
query_head,28,117,684
query_head,28,118,644
query_head,28,119,717
query_head,28,120,733
query_head,28,121,771
query_head,28,122,904
query_head,28,123,974
query_head,28,124,1097
query_head,28,125,1386
query_head,28,126,1590
query_head,28,127,2477
query_head,28,128,15229
query_head,29,0,57465
query_head,29,1,11124
query_head,29,2,6921
query_head,29,3,5048
query_head,29,4,4170
query_head,29,5,3427
query_head,29,6,3017
query_head,29,7,2559
query_head,29,8,2390
query_head,29,9,2132
query_head,29,10,1906
query_head,29,11,1882
query_head,29,12,1708
query_head,29,13,1510
query_head,29,14,1404
query_head,29,15,1416
query_head,29,16,1280
query_head,29,17,1207
query_head,29,18,1157
query_head,29,19,1122
query_head,29,20,1075
query_head,29,21,1030
query_head,29,22,941
query_head,29,23,953
query_head,29,24,953
query_head,29,25,918
query_head,29,26,880
query_head,29,27,788
query_head,29,28,816
query_head,29,29,839
query_head,29,30,799
query_head,29,31,768
query_head,29,32,724
query_head,29,33,687
query_head,29,34,741
query_head,29,35,620
query_head,29,36,665
query_head,29,37,637
query_head,29,38,662
query_head,29,39,639
query_head,29,40,607
query_head,29,41,622
query_head,29,42,643
query_head,29,43,616
query_head,29,44,616
query_head,29,45,571
query_head,29,46,680
query_head,29,47,576
query_head,29,48,506
query_head,29,49,563
query_head,29,50,534
query_head,29,51,531
query_head,29,52,549
query_head,29,53,518
query_head,29,54,515
query_head,29,55,580
query_head,29,56,502
query_head,29,57,508
query_head,29,58,546
query_head,29,59,533
query_head,29,60,498
query_head,29,61,493
query_head,29,62,539
query_head,29,63,505
query_head,29,64,531
query_head,29,65,508
query_head,29,66,513
query_head,29,67,476
query_head,29,68,459
query_head,29,69,508
query_head,29,70,468
query_head,29,71,450
query_head,29,72,473
query_head,29,73,426
query_head,29,74,455
query_head,29,75,432
query_head,29,76,458
query_head,29,77,438
query_head,29,78,449
query_head,29,79,431
query_head,29,80,449
query_head,29,81,385
query_head,29,82,462
query_head,29,83,422
query_head,29,84,429
query_head,29,85,435
query_head,29,86,435
query_head,29,87,424
query_head,29,88,450
query_head,29,89,396
query_head,29,90,441
query_head,29,91,428
query_head,29,92,404
query_head,29,93,425
query_head,29,94,494
query_head,29,95,452
query_head,29,96,420
query_head,29,97,451
query_head,29,98,492
query_head,29,99,439
query_head,29,100,493
query_head,29,101,489
query_head,29,102,453
query_head,29,103,446
query_head,29,104,482
query_head,29,105,476
query_head,29,106,529
query_head,29,107,524
query_head,29,108,551
query_head,29,109,526
query_head,29,110,498
query_head,29,111,526
query_head,29,112,555
query_head,29,113,575
query_head,29,114,618
query_head,29,115,640
query_head,29,116,698
query_head,29,117,722
query_head,29,118,780
query_head,29,119,825
query_head,29,120,787
query_head,29,121,830
query_head,29,122,968
query_head,29,123,1062
query_head,29,124,1204
query_head,29,125,1340
query_head,29,126,1744
query_head,29,127,2396
query_head,29,128,16332
query_head,3,0,55034
query_head,3,1,12011
query_head,3,2,7353
query_head,3,3,5260
query_head,3,4,4244
query_head,3,5,3483
query_head,3,6,2983
query_head,3,7,2603
query_head,3,8,2360
query_head,3,9,2083
query_head,3,10,1944
query_head,3,11,1792
query_head,3,12,1719
query_head,3,13,1616
query_head,3,14,1418
query_head,3,15,1379
query_head,3,16,1256
query_head,3,17,1244
query_head,3,18,1168
query_head,3,19,1140
query_head,3,20,1116
query_head,3,21,1006
query_head,3,22,1014
query_head,3,23,965
query_head,3,24,905
query_head,3,25,904
query_head,3,26,897
query_head,3,27,847
query_head,3,28,834
query_head,3,29,777
query_head,3,30,785
query_head,3,31,811
query_head,3,32,784
query_head,3,33,755
query_head,3,34,739
query_head,3,35,701
query_head,3,36,651
query_head,3,37,708
query_head,3,38,684
query_head,3,39,671
query_head,3,40,683
query_head,3,41,635
query_head,3,42,652
query_head,3,43,655
query_head,3,44,630
query_head,3,45,642
query_head,3,46,596
query_head,3,47,575
query_head,3,48,558
query_head,3,49,572
query_head,3,50,535
query_head,3,51,536
query_head,3,52,526
query_head,3,53,515
query_head,3,54,577
query_head,3,55,494
query_head,3,56,505
query_head,3,57,554
query_head,3,58,541
query_head,3,59,524
query_head,3,60,558
query_head,3,61,545
query_head,3,62,543
query_head,3,63,535
query_head,3,64,550
query_head,3,65,583
query_head,3,66,532
query_head,3,67,515
query_head,3,68,534
query_head,3,69,518
query_head,3,70,511
query_head,3,71,554
query_head,3,72,512
query_head,3,73,555
query_head,3,74,492
query_head,3,75,524
query_head,3,76,488
query_head,3,77,504
query_head,3,78,489
query_head,3,79,497
query_head,3,80,435
query_head,3,81,479
query_head,3,82,456
query_head,3,83,520
query_head,3,84,486
query_head,3,85,452
query_head,3,86,450
query_head,3,87,490
query_head,3,88,486
query_head,3,89,461
query_head,3,90,490
query_head,3,91,508
query_head,3,92,455
query_head,3,93,501
query_head,3,94,462
query_head,3,95,499
query_head,3,96,490
query_head,3,97,448
query_head,3,98,493
query_head,3,99,472
query_head,3,100,514
query_head,3,101,496
query_head,3,102,514
query_head,3,103,543
query_head,3,104,527
query_head,3,105,529
query_head,3,106,529
query_head,3,107,536
query_head,3,108,554
query_head,3,109,601
query_head,3,110,626
query_head,3,111,622
query_head,3,112,620
query_head,3,113,620
query_head,3,114,664
query_head,3,115,673
query_head,3,116,764
query_head,3,117,801
query_head,3,118,890
query_head,3,119,903
query_head,3,120,975
query_head,3,121,1070
query_head,3,122,1125
query_head,3,123,1133
query_head,3,124,1206
query_head,3,125,1454
query_head,3,126,1690
query_head,3,127,2254
query_head,3,128,12954
query_head,30,0,64850
query_head,30,1,10221
query_head,30,2,6374
query_head,30,3,4674
query_head,30,4,3737
query_head,30,5,3247
query_head,30,6,2720
query_head,30,7,2408
query_head,30,8,2208
query_head,30,9,1949
query_head,30,10,1787
query_head,30,11,1699
query_head,30,12,1538
query_head,30,13,1505
query_head,30,14,1455
query_head,30,15,1335
query_head,30,16,1298
query_head,30,17,1155
query_head,30,18,1087
query_head,30,19,1026
query_head,30,20,1040
query_head,30,21,922
query_head,30,22,939
query_head,30,23,930
query_head,30,24,819
query_head,30,25,830
query_head,30,26,844
query_head,30,27,759
query_head,30,28,723
query_head,30,29,696
query_head,30,30,756
query_head,30,31,691
query_head,30,32,717
query_head,30,33,645
query_head,30,34,653
query_head,30,35,602
query_head,30,36,626
query_head,30,37,582
query_head,30,38,623
query_head,30,39,580
query_head,30,40,573
query_head,30,41,556
query_head,30,42,565
query_head,30,43,543
query_head,30,44,540
query_head,30,45,508
query_head,30,46,536
query_head,30,47,530
query_head,30,48,533
query_head,30,49,498
query_head,30,50,510
query_head,30,51,472
query_head,30,52,477
query_head,30,53,489
query_head,30,54,474
query_head,30,55,467
query_head,30,56,481
query_head,30,57,431
query_head,30,58,473
query_head,30,59,453
query_head,30,60,477
query_head,30,61,479
query_head,30,62,466
query_head,30,63,460
query_head,30,64,504
query_head,30,65,485
query_head,30,66,467
query_head,30,67,467
query_head,30,68,426
query_head,30,69,455
query_head,30,70,410
query_head,30,71,463
query_head,30,72,467
query_head,30,73,435
query_head,30,74,446
query_head,30,75,412
query_head,30,76,412
query_head,30,77,400
query_head,30,78,396
query_head,30,79,402
query_head,30,80,408
query_head,30,81,383
query_head,30,82,402
query_head,30,83,409
query_head,30,84,406
query_head,30,85,399
query_head,30,86,381
query_head,30,87,424
query_head,30,88,402
query_head,30,89,401
query_head,30,90,433
query_head,30,91,397
query_head,30,92,432
query_head,30,93,448
query_head,30,94,440
query_head,30,95,436
query_head,30,96,419
query_head,30,97,427
query_head,30,98,485
query_head,30,99,465
query_head,30,100,420
query_head,30,101,473
query_head,30,102,481
query_head,30,103,481
query_head,30,104,465
query_head,30,105,508
query_head,30,106,541
query_head,30,107,521
query_head,30,108,495
query_head,30,109,509
query_head,30,110,553
query_head,30,111,553
query_head,30,112,591
query_head,30,113,590
query_head,30,114,682
query_head,30,115,783
query_head,30,116,824
query_head,30,117,830
query_head,30,118,768
query_head,30,119,861
query_head,30,120,919
query_head,30,121,904
query_head,30,122,926
query_head,30,123,1023
query_head,30,124,1132
query_head,30,125,1375
query_head,30,126,1643
query_head,30,127,2474
query_head,30,128,15598
query_head,31,0,53285
query_head,31,1,11560
query_head,31,2,7267
query_head,31,3,5353
query_head,31,4,4300
query_head,31,5,3513
query_head,31,6,3140
query_head,31,7,2735
query_head,31,8,2510
query_head,31,9,2241
query_head,31,10,2068
query_head,31,11,1903
query_head,31,12,1724
query_head,31,13,1582
query_head,31,14,1542
query_head,31,15,1478
query_head,31,16,1359
query_head,31,17,1288
query_head,31,18,1265
query_head,31,19,1192
query_head,31,20,1145
query_head,31,21,1041
query_head,31,22,978
query_head,31,23,976
query_head,31,24,960
query_head,31,25,938
query_head,31,26,887
query_head,31,27,845
query_head,31,28,816
query_head,31,29,811
query_head,31,30,783
query_head,31,31,826
query_head,31,32,741
query_head,31,33,731
query_head,31,34,705
query_head,31,35,683
query_head,31,36,679
query_head,31,37,706
query_head,31,38,639
query_head,31,39,648
query_head,31,40,630
query_head,31,41,637
query_head,31,42,581
query_head,31,43,588
query_head,31,44,636
query_head,31,45,579
query_head,31,46,595
query_head,31,47,537
query_head,31,48,572
query_head,31,49,574
query_head,31,50,559
query_head,31,51,508
query_head,31,52,526
query_head,31,53,557
query_head,31,54,489
query_head,31,55,523
query_head,31,56,506
query_head,31,57,487
query_head,31,58,480
query_head,31,59,482
query_head,31,60,504
query_head,31,61,460
query_head,31,62,474
query_head,31,63,523
query_head,31,64,546
query_head,31,65,531
query_head,31,66,464
query_head,31,67,492
query_head,31,68,458
query_head,31,69,452
query_head,31,70,473
query_head,31,71,470
query_head,31,72,448
query_head,31,73,514
query_head,31,74,455
query_head,31,75,477
query_head,31,76,453
query_head,31,77,439
query_head,31,78,452
query_head,31,79,442
query_head,31,80,477
query_head,31,81,411
query_head,31,82,451
query_head,31,83,450
query_head,31,84,463
query_head,31,85,481
query_head,31,86,457
query_head,31,87,410
query_head,31,88,435
query_head,31,89,422
query_head,31,90,440
query_head,31,91,463
query_head,31,92,406
query_head,31,93,414
query_head,31,94,447
query_head,31,95,464
query_head,31,96,435
query_head,31,97,465
query_head,31,98,479
query_head,31,99,427
query_head,31,100,415
query_head,31,101,438
query_head,31,102,410
query_head,31,103,466
query_head,31,104,463
query_head,31,105,449
query_head,31,106,457
query_head,31,107,469
query_head,31,108,477
query_head,31,109,515
query_head,31,110,487
query_head,31,111,528
query_head,31,112,467
query_head,31,113,505
query_head,31,114,570
query_head,31,115,581
query_head,31,116,569
query_head,31,117,592
query_head,31,118,637
query_head,31,119,675
query_head,31,120,730
query_head,31,121,868
query_head,31,122,886
query_head,31,123,1028
query_head,31,124,1301
query_head,31,125,1369
query_head,31,126,1895
query_head,31,127,2825
query_head,31,128,18223
query_head,4,0,62630
query_head,4,1,11043
query_head,4,2,6828
query_head,4,3,5080
query_head,4,4,3974
query_head,4,5,3360
query_head,4,6,2787
query_head,4,7,2541
query_head,4,8,2266
query_head,4,9,2056
query_head,4,10,1797
query_head,4,11,1723
query_head,4,12,1614
query_head,4,13,1487
query_head,4,14,1373
query_head,4,15,1313
query_head,4,16,1251
query_head,4,17,1177
query_head,4,18,1107
query_head,4,19,1027
query_head,4,20,1026
query_head,4,21,943
query_head,4,22,878
query_head,4,23,853
query_head,4,24,901
query_head,4,25,819
query_head,4,26,801
query_head,4,27,736
query_head,4,28,721
query_head,4,29,730
query_head,4,30,673
query_head,4,31,716
query_head,4,32,685
query_head,4,33,621
query_head,4,34,628
query_head,4,35,609
query_head,4,36,612
query_head,4,37,658
query_head,4,38,631
query_head,4,39,585
query_head,4,40,574
query_head,4,41,558
query_head,4,42,539
query_head,4,43,575
query_head,4,44,516
query_head,4,45,527
query_head,4,46,546
query_head,4,47,517
query_head,4,48,512
query_head,4,49,543
query_head,4,50,518
query_head,4,51,516
query_head,4,52,554
query_head,4,53,504
query_head,4,54,512
query_head,4,55,520
query_head,4,56,483
query_head,4,57,495
query_head,4,58,526
query_head,4,59,520
query_head,4,60,518
query_head,4,61,530
query_head,4,62,495
query_head,4,63,545
query_head,4,64,493
query_head,4,65,508
query_head,4,66,489
query_head,4,67,498
query_head,4,68,473
query_head,4,69,515
query_head,4,70,503
query_head,4,71,507
query_head,4,72,450
query_head,4,73,418
query_head,4,74,472
query_head,4,75,464
query_head,4,76,454
query_head,4,77,443
query_head,4,78,423
query_head,4,79,449
query_head,4,80,440
query_head,4,81,430
query_head,4,82,431
query_head,4,83,439
query_head,4,84,372
query_head,4,85,409
query_head,4,86,427
query_head,4,87,446
query_head,4,88,438
query_head,4,89,447
query_head,4,90,423
query_head,4,91,415
query_head,4,92,420
query_head,4,93,427
query_head,4,94,462
query_head,4,95,440
query_head,4,96,442
query_head,4,97,456
query_head,4,98,457
query_head,4,99,486
query_head,4,100,432
query_head,4,101,410
query_head,4,102,430
query_head,4,103,463
query_head,4,104,442
query_head,4,105,488
query_head,4,106,454
query_head,4,107,507
query_head,4,108,505
query_head,4,109,524
query_head,4,110,522
query_head,4,111,585
query_head,4,112,476
query_head,4,113,557
query_head,4,114,610
query_head,4,115,592
query_head,4,116,617
query_head,4,117,642
query_head,4,118,653
query_head,4,119,682
query_head,4,120,714
query_head,4,121,866
query_head,4,122,920
query_head,4,123,951
query_head,4,124,1082
query_head,4,125,1462
query_head,4,126,1816
query_head,4,127,2576
query_head,4,128,15461
query_head,5,0,59021
query_head,5,1,11323
query_head,5,2,7014
query_head,5,3,5170
query_head,5,4,3986
query_head,5,5,3288
query_head,5,6,2971
query_head,5,7,2521
query_head,5,8,2190
query_head,5,9,2069
query_head,5,10,1859
query_head,5,11,1688
query_head,5,12,1650
query_head,5,13,1493
query_head,5,14,1517
query_head,5,15,1354
query_head,5,16,1262
query_head,5,17,1157
query_head,5,18,1148
query_head,5,19,1091
query_head,5,20,1037
query_head,5,21,954
query_head,5,22,950
query_head,5,23,951
query_head,5,24,848
query_head,5,25,858
query_head,5,26,858
query_head,5,27,829
query_head,5,28,804
query_head,5,29,788
query_head,5,30,823
query_head,5,31,718
query_head,5,32,698
query_head,5,33,712
query_head,5,34,649
query_head,5,35,714
query_head,5,36,628
query_head,5,37,663
query_head,5,38,643
query_head,5,39,594
query_head,5,40,557
query_head,5,41,537
query_head,5,42,588
query_head,5,43,581
query_head,5,44,627
query_head,5,45,593
query_head,5,46,549
query_head,5,47,538
query_head,5,48,534
query_head,5,49,555
query_head,5,50,496
query_head,5,51,525
query_head,5,52,520
query_head,5,53,422
query_head,5,54,482
query_head,5,55,477
query_head,5,56,490
query_head,5,57,485
query_head,5,58,494
query_head,5,59,476
query_head,5,60,463
query_head,5,61,477
query_head,5,62,478
query_head,5,63,492
query_head,5,64,467
query_head,5,65,457
query_head,5,66,469
query_head,5,67,498
query_head,5,68,455
query_head,5,69,453
query_head,5,70,457
query_head,5,71,436
query_head,5,72,389
query_head,5,73,467
query_head,5,74,423
query_head,5,75,422
query_head,5,76,409
query_head,5,77,415
query_head,5,78,440
query_head,5,79,413
query_head,5,80,380
query_head,5,81,400
query_head,5,82,425
query_head,5,83,407
query_head,5,84,392
query_head,5,85,444
query_head,5,86,420
query_head,5,87,429
query_head,5,88,396
query_head,5,89,436
query_head,5,90,408
query_head,5,91,363
query_head,5,92,438
query_head,5,93,384
query_head,5,94,373
query_head,5,95,397
query_head,5,96,384
query_head,5,97,423
query_head,5,98,420
query_head,5,99,449
query_head,5,100,438
query_head,5,101,416
query_head,5,102,412
query_head,5,103,408
query_head,5,104,420
query_head,5,105,478
query_head,5,106,466
query_head,5,107,418
query_head,5,108,448
query_head,5,109,435
query_head,5,110,485
query_head,5,111,523
query_head,5,112,521
query_head,5,113,539
query_head,5,114,616
query_head,5,115,592
query_head,5,116,615
query_head,5,117,674
query_head,5,118,635
query_head,5,119,719
query_head,5,120,747
query_head,5,121,814
query_head,5,122,889
query_head,5,123,995
query_head,5,124,1184
query_head,5,125,1565
query_head,5,126,1783
query_head,5,127,2762
query_head,5,128,18446
query_head,6,0,60177
query_head,6,1,10874
query_head,6,2,7155
query_head,6,3,5211
query_head,6,4,4222
query_head,6,5,3494
query_head,6,6,3054
query_head,6,7,2603
query_head,6,8,2471
query_head,6,9,2176
query_head,6,10,2027
query_head,6,11,1936
query_head,6,12,1717
query_head,6,13,1672
query_head,6,14,1502
query_head,6,15,1373
query_head,6,16,1276
query_head,6,17,1284
query_head,6,18,1188
query_head,6,19,1205
query_head,6,20,1074
query_head,6,21,1067
query_head,6,22,980
query_head,6,23,980
query_head,6,24,959
query_head,6,25,929
query_head,6,26,935
query_head,6,27,859
query_head,6,28,834
query_head,6,29,788
query_head,6,30,740
query_head,6,31,785
query_head,6,32,769
query_head,6,33,746
query_head,6,34,742
query_head,6,35,714
query_head,6,36,690
query_head,6,37,681
query_head,6,38,661
query_head,6,39,647
query_head,6,40,612
query_head,6,41,638
query_head,6,42,612
query_head,6,43,589
query_head,6,44,589
query_head,6,45,583
query_head,6,46,572
query_head,6,47,596
query_head,6,48,571
query_head,6,49,559
query_head,6,50,537
query_head,6,51,553
query_head,6,52,565
query_head,6,53,536
query_head,6,54,555
query_head,6,55,578
query_head,6,56,534
query_head,6,57,498
query_head,6,58,531
query_head,6,59,543
query_head,6,60,537
query_head,6,61,551
query_head,6,62,512
query_head,6,63,560
query_head,6,64,560
query_head,6,65,583
query_head,6,66,478
query_head,6,67,529
query_head,6,68,538
query_head,6,69,488
query_head,6,70,457
query_head,6,71,455
query_head,6,72,462
query_head,6,73,478
query_head,6,74,492
query_head,6,75,485
query_head,6,76,450
query_head,6,77,480
query_head,6,78,469
query_head,6,79,461
query_head,6,80,421
query_head,6,81,464
query_head,6,82,450
query_head,6,83,454
query_head,6,84,438
query_head,6,85,456
query_head,6,86,440
query_head,6,87,471
query_head,6,88,466
query_head,6,89,446
query_head,6,90,415
query_head,6,91,450
query_head,6,92,433
query_head,6,93,428
query_head,6,94,450
query_head,6,95,410
query_head,6,96,444
query_head,6,97,407
query_head,6,98,411
query_head,6,99,428
query_head,6,100,440
query_head,6,101,439
query_head,6,102,475
query_head,6,103,496
query_head,6,104,442
query_head,6,105,474
query_head,6,106,470
query_head,6,107,506
query_head,6,108,496
query_head,6,109,470
query_head,6,110,506
query_head,6,111,541
query_head,6,112,484
query_head,6,113,549
query_head,6,114,538
query_head,6,115,557
query_head,6,116,621
query_head,6,117,590
query_head,6,118,610
query_head,6,119,627
query_head,6,120,664
query_head,6,121,730
query_head,6,122,771
query_head,6,123,798
query_head,6,124,881
query_head,6,125,1067
query_head,6,126,1478
query_head,6,127,2225
query_head,6,128,14308
query_head,7,0,44462
query_head,7,1,11353
query_head,7,2,7465
query_head,7,3,5432
query_head,7,4,4382
query_head,7,5,3706
query_head,7,6,3202
query_head,7,7,2920
query_head,7,8,2603
query_head,7,9,2392
query_head,7,10,2179
query_head,7,11,2009
query_head,7,12,1891
query_head,7,13,1768
query_head,7,14,1612
query_head,7,15,1695
query_head,7,16,1525
query_head,7,17,1447
query_head,7,18,1360
query_head,7,19,1265
query_head,7,20,1154
query_head,7,21,1144
query_head,7,22,1222
query_head,7,23,1106
query_head,7,24,1034
query_head,7,25,1016
query_head,7,26,983
query_head,7,27,968
query_head,7,28,856
query_head,7,29,938
query_head,7,30,855
query_head,7,31,824
query_head,7,32,826
query_head,7,33,824
query_head,7,34,775
query_head,7,35,871
query_head,7,36,790
query_head,7,37,790
query_head,7,38,718
query_head,7,39,743
query_head,7,40,745
query_head,7,41,721
query_head,7,42,681
query_head,7,43,686
query_head,7,44,702
query_head,7,45,683
query_head,7,46,625
query_head,7,47,622
query_head,7,48,633
query_head,7,49,604
query_head,7,50,635
query_head,7,51,618
query_head,7,52,589
query_head,7,53,611
query_head,7,54,614
query_head,7,55,597
query_head,7,56,622
query_head,7,57,589
query_head,7,58,614
query_head,7,59,586
query_head,7,60,589
query_head,7,61,584
query_head,7,62,577
query_head,7,63,570
query_head,7,64,513
query_head,7,65,555
query_head,7,66,570
query_head,7,67,534
query_head,7,68,540
query_head,7,69,522
query_head,7,70,534
query_head,7,71,492
query_head,7,72,515
query_head,7,73,483
query_head,7,74,506
query_head,7,75,497
query_head,7,76,511
query_head,7,77,549
query_head,7,78,511
query_head,7,79,497
query_head,7,80,498
query_head,7,81,483
query_head,7,82,490
query_head,7,83,496
query_head,7,84,461
query_head,7,85,514
query_head,7,86,510
query_head,7,87,474
query_head,7,88,470
query_head,7,89,487
query_head,7,90,454
query_head,7,91,516
query_head,7,92,489
query_head,7,93,412
query_head,7,94,490
query_head,7,95,507
query_head,7,96,498
query_head,7,97,492
query_head,7,98,476
query_head,7,99,499
query_head,7,100,513
query_head,7,101,481
query_head,7,102,547
query_head,7,103,467
query_head,7,104,533
query_head,7,105,530
query_head,7,106,577
query_head,7,107,510
query_head,7,108,544
query_head,7,109,608
query_head,7,110,599
query_head,7,111,558
query_head,7,112,612
query_head,7,113,577
query_head,7,114,646
query_head,7,115,686
query_head,7,116,705
query_head,7,117,733
query_head,7,118,743
query_head,7,119,808
query_head,7,120,850
query_head,7,121,931
query_head,7,122,956
query_head,7,123,1194
query_head,7,124,1381
query_head,7,125,1744
query_head,7,126,2233
query_head,7,127,3149
query_head,7,128,15946
query_head,8,0,58628
query_head,8,1,11453
query_head,8,2,7180
query_head,8,3,5161
query_head,8,4,4211
query_head,8,5,3477
query_head,8,6,3034
query_head,8,7,2696
query_head,8,8,2421
query_head,8,9,2188
query_head,8,10,1927
query_head,8,11,1837
query_head,8,12,1640
query_head,8,13,1535
query_head,8,14,1407
query_head,8,15,1308
query_head,8,16,1246
query_head,8,17,1231
query_head,8,18,1170
query_head,8,19,1073
query_head,8,20,1044
query_head,8,21,997
query_head,8,22,915
query_head,8,23,935
query_head,8,24,944
query_head,8,25,886
query_head,8,26,808
query_head,8,27,801
query_head,8,28,795
query_head,8,29,765
query_head,8,30,727
query_head,8,31,702
query_head,8,32,735
query_head,8,33,722
query_head,8,34,656
query_head,8,35,669
query_head,8,36,689
query_head,8,37,668
query_head,8,38,627
query_head,8,39,586
query_head,8,40,556
query_head,8,41,594
query_head,8,42,588
query_head,8,43,542
query_head,8,44,583
query_head,8,45,575
query_head,8,46,535
query_head,8,47,546
query_head,8,48,488
query_head,8,49,537
query_head,8,50,507
query_head,8,51,507
query_head,8,52,536
query_head,8,53,480
query_head,8,54,547
query_head,8,55,514
query_head,8,56,463
query_head,8,57,515
query_head,8,58,508
query_head,8,59,481
query_head,8,60,481
query_head,8,61,504
query_head,8,62,473
query_head,8,63,488
query_head,8,64,490
query_head,8,65,479
query_head,8,66,519
query_head,8,67,483
query_head,8,68,485
query_head,8,69,462
query_head,8,70,453
query_head,8,71,412
query_head,8,72,422
query_head,8,73,427
query_head,8,74,435
query_head,8,75,450
query_head,8,76,427
query_head,8,77,376
query_head,8,78,387
query_head,8,79,408
query_head,8,80,457
query_head,8,81,408
query_head,8,82,405
query_head,8,83,390
query_head,8,84,393
query_head,8,85,424
query_head,8,86,388
query_head,8,87,388
query_head,8,88,425
query_head,8,89,433
query_head,8,90,389
query_head,8,91,388
query_head,8,92,427
query_head,8,93,402
query_head,8,94,405
query_head,8,95,450
query_head,8,96,416
query_head,8,97,414
query_head,8,98,392
query_head,8,99,424
query_head,8,100,427
query_head,8,101,430
query_head,8,102,444
query_head,8,103,469
query_head,8,104,468
query_head,8,105,431
query_head,8,106,484
query_head,8,107,470
query_head,8,108,506
query_head,8,109,465
query_head,8,110,523
query_head,8,111,496
query_head,8,112,546
query_head,8,113,581
query_head,8,114,580
query_head,8,115,623
query_head,8,116,636
query_head,8,117,648
query_head,8,118,682
query_head,8,119,776
query_head,8,120,843
query_head,8,121,892
query_head,8,122,894
query_head,8,123,973
query_head,8,124,1050
query_head,8,125,1294
query_head,8,126,1620
query_head,8,127,2686
query_head,8,128,17296
query_head,9,0,47062
query_head,9,1,11308
query_head,9,2,7282
query_head,9,3,5547
query_head,9,4,4557
query_head,9,5,3929
query_head,9,6,3338
query_head,9,7,2966
query_head,9,8,2613
query_head,9,9,2439
query_head,9,10,2229
query_head,9,11,2051
query_head,9,12,1942
query_head,9,13,1686
query_head,9,14,1624
query_head,9,15,1467
query_head,9,16,1452
query_head,9,17,1365
query_head,9,18,1246
query_head,9,19,1197
query_head,9,20,1171
query_head,9,21,1157
query_head,9,22,1048
query_head,9,23,1010
query_head,9,24,951
query_head,9,25,1005
query_head,9,26,914
query_head,9,27,854
query_head,9,28,864
query_head,9,29,819
query_head,9,30,825
query_head,9,31,821
query_head,9,32,738
query_head,9,33,728
query_head,9,34,717
query_head,9,35,711
query_head,9,36,696
query_head,9,37,741
query_head,9,38,657
query_head,9,39,731
query_head,9,40,661
query_head,9,41,639
query_head,9,42,622
query_head,9,43,587
query_head,9,44,632
query_head,9,45,588
query_head,9,46,604
query_head,9,47,591
query_head,9,48,606
query_head,9,49,576
query_head,9,50,597
query_head,9,51,560
query_head,9,52,568
query_head,9,53,565
query_head,9,54,529
query_head,9,55,547
query_head,9,56,560
query_head,9,57,566
query_head,9,58,576
query_head,9,59,590
query_head,9,60,508
query_head,9,61,574
query_head,9,62,564
query_head,9,63,567
query_head,9,64,577
query_head,9,65,548
query_head,9,66,537
query_head,9,67,525
query_head,9,68,558
query_head,9,69,544
query_head,9,70,579
query_head,9,71,526
query_head,9,72,513
query_head,9,73,553
query_head,9,74,560
query_head,9,75,516
query_head,9,76,510
query_head,9,77,483
query_head,9,78,527
query_head,9,79,514
query_head,9,80,523
query_head,9,81,509
query_head,9,82,523
query_head,9,83,510
query_head,9,84,510
query_head,9,85,493
query_head,9,86,512
query_head,9,87,514
query_head,9,88,517
query_head,9,89,504
query_head,9,90,523
query_head,9,91,464
query_head,9,92,506
query_head,9,93,487
query_head,9,94,482
query_head,9,95,503
query_head,9,96,533
query_head,9,97,488
query_head,9,98,495
query_head,9,99,506
query_head,9,100,497
query_head,9,101,481
query_head,9,102,540
query_head,9,103,515
query_head,9,104,528
query_head,9,105,517
query_head,9,106,523
query_head,9,107,561
query_head,9,108,534
query_head,9,109,587
query_head,9,110,570
query_head,9,111,567
query_head,9,112,591
query_head,9,113,661
query_head,9,114,658
query_head,9,115,684
query_head,9,116,725
query_head,9,117,722
query_head,9,118,735
query_head,9,119,870
query_head,9,120,897
query_head,9,121,930
query_head,9,122,1000
query_head,9,123,1176
query_head,9,124,1328
query_head,9,125,1651
query_head,9,126,2204
query_head,9,127,3413
query_head,9,128,14836
step,0,0,170197
step,0,1,59779
step,0,2,39599
step,0,3,29968
step,0,4,25570
step,0,5,22341
step,0,6,20342
step,0,7,18359
step,0,8,17221
step,0,9,16090
step,0,10,15184
step,0,11,14609
step,0,12,13649
step,0,13,13060
step,0,14,12806
step,0,15,12110
step,0,16,11444
step,0,17,11336
step,0,18,10669
step,0,19,10640
step,0,20,10285
step,0,21,10005
step,0,22,9778
step,0,23,9442
step,0,24,9172
step,0,25,9261
step,0,26,8925
step,0,27,8676
step,0,28,8527
step,0,29,8640
step,0,30,8593
step,0,31,8409
step,0,32,8259
step,0,33,8043
step,0,34,7957
step,0,35,7983
step,0,36,7588
step,0,37,7831
step,0,38,7775
step,0,39,7736
step,0,40,7673
step,0,41,7495
step,0,42,7691
step,0,43,7634
step,0,44,7519
step,0,45,7499
step,0,46,7394
step,0,47,7342
step,0,48,7263
step,0,49,7236
step,0,50,7312
step,0,51,7312
step,0,52,7353
step,0,53,7296
step,0,54,7162
step,0,55,7325
step,0,56,7107
step,0,57,7044
step,0,58,7427
step,0,59,7297
step,0,60,7276
step,0,61,7476
step,0,62,7338
step,0,63,7547
step,0,64,7616
step,0,65,7623
step,0,66,7580
step,0,67,7677
step,0,68,7753
step,0,69,7625
step,0,70,7761
step,0,71,7692
step,0,72,7513
step,0,73,7858
step,0,74,7815
step,0,75,7834
step,0,76,7797
step,0,77,7882
step,0,78,7944
step,0,79,7943
step,0,80,8035
step,0,81,7958
step,0,82,8058
step,0,83,8268
step,0,84,8151
step,0,85,8166
step,0,86,8335
step,0,87,8250
step,0,88,8639
step,0,89,8531
step,0,90,8825
step,0,91,8776
step,0,92,8739
step,0,93,9025
step,0,94,9003
step,0,95,9151
step,0,96,9159
step,0,97,9243
step,0,98,9410
step,0,99,9547
step,0,100,9664
step,0,101,9896
step,0,102,9969
step,0,103,10294
step,0,104,10344
step,0,105,10572
step,0,106,11054
step,0,107,11204
step,0,108,11328
step,0,109,11646
step,0,110,12163
step,0,111,12538
step,0,112,12757
step,0,113,13261
step,0,114,13816
step,0,115,14741
step,0,116,15422
step,0,117,16070
step,0,118,16819
step,0,119,17945
step,0,120,18794
step,0,121,20518
step,0,122,22203
step,0,123,24449
step,0,124,27696
step,0,125,34269
step,0,126,44780
step,0,127,68554
step,0,128,392328
step,1,0,594057
step,1,1,126660
step,1,2,82682
step,1,3,62662
step,1,4,51179
step,1,5,43399
step,1,6,38160
step,1,7,33934
step,1,8,30861
step,1,9,27931
step,1,10,25633
step,1,11,23689
step,1,12,22347
step,1,13,20805
step,1,14,19484
step,1,15,18760
step,1,16,17567
step,1,17,16499
step,1,18,15868
step,1,19,14912
step,1,20,14451
step,1,21,13552
step,1,22,13126
step,1,23,12703
step,1,24,12187
step,1,25,11830
step,1,26,11376
step,1,27,10817
step,1,28,10778
step,1,29,10358
step,1,30,10045
step,1,31,9876
step,1,32,9638
step,1,33,9362
step,1,34,8944
step,1,35,8806
step,1,36,8628
step,1,37,8492
step,1,38,8226
step,1,39,8154
step,1,40,7750
step,1,41,7817
step,1,42,7684
step,1,43,7511
step,1,44,7352
step,1,45,7247
step,1,46,7090
step,1,47,7155
step,1,48,7029
step,1,49,6912
step,1,50,6754
step,1,51,6575
step,1,52,6600
step,1,53,6428
step,1,54,6403
step,1,55,6356
step,1,56,6285
step,1,57,6288
step,1,58,6146
step,1,59,6077
step,1,60,5982
step,1,61,6152
step,1,62,6143
step,1,63,6233
step,1,64,6188
step,1,65,6279
step,1,66,5838
step,1,67,5704
step,1,68,5454
step,1,69,5442
step,1,70,5281
step,1,71,5135
step,1,72,4977
step,1,73,5063
step,1,74,4991
step,1,75,4961
step,1,76,4918
step,1,77,4764
step,1,78,4791
step,1,79,4665
step,1,80,4649
step,1,81,4472
step,1,82,4565
step,1,83,4427
step,1,84,4444
step,1,85,4507
step,1,86,4371
step,1,87,4348
step,1,88,4278
step,1,89,4247
step,1,90,4250
step,1,91,4143
step,1,92,4145
step,1,93,4081
step,1,94,4033
step,1,95,4151
step,1,96,4129
step,1,97,4052
step,1,98,4087
step,1,99,4214
step,1,100,4044
step,1,101,4045
step,1,102,4211
step,1,103,4182
step,1,104,4169
step,1,105,4180
step,1,106,4249
step,1,107,4261
step,1,108,4413
step,1,109,4451
step,1,110,4652
step,1,111,4649
step,1,112,4803
step,1,113,4988
step,1,114,5161
step,1,115,5400
step,1,116,5478
step,1,117,5828
step,1,118,5856
step,1,119,6360
step,1,120,6706
step,1,121,6762
step,1,122,7631
step,1,123,8392
step,1,124,9658
step,1,125,10494
step,1,126,12845
step,1,127,16945
step,1,128,91888
step,2,0,1004092
step,2,1,173076
step,2,2,102841
step,2,3,72733
step,2,4,55947
step,2,5,45845
step,2,6,38827
step,2,7,32918
step,2,8,28944
step,2,9,25802
step,2,10,22923
step,2,11,20908
step,2,12,19129
step,2,13,17391
step,2,14,16076
step,2,15,14866
step,2,16,14016
step,2,17,13083
step,2,18,12047
step,2,19,11336
step,2,20,10727
step,2,21,10079
step,2,22,9729
step,2,23,9154
step,2,24,8677
step,2,25,8128
step,2,26,8114
step,2,27,7656
step,2,28,7142
step,2,29,6820
step,2,30,6603
step,2,31,6305
step,2,32,6025
step,2,33,5947
step,2,34,5661
step,2,35,5588
step,2,36,5265
step,2,37,5318
step,2,38,4994
step,2,39,4788
step,2,40,4658
step,2,41,4628
step,2,42,4479
step,2,43,4397
step,2,44,4274
step,2,45,4043
step,2,46,4045
step,2,47,3941
step,2,48,3819
step,2,49,3755
step,2,50,3811
step,2,51,3619
step,2,52,3582
step,2,53,3406
step,2,54,3443
step,2,55,3359
step,2,56,3278
step,2,57,3256
step,2,58,3222
step,2,59,3280
step,2,60,3226
step,2,61,3217
step,2,62,3080
step,2,63,3283
step,2,64,3218
step,2,65,3019
step,2,66,2783
step,2,67,2591
step,2,68,2345
step,2,69,2335
step,2,70,2276
step,2,71,2206
step,2,72,2085
step,2,73,2117
step,2,74,1966
step,2,75,1854
step,2,76,1892
step,2,77,1743
step,2,78,1731
step,2,79,1682
step,2,80,1666
step,2,81,1542
step,2,82,1631
step,2,83,1569
step,2,84,1492
step,2,85,1405
step,2,86,1364
step,2,87,1462
step,2,88,1368
step,2,89,1397
step,2,90,1372
step,2,91,1294
step,2,92,1227
step,2,93,1245
step,2,94,1260
step,2,95,1235
step,2,96,1163
step,2,97,1149
step,2,98,1154
step,2,99,1119
step,2,100,1141
step,2,101,1033
step,2,102,1084
step,2,103,985
step,2,104,1025
step,2,105,1033
step,2,106,996
step,2,107,948
step,2,108,940
step,2,109,916
step,2,110,867
step,2,111,913
step,2,112,919
step,2,113,890
step,2,114,919
step,2,115,845
step,2,116,886
step,2,117,916
step,2,118,866
step,2,119,873
step,2,120,890
step,2,121,822
step,2,122,843
step,2,123,850
step,2,124,885
step,2,125,805
step,2,126,865
step,2,127,866
step,2,128,33753
