tau,layer,step,remaining_mask_ratio,exception_kv_tiles_per_row,row_count
1,0,0,0.9,0,130877
1,0,0,0.9,1,181
1,0,0,0.9,2,12
1,0,0,0.9,3,1
1,0,0,0.9,4,1
1,0,1,0.5,0,130827
1,0,1,0.5,1,149
1,0,1,0.5,2,39
1,0,1,0.5,3,14
1,0,1,0.5,4,7
1,0,1,0.5,5,8
1,0,1,0.5,6,6
1,0,1,0.5,7,4
1,0,1,0.5,8,5
1,0,1,0.5,9,2
1,0,1,0.5,10,4
1,0,1,0.5,13,2
1,0,1,0.5,14,1
1,0,1,0.5,16,2
1,0,1,0.5,17,1
1,0,1,0.5,24,1
1,0,2,0.15,0,127681
1,0,2,0.15,1,2945
1,0,2,0.15,2,352
1,0,2,0.15,3,68
1,0,2,0.15,4,13
1,0,2,0.15,5,6
1,0,2,0.15,6,4
1,0,2,0.15,7,3
1,1,0,0.9,0,131005
1,1,0,0.9,1,56
1,1,0,0.9,2,8
1,1,0,0.9,3,2
1,1,0,0.9,5,1
1,1,1,0.5,0,130555
1,1,1,0.5,1,367
1,1,1,0.5,2,74
1,1,1,0.5,3,34
1,1,1,0.5,4,8
1,1,1,0.5,5,5
1,1,1,0.5,6,7
1,1,1,0.5,7,5
1,1,1,0.5,8,1
1,1,1,0.5,9,4
1,1,1,0.5,10,1
1,1,1,0.5,11,1
1,1,1,0.5,12,2
1,1,1,0.5,13,1
1,1,1,0.5,14,1
1,1,1,0.5,16,2
1,1,1,0.5,17,1
1,1,1,0.5,18,1
1,1,1,0.5,24,1
1,1,1,0.5,28,1
1,1,2,0.15,0,127325
1,1,2,0.15,1,3352
1,1,2,0.15,2,321
1,1,2,0.15,3,54
1,1,2,0.15,4,10
1,1,2,0.15,5,4
1,1,2,0.15,6,1
1,1,2,0.15,7,2
1,1,2,0.15,8,2
1,1,2,0.15,11,1
1,2,0,0.9,0,131003
1,2,0,0.9,1,48
1,2,0,0.9,2,10
1,2,0,0.9,3,3
1,2,0,0.9,4,2
1,2,0,0.9,5,2
1,2,0,0.9,6,1
1,2,0,0.9,10,2
1,2,0,0.9,13,1
1,2,1,0.5,0,130748
1,2,1,0.5,1,252
1,2,1,0.5,2,38
1,2,1,0.5,3,15
1,2,1,0.5,4,5
1,2,1,0.5,5,4
1,2,1,0.5,7,1
1,2,1,0.5,9,2
1,2,1,0.5,12,1
1,2,1,0.5,13,3
1,2,1,0.5,16,1
1,2,1,0.5,17,2
1,2,2,0.15,0,126037
1,2,2,0.15,1,4558
1,2,2,0.15,2,419
1,2,2,0.15,3,54
1,2,2,0.15,4,4
1,3,0,0.9,0,130857
1,3,0,0.9,1,120
1,3,0,0.9,2,21
1,3,0,0.9,3,27
1,3,0,0.9,4,13
1,3,0,0.9,5,5
1,3,0,0.9,6,9
1,3,0,0.9,7,5
1,3,0,0.9,8,3
1,3,0,0.9,9,3
1,3,0,0.9,10,3
1,3,0,0.9,13,1
1,3,0,0.9,15,1
1,3,0,0.9,16,1
1,3,0,0.9,18,1
1,3,0,0.9,19,1
1,3,0,0.9,20,1
1,3,1,0.5,0,130311
1,3,1,0.5,1,567
1,3,1,0.5,2,106
1,3,1,0.5,3,29
1,3,1,0.5,4,19
1,3,1,0.5,5,12
1,3,1,0.5,6,3
1,3,1,0.5,7,9
1,3,1,0.5,8,3
1,3,1,0.5,9,5
1,3,1,0.5,10,1
1,3,1,0.5,12,3
1,3,1,0.5,14,1
1,3,1,0.5,17,1
1,3,1,0.5,18,1
1,3,1,0.5,29,1
1,3,2,0.15,0,127760
1,3,2,0.15,1,3006
1,3,2,0.15,2,247
1,3,2,0.15,3,46
1,3,2,0.15,4,7
1,3,2,0.15,5,2
1,3,2,0.15,6,4
1,4,0,0.9,0,130684
1,4,0,0.9,1,276
1,4,0,0.9,2,53
1,4,0,0.9,3,27
1,4,0,0.9,4,9
1,4,0,0.9,5,11
1,4,0,0.9,6,2
1,4,0,0.9,7,3
1,4,0,0.9,8,2
1,4,0,0.9,9,2
1,4,0,0.9,10,1
1,4,0,0.9,11,1
1,4,0,0.9,16,1
1,4,1,0.5,0,129726
1,4,1,0.5,1,1060
1,4,1,0.5,2,172
1,4,1,0.5,3,53
1,4,1,0.5,4,18
1,4,1,0.5,5,13
1,4,1,0.5,6,10
1,4,1,0.5,7,5
1,4,1,0.5,8,4
1,4,1,0.5,9,1
1,4,1,0.5,10,2
1,4,1,0.5,11,1
1,4,1,0.5,12,1
1,4,1,0.5,13,2
1,4,1,0.5,15,1
1,4,1,0.5,16,1
1,4,1,0.5,22,1
1,4,1,0.5,23,1
1,4,2,0.15,0,127627
1,4,2,0.15,1,3124
1,4,2,0.15,2,253
1,4,2,0.15,3,47
1,4,2,0.15,4,19
1,4,2,0.15,5,2
1,5,0,0.9,0,130936
1,5,0,0.9,1,114
1,5,0,0.9,2,13
1,5,0,0.9,3,7
1,5,0,0.9,5,1
1,5,0,0.9,6,1
1,5,1,0.5,0,128525
1,5,1,0.5,1,2054
1,5,1,0.5,2,324
1,5,1,0.5,3,96
1,5,1,0.5,4,31
1,5,1,0.5,5,18
1,5,1,0.5,6,12
1,5,1,0.5,7,4
1,5,1,0.5,8,4
1,5,1,0.5,9,1
1,5,1,0.5,10,1
1,5,1,0.5,12,1
1,5,1,0.5,13,1
1,5,2,0.15,0,126876
1,5,2,0.15,1,3749
1,5,2,0.15,2,347
1,5,2,0.15,3,81
1,5,2,0.15,4,13
1,5,2,0.15,5,5
1,5,2,0.15,7,1
1,6,0,0.9,0,130325
1,6,0,0.9,1,601
1,6,0,0.9,2,92
1,6,0,0.9,3,29
1,6,0,0.9,4,18
1,6,0,0.9,5,3
1,6,0,0.9,6,1
1,6,0,0.9,8,2
1,6,0,0.9,13,1
1,6,1,0.5,0,128881
1,6,1,0.5,1,1782
1,6,1,0.5,2,258
1,6,1,0.5,3,90
1,6,1,0.5,4,31
1,6,1,0.5,5,14
1,6,1,0.5,6,4
1,6,1,0.5,7,3
1,6,1,0.5,8,1
1,6,1,0.5,10,3
1,6,1,0.5,11,1
1,6,1,0.5,13,1
1,6,1,0.5,14,1
1,6,1,0.5,15,1
1,6,1,0.5,21,1
1,6,2,0.15,0,127409
1,6,2,0.15,1,3317
1,6,2,0.15,2,299
1,6,2,0.15,3,33
1,6,2,0.15,4,11
1,6,2,0.15,5,2
1,6,2,0.15,6,1
1,7,0,0.9,0,130413
1,7,0,0.9,1,590
1,7,0,0.9,2,47
1,7,0,0.9,3,11
1,7,0,0.9,4,3
1,7,0,0.9,5,3
1,7,0,0.9,6,4
1,7,0,0.9,9,1
1,7,1,0.5,0,127736
1,7,1,0.5,1,2873
1,7,1,0.5,2,326
1,7,1,0.5,3,69
1,7,1,0.5,4,38
1,7,1,0.5,5,19
1,7,1,0.5,6,9
1,7,1,0.5,9,1
1,7,1,0.5,10,1
1,7,2,0.15,0,126337
1,7,2,0.15,1,4228
1,7,2,0.15,2,418
1,7,2,0.15,3,63
1,7,2,0.15,4,15
1,7,2,0.15,5,6
1,7,2,0.15,6,4
1,7,2,0.15,7,1
1,8,0,0.9,0,129564
1,8,0,0.9,1,1276
1,8,0,0.9,2,166
1,8,0,0.9,3,36
1,8,0,0.9,4,14
1,8,0,0.9,5,4
1,8,0,0.9,6,5
1,8,0,0.9,7,4
1,8,0,0.9,8,1
1,8,0,0.9,10,2
1,8,1,0.5,0,127898
1,8,1,0.5,1,2582
1,8,1,0.5,2,391
1,8,1,0.5,3,114
1,8,1,0.5,4,35
1,8,1,0.5,5,24
1,8,1,0.5,6,6
1,8,1,0.5,7,12
1,8,1,0.5,8,2
1,8,1,0.5,9,1
1,8,1,0.5,10,1
1,8,1,0.5,11,2
1,8,1,0.5,12,2
1,8,1,0.5,13,1
1,8,1,0.5,15,1
1,8,2,0.15,0,127334
1,8,2,0.15,1,3292
1,8,2,0.15,2,355
1,8,2,0.15,3,51
1,8,2,0.15,4,20
1,8,2,0.15,5,12
1,8,2,0.15,6,5
1,8,2,0.15,7,1
1,8,2,0.15,9,1
1,8,2,0.15,10,1
1,9,0,0.9,0,129525
1,9,0,0.9,1,1306
1,9,0,0.9,2,163
1,9,0,0.9,3,38
1,9,0,0.9,4,20
1,9,0,0.9,5,7
1,9,0,0.9,6,5
1,9,0,0.9,7,3
1,9,0,0.9,8,2
1,9,0,0.9,9,1
1,9,0,0.9,10,1
1,9,0,0.9,11,1
1,9,1,0.5,0,128212
1,9,1,0.5,1,2334
1,9,1,0.5,2,345
1,9,1,0.5,3,110
1,9,1,0.5,4,34
1,9,1,0.5,5,13
1,9,1,0.5,6,16
1,9,1,0.5,7,2
1,9,1,0.5,8,3
1,9,1,0.5,9,2
1,9,1,0.5,10,1
1,9,2,0.15,0,127705
1,9,2,0.15,1,3014
1,9,2,0.15,2,251
1,9,2,0.15,3,60
1,9,2,0.15,4,27
1,9,2,0.15,5,7
1,9,2,0.15,6,5
1,9,2,0.15,8,1
1,9,2,0.15,10,2
1,10,0,0.9,0,129729
1,10,0,0.9,1,1193
1,10,0,0.9,2,113
1,10,0,0.9,3,22
1,10,0,0.9,4,10
1,10,0,0.9,5,1
1,10,0,0.9,6,1
1,10,0,0.9,10,1
1,10,0,0.9,11,1
1,10,0,0.9,13,1
1,10,1,0.5,0,127556
1,10,1,0.5,1,3058
1,10,1,0.5,2,327
1,10,1,0.5,3,73
1,10,1,0.5,4,28
1,10,1,0.5,5,7
1,10,1,0.5,6,10
1,10,1,0.5,7,7
1,10,1,0.5,8,2
1,10,1,0.5,9,1
1,10,1,0.5,10,2
1,10,1,0.5,11,1
1,10,2,0.15,0,126327
1,10,2,0.15,1,4312
1,10,2,0.15,2,362
1,10,2,0.15,3,44
1,10,2,0.15,4,14
1,10,2,0.15,5,6
1,10,2,0.15,6,5
1,10,2,0.15,7,2
1,11,0,0.9,0,129320
1,11,0,0.9,1,1463
1,11,0,0.9,2,194
1,11,0,0.9,3,48
1,11,0,0.9,4,26
1,11,0,0.9,5,10
1,11,0,0.9,6,4
1,11,0,0.9,7,6
1,11,0,0.9,10,1
1,11,1,0.5,0,127994
1,11,1,0.5,1,2546
1,11,1,0.5,2,380
1,11,1,0.5,3,93
1,11,1,0.5,4,30
1,11,1,0.5,5,8
1,11,1,0.5,6,6
1,11,1,0.5,7,8
1,11,1,0.5,8,1
1,11,1,0.5,10,5
1,11,1,0.5,11,1
1,11,2,0.15,0,127320
1,11,2,0.15,1,3362
1,11,2,0.15,2,321
1,11,2,0.15,3,45
1,11,2,0.15,4,13
1,11,2,0.15,5,4
1,11,2,0.15,6,3
1,11,2,0.15,8,3
1,11,2,0.15,11,1
1,12,0,0.9,0,129273
1,12,0,0.9,1,1499
1,12,0,0.9,2,195
1,12,0,0.9,3,57
1,12,0,0.9,4,23
1,12,0,0.9,5,7
1,12,0,0.9,6,3
1,12,0,0.9,7,4
1,12,0,0.9,8,4
1,12,0,0.9,9,4
1,12,0,0.9,11,1
1,12,0,0.9,13,1
1,12,0,0.9,19,1
1,12,1,0.5,0,127863
1,12,1,0.5,1,2653
1,12,1,0.5,2,365
1,12,1,0.5,3,101
1,12,1,0.5,4,40
1,12,1,0.5,5,16
1,12,1,0.5,6,13
1,12,1,0.5,7,9
1,12,1,0.5,8,4
1,12,1,0.5,9,3
1,12,1,0.5,10,2
1,12,1,0.5,12,2
1,12,1,0.5,15,1
1,12,2,0.15,0,127196
1,12,2,0.15,1,3491
1,12,2,0.15,2,317
1,12,2,0.15,3,53
1,12,2,0.15,4,12
1,12,2,0.15,5,1
1,12,2,0.15,6,1
1,12,2,0.15,7,1
1,13,0,0.9,0,129814
1,13,0,0.9,1,1081
1,13,0,0.9,2,114
1,13,0,0.9,3,28
1,13,0,0.9,4,17
1,13,0,0.9,5,6
1,13,0,0.9,6,3
1,13,0,0.9,7,1
1,13,0,0.9,8,2
1,13,0,0.9,9,2
1,13,0,0.9,10,1
1,13,0,0.9,11,1
1,13,0,0.9,13,1
1,13,0,0.9,14,1
1,13,1,0.5,0,127098
1,13,1,0.5,1,3433
1,13,1,0.5,2,410
1,13,1,0.5,3,89
1,13,1,0.5,4,32
1,13,1,0.5,5,4
1,13,1,0.5,6,2
1,13,1,0.5,7,2
1,13,1,0.5,8,1
1,13,1,0.5,12,1
1,13,2,0.15,0,125876
1,13,2,0.15,1,4641
1,13,2,0.15,2,478
1,13,2,0.15,3,56
1,13,2,0.15,4,16
1,13,2,0.15,5,4
1,13,2,0.15,6,1
1,14,0,0.9,0,129251
1,14,0,0.9,1,1538
1,14,0,0.9,2,214
1,14,0,0.9,3,44
1,14,0,0.9,4,15
1,14,0,0.9,5,5
1,14,0,0.9,6,3
1,14,0,0.9,8,1
1,14,0,0.9,9,1
1,14,1,0.5,0,127771
1,14,1,0.5,1,2748
1,14,1,0.5,2,382
1,14,1,0.5,3,105
1,14,1,0.5,4,34
1,14,1,0.5,5,13
1,14,1,0.5,6,9
1,14,1,0.5,7,5
1,14,1,0.5,8,2
1,14,1,0.5,9,3
1,14,2,0.15,0,127088
1,14,2,0.15,1,3625
1,14,2,0.15,2,300
1,14,2,0.15,3,38
1,14,2,0.15,4,12
1,14,2,0.15,5,3
1,14,2,0.15,6,3
1,14,2,0.15,7,2
1,14,2,0.15,8,1
1,15,0,0.9,0,129274
1,15,0,0.9,1,1483
1,15,0,0.9,2,203
1,15,0,0.9,3,57
1,15,0,0.9,4,24
1,15,0,0.9,5,15
1,15,0,0.9,6,7
1,15,0,0.9,7,3
1,15,0,0.9,8,3
1,15,0,0.9,9,1
1,15,0,0.9,16,1
1,15,0,0.9,18,1
1,15,1,0.5,0,127860
1,15,1,0.5,1,2757
1,15,1,0.5,2,338
1,15,1,0.5,3,76
1,15,1,0.5,4,26
1,15,1,0.5,5,8
1,15,1,0.5,6,4
1,15,1,0.5,7,2
1,15,1,0.5,10,1
1,15,2,0.15,0,126754
1,15,2,0.15,1,3995
1,15,2,0.15,2,288
1,15,2,0.15,3,29
1,15,2,0.15,4,5
1,15,2,0.15,5,1
1,16,0,0.9,0,129631
1,16,0,0.9,1,1173
1,16,0,0.9,2,163
1,16,0,0.9,3,53
1,16,0,0.9,4,19
1,16,0,0.9,5,3
1,16,0,0.9,6,6
1,16,0,0.9,7,2
1,16,0,0.9,8,1
1,16,0,0.9,9,2
1,16,0,0.9,12,1
1,16,0,0.9,13,2
1,16,0,0.9,14,1
1,16,0,0.9,16,1
1,16,0,0.9,20,1
1,16,0,0.9,21,1
1,16,0,0.9,22,1
1,16,0,0.9,24,2
1,16,0,0.9,26,2
1,16,0,0.9,29,2
1,16,0,0.9,31,2
1,16,0,0.9,35,1
1,16,0,0.9,43,1
1,16,0,0.9,56,1
1,16,1,0.5,0,127530
1,16,1,0.5,1,3025
1,16,1,0.5,2,405
1,16,1,0.5,3,58
1,16,1,0.5,4,35
1,16,1,0.5,5,8
1,16,1,0.5,6,5
1,16,1,0.5,7,2
1,16,1,0.5,8,1
1,16,1,0.5,9,2
1,16,1,0.5,11,1
1,16,2,0.15,0,126330
1,16,2,0.15,1,4299
1,16,2,0.15,2,388
1,16,2,0.15,3,41
1,16,2,0.15,4,11
1,16,2,0.15,5,3
1,17,0,0.9,0,129432
1,17,0,0.9,1,1360
1,17,0,0.9,2,183
1,17,0,0.9,3,56
1,17,0,0.9,4,18
1,17,0,0.9,5,6
1,17,0,0.9,6,6
1,17,0,0.9,7,8
1,17,0,0.9,8,1
1,17,0,0.9,9,1
1,17,0,0.9,11,1
1,17,1,0.5,0,127576
1,17,1,0.5,1,3041
1,17,1,0.5,2,364
1,17,1,0.5,3,61
1,17,1,0.5,4,19
1,17,1,0.5,5,6
1,17,1,0.5,6,3
1,17,1,0.5,7,1
1,17,1,0.5,8,1
1,17,2,0.15,0,126276
1,17,2,0.15,1,4412
1,17,2,0.15,2,334
1,17,2,0.15,3,37
1,17,2,0.15,4,11
1,17,2,0.15,5,1
1,17,2,0.15,6,1
1,18,0,0.9,0,129159
1,18,0,0.9,1,1596
1,18,0,0.9,2,221
1,18,0,0.9,3,56
1,18,0,0.9,4,18
1,18,0,0.9,5,15
1,18,0,0.9,6,2
1,18,0,0.9,7,1
1,18,0,0.9,8,2
1,18,0,0.9,9,1
1,18,0,0.9,10,1
1,18,1,0.5,0,127935
1,18,1,0.5,1,2723
1,18,1,0.5,2,315
1,18,1,0.5,3,55
1,18,1,0.5,4,26
1,18,1,0.5,5,11
1,18,1,0.5,6,2
1,18,1,0.5,7,2
1,18,1,0.5,8,1
1,18,1,0.5,9,1
1,18,1,0.5,10,1
1,18,2,0.15,0,126771
1,18,2,0.15,1,3924
1,18,2,0.15,2,320
1,18,2,0.15,3,48
1,18,2,0.15,4,5
1,18,2,0.15,5,2
1,18,2,0.15,6,1
1,18,2,0.15,7,1
1,19,0,0.9,0,129892
1,19,0,0.9,1,962
1,19,0,0.9,2,134
1,19,0,0.9,3,26
1,19,0,0.9,4,18
1,19,0,0.9,5,13
1,19,0,0.9,6,7
1,19,0,0.9,7,4
1,19,0,0.9,8,3
1,19,0,0.9,9,2
1,19,0,0.9,10,3
1,19,0,0.9,11,1
1,19,0,0.9,12,2
1,19,0,0.9,17,1
1,19,0,0.9,20,1
1,19,0,0.9,25,1
1,19,0,0.9,29,1
1,19,0,0.9,30,1
1,19,1,0.5,0,127407
1,19,1,0.5,1,3206
1,19,1,0.5,2,356
1,19,1,0.5,3,71
1,19,1,0.5,4,21
1,19,1,0.5,5,3
1,19,1,0.5,6,3
1,19,1,0.5,7,3
1,19,1,0.5,10,2
1,19,2,0.15,0,125561
1,19,2,0.15,1,5044
1,19,2,0.15,2,411
1,19,2,0.15,3,50
1,19,2,0.15,4,3
1,19,2,0.15,5,3
1,20,0,0.9,0,129137
1,20,0,0.9,1,1567
1,20,0,0.9,2,251
1,20,0,0.9,3,52
1,20,0,0.9,4,21
1,20,0,0.9,5,15
1,20,0,0.9,6,10
1,20,0,0.9,7,3
1,20,0,0.9,8,2
1,20,0,0.9,9,1
1,20,0,0.9,10,1
1,20,0,0.9,11,1
1,20,0,0.9,12,1
1,20,0,0.9,13,1
1,20,0,0.9,14,1
1,20,0,0.9,17,1
1,20,0,0.9,20,2
1,20,0,0.9,29,1
1,20,0,0.9,30,1
1,20,0,0.9,45,2
1,20,0,0.9,47,1
1,20,1,0.5,0,128124
1,20,1,0.5,1,2505
1,20,1,0.5,2,319
1,20,1,0.5,3,77
1,20,1,0.5,4,28
1,20,1,0.5,5,13
1,20,1,0.5,6,4
1,20,1,0.5,8,1
1,20,1,0.5,11,1
1,20,2,0.15,0,126704
1,20,2,0.15,1,4015
1,20,2,0.15,2,310
1,20,2,0.15,3,38
1,20,2,0.15,4,5
1,21,0,0.9,0,129243
1,21,0,0.9,1,1488
1,21,0,0.9,2,217
1,21,0,0.9,3,66
1,21,0,0.9,4,19
1,21,0,0.9,5,20
1,21,0,0.9,6,6
1,21,0,0.9,7,5
1,21,0,0.9,8,1
1,21,0,0.9,9,2
1,21,0,0.9,11,1
1,21,0,0.9,13,2
1,21,0,0.9,15,2
1,21,1,0.5,0,127447
1,21,1,0.5,1,3157
1,21,1,0.5,2,349
1,21,1,0.5,3,80
1,21,1,0.5,4,22
1,21,1,0.5,5,11
1,21,1,0.5,6,1
1,21,1,0.5,7,2
1,21,1,0.5,8,2
1,21,1,0.5,15,1
1,21,2,0.15,0,126320
1,21,2,0.15,1,4344
1,21,2,0.15,2,372
1,21,2,0.15,3,32
1,21,2,0.15,4,2
1,21,2,0.15,5,1
1,21,2,0.15,7,1
1,22,0,0.9,0,129587
1,22,0,0.9,1,1174
1,22,0,0.9,2,202
1,22,0,0.9,3,54
1,22,0,0.9,4,18
1,22,0,0.9,5,17
1,22,0,0.9,6,9
1,22,0,0.9,7,2
1,22,0,0.9,8,3
1,22,0,0.9,9,2
1,22,0,0.9,10,2
1,22,0,0.9,11,1
1,22,0,0.9,12,1
1,22,1,0.5,0,127386
1,22,1,0.5,1,3216
1,22,1,0.5,2,348
1,22,1,0.5,3,84
1,22,1,0.5,4,23
1,22,1,0.5,5,11
1,22,1,0.5,6,2
1,22,1,0.5,7,2
1,22,2,0.15,0,125755
1,22,2,0.15,1,4882
1,22,2,0.15,2,392
1,22,2,0.15,3,32
1,22,2,0.15,4,10
1,22,2,0.15,5,1
1,23,0,0.9,0,129606
1,23,0,0.9,1,1167
1,23,0,0.9,2,176
1,23,0,0.9,3,51
1,23,0,0.9,4,21
1,23,0,0.9,5,5
1,23,0,0.9,6,12
1,23,0,0.9,7,6
1,23,0,0.9,8,2
1,23,0,0.9,9,3
1,23,0,0.9,10,3
1,23,0,0.9,12,2
1,23,0,0.9,13,4
1,23,0,0.9,14,3
1,23,0,0.9,15,3
1,23,0,0.9,17,2
1,23,0,0.9,19,1
1,23,0,0.9,20,1
1,23,0,0.9,35,1
1,23,0,0.9,38,1
1,23,0,0.9,41,1
1,23,0,0.9,52,1
1,23,1,0.5,0,127344
1,23,1,0.5,1,3269
1,23,1,0.5,2,343
1,23,1,0.5,3,68
1,23,1,0.5,4,24
1,23,1,0.5,5,12
1,23,1,0.5,6,2
1,23,1,0.5,7,5
1,23,1,0.5,8,1
1,23,1,0.5,9,1
1,23,1,0.5,10,1
1,23,1,0.5,11,1
1,23,1,0.5,16,1
1,23,2,0.15,0,125589
1,23,2,0.15,1,5058
1,23,2,0.15,2,364
1,23,2,0.15,3,48
1,23,2,0.15,4,12
1,23,2,0.15,5,1
1,24,0,0.9,0,129115
1,24,0,0.9,1,1592
1,24,0,0.9,2,202
1,24,0,0.9,3,66
1,24,0,0.9,4,24
1,24,0,0.9,5,23
1,24,0,0.9,6,5
1,24,0,0.9,7,10
1,24,0,0.9,8,9
1,24,0,0.9,9,2
1,24,0,0.9,10,6
1,24,0,0.9,11,1
1,24,0,0.9,13,4
1,24,0,0.9,14,1
1,24,0,0.9,15,2
1,24,0,0.9,16,3
1,24,0,0.9,17,1
1,24,0,0.9,19,2
1,24,0,0.9,20,1
1,24,0,0.9,24,1
1,24,0,0.9,25,1
1,24,0,0.9,27,1
1,24,1,0.5,0,127292
1,24,1,0.5,1,3257
1,24,1,0.5,2,361
1,24,1,0.5,3,79
1,24,1,0.5,4,47
1,24,1,0.5,5,14
1,24,1,0.5,6,9
1,24,1,0.5,7,2
1,24,1,0.5,8,3
1,24,1,0.5,9,3
1,24,1,0.5,10,2
1,24,1,0.5,11,1
1,24,1,0.5,12,1
1,24,1,0.5,26,1
1,24,2,0.15,0,125863
1,24,2,0.15,1,4748
1,24,2,0.15,2,389
1,24,2,0.15,3,53
1,24,2,0.15,4,14
1,24,2,0.15,5,4
1,24,2,0.15,6,1
1,25,0,0.9,0,129254
1,25,0,0.9,1,1452
1,25,0,0.9,2,204
1,25,0,0.9,3,78
1,25,0,0.9,4,38
1,25,0,0.9,5,14
1,25,0,0.9,6,7
1,25,0,0.9,7,8
1,25,0,0.9,8,2
1,25,0,0.9,9,5
1,25,0,0.9,10,3
1,25,0,0.9,11,1
1,25,0,0.9,12,2
1,25,0,0.9,14,1
1,25,0,0.9,15,1
1,25,0,0.9,18,1
1,25,0,0.9,29,1
1,25,1,0.5,0,126696
1,25,1,0.5,1,3757
1,25,1,0.5,2,486
1,25,1,0.5,3,93
1,25,1,0.5,4,22
1,25,1,0.5,5,10
1,25,1,0.5,6,5
1,25,1,0.5,7,2
1,25,1,0.5,8,1
1,25,2,0.15,0,125053
1,25,2,0.15,1,5402
1,25,2,0.15,2,528
1,25,2,0.15,3,71
1,25,2,0.15,4,13
1,25,2,0.15,5,4
1,25,2,0.15,6,1
1,26,0,0.9,0,129331
1,26,0,0.9,1,1393
1,26,0,0.9,2,185
1,26,0,0.9,3,87
1,26,0,0.9,4,33
1,26,0,0.9,5,19
1,26,0,0.9,6,10
1,26,0,0.9,7,5
1,26,0,0.9,8,3
1,26,0,0.9,9,4
1,26,0,0.9,12,1
1,26,0,0.9,13,1
1,26,1,0.5,0,126663
1,26,1,0.5,1,3719
1,26,1,0.5,2,508
1,26,1,0.5,3,111
1,26,1,0.5,4,32
1,26,1,0.5,5,14
1,26,1,0.5,6,13
1,26,1,0.5,7,3
1,26,1,0.5,8,3
1,26,1,0.5,9,2
1,26,1,0.5,10,1
1,26,1,0.5,12,1
1,26,1,0.5,13,1
1,26,1,0.5,17,1
1,26,2,0.15,0,124913
1,26,2,0.15,1,5449
1,26,2,0.15,2,593
1,26,2,0.15,3,77
1,26,2,0.15,4,23
1,26,2,0.15,5,12
1,26,2,0.15,6,2
1,26,2,0.15,7,2
1,26,2,0.15,8,1
1,27,0,0.9,0,129384
1,27,0,0.9,1,1350
1,27,0,0.9,2,176
1,27,0,0.9,3,67
1,27,0,0.9,4,29
1,27,0,0.9,5,21
1,27,0,0.9,6,12
1,27,0,0.9,7,8
1,27,0,0.9,8,7
1,27,0,0.9,9,5
1,27,0,0.9,10,2
1,27,0,0.9,11,3
1,27,0,0.9,12,4
1,27,0,0.9,13,1
1,27,0,0.9,17,1
1,27,0,0.9,18,1
1,27,0,0.9,22,1
1,27,1,0.5,0,126152
1,27,1,0.5,1,4201
1,27,1,0.5,2,530
1,27,1,0.5,3,118
1,27,1,0.5,4,40
1,27,1,0.5,5,20
1,27,1,0.5,6,2
1,27,1,0.5,7,3
1,27,1,0.5,8,2
1,27,1,0.5,9,3
1,27,1,0.5,10,1
1,27,2,0.15,0,124281
1,27,2,0.15,1,6009
1,27,2,0.15,2,673
1,27,2,0.15,3,85
1,27,2,0.15,4,16
1,27,2,0.15,5,5
1,27,2,0.15,6,3
1,28,0,0.9,0,129200
1,28,0,0.9,1,1454
1,28,0,0.9,2,240
1,28,0,0.9,3,74
1,28,0,0.9,4,40
1,28,0,0.9,5,18
1,28,0,0.9,6,10
1,28,0,0.9,7,12
1,28,0,0.9,8,6
1,28,0,0.9,9,3
1,28,0,0.9,10,1
1,28,0,0.9,11,2
1,28,0,0.9,12,3
1,28,0,0.9,15,1
1,28,0,0.9,16,1
1,28,0,0.9,17,2
1,28,0,0.9,24,1
1,28,0,0.9,25,1
1,28,0,0.9,30,1
1,28,0,0.9,37,1
1,28,0,0.9,39,1
1,28,1,0.5,0,126110
1,28,1,0.5,1,4207
1,28,1,0.5,2,532
1,28,1,0.5,3,139
1,28,1,0.5,4,49
1,28,1,0.5,5,16
1,28,1,0.5,6,10
1,28,1,0.5,7,4
1,28,1,0.5,8,3
1,28,1,0.5,9,1
1,28,1,0.5,15,1
1,28,2,0.15,0,124640
1,28,2,0.15,1,5666
1,28,2,0.15,2,639
1,28,2,0.15,3,93
1,28,2,0.15,4,26
1,28,2,0.15,5,5
1,28,2,0.15,6,3
1,29,0,0.9,0,129188
1,29,0,0.9,1,1444
1,29,0,0.9,2,226
1,29,0,0.9,3,107
1,29,0,0.9,4,40
1,29,0,0.9,5,22
1,29,0,0.9,6,14
1,29,0,0.9,7,6
1,29,0,0.9,8,4
1,29,0,0.9,9,5
1,29,0,0.9,10,3
1,29,0,0.9,11,2
1,29,0,0.9,12,2
1,29,0,0.9,13,2
1,29,0,0.9,15,3
1,29,0,0.9,16,2
1,29,0,0.9,17,1
1,29,0,0.9,21,1
1,29,1,0.5,0,126396
1,29,1,0.5,1,3952
1,29,1,0.5,2,528
1,29,1,0.5,3,101
1,29,1,0.5,4,42
1,29,1,0.5,5,25
1,29,1,0.5,6,12
1,29,1,0.5,7,4
1,29,1,0.5,8,5
1,29,1,0.5,9,2
1,29,1,0.5,11,2
1,29,1,0.5,12,1
1,29,1,0.5,13,1
1,29,1,0.5,17,1
1,29,2,0.15,0,124831
1,29,2,0.15,1,5423
1,29,2,0.15,2,660
1,29,2,0.15,3,113
1,29,2,0.15,4,24
1,29,2,0.15,5,13
1,29,2,0.15,6,5
1,29,2,0.15,7,1
1,29,2,0.15,8,1
1,29,2,0.15,9,1
1,30,0,0.9,0,129281
1,30,0,0.9,1,1374
1,30,0,0.9,2,222
1,30,0,0.9,3,85
1,30,0,0.9,4,39
1,30,0,0.9,5,23
1,30,0,0.9,6,15
1,30,0,0.9,7,7
1,30,0,0.9,8,6
1,30,0,0.9,9,4
1,30,0,0.9,10,6
1,30,0,0.9,11,2
1,30,0,0.9,12,1
1,30,0,0.9,13,1
1,30,0,0.9,14,1
1,30,0,0.9,16,1
1,30,0,0.9,20,1
1,30,0,0.9,21,2
1,30,0,0.9,29,1
1,30,1,0.5,0,126225
1,30,1,0.5,1,4120
1,30,1,0.5,2,527
1,30,1,0.5,3,112
1,30,1,0.5,4,46
1,30,1,0.5,5,15
1,30,1,0.5,6,10
1,30,1,0.5,7,10
1,30,1,0.5,8,2
1,30,1,0.5,9,2
1,30,1,0.5,10,1
1,30,1,0.5,12,1
1,30,1,0.5,14,1
1,30,2,0.15,0,124398
1,30,2,0.15,1,5936
1,30,2,0.15,2,591
1,30,2,0.15,3,92
1,30,2,0.15,4,30
1,30,2,0.15,5,13
1,30,2,0.15,6,8
1,30,2,0.15,7,3
1,30,2,0.15,9,1
1,31,0,0.9,0,129693
1,31,0,0.9,1,919
1,31,0,0.9,2,206
1,31,0,0.9,3,96
1,31,0,0.9,4,57
1,31,0,0.9,5,29
1,31,0,0.9,6,24
1,31,0,0.9,7,11
1,31,0,0.9,8,11
1,31,0,0.9,9,5
1,31,0,0.9,10,9
1,31,0,0.9,11,3
1,31,0,0.9,12,3
1,31,0,0.9,13,1
1,31,0,0.9,14,2
1,31,0,0.9,15,1
1,31,0,0.9,18,1
1,31,0,0.9,21,1
1,31,1,0.5,0,126385
1,31,1,0.5,1,3963
1,31,1,0.5,2,517
1,31,1,0.5,3,129
1,31,1,0.5,4,48
1,31,1,0.5,5,17
1,31,1,0.5,6,6
1,31,1,0.5,7,5
1,31,1,0.5,8,1
1,31,1,0.5,11,1
1,31,2,0.15,0,124097
1,31,2,0.15,1,6358
1,31,2,0.15,2,546
1,31,2,0.15,3,61
1,31,2,0.15,4,9
1,31,2,0.15,6,1
2,0,0,0.9,0,130590
2,0,0,0.9,1,422
2,0,0,0.9,2,44
2,0,0,0.9,3,10
2,0,0,0.9,4,2
2,0,0,0.9,5,4
2,0,1,0.5,0,130576
2,0,1,0.5,1,326
2,0,1,0.5,2,67
2,0,1,0.5,3,30
2,0,1,0.5,4,20
2,0,1,0.5,5,7
2,0,1,0.5,6,6
2,0,1,0.5,7,10
2,0,1,0.5,8,4
2,0,1,0.5,9,7
2,0,1,0.5,10,3
2,0,1,0.5,11,4
2,0,1,0.5,12,2
2,0,1,0.5,13,2
2,0,1,0.5,14,2
2,0,1,0.5,15,2
2,0,1,0.5,17,3
2,0,1,0.5,25,1
2,0,2,0.15,0,124178
2,0,2,0.15,1,5749
2,0,2,0.15,2,903
2,0,2,0.15,3,161
2,0,2,0.15,4,45
2,0,2,0.15,5,19
2,0,2,0.15,6,10
2,0,2,0.15,7,3
2,0,2,0.15,8,1
2,0,2,0.15,10,2
2,0,2,0.15,12,1
2,1,0,0.9,0,130941
2,1,0,0.9,1,98
2,1,0,0.9,2,21
2,1,0,0.9,3,5
2,1,0,0.9,4,3
2,1,0,0.9,6,2
2,1,0,0.9,7,2
2,1,1,0.5,0,130054
2,1,1,0.5,1,698
2,1,1,0.5,2,133
2,1,1,0.5,3,63
2,1,1,0.5,4,41
2,1,1,0.5,5,23
2,1,1,0.5,6,8
2,1,1,0.5,7,10
2,1,1,0.5,8,7
2,1,1,0.5,9,5
2,1,1,0.5,11,4
2,1,1,0.5,12,2
2,1,1,0.5,13,6
2,1,1,0.5,14,4
2,1,1,0.5,16,1
2,1,1,0.5,17,1
2,1,1,0.5,18,4
2,1,1,0.5,21,1
2,1,1,0.5,23,2
2,1,1,0.5,33,2
2,1,1,0.5,36,1
2,1,1,0.5,40,1
2,1,1,0.5,41,1
2,1,2,0.15,0,123053
2,1,2,0.15,1,6838
2,1,2,0.15,2,921
2,1,2,0.15,3,192
2,1,2,0.15,4,38
2,1,2,0.15,5,17
2,1,2,0.15,6,4
2,1,2,0.15,7,5
2,1,2,0.15,8,2
2,1,2,0.15,10,1
2,1,2,0.15,11,1
2,2,0,0.9,0,130883
2,2,0,0.9,1,125
2,2,0,0.9,2,22
2,2,0,0.9,3,15
2,2,0,0.9,4,6
2,2,0,0.9,5,6
2,2,0,0.9,6,5
2,2,0,0.9,7,2
2,2,0,0.9,8,1
2,2,0,0.9,9,2
2,2,0,0.9,10,1
2,2,0,0.9,11,2
2,2,0,0.9,12,1
2,2,0,0.9,14,1
2,2,1,0.5,0,130353
2,2,1,0.5,1,539
2,2,1,0.5,2,90
2,2,1,0.5,3,29
2,2,1,0.5,4,20
2,2,1,0.5,5,9
2,2,1,0.5,6,4
2,2,1,0.5,7,8
2,2,1,0.5,8,1
2,2,1,0.5,9,2
2,2,1,0.5,10,4
2,2,1,0.5,11,1
2,2,1,0.5,12,2
2,2,1,0.5,14,2
2,2,1,0.5,17,1
2,2,1,0.5,18,1
2,2,1,0.5,21,2
2,2,1,0.5,23,1
2,2,1,0.5,25,1
2,2,1,0.5,28,2
2,2,2,0.15,0,120301
2,2,2,0.15,1,9137
2,2,2,0.15,2,1328
2,2,2,0.15,3,245
2,2,2,0.15,4,55
2,2,2,0.15,5,4
2,2,2,0.15,6,2
2,3,0,0.9,0,130556
2,3,0,0.9,1,287
2,3,0,0.9,2,85
2,3,0,0.9,3,41
2,3,0,0.9,4,31
2,3,0,0.9,5,13
2,3,0,0.9,6,14
2,3,0,0.9,7,10
2,3,0,0.9,8,6
2,3,0,0.9,9,3
2,3,0,0.9,10,3
2,3,0,0.9,11,6
2,3,0,0.9,12,1
2,3,0,0.9,13,4
2,3,0,0.9,17,3
2,3,0,0.9,18,1
2,3,0,0.9,20,3
2,3,0,0.9,21,4
2,3,0,0.9,24,1
2,3,1,0.5,0,129593
2,3,1,0.5,1,1047
2,3,1,0.5,2,212
2,3,1,0.5,3,85
2,3,1,0.5,4,32
2,3,1,0.5,5,24
2,3,1,0.5,6,13
2,3,1,0.5,7,20
2,3,1,0.5,8,12
2,3,1,0.5,9,12
2,3,1,0.5,10,2
2,3,1,0.5,11,1
2,3,1,0.5,12,6
2,3,1,0.5,13,3
2,3,1,0.5,14,3
2,3,1,0.5,15,2
2,3,1,0.5,16,1
2,3,1,0.5,18,1
2,3,1,0.5,22,1
2,3,1,0.5,27,1
2,3,1,0.5,29,1
2,3,2,0.15,0,124065
2,3,2,0.15,1,6058
2,3,2,0.15,2,744
2,3,2,0.15,3,148
2,3,2,0.15,4,36
2,3,2,0.15,5,11
2,3,2,0.15,6,8
2,3,2,0.15,7,1
2,3,2,0.15,8,1
2,4,0,0.9,0,130276
2,4,0,0.9,1,528
2,4,0,0.9,2,130
2,4,0,0.9,3,53
2,4,0,0.9,4,29
2,4,0,0.9,5,17
2,4,0,0.9,6,11
2,4,0,0.9,7,7
2,4,0,0.9,8,4
2,4,0,0.9,9,2
2,4,0,0.9,10,3
2,4,0,0.9,11,2
2,4,0,0.9,12,1
2,4,0,0.9,14,3
2,4,0,0.9,17,1
2,4,0,0.9,18,2
2,4,0,0.9,20,1
2,4,0,0.9,22,2
2,4,1,0.5,0,128237
2,4,1,0.5,1,2036
2,4,1,0.5,2,458
2,4,1,0.5,3,153
2,4,1,0.5,4,81
2,4,1,0.5,5,29
2,4,1,0.5,6,27
2,4,1,0.5,7,10
2,4,1,0.5,8,12
2,4,1,0.5,9,7
2,4,1,0.5,10,5
2,4,1,0.5,11,3
2,4,1,0.5,12,5
2,4,1,0.5,13,1
2,4,1,0.5,14,1
2,4,1,0.5,15,1
2,4,1,0.5,20,1
2,4,1,0.5,22,1
2,4,1,0.5,23,1
2,4,1,0.5,27,1
2,4,1,0.5,29,1
2,4,1,0.5,34,1
2,4,2,0.15,0,123546
2,4,2,0.15,1,6544
2,4,2,0.15,2,755
2,4,2,0.15,3,161
2,4,2,0.15,4,44
2,4,2,0.15,5,18
2,4,2,0.15,6,4
2,5,0,0.9,0,130694
2,5,0,0.9,1,293
2,5,0,0.9,2,60
2,5,0,0.9,3,16
2,5,0,0.9,4,5
2,5,0,0.9,5,2
2,5,0,0.9,7,1
2,5,0,0.9,8,1
2,5,1,0.5,0,125518
2,5,1,0.5,1,4202
2,5,1,0.5,2,837
2,5,1,0.5,3,265
2,5,1,0.5,4,120
2,5,1,0.5,5,57
2,5,1,0.5,6,26
2,5,1,0.5,7,14
2,5,1,0.5,8,16
2,5,1,0.5,9,3
2,5,1,0.5,10,5
2,5,1,0.5,11,1
2,5,1,0.5,12,3
2,5,1,0.5,13,1
2,5,1,0.5,15,1
2,5,1,0.5,17,1
2,5,1,0.5,18,1
2,5,1,0.5,19,1
2,5,2,0.15,0,122361
2,5,2,0.15,1,7407
2,5,2,0.15,2,1008
2,5,2,0.15,3,211
2,5,2,0.15,4,58
2,5,2,0.15,5,16
2,5,2,0.15,6,9
2,5,2,0.15,7,2
2,6,0,0.9,0,129341
2,6,0,0.9,1,1343
2,6,0,0.9,2,239
2,6,0,0.9,3,72
2,6,0,0.9,4,37
2,6,0,0.9,5,13
2,6,0,0.9,6,12
2,6,0,0.9,7,6
2,6,0,0.9,8,1
2,6,0,0.9,9,3
2,6,0,0.9,11,2
2,6,0,0.9,12,1
2,6,0,0.9,16,1
2,6,0,0.9,21,1
2,6,1,0.5,0,126377
2,6,1,0.5,1,3555
2,6,1,0.5,2,716
2,6,1,0.5,3,238
2,6,1,0.5,4,84
2,6,1,0.5,5,42
2,6,1,0.5,6,23
2,6,1,0.5,7,9
2,6,1,0.5,8,9
2,6,1,0.5,9,5
2,6,1,0.5,10,2
2,6,1,0.5,12,3
2,6,1,0.5,13,1
2,6,1,0.5,15,2
2,6,1,0.5,16,1
2,6,1,0.5,20,2
2,6,1,0.5,22,1
2,6,1,0.5,23,1
2,6,1,0.5,24,1
2,6,2,0.15,0,123561
2,6,2,0.15,1,6484
2,6,2,0.15,2,834
2,6,2,0.15,3,142
2,6,2,0.15,4,35
2,6,2,0.15,5,8
2,6,2,0.15,6,5
2,6,2,0.15,7,2
2,6,2,0.15,8,1
2,7,0,0.9,0,129325
2,7,0,0.9,1,1486
2,7,0,0.9,2,171
2,7,0,0.9,3,48
2,7,0,0.9,4,20
2,7,0,0.9,5,7
2,7,0,0.9,6,5
2,7,0,0.9,7,4
2,7,0,0.9,8,4
2,7,0,0.9,9,1
2,7,0,0.9,11,1
2,7,1,0.5,0,123918
2,7,1,0.5,1,5764
2,7,1,0.5,2,971
2,7,1,0.5,3,243
2,7,1,0.5,4,87
2,7,1,0.5,5,44
2,7,1,0.5,6,23
2,7,1,0.5,7,10
2,7,1,0.5,8,4
2,7,1,0.5,9,2
2,7,1,0.5,10,2
2,7,1,0.5,11,1
2,7,1,0.5,12,1
2,7,1,0.5,13,2
2,7,2,0.15,0,121477
2,7,2,0.15,1,8086
2,7,2,0.15,2,1186
2,7,2,0.15,3,228
2,7,2,0.15,4,69
2,7,2,0.15,5,14
2,7,2,0.15,6,7
2,7,2,0.15,7,3
2,7,2,0.15,9,1
2,7,2,0.15,10,1
2,8,0,0.9,0,127659
2,8,0,0.9,1,2686
2,8,0,0.9,2,470
2,8,0,0.9,3,149
2,8,0,0.9,4,47
2,8,0,0.9,5,30
2,8,0,0.9,6,9
2,8,0,0.9,7,6
2,8,0,0.9,8,6
2,8,0,0.9,9,3
2,8,0,0.9,10,3
2,8,0,0.9,11,4
2,8,1,0.5,0,124565
2,8,1,0.5,1,4918
2,8,1,0.5,2,998
2,8,1,0.5,3,326
2,8,1,0.5,4,127
2,8,1,0.5,5,48
2,8,1,0.5,6,35
2,8,1,0.5,7,23
2,8,1,0.5,8,10
2,8,1,0.5,9,5
2,8,1,0.5,10,2
2,8,1,0.5,11,5
2,8,1,0.5,12,3
2,8,1,0.5,13,1
2,8,1,0.5,14,1
2,8,1,0.5,15,2
2,8,1,0.5,16,2
2,8,1,0.5,17,1
2,8,2,0.15,0,123642
2,8,2,0.15,1,6256
2,8,2,0.15,2,870
2,8,2,0.15,3,197
2,8,2,0.15,4,54
2,8,2,0.15,5,23
2,8,2,0.15,6,19
2,8,2,0.15,7,4
2,8,2,0.15,8,4
2,8,2,0.15,9,1
2,8,2,0.15,10,2
2,9,0,0.9,0,127671
2,9,0,0.9,1,2692
2,9,0,0.9,2,440
2,9,0,0.9,3,144
2,9,0,0.9,4,60
2,9,0,0.9,5,24
2,9,0,0.9,6,11
2,9,0,0.9,7,8
2,9,0,0.9,8,8
2,9,0,0.9,9,5
2,9,0,0.9,10,4
2,9,0,0.9,11,3
2,9,0,0.9,13,1
2,9,0,0.9,15,1
2,9,1,0.5,0,125357
2,9,1,0.5,1,4406
2,9,1,0.5,2,836
2,9,1,0.5,3,259
2,9,1,0.5,4,112
2,9,1,0.5,5,48
2,9,1,0.5,6,20
2,9,1,0.5,7,13
2,9,1,0.5,8,11
2,9,1,0.5,9,3
2,9,1,0.5,10,6
2,9,1,0.5,12,1
2,9,2,0.15,0,124210
2,9,2,0.15,1,5788
2,9,2,0.15,2,786
2,9,2,0.15,3,178
2,9,2,0.15,4,71
2,9,2,0.15,5,22
2,9,2,0.15,6,8
2,9,2,0.15,7,4
2,9,2,0.15,8,2
2,9,2,0.15,9,1
2,9,2,0.15,10,2
2,10,0,0.9,0,128009
2,10,0,0.9,1,2582
2,10,0,0.9,2,338
2,10,0,0.9,3,78
2,10,0,0.9,4,34
2,10,0,0.9,5,7
2,10,0,0.9,6,4
2,10,0,0.9,7,7
2,10,0,0.9,8,2
2,10,0,0.9,9,3
2,10,0,0.9,11,2
2,10,0,0.9,12,1
2,10,0,0.9,13,3
2,10,0,0.9,16,2
2,10,1,0.5,0,123513
2,10,1,0.5,1,6135
2,10,1,0.5,2,1009
2,10,1,0.5,3,244
2,10,1,0.5,4,93
2,10,1,0.5,5,26
2,10,1,0.5,6,18
2,10,1,0.5,7,9
2,10,1,0.5,8,7
2,10,1,0.5,9,5
2,10,1,0.5,10,6
2,10,1,0.5,11,4
2,10,1,0.5,12,2
2,10,1,0.5,14,1
2,10,2,0.15,0,121233
2,10,2,0.15,1,8397
2,10,2,0.15,2,1173
2,10,2,0.15,3,186
2,10,2,0.15,4,54
2,10,2,0.15,5,13
2,10,2,0.15,6,10
2,10,2,0.15,7,3
2,10,2,0.15,8,2
2,10,2,0.15,9,1
2,11,0,0.9,0,127446
2,11,0,0.9,1,2852
2,11,0,0.9,2,505
2,11,0,0.9,3,137
2,11,0,0.9,4,61
2,11,0,0.9,5,25
2,11,0,0.9,6,22
2,11,0,0.9,7,10
2,11,0,0.9,8,6
2,11,0,0.9,9,2
2,11,0,0.9,10,3
2,11,0,0.9,11,3
2,11,1,0.5,0,124759
2,11,1,0.5,1,4889
2,11,1,0.5,2,910
2,11,1,0.5,3,300
2,11,1,0.5,4,110
2,11,1,0.5,5,53
2,11,1,0.5,6,22
2,11,1,0.5,7,9
2,11,1,0.5,8,9
2,11,1,0.5,9,4
2,11,1,0.5,10,2
2,11,1,0.5,11,3
2,11,1,0.5,12,2
2,11,2,0.15,0,123543
2,11,2,0.15,1,6476
2,11,2,0.15,2,833
2,11,2,0.15,3,162
2,11,2,0.15,4,29
2,11,2,0.15,5,7
2,11,2,0.15,6,11
2,11,2,0.15,7,4
2,11,2,0.15,8,2
2,11,2,0.15,9,2
2,11,2,0.15,10,1
2,11,2,0.15,11,1
2,11,2,0.15,12,1
2,12,0,0.9,0,127231
2,12,0,0.9,1,3003
2,12,0,0.9,2,521
2,12,0,0.9,3,152
2,12,0,0.9,4,73
2,12,0,0.9,5,32
2,12,0,0.9,6,22
2,12,0,0.9,7,15
2,12,0,0.9,8,7
2,12,0,0.9,9,3
2,12,0,0.9,10,8
2,12,0,0.9,11,2
2,12,0,0.9,12,1
2,12,0,0.9,20,1
2,12,0,0.9,23,1
2,12,1,0.5,0,124649
2,12,1,0.5,1,4991
2,12,1,0.5,2,910
2,12,1,0.5,3,274
2,12,1,0.5,4,110
2,12,1,0.5,5,59
2,12,1,0.5,6,29
2,12,1,0.5,7,23
2,12,1,0.5,8,9
2,12,1,0.5,9,3
2,12,1,0.5,10,5
2,12,1,0.5,11,3
2,12,1,0.5,12,1
2,12,1,0.5,13,3
2,12,1,0.5,15,1
2,12,1,0.5,17,2
2,12,2,0.15,0,123043
2,12,2,0.15,1,6950
2,12,2,0.15,2,863
2,12,2,0.15,3,147
2,12,2,0.15,4,46
2,12,2,0.15,5,16
2,12,2,0.15,6,4
2,12,2,0.15,7,3
2,13,0,0.9,0,128044
2,13,0,0.9,1,2492
2,13,0,0.9,2,346
2,13,0,0.9,3,86
2,13,0,0.9,4,36
2,13,0,0.9,5,28
2,13,0,0.9,6,11
2,13,0,0.9,7,7
2,13,0,0.9,8,4
2,13,0,0.9,9,5
2,13,0,0.9,10,3
2,13,0,0.9,11,2
2,13,0,0.9,12,2
2,13,0,0.9,13,2
2,13,0,0.9,14,1
2,13,0,0.9,16,1
2,13,0,0.9,17,1
2,13,0,0.9,19,1
2,13,1,0.5,0,122293
2,13,1,0.5,1,7087
2,13,1,0.5,2,1201
2,13,1,0.5,3,311
2,13,1,0.5,4,118
2,13,1,0.5,5,40
2,13,1,0.5,6,10
2,13,1,0.5,7,6
2,13,1,0.5,8,1
2,13,1,0.5,9,4
2,13,1,0.5,14,1
2,13,2,0.15,0,120403
2,13,2,0.15,1,8980
2,13,2,0.15,2,1360
2,13,2,0.15,3,262
2,13,2,0.15,4,54
2,13,2,0.15,5,9
2,13,2,0.15,6,3
2,13,2,0.15,8,1
2,14,0,0.9,0,127019
2,14,0,0.9,1,3182
2,14,0,0.9,2,579
2,14,0,0.9,3,168
2,14,0,0.9,4,63
2,14,0,0.9,5,29
2,14,0,0.9,6,16
2,14,0,0.9,7,6
2,14,0,0.9,8,4
2,14,0,0.9,9,3
2,14,0,0.9,10,1
2,14,0,0.9,11,1
2,14,0,0.9,17,1
2,14,1,0.5,0,124306
2,14,1,0.5,1,5263
2,14,1,0.5,2,991
2,14,1,0.5,3,307
2,14,1,0.5,4,98
2,14,1,0.5,5,54
2,14,1,0.5,6,28
2,14,1,0.5,7,14
2,14,1,0.5,8,4
2,14,1,0.5,9,3
2,14,1,0.5,10,1
2,14,1,0.5,11,1
2,14,1,0.5,12,2
2,14,2,0.15,0,122858
2,14,2,0.15,1,7129
2,14,2,0.15,2,875
2,14,2,0.15,3,150
2,14,2,0.15,4,36
2,14,2,0.15,5,9
2,14,2,0.15,6,10
2,14,2,0.15,7,4
2,14,2,0.15,10,1
2,15,0,0.9,0,127281
2,15,0,0.9,1,2872
2,15,0,0.9,2,547
2,15,0,0.9,3,189
2,15,0,0.9,4,76
2,15,0,0.9,5,35
2,15,0,0.9,6,27
2,15,0,0.9,7,15
2,15,0,0.9,8,14
2,15,0,0.9,9,4
2,15,0,0.9,10,1
2,15,0,0.9,11,2
2,15,0,0.9,12,4
2,15,0,0.9,13,3
2,15,0,0.9,19,1
2,15,0,0.9,22,1
2,15,1,0.5,0,124373
2,15,1,0.5,1,5396
2,15,1,0.5,2,884
2,15,1,0.5,3,276
2,15,1,0.5,4,91
2,15,1,0.5,5,24
2,15,1,0.5,6,14
2,15,1,0.5,7,7
2,15,1,0.5,8,2
2,15,1,0.5,9,1
2,15,1,0.5,10,3
2,15,1,0.5,17,1
2,15,2,0.15,0,122058
2,15,2,0.15,1,7874
2,15,2,0.15,2,973
2,15,2,0.15,3,135
2,15,2,0.15,4,25
2,15,2,0.15,5,6
2,15,2,0.15,6,1
2,16,0,0.9,0,128058
2,16,0,0.9,1,2339
2,16,0,0.9,2,388
2,16,0,0.9,3,141
2,16,0,0.9,4,61
2,16,0,0.9,5,22
2,16,0,0.9,6,12
2,16,0,0.9,7,3
2,16,0,0.9,8,4
2,16,0,0.9,9,3
2,16,0,0.9,10,1
2,16,0,0.9,11,5
2,16,0,0.9,12,1
2,16,0,0.9,13,2
2,16,0,0.9,14,1
2,16,0,0.9,15,2
2,16,0,0.9,16,5
2,16,0,0.9,19,1
2,16,0,0.9,20,1
2,16,0,0.9,22,3
2,16,0,0.9,25,3
2,16,0,0.9,27,3
2,16,0,0.9,28,2
2,16,0,0.9,29,1
2,16,0,0.9,33,1
2,16,0,0.9,34,1
2,16,0,0.9,35,1
2,16,0,0.9,37,1
2,16,0,0.9,39,1
2,16,0,0.9,41,1
2,16,0,0.9,44,1
2,16,0,0.9,47,1
2,16,0,0.9,49,1
2,16,0,0.9,60,1
2,16,1,0.5,0,123488
2,16,1,0.5,1,6037
2,16,1,0.5,2,1111
2,16,1,0.5,3,280
2,16,1,0.5,4,83
2,16,1,0.5,5,40
2,16,1,0.5,6,17
2,16,1,0.5,7,5
2,16,1,0.5,8,6
2,16,1,0.5,9,3
2,16,1,0.5,10,1
2,16,1,0.5,11,1
2,16,2,0.15,0,121251
2,16,2,0.15,1,8359
2,16,2,0.15,2,1190
2,16,2,0.15,3,216
2,16,2,0.15,4,45
2,16,2,0.15,5,6
2,16,2,0.15,6,3
2,16,2,0.15,7,2
2,17,0,0.9,0,127437
2,17,0,0.9,1,2844
2,17,0,0.9,2,498
2,17,0,0.9,3,151
2,17,0,0.9,4,62
2,17,0,0.9,5,29
2,17,0,0.9,6,21
2,17,0,0.9,7,9
2,17,0,0.9,8,7
2,17,0,0.9,9,6
2,17,0,0.9,10,3
2,17,0,0.9,11,1
2,17,0,0.9,12,1
2,17,0,0.9,13,1
2,17,0,0.9,17,1
2,17,0,0.9,18,1
2,17,1,0.5,0,123515
2,17,1,0.5,1,6233
2,17,1,0.5,2,974
2,17,1,0.5,3,231
2,17,1,0.5,4,73
2,17,1,0.5,5,21
2,17,1,0.5,6,17
2,17,1,0.5,7,3
2,17,1,0.5,8,3
2,17,1,0.5,9,1
2,17,1,0.5,10,1
2,17,2,0.15,0,120913
2,17,2,0.15,1,8831
2,17,2,0.15,2,1101
2,17,2,0.15,3,178
2,17,2,0.15,4,36
2,17,2,0.15,5,9
2,17,2,0.15,6,4
2,18,0,0.9,0,127116
2,18,0,0.9,1,3095
2,18,0,0.9,2,565
2,18,0,0.9,3,159
2,18,0,0.9,4,62
2,18,0,0.9,5,38
2,18,0,0.9,6,13
2,18,0,0.9,7,11
2,18,0,0.9,8,3
2,18,0,0.9,9,2
2,18,0,0.9,10,1
2,18,0,0.9,11,1
2,18,0,0.9,12,2
2,18,0,0.9,13,1
2,18,0,0.9,14,1
2,18,0,0.9,15,1
2,18,0,0.9,17,1
2,18,1,0.5,0,124366
2,18,1,0.5,1,5505
2,18,1,0.5,2,869
2,18,1,0.5,3,194
2,18,1,0.5,4,81
2,18,1,0.5,5,29
2,18,1,0.5,6,11
2,18,1,0.5,7,9
2,18,1,0.5,8,4
2,18,1,0.5,10,2
2,18,1,0.5,11,1
2,18,1,0.5,12,1
2,18,2,0.15,0,121910
2,18,2,0.15,1,7893
2,18,2,0.15,2,1033
2,18,2,0.15,3,187
2,18,2,0.15,4,32
2,18,2,0.15,5,12
2,18,2,0.15,6,3
2,18,2,0.15,7,1
2,18,2,0.15,8,1
2,19,0,0.9,0,128423
2,19,0,0.9,1,2067
2,19,0,0.9,2,332
2,19,0,0.9,3,115
2,19,0,0.9,4,54
2,19,0,0.9,5,26
2,19,0,0.9,6,16
2,19,0,0.9,7,9
2,19,0,0.9,8,5
2,19,0,0.9,9,7
2,19,0,0.9,10,3
2,19,0,0.9,11,2
2,19,0,0.9,12,4
2,19,0,0.9,13,2
2,19,0,0.9,14,1
2,19,0,0.9,18,1
2,19,0,0.9,19,1
2,19,0,0.9,20,1
2,19,0,0.9,28,1
2,19,0,0.9,32,1
2,19,0,0.9,36,1
2,19,1,0.5,0,122750
2,19,1,0.5,1,6798
2,19,1,0.5,2,1138
2,19,1,0.5,3,259
2,19,1,0.5,4,82
2,19,1,0.5,5,25
2,19,1,0.5,6,7
2,19,1,0.5,7,6
2,19,1,0.5,8,2
2,19,1,0.5,9,1
2,19,1,0.5,10,1
2,19,1,0.5,12,1
2,19,1,0.5,13,2
2,19,2,0.15,0,119172
2,19,2,0.15,1,10265
2,19,2,0.15,2,1371
2,19,2,0.15,3,213
2,19,2,0.15,4,41
2,19,2,0.15,5,9
2,19,2,0.15,6,1
2,20,0,0.9,0,126976
2,20,0,0.9,1,3076
2,20,0,0.9,2,657
2,20,0,0.9,3,192
2,20,0,0.9,4,71
2,20,0,0.9,5,35
2,20,0,0.9,6,19
2,20,0,0.9,7,15
2,20,0,0.9,8,9
2,20,0,0.9,9,3
2,20,0,0.9,10,1
2,20,0,0.9,11,3
2,20,0,0.9,12,1
2,20,0,0.9,13,3
2,20,0,0.9,15,1
2,20,0,0.9,18,1
2,20,0,0.9,21,1
2,20,0,0.9,22,2
2,20,0,0.9,24,1
2,20,0,0.9,34,2
2,20,0,0.9,45,1
2,20,0,0.9,47,1
2,20,0,0.9,54,1
2,20,1,0.5,0,124633
2,20,1,0.5,1,5194
2,20,1,0.5,2,850
2,20,1,0.5,3,247
2,20,1,0.5,4,84
2,20,1,0.5,5,33
2,20,1,0.5,6,14
2,20,1,0.5,7,10
2,20,1,0.5,8,1
2,20,1,0.5,9,2
2,20,1,0.5,10,2
2,20,1,0.5,11,1
2,20,1,0.5,13,1
2,20,2,0.15,0,121756
2,20,2,0.15,1,8125
2,20,2,0.15,2,981
2,20,2,0.15,3,178
2,20,2,0.15,4,24
2,20,2,0.15,5,8
2,21,0,0.9,0,127335
2,21,0,0.9,1,2786
2,21,0,0.9,2,571
2,21,0,0.9,3,209
2,21,0,0.9,4,62
2,21,0,0.9,5,42
2,21,0,0.9,6,21
2,21,0,0.9,7,15
2,21,0,0.9,8,10
2,21,0,0.9,9,7
2,21,0,0.9,10,5
2,21,0,0.9,12,3
2,21,0,0.9,14,1
2,21,0,0.9,20,1
2,21,0,0.9,21,1
2,21,0,0.9,23,2
2,21,0,0.9,30,1
2,21,1,0.5,0,123502
2,21,1,0.5,1,6183
2,21,1,0.5,2,977
2,21,1,0.5,3,271
2,21,1,0.5,4,79
2,21,1,0.5,5,33
2,21,1,0.5,6,13
2,21,1,0.5,7,6
2,21,1,0.5,8,6
2,21,1,0.5,9,1
2,21,1,0.5,23,1
2,21,2,0.15,0,121005
2,21,2,0.15,1,8714
2,21,2,0.15,2,1156
2,21,2,0.15,3,167
2,21,2,0.15,4,24
2,21,2,0.15,5,4
2,21,2,0.15,6,1
2,21,2,0.15,7,1
2,22,0,0.9,0,127912
2,22,0,0.9,1,2385
2,22,0,0.9,2,443
2,22,0,0.9,3,166
2,22,0,0.9,4,67
2,22,0,0.9,5,38
2,22,0,0.9,6,20
2,22,0,0.9,7,14
2,22,0,0.9,8,9
2,22,0,0.9,9,6
2,22,0,0.9,10,4
2,22,0,0.9,11,1
2,22,0,0.9,12,2
2,22,0,0.9,13,2
2,22,0,0.9,15,2
2,22,0,0.9,16,1
2,22,1,0.5,0,122887
2,22,1,0.5,1,6744
2,22,1,0.5,2,1038
2,22,1,0.5,3,261
2,22,1,0.5,4,83
2,22,1,0.5,5,37
2,22,1,0.5,6,13
2,22,1,0.5,7,5
2,22,1,0.5,8,4
2,22,2,0.15,0,119903
2,22,2,0.15,1,9644
2,22,2,0.15,2,1307
2,22,2,0.15,3,180
2,22,2,0.15,4,34
2,22,2,0.15,5,3
2,22,2,0.15,6,1
2,23,0,0.9,0,128000
2,23,0,0.9,1,2308
2,23,0,0.9,2,438
2,23,0,0.9,3,154
2,23,0,0.9,4,64
2,23,0,0.9,5,26
2,23,0,0.9,6,18
2,23,0,0.9,7,11
2,23,0,0.9,8,6
2,23,0,0.9,9,10
2,23,0,0.9,10,5
2,23,0,0.9,11,4
2,23,0,0.9,12,5
2,23,0,0.9,13,4
2,23,0,0.9,14,2
2,23,0,0.9,15,1
2,23,0,0.9,16,4
2,23,0,0.9,17,1
2,23,0,0.9,18,1
2,23,0,0.9,19,2
2,23,0,0.9,21,2
2,23,0,0.9,23,1
2,23,0,0.9,25,1
2,23,0,0.9,35,1
2,23,0,0.9,39,1
2,23,0,0.9,41,1
2,23,0,0.9,52,1
2,23,1,0.5,0,122885
2,23,1,0.5,1,6739
2,23,1,0.5,2,1027
2,23,1,0.5,3,258
2,23,1,0.5,4,89
2,23,1,0.5,5,35
2,23,1,0.5,6,17
2,23,1,0.5,7,8
2,23,1,0.5,8,4
2,23,1,0.5,9,2
2,23,1,0.5,10,3
2,23,1,0.5,11,1
2,23,1,0.5,12,1
2,23,1,0.5,13,1
2,23,1,0.5,14,1
2,23,1,0.5,16,1
2,23,2,0.15,0,119387
2,23,2,0.15,1,10124
2,23,2,0.15,2,1307
2,23,2,0.15,3,201
2,23,2,0.15,4,48
2,23,2,0.15,5,4
2,23,2,0.15,6,1
2,24,0,0.9,0,127028
2,24,0,0.9,1,3089
2,24,0,0.9,2,558
2,24,0,0.9,3,167
2,24,0,0.9,4,84
2,24,0,0.9,5,36
2,24,0,0.9,6,14
2,24,0,0.9,7,29
2,24,0,0.9,8,10
2,24,0,0.9,9,8
2,24,0,0.9,10,8
2,24,0,0.9,11,2
2,24,0,0.9,12,3
2,24,0,0.9,13,1
2,24,0,0.9,14,5
2,24,0,0.9,15,7
2,24,0,0.9,17,1
2,24,0,0.9,19,1
2,24,0,0.9,20,3
2,24,0,0.9,21,3
2,24,0,0.9,22,1
2,24,0,0.9,24,1
2,24,0,0.9,25,1
2,24,0,0.9,26,1
2,24,0,0.9,27,2
2,24,0,0.9,28,2
2,24,0,0.9,30,1
2,24,0,0.9,31,1
2,24,0,0.9,32,1
2,24,0,0.9,35,2
2,24,0,0.9,36,1
2,24,0,0.9,43,1
2,24,1,0.5,0,122923
2,24,1,0.5,1,6611
2,24,1,0.5,2,1085
2,24,1,0.5,3,271
2,24,1,0.5,4,93
2,24,1,0.5,5,32
2,24,1,0.5,6,20
2,24,1,0.5,7,17
2,24,1,0.5,8,5
2,24,1,0.5,9,5
2,24,1,0.5,10,1
2,24,1,0.5,11,4
2,24,1,0.5,13,2
2,24,1,0.5,14,1
2,24,1,0.5,15,1
2,24,1,0.5,27,1
2,24,2,0.15,0,120357
2,24,2,0.15,1,9209
2,24,2,0.15,2,1249
2,24,2,0.15,3,207
2,24,2,0.15,4,35
2,24,2,0.15,5,11
2,24,2,0.15,6,4
2,25,0,0.9,0,127259
2,25,0,0.9,1,2851
2,25,0,0.9,2,559
2,25,0,0.9,3,169
2,25,0,0.9,4,91
2,25,0,0.9,5,40
2,25,0,0.9,6,36
2,25,0,0.9,7,10
2,25,0,0.9,8,14
2,25,0,0.9,9,16
2,25,0,0.9,10,7
2,25,0,0.9,11,4
2,25,0,0.9,12,4
2,25,0,0.9,13,1
2,25,0,0.9,14,4
2,25,0,0.9,15,1
2,25,0,0.9,16,2
2,25,0,0.9,17,1
2,25,0,0.9,19,1
2,25,0,0.9,24,1
2,25,0,0.9,42,1
2,25,1,0.5,0,121615
2,25,1,0.5,1,7579
2,25,1,0.5,2,1329
2,25,1,0.5,3,349
2,25,1,0.5,4,121
2,25,1,0.5,5,41
2,25,1,0.5,6,24
2,25,1,0.5,7,5
2,25,1,0.5,8,3
2,25,1,0.5,9,1
2,25,1,0.5,10,2
2,25,1,0.5,11,3
2,25,2,0.15,0,118411
2,25,2,0.15,1,10561
2,25,2,0.15,2,1691
2,25,2,0.15,3,317
2,25,2,0.15,4,74
2,25,2,0.15,5,12
2,25,2,0.15,6,5
2,25,2,0.15,7,1
2,26,0,0.9,0,127381
2,26,0,0.9,1,2801
2,26,0,0.9,2,485
2,26,0,0.9,3,187
2,26,0,0.9,4,86
2,26,0,0.9,5,58
2,26,0,0.9,6,26
2,26,0,0.9,7,13
2,26,0,0.9,8,13
2,26,0,0.9,9,10
2,26,0,0.9,10,5
2,26,0,0.9,11,3
2,26,0,0.9,12,1
2,26,0,0.9,13,1
2,26,0,0.9,15,1
2,26,0,0.9,17,1
2,26,1,0.5,0,121414
2,26,1,0.5,1,7649
2,26,1,0.5,2,1382
2,26,1,0.5,3,381
2,26,1,0.5,4,118
2,26,1,0.5,5,60
2,26,1,0.5,6,24
2,26,1,0.5,7,13
2,26,1,0.5,8,9
2,26,1,0.5,9,10
2,26,1,0.5,10,3
2,26,1,0.5,11,3
2,26,1,0.5,12,1
2,26,1,0.5,14,3
2,26,1,0.5,16,1
2,26,1,0.5,23,1
2,26,2,0.15,0,118799
2,26,2,0.15,1,10108
2,26,2,0.15,2,1672
2,26,2,0.15,3,357
2,26,2,0.15,4,85
2,26,2,0.15,5,31
2,26,2,0.15,6,13
2,26,2,0.15,7,2
2,26,2,0.15,8,3
2,26,2,0.15,9,2
2,27,0,0.9,0,127497
2,27,0,0.9,1,2739
2,27,0,0.9,2,471
2,27,0,0.9,3,130
2,27,0,0.9,4,88
2,27,0,0.9,5,43
2,27,0,0.9,6,23
2,27,0,0.9,7,22
2,27,0,0.9,8,7
2,27,0,0.9,9,11
2,27,0,0.9,10,9
2,27,0,0.9,11,9
2,27,0,0.9,12,6
2,27,0,0.9,13,5
2,27,0,0.9,14,2
2,27,0,0.9,15,1
2,27,0,0.9,16,1
2,27,0,0.9,17,1
2,27,0,0.9,18,3
2,27,0,0.9,21,1
2,27,0,0.9,23,1
2,27,0,0.9,24,1
2,27,0,0.9,25,1
2,27,1,0.5,0,120397
2,27,1,0.5,1,8311
2,27,1,0.5,2,1681
2,27,1,0.5,3,407
2,27,1,0.5,4,151
2,27,1,0.5,5,66
2,27,1,0.5,6,29
2,27,1,0.5,7,11
2,27,1,0.5,8,7
2,27,1,0.5,9,5
2,27,1,0.5,10,3
2,27,1,0.5,11,1
2,27,1,0.5,12,2
2,27,1,0.5,14,1
2,27,2,0.15,0,117681
2,27,2,0.15,1,10877
2,27,2,0.15,2,1977
2,27,2,0.15,3,401
2,27,2,0.15,4,107
2,27,2,0.15,5,20
2,27,2,0.15,6,7
2,27,2,0.15,7,1
2,27,2,0.15,8,1
2,28,0,0.9,0,127252
2,28,0,0.9,1,2863
2,28,0,0.9,2,496
2,28,0,0.9,3,199
2,28,0,0.9,4,93
2,28,0,0.9,5,66
2,28,0,0.9,6,24
2,28,0,0.9,7,18
2,28,0,0.9,8,13
2,28,0,0.9,9,9
2,28,0,0.9,10,8
2,28,0,0.9,11,4
2,28,0,0.9,12,4
2,28,0,0.9,13,8
2,28,0,0.9,14,1
2,28,0,0.9,15,2
2,28,0,0.9,16,1
2,28,0,0.9,17,1
2,28,0,0.9,20,2
2,28,0,0.9,21,1
2,28,0,0.9,28,1
2,28,0,0.9,30,1
2,28,0,0.9,33,2
2,28,0,0.9,42,1
2,28,0,0.9,45,1
2,28,0,0.9,51,1
2,28,1,0.5,0,120456
2,28,1,0.5,1,8312
2,28,1,0.5,2,1579
2,28,1,0.5,3,415
2,28,1,0.5,4,175
2,28,1,0.5,5,64
2,28,1,0.5,6,35
2,28,1,0.5,7,15
2,28,1,0.5,8,6
2,28,1,0.5,9,6
2,28,1,0.5,10,2
2,28,1,0.5,11,2
2,28,1,0.5,15,2
2,28,1,0.5,16,2
2,28,1,0.5,22,1
2,28,2,0.15,0,118958
2,28,2,0.15,1,9875
2,28,2,0.15,2,1795
2,28,2,0.15,3,335
2,28,2,0.15,4,78
2,28,2,0.15,5,22
2,28,2,0.15,6,9
2,29,0,0.9,0,126977
2,29,0,0.9,1,3045
2,29,0,0.9,2,565
2,29,0,0.9,3,203
2,29,0,0.9,4,110
2,29,0,0.9,5,57
2,29,0,0.9,6,42
2,29,0,0.9,7,22
2,29,0,0.9,8,11
2,29,0,0.9,9,9
2,29,0,0.9,10,8
2,29,0,0.9,11,3
2,29,0,0.9,12,3
2,29,0,0.9,13,2
2,29,0,0.9,14,2
2,29,0,0.9,15,1
2,29,0,0.9,16,2
2,29,0,0.9,17,1
2,29,0,0.9,18,2
2,29,0,0.9,19,1
2,29,0,0.9,20,1
2,29,0,0.9,21,1
2,29,0,0.9,22,3
2,29,0,0.9,24,1
2,29,1,0.5,0,120965
2,29,1,0.5,1,7994
2,29,1,0.5,2,1442
2,29,1,0.5,3,400
2,29,1,0.5,4,119
2,29,1,0.5,5,55
2,29,1,0.5,6,31
2,29,1,0.5,7,20
2,29,1,0.5,8,16
2,29,1,0.5,9,6
2,29,1,0.5,10,10
2,29,1,0.5,11,2
2,29,1,0.5,12,3
2,29,1,0.5,13,2
2,29,1,0.5,14,3
2,29,1,0.5,15,1
2,29,1,0.5,16,1
2,29,1,0.5,17,1
2,29,1,0.5,19,1
2,29,2,0.15,0,118935
2,29,2,0.15,1,9837
2,29,2,0.15,2,1773
2,29,2,0.15,3,359
2,29,2,0.15,4,103
2,29,2,0.15,5,36
2,29,2,0.15,6,15
2,29,2,0.15,7,5
2,29,2,0.15,8,5
2,29,2,0.15,9,2
2,29,2,0.15,10,2
2,30,0,0.9,0,127244
2,30,0,0.9,1,2783
2,30,0,0.9,2,574
2,30,0,0.9,3,174
2,30,0,0.9,4,111
2,30,0,0.9,5,56
2,30,0,0.9,6,39
2,30,0,0.9,7,26
2,30,0,0.9,8,12
2,30,0,0.9,9,9
2,30,0,0.9,10,13
2,30,0,0.9,11,7
2,30,0,0.9,12,4
2,30,0,0.9,13,5
2,30,0,0.9,14,2
2,30,0,0.9,15,1
2,30,0,0.9,16,3
2,30,0,0.9,17,1
2,30,0,0.9,18,1
2,30,0,0.9,20,1
2,30,0,0.9,21,1
2,30,0,0.9,22,2
2,30,0,0.9,23,1
2,30,0,0.9,25,1
2,30,0,0.9,30,1
2,30,1,0.5,0,120579
2,30,1,0.5,1,8365
2,30,1,0.5,2,1497
2,30,1,0.5,3,373
2,30,1,0.5,4,115
2,30,1,0.5,5,62
2,30,1,0.5,6,34
2,30,1,0.5,7,13
2,30,1,0.5,8,12
2,30,1,0.5,9,6
2,30,1,0.5,10,3
2,30,1,0.5,11,5
2,30,1,0.5,12,2
2,30,1,0.5,13,2
2,30,1,0.5,15,1
2,30,1,0.5,17,2
2,30,1,0.5,18,1
2,30,2,0.15,0,117847
2,30,2,0.15,1,10975
2,30,2,0.15,2,1764
2,30,2,0.15,3,335
2,30,2,0.15,4,84
2,30,2,0.15,5,25
2,30,2,0.15,6,23
2,30,2,0.15,7,7
2,30,2,0.15,8,6
2,30,2,0.15,9,2
2,30,2,0.15,10,1
2,30,2,0.15,11,3
2,31,0,0.9,0,128014
2,31,0,0.9,1,1774
2,31,0,0.9,2,563
2,31,0,0.9,3,258
2,31,0,0.9,4,137
2,31,0,0.9,5,84
2,31,0,0.9,6,60
2,31,0,0.9,7,50
2,31,0,0.9,8,27
2,31,0,0.9,9,18
2,31,0,0.9,10,16
2,31,0,0.9,11,13
2,31,0,0.9,12,12
2,31,0,0.9,13,8
2,31,0,0.9,14,5
2,31,0,0.9,15,7
2,31,0,0.9,16,3
2,31,0,0.9,17,5
2,31,0,0.9,18,3
2,31,0,0.9,19,7
2,31,0,0.9,20,1
2,31,0,0.9,21,3
2,31,0,0.9,22,1
2,31,0,0.9,23,1
2,31,0,0.9,26,2
2,31,1,0.5,0,121134
2,31,1,0.5,1,7799
2,31,1,0.5,2,1436
2,31,1,0.5,3,429
2,31,1,0.5,4,148
2,31,1,0.5,5,70
2,31,1,0.5,6,26
2,31,1,0.5,7,18
2,31,1,0.5,8,5
2,31,1,0.5,9,2
2,31,1,0.5,10,2
2,31,1,0.5,12,1
2,31,1,0.5,13,1
2,31,1,0.5,18,1
2,31,2,0.15,0,116825
2,31,2,0.15,1,12167
2,31,2,0.15,2,1756
2,31,2,0.15,3,269
2,31,2,0.15,4,45
2,31,2,0.15,5,9
2,31,2,0.15,6,1
4,0,0,0.9,0,129965
4,0,0,0.9,1,849
4,0,0,0.9,2,155
4,0,0,0.9,3,53
4,0,0,0.9,4,17
4,0,0,0.9,5,12
4,0,0,0.9,6,9
4,0,0,0.9,7,6
4,0,0,0.9,8,2
4,0,0,0.9,9,2
4,0,0,0.9,11,1
4,0,0,0.9,12,1
4,0,1,0.5,0,130056
4,0,1,0.5,1,627
4,0,1,0.5,2,144
4,0,1,0.5,3,67
4,0,1,0.5,4,57
4,0,1,0.5,5,24
4,0,1,0.5,6,23
4,0,1,0.5,7,18
4,0,1,0.5,8,8
4,0,1,0.5,9,7
4,0,1,0.5,10,3
4,0,1,0.5,11,10
4,0,1,0.5,12,2
4,0,1,0.5,13,5
4,0,1,0.5,14,3
4,0,1,0.5,15,6
4,0,1,0.5,16,1
4,0,1,0.5,17,5
4,0,1,0.5,18,2
4,0,1,0.5,20,1
4,0,1,0.5,21,1
4,0,1,0.5,24,1
4,0,1,0.5,25,1
4,0,2,0.15,0,116445
4,0,2,0.15,1,11297
4,0,2,0.15,2,2414
4,0,2,0.15,3,604
4,0,2,0.15,4,179
4,0,2,0.15,5,76
4,0,2,0.15,6,28
4,0,2,0.15,7,16
4,0,2,0.15,8,3
4,0,2,0.15,9,4
4,0,2,0.15,10,4
4,0,2,0.15,11,1
4,0,2,0.15,16,1
4,1,0,0.9,0,130758
4,1,0,0.9,1,232
4,1,0,0.9,2,31
4,1,0,0.9,3,17
4,1,0,0.9,4,11
4,1,0,0.9,5,6
4,1,0,0.9,6,3
4,1,0,0.9,7,8
4,1,0,0.9,8,2
4,1,0,0.9,9,4
4,1,1,0.5,0,128852
4,1,1,0.5,1,1454
4,1,1,0.5,2,348
4,1,1,0.5,3,119
4,1,1,0.5,4,89
4,1,1,0.5,5,42
4,1,1,0.5,6,36
4,1,1,0.5,7,18
4,1,1,0.5,8,14
4,1,1,0.5,9,8
4,1,1,0.5,10,7
4,1,1,0.5,11,8
4,1,1,0.5,12,3
4,1,1,0.5,13,4
4,1,1,0.5,14,6
4,1,1,0.5,15,7
4,1,1,0.5,16,5
4,1,1,0.5,17,5
4,1,1,0.5,18,3
4,1,1,0.5,19,6
4,1,1,0.5,20,4
4,1,1,0.5,21,2
4,1,1,0.5,22,2
4,1,1,0.5,23,1
4,1,1,0.5,24,5
4,1,1,0.5,25,2
4,1,1,0.5,26,1
4,1,1,0.5,29,4
4,1,1,0.5,31,3
4,1,1,0.5,33,4
4,1,1,0.5,34,2
4,1,1,0.5,35,3
4,1,1,0.5,37,2
4,1,1,0.5,44,1
4,1,1,0.5,49,1
4,1,1,0.5,54,1
4,1,2,0.15,0,114091
4,1,2,0.15,1,13132
4,1,2,0.15,2,2764
4,1,2,0.15,3,749
4,1,2,0.15,4,213
4,1,2,0.15,5,71
4,1,2,0.15,6,22
4,1,2,0.15,7,16
4,1,2,0.15,8,7
4,1,2,0.15,9,2
4,1,2,0.15,10,2
4,1,2,0.15,11,3
4,2,0,0.9,0,130567
4,2,0,0.9,1,322
4,2,0,0.9,2,78
4,2,0,0.9,3,34
4,2,0,0.9,4,19
4,2,0,0.9,5,16
4,2,0,0.9,6,6
4,2,0,0.9,7,4
4,2,0,0.9,8,6
4,2,0,0.9,9,5
4,2,0,0.9,11,1
4,2,0,0.9,12,4
4,2,0,0.9,13,4
4,2,0,0.9,14,1
4,2,0,0.9,15,2
4,2,0,0.9,16,3
4,2,1,0.5,0,129394
4,2,1,0.5,1,1201
4,2,1,0.5,2,227
4,2,1,0.5,3,84
4,2,1,0.5,4,65
4,2,1,0.5,5,23
4,2,1,0.5,6,15
4,2,1,0.5,7,11
4,2,1,0.5,8,12
4,2,1,0.5,9,4
4,2,1,0.5,10,6
4,2,1,0.5,11,3
4,2,1,0.5,12,5
4,2,1,0.5,13,2
4,2,1,0.5,14,1
4,2,1,0.5,15,2
4,2,1,0.5,16,1
4,2,1,0.5,18,3
4,2,1,0.5,19,1
4,2,1,0.5,21,1
4,2,1,0.5,22,4
4,2,1,0.5,24,2
4,2,1,0.5,28,1
4,2,1,0.5,29,1
4,2,1,0.5,33,1
4,2,1,0.5,34,1
4,2,1,0.5,37,1
4,2,2,0.15,0,109199
4,2,2,0.15,1,16743
4,2,2,0.15,2,3771
4,2,2,0.15,3,974
4,2,2,0.15,4,285
4,2,2,0.15,5,75
4,2,2,0.15,6,14
4,2,2,0.15,7,8
4,2,2,0.15,8,3
4,3,0,0.9,0,129811
4,3,0,0.9,1,694
4,3,0,0.9,2,205
4,3,0,0.9,3,100
4,3,0,0.9,4,60
4,3,0,0.9,5,40
4,3,0,0.9,6,33
4,3,0,0.9,7,29
4,3,0,0.9,8,12
4,3,0,0.9,9,16
4,3,0,0.9,10,10
4,3,0,0.9,11,19
4,3,0,0.9,12,9
4,3,0,0.9,13,3
4,3,0,0.9,14,5
4,3,0,0.9,15,3
4,3,0,0.9,16,1
4,3,0,0.9,17,5
4,3,0,0.9,18,3
4,3,0,0.9,19,1
4,3,0,0.9,20,3
4,3,0,0.9,21,2
4,3,0,0.9,23,4
4,3,0,0.9,25,2
4,3,0,0.9,26,1
4,3,0,0.9,27,1
4,3,1,0.5,0,127953
4,3,1,0.5,1,2116
4,3,1,0.5,2,401
4,3,1,0.5,3,220
4,3,1,0.5,4,108
4,3,1,0.5,5,68
4,3,1,0.5,6,40
4,3,1,0.5,7,31
4,3,1,0.5,8,21
4,3,1,0.5,9,19
4,3,1,0.5,10,10
4,3,1,0.5,11,14
4,3,1,0.5,12,6
4,3,1,0.5,13,11
4,3,1,0.5,14,8
4,3,1,0.5,15,3
4,3,1,0.5,16,2
4,3,1,0.5,17,6
4,3,1,0.5,18,6
4,3,1,0.5,19,3
4,3,1,0.5,20,1
4,3,1,0.5,21,2
4,3,1,0.5,22,5
4,3,1,0.5,23,3
4,3,1,0.5,24,2
4,3,1,0.5,25,2
4,3,1,0.5,26,3
4,3,1,0.5,27,1
4,3,1,0.5,29,2
4,3,1,0.5,30,1
4,3,1,0.5,32,1
4,3,1,0.5,33,1
4,3,1,0.5,34,1
4,3,1,0.5,48,1
4,3,2,0.15,0,116249
4,3,2,0.15,1,11858
4,3,2,0.15,2,2150
4,3,2,0.15,3,561
4,3,2,0.15,4,148
4,3,2,0.15,5,59
4,3,2,0.15,6,25
4,3,2,0.15,7,14
4,3,2,0.15,8,7
4,3,2,0.15,9,1
4,4,0,0.9,0,129437
4,4,0,0.9,1,1043
4,4,0,0.9,2,280
4,4,0,0.9,3,110
4,4,0,0.9,4,59
4,4,0,0.9,5,44
4,4,0,0.9,6,30
4,4,0,0.9,7,13
4,4,0,0.9,8,17
4,4,0,0.9,9,6
4,4,0,0.9,10,4
4,4,0,0.9,11,4
4,4,0,0.9,12,5
4,4,0,0.9,13,2
4,4,0,0.9,14,6
4,4,0,0.9,16,1
4,4,0,0.9,20,2
4,4,0,0.9,22,4
4,4,0,0.9,23,1
4,4,0,0.9,25,1
4,4,0,0.9,27,1
4,4,0,0.9,29,1
4,4,0,0.9,36,1
4,4,1,0.5,0,124886
4,4,1,0.5,1,4177
4,4,1,0.5,2,1026
4,4,1,0.5,3,411
4,4,1,0.5,4,205
4,4,1,0.5,5,119
4,4,1,0.5,6,64
4,4,1,0.5,7,57
4,4,1,0.5,8,33
4,4,1,0.5,9,20
4,4,1,0.5,10,18
4,4,1,0.5,11,14
4,4,1,0.5,12,14
4,4,1,0.5,13,7
4,4,1,0.5,14,3
4,4,1,0.5,15,3
4,4,1,0.5,16,5
4,4,1,0.5,17,1
4,4,1,0.5,19,2
4,4,1,0.5,21,1
4,4,1,0.5,23,2
4,4,1,0.5,30,1
4,4,1,0.5,31,1
4,4,1,0.5,34,1
4,4,1,0.5,35,1
4,4,2,0.15,0,115128
4,4,2,0.15,1,12861
4,4,2,0.15,2,2301
4,4,2,0.15,3,537
4,4,2,0.15,4,161
4,4,2,0.15,5,55
4,4,2,0.15,6,19
4,4,2,0.15,7,5
4,4,2,0.15,8,5
4,5,0,0.9,0,129864
4,5,0,0.9,1,932
4,5,0,0.9,2,176
4,5,0,0.9,3,59
4,5,0,0.9,4,18
4,5,0,0.9,5,12
4,5,0,0.9,6,2
4,5,0,0.9,7,5
4,5,0,0.9,8,1
4,5,0,0.9,9,2
4,5,0,0.9,10,1
4,5,1,0.5,0,119283
4,5,1,0.5,1,8140
4,5,1,0.5,2,2063
4,5,1,0.5,3,739
4,5,1,0.5,4,366
4,5,1,0.5,5,188
4,5,1,0.5,6,112
4,5,1,0.5,7,66
4,5,1,0.5,8,39
4,5,1,0.5,9,23
4,5,1,0.5,10,15
4,5,1,0.5,11,11
4,5,1,0.5,12,3
4,5,1,0.5,13,5
4,5,1,0.5,14,6
4,5,1,0.5,15,4
4,5,1,0.5,16,1
4,5,1,0.5,17,1
4,5,1,0.5,18,1
4,5,1,0.5,19,1
4,5,1,0.5,20,4
4,5,1,0.5,24,1
4,5,2,0.15,0,113712
4,5,2,0.15,1,13792
4,5,2,0.15,2,2703
4,5,2,0.15,3,602
4,5,2,0.15,4,171
4,5,2,0.15,5,57
4,5,2,0.15,6,22
4,5,2,0.15,7,10
4,5,2,0.15,8,2
4,5,2,0.15,9,1
4,6,0,0.9,0,127049
4,6,0,0.9,1,2982
4,6,0,0.9,2,588
4,6,0,0.9,3,220
4,6,0,0.9,4,90
4,6,0,0.9,5,47
4,6,0,0.9,6,34
4,6,0,0.9,7,17
4,6,0,0.9,8,9
4,6,0,0.9,9,10
4,6,0,0.9,10,6
4,6,0,0.9,11,4
4,6,0,0.9,12,2
4,6,0,0.9,14,5
4,6,0,0.9,15,1
4,6,0,0.9,16,3
4,6,0,0.9,18,2
4,6,0,0.9,19,1
4,6,0,0.9,22,1
4,6,0,0.9,26,1
4,6,1,0.5,0,121286
4,6,1,0.5,1,7081
4,6,1,0.5,2,1511
4,6,1,0.5,3,588
4,6,1,0.5,4,274
4,6,1,0.5,5,139
4,6,1,0.5,6,76
4,6,1,0.5,7,36
4,6,1,0.5,8,24
4,6,1,0.5,9,18
4,6,1,0.5,10,13
4,6,1,0.5,11,8
4,6,1,0.5,12,4
4,6,1,0.5,13,1
4,6,1,0.5,14,2
4,6,1,0.5,15,1
4,6,1,0.5,16,1
4,6,1,0.5,18,2
4,6,1,0.5,19,1
4,6,1,0.5,20,1
4,6,1,0.5,22,1
4,6,1,0.5,25,1
4,6,1,0.5,28,1
4,6,1,0.5,29,1
4,6,1,0.5,30,1
4,6,2,0.15,0,115552
4,6,2,0.15,1,12662
4,6,2,0.15,2,2156
4,6,2,0.15,3,503
4,6,2,0.15,4,136
4,6,2,0.15,5,41
4,6,2,0.15,6,12
4,6,2,0.15,7,7
4,6,2,0.15,8,2
4,6,2,0.15,9,1
4,7,0,0.9,0,126537
4,7,0,0.9,1,3597
4,7,0,0.9,2,601
4,7,0,0.9,3,191
4,7,0,0.9,4,70
4,7,0,0.9,5,30
4,7,0,0.9,6,13
4,7,0,0.9,7,7
4,7,0,0.9,8,12
4,7,0,0.9,9,3
4,7,0,0.9,10,6
4,7,0,0.9,11,3
4,7,0,0.9,15,2
4,7,1,0.5,0,115987
4,7,1,0.5,1,11053
4,7,1,0.5,2,2614
4,7,1,0.5,3,797
4,7,1,0.5,4,310
4,7,1,0.5,5,147
4,7,1,0.5,6,81
4,7,1,0.5,7,38
4,7,1,0.5,8,16
4,7,1,0.5,9,13
4,7,1,0.5,10,3
4,7,1,0.5,11,5
4,7,1,0.5,12,2
4,7,1,0.5,13,1
4,7,1,0.5,14,2
4,7,1,0.5,15,1
4,7,1,0.5,16,1
4,7,1,0.5,18,1
4,7,2,0.15,0,112209
4,7,2,0.15,1,14581
4,7,2,0.15,2,3125
4,7,2,0.15,3,794
4,7,2,0.15,4,237
4,7,2,0.15,5,88
4,7,2,0.15,6,24
4,7,2,0.15,7,8
4,7,2,0.15,8,4
4,7,2,0.15,9,1
4,7,2,0.15,12,1
4,8,0,0.9,0,123438
4,8,0,0.9,1,5641
4,8,0,0.9,2,1176
4,8,0,0.9,3,422
4,8,0,0.9,4,171
4,8,0,0.9,5,81
4,8,0,0.9,6,53
4,8,0,0.9,7,30
4,8,0,0.9,8,23
4,8,0,0.9,9,10
4,8,0,0.9,10,5
4,8,0,0.9,11,7
4,8,0,0.9,12,1
4,8,0,0.9,13,4
4,8,0,0.9,14,3
4,8,0,0.9,15,4
4,8,0,0.9,17,1
4,8,0,0.9,18,2
4,8,1,0.5,0,118368
4,8,1,0.5,1,8760
4,8,1,0.5,2,2285
4,8,1,0.5,3,882
4,8,1,0.5,4,388
4,8,1,0.5,5,154
4,8,1,0.5,6,86
4,8,1,0.5,7,56
4,8,1,0.5,8,30
4,8,1,0.5,9,12
4,8,1,0.5,10,14
4,8,1,0.5,11,15
4,8,1,0.5,12,7
4,8,1,0.5,13,3
4,8,1,0.5,14,3
4,8,1,0.5,15,1
4,8,1,0.5,16,2
4,8,1,0.5,17,4
4,8,1,0.5,18,2
4,8,2,0.15,0,116290
4,8,2,0.15,1,11738
4,8,2,0.15,2,2233
4,8,2,0.15,3,539
4,8,2,0.15,4,150
4,8,2,0.15,5,64
4,8,2,0.15,6,32
4,8,2,0.15,7,12
4,8,2,0.15,8,3
4,8,2,0.15,9,5
4,8,2,0.15,10,4
4,8,2,0.15,11,1
4,8,2,0.15,12,1
4,9,0,0.9,0,123787
4,9,0,0.9,1,5267
4,9,0,0.9,2,1154
4,9,0,0.9,3,429
4,9,0,0.9,4,189
4,9,0,0.9,5,103
4,9,0,0.9,6,44
4,9,0,0.9,7,26
4,9,0,0.9,8,17
4,9,0,0.9,9,12
4,9,0,0.9,10,15
4,9,0,0.9,11,8
4,9,0,0.9,12,7
4,9,0,0.9,13,3
4,9,0,0.9,14,3
4,9,0,0.9,15,3
4,9,0,0.9,16,3
4,9,0,0.9,17,1
4,9,0,0.9,19,1
4,9,1,0.5,0,119699
4,9,1,0.5,1,8183
4,9,1,0.5,2,1890
4,9,1,0.5,3,688
4,9,1,0.5,4,306
4,9,1,0.5,5,123
4,9,1,0.5,6,78
4,9,1,0.5,7,52
4,9,1,0.5,8,17
4,9,1,0.5,9,16
4,9,1,0.5,10,7
4,9,1,0.5,11,5
4,9,1,0.5,12,4
4,9,1,0.5,13,3
4,9,1,0.5,15,1
4,9,2,0.15,0,117301
4,9,2,0.15,1,11045
4,9,2,0.15,2,1944
4,9,2,0.15,3,496
4,9,2,0.15,4,180
4,9,2,0.15,5,58
4,9,2,0.15,6,26
4,9,2,0.15,7,13
4,9,2,0.15,8,4
4,9,2,0.15,9,1
4,9,2,0.15,10,1
4,9,2,0.15,11,2
4,9,2,0.15,12,1
4,10,0,0.9,0,123935
4,10,0,0.9,1,5669
4,10,0,0.9,2,1012
4,10,0,0.9,3,253
4,10,0,0.9,4,95
4,10,0,0.9,5,31
4,10,0,0.9,6,29
4,10,0,0.9,7,12
4,10,0,0.9,8,9
4,10,0,0.9,9,9
4,10,0,0.9,10,2
4,10,0,0.9,11,4
4,10,0,0.9,12,1
4,10,0,0.9,13,2
4,10,0,0.9,14,2
4,10,0,0.9,15,1
4,10,0,0.9,16,3
4,10,0,0.9,17,2
4,10,0,0.9,19,1
4,10,1,0.5,0,115416
4,10,1,0.5,1,11501
4,10,1,0.5,2,2692
4,10,1,0.5,3,870
4,10,1,0.5,4,297
4,10,1,0.5,5,159
4,10,1,0.5,6,60
4,10,1,0.5,7,24
4,10,1,0.5,8,18
4,10,1,0.5,9,14
4,10,1,0.5,10,8
4,10,1,0.5,11,5
4,10,1,0.5,12,3
4,10,1,0.5,13,4
4,10,1,0.5,14,1
4,10,2,0.15,0,111674
4,10,2,0.15,1,15106
4,10,2,0.15,2,3176
4,10,2,0.15,3,814
4,10,2,0.15,4,209
4,10,2,0.15,5,52
4,10,2,0.15,6,24
4,10,2,0.15,7,12
4,10,2,0.15,8,3
4,10,2,0.15,9,2
4,11,0,0.9,0,123570
4,11,0,0.9,1,5438
4,11,0,0.9,2,1229
4,11,0,0.9,3,414
4,11,0,0.9,4,204
4,11,0,0.9,5,83
4,11,0,0.9,6,53
4,11,0,0.9,7,20
4,11,0,0.9,8,17
4,11,0,0.9,9,14
4,11,0,0.9,10,12
4,11,0,0.9,11,8
4,11,0,0.9,12,4
4,11,0,0.9,13,1
4,11,0,0.9,14,1
4,11,0,0.9,15,1
4,11,0,0.9,16,3
4,11,1,0.5,0,118451
4,11,1,0.5,1,9044
4,11,1,0.5,2,2177
4,11,1,0.5,3,766
4,11,1,0.5,4,296
4,11,1,0.5,5,143
4,11,1,0.5,6,92
4,11,1,0.5,7,48
4,11,1,0.5,8,22
4,11,1,0.5,9,14
4,11,1,0.5,10,6
4,11,1,0.5,11,5
4,11,1,0.5,12,3
4,11,1,0.5,13,3
4,11,1,0.5,14,1
4,11,1,0.5,15,1
4,11,2,0.15,0,116005
4,11,2,0.15,1,12280
4,11,2,0.15,2,2149
4,11,2,0.15,3,476
4,11,2,0.15,4,96
4,11,2,0.15,5,32
4,11,2,0.15,6,8
4,11,2,0.15,7,12
4,11,2,0.15,8,5
4,11,2,0.15,9,1
4,11,2,0.15,10,2
4,11,2,0.15,12,4
4,11,2,0.15,13,2
4,12,0,0.9,0,122438
4,12,0,0.9,1,6217
4,12,0,0.9,2,1373
4,12,0,0.9,3,513
4,12,0,0.9,4,220
4,12,0,0.9,5,120
4,12,0,0.9,6,61
4,12,0,0.9,7,38
4,12,0,0.9,8,28
4,12,0,0.9,9,27
4,12,0,0.9,10,10
4,12,0,0.9,11,9
4,12,0,0.9,12,5
4,12,0,0.9,13,3
4,12,0,0.9,14,3
4,12,0,0.9,15,3
4,12,0,0.9,17,2
4,12,0,0.9,23,1
4,12,0,0.9,26,1
4,12,1,0.5,0,117948
4,12,1,0.5,1,9541
4,12,1,0.5,2,2191
4,12,1,0.5,3,741
4,12,1,0.5,4,313
4,12,1,0.5,5,147
4,12,1,0.5,6,73
4,12,1,0.5,7,36
4,12,1,0.5,8,39
4,12,1,0.5,9,11
4,12,1,0.5,10,12
4,12,1,0.5,11,7
4,12,1,0.5,12,4
4,12,1,0.5,13,6
4,12,1,0.5,15,1
4,12,1,0.5,19,2
4,12,2,0.15,0,114984
4,12,2,0.15,1,12968
4,12,2,0.15,2,2344
4,12,2,0.15,3,549
4,12,2,0.15,4,153
4,12,2,0.15,5,47
4,12,2,0.15,6,17
4,12,2,0.15,7,7
4,12,2,0.15,8,1
4,12,2,0.15,9,2
4,13,0,0.9,0,124117
4,13,0,0.9,1,5254
4,13,0,0.9,2,1045
4,13,0,0.9,3,321
4,13,0,0.9,4,142
4,13,0,0.9,5,72
4,13,0,0.9,6,43
4,13,0,0.9,7,24
4,13,0,0.9,8,9
4,13,0,0.9,9,8
4,13,0,0.9,10,10
4,13,0,0.9,11,5
4,13,0,0.9,12,3
4,13,0,0.9,13,5
4,13,0,0.9,14,3
4,13,0,0.9,15,3
4,13,0,0.9,16,1
4,13,0,0.9,18,1
4,13,0,0.9,19,1
4,13,0,0.9,20,2
4,13,0,0.9,22,1
4,13,0,0.9,23,1
4,13,0,0.9,26,1
4,13,1,0.5,0,113044
4,13,1,0.5,1,12998
4,13,1,0.5,2,3255
4,13,1,0.5,3,1056
4,13,1,0.5,4,410
4,13,1,0.5,5,148
4,13,1,0.5,6,70
4,13,1,0.5,7,48
4,13,1,0.5,8,20
4,13,1,0.5,9,13
4,13,1,0.5,10,4
4,13,1,0.5,11,1
4,13,1,0.5,12,4
4,13,1,0.5,15,1
4,13,2,0.15,0,110235
4,13,2,0.15,1,15980
4,13,2,0.15,2,3620
4,13,2,0.15,3,912
4,13,2,0.15,4,242
4,13,2,0.15,5,69
4,13,2,0.15,6,10
4,13,2,0.15,7,1
4,13,2,0.15,8,2
4,13,2,0.15,9,1
4,14,0,0.9,0,122441
4,14,0,0.9,1,6164
4,14,0,0.9,2,1439
4,14,0,0.9,3,497
4,14,0,0.9,4,229
4,14,0,0.9,5,137
4,14,0,0.9,6,63
4,14,0,0.9,7,35
4,14,0,0.9,8,28
4,14,0,0.9,9,11
4,14,0,0.9,10,8
4,14,0,0.9,11,5
4,14,0,0.9,12,4
4,14,0,0.9,13,4
4,14,0,0.9,14,4
4,14,0,0.9,15,1
4,14,0,0.9,16,1
4,14,0,0.9,28,1
4,14,1,0.5,0,117473
4,14,1,0.5,1,9855
4,14,1,0.5,2,2314
4,14,1,0.5,3,819
4,14,1,0.5,4,302
4,14,1,0.5,5,137
4,14,1,0.5,6,74
4,14,1,0.5,7,42
4,14,1,0.5,8,26
4,14,1,0.5,9,17
4,14,1,0.5,10,6
4,14,1,0.5,11,2
4,14,1,0.5,12,2
4,14,1,0.5,13,2
4,14,1,0.5,14,1
4,14,2,0.15,0,114439
4,14,2,0.15,1,13521
4,14,2,0.15,2,2436
4,14,2,0.15,3,479
4,14,2,0.15,4,126
4,14,2,0.15,5,44
4,14,2,0.15,6,10
4,14,2,0.15,7,10
4,14,2,0.15,8,6
4,14,2,0.15,10,1
4,15,0,0.9,0,123030
4,15,0,0.9,1,5594
4,15,0,0.9,2,1331
4,15,0,0.9,3,527
4,15,0,0.9,4,239
4,15,0,0.9,5,114
4,15,0,0.9,6,76
4,15,0,0.9,7,40
4,15,0,0.9,8,31
4,15,0,0.9,9,28
4,15,0,0.9,10,13
4,15,0,0.9,11,14
4,15,0,0.9,12,9
4,15,0,0.9,13,3
4,15,0,0.9,14,6
4,15,0,0.9,15,4
4,15,0,0.9,16,2
4,15,0,0.9,17,2
4,15,0,0.9,19,2
4,15,0,0.9,20,4
4,15,0,0.9,23,1
4,15,0,0.9,24,1
4,15,0,0.9,26,1
4,15,1,0.5,0,116755
4,15,1,0.5,1,10570
4,15,1,0.5,2,2433
4,15,1,0.5,3,790
4,15,1,0.5,4,281
4,15,1,0.5,5,129
4,15,1,0.5,6,48
4,15,1,0.5,7,31
4,15,1,0.5,8,22
4,15,1,0.5,9,7
4,15,1,0.5,10,1
4,15,1,0.5,11,1
4,15,1,0.5,12,2
4,15,1,0.5,14,1
4,15,1,0.5,22,1
4,15,2,0.15,0,112610
4,15,2,0.15,1,14848
4,15,2,0.15,2,2889
4,15,2,0.15,3,557
4,15,2,0.15,4,129
4,15,2,0.15,5,29
4,15,2,0.15,6,9
4,15,2,0.15,7,1
4,16,0,0.9,0,124287
4,16,0,0.9,1,4873
4,16,0,0.9,2,1115
4,16,0,0.9,3,361
4,16,0,0.9,4,178
4,16,0,0.9,5,91
4,16,0,0.9,6,57
4,16,0,0.9,7,25
4,16,0,0.9,8,17
4,16,0,0.9,9,8
4,16,0,0.9,10,5
4,16,0,0.9,11,9
4,16,0,0.9,12,3
4,16,0,0.9,13,1
4,16,0,0.9,14,3
4,16,0,0.9,15,5
4,16,0,0.9,16,2
4,16,0,0.9,17,4
4,16,0,0.9,18,3
4,16,0,0.9,22,3
4,16,0,0.9,23,1
4,16,0,0.9,24,1
4,16,0,0.9,25,3
4,16,0,0.9,27,1
4,16,0,0.9,28,1
4,16,0,0.9,29,1
4,16,0,0.9,30,3
4,16,0,0.9,31,1
4,16,0,0.9,34,2
4,16,0,0.9,37,1
4,16,0,0.9,38,1
4,16,0,0.9,40,1
4,16,0,0.9,43,1
4,16,0,0.9,45,1
4,16,0,0.9,49,1
4,16,0,0.9,52,1
4,16,0,0.9,60,1
4,16,1,0.5,0,115261
4,16,1,0.5,1,11429
4,16,1,0.5,2,2828
4,16,1,0.5,3,906
4,16,1,0.5,4,352
4,16,1,0.5,5,160
4,16,1,0.5,6,71
4,16,1,0.5,7,29
4,16,1,0.5,8,17
4,16,1,0.5,9,8
4,16,1,0.5,10,4
4,16,1,0.5,11,5
4,16,1,0.5,12,2
4,16,2,0.15,0,111259
4,16,2,0.15,1,15276
4,16,2,0.15,2,3416
4,16,2,0.15,3,817
4,16,2,0.15,4,229
4,16,2,0.15,5,56
4,16,2,0.15,6,13
4,16,2,0.15,7,6
4,17,0,0.9,0,123169
4,17,0,0.9,1,5568
4,17,0,0.9,2,1395
4,17,0,0.9,3,473
4,17,0,0.9,4,212
4,17,0,0.9,5,105
4,17,0,0.9,6,55
4,17,0,0.9,7,30
4,17,0,0.9,8,21
4,17,0,0.9,9,14
4,17,0,0.9,10,9
4,17,0,0.9,11,6
4,17,0,0.9,12,4
4,17,0,0.9,13,5
4,17,0,0.9,16,2
4,17,0,0.9,17,1
4,17,0,0.9,18,1
4,17,0,0.9,23,1
4,17,0,0.9,25,1
4,17,1,0.5,0,114971
4,17,1,0.5,1,12056
4,17,1,0.5,2,2726
4,17,1,0.5,3,827
4,17,1,0.5,4,291
4,17,1,0.5,5,111
4,17,1,0.5,6,49
4,17,1,0.5,7,20
4,17,1,0.5,8,5
4,17,1,0.5,9,7
4,17,1,0.5,10,4
4,17,1,0.5,11,4
4,17,1,0.5,12,1
4,17,2,0.15,0,110477
4,17,2,0.15,1,16374
4,17,2,0.15,2,3316
4,17,2,0.15,3,673
4,17,2,0.15,4,173
4,17,2,0.15,5,42
4,17,2,0.15,6,10
4,17,2,0.15,7,6
4,17,2,0.15,9,1
4,18,0,0.9,0,122703
4,18,0,0.9,1,5935
4,18,0,0.9,2,1415
4,18,0,0.9,3,519
4,18,0,0.9,4,230
4,18,0,0.9,5,111
4,18,0,0.9,6,51
4,18,0,0.9,7,45
4,18,0,0.9,8,22
4,18,0,0.9,9,13
4,18,0,0.9,10,7
4,18,0,0.9,11,3
4,18,0,0.9,12,2
4,18,0,0.9,13,3
4,18,0,0.9,14,3
4,18,0,0.9,15,1
4,18,0,0.9,16,2
4,18,0,0.9,17,1
4,18,0,0.9,18,1
4,18,0,0.9,20,1
4,18,0,0.9,21,1
4,18,0,0.9,22,1
4,18,0,0.9,23,2
4,18,1,0.5,0,116813
4,18,1,0.5,1,10680
4,18,1,0.5,2,2345
4,18,1,0.5,3,775
4,18,1,0.5,4,259
4,18,1,0.5,5,84
4,18,1,0.5,6,51
4,18,1,0.5,7,27
4,18,1,0.5,8,16
4,18,1,0.5,9,9
4,18,1,0.5,10,5
4,18,1,0.5,11,4
4,18,1,0.5,13,2
4,18,1,0.5,15,1
4,18,1,0.5,18,1
4,18,2,0.15,0,112210
4,18,2,0.15,1,14776
4,18,2,0.15,2,3114
4,18,2,0.15,3,716
4,18,2,0.15,4,187
4,18,2,0.15,5,46
4,18,2,0.15,6,13
4,18,2,0.15,7,5
4,18,2,0.15,8,4
4,18,2,0.15,10,1
4,19,0,0.9,0,125010
4,19,0,0.9,1,4340
4,19,0,0.9,2,992
4,19,0,0.9,3,342
4,19,0,0.9,4,167
4,19,0,0.9,5,82
4,19,0,0.9,6,53
4,19,0,0.9,7,22
4,19,0,0.9,8,12
4,19,0,0.9,9,13
4,19,0,0.9,10,9
4,19,0,0.9,11,11
4,19,0,0.9,12,3
4,19,0,0.9,13,3
4,19,0,0.9,14,2
4,19,0,0.9,15,2
4,19,0,0.9,18,2
4,19,0,0.9,20,3
4,19,0,0.9,25,1
4,19,0,0.9,29,1
4,19,0,0.9,35,1
4,19,0,0.9,37,1
4,19,1,0.5,0,112841
4,19,1,0.5,1,13234
4,19,1,0.5,2,3308
4,19,1,0.5,3,1029
4,19,1,0.5,4,392
4,19,1,0.5,5,157
4,19,1,0.5,6,56
4,19,1,0.5,7,34
4,19,1,0.5,8,7
4,19,1,0.5,9,3
4,19,1,0.5,10,4
4,19,1,0.5,11,2
4,19,1,0.5,12,2
4,19,1,0.5,13,1
4,19,1,0.5,14,1
4,19,1,0.5,15,1
4,19,2,0.15,0,106623
4,19,2,0.15,1,18942
4,19,2,0.15,2,4283
4,19,2,0.15,3,951
4,19,2,0.15,4,197
4,19,2,0.15,5,57
4,19,2,0.15,6,11
4,19,2,0.15,7,6
4,19,2,0.15,9,1
4,19,2,0.15,10,1
4,20,0,0.9,0,122626
4,20,0,0.9,1,5817
4,20,0,0.9,2,1531
4,20,0,0.9,3,538
4,20,0,0.9,4,242
4,20,0,0.9,5,126
4,20,0,0.9,6,63
4,20,0,0.9,7,41
4,20,0,0.9,8,31
4,20,0,0.9,9,14
4,20,0,0.9,10,9
4,20,0,0.9,11,6
4,20,0,0.9,12,6
4,20,0,0.9,13,4
4,20,0,0.9,14,4
4,20,0,0.9,16,3
4,20,0,0.9,21,1
4,20,0,0.9,23,2
4,20,0,0.9,25,2
4,20,0,0.9,34,1
4,20,0,0.9,36,2
4,20,0,0.9,45,1
4,20,0,0.9,51,1
4,20,0,0.9,57,1
4,20,1,0.5,0,117238
4,20,1,0.5,1,10309
4,20,1,0.5,2,2283
4,20,1,0.5,3,714
4,20,1,0.5,4,291
4,20,1,0.5,5,119
4,20,1,0.5,6,54
4,20,1,0.5,7,30
4,20,1,0.5,8,14
4,20,1,0.5,9,8
4,20,1,0.5,10,7
4,20,1,0.5,11,2
4,20,1,0.5,12,1
4,20,1,0.5,13,1
4,20,1,0.5,14,1
4,20,2,0.15,0,112079
4,20,2,0.15,1,15092
4,20,2,0.15,2,3014
4,20,2,0.15,3,688
4,20,2,0.15,4,150
4,20,2,0.15,5,37
4,20,2,0.15,6,11
4,20,2,0.15,7,1
4,21,0,0.9,0,123368
4,21,0,0.9,1,5291
4,21,0,0.9,2,1291
4,21,0,0.9,3,521
4,21,0,0.9,4,249
4,21,0,0.9,5,128
4,21,0,0.9,6,68
4,21,0,0.9,7,51
4,21,0,0.9,8,25
4,21,0,0.9,9,24
4,21,0,0.9,10,12
4,21,0,0.9,11,6
4,21,0,0.9,12,10
4,21,0,0.9,13,3
4,21,0,0.9,14,7
4,21,0,0.9,15,4
4,21,0,0.9,16,5
4,21,0,0.9,18,1
4,21,0,0.9,19,1
4,21,0,0.9,24,1
4,21,0,0.9,25,2
4,21,0,0.9,26,1
4,21,0,0.9,33,1
4,21,0,0.9,37,1
4,21,0,0.9,38,1
4,21,1,0.5,0,115321
4,21,1,0.5,1,11565
4,21,1,0.5,2,2815
4,21,1,0.5,3,879
4,21,1,0.5,4,267
4,21,1,0.5,5,108
4,21,1,0.5,6,55
4,21,1,0.5,7,29
4,21,1,0.5,8,12
4,21,1,0.5,9,12
4,21,1,0.5,10,4
4,21,1,0.5,11,1
4,21,1,0.5,12,1
4,21,1,0.5,14,1
4,21,1,0.5,15,1
4,21,1,0.5,24,1
4,21,2,0.15,0,110489
4,21,2,0.15,1,16281
4,21,2,0.15,2,3362
4,21,2,0.15,3,736
4,21,2,0.15,4,154
4,21,2,0.15,5,36
4,21,2,0.15,6,8
4,21,2,0.15,7,3
4,21,2,0.15,8,2
4,21,2,0.15,10,1
4,22,0,0.9,0,124294
4,22,0,0.9,1,4584
4,22,0,0.9,2,1179
4,22,0,0.9,3,465
4,22,0,0.9,4,216
4,22,0,0.9,5,119
4,22,0,0.9,6,62
4,22,0,0.9,7,40
4,22,0,0.9,8,35
4,22,0,0.9,9,24
4,22,0,0.9,10,25
4,22,0,0.9,11,5
4,22,0,0.9,12,8
4,22,0,0.9,13,1
4,22,0,0.9,14,2
4,22,0,0.9,15,2
4,22,0,0.9,16,4
4,22,0,0.9,17,2
4,22,0,0.9,18,1
4,22,0,0.9,19,2
4,22,0,0.9,20,1
4,22,0,0.9,21,1
4,22,1,0.5,0,113361
4,22,1,0.5,1,13051
4,22,1,0.5,2,3056
4,22,1,0.5,3,981
4,22,1,0.5,4,363
4,22,1,0.5,5,141
4,22,1,0.5,6,60
4,22,1,0.5,7,27
4,22,1,0.5,8,20
4,22,1,0.5,9,5
4,22,1,0.5,10,6
4,22,1,0.5,11,1
4,22,2,0.15,0,108258
4,22,2,0.15,1,17871
4,22,2,0.15,2,3878
4,22,2,0.15,3,843
4,22,2,0.15,4,184
4,22,2,0.15,5,27
4,22,2,0.15,6,9
4,22,2,0.15,7,2
4,23,0,0.9,0,124465
4,23,0,0.9,1,4543
4,23,0,0.9,2,1078
4,23,0,0.9,3,445
4,23,0,0.9,4,198
4,23,0,0.9,5,111
4,23,0,0.9,6,73
4,23,0,0.9,7,42
4,23,0,0.9,8,26
4,23,0,0.9,9,12
4,23,0,0.9,10,16
4,23,0,0.9,11,9
4,23,0,0.9,12,7
4,23,0,0.9,13,8
4,23,0,0.9,14,6
4,23,0,0.9,15,6
4,23,0,0.9,16,5
4,23,0,0.9,17,6
4,23,0,0.9,18,1
4,23,0,0.9,19,1
4,23,0,0.9,21,5
4,23,0,0.9,22,1
4,23,0,0.9,23,2
4,23,0,0.9,24,1
4,23,0,0.9,26,1
4,23,0,0.9,35,1
4,23,0,0.9,39,1
4,23,0,0.9,41,1
4,23,0,0.9,52,1
4,23,1,0.5,0,113296
4,23,1,0.5,1,13134
4,23,1,0.5,2,3103
4,23,1,0.5,3,952
4,23,1,0.5,4,303
4,23,1,0.5,5,139
4,23,1,0.5,6,64
4,23,1,0.5,7,31
4,23,1,0.5,8,16
4,23,1,0.5,9,7
4,23,1,0.5,10,11
4,23,1,0.5,11,3
4,23,1,0.5,12,2
4,23,1,0.5,13,5
4,23,1,0.5,14,1
4,23,1,0.5,15,2
4,23,1,0.5,16,2
4,23,1,0.5,18,1
4,23,2,0.15,0,106970
4,23,2,0.15,1,18911
4,23,2,0.15,2,4070
4,23,2,0.15,3,878
4,23,2,0.15,4,182
4,23,2,0.15,5,48
4,23,2,0.15,6,11
4,23,2,0.15,7,2
4,24,0,0.9,0,123020
4,24,0,0.9,1,5769
4,24,0,0.9,2,1305
4,24,0,0.9,3,408
4,24,0,0.9,4,209
4,24,0,0.9,5,111
4,24,0,0.9,6,62
4,24,0,0.9,7,33
4,24,0,0.9,8,22
4,24,0,0.9,9,22
4,24,0,0.9,10,20
4,24,0,0.9,11,14
4,24,0,0.9,12,10
4,24,0,0.9,13,8
4,24,0,0.9,14,4
4,24,0,0.9,15,3
4,24,0,0.9,16,6
4,24,0,0.9,17,7
4,24,0,0.9,18,2
4,24,0,0.9,19,1
4,24,0,0.9,20,2
4,24,0,0.9,21,2
4,24,0,0.9,22,2
4,24,0,0.9,23,2
4,24,0,0.9,24,1
4,24,0,0.9,25,1
4,24,0,0.9,27,5
4,24,0,0.9,28,1
4,24,0,0.9,29,3
4,24,0,0.9,30,1
4,24,0,0.9,32,1
4,24,0,0.9,33,3
4,24,0,0.9,35,2
4,24,0,0.9,37,2
4,24,0,0.9,38,2
4,24,0,0.9,40,1
4,24,0,0.9,42,1
4,24,0,0.9,45,1
4,24,0,0.9,48,1
4,24,0,0.9,50,1
4,24,0,0.9,53,1
4,24,1,0.5,0,113275
4,24,1,0.5,1,13076
4,24,1,0.5,2,3103
4,24,1,0.5,3,968
4,24,1,0.5,4,353
4,24,1,0.5,5,144
4,24,1,0.5,6,69
4,24,1,0.5,7,32
4,24,1,0.5,8,19
4,24,1,0.5,9,8
4,24,1,0.5,10,6
4,24,1,0.5,11,4
4,24,1,0.5,12,8
4,24,1,0.5,13,2
4,24,1,0.5,15,2
4,24,1,0.5,17,1
4,24,1,0.5,19,1
4,24,1,0.5,27,1
4,24,2,0.15,0,109440
4,24,2,0.15,1,16933
4,24,2,0.15,2,3635
4,24,2,0.15,3,828
4,24,2,0.15,4,183
4,24,2,0.15,5,39
4,24,2,0.15,6,13
4,24,2,0.15,7,1
4,25,0,0.9,0,123468
4,25,0,0.9,1,5396
4,25,0,0.9,2,1170
4,25,0,0.9,3,433
4,25,0,0.9,4,239
4,25,0,0.9,5,123
4,25,0,0.9,6,67
4,25,0,0.9,7,39
4,25,0,0.9,8,31
4,25,0,0.9,9,22
4,25,0,0.9,10,16
4,25,0,0.9,11,13
4,25,0,0.9,12,15
4,25,0,0.9,13,11
4,25,0,0.9,14,7
4,25,0,0.9,15,8
4,25,0,0.9,16,1
4,25,0,0.9,17,1
4,25,0,0.9,19,3
4,25,0,0.9,20,1
4,25,0,0.9,21,2
4,25,0,0.9,22,1
4,25,0,0.9,24,1
4,25,0,0.9,25,1
4,25,0,0.9,27,1
4,25,0,0.9,29,1
4,25,0,0.9,49,1
4,25,1,0.5,0,111035
4,25,1,0.5,1,14279
4,25,1,0.5,2,3715
4,25,1,0.5,3,1223
4,25,1,0.5,4,429
4,25,1,0.5,5,207
4,25,1,0.5,6,81
4,25,1,0.5,7,50
4,25,1,0.5,8,18
4,25,1,0.5,9,17
4,25,1,0.5,10,7
4,25,1,0.5,11,5
4,25,1,0.5,12,3
4,25,1,0.5,13,1
4,25,1,0.5,14,1
4,25,1,0.5,16,1
4,25,2,0.15,0,107038
4,25,2,0.15,1,17954
4,25,2,0.15,2,4465
4,25,2,0.15,3,1157
4,25,2,0.15,4,347
4,25,2,0.15,5,68
4,25,2,0.15,6,33
4,25,2,0.15,7,5
4,25,2,0.15,8,3
4,25,2,0.15,9,2
4,26,0,0.9,0,123516
4,26,0,0.9,1,5423
4,26,0,0.9,2,1098
4,26,0,0.9,3,433
4,26,0,0.9,4,233
4,26,0,0.9,5,139
4,26,0,0.9,6,78
4,26,0,0.9,7,42
4,26,0,0.9,8,36
4,26,0,0.9,9,23
4,26,0,0.9,10,17
4,26,0,0.9,11,9
4,26,0,0.9,12,11
4,26,0,0.9,13,3
4,26,0,0.9,14,3
4,26,0,0.9,15,3
4,26,0,0.9,16,2
4,26,0,0.9,17,1
4,26,0,0.9,18,1
4,26,0,0.9,19,1
4,26,1,0.5,0,110856
4,26,1,0.5,1,14070
4,26,1,0.5,2,3854
4,26,1,0.5,3,1328
4,26,1,0.5,4,504
4,26,1,0.5,5,210
4,26,1,0.5,6,106
4,26,1,0.5,7,43
4,26,1,0.5,8,39
4,26,1,0.5,9,17
4,26,1,0.5,10,14
4,26,1,0.5,11,10
4,26,1,0.5,12,4
4,26,1,0.5,13,2
4,26,1,0.5,14,5
4,26,1,0.5,15,4
4,26,1,0.5,17,2
4,26,1,0.5,18,3
4,26,1,0.5,25,1
4,26,2,0.15,0,108178
4,26,2,0.15,1,16774
4,26,2,0.15,2,4344
4,26,2,0.15,3,1253
4,26,2,0.15,4,357
4,26,2,0.15,5,101
4,26,2,0.15,6,37
4,26,2,0.15,7,15
4,26,2,0.15,8,7
4,26,2,0.15,9,3
4,26,2,0.15,10,3
4,27,0,0.9,0,123331
4,27,0,0.9,1,5555
4,27,0,0.9,2,1172
4,27,0,0.9,3,402
4,27,0,0.9,4,193
4,27,0,0.9,5,99
4,27,0,0.9,6,93
4,27,0,0.9,7,60
4,27,0,0.9,8,42
4,27,0,0.9,9,22
4,27,0,0.9,10,22
4,27,0,0.9,11,9
4,27,0,0.9,12,7
4,27,0,0.9,13,13
4,27,0,0.9,14,13
4,27,0,0.9,15,11
4,27,0,0.9,16,8
4,27,0,0.9,17,3
4,27,0,0.9,18,2
4,27,0,0.9,19,2
4,27,0,0.9,20,2
4,27,0,0.9,21,2
4,27,0,0.9,22,1
4,27,0,0.9,23,1
4,27,0,0.9,24,1
4,27,0,0.9,25,2
4,27,0,0.9,26,2
4,27,0,0.9,29,1
4,27,0,0.9,30,1
4,27,1,0.5,0,108847
4,27,1,0.5,1,15244
4,27,1,0.5,2,4326
4,27,1,0.5,3,1550
4,27,1,0.5,4,584
4,27,1,0.5,5,255
4,27,1,0.5,6,123
4,27,1,0.5,7,58
4,27,1,0.5,8,32
4,27,1,0.5,9,22
4,27,1,0.5,10,13
4,27,1,0.5,11,8
4,27,1,0.5,12,3
4,27,1,0.5,13,2
4,27,1,0.5,14,2
4,27,1,0.5,16,1
4,27,1,0.5,19,1
4,27,1,0.5,20,1
4,27,2,0.15,0,107035
4,27,2,0.15,1,17274
4,27,2,0.15,2,4875
4,27,2,0.15,3,1361
4,27,2,0.15,4,359
4,27,2,0.15,5,114
4,27,2,0.15,6,39
4,27,2,0.15,7,12
4,27,2,0.15,8,2
4,27,2,0.15,9,1
4,28,0,0.9,0,123174
4,28,0,0.9,1,5588
4,28,0,0.9,2,1233
4,28,0,0.9,3,460
4,28,0,0.9,4,209
4,28,0,0.9,5,132
4,28,0,0.9,6,91
4,28,0,0.9,7,46
4,28,0,0.9,8,30
4,28,0,0.9,9,24
4,28,0,0.9,10,9
4,28,0,0.9,11,13
4,28,0,0.9,12,16
4,28,0,0.9,13,10
4,28,0,0.9,14,5
4,28,0,0.9,15,3
4,28,0,0.9,16,4
4,28,0,0.9,17,1
4,28,0,0.9,18,4
4,28,0,0.9,19,2
4,28,0,0.9,20,1
4,28,0,0.9,21,1
4,28,0,0.9,22,3
4,28,0,0.9,23,1
4,28,0,0.9,24,1
4,28,0,0.9,25,2
4,28,0,0.9,29,1
4,28,0,0.9,30,1
4,28,0,0.9,31,1
4,28,0,0.9,32,1
4,28,0,0.9,34,1
4,28,0,0.9,35,1
4,28,0,0.9,42,1
4,28,0,0.9,46,1
4,28,0,0.9,53,1
4,28,1,0.5,0,109846
4,28,1,0.5,1,14553
4,28,1,0.5,2,4150
4,28,1,0.5,3,1419
4,28,1,0.5,4,570
4,28,1,0.5,5,255
4,28,1,0.5,6,110
4,28,1,0.5,7,73
4,28,1,0.5,8,38
4,28,1,0.5,9,22
4,28,1,0.5,10,14
4,28,1,0.5,11,5
4,28,1,0.5,12,5
4,28,1,0.5,13,2
4,28,1,0.5,14,2
4,28,1,0.5,15,2
4,28,1,0.5,16,1
4,28,1,0.5,17,1
4,28,1,0.5,18,1
4,28,1,0.5,20,2
4,28,1,0.5,22,1
4,28,2,0.15,0,109749
4,28,2,0.15,1,15418
4,28,2,0.15,2,4245
4,28,2,0.15,3,1194
4,28,2,0.15,4,351
4,28,2,0.15,5,72
4,28,2,0.15,6,26
4,28,2,0.15,7,12
4,28,2,0.15,8,3
4,28,2,0.15,10,2
4,29,0,0.9,0,122509
4,29,0,0.9,1,5922
4,29,0,0.9,2,1368
4,29,0,0.9,3,539
4,29,0,0.9,4,273
4,29,0,0.9,5,151
4,29,0,0.9,6,102
4,29,0,0.9,7,54
4,29,0,0.9,8,43
4,29,0,0.9,9,24
4,29,0,0.9,10,23
4,29,0,0.9,11,12
4,29,0,0.9,12,10
4,29,0,0.9,13,13
4,29,0,0.9,14,7
4,29,0,0.9,15,4
4,29,0,0.9,16,1
4,29,0,0.9,17,3
4,29,0,0.9,18,3
4,29,0,0.9,19,1
4,29,0,0.9,20,1
4,29,0,0.9,21,1
4,29,0,0.9,22,3
4,29,0,0.9,23,1
4,29,0,0.9,25,3
4,29,0,0.9,27,1
4,29,1,0.5,0,110092
4,29,1,0.5,1,14707
4,29,1,0.5,2,4002
4,29,1,0.5,3,1306
4,29,1,0.5,4,483
4,29,1,0.5,5,219
4,29,1,0.5,6,91
4,29,1,0.5,7,51
4,29,1,0.5,8,34
4,29,1,0.5,9,23
4,29,1,0.5,10,13
4,29,1,0.5,11,10
4,29,1,0.5,12,12
4,29,1,0.5,13,6
4,29,1,0.5,14,5
4,29,1,0.5,15,6
4,29,1,0.5,16,2
4,29,1,0.5,17,3
4,29,1,0.5,18,2
4,29,1,0.5,19,2
4,29,1,0.5,20,1
4,29,1,0.5,23,1
4,29,1,0.5,24,1
4,29,2,0.15,0,108961
4,29,2,0.15,1,16053
4,29,2,0.15,2,4246
4,29,2,0.15,3,1286
4,29,2,0.15,4,339
4,29,2,0.15,5,113
4,29,2,0.15,6,41
4,29,2,0.15,7,17
4,29,2,0.15,8,6
4,29,2,0.15,9,7
4,29,2,0.15,10,2
4,29,2,0.15,12,1
4,30,0,0.9,0,123114
4,30,0,0.9,1,5482
4,30,0,0.9,2,1279
4,30,0,0.9,3,485
4,30,0,0.9,4,255
4,30,0,0.9,5,123
4,30,0,0.9,6,99
4,30,0,0.9,7,62
4,30,0,0.9,8,38
4,30,0,0.9,9,27
4,30,0,0.9,10,29
4,30,0,0.9,11,19
4,30,0,0.9,12,16
4,30,0,0.9,13,5
4,30,0,0.9,14,9
4,30,0,0.9,15,4
4,30,0,0.9,16,6
4,30,0,0.9,17,4
4,30,0,0.9,18,4
4,30,0,0.9,20,1
4,30,0,0.9,22,3
4,30,0,0.9,23,1
4,30,0,0.9,25,2
4,30,0,0.9,26,1
4,30,0,0.9,27,3
4,30,0,0.9,31,1
4,30,1,0.5,0,108899
4,30,1,0.5,1,15653
4,30,1,0.5,2,4274
4,30,1,0.5,3,1288
4,30,1,0.5,4,475
4,30,1,0.5,5,225
4,30,1,0.5,6,91
4,30,1,0.5,7,67
4,30,1,0.5,8,23
4,30,1,0.5,9,23
4,30,1,0.5,10,17
4,30,1,0.5,11,7
4,30,1,0.5,12,4
4,30,1,0.5,13,6
4,30,1,0.5,14,5
4,30,1,0.5,15,4
4,30,1,0.5,16,4
4,30,1,0.5,17,2
4,30,1,0.5,19,1
4,30,1,0.5,20,2
4,30,1,0.5,22,1
4,30,1,0.5,29,1
4,30,2,0.15,0,106944
4,30,2,0.15,1,17685
4,30,2,0.15,2,4765
4,30,2,0.15,3,1191
4,30,2,0.15,4,317
4,30,2,0.15,5,87
4,30,2,0.15,6,44
4,30,2,0.15,7,16
4,30,2,0.15,8,11
4,30,2,0.15,9,3
4,30,2,0.15,10,3
4,30,2,0.15,11,4
4,30,2,0.15,12,2
4,31,0,0.9,0,123974
4,31,0,0.9,1,3574
4,31,0,0.9,2,1290
4,31,0,0.9,3,665
4,31,0,0.9,4,416
4,31,0,0.9,5,296
4,31,0,0.9,6,184
4,31,0,0.9,7,137
4,31,0,0.9,8,117
4,31,0,0.9,9,70
4,31,0,0.9,10,75
4,31,0,0.9,11,56
4,31,0,0.9,12,40
4,31,0,0.9,13,23
4,31,0,0.9,14,21
4,31,0,0.9,15,19
4,31,0,0.9,16,20
4,31,0,0.9,17,12
4,31,0,0.9,18,20
4,31,0,0.9,19,8
4,31,0,0.9,20,8
4,31,0,0.9,21,7
4,31,0,0.9,22,4
4,31,0,0.9,23,3
4,31,0,0.9,24,9
4,31,0,0.9,25,5
4,31,0,0.9,26,5
4,31,0,0.9,27,3
4,31,0,0.9,28,1
4,31,0,0.9,29,2
4,31,0,0.9,31,1
4,31,0,0.9,32,2
4,31,0,0.9,33,1
4,31,0,0.9,34,1
4,31,0,0.9,35,2
4,31,0,0.9,39,1
4,31,1,0.5,0,109352
4,31,1,0.5,1,15216
4,31,1,0.5,2,4008
4,31,1,0.5,3,1422
4,31,1,0.5,4,582
4,31,1,0.5,5,245
4,31,1,0.5,6,126
4,31,1,0.5,7,53
4,31,1,0.5,8,30
4,31,1,0.5,9,14
4,31,1,0.5,10,14
4,31,1,0.5,11,4
4,31,1,0.5,12,2
4,31,1,0.5,13,2
4,31,1,0.5,14,1
4,31,1,0.5,20,1
4,31,2,0.15,0,103494
4,31,2,0.15,1,21340
4,31,2,0.15,2,4867
4,31,2,0.15,3,1095
4,31,2,0.15,4,219
4,31,2,0.15,5,43
4,31,2,0.15,6,11
4,31,2,0.15,7,3
8,0,0,0.9,0,128577
8,0,0,0.9,1,1531
8,0,0,0.9,2,453
8,0,0,0.9,3,166
8,0,0,0.9,4,100
8,0,0,0.9,5,50
8,0,0,0.9,6,35
8,0,0,0.9,7,28
8,0,0,0.9,8,20
8,0,0,0.9,9,13
8,0,0,0.9,10,16
8,0,0,0.9,11,18
8,0,0,0.9,12,6
8,0,0,0.9,13,8
8,0,0,0.9,14,5
8,0,0,0.9,15,5
8,0,0,0.9,16,7
8,0,0,0.9,17,7
8,0,0,0.9,18,4
8,0,0,0.9,19,2
8,0,0,0.9,20,7
8,0,0,0.9,21,2
8,0,0,0.9,22,1
8,0,0,0.9,23,3
8,0,0,0.9,24,4
8,0,0,0.9,26,4
8,0,1,0.5,0,128429
8,0,1,0.5,1,1425
8,0,1,0.5,2,447
8,0,1,0.5,3,213
8,0,1,0.5,4,133
8,0,1,0.5,5,90
8,0,1,0.5,6,56
8,0,1,0.5,7,59
8,0,1,0.5,8,37
8,0,1,0.5,9,38
8,0,1,0.5,10,27
8,0,1,0.5,11,15
8,0,1,0.5,12,13
8,0,1,0.5,13,17
8,0,1,0.5,14,12
8,0,1,0.5,15,14
8,0,1,0.5,16,10
8,0,1,0.5,17,7
8,0,1,0.5,18,2
8,0,1,0.5,19,2
8,0,1,0.5,20,5
8,0,1,0.5,21,1
8,0,1,0.5,22,4
8,0,1,0.5,23,2
8,0,1,0.5,24,3
8,0,1,0.5,25,2
8,0,1,0.5,26,1
8,0,1,0.5,27,2
8,0,1,0.5,29,2
8,0,1,0.5,31,1
8,0,1,0.5,33,2
8,0,1,0.5,37,1
8,0,2,0.15,0,100220
8,0,2,0.15,1,20863
8,0,2,0.15,2,6420
8,0,2,0.15,3,2148
8,0,2,0.15,4,804
8,0,2,0.15,5,306
8,0,2,0.15,6,142
8,0,2,0.15,7,66
8,0,2,0.15,8,47
8,0,2,0.15,9,20
8,0,2,0.15,10,18
8,0,2,0.15,11,8
8,0,2,0.15,12,3
8,0,2,0.15,13,2
8,0,2,0.15,14,2
8,0,2,0.15,15,1
8,0,2,0.15,17,1
8,0,2,0.15,19,1
8,1,0,0.9,0,130227
8,1,0,0.9,1,507
8,1,0,0.9,2,141
8,1,0,0.9,3,51
8,1,0,0.9,4,38
8,1,0,0.9,5,14
8,1,0,0.9,6,8
8,1,0,0.9,7,16
8,1,0,0.9,8,5
8,1,0,0.9,9,11
8,1,0,0.9,10,15
8,1,0,0.9,11,5
8,1,0,0.9,12,12
8,1,0,0.9,13,1
8,1,0,0.9,14,14
8,1,0,0.9,15,2
8,1,0,0.9,16,1
8,1,0,0.9,17,1
8,1,0,0.9,21,1
8,1,0,0.9,22,1
8,1,0,0.9,23,1
8,1,1,0.5,0,126129
8,1,1,0.5,1,3190
8,1,1,0.5,2,755
8,1,1,0.5,3,364
8,1,1,0.5,4,144
8,1,1,0.5,5,122
8,1,1,0.5,6,82
8,1,1,0.5,7,52
8,1,1,0.5,8,33
8,1,1,0.5,9,40
8,1,1,0.5,10,17
8,1,1,0.5,11,19
8,1,1,0.5,12,9
8,1,1,0.5,13,9
8,1,1,0.5,14,4
8,1,1,0.5,15,6
8,1,1,0.5,16,4
8,1,1,0.5,17,10
8,1,1,0.5,18,4
8,1,1,0.5,19,4
8,1,1,0.5,20,5
8,1,1,0.5,21,5
8,1,1,0.5,22,8
8,1,1,0.5,23,1
8,1,1,0.5,24,3
8,1,1,0.5,25,9
8,1,1,0.5,26,1
8,1,1,0.5,27,1
8,1,1,0.5,28,1
8,1,1,0.5,30,1
8,1,1,0.5,31,3
8,1,1,0.5,33,1
8,1,1,0.5,34,6
8,1,1,0.5,35,2
8,1,1,0.5,36,3
8,1,1,0.5,37,1
8,1,1,0.5,38,4
8,1,1,0.5,40,5
8,1,1,0.5,41,2
8,1,1,0.5,43,1
8,1,1,0.5,45,6
8,1,1,0.5,48,4
8,1,1,0.5,52,1
8,1,1,0.5,54,1
8,1,2,0.15,0,98001
8,1,2,0.15,1,21827
8,1,2,0.15,2,7092
8,1,2,0.15,3,2489
8,1,2,0.15,4,910
8,1,2,0.15,5,424
8,1,2,0.15,6,159
8,1,2,0.15,7,72
8,1,2,0.15,8,39
8,1,2,0.15,9,29
8,1,2,0.15,10,17
8,1,2,0.15,11,6
8,1,2,0.15,12,2
8,1,2,0.15,13,2
8,1,2,0.15,14,3
8,2,0,0.9,0,129832
8,2,0,0.9,1,707
8,2,0,0.9,2,252
8,2,0,0.9,3,95
8,2,0,0.9,4,45
8,2,0,0.9,5,41
8,2,0,0.9,6,25
8,2,0,0.9,7,15
8,2,0,0.9,8,10
8,2,0,0.9,9,13
8,2,0,0.9,10,4
8,2,0,0.9,11,3
8,2,0,0.9,12,5
8,2,0,0.9,13,2
8,2,0,0.9,14,8
8,2,0,0.9,15,4
8,2,0,0.9,16,2
8,2,0,0.9,17,3
8,2,0,0.9,18,3
8,2,0,0.9,19,3
8,2,1,0.5,0,127241
8,2,1,0.5,1,2541
8,2,1,0.5,2,487
8,2,1,0.5,3,239
8,2,1,0.5,4,152
8,2,1,0.5,5,94
8,2,1,0.5,6,58
8,2,1,0.5,7,62
8,2,1,0.5,8,37
8,2,1,0.5,9,18
8,2,1,0.5,10,20
8,2,1,0.5,11,16
8,2,1,0.5,12,12
8,2,1,0.5,13,16
8,2,1,0.5,14,13
8,2,1,0.5,15,8
8,2,1,0.5,16,6
8,2,1,0.5,17,7
8,2,1,0.5,18,4
8,2,1,0.5,19,6
8,2,1,0.5,20,4
8,2,1,0.5,22,4
8,2,1,0.5,23,6
8,2,1,0.5,24,2
8,2,1,0.5,25,2
8,2,1,0.5,26,1
8,2,1,0.5,27,1
8,2,1,0.5,28,1
8,2,1,0.5,31,2
8,2,1,0.5,33,4
8,2,1,0.5,34,2
8,2,1,0.5,35,1
8,2,1,0.5,36,1
8,2,1,0.5,37,2
8,2,1,0.5,41,1
8,2,1,0.5,43,1
8,2,2,0.15,0,89563
8,2,2,0.15,1,26292
8,2,2,0.15,2,9532
8,2,2,0.15,3,3591
8,2,2,0.15,4,1283
8,2,2,0.15,5,534
8,2,2,0.15,6,163
8,2,2,0.15,7,70
8,2,2,0.15,8,27
8,2,2,0.15,9,11
8,2,2,0.15,10,4
8,2,2,0.15,11,1
8,2,2,0.15,12,1
8,3,0,0.9,0,128153
8,3,0,0.9,1,1366
8,3,0,0.9,2,460
8,3,0,0.9,3,261
8,3,0,0.9,4,149
8,3,0,0.9,5,113
8,3,0,0.9,6,84
8,3,0,0.9,7,56
8,3,0,0.9,8,51
8,3,0,0.9,9,45
8,3,0,0.9,10,30
8,3,0,0.9,11,26
8,3,0,0.9,12,26
8,3,0,0.9,13,24
8,3,0,0.9,14,18
8,3,0,0.9,15,16
8,3,0,0.9,16,28
8,3,0,0.9,17,16
8,3,0,0.9,18,7
8,3,0,0.9,19,8
8,3,0,0.9,20,7
8,3,0,0.9,21,11
8,3,0,0.9,22,8
8,3,0,0.9,23,13
8,3,0,0.9,24,5
8,3,0,0.9,25,6
8,3,0,0.9,26,5
8,3,0,0.9,27,4
8,3,0,0.9,28,3
8,3,0,0.9,29,1
8,3,0,0.9,30,5
8,3,0,0.9,31,10
8,3,0,0.9,32,3
8,3,0,0.9,33,2
8,3,0,0.9,34,4
8,3,0,0.9,36,1
8,3,0,0.9,37,3
8,3,0,0.9,38,4
8,3,0,0.9,39,4
8,3,0,0.9,40,6
8,3,0,0.9,42,6
8,3,0,0.9,43,2
8,3,0,0.9,44,1
8,3,0,0.9,45,3
8,3,0,0.9,46,2
8,3,0,0.9,47,3
8,3,0,0.9,48,4
8,3,0,0.9,49,3
8,3,0,0.9,51,3
8,3,0,0.9,52,3
8,3,1,0.5,0,124187
8,3,1,0.5,1,4271
8,3,1,0.5,2,1007
8,3,1,0.5,3,488
8,3,1,0.5,4,264
8,3,1,0.5,5,180
8,3,1,0.5,6,127
8,3,1,0.5,7,91
8,3,1,0.5,8,66
8,3,1,0.5,9,62
8,3,1,0.5,10,51
8,3,1,0.5,11,32
8,3,1,0.5,12,39
8,3,1,0.5,13,28
8,3,1,0.5,14,29
8,3,1,0.5,15,15
8,3,1,0.5,16,8
8,3,1,0.5,17,9
8,3,1,0.5,18,10
8,3,1,0.5,19,7
8,3,1,0.5,20,12
8,3,1,0.5,21,8
8,3,1,0.5,22,7
8,3,1,0.5,23,7
8,3,1,0.5,24,4
8,3,1,0.5,25,4
8,3,1,0.5,26,8
8,3,1,0.5,27,3
8,3,1,0.5,28,3
8,3,1,0.5,29,3
8,3,1,0.5,30,5
8,3,1,0.5,31,3
8,3,1,0.5,32,2
8,3,1,0.5,33,3
8,3,1,0.5,34,5
8,3,1,0.5,35,3
8,3,1,0.5,36,2
8,3,1,0.5,37,3
8,3,1,0.5,38,2
8,3,1,0.5,40,2
8,3,1,0.5,41,3
8,3,1,0.5,42,1
8,3,1,0.5,43,1
8,3,1,0.5,44,1
8,3,1,0.5,46,1
8,3,1,0.5,47,1
8,3,1,0.5,48,1
8,3,1,0.5,49,1
8,3,1,0.5,50,1
8,3,1,0.5,52,1
8,3,2,0.15,0,101562
8,3,2,0.15,1,20619
8,3,2,0.15,2,5863
8,3,2,0.15,3,1938
8,3,2,0.15,4,644
8,3,2,0.15,5,237
8,3,2,0.15,6,106
8,3,2,0.15,7,55
8,3,2,0.15,8,31
8,3,2,0.15,9,9
8,3,2,0.15,10,4
8,3,2,0.15,11,2
8,3,2,0.15,12,2
8,4,0,0.9,0,127381
8,4,0,0.9,1,2219
8,4,0,0.9,2,668
8,4,0,0.9,3,306
8,4,0,0.9,4,156
8,4,0,0.9,5,84
8,4,0,0.9,6,77
8,4,0,0.9,7,36
8,4,0,0.9,8,30
8,4,0,0.9,9,25
8,4,0,0.9,10,19
8,4,0,0.9,11,15
8,4,0,0.9,12,11
8,4,0,0.9,13,6
8,4,0,0.9,14,9
8,4,0,0.9,15,7
8,4,0,0.9,16,4
8,4,0,0.9,18,1
8,4,0,0.9,20,1
8,4,0,0.9,21,3
8,4,0,0.9,22,1
8,4,0,0.9,23,3
8,4,0,0.9,24,1
8,4,0,0.9,25,1
8,4,0,0.9,26,1
8,4,0,0.9,27,1
8,4,0,0.9,28,3
8,4,0,0.9,30,1
8,4,0,0.9,31,1
8,4,0,0.9,49,1
8,4,1,0.5,0,117681
8,4,1,0.5,1,8379
8,4,1,0.5,2,2270
8,4,1,0.5,3,1049
8,4,1,0.5,4,524
8,4,1,0.5,5,343
8,4,1,0.5,6,221
8,4,1,0.5,7,147
8,4,1,0.5,8,96
8,4,1,0.5,9,81
8,4,1,0.5,10,63
8,4,1,0.5,11,45
8,4,1,0.5,12,24
8,4,1,0.5,13,36
8,4,1,0.5,14,19
8,4,1,0.5,15,19
8,4,1,0.5,16,16
8,4,1,0.5,17,6
8,4,1,0.5,18,13
8,4,1,0.5,19,8
8,4,1,0.5,20,5
8,4,1,0.5,21,7
8,4,1,0.5,22,4
8,4,1,0.5,23,3
8,4,1,0.5,24,6
8,4,1,0.5,25,1
8,4,1,0.5,26,1
8,4,1,0.5,30,1
8,4,1,0.5,32,1
8,4,1,0.5,34,1
8,4,1,0.5,36,1
8,4,1,0.5,37,1
8,4,2,0.15,0,99420
8,4,2,0.15,1,22425
8,4,2,0.15,2,6436
8,4,2,0.15,3,1899
8,4,2,0.15,4,575
8,4,2,0.15,5,202
8,4,2,0.15,6,78
8,4,2,0.15,7,19
8,4,2,0.15,8,12
8,4,2,0.15,9,4
8,4,2,0.15,10,2
8,5,0,0.9,0,127159
8,5,0,0.9,1,2756
8,5,0,0.9,2,646
8,5,0,0.9,3,212
8,5,0,0.9,4,129
8,5,0,0.9,5,77
8,5,0,0.9,6,32
8,5,0,0.9,7,21
8,5,0,0.9,8,13
8,5,0,0.9,9,8
8,5,0,0.9,10,3
8,5,0,0.9,11,9
8,5,0,0.9,12,2
8,5,0,0.9,13,1
8,5,0,0.9,14,3
8,5,0,0.9,17,1
8,5,1,0.5,0,106927
8,5,1,0.5,1,14659
8,5,1,0.5,2,4727
8,5,1,0.5,3,2033
8,5,1,0.5,4,1069
8,5,1,0.5,5,598
8,5,1,0.5,6,354
8,5,1,0.5,7,211
8,5,1,0.5,8,153
8,5,1,0.5,9,108
8,5,1,0.5,10,77
8,5,1,0.5,11,42
8,5,1,0.5,12,29
8,5,1,0.5,13,23
8,5,1,0.5,14,16
8,5,1,0.5,15,11
8,5,1,0.5,16,9
8,5,1,0.5,17,9
8,5,1,0.5,18,5
8,5,1,0.5,19,2
8,5,1,0.5,20,1
8,5,1,0.5,21,4
8,5,1,0.5,22,1
8,5,1,0.5,24,1
8,5,1,0.5,25,2
8,5,1,0.5,26,1
8,5,2,0.15,0,97558
8,5,2,0.15,1,23487
8,5,2,0.15,2,6878
8,5,2,0.15,3,2163
8,5,2,0.15,4,654
8,5,2,0.15,5,208
8,5,2,0.15,6,78
8,5,2,0.15,7,29
8,5,2,0.15,8,12
8,5,2,0.15,9,3
8,5,2,0.15,10,1
8,5,2,0.15,13,1
8,6,0,0.9,0,121480
8,6,0,0.9,1,6568
8,6,0,0.9,2,1539
8,6,0,0.9,3,648
8,6,0,0.9,4,315
8,6,0,0.9,5,164
8,6,0,0.9,6,108
8,6,0,0.9,7,77
8,6,0,0.9,8,52
8,6,0,0.9,9,20
8,6,0,0.9,10,16
8,6,0,0.9,11,12
8,6,0,0.9,12,15
8,6,0,0.9,13,17
8,6,0,0.9,14,6
8,6,0,0.9,15,5
8,6,0,0.9,16,5
8,6,0,0.9,17,1
8,6,0,0.9,18,4
8,6,0,0.9,19,2
8,6,0,0.9,20,2
8,6,0,0.9,21,4
8,6,0,0.9,22,1
8,6,0,0.9,23,2
8,6,0,0.9,24,1
8,6,0,0.9,27,2
8,6,0,0.9,28,1
8,6,0,0.9,30,1
8,6,0,0.9,31,2
8,6,0,0.9,33,1
8,6,0,0.9,36,1
8,6,1,0.5,0,110822
8,6,1,0.5,1,13235
8,6,1,0.5,2,3744
8,6,1,0.5,3,1522
8,6,1,0.5,4,727
8,6,1,0.5,5,403
8,6,1,0.5,6,215
8,6,1,0.5,7,128
8,6,1,0.5,8,91
8,6,1,0.5,9,54
8,6,1,0.5,10,37
8,6,1,0.5,11,24
8,6,1,0.5,12,24
8,6,1,0.5,13,11
8,6,1,0.5,14,4
8,6,1,0.5,15,6
8,6,1,0.5,16,6
8,6,1,0.5,17,1
8,6,1,0.5,18,1
8,6,1,0.5,19,3
8,6,1,0.5,20,2
8,6,1,0.5,23,3
8,6,1,0.5,24,2
8,6,1,0.5,25,2
8,6,1,0.5,26,1
8,6,1,0.5,28,1
8,6,1,0.5,31,1
8,6,1,0.5,32,2
8,6,2,0.15,0,101086
8,6,2,0.15,1,21622
8,6,2,0.15,2,5944
8,6,2,0.15,3,1678
8,6,2,0.15,4,495
8,6,2,0.15,5,158
8,6,2,0.15,6,54
8,6,2,0.15,7,17
8,6,2,0.15,8,9
8,6,2,0.15,9,7
8,6,2,0.15,10,2
8,7,0,0.9,0,119328
8,7,0,0.9,1,8567
8,7,0,0.9,2,1939
8,7,0,0.9,3,642
8,7,0,0.9,4,270
8,7,0,0.9,5,131
8,7,0,0.9,6,78
8,7,0,0.9,7,41
8,7,0,0.9,8,30
8,7,0,0.9,9,12
8,7,0,0.9,10,13
8,7,0,0.9,11,6
8,7,0,0.9,12,1
8,7,0,0.9,13,8
8,7,0,0.9,14,2
8,7,0,0.9,15,2
8,7,0,0.9,17,1
8,7,0,0.9,20,1
8,7,1,0.5,0,101041
8,7,1,0.5,1,19112
8,7,1,0.5,2,6255
8,7,1,0.5,3,2479
8,7,1,0.5,4,1047
8,7,1,0.5,5,526
8,7,1,0.5,6,269
8,7,1,0.5,7,159
8,7,1,0.5,8,68
8,7,1,0.5,9,45
8,7,1,0.5,10,15
8,7,1,0.5,11,23
8,7,1,0.5,12,15
8,7,1,0.5,13,7
8,7,1,0.5,14,2
8,7,1,0.5,15,3
8,7,1,0.5,16,1
8,7,1,0.5,17,2
8,7,1,0.5,19,1
8,7,1,0.5,20,1
8,7,1,0.5,22,1
8,7,2,0.15,0,95914
8,7,2,0.15,1,23945
8,7,2,0.15,2,7482
8,7,2,0.15,3,2381
8,7,2,0.15,4,851
8,7,2,0.15,5,291
8,7,2,0.15,6,133
8,7,2,0.15,7,41
8,7,2,0.15,8,21
8,7,2,0.15,9,9
8,7,2,0.15,10,3
8,7,2,0.15,15,1
8,8,0,0.9,0,113941
8,8,0,0.9,1,11304
8,8,0,0.9,2,3193
8,8,0,0.9,3,1175
8,8,0,0.9,4,588
8,8,0,0.9,5,302
8,8,0,0.9,6,183
8,8,0,0.9,7,125
8,8,0,0.9,8,63
8,8,0,0.9,9,56
8,8,0,0.9,10,36
8,8,0,0.9,11,32
8,8,0,0.9,12,17
8,8,0,0.9,13,10
8,8,0,0.9,14,11
8,8,0,0.9,15,10
8,8,0,0.9,16,5
8,8,0,0.9,17,3
8,8,0,0.9,18,4
8,8,0,0.9,19,4
8,8,0,0.9,20,2
8,8,0,0.9,24,2
8,8,0,0.9,25,1
8,8,0,0.9,28,2
8,8,0,0.9,29,2
8,8,0,0.9,36,1
8,8,1,0.5,0,106338
8,8,1,0.5,1,15507
8,8,1,0.5,2,4805
8,8,1,0.5,3,2116
8,8,1,0.5,4,991
8,8,1,0.5,5,559
8,8,1,0.5,6,285
8,8,1,0.5,7,165
8,8,1,0.5,8,121
8,8,1,0.5,9,55
8,8,1,0.5,10,33
8,8,1,0.5,11,28
8,8,1,0.5,12,22
8,8,1,0.5,13,9
8,8,1,0.5,14,9
8,8,1,0.5,15,6
8,8,1,0.5,16,7
8,8,1,0.5,17,4
8,8,1,0.5,18,7
8,8,1,0.5,19,2
8,8,1,0.5,20,2
8,8,1,0.5,22,1
8,8,2,0.15,0,102743
8,8,2,0.15,1,20190
8,8,2,0.15,2,5642
8,8,2,0.15,3,1644
8,8,2,0.15,4,537
8,8,2,0.15,5,183
8,8,2,0.15,6,68
8,8,2,0.15,7,30
8,8,2,0.15,8,12
8,8,2,0.15,9,11
8,8,2,0.15,10,4
8,8,2,0.15,11,3
8,8,2,0.15,12,3
8,8,2,0.15,13,2
8,9,0,0.9,0,115574
8,9,0,0.9,1,9952
8,9,0,0.9,2,2836
8,9,0,0.9,3,1227
8,9,0,0.9,4,579
8,9,0,0.9,5,299
8,9,0,0.9,6,216
8,9,0,0.9,7,123
8,9,0,0.9,8,76
8,9,0,0.9,9,44
8,9,0,0.9,10,37
8,9,0,0.9,11,20
8,9,0,0.9,12,23
8,9,0,0.9,13,14
8,9,0,0.9,14,14
8,9,0,0.9,15,7
8,9,0,0.9,16,8
8,9,0,0.9,17,5
8,9,0,0.9,18,3
8,9,0,0.9,19,5
8,9,0,0.9,20,3
8,9,0,0.9,21,1
8,9,0,0.9,22,1
8,9,0,0.9,23,2
8,9,0,0.9,27,1
8,9,0,0.9,29,1
8,9,0,0.9,39,1
8,9,1,0.5,0,108306
8,9,1,0.5,1,14904
8,9,1,0.5,2,4315
8,9,1,0.5,3,1765
8,9,1,0.5,4,796
8,9,1,0.5,5,413
8,9,1,0.5,6,258
8,9,1,0.5,7,125
8,9,1,0.5,8,68
8,9,1,0.5,9,50
8,9,1,0.5,10,26
8,9,1,0.5,11,13
8,9,1,0.5,12,15
8,9,1,0.5,13,5
8,9,1,0.5,14,5
8,9,1,0.5,15,4
8,9,1,0.5,16,3
8,9,1,0.5,19,1
8,9,2,0.15,0,105059
8,9,2,0.15,1,18838
8,9,2,0.15,2,4998
8,9,2,0.15,3,1389
8,9,2,0.15,4,491
8,9,2,0.15,5,179
8,9,2,0.15,6,71
8,9,2,0.15,7,19
8,9,2,0.15,8,17
8,9,2,0.15,9,4
8,9,2,0.15,10,2
8,9,2,0.15,11,2
8,9,2,0.15,13,2
8,9,2,0.15,14,1
8,10,0,0.9,0,115170
8,10,0,0.9,1,11149
8,10,0,0.9,2,2922
8,10,0,0.9,3,1000
8,10,0,0.9,4,408
8,10,0,0.9,5,196
8,10,0,0.9,6,79
8,10,0,0.9,7,54
8,10,0,0.9,8,24
8,10,0,0.9,9,17
8,10,0,0.9,10,15
8,10,0,0.9,11,5
8,10,0,0.9,12,10
8,10,0,0.9,13,5
8,10,0,0.9,14,4
8,10,0,0.9,15,2
8,10,0,0.9,16,3
8,10,0,0.9,17,4
8,10,0,0.9,18,1
8,10,0,0.9,19,1
8,10,0,0.9,20,2
8,10,0,0.9,22,1
8,10,1,0.5,0,100356
8,10,1,0.5,1,19185
8,10,1,0.5,2,6461
8,10,1,0.5,3,2671
8,10,1,0.5,4,1183
8,10,1,0.5,5,582
8,10,1,0.5,6,313
8,10,1,0.5,7,122
8,10,1,0.5,8,70
8,10,1,0.5,9,46
8,10,1,0.5,10,35
8,10,1,0.5,11,19
8,10,1,0.5,12,14
8,10,1,0.5,13,4
8,10,1,0.5,14,4
8,10,1,0.5,15,3
8,10,1,0.5,16,1
8,10,1,0.5,17,1
8,10,1,0.5,18,2
8,10,2,0.15,0,94824
8,10,2,0.15,1,24336
8,10,2,0.15,2,7882
8,10,2,0.15,3,2660
8,10,2,0.15,4,890
8,10,2,0.15,5,314
8,10,2,0.15,6,94
8,10,2,0.15,7,41
8,10,2,0.15,8,19
8,10,2,0.15,9,4
8,10,2,0.15,10,3
8,10,2,0.15,11,5
8,11,0,0.9,0,115282
8,11,0,0.9,1,10078
8,11,0,0.9,2,3067
8,11,0,0.9,3,1203
8,11,0,0.9,4,580
8,11,0,0.9,5,321
8,11,0,0.9,6,197
8,11,0,0.9,7,137
8,11,0,0.9,8,67
8,11,0,0.9,9,43
8,11,0,0.9,10,22
8,11,0,0.9,11,18
8,11,0,0.9,12,16
8,11,0,0.9,13,12
8,11,0,0.9,14,7
8,11,0,0.9,15,11
8,11,0,0.9,16,4
8,11,0,0.9,17,2
8,11,0,0.9,18,2
8,11,0,0.9,19,1
8,11,0,0.9,20,2
8,11,1,0.5,0,106261
8,11,1,0.5,1,15800
8,11,1,0.5,2,5003
8,11,1,0.5,3,2024
8,11,1,0.5,4,948
8,11,1,0.5,5,455
8,11,1,0.5,6,225
8,11,1,0.5,7,143
8,11,1,0.5,8,73
8,11,1,0.5,9,59
8,11,1,0.5,10,32
8,11,1,0.5,11,16
8,11,1,0.5,12,10
8,11,1,0.5,13,8
8,11,1,0.5,14,6
8,11,1,0.5,15,5
8,11,1,0.5,16,2
8,11,1,0.5,17,1
8,11,1,0.5,19,1
8,11,2,0.15,0,102395
8,11,2,0.15,1,20749
8,11,2,0.15,2,5746
8,11,2,0.15,3,1561
8,11,2,0.15,4,413
8,11,2,0.15,5,142
8,11,2,0.15,6,21
8,11,2,0.15,7,19
8,11,2,0.15,8,8
8,11,2,0.15,9,5
8,11,2,0.15,10,5
8,11,2,0.15,11,2
8,11,2,0.15,12,1
8,11,2,0.15,13,2
8,11,2,0.15,14,3
8,12,0,0.9,0,113099
8,12,0,0.9,1,11171
8,12,0,0.9,2,3440
8,12,0,0.9,3,1449
8,12,0,0.9,4,746
8,12,0,0.9,5,475
8,12,0,0.9,6,214
8,12,0,0.9,7,155
8,12,0,0.9,8,96
8,12,0,0.9,9,57
8,12,0,0.9,10,44
8,12,0,0.9,11,27
8,12,0,0.9,12,29
8,12,0,0.9,13,17
8,12,0,0.9,14,12
8,12,0,0.9,15,12
8,12,0,0.9,16,9
8,12,0,0.9,17,5
8,12,0,0.9,18,4
8,12,0,0.9,19,3
8,12,0,0.9,20,3
8,12,0,0.9,21,1
8,12,0,0.9,23,2
8,12,0,0.9,26,1
8,12,0,0.9,32,1
8,12,1,0.5,0,104692
8,12,1,0.5,1,17220
8,12,1,0.5,2,5226
8,12,1,0.5,3,1946
8,12,1,0.5,4,945
8,12,1,0.5,5,458
8,12,1,0.5,6,240
8,12,1,0.5,7,139
8,12,1,0.5,8,78
8,12,1,0.5,9,49
8,12,1,0.5,10,22
8,12,1,0.5,11,21
8,12,1,0.5,12,9
8,12,1,0.5,13,15
8,12,1,0.5,14,3
8,12,1,0.5,15,4
8,12,1,0.5,16,1
8,12,1,0.5,17,2
8,12,1,0.5,19,1
8,12,1,0.5,21,1
8,12,2,0.15,0,100456
8,12,2,0.15,1,21552
8,12,2,0.15,2,6278
8,12,2,0.15,3,1858
8,12,2,0.15,4,600
8,12,2,0.15,5,212
8,12,2,0.15,6,78
8,12,2,0.15,7,26
8,12,2,0.15,8,9
8,12,2,0.15,9,1
8,12,2,0.15,10,2
8,13,0,0.9,0,115417
8,13,0,0.9,1,10708
8,13,0,0.9,2,2795
8,13,0,0.9,3,1011
8,13,0,0.9,4,473
8,13,0,0.9,5,248
8,13,0,0.9,6,148
8,13,0,0.9,7,75
8,13,0,0.9,8,64
8,13,0,0.9,9,35
8,13,0,0.9,10,21
8,13,0,0.9,11,11
8,13,0,0.9,12,17
8,13,0,0.9,13,10
8,13,0,0.9,14,10
8,13,0,0.9,15,5
8,13,0,0.9,16,3
8,13,0,0.9,17,3
8,13,0,0.9,18,4
8,13,0,0.9,19,2
8,13,0,0.9,20,4
8,13,0,0.9,21,1
8,13,0,0.9,22,3
8,13,0,0.9,23,1
8,13,0,0.9,28,1
8,13,0,0.9,36,1
8,13,0,0.9,38,1
8,13,1,0.5,0,95995
8,13,1,0.5,1,21441
8,13,1,0.5,2,7425
8,13,1,0.5,3,3169
8,13,1,0.5,4,1501
8,13,1,0.5,5,715
8,13,1,0.5,6,367
8,13,1,0.5,7,180
8,13,1,0.5,8,106
8,13,1,0.5,9,70
8,13,1,0.5,10,44
8,13,1,0.5,11,24
8,13,1,0.5,12,8
8,13,1,0.5,13,11
8,13,1,0.5,14,7
8,13,1,0.5,15,4
8,13,1,0.5,16,2
8,13,1,0.5,17,1
8,13,1,0.5,18,1
8,13,1,0.5,20,1
8,13,2,0.15,0,92406
8,13,2,0.15,1,25643
8,13,2,0.15,2,8502
8,13,2,0.15,3,3033
8,13,2,0.15,4,1001
8,13,2,0.15,5,309
8,13,2,0.15,6,109
8,13,2,0.15,7,51
8,13,2,0.15,8,10
8,13,2,0.15,9,4
8,13,2,0.15,10,2
8,13,2,0.15,11,1
8,13,2,0.15,14,1
8,14,0,0.9,0,113221
8,14,0,0.9,1,11027
8,14,0,0.9,2,3464
8,14,0,0.9,3,1522
8,14,0,0.9,4,711
8,14,0,0.9,5,385
8,14,0,0.9,6,243
8,14,0,0.9,7,168
8,14,0,0.9,8,109
8,14,0,0.9,9,61
8,14,0,0.9,10,31
8,14,0,0.9,11,34
8,14,0,0.9,12,22
8,14,0,0.9,13,23
8,14,0,0.9,14,10
8,14,0,0.9,15,10
8,14,0,0.9,16,10
8,14,0,0.9,17,3
8,14,0,0.9,18,4
8,14,0,0.9,19,2
8,14,0,0.9,20,4
8,14,0,0.9,21,1
8,14,0,0.9,22,1
8,14,0,0.9,23,1
8,14,0,0.9,24,3
8,14,0,0.9,26,1
8,14,0,0.9,34,1
8,14,1,0.5,0,104400
8,14,1,0.5,1,17193
8,14,1,0.5,2,5383
8,14,1,0.5,3,2173
8,14,1,0.5,4,896
8,14,1,0.5,5,472
8,14,1,0.5,6,235
8,14,1,0.5,7,128
8,14,1,0.5,8,74
8,14,1,0.5,9,38
8,14,1,0.5,10,32
8,14,1,0.5,11,24
8,14,1,0.5,12,10
8,14,1,0.5,13,4
8,14,1,0.5,14,4
8,14,1,0.5,15,3
8,14,1,0.5,16,3
8,14,2,0.15,0,98761
8,14,2,0.15,1,22907
8,14,2,0.15,2,6625
8,14,2,0.15,3,1885
8,14,2,0.15,4,597
8,14,2,0.15,5,201
8,14,2,0.15,6,53
8,14,2,0.15,7,24
8,14,2,0.15,8,12
8,14,2,0.15,9,5
8,14,2,0.15,10,1
8,14,2,0.15,13,1
8,15,0,0.9,0,114537
8,15,0,0.9,1,10023
8,15,0,0.9,2,3136
8,15,0,0.9,3,1384
8,15,0,0.9,4,769
8,15,0,0.9,5,357
8,15,0,0.9,6,281
8,15,0,0.9,7,156
8,15,0,0.9,8,108
8,15,0,0.9,9,89
8,15,0,0.9,10,45
8,15,0,0.9,11,44
8,15,0,0.9,12,28
8,15,0,0.9,13,20
8,15,0,0.9,14,16
8,15,0,0.9,15,12
8,15,0,0.9,16,11
8,15,0,0.9,17,11
8,15,0,0.9,18,8
8,15,0,0.9,19,4
8,15,0,0.9,20,2
8,15,0,0.9,21,7
8,15,0,0.9,22,3
8,15,0,0.9,23,3
8,15,0,0.9,24,2
8,15,0,0.9,25,3
8,15,0,0.9,26,3
8,15,0,0.9,27,3
8,15,0,0.9,28,3
8,15,0,0.9,29,1
8,15,0,0.9,31,1
8,15,0,0.9,34,1
8,15,0,0.9,38,1
8,15,1,0.5,0,102174
8,15,1,0.5,1,18569
8,15,1,0.5,2,5984
8,15,1,0.5,3,2360
8,15,1,0.5,4,1015
8,15,1,0.5,5,480
8,15,1,0.5,6,233
8,15,1,0.5,7,109
8,15,1,0.5,8,56
8,15,1,0.5,9,34
8,15,1,0.5,10,22
8,15,1,0.5,11,18
8,15,1,0.5,12,6
8,15,1,0.5,13,3
8,15,1,0.5,14,3
8,15,1,0.5,16,2
8,15,1,0.5,17,2
8,15,1,0.5,18,1
8,15,1,0.5,26,1
8,15,2,0.15,0,94432
8,15,2,0.15,1,25279
8,15,2,0.15,2,8090
8,15,2,0.15,3,2344
8,15,2,0.15,4,651
8,15,2,0.15,5,178
8,15,2,0.15,6,74
8,15,2,0.15,7,20
8,15,2,0.15,8,3
8,15,2,0.15,10,1
8,16,0,0.9,0,116051
8,16,0,0.9,1,9777
8,16,0,0.9,2,2717
8,16,0,0.9,3,1121
8,16,0,0.9,4,580
8,16,0,0.9,5,272
8,16,0,0.9,6,182
8,16,0,0.9,7,107
8,16,0,0.9,8,63
8,16,0,0.9,9,52
8,16,0,0.9,10,29
8,16,0,0.9,11,25
8,16,0,0.9,12,16
8,16,0,0.9,13,15
8,16,0,0.9,14,4
8,16,0,0.9,15,12
8,16,0,0.9,16,6
8,16,0,0.9,17,2
8,16,0,0.9,18,5
8,16,0,0.9,19,1
8,16,0,0.9,20,2
8,16,0,0.9,21,2
8,16,0,0.9,22,4
8,16,0,0.9,23,2
8,16,0,0.9,24,2
8,16,0,0.9,25,1
8,16,0,0.9,26,4
8,16,0,0.9,28,2
8,16,0,0.9,30,2
8,16,0,0.9,31,1
8,16,0,0.9,32,2
8,16,0,0.9,34,1
8,16,0,0.9,35,1
8,16,0,0.9,37,1
8,16,0,0.9,39,2
8,16,0,0.9,41,1
8,16,0,0.9,45,1
8,16,0,0.9,46,1
8,16,0,0.9,49,1
8,16,0,0.9,52,1
8,16,0,0.9,60,1
8,16,1,0.5,0,99057
8,16,1,0.5,1,19804
8,16,1,0.5,2,6691
8,16,1,0.5,3,2860
8,16,1,0.5,4,1351
8,16,1,0.5,5,579
8,16,1,0.5,6,335
8,16,1,0.5,7,186
8,16,1,0.5,8,96
8,16,1,0.5,9,51
8,16,1,0.5,10,28
8,16,1,0.5,11,14
8,16,1,0.5,12,5
8,16,1,0.5,13,5
8,16,1,0.5,14,7
8,16,1,0.5,15,2
8,16,1,0.5,16,1
8,16,2,0.15,0,94321
8,16,2,0.15,1,24235
8,16,2,0.15,2,8241
8,16,2,0.15,3,2812
8,16,2,0.15,4,982
8,16,2,0.15,5,297
8,16,2,0.15,6,115
8,16,2,0.15,7,46
8,16,2,0.15,8,13
8,16,2,0.15,9,10
8,17,0,0.9,0,113812
8,17,0,0.9,1,10758
8,17,0,0.9,2,3302
8,17,0,0.9,3,1462
8,17,0,0.9,4,681
8,17,0,0.9,5,377
8,17,0,0.9,6,246
8,17,0,0.9,7,147
8,17,0,0.9,8,92
8,17,0,0.9,9,61
8,17,0,0.9,10,48
8,17,0,0.9,11,31
8,17,0,0.9,12,17
8,17,0,0.9,13,8
8,17,0,0.9,14,9
8,17,0,0.9,15,5
8,17,0,0.9,17,4
8,17,0,0.9,18,4
8,17,0,0.9,19,3
8,17,0,0.9,20,1
8,17,0,0.9,23,1
8,17,0,0.9,26,1
8,17,0,0.9,27,1
8,17,0,0.9,30,1
8,17,1,0.5,0,97968
8,17,1,0.5,1,20779
8,17,1,0.5,2,7145
8,17,1,0.5,3,2869
8,17,1,0.5,4,1260
8,17,1,0.5,5,533
8,17,1,0.5,6,247
8,17,1,0.5,7,139
8,17,1,0.5,8,57
8,17,1,0.5,9,33
8,17,1,0.5,10,11
8,17,1,0.5,11,10
8,17,1,0.5,12,6
8,17,1,0.5,13,9
8,17,1,0.5,14,4
8,17,1,0.5,15,1
8,17,1,0.5,19,1
8,17,2,0.15,0,91621
8,17,2,0.15,1,26813
8,17,2,0.15,2,8715
8,17,2,0.15,3,2713
8,17,2,0.15,4,837
8,17,2,0.15,5,259
8,17,2,0.15,6,74
8,17,2,0.15,7,27
8,17,2,0.15,8,9
8,17,2,0.15,9,3
8,17,2,0.15,12,1
8,18,0,0.9,0,114025
8,18,0,0.9,1,10570
8,18,0,0.9,2,3200
8,18,0,0.9,3,1434
8,18,0,0.9,4,727
8,18,0,0.9,5,417
8,18,0,0.9,6,216
8,18,0,0.9,7,154
8,18,0,0.9,8,102
8,18,0,0.9,9,69
8,18,0,0.9,10,38
8,18,0,0.9,11,31
8,18,0,0.9,12,22
8,18,0,0.9,13,16
8,18,0,0.9,14,9
8,18,0,0.9,15,11
8,18,0,0.9,16,10
8,18,0,0.9,17,2
8,18,0,0.9,18,7
8,18,0,0.9,19,4
8,18,0,0.9,21,2
8,18,0,0.9,24,1
8,18,0,0.9,25,1
8,18,0,0.9,26,1
8,18,0,0.9,27,1
8,18,0,0.9,33,1
8,18,0,0.9,34,1
8,18,1,0.5,0,101593
8,18,1,0.5,1,18918
8,18,1,0.5,2,6086
8,18,1,0.5,3,2468
8,18,1,0.5,4,1055
8,18,1,0.5,5,502
8,18,1,0.5,6,207
8,18,1,0.5,7,87
8,18,1,0.5,8,64
8,18,1,0.5,9,36
8,18,1,0.5,10,24
8,18,1,0.5,11,8
8,18,1,0.5,12,10
8,18,1,0.5,13,3
8,18,1,0.5,14,3
8,18,1,0.5,15,3
8,18,1,0.5,16,2
8,18,1,0.5,17,1
8,18,1,0.5,20,1
8,18,1,0.5,26,1
8,18,2,0.15,0,95226
8,18,2,0.15,1,23874
8,18,2,0.15,2,8027
8,18,2,0.15,3,2662
8,18,2,0.15,4,867
8,18,2,0.15,5,296
8,18,2,0.15,6,82
8,18,2,0.15,7,23
8,18,2,0.15,8,10
8,18,2,0.15,9,2
8,18,2,0.15,11,2
8,18,2,0.15,14,1
8,19,0,0.9,0,117598
8,19,0,0.9,1,8516
8,19,0,0.9,2,2535
8,19,0,0.9,3,1099
8,19,0,0.9,4,516
8,19,0,0.9,5,300
8,19,0,0.9,6,170
8,19,0,0.9,7,112
8,19,0,0.9,8,75
8,19,0,0.9,9,38
8,19,0,0.9,10,33
8,19,0,0.9,11,20
8,19,0,0.9,12,15
8,19,0,0.9,13,13
8,19,0,0.9,14,9
8,19,0,0.9,15,7
8,19,0,0.9,16,4
8,19,0,0.9,19,2
8,19,0,0.9,20,3
8,19,0,0.9,22,1
8,19,0,0.9,24,1
8,19,0,0.9,26,1
8,19,0,0.9,29,1
8,19,0,0.9,32,1
8,19,0,0.9,35,1
8,19,0,0.9,37,1
8,19,1,0.5,0,93589
8,19,1,0.5,1,22534
8,19,1,0.5,2,8519
8,19,1,0.5,3,3444
8,19,1,0.5,4,1553
8,19,1,0.5,5,710
8,19,1,0.5,6,336
8,19,1,0.5,7,209
8,19,1,0.5,8,78
8,19,1,0.5,9,52
8,19,1,0.5,10,17
8,19,1,0.5,11,9
8,19,1,0.5,12,12
8,19,1,0.5,13,3
8,19,1,0.5,14,2
8,19,1,0.5,15,1
8,19,1,0.5,16,2
8,19,1,0.5,17,2
8,19,2,0.15,0,86255
8,19,2,0.15,1,28825
8,19,2,0.15,2,10654
8,19,2,0.15,3,3639
8,19,2,0.15,4,1176
8,19,2,0.15,5,368
8,19,2,0.15,6,99
8,19,2,0.15,7,33
8,19,2,0.15,8,14
8,19,2,0.15,9,5
8,19,2,0.15,10,3
8,19,2,0.15,11,1
8,20,0,0.9,0,114413
8,20,0,0.9,1,10116
8,20,0,0.9,2,3235
8,20,0,0.9,3,1396
8,20,0,0.9,4,756
8,20,0,0.9,5,430
8,20,0,0.9,6,227
8,20,0,0.9,7,148
8,20,0,0.9,8,104
8,20,0,0.9,9,71
8,20,0,0.9,10,50
8,20,0,0.9,11,32
8,20,0,0.9,12,20
8,20,0,0.9,13,15
8,20,0,0.9,14,6
8,20,0,0.9,15,14
8,20,0,0.9,16,11
8,20,0,0.9,17,7
8,20,0,0.9,18,4
8,20,0,0.9,19,2
8,20,0,0.9,20,1
8,20,0,0.9,21,1
8,20,0,0.9,23,2
8,20,0,0.9,24,2
8,20,0,0.9,26,2
8,20,0,0.9,30,1
8,20,0,0.9,35,1
8,20,0,0.9,37,1
8,20,0,0.9,42,1
8,20,0,0.9,45,1
8,20,0,0.9,52,1
8,20,0,0.9,57,1
8,20,1,0.5,0,102293
8,20,1,0.5,1,18351
8,20,1,0.5,2,5969
8,20,1,0.5,3,2403
8,20,1,0.5,4,1029
8,20,1,0.5,5,512
8,20,1,0.5,6,219
8,20,1,0.5,7,135
8,20,1,0.5,8,76
8,20,1,0.5,9,34
8,20,1,0.5,10,14
8,20,1,0.5,11,11
8,20,1,0.5,12,6
8,20,1,0.5,13,8
8,20,1,0.5,14,3
8,20,1,0.5,15,3
8,20,1,0.5,16,2
8,20,1,0.5,17,2
8,20,1,0.5,18,1
8,20,1,0.5,19,1
8,20,2,0.15,0,94403
8,20,2,0.15,1,24997
8,20,2,0.15,2,8020
8,20,2,0.15,3,2492
8,20,2,0.15,4,801
8,20,2,0.15,5,262
8,20,2,0.15,6,66
8,20,2,0.15,7,21
8,20,2,0.15,8,5
8,20,2,0.15,9,3
8,20,2,0.15,10,2
8,21,0,0.9,0,115283
8,21,0,0.9,1,9755
8,21,0,0.9,2,2925
8,21,0,0.9,3,1309
8,21,0,0.9,4,635
8,21,0,0.9,5,382
8,21,0,0.9,6,247
8,21,0,0.9,7,152
8,21,0,0.9,8,109
8,21,0,0.9,9,66
8,21,0,0.9,10,42
8,21,0,0.9,11,46
8,21,0,0.9,12,22
8,21,0,0.9,13,19
8,21,0,0.9,14,13
8,21,0,0.9,15,13
8,21,0,0.9,16,4
8,21,0,0.9,17,10
8,21,0,0.9,18,8
8,21,0,0.9,19,6
8,21,0,0.9,20,2
8,21,0,0.9,21,4
8,21,0,0.9,22,3
8,21,0,0.9,23,1
8,21,0,0.9,25,2
8,21,0,0.9,26,1
8,21,0,0.9,27,1
8,21,0,0.9,28,3
8,21,0,0.9,29,1
8,21,0,0.9,31,1
8,21,0,0.9,32,1
8,21,0,0.9,34,1
8,21,0,0.9,35,1
8,21,0,0.9,38,1
8,21,0,0.9,40,1
8,21,0,0.9,44,2
8,21,1,0.5,0,98584
8,21,1,0.5,1,20359
8,21,1,0.5,2,7110
8,21,1,0.5,3,2791
8,21,1,0.5,4,1147
8,21,1,0.5,5,542
8,21,1,0.5,6,259
8,21,1,0.5,7,116
8,21,1,0.5,8,67
8,21,1,0.5,9,40
8,21,1,0.5,10,25
8,21,1,0.5,11,11
8,21,1,0.5,12,3
8,21,1,0.5,13,7
8,21,1,0.5,14,4
8,21,1,0.5,15,1
8,21,1,0.5,16,1
8,21,1,0.5,17,2
8,21,1,0.5,18,1
8,21,1,0.5,24,1
8,21,1,0.5,26,1
8,21,2,0.15,0,91874
8,21,2,0.15,1,26315
8,21,2,0.15,2,8818
8,21,2,0.15,3,2869
8,21,2,0.15,4,845
8,21,2,0.15,5,245
8,21,2,0.15,6,78
8,21,2,0.15,7,18
8,21,2,0.15,8,4
8,21,2,0.15,9,2
8,21,2,0.15,10,1
8,21,2,0.15,11,1
8,21,2,0.15,12,2
8,22,0,0.9,0,116108
8,22,0,0.9,1,9206
8,22,0,0.9,2,2773
8,22,0,0.9,3,1240
8,22,0,0.9,4,610
8,22,0,0.9,5,380
8,22,0,0.9,6,232
8,22,0,0.9,7,156
8,22,0,0.9,8,101
8,22,0,0.9,9,75
8,22,0,0.9,10,46
8,22,0,0.9,11,47
8,22,0,0.9,12,15
8,22,0,0.9,13,20
8,22,0,0.9,14,15
8,22,0,0.9,15,10
8,22,0,0.9,16,13
8,22,0,0.9,17,4
8,22,0,0.9,18,3
8,22,0,0.9,19,2
8,22,0,0.9,20,4
8,22,0,0.9,21,4
8,22,0,0.9,22,4
8,22,0,0.9,23,2
8,22,0,0.9,26,1
8,22,0,0.9,31,1
8,22,1,0.5,0,94484
8,22,1,0.5,1,22358
8,22,1,0.5,2,8167
8,22,1,0.5,3,3310
8,22,1,0.5,4,1444
8,22,1,0.5,5,674
8,22,1,0.5,6,320
8,22,1,0.5,7,140
8,22,1,0.5,8,87
8,22,1,0.5,9,36
8,22,1,0.5,10,25
8,22,1,0.5,11,10
8,22,1,0.5,12,7
8,22,1,0.5,13,6
8,22,1,0.5,14,2
8,22,1,0.5,15,1
8,22,1,0.5,16,1
8,22,2,0.15,0,88596
8,22,2,0.15,1,27779
8,22,2,0.15,2,10039
8,22,2,0.15,3,3302
8,22,2,0.15,4,993
8,22,2,0.15,5,262
8,22,2,0.15,6,76
8,22,2,0.15,7,19
8,22,2,0.15,8,5
8,22,2,0.15,10,1
8,23,0,0.9,0,116660
8,23,0,0.9,1,9179
8,23,0,0.9,2,2532
8,23,0,0.9,3,1093
8,23,0,0.9,4,554
8,23,0,0.9,5,320
8,23,0,0.9,6,191
8,23,0,0.9,7,137
8,23,0,0.9,8,89
8,23,0,0.9,9,72
8,23,0,0.9,10,57
8,23,0,0.9,11,38
8,23,0,0.9,12,31
8,23,0,0.9,13,19
8,23,0,0.9,14,15
8,23,0,0.9,15,9
8,23,0,0.9,16,8
8,23,0,0.9,17,7
8,23,0,0.9,18,7
8,23,0,0.9,19,11
8,23,0,0.9,20,7
8,23,0,0.9,21,7
8,23,0,0.9,22,7
8,23,0,0.9,23,3
8,23,0,0.9,24,2
8,23,0,0.9,25,4
8,23,0,0.9,26,2
8,23,0,0.9,27,4
8,23,0,0.9,29,1
8,23,0,0.9,30,1
8,23,0,0.9,35,1
8,23,0,0.9,36,1
8,23,0,0.9,39,1
8,23,0,0.9,41,1
8,23,0,0.9,52,1
8,23,1,0.5,0,93992
8,23,1,0.5,1,22972
8,23,1,0.5,2,8157
8,23,1,0.5,3,3349
8,23,1,0.5,4,1413
8,23,1,0.5,5,599
8,23,1,0.5,6,260
8,23,1,0.5,7,136
8,23,1,0.5,8,73
8,23,1,0.5,9,41
8,23,1,0.5,10,29
8,23,1,0.5,11,9
8,23,1,0.5,12,15
8,23,1,0.5,13,7
8,23,1,0.5,14,5
8,23,1,0.5,15,6
8,23,1,0.5,16,4
8,23,1,0.5,17,2
8,23,1,0.5,18,1
8,23,1,0.5,20,1
8,23,1,0.5,22,1
8,23,2,0.15,0,85441
8,23,2,0.15,1,29649
8,23,2,0.15,2,10830
8,23,2,0.15,3,3634
8,23,2,0.15,4,1083
8,23,2,0.15,5,301
8,23,2,0.15,6,104
8,23,2,0.15,7,27
8,23,2,0.15,8,3
8,24,0,0.9,0,114587
8,24,0,0.9,1,10835
8,24,0,0.9,2,3066
8,24,0,0.9,3,1175
8,24,0,0.9,4,551
8,24,0,0.9,5,273
8,24,0,0.9,6,156
8,24,0,0.9,7,108
8,24,0,0.9,8,77
8,24,0,0.9,9,46
8,24,0,0.9,10,32
8,24,0,0.9,11,23
8,24,0,0.9,12,21
8,24,0,0.9,13,13
8,24,0,0.9,14,16
8,24,0,0.9,15,15
8,24,0,0.9,16,6
8,24,0,0.9,17,11
8,24,0,0.9,18,5
8,24,0,0.9,19,5
8,24,0,0.9,20,2
8,24,0,0.9,21,3
8,24,0,0.9,22,4
8,24,0,0.9,23,3
8,24,0,0.9,24,2
8,24,0,0.9,25,3
8,24,0,0.9,26,1
8,24,0,0.9,28,1
8,24,0,0.9,29,1
8,24,0,0.9,30,3
8,24,0,0.9,31,4
8,24,0,0.9,32,2
8,24,0,0.9,33,1
8,24,0,0.9,34,2
8,24,0,0.9,35,3
8,24,0,0.9,37,4
8,24,0,0.9,41,1
8,24,0,0.9,42,1
8,24,0,0.9,44,2
8,24,0,0.9,46,2
8,24,0,0.9,47,1
8,24,0,0.9,48,1
8,24,0,0.9,53,1
8,24,0,0.9,54,2
8,24,0,0.9,59,1
8,24,1,0.5,0,95390
8,24,1,0.5,1,22178
8,24,1,0.5,2,7758
8,24,1,0.5,3,3137
8,24,1,0.5,4,1352
8,24,1,0.5,5,648
8,24,1,0.5,6,290
8,24,1,0.5,7,140
8,24,1,0.5,8,58
8,24,1,0.5,9,44
8,24,1,0.5,10,24
8,24,1,0.5,11,16
8,24,1,0.5,12,10
8,24,1,0.5,13,4
8,24,1,0.5,14,4
8,24,1,0.5,15,7
8,24,1,0.5,16,3
8,24,1,0.5,17,3
8,24,1,0.5,18,2
8,24,1,0.5,22,1
8,24,1,0.5,24,2
8,24,1,0.5,28,1
8,24,2,0.15,0,91111
8,24,2,0.15,1,26417
8,24,2,0.15,2,9209
8,24,2,0.15,3,2980
8,24,2,0.15,4,957
8,24,2,0.15,5,273
8,24,2,0.15,6,80
8,24,2,0.15,7,36
8,24,2,0.15,8,8
8,24,2,0.15,10,1
8,25,0,0.9,0,115364
8,25,0,0.9,1,10215
8,25,0,0.9,2,2703
8,25,0,0.9,3,1128
8,25,0,0.9,4,589
8,25,0,0.9,5,345
8,25,0,0.9,6,207
8,25,0,0.9,7,119
8,25,0,0.9,8,103
8,25,0,0.9,9,58
8,25,0,0.9,10,56
8,25,0,0.9,11,34
8,25,0,0.9,12,30
8,25,0,0.9,13,24
8,25,0,0.9,14,26
8,25,0,0.9,15,11
8,25,0,0.9,16,18
8,25,0,0.9,17,7
8,25,0,0.9,18,10
8,25,0,0.9,19,1
8,25,0,0.9,20,3
8,25,0,0.9,21,5
8,25,0,0.9,22,6
8,25,0,0.9,24,1
8,25,0,0.9,25,1
8,25,0,0.9,26,2
8,25,0,0.9,28,2
8,25,0,0.9,31,1
8,25,0,0.9,34,1
8,25,0,0.9,40,1
8,25,0,0.9,53,1
8,25,1,0.5,0,91713
8,25,1,0.5,1,23186
8,25,1,0.5,2,8860
8,25,1,0.5,3,3848
8,25,1,0.5,4,1680
8,25,1,0.5,5,858
8,25,1,0.5,6,403
8,25,1,0.5,7,229
8,25,1,0.5,8,134
8,25,1,0.5,9,60
8,25,1,0.5,10,29
8,25,1,0.5,11,29
8,25,1,0.5,12,14
8,25,1,0.5,13,14
8,25,1,0.5,14,7
8,25,1,0.5,15,3
8,25,1,0.5,16,2
8,25,1,0.5,18,2
8,25,1,0.5,19,1
8,25,2,0.15,0,89418
8,25,2,0.15,1,26103
8,25,2,0.15,2,9970
8,25,2,0.15,3,3652
8,25,2,0.15,4,1284
8,25,2,0.15,5,426
8,25,2,0.15,6,134
8,25,2,0.15,7,56
8,25,2,0.15,8,23
8,25,2,0.15,9,4
8,25,2,0.15,10,1
8,25,2,0.15,11,1
8,26,0,0.9,0,114543
8,26,0,0.9,1,10819
8,26,0,0.9,2,2843
8,26,0,0.9,3,1163
8,26,0,0.9,4,587
8,26,0,0.9,5,378
8,26,0,0.9,6,221
8,26,0,0.9,7,154
8,26,0,0.9,8,98
8,26,0,0.9,9,79
8,26,0,0.9,10,66
8,26,0,0.9,11,24
8,26,0,0.9,12,24
8,26,0,0.9,13,18
8,26,0,0.9,14,8
8,26,0,0.9,15,12
8,26,0,0.9,16,11
8,26,0,0.9,17,5
8,26,0,0.9,18,5
8,26,0,0.9,19,4
8,26,0,0.9,20,1
8,26,0,0.9,21,3
8,26,0,0.9,22,4
8,26,0,0.9,23,1
8,26,0,0.9,27,1
8,26,1,0.5,0,92133
8,26,1,0.5,1,22446
8,26,1,0.5,2,8790
8,26,1,0.5,3,3888
8,26,1,0.5,4,1826
8,26,1,0.5,5,963
8,26,1,0.5,6,461
8,26,1,0.5,7,250
8,26,1,0.5,8,134
8,26,1,0.5,9,59
8,26,1,0.5,10,29
8,26,1,0.5,11,30
8,26,1,0.5,12,20
8,26,1,0.5,13,14
8,26,1,0.5,14,7
8,26,1,0.5,15,3
8,26,1,0.5,16,4
8,26,1,0.5,17,4
8,26,1,0.5,18,2
8,26,1,0.5,19,3
8,26,1,0.5,20,2
8,26,1,0.5,21,3
8,26,1,0.5,29,1
8,26,2,0.15,0,92324
8,26,2,0.15,1,24212
8,26,2,0.15,2,9119
8,26,2,0.15,3,3504
8,26,2,0.15,4,1216
8,26,2,0.15,5,450
8,26,2,0.15,6,163
8,26,2,0.15,7,48
8,26,2,0.15,8,15
8,26,2,0.15,9,16
8,26,2,0.15,10,2
8,26,2,0.15,11,2
8,26,2,0.15,13,1
8,27,0,0.9,0,114336
8,27,0,0.9,1,10935
8,27,0,0.9,2,2856
8,27,0,0.9,3,1118
8,27,0,0.9,4,590
8,27,0,0.9,5,338
8,27,0,0.9,6,216
8,27,0,0.9,7,147
8,27,0,0.9,8,123
8,27,0,0.9,9,75
8,27,0,0.9,10,54
8,27,0,0.9,11,52
8,27,0,0.9,12,30
8,27,0,0.9,13,26
8,27,0,0.9,14,27
8,27,0,0.9,15,13
8,27,0,0.9,16,12
8,27,0,0.9,17,19
8,27,0,0.9,18,14
8,27,0,0.9,19,12
8,27,0,0.9,20,11
8,27,0,0.9,21,5
8,27,0,0.9,22,8
8,27,0,0.9,23,12
8,27,0,0.9,24,8
8,27,0,0.9,25,1
8,27,0,0.9,26,2
8,27,0,0.9,27,2
8,27,0,0.9,28,7
8,27,0,0.9,29,4
8,27,0,0.9,30,3
8,27,0,0.9,31,6
8,27,0,0.9,32,3
8,27,0,0.9,33,1
8,27,0,0.9,34,1
8,27,0,0.9,36,2
8,27,0,0.9,37,1
8,27,0,0.9,38,1
8,27,0,0.9,42,1
8,27,1,0.5,0,89789
8,27,1,0.5,1,23012
8,27,1,0.5,2,9465
8,27,1,0.5,3,4390
8,27,1,0.5,4,2105
8,27,1,0.5,5,1104
8,27,1,0.5,6,527
8,27,1,0.5,7,279
8,27,1,0.5,8,164
8,27,1,0.5,9,95
8,27,1,0.5,10,52
8,27,1,0.5,11,35
8,27,1,0.5,12,21
8,27,1,0.5,13,10
8,27,1,0.5,14,10
8,27,1,0.5,15,7
8,27,1,0.5,16,4
8,27,1,0.5,17,1
8,27,1,0.5,23,1
8,27,1,0.5,24,1
8,27,2,0.15,0,92535
8,27,2,0.15,1,23523
8,27,2,0.15,2,9288
8,27,2,0.15,3,3664
8,27,2,0.15,4,1337
8,27,2,0.15,5,480
8,27,2,0.15,6,167
8,27,2,0.15,7,62
8,27,2,0.15,8,12
8,27,2,0.15,9,4
8,28,0,0.9,0,114387
8,28,0,0.9,1,10674
8,28,0,0.9,2,2973
8,28,0,0.9,3,1288
8,28,0,0.9,4,663
8,28,0,0.9,5,351
8,28,0,0.9,6,206
8,28,0,0.9,7,135
8,28,0,0.9,8,87
8,28,0,0.9,9,59
8,28,0,0.9,10,53
8,28,0,0.9,11,33
8,28,0,0.9,12,26
8,28,0,0.9,13,23
8,28,0,0.9,14,10
8,28,0,0.9,15,13
8,28,0,0.9,16,10
8,28,0,0.9,17,9
8,28,0,0.9,18,13
8,28,0,0.9,19,4
8,28,0,0.9,20,9
8,28,0,0.9,21,4
8,28,0,0.9,22,5
8,28,0,0.9,23,8
8,28,0,0.9,24,3
8,28,0,0.9,25,2
8,28,0,0.9,26,2
8,28,0,0.9,27,4
8,28,0,0.9,29,4
8,28,0,0.9,30,2
8,28,0,0.9,31,1
8,28,0,0.9,33,2
8,28,0,0.9,34,5
8,28,0,0.9,35,1
8,28,0,0.9,43,1
8,28,0,0.9,46,1
8,28,0,0.9,54,1
8,28,1,0.5,0,92072
8,28,1,0.5,1,21667
8,28,1,0.5,2,9011
8,28,1,0.5,3,4129
8,28,1,0.5,4,1962
8,28,1,0.5,5,1060
8,28,1,0.5,6,479
8,28,1,0.5,7,297
8,28,1,0.5,8,162
8,28,1,0.5,9,82
8,28,1,0.5,10,44
8,28,1,0.5,11,26
8,28,1,0.5,12,25
8,28,1,0.5,13,12
8,28,1,0.5,14,14
8,28,1,0.5,15,7
8,28,1,0.5,16,9
8,28,1,0.5,17,4
8,28,1,0.5,18,3
8,28,1,0.5,19,1
8,28,1,0.5,21,2
8,28,1,0.5,22,2
8,28,1,0.5,24,2
8,28,2,0.15,0,96676
8,28,2,0.15,1,21475
8,28,2,0.15,2,8152
8,28,2,0.15,3,3042
8,28,2,0.15,4,1141
8,28,2,0.15,5,411
8,28,2,0.15,6,111
8,28,2,0.15,7,39
8,28,2,0.15,8,14
8,28,2,0.15,9,5
8,28,2,0.15,10,4
8,28,2,0.15,11,2
8,29,0,0.9,0,112887
8,29,0,0.9,1,11102
8,29,0,0.9,2,3285
8,29,0,0.9,3,1485
8,29,0,0.9,4,790
8,29,0,0.9,5,460
8,29,0,0.9,6,368
8,29,0,0.9,7,207
8,29,0,0.9,8,108
8,29,0,0.9,9,92
8,29,0,0.9,10,86
8,29,0,0.9,11,37
8,29,0,0.9,12,39
8,29,0,0.9,13,27
8,29,0,0.9,14,13
8,29,0,0.9,15,16
8,29,0,0.9,16,12
8,29,0,0.9,17,13
8,29,0,0.9,18,10
8,29,0,0.9,19,6
8,29,0,0.9,20,3
8,29,0,0.9,21,7
8,29,0,0.9,22,3
8,29,0,0.9,23,4
8,29,0,0.9,24,2
8,29,0,0.9,25,3
8,29,0,0.9,26,1
8,29,0,0.9,28,1
8,29,0,0.9,29,2
8,29,0,0.9,30,1
8,29,0,0.9,33,1
8,29,0,0.9,35,1
8,29,1,0.5,0,91776
8,29,1,0.5,1,22430
8,29,1,0.5,2,8961
8,29,1,0.5,3,4082
8,29,1,0.5,4,1849
8,29,1,0.5,5,908
8,29,1,0.5,6,446
8,29,1,0.5,7,244
8,29,1,0.5,8,136
8,29,1,0.5,9,68
8,29,1,0.5,10,46
8,29,1,0.5,11,37
8,29,1,0.5,12,15
8,29,1,0.5,13,15
8,29,1,0.5,14,14
8,29,1,0.5,15,16
8,29,1,0.5,16,2
8,29,1,0.5,17,4
8,29,1,0.5,18,3
8,29,1,0.5,19,8
8,29,1,0.5,20,5
8,29,1,0.5,21,3
8,29,1,0.5,22,1
8,29,1,0.5,24,1
8,29,1,0.5,26,1
8,29,1,0.5,29,1
8,29,2,0.15,0,95400
8,29,2,0.15,1,22241
8,29,2,0.15,2,8474
8,29,2,0.15,3,3166
8,29,2,0.15,4,1143
8,29,2,0.15,5,421
8,29,2,0.15,6,128
8,29,2,0.15,7,57
8,29,2,0.15,8,19
8,29,2,0.15,9,15
8,29,2,0.15,10,5
8,29,2,0.15,11,2
8,29,2,0.15,12,1
8,30,0,0.9,0,113754
8,30,0,0.9,1,10442
8,30,0,0.9,2,3174
8,30,0,0.9,3,1457
8,30,0,0.9,4,741
8,30,0,0.9,5,443
8,30,0,0.9,6,267
8,30,0,0.9,7,186
8,30,0,0.9,8,130
8,30,0,0.9,9,93
8,30,0,0.9,10,88
8,30,0,0.9,11,48
8,30,0,0.9,12,40
8,30,0,0.9,13,35
8,30,0,0.9,14,29
8,30,0,0.9,15,17
8,30,0,0.9,16,27
8,30,0,0.9,17,16
8,30,0,0.9,18,9
8,30,0,0.9,19,6
8,30,0,0.9,20,10
8,30,0,0.9,21,10
8,30,0,0.9,22,4
8,30,0,0.9,23,8
8,30,0,0.9,24,5
8,30,0,0.9,25,2
8,30,0,0.9,26,4
8,30,0,0.9,27,2
8,30,0,0.9,28,3
8,30,0,0.9,29,5
8,30,0,0.9,30,6
8,30,0,0.9,31,5
8,30,0,0.9,32,2
8,30,0,0.9,33,1
8,30,0,0.9,34,2
8,30,0,0.9,41,1
8,30,1,0.5,0,89153
8,30,1,0.5,1,24103
8,30,1,0.5,2,9714
8,30,1,0.5,3,4260
8,30,1,0.5,4,1887
8,30,1,0.5,5,942
8,30,1,0.5,6,475
8,30,1,0.5,7,229
8,30,1,0.5,8,107
8,30,1,0.5,9,64
8,30,1,0.5,10,45
8,30,1,0.5,11,26
8,30,1,0.5,12,16
8,30,1,0.5,13,8
8,30,1,0.5,14,7
8,30,1,0.5,15,8
8,30,1,0.5,16,5
8,30,1,0.5,17,4
8,30,1,0.5,18,4
8,30,1,0.5,19,7
8,30,1,0.5,21,1
8,30,1,0.5,22,1
8,30,1,0.5,23,2
8,30,1,0.5,24,1
8,30,1,0.5,25,1
8,30,1,0.5,28,1
8,30,1,0.5,33,1
8,30,2,0.15,0,91608
8,30,2,0.15,1,24625
8,30,2,0.15,2,9581
8,30,2,0.15,3,3441
8,30,2,0.15,4,1198
8,30,2,0.15,5,393
8,30,2,0.15,6,142
8,30,2,0.15,7,46
8,30,2,0.15,8,20
8,30,2,0.15,9,7
8,30,2,0.15,10,5
8,30,2,0.15,11,3
8,30,2,0.15,12,2
8,30,2,0.15,13,1
8,31,0,0.9,0,115900
8,31,0,0.9,1,6683
8,31,0,0.9,2,2543
8,31,0,0.9,3,1469
8,31,0,0.9,4,958
8,31,0,0.9,5,697
8,31,0,0.9,6,566
8,31,0,0.9,7,412
8,31,0,0.9,8,296
8,31,0,0.9,9,292
8,31,0,0.9,10,199
8,31,0,0.9,11,174
8,31,0,0.9,12,163
8,31,0,0.9,13,100
8,31,0,0.9,14,95
8,31,0,0.9,15,89
8,31,0,0.9,16,72
8,31,0,0.9,17,49
8,31,0,0.9,18,44
8,31,0,0.9,19,43
8,31,0,0.9,20,28
8,31,0,0.9,21,31
8,31,0,0.9,22,21
8,31,0,0.9,23,22
8,31,0,0.9,24,12
8,31,0,0.9,25,10
8,31,0,0.9,26,15
8,31,0,0.9,27,12
8,31,0,0.9,28,11
8,31,0,0.9,29,12
8,31,0,0.9,30,10
8,31,0,0.9,31,5
8,31,0,0.9,32,10
8,31,0,0.9,33,3
8,31,0,0.9,34,1
8,31,0,0.9,35,4
8,31,0,0.9,36,6
8,31,0,0.9,37,2
8,31,0,0.9,38,1
8,31,0,0.9,39,2
8,31,0,0.9,40,2
8,31,0,0.9,41,2
8,31,0,0.9,43,3
8,31,0,0.9,44,1
8,31,0,0.9,45,2
8,31,1,0.5,0,87831
8,31,1,0.5,1,24579
8,31,1,0.5,2,9996
8,31,1,0.5,3,4285
8,31,1,0.5,4,2080
8,31,1,0.5,5,1097
8,31,1,0.5,6,555
8,31,1,0.5,7,284
8,31,1,0.5,8,166
8,31,1,0.5,9,89
8,31,1,0.5,10,39
8,31,1,0.5,11,25
8,31,1,0.5,12,17
8,31,1,0.5,13,17
8,31,1,0.5,14,4
8,31,1,0.5,15,6
8,31,1,0.5,16,1
8,31,1,0.5,21,1
8,31,2,0.15,0,81957
8,31,2,0.15,1,31829
8,31,2,0.15,2,11801
8,31,2,0.15,3,3873
8,31,2,0.15,4,1185
8,31,2,0.15,5,324
8,31,2,0.15,6,84
8,31,2,0.15,7,16
8,31,2,0.15,8,2
8,31,2,0.15,9,1
16,0,0,0.9,0,126064
16,0,0,0.9,1,2377
16,0,0,0.9,2,881
16,0,0,0.9,3,445
16,0,0,0.9,4,270
16,0,0,0.9,5,162
16,0,0,0.9,6,143
16,0,0,0.9,7,95
16,0,0,0.9,8,81
16,0,0,0.9,9,65
16,0,0,0.9,10,82
16,0,0,0.9,11,47
16,0,0,0.9,12,43
16,0,0,0.9,13,48
16,0,0,0.9,14,33
16,0,0,0.9,15,18
16,0,0,0.9,16,31
16,0,0,0.9,17,32
16,0,0,0.9,18,15
16,0,0,0.9,19,22
16,0,0,0.9,20,12
16,0,0,0.9,21,6
16,0,0,0.9,22,22
16,0,0,0.9,23,10
16,0,0,0.9,24,7
16,0,0,0.9,25,8
16,0,0,0.9,26,12
16,0,0,0.9,27,9
16,0,0,0.9,28,4
16,0,0,0.9,29,4
16,0,0,0.9,30,5
16,0,0,0.9,31,4
16,0,0,0.9,32,5
16,0,0,0.9,33,4
16,0,0,0.9,34,2
16,0,0,0.9,37,2
16,0,0,0.9,39,1
16,0,0,0.9,42,1
16,0,1,0.5,0,123996
16,0,1,0.5,1,3222
16,0,1,0.5,2,1218
16,0,1,0.5,3,645
16,0,1,0.5,4,321
16,0,1,0.5,5,238
16,0,1,0.5,6,205
16,0,1,0.5,7,145
16,0,1,0.5,8,130
16,0,1,0.5,9,118
16,0,1,0.5,10,81
16,0,1,0.5,11,63
16,0,1,0.5,12,66
16,0,1,0.5,13,68
16,0,1,0.5,14,44
16,0,1,0.5,15,43
16,0,1,0.5,16,47
16,0,1,0.5,17,39
16,0,1,0.5,18,32
16,0,1,0.5,19,34
16,0,1,0.5,20,22
16,0,1,0.5,21,22
16,0,1,0.5,22,31
16,0,1,0.5,23,21
16,0,1,0.5,24,18
16,0,1,0.5,25,13
16,0,1,0.5,26,28
16,0,1,0.5,27,18
16,0,1,0.5,28,15
16,0,1,0.5,29,17
16,0,1,0.5,30,13
16,0,1,0.5,31,20
16,0,1,0.5,32,12
16,0,1,0.5,33,3
16,0,1,0.5,34,10
16,0,1,0.5,35,4
16,0,1,0.5,36,4
16,0,1,0.5,37,6
16,0,1,0.5,38,9
16,0,1,0.5,39,5
16,0,1,0.5,40,9
16,0,1,0.5,41,1
16,0,1,0.5,42,3
16,0,1,0.5,43,1
16,0,1,0.5,44,1
16,0,1,0.5,45,1
16,0,1,0.5,46,2
16,0,1,0.5,48,2
16,0,1,0.5,49,1
16,0,1,0.5,51,1
16,0,1,0.5,53,3
16,0,1,0.5,55,1
16,0,2,0.15,0,70550
16,0,2,0.15,1,30747
16,0,2,0.15,2,15119
16,0,2,0.15,3,7112
16,0,2,0.15,4,3442
16,0,2,0.15,5,1651
16,0,2,0.15,6,928
16,0,2,0.15,7,504
16,0,2,0.15,8,332
16,0,2,0.15,9,189
16,0,2,0.15,10,138
16,0,2,0.15,11,93
16,0,2,0.15,12,84
16,0,2,0.15,13,60
16,0,2,0.15,14,39
16,0,2,0.15,15,28
16,0,2,0.15,16,18
16,0,2,0.15,17,10
16,0,2,0.15,18,12
16,0,2,0.15,19,5
16,0,2,0.15,20,4
16,0,2,0.15,21,1
16,0,2,0.15,22,4
16,0,2,0.15,24,1
16,0,2,0.15,25,1
16,1,0,0.9,0,127714
16,1,0,0.9,1,1787
16,1,0,0.9,2,512
16,1,0,0.9,3,284
16,1,0,0.9,4,110
16,1,0,0.9,5,86
16,1,0,0.9,6,88
16,1,0,0.9,7,61
16,1,0,0.9,8,78
16,1,0,0.9,9,35
16,1,0,0.9,10,11
16,1,0,0.9,11,23
16,1,0,0.9,12,20
16,1,0,0.9,13,21
16,1,0,0.9,14,6
16,1,0,0.9,15,7
16,1,0,0.9,16,41
16,1,0,0.9,17,23
16,1,0,0.9,18,27
16,1,0,0.9,19,48
16,1,0,0.9,20,37
16,1,0,0.9,21,11
16,1,0,0.9,22,19
16,1,0,0.9,23,5
16,1,0,0.9,25,3
16,1,0,0.9,26,2
16,1,0,0.9,27,9
16,1,0,0.9,28,1
16,1,0,0.9,30,1
16,1,0,0.9,31,1
16,1,0,0.9,32,1
16,1,1,0.5,0,119438
16,1,1,0.5,1,6568
16,1,1,0.5,2,1984
16,1,1,0.5,3,879
16,1,1,0.5,4,539
16,1,1,0.5,5,386
16,1,1,0.5,6,272
16,1,1,0.5,7,165
16,1,1,0.5,8,164
16,1,1,0.5,9,107
16,1,1,0.5,10,77
16,1,1,0.5,11,52
16,1,1,0.5,12,53
16,1,1,0.5,13,58
16,1,1,0.5,14,38
16,1,1,0.5,15,23
16,1,1,0.5,16,18
16,1,1,0.5,17,19
16,1,1,0.5,18,12
16,1,1,0.5,19,8
16,1,1,0.5,20,9
16,1,1,0.5,21,8
16,1,1,0.5,22,17
16,1,1,0.5,23,7
16,1,1,0.5,24,10
16,1,1,0.5,25,15
16,1,1,0.5,26,15
16,1,1,0.5,27,8
16,1,1,0.5,28,10
16,1,1,0.5,29,6
16,1,1,0.5,30,11
16,1,1,0.5,31,8
16,1,1,0.5,32,11
16,1,1,0.5,33,4
16,1,1,0.5,34,15
16,1,1,0.5,35,6
16,1,1,0.5,36,1
16,1,1,0.5,37,4
16,1,1,0.5,38,1
16,1,1,0.5,39,1
16,1,1,0.5,40,3
16,1,1,0.5,41,3
16,1,1,0.5,42,3
16,1,1,0.5,43,4
16,1,1,0.5,44,1
16,1,1,0.5,45,6
16,1,1,0.5,46,6
16,1,1,0.5,47,5
16,1,1,0.5,49,3
16,1,1,0.5,50,2
16,1,1,0.5,52,1
16,1,1,0.5,53,2
16,1,1,0.5,55,1
16,1,1,0.5,56,2
16,1,1,0.5,57,1
16,1,1,0.5,58,2
16,1,2,0.15,0,73286
16,1,2,0.15,1,30035
16,1,2,0.15,2,14505
16,1,2,0.15,3,6740
16,1,2,0.15,4,3154
16,1,2,0.15,5,1523
16,1,2,0.15,6,819
16,1,2,0.15,7,423
16,1,2,0.15,8,211
16,1,2,0.15,9,142
16,1,2,0.15,10,101
16,1,2,0.15,11,51
16,1,2,0.15,12,40
16,1,2,0.15,13,20
16,1,2,0.15,14,12
16,1,2,0.15,15,5
16,1,2,0.15,16,1
16,1,2,0.15,17,1
16,1,2,0.15,18,1
16,1,2,0.15,19,2
16,2,0,0.9,0,127949
16,2,0,0.9,1,1571
16,2,0,0.9,2,590
16,2,0,0.9,3,275
16,2,0,0.9,4,207
16,2,0,0.9,5,125
16,2,0,0.9,6,82
16,2,0,0.9,7,58
16,2,0,0.9,8,44
16,2,0,0.9,9,39
16,2,0,0.9,10,30
16,2,0,0.9,11,27
16,2,0,0.9,12,12
16,2,0,0.9,13,10
16,2,0,0.9,14,11
16,2,0,0.9,15,7
16,2,0,0.9,16,4
16,2,0,0.9,17,11
16,2,0,0.9,18,5
16,2,0,0.9,19,5
16,2,0,0.9,20,5
16,2,0,0.9,21,2
16,2,0,0.9,24,1
16,2,0,0.9,32,2
16,2,1,0.5,0,121537
16,2,1,0.5,1,6090
16,2,1,0.5,2,1236
16,2,1,0.5,3,551
16,2,1,0.5,4,356
16,2,1,0.5,5,223
16,2,1,0.5,6,152
16,2,1,0.5,7,116
16,2,1,0.5,8,88
16,2,1,0.5,9,78
16,2,1,0.5,10,61
16,2,1,0.5,11,48
16,2,1,0.5,12,43
16,2,1,0.5,13,56
16,2,1,0.5,14,33
16,2,1,0.5,15,30
16,2,1,0.5,16,31
16,2,1,0.5,17,19
16,2,1,0.5,18,33
16,2,1,0.5,19,26
16,2,1,0.5,20,39
16,2,1,0.5,21,21
16,2,1,0.5,22,18
16,2,1,0.5,23,13
16,2,1,0.5,24,22
16,2,1,0.5,25,14
16,2,1,0.5,26,13
16,2,1,0.5,27,9
16,2,1,0.5,28,5
16,2,1,0.5,29,9
16,2,1,0.5,30,9
16,2,1,0.5,31,11
16,2,1,0.5,32,9
16,2,1,0.5,33,5
16,2,1,0.5,34,7
16,2,1,0.5,35,10
16,2,1,0.5,36,3
16,2,1,0.5,37,3
16,2,1,0.5,38,4
16,2,1,0.5,39,3
16,2,1,0.5,40,5
16,2,1,0.5,41,3
16,2,1,0.5,42,2
16,2,1,0.5,43,3
16,2,1,0.5,44,2
16,2,1,0.5,45,4
16,2,1,0.5,46,3
16,2,1,0.5,47,5
16,2,1,0.5,48,3
16,2,1,0.5,49,4
16,2,1,0.5,50,4
16,2,2,0.15,0,62109
16,2,2,0.15,1,32869
16,2,2,0.15,2,18015
16,2,2,0.15,3,9204
16,2,2,0.15,4,4551
16,2,2,0.15,5,2227
16,2,2,0.15,6,1097
16,2,2,0.15,7,527
16,2,2,0.15,8,234
16,2,2,0.15,9,120
16,2,2,0.15,10,66
16,2,2,0.15,11,32
16,2,2,0.15,12,11
16,2,2,0.15,13,4
16,2,2,0.15,14,3
16,2,2,0.15,15,3
16,3,0,0.9,0,124411
16,3,0,0.9,1,2897
16,3,0,0.9,2,1039
16,3,0,0.9,3,637
16,3,0,0.9,4,364
16,3,0,0.9,5,254
16,3,0,0.9,6,206
16,3,0,0.9,7,150
16,3,0,0.9,8,105
16,3,0,0.9,9,117
16,3,0,0.9,10,86
16,3,0,0.9,11,57
16,3,0,0.9,12,76
16,3,0,0.9,13,53
16,3,0,0.9,14,49
16,3,0,0.9,15,40
16,3,0,0.9,16,53
16,3,0,0.9,17,28
16,3,0,0.9,18,32
16,3,0,0.9,19,24
16,3,0,0.9,20,28
16,3,0,0.9,21,17
16,3,0,0.9,22,22
16,3,0,0.9,23,22
16,3,0,0.9,24,12
16,3,0,0.9,25,9
16,3,0,0.9,26,18
16,3,0,0.9,27,10
16,3,0,0.9,28,26
16,3,0,0.9,29,13
16,3,0,0.9,30,12
16,3,0,0.9,31,8
16,3,0,0.9,32,19
16,3,0,0.9,33,12
16,3,0,0.9,34,3
16,3,0,0.9,35,10
16,3,0,0.9,36,12
16,3,0,0.9,37,3
16,3,0,0.9,38,11
16,3,0,0.9,39,5
16,3,0,0.9,40,6
16,3,0,0.9,41,7
16,3,0,0.9,42,11
16,3,0,0.9,43,2
16,3,0,0.9,44,9
16,3,0,0.9,45,8
16,3,0,0.9,46,8
16,3,0,0.9,47,1
16,3,0,0.9,48,10
16,3,0,0.9,49,4
16,3,0,0.9,50,4
16,3,0,0.9,51,13
16,3,0,0.9,52,3
16,3,0,0.9,53,1
16,3,0,0.9,54,4
16,3,0,0.9,55,4
16,3,0,0.9,56,14
16,3,0,0.9,57,1
16,3,0,0.9,59,4
16,3,0,0.9,60,8
16,3,1,0.5,0,115065
16,3,1,0.5,1,8892
16,3,1,0.5,2,2449
16,3,1,0.5,3,1173
16,3,1,0.5,4,674
16,3,1,0.5,5,481
16,3,1,0.5,6,334
16,3,1,0.5,7,244
16,3,1,0.5,8,196
16,3,1,0.5,9,172
16,3,1,0.5,10,163
16,3,1,0.5,11,121
16,3,1,0.5,12,119
16,3,1,0.5,13,97
16,3,1,0.5,14,94
16,3,1,0.5,15,78
16,3,1,0.5,16,67
16,3,1,0.5,17,71
16,3,1,0.5,18,48
16,3,1,0.5,19,50
16,3,1,0.5,20,38
16,3,1,0.5,21,32
16,3,1,0.5,22,40
16,3,1,0.5,23,22
16,3,1,0.5,24,35
16,3,1,0.5,25,30
16,3,1,0.5,26,41
16,3,1,0.5,27,27
16,3,1,0.5,28,21
16,3,1,0.5,29,14
16,3,1,0.5,30,16
16,3,1,0.5,31,19
16,3,1,0.5,32,17
16,3,1,0.5,33,20
16,3,1,0.5,34,14
16,3,1,0.5,35,8
16,3,1,0.5,36,6
16,3,1,0.5,37,13
16,3,1,0.5,38,5
16,3,1,0.5,39,7
16,3,1,0.5,40,3
16,3,1,0.5,41,8
16,3,1,0.5,42,8
16,3,1,0.5,43,2
16,3,1,0.5,44,7
16,3,1,0.5,45,5
16,3,1,0.5,46,4
16,3,1,0.5,47,3
16,3,1,0.5,48,4
16,3,1,0.5,49,2
16,3,1,0.5,50,3
16,3,1,0.5,51,2
16,3,1,0.5,52,2
16,3,1,0.5,53,2
16,3,1,0.5,54,2
16,3,1,0.5,55,1
16,3,1,0.5,56,1
16,3,2,0.15,0,77846
16,3,2,0.15,1,29681
16,3,2,0.15,2,13232
16,3,2,0.15,3,5821
16,3,2,0.15,4,2459
16,3,2,0.15,5,1059
16,3,2,0.15,6,447
16,3,2,0.15,7,254
16,3,2,0.15,8,111
16,3,2,0.15,9,83
16,3,2,0.15,10,42
16,3,2,0.15,11,16
16,3,2,0.15,12,9
16,3,2,0.15,13,7
16,3,2,0.15,14,3
16,3,2,0.15,15,2
16,4,0,0.9,0,122735
16,4,0,0.9,1,4133
16,4,0,0.9,2,1645
16,4,0,0.9,3,888
16,4,0,0.9,4,519
16,4,0,0.9,5,334
16,4,0,0.9,6,214
16,4,0,0.9,7,152
16,4,0,0.9,8,89
16,4,0,0.9,9,76
16,4,0,0.9,10,46
16,4,0,0.9,11,44
16,4,0,0.9,12,47
16,4,0,0.9,13,19
16,4,0,0.9,14,24
16,4,0,0.9,15,29
16,4,0,0.9,16,16
16,4,0,0.9,17,16
16,4,0,0.9,18,10
16,4,0,0.9,19,3
16,4,0,0.9,20,4
16,4,0,0.9,21,3
16,4,0,0.9,22,5
16,4,0,0.9,23,1
16,4,0,0.9,24,2
16,4,0,0.9,25,2
16,4,0,0.9,26,4
16,4,0,0.9,28,2
16,4,0,0.9,29,3
16,4,0,0.9,30,1
16,4,0,0.9,31,4
16,4,0,0.9,32,1
16,4,0,0.9,52,1
16,4,1,0.5,0,102044
16,4,1,0.5,1,15809
16,4,1,0.5,2,5564
16,4,1,0.5,3,2627
16,4,1,0.5,4,1436
16,4,1,0.5,5,933
16,4,1,0.5,6,602
16,4,1,0.5,7,458
16,4,1,0.5,8,308
16,4,1,0.5,9,259
16,4,1,0.5,10,187
16,4,1,0.5,11,167
16,4,1,0.5,12,109
16,4,1,0.5,13,91
16,4,1,0.5,14,91
16,4,1,0.5,15,62
16,4,1,0.5,16,48
16,4,1,0.5,17,42
16,4,1,0.5,18,46
16,4,1,0.5,19,34
16,4,1,0.5,20,27
16,4,1,0.5,21,18
16,4,1,0.5,22,24
16,4,1,0.5,23,16
16,4,1,0.5,24,13
16,4,1,0.5,25,15
16,4,1,0.5,26,12
16,4,1,0.5,27,9
16,4,1,0.5,28,4
16,4,1,0.5,29,4
16,4,1,0.5,30,1
16,4,1,0.5,31,3
16,4,1,0.5,32,1
16,4,1,0.5,33,3
16,4,1,0.5,34,2
16,4,1,0.5,36,1
16,4,1,0.5,38,1
16,4,1,0.5,40,1
16,4,2,0.15,0,73785
16,4,2,0.15,1,32084
16,4,2,0.15,2,14719
16,4,2,0.15,3,6321
16,4,2,0.15,4,2578
16,4,2,0.15,5,991
16,4,2,0.15,6,391
16,4,2,0.15,7,117
16,4,2,0.15,8,54
16,4,2,0.15,9,17
16,4,2,0.15,10,13
16,4,2,0.15,11,2
16,5,0,0.9,0,118474
16,5,0,0.9,1,7865
16,5,0,0.9,2,2302
16,5,0,0.9,3,1003
16,5,0,0.9,4,483
16,5,0,0.9,5,280
16,5,0,0.9,6,202
16,5,0,0.9,7,142
16,5,0,0.9,8,92
16,5,0,0.9,9,63
16,5,0,0.9,10,38
16,5,0,0.9,11,42
16,5,0,0.9,12,15
16,5,0,0.9,13,14
16,5,0,0.9,14,15
16,5,0,0.9,15,6
16,5,0,0.9,16,5
16,5,0,0.9,17,9
16,5,0,0.9,18,8
16,5,0,0.9,19,7
16,5,0,0.9,20,1
16,5,0,0.9,21,2
16,5,0,0.9,22,1
16,5,0,0.9,23,1
16,5,0,0.9,24,2
16,5,1,0.5,0,85074
16,5,1,0.5,1,22700
16,5,1,0.5,2,9858
16,5,1,0.5,3,5034
16,5,1,0.5,4,2900
16,5,1,0.5,5,1679
16,5,1,0.5,6,1024
16,5,1,0.5,7,784
16,5,1,0.5,8,529
16,5,1,0.5,9,444
16,5,1,0.5,10,272
16,5,1,0.5,11,189
16,5,1,0.5,12,136
16,5,1,0.5,13,115
16,5,1,0.5,14,89
16,5,1,0.5,15,58
16,5,1,0.5,16,47
16,5,1,0.5,17,44
16,5,1,0.5,18,19
16,5,1,0.5,19,25
16,5,1,0.5,20,12
16,5,1,0.5,21,9
16,5,1,0.5,22,3
16,5,1,0.5,23,6
16,5,1,0.5,24,8
16,5,1,0.5,25,4
16,5,1,0.5,26,2
16,5,1,0.5,27,2
16,5,1,0.5,28,2
16,5,1,0.5,29,3
16,5,1,0.5,31,1
16,5,2,0.15,0,72558
16,5,2,0.15,1,32708
16,5,2,0.15,2,15152
16,5,2,0.15,3,6431
16,5,2,0.15,4,2575
16,5,2,0.15,5,996
16,5,2,0.15,6,372
16,5,2,0.15,7,175
16,5,2,0.15,8,62
16,5,2,0.15,9,20
16,5,2,0.15,10,12
16,5,2,0.15,11,3
16,5,2,0.15,12,4
16,5,2,0.15,13,2
16,5,2,0.15,14,1
16,5,2,0.15,17,1
16,6,0,0.9,0,110324
16,6,0,0.9,1,12592
16,6,0,0.9,2,3872
16,6,0,0.9,3,1768
16,6,0,0.9,4,896
16,6,0,0.9,5,521
16,6,0,0.9,6,297
16,6,0,0.9,7,205
16,6,0,0.9,8,159
16,6,0,0.9,9,101
16,6,0,0.9,10,64
16,6,0,0.9,11,55
16,6,0,0.9,12,33
16,6,0,0.9,13,36
16,6,0,0.9,14,20
16,6,0,0.9,15,20
16,6,0,0.9,16,17
16,6,0,0.9,17,13
16,6,0,0.9,18,9
16,6,0,0.9,19,8
16,6,0,0.9,20,4
16,6,0,0.9,21,3
16,6,0,0.9,22,4
16,6,0,0.9,23,4
16,6,0,0.9,24,8
16,6,0,0.9,25,5
16,6,0,0.9,26,5
16,6,0,0.9,27,3
16,6,0,0.9,28,3
16,6,0,0.9,29,3
16,6,0,0.9,30,2
16,6,0,0.9,31,3
16,6,0,0.9,32,2
16,6,0,0.9,34,1
16,6,0,0.9,35,3
16,6,0,0.9,37,1
16,6,0,0.9,39,3
16,6,0,0.9,42,2
16,6,0,0.9,48,1
16,6,0,0.9,50,2
16,6,1,0.5,0,89822
16,6,1,0.5,1,22188
16,6,1,0.5,2,9052
16,6,1,0.5,3,4306
16,6,1,0.5,4,2253
16,6,1,0.5,5,1321
16,6,1,0.5,6,728
16,6,1,0.5,7,399
16,6,1,0.5,8,321
16,6,1,0.5,9,206
16,6,1,0.5,10,146
16,6,1,0.5,11,89
16,6,1,0.5,12,72
16,6,1,0.5,13,35
16,6,1,0.5,14,32
16,6,1,0.5,15,27
16,6,1,0.5,16,22
16,6,1,0.5,17,9
16,6,1,0.5,18,10
16,6,1,0.5,19,9
16,6,1,0.5,20,6
16,6,1,0.5,21,1
16,6,1,0.5,22,1
16,6,1,0.5,23,2
16,6,1,0.5,24,1
16,6,1,0.5,25,3
16,6,1,0.5,26,2
16,6,1,0.5,27,1
16,6,1,0.5,28,3
16,6,1,0.5,30,2
16,6,1,0.5,32,1
16,6,1,0.5,33,1
16,6,1,0.5,37,1
16,6,2,0.15,0,77416
16,6,2,0.15,1,31271
16,6,2,0.15,2,13638
16,6,2,0.15,3,5622
16,6,2,0.15,4,2010
16,6,2,0.15,5,710
16,6,2,0.15,6,251
16,6,2,0.15,7,92
16,6,2,0.15,8,40
16,6,2,0.15,9,16
16,6,2,0.15,10,5
16,6,2,0.15,11,1
16,7,0,0.9,0,101306
16,7,0,0.9,1,18257
16,7,0,0.9,2,6099
16,7,0,0.9,3,2523
16,7,0,0.9,4,1256
16,7,0,0.9,5,650
16,7,0,0.9,6,372
16,7,0,0.9,7,211
16,7,0,0.9,8,125
16,7,0,0.9,9,93
16,7,0,0.9,10,57
16,7,0,0.9,11,36
16,7,0,0.9,12,33
16,7,0,0.9,13,13
16,7,0,0.9,14,12
16,7,0,0.9,15,8
16,7,0,0.9,16,7
16,7,0,0.9,17,4
16,7,0,0.9,18,3
16,7,0,0.9,19,2
16,7,0,0.9,20,1
16,7,0,0.9,21,1
16,7,0,0.9,23,1
16,7,0,0.9,24,1
16,7,0,0.9,25,1
16,7,1,0.5,0,76757
16,7,1,0.5,1,27007
16,7,1,0.5,2,12874
16,7,1,0.5,3,6441
16,7,1,0.5,4,3511
16,7,1,0.5,5,1857
16,7,1,0.5,6,1058
16,7,1,0.5,7,627
16,7,1,0.5,8,358
16,7,1,0.5,9,199
16,7,1,0.5,10,140
16,7,1,0.5,11,93
16,7,1,0.5,12,52
16,7,1,0.5,13,28
16,7,1,0.5,14,24
16,7,1,0.5,15,22
16,7,1,0.5,16,9
16,7,1,0.5,17,1
16,7,1,0.5,18,5
16,7,1,0.5,19,4
16,7,1,0.5,23,4
16,7,1,0.5,24,1
16,7,2,0.15,0,70927
16,7,2,0.15,1,33107
16,7,2,0.15,2,15286
16,7,2,0.15,3,6668
16,7,2,0.15,4,2923
16,7,2,0.15,5,1222
16,7,2,0.15,6,500
16,7,2,0.15,7,219
16,7,2,0.15,8,93
16,7,2,0.15,9,48
16,7,2,0.15,10,34
16,7,2,0.15,11,16
16,7,2,0.15,12,14
16,7,2,0.15,13,8
16,7,2,0.15,14,3
16,7,2,0.15,15,3
16,7,2,0.15,16,1
16,8,0,0.9,0,95885
16,8,0,0.9,1,19221
16,8,0,0.9,2,7424
16,8,0,0.9,3,3563
16,8,0,0.9,4,1853
16,8,0,0.9,5,1019
16,8,0,0.9,6,598
16,8,0,0.9,7,431
16,8,0,0.9,8,268
16,8,0,0.9,9,201
16,8,0,0.9,10,133
16,8,0,0.9,11,76
16,8,0,0.9,12,78
16,8,0,0.9,13,51
16,8,0,0.9,14,37
16,8,0,0.9,15,40
16,8,0,0.9,16,34
16,8,0,0.9,17,27
16,8,0,0.9,18,20
16,8,0,0.9,19,14
16,8,0,0.9,20,16
16,8,0,0.9,21,9
16,8,0,0.9,22,11
16,8,0,0.9,23,9
16,8,0,0.9,24,6
16,8,0,0.9,25,3
16,8,0,0.9,26,5
16,8,0,0.9,27,2
16,8,0,0.9,28,7
16,8,0,0.9,29,3
16,8,0,0.9,30,3
16,8,0,0.9,31,5
16,8,0,0.9,32,4
16,8,0,0.9,33,1
16,8,0,0.9,34,3
16,8,0,0.9,35,1
16,8,0,0.9,36,1
16,8,0,0.9,38,2
16,8,0,0.9,40,3
16,8,0,0.9,41,2
16,8,0,0.9,46,1
16,8,0,0.9,47,1
16,8,0,0.9,48,1
16,8,1,0.5,0,86418
16,8,1,0.5,1,23582
16,8,1,0.5,2,9825
16,8,1,0.5,3,4798
16,8,1,0.5,4,2574
16,8,1,0.5,5,1415
16,8,1,0.5,6,855
16,8,1,0.5,7,540
16,8,1,0.5,8,379
16,8,1,0.5,9,210
16,8,1,0.5,10,146
16,8,1,0.5,11,92
16,8,1,0.5,12,64
16,8,1,0.5,13,42
16,8,1,0.5,14,37
16,8,1,0.5,15,29
16,8,1,0.5,16,13
16,8,1,0.5,17,21
16,8,1,0.5,18,10
16,8,1,0.5,19,4
16,8,1,0.5,20,2
16,8,1,0.5,21,6
16,8,1,0.5,22,5
16,8,1,0.5,23,2
16,8,1,0.5,24,1
16,8,1,0.5,25,1
16,8,1,0.5,26,1
16,8,2,0.15,0,81433
16,8,2,0.15,1,29499
16,8,2,0.15,2,12058
16,8,2,0.15,3,4799
16,8,2,0.15,4,2028
16,8,2,0.15,5,753
16,8,2,0.15,6,270
16,8,2,0.15,7,119
16,8,2,0.15,8,59
16,8,2,0.15,9,26
16,8,2,0.15,10,13
16,8,2,0.15,11,7
16,8,2,0.15,12,2
16,8,2,0.15,13,3
16,8,2,0.15,14,1
16,8,2,0.15,16,1
16,8,2,0.15,17,1
16,9,0,0.9,0,99685
16,9,0,0.9,1,17220
16,9,0,0.9,2,6402
16,9,0,0.9,3,3039
16,9,0,0.9,4,1583
16,9,0,0.9,5,999
16,9,0,0.9,6,647
16,9,0,0.9,7,388
16,9,0,0.9,8,283
16,9,0,0.9,9,187
16,9,0,0.9,10,160
16,9,0,0.9,11,105
16,9,0,0.9,12,90
16,9,0,0.9,13,72
16,9,0,0.9,14,43
16,9,0,0.9,15,30
16,9,0,0.9,16,26
16,9,0,0.9,17,24
16,9,0,0.9,18,22
16,9,0,0.9,19,15
16,9,0,0.9,20,10
16,9,0,0.9,21,6
16,9,0,0.9,22,5
16,9,0,0.9,23,4
16,9,0,0.9,24,2
16,9,0,0.9,25,3
16,9,0,0.9,26,7
16,9,0,0.9,27,4
16,9,0,0.9,28,1
16,9,0,0.9,29,1
16,9,0,0.9,32,2
16,9,0,0.9,33,2
16,9,0,0.9,34,1
16,9,0,0.9,35,1
16,9,0,0.9,36,1
16,9,0,0.9,40,1
16,9,0,0.9,51,1
16,9,1,0.5,0,87682
16,9,1,0.5,1,23497
16,9,1,0.5,2,9631
16,9,1,0.5,3,4533
16,9,1,0.5,4,2390
16,9,1,0.5,5,1326
16,9,1,0.5,6,783
16,9,1,0.5,7,457
16,9,1,0.5,8,266
16,9,1,0.5,9,177
16,9,1,0.5,10,118
16,9,1,0.5,11,85
16,9,1,0.5,12,47
16,9,1,0.5,13,33
16,9,1,0.5,14,25
16,9,1,0.5,15,8
16,9,1,0.5,16,3
16,9,1,0.5,17,7
16,9,1,0.5,18,2
16,9,1,0.5,19,1
16,9,1,0.5,21,1
16,9,2,0.15,0,85109
16,9,2,0.15,1,28353
16,9,2,0.15,2,10711
16,9,2,0.15,3,4080
16,9,2,0.15,4,1645
16,9,2,0.15,5,689
16,9,2,0.15,6,255
16,9,2,0.15,7,121
16,9,2,0.15,8,64
16,9,2,0.15,9,25
16,9,2,0.15,10,7
16,9,2,0.15,11,5
16,9,2,0.15,12,4
16,9,2,0.15,13,2
16,9,2,0.15,14,2
16,10,0,0.9,0,96169
16,10,0,0.9,1,20548
16,10,0,0.9,2,7281
16,10,0,0.9,3,3248
16,10,0,0.9,4,1628
16,10,0,0.9,5,846
16,10,0,0.9,6,479
16,10,0,0.9,7,289
16,10,0,0.9,8,193
16,10,0,0.9,9,132
16,10,0,0.9,10,74
16,10,0,0.9,11,51
16,10,0,0.9,12,36
16,10,0,0.9,13,22
16,10,0,0.9,14,14
16,10,0,0.9,15,11
16,10,0,0.9,16,13
16,10,0,0.9,17,14
16,10,0,0.9,18,5
16,10,0,0.9,19,5
16,10,0,0.9,20,1
16,10,0,0.9,21,5
16,10,0,0.9,22,5
16,10,0,0.9,24,2
16,10,0,0.9,25,1
16,10,1,0.5,0,73970
16,10,1,0.5,1,27533
16,10,1,0.5,2,13215
16,10,1,0.5,3,6874
16,10,1,0.5,4,3866
16,10,1,0.5,5,2173
16,10,1,0.5,6,1289
16,10,1,0.5,7,781
16,10,1,0.5,8,499
16,10,1,0.5,9,304
16,10,1,0.5,10,209
16,10,1,0.5,11,115
16,10,1,0.5,12,78
16,10,1,0.5,13,53
16,10,1,0.5,14,32
16,10,1,0.5,15,25
16,10,1,0.5,16,18
16,10,1,0.5,17,17
16,10,1,0.5,18,6
16,10,1,0.5,19,4
16,10,1,0.5,20,4
16,10,1,0.5,21,3
16,10,1,0.5,22,2
16,10,1,0.5,24,1
16,10,1,0.5,26,1
16,10,2,0.15,0,70556
16,10,2,0.15,1,32315
16,10,2,0.15,2,15478
16,10,2,0.15,3,7186
16,10,2,0.15,4,3173
16,10,2,0.15,5,1356
16,10,2,0.15,6,551
16,10,2,0.15,7,281
16,10,2,0.15,8,106
16,10,2,0.15,9,35
16,10,2,0.15,10,23
16,10,2,0.15,11,7
16,10,2,0.15,12,4
16,10,2,0.15,13,1
16,11,0,0.9,0,97965
16,11,0,0.9,1,17482
16,11,0,0.9,2,6852
16,11,0,0.9,3,3362
16,11,0,0.9,4,1845
16,11,0,0.9,5,1122
16,11,0,0.9,6,728
16,11,0,0.9,7,525
16,11,0,0.9,8,340
16,11,0,0.9,9,230
16,11,0,0.9,10,163
16,11,0,0.9,11,132
16,11,0,0.9,12,98
16,11,0,0.9,13,56
16,11,0,0.9,14,49
16,11,0,0.9,15,23
16,11,0,0.9,16,24
16,11,0,0.9,17,16
16,11,0,0.9,18,13
16,11,0,0.9,19,9
16,11,0,0.9,20,11
16,11,0,0.9,21,4
16,11,0,0.9,22,5
16,11,0,0.9,23,3
16,11,0,0.9,24,4
16,11,0,0.9,25,3
16,11,0,0.9,26,5
16,11,0,0.9,28,1
16,11,0,0.9,29,2
16,11,1,0.5,0,85383
16,11,1,0.5,1,24180
16,11,1,0.5,2,10279
16,11,1,0.5,3,5000
16,11,1,0.5,4,2731
16,11,1,0.5,5,1455
16,11,1,0.5,6,854
16,11,1,0.5,7,483
16,11,1,0.5,8,270
16,11,1,0.5,9,165
16,11,1,0.5,10,95
16,11,1,0.5,11,66
16,11,1,0.5,12,27
16,11,1,0.5,13,31
16,11,1,0.5,14,18
16,11,1,0.5,15,12
16,11,1,0.5,16,11
16,11,1,0.5,17,3
16,11,1,0.5,18,2
16,11,1,0.5,19,2
16,11,1,0.5,20,1
16,11,1,0.5,21,1
16,11,1,0.5,22,2
16,11,1,0.5,23,1
16,11,2,0.15,0,80383
16,11,2,0.15,1,30161
16,11,2,0.15,2,12763
16,11,2,0.15,3,4984
16,11,2,0.15,4,1788
16,11,2,0.15,5,628
16,11,2,0.15,6,233
16,11,2,0.15,7,73
16,11,2,0.15,8,18
16,11,2,0.15,9,18
16,11,2,0.15,10,7
16,11,2,0.15,11,7
16,11,2,0.15,12,3
16,11,2,0.15,13,2
16,11,2,0.15,14,1
16,11,2,0.15,15,1
16,11,2,0.15,16,1
16,11,2,0.15,17,1
16,12,0,0.9,0,94991
16,12,0,0.9,1,18420
16,12,0,0.9,2,7437
16,12,0,0.9,3,3779
16,12,0,0.9,4,2182
16,12,0,0.9,5,1357
16,12,0,0.9,6,846
16,12,0,0.9,7,549
16,12,0,0.9,8,457
16,12,0,0.9,9,293
16,12,0,0.9,10,233
16,12,0,0.9,11,137
16,12,0,0.9,12,101
16,12,0,0.9,13,58
16,12,0,0.9,14,47
16,12,0,0.9,15,44
16,12,0,0.9,16,26
16,12,0,0.9,17,23
16,12,0,0.9,18,23
16,12,0,0.9,19,16
16,12,0,0.9,20,12
16,12,0,0.9,21,12
16,12,0,0.9,22,5
16,12,0,0.9,23,4
16,12,0,0.9,24,3
16,12,0,0.9,25,6
16,12,0,0.9,27,4
16,12,0,0.9,28,1
16,12,0,0.9,29,1
16,12,0,0.9,30,2
16,12,0,0.9,31,2
16,12,0,0.9,36,1
16,12,1,0.5,0,82150
16,12,1,0.5,1,25756
16,12,1,0.5,2,11272
16,12,1,0.5,3,5397
16,12,1,0.5,4,2811
16,12,1,0.5,5,1450
16,12,1,0.5,6,886
16,12,1,0.5,7,494
16,12,1,0.5,8,324
16,12,1,0.5,9,188
16,12,1,0.5,10,124
16,12,1,0.5,11,81
16,12,1,0.5,12,50
16,12,1,0.5,13,31
16,12,1,0.5,14,20
16,12,1,0.5,15,6
16,12,1,0.5,16,11
16,12,1,0.5,17,7
16,12,1,0.5,18,4
16,12,1,0.5,19,4
16,12,1,0.5,20,2
16,12,1,0.5,21,3
16,12,1,0.5,22,1
16,12,2,0.15,0,78821
16,12,2,0.15,1,30016
16,12,2,0.15,2,13071
16,12,2,0.15,3,5485
16,12,2,0.15,4,2169
16,12,2,0.15,5,898
16,12,2,0.15,6,348
16,12,2,0.15,7,156
16,12,2,0.15,8,69
16,12,2,0.15,9,21
16,12,2,0.15,10,9
16,12,2,0.15,11,6
16,12,2,0.15,12,2
16,12,2,0.15,13,1
16,13,0,0.9,0,95776
16,13,0,0.9,1,19650
16,13,0,0.9,2,7296
16,13,0,0.9,3,3497
16,13,0,0.9,4,1771
16,13,0,0.9,5,1074
16,13,0,0.9,6,618
16,13,0,0.9,7,421
16,13,0,0.9,8,279
16,13,0,0.9,9,177
16,13,0,0.9,10,123
16,13,0,0.9,11,91
16,13,0,0.9,12,79
16,13,0,0.9,13,46
16,13,0,0.9,14,46
16,13,0,0.9,15,29
16,13,0,0.9,16,22
16,13,0,0.9,17,11
16,13,0,0.9,18,17
16,13,0,0.9,19,12
16,13,0,0.9,20,7
16,13,0,0.9,21,3
16,13,0,0.9,22,1
16,13,0,0.9,23,4
16,13,0,0.9,24,6
16,13,0,0.9,25,4
16,13,0,0.9,26,1
16,13,0,0.9,27,1
16,13,0,0.9,28,4
16,13,0,0.9,29,2
16,13,0,0.9,34,1
16,13,0,0.9,35,1
16,13,0,0.9,37,1
16,13,0,0.9,51,1
16,13,1,0.5,0,70098
16,13,1,0.5,1,28072
16,13,1,0.5,2,14222
16,13,1,0.5,3,7728
16,13,1,0.5,4,4442
16,13,1,0.5,5,2546
16,13,1,0.5,6,1489
16,13,1,0.5,7,940
16,13,1,0.5,8,549
16,13,1,0.5,9,334
16,13,1,0.5,10,237
16,13,1,0.5,11,150
16,13,1,0.5,12,93
16,13,1,0.5,13,58
16,13,1,0.5,14,43
16,13,1,0.5,15,22
16,13,1,0.5,16,21
16,13,1,0.5,17,9
16,13,1,0.5,18,4
16,13,1,0.5,19,4
16,13,1,0.5,20,1
16,13,1,0.5,21,2
16,13,1,0.5,22,4
16,13,1,0.5,23,2
16,13,1,0.5,24,1
16,13,1,0.5,25,1
16,13,2,0.15,0,67727
16,13,2,0.15,1,33317
16,13,2,0.15,2,16382
16,13,2,0.15,3,7697
16,13,2,0.15,4,3515
16,13,2,0.15,5,1447
16,13,2,0.15,6,565
16,13,2,0.15,7,247
16,13,2,0.15,8,99
16,13,2,0.15,9,48
16,13,2,0.15,10,13
16,13,2,0.15,11,8
16,13,2,0.15,12,4
16,13,2,0.15,13,1
16,13,2,0.15,14,1
16,13,2,0.15,15,1
16,14,0,0.9,0,95393
16,14,0,0.9,1,17979
16,14,0,0.9,2,7377
16,14,0,0.9,3,3828
16,14,0,0.9,4,2111
16,14,0,0.9,5,1361
16,14,0,0.9,6,869
16,14,0,0.9,7,575
16,14,0,0.9,8,417
16,14,0,0.9,9,291
16,14,0,0.9,10,201
16,14,0,0.9,11,166
16,14,0,0.9,12,129
16,14,0,0.9,13,84
16,14,0,0.9,14,61
16,14,0,0.9,15,38
16,14,0,0.9,16,37
16,14,0,0.9,17,40
16,14,0,0.9,18,32
16,14,0,0.9,19,14
16,14,0,0.9,20,9
16,14,0,0.9,21,7
16,14,0,0.9,22,16
16,14,0,0.9,23,8
16,14,0,0.9,24,3
16,14,0,0.9,25,6
16,14,0,0.9,26,3
16,14,0,0.9,28,4
16,14,0,0.9,29,1
16,14,0,0.9,30,3
16,14,0,0.9,31,1
16,14,0,0.9,32,2
16,14,0,0.9,33,1
16,14,0,0.9,34,1
16,14,0,0.9,35,2
16,14,0,0.9,38,2
16,14,1,0.5,0,81382
16,14,1,0.5,1,25903
16,14,1,0.5,2,11558
16,14,1,0.5,3,5584
16,14,1,0.5,4,3006
16,14,1,0.5,5,1539
16,14,1,0.5,6,817
16,14,1,0.5,7,513
16,14,1,0.5,8,294
16,14,1,0.5,9,189
16,14,1,0.5,10,86
16,14,1,0.5,11,73
16,14,1,0.5,12,46
16,14,1,0.5,13,29
16,14,1,0.5,14,14
16,14,1,0.5,15,16
16,14,1,0.5,16,10
16,14,1,0.5,17,4
16,14,1,0.5,18,3
16,14,1,0.5,19,3
16,14,1,0.5,20,3
16,14,2,0.15,0,75561
16,14,2,0.15,1,31190
16,14,2,0.15,2,14156
16,14,2,0.15,3,6124
16,14,2,0.15,4,2454
16,14,2,0.15,5,961
16,14,2,0.15,6,380
16,14,2,0.15,7,139
16,14,2,0.15,8,62
16,14,2,0.15,9,27
16,14,2,0.15,10,8
16,14,2,0.15,11,5
16,14,2,0.15,12,2
16,14,2,0.15,13,1
16,14,2,0.15,15,2
16,15,0,0.9,0,98113
16,15,0,0.9,1,17002
16,15,0,0.9,2,6757
16,15,0,0.9,3,3382
16,15,0,0.9,4,1907
16,15,0,0.9,5,1168
16,15,0,0.9,6,749
16,15,0,0.9,7,500
16,15,0,0.9,8,371
16,15,0,0.9,9,262
16,15,0,0.9,10,205
16,15,0,0.9,11,150
16,15,0,0.9,12,96
16,15,0,0.9,13,80
16,15,0,0.9,14,61
16,15,0,0.9,15,58
16,15,0,0.9,16,44
16,15,0,0.9,17,22
16,15,0,0.9,18,27
16,15,0,0.9,19,16
16,15,0,0.9,20,11
16,15,0,0.9,21,10
16,15,0,0.9,22,8
16,15,0,0.9,23,16
16,15,0,0.9,24,7
16,15,0,0.9,25,10
16,15,0,0.9,26,8
16,15,0,0.9,27,6
16,15,0,0.9,28,6
16,15,0,0.9,29,3
16,15,0,0.9,30,4
16,15,0,0.9,31,3
16,15,0,0.9,32,1
16,15,0,0.9,33,2
16,15,0,0.9,34,1
16,15,0,0.9,36,1
16,15,0,0.9,38,1
16,15,0,0.9,39,1
16,15,0,0.9,40,1
16,15,0,0.9,41,1
16,15,0,0.9,45,1
16,15,1,0.5,0,76355
16,15,1,0.5,1,27219
16,15,1,0.5,2,13137
16,15,1,0.5,3,6587
16,15,1,0.5,4,3471
16,15,1,0.5,5,1976
16,15,1,0.5,6,1026
16,15,1,0.5,7,542
16,15,1,0.5,8,315
16,15,1,0.5,9,192
16,15,1,0.5,10,110
16,15,1,0.5,11,46
16,15,1,0.5,12,29
16,15,1,0.5,13,24
16,15,1,0.5,14,13
16,15,1,0.5,15,4
16,15,1,0.5,16,7
16,15,1,0.5,17,6
16,15,1,0.5,18,5
16,15,1,0.5,19,3
16,15,1,0.5,20,2
16,15,1,0.5,24,1
16,15,1,0.5,25,1
16,15,1,0.5,31,1
16,15,2,0.15,0,67517
16,15,2,0.15,1,33835
16,15,2,0.15,2,16793
16,15,2,0.15,3,7739
16,15,2,0.15,4,3208
16,15,2,0.15,5,1271
16,15,2,0.15,6,451
16,15,2,0.15,7,161
16,15,2,0.15,8,61
16,15,2,0.15,9,26
16,15,2,0.15,10,7
16,15,2,0.15,11,1
16,15,2,0.15,12,1
16,15,2,0.15,13,1
16,16,0,0.9,0,97317
16,16,0,0.9,1,18155
16,16,0,0.9,2,6967
16,16,0,0.9,3,3378
16,16,0,0.9,4,1861
16,16,0,0.9,5,1058
16,16,0,0.9,6,671
16,16,0,0.9,7,492
16,16,0,0.9,8,307
16,16,0,0.9,9,214
16,16,0,0.9,10,148
16,16,0,0.9,11,125
16,16,0,0.9,12,79
16,16,0,0.9,13,45
16,16,0,0.9,14,44
16,16,0,0.9,15,40
16,16,0,0.9,16,23
16,16,0,0.9,17,20
16,16,0,0.9,18,15
16,16,0,0.9,19,18
16,16,0,0.9,20,18
16,16,0,0.9,21,6
16,16,0,0.9,22,5
16,16,0,0.9,23,10
16,16,0,0.9,24,6
16,16,0,0.9,25,6
16,16,0,0.9,26,3
16,16,0,0.9,27,6
16,16,0,0.9,28,4
16,16,0,0.9,29,4
16,16,0,0.9,30,2
16,16,0,0.9,31,3
16,16,0,0.9,32,2
16,16,0,0.9,33,1
16,16,0,0.9,34,2
16,16,0,0.9,35,3
16,16,0,0.9,36,1
16,16,0,0.9,37,1
16,16,0,0.9,38,1
16,16,0,0.9,40,3
16,16,0,0.9,41,1
16,16,0,0.9,46,2
16,16,0,0.9,47,1
16,16,0,0.9,50,1
16,16,0,0.9,52,1
16,16,0,0.9,54,1
16,16,0,0.9,60,1
16,16,1,0.5,0,73724
16,16,1,0.5,1,26719
16,16,1,0.5,2,13473
16,16,1,0.5,3,7457
16,16,1,0.5,4,4172
16,16,1,0.5,5,2281
16,16,1,0.5,6,1299
16,16,1,0.5,7,792
16,16,1,0.5,8,427
16,16,1,0.5,9,295
16,16,1,0.5,10,182
16,16,1,0.5,11,106
16,16,1,0.5,12,58
16,16,1,0.5,13,36
16,16,1,0.5,14,14
16,16,1,0.5,15,16
16,16,1,0.5,16,7
16,16,1,0.5,17,2
16,16,1,0.5,18,3
16,16,1,0.5,19,2
16,16,1,0.5,20,1
16,16,1,0.5,21,2
16,16,1,0.5,22,3
16,16,1,0.5,23,1
16,16,2,0.15,0,68564
16,16,2,0.15,1,31169
16,16,2,0.15,2,16419
16,16,2,0.15,3,8129
16,16,2,0.15,4,3879
16,16,2,0.15,5,1713
16,16,2,0.15,6,689
16,16,2,0.15,7,323
16,16,2,0.15,8,114
16,16,2,0.15,9,37
16,16,2,0.15,10,23
16,16,2,0.15,11,8
16,16,2,0.15,12,5
16,17,0,0.9,0,96230
16,17,0,0.9,1,17560
16,17,0,0.9,2,7145
16,17,0,0.9,3,3795
16,17,0,0.9,4,2188
16,17,0,0.9,5,1356
16,17,0,0.9,6,830
16,17,0,0.9,7,573
16,17,0,0.9,8,392
16,17,0,0.9,9,268
16,17,0,0.9,10,203
16,17,0,0.9,11,132
16,17,0,0.9,12,78
16,17,0,0.9,13,87
16,17,0,0.9,14,62
16,17,0,0.9,15,37
16,17,0,0.9,16,34
16,17,0,0.9,17,23
16,17,0,0.9,18,20
16,17,0,0.9,19,15
16,17,0,0.9,20,9
16,17,0,0.9,21,7
16,17,0,0.9,22,7
16,17,0,0.9,23,10
16,17,0,0.9,25,1
16,17,0,0.9,26,3
16,17,0,0.9,27,2
16,17,0,0.9,28,2
16,17,0,0.9,32,1
16,17,0,0.9,33,1
16,17,0,0.9,46,1
16,17,1,0.5,0,70729
16,17,1,0.5,1,28572
16,17,1,0.5,2,14620
16,17,1,0.5,3,7749
16,17,1,0.5,4,4258
16,17,1,0.5,5,2330
16,17,1,0.5,6,1256
16,17,1,0.5,7,654
16,17,1,0.5,8,375
16,17,1,0.5,9,216
16,17,1,0.5,10,123
16,17,1,0.5,11,81
16,17,1,0.5,12,40
16,17,1,0.5,13,22
16,17,1,0.5,14,14
16,17,1,0.5,15,17
16,17,1,0.5,16,2
16,17,1,0.5,18,5
16,17,1,0.5,19,4
16,17,1,0.5,20,3
16,17,1,0.5,21,1
16,17,1,0.5,27,1
16,17,2,0.15,0,65199
16,17,2,0.15,1,33939
16,17,2,0.15,2,17687
16,17,2,0.15,3,8431
16,17,2,0.15,4,3539
16,17,2,0.15,5,1434
16,17,2,0.15,6,540
16,17,2,0.15,7,181
16,17,2,0.15,8,79
16,17,2,0.15,9,27
16,17,2,0.15,10,9
16,17,2,0.15,11,2
16,17,2,0.15,12,4
16,17,2,0.15,14,1
16,18,0,0.9,0,97442
16,18,0,0.9,1,17577
16,18,0,0.9,2,6942
16,18,0,0.9,3,3391
16,18,0,0.9,4,1871
16,18,0,0.9,5,1185
16,18,0,0.9,6,757
16,18,0,0.9,7,517
16,18,0,0.9,8,353
16,18,0,0.9,9,256
16,18,0,0.9,10,190
16,18,0,0.9,11,118
16,18,0,0.9,12,97
16,18,0,0.9,13,54
16,18,0,0.9,14,50
16,18,0,0.9,15,33
16,18,0,0.9,16,30
16,18,0,0.9,17,37
16,18,0,0.9,18,33
16,18,0,0.9,19,31
16,18,0,0.9,20,15
16,18,0,0.9,21,14
16,18,0,0.9,22,15
16,18,0,0.9,23,10
16,18,0,0.9,24,6
16,18,0,0.9,25,11
16,18,0,0.9,26,4
16,18,0,0.9,27,8
16,18,0,0.9,28,4
16,18,0,0.9,29,2
16,18,0,0.9,30,3
16,18,0,0.9,31,4
16,18,0,0.9,32,4
16,18,0,0.9,33,2
16,18,0,0.9,34,1
16,18,0,0.9,36,1
16,18,0,0.9,37,1
16,18,0,0.9,39,1
16,18,0,0.9,40,1
16,18,0,0.9,49,1
16,18,1,0.5,0,75817
16,18,1,0.5,1,26890
16,18,1,0.5,2,13009
16,18,1,0.5,3,6980
16,18,1,0.5,4,3702
16,18,1,0.5,5,2077
16,18,1,0.5,6,1165
16,18,1,0.5,7,586
16,18,1,0.5,8,356
16,18,1,0.5,9,179
16,18,1,0.5,10,120
16,18,1,0.5,11,75
16,18,1,0.5,12,33
16,18,1,0.5,13,27
16,18,1,0.5,14,18
16,18,1,0.5,15,8
16,18,1,0.5,16,10
16,18,1,0.5,17,4
16,18,1,0.5,18,4
16,18,1,0.5,19,5
16,18,1,0.5,21,1
16,18,1,0.5,22,1
16,18,1,0.5,23,1
16,18,1,0.5,24,1
16,18,1,0.5,25,1
16,18,1,0.5,27,1
16,18,1,0.5,34,1
16,18,2,0.15,0,70258
16,18,2,0.15,1,31391
16,18,2,0.15,2,15820
16,18,2,0.15,3,7743
16,18,2,0.15,4,3404
16,18,2,0.15,5,1484
16,18,2,0.15,6,625
16,18,2,0.15,7,216
16,18,2,0.15,8,78
16,18,2,0.15,9,37
16,18,2,0.15,10,11
16,18,2,0.15,11,1
16,18,2,0.15,12,3
16,18,2,0.15,17,1
16,19,0,0.9,0,99859
16,19,0,0.9,1,16384
16,19,0,0.9,2,6351
16,19,0,0.9,3,3288
16,19,0,0.9,4,1860
16,19,0,0.9,5,1030
16,19,0,0.9,6,686
16,19,0,0.9,7,457
16,19,0,0.9,8,333
16,19,0,0.9,9,234
16,19,0,0.9,10,140
16,19,0,0.9,11,113
16,19,0,0.9,12,79
16,19,0,0.9,13,60
16,19,0,0.9,14,57
16,19,0,0.9,15,32
16,19,0,0.9,16,21
16,19,0,0.9,17,18
16,19,0,0.9,18,15
16,19,0,0.9,19,14
16,19,0,0.9,20,8
16,19,0,0.9,21,5
16,19,0,0.9,22,9
16,19,0,0.9,23,1
16,19,0,0.9,24,3
16,19,0,0.9,25,1
16,19,0,0.9,26,2
16,19,0,0.9,27,3
16,19,0,0.9,28,1
16,19,0,0.9,29,1
16,19,0,0.9,30,3
16,19,0,0.9,33,1
16,19,0,0.9,35,1
16,19,0,0.9,37,1
16,19,0,0.9,39,1
16,19,1,0.5,0,64197
16,19,1,0.5,1,28882
16,19,1,0.5,2,16251
16,19,1,0.5,3,9170
16,19,1,0.5,4,5233
16,19,1,0.5,5,3109
16,19,1,0.5,6,1726
16,19,1,0.5,7,961
16,19,1,0.5,8,612
16,19,1,0.5,9,383
16,19,1,0.5,10,216
16,19,1,0.5,11,139
16,19,1,0.5,12,82
16,19,1,0.5,13,50
16,19,1,0.5,14,23
16,19,1,0.5,15,14
16,19,1,0.5,16,11
16,19,1,0.5,17,4
16,19,1,0.5,18,2
16,19,1,0.5,19,1
16,19,1,0.5,20,5
16,19,1,0.5,21,1
16,19,2,0.15,0,58905
16,19,2,0.15,1,33599
16,19,2,0.15,2,19769
16,19,2,0.15,3,10462
16,19,2,0.15,4,4908
16,19,2,0.15,5,2097
16,19,2,0.15,6,815
16,19,2,0.15,7,321
16,19,2,0.15,8,131
16,19,2,0.15,9,40
16,19,2,0.15,10,15
16,19,2,0.15,11,3
16,19,2,0.15,12,5
16,19,2,0.15,13,1
16,19,2,0.15,14,1
16,20,0,0.9,0,98607
16,20,0,0.9,1,16469
16,20,0,0.9,2,6631
16,20,0,0.9,3,3378
16,20,0,0.9,4,1902
16,20,0,0.9,5,1216
16,20,0,0.9,6,757
16,20,0,0.9,7,552
16,20,0,0.9,8,399
16,20,0,0.9,9,268
16,20,0,0.9,10,202
16,20,0,0.9,11,118
16,20,0,0.9,12,115
16,20,0,0.9,13,99
16,20,0,0.9,14,75
16,20,0,0.9,15,51
16,20,0,0.9,16,51
16,20,0,0.9,17,40
16,20,0,0.9,18,31
16,20,0,0.9,19,17
16,20,0,0.9,20,17
16,20,0,0.9,21,16
16,20,0,0.9,22,10
16,20,0,0.9,23,7
16,20,0,0.9,24,7
16,20,0,0.9,25,4
16,20,0,0.9,26,4
16,20,0,0.9,27,4
16,20,0,0.9,28,1
16,20,0,0.9,29,3
16,20,0,0.9,30,2
16,20,0,0.9,31,3
16,20,0,0.9,32,2
16,20,0,0.9,33,1
16,20,0,0.9,34,1
16,20,0,0.9,35,2
16,20,0,0.9,36,1
16,20,0,0.9,38,2
16,20,0,0.9,39,2
16,20,0,0.9,40,1
16,20,0,0.9,45,1
16,20,0,0.9,47,1
16,20,0,0.9,53,1
16,20,0,0.9,58,1
16,20,1,0.5,0,77059
16,20,1,0.5,1,26429
16,20,1,0.5,2,12824
16,20,1,0.5,3,6464
16,20,1,0.5,4,3634
16,20,1,0.5,5,2006
16,20,1,0.5,6,1087
16,20,1,0.5,7,640
16,20,1,0.5,8,367
16,20,1,0.5,9,227
16,20,1,0.5,10,121
16,20,1,0.5,11,75
16,20,1,0.5,12,48
16,20,1,0.5,13,29
16,20,1,0.5,14,18
16,20,1,0.5,15,9
16,20,1,0.5,16,12
16,20,1,0.5,17,6
16,20,1,0.5,18,2
16,20,1,0.5,19,4
16,20,1,0.5,20,1
16,20,1,0.5,21,2
16,20,1,0.5,22,1
16,20,1,0.5,24,1
16,20,1,0.5,25,1
16,20,1,0.5,26,2
16,20,1,0.5,27,2
16,20,1,0.5,33,1
16,20,2,0.15,0,69107
16,20,2,0.15,1,32702
16,20,2,0.15,2,16223
16,20,2,0.15,3,7620
16,20,2,0.15,4,3207
16,20,2,0.15,5,1353
16,20,2,0.15,6,539
16,20,2,0.15,7,208
16,20,2,0.15,8,70
16,20,2,0.15,9,25
16,20,2,0.15,10,11
16,20,2,0.15,11,7
16,21,0,0.9,0,98492
16,21,0,0.9,1,17252
16,21,0,0.9,2,6637
16,21,0,0.9,3,3263
16,21,0,0.9,4,1831
16,21,0,0.9,5,1144
16,21,0,0.9,6,716
16,21,0,0.9,7,483
16,21,0,0.9,8,329
16,21,0,0.9,9,225
16,21,0,0.9,10,154
16,21,0,0.9,11,115
16,21,0,0.9,12,90
16,21,0,0.9,13,64
16,21,0,0.9,14,51
16,21,0,0.9,15,40
16,21,0,0.9,16,35
16,21,0,0.9,17,24
16,21,0,0.9,18,20
16,21,0,0.9,19,19
16,21,0,0.9,20,12
16,21,0,0.9,21,13
16,21,0,0.9,22,5
16,21,0,0.9,23,6
16,21,0,0.9,24,8
16,21,0,0.9,25,7
16,21,0,0.9,26,4
16,21,0,0.9,27,4
16,21,0,0.9,28,5
16,21,0,0.9,29,2
16,21,0,0.9,30,6
16,21,0,0.9,31,2
16,21,0,0.9,32,1
16,21,0,0.9,33,1
16,21,0,0.9,34,2
16,21,0,0.9,35,1
16,21,0,0.9,39,1
16,21,0,0.9,40,1
16,21,0,0.9,42,2
16,21,0,0.9,44,1
16,21,0,0.9,46,1
16,21,0,0.9,47,1
16,21,0,0.9,49,1
16,21,0,0.9,51,1
16,21,1,0.5,0,71579
16,21,1,0.5,1,27881
16,21,1,0.5,2,14422
16,21,1,0.5,3,7737
16,21,1,0.5,4,4118
16,21,1,0.5,5,2355
16,21,1,0.5,6,1272
16,21,1,0.5,7,716
16,21,1,0.5,8,391
16,21,1,0.5,9,241
16,21,1,0.5,10,144
16,21,1,0.5,11,74
16,21,1,0.5,12,50
16,21,1,0.5,13,23
16,21,1,0.5,14,21
16,21,1,0.5,15,14
16,21,1,0.5,16,9
16,21,1,0.5,17,6
16,21,1,0.5,18,4
16,21,1,0.5,19,7
16,21,1,0.5,20,1
16,21,1,0.5,21,1
16,21,1,0.5,22,2
16,21,1,0.5,23,1
16,21,1,0.5,26,1
16,21,1,0.5,27,1
16,21,1,0.5,36,1
16,21,2,0.15,0,65583
16,21,2,0.15,1,33063
16,21,2,0.15,2,17694
16,21,2,0.15,3,8496
16,21,2,0.15,4,3807
16,21,2,0.15,5,1544
16,21,2,0.15,6,584
16,21,2,0.15,7,201
16,21,2,0.15,8,60
16,21,2,0.15,9,25
16,21,2,0.15,10,5
16,21,2,0.15,11,7
16,21,2,0.15,12,1
16,21,2,0.15,13,1
16,21,2,0.15,15,1
16,22,0,0.9,0,98986
16,22,0,0.9,1,17008
16,22,0,0.9,2,6319
16,22,0,0.9,3,3134
16,22,0,0.9,4,1839
16,22,0,0.9,5,1086
16,22,0,0.9,6,769
16,22,0,0.9,7,498
16,22,0,0.9,8,400
16,22,0,0.9,9,248
16,22,0,0.9,10,186
16,22,0,0.9,11,147
16,22,0,0.9,12,100
16,22,0,0.9,13,103
16,22,0,0.9,14,54
16,22,0,0.9,15,37
16,22,0,0.9,16,39
16,22,0,0.9,17,32
16,22,0,0.9,18,17
16,22,0,0.9,19,15
16,22,0,0.9,20,10
16,22,0,0.9,21,11
16,22,0,0.9,22,8
16,22,0,0.9,23,4
16,22,0,0.9,24,4
16,22,0,0.9,25,2
16,22,0,0.9,26,5
16,22,0,0.9,27,5
16,22,0,0.9,29,3
16,22,0,0.9,33,2
16,22,0,0.9,37,1
16,22,1,0.5,0,66131
16,22,1,0.5,1,29051
16,22,1,0.5,2,15680
16,22,1,0.5,3,8810
16,22,1,0.5,4,5055
16,22,1,0.5,5,2735
16,22,1,0.5,6,1578
16,22,1,0.5,7,846
16,22,1,0.5,8,501
16,22,1,0.5,9,285
16,22,1,0.5,10,160
16,22,1,0.5,11,88
16,22,1,0.5,12,64
16,22,1,0.5,13,36
16,22,1,0.5,14,19
16,22,1,0.5,15,11
16,22,1,0.5,16,11
16,22,1,0.5,17,6
16,22,1,0.5,18,1
16,22,1,0.5,19,2
16,22,1,0.5,22,1
16,22,1,0.5,24,1
16,22,2,0.15,0,61972
16,22,2,0.15,1,33540
16,22,2,0.15,2,18638
16,22,2,0.15,3,9555
16,22,2,0.15,4,4493
16,22,2,0.15,5,1840
16,22,2,0.15,6,687
16,22,2,0.15,7,223
16,22,2,0.15,8,88
16,22,2,0.15,9,24
16,22,2,0.15,10,9
16,22,2,0.15,11,2
16,22,2,0.15,12,1
16,23,0,0.9,0,99680
16,23,0,0.9,1,17330
16,23,0,0.9,2,6274
16,23,0,0.9,3,2984
16,23,0,0.9,4,1658
16,23,0,0.9,5,918
16,23,0,0.9,6,624
16,23,0,0.9,7,417
16,23,0,0.9,8,289
16,23,0,0.9,9,205
16,23,0,0.9,10,153
16,23,0,0.9,11,100
16,23,0,0.9,12,81
16,23,0,0.9,13,82
16,23,0,0.9,14,52
16,23,0,0.9,15,41
16,23,0,0.9,16,24
16,23,0,0.9,17,19
16,23,0,0.9,18,19
16,23,0,0.9,19,16
16,23,0,0.9,20,12
16,23,0,0.9,21,12
16,23,0,0.9,22,8
16,23,0,0.9,23,11
16,23,0,0.9,24,5
16,23,0,0.9,25,10
16,23,0,0.9,26,9
16,23,0,0.9,27,4
16,23,0,0.9,28,6
16,23,0,0.9,29,5
16,23,0,0.9,30,1
16,23,0,0.9,31,6
16,23,0,0.9,32,2
16,23,0,0.9,33,1
16,23,0,0.9,34,1
16,23,0,0.9,35,2
16,23,0,0.9,37,3
16,23,0,0.9,38,1
16,23,0,0.9,39,2
16,23,0,0.9,41,2
16,23,0,0.9,42,1
16,23,0,0.9,48,1
16,23,0,0.9,52,1
16,23,1,0.5,0,63754
16,23,1,0.5,1,29568
16,23,1,0.5,2,16466
16,23,1,0.5,3,9334
16,23,1,0.5,4,5234
16,23,1,0.5,5,2904
16,23,1,0.5,6,1687
16,23,1,0.5,7,911
16,23,1,0.5,8,475
16,23,1,0.5,9,300
16,23,1,0.5,10,175
16,23,1,0.5,11,102
16,23,1,0.5,12,46
16,23,1,0.5,13,30
16,23,1,0.5,14,24
16,23,1,0.5,15,17
16,23,1,0.5,16,14
16,23,1,0.5,17,7
16,23,1,0.5,18,5
16,23,1,0.5,19,5
16,23,1,0.5,20,3
16,23,1,0.5,21,4
16,23,1,0.5,22,3
16,23,1,0.5,23,1
16,23,1,0.5,24,1
16,23,1,0.5,26,1
16,23,1,0.5,29,1
16,23,2,0.15,0,57412
16,23,2,0.15,1,34774
16,23,2,0.15,2,20459
16,23,2,0.15,3,10701
16,23,2,0.15,4,4653
16,23,2,0.15,5,1958
16,23,2,0.15,6,735
16,23,2,0.15,7,251
16,23,2,0.15,8,93
16,23,2,0.15,9,24
16,23,2,0.15,10,10
16,23,2,0.15,11,2
16,24,0,0.9,0,97349
16,24,0,0.9,1,19123
16,24,0,0.9,2,6963
16,24,0,0.9,3,3127
16,24,0,0.9,4,1664
16,24,0,0.9,5,938
16,24,0,0.9,6,555
16,24,0,0.9,7,405
16,24,0,0.9,8,262
16,24,0,0.9,9,162
16,24,0,0.9,10,112
16,24,0,0.9,11,85
16,24,0,0.9,12,64
16,24,0,0.9,13,49
16,24,0,0.9,14,37
16,24,0,0.9,15,24
16,24,0,0.9,16,23
16,24,0,0.9,17,18
16,24,0,0.9,18,25
16,24,0,0.9,19,12
16,24,0,0.9,20,7
16,24,0,0.9,21,10
16,24,0,0.9,22,6
16,24,0,0.9,23,2
16,24,0,0.9,24,6
16,24,0,0.9,25,3
16,24,0,0.9,26,4
16,24,0,0.9,27,2
16,24,0,0.9,28,1
16,24,0,0.9,29,1
16,24,0,0.9,30,1
16,24,0,0.9,31,2
16,24,0,0.9,32,3
16,24,0,0.9,33,1
16,24,0,0.9,34,1
16,24,0,0.9,35,3
16,24,0,0.9,36,2
16,24,0,0.9,37,2
16,24,0,0.9,38,1
16,24,0,0.9,39,4
16,24,0,0.9,41,1
16,24,0,0.9,43,1
16,24,0,0.9,44,1
16,24,0,0.9,45,1
16,24,0,0.9,46,1
16,24,0,0.9,48,2
16,24,0,0.9,49,1
16,24,0,0.9,50,1
16,24,0,0.9,54,2
16,24,0,0.9,59,1
16,24,0,0.9,60,1
16,24,1,0.5,0,68075
16,24,1,0.5,1,29319
16,24,1,0.5,2,15108
16,24,1,0.5,3,8252
16,24,1,0.5,4,4492
16,24,1,0.5,5,2499
16,24,1,0.5,6,1420
16,24,1,0.5,7,838
16,24,1,0.5,8,442
16,24,1,0.5,9,266
16,24,1,0.5,10,134
16,24,1,0.5,11,74
16,24,1,0.5,12,52
16,24,1,0.5,13,31
16,24,1,0.5,14,22
16,24,1,0.5,15,10
16,24,1,0.5,16,9
16,24,1,0.5,17,7
16,24,1,0.5,18,6
16,24,1,0.5,19,3
16,24,1,0.5,20,4
16,24,1,0.5,21,1
16,24,1,0.5,22,2
16,24,1,0.5,23,1
16,24,1,0.5,24,1
16,24,1,0.5,27,1
16,24,1,0.5,29,1
16,24,1,0.5,30,1
16,24,1,0.5,37,1
16,24,2,0.15,0,67802
16,24,2,0.15,1,32354
16,24,2,0.15,2,16727
16,24,2,0.15,3,8209
16,24,2,0.15,4,3537
16,24,2,0.15,5,1531
16,24,2,0.15,6,598
16,24,2,0.15,7,197
16,24,2,0.15,8,80
16,24,2,0.15,9,25
16,24,2,0.15,10,10
16,24,2,0.15,11,1
16,24,2,0.15,12,1
16,25,0,0.9,0,98299
16,25,0,0.9,1,18291
16,25,0,0.9,2,6453
16,25,0,0.9,3,3081
16,25,0,0.9,4,1658
16,25,0,0.9,5,988
16,25,0,0.9,6,635
16,25,0,0.9,7,426
16,25,0,0.9,8,313
16,25,0,0.9,9,202
16,25,0,0.9,10,161
16,25,0,0.9,11,125
16,25,0,0.9,12,86
16,25,0,0.9,13,64
16,25,0,0.9,14,66
16,25,0,0.9,15,49
16,25,0,0.9,16,42
16,25,0,0.9,17,30
16,25,0,0.9,18,26
16,25,0,0.9,19,13
16,25,0,0.9,20,11
16,25,0,0.9,21,11
16,25,0,0.9,22,7
16,25,0,0.9,23,7
16,25,0,0.9,24,7
16,25,0,0.9,25,2
16,25,0,0.9,26,6
16,25,0,0.9,27,3
16,25,0,0.9,28,2
16,25,0,0.9,29,1
16,25,0,0.9,30,1
16,25,0,0.9,32,2
16,25,0,0.9,35,1
16,25,0,0.9,38,1
16,25,0,0.9,41,1
16,25,0,0.9,54,1
16,25,1,0.5,0,64721
16,25,1,0.5,1,28615
16,25,1,0.5,2,15821
16,25,1,0.5,3,8875
16,25,1,0.5,4,5347
16,25,1,0.5,5,3139
16,25,1,0.5,6,1852
16,25,1,0.5,7,1038
16,25,1,0.5,8,626
16,25,1,0.5,9,404
16,25,1,0.5,10,220
16,25,1,0.5,11,166
16,25,1,0.5,12,77
16,25,1,0.5,13,63
16,25,1,0.5,14,43
16,25,1,0.5,15,14
16,25,1,0.5,16,22
16,25,1,0.5,17,7
16,25,1,0.5,18,10
16,25,1,0.5,19,4
16,25,1,0.5,20,3
16,25,1,0.5,21,2
16,25,1,0.5,22,2
16,25,1,0.5,23,1
16,25,2,0.15,0,67441
16,25,2,0.15,1,31072
16,25,2,0.15,2,16952
16,25,2,0.15,3,8647
16,25,2,0.15,4,4064
16,25,2,0.15,5,1781
16,25,2,0.15,6,669
16,25,2,0.15,7,278
16,25,2,0.15,8,104
16,25,2,0.15,9,44
16,25,2,0.15,10,11
16,25,2,0.15,11,5
16,25,2,0.15,12,2
16,25,2,0.15,13,1
16,25,2,0.15,14,1
16,26,0,0.9,0,94782
16,26,0,0.9,1,20387
16,26,0,0.9,2,7145
16,26,0,0.9,3,3432
16,26,0,0.9,4,1719
16,26,0,0.9,5,1140
16,26,0,0.9,6,680
16,26,0,0.9,7,468
16,26,0,0.9,8,352
16,26,0,0.9,9,230
16,26,0,0.9,10,185
16,26,0,0.9,11,134
16,26,0,0.9,12,96
16,26,0,0.9,13,67
16,26,0,0.9,14,61
16,26,0,0.9,15,36
16,26,0,0.9,16,34
16,26,0,0.9,17,26
16,26,0,0.9,18,22
16,26,0,0.9,19,25
16,26,0,0.9,20,12
16,26,0,0.9,21,11
16,26,0,0.9,22,6
16,26,0,0.9,23,3
16,26,0,0.9,24,3
16,26,0,0.9,25,4
16,26,0,0.9,26,3
16,26,0,0.9,27,6
16,26,0,0.9,28,1
16,26,0,0.9,30,1
16,26,0,0.9,36,1
16,26,1,0.5,0,66758
16,26,1,0.5,1,27568
16,26,1,0.5,2,14892
16,26,1,0.5,3,8758
16,26,1,0.5,4,5328
16,26,1,0.5,5,3104
16,26,1,0.5,6,1826
16,26,1,0.5,7,1122
16,26,1,0.5,8,677
16,26,1,0.5,9,402
16,26,1,0.5,10,245
16,26,1,0.5,11,141
16,26,1,0.5,12,103
16,26,1,0.5,13,43
16,26,1,0.5,14,31
16,26,1,0.5,15,20
16,26,1,0.5,16,16
16,26,1,0.5,17,7
16,26,1,0.5,18,5
16,26,1,0.5,19,8
16,26,1,0.5,20,3
16,26,1,0.5,21,4
16,26,1,0.5,22,3
16,26,1,0.5,23,2
16,26,1,0.5,24,1
16,26,1,0.5,25,2
16,26,1,0.5,28,1
16,26,1,0.5,29,1
16,26,1,0.5,31,1
16,26,2,0.15,0,72967
16,26,2,0.15,1,29784
16,26,2,0.15,2,14997
16,26,2,0.15,3,7537
16,26,2,0.15,4,3372
16,26,2,0.15,5,1484
16,26,2,0.15,6,546
16,26,2,0.15,7,242
16,26,2,0.15,8,85
16,26,2,0.15,9,35
16,26,2,0.15,10,13
16,26,2,0.15,11,7
16,26,2,0.15,12,1
16,26,2,0.15,13,1
16,26,2,0.15,14,1
16,27,0,0.9,0,95457
16,27,0,0.9,1,19418
16,27,0,0.9,2,7191
16,27,0,0.9,3,3379
16,27,0,0.9,4,1845
16,27,0,0.9,5,1011
16,27,0,0.9,6,664
16,27,0,0.9,7,460
16,27,0,0.9,8,341
16,27,0,0.9,9,194
16,27,0,0.9,10,170
16,27,0,0.9,11,144
16,27,0,0.9,12,109
16,27,0,0.9,13,95
16,27,0,0.9,14,78
16,27,0,0.9,15,51
16,27,0,0.9,16,56
16,27,0,0.9,17,44
16,27,0,0.9,18,46
16,27,0,0.9,19,30
16,27,0,0.9,20,25
16,27,0,0.9,21,33
16,27,0,0.9,22,29
16,27,0,0.9,23,13
16,27,0,0.9,24,24
16,27,0,0.9,25,26
16,27,0,0.9,26,19
16,27,0,0.9,27,21
16,27,0,0.9,28,16
16,27,0,0.9,29,11
16,27,0,0.9,30,10
16,27,0,0.9,31,7
16,27,0,0.9,32,12
16,27,0,0.9,33,8
16,27,0,0.9,34,7
16,27,0,0.9,35,4
16,27,0,0.9,36,8
16,27,0,0.9,37,2
16,27,0,0.9,38,1
16,27,0,0.9,39,4
16,27,0,0.9,40,2
16,27,0,0.9,41,2
16,27,0,0.9,42,2
16,27,0,0.9,43,1
16,27,0,0.9,44,2
16,27,1,0.5,0,65018
16,27,1,0.5,1,26862
16,27,1,0.5,2,15325
16,27,1,0.5,3,8965
16,27,1,0.5,4,5879
16,27,1,0.5,5,3536
16,27,1,0.5,6,2180
16,27,1,0.5,7,1303
16,27,1,0.5,8,786
16,27,1,0.5,9,445
16,27,1,0.5,10,302
16,27,1,0.5,11,179
16,27,1,0.5,12,99
16,27,1,0.5,13,62
16,27,1,0.5,14,50
16,27,1,0.5,15,32
16,27,1,0.5,16,18
16,27,1,0.5,17,10
16,27,1,0.5,18,7
16,27,1,0.5,19,6
16,27,1,0.5,20,3
16,27,1,0.5,21,1
16,27,1,0.5,22,1
16,27,1,0.5,24,1
16,27,1,0.5,25,1
16,27,1,0.5,26,1
16,27,2,0.15,0,74545
16,27,2,0.15,1,29149
16,27,2,0.15,2,14306
16,27,2,0.15,3,7228
16,27,2,0.15,4,3438
16,27,2,0.15,5,1453
16,27,2,0.15,6,614
16,27,2,0.15,7,231
16,27,2,0.15,8,79
16,27,2,0.15,9,20
16,27,2,0.15,10,9
16,28,0,0.9,0,95239
16,28,0,0.9,1,19978
16,28,0,0.9,2,6937
16,28,0,0.9,3,3316
16,28,0,0.9,4,1851
16,28,0,0.9,5,1083
16,28,0,0.9,6,680
16,28,0,0.9,7,450
16,28,0,0.9,8,336
16,28,0,0.9,9,225
16,28,0,0.9,10,162
16,28,0,0.9,11,129
16,28,0,0.9,12,87
16,28,0,0.9,13,71
16,28,0,0.9,14,67
16,28,0,0.9,15,58
16,28,0,0.9,16,46
16,28,0,0.9,17,35
16,28,0,0.9,18,35
16,28,0,0.9,19,33
16,28,0,0.9,20,22
16,28,0,0.9,21,11
16,28,0,0.9,22,9
16,28,0,0.9,23,21
16,28,0,0.9,24,11
16,28,0,0.9,25,15
16,28,0,0.9,26,15
16,28,0,0.9,27,7
16,28,0,0.9,28,10
16,28,0,0.9,29,8
16,28,0,0.9,30,25
16,28,0,0.9,31,12
16,28,0,0.9,32,10
16,28,0,0.9,33,12
16,28,0,0.9,34,17
16,28,0,0.9,35,13
16,28,0,0.9,36,11
16,28,0,0.9,37,16
16,28,0,0.9,38,6
16,28,0,0.9,43,1
16,28,0,0.9,47,1
16,28,0,0.9,54,1
16,28,1,0.5,0,69174
16,28,1,0.5,1,26050
16,28,1,0.5,2,14122
16,28,1,0.5,3,8312
16,28,1,0.5,4,5113
16,28,1,0.5,5,3166
16,28,1,0.5,6,1916
16,28,1,0.5,7,1213
16,28,1,0.5,8,713
16,28,1,0.5,9,469
16,28,1,0.5,10,290
16,28,1,0.5,11,180
16,28,1,0.5,12,97
16,28,1,0.5,13,74
16,28,1,0.5,14,59
16,28,1,0.5,15,39
16,28,1,0.5,16,20
16,28,1,0.5,17,24
16,28,1,0.5,18,15
16,28,1,0.5,19,5
16,28,1,0.5,20,5
16,28,1,0.5,21,6
16,28,1,0.5,22,3
16,28,1,0.5,23,1
16,28,1,0.5,24,1
16,28,1,0.5,25,4
16,28,1,0.5,28,1
16,28,2,0.15,0,80101
16,28,2,0.15,1,26557
16,28,2,0.15,2,12748
16,28,2,0.15,3,6385
16,28,2,0.15,4,3088
16,28,2,0.15,5,1381
16,28,2,0.15,6,521
16,28,2,0.15,7,185
16,28,2,0.15,8,66
16,28,2,0.15,9,26
16,28,2,0.15,10,7
16,28,2,0.15,11,4
16,28,2,0.15,12,3
16,29,0,0.9,0,94011
16,29,0,0.9,1,18654
16,29,0,0.9,2,7360
16,29,0,0.9,3,3750
16,29,0,0.9,4,2078
16,29,0,0.9,5,1405
16,29,0,0.9,6,961
16,29,0,0.9,7,703
16,29,0,0.9,8,508
16,29,0,0.9,9,397
16,29,0,0.9,10,295
16,29,0,0.9,11,216
16,29,0,0.9,12,179
16,29,0,0.9,13,126
16,29,0,0.9,14,112
16,29,0,0.9,15,72
16,29,0,0.9,16,52
16,29,0,0.9,17,40
16,29,0,0.9,18,30
16,29,0,0.9,19,19
16,29,0,0.9,20,14
16,29,0,0.9,21,18
16,29,0,0.9,22,12
16,29,0,0.9,23,9
16,29,0,0.9,24,10
16,29,0,0.9,25,5
16,29,0,0.9,26,11
16,29,0,0.9,27,4
16,29,0,0.9,28,4
16,29,0,0.9,29,6
16,29,0,0.9,30,1
16,29,0,0.9,32,1
16,29,0,0.9,33,3
16,29,0,0.9,34,2
16,29,0,0.9,35,2
16,29,0,0.9,39,1
16,29,0,0.9,40,1
16,29,1,0.5,0,67214
16,29,1,0.5,1,26942
16,29,1,0.5,2,15025
16,29,1,0.5,3,8759
16,29,1,0.5,4,5258
16,29,1,0.5,5,3166
16,29,1,0.5,6,1815
16,29,1,0.5,7,1109
16,29,1,0.5,8,688
16,29,1,0.5,9,388
16,29,1,0.5,10,245
16,29,1,0.5,11,159
16,29,1,0.5,12,94
16,29,1,0.5,13,66
16,29,1,0.5,14,39
16,29,1,0.5,15,23
16,29,1,0.5,16,19
16,29,1,0.5,17,19
16,29,1,0.5,18,8
16,29,1,0.5,19,7
16,29,1,0.5,20,8
16,29,1,0.5,21,4
16,29,1,0.5,22,5
16,29,1,0.5,23,5
16,29,1,0.5,24,2
16,29,1,0.5,26,1
16,29,1,0.5,28,2
16,29,1,0.5,30,1
16,29,1,0.5,35,1
16,29,2,0.15,0,77662
16,29,2,0.15,1,27915
16,29,2,0.15,2,13474
16,29,2,0.15,3,6735
16,29,2,0.15,4,3119
16,29,2,0.15,5,1323
16,29,2,0.15,6,498
16,29,2,0.15,7,215
16,29,2,0.15,8,73
16,29,2,0.15,9,30
16,29,2,0.15,10,20
16,29,2,0.15,11,6
16,29,2,0.15,12,2
16,30,0,0.9,0,94615
16,30,0,0.9,1,18251
16,30,0,0.9,2,6898
16,30,0,0.9,3,3712
16,30,0,0.9,4,2164
16,30,0,0.9,5,1430
16,30,0,0.9,6,931
16,30,0,0.9,7,668
16,30,0,0.9,8,468
16,30,0,0.9,9,362
16,30,0,0.9,10,296
16,30,0,0.9,11,212
16,30,0,0.9,12,161
16,30,0,0.9,13,126
16,30,0,0.9,14,121
16,30,0,0.9,15,91
16,30,0,0.9,16,70
16,30,0,0.9,17,61
16,30,0,0.9,18,44
16,30,0,0.9,19,45
16,30,0,0.9,20,45
16,30,0,0.9,21,34
16,30,0,0.9,22,23
16,30,0,0.9,23,29
16,30,0,0.9,24,21
16,30,0,0.9,25,23
16,30,0,0.9,26,17
16,30,0,0.9,27,23
16,30,0,0.9,28,19
16,30,0,0.9,29,14
16,30,0,0.9,30,11
16,30,0,0.9,31,11
16,30,0,0.9,32,11
16,30,0,0.9,33,12
16,30,0,0.9,34,11
16,30,0,0.9,35,11
16,30,0,0.9,36,19
16,30,0,0.9,37,8
16,30,0,0.9,38,1
16,30,0,0.9,39,2
16,30,0,0.9,42,1
16,30,1,0.5,0,63800
16,30,1,0.5,1,27704
16,30,1,0.5,2,15903
16,30,1,0.5,3,9597
16,30,1,0.5,4,5785
16,30,1,0.5,5,3464
16,30,1,0.5,6,2054
16,30,1,0.5,7,1100
16,30,1,0.5,8,684
16,30,1,0.5,9,411
16,30,1,0.5,10,218
16,30,1,0.5,11,138
16,30,1,0.5,12,68
16,30,1,0.5,13,37
16,30,1,0.5,14,34
16,30,1,0.5,15,13
16,30,1,0.5,16,19
16,30,1,0.5,17,8
16,30,1,0.5,18,4
16,30,1,0.5,19,9
16,30,1,0.5,20,7
16,30,1,0.5,21,1
16,30,1,0.5,22,1
16,30,1,0.5,23,3
16,30,1,0.5,25,2
16,30,1,0.5,26,2
16,30,1,0.5,27,2
16,30,1,0.5,28,2
16,30,1,0.5,32,1
16,30,1,0.5,35,1
16,30,2,0.15,0,71868
16,30,2,0.15,1,29664
16,30,2,0.15,2,15710
16,30,2,0.15,3,7850
16,30,2,0.15,4,3530
16,30,2,0.15,5,1487
16,30,2,0.15,6,606
16,30,2,0.15,7,241
16,30,2,0.15,8,68
16,30,2,0.15,9,30
16,30,2,0.15,10,9
16,30,2,0.15,11,3
16,30,2,0.15,12,4
16,30,2,0.15,13,1
16,30,2,0.15,14,1
16,31,0,0.9,0,99668
16,31,0,0.9,1,13052
16,31,0,0.9,2,5094
16,31,0,0.9,3,2801
16,31,0,0.9,4,1944
16,31,0,0.9,5,1480
16,31,0,0.9,6,1055
16,31,0,0.9,7,850
16,31,0,0.9,8,733
16,31,0,0.9,9,618
16,31,0,0.9,10,509
16,31,0,0.9,11,409
16,31,0,0.9,12,398
16,31,0,0.9,13,340
16,31,0,0.9,14,282
16,31,0,0.9,15,230
16,31,0,0.9,16,215
16,31,0,0.9,17,177
16,31,0,0.9,18,166
16,31,0,0.9,19,147
16,31,0,0.9,20,113
16,31,0,0.9,21,113
16,31,0,0.9,22,98
16,31,0,0.9,23,102
16,31,0,0.9,24,66
16,31,0,0.9,25,62
16,31,0,0.9,26,74
16,31,0,0.9,27,47
16,31,0,0.9,28,39
16,31,0,0.9,29,40
16,31,0,0.9,30,27
16,31,0,0.9,31,10
16,31,0,0.9,32,12
16,31,0,0.9,33,25
16,31,0,0.9,34,9
16,31,0,0.9,35,11
16,31,0,0.9,36,6
16,31,0,0.9,37,7
16,31,0,0.9,38,9
16,31,0,0.9,39,5
16,31,0,0.9,40,1
16,31,0,0.9,41,8
16,31,0,0.9,42,4
16,31,0,0.9,43,2
16,31,0,0.9,44,1
16,31,0,0.9,45,3
16,31,0,0.9,46,6
16,31,0,0.9,48,1
16,31,0,0.9,49,1
16,31,0,0.9,52,1
16,31,0,0.9,58,1
16,31,1,0.5,0,57969
16,31,1,0.5,1,29285
16,31,1,0.5,2,17347
16,31,1,0.5,3,10513
16,31,1,0.5,4,6385
16,31,1,0.5,5,3765
16,31,1,0.5,6,2215
16,31,1,0.5,7,1400
16,31,1,0.5,8,875
16,31,1,0.5,9,517
16,31,1,0.5,10,289
16,31,1,0.5,11,210
16,31,1,0.5,12,102
16,31,1,0.5,13,77
16,31,1,0.5,14,62
16,31,1,0.5,15,18
16,31,1,0.5,16,15
16,31,1,0.5,17,11
16,31,1,0.5,18,8
16,31,1,0.5,19,4
16,31,1,0.5,20,2
16,31,1,0.5,21,1
16,31,1,0.5,22,1
16,31,1,0.5,25,1
16,31,2,0.15,0,55451
16,31,2,0.15,1,36800
16,31,2,0.15,2,21303
16,31,2,0.15,3,10520
16,31,2,0.15,4,4463
16,31,2,0.15,5,1746
16,31,2,0.15,6,549
16,31,2,0.15,7,187
16,31,2,0.15,8,40
16,31,2,0.15,9,9
16,31,2,0.15,10,4
32,0,0,0.9,0,122202
32,0,0,0.9,1,3638
32,0,0,0.9,2,1610
32,0,0,0.9,3,781
32,0,0,0.9,4,506
32,0,0,0.9,5,314
32,0,0,0.9,6,271
32,0,0,0.9,7,204
32,0,0,0.9,8,184
32,0,0,0.9,9,118
32,0,0,0.9,10,137
32,0,0,0.9,11,133
32,0,0,0.9,12,111
32,0,0,0.9,13,89
32,0,0,0.9,14,89
32,0,0,0.9,15,51
32,0,0,0.9,16,55
32,0,0,0.9,17,68
32,0,0,0.9,18,70
32,0,0,0.9,19,52
32,0,0,0.9,20,42
32,0,0,0.9,21,34
32,0,0,0.9,22,38
32,0,0,0.9,23,37
32,0,0,0.9,24,26
32,0,0,0.9,25,27
32,0,0,0.9,26,17
32,0,0,0.9,27,20
32,0,0,0.9,28,7
32,0,0,0.9,29,22
32,0,0,0.9,30,11
32,0,0,0.9,31,16
32,0,0,0.9,32,18
32,0,0,0.9,33,16
32,0,0,0.9,34,11
32,0,0,0.9,35,7
32,0,0,0.9,36,19
32,0,0,0.9,37,3
32,0,0,0.9,38,5
32,0,0,0.9,39,3
32,0,0,0.9,42,1
32,0,0,0.9,43,2
32,0,0,0.9,44,3
32,0,0,0.9,45,1
32,0,0,0.9,48,1
32,0,0,0.9,50,1
32,0,0,0.9,52,1
32,0,1,0.5,0,111375
32,0,1,0.5,1,7535
32,0,1,0.5,2,3680
32,0,1,0.5,3,2325
32,0,1,0.5,4,1348
32,0,1,0.5,5,962
32,0,1,0.5,6,593
32,0,1,0.5,7,453
32,0,1,0.5,8,350
32,0,1,0.5,9,384
32,0,1,0.5,10,216
32,0,1,0.5,11,217
32,0,1,0.5,12,166
32,0,1,0.5,13,193
32,0,1,0.5,14,132
32,0,1,0.5,15,110
32,0,1,0.5,16,118
32,0,1,0.5,17,81
32,0,1,0.5,18,69
32,0,1,0.5,19,74
32,0,1,0.5,20,56
32,0,1,0.5,21,41
32,0,1,0.5,22,42
32,0,1,0.5,23,36
32,0,1,0.5,24,27
32,0,1,0.5,25,43
32,0,1,0.5,26,25
32,0,1,0.5,27,40
32,0,1,0.5,28,26
32,0,1,0.5,29,21
32,0,1,0.5,30,21
32,0,1,0.5,31,30
32,0,1,0.5,32,28
32,0,1,0.5,33,18
32,0,1,0.5,34,18
32,0,1,0.5,35,25
32,0,1,0.5,36,11
32,0,1,0.5,37,18
32,0,1,0.5,38,11
32,0,1,0.5,39,18
32,0,1,0.5,40,7
32,0,1,0.5,41,22
32,0,1,0.5,42,9
32,0,1,0.5,43,10
32,0,1,0.5,44,6
32,0,1,0.5,45,7
32,0,1,0.5,46,8
32,0,1,0.5,47,4
32,0,1,0.5,48,8
32,0,1,0.5,49,4
32,0,1,0.5,50,5
32,0,1,0.5,51,6
32,0,1,0.5,52,15
32,0,1,0.5,53,5
32,0,1,0.5,54,2
32,0,1,0.5,55,5
32,0,1,0.5,56,2
32,0,1,0.5,57,4
32,0,1,0.5,58,3
32,0,1,0.5,59,3
32,0,1,0.5,61,1
32,0,2,0.15,0,35558
32,0,2,0.15,1,26628
32,0,2,0.15,2,21224
32,0,2,0.15,3,15752
32,0,2,0.15,4,10831
32,0,2,0.15,5,6998
32,0,2,0.15,6,4412
32,0,2,0.15,7,2780
32,0,2,0.15,8,1719
32,0,2,0.15,9,1166
32,0,2,0.15,10,808
32,0,2,0.15,11,574
32,0,2,0.15,12,454
32,0,2,0.15,13,329
32,0,2,0.15,14,273
32,0,2,0.15,15,221
32,0,2,0.15,16,190
32,0,2,0.15,17,134
32,0,2,0.15,18,146
32,0,2,0.15,19,114
32,0,2,0.15,20,100
32,0,2,0.15,21,79
32,0,2,0.15,22,78
32,0,2,0.15,23,74
32,0,2,0.15,24,59
32,0,2,0.15,25,58
32,0,2,0.15,26,44
32,0,2,0.15,27,44
32,0,2,0.15,28,42
32,0,2,0.15,29,36
32,0,2,0.15,30,17
32,0,2,0.15,31,13
32,0,2,0.15,32,16
32,0,2,0.15,33,21
32,0,2,0.15,34,17
32,0,2,0.15,35,16
32,0,2,0.15,36,11
32,0,2,0.15,37,7
32,0,2,0.15,38,7
32,0,2,0.15,39,3
32,0,2,0.15,40,1
32,0,2,0.15,41,5
32,0,2,0.15,42,3
32,0,2,0.15,43,5
32,0,2,0.15,44,2
32,0,2,0.15,45,1
32,0,2,0.15,47,1
32,0,2,0.15,48,1
32,1,0,0.9,0,120355
32,1,0,0.9,1,4539
32,1,0,0.9,2,1827
32,1,0,0.9,3,1009
32,1,0,0.9,4,713
32,1,0,0.9,5,516
32,1,0,0.9,6,317
32,1,0,0.9,7,249
32,1,0,0.9,8,213
32,1,0,0.9,9,190
32,1,0,0.9,10,110
32,1,0,0.9,11,192
32,1,0,0.9,12,68
32,1,0,0.9,13,73
32,1,0,0.9,14,49
32,1,0,0.9,15,68
32,1,0,0.9,16,49
32,1,0,0.9,17,71
32,1,0,0.9,18,21
32,1,0,0.9,19,51
32,1,0,0.9,20,19
32,1,0,0.9,21,30
32,1,0,0.9,22,64
32,1,0,0.9,23,77
32,1,0,0.9,24,54
32,1,0,0.9,25,39
32,1,0,0.9,26,20
32,1,0,0.9,27,30
32,1,0,0.9,28,11
32,1,0,0.9,29,6
32,1,0,0.9,30,2
32,1,0,0.9,32,6
32,1,0,0.9,33,3
32,1,0,0.9,34,5
32,1,0,0.9,35,3
32,1,0,0.9,36,1
32,1,0,0.9,37,4
32,1,0,0.9,38,1
32,1,0,0.9,39,1
32,1,0,0.9,40,2
32,1,0,0.9,41,3
32,1,0,0.9,42,6
32,1,0,0.9,43,1
32,1,0,0.9,45,3
32,1,0,0.9,46,1
32,1,1,0.5,0,101199
32,1,1,0.5,1,13121
32,1,1,0.5,2,4716
32,1,1,0.5,3,2833
32,1,1,0.5,4,1986
32,1,1,0.5,5,1364
32,1,1,0.5,6,1039
32,1,1,0.5,7,672
32,1,1,0.5,8,515
32,1,1,0.5,9,490
32,1,1,0.5,10,341
32,1,1,0.5,11,298
32,1,1,0.5,12,244
32,1,1,0.5,13,171
32,1,1,0.5,14,200
32,1,1,0.5,15,137
32,1,1,0.5,16,131
32,1,1,0.5,17,121
32,1,1,0.5,18,109
32,1,1,0.5,19,93
32,1,1,0.5,20,94
32,1,1,0.5,21,70
32,1,1,0.5,22,75
32,1,1,0.5,23,81
32,1,1,0.5,24,84
32,1,1,0.5,25,44
32,1,1,0.5,26,43
32,1,1,0.5,27,72
32,1,1,0.5,28,33
32,1,1,0.5,29,50
32,1,1,0.5,30,33
32,1,1,0.5,31,54
32,1,1,0.5,32,32
32,1,1,0.5,33,14
32,1,1,0.5,34,31
32,1,1,0.5,35,33
32,1,1,0.5,36,47
32,1,1,0.5,37,41
32,1,1,0.5,38,51
32,1,1,0.5,39,22
32,1,1,0.5,40,14
32,1,1,0.5,41,25
32,1,1,0.5,42,15
32,1,1,0.5,43,18
32,1,1,0.5,44,37
32,1,1,0.5,45,28
32,1,1,0.5,46,26
32,1,1,0.5,47,27
32,1,1,0.5,48,26
32,1,1,0.5,49,3
32,1,1,0.5,50,12
32,1,1,0.5,51,7
32,1,1,0.5,52,5
32,1,1,0.5,53,11
32,1,1,0.5,54,4
32,1,1,0.5,55,7
32,1,1,0.5,56,10
32,1,1,0.5,57,3
32,1,1,0.5,58,7
32,1,1,0.5,59,1
32,1,1,0.5,60,2
32,1,2,0.15,0,41565
32,1,2,0.15,1,29756
32,1,2,0.15,2,22776
32,1,2,0.15,3,15215
32,1,2,0.15,4,9394
32,1,2,0.15,5,5380
32,1,2,0.15,6,2950
32,1,2,0.15,7,1591
32,1,2,0.15,8,914
32,1,2,0.15,9,534
32,1,2,0.15,10,294
32,1,2,0.15,11,175
32,1,2,0.15,12,124
32,1,2,0.15,13,88
32,1,2,0.15,14,74
32,1,2,0.15,15,59
32,1,2,0.15,16,48
32,1,2,0.15,17,54
32,1,2,0.15,18,28
32,1,2,0.15,19,20
32,1,2,0.15,20,15
32,1,2,0.15,21,4
32,1,2,0.15,22,6
32,1,2,0.15,23,5
32,1,2,0.15,24,1
32,1,2,0.15,25,2
32,2,0,0.9,0,122236
32,2,0,0.9,1,3236
32,2,0,0.9,2,1483
32,2,0,0.9,3,941
32,2,0,0.9,4,612
32,2,0,0.9,5,476
32,2,0,0.9,6,404
32,2,0,0.9,7,310
32,2,0,0.9,8,231
32,2,0,0.9,9,173
32,2,0,0.9,10,166
32,2,0,0.9,11,120
32,2,0,0.9,12,94
32,2,0,0.9,13,64
32,2,0,0.9,14,70
32,2,0,0.9,15,57
32,2,0,0.9,16,54
32,2,0,0.9,17,46
32,2,0,0.9,18,46
32,2,0,0.9,19,40
32,2,0,0.9,20,17
32,2,0,0.9,21,19
32,2,0,0.9,22,14
32,2,0,0.9,23,24
32,2,0,0.9,24,13
32,2,0,0.9,25,21
32,2,0,0.9,26,6
32,2,0,0.9,27,7
32,2,0,0.9,28,16
32,2,0,0.9,29,9
32,2,0,0.9,30,15
32,2,0,0.9,31,3
32,2,0,0.9,32,8
32,2,0,0.9,33,2
32,2,0,0.9,35,6
32,2,0,0.9,36,4
32,2,0,0.9,37,3
32,2,0,0.9,38,6
32,2,0,0.9,40,5
32,2,0,0.9,41,1
32,2,0,0.9,44,2
32,2,0,0.9,45,2
32,2,0,0.9,46,2
32,2,0,0.9,47,1
32,2,0,0.9,48,4
32,2,0,0.9,50,1
32,2,0,0.9,51,1
32,2,0,0.9,52,1
32,2,1,0.5,0,106274
32,2,1,0.5,1,13489
32,2,1,0.5,2,3809
32,2,1,0.5,3,1871
32,2,1,0.5,4,1141
32,2,1,0.5,5,712
32,2,1,0.5,6,570
32,2,1,0.5,7,410
32,2,1,0.5,8,324
32,2,1,0.5,9,256
32,2,1,0.5,10,222
32,2,1,0.5,11,202
32,2,1,0.5,12,217
32,2,1,0.5,13,164
32,2,1,0.5,14,108
32,2,1,0.5,15,120
32,2,1,0.5,16,87
32,2,1,0.5,17,97
32,2,1,0.5,18,79
32,2,1,0.5,19,72
32,2,1,0.5,20,95
32,2,1,0.5,21,50
32,2,1,0.5,22,82
32,2,1,0.5,23,50
32,2,1,0.5,24,22
32,2,1,0.5,25,30
32,2,1,0.5,26,26
32,2,1,0.5,27,29
32,2,1,0.5,28,25
32,2,1,0.5,29,28
32,2,1,0.5,30,30
32,2,1,0.5,31,22
32,2,1,0.5,32,22
32,2,1,0.5,33,29
32,2,1,0.5,34,14
32,2,1,0.5,35,14
32,2,1,0.5,36,19
32,2,1,0.5,37,28
32,2,1,0.5,38,40
32,2,1,0.5,39,15
32,2,1,0.5,40,22
32,2,1,0.5,41,16
32,2,1,0.5,42,33
32,2,1,0.5,43,15
32,2,1,0.5,44,18
32,2,1,0.5,45,7
32,2,1,0.5,46,9
32,2,1,0.5,47,9
32,2,1,0.5,48,9
32,2,1,0.5,49,5
32,2,1,0.5,50,5
32,2,1,0.5,51,8
32,2,1,0.5,52,2
32,2,1,0.5,53,1
32,2,1,0.5,54,3
32,2,1,0.5,55,1
32,2,1,0.5,56,3
32,2,1,0.5,58,3
32,2,1,0.5,59,5
32,2,1,0.5,60,2
32,2,1,0.5,61,2
32,2,2,0.15,0,33352
32,2,2,0.15,1,29798
32,2,2,0.15,2,24759
32,2,2,0.15,3,17317
32,2,2,0.15,4,10917
32,2,2,0.15,5,6585
32,2,2,0.15,6,3787
32,2,2,0.15,7,2073
32,2,2,0.15,8,1152
32,2,2,0.15,9,571
32,2,2,0.15,10,368
32,2,2,0.15,11,207
32,2,2,0.15,12,103
32,2,2,0.15,13,39
32,2,2,0.15,14,23
32,2,2,0.15,15,14
32,2,2,0.15,16,5
32,2,2,0.15,17,1
32,2,2,0.15,18,1
32,3,0,0.9,0,115772
32,3,0,0.9,1,6109
32,3,0,0.9,2,2309
32,3,0,0.9,3,1528
32,3,0,0.9,4,951
32,3,0,0.9,5,740
32,3,0,0.9,6,547
32,3,0,0.9,7,478
32,3,0,0.9,8,336
32,3,0,0.9,9,296
32,3,0,0.9,10,243
32,3,0,0.9,11,212
32,3,0,0.9,12,138
32,3,0,0.9,13,135
32,3,0,0.9,14,123
32,3,0,0.9,15,74
32,3,0,0.9,16,86
32,3,0,0.9,17,96
32,3,0,0.9,18,103
32,3,0,0.9,19,68
32,3,0,0.9,20,63
32,3,0,0.9,21,62
32,3,0,0.9,22,51
32,3,0,0.9,23,56
32,3,0,0.9,24,42
32,3,0,0.9,25,33
32,3,0,0.9,26,22
32,3,0,0.9,27,21
32,3,0,0.9,28,33
32,3,0,0.9,29,23
32,3,0,0.9,30,18
32,3,0,0.9,31,21
32,3,0,0.9,32,19
32,3,0,0.9,33,14
32,3,0,0.9,34,14
32,3,0,0.9,35,22
32,3,0,0.9,36,19
32,3,0,0.9,37,10
32,3,0,0.9,38,9
32,3,0,0.9,39,16
32,3,0,0.9,40,11
32,3,0,0.9,41,14
32,3,0,0.9,42,8
32,3,0,0.9,43,13
32,3,0,0.9,44,6
32,3,0,0.9,45,8
32,3,0,0.9,46,12
32,3,0,0.9,47,4
32,3,0,0.9,48,10
32,3,0,0.9,49,10
32,3,0,0.9,50,4
32,3,0,0.9,51,7
32,3,0,0.9,52,3
32,3,0,0.9,53,4
32,3,0,0.9,54,6
32,3,0,0.9,55,8
32,3,0,0.9,56,2
32,3,0,0.9,57,7
32,3,0,0.9,59,11
32,3,0,0.9,60,2
32,3,0,0.9,61,8
32,3,0,0.9,62,2
32,3,1,0.5,0,94262
32,3,1,0.5,1,16846
32,3,1,0.5,2,6688
32,3,1,0.5,3,3701
32,3,1,0.5,4,2091
32,3,1,0.5,5,1374
32,3,1,0.5,6,954
32,3,1,0.5,7,673
32,3,1,0.5,8,540
32,3,1,0.5,9,390
32,3,1,0.5,10,320
32,3,1,0.5,11,281
32,3,1,0.5,12,262
32,3,1,0.5,13,212
32,3,1,0.5,14,194
32,3,1,0.5,15,164
32,3,1,0.5,16,162
32,3,1,0.5,17,139
32,3,1,0.5,18,140
32,3,1,0.5,19,142
32,3,1,0.5,20,103
32,3,1,0.5,21,87
32,3,1,0.5,22,88
32,3,1,0.5,23,90
32,3,1,0.5,24,91
32,3,1,0.5,25,72
32,3,1,0.5,26,68
32,3,1,0.5,27,66
32,3,1,0.5,28,71
32,3,1,0.5,29,52
32,3,1,0.5,30,51
32,3,1,0.5,31,56
32,3,1,0.5,32,47
32,3,1,0.5,33,41
32,3,1,0.5,34,46
32,3,1,0.5,35,46
32,3,1,0.5,36,46
32,3,1,0.5,37,36
32,3,1,0.5,38,42
32,3,1,0.5,39,26
32,3,1,0.5,40,36
32,3,1,0.5,41,31
32,3,1,0.5,42,31
32,3,1,0.5,43,24
32,3,1,0.5,44,25
32,3,1,0.5,45,20
32,3,1,0.5,46,14
32,3,1,0.5,47,12
32,3,1,0.5,48,11
32,3,1,0.5,49,14
32,3,1,0.5,50,11
32,3,1,0.5,51,10
32,3,1,0.5,52,15
32,3,1,0.5,53,19
32,3,1,0.5,54,7
32,3,1,0.5,55,9
32,3,1,0.5,56,12
32,3,1,0.5,57,8
32,3,1,0.5,58,1
32,3,1,0.5,59,1
32,3,1,0.5,61,1
32,3,2,0.15,0,46024
32,3,2,0.15,1,31488
32,3,2,0.15,2,21972
32,3,2,0.15,3,14038
32,3,2,0.15,4,8422
32,3,2,0.15,5,4547
32,3,2,0.15,6,2201
32,3,2,0.15,7,1168
32,3,2,0.15,8,539
32,3,2,0.15,9,309
32,3,2,0.15,10,168
32,3,2,0.15,11,85
32,3,2,0.15,12,48
32,3,2,0.15,13,38
32,3,2,0.15,14,11
32,3,2,0.15,15,7
32,3,2,0.15,16,5
32,3,2,0.15,17,1
32,3,2,0.15,18,1
32,4,0,0.9,0,113193
32,4,0,0.9,1,7674
32,4,0,0.9,2,3034
32,4,0,0.9,3,1740
32,4,0,0.9,4,1316
32,4,0,0.9,5,895
32,4,0,0.9,6,711
32,4,0,0.9,7,565
32,4,0,0.9,8,401
32,4,0,0.9,9,317
32,4,0,0.9,10,267
32,4,0,0.9,11,203
32,4,0,0.9,12,149
32,4,0,0.9,13,113
32,4,0,0.9,14,106
32,4,0,0.9,15,66
32,4,0,0.9,16,52
32,4,0,0.9,17,36
32,4,0,0.9,18,46
32,4,0,0.9,19,38
32,4,0,0.9,20,33
32,4,0,0.9,21,18
32,4,0,0.9,22,17
32,4,0,0.9,23,9
32,4,0,0.9,24,16
32,4,0,0.9,25,12
32,4,0,0.9,26,6
32,4,0,0.9,27,8
32,4,0,0.9,28,3
32,4,0,0.9,29,2
32,4,0,0.9,30,5
32,4,0,0.9,31,4
32,4,0,0.9,32,5
32,4,0,0.9,33,4
32,4,0,0.9,34,1
32,4,0,0.9,35,3
32,4,0,0.9,37,2
32,4,0,0.9,43,1
32,4,0,0.9,52,1
32,4,1,0.5,0,71843
32,4,1,0.5,1,23029
32,4,1,0.5,2,11954
32,4,1,0.5,3,7174
32,4,1,0.5,4,4575
32,4,1,0.5,5,3236
32,4,1,0.5,6,2139
32,4,1,0.5,7,1488
32,4,1,0.5,8,1111
32,4,1,0.5,9,872
32,4,1,0.5,10,641
32,4,1,0.5,11,528
32,4,1,0.5,12,407
32,4,1,0.5,13,357
32,4,1,0.5,14,262
32,4,1,0.5,15,222
32,4,1,0.5,16,176
32,4,1,0.5,17,141
32,4,1,0.5,18,125
32,4,1,0.5,19,89
32,4,1,0.5,20,81
32,4,1,0.5,21,77
32,4,1,0.5,22,81
32,4,1,0.5,23,68
32,4,1,0.5,24,56
32,4,1,0.5,25,55
32,4,1,0.5,26,50
32,4,1,0.5,27,34
32,4,1,0.5,28,29
32,4,1,0.5,29,25
32,4,1,0.5,30,22
32,4,1,0.5,31,25
32,4,1,0.5,32,17
32,4,1,0.5,33,10
32,4,1,0.5,34,11
32,4,1,0.5,35,10
32,4,1,0.5,36,9
32,4,1,0.5,37,8
32,4,1,0.5,38,4
32,4,1,0.5,39,8
32,4,1,0.5,40,4
32,4,1,0.5,41,2
32,4,1,0.5,42,3
32,4,1,0.5,43,2
32,4,1,0.5,44,5
32,4,1,0.5,45,4
32,4,1,0.5,46,1
32,4,1,0.5,53,1
32,4,1,0.5,55,1
32,4,2,0.15,0,42787
32,4,2,0.15,1,32744
32,4,2,0.15,2,23657
32,4,2,0.15,3,15274
32,4,2,0.15,4,8703
32,4,2,0.15,5,4242
32,4,2,0.15,6,2024
32,4,2,0.15,7,898
32,4,2,0.15,8,436
32,4,2,0.15,9,174
32,4,2,0.15,10,81
32,4,2,0.15,11,33
32,4,2,0.15,12,13
32,4,2,0.15,13,6
32,5,0,0.9,0,96222
32,5,0,0.9,1,16899
32,5,0,0.9,2,7019
32,5,0,0.9,3,3628
32,5,0,0.9,4,2279
32,5,0,0.9,5,1416
32,5,0,0.9,6,919
32,5,0,0.9,7,631
32,5,0,0.9,8,477
32,5,0,0.9,9,360
32,5,0,0.9,10,270
32,5,0,0.9,11,215
32,5,0,0.9,12,178
32,5,0,0.9,13,108
32,5,0,0.9,14,101
32,5,0,0.9,15,65
32,5,0,0.9,16,59
32,5,0,0.9,17,48
32,5,0,0.9,18,37
32,5,0,0.9,19,32
32,5,0,0.9,20,18
32,5,0,0.9,21,19
32,5,0,0.9,22,22
32,5,0,0.9,23,11
32,5,0,0.9,24,19
32,5,0,0.9,25,10
32,5,0,0.9,26,5
32,5,0,0.9,27,2
32,5,0,0.9,28,1
32,5,0,0.9,33,2
32,5,1,0.5,0,50936
32,5,1,0.5,1,27205
32,5,1,0.5,2,16286
32,5,1,0.5,3,10959
32,5,1,0.5,4,7305
32,5,1,0.5,5,4926
32,5,1,0.5,6,3354
32,5,1,0.5,7,2421
32,5,1,0.5,8,1728
32,5,1,0.5,9,1277
32,5,1,0.5,10,1028
32,5,1,0.5,11,766
32,5,1,0.5,12,548
32,5,1,0.5,13,470
32,5,1,0.5,14,403
32,5,1,0.5,15,299
32,5,1,0.5,16,262
32,5,1,0.5,17,190
32,5,1,0.5,18,154
32,5,1,0.5,19,122
32,5,1,0.5,20,103
32,5,1,0.5,21,89
32,5,1,0.5,22,46
32,5,1,0.5,23,46
32,5,1,0.5,24,35
32,5,1,0.5,25,21
32,5,1,0.5,26,25
32,5,1,0.5,27,15
32,5,1,0.5,28,14
32,5,1,0.5,29,9
32,5,1,0.5,30,8
32,5,1,0.5,31,7
32,5,1,0.5,32,6
32,5,1,0.5,33,4
32,5,1,0.5,34,3
32,5,1,0.5,35,1
32,5,1,0.5,38,1
32,5,2,0.15,0,40850
32,5,2,0.15,1,33279
32,5,2,0.15,2,24655
32,5,2,0.15,3,15670
32,5,2,0.15,4,8643
32,5,2,0.15,5,4387
32,5,2,0.15,6,2014
32,5,2,0.15,7,856
32,5,2,0.15,8,413
32,5,2,0.15,9,164
32,5,2,0.15,10,76
32,5,2,0.15,11,30
32,5,2,0.15,12,17
32,5,2,0.15,13,8
32,5,2,0.15,14,4
32,5,2,0.15,15,1
32,5,2,0.15,16,2
32,5,2,0.15,17,2
32,5,2,0.15,19,1
32,6,0,0.9,0,87516
32,6,0,0.9,1,21594
32,6,0,0.9,2,9054
32,6,0,0.9,3,4646
32,6,0,0.9,4,2727
32,6,0,0.9,5,1684
32,6,0,0.9,6,1042
32,6,0,0.9,7,681
32,6,0,0.9,8,479
32,6,0,0.9,9,389
32,6,0,0.9,10,278
32,6,0,0.9,11,214
32,6,0,0.9,12,138
32,6,0,0.9,13,102
32,6,0,0.9,14,98
32,6,0,0.9,15,60
32,6,0,0.9,16,50
32,6,0,0.9,17,61
32,6,0,0.9,18,45
32,6,0,0.9,19,30
32,6,0,0.9,20,18
32,6,0,0.9,21,26
32,6,0,0.9,22,17
32,6,0,0.9,23,17
32,6,0,0.9,24,22
32,6,0,0.9,25,15
32,6,0,0.9,26,10
32,6,0,0.9,27,5
32,6,0,0.9,28,9
32,6,0,0.9,29,4
32,6,0,0.9,30,4
32,6,0,0.9,31,8
32,6,0,0.9,32,7
32,6,0,0.9,33,2
32,6,0,0.9,34,3
32,6,0,0.9,35,4
32,6,0,0.9,36,2
32,6,0,0.9,38,2
32,6,0,0.9,39,2
32,6,0,0.9,42,3
32,6,0,0.9,44,1
32,6,0,0.9,48,1
32,6,0,0.9,50,1
32,6,0,0.9,51,1
32,6,1,0.5,0,56870
32,6,1,0.5,1,26677
32,6,1,0.5,2,16022
32,6,1,0.5,3,10224
32,6,1,0.5,4,6716
32,6,1,0.5,5,4461
32,6,1,0.5,6,3082
32,6,1,0.5,7,2129
32,6,1,0.5,8,1429
32,6,1,0.5,9,973
32,6,1,0.5,10,687
32,6,1,0.5,11,517
32,6,1,0.5,12,347
32,6,1,0.5,13,254
32,6,1,0.5,14,187
32,6,1,0.5,15,140
32,6,1,0.5,16,78
32,6,1,0.5,17,80
32,6,1,0.5,18,52
32,6,1,0.5,19,35
32,6,1,0.5,20,31
32,6,1,0.5,21,18
32,6,1,0.5,22,16
32,6,1,0.5,23,14
32,6,1,0.5,24,6
32,6,1,0.5,25,6
32,6,1,0.5,26,6
32,6,1,0.5,27,2
32,6,1,0.5,29,2
32,6,1,0.5,30,2
32,6,1,0.5,31,1
32,6,1,0.5,32,3
32,6,1,0.5,33,1
32,6,1,0.5,34,3
32,6,1,0.5,41,1
32,6,2,0.15,0,47971
32,6,2,0.15,1,34021
32,6,2,0.15,2,23107
32,6,2,0.15,3,13579
32,6,2,0.15,4,6933
32,6,2,0.15,5,3273
32,6,2,0.15,6,1349
32,6,2,0.15,7,496
32,6,2,0.15,8,198
32,6,2,0.15,9,89
32,6,2,0.15,10,40
32,6,2,0.15,11,12
32,6,2,0.15,12,2
32,6,2,0.15,13,2
32,7,0,0.9,0,67895
32,7,0,0.9,1,27392
32,7,0,0.9,2,14237
32,7,0,0.9,3,8205
32,7,0,0.9,4,4762
32,7,0,0.9,5,3035
32,7,0,0.9,6,1788
32,7,0,0.9,7,1241
32,7,0,0.9,8,772
32,7,0,0.9,9,544
32,7,0,0.9,10,378
32,7,0,0.9,11,270
32,7,0,0.9,12,167
32,7,0,0.9,13,122
32,7,0,0.9,14,84
32,7,0,0.9,15,52
32,7,0,0.9,16,36
32,7,0,0.9,17,26
32,7,0,0.9,18,19
32,7,0,0.9,19,14
32,7,0,0.9,20,10
32,7,0,0.9,21,8
32,7,0,0.9,22,1
32,7,0,0.9,23,4
32,7,0,0.9,24,4
32,7,0,0.9,25,1
32,7,0,0.9,26,2
32,7,0,0.9,27,2
32,7,0,0.9,30,1
32,7,1,0.5,0,42221
32,7,1,0.5,1,28054
32,7,1,0.5,2,19450
32,7,1,0.5,3,13175
32,7,1,0.5,4,9031
32,7,1,0.5,5,6115
32,7,1,0.5,6,4277
32,7,1,0.5,7,2827
32,7,1,0.5,8,1972
32,7,1,0.5,9,1262
32,7,1,0.5,10,838
32,7,1,0.5,11,592
32,7,1,0.5,12,422
32,7,1,0.5,13,246
32,7,1,0.5,14,196
32,7,1,0.5,15,107
32,7,1,0.5,16,81
32,7,1,0.5,17,71
32,7,1,0.5,18,42
32,7,1,0.5,19,28
32,7,1,0.5,20,19
32,7,1,0.5,21,18
32,7,1,0.5,22,12
32,7,1,0.5,23,3
32,7,1,0.5,24,2
32,7,1,0.5,25,4
32,7,1,0.5,26,5
32,7,1,0.5,28,1
32,7,1,0.5,30,1
32,7,2,0.15,0,41696
32,7,2,0.15,1,34042
32,7,2,0.15,2,23910
32,7,2,0.15,3,14614
32,7,2,0.15,4,8257
32,7,2,0.15,5,4335
32,7,2,0.15,6,2165
32,7,2,0.15,7,1039
32,7,2,0.15,8,495
32,7,2,0.15,9,244
32,7,2,0.15,10,122
32,7,2,0.15,11,63
32,7,2,0.15,12,28
32,7,2,0.15,13,19
32,7,2,0.15,14,12
32,7,2,0.15,15,15
32,7,2,0.15,16,10
32,7,2,0.15,17,4
32,7,2,0.15,19,2
32,8,0,0.9,0,65240
32,8,0,0.9,1,25761
32,8,0,0.9,2,14622
32,8,0,0.9,3,8667
32,8,0,0.9,4,5403
32,8,0,0.9,5,3411
32,8,0,0.9,6,2342
32,8,0,0.9,7,1546
32,8,0,0.9,8,1059
32,8,0,0.9,9,696
32,8,0,0.9,10,531
32,8,0,0.9,11,416
32,8,0,0.9,12,303
32,8,0,0.9,13,239
32,8,0,0.9,14,160
32,8,0,0.9,15,122
32,8,0,0.9,16,87
32,8,0,0.9,17,74
32,8,0,0.9,18,66
32,8,0,0.9,19,47
32,8,0,0.9,20,53
32,8,0,0.9,21,34
32,8,0,0.9,22,28
32,8,0,0.9,23,17
32,8,0,0.9,24,16
32,8,0,0.9,25,17
32,8,0,0.9,26,9
32,8,0,0.9,27,9
32,8,0,0.9,28,4
32,8,0,0.9,29,4
32,8,0,0.9,30,5
32,8,0,0.9,31,9
32,8,0,0.9,32,6
32,8,0,0.9,33,7
32,8,0,0.9,34,10
32,8,0,0.9,35,3
32,8,0,0.9,36,3
32,8,0,0.9,37,2
32,8,0,0.9,38,3
32,8,0,0.9,39,4
32,8,0,0.9,40,5
32,8,0,0.9,41,3
32,8,0,0.9,42,2
32,8,0,0.9,43,1
32,8,0,0.9,44,1
32,8,0,0.9,45,4
32,8,0,0.9,46,1
32,8,0,0.9,47,4
32,8,0,0.9,48,2
32,8,0,0.9,49,2
32,8,0,0.9,50,5
32,8,0,0.9,51,1
32,8,0,0.9,52,1
32,8,0,0.9,54,1
32,8,0,0.9,55,1
32,8,0,0.9,58,2
32,8,0,0.9,60,1
32,8,1,0.5,0,55000
32,8,1,0.5,1,29586
32,8,1,0.5,2,16940
32,8,1,0.5,3,10476
32,8,1,0.5,4,6484
32,8,1,0.5,5,4135
32,8,1,0.5,6,2702
32,8,1,0.5,7,1842
32,8,1,0.5,8,1215
32,8,1,0.5,9,846
32,8,1,0.5,10,546
32,8,1,0.5,11,394
32,8,1,0.5,12,258
32,8,1,0.5,13,179
32,8,1,0.5,14,144
32,8,1,0.5,15,95
32,8,1,0.5,16,62
32,8,1,0.5,17,57
32,8,1,0.5,18,25
32,8,1,0.5,19,24
32,8,1,0.5,20,21
32,8,1,0.5,21,5
32,8,1,0.5,22,5
32,8,1,0.5,23,10
32,8,1,0.5,24,8
32,8,1,0.5,25,6
32,8,1,0.5,27,3
32,8,1,0.5,28,2
32,8,1,0.5,29,1
32,8,1,0.5,30,1
32,8,2,0.15,0,51341
32,8,2,0.15,1,35529
32,8,2,0.15,2,21173
32,8,2,0.15,3,11678
32,8,2,0.15,4,5792
32,8,2,0.15,5,2867
32,8,2,0.15,6,1350
32,8,2,0.15,7,604
32,8,2,0.15,8,331
32,8,2,0.15,9,173
32,8,2,0.15,10,91
32,8,2,0.15,11,55
32,8,2,0.15,12,36
32,8,2,0.15,13,19
32,8,2,0.15,14,15
32,8,2,0.15,15,3
32,8,2,0.15,16,11
32,8,2,0.15,17,2
32,8,2,0.15,18,1
32,8,2,0.15,19,1
32,9,0,0.9,0,70394
32,9,0,0.9,1,24897
32,9,0,0.9,2,13065
32,9,0,0.9,3,7553
32,9,0,0.9,4,4560
32,9,0,0.9,5,3130
32,9,0,0.9,6,2041
32,9,0,0.9,7,1421
32,9,0,0.9,8,996
32,9,0,0.9,9,704
32,9,0,0.9,10,523
32,9,0,0.9,11,386
32,9,0,0.9,12,326
32,9,0,0.9,13,260
32,9,0,0.9,14,158
32,9,0,0.9,15,125
32,9,0,0.9,16,115
32,9,0,0.9,17,84
32,9,0,0.9,18,71
32,9,0,0.9,19,48
32,9,0,0.9,20,43
32,9,0,0.9,21,33
32,9,0,0.9,22,25
32,9,0,0.9,23,20
32,9,0,0.9,24,22
32,9,0,0.9,25,14
32,9,0,0.9,26,6
32,9,0,0.9,27,5
32,9,0,0.9,28,2
32,9,0,0.9,29,11
32,9,0,0.9,30,9
32,9,0,0.9,31,2
32,9,0,0.9,32,3
32,9,0,0.9,33,2
32,9,0,0.9,34,4
32,9,0,0.9,35,1
32,9,0,0.9,36,5
32,9,0,0.9,38,3
32,9,0,0.9,44,1
32,9,0,0.9,45,1
32,9,0,0.9,48,1
32,9,0,0.9,50,1
32,9,0,0.9,55,1
32,9,1,0.5,0,56474
32,9,1,0.5,1,29030
32,9,1,0.5,2,16785
32,9,1,0.5,3,10215
32,9,1,0.5,4,6479
32,9,1,0.5,5,4020
32,9,1,0.5,6,2673
32,9,1,0.5,7,1789
32,9,1,0.5,8,1213
32,9,1,0.5,9,837
32,9,1,0.5,10,475
32,9,1,0.5,11,364
32,9,1,0.5,12,250
32,9,1,0.5,13,187
32,9,1,0.5,14,107
32,9,1,0.5,15,55
32,9,1,0.5,16,45
32,9,1,0.5,17,33
32,9,1,0.5,18,12
32,9,1,0.5,19,6
32,9,1,0.5,20,4
32,9,1,0.5,21,5
32,9,1,0.5,22,4
32,9,1,0.5,23,3
32,9,1,0.5,24,3
32,9,1,0.5,25,1
32,9,1,0.5,26,1
32,9,1,0.5,27,2
32,9,2,0.15,0,54815
32,9,2,0.15,1,34822
32,9,2,0.15,2,20063
32,9,2,0.15,3,10691
32,9,2,0.15,4,5408
32,9,2,0.15,5,2669
32,9,2,0.15,6,1345
32,9,2,0.15,7,659
32,9,2,0.15,8,304
32,9,2,0.15,9,163
32,9,2,0.15,10,67
32,9,2,0.15,11,34
32,9,2,0.15,12,13
32,9,2,0.15,13,9
32,9,2,0.15,14,5
32,9,2,0.15,15,3
32,9,2,0.15,16,2
32,10,0,0.9,0,61617
32,10,0,0.9,1,28296
32,10,0,0.9,2,15587
32,10,0,0.9,3,8972
32,10,0,0.9,4,5570
32,10,0,0.9,5,3496
32,10,0,0.9,6,2294
32,10,0,0.9,7,1540
32,10,0,0.9,8,1079
32,10,0,0.9,9,726
32,10,0,0.9,10,502
32,10,0,0.9,11,349
32,10,0,0.9,12,244
32,10,0,0.9,13,208
32,10,0,0.9,14,165
32,10,0,0.9,15,128
32,10,0,0.9,16,67
32,10,0,0.9,17,58
32,10,0,0.9,18,41
32,10,0,0.9,19,43
32,10,0,0.9,20,28
32,10,0,0.9,21,19
32,10,0,0.9,22,9
32,10,0,0.9,23,11
32,10,0,0.9,24,10
32,10,0,0.9,25,4
32,10,0,0.9,26,6
32,10,0,0.9,29,1
32,10,0,0.9,30,2
32,10,1,0.5,0,40894
32,10,1,0.5,1,27508
32,10,1,0.5,2,18455
32,10,1,0.5,3,12791
32,10,1,0.5,4,9164
32,10,1,0.5,5,6449
32,10,1,0.5,6,4717
32,10,1,0.5,7,3343
32,10,1,0.5,8,2365
32,10,1,0.5,9,1485
32,10,1,0.5,10,1077
32,10,1,0.5,11,778
32,10,1,0.5,12,565
32,10,1,0.5,13,411
32,10,1,0.5,14,290
32,10,1,0.5,15,215
32,10,1,0.5,16,172
32,10,1,0.5,17,117
32,10,1,0.5,18,82
32,10,1,0.5,19,43
32,10,1,0.5,20,34
32,10,1,0.5,21,24
32,10,1,0.5,22,25
32,10,1,0.5,23,27
32,10,1,0.5,24,12
32,10,1,0.5,25,13
32,10,1,0.5,26,5
32,10,1,0.5,27,4
32,10,1,0.5,28,2
32,10,1,0.5,29,3
32,10,1,0.5,31,1
32,10,1,0.5,38,1
32,10,2,0.15,0,43785
32,10,2,0.15,1,33477
32,10,2,0.15,2,22851
32,10,2,0.15,3,14305
32,10,2,0.15,4,8044
32,10,2,0.15,5,4384
32,10,2,0.15,6,2152
32,10,2,0.15,7,1085
32,10,2,0.15,8,524
32,10,2,0.15,9,216
32,10,2,0.15,10,111
32,10,2,0.15,11,73
32,10,2,0.15,12,40
32,10,2,0.15,13,18
32,10,2,0.15,14,6
32,10,2,0.15,16,1
32,11,0,0.9,0,67118
32,11,0,0.9,1,23902
32,11,0,0.9,2,13271
32,11,0,0.9,3,8162
32,11,0,0.9,4,5223
32,11,0,0.9,5,3604
32,11,0,0.9,6,2457
32,11,0,0.9,7,1692
32,11,0,0.9,8,1314
32,11,0,0.9,9,951
32,11,0,0.9,10,747
32,11,0,0.9,11,556
32,11,0,0.9,12,428
32,11,0,0.9,13,348
32,11,0,0.9,14,274
32,11,0,0.9,15,197
32,11,0,0.9,16,152
32,11,0,0.9,17,127
32,11,0,0.9,18,107
32,11,0,0.9,19,73
32,11,0,0.9,20,64
32,11,0,0.9,21,44
32,11,0,0.9,22,46
32,11,0,0.9,23,37
32,11,0,0.9,24,28
32,11,0,0.9,25,24
32,11,0,0.9,26,17
32,11,0,0.9,27,15
32,11,0,0.9,28,19
32,11,0,0.9,29,9
32,11,0,0.9,30,7
32,11,0,0.9,31,7
32,11,0,0.9,32,5
32,11,0,0.9,33,7
32,11,0,0.9,34,7
32,11,0,0.9,35,5
32,11,0,0.9,36,3
32,11,0,0.9,37,5
32,11,0,0.9,38,2
32,11,0,0.9,39,3
32,11,0,0.9,40,1
32,11,0,0.9,41,2
32,11,0,0.9,42,4
32,11,0,0.9,43,2
32,11,0,0.9,44,1
32,11,0,0.9,46,4
32,11,0,0.9,47,1
32,11,1,0.5,0,54179
32,11,1,0.5,1,28381
32,11,1,0.5,2,17162
32,11,1,0.5,3,10846
32,11,1,0.5,4,7164
32,11,1,0.5,5,4686
32,11,1,0.5,6,3040
32,11,1,0.5,7,2053
32,11,1,0.5,8,1180
32,11,1,0.5,9,861
32,11,1,0.5,10,532
32,11,1,0.5,11,337
32,11,1,0.5,12,213
32,11,1,0.5,13,155
32,11,1,0.5,14,106
32,11,1,0.5,15,65
32,11,1,0.5,16,28
32,11,1,0.5,17,25
32,11,1,0.5,18,21
32,11,1,0.5,19,15
32,11,1,0.5,20,12
32,11,1,0.5,21,1
32,11,1,0.5,22,2
32,11,1,0.5,23,3
32,11,1,0.5,24,1
32,11,1,0.5,25,1
32,11,1,0.5,26,2
32,11,1,0.5,28,1
32,11,2,0.15,0,49314
32,11,2,0.15,1,34325
32,11,2,0.15,2,22148
32,11,2,0.15,3,13166
32,11,2,0.15,4,6752
32,11,2,0.15,5,3081
32,11,2,0.15,6,1302
32,11,2,0.15,7,566
32,11,2,0.15,8,227
32,11,2,0.15,9,103
32,11,2,0.15,10,32
32,11,2,0.15,11,25
32,11,2,0.15,12,12
32,11,2,0.15,13,8
32,11,2,0.15,14,5
32,11,2,0.15,15,3
32,11,2,0.15,18,2
32,11,2,0.15,19,1
32,12,0,0.9,0,63863
32,12,0,0.9,1,24280
32,12,0,0.9,2,13836
32,12,0,0.9,3,8823
32,12,0,0.9,4,5692
32,12,0,0.9,5,3982
32,12,0,0.9,6,2647
32,12,0,0.9,7,1989
32,12,0,0.9,8,1419
32,12,0,0.9,9,1062
32,12,0,0.9,10,769
32,12,0,0.9,11,630
32,12,0,0.9,12,441
32,12,0,0.9,13,353
32,12,0,0.9,14,286
32,12,0,0.9,15,220
32,12,0,0.9,16,170
32,12,0,0.9,17,138
32,12,0,0.9,18,96
32,12,0,0.9,19,83
32,12,0,0.9,20,53
32,12,0,0.9,21,47
32,12,0,0.9,22,30
32,12,0,0.9,23,30
32,12,0,0.9,24,24
32,12,0,0.9,25,19
32,12,0,0.9,26,21
32,12,0,0.9,27,9
32,12,0,0.9,28,10
32,12,0,0.9,29,5
32,12,0,0.9,30,9
32,12,0,0.9,31,6
32,12,0,0.9,32,7
32,12,0,0.9,33,4
32,12,0,0.9,34,6
32,12,0,0.9,36,3
32,12,0,0.9,37,3
32,12,0,0.9,38,2
32,12,0,0.9,41,3
32,12,0,0.9,42,1
32,12,0,0.9,44,1
32,12,1,0.5,0,51340
32,12,1,0.5,1,28577
32,12,1,0.5,2,17805
32,12,1,0.5,3,11455
32,12,1,0.5,4,7342
32,12,1,0.5,5,4934
32,12,1,0.5,6,3150
32,12,1,0.5,7,2179
32,12,1,0.5,8,1407
32,12,1,0.5,9,967
32,12,1,0.5,10,647
32,12,1,0.5,11,401
32,12,1,0.5,12,261
32,12,1,0.5,13,193
32,12,1,0.5,14,134
32,12,1,0.5,15,107
32,12,1,0.5,16,57
32,12,1,0.5,17,33
32,12,1,0.5,18,25
32,12,1,0.5,19,21
32,12,1,0.5,20,15
32,12,1,0.5,21,3
32,12,1,0.5,22,8
32,12,1,0.5,23,3
32,12,1,0.5,24,5
32,12,1,0.5,25,1
32,12,1,0.5,26,2
32,12,2,0.15,0,49136
32,12,2,0.15,1,34484
32,12,2,0.15,2,21823
32,12,2,0.15,3,12598
32,12,2,0.15,4,6695
32,12,2,0.15,5,3340
32,12,2,0.15,6,1544
32,12,2,0.15,7,772
32,12,2,0.15,8,382
32,12,2,0.15,9,173
32,12,2,0.15,10,69
32,12,2,0.15,11,30
32,12,2,0.15,12,17
32,12,2,0.15,13,7
32,12,2,0.15,14,2
32,13,0,0.9,0,59380
32,13,0,0.9,1,26657
32,13,0,0.9,2,15339
32,13,0,0.9,3,9347
32,13,0,0.9,4,6022
32,13,0,0.9,5,4073
32,13,0,0.9,6,2865
32,13,0,0.9,7,2003
32,13,0,0.9,8,1435
32,13,0,0.9,9,1032
32,13,0,0.9,10,679
32,13,0,0.9,11,526
32,13,0,0.9,12,381
32,13,0,0.9,13,335
32,13,0,0.9,14,251
32,13,0,0.9,15,168
32,13,0,0.9,16,119
32,13,0,0.9,17,95
32,13,0,0.9,18,68
32,13,0,0.9,19,60
32,13,0,0.9,20,55
32,13,0,0.9,21,33
32,13,0,0.9,22,26
32,13,0,0.9,23,24
32,13,0,0.9,24,24
32,13,0,0.9,25,10
32,13,0,0.9,26,10
32,13,0,0.9,27,8
32,13,0,0.9,28,11
32,13,0,0.9,29,6
32,13,0,0.9,30,4
32,13,0,0.9,31,3
32,13,0,0.9,32,2
32,13,0,0.9,34,4
32,13,0,0.9,36,1
32,13,0,0.9,37,3
32,13,0,0.9,39,5
32,13,0,0.9,40,3
32,13,0,0.9,41,1
32,13,0,0.9,42,1
32,13,0,0.9,49,1
32,13,0,0.9,51,1
32,13,0,0.9,56,1
32,13,1,0.5,0,39335
32,13,1,0.5,1,27801
32,13,1,0.5,2,19239
32,13,1,0.5,3,13496
32,13,1,0.5,4,9354
32,13,1,0.5,5,6585
32,13,1,0.5,6,4518
32,13,1,0.5,7,3224
32,13,1,0.5,8,2168
32,13,1,0.5,9,1590
32,13,1,0.5,10,1154
32,13,1,0.5,11,722
32,13,1,0.5,12,553
32,13,1,0.5,13,406
32,13,1,0.5,14,257
32,13,1,0.5,15,204
32,13,1,0.5,16,137
32,13,1,0.5,17,90
32,13,1,0.5,18,65
32,13,1,0.5,19,39
32,13,1,0.5,20,37
32,13,1,0.5,21,23
32,13,1,0.5,22,23
32,13,1,0.5,23,18
32,13,1,0.5,24,15
32,13,1,0.5,25,6
32,13,1,0.5,26,4
32,13,1,0.5,27,3
32,13,1,0.5,28,1
32,13,1,0.5,29,3
32,13,1,0.5,31,2
32,13,2,0.15,0,37957
32,13,2,0.15,1,34176
32,13,2,0.15,2,24038
32,13,2,0.15,3,15677
32,13,2,0.15,4,9384
32,13,2,0.15,5,5003
32,13,2,0.15,6,2594
32,13,2,0.15,7,1173
32,13,2,0.15,8,590
32,13,2,0.15,9,266
32,13,2,0.15,10,106
32,13,2,0.15,11,64
32,13,2,0.15,12,21
32,13,2,0.15,13,9
32,13,2,0.15,14,10
32,13,2,0.15,15,2
32,13,2,0.15,16,1
32,13,2,0.15,19,1
32,14,0,0.9,0,63819
32,14,0,0.9,1,24188
32,14,0,0.9,2,13517
32,14,0,0.9,3,8493
32,14,0,0.9,4,5710
32,14,0,0.9,5,3983
32,14,0,0.9,6,2777
32,14,0,0.9,7,1976
32,14,0,0.9,8,1500
32,14,0,0.9,9,1106
32,14,0,0.9,10,893
32,14,0,0.9,11,647
32,14,0,0.9,12,524
32,14,0,0.9,13,400
32,14,0,0.9,14,306
32,14,0,0.9,15,220
32,14,0,0.9,16,204
32,14,0,0.9,17,156
32,14,0,0.9,18,117
32,14,0,0.9,19,103
32,14,0,0.9,20,67
32,14,0,0.9,21,72
32,14,0,0.9,22,55
32,14,0,0.9,23,41
32,14,0,0.9,24,32
32,14,0,0.9,25,28
32,14,0,0.9,26,30
32,14,0,0.9,27,22
32,14,0,0.9,28,15
32,14,0,0.9,29,17
32,14,0,0.9,30,7
32,14,0,0.9,31,8
32,14,0,0.9,32,3
32,14,0,0.9,33,7
32,14,0,0.9,34,3
32,14,0,0.9,35,6
32,14,0,0.9,36,2
32,14,0,0.9,37,1
32,14,0,0.9,38,1
32,14,0,0.9,39,2
32,14,0,0.9,40,2
32,14,0,0.9,41,1
32,14,0,0.9,42,3
32,14,0,0.9,43,1
32,14,0,0.9,44,2
32,14,0,0.9,46,1
32,14,0,0.9,47,3
32,14,0,0.9,52,1
32,14,1,0.5,0,50054
32,14,1,0.5,1,28185
32,14,1,0.5,2,18068
32,14,1,0.5,3,11790
32,14,1,0.5,4,7754
32,14,1,0.5,5,5126
32,14,1,0.5,6,3353
32,14,1,0.5,7,2317
32,14,1,0.5,8,1578
32,14,1,0.5,9,968
32,14,1,0.5,10,657
32,14,1,0.5,11,424
32,14,1,0.5,12,272
32,14,1,0.5,13,188
32,14,1,0.5,14,124
32,14,1,0.5,15,68
32,14,1,0.5,16,53
32,14,1,0.5,17,36
32,14,1,0.5,18,18
32,14,1,0.5,19,8
32,14,1,0.5,20,12
32,14,1,0.5,21,8
32,14,1,0.5,22,3
32,14,1,0.5,23,4
32,14,1,0.5,24,2
32,14,1,0.5,25,1
32,14,1,0.5,30,1
32,14,2,0.15,0,46857
32,14,2,0.15,1,33200
32,14,2,0.15,2,22374
32,14,2,0.15,3,13671
32,14,2,0.15,4,7509
32,14,2,0.15,5,3768
32,14,2,0.15,6,1989
32,14,2,0.15,7,905
32,14,2,0.15,8,435
32,14,2,0.15,9,200
32,14,2,0.15,10,90
32,14,2,0.15,11,45
32,14,2,0.15,12,12
32,14,2,0.15,13,8
32,14,2,0.15,14,5
32,14,2,0.15,15,2
32,14,2,0.15,16,2
32,15,0,0.9,0,68441
32,15,0,0.9,1,24037
32,15,0,0.9,2,13100
32,15,0,0.9,3,7807
32,15,0,0.9,4,5061
32,15,0,0.9,5,3350
32,15,0,0.9,6,2185
32,15,0,0.9,7,1658
32,15,0,0.9,8,1180
32,15,0,0.9,9,928
32,15,0,0.9,10,664
32,15,0,0.9,11,552
32,15,0,0.9,12,412
32,15,0,0.9,13,296
32,15,0,0.9,14,268
32,15,0,0.9,15,202
32,15,0,0.9,16,156
32,15,0,0.9,17,145
32,15,0,0.9,18,106
32,15,0,0.9,19,102
32,15,0,0.9,20,62
32,15,0,0.9,21,53
32,15,0,0.9,22,48
32,15,0,0.9,23,45
32,15,0,0.9,24,34
32,15,0,0.9,25,27
32,15,0,0.9,26,15
32,15,0,0.9,27,20
32,15,0,0.9,28,22
32,15,0,0.9,29,18
32,15,0,0.9,30,15
32,15,0,0.9,31,10
32,15,0,0.9,32,6
32,15,0,0.9,33,7
32,15,0,0.9,34,7
32,15,0,0.9,35,5
32,15,0,0.9,36,2
32,15,0,0.9,37,3
32,15,0,0.9,38,3
32,15,0,0.9,39,9
32,15,0,0.9,41,4
32,15,0,0.9,42,4
32,15,0,0.9,43,1
32,15,0,0.9,46,2
32,15,1,0.5,0,43421
32,15,1,0.5,1,26952
32,15,1,0.5,2,18796
32,15,1,0.5,3,13382
32,15,1,0.5,4,9340
32,15,1,0.5,5,6330
32,15,1,0.5,6,4355
32,15,1,0.5,7,2905
32,15,1,0.5,8,1852
32,15,1,0.5,9,1301
32,15,1,0.5,10,845
32,15,1,0.5,11,547
32,15,1,0.5,12,367
32,15,1,0.5,13,238
32,15,1,0.5,14,162
32,15,1,0.5,15,96
32,15,1,0.5,16,63
32,15,1,0.5,17,31
32,15,1,0.5,18,26
32,15,1,0.5,19,25
32,15,1,0.5,20,16
32,15,1,0.5,21,5
32,15,1,0.5,22,3
32,15,1,0.5,23,3
32,15,1,0.5,24,2
32,15,1,0.5,25,2
32,15,1,0.5,26,5
32,15,1,0.5,27,1
32,15,1,0.5,35,1
32,15,2,0.15,0,38761
32,15,2,0.15,1,32302
32,15,2,0.15,2,24415
32,15,2,0.15,3,16291
32,15,2,0.15,4,9571
32,15,2,0.15,5,5059
32,15,2,0.15,6,2571
32,15,2,0.15,7,1144
32,15,2,0.15,8,558
32,15,2,0.15,9,240
32,15,2,0.15,10,101
32,15,2,0.15,11,35
32,15,2,0.15,12,16
32,15,2,0.15,13,6
32,15,2,0.15,14,2
32,16,0,0.9,0,63118
32,16,0,0.9,1,24940
32,16,0,0.9,2,14149
32,16,0,0.9,3,8623
32,16,0,0.9,4,5789
32,16,0,0.9,5,3809
32,16,0,0.9,6,2634
32,16,0,0.9,7,1931
32,16,0,0.9,8,1387
32,16,0,0.9,9,1062
32,16,0,0.9,10,776
32,16,0,0.9,11,600
32,16,0,0.9,12,473
32,16,0,0.9,13,371
32,16,0,0.9,14,297
32,16,0,0.9,15,239
32,16,0,0.9,16,175
32,16,0,0.9,17,104
32,16,0,0.9,18,114
32,16,0,0.9,19,61
32,16,0,0.9,20,61
32,16,0,0.9,21,63
32,16,0,0.9,22,51
32,16,0,0.9,23,45
32,16,0,0.9,24,39
32,16,0,0.9,25,24
32,16,0,0.9,26,23
32,16,0,0.9,27,19
32,16,0,0.9,28,19
32,16,0,0.9,29,8
32,16,0,0.9,30,8
32,16,0,0.9,31,8
32,16,0,0.9,32,5
32,16,0,0.9,33,4
32,16,0,0.9,34,9
32,16,0,0.9,35,6
32,16,0,0.9,36,6
32,16,0,0.9,37,2
32,16,0,0.9,39,1
32,16,0,0.9,40,5
32,16,0,0.9,41,4
32,16,0,0.9,46,1
32,16,0,0.9,47,1
32,16,0,0.9,50,2
32,16,0,0.9,53,1
32,16,0,0.9,56,1
32,16,0,0.9,57,2
32,16,0,0.9,58,1
32,16,0,0.9,60,1
32,16,1,0.5,0,41294
32,16,1,0.5,1,26678
32,16,1,0.5,2,18693
32,16,1,0.5,3,13280
32,16,1,0.5,4,9333
32,16,1,0.5,5,6710
32,16,1,0.5,6,4735
32,16,1,0.5,7,3188
32,16,1,0.5,8,2269
32,16,1,0.5,9,1588
32,16,1,0.5,10,1084
32,16,1,0.5,11,758
32,16,1,0.5,12,508
32,16,1,0.5,13,327
32,16,1,0.5,14,182
32,16,1,0.5,15,151
32,16,1,0.5,16,106
32,16,1,0.5,17,55
32,16,1,0.5,18,48
32,16,1,0.5,19,31
32,16,1,0.5,20,24
32,16,1,0.5,21,7
32,16,1,0.5,22,6
32,16,1,0.5,23,5
32,16,1,0.5,24,3
32,16,1,0.5,25,3
32,16,1,0.5,27,2
32,16,1,0.5,28,1
32,16,1,0.5,29,1
32,16,1,0.5,31,1
32,16,1,0.5,33,1
32,16,2,0.15,0,39455
32,16,2,0.15,1,29810
32,16,2,0.15,2,22428
32,16,2,0.15,3,15967
32,16,2,0.15,4,10178
32,16,2,0.15,5,6305
32,16,2,0.15,6,3443
32,16,2,0.15,7,1778
32,16,2,0.15,8,929
32,16,2,0.15,9,418
32,16,2,0.15,10,204
32,16,2,0.15,11,94
32,16,2,0.15,12,36
32,16,2,0.15,13,19
32,16,2,0.15,14,5
32,16,2,0.15,15,1
32,16,2,0.15,16,2
32,17,0,0.9,0,64056
32,17,0,0.9,1,24579
32,17,0,0.9,2,13532
32,17,0,0.9,3,8282
32,17,0,0.9,4,5681
32,17,0,0.9,5,3903
32,17,0,0.9,6,2767
32,17,0,0.9,7,2074
32,17,0,0.9,8,1471
32,17,0,0.9,9,1062
32,17,0,0.9,10,774
32,17,0,0.9,11,617
32,17,0,0.9,12,499
32,17,0,0.9,13,389
32,17,0,0.9,14,285
32,17,0,0.9,15,243
32,17,0,0.9,16,167
32,17,0,0.9,17,127
32,17,0,0.9,18,101
32,17,0,0.9,19,81
32,17,0,0.9,20,79
32,17,0,0.9,21,54
32,17,0,0.9,22,58
32,17,0,0.9,23,34
32,17,0,0.9,24,31
32,17,0,0.9,25,20
32,17,0,0.9,26,27
32,17,0,0.9,27,11
32,17,0,0.9,28,17
32,17,0,0.9,29,13
32,17,0,0.9,30,10
32,17,0,0.9,31,6
32,17,0,0.9,32,2
32,17,0,0.9,33,3
32,17,0,0.9,34,6
32,17,0,0.9,35,4
32,17,0,0.9,37,3
32,17,0,0.9,38,1
32,17,0,0.9,42,1
32,17,0,0.9,44,1
32,17,0,0.9,48,1
32,17,1,0.5,0,39354
32,17,1,0.5,1,26017
32,17,1,0.5,2,19116
32,17,1,0.5,3,14118
32,17,1,0.5,4,10236
32,17,1,0.5,5,7039
32,17,1,0.5,6,4988
32,17,1,0.5,7,3344
32,17,1,0.5,8,2285
32,17,1,0.5,9,1566
32,17,1,0.5,10,976
32,17,1,0.5,11,683
32,17,1,0.5,12,472
32,17,1,0.5,13,316
32,17,1,0.5,14,169
32,17,1,0.5,15,148
32,17,1,0.5,16,87
32,17,1,0.5,17,54
32,17,1,0.5,18,38
32,17,1,0.5,19,20
32,17,1,0.5,20,16
32,17,1,0.5,21,10
32,17,1,0.5,22,7
32,17,1,0.5,23,3
32,17,1,0.5,24,3
32,17,1,0.5,25,2
32,17,1,0.5,26,1
32,17,1,0.5,27,3
32,17,1,0.5,32,1
32,17,2,0.15,0,38208
32,17,2,0.15,1,30963
32,17,2,0.15,2,24201
32,17,2,0.15,3,16883
32,17,2,0.15,4,10083
32,17,2,0.15,5,5633
32,17,2,0.15,6,2716
32,17,2,0.15,7,1288
32,17,2,0.15,8,674
32,17,2,0.15,9,244
32,17,2,0.15,10,106
32,17,2,0.15,11,51
32,17,2,0.15,12,11
32,17,2,0.15,13,7
32,17,2,0.15,14,1
32,17,2,0.15,15,1
32,17,2,0.15,16,2
32,18,0,0.9,0,66519
32,18,0,0.9,1,24703
32,18,0,0.9,2,13392
32,18,0,0.9,3,8031
32,18,0,0.9,4,5241
32,18,0,0.9,5,3492
32,18,0,0.9,6,2374
32,18,0,0.9,7,1620
32,18,0,0.9,8,1274
32,18,0,0.9,9,927
32,18,0,0.9,10,647
32,18,0,0.9,11,485
32,18,0,0.9,12,428
32,18,0,0.9,13,319
32,18,0,0.9,14,264
32,18,0,0.9,15,207
32,18,0,0.9,16,157
32,18,0,0.9,17,140
32,18,0,0.9,18,106
32,18,0,0.9,19,99
32,18,0,0.9,20,77
32,18,0,0.9,21,78
32,18,0,0.9,22,61
32,18,0,0.9,23,56
32,18,0,0.9,24,53
32,18,0,0.9,25,42
32,18,0,0.9,26,38
32,18,0,0.9,27,31
32,18,0,0.9,28,31
32,18,0,0.9,29,28
32,18,0,0.9,30,19
32,18,0,0.9,31,23
32,18,0,0.9,32,12
32,18,0,0.9,33,15
32,18,0,0.9,34,14
32,18,0,0.9,35,12
32,18,0,0.9,36,8
32,18,0,0.9,37,9
32,18,0,0.9,38,11
32,18,0,0.9,39,7
32,18,0,0.9,40,1
32,18,0,0.9,41,3
32,18,0,0.9,42,5
32,18,0,0.9,43,2
32,18,0,0.9,44,5
32,18,0,0.9,45,1
32,18,0,0.9,47,1
32,18,0,0.9,48,1
32,18,0,0.9,51,1
32,18,0,0.9,52,1
32,18,0,0.9,53,1
32,18,1,0.5,0,44151
32,18,1,0.5,1,26704
32,18,1,0.5,2,17913
32,18,1,0.5,3,12794
32,18,1,0.5,4,9347
32,18,1,0.5,5,6406
32,18,1,0.5,6,4507
32,18,1,0.5,7,3036
32,18,1,0.5,8,2067
32,18,1,0.5,9,1462
32,18,1,0.5,10,958
32,18,1,0.5,11,573
32,18,1,0.5,12,391
32,18,1,0.5,13,254
32,18,1,0.5,14,171
32,18,1,0.5,15,113
32,18,1,0.5,16,76
32,18,1,0.5,17,55
32,18,1,0.5,18,25
32,18,1,0.5,19,14
32,18,1,0.5,20,17
32,18,1,0.5,21,10
32,18,1,0.5,22,7
32,18,1,0.5,23,4
32,18,1,0.5,24,5
32,18,1,0.5,25,1
32,18,1,0.5,26,4
32,18,1,0.5,27,1
32,18,1,0.5,31,2
32,18,1,0.5,35,2
32,18,1,0.5,37,1
32,18,1,0.5,40,1
32,18,2,0.15,0,42396
32,18,2,0.15,1,31446
32,18,2,0.15,2,22204
32,18,2,0.15,3,15169
32,18,2,0.15,4,9039
32,18,2,0.15,5,5154
32,18,2,0.15,6,2900
32,18,2,0.15,7,1482
32,18,2,0.15,8,725
32,18,2,0.15,9,308
32,18,2,0.15,10,161
32,18,2,0.15,11,62
32,18,2,0.15,12,15
32,18,2,0.15,13,6
32,18,2,0.15,14,3
32,18,2,0.15,15,1
32,18,2,0.15,17,1
32,19,0,0.9,0,62698
32,19,0,0.9,1,24289
32,19,0,0.9,2,14019
32,19,0,0.9,3,8726
32,19,0,0.9,4,5814
32,19,0,0.9,5,3872
32,19,0,0.9,6,2913
32,19,0,0.9,7,2096
32,19,0,0.9,8,1485
32,19,0,0.9,9,1169
32,19,0,0.9,10,832
32,19,0,0.9,11,664
32,19,0,0.9,12,536
32,19,0,0.9,13,418
32,19,0,0.9,14,296
32,19,0,0.9,15,279
32,19,0,0.9,16,173
32,19,0,0.9,17,130
32,19,0,0.9,18,133
32,19,0,0.9,19,108
32,19,0,0.9,20,90
32,19,0,0.9,21,56
32,19,0,0.9,22,41
32,19,0,0.9,23,38
32,19,0,0.9,24,42
32,19,0,0.9,25,32
32,19,0,0.9,26,17
32,19,0,0.9,27,14
32,19,0,0.9,28,27
32,19,0,0.9,29,6
32,19,0,0.9,30,10
32,19,0,0.9,31,9
32,19,0,0.9,32,8
32,19,0,0.9,33,3
32,19,0,0.9,34,2
32,19,0,0.9,35,5
32,19,0,0.9,36,2
32,19,0,0.9,37,2
32,19,0,0.9,38,2
32,19,0,0.9,39,2
32,19,0,0.9,40,2
32,19,0,0.9,41,3
32,19,0,0.9,42,2
32,19,0,0.9,43,2
32,19,0,0.9,44,1
32,19,0,0.9,45,1
32,19,0,0.9,47,1
32,19,0,0.9,53,1
32,19,0,0.9,56,1
32,19,1,0.5,0,33558
32,19,1,0.5,1,24534
32,19,1,0.5,2,19084
32,19,1,0.5,3,14679
32,19,1,0.5,4,11147
32,19,1,0.5,5,8358
32,19,1,0.5,6,6039
32,19,1,0.5,7,4172
32,19,1,0.5,8,3037
32,19,1,0.5,9,2032
32,19,1,0.5,10,1434
32,19,1,0.5,11,961
32,19,1,0.5,12,649
32,19,1,0.5,13,458
32,19,1,0.5,14,295
32,19,1,0.5,15,204
32,19,1,0.5,16,154
32,19,1,0.5,17,96
32,19,1,0.5,18,67
32,19,1,0.5,19,34
32,19,1,0.5,20,30
32,19,1,0.5,21,18
32,19,1,0.5,22,7
32,19,1,0.5,23,11
32,19,1,0.5,24,6
32,19,1,0.5,25,4
32,19,1,0.5,26,1
32,19,1,0.5,27,2
32,19,1,0.5,30,1
32,19,2,0.15,0,32806
32,19,2,0.15,1,28827
32,19,2,0.15,2,24301
32,19,2,0.15,3,18325
32,19,2,0.15,4,12342
32,19,2,0.15,5,7263
32,19,2,0.15,6,3879
32,19,2,0.15,7,1870
32,19,2,0.15,8,829
32,19,2,0.15,9,379
32,19,2,0.15,10,161
32,19,2,0.15,11,45
32,19,2,0.15,12,27
32,19,2,0.15,13,8
32,19,2,0.15,14,6
32,19,2,0.15,15,2
32,19,2,0.15,16,2
32,20,0,0.9,0,70671
32,20,0,0.9,1,22993
32,20,0,0.9,2,12517
32,20,0,0.9,3,7553
32,20,0,0.9,4,4791
32,20,0,0.9,5,3151
32,20,0,0.9,6,2238
32,20,0,0.9,7,1627
32,20,0,0.9,8,1143
32,20,0,0.9,9,857
32,20,0,0.9,10,699
32,20,0,0.9,11,568
32,20,0,0.9,12,423
32,20,0,0.9,13,343
32,20,0,0.9,14,295
32,20,0,0.9,15,190
32,20,0,0.9,16,167
32,20,0,0.9,17,138
32,20,0,0.9,18,137
32,20,0,0.9,19,86
32,20,0,0.9,20,83
32,20,0,0.9,21,71
32,20,0,0.9,22,52
32,20,0,0.9,23,44
32,20,0,0.9,24,31
32,20,0,0.9,25,34
32,20,0,0.9,26,30
32,20,0,0.9,27,23
32,20,0,0.9,28,19
32,20,0,0.9,29,14
32,20,0,0.9,30,11
32,20,0,0.9,31,9
32,20,0,0.9,32,10
32,20,0,0.9,33,4
32,20,0,0.9,34,6
32,20,0,0.9,35,7
32,20,0,0.9,36,3
32,20,0,0.9,37,1
32,20,0,0.9,38,5
32,20,0,0.9,39,3
32,20,0,0.9,40,3
32,20,0,0.9,41,7
32,20,0,0.9,42,1
32,20,0,0.9,43,4
32,20,0,0.9,44,1
32,20,0,0.9,45,5
32,20,0,0.9,47,1
32,20,0,0.9,53,2
32,20,0,0.9,58,1
32,20,1,0.5,0,44577
32,20,1,0.5,1,27251
32,20,1,0.5,2,18336
32,20,1,0.5,3,12832
32,20,1,0.5,4,8777
32,20,1,0.5,5,6125
32,20,1,0.5,6,4239
32,20,1,0.5,7,2813
32,20,1,0.5,8,1952
32,20,1,0.5,9,1313
32,20,1,0.5,10,907
32,20,1,0.5,11,614
32,20,1,0.5,12,424
32,20,1,0.5,13,296
32,20,1,0.5,14,194
32,20,1,0.5,15,127
32,20,1,0.5,16,90
32,20,1,0.5,17,62
32,20,1,0.5,18,31
32,20,1,0.5,19,24
32,20,1,0.5,20,15
32,20,1,0.5,21,16
32,20,1,0.5,22,10
32,20,1,0.5,23,15
32,20,1,0.5,24,4
32,20,1,0.5,25,3
32,20,1,0.5,26,5
32,20,1,0.5,27,2
32,20,1,0.5,28,1
32,20,1,0.5,29,2
32,20,1,0.5,30,1
32,20,1,0.5,31,2
32,20,1,0.5,32,1
32,20,1,0.5,33,1
32,20,1,0.5,34,1
32,20,1,0.5,35,1
32,20,1,0.5,36,1
32,20,1,0.5,37,3
32,20,1,0.5,41,1
32,20,1,0.5,42,1
32,20,1,0.5,43,1
32,20,1,0.5,45,1
32,20,2,0.15,0,41068
32,20,2,0.15,1,31739
32,20,2,0.15,2,23458
32,20,2,0.15,3,15431
32,20,2,0.15,4,9310
32,20,2,0.15,5,5092
32,20,2,0.15,6,2634
32,20,2,0.15,7,1277
32,20,2,0.15,8,607
32,20,2,0.15,9,266
32,20,2,0.15,10,104
32,20,2,0.15,11,45
32,20,2,0.15,12,29
32,20,2,0.15,13,5
32,20,2,0.15,14,5
32,20,2,0.15,15,1
32,20,2,0.15,16,1
32,21,0,0.9,0,66261
32,21,0,0.9,1,25286
32,21,0,0.9,2,13154
32,21,0,0.9,3,7971
32,21,0,0.9,4,5226
32,21,0,0.9,5,3512
32,21,0,0.9,6,2366
32,21,0,0.9,7,1794
32,21,0,0.9,8,1285
32,21,0,0.9,9,888
32,21,0,0.9,10,717
32,21,0,0.9,11,514
32,21,0,0.9,12,426
32,21,0,0.9,13,341
32,21,0,0.9,14,237
32,21,0,0.9,15,206
32,21,0,0.9,16,178
32,21,0,0.9,17,109
32,21,0,0.9,18,97
32,21,0,0.9,19,101
32,21,0,0.9,20,63
32,21,0,0.9,21,54
32,21,0,0.9,22,49
32,21,0,0.9,23,45
32,21,0,0.9,24,33
32,21,0,0.9,25,24
32,21,0,0.9,26,28
32,21,0,0.9,27,13
32,21,0,0.9,28,10
32,21,0,0.9,29,17
32,21,0,0.9,30,6
32,21,0,0.9,31,9
32,21,0,0.9,32,4
32,21,0,0.9,33,10
32,21,0,0.9,34,5
32,21,0,0.9,35,2
32,21,0,0.9,36,5
32,21,0,0.9,37,5
32,21,0,0.9,38,3
32,21,0,0.9,39,2
32,21,0,0.9,40,1
32,21,0,0.9,41,1
32,21,0,0.9,42,3
32,21,0,0.9,43,1
32,21,0,0.9,44,1
32,21,0,0.9,46,2
32,21,0,0.9,47,2
32,21,0,0.9,48,1
32,21,0,0.9,49,1
32,21,0,0.9,50,1
32,21,0,0.9,53,2
32,21,1,0.5,0,40583
32,21,1,0.5,1,26160
32,21,1,0.5,2,18989
32,21,1,0.5,3,14029
32,21,1,0.5,4,9738
32,21,1,0.5,5,6976
32,21,1,0.5,6,4717
32,21,1,0.5,7,3256
32,21,1,0.5,8,2264
32,21,1,0.5,9,1432
32,21,1,0.5,10,979
32,21,1,0.5,11,658
32,21,1,0.5,12,434
32,21,1,0.5,13,277
32,21,1,0.5,14,192
32,21,1,0.5,15,123
32,21,1,0.5,16,91
32,21,1,0.5,17,60
32,21,1,0.5,18,26
32,21,1,0.5,19,23
32,21,1,0.5,20,24
32,21,1,0.5,21,9
32,21,1,0.5,22,4
32,21,1,0.5,23,8
32,21,1,0.5,24,5
32,21,1,0.5,25,1
32,21,1,0.5,26,3
32,21,1,0.5,27,7
32,21,1,0.5,28,2
32,21,1,0.5,40,1
32,21,1,0.5,41,1
32,21,2,0.15,0,37871
32,21,2,0.15,1,30736
32,21,2,0.15,2,24062
32,21,2,0.15,3,16607
32,21,2,0.15,4,10411
32,21,2,0.15,5,5902
32,21,2,0.15,6,3017
32,21,2,0.15,7,1424
32,21,2,0.15,8,640
32,21,2,0.15,9,231
32,21,2,0.15,10,111
32,21,2,0.15,11,35
32,21,2,0.15,12,19
32,21,2,0.15,13,4
32,21,2,0.15,14,1
32,21,2,0.15,15,1
32,22,0,0.9,0,63538
32,22,0,0.9,1,25299
32,22,0,0.9,2,13578
32,22,0,0.9,3,8522
32,22,0,0.9,4,5573
32,22,0,0.9,5,3832
32,22,0,0.9,6,2652
32,22,0,0.9,7,1903
32,22,0,0.9,8,1375
32,22,0,0.9,9,1050
32,22,0,0.9,10,853
32,22,0,0.9,11,616
32,22,0,0.9,12,456
32,22,0,0.9,13,359
32,22,0,0.9,14,289
32,22,0,0.9,15,250
32,22,0,0.9,16,186
32,22,0,0.9,17,138
32,22,0,0.9,18,128
32,22,0,0.9,19,111
32,22,0,0.9,20,88
32,22,0,0.9,21,58
32,22,0,0.9,22,35
32,22,0,0.9,23,48
32,22,0,0.9,24,27
32,22,0,0.9,25,32
32,22,0,0.9,26,15
32,22,0,0.9,27,8
32,22,0,0.9,28,11
32,22,0,0.9,29,9
32,22,0,0.9,30,12
32,22,0,0.9,31,5
32,22,0,0.9,32,1
32,22,0,0.9,33,1
32,22,0,0.9,34,7
32,22,0,0.9,35,1
32,22,0,0.9,37,3
32,22,0,0.9,39,1
32,22,0,0.9,40,1
32,22,0,0.9,50,1
32,22,1,0.5,0,35449
32,22,1,0.5,1,25829
32,22,1,0.5,2,19163
32,22,1,0.5,3,14826
32,22,1,0.5,4,10828
32,22,1,0.5,5,7855
32,22,1,0.5,6,5463
32,22,1,0.5,7,3828
32,22,1,0.5,8,2574
32,22,1,0.5,9,1764
32,22,1,0.5,10,1227
32,22,1,0.5,11,770
32,22,1,0.5,12,511
32,22,1,0.5,13,334
32,22,1,0.5,14,228
32,22,1,0.5,15,147
32,22,1,0.5,16,89
32,22,1,0.5,17,66
32,22,1,0.5,18,46
32,22,1,0.5,19,20
32,22,1,0.5,20,24
32,22,1,0.5,21,10
32,22,1,0.5,22,6
32,22,1,0.5,23,6
32,22,1,0.5,24,4
32,22,1,0.5,25,1
32,22,1,0.5,26,2
32,22,1,0.5,27,1
32,22,1,0.5,30,1
32,22,2,0.15,0,34216
32,22,2,0.15,1,29496
32,22,2,0.15,2,24067
32,22,2,0.15,3,18138
32,22,2,0.15,4,11615
32,22,2,0.15,5,6899
32,22,2,0.15,6,3628
32,22,2,0.15,7,1708
32,22,2,0.15,8,794
32,22,2,0.15,9,318
32,22,2,0.15,10,125
32,22,2,0.15,11,48
32,22,2,0.15,12,15
32,22,2,0.15,13,3
32,22,2,0.15,14,1
32,22,2,0.15,15,1
32,23,0,0.9,0,66120
32,23,0,0.9,1,24445
32,23,0,0.9,2,13661
32,23,0,0.9,3,8226
32,23,0,0.9,4,5288
32,23,0,0.9,5,3607
32,23,0,0.9,6,2482
32,23,0,0.9,7,1782
32,23,0,0.9,8,1280
32,23,0,0.9,9,962
32,23,0,0.9,10,647
32,23,0,0.9,11,556
32,23,0,0.9,12,396
32,23,0,0.9,13,328
32,23,0,0.9,14,271
32,23,0,0.9,15,201
32,23,0,0.9,16,160
32,23,0,0.9,17,133
32,23,0,0.9,18,92
32,23,0,0.9,19,90
32,23,0,0.9,20,60
32,23,0,0.9,21,50
32,23,0,0.9,22,44
32,23,0,0.9,23,35
32,23,0,0.9,24,18
32,23,0,0.9,25,21
32,23,0,0.9,26,21
32,23,0,0.9,27,6
32,23,0,0.9,28,13
32,23,0,0.9,29,9
32,23,0,0.9,30,13
32,23,0,0.9,31,9
32,23,0,0.9,32,7
32,23,0,0.9,33,3
32,23,0,0.9,34,5
32,23,0,0.9,35,7
32,23,0,0.9,36,2
32,23,0,0.9,37,3
32,23,0,0.9,38,3
32,23,0,0.9,39,4
32,23,0,0.9,40,1
32,23,0,0.9,41,3
32,23,0,0.9,42,2
32,23,0,0.9,43,1
32,23,0,0.9,44,1
32,23,0,0.9,45,1
32,23,0,0.9,47,1
32,23,0,0.9,52,1
32,23,0,0.9,56,1
32,23,1,0.5,0,32388
32,23,1,0.5,1,24739
32,23,1,0.5,2,19776
32,23,1,0.5,3,15053
32,23,1,0.5,4,11567
32,23,1,0.5,5,8567
32,23,1,0.5,6,6039
32,23,1,0.5,7,4159
32,23,1,0.5,8,2801
32,23,1,0.5,9,2040
32,23,1,0.5,10,1395
32,23,1,0.5,11,863
32,23,1,0.5,12,579
32,23,1,0.5,13,367
32,23,1,0.5,14,240
32,23,1,0.5,15,151
32,23,1,0.5,16,124
32,23,1,0.5,17,68
32,23,1,0.5,18,46
32,23,1,0.5,19,27
32,23,1,0.5,20,18
32,23,1,0.5,21,21
32,23,1,0.5,22,9
32,23,1,0.5,23,10
32,23,1,0.5,24,7
32,23,1,0.5,25,1
32,23,1,0.5,26,4
32,23,1,0.5,27,4
32,23,1,0.5,28,1
32,23,1,0.5,29,2
32,23,1,0.5,30,1
32,23,1,0.5,31,2
32,23,1,0.5,33,1
32,23,1,0.5,35,1
32,23,1,0.5,39,1
32,23,2,0.15,0,31442
32,23,2,0.15,1,28751
32,23,2,0.15,2,25042
32,23,2,0.15,3,19072
32,23,2,0.15,4,12485
32,23,2,0.15,5,7344
32,23,2,0.15,6,3890
32,23,2,0.15,7,1768
32,23,2,0.15,8,753
32,23,2,0.15,9,342
32,23,2,0.15,10,123
32,23,2,0.15,11,38
32,23,2,0.15,12,16
32,23,2,0.15,13,4
32,23,2,0.15,14,1
32,23,2,0.15,17,1
32,24,0,0.9,0,63744
32,24,0,0.9,1,26695
32,24,0,0.9,2,14686
32,24,0,0.9,3,8708
32,24,0,0.9,4,5208
32,24,0,0.9,5,3446
32,24,0,0.9,6,2349
32,24,0,0.9,7,1657
32,24,0,0.9,8,1151
32,24,0,0.9,9,831
32,24,0,0.9,10,565
32,24,0,0.9,11,427
32,24,0,0.9,12,343
32,24,0,0.9,13,272
32,24,0,0.9,14,205
32,24,0,0.9,15,156
32,24,0,0.9,16,120
32,24,0,0.9,17,93
32,24,0,0.9,18,66
32,24,0,0.9,19,66
32,24,0,0.9,20,51
32,24,0,0.9,21,44
32,24,0,0.9,22,38
32,24,0,0.9,23,30
32,24,0,0.9,24,23
32,24,0,0.9,25,14
32,24,0,0.9,26,17
32,24,0,0.9,27,6
32,24,0,0.9,28,5
32,24,0,0.9,29,6
32,24,0,0.9,30,8
32,24,0,0.9,31,7
32,24,0,0.9,32,3
32,24,0,0.9,33,1
32,24,0,0.9,34,1
32,24,0,0.9,35,3
32,24,0,0.9,36,4
32,24,0,0.9,37,3
32,24,0,0.9,38,2
32,24,0,0.9,39,2
32,24,0,0.9,40,1
32,24,0,0.9,41,1
32,24,0,0.9,42,1
32,24,0,0.9,43,2
32,24,0,0.9,44,1
32,24,0,0.9,45,1
32,24,0,0.9,46,1
32,24,0,0.9,48,2
32,24,0,0.9,51,1
32,24,0,0.9,54,2
32,24,0,0.9,56,1
32,24,0,0.9,59,1
32,24,0,0.9,60,1
32,24,1,0.5,0,38712
32,24,1,0.5,1,27342
32,24,1,0.5,2,19638
32,24,1,0.5,3,13986
32,24,1,0.5,4,9954
32,24,1,0.5,5,6870
32,24,1,0.5,6,4875
32,24,1,0.5,7,3263
32,24,1,0.5,8,2252
32,24,1,0.5,9,1407
32,24,1,0.5,10,952
32,24,1,0.5,11,654
32,24,1,0.5,12,404
32,24,1,0.5,13,261
32,24,1,0.5,14,172
32,24,1,0.5,15,108
32,24,1,0.5,16,69
32,24,1,0.5,17,55
32,24,1,0.5,18,25
32,24,1,0.5,19,16
32,24,1,0.5,20,14
32,24,1,0.5,21,9
32,24,1,0.5,22,8
32,24,1,0.5,23,6
32,24,1,0.5,24,4
32,24,1,0.5,25,3
32,24,1,0.5,26,1
32,24,1,0.5,27,4
32,24,1,0.5,28,1
32,24,1,0.5,29,1
32,24,1,0.5,30,1
32,24,1,0.5,31,1
32,24,1,0.5,33,1
32,24,1,0.5,35,2
32,24,1,0.5,44,1
32,24,2,0.15,0,42347
32,24,2,0.15,1,32427
32,24,2,0.15,2,22798
32,24,2,0.15,3,15081
32,24,2,0.15,4,9037
32,24,2,0.15,5,4865
32,24,2,0.15,6,2520
32,24,2,0.15,7,1130
32,24,2,0.15,8,516
32,24,2,0.15,9,215
32,24,2,0.15,10,86
32,24,2,0.15,11,34
32,24,2,0.15,12,11
32,24,2,0.15,13,4
32,24,2,0.15,14,1
32,25,0,0.9,0,64814
32,25,0,0.9,1,27422
32,25,0,0.9,2,14117
32,25,0,0.9,3,8211
32,25,0,0.9,4,5058
32,25,0,0.9,5,3185
32,25,0,0.9,6,2144
32,25,0,0.9,7,1509
32,25,0,0.9,8,1081
32,25,0,0.9,9,743
32,25,0,0.9,10,596
32,25,0,0.9,11,443
32,25,0,0.9,12,358
32,25,0,0.9,13,277
32,25,0,0.9,14,225
32,25,0,0.9,15,156
32,25,0,0.9,16,146
32,25,0,0.9,17,109
32,25,0,0.9,18,88
32,25,0,0.9,19,73
32,25,0,0.9,20,58
32,25,0,0.9,21,46
32,25,0,0.9,22,39
32,25,0,0.9,23,27
32,25,0,0.9,24,19
32,25,0,0.9,25,25
32,25,0,0.9,26,18
32,25,0,0.9,27,13
32,25,0,0.9,28,12
32,25,0,0.9,29,7
32,25,0,0.9,30,10
32,25,0,0.9,31,4
32,25,0,0.9,32,7
32,25,0,0.9,33,5
32,25,0,0.9,34,5
32,25,0,0.9,35,3
32,25,0,0.9,36,3
32,25,0,0.9,37,3
32,25,0,0.9,38,5
32,25,0,0.9,39,1
32,25,0,0.9,40,1
32,25,0,0.9,41,2
32,25,0,0.9,42,2
32,25,0,0.9,44,1
32,25,0,0.9,55,1
32,25,1,0.5,0,37268
32,25,1,0.5,1,26681
32,25,1,0.5,2,18974
32,25,1,0.5,3,13891
32,25,1,0.5,4,10174
32,25,1,0.5,5,7177
32,25,1,0.5,6,5194
32,25,1,0.5,7,3702
32,25,1,0.5,8,2515
32,25,1,0.5,9,1722
32,25,1,0.5,10,1170
32,25,1,0.5,11,800
32,25,1,0.5,12,577
32,25,1,0.5,13,386
32,25,1,0.5,14,245
32,25,1,0.5,15,188
32,25,1,0.5,16,124
32,25,1,0.5,17,90
32,25,1,0.5,18,54
32,25,1,0.5,19,48
32,25,1,0.5,20,27
32,25,1,0.5,21,12
32,25,1,0.5,22,10
32,25,1,0.5,23,15
32,25,1,0.5,24,8
32,25,1,0.5,25,6
32,25,1,0.5,26,4
32,25,1,0.5,27,2
32,25,1,0.5,28,5
32,25,1,0.5,29,1
32,25,1,0.5,30,1
32,25,1,0.5,31,1
32,25,2,0.15,0,43486
32,25,2,0.15,1,31894
32,25,2,0.15,2,22367
32,25,2,0.15,3,14987
32,25,2,0.15,4,8984
32,25,2,0.15,5,5046
32,25,2,0.15,6,2412
32,25,2,0.15,7,1118
32,25,2,0.15,8,479
32,25,2,0.15,9,192
32,25,2,0.15,10,74
32,25,2,0.15,11,17
32,25,2,0.15,12,9
32,25,2,0.15,13,5
32,25,2,0.15,14,2
32,26,0,0.9,0,59744
32,26,0,0.9,1,28001
32,26,0,0.9,2,15390
32,26,0,0.9,3,9059
32,26,0,0.9,4,5737
32,26,0,0.9,5,3775
32,26,0,0.9,6,2501
32,26,0,0.9,7,1764
32,26,0,0.9,8,1197
32,26,0,0.9,9,923
32,26,0,0.9,10,665
32,26,0,0.9,11,475
32,26,0,0.9,12,409
32,26,0,0.9,13,316
32,26,0,0.9,14,248
32,26,0,0.9,15,172
32,26,0,0.9,16,126
32,26,0,0.9,17,102
32,26,0,0.9,18,116
32,26,0,0.9,19,62
32,26,0,0.9,20,72
32,26,0,0.9,21,44
32,26,0,0.9,22,40
32,26,0,0.9,23,28
32,26,0,0.9,24,28
32,26,0,0.9,25,17
32,26,0,0.9,26,11
32,26,0,0.9,27,9
32,26,0,0.9,28,11
32,26,0,0.9,29,4
32,26,0,0.9,30,10
32,26,0,0.9,31,2
32,26,0,0.9,32,4
32,26,0,0.9,33,3
32,26,0,0.9,34,3
32,26,0,0.9,36,1
32,26,0,0.9,38,2
32,26,0,0.9,39,1
32,26,1,0.5,0,40365
32,26,1,0.5,1,26600
32,26,1,0.5,2,18650
32,26,1,0.5,3,13265
32,26,1,0.5,4,9652
32,26,1,0.5,5,6929
32,26,1,0.5,6,4926
32,26,1,0.5,7,3352
32,26,1,0.5,8,2382
32,26,1,0.5,9,1564
32,26,1,0.5,10,1099
32,26,1,0.5,11,748
32,26,1,0.5,12,507
32,26,1,0.5,13,358
32,26,1,0.5,14,226
32,26,1,0.5,15,158
32,26,1,0.5,16,103
32,26,1,0.5,17,53
32,26,1,0.5,18,37
32,26,1,0.5,19,32
32,26,1,0.5,20,23
32,26,1,0.5,21,15
32,26,1,0.5,22,7
32,26,1,0.5,23,1
32,26,1,0.5,24,1
32,26,1,0.5,25,5
32,26,1,0.5,26,4
32,26,1,0.5,27,5
32,26,1,0.5,28,1
32,26,1,0.5,30,2
32,26,1,0.5,32,1
32,26,1,0.5,34,1
32,26,2,0.15,0,48857
32,26,2,0.15,1,32267
32,26,2,0.15,2,21329
32,26,2,0.15,3,13545
32,26,2,0.15,4,7820
32,26,2,0.15,5,3991
32,26,2,0.15,6,1852
32,26,2,0.15,7,839
32,26,2,0.15,8,317
32,26,2,0.15,9,175
32,26,2,0.15,10,48
32,26,2,0.15,11,26
32,26,2,0.15,12,2
32,26,2,0.15,13,3
32,26,2,0.15,14,1
32,27,0,0.9,0,61277
32,27,0,0.9,1,26909
32,27,0,0.9,2,14755
32,27,0,0.9,3,8823
32,27,0,0.9,4,5527
32,27,0,0.9,5,3801
32,27,0,0.9,6,2539
32,27,0,0.9,7,1782
32,27,0,0.9,8,1212
32,27,0,0.9,9,914
32,27,0,0.9,10,686
32,27,0,0.9,11,500
32,27,0,0.9,12,405
32,27,0,0.9,13,296
32,27,0,0.9,14,251
32,27,0,0.9,15,178
32,27,0,0.9,16,188
32,27,0,0.9,17,119
32,27,0,0.9,18,104
32,27,0,0.9,19,84
32,27,0,0.9,20,84
32,27,0,0.9,21,75
32,27,0,0.9,22,59
32,27,0,0.9,23,46
32,27,0,0.9,24,43
32,27,0,0.9,25,40
32,27,0,0.9,26,28
32,27,0,0.9,27,39
32,27,0,0.9,28,34
32,27,0,0.9,29,33
32,27,0,0.9,30,24
32,27,0,0.9,31,29
32,27,0,0.9,32,25
32,27,0,0.9,33,25
32,27,0,0.9,34,25
32,27,0,0.9,35,23
32,27,0,0.9,36,24
32,27,0,0.9,37,15
32,27,0,0.9,38,13
32,27,0,0.9,39,12
32,27,0,0.9,40,8
32,27,0,0.9,41,4
32,27,0,0.9,42,4
32,27,0,0.9,43,1
32,27,0,0.9,44,3
32,27,0,0.9,45,3
32,27,0,0.9,46,3
32,27,1,0.5,0,38896
32,27,1,0.5,1,27101
32,27,1,0.5,2,18137
32,27,1,0.5,3,13278
32,27,1,0.5,4,9504
32,27,1,0.5,5,7201
32,27,1,0.5,6,5103
32,27,1,0.5,7,3596
32,27,1,0.5,8,2523
32,27,1,0.5,9,1854
32,27,1,0.5,10,1258
32,27,1,0.5,11,806
32,27,1,0.5,12,592
32,27,1,0.5,13,405
32,27,1,0.5,14,262
32,27,1,0.5,15,181
32,27,1,0.5,16,125
32,27,1,0.5,17,97
32,27,1,0.5,18,60
32,27,1,0.5,19,33
32,27,1,0.5,20,12
32,27,1,0.5,21,14
32,27,1,0.5,22,12
32,27,1,0.5,23,10
32,27,1,0.5,24,5
32,27,1,0.5,25,2
32,27,1,0.5,26,1
32,27,1,0.5,27,1
32,27,1,0.5,28,2
32,27,1,0.5,29,1
32,27,2,0.15,0,51963
32,27,2,0.15,1,33728
32,27,2,0.15,2,20129
32,27,2,0.15,3,12109
32,27,2,0.15,4,6985
32,27,2,0.15,5,3364
32,27,2,0.15,6,1643
32,27,2,0.15,7,720
32,27,2,0.15,8,282
32,27,2,0.15,9,101
32,27,2,0.15,10,36
32,27,2,0.15,11,9
32,27,2,0.15,12,3
32,28,0,0.9,0,60539
32,28,0,0.9,1,27909
32,28,0,0.9,2,14974
32,28,0,0.9,3,8996
32,28,0,0.9,4,5593
32,28,0,0.9,5,3832
32,28,0,0.9,6,2552
32,28,0,0.9,7,1741
32,28,0,0.9,8,1150
32,28,0,0.9,9,841
32,28,0,0.9,10,633
32,28,0,0.9,11,445
32,28,0,0.9,12,347
32,28,0,0.9,13,245
32,28,0,0.9,14,208
32,28,0,0.9,15,138
32,28,0,0.9,16,110
32,28,0,0.9,17,80
32,28,0,0.9,18,60
32,28,0,0.9,19,70
32,28,0,0.9,20,46
32,28,0,0.9,21,34
32,28,0,0.9,22,33
32,28,0,0.9,23,45
32,28,0,0.9,24,35
32,28,0,0.9,25,29
32,28,0,0.9,26,23
32,28,0,0.9,27,20
32,28,0,0.9,28,24
32,28,0,0.9,29,17
32,28,0,0.9,30,24
32,28,0,0.9,31,30
32,28,0,0.9,32,20
32,28,0,0.9,33,24
32,28,0,0.9,34,21
32,28,0,0.9,35,37
32,28,0,0.9,36,35
32,28,0,0.9,37,40
32,28,0,0.9,38,43
32,28,0,0.9,39,15
32,28,0,0.9,40,6
32,28,0,0.9,41,4
32,28,0,0.9,42,1
32,28,0,0.9,43,1
32,28,0,0.9,47,1
32,28,0,0.9,54,1
32,28,1,0.5,0,45407
32,28,1,0.5,1,26561
32,28,1,0.5,2,17256
32,28,1,0.5,3,11779
32,28,1,0.5,4,8561
32,28,1,0.5,5,6214
32,28,1,0.5,6,4430
32,28,1,0.5,7,3241
32,28,1,0.5,8,2252
32,28,1,0.5,9,1622
32,28,1,0.5,10,1133
32,28,1,0.5,11,837
32,28,1,0.5,12,540
32,28,1,0.5,13,372
32,28,1,0.5,14,250
32,28,1,0.5,15,185
32,28,1,0.5,16,144
32,28,1,0.5,17,91
32,28,1,0.5,18,53
32,28,1,0.5,19,39
32,28,1,0.5,20,35
32,28,1,0.5,21,24
32,28,1,0.5,22,13
32,28,1,0.5,23,15
32,28,1,0.5,24,5
32,28,1,0.5,25,2
32,28,1,0.5,26,6
32,28,1,0.5,27,2
32,28,1,0.5,29,1
32,28,1,0.5,30,2
32,28,2,0.15,0,57652
32,28,2,0.15,1,33231
32,28,2,0.15,2,17589
32,28,2,0.15,3,10536
32,28,2,0.15,4,6140
32,28,2,0.15,5,3201
32,28,2,0.15,6,1569
32,28,2,0.15,7,718
32,28,2,0.15,8,287
32,28,2,0.15,9,104
32,28,2,0.15,10,31
32,28,2,0.15,11,10
32,28,2,0.15,12,3
32,28,2,0.15,13,1
32,29,0,0.9,0,62565
32,29,0,0.9,1,25470
32,29,0,0.9,2,13859
32,29,0,0.9,3,8318
32,29,0,0.9,4,5472
32,29,0,0.9,5,3697
32,29,0,0.9,6,2621
32,29,0,0.9,7,1903
32,29,0,0.9,8,1521
32,29,0,0.9,9,1193
32,29,0,0.9,10,908
32,29,0,0.9,11,751
32,29,0,0.9,12,592
32,29,0,0.9,13,481
32,29,0,0.9,14,341
32,29,0,0.9,15,306
32,29,0,0.9,16,206
32,29,0,0.9,17,180
32,29,0,0.9,18,125
32,29,0,0.9,19,109
32,29,0,0.9,20,93
32,29,0,0.9,21,71
32,29,0,0.9,22,45
32,29,0,0.9,23,57
32,29,0,0.9,24,40
32,29,0,0.9,25,29
32,29,0,0.9,26,15
32,29,0,0.9,27,16
32,29,0,0.9,28,26
32,29,0,0.9,29,19
32,29,0,0.9,30,7
32,29,0,0.9,31,2
32,29,0,0.9,32,6
32,29,0,0.9,33,5
32,29,0,0.9,34,3
32,29,0,0.9,35,7
32,29,0,0.9,36,2
32,29,0,0.9,37,2
32,29,0,0.9,38,2
32,29,0,0.9,39,2
32,29,0,0.9,40,2
32,29,0,0.9,43,1
32,29,0,0.9,44,2
32,29,1,0.5,0,41429
32,29,1,0.5,1,26170
32,29,1,0.5,2,18025
32,29,1,0.5,3,13084
32,29,1,0.5,4,9691
32,29,1,0.5,5,6858
32,29,1,0.5,6,4896
32,29,1,0.5,7,3421
32,29,1,0.5,8,2437
32,29,1,0.5,9,1688
32,29,1,0.5,10,1124
32,29,1,0.5,11,730
32,29,1,0.5,12,463
32,29,1,0.5,13,329
32,29,1,0.5,14,220
32,29,1,0.5,15,163
32,29,1,0.5,16,110
32,29,1,0.5,17,81
32,29,1,0.5,18,46
32,29,1,0.5,19,28
32,29,1,0.5,20,26
32,29,1,0.5,21,11
32,29,1,0.5,22,12
32,29,1,0.5,23,10
32,29,1,0.5,24,6
32,29,1,0.5,25,4
32,29,1,0.5,26,3
32,29,1,0.5,27,2
32,29,1,0.5,28,1
32,29,1,0.5,29,1
32,29,1,0.5,31,1
32,29,1,0.5,34,1
32,29,1,0.5,36,1
32,29,2,0.15,0,54652
32,29,2,0.15,1,32818
32,29,2,0.15,2,19220
32,29,2,0.15,3,11646
32,29,2,0.15,4,6499
32,29,2,0.15,5,3454
32,29,2,0.15,6,1592
32,29,2,0.15,7,716
32,29,2,0.15,8,291
32,29,2,0.15,9,112
32,29,2,0.15,10,42
32,29,2,0.15,11,18
32,29,2,0.15,12,11
32,29,2,0.15,13,1
32,30,0,0.9,0,61771
32,30,0,0.9,1,25482
32,30,0,0.9,2,13715
32,30,0,0.9,3,8244
32,30,0,0.9,4,5474
32,30,0,0.9,5,3980
32,30,0,0.9,6,2801
32,30,0,0.9,7,2087
32,30,0,0.9,8,1455
32,30,0,0.9,9,1214
32,30,0,0.9,10,956
32,30,0,0.9,11,690
32,30,0,0.9,12,570
32,30,0,0.9,13,441
32,30,0,0.9,14,350
32,30,0,0.9,15,275
32,30,0,0.9,16,228
32,30,0,0.9,17,178
32,30,0,0.9,18,147
32,30,0,0.9,19,123
32,30,0,0.9,20,94
32,30,0,0.9,21,93
32,30,0,0.9,22,72
32,30,0,0.9,23,76
32,30,0,0.9,24,53
32,30,0,0.9,25,38
32,30,0,0.9,26,40
32,30,0,0.9,27,37
32,30,0,0.9,28,49
32,30,0,0.9,29,37
32,30,0,0.9,30,42
32,30,0,0.9,31,26
32,30,0,0.9,32,26
32,30,0,0.9,33,26
32,30,0,0.9,34,34
32,30,0,0.9,35,33
32,30,0,0.9,36,30
32,30,0,0.9,37,31
32,30,0,0.9,38,28
32,30,0,0.9,39,10
32,30,0,0.9,40,3
32,30,0,0.9,41,4
32,30,0,0.9,42,3
32,30,0,0.9,43,5
32,30,0,0.9,44,1
32,30,1,0.5,0,37238
32,30,1,0.5,1,26008
32,30,1,0.5,2,18841
32,30,1,0.5,3,13833
32,30,1,0.5,4,10364
32,30,1,0.5,5,7640
32,30,1,0.5,6,5441
32,30,1,0.5,7,3862
32,30,1,0.5,8,2694
32,30,1,0.5,9,1850
32,30,1,0.5,10,1199
32,30,1,0.5,11,795
32,30,1,0.5,12,491
32,30,1,0.5,13,283
32,30,1,0.5,14,193
32,30,1,0.5,15,107
32,30,1,0.5,16,84
32,30,1,0.5,17,44
32,30,1,0.5,18,30
32,30,1,0.5,19,28
32,30,1,0.5,20,9
32,30,1,0.5,21,9
32,30,1,0.5,22,6
32,30,1,0.5,23,7
32,30,1,0.5,24,1
32,30,1,0.5,25,3
32,30,1,0.5,26,4
32,30,1,0.5,30,1
32,30,1,0.5,32,3
32,30,1,0.5,33,2
32,30,1,0.5,35,1
32,30,1,0.5,37,1
32,30,2,0.15,0,48678
32,30,2,0.15,1,32591
32,30,2,0.15,2,20828
32,30,2,0.15,3,13348
32,30,2,0.15,4,8045
32,30,2,0.15,5,4184
32,30,2,0.15,6,1928
32,30,2,0.15,7,894
32,30,2,0.15,8,366
32,30,2,0.15,9,136
32,30,2,0.15,10,52
32,30,2,0.15,11,11
32,30,2,0.15,12,6
32,30,2,0.15,13,2
32,30,2,0.15,14,2
32,30,2,0.15,16,1
32,31,0,0.9,0,69696
32,31,0,0.9,1,22364
32,31,0,0.9,2,10424
32,31,0,0.9,3,6226
32,31,0,0.9,4,4119
32,31,0,0.9,5,2948
32,31,0,0.9,6,2332
32,31,0,0.9,7,1756
32,31,0,0.9,8,1412
32,31,0,0.9,9,1166
32,31,0,0.9,10,1006
32,31,0,0.9,11,906
32,31,0,0.9,12,775
32,31,0,0.9,13,696
32,31,0,0.9,14,629
32,31,0,0.9,15,520
32,31,0,0.9,16,485
32,31,0,0.9,17,424
32,31,0,0.9,18,361
32,31,0,0.9,19,349
32,31,0,0.9,20,304
32,31,0,0.9,21,282
32,31,0,0.9,22,241
32,31,0,0.9,23,218
32,31,0,0.9,24,183
32,31,0,0.9,25,176
32,31,0,0.9,26,156
32,31,0,0.9,27,136
32,31,0,0.9,28,119
32,31,0,0.9,29,88
32,31,0,0.9,30,81
32,31,0,0.9,31,76
32,31,0,0.9,32,56
32,31,0,0.9,33,65
32,31,0,0.9,34,54
32,31,0,0.9,35,43
32,31,0,0.9,36,32
32,31,0,0.9,37,25
32,31,0,0.9,38,25
32,31,0,0.9,39,8
32,31,0,0.9,40,19
32,31,0,0.9,41,13
32,31,0,0.9,42,16
32,31,0,0.9,43,9
32,31,0,0.9,44,13
32,31,0,0.9,45,11
32,31,0,0.9,46,5
32,31,0,0.9,47,9
32,31,0,0.9,48,9
32,31,0,0.9,49,2
32,31,0,0.9,50,2
32,31,0,0.9,53,1
32,31,0,0.9,60,1
32,31,1,0.5,0,28094
32,31,1,0.5,1,23472
32,31,1,0.5,2,19306
32,31,1,0.5,3,15385
32,31,1,0.5,4,12154
32,31,1,0.5,5,9185
32,31,1,0.5,6,7047
32,31,1,0.5,7,5118
32,31,1,0.5,8,3510
32,31,1,0.5,9,2515
32,31,1,0.5,10,1699
32,31,1,0.5,11,1173
32,31,1,0.5,12,765
32,31,1,0.5,13,518
32,31,1,0.5,14,409
32,31,1,0.5,15,253
32,31,1,0.5,16,148
32,31,1,0.5,17,123
32,31,1,0.5,18,74
32,31,1,0.5,19,43
32,31,1,0.5,20,30
32,31,1,0.5,21,23
32,31,1,0.5,22,8
32,31,1,0.5,23,7
32,31,1,0.5,24,2
32,31,1,0.5,25,4
32,31,1,0.5,26,1
32,31,1,0.5,28,1
32,31,1,0.5,29,2
32,31,1,0.5,31,3
32,31,2,0.15,0,31054
32,31,2,0.15,1,32831
32,31,2,0.15,2,27205
32,31,2,0.15,3,18885
32,31,2,0.15,4,11105
32,31,2,0.15,5,5787
32,31,2,0.15,6,2605
32,31,2,0.15,7,1041
32,31,2,0.15,8,384
32,31,2,0.15,9,126
32,31,2,0.15,10,38
32,31,2,0.15,11,9
32,31,2,0.15,12,2
