policy,split,records,reused_tiles,reuse_fraction,prediction_precision,unsafe_reuse_rate,unsafe_wilson95_upper,oracle_safe_recall,mean_reused_tile_error,maximum_reused_tile_error
q_only_fro:all,calibration,245760,0,0.0,1.0,0.0,1.0,0.0,0.0,0.0
q_only_fro:all,development,245760,0,0.0,1.0,0.0,1.0,0.0,0.0,0.0
q_only_fro:all,final_benchmark,245760,0,0.0,1.0,0.0,1.0,0.0,0.0,0.0
q_only_fro:all,heldout,245760,0,0.0,1.0,0.0,1.0,0.0,0.0,0.0
q_only_fro:protect_masked_new,calibration,245760,1655,0.006734212239583333,0.9691842900302114,0.03081570996978852,0.04028928856017278,0.3129145532579009,0.0007743836613371968,0.03461696580052376
q_only_fro:protect_masked_new,development,245760,1990,0.008097330729166666,0.9527638190954774,0.04723618090452261,0.05746105586165328,0.3716189729517836,0.0013018574099987745,0.054850805550813675
q_only_fro:protect_masked_new,final_benchmark,245760,960,0.00390625,1.0,0.0,0.003985571263342763,0.18611865063978286,0.0,0.0
q_only_fro:protect_masked_new,heldout,245760,1689,0.00687255859375,0.9733570159857904,0.02664298401420959,0.035463255555316285,0.31101021566401815,0.0007337950519286096,0.03352545574307442
kv_only_max_fro:all,calibration,245760,4022,0.016365559895833333,0.9435604177026355,0.056439582297364496,0.06400385457353296,0.740343347639485,0.038799967616796494,2.4502155780792236
kv_only_max_fro:all,development,245760,4503,0.01832275390625,0.9244947812569398,0.07550521874306018,0.08358904431051732,0.8159545276362211,0.050246525555849075,2.299692392349243
kv_only_max_fro:all,final_benchmark,245760,3989,0.016231282552083334,0.932815241915267,0.06718475808473301,0.07537729930632764,0.721403644823575,0.04299591854214668,2.3997297286987305
kv_only_max_fro:all,heldout,245760,4323,0.01759033203125,0.931529030765672,0.06847096923432801,0.07638896648381234,0.761823685206205,0.047156043350696564,5.023910045623779
kv_only_max_fro:protect_masked_new,calibration,245760,1608,0.00654296875,0.9975124378109452,0.0024875621890547263,0.00637876416852221,0.3129145532579009,3.7358371628215536e-05,0.015747006982564926
kv_only_max_fro:protect_masked_new,development,245760,1902,0.0077392578125,0.9968454258675079,0.0031545741324921135,0.006865507898669773,0.3716189729517836,4.7213685320457444e-05,0.015476739034056664
kv_only_max_fro:protect_masked_new,final_benchmark,245760,960,0.00390625,1.0,0.0,0.003985571263342763,0.18611865063978286,0.0,0.0
kv_only_max_fro:protect_masked_new,heldout,245760,1646,0.006697591145833333,0.9987849331713244,0.001215066828675577,0.004419577549841403,0.31101021566401815,1.9018700186279602e-05,0.015890996903181076
kv_only_sum_fro:all,calibration,245760,4012,0.016324869791666665,0.943419740777667,0.056580259222333,0.06416270171649963,0.7383925087787748,0.038876913487911224,2.4502155780792236
kv_only_sum_fro:all,development,245760,4492,0.018277994791666665,0.924087266251113,0.07591273374888691,0.08402562696410276,0.8136025088200706,0.05034995824098587,2.299692392349243
kv_only_sum_fro:all,final_benchmark,245760,3985,0.016215006510416668,0.9322459222082811,0.06775407779171895,0.07598079051373115,0.7202404032570764,0.04302454739809036,2.3997297286987305
kv_only_sum_fro:all,heldout,245760,4309,0.017533365885416666,0.9310744952425156,0.06892550475748434,0.07687967284741398,0.7589860007567159,0.04727539047598839,5.023910045623779
kv_only_sum_fro:protect_masked_new,calibration,245760,1608,0.00654296875,0.9975124378109452,0.0024875621890547263,0.00637876416852221,0.3129145532579009,3.7358371628215536e-05,0.015747006982564926
kv_only_sum_fro:protect_masked_new,development,245760,1902,0.0077392578125,0.9968454258675079,0.0031545741324921135,0.006865507898669773,0.3716189729517836,4.7213685320457444e-05,0.015476739034056664
kv_only_sum_fro:protect_masked_new,final_benchmark,245760,960,0.00390625,1.0,0.0,0.003985571263342763,0.18611865063978286,0.0,0.0
kv_only_sum_fro:protect_masked_new,heldout,245760,1644,0.006689453125,1.0,0.0,0.002331206561244873,0.31101021566401815,0.0,0.0
qk_max_fro:all,calibration,245760,3418,0.013907877604166667,0.9959040374488005,0.004095962551199532,0.006863865322167081,0.6640655481857198,0.0001924527605297044,0.17384546995162964
qk_max_fro:all,development,245760,3862,0.015714518229166665,0.9994821336095288,0.0005178663904712584,0.0018863672471798889,0.7565660525284202,1.0656761332938913e-05,0.021745003759860992
qk_max_fro:all,final_benchmark,245760,3574,0.014542643229166667,0.927252378287633,0.0727476217123671,0.08172902950165642,0.6424970918960837,0.006672414019703865,0.43453770875930786
qk_max_fro:all,heldout,245760,3626,0.014754231770833333,0.9972421400992829,0.0027578599007170436,0.00506945117461429,0.6840711312902006,5.58163519599475e-05,0.026806002482771873
qk_max_fro:protect_masked_new,calibration,245760,1608,0.00654296875,0.9975124378109452,0.0024875621890547263,0.00637876416852221,0.3129145532579009,4.718677882920019e-05,0.02069908007979393
qk_max_fro:protect_masked_new,development,245760,1900,0.007731119791666667,0.9978947368421053,0.002105263157894737,0.005400780605306859,0.3716189729517836,4.245325180818327e-05,0.021429743617773056
qk_max_fro:protect_masked_new,final_benchmark,245760,960,0.00390625,1.0,0.0,0.003985571263342763,0.18611865063978286,0.0,0.0
qk_max_fro:protect_masked_new,heldout,245760,1644,0.006689453125,1.0,0.0,0.002331206561244873,0.31101021566401815,0.0,0.0
qk_sum_fro:all,calibration,245760,3418,0.013907877604166667,0.9959040374488005,0.004095962551199532,0.006863865322167081,0.6640655481857198,0.00010341598681407049,0.06563212722539902
qk_sum_fro:all,development,245760,3878,0.015779622395833335,0.9953584321815369,0.0046415678184631255,0.007325460118922566,0.7565660525284202,9.916270209942013e-05,0.043220266699790955
qk_sum_fro:all,final_benchmark,245760,3479,0.014156087239583334,0.9534348950847945,0.04656510491520552,0.05408080552672458,0.643078712679333,0.0027873050421476364,0.43453770875930786
qk_sum_fro:all,heldout,245760,3642,0.0148193359375,0.9928610653487095,0.007138934651290499,0.010439957775077122,0.6840711312902006,0.0001475627941545099,0.028946077451109886
qk_sum_fro:protect_masked_new,calibration,245760,1608,0.00654296875,0.9975124378109452,0.0024875621890547263,0.00637876416852221,0.3129145532579009,4.712321242550388e-05,0.020596859976649284
qk_sum_fro:protect_masked_new,development,245760,1908,0.007763671875,0.9937106918238994,0.006289308176100629,0.01096122512316083,0.3716189729517836,0.00012955507554579526,0.022100349888205528
qk_sum_fro:protect_masked_new,final_benchmark,245760,960,0.00390625,1.0,0.0,0.003985571263342763,0.18611865063978286,0.0,0.0
qk_sum_fro:protect_masked_new,heldout,245760,1645,0.006693522135416667,0.9993920972644377,0.0006079027355623101,0.0034354477915107076,0.31101021566401815,1.3435218534141313e-05,0.022100934758782387
qk_product_fro:all,calibration,245760,0,0.0,1.0,0.0,1.0,0.0,0.0,0.0
qk_product_fro:all,development,245760,0,0.0,1.0,0.0,1.0,0.0,0.0,0.0
qk_product_fro:all,final_benchmark,245760,0,0.0,1.0,0.0,1.0,0.0,0.0,0.0
qk_product_fro:all,heldout,245760,0,0.0,1.0,0.0,1.0,0.0,0.0,0.0
qk_product_fro:protect_masked_new,calibration,245760,1608,0.00654296875,0.9975124378109452,0.0024875621890547263,0.00637876416852221,0.3129145532579009,4.969557994627394e-05,0.022950194776058197
qk_product_fro:protect_masked_new,development,245760,1916,0.007796223958333333,0.9895615866388309,0.010438413361169102,0.016068583975731465,0.3716189729517836,0.00021571900288108736,0.02442668005824089
qk_product_fro:protect_masked_new,final_benchmark,245760,960,0.00390625,1.0,0.0,0.003985571263342763,0.18611865063978286,0.0,0.0
qk_product_fro:protect_masked_new,heldout,245760,1650,0.0067138671875,0.9963636363636363,0.0036363636363636364,0.007910972467099991,0.31101021566401815,8.251301915151998e-05,0.02546817436814308
qkv_sum_b0_fro:all,calibration,245760,3418,0.013907877604166667,0.9959040374488005,0.004095962551199532,0.006863865322167081,0.6640655481857198,0.00010341598681407049,0.06563212722539902
qkv_sum_b0_fro:all,development,245760,3878,0.015779622395833335,0.9953584321815369,0.0046415678184631255,0.007325460118922566,0.7565660525284202,9.916270209942013e-05,0.043220266699790955
qkv_sum_b0_fro:all,final_benchmark,245760,3479,0.014156087239583334,0.9534348950847945,0.04656510491520552,0.05408080552672458,0.643078712679333,0.0027873050421476364,0.43453770875930786
qkv_sum_b0_fro:all,heldout,245760,3642,0.0148193359375,0.9928610653487095,0.007138934651290499,0.010439957775077122,0.6840711312902006,0.0001475627941545099,0.028946077451109886
qkv_sum_b0_fro:protect_masked_new,calibration,245760,1608,0.00654296875,0.9975124378109452,0.0024875621890547263,0.00637876416852221,0.3129145532579009,4.712321242550388e-05,0.020596859976649284
qkv_sum_b0_fro:protect_masked_new,development,245760,1908,0.007763671875,0.9937106918238994,0.006289308176100629,0.01096122512316083,0.3716189729517836,0.00012955507554579526,0.022100349888205528
qkv_sum_b0_fro:protect_masked_new,final_benchmark,245760,960,0.00390625,1.0,0.0,0.003985571263342763,0.18611865063978286,0.0,0.0
qkv_sum_b0_fro:protect_masked_new,heldout,245760,1645,0.006693522135416667,0.9993920972644377,0.0006079027355623101,0.0034354477915107076,0.31101021566401815,1.3435218534141313e-05,0.022100934758782387
qkv_max_b0_fro:all,calibration,245760,3418,0.013907877604166667,0.9959040374488005,0.004095962551199532,0.006863865322167081,0.6640655481857198,0.0001924527605297044,0.17384546995162964
qkv_max_b0_fro:all,development,245760,3862,0.015714518229166665,0.9994821336095288,0.0005178663904712584,0.0018863672471798889,0.7565660525284202,1.0656761332938913e-05,0.021745003759860992
qkv_max_b0_fro:all,final_benchmark,245760,3574,0.014542643229166667,0.927252378287633,0.0727476217123671,0.08172902950165642,0.6424970918960837,0.006672414019703865,0.43453770875930786
qkv_max_b0_fro:all,heldout,245760,3626,0.014754231770833333,0.9972421400992829,0.0027578599007170436,0.00506945117461429,0.6840711312902006,5.58163519599475e-05,0.026806002482771873
qkv_max_b0_fro:protect_masked_new,calibration,245760,1608,0.00654296875,0.9975124378109452,0.0024875621890547263,0.00637876416852221,0.3129145532579009,4.718677882920019e-05,0.02069908007979393
qkv_max_b0_fro:protect_masked_new,development,245760,1900,0.007731119791666667,0.9978947368421053,0.002105263157894737,0.005400780605306859,0.3716189729517836,4.245325180818327e-05,0.021429743617773056
qkv_max_b0_fro:protect_masked_new,final_benchmark,245760,960,0.00390625,1.0,0.0,0.003985571263342763,0.18611865063978286,0.0,0.0
qkv_max_b0_fro:protect_masked_new,heldout,245760,1644,0.006689453125,1.0,0.0,0.002331206561244873,0.31101021566401815,0.0,0.0
qkv_sum_b0.1_fro:all,calibration,245760,3418,0.013907877604166667,0.9959040374488005,0.004095962551199532,0.006863865322167081,0.6640655481857198,6.88718500896357e-05,0.05448923632502556
qkv_sum_b0.1_fro:all,development,245760,3881,0.015791829427083334,0.9945890234475651,0.0054109765524349394,0.008258174106306871,0.7565660525284202,9.830572525970638e-05,0.022014474496245384
qkv_sum_b0.1_fro:all,final_benchmark,245760,3433,0.013968912760416667,0.966501602097291,0.033498397902709004,0.04005801345902439,0.6432725862737495,0.0018281657248735428,0.43453770875930786
qkv_sum_b0.1_fro:all,heldout,245760,3639,0.01480712890625,0.9939543830722726,0.006045616927727398,0.009137109948553232,0.6842603102534998,0.00011188239295734093,0.026806002482771873
qkv_sum_b0.1_fro:protect_masked_new,calibration,245760,1608,0.00654296875,0.9975124378109452,0.0024875621890547263,0.00637876416852221,0.3129145532579009,4.712321242550388e-05,0.020596859976649284
qkv_sum_b0.1_fro:protect_masked_new,development,245760,1906,0.0077555338541666664,0.9947534102833159,0.005246589716684155,0.009631125975419283,0.3716189729517836,0.00010698814003262669,0.022014474496245384
qkv_sum_b0.1_fro:protect_masked_new,final_benchmark,245760,960,0.00390625,1.0,0.0,0.003985571263342763,0.18611865063978286,0.0,0.0
qkv_sum_b0.1_fro:protect_masked_new,heldout,245760,1644,0.006689453125,1.0,0.0,0.002331206561244873,0.31101021566401815,0.0,0.0
qkv_max_b0.1_fro:all,calibration,245760,3418,0.013907877604166667,0.9959040374488005,0.004095962551199532,0.006863865322167081,0.6640655481857198,0.0001924527605297044,0.17384546995162964
qkv_max_b0.1_fro:all,development,245760,3862,0.015714518229166665,0.9994821336095288,0.0005178663904712584,0.0018863672471798889,0.7565660525284202,1.0656761332938913e-05,0.021745003759860992
qkv_max_b0.1_fro:all,final_benchmark,245760,3574,0.014542643229166667,0.927252378287633,0.0727476217123671,0.08172902950165642,0.6424970918960837,0.006672414019703865,0.43453770875930786
qkv_max_b0.1_fro:all,heldout,245760,3626,0.014754231770833333,0.9972421400992829,0.0027578599007170436,0.00506945117461429,0.6840711312902006,5.58163519599475e-05,0.026806002482771873
qkv_max_b0.1_fro:protect_masked_new,calibration,245760,1608,0.00654296875,0.9975124378109452,0.0024875621890547263,0.00637876416852221,0.3129145532579009,4.718677882920019e-05,0.02069908007979393
qkv_max_b0.1_fro:protect_masked_new,development,245760,1900,0.007731119791666667,0.9978947368421053,0.002105263157894737,0.005400780605306859,0.3716189729517836,4.245325180818327e-05,0.021429743617773056
qkv_max_b0.1_fro:protect_masked_new,final_benchmark,245760,960,0.00390625,1.0,0.0,0.003985571263342763,0.18611865063978286,0.0,0.0
qkv_max_b0.1_fro:protect_masked_new,heldout,245760,1644,0.006689453125,1.0,0.0,0.002331206561244873,0.31101021566401815,0.0,0.0
qkv_sum_b0.25_fro:all,calibration,245760,3418,0.013907877604166667,0.9959040374488005,0.004095962551199532,0.006863865322167081,0.6640655481857198,6.767705781385303e-05,0.05448923632502556
qkv_sum_b0.25_fro:all,development,245760,3880,0.015787760416666668,0.9948453608247423,0.005154639175257732,0.00794878953595529,0.7565660525284202,8.665743371238932e-05,0.021429743617773056
qkv_sum_b0.25_fro:all,final_benchmark,245760,3408,0.0138671875,0.9747652582159625,0.02523474178403756,0.031059001149222273,0.6440480806514153,0.0013283067382872105,0.43453770875930786
qkv_sum_b0.25_fro:all,heldout,245760,3635,0.014790852864583334,0.9950481430536451,0.0049518569463548835,0.007814304428689805,0.6842603102534998,8.145285391947255e-05,0.02242717519402504
qkv_sum_b0.25_fro:protect_masked_new,calibration,245760,1608,0.00654296875,0.9975124378109452,0.0024875621890547263,0.00637876416852221,0.3129145532579009,4.712321242550388e-05,0.020596859976649284
qkv_sum_b0.25_fro:protect_masked_new,development,245760,1906,0.0077555338541666664,0.9947534102833159,0.005246589716684155,0.009631125975419283,0.3716189729517836,0.00010698814003262669,0.022014474496245384
qkv_sum_b0.25_fro:protect_masked_new,final_benchmark,245760,960,0.00390625,1.0,0.0,0.003985571263342763,0.18611865063978286,0.0,0.0
qkv_sum_b0.25_fro:protect_masked_new,heldout,245760,1644,0.006689453125,1.0,0.0,0.002331206561244873,0.31101021566401815,0.0,0.0
qkv_max_b0.25_fro:all,calibration,245760,3418,0.013907877604166667,0.9959040374488005,0.004095962551199532,0.006863865322167081,0.6640655481857198,0.00015055951371323317,0.08116976916790009
qkv_max_b0.25_fro:all,development,245760,3870,0.0157470703125,0.9974160206718347,0.002583979328165375,0.004750276843780906,0.7565660525284202,9.777220839168876e-05,0.04507962614297867
qkv_max_b0.25_fro:all,final_benchmark,245760,3521,0.014326985677083333,0.9414938937801761,0.05850610621982391,0.06675014751160219,0.6426909654905002,0.004282028414309025,0.43453770875930786
qkv_max_b0.25_fro:all,heldout,245760,3649,0.014847819010416667,0.9909564264181968,0.009043573581803233,0.012672935642066651,0.6840711312902006,0.00021205148368608207,0.03685029596090317
qkv_max_b0.25_fro:protect_masked_new,calibration,245760,1608,0.00654296875,0.9975124378109452,0.0024875621890547263,0.00637876416852221,0.3129145532579009,4.718677882920019e-05,0.02069908007979393
qkv_max_b0.25_fro:protect_masked_new,development,245760,1900,0.007731119791666667,0.9978947368421053,0.002105263157894737,0.005400780605306859,0.3716189729517836,4.245325180818327e-05,0.021429743617773056
qkv_max_b0.25_fro:protect_masked_new,final_benchmark,245760,960,0.00390625,1.0,0.0,0.003985571263342763,0.18611865063978286,0.0,0.0
qkv_max_b0.25_fro:protect_masked_new,heldout,245760,1644,0.006689453125,1.0,0.0,0.002331206561244873,0.31101021566401815,0.0,0.0
qkv_sum_b0.5_fro:all,calibration,245760,3418,0.013907877604166667,0.9959040374488005,0.004095962551199532,0.006863865322167081,0.6640655481857198,6.485411722678691e-05,0.05448923632502556
qkv_sum_b0.5_fro:all,development,245760,3872,0.015755208333333333,0.996900826446281,0.0030991735537190084,0.005409552569259674,0.7565660525284202,4.1560124373063445e-05,0.014668683521449566
qkv_sum_b0.5_fro:all,final_benchmark,245760,3399,0.01383056640625,0.9776404824948515,0.022359517505148575,0.027895519077614225,0.6442419542458317,0.0011809259885922074,0.43453770875930786
qkv_sum_b0.5_fro:all,heldout,245760,3629,0.014766438802083334,0.9966933039404795,0.003306696059520529,0.005771209524829222,0.6842603102534998,4.8417874495498836e-05,0.016429753974080086
qkv_sum_b0.5_fro:protect_masked_new,calibration,245760,1608,0.00654296875,0.9975124378109452,0.0024875621890547263,0.00637876416852221,0.3129145532579009,4.712321242550388e-05,0.020596859976649284
qkv_sum_b0.5_fro:protect_masked_new,development,245760,1907,0.007759602864583334,0.994231777661248,0.0057682223387519665,0.01029966051604867,0.3716189729517836,0.00011646381608443335,0.022014474496245384
qkv_sum_b0.5_fro:protect_masked_new,final_benchmark,245760,960,0.00390625,1.0,0.0,0.003985571263342763,0.18611865063978286,0.0,0.0
qkv_sum_b0.5_fro:protect_masked_new,heldout,245760,1644,0.006689453125,1.0,0.0,0.002331206561244873,0.31101021566401815,0.0,0.0
qkv_max_b0.5_fro:all,calibration,245760,3433,0.013968912760416667,0.9915525779201865,0.008447422079813574,0.012105548384831497,0.6640655481857198,0.00020100967958569527,0.27294978499412537
qkv_max_b0.5_fro:all,development,245760,3880,0.015787760416666668,0.9948453608247423,0.005154639175257732,0.00794878953595529,0.7565660525284202,7.648258906556293e-05,0.01831984519958496
qkv_max_b0.5_fro:all,final_benchmark,245760,3425,0.013936360677083334,0.9696350364963504,0.030364963503649634,0.036658508342996866,0.6438542070569988,0.0007237865356728435,0.1253054440021515
qkv_max_b0.5_fro:all,heldout,245760,3642,0.0148193359375,0.9928610653487095,0.007138934651290499,0.010439957775077122,0.6840711312902006,0.00012188893015263602,0.02242717519402504
qkv_max_b0.5_fro:protect_masked_new,calibration,245760,1608,0.00654296875,0.9975124378109452,0.0024875621890547263,0.00637876416852221,0.3129145532579009,4.6787037717876956e-05,0.02005629427731037
qkv_max_b0.5_fro:protect_masked_new,development,245760,1903,0.007743326822916666,0.9963215974776668,0.0036784025223331584,0.007573594616383257,0.3716189729517836,6.94379850756377e-05,0.01960432529449463
qkv_max_b0.5_fro:protect_masked_new,final_benchmark,245760,960,0.00390625,1.0,0.0,0.003985571263342763,0.18611865063978286,0.0,0.0
qkv_max_b0.5_fro:protect_masked_new,heldout,245760,1646,0.006697591145833333,0.9987849331713244,0.001215066828675577,0.004419577549841403,0.31101021566401815,2.424930607958231e-05,0.020331701263785362
qkv_sum_b1_fro:all,calibration,245760,3418,0.013907877604166667,0.9959040374488005,0.004095962551199532,0.006863865322167081,0.6640655481857198,8.355410682270303e-05,0.12006471306085587
qkv_sum_b1_fro:all,development,245760,3958,0.016105143229166667,0.9964628600303184,0.0035371399696816574,0.005928819950904568,0.773030184241474,0.0008344464586116374,1.3342936038970947
qkv_sum_b1_fro:all,final_benchmark,245760,3383,0.013765462239583333,0.9825598581141,0.01744014188590009,0.02242996732117325,0.6444358278402481,0.0008635186241008341,0.21790747344493866
qkv_sum_b1_fro:all,heldout,245760,3626,0.014754231770833333,0.9975179260893546,0.002482073910645339,0.004710796463812146,0.6842603102534998,3.563961581676267e-05,0.016052132472395897
qkv_sum_b1_fro:protect_masked_new,calibration,245760,1608,0.00654296875,0.9975124378109452,0.0024875621890547263,0.00637876416852221,0.3129145532579009,4.712321242550388e-05,0.020596859976649284
qkv_sum_b1_fro:protect_masked_new,development,245760,1907,0.007759602864583334,0.994231777661248,0.0057682223387519665,0.01029966051604867,0.3716189729517836,0.0001086204792954959,0.021429743617773056
qkv_sum_b1_fro:protect_masked_new,final_benchmark,245760,960,0.00390625,1.0,0.0,0.003985571263342763,0.18611865063978286,0.0,0.0
qkv_sum_b1_fro:protect_masked_new,heldout,245760,1646,0.006697591145833333,0.9987849331713244,0.001215066828675577,0.004419577549841403,0.31101021566401815,1.9018700186279602e-05,0.015890996903181076
qkv_max_b1_fro:all,calibration,245760,3427,0.013944498697916667,0.995914794280712,0.004085205719288007,0.006845870739875678,0.6658213031603589,8.871462341630831e-05,0.0641169622540474
qkv_max_b1_fro:all,development,245760,3880,0.015787760416666668,0.9969072164948454,0.003092783505154639,0.005398415266784987,0.7581340650725206,5.7524535804986954e-05,0.013612073846161366
qkv_max_b1_fro:all,final_benchmark,245760,3349,0.013627115885416667,0.992236488504031,0.007763511495968946,0.011351373273614409,0.6442419542458317,0.00014359745546244085,0.04094287380576134
qkv_max_b1_fro:all,heldout,245760,3628,0.014762369791666667,0.9983461962513782,0.0016538037486218302,0.0036036589122635334,0.6852062050699962,3.463673056103289e-05,0.013085518032312393
qkv_max_b1_fro:protect_masked_new,calibration,245760,1608,0.00654296875,0.9975124378109452,0.0024875621890547263,0.00637876416852221,0.3129145532579009,3.7358371628215536e-05,0.015747006982564926
qkv_max_b1_fro:protect_masked_new,development,245760,1902,0.0077392578125,0.9968454258675079,0.0031545741324921135,0.006865507898669773,0.3716189729517836,4.7213685320457444e-05,0.015476739034056664
qkv_max_b1_fro:protect_masked_new,final_benchmark,245760,960,0.00390625,1.0,0.0,0.003985571263342763,0.18611865063978286,0.0,0.0
qkv_max_b1_fro:protect_masked_new,heldout,245760,1646,0.006697591145833333,0.9987849331713244,0.001215066828675577,0.004419577549841403,0.31101021566401815,1.9018700186279602e-05,0.015890996903181076
qkv_sum_b2_fro:all,calibration,245760,3424,0.013932291666666667,0.9959112149532711,0.0040887850467289715,0.00685185844141836,0.6652360515021459,7.980613736435771e-05,0.0641169622540474
qkv_sum_b2_fro:all,development,245760,3969,0.01614990234375,0.9962207105064248,0.003779289493575208,0.006226513410302898,0.7749901999215993,0.0008562346920371056,1.3342936038970947
qkv_sum_b2_fro:all,final_benchmark,245760,3359,0.013667805989583334,0.9916641857695743,0.008335814230425722,0.012021278589059168,0.6457929430011632,0.00015202265058178455,0.03208598122000694
qkv_sum_b2_fro:all,heldout,245760,3715,0.015116373697916666,0.9975773889636609,0.0024226110363391655,0.00459810154813031,0.7010972379871359,0.0017333166906610131,3.992147922515869
qkv_sum_b2_fro:protect_masked_new,calibration,245760,1608,0.00654296875,0.9975124378109452,0.0024875621890547263,0.00637876416852221,0.3129145532579009,3.878827556036413e-05,0.018046291545033455
qkv_sum_b2_fro:protect_masked_new,development,245760,1901,0.007735188802083333,0.997369805365597,0.0026301946344029457,0.006142493308764674,0.3716189729517836,4.303088644519448e-05,0.018538855016231537
qkv_sum_b2_fro:protect_masked_new,final_benchmark,245760,960,0.00390625,1.0,0.0,0.003985571263342763,0.18611865063978286,0.0,0.0
qkv_sum_b2_fro:protect_masked_new,heldout,245760,1647,0.00670166015625,0.9981785063752276,0.0018214936247723133,0.0053418189886401774,0.31101021566401815,2.8818732971558347e-05,0.016159674152731895
qkv_max_b2_fro:all,calibration,245760,3462,0.0140869140625,0.9959560947429231,0.004043905257076834,0.00677677966865386,0.6726492391728444,0.0001602515985723585,0.0326467864215374
qkv_max_b2_fro:all,development,245760,3943,0.016044108072916667,0.9936596500126808,0.0063403499873193,0.00934328632327024,0.7679341434731478,0.0001974719052668661,0.01596006751060486
qkv_max_b2_fro:all,final_benchmark,245760,3375,0.01373291015625,0.9917037037037038,0.008296296296296296,0.01196441349257171,0.6488949205118263,0.0001929664285853505,0.04094287380576134
qkv_max_b2_fro:all,heldout,245760,3667,0.014921061197916667,0.9945459503681483,0.00545404963185165,0.008409666734732603,0.6899356791524782,0.00013095496979076415,0.01196746714413166
qkv_max_b2_fro:protect_masked_new,calibration,245760,1608,0.00654296875,0.9975124378109452,0.0024875621890547263,0.00637876416852221,0.3129145532579009,3.7358371628215536e-05,0.015747006982564926
qkv_max_b2_fro:protect_masked_new,development,245760,1902,0.0077392578125,0.9968454258675079,0.0031545741324921135,0.006865507898669773,0.3716189729517836,4.7213685320457444e-05,0.015476739034056664
qkv_max_b2_fro:protect_masked_new,final_benchmark,245760,960,0.00390625,1.0,0.0,0.003985571263342763,0.18611865063978286,0.0,0.0
qkv_max_b2_fro:protect_masked_new,heldout,245760,1646,0.006697591145833333,0.9987849331713244,0.001215066828675577,0.004419577549841403,0.31101021566401815,1.9018700186279602e-05,0.015890996903181076
q_only_mean:all,calibration,245760,0,0.0,1.0,0.0,1.0,0.0,0.0,0.0
q_only_mean:all,development,245760,0,0.0,1.0,0.0,1.0,0.0,0.0,0.0
q_only_mean:all,final_benchmark,245760,0,0.0,1.0,0.0,1.0,0.0,0.0,0.0
q_only_mean:all,heldout,245760,0,0.0,1.0,0.0,1.0,0.0,0.0,0.0
q_only_mean:protect_masked_new,calibration,245760,1655,0.006734212239583333,0.9691842900302114,0.03081570996978852,0.04028928856017278,0.3129145532579009,0.0007743836613371968,0.03461696580052376
q_only_mean:protect_masked_new,development,245760,1990,0.008097330729166666,0.9527638190954774,0.04723618090452261,0.05746105586165328,0.3716189729517836,0.0013018574099987745,0.054850805550813675
q_only_mean:protect_masked_new,final_benchmark,245760,960,0.00390625,1.0,0.0,0.003985571263342763,0.18611865063978286,0.0,0.0
q_only_mean:protect_masked_new,heldout,245760,1689,0.00687255859375,0.9733570159857904,0.02664298401420959,0.035463255555316285,0.31101021566401815,0.0007337950519286096,0.03352545574307442
kv_only_max_mean:all,calibration,245760,4020,0.016357421875,0.9435323383084577,0.05646766169154229,0.06403556105392445,0.739953179867343,0.038817547261714935,2.4502155780792236
kv_only_max_mean:all,development,245760,4498,0.018302408854166667,0.9248554913294798,0.07514450867052024,0.08321641825574892,0.8153665229321835,0.050292860716581345,2.299692392349243
kv_only_max_mean:all,final_benchmark,245760,3984,0.0162109375,0.9332329317269077,0.06676706827309237,0.07494301890533508,0.7208220240403257,0.04303703457117081,2.3997297286987305
kv_only_max_mean:all,heldout,245760,4312,0.017545572916666665,0.9329777365491652,0.06702226345083488,0.07487797010200381,0.761066969353008,0.04724898934364319,5.023910045623779
kv_only_max_mean:protect_masked_new,calibration,245760,1608,0.00654296875,0.9975124378109452,0.0024875621890547263,0.00637876416852221,0.3129145532579009,3.7358371628215536e-05,0.015747006982564926
kv_only_max_mean:protect_masked_new,development,245760,1902,0.0077392578125,0.9968454258675079,0.0031545741324921135,0.006865507898669773,0.3716189729517836,4.7213685320457444e-05,0.015476739034056664
kv_only_max_mean:protect_masked_new,final_benchmark,245760,960,0.00390625,1.0,0.0,0.003985571263342763,0.18611865063978286,0.0,0.0
kv_only_max_mean:protect_masked_new,heldout,245760,1646,0.006697591145833333,0.9987849331713244,0.001215066828675577,0.004419577549841403,0.31101021566401815,1.9018700186279602e-05,0.015890996903181076
kv_only_sum_mean:all,calibration,245760,4012,0.016324869791666665,0.943419740777667,0.056580259222333,0.06416270171649963,0.7383925087787748,0.038876861333847046,2.4502155780792236
kv_only_sum_mean:all,development,245760,4491,0.01827392578125,0.9242930305054553,0.07570696949454464,0.08381136194544177,0.8136025088200706,0.050358135253190994,2.299692392349243
kv_only_sum_mean:all,final_benchmark,245760,3985,0.016215006510416668,0.9322459222082811,0.06775407779171895,0.07598079051373115,0.7202404032570764,0.04302454739809036,2.3997297286987305
kv_only_sum_mean:all,heldout,245760,4308,0.017529296875,0.9312906220984215,0.06870937790157845,0.07665374354899743,0.7589860007567159,0.04728345572948456,5.023910045623779
kv_only_sum_mean:protect_masked_new,calibration,245760,1608,0.00654296875,0.9975124378109452,0.0024875621890547263,0.00637876416852221,0.3129145532579009,3.7358371628215536e-05,0.015747006982564926
kv_only_sum_mean:protect_masked_new,development,245760,1902,0.0077392578125,0.9968454258675079,0.0031545741324921135,0.006865507898669773,0.3716189729517836,4.7213685320457444e-05,0.015476739034056664
kv_only_sum_mean:protect_masked_new,final_benchmark,245760,960,0.00390625,1.0,0.0,0.003985571263342763,0.18611865063978286,0.0,0.0
kv_only_sum_mean:protect_masked_new,heldout,245760,1644,0.006689453125,1.0,0.0,0.002331206561244873,0.31101021566401815,0.0,0.0
qk_max_mean:all,calibration,245760,3486,0.0141845703125,0.9948364888123924,0.0051635111876075735,0.0081476926030447,0.6765509168942645,0.002470259089022875,1.534963846206665
qk_max_mean:all,development,245760,4088,0.016634114583333335,0.988013698630137,0.011986301369863013,0.01581014391838798,0.7916503332026656,0.007397360634058714,1.4514695405960083
qk_max_mean:all,final_benchmark,245760,3506,0.014265950520833333,0.9808899030233885,0.019110096976611524,0.024196354204771633,0.6667312911981388,0.010686947032809258,1.498355746269226
qk_max_mean:all,heldout,245760,3695,0.015034993489583334,0.9983761840324763,0.0016238159675236806,0.0035384011096471772,0.697881195611048,0.0004473838780540973,1.0015822649002075
qk_max_mean:protect_masked_new,calibration,245760,1608,0.00654296875,0.9975124378109452,0.0024875621890547263,0.00637876416852221,0.3129145532579009,4.718677882920019e-05,0.02069908007979393
qk_max_mean:protect_masked_new,development,245760,1898,0.007722981770833333,0.9989462592202318,0.001053740779768177,0.003834066231501011,0.3716189729517836,2.060565930150915e-05,0.02060013636946678
qk_max_mean:protect_masked_new,final_benchmark,245760,960,0.00390625,1.0,0.0,0.003985571263342763,0.18611865063978286,0.0,0.0
qk_max_mean:protect_masked_new,heldout,245760,1644,0.006689453125,1.0,0.0,0.002331206561244873,0.31101021566401815,0.0,0.0
qk_sum_mean:all,calibration,245760,3486,0.0141845703125,0.9948364888123924,0.0051635111876075735,0.0081476926030447,0.6765509168942645,0.002474101260304451,1.534963846206665
qk_sum_mean:all,development,245760,4085,0.016621907552083332,0.9887392900856793,0.011260709914320686,0.014986547688192051,0.7916503332026656,0.007148541510105133,1.4514695405960083
qk_sum_mean:all,final_benchmark,245760,3501,0.01424560546875,0.982290774064553,0.017709225935447014,0.022636220887251406,0.6667312911981388,0.01066815946251154,1.498355746269226
qk_sum_mean:all,heldout,245760,3775,0.015360514322916666,0.9984105960264901,0.0015894039735099338,0.0034635116641981694,0.7130155126749905,0.000935214338824153,1.0928820371627808
qk_sum_mean:protect_masked_new,calibration,245760,1608,0.00654296875,0.9975124378109452,0.0024875621890547263,0.00637876416852221,0.3129145532579009,4.712321242550388e-05,0.020596859976649284
qk_sum_mean:protect_masked_new,development,245760,1906,0.0077555338541666664,0.9947534102833159,0.005246589716684155,0.009631125975419283,0.3716189729517836,0.00010698814003262669,0.022014474496245384
qk_sum_mean:protect_masked_new,final_benchmark,245760,960,0.00390625,1.0,0.0,0.003985571263342763,0.18611865063978286,0.0,0.0
qk_sum_mean:protect_masked_new,heldout,245760,1644,0.006689453125,1.0,0.0,0.002331206561244873,0.31101021566401815,0.0,0.0
qk_product_mean:all,calibration,245760,0,0.0,1.0,0.0,1.0,0.0,0.0,0.0
qk_product_mean:all,development,245760,0,0.0,1.0,0.0,1.0,0.0,0.0,0.0
qk_product_mean:all,final_benchmark,245760,0,0.0,1.0,0.0,1.0,0.0,0.0,0.0
qk_product_mean:all,heldout,245760,0,0.0,1.0,0.0,1.0,0.0,0.0,0.0
qk_product_mean:protect_masked_new,calibration,245760,1608,0.00654296875,0.9975124378109452,0.0024875621890547263,0.00637876416852221,0.3129145532579009,4.712321242550388e-05,0.020596859976649284
qk_product_mean:protect_masked_new,development,245760,1909,0.007767740885416667,0.9931901519119958,0.006809848088004191,0.011616539594483867,0.3716189729517836,0.0001397566229570657,0.022100349888205528
qk_product_mean:protect_masked_new,final_benchmark,245760,960,0.00390625,1.0,0.0,0.003985571263342763,0.18611865063978286,0.0,0.0
qk_product_mean:protect_masked_new,heldout,245760,1644,0.006689453125,1.0,0.0,0.002331206561244873,0.31101021566401815,0.0,0.0
qkv_sum_b0_mean:all,calibration,245760,3486,0.0141845703125,0.9948364888123924,0.0051635111876075735,0.0081476926030447,0.6765509168942645,0.002474101260304451,1.534963846206665
qkv_sum_b0_mean:all,development,245760,4085,0.016621907552083332,0.9887392900856793,0.011260709914320686,0.014986547688192051,0.7916503332026656,0.007148541510105133,1.4514695405960083
qkv_sum_b0_mean:all,final_benchmark,245760,3501,0.01424560546875,0.982290774064553,0.017709225935447014,0.022636220887251406,0.6667312911981388,0.01066815946251154,1.498355746269226
qkv_sum_b0_mean:all,heldout,245760,3775,0.015360514322916666,0.9984105960264901,0.0015894039735099338,0.0034635116641981694,0.7130155126749905,0.000935214338824153,1.0928820371627808
qkv_sum_b0_mean:protect_masked_new,calibration,245760,1608,0.00654296875,0.9975124378109452,0.0024875621890547263,0.00637876416852221,0.3129145532579009,4.712321242550388e-05,0.020596859976649284
qkv_sum_b0_mean:protect_masked_new,development,245760,1906,0.0077555338541666664,0.9947534102833159,0.005246589716684155,0.009631125975419283,0.3716189729517836,0.00010698814003262669,0.022014474496245384
qkv_sum_b0_mean:protect_masked_new,final_benchmark,245760,960,0.00390625,1.0,0.0,0.003985571263342763,0.18611865063978286,0.0,0.0
qkv_sum_b0_mean:protect_masked_new,heldout,245760,1644,0.006689453125,1.0,0.0,0.002331206561244873,0.31101021566401815,0.0,0.0
qkv_max_b0_mean:all,calibration,245760,3486,0.0141845703125,0.9948364888123924,0.0051635111876075735,0.0081476926030447,0.6765509168942645,0.002470259089022875,1.534963846206665
qkv_max_b0_mean:all,development,245760,4088,0.016634114583333335,0.988013698630137,0.011986301369863013,0.01581014391838798,0.7916503332026656,0.007397360634058714,1.4514695405960083
qkv_max_b0_mean:all,final_benchmark,245760,3506,0.014265950520833333,0.9808899030233885,0.019110096976611524,0.024196354204771633,0.6667312911981388,0.010686947032809258,1.498355746269226
qkv_max_b0_mean:all,heldout,245760,3695,0.015034993489583334,0.9983761840324763,0.0016238159675236806,0.0035384011096471772,0.697881195611048,0.0004473838780540973,1.0015822649002075
qkv_max_b0_mean:protect_masked_new,calibration,245760,1608,0.00654296875,0.9975124378109452,0.0024875621890547263,0.00637876416852221,0.3129145532579009,4.718677882920019e-05,0.02069908007979393
qkv_max_b0_mean:protect_masked_new,development,245760,1898,0.007722981770833333,0.9989462592202318,0.001053740779768177,0.003834066231501011,0.3716189729517836,2.060565930150915e-05,0.02060013636946678
qkv_max_b0_mean:protect_masked_new,final_benchmark,245760,960,0.00390625,1.0,0.0,0.003985571263342763,0.18611865063978286,0.0,0.0
qkv_max_b0_mean:protect_masked_new,heldout,245760,1644,0.006689453125,1.0,0.0,0.002331206561244873,0.31101021566401815,0.0,0.0
qkv_sum_b0.1_mean:all,calibration,245760,3486,0.0141845703125,0.9948364888123924,0.0051635111876075735,0.0081476926030447,0.6765509168942645,0.002474101260304451,1.534963846206665
qkv_sum_b0.1_mean:all,development,245760,4085,0.016621907552083332,0.9887392900856793,0.011260709914320686,0.014986547688192051,0.7916503332026656,0.007148541510105133,1.4514695405960083
qkv_sum_b0.1_mean:all,final_benchmark,245760,3501,0.01424560546875,0.982290774064553,0.017709225935447014,0.022636220887251406,0.6667312911981388,0.01066815946251154,1.498355746269226
qkv_sum_b0.1_mean:all,heldout,245760,3775,0.015360514322916666,0.9984105960264901,0.0015894039735099338,0.0034635116641981694,0.7130155126749905,0.000935214338824153,1.0928820371627808
qkv_sum_b0.1_mean:protect_masked_new,calibration,245760,1608,0.00654296875,0.9975124378109452,0.0024875621890547263,0.00637876416852221,0.3129145532579009,4.712321242550388e-05,0.020596859976649284
qkv_sum_b0.1_mean:protect_masked_new,development,245760,1906,0.0077555338541666664,0.9947534102833159,0.005246589716684155,0.009631125975419283,0.3716189729517836,0.00010698814003262669,0.022014474496245384
qkv_sum_b0.1_mean:protect_masked_new,final_benchmark,245760,960,0.00390625,1.0,0.0,0.003985571263342763,0.18611865063978286,0.0,0.0
qkv_sum_b0.1_mean:protect_masked_new,heldout,245760,1644,0.006689453125,1.0,0.0,0.002331206561244873,0.31101021566401815,0.0,0.0
qkv_max_b0.1_mean:all,calibration,245760,3486,0.0141845703125,0.9948364888123924,0.0051635111876075735,0.0081476926030447,0.6765509168942645,0.002470259089022875,1.534963846206665
qkv_max_b0.1_mean:all,development,245760,4088,0.016634114583333335,0.988013698630137,0.011986301369863013,0.01581014391838798,0.7916503332026656,0.007397360634058714,1.4514695405960083
qkv_max_b0.1_mean:all,final_benchmark,245760,3506,0.014265950520833333,0.9808899030233885,0.019110096976611524,0.024196354204771633,0.6667312911981388,0.010686947032809258,1.498355746269226
qkv_max_b0.1_mean:all,heldout,245760,3695,0.015034993489583334,0.9983761840324763,0.0016238159675236806,0.0035384011096471772,0.697881195611048,0.0004473838780540973,1.0015822649002075
qkv_max_b0.1_mean:protect_masked_new,calibration,245760,1608,0.00654296875,0.9975124378109452,0.0024875621890547263,0.00637876416852221,0.3129145532579009,4.718677882920019e-05,0.02069908007979393
qkv_max_b0.1_mean:protect_masked_new,development,245760,1898,0.007722981770833333,0.9989462592202318,0.001053740779768177,0.003834066231501011,0.3716189729517836,2.060565930150915e-05,0.02060013636946678
qkv_max_b0.1_mean:protect_masked_new,final_benchmark,245760,960,0.00390625,1.0,0.0,0.003985571263342763,0.18611865063978286,0.0,0.0
qkv_max_b0.1_mean:protect_masked_new,heldout,245760,1644,0.006689453125,1.0,0.0,0.002331206561244873,0.31101021566401815,0.0,0.0
qkv_sum_b0.25_mean:all,calibration,245760,3486,0.0141845703125,0.9948364888123924,0.0051635111876075735,0.0081476926030447,0.6765509168942645,0.002463964279741049,1.534963846206665
qkv_sum_b0.25_mean:all,development,245760,4100,0.016682942708333332,0.9851219512195122,0.014878048780487804,0.01906388497795878,0.7916503332026656,0.007182395551353693,1.4514695405960083
qkv_sum_b0.25_mean:all,final_benchmark,245760,3500,0.014241536458333334,0.9825714285714285,0.01742857142857143,0.022322823963049566,0.6667312911981388,0.010666358284652233,1.498355746269226
qkv_sum_b0.25_mean:all,heldout,245760,3865,0.015726725260416668,0.9961190168175937,0.0038809831824062097,0.006393794118257298,0.7283390087022323,0.00256326119415462,3.992147922515869
qkv_sum_b0.25_mean:protect_masked_new,calibration,245760,1608,0.00654296875,0.9975124378109452,0.0024875621890547263,0.00637876416852221,0.3129145532579009,4.712321242550388e-05,0.020596859976649284
qkv_sum_b0.25_mean:protect_masked_new,development,245760,1906,0.0077555338541666664,0.9947534102833159,0.005246589716684155,0.009631125975419283,0.3716189729517836,0.00010698814003262669,0.022014474496245384
qkv_sum_b0.25_mean:protect_masked_new,final_benchmark,245760,960,0.00390625,1.0,0.0,0.003985571263342763,0.18611865063978286,0.0,0.0
qkv_sum_b0.25_mean:protect_masked_new,heldout,245760,1644,0.006689453125,1.0,0.0,0.002331206561244873,0.31101021566401815,0.0,0.0
qkv_max_b0.25_mean:all,calibration,245760,3486,0.0141845703125,0.9948364888123924,0.0051635111876075735,0.0081476926030447,0.6765509168942645,0.002470259089022875,1.534963846206665
qkv_max_b0.25_mean:all,development,245760,4088,0.016634114583333335,0.988013698630137,0.011986301369863013,0.01581014391838798,0.7916503332026656,0.007397360634058714,1.4514695405960083
qkv_max_b0.25_mean:all,final_benchmark,245760,3506,0.014265950520833333,0.9808899030233885,0.019110096976611524,0.024196354204771633,0.6667312911981388,0.010686947032809258,1.498355746269226
qkv_max_b0.25_mean:all,heldout,245760,3695,0.015034993489583334,0.9983761840324763,0.0016238159675236806,0.0035384011096471772,0.697881195611048,0.0004473838780540973,1.0015822649002075
qkv_max_b0.25_mean:protect_masked_new,calibration,245760,1608,0.00654296875,0.9975124378109452,0.0024875621890547263,0.00637876416852221,0.3129145532579009,4.718677882920019e-05,0.02069908007979393
qkv_max_b0.25_mean:protect_masked_new,development,245760,1898,0.007722981770833333,0.9989462592202318,0.001053740779768177,0.003834066231501011,0.3716189729517836,2.060565930150915e-05,0.02060013636946678
qkv_max_b0.25_mean:protect_masked_new,final_benchmark,245760,960,0.00390625,1.0,0.0,0.003985571263342763,0.18611865063978286,0.0,0.0
qkv_max_b0.25_mean:protect_masked_new,heldout,245760,1644,0.006689453125,1.0,0.0,0.002331206561244873,0.31101021566401815,0.0,0.0
qkv_sum_b0.5_mean:all,calibration,245760,3486,0.0141845703125,0.9948364888123924,0.0051635111876075735,0.0081476926030447,0.6765509168942645,0.0024616641458123922,1.534963846206665
qkv_sum_b0.5_mean:all,development,245760,4091,0.016646321614583334,0.9872891713517478,0.012710828648252261,0.01662942543173362,0.7916503332026656,0.007155825849622488,1.4514695405960083
qkv_sum_b0.5_mean:all,final_benchmark,245760,3500,0.014241536458333334,0.9825714285714285,0.01742857142857143,0.022322823963049566,0.6667312911981388,0.010666358284652233,1.498355746269226
qkv_sum_b0.5_mean:all,heldout,245760,3864,0.01572265625,0.9963768115942029,0.0036231884057971015,0.006072828785079267,0.7283390087022323,0.0025593233294785023,3.992147922515869
qkv_sum_b0.5_mean:protect_masked_new,calibration,245760,1608,0.00654296875,0.9975124378109452,0.0024875621890547263,0.00637876416852221,0.3129145532579009,4.712321242550388e-05,0.020596859976649284
qkv_sum_b0.5_mean:protect_masked_new,development,245760,1907,0.007759602864583334,0.994231777661248,0.0057682223387519665,0.01029966051604867,0.3716189729517836,0.00011646381608443335,0.022014474496245384
qkv_sum_b0.5_mean:protect_masked_new,final_benchmark,245760,960,0.00390625,1.0,0.0,0.003985571263342763,0.18611865063978286,0.0,0.0
qkv_sum_b0.5_mean:protect_masked_new,heldout,245760,1644,0.006689453125,1.0,0.0,0.002331206561244873,0.31101021566401815,0.0,0.0
qkv_max_b0.5_mean:all,calibration,245760,3494,0.014217122395833334,0.9925586720091586,0.007441327990841442,0.010881265546792987,0.6765509168942645,0.002541046589612961,1.534963846206665
qkv_max_b0.5_mean:all,development,245760,4114,0.016739908854166666,0.9817695673310647,0.018230432668935342,0.022790679899094012,0.7916503332026656,0.00850466825067997,1.4514695405960083
qkv_max_b0.5_mean:all,final_benchmark,245760,3509,0.014278157552083334,0.9803362781419208,0.019663721858079224,0.02481027885954724,0.6669251647925553,0.012089524418115616,1.498355746269226
qkv_max_b0.5_mean:all,heldout,245760,3880,0.015787760416666668,0.9922680412371134,0.007731958762886598,0.0110162680599598,0.7283390087022323,0.004374398849904537,3.992147922515869
qkv_max_b0.5_mean:protect_masked_new,calibration,245760,1608,0.00654296875,0.9975124378109452,0.0024875621890547263,0.00637876416852221,0.3129145532579009,4.6862431190675125e-05,0.020177528262138367
qkv_max_b0.5_mean:protect_masked_new,development,245760,1904,0.0077473958333333336,0.9957983193277311,0.004201680672268907,0.008269368990192337,0.3716189729517836,7.887659012340009e-05,0.01960432529449463
qkv_max_b0.5_mean:protect_masked_new,final_benchmark,245760,960,0.00390625,1.0,0.0,0.003985571263342763,0.18611865063978286,0.0,0.0
qkv_max_b0.5_mean:protect_masked_new,heldout,245760,1646,0.006697591145833333,0.9987849331713244,0.001215066828675577,0.004419577549841403,0.31101021566401815,2.3089489332051016e-05,0.019582657143473625
qkv_sum_b1_mean:all,calibration,245760,3486,0.0141845703125,0.9948364888123924,0.0051635111876075735,0.0081476926030447,0.6765509168942645,0.0024616641458123922,1.534963846206665
qkv_sum_b1_mean:all,development,245760,4276,0.017399088541666666,0.9693638914873713,0.030636108512628626,0.03623746435435702,0.8124264994119953,0.021879250183701515,1.693751573562622
qkv_sum_b1_mean:all,final_benchmark,245760,3501,0.01424560546875,0.982290774064553,0.017709225935447014,0.022636220887251406,0.6667312911981388,0.01066700741648674,1.498355746269226
qkv_sum_b1_mean:all,heldout,245760,3977,0.016182454427083333,0.9959768669851647,0.004023133014835303,0.006525532407873552,0.7493378736284525,0.003520676400512457,3.992147922515869
qkv_sum_b1_mean:protect_masked_new,calibration,245760,1608,0.00654296875,0.9975124378109452,0.0024875621890547263,0.00637876416852221,0.3129145532579009,4.712321242550388e-05,0.020596859976649284
qkv_sum_b1_mean:protect_masked_new,development,245760,1908,0.007763671875,0.9937106918238994,0.006289308176100629,0.01096122512316083,0.3716189729517836,0.0001187991292681545,0.020755857229232788
qkv_sum_b1_mean:protect_masked_new,final_benchmark,245760,960,0.00390625,1.0,0.0,0.003985571263342763,0.18611865063978286,0.0,0.0
qkv_sum_b1_mean:protect_masked_new,heldout,245760,1646,0.006697591145833333,0.9987849331713244,0.001215066828675577,0.004419577549841403,0.31101021566401815,1.9018700186279602e-05,0.015890996903181076
qkv_max_b1_mean:all,calibration,245760,3496,0.014225260416666666,0.9945652173913043,0.005434782608695652,0.00847312259879389,0.6783066718689036,0.0025309354532510042,1.534963846206665
qkv_max_b1_mean:all,development,245760,4107,0.01671142578125,0.985390796201607,0.014609203798392988,0.018758481875687256,0.793218345746766,0.00847874116152525,1.4514695405960083
qkv_max_b1_mean:all,final_benchmark,245760,3510,0.0142822265625,0.98005698005698,0.019943019943019943,0.0251200455657672,0.6669251647925553,0.01208976749330759,1.498355746269226
qkv_max_b1_mean:all,heldout,245760,3878,0.015779622395833335,0.9940691077875193,0.00593089221248066,0.008884255697006875,0.7292849035187288,0.004358603153377771,3.992147922515869
qkv_max_b1_mean:protect_masked_new,calibration,245760,1608,0.00654296875,0.9975124378109452,0.0024875621890547263,0.00637876416852221,0.3129145532579009,3.7358371628215536e-05,0.015747006982564926
qkv_max_b1_mean:protect_masked_new,development,245760,1902,0.0077392578125,0.9968454258675079,0.0031545741324921135,0.006865507898669773,0.3716189729517836,4.7213685320457444e-05,0.015476739034056664
qkv_max_b1_mean:protect_masked_new,final_benchmark,245760,960,0.00390625,1.0,0.0,0.003985571263342763,0.18611865063978286,0.0,0.0
qkv_max_b1_mean:protect_masked_new,heldout,245760,1646,0.006697591145833333,0.9987849331713244,0.001215066828675577,0.004419577549841403,0.31101021566401815,1.9018700186279602e-05,0.015890996903181076
qkv_sum_b2_mean:all,calibration,245760,3516,0.014306640625,0.9948805460750854,0.005119453924914676,0.008078299743810814,0.6824034334763949,0.002836687723174691,1.765567660331726
qkv_sum_b2_mean:all,development,245760,4289,0.017451985677083334,0.9687572860806715,0.031242713919328514,0.036883302506091176,0.8143865150921208,0.021842146292328835,1.693751573562622
qkv_sum_b2_mean:all,final_benchmark,245760,3499,0.014237467447916667,0.9834238353815375,0.016576164618462418,0.0213675770981722,0.6671190383869717,0.009866658598184586,1.498355746269226
qkv_sum_b2_mean:all,heldout,245760,4023,0.01636962890625,0.99602286850609,0.003977131493910017,0.00645103257482238,0.7580401059402194,0.003573225112631917,3.992147922515869
qkv_sum_b2_mean:protect_masked_new,calibration,245760,1608,0.00654296875,0.9975124378109452,0.0024875621890547263,0.00637876416852221,0.3129145532579009,4.057955084135756e-05,0.018317148089408875
qkv_sum_b2_mean:protect_masked_new,development,245760,1900,0.007731119791666667,0.9978947368421053,0.002105263157894737,0.005400780605306859,0.3716189729517836,3.5188197216484696e-05,0.018538855016231537
qkv_sum_b2_mean:protect_masked_new,final_benchmark,245760,960,0.00390625,1.0,0.0,0.003985571263342763,0.18611865063978286,0.0,0.0
qkv_sum_b2_mean:protect_masked_new,heldout,245760,1646,0.006697591145833333,0.9987849331713244,0.001215066828675577,0.004419577549841403,0.31101021566401815,1.9018700186279602e-05,0.015890996903181076
qkv_max_b2_mean:all,calibration,245760,3531,0.01436767578125,0.9949022939677146,0.005097706032285472,0.008044044691238188,0.6853296917674601,0.0028621035162359476,1.765567660331726
qkv_max_b2_mean:all,development,245760,4297,0.017484537760416665,0.9697463346520828,0.030253665347917152,0.035809453748990853,0.8167385339082712,0.021813174709677696,1.693751573562622
qkv_max_b2_mean:all,final_benchmark,245760,3509,0.014278157552083334,0.9829011114277572,0.017098888572242805,0.02194640673879127,0.6686700271423032,0.009863980114459991,1.498355746269226
qkv_max_b2_mean:all,heldout,245760,4007,0.016304524739583333,0.9952582979785376,0.004741702021462441,0.0073943289891287315,0.7544457056375331,0.0034569420386105776,3.992147922515869
qkv_max_b2_mean:protect_masked_new,calibration,245760,1608,0.00654296875,0.9975124378109452,0.0024875621890547263,0.00637876416852221,0.3129145532579009,3.7358371628215536e-05,0.015747006982564926
qkv_max_b2_mean:protect_masked_new,development,245760,1902,0.0077392578125,0.9968454258675079,0.0031545741324921135,0.006865507898669773,0.3716189729517836,4.7213685320457444e-05,0.015476739034056664
qkv_max_b2_mean:protect_masked_new,final_benchmark,245760,960,0.00390625,1.0,0.0,0.003985571263342763,0.18611865063978286,0.0,0.0
qkv_max_b2_mean:protect_masked_new,heldout,245760,1646,0.006697591145833333,0.9987849331713244,0.001215066828675577,0.004419577549841403,0.31101021566401815,1.9018700186279602e-05,0.015890996903181076
q_only_max:all,calibration,245760,0,0.0,1.0,0.0,1.0,0.0,0.0,0.0
q_only_max:all,development,245760,0,0.0,1.0,0.0,1.0,0.0,0.0,0.0
q_only_max:all,final_benchmark,245760,0,0.0,1.0,0.0,1.0,0.0,0.0,0.0
q_only_max:all,heldout,245760,0,0.0,1.0,0.0,1.0,0.0,0.0,0.0
q_only_max:protect_masked_new,calibration,245760,1655,0.006734212239583333,0.9691842900302114,0.03081570996978852,0.04028928856017278,0.3129145532579009,0.0007743836613371968,0.03461696580052376
q_only_max:protect_masked_new,development,245760,1990,0.008097330729166666,0.9527638190954774,0.04723618090452261,0.05746105586165328,0.3716189729517836,0.0013018574099987745,0.054850805550813675
q_only_max:protect_masked_new,final_benchmark,245760,960,0.00390625,1.0,0.0,0.003985571263342763,0.18611865063978286,0.0,0.0
q_only_max:protect_masked_new,heldout,245760,1689,0.00687255859375,0.9733570159857904,0.02664298401420959,0.035463255555316285,0.31101021566401815,0.0007337950519286096,0.03352545574307442
kv_only_max_max:all,calibration,245760,4020,0.016357421875,0.9435323383084577,0.05646766169154229,0.06403556105392445,0.739953179867343,0.03881668671965599,2.4502155780792236
kv_only_max_max:all,development,245760,4504,0.018326822916666666,0.9229573712255773,0.07704262877442274,0.08519571177879945,0.8147785182281458,0.05024566873908043,2.299692392349243
kv_only_max_max:all,final_benchmark,245760,3986,0.016219075520833334,0.9322629202207727,0.0677370797792273,0.07596181786907212,0.7204342768514929,0.04301595687866211,2.3997297286987305
kv_only_max_max:all,heldout,245760,4323,0.01759033203125,0.9301411057136248,0.0698588942863752,0.0778457282749459,0.7606886114264094,0.04715424031019211,5.023910045623779
kv_only_max_max:protect_masked_new,calibration,245760,1608,0.00654296875,0.9975124378109452,0.0024875621890547263,0.00637876416852221,0.3129145532579009,3.749862662516534e-05,0.01597253605723381
kv_only_max_max:protect_masked_new,development,245760,1900,0.007731119791666667,0.9978947368421053,0.002105263157894737,0.005400780605306859,0.3716189729517836,3.324552017147653e-05,0.017992105334997177
kv_only_max_max:protect_masked_new,final_benchmark,245760,960,0.00390625,1.0,0.0,0.003985571263342763,0.18611865063978286,0.0,0.0
kv_only_max_max:protect_masked_new,heldout,245760,1646,0.006697591145833333,0.9987849331713244,0.001215066828675577,0.004419577549841403,0.31101021566401815,1.9471852283459157e-05,0.016159674152731895
kv_only_sum_max:all,calibration,245760,4010,0.016316731770833332,0.9433915211970075,0.056608478802992516,0.0641945658018221,0.7380023410066329,0.038892265409231186,2.4502155780792236
kv_only_sum_max:all,development,245760,4495,0.018290201822916668,0.9232480533926585,0.07675194660734148,0.08490034327140714,0.813406507252058,0.0503275990486145,2.299692392349243
kv_only_sum_max:all,final_benchmark,245760,3980,0.016194661458333332,0.9326633165829146,0.06733668341708543,0.07554695385891677,0.7196587824738271,0.0430658794939518,2.3997297286987305
kv_only_sum_max:all,heldout,245760,4303,0.017508951822916667,0.9314431791773181,0.06855682082268184,0.07649841055648637,0.7582292849035187,0.047328487038612366,5.023910045623779
kv_only_sum_max:protect_masked_new,calibration,245760,1608,0.00654296875,0.9975124378109452,0.0024875621890547263,0.00637876416852221,0.3129145532579009,3.7358371628215536e-05,0.015747006982564926
kv_only_sum_max:protect_masked_new,development,245760,1901,0.007735188802083333,0.997369805365597,0.0026301946344029457,0.006142493308764674,0.3716189729517836,4.07675324822776e-05,0.017992105334997177
kv_only_sum_max:protect_masked_new,final_benchmark,245760,960,0.00390625,1.0,0.0,0.003985571263342763,0.18611865063978286,0.0,0.0
kv_only_sum_max:protect_masked_new,heldout,245760,1646,0.006697591145833333,0.9987849331713244,0.001215066828675577,0.004419577549841403,0.31101021566401815,1.9958764823968522e-05,0.016961131244897842
qk_max_max:all,calibration,245760,3435,0.01397705078125,0.9909752547307132,0.009024745269286753,0.012781190740889936,0.6640655481857198,0.00018757584621198475,0.08731726557016373
qk_max_max:all,development,245760,3936,0.016015625,0.9806910569105691,0.019308943089430895,0.024100004847022162,0.7565660525284202,0.0005180848529562354,0.05378909409046173
qk_max_max:all,final_benchmark,245760,3609,0.01468505859375,0.9177057356608479,0.08229426433915212,0.0917104774588769,0.6421093447072509,0.005246136337518692,0.18950016796588898
qk_max_max:all,heldout,245760,3714,0.0151123046875,0.9736133548734518,0.026386645126548196,0.032051338240795646,0.6840711312902006,0.0006595149170607328,0.040781691670417786
qk_max_max:protect_masked_new,calibration,245760,1608,0.00654296875,0.9975124378109452,0.0024875621890547263,0.00637876416852221,0.3129145532579009,5.49110300198663e-05,0.023081477731466293
qk_max_max:protect_masked_new,development,245760,1955,0.007954915364583334,0.9698209718670077,0.03017902813299233,0.038732327582749866,0.3716189729517836,0.0007734084501862526,0.03746844083070755
qk_max_max:protect_masked_new,final_benchmark,245760,960,0.00390625,1.0,0.0,0.003985571263342763,0.18611865063978286,0.0,0.0
qk_max_max:protect_masked_new,heldout,245760,1698,0.0069091796875,0.9681978798586572,0.03180212014134275,0.041262458387652565,0.31101021566401815,0.0008578072884120047,0.03633774071931839
qk_sum_max:all,calibration,245760,3418,0.013907877604166667,0.9959040374488005,0.004095962551199532,0.006863865322167081,0.6640655481857198,7.574439950985834e-05,0.08731726557016373
qk_sum_max:all,development,245760,3922,0.015958658854166665,0.98419173890872,0.01580826109127996,0.02021249308333845,0.7565660525284202,0.0003617001639213413,0.05378909409046173
qk_sum_max:all,final_benchmark,245760,3545,0.014424641927083334,0.9348377997179126,0.06516220028208744,0.07376679881339897,0.6424970918960837,0.004191933199763298,0.18950016796588898
qk_sum_max:all,heldout,245760,3667,0.014921061197916667,0.9860921734387783,0.013907826561221708,0.018238892317806423,0.6840711312902006,0.0002987681364174932,0.032567959278821945
qk_sum_max:protect_masked_new,calibration,245760,1608,0.00654296875,0.9975124378109452,0.0024875621890547263,0.00637876416852221,0.3129145532579009,5.831638554809615e-05,0.025126680731773376
qk_sum_max:protect_masked_new,development,245760,1970,0.008015950520833334,0.9624365482233502,0.03756345177664975,0.04689962695267102,0.3716189729517836,0.0009852247312664986,0.03767460957169533
qk_sum_max:protect_masked_new,final_benchmark,245760,960,0.00390625,1.0,0.0,0.003985571263342763,0.18611865063978286,0.0,0.0
qk_sum_max:protect_masked_new,heldout,245760,1713,0.00697021484375,0.9597197898423818,0.040280210157618214,0.05066593925175312,0.31101021566401815,0.0009866536129266024,0.03633774071931839
qk_product_max:all,calibration,245760,0,0.0,1.0,0.0,1.0,0.0,0.0,0.0
qk_product_max:all,development,245760,0,0.0,1.0,0.0,1.0,0.0,0.0,0.0
qk_product_max:all,final_benchmark,245760,0,0.0,1.0,0.0,1.0,0.0,0.0,0.0
qk_product_max:all,heldout,245760,0,0.0,1.0,0.0,1.0,0.0,0.0,0.0
qk_product_max:protect_masked_new,calibration,245760,1608,0.00654296875,0.9975124378109452,0.0024875621890547263,0.00637876416852221,0.3129145532579009,5.831638554809615e-05,0.025126680731773376
qk_product_max:protect_masked_new,development,245760,1959,0.00797119140625,0.9678407350689127,0.03215926493108729,0.0409331715055729,0.3716189729517836,0.0008251216495409608,0.03767460957169533
qk_product_max:protect_masked_new,final_benchmark,245760,960,0.00390625,1.0,0.0,0.003985571263342763,0.18611865063978286,0.0,0.0
qk_product_max:protect_masked_new,heldout,245760,1686,0.0068603515625,0.9750889679715302,0.02491103202846975,0.033500037360574914,0.31101021566401815,0.0006196907488629222,0.032567959278821945
qkv_sum_b0_max:all,calibration,245760,3418,0.013907877604166667,0.9959040374488005,0.004095962551199532,0.006863865322167081,0.6640655481857198,7.574439950985834e-05,0.08731726557016373
qkv_sum_b0_max:all,development,245760,3922,0.015958658854166665,0.98419173890872,0.01580826109127996,0.02021249308333845,0.7565660525284202,0.0003617001639213413,0.05378909409046173
qkv_sum_b0_max:all,final_benchmark,245760,3545,0.014424641927083334,0.9348377997179126,0.06516220028208744,0.07376679881339897,0.6424970918960837,0.004191933199763298,0.18950016796588898
qkv_sum_b0_max:all,heldout,245760,3667,0.014921061197916667,0.9860921734387783,0.013907826561221708,0.018238892317806423,0.6840711312902006,0.0002987681364174932,0.032567959278821945
qkv_sum_b0_max:protect_masked_new,calibration,245760,1608,0.00654296875,0.9975124378109452,0.0024875621890547263,0.00637876416852221,0.3129145532579009,5.831638554809615e-05,0.025126680731773376
qkv_sum_b0_max:protect_masked_new,development,245760,1970,0.008015950520833334,0.9624365482233502,0.03756345177664975,0.04689962695267102,0.3716189729517836,0.0009852247312664986,0.03767460957169533
qkv_sum_b0_max:protect_masked_new,final_benchmark,245760,960,0.00390625,1.0,0.0,0.003985571263342763,0.18611865063978286,0.0,0.0
qkv_sum_b0_max:protect_masked_new,heldout,245760,1713,0.00697021484375,0.9597197898423818,0.040280210157618214,0.05066593925175312,0.31101021566401815,0.0009866536129266024,0.03633774071931839
qkv_max_b0_max:all,calibration,245760,3435,0.01397705078125,0.9909752547307132,0.009024745269286753,0.012781190740889936,0.6640655481857198,0.00018757584621198475,0.08731726557016373
qkv_max_b0_max:all,development,245760,3936,0.016015625,0.9806910569105691,0.019308943089430895,0.024100004847022162,0.7565660525284202,0.0005180848529562354,0.05378909409046173
qkv_max_b0_max:all,final_benchmark,245760,3609,0.01468505859375,0.9177057356608479,0.08229426433915212,0.0917104774588769,0.6421093447072509,0.005246136337518692,0.18950016796588898
qkv_max_b0_max:all,heldout,245760,3714,0.0151123046875,0.9736133548734518,0.026386645126548196,0.032051338240795646,0.6840711312902006,0.0006595149170607328,0.040781691670417786
qkv_max_b0_max:protect_masked_new,calibration,245760,1608,0.00654296875,0.9975124378109452,0.0024875621890547263,0.00637876416852221,0.3129145532579009,5.49110300198663e-05,0.023081477731466293
qkv_max_b0_max:protect_masked_new,development,245760,1955,0.007954915364583334,0.9698209718670077,0.03017902813299233,0.038732327582749866,0.3716189729517836,0.0007734084501862526,0.03746844083070755
qkv_max_b0_max:protect_masked_new,final_benchmark,245760,960,0.00390625,1.0,0.0,0.003985571263342763,0.18611865063978286,0.0,0.0
qkv_max_b0_max:protect_masked_new,heldout,245760,1698,0.0069091796875,0.9681978798586572,0.03180212014134275,0.041262458387652565,0.31101021566401815,0.0008578072884120047,0.03633774071931839
qkv_sum_b0.1_max:all,calibration,245760,3418,0.013907877604166667,0.9959040374488005,0.004095962551199532,0.006863865322167081,0.6640655481857198,7.03618279658258e-05,0.06891966611146927
qkv_sum_b0.1_max:all,development,245760,3893,0.015840657552083335,0.9915232468533265,0.008476753146673517,0.011880232797186063,0.7565660525284202,0.00014589431521017104,0.02557598613202572
qkv_sum_b0.1_max:all,final_benchmark,245760,3489,0.01419677734375,0.9498423617082259,0.050157638291774144,0.057907839587235235,0.6424970918960837,0.0033492306247353554,0.18950016796588898
qkv_sum_b0.1_max:all,heldout,245760,3640,0.014811197916666666,0.9934065934065934,0.006593406593406593,0.009792327547258313,0.6840711312902006,0.00011847647692775354,0.027507733553647995
qkv_sum_b0.1_max:protect_masked_new,calibration,245760,1608,0.00654296875,0.9975124378109452,0.0024875621890547263,0.00637876416852221,0.3129145532579009,5.5316169891739264e-05,0.023509766906499863
qkv_sum_b0.1_max:protect_masked_new,development,245760,1946,0.007918294270833333,0.9743062692702981,0.025693730729701953,0.033712867446007384,0.3716189729517836,0.0006113435374572873,0.03746844083070755
qkv_sum_b0.1_max:protect_masked_new,final_benchmark,245760,960,0.00390625,1.0,0.0,0.003985571263342763,0.18611865063978286,0.0,0.0
qkv_sum_b0.1_max:protect_masked_new,heldout,245760,1708,0.006949869791666666,0.9625292740046838,0.03747072599531616,0.04756475424127029,0.31101021566401815,0.0008561674039810896,0.032567959278821945
qkv_max_b0.1_max:all,calibration,245760,3435,0.01397705078125,0.9909752547307132,0.009024745269286753,0.012781190740889936,0.6640655481857198,0.00018757584621198475,0.08731726557016373
qkv_max_b0.1_max:all,development,245760,3936,0.016015625,0.9806910569105691,0.019308943089430895,0.024100004847022162,0.7565660525284202,0.0005180848529562354,0.05378909409046173
qkv_max_b0.1_max:all,final_benchmark,245760,3609,0.01468505859375,0.9177057356608479,0.08229426433915212,0.0917104774588769,0.6421093447072509,0.005246136337518692,0.18950016796588898
qkv_max_b0.1_max:all,heldout,245760,3714,0.0151123046875,0.9736133548734518,0.026386645126548196,0.032051338240795646,0.6840711312902006,0.0006595149170607328,0.040781691670417786
qkv_max_b0.1_max:protect_masked_new,calibration,245760,1608,0.00654296875,0.9975124378109452,0.0024875621890547263,0.00637876416852221,0.3129145532579009,5.49110300198663e-05,0.023081477731466293
qkv_max_b0.1_max:protect_masked_new,development,245760,1955,0.007954915364583334,0.9698209718670077,0.03017902813299233,0.038732327582749866,0.3716189729517836,0.0007734084501862526,0.03746844083070755
qkv_max_b0.1_max:protect_masked_new,final_benchmark,245760,960,0.00390625,1.0,0.0,0.003985571263342763,0.18611865063978286,0.0,0.0
qkv_max_b0.1_max:protect_masked_new,heldout,245760,1698,0.0069091796875,0.9681978798586572,0.03180212014134275,0.041262458387652565,0.31101021566401815,0.0008578072884120047,0.03633774071931839
qkv_sum_b0.25_max:all,calibration,245760,3418,0.013907877604166667,0.9959040374488005,0.004095962551199532,0.006863865322167081,0.6640655481857198,6.939937884453684e-05,0.06891966611146927
qkv_sum_b0.25_max:all,development,245760,3881,0.015791829427083334,0.9945890234475651,0.0054109765524349394,0.008258174106306871,0.7565660525284202,8.258617162937298e-05,0.021429743617773056
qkv_sum_b0.25_max:all,final_benchmark,245760,3450,0.0140380859375,0.961159420289855,0.03884057971014493,0.04581760738857491,0.6428848390849167,0.002602154854685068,0.18950016796588898
qkv_sum_b0.25_max:all,heldout,245760,3630,0.0147705078125,0.9964187327823691,0.003581267217630854,0.006117942662089152,0.6842603102534998,5.41968438483309e-05,0.017779240384697914
qkv_sum_b0.25_max:protect_masked_new,calibration,245760,1608,0.00654296875,0.9975124378109452,0.0024875621890547263,0.00637876416852221,0.3129145532579009,5.44854010513518e-05,0.023509766906499863
qkv_sum_b0.25_max:protect_masked_new,development,245760,1941,0.00789794921875,0.9768160741885626,0.023183925811437404,0.030879869048353478,0.3716189729517836,0.0005026645376347005,0.02769649773836136
qkv_sum_b0.25_max:protect_masked_new,final_benchmark,245760,960,0.00390625,1.0,0.0,0.003985571263342763,0.18611865063978286,0.0,0.0
qkv_sum_b0.25_max:protect_masked_new,heldout,245760,1699,0.006913248697916667,0.9676280164802825,0.032371983519717484,0.041899048259071585,0.31101021566401815,0.0006936246063560247,0.03002920001745224
qkv_max_b0.25_max:all,calibration,245760,3435,0.01397705078125,0.9909752547307132,0.009024745269286753,0.012781190740889936,0.6640655481857198,0.00018757584621198475,0.08731726557016373
qkv_max_b0.25_max:all,development,245760,3933,0.01600341796875,0.9814391050088991,0.018560894991100942,0.023272806633465693,0.7565660525284202,0.0004922269727103412,0.05378909409046173
qkv_max_b0.25_max:all,final_benchmark,245760,3598,0.014640299479166667,0.9205113952195665,0.07948860478043357,0.0887823753542918,0.6421093447072509,0.004922718740999699,0.18950016796588898
qkv_max_b0.25_max:all,heldout,245760,3708,0.015087890625,0.9751887810140237,0.02481121898597627,0.030331160297633986,0.6840711312902006,0.0006042317836545408,0.040781691670417786
qkv_max_b0.25_max:protect_masked_new,calibration,245760,1608,0.00654296875,0.9975124378109452,0.0024875621890547263,0.00637876416852221,0.3129145532579009,5.49110300198663e-05,0.023081477731466293
qkv_max_b0.25_max:protect_masked_new,development,245760,1952,0.007942708333333333,0.9713114754098361,0.028688524590163935,0.03706992120305302,0.3716189729517836,0.000721700896974653,0.03746844083070755
qkv_max_b0.25_max:protect_masked_new,final_benchmark,245760,960,0.00390625,1.0,0.0,0.003985571263342763,0.18611865063978286,0.0,0.0
qkv_max_b0.25_max:protect_masked_new,heldout,245760,1694,0.0068929036458333336,0.9704840613931524,0.0295159386068477,0.038700991963307,0.31101021566401815,0.0007769414223730564,0.03543604910373688
qkv_sum_b0.5_max:all,calibration,245760,3418,0.013907877604166667,0.9959040374488005,0.004095962551199532,0.006863865322167081,0.6640655481857198,6.859067070763558e-05,0.06891966611146927
qkv_sum_b0.5_max:all,development,245760,3877,0.015775553385416665,0.9956151663657468,0.004384833634253288,0.007011298329208497,0.7565660525284202,6.381654384313151e-05,0.02012188732624054
qkv_sum_b0.5_max:all,final_benchmark,245760,3434,0.013972981770833334,0.9659289458357601,0.03407105416423995,0.040678151718729384,0.643078712679333,0.0019465391524136066,0.09559104591608047
qkv_sum_b0.5_max:all,heldout,245760,3624,0.01474609375,0.9980684326710817,0.0019315673289183224,0.0039819536790189165,0.6842603102534998,2.8359030693536624e-05,0.015094198286533356
qkv_sum_b0.5_max:protect_masked_new,calibration,245760,1608,0.00654296875,0.9975124378109452,0.0024875621890547263,0.00637876416852221,0.3129145532579009,5.2924820920452476e-05,0.023509766906499863
qkv_sum_b0.5_max:protect_masked_new,development,245760,1923,0.00782470703125,0.9859594383775351,0.014040561622464899,0.02035146334263481,0.3716189729517836,0.00028785105678252876,0.02529710717499256
qkv_sum_b0.5_max:protect_masked_new,final_benchmark,245760,960,0.00390625,1.0,0.0,0.003985571263342763,0.18611865063978286,0.0,0.0
qkv_sum_b0.5_max:protect_masked_new,heldout,245760,1677,0.00682373046875,0.9803220035778175,0.01967799642218247,0.02750574333048516,0.31101021566401815,0.0003932776744477451,0.02546817436814308
qkv_max_b0.5_max:all,calibration,245760,3427,0.013944498697916667,0.9932885906040269,0.006711409395973154,0.010051081498674867,0.6640655481857198,0.00012209077249281108,0.06891966611146927
qkv_max_b0.5_max:all,development,245760,3869,0.015743001302083334,0.9976738175239079,0.0023261824760920135,0.004415331900812965,0.7565660525284202,3.805858068517409e-05,0.02012188732624054
qkv_max_b0.5_max:all,final_benchmark,245760,3401,0.013838704427083333,0.9738312261099676,0.026168773890032342,0.032092028378288964,0.6421093447072509,0.0010170580353587866,0.06604724377393723
qkv_max_b0.5_max:all,heldout,245760,3638,0.014803059895833333,0.9939527212754261,0.006047278724573941,0.009139616815275644,0.6840711312902006,0.00010116161865880713,0.02073134109377861
qkv_max_b0.5_max:protect_masked_new,calibration,245760,1608,0.00654296875,0.9975124378109452,0.0024875621890547263,0.00637876416852221,0.3129145532579009,5.571594738285057e-05,0.023467792198061943
qkv_max_b0.5_max:protect_masked_new,development,245760,1905,0.00775146484375,0.9952755905511811,0.004724409448818898,0.008954734047411756,0.3716189729517836,9.738621884025633e-05,0.022640837356448174
qkv_max_b0.5_max:protect_masked_new,final_benchmark,245760,960,0.00390625,1.0,0.0,0.003985571263342763,0.18611865063978286,0.0,0.0
qkv_max_b0.5_max:protect_masked_new,heldout,245760,1664,0.0067708333333333336,0.9879807692307693,0.01201923076923077,0.018492362961565596,0.31101021566401815,0.0002233105624327436,0.02246728353202343
qkv_sum_b1_max:all,calibration,245760,3418,0.013907877604166667,0.9959040374488005,0.004095962551199532,0.006863865322167081,0.6640655481857198,6.19396596448496e-05,0.04618650674819946
qkv_sum_b1_max:all,development,245760,3872,0.015755208333333333,0.996900826446281,0.0030991735537190084,0.005409552569259674,0.7565660525284202,4.1135881474474445e-05,0.015604325570166111
qkv_sum_b1_max:all,final_benchmark,245760,3412,0.013883463541666667,0.9733294255568582,0.026670574443141852,0.0326321680127768,0.6438542070569988,0.0012100330786779523,0.07372431457042694
qkv_sum_b1_max:all,heldout,245760,3624,0.01474609375,0.9980684326710817,0.0019315673289183224,0.0039819536790189165,0.6842603102534998,2.7322728783474304e-05,0.015094198286533356
qkv_sum_b1_max:protect_masked_new,calibration,245760,1608,0.00654296875,0.9975124378109452,0.0024875621890547263,0.00637876416852221,0.3129145532579009,3.9747581467963755e-05,0.018046291545033455
qkv_sum_b1_max:protect_masked_new,development,245760,1907,0.007759602864583334,0.994231777661248,0.0057682223387519665,0.01029966051604867,0.3716189729517836,0.00010678676335373893,0.021429743617773056
qkv_sum_b1_max:protect_masked_new,final_benchmark,245760,960,0.00390625,1.0,0.0,0.003985571263342763,0.18611865063978286,0.0,0.0
qkv_sum_b1_max:protect_masked_new,heldout,245760,1658,0.006746419270833333,0.991556091676719,0.008443908323281062,0.014123844782572536,0.31101021566401815,0.00015191375860013068,0.022273913025856018
qkv_max_b1_max:all,calibration,245760,3424,0.013932291666666667,0.9944509345794392,0.005549065420560747,0.008650956754188416,0.6642606320717909,9.728525765240192e-05,0.03590196743607521
qkv_max_b1_max:all,development,245760,3883,0.015799967447916667,0.9951068761267061,0.004893123873293845,0.007630063912884453,0.7573500588004703,7.406935765175149e-05,0.014706485904753208
qkv_max_b1_max:all,final_benchmark,245760,3352,0.013639322916666667,0.9904534606205251,0.00954653937947494,0.013445460785373042,0.6436603334625824,0.00021713922615163028,0.04550222307443619
qkv_max_b1_max:all,heldout,245760,3631,0.014774576822916666,0.9969705315340127,0.003029468465987331,0.005416899912142514,0.6848278471433976,4.739314681501128e-05,0.013556431047618389
qkv_max_b1_max:protect_masked_new,calibration,245760,1608,0.00654296875,0.9975124378109452,0.0024875621890547263,0.00637876416852221,0.3129145532579009,3.749862662516534e-05,0.01597253605723381
qkv_max_b1_max:protect_masked_new,development,245760,1900,0.007731119791666667,0.9978947368421053,0.002105263157894737,0.005400780605306859,0.3716189729517836,3.324552017147653e-05,0.017992105334997177
qkv_max_b1_max:protect_masked_new,final_benchmark,245760,960,0.00390625,1.0,0.0,0.003985571263342763,0.18611865063978286,0.0,0.0
qkv_max_b1_max:protect_masked_new,heldout,245760,1646,0.006697591145833333,0.9987849331713244,0.001215066828675577,0.004419577549841403,0.31101021566401815,1.9471852283459157e-05,0.016159674152731895
qkv_sum_b2_max:all,calibration,245760,3422,0.013924153645833333,0.9959088252483927,0.004091174751607247,0.006855856064841826,0.6648458837300039,6.6487213189248e-05,0.0326467864215374
qkv_sum_b2_max:all,development,245760,3881,0.015791829427083334,0.9963926822983767,0.003607317701623293,0.006046268705398727,0.757938063504508,6.353211210807785e-05,0.015604325570166111
qkv_sum_b2_max:all,final_benchmark,245760,3372,0.013720703125,0.9872479240806643,0.012752075919335706,0.017131877236009545,0.6454051958123304,0.00041998105007223785,0.05657833814620972
qkv_sum_b2_max:all,heldout,245760,3627,0.01475830078125,0.9980700303280948,0.0019299696719051558,0.003978664641646206,0.6848278471433976,3.360382470418699e-05,0.013556431047618389
qkv_sum_b2_max:protect_masked_new,calibration,245760,1608,0.00654296875,0.9975124378109452,0.0024875621890547263,0.00637876416852221,0.3129145532579009,3.9747581467963755e-05,0.018046291545033455
qkv_sum_b2_max:protect_masked_new,development,245760,1903,0.007743326822916666,0.9963215974776668,0.0036784025223331584,0.007573594616383257,0.3716189729517836,6.390464841388166e-05,0.02012188732624054
qkv_sum_b2_max:protect_masked_new,final_benchmark,245760,960,0.00390625,1.0,0.0,0.003985571263342763,0.18611865063978286,0.0,0.0
qkv_sum_b2_max:protect_masked_new,heldout,245760,1652,0.006722005208333334,0.9951573849878934,0.004842615012106538,0.009526855889497346,0.31101021566401815,8.106595487333834e-05,0.018587948754429817
qkv_max_b2_max:all,calibration,245760,3460,0.014078776041666666,0.9959537572254336,0.004046242774566474,0.006780690139823346,0.6722590714007023,0.00015495772822760046,0.0326467864215374
qkv_max_b2_max:all,development,245760,3946,0.016056315104166666,0.9946781550937659,0.0053218449062341616,0.008122374001824726,0.7693061544492356,0.00020228850189596415,0.012682026252150536
qkv_max_b2_max:all,final_benchmark,245760,3362,0.013680013020833333,0.9943486020226056,0.005651397977394408,0.008810183414576027,0.6481194261341605,0.0001452533178962767,0.03208598122000694
qkv_max_b2_max:all,heldout,245760,3662,0.014900716145833333,0.9956308028399782,0.004369197160021846,0.007085901026001269,0.6897465001891789,0.00011796390754170716,0.012532987631857395
qkv_max_b2_max:protect_masked_new,calibration,245760,1608,0.00654296875,0.9975124378109452,0.0024875621890547263,0.00637876416852221,0.3129145532579009,3.749862662516534e-05,0.01597253605723381
qkv_max_b2_max:protect_masked_new,development,245760,1900,0.007731119791666667,0.9978947368421053,0.002105263157894737,0.005400780605306859,0.3716189729517836,3.324552017147653e-05,0.017992105334997177
qkv_max_b2_max:protect_masked_new,final_benchmark,245760,960,0.00390625,1.0,0.0,0.003985571263342763,0.18611865063978286,0.0,0.0
qkv_max_b2_max:protect_masked_new,heldout,245760,1646,0.006697591145833333,0.9987849331713244,0.001215066828675577,0.004419577549841403,0.31101021566401815,1.9471852283459157e-05,0.016159674152731895
q_only_q90:all,calibration,245760,0,0.0,1.0,0.0,1.0,0.0,0.0,0.0
q_only_q90:all,development,245760,0,0.0,1.0,0.0,1.0,0.0,0.0,0.0
q_only_q90:all,final_benchmark,245760,0,0.0,1.0,0.0,1.0,0.0,0.0,0.0
q_only_q90:all,heldout,245760,0,0.0,1.0,0.0,1.0,0.0,0.0,0.0
q_only_q90:protect_masked_new,calibration,245760,1655,0.006734212239583333,0.9691842900302114,0.03081570996978852,0.04028928856017278,0.3129145532579009,0.0007743836613371968,0.03461696580052376
q_only_q90:protect_masked_new,development,245760,1990,0.008097330729166666,0.9527638190954774,0.04723618090452261,0.05746105586165328,0.3716189729517836,0.0013018574099987745,0.054850805550813675
q_only_q90:protect_masked_new,final_benchmark,245760,960,0.00390625,1.0,0.0,0.003985571263342763,0.18611865063978286,0.0,0.0
q_only_q90:protect_masked_new,heldout,245760,1689,0.00687255859375,0.9733570159857904,0.02664298401420959,0.035463255555316285,0.31101021566401815,0.0007337950519286096,0.03352545574307442
kv_only_max_q90:all,calibration,245760,0,0.0,1.0,0.0,1.0,0.0,0.0,0.0
kv_only_max_q90:all,development,245760,0,0.0,1.0,0.0,1.0,0.0,0.0,0.0
kv_only_max_q90:all,final_benchmark,245760,0,0.0,1.0,0.0,1.0,0.0,0.0,0.0
kv_only_max_q90:all,heldout,245760,0,0.0,1.0,0.0,1.0,0.0,0.0,0.0
kv_only_max_q90:protect_masked_new,calibration,245760,1608,0.00654296875,0.9975124378109452,0.0024875621890547263,0.00637876416852221,0.3129145532579009,3.749736788449809e-05,0.015970513224601746
kv_only_max_q90:protect_masked_new,development,245760,1899,0.00772705078125,0.9984202211690363,0.001579778830963665,0.0046345708567024696,0.3716189729517836,2.3734633941785432e-05,0.015476739034056664
kv_only_max_q90:protect_masked_new,final_benchmark,245760,960,0.00390625,1.0,0.0,0.003985571263342763,0.18611865063978286,0.0,0.0
kv_only_max_q90:protect_masked_new,heldout,245760,1644,0.006689453125,1.0,0.0,0.002331206561244873,0.31101021566401815,0.0,0.0
kv_only_sum_q90:all,calibration,245760,0,0.0,1.0,0.0,1.0,0.0,0.0,0.0
kv_only_sum_q90:all,development,245760,0,0.0,1.0,0.0,1.0,0.0,0.0,0.0
kv_only_sum_q90:all,final_benchmark,245760,0,0.0,1.0,0.0,1.0,0.0,0.0,0.0
kv_only_sum_q90:all,heldout,245760,0,0.0,1.0,0.0,1.0,0.0,0.0,0.0
kv_only_sum_q90:protect_masked_new,calibration,245760,1608,0.00654296875,0.9975124378109452,0.0024875621890547263,0.00637876416852221,0.3129145532579009,3.7358371628215536e-05,0.015747006982564926
kv_only_sum_q90:protect_masked_new,development,245760,1898,0.007722981770833333,0.9989462592202318,0.001053740779768177,0.003834066231501011,0.3716189729517836,1.5705645637353882e-05,0.015476739034056664
kv_only_sum_q90:protect_masked_new,final_benchmark,245760,960,0.00390625,1.0,0.0,0.003985571263342763,0.18611865063978286,0.0,0.0
kv_only_sum_q90:protect_masked_new,heldout,245760,1644,0.006689453125,1.0,0.0,0.002331206561244873,0.31101021566401815,0.0,0.0
qk_max_q90:all,calibration,245760,0,0.0,1.0,0.0,1.0,0.0,0.0,0.0
qk_max_q90:all,development,245760,0,0.0,1.0,0.0,1.0,0.0,0.0,0.0
qk_max_q90:all,final_benchmark,245760,0,0.0,1.0,0.0,1.0,0.0,0.0,0.0
qk_max_q90:all,heldout,245760,0,0.0,1.0,0.0,1.0,0.0,0.0,0.0
qk_max_q90:protect_masked_new,calibration,245760,1608,0.00654296875,0.9975124378109452,0.0024875621890547263,0.00637876416852221,0.3129145532579009,4.712321242550388e-05,0.020596859976649284
qk_max_q90:protect_masked_new,development,245760,1903,0.007743326822916666,0.9963215974776668,0.0036784025223331584,0.007573594616383257,0.3716189729517836,7.42714328225702e-05,0.02193513698875904
qk_max_q90:protect_masked_new,final_benchmark,245760,960,0.00390625,1.0,0.0,0.003985571263342763,0.18611865063978286,0.0,0.0
qk_max_q90:protect_masked_new,heldout,245760,1644,0.006689453125,1.0,0.0,0.002331206561244873,0.31101021566401815,0.0,0.0
qk_sum_q90:all,calibration,245760,0,0.0,1.0,0.0,1.0,0.0,0.0,0.0
qk_sum_q90:all,development,245760,0,0.0,1.0,0.0,1.0,0.0,0.0,0.0
qk_sum_q90:all,final_benchmark,245760,0,0.0,1.0,0.0,1.0,0.0,0.0,0.0
qk_sum_q90:all,heldout,245760,0,0.0,1.0,0.0,1.0,0.0,0.0,0.0
qk_sum_q90:protect_masked_new,calibration,245760,1608,0.00654296875,0.9975124378109452,0.0024875621890547263,0.00637876416852221,0.3129145532579009,4.969557994627394e-05,0.022950194776058197
qk_sum_q90:protect_masked_new,development,245760,1924,0.007828776041666667,0.9854469854469854,0.014553014553014554,0.020952851825640273,0.3716189729517836,0.0003174416196998209,0.027845226228237152
qk_sum_q90:protect_masked_new,final_benchmark,245760,960,0.00390625,1.0,0.0,0.003985571263342763,0.18611865063978286,0.0,0.0
qk_sum_q90:protect_masked_new,heldout,245760,1671,0.00679931640625,0.9838420107719928,0.01615798922800718,0.023407212407232078,0.31101021566401815,0.00039010841283015907,0.032567959278821945
qk_product_q90:all,calibration,245760,0,0.0,1.0,0.0,1.0,0.0,0.0,0.0
qk_product_q90:all,development,245760,0,0.0,1.0,0.0,1.0,0.0,0.0,0.0
qk_product_q90:all,final_benchmark,245760,0,0.0,1.0,0.0,1.0,0.0,0.0,0.0
qk_product_q90:all,heldout,245760,0,0.0,1.0,0.0,1.0,0.0,0.0,0.0
qk_product_q90:protect_masked_new,calibration,245760,1608,0.00654296875,0.9975124378109452,0.0024875621890547263,0.00637876416852221,0.3129145532579009,5.2924820920452476e-05,0.023509766906499863
qk_product_q90:protect_masked_new,development,245760,1922,0.007820638020833333,0.9864724245577523,0.013527575442247659,0.019747691757462823,0.3716189729517836,0.0002939238620456308,0.027845226228237152
qk_product_q90:protect_masked_new,final_benchmark,245760,960,0.00390625,1.0,0.0,0.003985571263342763,0.18611865063978286,0.0,0.0
qk_product_q90:protect_masked_new,heldout,245760,1667,0.006783040364583334,0.9862027594481104,0.013797240551889621,0.02061887867041116,0.31101021566401815,0.00033297098707407713,0.03002920001745224
qkv_sum_b0_q90:all,calibration,245760,0,0.0,1.0,0.0,1.0,0.0,0.0,0.0
qkv_sum_b0_q90:all,development,245760,0,0.0,1.0,0.0,1.0,0.0,0.0,0.0
qkv_sum_b0_q90:all,final_benchmark,245760,0,0.0,1.0,0.0,1.0,0.0,0.0,0.0
qkv_sum_b0_q90:all,heldout,245760,0,0.0,1.0,0.0,1.0,0.0,0.0,0.0
qkv_sum_b0_q90:protect_masked_new,calibration,245760,1608,0.00654296875,0.9975124378109452,0.0024875621890547263,0.00637876416852221,0.3129145532579009,4.969557994627394e-05,0.022950194776058197
qkv_sum_b0_q90:protect_masked_new,development,245760,1924,0.007828776041666667,0.9854469854469854,0.014553014553014554,0.020952851825640273,0.3716189729517836,0.0003174416196998209,0.027845226228237152
qkv_sum_b0_q90:protect_masked_new,final_benchmark,245760,960,0.00390625,1.0,0.0,0.003985571263342763,0.18611865063978286,0.0,0.0
qkv_sum_b0_q90:protect_masked_new,heldout,245760,1671,0.00679931640625,0.9838420107719928,0.01615798922800718,0.023407212407232078,0.31101021566401815,0.00039010841283015907,0.032567959278821945
qkv_max_b0_q90:all,calibration,245760,0,0.0,1.0,0.0,1.0,0.0,0.0,0.0
qkv_max_b0_q90:all,development,245760,0,0.0,1.0,0.0,1.0,0.0,0.0,0.0
qkv_max_b0_q90:all,final_benchmark,245760,0,0.0,1.0,0.0,1.0,0.0,0.0,0.0
qkv_max_b0_q90:all,heldout,245760,0,0.0,1.0,0.0,1.0,0.0,0.0,0.0
qkv_max_b0_q90:protect_masked_new,calibration,245760,1608,0.00654296875,0.9975124378109452,0.0024875621890547263,0.00637876416852221,0.3129145532579009,4.712321242550388e-05,0.020596859976649284
qkv_max_b0_q90:protect_masked_new,development,245760,1903,0.007743326822916666,0.9963215974776668,0.0036784025223331584,0.007573594616383257,0.3716189729517836,7.42714328225702e-05,0.02193513698875904
qkv_max_b0_q90:protect_masked_new,final_benchmark,245760,960,0.00390625,1.0,0.0,0.003985571263342763,0.18611865063978286,0.0,0.0
qkv_max_b0_q90:protect_masked_new,heldout,245760,1644,0.006689453125,1.0,0.0,0.002331206561244873,0.31101021566401815,0.0,0.0
qkv_sum_b0.1_q90:all,calibration,245760,0,0.0,1.0,0.0,1.0,0.0,0.0,0.0
qkv_sum_b0.1_q90:all,development,245760,0,0.0,1.0,0.0,1.0,0.0,0.0,0.0
qkv_sum_b0.1_q90:all,final_benchmark,245760,0,0.0,1.0,0.0,1.0,0.0,0.0,0.0
qkv_sum_b0.1_q90:all,heldout,245760,0,0.0,1.0,0.0,1.0,0.0,0.0,0.0
qkv_sum_b0.1_q90:protect_masked_new,calibration,245760,1608,0.00654296875,0.9975124378109452,0.0024875621890547263,0.00637876416852221,0.3129145532579009,4.969557994627394e-05,0.022950194776058197
qkv_sum_b0.1_q90:protect_masked_new,development,245760,1922,0.007820638020833333,0.9864724245577523,0.013527575442247659,0.019747691757462823,0.3716189729517836,0.0002862367546185851,0.02529710717499256
qkv_sum_b0.1_q90:protect_masked_new,final_benchmark,245760,960,0.00390625,1.0,0.0,0.003985571263342763,0.18611865063978286,0.0,0.0
qkv_sum_b0.1_q90:protect_masked_new,heldout,245760,1663,0.006766764322916666,0.9885748647023451,0.011425135297654841,0.01777584744201089,0.31101021566401815,0.0002626258647069335,0.027713462710380554
qkv_max_b0.1_q90:all,calibration,245760,0,0.0,1.0,0.0,1.0,0.0,0.0,0.0
qkv_max_b0.1_q90:all,development,245760,0,0.0,1.0,0.0,1.0,0.0,0.0,0.0
qkv_max_b0.1_q90:all,final_benchmark,245760,0,0.0,1.0,0.0,1.0,0.0,0.0,0.0
qkv_max_b0.1_q90:all,heldout,245760,0,0.0,1.0,0.0,1.0,0.0,0.0,0.0
qkv_max_b0.1_q90:protect_masked_new,calibration,245760,1608,0.00654296875,0.9975124378109452,0.0024875621890547263,0.00637876416852221,0.3129145532579009,4.712321242550388e-05,0.020596859976649284
qkv_max_b0.1_q90:protect_masked_new,development,245760,1903,0.007743326822916666,0.9963215974776668,0.0036784025223331584,0.007573594616383257,0.3716189729517836,7.42714328225702e-05,0.02193513698875904
qkv_max_b0.1_q90:protect_masked_new,final_benchmark,245760,960,0.00390625,1.0,0.0,0.003985571263342763,0.18611865063978286,0.0,0.0
qkv_max_b0.1_q90:protect_masked_new,heldout,245760,1644,0.006689453125,1.0,0.0,0.002331206561244873,0.31101021566401815,0.0,0.0
qkv_sum_b0.25_q90:all,calibration,245760,0,0.0,1.0,0.0,1.0,0.0,0.0,0.0
qkv_sum_b0.25_q90:all,development,245760,0,0.0,1.0,0.0,1.0,0.0,0.0,0.0
qkv_sum_b0.25_q90:all,final_benchmark,245760,0,0.0,1.0,0.0,1.0,0.0,0.0,0.0
qkv_sum_b0.25_q90:all,heldout,245760,0,0.0,1.0,0.0,1.0,0.0,0.0,0.0
qkv_sum_b0.25_q90:protect_masked_new,calibration,245760,1608,0.00654296875,0.9975124378109452,0.0024875621890547263,0.00637876416852221,0.3129145532579009,4.712321242550388e-05,0.020596859976649284
qkv_sum_b0.25_q90:protect_masked_new,development,245760,1916,0.007796223958333333,0.9895615866388309,0.010438413361169102,0.016068583975731465,0.3716189729517836,0.0002174023538827896,0.024666275829076767
qkv_sum_b0.25_q90:protect_masked_new,final_benchmark,245760,960,0.00390625,1.0,0.0,0.003985571263342763,0.18611865063978286,0.0,0.0
qkv_sum_b0.25_q90:protect_masked_new,heldout,245760,1652,0.006722005208333334,0.9951573849878934,0.004842615012106538,0.009526855889497346,0.31101021566401815,0.00010718843259382993,0.02349407970905304
qkv_max_b0.25_q90:all,calibration,245760,0,0.0,1.0,0.0,1.0,0.0,0.0,0.0
qkv_max_b0.25_q90:all,development,245760,0,0.0,1.0,0.0,1.0,0.0,0.0,0.0
qkv_max_b0.25_q90:all,final_benchmark,245760,0,0.0,1.0,0.0,1.0,0.0,0.0,0.0
qkv_max_b0.25_q90:all,heldout,245760,0,0.0,1.0,0.0,1.0,0.0,0.0,0.0
qkv_max_b0.25_q90:protect_masked_new,calibration,245760,1608,0.00654296875,0.9975124378109452,0.0024875621890547263,0.00637876416852221,0.3129145532579009,4.712321242550388e-05,0.020596859976649284
qkv_max_b0.25_q90:protect_masked_new,development,245760,1903,0.007743326822916666,0.9963215974776668,0.0036784025223331584,0.007573594616383257,0.3716189729517836,7.42714328225702e-05,0.02193513698875904
qkv_max_b0.25_q90:protect_masked_new,final_benchmark,245760,960,0.00390625,1.0,0.0,0.003985571263342763,0.18611865063978286,0.0,0.0
qkv_max_b0.25_q90:protect_masked_new,heldout,245760,1644,0.006689453125,1.0,0.0,0.002331206561244873,0.31101021566401815,0.0,0.0
qkv_sum_b0.5_q90:all,calibration,245760,0,0.0,1.0,0.0,1.0,0.0,0.0,0.0
qkv_sum_b0.5_q90:all,development,245760,0,0.0,1.0,0.0,1.0,0.0,0.0,0.0
qkv_sum_b0.5_q90:all,final_benchmark,245760,0,0.0,1.0,0.0,1.0,0.0,0.0,0.0
qkv_sum_b0.5_q90:all,heldout,245760,0,0.0,1.0,0.0,1.0,0.0,0.0,0.0
qkv_sum_b0.5_q90:protect_masked_new,calibration,245760,1608,0.00654296875,0.9975124378109452,0.0024875621890547263,0.00637876416852221,0.3129145532579009,4.712321242550388e-05,0.020596859976649284
qkv_sum_b0.5_q90:protect_masked_new,development,245760,1912,0.007779947916666667,0.9916317991631799,0.008368200836820083,0.013550452286757109,0.3716189729517836,0.0001702785666566342,0.022014474496245384
qkv_sum_b0.5_q90:protect_masked_new,final_benchmark,245760,960,0.00390625,1.0,0.0,0.003985571263342763,0.18611865063978286,0.0,0.0
qkv_sum_b0.5_q90:protect_masked_new,heldout,245760,1647,0.00670166015625,0.9981785063752276,0.0018214936247723133,0.0053418189886401774,0.31101021566401815,3.703238326124847e-05,0.021710196509957314
qkv_max_b0.5_q90:all,calibration,245760,0,0.0,1.0,0.0,1.0,0.0,0.0,0.0
qkv_max_b0.5_q90:all,development,245760,0,0.0,1.0,0.0,1.0,0.0,0.0,0.0
qkv_max_b0.5_q90:all,final_benchmark,245760,0,0.0,1.0,0.0,1.0,0.0,0.0,0.0
qkv_max_b0.5_q90:all,heldout,245760,0,0.0,1.0,0.0,1.0,0.0,0.0,0.0
qkv_max_b0.5_q90:protect_masked_new,calibration,245760,1608,0.00654296875,0.9975124378109452,0.0024875621890547263,0.00637876416852221,0.3129145532579009,4.78958900202997e-05,0.020596859976649284
qkv_max_b0.5_q90:protect_masked_new,development,245760,1901,0.007735188802083333,0.997369805365597,0.0026301946344029457,0.006142493308764674,0.3716189729517836,5.26007788721472e-05,0.02090969868004322
qkv_max_b0.5_q90:protect_masked_new,final_benchmark,245760,960,0.00390625,1.0,0.0,0.003985571263342763,0.18611865063978286,0.0,0.0
qkv_max_b0.5_q90:protect_masked_new,heldout,245760,1646,0.006697591145833333,0.9987849331713244,0.001215066828675577,0.004419577549841403,0.31101021566401815,2.520061025279574e-05,0.020786011591553688
qkv_sum_b1_q90:all,calibration,245760,0,0.0,1.0,0.0,1.0,0.0,0.0,0.0
qkv_sum_b1_q90:all,development,245760,0,0.0,1.0,0.0,1.0,0.0,0.0,0.0
qkv_sum_b1_q90:all,final_benchmark,245760,0,0.0,1.0,0.0,1.0,0.0,0.0,0.0
qkv_sum_b1_q90:all,heldout,245760,0,0.0,1.0,0.0,1.0,0.0,0.0,0.0
qkv_sum_b1_q90:protect_masked_new,calibration,245760,1608,0.00654296875,0.9975124378109452,0.0024875621890547263,0.00637876416852221,0.3129145532579009,4.425668157637119e-05,0.020596859976649284
qkv_sum_b1_q90:protect_masked_new,development,245760,1906,0.0077555338541666664,0.9947534102833159,0.005246589716684155,0.009631125975419283,0.3716189729517836,0.00010157980432268232,0.02193513698875904
qkv_sum_b1_q90:protect_masked_new,final_benchmark,245760,960,0.00390625,1.0,0.0,0.003985571263342763,0.18611865063978286,0.0,0.0
qkv_sum_b1_q90:protect_masked_new,heldout,245760,1651,0.0067179361979166664,0.9957601453664445,0.004239854633555421,0.008726078654800963,0.31101021566401815,7.239300612127408e-05,0.020694194361567497
qkv_max_b1_q90:all,calibration,245760,0,0.0,1.0,0.0,1.0,0.0,0.0,0.0
qkv_max_b1_q90:all,development,245760,0,0.0,1.0,0.0,1.0,0.0,0.0,0.0
qkv_max_b1_q90:all,final_benchmark,245760,0,0.0,1.0,0.0,1.0,0.0,0.0,0.0
qkv_max_b1_q90:all,heldout,245760,0,0.0,1.0,0.0,1.0,0.0,0.0,0.0
qkv_max_b1_q90:protect_masked_new,calibration,245760,1608,0.00654296875,0.9975124378109452,0.0024875621890547263,0.00637876416852221,0.3129145532579009,3.749736788449809e-05,0.015970513224601746
qkv_max_b1_q90:protect_masked_new,development,245760,1899,0.00772705078125,0.9984202211690363,0.001579778830963665,0.0046345708567024696,0.3716189729517836,2.3734633941785432e-05,0.015476739034056664
qkv_max_b1_q90:protect_masked_new,final_benchmark,245760,960,0.00390625,1.0,0.0,0.003985571263342763,0.18611865063978286,0.0,0.0
qkv_max_b1_q90:protect_masked_new,heldout,245760,1644,0.006689453125,1.0,0.0,0.002331206561244873,0.31101021566401815,0.0,0.0
qkv_sum_b2_q90:all,calibration,245760,0,0.0,1.0,0.0,1.0,0.0,0.0,0.0
qkv_sum_b2_q90:all,development,245760,0,0.0,1.0,0.0,1.0,0.0,0.0,0.0
qkv_sum_b2_q90:all,final_benchmark,245760,0,0.0,1.0,0.0,1.0,0.0,0.0,0.0
qkv_sum_b2_q90:all,heldout,245760,0,0.0,1.0,0.0,1.0,0.0,0.0,0.0
qkv_sum_b2_q90:protect_masked_new,calibration,245760,1608,0.00654296875,0.9975124378109452,0.0024875621890547263,0.00637876416852221,0.3129145532579009,3.878827556036413e-05,0.018046291545033455
qkv_sum_b2_q90:protect_masked_new,development,245760,1899,0.00772705078125,0.9984202211690363,0.001579778830963665,0.0046345708567024696,0.3716189729517836,2.8492910132627003e-05,0.02012188732624054
qkv_sum_b2_q90:protect_masked_new,final_benchmark,245760,960,0.00390625,1.0,0.0,0.003985571263342763,0.18611865063978286,0.0,0.0
qkv_sum_b2_q90:protect_masked_new,heldout,245760,1647,0.00670166015625,0.9981785063752276,0.0018214936247723133,0.0053418189886401774,0.31101021566401815,2.8818732971558347e-05,0.016159674152731895
qkv_max_b2_q90:all,calibration,245760,0,0.0,1.0,0.0,1.0,0.0,0.0,0.0
qkv_max_b2_q90:all,development,245760,0,0.0,1.0,0.0,1.0,0.0,0.0,0.0
qkv_max_b2_q90:all,final_benchmark,245760,0,0.0,1.0,0.0,1.0,0.0,0.0,0.0
qkv_max_b2_q90:all,heldout,245760,0,0.0,1.0,0.0,1.0,0.0,0.0,0.0
qkv_max_b2_q90:protect_masked_new,calibration,245760,1608,0.00654296875,0.9975124378109452,0.0024875621890547263,0.00637876416852221,0.3129145532579009,3.749736788449809e-05,0.015970513224601746
qkv_max_b2_q90:protect_masked_new,development,245760,1899,0.00772705078125,0.9984202211690363,0.001579778830963665,0.0046345708567024696,0.3716189729517836,2.3734633941785432e-05,0.015476739034056664
qkv_max_b2_q90:protect_masked_new,final_benchmark,245760,960,0.00390625,1.0,0.0,0.003985571263342763,0.18611865063978286,0.0,0.0
qkv_max_b2_q90:protect_masked_new,heldout,245760,1644,0.006689453125,1.0,0.0,0.002331206561244873,0.31101021566401815,0.0,0.0
q_only_q99:all,calibration,245760,0,0.0,1.0,0.0,1.0,0.0,0.0,0.0
q_only_q99:all,development,245760,0,0.0,1.0,0.0,1.0,0.0,0.0,0.0
q_only_q99:all,final_benchmark,245760,0,0.0,1.0,0.0,1.0,0.0,0.0,0.0
q_only_q99:all,heldout,245760,0,0.0,1.0,0.0,1.0,0.0,0.0,0.0
q_only_q99:protect_masked_new,calibration,245760,1655,0.006734212239583333,0.9691842900302114,0.03081570996978852,0.04028928856017278,0.3129145532579009,0.0007743836613371968,0.03461696580052376
q_only_q99:protect_masked_new,development,245760,2045,0.008321126302083334,0.9271393643031784,0.07286063569682151,0.08494411171356252,0.3716189729517836,0.0022332349326461554,0.06452187150716782
q_only_q99:protect_masked_new,final_benchmark,245760,960,0.00390625,1.0,0.0,0.003985571263342763,0.18611865063978286,0.0,0.0
q_only_q99:protect_masked_new,heldout,245760,1689,0.00687255859375,0.9733570159857904,0.02664298401420959,0.035463255555316285,0.31101021566401815,0.0007337950519286096,0.03352545574307442
kv_only_max_q99:all,calibration,245760,4018,0.016349283854166667,0.9435042309606769,0.056495769039323046,0.06406729896162452,0.7395630120952009,0.03883074223995209,2.4502155780792236
kv_only_max_q99:all,development,245760,4502,0.018318684895833333,0.9235895157707685,0.07641048422923145,0.08453670216264711,0.8149745197961583,0.05026058480143547,2.299692392349243
kv_only_max_q99:all,final_benchmark,245760,3982,0.016202799479166665,0.9326971371170266,0.06730286288297338,0.07550918688740224,0.7200465296626599,0.04304870590567589,2.3997297286987305
kv_only_max_q99:all,heldout,245760,4316,0.017561848958333334,0.9309545875810936,0.0690454124189064,0.07699876804063575,0.7601210745365116,0.04721299558877945,5.023910045623779
kv_only_max_q99:protect_masked_new,calibration,245760,1608,0.00654296875,0.9975124378109452,0.0024875621890547263,0.00637876416852221,0.3129145532579009,3.7358371628215536e-05,0.015747006982564926
kv_only_max_q99:protect_masked_new,development,245760,1899,0.00772705078125,0.9984202211690363,0.001579778830963665,0.0046345708567024696,0.3716189729517836,2.3788514226907864e-05,0.015476739034056664
kv_only_max_q99:protect_masked_new,final_benchmark,245760,960,0.00390625,1.0,0.0,0.003985571263342763,0.18611865063978286,0.0,0.0
kv_only_max_q99:protect_masked_new,heldout,245760,1646,0.006697591145833333,0.9987849331713244,0.001215066828675577,0.004419577549841403,0.31101021566401815,1.9471852283459157e-05,0.016159674152731895
kv_only_sum_q99:all,calibration,245760,4011,0.01632080078125,0.943405634505111,0.056594365494889054,0.06417862980436195,0.7381974248927039,0.038884758949279785,2.4502155780792236
kv_only_sum_q99:all,development,245760,4497,0.01829833984375,0.9230598176562153,0.07694018234378475,0.08509524370422986,0.8136025088200706,0.05031030625104904,2.299692392349243
kv_only_sum_q99:all,final_benchmark,245760,3981,0.01619873046875,0.9324290379301683,0.0675709620698317,0.07579243620652949,0.7196587824738271,0.04305850714445114,2.3997297286987305
kv_only_sum_q99:all,heldout,245760,4306,0.017521158854166666,0.931026474686484,0.06897352531351603,0.07693299266859116,0.758418463866818,0.04730270802974701,5.023910045623779
kv_only_sum_q99:protect_masked_new,calibration,245760,1608,0.00654296875,0.9975124378109452,0.0024875621890547263,0.00637876416852221,0.3129145532579009,3.7358371628215536e-05,0.015747006982564926
kv_only_sum_q99:protect_masked_new,development,245760,1899,0.00772705078125,0.9984202211690363,0.001579778830963665,0.0046345708567024696,0.3716189729517836,2.3788514226907864e-05,0.015476739034056664
kv_only_sum_q99:protect_masked_new,final_benchmark,245760,960,0.00390625,1.0,0.0,0.003985571263342763,0.18611865063978286,0.0,0.0
kv_only_sum_q99:protect_masked_new,heldout,245760,1645,0.006693522135416667,0.9993920972644377,0.0006079027355623101,0.0034354477915107076,0.31101021566401815,1.0310717698303051e-05,0.016961131244897842
qk_max_q99:all,calibration,245760,3567,0.01451416015625,0.9896271376506869,0.010372862349313148,0.01426421650884475,0.6886461178306672,0.005520161706954241,1.6381504535675049
qk_max_q99:all,development,245760,4439,0.018062337239583334,0.9495381842757378,0.05046181572426222,0.05729881218670977,0.8261466091728734,0.0184211116284132,1.4852334260940552
qk_max_q99:all,final_benchmark,245760,4095,0.01666259765625,0.9013431013431014,0.09865689865689865,0.10816985117315264,0.7155874369910818,0.029801862314343452,1.5540931224822998
qk_max_q99:all,heldout,245760,3981,0.01619873046875,0.9799045465963325,0.02009545340366742,0.0249395411843214,0.7379871358304957,0.002213255502283573,2.0183379650115967
qk_max_q99:protect_masked_new,calibration,245760,1609,0.006547037760416667,0.9968924798011187,0.003107520198881293,0.007253978185086902,0.3129145532579009,6.951399700483307e-05,0.023551078513264656
qk_max_q99:protect_masked_new,development,245760,1972,0.008024088541666667,0.9614604462474645,0.038539553752535496,0.047971738171650125,0.3716189729517836,0.0009853418450802565,0.03746844083070755
qk_max_q99:protect_masked_new,final_benchmark,245760,960,0.00390625,1.0,0.0,0.003985571263342763,0.18611865063978286,0.0,0.0
qk_max_q99:protect_masked_new,heldout,245760,1696,0.0069010416666666664,0.9693396226415094,0.030660377358490566,0.039984793606560994,0.31101021566401815,0.0008310373523272574,0.03633774071931839
qk_sum_q99:all,calibration,245760,3562,0.014493815104166667,0.9910162829870859,0.008983717012914094,0.012654495007262938,0.6886461178306672,0.005495279096066952,1.6381504535675049
qk_sum_q99:all,development,245760,4411,0.017948404947916666,0.9555656313761052,0.044434368623894806,0.05092195351994522,0.8261466091728734,0.018361566588282585,1.4852334260940552
qk_sum_q99:all,final_benchmark,245760,4039,0.016434733072916666,0.9138400594206487,0.08615994057935132,0.09521163054905868,0.7155874369910818,0.02907993458211422,1.5540931224822998
qk_sum_q99:all,heldout,245760,3964,0.016129557291666666,0.9841069626639758,0.015893037336024218,0.02028115586785464,0.7379871358304957,0.00208516838029027,2.0183379650115967
qk_sum_q99:protect_masked_new,calibration,245760,1608,0.00654296875,0.9975124378109452,0.0024875621890547263,0.00637876416852221,0.3129145532579009,6.373791984515265e-05,0.030903929844498634
qk_sum_q99:protect_masked_new,development,245760,1977,0.00804443359375,0.9590288315629742,0.0409711684370258,0.05063591540126559,0.3716189729517836,0.0010738937417045236,0.03887593373656273
qk_sum_q99:protect_masked_new,final_benchmark,245760,960,0.00390625,1.0,0.0,0.003985571263342763,0.18611865063978286,0.0,0.0
qk_sum_q99:protect_masked_new,heldout,245760,1719,0.00699462890625,0.956369982547993,0.04363001745200698,0.05434676384606185,0.31101021566401815,0.001084954827092588,0.03633774071931839
qk_product_q99:all,calibration,245760,0,0.0,1.0,0.0,1.0,0.0,0.0,0.0
qk_product_q99:all,development,245760,0,0.0,1.0,0.0,1.0,0.0,0.0,0.0
qk_product_q99:all,final_benchmark,245760,0,0.0,1.0,0.0,1.0,0.0,0.0,0.0
qk_product_q99:all,heldout,245760,0,0.0,1.0,0.0,1.0,0.0,0.0,0.0
qk_product_q99:protect_masked_new,calibration,245760,1608,0.00654296875,0.9975124378109452,0.0024875621890547263,0.00637876416852221,0.3129145532579009,6.373791984515265e-05,0.030903929844498634
qk_product_q99:protect_masked_new,development,245760,1962,0.0079833984375,0.9663608562691132,0.03363914373088685,0.042572533400776755,0.3716189729517836,0.0008716164156794548,0.03887593373656273
qk_product_q99:protect_masked_new,final_benchmark,245760,960,0.00390625,1.0,0.0,0.003985571263342763,0.18611865063978286,0.0,0.0
qk_product_q99:protect_masked_new,heldout,245760,1690,0.006876627604166667,0.9727810650887574,0.027218934911242602,0.03611414502704934,0.31101021566401815,0.0006840670830570161,0.03478403761982918
qkv_sum_b0_q99:all,calibration,245760,3562,0.014493815104166667,0.9910162829870859,0.008983717012914094,0.012654495007262938,0.6886461178306672,0.005495279096066952,1.6381504535675049
qkv_sum_b0_q99:all,development,245760,4411,0.017948404947916666,0.9555656313761052,0.044434368623894806,0.05092195351994522,0.8261466091728734,0.018361566588282585,1.4852334260940552
qkv_sum_b0_q99:all,final_benchmark,245760,4039,0.016434733072916666,0.9138400594206487,0.08615994057935132,0.09521163054905868,0.7155874369910818,0.02907993458211422,1.5540931224822998
qkv_sum_b0_q99:all,heldout,245760,3964,0.016129557291666666,0.9841069626639758,0.015893037336024218,0.02028115586785464,0.7379871358304957,0.00208516838029027,2.0183379650115967
qkv_sum_b0_q99:protect_masked_new,calibration,245760,1608,0.00654296875,0.9975124378109452,0.0024875621890547263,0.00637876416852221,0.3129145532579009,6.373791984515265e-05,0.030903929844498634
qkv_sum_b0_q99:protect_masked_new,development,245760,1977,0.00804443359375,0.9590288315629742,0.0409711684370258,0.05063591540126559,0.3716189729517836,0.0010738937417045236,0.03887593373656273
qkv_sum_b0_q99:protect_masked_new,final_benchmark,245760,960,0.00390625,1.0,0.0,0.003985571263342763,0.18611865063978286,0.0,0.0
qkv_sum_b0_q99:protect_masked_new,heldout,245760,1719,0.00699462890625,0.956369982547993,0.04363001745200698,0.05434676384606185,0.31101021566401815,0.001084954827092588,0.03633774071931839
qkv_max_b0_q99:all,calibration,245760,3567,0.01451416015625,0.9896271376506869,0.010372862349313148,0.01426421650884475,0.6886461178306672,0.005520161706954241,1.6381504535675049
qkv_max_b0_q99:all,development,245760,4439,0.018062337239583334,0.9495381842757378,0.05046181572426222,0.05729881218670977,0.8261466091728734,0.0184211116284132,1.4852334260940552
qkv_max_b0_q99:all,final_benchmark,245760,4095,0.01666259765625,0.9013431013431014,0.09865689865689865,0.10816985117315264,0.7155874369910818,0.029801862314343452,1.5540931224822998
qkv_max_b0_q99:all,heldout,245760,3981,0.01619873046875,0.9799045465963325,0.02009545340366742,0.0249395411843214,0.7379871358304957,0.002213255502283573,2.0183379650115967
qkv_max_b0_q99:protect_masked_new,calibration,245760,1609,0.006547037760416667,0.9968924798011187,0.003107520198881293,0.007253978185086902,0.3129145532579009,6.951399700483307e-05,0.023551078513264656
qkv_max_b0_q99:protect_masked_new,development,245760,1972,0.008024088541666667,0.9614604462474645,0.038539553752535496,0.047971738171650125,0.3716189729517836,0.0009853418450802565,0.03746844083070755
qkv_max_b0_q99:protect_masked_new,final_benchmark,245760,960,0.00390625,1.0,0.0,0.003985571263342763,0.18611865063978286,0.0,0.0
qkv_max_b0_q99:protect_masked_new,heldout,245760,1696,0.0069010416666666664,0.9693396226415094,0.030660377358490566,0.039984793606560994,0.31101021566401815,0.0008310373523272574,0.03633774071931839
qkv_sum_b0.1_q99:all,calibration,245760,3562,0.014493815104166667,0.9910162829870859,0.008983717012914094,0.012654495007262938,0.6886461178306672,0.005490326788276434,1.6381504535675049
qkv_sum_b0.1_q99:all,development,245760,4383,0.01783447265625,0.9616700889801506,0.038329911019849415,0.044429933804318845,0.8261466091728734,0.0183073952794075,1.4852334260940552
qkv_sum_b0.1_q99:all,final_benchmark,245760,4005,0.01629638671875,0.9215980024968788,0.0784019975031211,0.08713674511056287,0.7155874369910818,0.02846062369644642,1.5540931224822998
qkv_sum_b0.1_q99:all,heldout,245760,3936,0.016015625,0.9911077235772358,0.008892276422764227,0.012341376326275232,0.7379871358304957,0.0019260509870946407,2.0183379650115967
qkv_sum_b0.1_q99:protect_masked_new,calibration,245760,1608,0.00654296875,0.9975124378109452,0.0024875621890547263,0.00637876416852221,0.3129145532579009,5.5316169891739264e-05,0.023509766906499863
qkv_sum_b0.1_q99:protect_masked_new,development,245760,1962,0.0079833984375,0.9663608562691132,0.03363914373088685,0.042572533400776755,0.3716189729517836,0.0008316775201819837,0.03746844083070755
qkv_sum_b0.1_q99:protect_masked_new,final_benchmark,245760,960,0.00390625,1.0,0.0,0.003985571263342763,0.18611865063978286,0.0,0.0
qkv_sum_b0.1_q99:protect_masked_new,heldout,245760,1716,0.006982421875,0.958041958041958,0.04195804195804196,0.052511737539875473,0.31101021566401815,0.0009684555698186159,0.032567959278821945
qkv_max_b0.1_q99:all,calibration,245760,3567,0.01451416015625,0.9896271376506869,0.010372862349313148,0.01426421650884475,0.6886461178306672,0.005520161706954241,1.6381504535675049
qkv_max_b0.1_q99:all,development,245760,4439,0.018062337239583334,0.9495381842757378,0.05046181572426222,0.05729881218670977,0.8261466091728734,0.0184211116284132,1.4852334260940552
qkv_max_b0.1_q99:all,final_benchmark,245760,4095,0.01666259765625,0.9013431013431014,0.09865689865689865,0.10816985117315264,0.7155874369910818,0.029801862314343452,1.5540931224822998
qkv_max_b0.1_q99:all,heldout,245760,3981,0.01619873046875,0.9799045465963325,0.02009545340366742,0.0249395411843214,0.7379871358304957,0.002213255502283573,2.0183379650115967
qkv_max_b0.1_q99:protect_masked_new,calibration,245760,1609,0.006547037760416667,0.9968924798011187,0.003107520198881293,0.007253978185086902,0.3129145532579009,6.951399700483307e-05,0.023551078513264656
qkv_max_b0.1_q99:protect_masked_new,development,245760,1972,0.008024088541666667,0.9614604462474645,0.038539553752535496,0.047971738171650125,0.3716189729517836,0.0009853418450802565,0.03746844083070755
qkv_max_b0.1_q99:protect_masked_new,final_benchmark,245760,960,0.00390625,1.0,0.0,0.003985571263342763,0.18611865063978286,0.0,0.0
qkv_max_b0.1_q99:protect_masked_new,heldout,245760,1696,0.0069010416666666664,0.9693396226415094,0.030660377358490566,0.039984793606560994,0.31101021566401815,0.0008310373523272574,0.03633774071931839
qkv_sum_b0.25_q99:all,calibration,245760,3562,0.014493815104166667,0.9910162829870859,0.008983717012914094,0.012654495007262938,0.6886461178306672,0.005490162875503302,1.6381504535675049
qkv_sum_b0.25_q99:all,development,245760,4361,0.017744954427083334,0.9665214400366888,0.033478559963311165,0.03924136959260889,0.8261466091728734,0.018294041976332664,1.4852334260940552
qkv_sum_b0.25_q99:all,final_benchmark,245760,3979,0.016190592447916666,0.9276200050263885,0.07237999497361146,0.08085021836058752,0.7155874369910818,0.02801220491528511,1.5540931224822998
qkv_sum_b0.25_q99:all,heldout,245760,3922,0.015958658854166665,0.9946455889852116,0.0053544110147883735,0.00817199230557845,0.7379871358304957,0.0018521045567467809,2.0183379650115967
qkv_sum_b0.25_q99:protect_masked_new,calibration,245760,1608,0.00654296875,0.9975124378109452,0.0024875621890547263,0.00637876416852221,0.3129145532579009,5.274165960145183e-05,0.023509766906499863
qkv_sum_b0.25_q99:protect_masked_new,development,245760,1938,0.0078857421875,0.978328173374613,0.021671826625386997,0.029163209156909634,0.3716189729517836,0.0004795723070856184,0.027845226228237152
qkv_sum_b0.25_q99:protect_masked_new,final_benchmark,245760,960,0.00390625,1.0,0.0,0.003985571263342763,0.18611865063978286,0.0,0.0
qkv_sum_b0.25_q99:protect_masked_new,heldout,245760,1696,0.0069010416666666664,0.9693396226415094,0.030660377358490566,0.039984793606560994,0.31101021566401815,0.0006611429271288216,0.027713462710380554
qkv_max_b0.25_q99:all,calibration,245760,3567,0.01451416015625,0.9896271376506869,0.010372862349313148,0.01426421650884475,0.6886461178306672,0.005520161706954241,1.6381504535675049
qkv_max_b0.25_q99:all,development,245760,4434,0.0180419921875,0.9506089309878214,0.04939106901217862,0.0561681490950782,0.8261466091728734,0.018402714282274246,1.4852334260940552
qkv_max_b0.25_q99:all,final_benchmark,245760,4085,0.016621907552083332,0.9035495716034272,0.09645042839657282,0.10588599015566336,0.7155874369910818,0.02957741729915142,1.5540931224822998
qkv_max_b0.25_q99:all,heldout,245760,3977,0.016182454427083333,0.9808901181795323,0.01910988182046769,0.02385221955968803,0.7379871358304957,0.0021801739931106567,2.0183379650115967
qkv_max_b0.25_q99:protect_masked_new,calibration,245760,1609,0.006547037760416667,0.9968924798011187,0.003107520198881293,0.007253978185086902,0.3129145532579009,6.951399700483307e-05,0.023551078513264656
qkv_max_b0.25_q99:protect_masked_new,development,245760,1967,0.008003743489583333,0.963904422979156,0.03609557702084393,0.04528433780367656,0.3716189729517836,0.0008995492826215923,0.036470621824264526
qkv_max_b0.25_q99:protect_masked_new,final_benchmark,245760,960,0.00390625,1.0,0.0,0.003985571263342763,0.18611865063978286,0.0,0.0
qkv_max_b0.25_q99:protect_masked_new,heldout,245760,1692,0.006884765625,0.9716312056737588,0.028368794326241134,0.037410850091431906,0.31101021566401815,0.0007500124047510326,0.03543604910373688
qkv_sum_b0.5_q99:all,calibration,245760,3562,0.014493815104166667,0.9910162829870859,0.008983717012914094,0.012654495007262938,0.6886461178306672,0.005489105358719826,1.6381504535675049
qkv_sum_b0.5_q99:all,development,245760,4358,0.017732747395833335,0.9671867829279486,0.0328132170720514,0.03852745164598935,0.8261466091728734,0.018292708322405815,1.4852334260940552
qkv_sum_b0.5_q99:all,final_benchmark,245760,3966,0.0161376953125,0.9306606152294503,0.06933938477054967,0.07766928350190859,0.7155874369910818,0.0275639109313488,1.5540931224822998
qkv_sum_b0.5_q99:all,heldout,245760,3922,0.015958658854166665,0.9946455889852116,0.0053544110147883735,0.00817199230557845,0.7379871358304957,0.0018521045567467809,2.0183379650115967
qkv_sum_b0.5_q99:protect_masked_new,calibration,245760,1608,0.00654296875,0.9975124378109452,0.0024875621890547263,0.00637876416852221,0.3129145532579009,4.990874367649667e-05,0.023509766906499863
qkv_sum_b0.5_q99:protect_masked_new,development,245760,1927,0.007840983072916667,0.9839128178515828,0.01608718214841723,0.02274360935311038,0.3716189729517836,0.0003280563687440008,0.02529710717499256
qkv_sum_b0.5_q99:protect_masked_new,final_benchmark,245760,960,0.00390625,1.0,0.0,0.003985571263342763,0.18611865063978286,0.0,0.0
qkv_sum_b0.5_q99:protect_masked_new,heldout,245760,1681,0.0068400065104166664,0.9779892920880429,0.022010707911957167,0.03019050735227938,0.31101021566401815,0.0004441317287273705,0.02546817436814308
qkv_max_b0.5_q99:all,calibration,245760,3562,0.014493815104166667,0.9910162829870859,0.008983717012914094,0.012654495007262938,0.6886461178306672,0.005491393152624369,1.6381504535675049
qkv_max_b0.5_q99:all,development,245760,4361,0.017744954427083334,0.9665214400366888,0.033478559963311165,0.03924136959260889,0.8261466091728734,0.018293216824531555,1.4852334260940552
qkv_max_b0.5_q99:all,final_benchmark,245760,3895,0.015848795572916668,0.947625160462131,0.05237483953786906,0.05982271300910384,0.7155874369910818,0.026797611266374588,1.5540931224822998
qkv_max_b0.5_q99:all,heldout,245760,3926,0.015974934895833334,0.9936321956189506,0.006367804381049415,0.009383670509515682,0.7379871358304957,0.0018680240027606487,2.0183379650115967
qkv_max_b0.5_q99:protect_masked_new,calibration,245760,1608,0.00654296875,0.9975124378109452,0.0024875621890547263,0.00637876416852221,0.3129145532579009,5.571594738285057e-05,0.023467792198061943
qkv_max_b0.5_q99:protect_masked_new,development,245760,1906,0.0077555338541666664,0.9947534102833159,0.005246589716684155,0.009631125975419283,0.3716189729517836,0.00010934135934803635,0.022883867844939232
qkv_max_b0.5_q99:protect_masked_new,final_benchmark,245760,960,0.00390625,1.0,0.0,0.003985571263342763,0.18611865063978286,0.0,0.0
qkv_max_b0.5_q99:protect_masked_new,heldout,245760,1668,0.006787109375,0.9856115107913669,0.014388489208633094,0.021320685552181074,0.31101021566401815,0.0002631373645272106,0.02246728353202343
qkv_sum_b1_q99:all,calibration,245760,3562,0.014493815104166667,0.9910162829870859,0.008983717012914094,0.012654495007262938,0.6886461178306672,0.00548239191994071,1.6381504535675049
qkv_sum_b1_q99:all,development,245760,4356,0.017724609375,0.9676308539944903,0.03236914600550964,0.03805062155948708,0.8261466091728734,0.018290536478161812,1.4852334260940552
qkv_sum_b1_q99:all,final_benchmark,245760,3918,0.0159423828125,0.9420622766717713,0.05793772332822869,0.06569532297206496,0.7155874369910818,0.026846742257475853,1.5540931224822998
qkv_sum_b1_q99:all,heldout,245760,3921,0.01595458984375,0.994899260392757,0.00510073960724305,0.007865813175778965,0.7379871358304957,0.0018480425933375955,2.0183379650115967
qkv_sum_b1_q99:protect_masked_new,calibration,245760,1608,0.00654296875,0.9975124378109452,0.0024875621890547263,0.00637876416852221,0.3129145532579009,3.9747581467963755e-05,0.018046291545033455
qkv_sum_b1_q99:protect_masked_new,development,245760,1905,0.00775146484375,0.9952755905511811,0.004724409448818898,0.008954734047411756,0.3716189729517836,8.665957284392789e-05,0.021429743617773056
qkv_sum_b1_q99:protect_masked_new,final_benchmark,245760,960,0.00390625,1.0,0.0,0.003985571263342763,0.18611865063978286,0.0,0.0
qkv_sum_b1_q99:protect_masked_new,heldout,245760,1657,0.006742350260416667,0.992154496077248,0.007845503922751962,0.013376987349328375,0.31101021566401815,0.00014134908269625157,0.022273913025856018
qkv_max_b1_q99:all,calibration,245760,3568,0.014518229166666667,0.9896300448430493,0.010369955156950673,0.01426022780431102,0.6888412017167382,0.005519652273505926,1.6381504535675049
qkv_max_b1_q99:all,development,245760,4358,0.017732747395833335,0.9683340982101881,0.03166590178981184,0.03729133376008706,0.8271266170129361,0.018281860277056694,1.4852334260940552
qkv_max_b1_q99:all,final_benchmark,245760,3860,0.015706380208333332,0.9562176165803109,0.04378238341968912,0.050703469051753124,0.7155874369910818,0.026419097557663918,1.5540931224822998
qkv_max_b1_q99:all,heldout,245760,3926,0.015974934895833334,0.9941416199694345,0.0058583800305654615,0.008775826531599317,0.7383654937570943,0.0018588771345093846,2.0183379650115967
qkv_max_b1_q99:protect_masked_new,calibration,245760,1608,0.00654296875,0.9975124378109452,0.0024875621890547263,0.00637876416852221,0.3129145532579009,3.7358371628215536e-05,0.015747006982564926
qkv_max_b1_q99:protect_masked_new,development,245760,1899,0.00772705078125,0.9984202211690363,0.001579778830963665,0.0046345708567024696,0.3716189729517836,2.3788514226907864e-05,0.015476739034056664
qkv_max_b1_q99:protect_masked_new,final_benchmark,245760,960,0.00390625,1.0,0.0,0.003985571263342763,0.18611865063978286,0.0,0.0
qkv_max_b1_q99:protect_masked_new,heldout,245760,1646,0.006697591145833333,0.9987849331713244,0.001215066828675577,0.004419577549841403,0.31101021566401815,1.9471852283459157e-05,0.016159674152731895
qkv_sum_b2_q99:all,calibration,245760,3563,0.014497884114583333,0.9910188043783329,0.008981195621667135,0.012650951070079472,0.6888412017167382,0.0054792859591543674,1.6381504535675049
qkv_sum_b2_q99:all,development,245760,4361,0.017744954427083334,0.9681265764732859,0.03187342352671406,0.037512956502201496,0.8275186201489612,0.018276209011673927,1.4852334260940552
qkv_sum_b2_q99:all,final_benchmark,245760,3877,0.015775553385416665,0.9525406241939645,0.0474593758060356,0.054611716823696164,0.7159751841799147,0.026491733267903328,1.5540931224822998
qkv_sum_b2_q99:all,heldout,245760,3923,0.015962727864583335,0.9951567677797604,0.004843232220239612,0.007552394837845985,0.7385546727203935,0.0018494727555662394,2.0183379650115967
qkv_sum_b2_q99:protect_masked_new,calibration,245760,1608,0.00654296875,0.9975124378109452,0.0024875621890547263,0.00637876416852221,0.3129145532579009,3.7358371628215536e-05,0.015747006982564926
qkv_sum_b2_q99:protect_masked_new,development,245760,1902,0.0077392578125,0.9968454258675079,0.0031545741324921135,0.006865507898669773,0.3716189729517836,5.4478678066516295e-05,0.02012188732624054
qkv_sum_b2_q99:protect_masked_new,final_benchmark,245760,960,0.00390625,1.0,0.0,0.003985571263342763,0.18611865063978286,0.0,0.0
qkv_sum_b2_q99:protect_masked_new,heldout,245760,1649,0.0067097981770833336,0.9969678593086719,0.0030321406913280777,0.007078518135663078,0.31101021566401815,4.9661997763905674e-05,0.01742958091199398
qkv_max_b2_q99:all,calibration,245760,3582,0.0145751953125,0.9910664433277498,0.00893355667225014,0.012583991412761508,0.6925477955520875,0.005493564065545797,1.6381504535675049
qkv_max_b2_q99:all,development,245760,4374,0.0177978515625,0.9686785550983081,0.031321444901691815,0.036908815239675714,0.8304586436691493,0.018243368715047836,1.4852334260940552
qkv_max_b2_q99:all,final_benchmark,245760,3855,0.01568603515625,0.9590142671854734,0.04098573281452659,0.04771465231335244,0.7167506785575805,0.026351917535066605,1.5540931224822998
qkv_max_b2_q99:all,heldout,245760,3956,0.016097005208333334,0.9929221435793731,0.007077856420626896,0.010210533084519377,0.7430949678395763,0.0019091469002887607,2.0183379650115967
qkv_max_b2_q99:protect_masked_new,calibration,245760,1608,0.00654296875,0.9975124378109452,0.0024875621890547263,0.00637876416852221,0.3129145532579009,3.7358371628215536e-05,0.015747006982564926
qkv_max_b2_q99:protect_masked_new,development,245760,1899,0.00772705078125,0.9984202211690363,0.001579778830963665,0.0046345708567024696,0.3716189729517836,2.3788514226907864e-05,0.015476739034056664
qkv_max_b2_q99:protect_masked_new,final_benchmark,245760,960,0.00390625,1.0,0.0,0.003985571263342763,0.18611865063978286,0.0,0.0
qkv_max_b2_q99:protect_masked_new,heldout,245760,1646,0.006697591145833333,0.9987849331713244,0.001215066828675577,0.004419577549841403,0.31101021566401815,1.9471852283459157e-05,0.016159674152731895
