benchmark,sub_domain,condition,count,accuracy,dense_accuracy,delta,paired_ci95,matching_tokens,compared_tokens,token_agreement,sequence_exact_match,relative_accuracy,length_terminated,empty_outputs,overall_eligible,overall_skipped,overall_softmax_skipped,overall_pv_omitted,overall_compensated,overall_mass_sum,overall_rows,overall_error_sq,overall_dense_sq,overall_denominator_mass_sum,overall_same_budget_best_mass_sum,overall_wrongly_replaced_vs_mass,overall_unnecessarily_retained_vs_mass,overall_physical_sparsity,overall_pv_omission,overall_mass,overall_denominator_mass,overall_relative_error,overall_rescued_rows,overall_prefix_eligible,overall_prefix_skipped,overall_prefix_replaced,overall_canvas_eligible,overall_canvas_skipped,overall_canvas_replaced,overall_boundary_eligible,overall_boundary_skipped,overall_boundary_replaced,overall_softmax_sparsity,overall_compensation_fraction,overall_mass_selection_gap,overall_wrongly_replaced_fraction,overall_rescued_row_rate,overall_prefix_sparsity,overall_canvas_sparsity,overall_boundary_sparsity,global_eligible,global_skipped,global_softmax_skipped,global_pv_omitted,global_compensated,global_mass_sum,global_rows,global_error_sq,global_dense_sq,global_denominator_mass_sum,global_same_budget_best_mass_sum,global_wrongly_replaced_vs_mass,global_unnecessarily_retained_vs_mass,global_physical_sparsity,global_pv_omission,global_mass,global_denominator_mass,global_relative_error,global_rescued_rows,global_prefix_eligible,global_prefix_skipped,global_prefix_replaced,global_canvas_eligible,global_canvas_skipped,global_canvas_replaced,global_boundary_eligible,global_boundary_skipped,global_boundary_replaced,global_softmax_sparsity,global_compensation_fraction,global_mass_selection_gap,global_wrongly_replaced_fraction,global_rescued_row_rate,global_prefix_sparsity,global_canvas_sparsity,global_boundary_sparsity,local_eligible,local_skipped,local_softmax_skipped,local_pv_omitted,local_compensated,local_mass_sum,local_rows,local_error_sq,local_dense_sq,local_denominator_mass_sum,local_same_budget_best_mass_sum,local_wrongly_replaced_vs_mass,local_unnecessarily_retained_vs_mass,local_physical_sparsity,local_pv_omission,local_mass,local_denominator_mass,local_relative_error,local_rescued_rows,local_prefix_eligible,local_prefix_skipped,local_prefix_replaced,local_canvas_eligible,local_canvas_skipped,local_canvas_replaced,local_boundary_eligible,local_boundary_skipped,local_boundary_replaced,local_softmax_sparsity,local_compensation_fraction,local_mass_selection_gap,local_wrongly_replaced_fraction,local_rescued_row_rate,local_prefix_sparsity,local_canvas_sparsity,local_boundary_sparsity,overall_mass_sample_p10_p50_p90,overall_relative_error_sample_p10_p50_p90,overall_physical_sparsity_sample_p10_p50_p90,global_mass_sample_p10_p50_p90,global_relative_error_sample_p10_p50_p90,global_physical_sparsity_sample_p10_p50_p90,local_mass_sample_p10_p50_p90,local_relative_error_sample_p10_p50_p90,local_physical_sparsity_sample_p10_p50_p90,equal_task_macro,dense_equal_task_macro,correct,unparsed_answers
longbench_v2,Academic,blasst_aggressive_s50,19,0.5263157894736842,0.42105263157894735,0.10526315789473684,"(0.0, 0.2631578947368421)",497,10092,0.04924692826000793,0.0,1.25,0,0,93130240.0,43576002.0,43576002.0,43576002.0,0.0,96276362.80752945,126074880.0,1308305234.3493662,12353817012.893005,96276362.80752945,114178904.14910316,7880944.0,7880944.0,0.4679038945889112,0.4679038945889112,0.7636442946249836,0.7636442946249836,0.3254272808260395,0.0,88205440.0,41639683.0,41639683.0,3939840.0,1498785.0,1498785.0,984960.0,437534.0,437534.0,0.4679038945889112,0.0,0.1419992733014992,0.08462282498144534,0.0,0.4720761327192518,0.38041773269980506,0.4442149935022742,77535040.0,36140482.0,36140482.0,36140482.0,0.0,18927682.462493896,21012480.0,63488425.45090047,3149945706.5336914,18927682.462493896,19226802.340667725,5056381.0,5056381.0,0.46611805449510313,0.46611805449510313,0.9007828900964521,0.9007828900964521,0.14196972598991178,0.0,76714240.0,36034442.0,36034442.0,656640.0,102545.0,102545.0,164160.0,3495.0,3495.0,0.46611805449510313,0.0,0.014235343861068665,0.06521414060017251,0.0,0.4697229875444246,0.1561662402534113,0.021290204678362575,15595200.0,7435520.0,7435520.0,7435520.0,0.0,77348680.34503555,105062400.0,1244816808.8984659,9203871306.359314,77348680.34503555,94952101.80843544,2824563.0,2824563.0,0.47678259977428955,0.47678259977428955,0.7362165755306899,0.7362165755306899,0.36776250866430454,0.0,11491200.0,5605241.0,5605241.0,3283200.0,1396240.0,1396240.0,820800.0,434039.0,434039.0,0.47678259977428955,0.0,0.1675520591895853,0.18111745921822098,0.0,0.4877855228348649,0.4252680311890838,0.5287999512670565,"[0.7471970588669595, 0.7656088000011201, 0.7882662424302778]","[0.31031491077395307, 0.3235037681412374, 0.33905263611423775]","[0.42917000233307245, 0.4782910539215686, 0.5295642959710708]","[0.8827557571716288, 0.9006666236035525, 0.9133014008576162]","[0.13083647362548056, 0.14403404519553284, 0.15822013222769082]","[0.420606016962259, 0.47859695357833654, 0.5433022125915439]","[0.7190189037410665, 0.7376784402307552, 0.7650988785738437]","[0.35058506358486363, 0.3675582573890479, 0.38309303725963423]","[0.45931085640296165, 0.4774780701754386, 0.4871562452710269]",0.5222222222222221,0.41666666666666663,10.0,0
longbench_v2,Academic,blasst_original_s50,19,0.47368421052631576,0.42105263157894735,0.05263157894736842,"(0.0, 0.15789473684210525)",581,9580,0.060647181628392485,0.0,1.125,0,0,61479200.0,26207216.0,26207216.0,26207216.0,0.0,77556333.75859451,82452480.0,127448640.91634671,8416794793.757843,77556333.75859451,80215791.37499619,4397135.0,4397135.0,0.4262777654881651,0.4262777654881651,0.9406185691272659,0.9406185691272659,0.1230535748053892,0.0,58258400.0,25575141.0,25575141.0,2576640.0,540945.0,540945.0,644160.0,91130.0,91130.0,0.4262777654881651,0.0,0.032254428446563066,0.07152231974391339,0.0,0.43899490888867526,0.20994201751117736,0.14147106308991556,51280000.0,23953056.0,23953056.0,23953056.0,0.0,12384131.2252388,13742080.0,45196671.65482992,2143545468.4702148,12384131.2252388,12576933.983234406,3358439.0,3358439.0,0.46710327613104524,0.46710327613104524,0.9011831706145503,0.9011831706145503,0.14520677397656412,0.0,50743200.0,23881066.0,23881066.0,429440.0,69513.0,69513.0,107360.0,2477.0,2477.0,0.46710327613104524,0.0,0.014030100100974923,0.06549218018720748,0.0,0.47062593608601744,0.16186894560357676,0.023071907600596124,10199200.0,2254160.0,2254160.0,2254160.0,0.0,65172202.53335571,68710400.0,82251969.2615168,6273249325.287628,65172202.53335571,67638857.39176178,1038696.0,1038696.0,0.2210134128166915,0.2210134128166915,0.948505648829809,0.948505648829809,0.1145056398727706,0.0,7515200.0,1694075.0,1694075.0,2147200.0,471432.0,471432.0,536800.0,88653.0,88653.0,0.2210134128166915,0.0,0.0358992941156807,0.10184092870029021,0.0,0.2254198158398978,0.21955663189269747,0.16515089418777942,"[0.9343579533845574, 0.9426403220530067, 0.9443714574704684]","[0.11190674933670858, 0.11716748590885842, 0.13689402537456516]","[0.376363643394186, 0.44040775240384616, 0.483209397546429]","[0.8850167811660123, 0.9015868692991457, 0.9128581994217515]","[0.13279908443075208, 0.14255498158962054, 0.15485471758589198]","[0.40318049240287573, 0.4822040409789414, 0.5486692172080749]","[0.9438442555412873, 0.9499558515415562, 0.9530468669172965]","[0.09919974870686694, 0.1089532547871113, 0.1276756689070015]","[0.20907627545876184, 0.22012406015037594, 0.23736658996629503]",0.4722222222222222,0.41666666666666663,9.0,0
longbench_v2,Academic,dense,19,0.42105263157894735,0.42105263157894735,0.0,"(0.0, 0.0)",9217,9217,1.0,1.0,1.0,0,0,64281760.0,0.0,0.0,0.0,0.0,87244800.0,87244800.0,0.0,9011119613.24466,87244800.0,87244800.0,0.0,0.0,0.0,0.0,1.0,1.0,0.0,0.0,60873760.0,0.0,0.0,2726400.0,0.0,0.0,681600.0,0.0,0.0,0.0,0.0,0.0,0.0,0.0,0.0,0.0,0.0,53489760.0,0.0,0.0,0.0,0.0,14540800.0,14540800.0,0.0,2338866710.1157227,14540800.0,14540800.0,0.0,0.0,0.0,0.0,1.0,1.0,0.0,0.0,52921760.0,0.0,0.0,454400.0,0.0,0.0,113600.0,0.0,0.0,0.0,0.0,0.0,0.0,0.0,0.0,0.0,0.0,10792000.0,0.0,0.0,0.0,0.0,72704000.0,72704000.0,0.0,6672252903.128937,72704000.0,72704000.0,0.0,0.0,0.0,0.0,1.0,1.0,0.0,0.0,7952000.0,0.0,0.0,2272000.0,0.0,0.0,568000.0,0.0,0.0,0.0,0.0,0.0,0.0,0.0,0.0,0.0,0.0,"[1.0, 1.0, 1.0]","[0.0, 0.0, 0.0]","[0.0, 0.0, 0.0]","[1.0, 1.0, 1.0]","[0.0, 0.0, 0.0]","[0.0, 0.0, 0.0]","[1.0, 1.0, 1.0]","[0.0, 0.0, 0.0]","[0.0, 0.0, 0.0]",0.41666666666666663,0.41666666666666663,8.0,0
longbench_v2,Academic,full_centered_s50,19,0.631578947368421,0.42105263157894735,0.21052631578947367,"(0.0, 0.47368421052631576)",582,10052,0.05789892558694787,0.0,1.5,0,0,106300000.0,52754266.0,0.0,52754266.0,0.0,106302128.7213012,145612800.0,1111664600.4511354,14344852826.384064,106302128.7213012,133159953.23049927,13165096.0,13165096.0,0.4962771966133584,0.4962771966133584,0.7300328592081273,0.7300328592081273,0.2783805187051086,0.0,100612000.0,50642146.0,50642146.0,4550400.0,1626202.0,1626202.0,1137600.0,485918.0,485918.0,0.0,0.0,0.18444686531127805,0.12384850423330197,0.0,0.5033410130004373,0.35737561533052037,0.4271431082981716,88288000.0,43875530.0,0.0,43875530.0,0.0,21836482.79569626,24268800.0,37464045.90736167,3747286879.13916,21836482.79569626,22428564.11353302,9545698.0,9545698.0,0.49695915639724536,0.49695915639724536,0.8997759590789928,0.8997759590789928,0.09998822694431116,0.0,87340000.0,43785785.0,43785785.0,758400.0,89439.0,89439.0,189600.0,306.0,306.0,0.0,0.0,0.0243968106308001,0.10811999365712215,0.0,0.5013256812457064,0.11793117088607595,0.0016139240506329114,18012000.0,8878736.0,0.0,8878736.0,0.0,84465645.92560494,121344000.0,1074200554.5437737,10597565947.244904,84465645.92560494,110731389.11696625,3619398.0,3619398.0,0.49293448811903173,0.49293448811903173,0.6960842392339542,0.6960842392339542,0.3183754869488561,0.0,13272000.0,6856361.0,6856361.0,3792000.0,1536763.0,1536763.0,948000.0,485612.0,485612.0,0.0,0.0,0.21645687624737364,0.20094370419720187,0.0,0.5166034508740205,0.4052645042194093,0.5122489451476794,"[0.7131616542833618, 0.7294208373876531, 0.7467565737779486]","[0.25897383607916785, 0.28039224480937336, 0.29755485383218266]","[0.39898746418593967, 0.5012369018869469, 0.551707165106397]","[0.8770518203497608, 0.8907325446890253, 0.9386852455514725]","[0.0625597297714017, 0.10609071626257716, 0.12041833624706635]","[0.37024138289959546, 0.5036233078410689, 0.5659202298835859]","[0.6791408517182667, 0.6948782289401096, 0.7194506835398028]","[0.2951696331572524, 0.3227766911580826, 0.3404990755606335]","[0.47951715052372945, 0.4940194568868981, 0.5033947032760473]",0.6277777777777778,0.41666666666666663,12.0,0
longbench_v2,Academic,jl_gaussian_r1_s50,19,0.5789473684210527,0.42105263157894735,0.15789473684210525,"(0.0, 0.3157894736842105)",382,9738,0.039227767508728695,0.0,1.3750000000000002,0,0,104929600.0,50216682.0,0.0,50216682.0,0.0,100350146.40912585,144138240.0,1932846259.1233728,13996103854.464813,100350146.40912585,129802035.05397987,12742643.0,12742643.0,0.47857498742013693,0.47857498742013693,0.6962076573789568,0.6962076573789568,0.37161657586973007,0.0,99299200.0,47927116.0,47927116.0,4504320.0,1758614.0,1758614.0,1126080.0,530952.0,530952.0,0.0,0.0,0.2043308468651624,0.12143992734176057,0.0,0.4826535964035964,0.3904282999431657,0.47150468883205454,87100000.0,41046219.0,0.0,41046219.0,0.0,21879120.62796402,24023040.0,29665489.817158278,3673275282.132324,21879120.62796402,22425722.903450012,9108141.0,9108141.0,0.4712539494833525,0.4712539494833525,0.9107557006925027,0.9107557006925027,0.0898667474530242,0.0,86161600.0,40951306.0,40951306.0,750720.0,94556.0,94556.0,187680.0,357.0,357.0,0.0,0.0,0.022753251690293668,0.10457107921928817,0.0,0.4752848832890754,0.12595375106564366,0.0019021739130434783,17829600.0,9170463.0,0.0,9170463.0,0.0,78471025.78116183,120115200.0,1903180769.3062146,10322828572.332489,78471025.78116183,107376312.15052986,3634502.0,3634502.0,0.5143392448512586,0.5143392448512586,0.6532980487162476,0.6532980487162476,0.4293788640922223,0.0,13137600.0,6975810.0,6975810.0,3753600.0,1664058.0,1664058.0,938400.0,530595.0,530595.0,0.0,0.0,0.24064636590013613,0.20384652487997487,0.0,0.5309805443916698,0.44332320971867006,0.5654251918158568,"[0.6769019676941398, 0.6986139178210217, 0.7167410596172534]","[0.3589742357248117, 0.37282431867935895, 0.38435928289378385]","[0.3837634852965194, 0.4791650165610599, 0.5357129948971628]","[0.8884515596458359, 0.9026370254783508, 0.9434715774116136]","[0.05740955889073714, 0.09226440128591189, 0.10658381937645195]","[0.3446606370778601, 0.47144056783320076, 0.5413592334970015]","[0.6333306159436264, 0.6546912807425224, 0.6779422291253077]","[0.41355160513650924, 0.4292445817881646, 0.44550512808302817]","[0.5013956800758033, 0.5145578084555651, 0.5245100889046942]",0.5777777777777777,0.41666666666666663,11.0,0
longbench_v2,Academic,jl_gaussian_r2_s50,19,0.5789473684210527,0.42105263157894735,0.15789473684210525,"(0.0, 0.3157894736842105)",562,12211,0.046024076652198834,0.0,1.3750000000000002,0,0,154848960.0,74382801.0,0.0,74382801.0,0.0,143942598.08747518,207175680.0,2209597530.5549784,20548087142.999054,143942598.08747518,186335721.2981949,19887013.0,19887013.0,0.4803571234834254,0.4803571234834254,0.6947852088018979,0.6947852088018979,0.32792225250696505,0.0,146756160.0,71148921.0,71148921.0,6474240.0,2501755.0,2501755.0,1618560.0,732125.0,732125.0,0.0,0.0,0.20462403314288485,0.1284284569944803,0.0,0.48481045701931696,0.38641678405496244,0.4523310844207197,129221760.0,61148070.0,0.0,61148070.0,0.0,31297649.588104248,34529280.0,48996940.5638953,5379919824.743164,31297649.588104248,32174459.67012787,14646594.0,14646594.0,0.4732025782654562,0.4732025782654562,0.9064089835671131,0.9064089835671131,0.09543256124268652,0.0,127872960.0,61019422.0,61019422.0,1079040.0,127741.0,127741.0,269760.0,907.0,907.0,0.0,0.0,0.025393233859021116,0.11334464102640299,0.0,0.47718784330948466,0.11838393386714116,0.0033622479240806645,25627200.0,13234731.0,0.0,13234731.0,0.0,112644948.49937093,172646400.0,2160600589.9910827,15168167318.25589,112644948.49937093,154161261.62806702,5240419.0,5240419.0,0.5164329696572392,0.5164329696572392,0.6524604538488549,0.6524604538488549,0.3774163322646545,0.0,18883200.0,10129499.0,10129499.0,5395200.0,2374014.0,2374014.0,1348800.0,731218.0,731218.0,0.0,0.0,0.24047019299965758,0.20448660017481426,0.0,0.5364291539569565,0.4400233540925267,0.5421248517200474,"[0.6825988046845378, 0.6992511043924646, 0.7203495579773471]","[0.30708144951858657, 0.33191568404848865, 0.34693604430781294]","[0.3861976674623275, 0.47485355110196176, 0.5392735225759643]","[0.8824717145172449, 0.9005832106299415, 0.9423852676496035]","[0.060933908424574856, 0.10007510764942187, 0.1097282619298241]","[0.3482034332757893, 0.46773170382051465, 0.5404350397483566]","[0.6402991276343717, 0.6563067056263677, 0.6807317962731827]","[0.3544295145053897, 0.38148749481449096, 0.3967107860339041]","[0.5051454524469068, 0.5130445906432749, 0.5261524283638346]",0.5777777777777777,0.41666666666666663,11.0,1
longbench_v2,Academic,jl_gaussian_r32_s50,19,0.5263157894736842,0.42105263157894735,0.10526315789473684,"(-0.10526315789473684, 0.3157894736842105)",644,10020,0.06427145708582835,0.0,1.25,0,0,120637120.0,56196835.0,0.0,56196835.0,0.0,120302546.09950046,165642240.0,1311117592.0303361,16310155591.004547,120302546.09950046,151484453.77106094,14760257.0,14760257.0,0.46583369198468927,0.46583369198468927,0.7262793964842571,0.7262793964842571,0.2835252684364017,0.0,114166720.0,53753605.0,53753605.0,5176320.0,1866465.0,1866465.0,1294080.0,576765.0,576765.0,0.0,0.0,0.1882485268948336,0.12235253129385051,0.0,0.4708342763985862,0.3605775918026706,0.44569501112759646,100147520.0,46021067.0,0.0,46021067.0,0.0,25199574.82262039,27607040.0,33105236.91930577,4286726235.711914,25199574.82262039,25811791.016693115,10621631.0,10621631.0,0.4595327672617355,0.4595327672617355,0.912795244351455,0.912795244351455,0.08787907473839973,0.0,99069120.0,45935796.0,45935796.0,862720.0,85003.0,85003.0,215680.0,268.0,268.0,0.0,0.0,0.02217608965223086,0.10605985050852981,0.0,0.463674210490615,0.09852907084569733,0.0012425816023738873,20489600.0,10175768.0,0.0,10175768.0,0.0,95102971.27688007,138035200.0,1278012355.1110303,12023429355.292633,95102971.27688007,125672662.75436783,4138626.0,4138626.0,0.49663087615180385,0.49663087615180385,0.6889762269108175,0.6889762269108175,0.3260268351683475,0.0,15097600.0,7817809.0,7817809.0,4313600.0,1781462.0,1781462.0,1078400.0,576497.0,576497.0,0.0,0.0,0.22146301434335414,0.201986666406372,0.0,0.5178179975625264,0.4129872959940653,0.5345854970326409,"[0.7118033670898593, 0.7235904497797342, 0.7422805806497993]","[0.2576430611669761, 0.2889193010651363, 0.2983720180268087]","[0.3764115896749846, 0.46727118476541907, 0.5251580621737811]","[0.8921977078858199, 0.902105246656216, 0.9488272427292122]","[0.055253515070228965, 0.09422981680745197, 0.10675664758799593]","[0.3395455990629183, 0.4632211388455538, 0.5294193873649055]","[0.676447233434164, 0.6862253090393028, 0.711664916435094]","[0.29352138796119, 0.3334824582021071, 0.3444713324341446]","[0.48633935585231736, 0.49753933066361555, 0.5078109231062606]",0.5277777777777778,0.41666666666666663,10.0,0
longbench_v2,Academic,jl_gaussian_r8_s50,19,0.47368421052631576,0.42105263157894735,0.05263157894736842,"(-0.10526315789473684, 0.2631578947368421)",563,10069,0.05591419207468468,0.0,1.125,0,0,111717440.0,51050218.0,0.0,51050218.0,0.0,110930240.58346999,153968640.0,1306092444.9303498,15118438897.24997,110930240.58346999,140430496.48752594,13631862.0,13631862.0,0.456958358515913,0.456958358515913,0.7204729520470531,0.7204729520470531,0.2939229407256091,0.0,105703040.0,48779895.0,48779895.0,4811520.0,1749647.0,1749647.0,1202880.0,520676.0,520676.0,0.0,0.0,0.1915991198211269,0.12202089485759789,0.0,0.46148053073970247,0.36363706271614793,0.43285780792764034,92671840.0,41534816.0,0.0,41534816.0,0.0,23487650.593437195,25661440.0,29127086.109551776,3952724719.158203,23487650.593437195,24037673.640159607,9773018.0,9773018.0,0.4481924174592843,0.4481924174592843,0.915289656131425,0.915289656131425,0.08584208054259082,0.0,91669440.0,41453452.0,41453452.0,801920.0,81071.0,81071.0,200480.0,293.0,293.0,0.0,0.0,0.021433834060848186,0.10545833556342465,0.0,0.45220579508285424,0.10109611931364725,0.001461492418196329,19045600.0,9515402.0,0.0,9515402.0,0.0,87442589.99003279,128307200.0,1276965358.820798,11165714178.091766,87442589.99003279,116392822.84736633,3858844.0,3858844.0,0.49961156382576555,0.49961156382576555,0.6815096112301787,0.6815096112301787,0.3381787423760948,0.0,14033600.0,7326443.0,7326443.0,4009600.0,1668576.0,1668576.0,1002400.0,520383.0,520383.0,0.0,0.0,0.22563217697318266,0.2026107867433948,0.0,0.5220644025766731,0.41614525139664804,0.5191370710295291,"[0.702932412388723, 0.7175014465127176, 0.7395942325997005]","[0.27229114706161345, 0.2962314878229449, 0.3138412400320111]","[0.3659141648879096, 0.4631991474543708, 0.5198671588695282]","[0.8908720505324624, 0.9071677724520365, 0.9480490388785089]","[0.053187826500237845, 0.08876692258189472, 0.10775036591181386]","[0.32599427790162194, 0.4550037308129619, 0.5238487278818968]","[0.6622507169416058, 0.6761577296297862, 0.7047249034425789]","[0.30904052492369305, 0.3429857383011567, 0.36061141924314793]","[0.48692712077794353, 0.5005921052631579, 0.5133935746808037]",0.4722222222222222,0.41666666666666663,9.0,0
longbench_v2,Academic,mass_s50,19,0.47368421052631576,0.42105263157894735,0.05263157894736842,"(-0.10526315789473684, 0.21052631578947367)",444,10007,0.04436894174078145,0.0,1.125,0,0,98451360.0,47095338.0,47095338.0,47095338.0,0.0,100278629.36839771,133939200.0,1284759854.67727,13663489129.69101,100278629.36839771,121678664.33682632,10905175.0,10905175.0,0.4783614771802035,0.4783614771802035,0.7486876834294793,0.7486876834294793,0.30664096360002163,0.0,93219360.0,44686218.0,44686218.0,4185600.0,1903739.0,1903739.0,1046400.0,505381.0,505381.0,0.4783614771802035,0.0,0.15977424807993934,0.11076713414624237,0.0,0.4793662818538982,0.45483060970948014,0.4829711391437309,81883360.0,38902207.0,38902207.0,38902207.0,0.0,20200990.61328888,22323200.0,33513076.379782975,3398174736.010742,20200990.61328888,20640901.005882263,7729623.0,7729623.0,0.4750929492878651,0.4750929492878651,0.9049325640270606,0.9049325640270606,0.09930801354150307,0.0,81011360.0,38736767.0,38736767.0,697600.0,164185.0,164185.0,174400.0,1255.0,1255.0,0.4750929492878651,0.0,0.019706421686558548,0.09439797047898377,0.0,0.47816463024444966,0.2353569380733945,0.007196100917431193,16568000.0,8193131.0,8193131.0,8193131.0,0.0,80077638.75510883,111616000.0,1251246778.2974868,10265314393.680267,80077638.75510883,101037763.33094406,3175552.0,3175552.0,0.4945153911154032,0.4945153911154032,0.7174387073099631,0.7174387073099631,0.349128545130196,0.0,12208000.0,5949451.0,5949451.0,3488000.0,1739554.0,1739554.0,872000.0,504126.0,504126.0,0.4945153911154032,0.0,0.1877878133586155,0.1916677933365524,0.0,0.4873403505897772,0.49872534403669727,0.5781261467889909,"[0.7316060690612007, 0.7505901066100814, 0.7707890281318328]","[0.26916100577409446, 0.3017453453987186, 0.32349066890861716]","[0.38027264155168755, 0.4781848135752614, 0.5199104754417989]","[0.8862839489444035, 0.9004630859047175, 0.9442645395801526]","[0.06150097781577467, 0.10110064451609348, 0.11831470825279754]","[0.34878978127964205, 0.47340870404923235, 0.523526216697289]","[0.6979322140543928, 0.7211171835211989, 0.7426605855789182]","[0.3097153841226476, 0.34314710245867097, 0.36668937796943535]","[0.47710168962287064, 0.48752894736842106, 0.5065116992481203]",0.4722222222222222,0.41666666666666663,9.0,0
longbench_v2,Agent history QA,blasst_aggressive_s50,4,0.0,0.0,0.0,"(0.0, 0.0)",294,4059,0.07243163340724317,0.0,,0,0,33863040.0,16851355.0,16851355.0,16851355.0,0.0,32685104.77466607,43253760.0,513967849.0954995,4492522330.399689,32685104.77466607,38944384.71830559,2702532.0,2702532.0,0.49763266971896203,0.49763266971896203,0.7556592715793048,0.7556592715793048,0.3382383555590389,0.0,32173440.0,16175309.0,16175309.0,1351680.0,518175.0,518175.0,337920.0,157871.0,157871.0,0.49763266971896203,0.0,0.14471065506535194,0.07980771956681976,0.0,0.5027534823755246,0.3833562677556818,0.46718454071969695,28512640.0,14182914.0,14182914.0,14182914.0,0.0,6545312.15471077,7208960.0,23084337.031339668,1156341671.9511719,6545312.15471077,6629907.686302185,1752570.0,1752570.0,0.4974254926937667,0.4974254926937667,0.9079412501540818,0.9079412501540818,0.14129136301929843,0.0,28231040.0,14149833.0,14149833.0,225280.0,31355.0,31355.0,56320.0,1726.0,1726.0,0.4974254926937667,0.0,0.011734776110758752,0.06146642331260802,0.0,0.5012154352089048,0.13918235085227273,0.03064630681818182,5350400.0,2668441.0,2668441.0,2668441.0,0.0,26139792.6199553,36044800.0,490883512.06415987,3336180658.448517,26139792.6199553,32314477.032003403,949962.0,949962.0,0.49873672996411483,0.49873672996411483,0.7252028758643494,0.7252028758643494,0.38358749658228464,0.0,3942400.0,2025476.0,2025476.0,1126400.0,486820.0,486820.0,281600.0,156145.0,156145.0,0.49873672996411483,0.0,0.17130583085627057,0.1775497159090909,0.0,0.5137672483766234,0.43219105113636364,0.5544921875,"[0.7525859547562285, 0.7567309455731841, 0.7585123494696313]","[0.33204980442261084, 0.3391941058350147, 0.34859537965184656]","[0.4931998427219031, 0.4992219023517016, 0.5068522984625086]","[0.902063104323605, 0.9042329164184677, 0.9113627459075863]","[0.13710132332707584, 0.14076063075883893, 0.14641587450275992]","[0.49191476150255253, 0.4995338772130782, 0.5089285628214415]","[0.7221398079396889, 0.7269249922211358, 0.728737434431498]","[0.37723614790182375, 0.38418062083733145, 0.39582781331724043]","[0.4960700254507951, 0.49784163533834586, 0.5012191075514875]",0.0,0.0,0.0,0
longbench_v2,Agent history QA,blasst_original_s50,4,0.0,0.0,0.0,"(0.0, 0.0)",428,3164,0.13527180783817952,0.0,,0,0,11660480.0,5425172.0,5425172.0,5425172.0,0.0,13884751.124850273,14868480.0,31504323.20459784,1599280611.664215,13884751.124850273,14425194.348171234,825756.0,825756.0,0.46526146436510335,0.46526146436510335,0.9338379662783467,0.9338379662783467,0.14035333643590248,0.0,11079680.0,5300215.0,5300215.0,464640.0,102888.0,102888.0,116160.0,22069.0,22069.0,0.46526146436510335,0.0,0.0363482496745438,0.07081663876615714,0.0,0.47837257032694086,0.22143595041322314,0.1899879476584022,9821280.0,4993250.0,4993250.0,4993250.0,0.0,2221004.84557724,2478080.0,10228078.130890632,409671805.1894531,2221004.84557724,2253138.2139778137,628496.0,628496.0,0.5084113272404411,0.5084113272404411,0.8962603489706709,0.8962603489706709,0.15800796531513056,0.0,9724480.0,4980633.0,4980633.0,77440.0,12034.0,12034.0,19360.0,583.0,583.0,0.5084113272404411,0.0,0.012967042387886481,0.06399328804392096,0.0,0.5121747383921814,0.15539772727272727,0.030113636363636363,1839200.0,431922.0,431922.0,431922.0,0.0,11663746.279273033,12390400.0,21276245.073707204,1189608806.474762,11663746.279273033,12172056.13419342,197260.0,197260.0,0.2348423227490213,0.2348423227490213,0.941353489739882,0.941353489739882,0.13373510001045033,0.0,1355200.0,319582.0,319582.0,387200.0,90854.0,90854.0,96800.0,21486.0,21486.0,0.2348423227490213,0.0,0.041024491131875264,0.10725315354501957,0.0,0.23581906729634003,0.23464359504132232,0.22196280991735537,"[0.9293293101020513, 0.9338743476064701, 0.9362689516676546]","[0.13340528900268406, 0.13916236390624315, 0.1471226110137474]","[0.4505271604300459, 0.4757844858286626, 0.5030720148433616]","[0.8896538751565017, 0.8959189204901916, 0.8989650842442541]","[0.1553381184347318, 0.1600898917120499, 0.1618830986957286]","[0.4906801566511999, 0.5221142767050143, 0.5538561486967601]","[0.9358538691564782, 0.9419252732553869, 0.9447723809064887]","[0.12301092260089452, 0.13014470525963553, 0.14377741085293896]","[0.21488717462814647, 0.24677261513157894, 0.25870300380886424]",0.0,0.0,0.0,0
longbench_v2,Agent history QA,dense,4,0.0,0.0,0.0,"(0.0, 0.0)",3081,3081,1.0,1.0,,0,0,13278400.0,0.0,0.0,0.0,0.0,16834560.0,16834560.0,0.0,1834466371.128357,16834560.0,16834560.0,0.0,0.0,0.0,0.0,1.0,1.0,0.0,0.0,12620800.0,0.0,0.0,526080.0,0.0,0.0,131520.0,0.0,0.0,0.0,0.0,0.0,0.0,0.0,0.0,0.0,0.0,11196000.0,0.0,0.0,0.0,0.0,2805760.0,2805760.0,0.0,478581539.17089844,2805760.0,2805760.0,0.0,0.0,0.0,0.0,1.0,1.0,0.0,0.0,11086400.0,0.0,0.0,87680.0,0.0,0.0,21920.0,0.0,0.0,0.0,0.0,0.0,0.0,0.0,0.0,0.0,0.0,2082400.0,0.0,0.0,0.0,0.0,14028800.0,14028800.0,0.0,1355884831.9574585,14028800.0,14028800.0,0.0,0.0,0.0,0.0,1.0,1.0,0.0,0.0,1534400.0,0.0,0.0,438400.0,0.0,0.0,109600.0,0.0,0.0,0.0,0.0,0.0,0.0,0.0,0.0,0.0,0.0,"[1.0, 1.0, 1.0]","[0.0, 0.0, 0.0]","[0.0, 0.0, 0.0]","[1.0, 1.0, 1.0]","[0.0, 0.0, 0.0]","[0.0, 0.0, 0.0]","[1.0, 1.0, 1.0]","[0.0, 0.0, 0.0]","[0.0, 0.0, 0.0]",0.0,0.0,0.0,0
longbench_v2,Agent history QA,full_centered_s50,4,0.0,0.0,0.0,"(0.0, 0.0)",454,3479,0.1304972693302673,0.0,,0,0,30174400.0,16735748.0,0.0,16735748.0,0.0,27137369.760251895,38215680.0,330397892.2624877,4000998242.837372,27137369.760251895,34506031.37908363,3580302.0,3580302.0,0.5546339943793415,0.5546339943793415,0.7101108696810287,0.7101108696810287,0.2873653852251333,0.0,28681600.0,16161302.0,16161302.0,1194240.0,436572.0,436572.0,298560.0,137874.0,137874.0,0.0,0.0,0.19281775488050296,0.11865362691553105,0.0,0.563472818810666,0.3655647106109325,0.4617966237942122,25447200.0,14304666.0,0.0,14304666.0,0.0,5621616.95218277,6369280.0,17011083.63316504,1027309380.965332,5621616.95218277,5766244.499172211,2658385.0,2658385.0,0.5621312364425163,0.5621312364425163,0.882614196923792,0.882614196923792,0.12868127724563802,0.0,25198400.0,14283333.0,14283333.0,199040.0,21236.0,21236.0,49760.0,97.0,97.0,0.0,0.0,0.022707048047729245,0.10446669967619228,0.0,0.5668349180900375,0.10669212218649518,0.0019493569131832798,4727200.0,2431082.0,0.0,2431082.0,0.0,21515752.808069125,31846400.0,313386808.6293227,2973688861.87204,21515752.808069125,28739786.879911423,921917.0,921917.0,0.5142752580808936,0.5142752580808936,0.6756102042324761,0.6756102042324761,0.32463294590030334,0.0,3483200.0,1877969.0,1877969.0,995200.0,415336.0,415336.0,248800.0,137777.0,137777.0,0.0,0.0,0.2268398962470577,0.19502390421391097,0.0,0.5391504937988056,0.41733922829581993,0.553766077170418,"[0.7055621210849896, 0.716850787914928, 0.7236655033402577]","[0.28273156226414103, 0.2879364440952501, 0.29366427904078024]","[0.5324689397542356, 0.5572516709022284, 0.5891575484931095]","[0.8747709893710941, 0.8820917423215122, 0.8970196656567685]","[0.11219633905957338, 0.13063300468816388, 0.13624334088031276]","[0.5366965676060812, 0.5649929510706936, 0.6027315131762374]","[0.6708032869838935, 0.6848761440436114, 0.6890528937128305]","[0.3175939682078994, 0.3255009103442855, 0.3360936790492224]","[0.511678125, 0.5147426475723544, 0.5150651609118337]",0.0,0.0,0.0,0
longbench_v2,Agent history QA,jl_gaussian_r1_s50,4,0.0,0.0,0.0,"(0.0, 0.0)",714,3638,0.19626168224299065,0.0,,0,0,41814400.0,22652044.0,0.0,22652044.0,0.0,36251448.34273933,52838400.0,763194714.0797107,5400590767.729065,36251448.34273933,47255161.07533264,4821706.0,4821706.0,0.5417283041248948,0.5417283041248948,0.6860814926784181,0.6860814926784181,0.3759213936299894,0.0,39750400.0,21824754.0,21824754.0,1651200.0,635889.0,635889.0,412800.0,191401.0,191401.0,0.0,0.0,0.208252194097348,0.11531209344149385,0.0,0.5490448901143133,0.3851071947674419,0.46366521317829457,35278400.0,19207677.0,0.0,19207677.0,0.0,7945624.441749573,8806400.0,18414018.318028115,1439505590.741211,7945624.441749573,8111797.194282532,3501064.0,3501064.0,0.5444599811782848,0.5444599811782848,0.9022556824297753,0.9022556824297753,0.11310130277931454,0.0,34934400.0,19174777.0,19174777.0,275200.0,32543.0,32543.0,68800.0,357.0,357.0,0.0,0.0,0.018869544028542764,0.09924100866252437,0.0,0.5488795284876797,0.11825218023255814,0.005188953488372093,6536000.0,3444367.0,0.0,3444367.0,0.0,28305823.90098976,44032000.0,744780695.7616826,3961085176.987854,28305823.90098976,39143363.88105011,1320642.0,1320642.0,0.5269839351285189,0.5269839351285189,0.6428466547281468,0.6428466547281468,0.43361781338066574,0.0,4816000.0,2649977.0,2649977.0,1376000.0,603346.0,603346.0,344000.0,191044.0,191044.0,0.0,0.0,0.24612872411110898,0.20205660954712362,0.0,0.5502443936877076,0.4384781976744186,0.5553604651162791,"[0.6695332492424538, 0.6843935244302168, 0.6991020879043133]","[0.36688356153284474, 0.38231525499499186, 0.3893858878221179]","[0.5150197511141021, 0.5438954378585217, 0.5690071968164545]","[0.8919892520560199, 0.9022624693229611, 0.9112656781159979]","[0.10025047948568742, 0.11235876009900916, 0.12517544494250055]","[0.5119815683642751, 0.5464914881336387, 0.5759876725036037]","[0.6250420486797406, 0.6407639016038008, 0.6567140369402701]","[0.4241534091000289, 0.439079259749785, 0.44961608056764835]","[0.523446330253826, 0.5297144969431153, 0.5364069145401382]",0.0,0.0,0.0,0
longbench_v2,Agent history QA,jl_gaussian_r2_s50,4,0.0,0.0,0.0,"(0.0, 0.0)",352,3194,0.11020663744520977,0.0,,0,0,36335360.0,19849785.0,0.0,19849785.0,0.0,31930628.40940915,45957120.0,542330975.7535461,4772900285.291718,31930628.40940915,41394936.976896286,4427244.0,4427244.0,0.5462938856254623,0.5462938856254623,0.6947917626128258,0.6947917626128258,0.3370862397821755,0.0,34540160.0,19133266.0,19133266.0,1436160.0,549739.0,549739.0,359040.0,166780.0,166780.0,0.0,0.0,0.20593780827621783,0.12184395586007679,0.0,0.5539425989920139,0.3827839516488414,0.46451648841354726,30650560.0,16831175.0,0.0,16831175.0,0.0,6820028.644207001,7659520.0,18303727.98968923,1245479246.930664,6820028.644207001,6993252.8888168335,3312001.0,3312001.0,0.5491310762348225,0.5491310762348225,0.8903989602751871,0.8903989602751871,0.12122760601650888,0.0,30351360.0,16803995.0,16803995.0,239360.0,26858.0,26858.0,59840.0,322.0,322.0,0.0,0.0,0.022615548312405056,0.10805678591190504,0.0,0.5536488315515351,0.11220755347593583,0.005381016042780748,5684800.0,3018610.0,0.0,3018610.0,0.0,25110599.76520215,38297600.0,524027247.7638569,3527421038.3610535,25110599.76520215,34401684.08807945,1115243.0,1115243.0,0.5309966929355474,0.5309966929355474,0.6556703230803536,0.6556703230803536,0.38543245775738116,0.0,4188800.0,2329271.0,2329271.0,1196800.0,522881.0,522881.0,299200.0,166458.0,166458.0,0.0,0.0,0.24260226026898038,0.1961798128342246,0.0,0.5560711898395722,0.43689923128342245,0.5563435828877006,"[0.691603655488855, 0.6973248918041572, 0.6980115573400066]","[0.33283977879704113, 0.3366227395686492, 0.34866416865001815]","[0.5160061131304717, 0.5436035138764612, 0.5591587011170759]","[0.8863688126243581, 0.8901522894162133, 0.9042565993424593]","[0.107464984718667, 0.12139974147906574, 0.12509827116434039]","[0.5128298192545243, 0.5465106051919887, 0.5636895365832953]","[0.6515685305000943, 0.6570750587533973, 0.6591921253238551]","[0.3810590274249854, 0.38391431123282826, 0.40146558224713885]","[0.5275284120394396, 0.5297860675625233, 0.5352205850369726]",0.0,0.0,0.0,0
longbench_v2,Agent history QA,jl_gaussian_r32_s50,4,0.0,0.0,0.0,"(0.0, 0.0)",442,4598,0.09612875163114397,0.0,,0,0,50059840.0,26763968.0,0.0,26763968.0,0.0,44336618.91365908,62423040.0,569343936.1345768,6498277187.53067,44336618.91365908,56307490.2244854,5912543.0,5912543.0,0.5346395034422803,0.5346395034422803,0.7102604889742486,0.7102604889742486,0.29599762983836925,0.0,47621440.0,25839999.0,25839999.0,1950720.0,708931.0,708931.0,487680.0,215038.0,215038.0,0.0,0.0,0.191770078977671,0.11810950654256985,0.0,0.5426127181370408,0.36342017306430446,0.440940780839895,42338240.0,22778220.0,0.0,22778220.0,0.0,9401957.857124329,10403840.0,20241428.897698764,1712620687.9406738,9401957.857124329,9600813.736789703,4362141.0,4362141.0,0.5380058311351629,0.5380058311351629,0.9037007352212576,0.9037007352212576,0.10871513029864459,0.0,41931840.0,22741154.0,22741154.0,325120.0,36910.0,36910.0,81280.0,156.0,156.0,0.0,0.0,0.019113700293869836,0.10303075895455267,0.0,0.5423361817654555,0.11352731299212598,0.0019192913385826771,7721600.0,3985748.0,0.0,3985748.0,0.0,34934661.05653475,52019200.0,549102507.236878,4785656499.589996,34934661.05653475,46706676.487695694,1550402.0,1550402.0,0.5161816203895566,0.5161816203895566,0.6715724397248468,0.6715724397248468,0.3387317858958779,0.0,5689600.0,3098845.0,3098845.0,1625600.0,672021.0,672021.0,406400.0,214882.0,214882.0,0.0,0.0,0.22630135471443125,0.20078766058847908,0.0,0.5446507663104612,0.41339874507874014,0.5287450787401575,"[0.700722057678021, 0.7142137664477628, 0.7177373974857633]","[0.2879862814245377, 0.2994017730933487, 0.30976750413171655]","[0.5079505344050268, 0.5371655718097538, 0.5718564422939099]","[0.8881608020679115, 0.9019218259301864, 0.9133517248741907]","[0.09581924549609436, 0.11060479742578977, 0.12362093599505704]","[0.506590003621261, 0.5409873005606407, 0.5813377090871381]","[0.6628600087669317, 0.6770051723967453, 0.6787224177648153]","[0.3294067464711522, 0.3431381509527683, 0.35452043498197167]","[0.5139653242955875, 0.5161335152888797, 0.5200403430914565]",0.0,0.0,0.0,0
longbench_v2,Agent history QA,jl_gaussian_r8_s50,4,0.0,0.0,0.0,"(0.0, 0.0)",1000,3768,0.2653927813163482,0.0,,0,0,39334080.0,21040522.0,0.0,21040522.0,0.0,35049240.9725084,49643520.0,469482274.896325,5096707266.156616,35049240.9725084,44742785.21803284,4702338.0,4702338.0,0.5349183710410921,0.5349183710410921,0.7060184485811724,0.7060184485811724,0.303504234710005,0.0,37394880.0,20299210.0,20299210.0,1551360.0,567761.0,567761.0,387840.0,173551.0,173551.0,0.0,0.0,0.19526303222504038,0.11954869670270667,0.0,0.5428339387638094,0.36597630466171616,0.4474809199669967,33193280.0,17875914.0,0.0,17875914.0,0.0,7416577.630092621,8273920.0,17088855.334616203,1333292665.4335938,7416577.630092621,7590442.443569183,3471167.0,3471167.0,0.5385401502954815,0.5385401502954815,0.8963801475108075,0.8963801475108075,0.11321233339307422,0.0,32870080.0,17848028.0,17848028.0,258560.0,27791.0,27791.0,64640.0,95.0,95.0,0.0,0.0,0.021013596152315045,0.10457438975599881,0.0,0.5429870569222831,0.10748375618811881,0.0014696782178217822,6140800.0,3164608.0,0.0,3164608.0,0.0,27632663.342415776,41369600.0,452393419.5617088,3763414600.7230225,27632663.342415776,37152342.77446365,1231171.0,1231171.0,0.5153413236060448,0.5153413236060448,0.6679461087952452,0.6679461087952452,0.346710589824271,0.0,4524800.0,2451182.0,2451182.0,1292800.0,539970.0,539970.0,323200.0,173456.0,173456.0,0.0,0.0,0.23011291943958553,0.20049032699322564,0.0,0.5417216230551627,0.41767481435643566,0.5366831683168317,"[0.702572214615364, 0.708838092563982, 0.7099035392393674]","[0.2923837617944604, 0.3062709987987243, 0.31568513502242324]","[0.5040260167118209, 0.5350764491814705, 0.553208267763232]","[0.8876446850653261, 0.89602459904782, 0.9146577437083908]","[0.09500757903379817, 0.11480777628793956, 0.12106117592170562]","[0.5015082236511955, 0.5386494390934731, 0.5601076624559557]","[0.6637441330774145, 0.6692653102153154, 0.6724746706350391]","[0.3339342044175956, 0.3488635811056579, 0.36387570904326694]","[0.5143325221671526, 0.5152536317502703, 0.5160150557100628]",0.0,0.0,0.0,0
longbench_v2,Agent history QA,mass_s50,4,0.0,0.0,0.0,"(0.0, 0.0)",315,3406,0.09248385202583675,0.0,,0,0,26817280.0,13557468.0,13557468.0,13557468.0,0.0,25725300.75020051,33914880.0,288326668.4038423,3566362254.9964294,25725300.75020051,30852747.22605896,2685722.0,2685722.0,0.5055497052646651,0.5055497052646651,0.7585254835104978,0.7585254835104978,0.2843345792674305,0.0,25492480.0,12968963.0,12968963.0,1059840.0,460297.0,460297.0,264960.0,128208.0,128208.0,0.5055497052646651,0.0,0.15118574725484654,0.10014893382177462,0.0,0.5087368117970476,0.43430800875603864,0.48387681159420287,22622080.0,11470378.0,11470378.0,11470378.0,0.0,5149974.059898376,5652480.0,9623383.651130863,920802747.1064453,5149974.059898376,5228302.009914398,1888680.0,1888680.0,0.5070434725719297,0.5070434725719297,0.9110999171865051,0.9110999171865051,0.10223052635059368,0.0,22401280.0,11429357.0,11429357.0,176640.0,40640.0,40640.0,44160.0,381.0,381.0,0.5070434725719297,0.0,0.01385727150136254,0.08348834413104365,0.0,0.5102099969287469,0.23007246376811594,0.008627717391304348,4195200.0,2087090.0,2087090.0,2087090.0,0.0,20575326.690302134,28262400.0,278703284.75271136,2645559507.889984,20575326.690302134,25624445.21614456,797042.0,797042.0,0.4974947559115179,0.4974947559115179,0.7280105967752962,0.7280105967752962,0.3245729152248399,0.0,3091200.0,1539606.0,1539606.0,883200.0,419657.0,419657.0,220800.0,127827.0,127827.0,0.4974947559115179,0.0,0.17865144240554334,0.1899890350877193,0.0,0.49806094720496896,0.4751551177536232,0.5789266304347827,"[0.7475483704365863, 0.7634777911905231, 0.7682245061017702]","[0.2738642356178031, 0.28460720684736196, 0.2998404733194081]","[0.4954300411189538, 0.505535409541888, 0.5158067455930634]","[0.905920591477982, 0.9138249218145849, 0.917431972541214]","[0.09672657910672841, 0.09892837548749539, 0.10809495772903707]","[0.49400617414722636, 0.5066851670106988, 0.5205180918686962]","[0.7155576269089462, 0.7328811995334421, 0.7391210445590571]","[0.31335870982316366, 0.3257631964595197, 0.34149838174922975]","[0.4901028782894737, 0.4992561320080091, 0.502264110631931]",0.0,0.0,0.0,0
longbench_v2,Code repo QA,blasst_aggressive_s50,10,0.5,0.5,0.0,"(-0.3, 0.3)",287,6494,0.04419464120726825,0.0,1.0,0,0,68521440.0,36666887.0,36666887.0,36666887.0,0.0,64623734.33144152,85647360.0,1074362874.452217,8675117547.927277,64623734.33144152,77570602.83716774,5477079.0,5477079.0,0.5351155346414203,0.5351155346414203,0.7545327063372592,0.7545327063372592,0.35191502721182416,0.0,65207680.0,35287334.0,35287334.0,2676480.0,1064623.0,1064623.0,637280.0,314930.0,314930.0,0.5351155346414203,0.0,0.1511648287317463,0.07993233942544115,0.0,0.5411530359614082,0.3977698320181731,0.49417838312829526,57927040.0,31507843.0,31507843.0,31507843.0,0.0,12894885.946929932,14274560.0,46883139.75881276,2188492290.212158,12894885.946929932,13076376.589839935,3524654.0,3524654.0,0.5439228898973606,0.5439228898973606,0.9033473498958939,0.9033473498958939,0.1463645270803113,0.0,57401280.0,31446480.0,31446480.0,446080.0,59647.0,59647.0,79680.0,1716.0,1716.0,0.5439228898973606,0.0,0.012714272307517966,0.06084643717338224,0.0,0.5478358670747412,0.1337136836441894,0.02153614457831325,10594400.0,5159044.0,5159044.0,5159044.0,0.0,51728848.38451159,71372800.0,1027479734.6934044,6486625257.715118,51728848.38451159,64494226.247327805,1952425.0,1952425.0,0.48695952578720836,0.48695952578720836,0.7247697776255323,0.7247697776255323,0.3979946444080084,0.0,7806400.0,3840854.0,3840854.0,2230400.0,1004976.0,1004976.0,557600.0,313214.0,313214.0,0.48695952578720836,0.0,0.17885494001659197,0.18428839764403837,0.0,0.4920134761221562,0.45058106169296985,0.5617180774748924,"[0.7441846874682474, 0.7540916015905886, 0.7805035192349626]","[0.31969608566526836, 0.34999428575584435, 0.36597928113616685]","[0.49360409949738554, 0.5342571253442244, 0.598647027707311]","[0.8920493292927064, 0.901309171461752, 0.9087380743236066]","[0.1389275086814481, 0.14845760351372592, 0.16071987477216315]","[0.49544158012363765, 0.5390865079768117, 0.6215740668564375]","[0.711589672407881, 0.7258005078232737, 0.7565115068973888]","[0.3593318226795513, 0.3954429060577417, 0.41475221074605817]","[0.4613367550872093, 0.4780908005440283, 0.5043357246794608]",0.5,0.5,5.0,0
longbench_v2,Code repo QA,blasst_original_s50,10,0.4,0.5,-0.1,"(-0.3, 0.0)",327,6388,0.05118973074514715,0.0,0.8,0,0,51695840.0,26475304.0,26475304.0,26475304.0,0.0,60578768.82426977,64634880.0,115059956.27955696,6678609893.073074,60578768.82426977,62823188.39709473,3506246.0,3506246.0,0.5121360635594663,0.5121360635594663,0.9372457846950404,0.9372457846950404,0.1312559694803004,0.0,49192960.0,25973826.0,25973826.0,2019840.0,424746.0,424746.0,483040.0,76732.0,76732.0,0.5121360635594663,0.0,0.034724587913290084,0.06782452901432688,0.0,0.52799884373699,0.21028695342205322,0.15885226896323285,43700640.0,24574747.0,24574747.0,24574747.0,0.0,9717590.759601593,10772480.0,36817384.16027029,1717643622.4033203,9717590.759601593,9855699.880104065,2630771.0,2630771.0,0.5623429542450636,0.5623429542450636,0.9020755443130638,0.9020755443130638,0.14640635687417328,0.0,43301760.0,24525325.0,24525325.0,336640.0,47916.0,47916.0,62240.0,1506.0,1506.0,0.5623429542450636,0.0,0.012820550189229585,0.06019982773707662,0.0,0.5663817128911157,0.14233602661596959,0.024196658097686376,7995200.0,1900557.0,1900557.0,1900557.0,0.0,50861178.06466818,53862400.0,78242572.11928667,4960966270.669754,50861178.06466818,52967488.51699066,875475.0,875475.0,0.23771225235141086,0.23771225235141086,0.9442798327714357,0.9442798327714357,0.1255851886416288,0.0,5891200.0,1448501.0,1448501.0,1683200.0,376830.0,376830.0,420800.0,75226.0,75226.0,0.23771225235141086,0.0,0.03910539545810218,0.10950007504502701,0.0,0.24587537343834873,0.22387713878326995,0.17876901140684412,"[0.9351269314313415, 0.9374103332289367, 0.9426462258167309]","[0.12116742992440434, 0.13237494412956313, 0.13467081794334626]","[0.4830699189653682, 0.5045575864741176, 0.5729658005334116]","[0.8906093651531968, 0.9002674347605428, 0.906687382106836]","[0.1398960156427966, 0.14701060183006903, 0.16276021075220326]","[0.527921457223878, 0.5529648015265802, 0.6373987431607022]","[0.9422938857407873, 0.9446841093713698, 0.9514219173750863]","[0.1118651106063275, 0.12334045698813967, 0.13354857672035564]","[0.21943546365914787, 0.23313538781163434, 0.2530823587933248]",0.4,0.5,4.0,0
longbench_v2,Code repo QA,dense,10,0.5,0.5,0.0,"(0.0, 0.0)",5821,5821,1.0,1.0,1.0,0,0,49282080.0,0.0,0.0,0.0,0.0,61685760.0,61685760.0,0.0,6443027758.378235,61685760.0,61685760.0,0.0,0.0,0.0,0.0,1.0,1.0,0.0,0.0,46890880.0,0.0,0.0,1927680.0,0.0,0.0,463520.0,0.0,0.0,0.0,0.0,0.0,0.0,0.0,0.0,0.0,0.0,41651680.0,0.0,0.0,0.0,0.0,10280960.0,10280960.0,0.0,1694437192.529541,10280960.0,10280960.0,0.0,0.0,0.0,0.0,1.0,1.0,0.0,0.0,41268480.0,0.0,0.0,321280.0,0.0,0.0,61920.0,0.0,0.0,0.0,0.0,0.0,0.0,0.0,0.0,0.0,0.0,7630400.0,0.0,0.0,0.0,0.0,51404800.0,51404800.0,0.0,4748590565.848694,51404800.0,51404800.0,0.0,0.0,0.0,0.0,1.0,1.0,0.0,0.0,5622400.0,0.0,0.0,1606400.0,0.0,0.0,401600.0,0.0,0.0,0.0,0.0,0.0,0.0,0.0,0.0,0.0,0.0,"[1.0, 1.0, 1.0]","[0.0, 0.0, 0.0]","[0.0, 0.0, 0.0]","[1.0, 1.0, 1.0]","[0.0, 0.0, 0.0]","[0.0, 0.0, 0.0]","[1.0, 1.0, 1.0]","[0.0, 0.0, 0.0]","[0.0, 0.0, 0.0]",0.5,0.5,5.0,0
longbench_v2,Code repo QA,full_centered_s50,10,0.3,0.5,-0.2,"(-0.5, 0.0)",303,7005,0.043254817987152035,0.0,0.6,0,0,84205280.0,47541513.0,0.0,47541513.0,0.0,77054478.36462088,105308160.0,793560947.9593586,10482512930.058441,77054478.36462088,96853789.45771599,9918791.0,9918791.0,0.5645906408719263,0.5645906408719263,0.7317047260594134,0.7317047260594134,0.27514234879818245,0.0,80115840.0,46017587.0,46017587.0,3290880.0,1185348.0,1185348.0,798560.0,338578.0,338578.0,0.0,0.0,0.18801307603413742,0.11779298162775541,0.0,0.574388123497176,0.36019180280046675,0.42398567421358446,71178880.0,41189464.0,0.0,41189464.0,0.0,15938519.025360107,17551360.0,30900461.51316052,2775566674.080078,15938519.025360107,16324312.084308624,7287782.0,7287782.0,0.5786753598820324,0.5786753598820324,0.9081073503910869,0.9081073503910869,0.10551316508056177,0.0,70517440.0,41128674.0,41128674.0,548480.0,60585.0,60585.0,112960.0,205.0,205.0,0.0,0.0,0.021980807125403207,0.10238685969770808,0.0,0.5832411670077643,0.1104598162193699,0.0018148016997167138,13026400.0,6352049.0,0.0,6352049.0,0.0,61115959.33926077,87756800.0,762660486.4461981,7706946255.978363,61115959.33926077,80529477.37340736,2631009.0,2631009.0,0.4876288920960511,0.4876288920960511,0.6964242011930787,0.6964242011930787,0.3145751829287125,0.0,9598400.0,4888913.0,4888913.0,2742400.0,1124763.0,1124763.0,685600.0,338373.0,338373.0,0.0,0.0,0.22121952981588427,0.20197514278695572,0.0,0.5093466619436573,0.4101382001166861,0.4935428821470245,"[0.719967516499847, 0.7331621884576713, 0.7548494792859589]","[0.25934561064866135, 0.2757666797168884, 0.2863575761910683]","[0.5155543306205889, 0.5605954081474042, 0.6124840577414067]","[0.8988922602004771, 0.9042133832133912, 0.9146577375804713]","[0.10077152382769865, 0.1052463686933377, 0.11264041839568864]","[0.5208500134830525, 0.5720368680208049, 0.6369771148326709]","[0.6830742003412412, 0.6981590462662736, 0.7237895492695161]","[0.2942896597316587, 0.3154469046189119, 0.32993839794286545]","[0.47057005012531333, 0.4877640037593985, 0.5061298863636363]",0.3,0.5,3.0,1
longbench_v2,Code repo QA,jl_gaussian_r1_s50,10,0.5,0.5,0.0,"(-0.3, 0.3)",280,6320,0.04430379746835443,0.0,1.0,0,0,84132480.0,45642628.0,0.0,45642628.0,0.0,73360656.5832821,105308160.0,1423744572.5509732,10363238379.954437,73360656.5832821,95546360.67135239,9824279.0,9824279.0,0.542509004845691,0.542509004845691,0.6966284149612157,0.6966284149612157,0.3706536632495677,0.0,80049280.0,43960094.0,43960094.0,3290880.0,1298515.0,1298515.0,792320.0,384019.0,384019.0,0.0,0.0,0.21067412143627132,0.11677153698547814,0.0,0.5491628906593539,0.3945798692143135,0.4846766457996769,71106080.0,38976982.0,0.0,38976982.0,0.0,16089470.78528595,17551360.0,24697966.326766655,2732659925.710449,16089470.78528595,16453943.790214539,7145886.0,7145886.0,0.5481525911708254,0.5481525911708254,0.9167079237897205,0.9167079237897205,0.0950687542550858,0.0,70450880.0,38915155.0,38915155.0,548480.0,61670.0,61670.0,106720.0,157.0,157.0,0.0,0.0,0.020766083364969375,0.10049613197633732,0.0,0.5523728731280575,0.11243801050175029,0.0014711394302848577,13026400.0,6665646.0,0.0,6665646.0,0.0,57271185.79799615,87756800.0,1399046606.2242064,7630578454.243988,57271185.79799615,79092416.88113785,2678393.0,2678393.0,0.5117028495977399,0.5117028495977399,0.6526125131955147,0.6526125131955147,0.42819082787793583,0.0,9598400.0,5044939.0,5044939.0,2742400.0,1236845.0,1236845.0,685600.0,383862.0,383862.0,0.0,0.0,0.24865572905053168,0.20561267886753054,0.0,0.5256020795132522,0.4510082409568261,0.5598920653442241,"[0.6867377042430047, 0.6927796352398777, 0.7176495085849439]","[0.3626249639468524, 0.3714779768630537, 0.3825027478245059]","[0.5044727306787054, 0.5314287569206783, 0.591164782521156]","[0.9081093533039731, 0.9167847447323889, 0.9239193608921984]","[0.08705475453961953, 0.09597796426597612, 0.10236912553229024]","[0.5025002832982687, 0.5370130789493401, 0.6068875512180689]","[0.6414277215339942, 0.6472005139818934, 0.6793799649243479]","[0.4175137555845571, 0.4287773961810043, 0.4412636651259423]","[0.49503195629840363, 0.5115073288526705, 0.5284810391474077]",0.5,0.5,5.0,0
longbench_v2,Code repo QA,jl_gaussian_r2_s50,10,0.4,0.5,-0.1,"(-0.3, 0.0)",311,7151,0.04349042092015103,0.0,0.8,0,0,90027680.0,48344390.0,0.0,48344390.0,0.0,78979630.41359487,112558080.0,1145934678.9811242,11258640290.144928,78979630.41359487,102248142.03189278,11170374.0,11170374.0,0.5369947331753967,0.5369947331753967,0.7016789058021856,0.7016789058021856,0.3190339928972644,0.0,85660160.0,46576292.0,46576292.0,3517440.0,1357911.0,1357911.0,850080.0,410187.0,410187.0,0.0,0.0,0.2067244894217981,0.12407710606337961,0.0,0.5437334228654255,0.38605093477074237,0.4825275268210051,76104480.0,41224316.0,0.0,41224316.0,0.0,17135222.326374054,18759680.0,28883906.743772797,2968944544.2817383,17135222.326374054,17568135.327026367,8309314.0,8309314.0,0.5416805423281258,0.5416805423281258,0.9134069625054401,0.9134069625054401,0.09863406322684291,0.0,75400960.0,41163228.0,41163228.0,586240.0,60768.0,60768.0,117280.0,320.0,320.0,0.0,0.0,0.02307677959604392,0.10918298108074584,0.0,0.545924455073251,0.10365720524017467,0.002728512960436562,13923200.0,7120074.0,0.0,7120074.0,0.0,61844408.087220825,93798400.0,1117050772.2373514,8289695745.86319,61844408.087220825,84680006.70486641,2861060.0,2861060.0,0.5113820098827856,0.5113820098827856,0.6593332944615348,0.6593332944615348,0.3670854416513717,0.0,10259200.0,5413064.0,5413064.0,2931200.0,1297143.0,1297143.0,732800.0,409867.0,409867.0,0.0,0.0,0.24345403138694885,0.20548868076304297,0.0,0.5276302245789145,0.4425296806768559,0.5593163209606987,"[0.693269271224934, 0.7006277167477623, 0.7241743588176911]","[0.3070683161416047, 0.3174205022599757, 0.32908498161373684]","[0.4974851406663693, 0.5294348658354237, 0.5874564501807292]","[0.9017387137255736, 0.9122528421563642, 0.9240397647439026]","[0.09074350764809704, 0.10158740540223712, 0.10647137004954467]","[0.4934642931607176, 0.5329574703816918, 0.6037875306122449]","[0.6492318953477336, 0.6572746315313083, 0.6854600036761894]","[0.34957586880693897, 0.3659852367413087, 0.37806181862539984]","[0.4846877274400691, 0.5089432865340866, 0.5326685938430983]",0.4,0.5,4.0,0
longbench_v2,Code repo QA,jl_gaussian_r32_s50,10,0.4,0.5,-0.1,"(-0.4, 0.2)",278,6567,0.04233287650373078,0.0,0.8,0,0,85542240.0,44523716.0,0.0,44523716.0,0.0,77182001.72309622,107028480.0,846008800.2654132,10684956624.18805,77182001.72309622,98065625.57704544,10286054.0,10286054.0,0.5204880770014907,0.5204880770014907,0.7211351756382621,0.7211351756382621,0.2813850752382088,0.0,81393920.0,42921218.0,42921218.0,3344640.0,1234214.0,1234214.0,803680.0,368284.0,368284.0,0.0,0.0,0.19512211940176316,0.12024531973911368,0.0,0.5273270779930491,0.3690125095675469,0.4582470635078638,72303040.0,37911043.0,0.0,37911043.0,0.0,16321095.573768616,17838080.0,25105125.769937776,2792317225.897461,16321095.573768616,16708822.190757751,7609763.0,7609763.0,0.5243353944730401,0.5243353944730401,0.9149580881893463,0.9149580881893463,0.09481975371618671,0.0,71638720.0,37857338.0,37857338.0,557440.0,53551.0,53551.0,106880.0,154.0,154.0,0.0,0.0,0.021735894053011073,0.10524817490384913,0.0,0.5284479957207499,0.09606594431687715,0.0014408682634730538,13239200.0,6612673.0,0.0,6612673.0,0.0,60860906.149327606,89190400.0,820903674.4954754,7892639398.290588,60860906.149327606,81356803.38628769,2676291.0,2676291.0,0.49947678107438515,0.49947678107438515,0.6823705931280453,0.6823705931280453,0.32250389882583835,0.0,9755200.0,5063880.0,5063880.0,2787200.0,1180663.0,1180663.0,696800.0,368130.0,368130.0,0.0,0.0,0.22979936447151356,0.20214899691824278,0.0,0.519095456782024,0.4236018226176808,0.5283151549942595,"[0.7090967656777383, 0.726045401379529, 0.7441717281482898]","[0.2609764026125734, 0.2806577374798853, 0.29009135884764914]","[0.4961192241233314, 0.5175908181486726, 0.579877868197607]","[0.9083342025900151, 0.9155918963523684, 0.9188087147260454]","[0.08764553039772054, 0.0960134374117326, 0.10703386146684937]","[0.4948097754608309, 0.5224729308639526, 0.5991136380509265]","[0.6671214996049609, 0.6881335876769984, 0.7098885367307659]","[0.29755411463457315, 0.32054467271573484, 0.33238038094119554]","[0.47519578203751134, 0.4955314133293385, 0.512365845764143]",0.4,0.5,4.0,0
longbench_v2,Code repo QA,jl_gaussian_r8_s50,10,0.4,0.5,-0.1,"(-0.4, 0.2)",317,6437,0.04924654342084822,0.0,0.8,0,0,87076640.0,45364890.0,0.0,45364890.0,0.0,78505750.41637708,108994560.0,914909620.8415354,10808649932.788025,78505750.41637708,99970933.81201553,10282274.0,10282274.0,0.5209765787931183,0.5209765787931183,0.7202721898815599,0.7202721898815599,0.29093995786958404,0.0,82846080.0,43734268.0,43734268.0,3406080.0,1253104.0,1253104.0,824480.0,377518.0,377518.0,0.0,0.0,0.19693811687150672,0.11808303581764294,0.0,0.5278978558792402,0.367902104472003,0.45788618280613236,73594240.0,38691496.0,0.0,38691496.0,0.0,16676624.773590088,18165760.0,24936386.610096715,2837725632.39624,16676624.773590088,17050807.99023056,7518720.0,7518720.0,0.5257408188466923,0.5257408188466923,0.9180251623708607,0.9180251623708607,0.09374142686306645,0.0,72911680.0,38636692.0,38636692.0,567680.0,54661.0,54661.0,114880.0,143.0,143.0,0.0,0.0,0.02059826930667764,0.10216451722308702,0.0,0.5299108729904455,0.09628840191657272,0.0012447771587743733,13482400.0,6673394.0,0.0,6673394.0,0.0,61829125.642787,90828800.0,889973234.2314388,7970924300.391785,61829125.642787,82920125.82178497,2763554.0,2763554.0,0.4949707767163116,0.4949707767163116,0.6807215953836999,0.6807215953836999,0.3341443564080671,0.0,9934400.0,5097576.0,5097576.0,2838400.0,1198443.0,1198443.0,709600.0,377375.0,377375.0,0.0,0.0,0.23220608638447246,0.20497493027947547,0.0,0.5131236914156869,0.42222484498308904,0.5318136978579482,"[0.7055972002722233, 0.7161954742328978, 0.7473754550401438]","[0.2678060455499319, 0.292435315546795, 0.3059016724644624]","[0.4766754699133101, 0.5177023267667205, 0.5753814921823048]","[0.9134938788036984, 0.9161431263020047, 0.9242274293127931]","[0.08670695455241251, 0.0932675136318255, 0.10526429398677327]","[0.4723153302987103, 0.5245314840118465, 0.5938621588419611]","[0.6620854769282641, 0.6768467992133633, 0.7138092767444206]","[0.3067274468251014, 0.33685366257876287, 0.35293708386749134]","[0.4698343447905478, 0.4913875535034876, 0.5156596142077017]",0.4,0.5,4.0,0
longbench_v2,Code repo QA,mass_s50,10,0.3,0.5,-0.2,"(-0.6, 0.2)",304,6571,0.04626388677522447,0.0,0.6,0,0,74192320.0,39991447.0,39991447.0,39991447.0,0.0,69572584.03732646,92774400.0,915338767.2180097,9616668586.806976,69572584.03732646,84629204.72485924,7353577.0,7353577.0,0.5390240795812828,0.5390240795812828,0.7499114414895321,0.7499114414895321,0.3085166474930228,0.0,70597760.0,38320042.0,38320042.0,2899200.0,1308989.0,1308989.0,695360.0,362416.0,362416.0,0.5390240795812828,0.0,0.16229283819170787,0.09911507013124808,0.0,0.5427940206601456,0.4515000689845475,0.5211919005982513,62716320.0,34272565.0,34272565.0,34272565.0,0.0,14096757.948928833,15462400.0,25158708.494680475,2416503955.8288574,14096757.948928833,14337223.706352234,5152873.0,5152873.0,0.546469642989257,0.546469642989257,0.9116798135431002,0.9116798135431002,0.10203529310287332,0.0,62141760.0,34173355.0,34173355.0,483200.0,98524.0,98524.0,91360.0,686.0,686.0,0.546469642989257,0.0,0.015551645114820524,0.08216159685389704,0.0,0.5499257665054869,0.20389900662251656,0.007508756567425569,11476000.0,5718882.0,5718882.0,5718882.0,0.0,55475826.08839762,77312000.0,890180058.7233292,7200164630.978119,55475826.08839762,70291981.018507,2200704.0,2200704.0,0.49833408853258976,0.49833408853258976,0.7175577670788186,0.7175577670788186,0.35161526181433245,0.0,8456000.0,4146687.0,4146687.0,2416000.0,1210465.0,1210465.0,604000.0,361730.0,361730.0,0.49833408853258976,0.0,0.19164107680708534,0.19176577204600906,0.0,0.4903839877010407,0.5010202814569537,0.5988907284768212,"[0.7385142316237968, 0.753540498911927, 0.7676314283627851]","[0.2877265947049707, 0.3072213000305695, 0.32040470815829]","[0.5143524384025041, 0.5340636523915184, 0.5895647448270166]","[0.9035482708700777, 0.9113962201922106, 0.9165614665730254]","[0.09497813682972826, 0.10377624860685024, 0.11307976800501644]","[0.5155784286329477, 0.5427382649291781, 0.6111894312599022]","[0.7037035274932346, 0.7216004961169494, 0.7401377492276355]","[0.32656427475559185, 0.3489349751948743, 0.3666052780164118]","[0.4722971238368458, 0.4940038925438597, 0.5111214669509183]",0.3,0.5,3.0,0
longbench_v2,Detective,blasst_aggressive_s50,4,0.25,0.0,0.25,"(0.0, 0.75)",136,3410,0.03988269794721408,0.0,,0,0,43156160.0,14796108.0,14796108.0,14796108.0,0.0,39916982.089924335,53944320.0,713655808.7723397,5340109769.045349,39916982.089924335,48108458.4742794,3153837.0,3153837.0,0.3428504296953204,0.3428504296953204,0.7399663595708378,0.7399663595708378,0.3655689576056246,0.0,41048960.0,13917103.0,13917103.0,1685760.0,690742.0,690742.0,421440.0,188263.0,188263.0,0.3428504296953204,0.0,0.15185058193995343,0.07307964842099018,0.0,0.3390366771776922,0.40975109149582384,0.44671364844343203,36483360.0,11506897.0,11506897.0,11506897.0,0.0,8270377.590320587,8990720.0,27437324.96778178,1297828726.972168,8270377.590320587,8367520.203033447,1939881.0,1939881.0,0.31540124045592294,0.31540124045592294,0.9198793411785249,0.9198793411785249,0.14539925862195224,0.0,36132160.0,11457781.0,11457781.0,280960.0,47215.0,47215.0,70240.0,1901.0,1901.0,0.31540124045592294,0.0,0.010804764547540141,0.05317166510979252,0.0,0.3171075573671765,0.1680488325740319,0.027064350797266514,6672800.0,3289211.0,3289211.0,3289211.0,0.0,31646604.49960375,44953600.0,686218483.8045579,4042281042.073181,31646604.49960375,39740938.27124596,1213956.0,1213956.0,0.49292815609639135,0.49292815609639135,0.7039837632493003,0.7039837632493003,0.41201967342851564,0.0,4916800.0,2459322.0,2459322.0,1404800.0,643527.0,643527.0,351200.0,186362.0,186362.0,0.49292815609639135,0.0,0.18005974541843608,0.18192602805419014,0.0,0.5001875203384315,0.45809154328018226,0.5306435079726651,"[0.7348722210278188, 0.7406503426681101, 0.7447173117604431]","[0.3624930345266249, 0.3634399546322914, 0.3699275301352974]","[0.3165608816397346, 0.3443760106896462, 0.3687761752147219]","[0.9154024546665188, 0.9188328061351076, 0.9250471820540472]","[0.14221076646479985, 0.14374529026393604, 0.14969182548644608]","[0.28441382287585903, 0.317624812394503, 0.3456214165530329]","[0.6981463025959287, 0.7039807304677939, 0.7100977050114059]","[0.408808649129795, 0.40954042026347093, 0.41674711446604007]","[0.48739616093366095, 0.4952585750694304, 0.496649245460349]",0.25,0.0,1.0,0
longbench_v2,Detective,blasst_original_s50,4,0.25,0.0,0.25,"(0.0, 0.75)",316,3431,0.09210142815505684,0.0,,0,0,37383040.0,13007926.0,13007926.0,13007926.0,0.0,43622123.19678497,46694400.0,102199645.46298106,4875658496.858734,43622123.19678497,45277547.25226021,2384969.0,2384969.0,0.3479633010049477,0.3479633010049477,0.9342045983412353,0.9342045983412353,0.14477982759304706,0.0,35559040.0,12616881.0,12616881.0,1459200.0,332040.0,332040.0,364800.0,59005.0,59005.0,0.3479633010049477,0.0,0.03545230381962794,0.06379815552721234,0.0,0.35481500625438706,0.22754934210526315,0.16174616228070177,31607040.0,11595777.0,11595777.0,11595777.0,0.0,7114229.994548798,7782400.0,25289803.62472053,1219089077.953125,7114229.994548798,7204453.416128159,1790300.0,1790300.0,0.36687323457052606,0.36687323457052606,0.9141434511909947,0.9141434511909947,0.1440306790909403,0.0,31303040.0,11552998.0,11552998.0,243200.0,40472.0,40472.0,60800.0,2307.0,2307.0,0.36687323457052606,0.0,0.011593264491591407,0.0566424442149597,0.0,0.36906952168223917,0.16641447368421053,0.03794407894736842,5776000.0,1412149.0,1412149.0,1412149.0,0.0,36507893.202236176,38912000.0,76909841.83826053,3656569418.905609,36507893.202236176,38073093.83613205,594669.0,594669.0,0.24448563019390582,0.24448563019390582,0.9382168277712833,0.9382168277712833,0.14502873127111415,0.0,4256000.0,1063883.0,1063883.0,1216000.0,291568.0,291568.0,304000.0,56698.0,56698.0,0.24448563019390582,0.0,0.04022411168523525,0.1029551592797784,0.0,0.24997250939849625,0.23977631578947367,0.1865065789473684,"[0.9251857075066999, 0.9386810587795277, 0.943535010388606]","[0.12046652223072776, 0.12845682461852842, 0.16397759775561854]","[0.298540260496625, 0.3428644551609459, 0.38287365855998373]","[0.9096376926756014, 0.9150127336348866, 0.9203278300202246]","[0.1405012802596463, 0.14272432222720632, 0.14673294467456136]","[0.31230323237060564, 0.36478655449458797, 0.40293852595371493]","[0.9282953104729197, 0.9434147238084558, 0.9481764464622823]","[0.11319721108737049, 0.12332597549458096, 0.16890336055382071]","[0.2224856951651429, 0.22378905891489287, 0.27310960460361433]",0.25,0.0,1.0,1
longbench_v2,Detective,dense,4,0.0,0.0,0.0,"(0.0, 0.0)",3241,3241,1.0,1.0,,0,0,46308800.0,0.0,0.0,0.0,0.0,57630720.0,57630720.0,0.0,6909962177.162415,57630720.0,57630720.0,0.0,0.0,0.0,0.0,1.0,1.0,0.0,0.0,44057600.0,0.0,0.0,1800960.0,0.0,0.0,450240.0,0.0,0.0,0.0,0.0,0.0,0.0,0.0,0.0,0.0,0.0,39180000.0,0.0,0.0,0.0,0.0,9605120.0,9605120.0,0.0,1691892392.7983398,9605120.0,9605120.0,0.0,0.0,0.0,0.0,1.0,1.0,0.0,0.0,38804800.0,0.0,0.0,300160.0,0.0,0.0,75040.0,0.0,0.0,0.0,0.0,0.0,0.0,0.0,0.0,0.0,0.0,7128800.0,0.0,0.0,0.0,0.0,48025600.0,48025600.0,0.0,5218069784.364075,48025600.0,48025600.0,0.0,0.0,0.0,0.0,1.0,1.0,0.0,0.0,5252800.0,0.0,0.0,1500800.0,0.0,0.0,375200.0,0.0,0.0,0.0,0.0,0.0,0.0,0.0,0.0,0.0,0.0,"[1.0, 1.0, 1.0]","[0.0, 0.0, 0.0]","[0.0, 0.0, 0.0]","[1.0, 1.0, 1.0]","[0.0, 0.0, 0.0]","[0.0, 0.0, 0.0]","[1.0, 1.0, 1.0]","[0.0, 0.0, 0.0]","[0.0, 0.0, 0.0]",0.0,0.0,0.0,2
longbench_v2,Detective,full_centered_s50,4,0.0,0.0,0.0,"(0.0, 0.0)",328,3301,0.09936382914268403,0.0,,0,0,51555520.0,21824686.0,0.0,21824686.0,0.0,45572732.45074049,64266240.0,532548506.87064105,6535419186.2326355,45572732.45074049,58098808.329265594,7504553.0,7504553.0,0.4233239428096157,0.4233239428096157,0.7091239887496217,0.7091239887496217,0.2854584223975398,0.0,49045120.0,20838906.0,20838906.0,2008320.0,774907.0,774907.0,502080.0,210873.0,210873.0,0.0,0.0,0.19490911368900854,0.14556255081900057,0.0,0.42489254792321846,0.38584837077756534,0.4199988049713193,43605920.0,17741655.0,0.0,17741655.0,0.0,9464479.557788849,10711040.0,16911384.91229607,1664340892.09375,9464479.557788849,9882163.245883942,5958217.0,5958217.0,0.4068634488161241,0.4068634488161241,0.8836191030739171,0.8836191030739171,0.10080183668457061,0.0,43187520.0,17690878.0,17690878.0,334720.0,50605.0,50605.0,83680.0,172.0,172.0,0.0,0.0,0.03899562396322792,0.1366378005555209,0.0,0.4096294021976719,0.15118606596558318,0.002055449330783939,7949600.0,4083031.0,0.0,4083031.0,0.0,36108252.89295164,53555200.0,515637121.958345,4871078294.1388855,36108252.89295164,48216645.08338165,1546336.0,1546336.0,0.5136146472778504,0.5136146472778504,0.6742249658847626,0.6742249658847626,0.3253565338980952,0.0,5857600.0,3148028.0,3148028.0,1673600.0,724302.0,724302.0,418400.0,210701.0,210701.0,0.0,0.0,0.22609181163416467,0.1945174599979873,0.0,0.5374262496585632,0.43278083173996174,0.5035874760994263,"[0.7003360173904516, 0.7078192902101219, 0.7200649806312617]","[0.282630779328431, 0.28814653759188913, 0.2910337746897745]","[0.3879842012322106, 0.39369313517236737, 0.44377932850199836]","[0.8766827831435284, 0.8877451901797112, 0.8944637181316067]","[0.09286204581475152, 0.09654262848104186, 0.10451385108296467]","[0.36817609608301377, 0.37298248152494873, 0.42937146136822507]","[0.6630829187018416, 0.673662547336497, 0.685706228972953]","[0.3219148359118957, 0.3283996556716351, 0.3323148083936649]","[0.4962660616557988, 0.5067576427450506, 0.5229150667146011]",0.0,0.0,0.0,1
longbench_v2,Detective,jl_gaussian_r1_s50,4,0.25,0.0,0.25,"(0.0, 0.75)",123,8896,0.013826438848920864,0.0,,1,0,158367680.0,77763762.0,0.0,77763762.0,0.0,121822735.27842833,192307200.0,3343080380.337772,25301810155.288574,121822735.27842833,171078923.17381668,23000773.0,23000773.0,0.49103303148723276,0.49103303148723276,0.6334798451562309,0.6334798451562309,0.3634943066758094,0.0,150855680.0,74180729.0,74180729.0,6009600.0,2829043.0,2829043.0,1502400.0,753990.0,753990.0,0.0,0.0,0.2561328327560713,0.14523653437368028,0.0,0.49173308555567813,0.47075396033013844,0.5018570287539936,134579680.0,63749571.0,0.0,63749571.0,0.0,28097014.832061768,32051200.0,62656395.4293658,5502829302.86499,28097014.832061768,29444181.112564087,18345612.0,18345612.0,0.47369388157261183,0.47369388157261183,0.8766291069308408,0.8766291069308408,0.10670620701017061,0.0,133327680.0,63564894.0,63564894.0,1001600.0,180315.0,180315.0,250400.0,4362.0,4362.0,0.0,0.0,0.04203169555281298,0.13631784530918784,0.0,0.4767569194933865,0.18002695686900957,0.017420127795527155,23788000.0,14014191.0,0.0,14014191.0,0.0,93725720.44636656,160256000.0,3280423984.9084063,19798980852.423584,93725720.44636656,141634742.0612526,4655161.0,4655161.0,0.5891285942492013,0.5891285942492013,0.5848499928013089,0.5848499928013089,0.4070460751170792,0.0,17528000.0,10615835.0,10615835.0,5008000.0,2648728.0,2648728.0,1252000.0,749628.0,749628.0,0.0,0.0,0.2989530601967229,0.19569366907684546,0.0,0.6056501026928344,0.5288993610223642,0.5987444089456869,"[0.624898920464771, 0.6462401048216533, 0.6728333449472461]","[0.35904632688490723, 0.37190358341200247, 0.3822890580810895]","[0.39316208534838704, 0.46149988937262065, 0.5121765828198319]","[0.8711275884911823, 0.8816602887803847, 0.9028961917557221]","[0.08309931853847016, 0.10035377846543797, 0.11060627247342651]","[0.3690643039899386, 0.44275609155178525, 0.4961271331724293]","[0.5756531868594889, 0.5975876686501047, 0.628075495089393]","[0.3996961313855576, 0.42164232060158435, 0.4420676681468017]","[0.5252407934649567, 0.565341307469922, 0.6038129894538633]",0.25,0.0,1.0,2
longbench_v2,Detective,jl_gaussian_r2_s50,4,0.25,0.0,0.25,"(0.0, 0.75)",229,6716,0.03409767718880286,0.0,,1,0,110185280.0,50505153.0,0.0,50505153.0,0.0,89045183.21759689,133816320.0,1706975320.9138408,15272032616.124725,89045183.21759689,119481103.3766861,15565756.0,15565756.0,0.45836570002817073,0.45836570002817073,0.6654284262009065,0.6654284262009065,0.3343221874147714,0.0,104958080.0,48224374.0,48224374.0,4181760.0,1774282.0,1774282.0,1045440.0,506497.0,506497.0,0.0,0.0,0.2274455026045344,0.14126892448791709,0.0,0.45946318758879734,0.4242907292623202,0.48448213192531375,93632480.0,41163807.0,0.0,41163807.0,0.0,19960244.407836914,22302720.0,35512645.29052807,3807460890.2597656,19960244.407836914,20746418.480537415,12336442.0,12336442.0,0.4396317068606962,0.4396317068606962,0.8949690624209475,0.8949690624209475,0.09657701681267002,0.0,92761280.0,41064111.0,41064111.0,696960.0,98710.0,98710.0,174240.0,986.0,986.0,0.0,0.0,0.03525014315296522,0.1317538742966116,0.0,0.4426859029974576,0.14162936179981633,0.005658861340679522,16552800.0,9341346.0,0.0,9341346.0,0.0,69084938.80975997,111513600.0,1671462675.6233127,11464571725.86496,69084938.80975997,98734684.89614868,3229314.0,3229314.0,0.5643363056401334,0.5643363056401334,0.6195202989568983,0.6195202989568983,0.38182945155493875,0.0,12196800.0,7160263.0,7160263.0,3484800.0,1675572.0,1675572.0,871200.0,505511.0,505511.0,0.0,0.0,0.2658845744948482,0.19509170653907495,0.0,0.5870607864357864,0.4808230027548209,0.5802467860422406,"[0.6634193420367304, 0.6775440161185124, 0.6812500354562927]","[0.33040594396585626, 0.334344617384599, 0.3394352061174117]","[0.3851428192742279, 0.4060824405637134, 0.4691201873787704]","[0.8835583192017725, 0.8932831835619457, 0.9009269018008351]","[0.09144948904976669, 0.09675594035168554, 0.10040927179635388]","[0.35947489943011945, 0.3835357299654688, 0.4515522958012232]","[0.6163521997942333, 0.6346934892185806, 0.640116163725869]","[0.37693952973317313, 0.38348423391371694, 0.3892651115038636]","[0.5254731265579604, 0.5294685562590686, 0.5685236094497608]",0.25,0.0,1.0,2
longbench_v2,Detective,jl_gaussian_r32_s50,4,0.25,0.0,0.25,"(0.0, 0.75)",100,3376,0.02962085308056872,0.0,,0,0,44367040.0,16781055.0,0.0,16781055.0,0.0,39327112.13002349,55418880.0,455280912.36897683,5472914231.31839,39327112.13002349,50034491.09487343,6020262.0,6020262.0,0.37823246716481423,0.37823246716481423,0.7096338311063574,0.7096338311063574,0.28842333908344836,0.0,42202240.0,15928200.0,15928200.0,1731840.0,661285.0,661285.0,432960.0,191570.0,191570.0,0.0,0.0,0.19320814431561845,0.1356922165643685,0.0,0.37742546367207047,0.3818395463784183,0.44246581670362156,37511840.0,13284546.0,0.0,13284546.0,0.0,8324959.7685546875,9236480.0,10397911.799645156,1386823975.2797852,8324959.7685546875,8635739.91797638,4658129.0,4658129.0,0.35414274533054096,0.35414274533054096,0.9013130292659852,0.9013130292659852,0.08658893419932116,0.0,37151040.0,13243160.0,13243160.0,288640.0,41248.0,41248.0,72160.0,138.0,138.0,0.0,0.0,0.03364703322279612,0.12417756633638873,0.0,0.3564680827239291,0.14290465631929047,0.0019124168514412416,6855200.0,3496509.0,0.0,3496509.0,0.0,31002152.3614688,46182400.0,444883000.5693317,4086090256.0386047,31002152.3614688,41398751.17689705,1362133.0,1362133.0,0.5100520772552223,0.5100520772552223,0.6712979914744318,0.6712979914744318,0.3299657993090154,0.0,5051200.0,2685040.0,2685040.0,1443200.0,620037.0,620037.0,360800.0,191432.0,191432.0,0.0,0.0,0.22512036653418294,0.19870069436340296,0.0,0.5315647766867279,0.4296265243902439,0.5305764966740576,"[0.6994177475596431, 0.7091978268191557, 0.7182701920417235]","[0.2821343961381974, 0.2888073789887658, 0.2956150375774164]","[0.3669113094873302, 0.3714908692008871, 0.397542072611913]","[0.8924657571397143, 0.902344518659804, 0.90762815666533]","[0.08373360446391971, 0.08564638454621049, 0.09083847076006572]","[0.3408532289365191, 0.3463920162547032, 0.37661190780502685]","[0.6584677993684559, 0.6722401643618638, 0.681401604663505]","[0.32270625468024694, 0.3290880032220126, 0.33920775353840443]","[0.5084565700868333, 0.5095758698378781, 0.5124657000510986]",0.25,0.0,1.0,0
longbench_v2,Detective,jl_gaussian_r8_s50,4,0.0,0.0,0.0,"(0.0, 0.0)",259,3627,0.07140887786049076,0.0,,0,0,48019840.0,19332377.0,0.0,19332377.0,0.0,41444834.75286867,59965440.0,587530025.4327103,6225513895.177765,41444834.75286867,53839356.95360947,6591580.0,6591580.0,0.40259144970079036,0.40259144970079036,0.6911453456002101,0.6911453456002101,0.3072043985028663,0.0,45677440.0,18370384.0,18370384.0,1873920.0,759499.0,759499.0,468480.0,202494.0,202494.0,0.0,0.0,0.20669442600172364,0.13726784595700445,0.0,0.4021763041011055,0.40529958589480874,0.43223616803278686,40602240.0,15406030.0,0.0,15406030.0,0.0,8930280.790222168,9994240.0,13088789.721212264,1557430613.2331543,8930280.790222168,9281963.305412292,5132804.0,5132804.0,0.37943793248845387,0.37943793248845387,0.8935427596517762,0.8935427596517762,0.09167383334431765,0.0,40211840.0,15361532.0,15361532.0,312320.0,44257.0,44257.0,78080.0,241.0,241.0,0.0,0.0,0.035188520106593846,0.12641676912406802,0.0,0.38201514777737106,0.14170402151639344,0.003086577868852459,7417600.0,3926347.0,0.0,3926347.0,0.0,32514553.962646503,49971200.0,574441235.711498,4668083281.944611,32514553.962646503,44557393.648197174,1458776.0,1458776.0,0.5293284889991372,0.5293284889991372,0.650665862789897,0.650665862789897,0.35079509006847387,0.0,5465600.0,3008852.0,3008852.0,1561600.0,715242.0,715242.0,390400.0,202253.0,202253.0,0.0,0.0,0.24099560718074953,0.19666415012942193,0.0,0.5505071721311475,0.4580186987704918,0.5180660860655738,"[0.6808031375008784, 0.6880968154337229, 0.7046057732350387]","[0.3029304383461065, 0.3070174503339995, 0.31565124311391834]","[0.3660541641069178, 0.3933437558592086, 0.4311925132698633]","[0.8826964355974276, 0.8975004921305969, 0.9044983880329082]","[0.08286265104461264, 0.08799784231044408, 0.09875320251574791]","[0.3395689431967876, 0.36922816170777173, 0.4110368142929821]","[0.6391665427329063, 0.6465249957060122, 0.6656380529347958]","[0.34580372070500043, 0.34976988042343843, 0.36180877676098594]","[0.5108201130962858, 0.5253049146668743, 0.5415571810053517]",0.0,0.0,0.0,2
longbench_v2,Detective,mass_s50,4,0.0,0.0,0.0,"(0.0, 0.0)",380,4902,0.07751937984496124,0.0,,0,0,71653440.0,33075371.0,33075371.0,33075371.0,0.0,63378867.07665658,88596480.0,1378405562.6757526,10506888108.24939,63378867.07665658,79945581.29338455,9326366.0,9326366.0,0.4616019970569452,0.4616019970569452,0.715365521030368,0.715365521030368,0.3622025094208915,0.0,68192640.0,31333278.0,31333278.0,2768640.0,1386773.0,1386773.0,692160.0,355320.0,355320.0,0.4616019970569452,0.0,0.1869906594113894,0.13015936150448604,0.0,0.45948181504631586,0.50088599456773,0.5133495145631068,60694240.0,27097248.0,27097248.0,27097248.0,0.0,13100059.677440643,14766080.0,25463702.215846892,2518594730.8635254,13100059.677440643,13614653.200733185,7277754.0,7277754.0,0.4464550178072911,0.4464550178072911,0.8871724707871448,0.8871724707871448,0.10054989656621374,0.0,60117440.0,26966814.0,26966814.0,461440.0,126646.0,126646.0,115360.0,3788.0,3788.0,0.4464550178072911,0.0,0.03484970440987327,0.11990847895945315,0.0,0.44856890113750686,0.2744582177531207,0.032836338418862694,10959200.0,5978123.0,5978123.0,5978123.0,0.0,50278807.39921594,73830400.0,1352941860.4599059,7988293377.385864,50278807.39921594,66330928.09265137,2048612.0,2048612.0,0.5454889955471203,0.5454889955471203,0.6810041310790127,0.6810041310790127,0.41154048392452486,0.0,8075200.0,4366464.0,4366464.0,2307200.0,1260127.0,1260127.0,576800.0,351532.0,351532.0,0.5454889955471203,0.0,0.21741885041169262,0.18693079786845757,0.0,0.5407251832771943,0.5461715499306519,0.6094521497919556,"[0.7036208769309954, 0.7136100952295465, 0.7270568382831022]","[0.3348713132019741, 0.36845807040441536, 0.37248517740403714]","[0.4199371736091801, 0.4560308059689662, 0.47749916821411903]","[0.8743674888794652, 0.8833857871966267, 0.8973992825284458]","[0.09567002398655357, 0.1027187372921842, 0.10984740755462906]","[0.4015268145510092, 0.44085080938576093, 0.4637913321125239]","[0.6694251969548874, 0.679712903819148, 0.6929883494340334]","[0.38135059866275894, 0.4186089572547177, 0.42275657887053014]","[0.5191040655808635, 0.5390660502851201, 0.5554057114371173]",0.0,0.0,0.0,2
longbench_v2,Dialogue history QA,blasst_aggressive_s50,4,0.25,0.0,0.25,"(0.0, 0.75)",94,2057,0.045697617890131256,0.0,,0,0,19221120.0,9861614.0,9861614.0,9861614.0,0.0,17865886.425593615,24084480.0,325241795.4788806,2399963527.1325684,17865886.425593615,21648741.584098816,1674929.0,1674929.0,0.513061361668831,0.513061361668831,0.7418007955992246,0.7418007955992246,0.36812969762860087,0.0,18280320.0,9469543.0,9469543.0,752640.0,309082.0,309082.0,188160.0,82989.0,82989.0,0.513061361668831,0.0,0.1570660922928459,0.08714003138214631,0.0,0.5180184482547352,0.41066379676870746,0.44105548469387756,16241920.0,8363717.0,8363717.0,8363717.0,0.0,3566886.6475639343,4014080.0,15399802.570973556,589210368.9211426,3566886.6475639343,3629206.9852600098,1130182.0,1130182.0,0.5149463240799117,0.5149463240799117,0.8885938116738915,0.8885938116738915,0.16166737476481682,0.0,16085120.0,8340971.0,8340971.0,125440.0,22245.0,22245.0,31360.0,501.0,501.0,0.5149463240799117,0.0,0.015525434893194814,0.06958426097407203,0.0,0.5185519909083675,0.1773357780612245,0.01597576530612245,2979200.0,1497897.0,1497897.0,1497897.0,0.0,14298999.77802968,20070400.0,309841992.907907,1810753158.2114258,14298999.77802968,18019534.598838806,544747.0,544747.0,0.5027849758324382,0.5027849758324382,0.7124421923842913,0.7124421923842913,0.4136571286393955,0.0,2195200.0,1128572.0,1128572.0,627200.0,286837.0,286837.0,156800.0,82488.0,82488.0,0.5027849758324382,0.0,0.18537422377277613,0.1828500939849624,0.0,0.5141089650145773,0.4573294005102041,0.5260714285714285,"[0.7353172395266706, 0.7423113155784753, 0.749066892006484]","[0.3614219329486356, 0.36525460502368123, 0.37773382389454857]","[0.4982349219177398, 0.5036936272885668, 0.5227924699939166]","[0.8837006539459497, 0.8871872159114171, 0.8929909675041546]","[0.15837086480867582, 0.1611000565649186, 0.16774666259090412]","[0.4986057695152945, 0.5028878129518196, 0.5259074090679895]","[0.7054635572447129, 0.7133361355118868, 0.7204590763050518]","[0.40580638725449086, 0.41129169502085494, 0.42320319819500984]","[0.494962330471569, 0.5059886315180312, 0.5086776087353801]",0.25,0.0,1.0,2
longbench_v2,Dialogue history QA,blasst_original_s50,4,0.0,0.0,0.0,"(0.0, 0.0)",111,2022,0.05489614243323442,0.0,,0,0,15879680.0,7837412.0,7837412.0,7837412.0,0.0,18628630.450219154,19906560.0,37630873.2165952,2047174573.7435913,18628630.450219154,19334900.48987007,1171498.0,1171498.0,0.4935497440754474,0.4935497440754474,0.9358035969157481,0.9358035969157481,0.13557971249429518,0.0,15102080.0,7678380.0,7678380.0,622080.0,130767.0,130767.0,155520.0,28265.0,28265.0,0.4935497440754474,0.0,0.035479261090360016,0.07377340097533451,0.0,0.5084319510954782,0.21020929783950618,0.18174511316872427,13417280.0,7231361.0,7231361.0,7231361.0,0.0,2949422.023180008,3317760.0,13684270.504339986,520006758.5605469,2949422.023180008,2999966.678964615,904758.0,904758.0,0.5389587904552935,0.5389587904552935,0.8889799211455947,0.8889799211455947,0.16222072243264238,0.0,13287680.0,7211965.0,7211965.0,103680.0,18836.0,18836.0,25920.0,560.0,560.0,0.5389587904552935,0.0,0.0152345726588442,0.06743229626272985,0.0,0.5427557707590791,0.18167438271604938,0.021604938271604937,2462400.0,606051.0,606051.0,606051.0,0.0,15679208.427039146,16588800.0,23946602.71225522,1527167815.1830444,15679208.427039146,16334933.810905457,266740.0,266740.0,0.2461220760233918,0.2461220760233918,0.9451683320697788,0.9451683320697788,0.12522140523651099,0.0,1814400.0,466415.0,466415.0,518400.0,111931.0,111931.0,129600.0,27705.0,27705.0,0.2461220760233918,0.0,0.03952819877666318,0.10832521117608837,0.0,0.2570629409171076,0.21591628086419754,0.21377314814814816,"[0.9320401773019297, 0.9348216880129512, 0.939034457791878]","[0.13159153554714373, 0.13506146465932933, 0.14289862847822937]","[0.47692385397445514, 0.4927490683476772, 0.5051610497189752]","[0.8832915210262449, 0.888644650252581, 0.8924283755459382]","[0.15951164070003154, 0.16041803687556644, 0.17045364321160136]","[0.5197338388807524, 0.5395773643668051, 0.5503093122247806]","[0.9417269538836871, 0.9440570955650252, 0.9484186289144455]","[0.12021827930943946, 0.12521842992164814, 0.13284051729189109]","[0.22624579762890112, 0.2563818309070549, 0.2616861782296651]",0.0,0.0,0.0,1
longbench_v2,Dialogue history QA,dense,4,0.0,0.0,0.0,"(0.0, 0.0)",2022,2022,1.0,1.0,,0,0,16489600.0,0.0,0.0,0.0,0.0,20643840.0,20643840.0,0.0,2155849985.035187,20643840.0,20643840.0,0.0,0.0,0.0,0.0,1.0,1.0,0.0,0.0,15683200.0,0.0,0.0,645120.0,0.0,0.0,161280.0,0.0,0.0,0.0,0.0,0.0,0.0,0.0,0.0,0.0,0.0,13936000.0,0.0,0.0,0.0,0.0,3440640.0,3440640.0,0.0,551568613.543457,3440640.0,3440640.0,0.0,0.0,0.0,0.0,1.0,1.0,0.0,0.0,13801600.0,0.0,0.0,107520.0,0.0,0.0,26880.0,0.0,0.0,0.0,0.0,0.0,0.0,0.0,0.0,0.0,0.0,2553600.0,0.0,0.0,0.0,0.0,17203200.0,17203200.0,0.0,1604281371.4917297,17203200.0,17203200.0,0.0,0.0,0.0,0.0,1.0,1.0,0.0,0.0,1881600.0,0.0,0.0,537600.0,0.0,0.0,134400.0,0.0,0.0,0.0,0.0,0.0,0.0,0.0,0.0,0.0,0.0,"[1.0, 1.0, 1.0]","[0.0, 0.0, 0.0]","[0.0, 0.0, 0.0]","[1.0, 1.0, 1.0]","[0.0, 0.0, 0.0]","[0.0, 0.0, 0.0]","[1.0, 1.0, 1.0]","[0.0, 0.0, 0.0]","[0.0, 0.0, 0.0]",0.0,0.0,0.0,2
longbench_v2,Dialogue history QA,full_centered_s50,4,0.25,0.0,0.25,"(0.0, 0.75)",67,2035,0.03292383292383293,0.0,,0,0,23118720.0,11748176.0,0.0,11748176.0,0.0,20858239.006410822,28999680.0,244525044.70806912,2889195306.7199097,20858239.006410822,26591240.21270752,3096400.0,3096400.0,0.508167234172134,0.508167234172134,0.7192575575458358,0.7192575575458358,0.2909197616858771,0.0,21985920.0,11320124.0,11320124.0,906240.0,332809.0,332809.0,226560.0,95243.0,95243.0,0.0,0.0,0.1976918781964731,0.13393475071284222,0.0,0.5148806145023724,0.3672415695621469,0.4203875353107345,19531520.0,9911899.0,0.0,9911899.0,0.0,4303867.260787964,4833280.0,9060293.806886956,733245725.8432617,4303867.260787964,4450568.184967041,2395398.0,2395398.0,0.5074822133658824,0.5074822133658824,0.8904651211574673,0.8904651211574673,0.1111594452006207,0.0,19342720.0,9892549.0,9892549.0,151040.0,19278.0,19278.0,37760.0,72.0,72.0,0.0,0.0,0.03035225026877755,0.12264268218756144,0.0,0.5114352583297489,0.12763506355932203,0.0019067796610169492,3587200.0,1836277.0,0.0,1836277.0,0.0,16554371.745622858,24166400.0,235464750.90118217,2155949580.876648,16554371.745622858,22140672.02774048,701002.0,701002.0,0.5118970227475468,0.5118970227475468,0.6850160448235094,0.6850160448235094,0.33047883507272374,0.0,2643200.0,1427575.0,1427575.0,755200.0,313531.0,313531.0,188800.0,95171.0,95171.0,0.0,0.0,0.23115980378201223,0.19541759589652097,0.0,0.5400934473365617,0.41516287076271186,0.5040836864406779,"[0.7120549515447713, 0.7210231723450578, 0.7223257759406273]","[0.2804954670778207, 0.28935990410769863, 0.30111982278310845]","[0.4688780372140524, 0.511796203327439, 0.5315069287909893]","[0.8824786433449415, 0.889917146418, 0.8991270550961296]","[0.09993177593603375, 0.1132719523385401, 0.11941991597902583]","[0.4622297416882698, 0.5112153529579657, 0.5343573781011127]","[0.675278287649059, 0.6868981247020678, 0.6899344479079264]","[0.3188973622717395, 0.3275590174614013, 0.34230989143381474]","[0.5050174220272905, 0.5136032887905122, 0.517049034677816]",0.25,0.0,1.0,1
longbench_v2,Dialogue history QA,jl_gaussian_r1_s50,4,0.25,0.0,0.25,"(0.0, 0.75)",67,2159,0.031032885595182955,0.0,,0,0,19809280.0,9838599.0,0.0,9838599.0,0.0,16995361.66519121,24821760.0,360023381.98633987,2442956538.9246216,16995361.66519121,22374393.224147797,2598841.0,2598841.0,0.49666615848733525,0.49666615848733525,0.6846960757493107,0.6846960757493107,0.38389060458427465,0.0,18839680.0,9442906.0,9442906.0,775680.0,307729.0,307729.0,193920.0,87964.0,87964.0,0.0,0.0,0.216706291534387,0.1311931074728612,0.0,0.5012243307741957,0.39672158622112214,0.4536097359735974,16738880.0,8213362.0,0.0,8213362.0,0.0,3744881.170516968,4136960.0,6208556.966010764,630486496.2844238,3744881.170516968,3857819.848503113,1982458.0,1982458.0,0.49067572023934697,0.49067572023934697,0.9052253757631129,0.9052253757631129,0.09923330147309802,0.0,16577280.0,8194694.0,8194694.0,129280.0,18616.0,18616.0,32320.0,52.0,52.0,0.0,0.0,0.027299920227931866,0.11843432774474756,0.0,0.49433284591923404,0.14399752475247524,0.0016089108910891088,3070400.0,1625237.0,0.0,1625237.0,0.0,13250480.494674241,20684800.0,353814825.0203291,1812470042.6401978,13250480.494674241,18516573.375644684,616383.0,616383.0,0.5293241922876498,0.5293241922876498,0.6405902157465502,0.6405902157465502,0.44182734842291954,0.0,2262400.0,1248212.0,1248212.0,646400.0,289113.0,289113.0,161600.0,87912.0,87912.0,0.0,0.0,0.2545875657956781,0.20075006513809276,0.0,0.5517202970297029,0.4472663985148515,0.544009900990099,"[0.668604797273042, 0.678546970086292, 0.703098931404893]","[0.37790107818932084, 0.38327015313258395, 0.395865287510651]","[0.4541794549320577, 0.4908343415329741, 0.5093436556991587]","[0.8909836103248537, 0.9031875647963826, 0.9090761357751581]","[0.09819658772650199, 0.10030328899664115, 0.10474795958793166]","[0.4392324591850243, 0.48256687982164637, 0.5057456787403223]","[0.623424009600549, 0.632443809374056, 0.6635485490091447]","[0.4312115431908082, 0.4410554381725551, 0.45481413189014286]","[0.5260088210008126, 0.5339937241477678, 0.5395800438596492]",0.25,0.0,1.0,2
longbench_v2,Dialogue history QA,jl_gaussian_r2_s50,4,0.25,0.0,0.25,"(0.0, 0.75)",47,2120,0.022169811320754716,0.0,,0,0,23808960.0,11825224.0,0.0,11825224.0,0.0,20799934.61394559,29859840.0,343522128.84862435,2987306044.3102417,20799934.61394559,27055666.553588867,3231830.0,3231830.0,0.496671169173286,0.496671169173286,0.6965856017294664,0.6965856017294664,0.3391075822331641,0.0,22642560.0,11365514.0,11365514.0,933120.0,359420.0,359420.0,233280.0,100290.0,100290.0,0.0,0.0,0.20950319692413888,0.13574007432496002,0.0,0.5019535776873286,0.38518089849108367,0.4299125514403292,20115360.0,9868339.0,0.0,9868339.0,0.0,4473337.421066284,4976640.0,8464652.32489518,767249294.1262207,4473337.421066284,4622443.081565857,2501191.0,2501191.0,0.49058724278362403,0.49058724278362403,0.8988669907942476,0.8988669907942476,0.10503554992490688,0.0,19920960.0,9846515.0,9846515.0,155520.0,21720.0,21720.0,38880.0,104.0,104.0,0.0,0.0,0.02996111040773951,0.12434234336347945,0.0,0.4942791411658876,0.1396604938271605,0.002674897119341564,3693600.0,1956885.0,0.0,1956885.0,0.0,16326597.192879304,24883200.0,335057476.52372915,2220056750.184021,16326597.192879304,22433223.47202301,730639.0,730639.0,0.5298042560103964,0.5298042560103964,0.6561293239165101,0.6561293239165101,0.3884880090323723,0.0,2721600.0,1518999.0,1518999.0,777600.0,337700.0,337700.0,194400.0,100186.0,100186.0,0.0,0.0,0.24541161422741875,0.19781216157678147,0.0,0.5581272045855379,0.4342849794238683,0.5153600823045268,"[0.6916829513236069, 0.695718069892179, 0.7134543854436377]","[0.32733961741717094, 0.3384819522732704, 0.3446854154990311]","[0.47354043554963565, 0.4967878770660118, 0.511724829533118]","[0.8910266082388264, 0.8985974015378313, 0.9037737289501061]","[0.09873107453591612, 0.10467756340320702, 0.11068977498094341]","[0.46402973311058643, 0.4907014617759501, 0.5078954510733688]","[0.6495316420609513, 0.6562331830890161, 0.6768003110011817]","[0.3748883293167024, 0.3862396107182512, 0.3956196961950269]","[0.5251345337210276, 0.5298737409948149, 0.5326186210330417]",0.25,0.0,1.0,2
longbench_v2,Dialogue history QA,jl_gaussian_r32_s50,4,0.25,0.0,0.25,"(0.0, 0.75)",114,2056,0.05544747081712062,0.0,,0,0,24730880.0,12038268.0,0.0,12038268.0,0.0,22066435.226751488,30965760.0,272768560.990564,3085110806.4173584,22066435.226751488,28334113.700767517,3297091.0,3297091.0,0.4867707093318151,0.4867707093318151,0.712607577748826,0.712607577748826,0.297345775557068,0.0,23521280.0,11578206.0,11578206.0,967680.0,360802.0,360802.0,241920.0,99260.0,99260.0,0.0,0.0,0.20240673808800524,0.13331879011179545,0.0,0.4922438744830213,0.3728525958994709,0.41030092592592593,20900480.0,10073342.0,0.0,10073342.0,0.0,4673967.95072937,5160960.0,7375001.094726443,790671259.3991699,4673967.95072937,4815326.637580872,2536141.0,2536141.0,0.4819670170254463,0.4819670170254463,0.9056392513659028,0.9056392513659028,0.09657908093077172,0.0,20698880.0,10053076.0,10053076.0,161280.0,20204.0,20204.0,40320.0,62.0,62.0,0.0,0.0,0.027389998537384802,0.12134367248981842,0.0,0.4856821238637066,0.12527281746031746,0.0015376984126984127,3830400.0,1964926.0,0.0,1964926.0,0.0,17392467.276022118,25804800.0,265393559.89583752,2294439547.0181885,17392467.276022118,23518787.063186646,760950.0,760950.0,0.5129819340016708,0.5129819340016708,0.6740012430254106,0.6740012430254106,0.3401001944199241,0.0,2822400.0,1525130.0,1525130.0,806400.0,340598.0,340598.0,201600.0,99198.0,99198.0,0.0,0.0,0.23741008599812935,0.19866071428571427,0.0,0.5403663548752834,0.4223685515873016,0.4920535714285714,"[0.7058412210308959, 0.7122731606639423, 0.7346107273962029]","[0.2904006474336163, 0.29369567178617784, 0.30113145264458524]","[0.46577045021511465, 0.4821177970710032, 0.5051244379317479]","[0.8986326917598729, 0.9026774217089129, 0.913593426285052]","[0.08956950209720228, 0.09748241931479565, 0.1024325013280705]","[0.4581239801249396, 0.4760030019914487, 0.502720214374684]","[0.6662583322481646, 0.6724846507267218, 0.70120490843795]","[0.3313669369197419, 0.3366888471542897, 0.34423962047392503]","[0.5075037826046598, 0.5138608764178487, 0.5193863096852956]",0.25,0.0,1.0,1
longbench_v2,Dialogue history QA,jl_gaussian_r8_s50,4,0.25,0.0,0.25,"(0.0, 0.75)",73,2173,0.03359410952600092,0.0,,0,0,23127040.0,11031149.0,0.0,11031149.0,0.0,20596150.88405911,28999680.0,273918336.9078864,2891476699.074646,20596150.88405911,26491398.45600128,3073158.0,3073158.0,0.47698058203730354,0.47698058203730354,0.7102199363599567,0.7102199363599567,0.30778730620397193,0.0,21994240.0,10592161.0,10592161.0,906240.0,342963.0,342963.0,226560.0,96025.0,96025.0,0.0,0.0,0.20328664219543707,0.13288159660726145,0.0,0.4815879521183728,0.3784461069915254,0.4238391596045198,19539840.0,9184367.0,0.0,9184367.0,0.0,4364289.404251099,4833280.0,6985499.316845611,731167169.3120117,4364289.404251099,4500892.276664734,2357880.0,2357880.0,0.4700328661851888,0.4700328661851888,0.9029663922328313,0.9029663922328313,0.09774406260833991,0.0,19351040.0,9163698.0,9163698.0,151040.0,20610.0,20610.0,37760.0,59.0,59.0,0.0,0.0,0.028262975125305227,0.12067038419966591,0.0,0.4735506722119328,0.1364539194915254,0.0015625,3587200.0,1846782.0,0.0,1846782.0,0.0,16231861.47980801,24166400.0,266932837.5910408,2160309529.7626343,16231861.47980801,21990506.179336548,715278.0,715278.0,0.514825490633363,0.514825490633363,0.6716706451853818,0.6716706451853818,0.35151431097935054,0.0,2643200.0,1428463.0,1428463.0,755200.0,322353.0,322353.0,188800.0,95966.0,95966.0,0.0,0.0,0.23829137560946345,0.19939730151650312,0.0,0.5404294037530266,0.4268445444915254,0.5082944915254237,"[0.7030204485486812, 0.7071480326132172, 0.7207400435104926]","[0.29917986295351856, 0.3094672469725166, 0.31288091102814297]","[0.45848886322093824, 0.4763877243826361, 0.48573869007681947]","[0.9008366837212798, 0.9041410559907989, 0.9064324270478297]","[0.09311245240362408, 0.09674212545277024, 0.10017278305964938]","[0.44783458577152546, 0.4700452979006909, 0.4802442937879008]","[0.6626640185346029, 0.6680434237151628, 0.6841595531606143]","[0.3421246532771268, 0.35365060537976933, 0.35697505049566747]","[0.5104736775381659, 0.5151045761296831, 0.5182868067011112]",0.25,0.0,1.0,2
longbench_v2,Dialogue history QA,mass_s50,4,0.25,0.0,0.25,"(0.0, 0.75)",67,2415,0.02774327122153209,0.0,,0,0,22816640.0,11575247.0,11575247.0,11575247.0,0.0,21302031.117173433,28508160.0,279898876.6875212,2967080686.6215515,21302031.117173433,25917545.07250595,2522518.0,2522518.0,0.5073160202378615,0.5073160202378615,0.7472257457925532,0.7472257457925532,0.30713966018292954,0.0,21703040.0,11061015.0,11061015.0,890880.0,403397.0,403397.0,222720.0,110835.0,110835.0,0.5073160202378615,0.0,0.16190150312515847,0.11055606785223415,0.0,0.5096527951844534,0.45280733656609196,0.4976427801724138,19290240.0,9769524.0,9769524.0,9769524.0,0.0,4287003.346920013,4751360.0,8247294.534719478,738086424.5683594,4287003.346920013,4384682.85799408,1873143.0,1873143.0,0.5064490643973325,0.5064490643973325,0.9022686866328826,0.9022686866328826,0.10570660959515486,0.0,19104640.0,9730485.0,9730485.0,148480.0,38787.0,38787.0,37120.0,252.0,252.0,0.5064490643973325,0.0,0.020558221451135287,0.09710314646163033,0.0,0.5093257449499179,0.26122710129310345,0.0067887931034482756,3526400.0,1805723.0,1805723.0,1805723.0,0.0,17015027.77025342,23756800.0,271651582.15280175,2228994262.053192,17015027.77025342,21532862.21451187,649375.0,649375.0,0.51205847323049,0.51205847323049,0.7162171576244873,0.7162171576244873,0.34910144314706204,0.0,2598400.0,1330530.0,1330530.0,742400.0,364610.0,364610.0,185600.0,110583.0,110583.0,0.51205847323049,0.0,0.1901701594599631,0.18414672186932848,0.0,0.512057419950739,0.49112338362068964,0.5958135775862069,"[0.7402629588068514, 0.7452079493335617, 0.7606833293029969]","[0.29202490713357515, 0.306400648841029, 0.31657906469136793]","[0.44866337807213347, 0.49285933213570876, 0.5276051798489353]","[0.8855441308443723, 0.8957004242937171, 0.905173277364555]","[0.10377585746310056, 0.11286971694922224, 0.11907816722249079]","[0.44004805446818, 0.4911695518269943, 0.5296989925261314]","[0.7089700146187483, 0.7141230665648575, 0.7348111596926228]","[0.3283555894509332, 0.348043179665637, 0.3582025986734186]","[0.4954670845583668, 0.5020553932166746, 0.5161476640930434]",0.25,0.0,1.0,1
longbench_v2,Event ordering,blasst_aggressive_s50,4,0.75,0.75,0.0,"(0.0, 0.0)",211,3818,0.05526453640649555,0.0,1.0,0,0,44130880.0,16852993.0,16852993.0,16852993.0,0.0,41452705.42283976,54927360.0,656326945.9666362,5592222190.939392,41452705.42283976,49456205.255340576,3338567.0,3338567.0,0.38188662904523996,0.38188662904523996,0.7546822826154354,0.7546822826154354,0.34258465655263526,0.0,41985280.0,15966022.0,15966022.0,1716480.0,696693.0,696693.0,429120.0,190278.0,190278.0,0.38188662904523996,0.0,0.14571062276615543,0.07565149391990371,0.0,0.3802766588671077,0.4058847175615213,0.4434144295302013,37336480.0,13561400.0,13561400.0,13561400.0,0.0,8416336.408756256,9154560.0,30119658.79880074,1417335214.8701172,8416336.408756256,8510057.121900558,2096537.0,2096537.0,0.3632211713584141,0.3632211713584141,0.9193600138899364,0.9193600138899364,0.14577690822491865,0.0,36978880.0,13510795.0,13510795.0,286080.0,48795.0,48795.0,71520.0,1810.0,1810.0,0.3632211713584141,0.0,0.010237598873599863,0.056152508217164554,0.0,0.3653651760139842,0.17056417785234898,0.025307606263982103,6794400.0,3291593.0,3291593.0,3291593.0,0.0,33036369.014083505,45772800.0,626207287.1678355,4174886976.069275,33036369.014083505,40946148.13344002,1242030.0,1242030.0,0.48445675850700576,0.48445675850700576,0.7217467363605352,0.7217467363605352,0.3872903690443522,0.0,5006400.0,2455227.0,2455227.0,1430400.0,647898.0,647898.0,357600.0,188468.0,188468.0,0.48445675850700576,0.0,0.17280522754466654,0.1828020134228188,0.0,0.49041766538830295,0.4529488255033557,0.5270357941834451,"[0.7369069701220973, 0.76017598085717, 0.7763872499255805]","[0.32731274879032585, 0.3402005468775783, 0.3547418646947499]","[0.37220751786619033, 0.3821153913943418, 0.3911627542965196]","[0.9137191775288593, 0.919456884495282, 0.9237365957502995]","[0.14135411209165635, 0.1433676442483658, 0.15246738589176798]","[0.3531831799795715, 0.36452660545130033, 0.3736950041820712]","[0.701163832676517, 0.7277661776863217, 0.7477409746794453]","[0.37020245673948976, 0.3850654220131242, 0.4001199160908122]","[0.46273328829887217, 0.4829120920198223, 0.4977091300512353]",0.75,0.75,3.0,0
longbench_v2,Event ordering,blasst_original_s50,4,0.75,0.75,0.0,"(0.0, 0.0)",380,3779,0.10055570256681662,0.0,1.0,0,0,33060800.0,12032404.0,12032404.0,12032404.0,0.0,38671586.7995224,41164800.0,78068036.04991513,4285267955.299469,38671586.7995224,39991307.3289547,2132282.0,2132282.0,0.36394775686008807,0.36394775686008807,0.9394333702464824,0.9394333702464824,0.13497322825541153,0.0,31452800.0,11706240.0,11706240.0,1286400.0,275894.0,275894.0,321600.0,50270.0,50270.0,0.36394775686008807,0.0,0.032059442276709635,0.06449577747664909,0.0,0.372184352426493,0.2144698383084577,0.15631218905472638,27968800.0,10827163.0,10827163.0,10827163.0,0.0,6287253.067264557,6860800.0,23741370.731905643,1106308201.7436523,6287253.067264557,6359365.546888351,1601095.0,1601095.0,0.38711575040759705,0.38711575040759705,0.9164023244030662,0.9164023244030662,0.14649231050615635,0.0,27700800.0,10789036.0,10789036.0,214400.0,36551.0,36551.0,53600.0,1576.0,1576.0,0.38711575040759705,0.0,0.010510797519792817,0.05724575240982809,0.0,0.38948463582279214,0.1704804104477612,0.029402985074626867,5092000.0,1205241.0,1205241.0,1205241.0,0.0,32384333.732257843,34304000.0,54326665.3180095,3178959753.5558167,32384333.732257843,33631941.782066345,531187.0,531187.0,0.23669304791830323,0.23669304791830323,0.9440395794151657,0.9440395794151657,0.13072661299173205,0.0,3752000.0,917204.0,917204.0,1072000.0,239343.0,239343.0,268000.0,48694.0,48694.0,0.23669304791830323,0.0,0.036369171228092995,0.10431794972505892,0.0,0.24445735607675906,0.223267723880597,0.18169402985074626,"[0.937536797608691, 0.9414059778730285, 0.9416955845884161]","[0.13152309190299238, 0.1348145156149467, 0.13777474401819945]","[0.34625082915517147, 0.3515091028155489, 0.3785626737482142]","[0.9140716143788533, 0.9143240786474471, 0.9203570431729445]","[0.14466473402081587, 0.14664835525752007, 0.15072175903211127]","[0.36633143863726714, 0.3739765071282133, 0.40403983818197675]","[0.9416949477556662, 0.9459965719671586, 0.9471588079712917]","[0.12564688877780428, 0.1297170057167979, 0.13450189862305117]","[0.22813815424787023, 0.23407050400391222, 0.2419482067669173]",0.75,0.75,3.0,0
longbench_v2,Event ordering,dense,4,0.75,0.75,0.0,"(0.0, 0.0)",3601,3601,1.0,1.0,1.0,0,0,41271680.0,0.0,0.0,0.0,0.0,51363840.0,51363840.0,0.0,5350053243.149384,51363840.0,51363840.0,0.0,0.0,0.0,0.0,1.0,1.0,0.0,0.0,39265280.0,0.0,0.0,1605120.0,0.0,0.0,401280.0,0.0,0.0,0.0,0.0,0.0,0.0,0.0,0.0,0.0,0.0,34918080.0,0.0,0.0,0.0,0.0,8560640.0,8560640.0,0.0,1426201904.6586914,8560640.0,8560640.0,0.0,0.0,0.0,0.0,1.0,1.0,0.0,0.0,34583680.0,0.0,0.0,267520.0,0.0,0.0,66880.0,0.0,0.0,0.0,0.0,0.0,0.0,0.0,0.0,0.0,0.0,6353600.0,0.0,0.0,0.0,0.0,42803200.0,42803200.0,0.0,3923851338.490692,42803200.0,42803200.0,0.0,0.0,0.0,0.0,1.0,1.0,0.0,0.0,4681600.0,0.0,0.0,1337600.0,0.0,0.0,334400.0,0.0,0.0,0.0,0.0,0.0,0.0,0.0,0.0,0.0,0.0,"[1.0, 1.0, 1.0]","[0.0, 0.0, 0.0]","[0.0, 0.0, 0.0]","[1.0, 1.0, 1.0]","[0.0, 0.0, 0.0]","[0.0, 0.0, 0.0]","[1.0, 1.0, 1.0]","[0.0, 0.0, 0.0]","[0.0, 0.0, 0.0]",0.75,0.75,3.0,0
longbench_v2,Event ordering,full_centered_s50,4,0.75,0.75,0.0,"(0.0, 0.0)",149,3999,0.037259314828707174,0.0,1.0,0,0,49548800.0,21558727.0,0.0,21558727.0,0.0,43962193.656412266,61685760.0,463363024.7115978,6224442528.513702,43962193.656412266,55738103.76023674,7411067.0,7411067.0,0.43510089043528805,0.43510089043528805,0.7126797766034214,0.7126797766034214,0.27284151784530064,0.0,47139200.0,20609112.0,20609112.0,1927680.0,736668.0,736668.0,481920.0,212947.0,212947.0,0.0,0.0,0.19090159712427104,0.14957106932963057,0.0,0.43719689769873055,0.3821526394422311,0.44187209495351926,41918400.0,17716550.0,0.0,17716550.0,0.0,9143090.953243256,10280960.0,16994905.12586,1598440282.932373,9143090.953243256,9498101.312606812,5865399.0,5865399.0,0.4226437554868506,0.4226437554868506,0.8893226851620136,0.8893226851620136,0.10311246384040715,0.0,41516800.0,17669471.0,17669471.0,321280.0,46894.0,46894.0,80320.0,185.0,185.0,0.0,0.0,0.03453085697868253,0.13992420989350737,0.0,0.4255980952289194,0.14595991035856573,0.0023032868525896416,7630400.0,3842177.0,0.0,3842177.0,0.0,34819102.70316901,51404800.0,446368119.5857378,4626002245.581329,34819102.70316901,46240002.44762993,1545668.0,1545668.0,0.5035354634095198,0.5035354634095198,0.6773511948917029,0.6773511948917029,0.31063019180840196,0.0,5622400.0,2939641.0,2939641.0,1606400.0,689774.0,689774.0,401600.0,212762.0,212762.0,0.0,0.0,0.22217574515338875,0.20256710002096875,0.0,0.522844514797951,0.42939118525896414,0.5297858565737051,"[0.702311833016161, 0.714905494406025, 0.7288330523075938]","[0.25833380994970034, 0.26884562580889265, 0.28331045635414476]","[0.40194783360015396, 0.4324130711802314, 0.45762364465489846]","[0.887924154189723, 0.8901683087893257, 0.8909555779555808]","[0.1025750456536497, 0.10277781899614265, 0.10434675051690365]","[0.3847149161800527, 0.42039327401911003, 0.44946850897946944]","[0.6651620602121299, 0.6798529315293649, 0.696435855747315]","[0.2938304615146773, 0.30587662246561753, 0.3226938506186784]","[0.4844369999552199, 0.4998816031505646, 0.5131911296783468]",0.75,0.75,3.0,0
longbench_v2,Event ordering,jl_gaussian_r1_s50,4,0.5,0.75,-0.25,"(-0.75, 0.0)",88,3765,0.023373173970783534,0.0,0.6666666666666666,0,0,50480960.0,20296516.0,0.0,20296516.0,0.0,43848823.54816019,63037440.0,802046946.2999961,6221285897.462097,43848823.54816019,56723481.57836151,7263753.0,7263753.0,0.40206279753792323,0.40206279753792323,0.6955996872360328,0.6955996872360328,0.3590540377636273,0.0,48018560.0,19276660.0,19276660.0,1969920.0,782739.0,782739.0,492480.0,237117.0,237117.0,0.0,0.0,0.204238275383666,0.14389094422926982,0.0,0.4014418591477962,0.39734557748538013,0.48147538986354776,42683360.0,16282699.0,0.0,16282699.0,0.0,9496791.493999481,10506240.0,12552312.800386317,1617453964.991211,9496791.493999481,9832945.421165466,5681140.0,5681140.0,0.3814765051298679,0.3814765051298679,0.9039191465262055,0.9039191465262055,0.0880939152393919,0.0,42272960.0,16234408.0,16234408.0,328320.0,48146.0,48146.0,82080.0,145.0,145.0,0.0,0.0,0.03199564517524681,0.13309964351447495,0.0,0.38403764486801967,0.1466435185185185,0.001766569200779727,7797600.0,4013817.0,0.0,4013817.0,0.0,34352032.05416071,52531200.0,789494633.4996098,4603831932.470886,34352032.05416071,46890536.157196045,1582613.0,1582613.0,0.5147503077870114,0.5147503077870114,0.6539357953779984,0.6539357953779984,0.41410918249889145,0.0,5745600.0,3042252.0,3042252.0,1641600.0,734593.0,734593.0,410400.0,236972.0,236972.0,0.0,0.0,0.23868680142534984,0.2029615522724941,0.0,0.5294924812030075,0.44748598927875244,0.5774171539961014,"[0.6837892177550763, 0.69674589761756, 0.7144470565066515]","[0.34546354420419295, 0.3562404975579432, 0.3695110790141589]","[0.3820109200465425, 0.39587295157015523, 0.4211594073956192]","[0.9037420284100711, 0.9039708583856227, 0.9041723771318205]","[0.0869678391756274, 0.08853131765731567, 0.08956840081492745]","[0.35769726015435527, 0.3752780475958847, 0.404485731307973]","[0.6397929986752636, 0.6553048070681409, 0.6765045280470766]","[0.3977411667362597, 0.41104611357258414, 0.4265264309456229]","[0.4983604594418739, 0.5159993912337661, 0.5231043912228123]",0.5,0.75,2.0,1
longbench_v2,Event ordering,jl_gaussian_r2_s50,4,0.75,0.75,0.0,"(0.0, 0.0)",78,5245,0.014871306005719733,0.0,1.0,0,0,85091520.0,36904878.0,0.0,36904878.0,0.0,71423114.41414732,105062400.0,1151160757.9511907,11233449383.865692,71423114.41414732,93968494.88399124,12390050.0,12390050.0,0.43370805927547185,0.43370805927547185,0.6798161322618493,0.6798161322618493,0.3201189780955457,0.0,80987520.0,35176131.0,35176131.0,3283200.0,1341721.0,1341721.0,820800.0,387026.0,387026.0,0.0,0.0,0.21459038123861557,0.14560851657133403,0.0,0.4343401427775539,0.4086625852826511,0.4715229044834308,72095520.0,29950079.0,0.0,29950079.0,0.0,15723444.322231293,17510400.0,27357898.227816105,2854867693.163574,15723444.322231293,16292647.057357788,9760525.0,9760525.0,0.4154221926688371,0.4154221926688371,0.8979488944987717,0.8979488944987717,0.0978922637909402,0.0,71411520.0,29871726.0,29871726.0,547200.0,77547.0,77547.0,136800.0,806.0,806.0,0.0,0.0,0.0325065523989455,0.13538323879209138,0.0,0.4183040215360211,0.14171600877192983,0.005891812865497076,12996000.0,6954799.0,0.0,6954799.0,0.0,55699670.09191602,87552000.0,1123802859.7233744,8378581690.702118,55699670.09191602,77675847.82663345,2629525.0,2629525.0,0.5351491997537704,0.5351491997537704,0.6361895798144648,0.6361895798144648,0.3662349713925004,0.0,9576000.0,5304405.0,5304405.0,2736000.0,1264174.0,1264174.0,684000.0,386220.0,386220.0,0.0,0.0,0.25100714700654964,0.20233341028008617,0.0,0.5539270050125313,0.46205190058479534,0.5646491228070175,"[0.6681020458061736, 0.686673242678656, 0.7111872305995796]","[0.30550198584778177, 0.3204451164745765, 0.32497921958476345]","[0.3927913080453035, 0.4044867950423354, 0.4624362839972836]","[0.8938890113843924, 0.899318161712825, 0.9054252601624571]","[0.09279361536500849, 0.09736569094556828, 0.1008298457484518]","[0.37035503956959476, 0.385900644480647, 0.4476758785969686]","[0.6229446526905299, 0.6435814857258157, 0.6727898432038092]","[0.350667915467944, 0.36720070848826925, 0.371974567013596]","[0.5007907785903966, 0.5171503156930788, 0.5518986418251511]",0.75,0.75,3.0,1
longbench_v2,Event ordering,jl_gaussian_r32_s50,4,0.75,0.75,0.0,"(0.0, 0.0)",225,3787,0.059413783997887507,0.0,1.0,0,0,47967360.0,19208410.0,0.0,19208410.0,0.0,43119017.27190959,59719680.0,444988283.49443823,6015302875.0372925,43119017.27190959,54336162.488464355,6821559.0,6821559.0,0.40044751264192985,0.40044751264192985,0.7220235820404528,0.7220235820404528,0.2719853664584373,0.0,45634560.0,18306344.0,18306344.0,1866240.0,692312.0,692312.0,466560.0,209754.0,209754.0,0.0,0.0,0.18782996185771203,0.14221251701156787,0.0,0.40115088213844946,0.3709662208504801,0.4495756172839506,40580160.0,15512772.0,0.0,15512772.0,0.0,9037653.302619934,9953280.0,12095994.985452816,1572984441.1376953,9037653.302619934,9328586.465316772,5337645.0,5337645.0,0.38227478649665253,0.38227478649665253,0.908007541495862,0.908007541495862,0.08769171941826369,0.0,40191360.0,15471678.0,15471678.0,311040.0,40877.0,40877.0,77760.0,217.0,217.0,0.0,0.0,0.02922987826091885,0.13153336507298147,0.0,0.38495034753738117,0.131420396090535,0.0027906378600823043,7387200.0,3695638.0,0.0,3695638.0,0.0,34081363.96928965,49766400.0,432892288.5089854,4442318433.899597,34081363.96928965,45007576.02314758,1483914.0,1483914.0,0.5002758826077539,0.5002758826077539,0.6848267901493709,0.6848267901493709,0.3121656276714602,0.0,5443200.0,2834666.0,2834666.0,1555200.0,651435.0,651435.0,388800.0,209537.0,209537.0,0.0,0.0,0.21954997857707068,0.20087638076673164,0.0,0.5207719723691946,0.41887538580246914,0.5389326131687243,"[0.7124755842213233, 0.7214461624937614, 0.734601843869644]","[0.2631442063235005, 0.2698837478247099, 0.2818656684657713]","[0.3765884505428822, 0.3949758072205719, 0.4236185062783297]","[0.9059625703024872, 0.9080527684508808, 0.910419066044134]","[0.08665960873767027, 0.08750917975112568, 0.0890611069010764]","[0.3533610384839805, 0.377358144743542, 0.4099478202558826]","[0.6737781870050904, 0.6841248413023373, 0.6994383994347461]","[0.3024690493807016, 0.30929267568240576, 0.3235931211162477]","[0.4870804386831704, 0.5035696040387296, 0.5061631129550391]",0.75,0.75,3.0,0
longbench_v2,Event ordering,jl_gaussian_r8_s50,4,0.5,0.75,-0.25,"(-0.75, 0.0)",203,3964,0.051210898082744705,0.0,0.6666666666666666,0,0,53805120.0,21560133.0,0.0,21560133.0,0.0,48148605.068443626,66969600.0,524208654.8361641,6698925340.229675,48148605.068443626,60595873.93689728,7739770.0,7739770.0,0.40070783226577694,0.40070783226577694,0.7189621121888682,0.7189621121888682,0.2797367498656624,0.0,51189120.0,20536726.0,20536726.0,2092800.0,787562.0,787562.0,523200.0,235845.0,235845.0,0.0,0.0,0.18586446489830688,0.14384820626735895,0.0,0.40119318323893827,0.3763197629969419,0.45077408256880735,45521120.0,17353326.0,0.0,17353326.0,0.0,10126882.279346466,11161600.0,13313093.537433349,1741945114.4199219,10126882.279346466,10458662.141796112,6099805.0,6099805.0,0.3812148295121034,0.3812148295121034,0.9072966491673654,0.9072966491673654,0.08742230603218666,0.0,45085120.0,17306421.0,17306421.0,348800.0,46681.0,46681.0,87200.0,224.0,224.0,0.0,0.0,0.029725116690227746,0.13399944904694788,0.0,0.38386103885273015,0.13383314220183487,0.002568807339449541,8284000.0,4206807.0,0.0,4206807.0,0.0,38021722.78909716,55808000.0,510895561.29873073,4956980225.809753,38021722.78909716,50137211.795101166,1639965.0,1639965.0,0.5078231530661517,0.5078231530661517,0.6812952047931687,0.6812952047931687,0.321038761666673,0.0,6104000.0,3230305.0,3230305.0,1744000.0,740881.0,740881.0,436000.0,235621.0,235621.0,0.0,0.0,0.2170923345399227,0.19796776919362627,0.0,0.5292111730013106,0.4248170871559633,0.5404151376146789,"[0.7075844538964567, 0.7226898410413666, 0.7365445964643974]","[0.27134351406621743, 0.27517465769290733, 0.2877401984272902]","[0.3892884825607042, 0.40500906333998427, 0.4149719823320642]","[0.905303079724025, 0.9068727111540154, 0.9091899988040895]","[0.08435163246936604, 0.08819700764788994, 0.09078971582764628]","[0.36679156255286044, 0.3879418340532895, 0.39920354030719724]","[0.6672757400829255, 0.6860834025412141, 0.7025963962265749]","[0.3110694184402573, 0.315145448907531, 0.3310071029195542]","[0.49229124054932616, 0.5103821313780634, 0.5128900990903184]",0.5,0.75,2.0,0
longbench_v2,Event ordering,mass_s50,4,0.75,0.75,0.0,"(0.0, 0.0)",141,4168,0.03382917466410749,0.0,1.0,0,0,56031360.0,25587844.0,25587844.0,25587844.0,0.0,50480309.053474665,69550080.0,905287651.577311,7580433740.100494,50480309.053474665,62333822.97323418,7304677.0,7304677.0,0.45667005048601356,0.45667005048601356,0.7258123794174596,0.7258123794174596,0.34557814593196473,0.0,53314560.0,24267581.0,24267581.0,2173440.0,1050870.0,1050870.0,543360.0,269393.0,269393.0,0.45667005048601356,0.0,0.17043134845796742,0.13036765482758228,0.0,0.4551773661828964,0.4835054107773852,0.49579100412249705,47428160.0,21080760.0,21080760.0,21080760.0,0.0,10322756.057266235,11591680.0,23639520.434339408,1877572352.0454102,10322756.057266235,10651217.803188324,5694010.0,5694010.0,0.444477711131952,0.444477711131952,0.8905314895913479,0.8905314895913479,0.11220726847581244,0.0,46975360.0,20980896.0,20980896.0,362240.0,97794.0,97794.0,90560.0,2070.0,2070.0,0.444477711131952,0.0,0.028335991497530005,0.12005546915587702,0.0,0.4466361939535961,0.2699701855123675,0.022857773851590105,8603200.0,4507084.0,4507084.0,4507084.0,0.0,40157552.99620843,57958400.0,881648131.1429715,5702861388.055084,40157552.99620843,51682605.17004585,1610667.0,1610667.0,0.5238846010786684,0.5238846010786684,0.6928685573826818,0.6928685573826818,0.39318888985353234,0.0,6339200.0,3286685.0,3286685.0,1811200.0,953076.0,953076.0,452800.0,267323.0,267323.0,0.5238846010786684,0.0,0.19885041985005492,0.18721719825181327,0.0,0.5184699962140333,0.5262124558303887,0.5903776501766784,"[0.7121854456950814, 0.7351310930015036, 0.7601317760911923]","[0.29524756308287187, 0.31858489263501066, 0.3644366695657188]","[0.4190812424707941, 0.4249273565513456, 0.48494049529593475]","[0.8850140727539899, 0.8927263910026249, 0.8987771544328489]","[0.10592325581891278, 0.11037381505449487, 0.1156843460287528]","[0.40210804279336554, 0.4114247526312875, 0.4775935630910768]","[0.6776197202832996, 0.7028472317543297, 0.7330145417404207]","[0.3343807893883913, 0.36204032780499085, 0.4152644363606483]","[0.48688265666306174, 0.5146625983485191, 0.5382950713433748]",0.75,0.75,3.0,1
longbench_v2,Financial,blasst_aggressive_s50,7,0.5714285714285714,0.5714285714285714,0.0,"(0.0, 0.0)",160,4259,0.037567504108945764,0.0,1.0,0,0,35992000.0,16959796.0,16959796.0,16959796.0,0.0,37968917.27483535,49274880.0,541471036.7037945,4938745677.978088,37968917.27483535,44874212.1072216,3066428.0,3066428.0,0.4712101578128473,0.4712101578128473,0.770553216463142,0.770553216463142,0.3311153269918846,0.0,34067200.0,16200322.0,16200322.0,1539840.0,584224.0,584224.0,384960.0,175250.0,175250.0,0.4712101578128473,0.0,0.1401382374221156,0.08519748833074016,0.0,0.4755401676686079,0.3794056525353283,0.4552421030756442,29896800.0,14099049.0,14099049.0,14099049.0,0.0,7405259.11876297,8212480.0,25789999.29180586,1252821821.3657227,7405259.11876297,7518213.487560272,1936754.0,1936754.0,0.47159057156618767,0.47159057156618767,0.9017080247090976,0.9017080247090976,0.14347657817971246,0.0,29576000.0,14057207.0,14057207.0,256640.0,40183.0,40183.0,64160.0,1659.0,1659.0,0.47159057156618767,0.0,0.01375399012202188,0.06478131438816194,0.0,0.4752910129835001,0.1565734102244389,0.0258572319201995,6095200.0,2860747.0,2860747.0,2860747.0,0.0,30563658.15607238,41062400.0,515681037.4119886,3685923856.6123657,30563658.15607238,37355998.61966133,1129674.0,1129674.0,0.46934423808898806,0.46934423808898806,0.7443222548139509,0.7443222548139509,0.37403944269423034,0.0,4491200.0,2143115.0,2143115.0,1283200.0,544041.0,544041.0,320800.0,173591.0,173591.0,0.46934423808898806,0.0,0.16541508688213433,0.18533829898936868,0.0,0.4771809315995725,0.4239721009975062,0.5411190773067331,"[0.753598197535452, 0.7779991843978701, 0.7845036156621865]","[0.3067391945688978, 0.3264100804845442, 0.34897303991634065]","[0.43906979368414367, 0.4624870062370062, 0.5216169178287086]","[0.8898339825135375, 0.9044495275472195, 0.9125490110796718]","[0.13302376999512552, 0.14622452527916804, 0.14896251726355605]","[0.4314351969196259, 0.4659724358410969, 0.5385505050737355]","[0.7231701421365886, 0.7528469226963352, 0.762755438521464]","[0.3461793316478696, 0.36781533823547735, 0.3961311795543065]","[0.4478375036617518, 0.4725219298245614, 0.48084860480694824]",0.5833333333333333,0.5833333333333333,4.0,0
longbench_v2,Financial,blasst_original_s50,7,0.7142857142857143,0.5714285714285714,0.14285714285714285,"(0.0, 0.42857142857142855)",251,4283,0.05860378239551716,0.0,1.25,0,0,29171520.0,12761044.0,12761044.0,12761044.0,0.0,36141284.144701004,38461440.0,66329297.99471036,3984849186.806183,36141284.144701004,37421772.84849548,2088572.0,2088572.0,0.4374487171049023,0.4374487171049023,0.939675793332257,0.939675793332257,0.12901694551483178,0.0,27669120.0,12463727.0,12463727.0,1201920.0,253638.0,253638.0,300480.0,43679.0,43679.0,0.4374487171049023,0.0,0.033292791528202775,0.07159626923794167,0.0,0.45045621255753704,0.21102735623003194,0.14536408413205537,24413920.0,11704527.0,11704527.0,11704527.0,0.0,5797375.857778549,6410240.0,21223911.117997047,1023311570.1000977,5797375.857778549,5883164.54643631,1573817.0,1573817.0,0.4794202241999646,0.4794202241999646,0.9043929490594033,0.9043929490594033,0.14401534424417006,0.0,24163520.0,11670118.0,11670118.0,200320.0,32986.0,32986.0,50080.0,1423.0,1423.0,0.4794202241999646,0.0,0.013383069691269067,0.06446392058301166,0.0,0.4829643197679808,0.16466653354632588,0.028414536741214056,4757600.0,1056517.0,1056517.0,1056517.0,0.0,30343908.286922455,32051200.0,45105386.87671331,2961537616.706085,30343908.286922455,31538608.302059174,514755.0,514755.0,0.22206932066588195,0.22206932066588195,0.9467323621868278,0.9467323621868278,0.123411485359753,0.0,3505600.0,793609.0,793609.0,1001600.0,220652.0,220652.0,250400.0,42256.0,42256.0,0.22206932066588195,0.0,0.037274735895589516,0.10819635950899613,0.0,0.22638321542674578,0.22029952076677317,0.16875399361022364,"[0.9339240341454617, 0.9438815705295579, 0.946436136607196]","[0.1083872693316506, 0.11611338215360256, 0.140614066227822]","[0.40138265132599305, 0.4239950166778922, 0.48546990124718165]","[0.891816341889479, 0.9043106653812256, 0.9155489270834418]","[0.12840909447081553, 0.14113297595213348, 0.15163196193853762]","[0.43741016623998485, 0.46106480614347256, 0.553217718467452]","[0.9428189632798922, 0.9489998702431455, 0.9541156032470403]","[0.1001491281837738, 0.10754765338152072, 0.13601804951148488]","[0.2022689503645261, 0.21867260061919505, 0.2294318849578127]",0.75,0.5833333333333333,5.0,0
longbench_v2,Financial,dense,7,0.5714285714285714,0.5714285714285714,0.0,"(0.0, 0.0)",4194,4194,1.0,1.0,1.0,0,0,32779840.0,0.0,0.0,0.0,0.0,43499520.0,43499520.0,0.0,4534558343.217438,43499520.0,43499520.0,0.0,0.0,0.0,0.0,1.0,1.0,0.0,0.0,31080640.0,0.0,0.0,1359360.0,0.0,0.0,339840.0,0.0,0.0,0.0,0.0,0.0,0.0,0.0,0.0,0.0,0.0,27399040.0,0.0,0.0,0.0,0.0,7249920.0,7249920.0,0.0,1202407956.4624023,7249920.0,7249920.0,0.0,0.0,0.0,0.0,1.0,1.0,0.0,0.0,27115840.0,0.0,0.0,226560.0,0.0,0.0,56640.0,0.0,0.0,0.0,0.0,0.0,0.0,0.0,0.0,0.0,0.0,5380800.0,0.0,0.0,0.0,0.0,36249600.0,36249600.0,0.0,3332150386.7550354,36249600.0,36249600.0,0.0,0.0,0.0,0.0,1.0,1.0,0.0,0.0,3964800.0,0.0,0.0,1132800.0,0.0,0.0,283200.0,0.0,0.0,0.0,0.0,0.0,0.0,0.0,0.0,0.0,0.0,"[1.0, 1.0, 1.0]","[0.0, 0.0, 0.0]","[0.0, 0.0, 0.0]","[1.0, 1.0, 1.0]","[0.0, 0.0, 0.0]","[0.0, 0.0, 0.0]","[1.0, 1.0, 1.0]","[0.0, 0.0, 0.0]","[0.0, 0.0, 0.0]",0.5833333333333333,0.5833333333333333,4.0,0
longbench_v2,Financial,full_centered_s50,7,0.42857142857142855,0.5714285714285714,-0.14285714285714285,"(-0.42857142857142855, 0.0)",180,4997,0.03602161296778067,0.0,0.75,0,0,58412800.0,28996324.0,0.0,28996324.0,0.0,58300243.5901424,79503360.0,573781859.9034168,7959095645.865723,58300243.5901424,72829295.38735199,7461178.0,7461178.0,0.49640359647200616,0.49640359647200616,0.7333054048299644,0.7333054048299644,0.2684983029628323,0.0,55307200.0,27843594.0,27843594.0,2484480.0,891767.0,891767.0,621120.0,260963.0,260963.0,0.0,0.0,0.18274764484431338,0.1277319012271283,0.0,0.5034352489368473,0.3589350689077795,0.42014908552292635,48578400.0,24145887.0,0.0,24145887.0,0.0,12083102.424468994,13250560.0,18898995.515183587,2095576115.4990234,12083102.424468994,12385946.972320557,5485096.0,5485096.0,0.4970498616669137,0.4970498616669137,0.9118937180367467,0.9118937180367467,0.09496588963284332,0.0,48060800.0,24101507.0,24101507.0,414080.0,44159.0,44159.0,103520.0,221.0,221.0,0.0,0.0,0.022855226333948337,0.11291224083131597,0.0,0.5014795217724216,0.10664364374034004,0.002134853168469861,9834400.0,4850437.0,0.0,4850437.0,0.0,46217141.165673405,66252800.0,554882864.3882332,5863519530.366699,46217141.165673405,60443348.41503143,1976082.0,1976082.0,0.4932112787765395,0.4932112787765395,0.697587742188608,0.697587742188608,0.3076248880435028,0.0,7246400.0,3742087.0,3742087.0,2070400.0,847608.0,847608.0,517600.0,260742.0,260742.0,0.0,0.0,0.2147261285463864,0.20093569511103881,0.0,0.5164063534996688,0.4093933539412674,0.5037519319938176,"[0.7160937651271304, 0.7262254660766191, 0.7512910312906436]","[0.2525807246200876, 0.2696094072706949, 0.2931969437841398]","[0.411428960776294, 0.5148227806492565, 0.5509869727660834]","[0.8859371743868845, 0.9027669911583265, 0.9335331360330107]","[0.07000702708801053, 0.10454745259492297, 0.11916001624567389]","[0.3793576837599902, 0.519192356192316, 0.5631278651637304]","[0.680161084721081, 0.6930085776946454, 0.7168316254399776]","[0.28911245772140687, 0.3078917115972158, 0.33575555603051194]","[0.4847643583635814, 0.48810876082611593, 0.49912277784688736]",0.41666666666666663,0.5833333333333333,3.0,0
longbench_v2,Financial,jl_gaussian_r1_s50,7,0.42857142857142855,0.5714285714285714,-0.14285714285714285,"(-0.42857142857142855, 0.0)",320,4563,0.07012930089853167,0.0,0.75,0,0,46729280.0,22016782.0,0.0,22016782.0,0.0,45351741.17224303,64266240.0,837630355.7741184,6406492925.39566,45351741.17224303,58321535.776872635,5871177.0,5871177.0,0.47115602893945724,0.47115602893945724,0.7056853049477149,0.7056853049477149,0.36158968126518226,0.0,44218880.0,20999111.0,20999111.0,2008320.0,781927.0,781927.0,502080.0,235744.0,235744.0,0.0,0.0,0.2018134965516826,0.12564235956556574,0.0,0.4748901600402362,0.3893438296685787,0.46953473550031866,38779680.0,17968229.0,0.0,17968229.0,0.0,9864198.802345276,10711040.0,11920078.436047528,1684362416.5742188,9864198.802345276,10103269.293739319,4251186.0,4251186.0,0.4633413426825595,0.4633413426825595,0.920937537563605,0.920937537563605,0.0841243623544932,0.0,38361280.0,17927204.0,17927204.0,334720.0,40895.0,40895.0,83680.0,130.0,130.0,0.0,0.0,0.022320007337666835,0.10962406084836182,0.0,0.4673254907031257,0.1221767447418738,0.0015535372848948376,7949600.0,4048553.0,0.0,4048553.0,0.0,35487542.369897746,53555200.0,825710277.338071,4722130508.821442,35487542.369897746,48218266.483133316,1619991.0,1619991.0,0.5092775737144007,0.5092775737144007,0.6626348584245366,0.6626348584245366,0.41816227722047805,0.0,5857600.0,3071907.0,3071907.0,1673600.0,741032.0,741032.0,418400.0,235614.0,235614.0,0.0,0.0,0.23771219439448588,0.20378270604810306,0.0,0.5244309956296094,0.4427772466539197,0.5631309751434035,"[0.682661097444241, 0.7082774799060452, 0.7211829152569529]","[0.35410582231986903, 0.36190018885078085, 0.3748634095183025]","[0.3984736976085743, 0.48954289192132744, 0.5222760076061966]","[0.8997118489097351, 0.9123541476879863, 0.9397016482205952]","[0.06415738943817675, 0.08864141997645353, 0.10149721900831957]","[0.3586975784806408, 0.4848097486065294, 0.5258137022638996]","[0.6362095947075469, 0.6704791298586966, 0.6784382522702216]","[0.4092208147885915, 0.4170999714416123, 0.4359763017679126]","[0.4979860651629073, 0.5045699317738791, 0.5179272166903746]",0.41666666666666663,0.5833333333333333,3.0,0
longbench_v2,Financial,jl_gaussian_r2_s50,7,0.7142857142857143,0.5714285714285714,0.14285714285714285,"(0.0, 0.42857142857142855)",201,4653,0.04319793681495809,0.0,1.25,0,0,61221120.0,29516579.0,0.0,29516579.0,0.0,57806419.33709585,81715200.0,806508321.8627692,8196632036.589691,57806419.33709585,74161442.39746094,8142612.0,8142612.0,0.48213066013820066,0.48213066013820066,0.707413300549908,0.707413300549908,0.3136799115992211,0.0,58029120.0,28241958.0,28241958.0,2553600.0,977947.0,977947.0,638400.0,296674.0,296674.0,0.0,0.0,0.2001466442028544,0.1330033165025403,0.0,0.48668596042814366,0.38296796679198,0.4647149122807018,51113120.0,24350277.0,0.0,24350277.0,0.0,12415787.577468872,13619200.0,19015536.180794433,2140491319.637207,12415787.577468872,12756446.650024414,6075155.0,6075155.0,0.4763997384624535,0.4763997384624535,0.9116385380542816,0.9116385380542816,0.0942535143554264,0.0,50581120.0,24302827.0,24302827.0,425600.0,47145.0,47145.0,106400.0,305.0,305.0,0.0,0.0,0.02501314853703169,0.11885705666177294,0.0,0.48047229875495046,0.11077302631578947,0.0028665413533834586,10108000.0,5166302.0,0.0,5166302.0,0.0,45390631.75962698,68096000.0,787492785.6819748,6056140716.952484,45390631.75962698,61404995.74743652,2067457.0,2067457.0,0.5111102097348634,0.5111102097348634,0.6665682530490333,0.6665682530490333,0.36059966017812733,0.0,7448000.0,3939131.0,3939131.0,2128000.0,930802.0,930802.0,532000.0,296369.0,296369.0,0.0,0.0,0.23517334333601894,0.20453670360110804,0.0,0.5288843984962406,0.43740695488721804,0.5570845864661654,"[0.6926756478363567, 0.7083762141149159, 0.7260016887835063]","[0.2973183537619788, 0.3146461630739327, 0.3344819361853397]","[0.3975484244249131, 0.4978807111367166, 0.5378469603822464]","[0.8909642821056889, 0.9057702926718272, 0.933941517820653]","[0.06969190171153519, 0.10209773338904987, 0.1114347873488588]","[0.35842935799592235, 0.49627633567428214, 0.5430046661559321]","[0.6500267920400387, 0.6688973984035337, 0.6860643187256652]","[0.342517612737592, 0.36004586321988025, 0.3853748763752065]","[0.500221534641848, 0.5079280701754386, 0.5154757559728467]",0.7083333333333333,0.5833333333333333,5.0,0
longbench_v2,Financial,jl_gaussian_r32_s50,7,0.2857142857142857,0.5714285714285714,-0.2857142857142857,"(-0.5714285714285714, 0.0)",180,4878,0.03690036900369004,0.0,0.5,0,0,54572160.0,25585993.0,0.0,25585993.0,0.0,52988131.57234281,73359360.0,562415625.4399828,7380209764.124176,52988131.57234281,66963348.36085892,6927824.0,6927824.0,0.46884699084661485,0.46884699084661485,0.7223090764742606,0.7223090764742606,0.2760541854466585,0.0,51706560.0,24480574.0,24480574.0,2292480.0,856192.0,856192.0,573120.0,249227.0,249227.0,0.0,0.0,0.19050352659178194,0.12694795294890288,0.0,0.4734519952594023,0.3734785036292574,0.43486006420993856,45497760.0,21066593.0,0.0,21066593.0,0.0,11226794.785095215,12226560.0,14654809.159631168,1933039651.1308594,11226794.785095215,11497897.90158081,5072289.0,5072289.0,0.4630248390250421,0.4630248390250421,0.9182300487704812,0.9182300487704812,0.0870702321471771,0.0,45020160.0,21023343.0,21023343.0,382080.0,43081.0,43081.0,95520.0,169.0,169.0,0.0,0.0,0.022173294572275088,0.1114843675820524,0.0,0.4669761946647902,0.11275387353433836,0.0017692629815745393,9074400.0,4519400.0,0.0,4519400.0,0.0,41761336.7872476,61132800.0,547760816.2803516,5447170112.993317,41761336.7872476,55465450.45927811,1855535.0,1855535.0,0.49803843780305035,0.49803843780305035,0.6831248820150164,0.6831248820150164,0.3171100541989413,0.0,6686400.0,3457231.0,3457231.0,1910400.0,813111.0,813111.0,477600.0,249058.0,249058.0,0.0,0.0,0.2241695729956833,0.20448018601780835,0.0,0.5170541696578129,0.4256234296482412,0.5214782244556114,"[0.7048570898509182, 0.7225170138547357, 0.7517816012863167]","[0.25466073410917706, 0.27913896788998344, 0.29296061589397965]","[0.3840883941618588, 0.48151062169609715, 0.5210439337959702]","[0.8988976930366138, 0.9103087458364814, 0.9413832415447476]","[0.0631640403248829, 0.0924065994041578, 0.10508087992708051]","[0.3437464670748061, 0.4799194782724429, 0.5260291446766743]","[0.6629959266321929, 0.6880613046127546, 0.71318229951125]","[0.29362319524661135, 0.3202110728729542, 0.3372760514565045]","[0.48475790766843396, 0.4911298245614035, 0.5091203922144154]",0.25,0.5833333333333333,2.0,0
longbench_v2,Financial,jl_gaussian_r8_s50,7,0.5714285714285714,0.5714285714285714,0.0,"(0.0, 0.0)",241,4770,0.05052410901467505,0.0,1.0,0,0,61076160.0,27987201.0,0.0,27987201.0,0.0,60751699.83977636,83927040.0,681356856.9370234,8379114662.264709,60751699.83977636,76731146.99728012,7701985.0,7701985.0,0.4582344567831376,0.4582344567831376,0.7238632488382333,0.7238632488382333,0.28515976536496696,0.0,57797760.0,26743888.0,26743888.0,2622720.0,961245.0,961245.0,655680.0,282068.0,282068.0,0.0,0.0,0.19039688707600985,0.12610460448070082,0.0,0.4627149564273771,0.3665069088579795,0.43019155685700344,50694560.0,22853904.0,0.0,22853904.0,0.0,12916716.088516235,13987840.0,15423681.667785684,2225557791.2456055,12916716.088516235,13213755.009262085,5591824.0,5591824.0,0.4508157088255623,0.4508157088255623,0.9234246380081724,0.9234246380081724,0.08324814950888229,0.0,50148160.0,22807233.0,22807233.0,437120.0,46484.0,46484.0,109280.0,187.0,187.0,0.0,0.0,0.021235510325100203,0.11030422199147207,0.0,0.4547970055132631,0.10634150805270864,0.0017112005856515374,10381600.0,5133297.0,0.0,5133297.0,0.0,47834983.751260124,69939200.0,665933175.2692376,6153556871.019104,47834983.751260124,63517391.988018036,2110161.0,2110161.0,0.49446106573167914,0.49446106573167914,0.6839509710042455,0.6839509710042455,0.3289669104947271,0.0,7649600.0,3936655.0,3936655.0,2185600.0,914761.0,914761.0,546400.0,281881.0,281881.0,0.0,0.0,0.22422916242619179,0.2032597094860137,0.0,0.5146223331938925,0.41853998901903366,0.5158876281112738,"[0.6967933930134419, 0.7281275943485852, 0.7426057431006817]","[0.2672842914733758, 0.28596356378694576, 0.30813518840996]","[0.37506411003591256, 0.4745120039512111, 0.5230001247319508]","[0.8988780953136578, 0.9159738533149492, 0.9430600889173749]","[0.060656288530060345, 0.08626297645167318, 0.1068940275150477]","[0.33378452249851354, 0.4733466440479821, 0.5281937719841339]","[0.6546068195642002, 0.6893741418266182, 0.7044275701268166]","[0.3092571625287139, 0.32739668373176584, 0.35502877507380914]","[0.4818093364391841, 0.49230566801619435, 0.5040840744020423]",0.5833333333333333,0.5833333333333333,4.0,0
longbench_v2,Financial,mass_s50,7,0.7142857142857143,0.5714285714285714,0.14285714285714285,"(-0.2857142857142857, 0.5714285714285714)",210,5357,0.039201045361209635,0.0,1.25,0,0,53351680.0,25815305.0,25815305.0,25815305.0,0.0,53794304.12859774,71516160.0,648110300.8794144,7461521687.718201,53794304.12859774,65006539.8968277,5868616.0,5868616.0,0.48387051729205155,0.48387051729205155,0.7521978826687246,0.7521978826687246,0.29472078087937836,0.0,50558080.0,24549169.0,24549169.0,2234880.0,1000934.0,1000934.0,558720.0,265202.0,265202.0,0.48387051729205155,0.0,0.15677905201048212,0.1099987104436074,0.0,0.48556371207134447,0.4478692368270332,0.4746599369988545,44505280.0,21418258.0,21418258.0,21418258.0,0.0,10943603.265392303,11919360.0,15883381.372411314,1896125034.2260742,10943603.265392303,11139242.406650543,4157757.0,4157757.0,0.4812520671704571,0.4812520671704571,0.9181368182010027,0.9181368182010027,0.09152463293573396,0.0,44039680.0,21332741.0,21332741.0,372480.0,84719.0,84719.0,93120.0,798.0,798.0,0.4812520671704571,0.0,0.016413560900773175,0.09342165693598602,0.0,0.4843981836380282,0.22744576890034365,0.00856958762886598,8846400.0,4397047.0,4397047.0,4397047.0,0.0,42850700.86320543,59596800.0,632226919.5070032,5565396653.492126,42850700.86320543,53867297.490177155,1710859.0,1710859.0,0.4970436561765238,0.4970436561765238,0.719010095562269,0.719010095562269,0.337045420413769,0.0,6518400.0,3216428.0,3216428.0,1862400.0,916215.0,916215.0,465600.0,264404.0,264404.0,0.4970436561765238,0.0,0.1848521502324239,0.1933960707180322,0.0,0.4934382670594011,0.4919539304123711,0.5678780068728523,"[0.7362915054493886, 0.7523954603055348, 0.7823853838906736]","[0.266112987407948, 0.2918059157483919, 0.3141451963329456]","[0.4273587822957692, 0.4894022494958626, 0.5185751706722874]","[0.8963420843354282, 0.912210006760386, 0.9358350529966508]","[0.07237238082885201, 0.0956017774599941, 0.10918103880134927]","[0.3990872216928279, 0.4916617419639898, 0.5240155060933483]","[0.7050526263623907, 0.7197038094462009, 0.7521726369103436]","[0.30558099150285023, 0.3323957117052181, 0.3560107304009061]","[0.47341600660967414, 0.49022506925207754, 0.5039577993864409]",0.7083333333333333,0.5833333333333333,5.0,1
longbench_v2,Governmental,blasst_aggressive_s50,9,0.5555555555555556,0.3333333333333333,0.2222222222222222,"(0.0, 0.5555555555555556)",248,5219,0.0475186817397969,0.0,1.6666666666666667,0,0,47965120.0,22481808.0,22481808.0,22481808.0,0.0,45557400.78837526,60088320.0,657144809.5479873,5982016947.150391,45557400.78837526,54446565.71857643,3885647.0,3885647.0,0.4687115970938882,0.4687115970938882,0.7581739810394975,0.7581739810394975,0.33144137459800027,0.0,45617920.0,21543823.0,21543823.0,1877760.0,718058.0,718058.0,469440.0,219927.0,219927.0,0.4687115970938882,0.0,0.1479349885335648,0.0810098463216604,0.0,0.47226666625747077,0.38240137184730744,0.46848798568507155,40532320.0,18930431.0,18930431.0,18930431.0,0.0,9126091.612613678,10014720.0,29710600.216331623,1545692566.0620117,9126091.612613678,9245049.984401703,2511162.0,2511162.0,0.4670453356728655,0.4670453356728655,0.9112677750964259,0.9112677750964259,0.13864178896709922,0.0,40141120.0,18880180.0,18880180.0,312960.0,48616.0,48616.0,78240.0,1635.0,1635.0,0.4670453356728655,0.0,0.011878352244298881,0.061954558732389364,0.0,0.4703451224081441,0.15534253578732107,0.020897239263803682,7432800.0,3551377.0,3551377.0,3551377.0,0.0,36431309.17576158,50073600.0,627434209.3316557,4436324381.088379,36431309.17576158,45201515.73417473,1374485.0,1374485.0,0.4777980034441933,0.4777980034441933,0.7275552222281119,0.7275552222281119,0.37607325579462936,0.0,5476800.0,2663643.0,2663643.0,1564800.0,669442.0,669442.0,391200.0,218292.0,218292.0,0.4777980034441933,0.0,0.17514631579141798,0.1849215638790227,0.0,0.4863502410166521,0.4278131390593047,0.5580061349693252,"[0.737540057528285, 0.7656711405977047, 0.7802013384414304]","[0.31091600477952874, 0.32325456052838025, 0.3576570841038245]","[0.40918169782014285, 0.4615653585429598, 0.5374570567730091]","[0.897442018239789, 0.9083418396063322, 0.9245489275186185]","[0.1292735777563434, 0.13664160978291978, 0.1528406185206789]","[0.39857671258443395, 0.4572786760440835, 0.5497726641816236]","[0.7022223879191865, 0.7340986279149365, 0.7549506071815307]","[0.35186227638598, 0.367684013589703, 0.4066939953389755]","[0.45954244759791923, 0.47099449204406363, 0.4910260558149406]",0.575,0.325,5.0,1
longbench_v2,Governmental,blasst_original_s50,9,0.5555555555555556,0.3333333333333333,0.2222222222222222,"(0.0, 0.5555555555555556)",349,5076,0.06875492513790386,0.0,1.6666666666666667,0,0,36085760.0,15946455.0,15946455.0,15946455.0,0.0,42565713.3305769,45219840.0,67936181.69076967,4668475285.757446,42565713.3305769,44043209.61333847,2480070.0,2480070.0,0.4419043689255817,0.4419043689255817,0.9413061463856771,0.9413061463856771,0.1206321407603872,0.0,34319360.0,15599741.0,15599741.0,1413120.0,291320.0,291320.0,353280.0,55394.0,55394.0,0.4419043689255817,0.0,0.032673629158386536,0.06872711008442112,0.0,0.454546384314859,0.206153759057971,0.15679913949275362,30492160.0,14688960.0,14688960.0,14688960.0,0.0,6866203.210128784,7536640.0,23354262.29115674,1221464938.6308594,6866203.210128784,6956681.39509964,1894129.0,1894129.0,0.4817290739652422,0.4817290739652422,0.9110430125531781,0.9110430125531781,0.13827465197231303,0.0,30197760.0,14647673.0,14647673.0,235520.0,39805.0,39805.0,58880.0,1482.0,1482.0,0.4817290739652422,0.0,0.012005109036766479,0.06211855768827135,0.0,0.48505826259961005,0.16900900135869565,0.025169836956521738,5593600.0,1257495.0,1257495.0,1257495.0,0.0,35699510.12044811,37683200.0,44581919.39961294,3447010347.126587,35699510.12044811,37086528.21823883,585941.0,585941.0,0.22480960383295195,0.22480960383295195,0.9473587731521769,0.9473587731521769,0.11372556094802964,0.0,4121600.0,952068.0,952068.0,1177600.0,251515.0,251515.0,294400.0,53912.0,53912.0,0.22480960383295195,0.0,0.036807333182710546,0.10475203804347825,0.0,0.2309947593167702,0.21358271059782608,0.183125,"[0.937910378088096, 0.9409344745713666, 0.9449656030040882]","[0.11722066176552542, 0.11916248344321631, 0.1246041774753501]","[0.38700467982098585, 0.4358843681991295, 0.5106370308100222]","[0.8926322339959263, 0.9117780005466193, 0.9212619999244257]","[0.1321845099989085, 0.13605215418606414, 0.15836476274252073]","[0.415868432005697, 0.47664223478750806, 0.5613580046858034]","[0.9446364665006233, 0.9491481194289269, 0.9500431699020168]","[0.10980652762480171, 0.11245442569794797, 0.11716444645672999]","[0.2133814223057644, 0.22899253731343283, 0.2389153363890206]",0.575,0.325,5.0,0
longbench_v2,Governmental,dense,9,0.3333333333333333,0.3333333333333333,0.0,"(0.0, 0.0)",4930,4930,1.0,1.0,1.0,0,0,44341760.0,0.0,0.0,0.0,0.0,55541760.0,55541760.0,0.0,5777621943.946838,55541760.0,55541760.0,0.0,0.0,0.0,0.0,1.0,1.0,0.0,0.0,42172160.0,0.0,0.0,1735680.0,0.0,0.0,433920.0,0.0,0.0,0.0,0.0,0.0,0.0,0.0,0.0,0.0,0.0,37471360.0,0.0,0.0,0.0,0.0,9256960.0,9256960.0,0.0,1552830683.4335938,9256960.0,9256960.0,0.0,0.0,0.0,0.0,1.0,1.0,0.0,0.0,37109760.0,0.0,0.0,289280.0,0.0,0.0,72320.0,0.0,0.0,0.0,0.0,0.0,0.0,0.0,0.0,0.0,0.0,6870400.0,0.0,0.0,0.0,0.0,46284800.0,46284800.0,0.0,4224791260.5132446,46284800.0,46284800.0,0.0,0.0,0.0,0.0,1.0,1.0,0.0,0.0,5062400.0,0.0,0.0,1446400.0,0.0,0.0,361600.0,0.0,0.0,0.0,0.0,0.0,0.0,0.0,0.0,0.0,0.0,"[1.0, 1.0, 1.0]","[0.0, 0.0, 0.0]","[0.0, 0.0, 0.0]","[1.0, 1.0, 1.0]","[0.0, 0.0, 0.0]","[0.0, 0.0, 0.0]","[1.0, 1.0, 1.0]","[0.0, 0.0, 0.0]","[0.0, 0.0, 0.0]",0.325,0.325,3.0,0
longbench_v2,Governmental,full_centered_s50,9,0.4444444444444444,0.3333333333333333,0.1111111111111111,"(0.0, 0.3333333333333333)",317,5855,0.054141759180187876,0.0,1.3333333333333333,0,0,82142080.0,41464306.0,0.0,41464306.0,0.0,74345368.2902812,102727680.0,796980368.0637106,10233194988.520142,74345368.2902812,93696251.43475151,10737951.0,10737951.0,0.5047876313821126,0.5047876313821126,0.7237131052729041,0.7237131052729041,0.27907323521612615,0.0,78129280.0,39955523.0,39955523.0,3210240.0,1154152.0,1154152.0,802560.0,354631.0,354631.0,0.0,0.0,0.18837068202523705,0.13072411850296461,0.0,0.511402677715704,0.35952202950558215,0.44187475079744815,69434880.0,35138321.0,0.0,35138321.0,0.0,15466899.112319946,17121280.0,27992598.932937756,2731336345.879883,15466899.112319946,15904112.441864014,8173844.0,8173844.0,0.5060615212411975,0.5060615212411975,0.9033728268166835,0.9033728268166835,0.10123577664008022,0.0,68766080.0,35068540.0,35068540.0,535040.0,69599.0,69599.0,133760.0,182.0,182.0,0.0,0.0,0.02553625251990899,0.11771956688050732,0.0,0.5099685775312479,0.1300818630382775,0.001360645933014354,12707200.0,6325985.0,0.0,6325985.0,0.0,58878469.17796126,85606400.0,768987769.1307728,7501858642.640259,58878469.17796126,77792138.9928875,2564107.0,2564107.0,0.4978268225887686,0.4978268225887686,0.6877811609641482,0.6877811609641482,0.3201660499494082,0.0,9363200.0,4886983.0,4886983.0,2675200.0,1084553.0,1084553.0,668800.0,354449.0,354449.0,0.0,0.0,0.22093756792630267,0.2017837918660287,0.0,0.5219351290157211,0.40541006279904307,0.5299775717703349,"[0.7046944910770069, 0.72584003226976, 0.7391543268024887]","[0.26597550493366484, 0.2759721021358473, 0.2967516516719946]","[0.4657129081155366, 0.5089588188423181, 0.5579323665279504]","[0.8945375949792299, 0.9056615326949189, 0.9124400113733268]","[0.09016451216844934, 0.10263008783681817, 0.10724489000672904]","[0.45882650286786975, 0.5108759603105426, 0.570005796809286]","[0.6653144559608186, 0.6885446574979416, 0.7080776731671405]","[0.30408217200846277, 0.3170740881513287, 0.3416475577249979]","[0.4834577817050933, 0.4950780158360503, 0.5051885117295707]",0.425,0.325,4.0,0
longbench_v2,Governmental,jl_gaussian_r1_s50,9,0.2222222222222222,0.3333333333333333,-0.1111111111111111,"(-0.3333333333333333, 0.0)",299,6228,0.04800899165061015,0.0,0.6666666666666666,0,0,88685120.0,43156398.0,0.0,43156398.0,0.0,75876247.75275691,110714880.0,1512424185.9924464,10948130103.10733,75876247.75275691,99177110.60832405,11230607.0,11230607.0,0.48662501668825614,0.48662501668825614,0.6853301719945585,0.6853301719945585,0.37167797988422985,0.0,84360320.0,41365770.0,41365770.0,3459840.0,1372390.0,1372390.0,864960.0,418238.0,418238.0,0.0,0.0,0.21045827675166284,0.12663462596656574,0.0,0.4903462907679819,0.3966628514613392,0.4835344987051424,74989920.0,36024944.0,0.0,36024944.0,0.0,16896031.41570282,18452480.0,23465285.986066874,2927878241.276367,16896031.41570282,17320832.499847412,8395778.0,8395778.0,0.4803971520439014,0.4803971520439014,0.9156509810986284,0.9156509810986284,0.08952336945959809,0.0,74269120.0,35943993.0,35943993.0,576640.0,80716.0,80716.0,144160.0,235.0,235.0,0.0,0.0,0.02302135453579098,0.11195875392319395,0.0,0.48396955558380117,0.1399764150943396,0.0016301331853496115,13695200.0,7131454.0,0.0,7131454.0,0.0,58980216.337054096,92262400.0,1488958900.0063796,8020251861.830963,58980216.337054096,81856278.10847664,2834829.0,2834829.0,0.5207265319235936,0.5207265319235936,0.6392660101737446,0.6392660101737446,0.43087108629269105,0.0,10091200.0,5421777.0,5421777.0,2883200.0,1291674.0,1291674.0,720800.0,418003.0,418003.0,0.0,0.0,0.24794566119483716,0.20699434838483557,0.0,0.5372777271285872,0.4480001387347392,0.579915371809101,"[0.6704572932974597, 0.6939868746437492, 0.7051292451265369]","[0.36139219958652147, 0.36742595586025084, 0.38492224594619084]","[0.4519099550684089, 0.47455132447922727, 0.5523989541645903]","[0.9067288006770396, 0.91645681389362, 0.9248101989270403]","[0.08183092248771709, 0.09055252236894601, 0.09453694737056441]","[0.43973922563732865, 0.46545472342695854, 0.5589948565113317]","[0.6224492440903973, 0.6488142886775192, 0.6619753122127797]","[0.41869117308538595, 0.4274545017940013, 0.44693320422107496]","[0.5080485274190261, 0.5215544675642595, 0.5251355584788883]",0.2,0.325,2.0,0
longbench_v2,Governmental,jl_gaussian_r2_s50,9,0.4444444444444444,0.3333333333333333,0.1111111111111111,"(0.0, 0.3333333333333333)",243,5771,0.04210708715993762,0.0,1.3333333333333333,0,0,83912320.0,40858060.0,0.0,40858060.0,0.0,72692692.68447584,104939520.0,1099753626.9643927,10467168398.39804,72692692.68447584,94651632.27451515,10977977.0,10977977.0,0.48691372137011585,0.48691372137011585,0.6927103600671686,0.6927103600671686,0.3241403493397402,0.0,79813120.0,39194193.0,39194193.0,3279360.0,1282182.0,1282182.0,819840.0,381685.0,381685.0,0.0,0.0,0.20925328789420147,0.13082676059963544,0.0,0.49107456267841676,0.3909854361826698,0.4655603532396565,70931520.0,34163063.0,0.0,34163063.0,0.0,15932269.173233032,17489920.0,25704658.198910095,2793276244.955078,15932269.173233032,16370573.941772461,8300221.0,8300221.0,0.48163444121879806,0.48163444121879806,0.9109400828153035,0.9109400828153035,0.09592879135796611,0.0,70248320.0,34090762.0,34090762.0,546560.0,71926.0,71926.0,136640.0,375.0,375.0,0.0,0.0,0.02506042157650971,0.11701738521887026,0.0,0.4852893563860317,0.13159762880562062,0.0027444379391100703,12980800.0,6694997.0,0.0,6694997.0,0.0,56760423.51124281,87449600.0,1074048968.7654824,7673892153.442963,56760423.51124281,78281058.33274269,2677756.0,2677756.0,0.515761509306052,0.515761509306052,0.6490644155175416,0.6490644155175416,0.37411420238328114,0.0,9564800.0,5103431.0,5103431.0,2732800.0,1210256.0,1210256.0,683200.0,381310.0,381310.0,0.0,0.0,0.24609186115773982,0.20628589917416493,0.0,0.5335637964202075,0.4428629976580796,0.5581235362997659,"[0.6809843510513451, 0.6939616848609403, 0.7106096064845246]","[0.312804572793702, 0.32022790500797815, 0.3321070530820645]","[0.4423863493755791, 0.4934898386604789, 0.548535889993053]","[0.8967938709477049, 0.9131581560302301, 0.9170203525357532]","[0.08918989951128051, 0.09734132863809246, 0.10117210519077625]","[0.4307228793966581, 0.4874482379989438, 0.5565142258517455]","[0.6344950561057197, 0.6531316639773853, 0.6707531829934991]","[0.36044276610605636, 0.37119391091924986, 0.3853213420531292]","[0.5021589655577069, 0.5162559422750425, 0.5266443275414487]",0.45,0.325,4.0,0
longbench_v2,Governmental,jl_gaussian_r32_s50,9,0.5555555555555556,0.3333333333333333,0.2222222222222222,"(0.0, 0.5555555555555556)",269,5885,0.04570943075615973,0.0,1.6666666666666667,0,0,79120320.0,37606434.0,0.0,37606434.0,0.0,70512418.54507813,98918400.0,799340553.9536027,9888423216.327972,70512418.54507813,90025696.58975792,10058107.0,10058107.0,0.47530689966875767,0.47530689966875767,0.7128342001597087,0.7128342001597087,0.2843167203234103,0.0,75256320.0,36105366.0,36105366.0,3091200.0,1145208.0,1145208.0,772800.0,355860.0,355860.0,0.0,0.0,0.19726641398041003,0.12712419514986795,0.0,0.47976523433513624,0.37047360248447203,0.46048136645962734,66884320.0,31453909.0,0.0,31453909.0,0.0,15097084.087005615,16486400.0,21338413.077367067,2630417072.821289,15097084.087005615,15469139.59185791,7526458.0,7526458.0,0.4702732867733424,0.4702732867733424,0.9157295763177902,0.9157295763177902,0.09006763345539807,0.0,66240320.0,31388717.0,31388717.0,515200.0,65049.0,65049.0,128800.0,143.0,143.0,0.0,0.0,0.022567419500454614,0.1125294837414808,0.0,0.4738611920956904,0.1262597049689441,0.001110248447204969,12236000.0,6152525.0,0.0,6152525.0,0.0,55415334.45807251,82432000.0,778002140.8762356,7258006143.506683,55415334.45807251,74556556.99790001,2531649.0,2531649.0,0.5028215920235372,0.5028215920235372,0.6722551249280924,0.6722551249280924,0.3274023032367959,0.0,9016000.0,4716649.0,4716649.0,2576000.0,1080159.0,1080159.0,644000.0,355717.0,355717.0,0.0,0.0,0.2322062128764011,0.20690168355671787,0.0,0.5231420807453416,0.41931638198757765,0.5523555900621118,"[0.6920331720537443, 0.7225097937253978, 0.736937315824891]","[0.2702989562619655, 0.27945214129107, 0.29866685486338723]","[0.43856257293551737, 0.48292482599210473, 0.5382082940069978]","[0.907249831642616, 0.9163236187651144, 0.9232953202276076]","[0.08112937444798787, 0.09304532523706509, 0.09667033950000041]","[0.42501612070238554, 0.4801016620243313, 0.5459794700324173]","[0.6470815363025271, 0.682445024467239, 0.7014468530314917]","[0.30954881018448527, 0.324605619535869, 0.3461210241342344]","[0.4888433917950527, 0.4989423076923077, 0.510720887069225]",0.575,0.325,5.0,1
longbench_v2,Governmental,jl_gaussian_r8_s50,9,0.5555555555555556,0.3333333333333333,0.2222222222222222,"(0.0, 0.5555555555555556)",336,5770,0.058232235701906415,0.0,1.6666666666666667,0,0,84955200.0,40032527.0,0.0,40032527.0,0.0,75813815.06102316,106291200.0,907045375.7273014,10555442676.978363,75813815.06102316,96678493.07512474,10731956.0,10731956.0,0.4712192661543967,0.4712192661543967,0.7132652097353606,0.7132652097353606,0.29314080827100325,0.0,80803200.0,38445196.0,38445196.0,3321600.0,1229150.0,1229150.0,830400.0,358181.0,358181.0,0.0,0.0,0.19629732295901806,0.1263248865284291,0.0,0.4757880380975011,0.3700475674373796,0.4313355009633911,71807200.0,33428743.0,0.0,33428743.0,0.0,16219966.255466461,17715200.0,22500364.50644443,2807041428.970703,16219966.255466461,16618192.441604614,8040732.0,8040732.0,0.46553469568511235,0.46553469568511235,0.9155959997892466,0.9155959997892466,0.08953036719111296,0.0,71115200.0,33359166.0,33359166.0,553600.0,69383.0,69383.0,138400.0,194.0,194.0,0.0,0.0,0.022479350283268213,0.11197668200403302,0.0,0.4690862994127838,0.12533056358381503,0.0014017341040462427,13148000.0,6603784.0,0.0,6603784.0,0.0,59593848.8055567,88576000.0,884545011.2208569,7748401248.00766,59593848.8055567,80060300.63352013,2691224.0,2691224.0,0.5022652874961971,0.5022652874961971,0.6727990517245834,0.6727990517245834,0.3378733341919232,0.0,9688000.0,5086030.0,5086030.0,2768000.0,1159767.0,1159767.0,692000.0,357987.0,357987.0,0.0,0.0,0.23106091749416802,0.20468694858533618,0.0,0.5249824525185797,0.4189909682080925,0.5173222543352601,"[0.6960472285164352, 0.7153150799440556, 0.7276658484888704]","[0.27830859838173055, 0.29265651676173493, 0.31688777837135335]","[0.42978397009796, 0.4747094081796926, 0.5324747871590488]","[0.9065592508942059, 0.9182662476063705, 0.9214867846339613]","[0.08111111814773037, 0.09014531300892356, 0.0952715657784208]","[0.41611627169141857, 0.4678122803437408, 0.5383740983343683]","[0.6518109615577976, 0.6745606518416016, 0.6927090543110531]","[0.3193342437175602, 0.3391386882593276, 0.36522709268145187]","[0.4903655179003227, 0.5040163515585079, 0.5110382405120534]",0.575,0.325,5.0,1
longbench_v2,Governmental,mass_s50,9,0.3333333333333333,0.3333333333333333,0.0,"(0.0, 0.0)",256,5540,0.046209386281588445,0.0,1.0,0,0,61163200.0,30168796.0,30168796.0,30168796.0,0.0,57405157.74850631,76554240.0,697548547.8401151,7884331716.270325,57405157.74850631,69576054.8283329,6649236.0,6649236.0,0.49325077824574254,0.49325077824574254,0.7498625516823929,0.7498625516823929,0.2974437004631003,0.0,58172800.0,28789298.0,28789298.0,2392320.0,1076665.0,1076665.0,598080.0,302833.0,302833.0,0.49325077824574254,0.0,0.15898397110109896,0.10871301697752897,0.0,0.49489276775400187,0.450050578517924,0.50634196094168,51693600.0,25467877.0,25467877.0,25467877.0,0.0,11608044.730545044,12759040.0,19836402.361979607,2017626776.5463867,11608044.730545044,11829783.765083313,4817765.0,4817765.0,0.4926698275995481,0.4926698275995481,0.9097898220042452,0.9097898220042452,0.09915418244731433,0.0,51195200.0,25364855.0,25364855.0,398720.0,102437.0,102437.0,99680.0,585.0,585.0,0.4926698275995481,0.0,0.017378974792638714,0.09319848104987852,0.0,0.4954537730099697,0.2569146268057785,0.005868780096308186,9469600.0,4700919.0,4700919.0,4700919.0,0.0,45797113.01796126,63795200.0,677712145.4781355,5866704939.723938,45797113.01796126,57746271.06324959,1831471.0,1831471.0,0.49642212976260874,0.49642212976260874,0.7178770976180224,0.7178770976180224,0.3398799230403209,0.0,6977600.0,3424443.0,3424443.0,1993600.0,974228.0,974228.0,498400.0,302248.0,302248.0,0.49642212976260874,0.0,0.187304970362791,0.19340531807045705,0.0,0.4907766280669571,0.48867776886035313,0.6064365971107544,"[0.7322499547238428, 0.7572359579125015, 0.7659484858366243]","[0.28058177250679084, 0.29141744586553614, 0.3180597844638979]","[0.456243677110694, 0.4932139951583459, 0.5479962660791604]","[0.9006073396371022, 0.9107546150630367, 0.9184841800395783]","[0.08827975340915423, 0.0988798657726758, 0.10587915929237855]","[0.4478454420539133, 0.49168720368023283, 0.5589964193480074]","[0.6966414458313969, 0.7251475607712443, 0.7368696826078149]","[0.31924680536981703, 0.3326489664053582, 0.3648752890952896]","[0.4798401785278767, 0.4962789919714541, 0.5049577950837824]",0.325,0.325,3.0,0
longbench_v2,Knowledge graph reasoning,blasst_aggressive_s50,3,0.0,0.0,0.0,"(0.0, 0.0)",91,2070,0.04396135265700483,0.0,,0,0,22329920.0,11278810.0,11278810.0,11278810.0,0.0,21394826.02612126,27893760.0,325402683.1321113,2834299080.607727,21394826.02612126,25487490.14612961,1805339.0,1805339.0,0.5050985404336424,0.5050985404336424,0.7670111891018371,0.7670111891018371,0.33883458055480226,0.0,21240320.0,10836888.0,10836888.0,871680.0,342013.0,342013.0,217920.0,99909.0,99909.0,0.5050985404336424,0.0,0.14672328578177876,0.08084843116321061,0.0,0.510203612751597,0.39236072870778266,0.45846640969162994,18879520.0,9615933.0,9615933.0,9615933.0,0.0,4239143.907039642,4648960.0,15577091.054946983,724907797.5634766,4239143.907039642,4291769.410190582,1170742.0,1170742.0,0.5093314342737527,0.5093314342737527,0.911847791127401,0.911847791127401,0.14658913887196456,0.0,18697920.0,9590594.0,9590594.0,145280.0,24438.0,24438.0,36320.0,901.0,901.0,0.5093314342737527,0.0,0.011319844255691583,0.06201121638685729,0.0,0.512923041707313,0.16821310572687226,0.02480726872246696,3450400.0,1662877.0,1662877.0,1662877.0,0.0,17155682.119081616,23244800.0,309825592.0771644,2109391283.0442505,17155682.119081616,21195720.735939026,634597.0,634597.0,0.4819374565267795,0.4819374565267795,0.7380438686967242,0.7380438686967242,0.38324815312546756,0.0,2542400.0,1246294.0,1246294.0,726400.0,317575.0,317575.0,181600.0,99008.0,99008.0,0.4819374565267795,0.0,0.17380397408699622,0.18391983538140505,0.0,0.49020374449339205,0.43719025330396477,0.5451982378854625,"[0.7541921337411797, 0.7734474542006133, 0.7895365984141717]","[0.3180923850270781, 0.3479922016847077, 0.3481781704917303]","[0.43380160946586993, 0.5276803263938874, 0.5397424191630166]","[0.907637475889136, 0.9133291551673954, 0.9144807649562632]","[0.14576306466163944, 0.1460207657346825, 0.14846562865198276]","[0.42726335232524815, 0.5373619621850116, 0.548930747542029]","[0.7223071489664931, 0.74518321156004, 0.7658588424297355]","[0.3591689664618388, 0.39161789835945954, 0.3941654468275776]","[0.4695016995293611, 0.4749676628010705, 0.48935621198605145]",0.0,0.0,0.0,0
longbench_v2,Knowledge graph reasoning,blasst_original_s50,3,0.0,0.0,0.0,"(0.0, 0.0)",104,1909,0.05447878470403353,0.0,,0,0,13343360.0,6121696.0,6121696.0,6121696.0,0.0,15726925.172481537,16711680.0,30944357.41917654,1732499109.837494,15726925.172481537,16306369.977005005,941000.0,941000.0,0.45878219578876683,0.45878219578876683,0.9410738580730086,0.9410738580730086,0.13364546434701535,0.0,12690560.0,5998589.0,5998589.0,522240.0,105169.0,105169.0,130560.0,17938.0,17938.0,0.45878219578876683,0.0,0.034673043316020176,0.0705219674804547,0.0,0.47268118979777096,0.2013805912990196,0.13739276960784313,11276160.0,5640067.0,5640067.0,5640067.0,0.0,2528496.349182129,2785280.0,10138828.817583902,441550161.9033203,2528496.349182129,2561744.201019287,712592.0,712592.0,0.5001762124694932,0.5001762124694932,0.9078068808816812,0.9078068808816812,0.1515318310503937,0.0,11167360.0,5624786.0,5624786.0,87040.0,14755.0,14755.0,21760.0,526.0,526.0,0.5001762124694932,0.0,0.011936987246222356,0.06319456268800726,0.0,0.5036809057825663,0.16951976102941177,0.02417279411764706,2067200.0,481629.0,481629.0,481629.0,0.0,13198428.823299408,13926400.0,20805528.601592638,1290948947.9341736,13198428.823299408,13744625.775985718,228408.0,228408.0,0.2329861648606811,0.2329861648606811,0.9477272535112741,0.9477272535112741,0.12695062495931123,0.0,1523200.0,373803.0,373803.0,435200.0,90414.0,90414.0,108800.0,17412.0,17412.0,0.2329861648606811,0.0,0.03922025452997974,0.11049148606811146,0.0,0.24540638130252102,0.2077527573529412,0.16003676470588235,"[0.9385241815238449, 0.9411680310461065, 0.9447016093479937]","[0.13177841048774577, 0.13438139990209402, 0.13470708062636655]","[0.4092506172491244, 0.474677012934048, 0.494665438343663]","[0.9064596541682161, 0.9069033583227013, 0.9098904128034937]","[0.149348266159643, 0.14986646091343783, 0.15460337285409084]","[0.4430439173137353, 0.5155773838251517, 0.5436073686569223]","[0.9448705313717979, 0.9481318916294088, 0.951686033864618]","[0.12492126436999575, 0.12600765040315498, 0.12853056095737372]","[0.21898880879497054, 0.22135430038510912, 0.24560074729506695]",0.0,0.0,0.0,0
longbench_v2,Knowledge graph reasoning,dense,3,0.0,0.0,0.0,"(0.0, 0.0)",1602,1602,1.0,1.0,,0,0,10499520.0,0.0,0.0,0.0,0.0,13148160.0,13148160.0,0.0,1370361510.9103088,13148160.0,13148160.0,0.0,0.0,0.0,0.0,1.0,1.0,0.0,0.0,9985920.0,0.0,0.0,410880.0,0.0,0.0,102720.0,0.0,0.0,0.0,0.0,0.0,0.0,0.0,0.0,0.0,0.0,8873120.0,0.0,0.0,0.0,0.0,2191360.0,2191360.0,0.0,351761368.65283203,2191360.0,2191360.0,0.0,0.0,0.0,0.0,1.0,1.0,0.0,0.0,8787520.0,0.0,0.0,68480.0,0.0,0.0,17120.0,0.0,0.0,0.0,0.0,0.0,0.0,0.0,0.0,0.0,0.0,1626400.0,0.0,0.0,0.0,0.0,10956800.0,10956800.0,0.0,1018600142.2574768,10956800.0,10956800.0,0.0,0.0,0.0,0.0,1.0,1.0,0.0,0.0,1198400.0,0.0,0.0,342400.0,0.0,0.0,85600.0,0.0,0.0,0.0,0.0,0.0,0.0,0.0,0.0,0.0,0.0,"[1.0, 1.0, 1.0]","[0.0, 0.0, 0.0]","[0.0, 0.0, 0.0]","[1.0, 1.0, 1.0]","[0.0, 0.0, 0.0]","[0.0, 0.0, 0.0]","[1.0, 1.0, 1.0]","[0.0, 0.0, 0.0]","[0.0, 0.0, 0.0]",0.0,0.0,0.0,0
longbench_v2,Knowledge graph reasoning,full_centered_s50,3,0.0,0.0,0.0,"(0.0, 0.0)",64,1710,0.03742690058479532,0.0,,0,0,19332160.0,9616922.0,0.0,9616922.0,0.0,17764047.82653696,24207360.0,176324657.47884446,2427695774.0405273,17764047.82653696,22399314.470623016,2606055.0,2606055.0,0.4974571905053548,0.4974571905053548,0.7338283822166879,0.7338283822166879,0.2695003870654393,0.0,18386560.0,9263684.0,9263684.0,756480.0,273934.0,273934.0,189120.0,79304.0,79304.0,0.0,0.0,0.1914817082113066,0.13480412949199674,0.0,0.50382910125657,0.3621166455160745,0.419331641285956,16337760.0,8149157.0,0.0,8149157.0,0.0,3629799.283100128,4034560.0,8304899.211819544,617006150.699707,3629799.283100128,3732723.484970093,2010601.0,2010601.0,0.4987927965645229,0.4987927965645229,0.8996766148229617,0.8996766148229617,0.116017215116127,0.0,16180160.0,8133705.0,8133705.0,126080.0,15396.0,15396.0,31520.0,56.0,56.0,0.0,0.0,0.02551063855041556,0.12306466737178169,0.0,0.5026962032513893,0.12211294416243655,0.0017766497461928934,2994400.0,1467765.0,0.0,1467765.0,0.0,14134248.543436833,20172800.0,168019758.26702493,1810689623.3408203,14134248.543436833,18666590.985652924,595454.0,595454.0,0.4901699839700775,0.4901699839700775,0.7006587356954331,0.7006587356954331,0.30461982998311593,0.0,2206400.0,1129979.0,1129979.0,630400.0,258538.0,258538.0,157600.0,79248.0,79248.0,0.0,0.0,0.22467592214348484,0.1988558642799893,0.0,0.5121369651921682,0.410117385786802,0.5028426395939086,"[0.7322818365407586, 0.7351925680406893, 0.735204287015167]","[0.268620655876176, 0.26891670833678516, 0.27235287029244526]","[0.46507009204049193, 0.5120435207985226, 0.5675116679780263]","[0.8933081806118687, 0.894410331446803, 0.9061324853450513]","[0.11090365630166896, 0.11538003039008199, 0.12714186831096538]","[0.4603926817070631, 0.5178463228792843, 0.5800729104685309]","[0.6975117067799, 0.7033490153594666, 0.7035835082958266]","[0.30300474265411076, 0.3057098025066389, 0.30767205887443183]","[0.48286541627375457, 0.4931179775280899, 0.5017675583539152]",0.0,0.0,0.0,0
longbench_v2,Knowledge graph reasoning,jl_gaussian_r1_s50,3,0.0,0.0,0.0,"(0.0, 0.0)",99,1743,0.05679862306368331,0.0,,0,0,23535360.0,11490685.0,0.0,11490685.0,0.0,20792152.262173783,29491200.0,388371803.906204,2896661279.3707275,20792152.262173783,27038813.14535141,3034869.0,3034869.0,0.4882306877821287,0.4882306877821287,0.7050290344975376,0.7050290344975376,0.36616344810609974,0.0,22383360.0,11029156.0,11029156.0,921600.0,353869.0,353869.0,230400.0,107660.0,107660.0,0.0,0.0,0.2118144016919497,0.12894933410833742,0.0,0.492739070452336,0.38397243923611113,0.46727430555555555,19887360.0,9637512.0,0.0,9637512.0,0.0,4486892.231208801,4915200.0,7913802.211187469,753256910.0305176,4486892.231208801,4597440.20690918,2288621.0,2288621.0,0.4846048947673296,0.4846048947673296,0.9128605613624677,0.9128605613624677,0.1024993316816696,0.0,19695360.0,9618345.0,9618345.0,153600.0,19114.0,19114.0,38400.0,53.0,53.0,0.0,0.0,0.022491043233312667,0.11507917591877453,0.0,0.48835588686878534,0.12444010416666666,0.0013802083333333333,3648000.0,1853173.0,0.0,1853173.0,0.0,16305260.030964982,24576000.0,380458001.69501656,2143404369.34021,16305260.030964982,22441372.93844223,746248.0,746248.0,0.5079969846491228,0.5079969846491228,0.6634627291245516,0.6634627291245516,0.4213095517787951,0.0,2688000.0,1410811.0,1410811.0,768000.0,334755.0,334755.0,192000.0,107607.0,107607.0,0.0,0.0,0.2496790733836771,0.20456359649122807,0.0,0.5248552827380952,0.43587890625,0.560453125,"[0.6947736730991603, 0.7054306181114601, 0.7175038712268254]","[0.3640137927501858, 0.36428494790703503, 0.3706668269145238]","[0.4619076967289197, 0.4888054486863306, 0.5233425960636187]","[0.9069859825370856, 0.9075161748379469, 0.9183148393740859]","[0.09687401130300827, 0.1032321359542777, 0.11108765396715099]","[0.4539849635661386, 0.486784769628722, 0.5241663301365155]","[0.6500654398441751, 0.6650135067661628, 0.6796074489647733]","[0.41873228117828304, 0.4206962659132417, 0.42517372076059634]","[0.501155207041172, 0.506366146848603, 0.5201828784925276]",0.0,0.0,0.0,0
longbench_v2,Knowledge graph reasoning,jl_gaussian_r2_s50,3,0.0,0.0,0.0,"(0.0, 0.0)",47,1818,0.02585258525852585,0.0,,0,0,19925440.0,9968148.0,0.0,9968148.0,0.0,17616991.55907771,24944640.0,243673254.11086226,2498684266.9022827,17616991.55907771,22869697.47922516,2753189.0,2753189.0,0.5002724155652272,0.5002724155652272,0.7062435681203542,0.7062435681203542,0.3122829263512943,0.0,18951040.0,9577604.0,9577604.0,779520.0,300772.0,300772.0,194880.0,89772.0,89772.0,0.0,0.0,0.21057453305188806,0.1381745647774905,0.0,0.5053867228394854,0.3858425697865353,0.4606527093596059,16839840.0,8387564.0,0.0,8387564.0,0.0,3779521.0389709473,4157440.0,7753506.596450418,654323963.7114258,3779521.0389709473,3878566.924064636,2128090.0,2128090.0,0.49807860407224774,0.49807860407224774,0.9090981563103611,0.9090981563103611,0.1088560740827583,0.0,16677440.0,8370846.0,8370846.0,129920.0,16655.0,16655.0,32480.0,63.0,63.0,0.0,0.0,0.023823767773843752,0.1263723408298416,0.0,0.5019263148300939,0.1281942733990148,0.001939655172413793,3085600.0,1580584.0,0.0,1580584.0,0.0,13837470.520106765,20787200.0,235919747.5144118,1844360303.190857,13837470.520106765,18991130.555160522,625099.0,625099.0,0.512245268343272,0.512245268343272,0.6656726504823528,0.6656726504823528,0.35765085226827975,0.0,2273600.0,1206758.0,1206758.0,649600.0,284117.0,284117.0,162400.0,89709.0,89709.0,0.0,0.0,0.24792468610749682,0.20258588281047446,0.0,0.5307697044334976,0.4373722290640394,0.5523953201970443,"[0.7039496361313528, 0.7096018242147566, 0.713343871043995]","[0.3096079676849772, 0.315617559872817, 0.31906436626286855]","[0.4890042276510219, 0.5166351877289377, 0.5354720250385718]","[0.8932969685864799, 0.9048697490902508, 0.9155027941132293]","[0.10301311562448809, 0.11837725782240854, 0.12317969553251232]","[0.48544479763228915, 0.5144631379230233, 0.5381363911112023]","[0.662217643560166, 0.6734414343656004, 0.6756173344599324]","[0.3558785483099108, 0.3605491323441275, 0.36217853357594104]","[0.5066034940291907, 0.519125386996904, 0.526580866873065]",0.0,0.0,0.0,0
longbench_v2,Knowledge graph reasoning,jl_gaussian_r32_s50,3,0.0,0.0,0.0,"(0.0, 0.0)",58,1755,0.03304843304843305,0.0,,0,0,15995840.0,7483596.0,0.0,7483596.0,0.0,14705275.48720772,20029440.0,147204022.62483042,1996411765.0150757,14705275.48720772,18574801.933296204,2144415.0,2144415.0,0.467846390061416,0.467846390061416,0.7341830569006282,0.7341830569006282,0.27154060342534264,0.0,15213440.0,7180919.0,7180919.0,625920.0,229800.0,229800.0,156480.0,72877.0,72877.0,0.0,0.0,0.19319194376320475,0.13406079330625964,0.0,0.47201152402086577,0.36713957055214724,0.46572724948875255,13518240.0,6275852.0,0.0,6275852.0,0.0,3049897.006755829,3338240.0,5198894.6080562025,513682540.2114258,3049897.006755829,3127050.7317199707,1640250.0,1640250.0,0.46425067168507145,0.46425067168507145,0.913624247134966,0.913624247134966,0.10060234509639868,0.0,13387840.0,6263749.0,6263749.0,104320.0,12077.0,12077.0,26080.0,26.0,26.0,0.0,0.0,0.023112096483219255,0.12133606149913007,0.0,0.4678685284556732,0.11576878834355828,0.0009969325153374234,2477600.0,1207744.0,0.0,1207744.0,0.0,11655378.480451891,16691200.0,142005128.0167742,1482729224.80365,11655378.480451891,15447751.201576233,504165.0,504165.0,0.48746528898934455,0.48746528898934455,0.6982948188537608,0.6982948188537608,0.30947180646838446,0.0,1825600.0,917170.0,917170.0,521600.0,217723.0,217723.0,130400.0,72851.0,72851.0,0.0,0.0,0.22720791321920183,0.203489263803681,0.0,0.5023937335670464,0.41741372699386503,0.5586733128834356,"[0.7296452755270825, 0.7308005215888251, 0.7383147837742728]","[0.2682453523811383, 0.26995804253042804, 0.2736739476913527]","[0.4416194235387463, 0.47044870938759653, 0.5316739332766713]","[0.9029523851759672, 0.9074553375766761, 0.921276315505335]","[0.09389951495669578, 0.10141213147643537, 0.11479854915181098]","[0.43280374035896846, 0.4695768231036563, 0.5379734499559768]","[0.6915442151514674, 0.6965952964914323, 0.7047118206338275]","[0.30351170629575647, 0.3060647022861245, 0.3136600277258211]","[0.4788313324680943, 0.493284706331045, 0.5010448554962285]",0.0,0.0,0.0,0
longbench_v2,Knowledge graph reasoning,jl_gaussian_r8_s50,3,0.0,0.0,0.0,"(0.0, 0.0)",49,1818,0.02695269526952695,0.0,,0,0,17752640.0,8726426.0,0.0,8726426.0,0.0,16272635.80522978,22241280.0,177919324.27449825,2228234799.3981323,16272635.80522978,20584900.665927887,2394985.0,2394985.0,0.4915565234241217,0.4915565234241217,0.731641155780143,0.731641155780143,0.2825732742812178,0.0,16883840.0,8397130.0,8397130.0,695040.0,248923.0,248923.0,173760.0,80373.0,80373.0,0.0,0.0,0.19388564240448874,0.13490866710528687,0.0,0.4973471674690118,0.3581419774401473,0.4625517955801105,15001440.0,7349236.0,0.0,7349236.0,0.0,3380031.3897972107,3706880.0,6037009.885358572,579038623.0219727,3380031.3897972107,3463773.9506225586,1842982.0,1842982.0,0.4899020360712038,0.4899020360712038,0.9118264928449831,0.9118264928449831,0.10210739042481787,0.0,14856640.0,7335088.0,7335088.0,115840.0,14099.0,14099.0,28960.0,49.0,49.0,0.0,0.0,0.022591117280664035,0.12285367271408612,0.0,0.4937245568311543,0.12171098066298343,0.001691988950276243,2751200.0,1377190.0,0.0,1377190.0,0.0,12892604.415432569,18534400.0,171882314.38913968,1649196176.3761597,12892604.415432569,17121126.71530533,552003.0,552003.0,0.5005779296307066,0.5005779296307066,0.695604088367175,0.695604088367175,0.3228341260853677,0.0,2027200.0,1062042.0,1062042.0,579200.0,234824.0,234824.0,144800.0,80324.0,80324.0,0.0,0.0,0.2281445474292537,0.2006408112823495,0.0,0.5238960142067877,0.40542817679558013,0.5547237569060773,"[0.7255329960384165, 0.7375195749441993, 0.7382358098256508]","[0.2758099994640774, 0.28541896794842275, 0.2865196712980024]","[0.4778987002778373, 0.48478457271528996, 0.5122894848504485]","[0.9000707394095104, 0.9091762599721551, 0.9213758328377798]","[0.09465599683775741, 0.10797191139676057, 0.11019340296817723]","[0.47244831111994345, 0.48395849571317223, 0.5143362210164246]","[0.6865792991429792, 0.7042625902607855, 0.7052242125155725]","[0.3142668900989568, 0.32481513316962274, 0.32789620872400965]","[0.4922719985775249, 0.5041302631578948, 0.510501029547553]",0.0,0.0,0.0,1
longbench_v2,Knowledge graph reasoning,mass_s50,3,0.0,0.0,0.0,"(0.0, 0.0)",67,2031,0.032988675529295915,0.0,,0,0,20173760.0,10880411.0,10880411.0,10880411.0,0.0,18715343.537677288,25190400.0,276450001.5187725,2638159535.9900513,18715343.537677288,23093577.65273285,2184179.0,2184179.0,0.5393348091778627,0.5393348091778627,0.7429553932322348,0.7429553932322348,0.32371123368785043,0.0,19189760.0,10412778.0,10412778.0,787200.0,370592.0,370592.0,196800.0,97041.0,97041.0,0.5393348091778627,0.0,0.17380566069040432,0.10826831488031978,0.0,0.5426215856790289,0.47077235772357723,0.49309451219512196,17057760.0,9313716.0,9313716.0,9313716.0,0.0,3848989.5692710876,4198400.0,7585145.5716718985,670212853.5097656,3848989.5692710876,3906565.516429901,1588305.0,1588305.0,0.5460104961026536,0.5460104961026536,0.9167753356686089,0.9167753356686089,0.10638382072021321,0.0,16893760.0,9279695.0,9279695.0,131200.0,33851.0,33851.0,32800.0,170.0,170.0,0.5460104961026536,0.0,0.013713783145677753,0.09311333961786307,0.0,0.5492971961244862,0.2580106707317073,0.005182926829268293,3116000.0,1566695.0,1566695.0,1566695.0,0.0,14866353.9684062,20992000.0,268864855.9471006,1967946682.4802856,14866353.9684062,19187012.136302948,595874.0,595874.0,0.5027904364569962,0.5027904364569962,0.70819140474496,0.70819140474496,0.36962416385750163,0.0,2296000.0,1133083.0,1133083.0,656000.0,336741.0,336741.0,164000.0,96871.0,96871.0,0.5027904364569962,0.0,0.20582403619934964,0.19123042362002568,0.0,0.4935030487804878,0.5133246951219512,0.5906768292682927,"[0.7343472087672953, 0.7448660167819374, 0.7639776475228104]","[0.3097468412637765, 0.32512535328936326, 0.3290240607577966]","[0.5106810713496853, 0.5225703199536595, 0.5499897965787947]","[0.8947879366953857, 0.9163829165161588, 0.924315873215584]","[0.0986049236784129, 0.10676016572446341, 0.12885609820651409]","[0.5146706305286838, 0.5278400839115701, 0.5576262873053427]","[0.6974332248686762, 0.7159613817902863, 0.7345763427151795]","[0.3516119682266702, 0.3644927918796454, 0.3763868827215117]","[0.48899139254385965, 0.49392406798245614, 0.5080385247975708]",0.0,0.0,0.0,0
longbench_v2,Legal,blasst_aggressive_s50,7,0.2857142857142857,0.42857142857142855,-0.14285714285714285,"(-0.42857142857142855, 0.0)",191,4143,0.0461018585566015,0.0,0.6666666666666666,0,0,39591520.0,17494947.0,17494947.0,17494947.0,0.0,40868080.83484995,53944320.0,618148554.9042212,5471797730.973053,40868080.83484995,48567247.36279106,3235304.0,3235304.0,0.4418862170484993,0.4418862170484993,0.75759747893476,0.75759747893476,0.3361099828101113,0.0,37484320.0,16642363.0,16642363.0,1685760.0,650505.0,650505.0,421440.0,202079.0,202079.0,0.4418862170484993,0.0,0.1427243225596524,0.0817170949738732,0.0,0.44398199033622593,0.3858823320045558,0.47949648823082763,32918720.0,14264627.0,14264627.0,14264627.0,0.0,8178482.217601776,8990720.0,26279581.908720218,1421325939.5683594,8178482.217601776,8288720.42811203,2019614.0,2019614.0,0.4333287260257993,0.4333287260257993,0.9096582050827716,0.9096582050827716,0.1359760386190401,0.0,32567520.0,14228546.0,14228546.0,280960.0,34434.0,34434.0,70240.0,1647.0,1647.0,0.4333287260257993,0.0,0.012261332853236882,0.061351534932099425,0.0,0.4368937518116209,0.12255837129840547,0.023448177676537587,6672800.0,3230320.0,3230320.0,3230320.0,0.0,32689598.617248178,44953600.0,591868972.9955009,4050471791.4046936,32689598.617248178,40278526.93467903,1215690.0,1215690.0,0.4841026255844623,0.4841026255844623,0.7271853337051577,0.7271853337051577,0.38226099066975966,0.0,4916800.0,2413817.0,2413817.0,1404800.0,616071.0,616071.0,351200.0,200432.0,200432.0,0.4841026255844623,0.0,0.1688169205009355,0.18218588898213645,0.0,0.4909325170842825,0.4385471241457859,0.5707061503416857,"[0.7436311742256271, 0.7605655349263841, 0.7764028811636797]","[0.3073987361674429, 0.32530794821058345, 0.3509539836336143]","[0.42882561920199075, 0.48385487896608315, 0.5009926513998304]","[0.8795590462417286, 0.9026744148312289, 0.9221404623848578]","[0.12581140792788864, 0.14245304718464588, 0.15761386714213282]","[0.41893823711465494, 0.4810994294167371, 0.5079048808933525]","[0.7107172369221172, 0.7321437589454152, 0.7497610342740111]","[0.3472972793233973, 0.37012218669200353, 0.3999992279854414]","[0.46330436288088644, 0.4749663029525032, 0.495996772680364]",0.29166666666666663,0.41666666666666663,2.0,1
longbench_v2,Legal,blasst_original_s50,7,0.42857142857142855,0.42857142857142855,0.0,"(0.0, 0.0)",303,4058,0.07466732380482996,0.0,1.0,0,0,30973760.0,12160756.0,12160756.0,12160756.0,0.0,39642077.52057934,42147840.0,67333439.08665432,4343491677.243042,39642077.52057934,40959344.13446045,2070310.0,2070310.0,0.39261478102755365,0.39261478102755365,0.9405482587145472,0.9405482587145472,0.12450761141086274,0.0,29327360.0,11837372.0,11837372.0,1317120.0,265766.0,265766.0,329280.0,57618.0,57618.0,0.39261478102755365,0.0,0.03125347856215434,0.06684077102683045,0.0,0.40362896626222067,0.20177812196307093,0.174981778425656,25760160.0,10944232.0,10944232.0,10944232.0,0.0,6405798.641361237,7024640.0,21199013.93156125,1149432551.072754,6405798.641361237,6490700.743301392,1529713.0,1529713.0,0.4248510878814417,0.4248510878814417,0.9119041888781826,0.9119041888781826,0.13580510141739308,0.0,25485760.0,10913014.0,10913014.0,219520.0,29677.0,29677.0,54880.0,1541.0,1541.0,0.4248510878814417,0.0,0.012086327831768608,0.05938289979565344,0.0,0.42820045390053113,0.13519041545189506,0.02807944606413994,5213600.0,1216524.0,1216524.0,1216524.0,0.0,33236278.8792181,35123200.0,46134425.15509307,3194059126.170288,33236278.8792181,34468643.39115906,540597.0,540597.0,0.23333665797145925,0.23333665797145925,0.94627707268182,0.94627707268182,0.1201824577544196,0.0,3841600.0,924358.0,924358.0,1097600.0,236089.0,236089.0,274400.0,56077.0,56077.0,0.23333665797145925,0.0,0.03508690870823149,0.10368977290164186,0.0,0.2406179716784673,0.21509566326530613,0.20436224489795918,"[0.9361106785212319, 0.9413269723131289, 0.9456868015315194]","[0.11349704236988313, 0.12235215551275726, 0.13120551711553602]","[0.3763112150686784, 0.4370111819090455, 0.47448589506518357]","[0.8857506365282202, 0.9032415621621268, 0.924120043192367]","[0.12563586729268061, 0.14338563517007022, 0.1519727986686638]","[0.4187021867664209, 0.4924193717003816, 0.5200449142841681]","[0.9404924864381209, 0.9502470668597568, 0.9541992288357464]","[0.10182549789827057, 0.11318257389844284, 0.12751815517254175]","[0.20893785325382422, 0.22550853485064012, 0.247482411235255]",0.41666666666666663,0.41666666666666663,3.0,0
longbench_v2,Legal,dense,7,0.42857142857142855,0.42857142857142855,0.0,"(0.0, 0.0)",3737,3737,1.0,1.0,1.0,0,0,29366880.0,0.0,0.0,0.0,0.0,40181760.0,40181760.0,0.0,4166631595.027008,40181760.0,40181760.0,0.0,0.0,0.0,0.0,1.0,1.0,0.0,0.0,27797280.0,0.0,0.0,1255680.0,0.0,0.0,313920.0,0.0,0.0,0.0,0.0,0.0,0.0,0.0,0.0,0.0,0.0,24396480.0,0.0,0.0,0.0,0.0,6696960.0,6696960.0,0.0,1137379830.2836914,6696960.0,6696960.0,0.0,0.0,0.0,0.0,1.0,1.0,0.0,0.0,24134880.0,0.0,0.0,209280.0,0.0,0.0,52320.0,0.0,0.0,0.0,0.0,0.0,0.0,0.0,0.0,0.0,0.0,4970400.0,0.0,0.0,0.0,0.0,33484800.0,33484800.0,0.0,3029251764.7433167,33484800.0,33484800.0,0.0,0.0,0.0,0.0,1.0,1.0,0.0,0.0,3662400.0,0.0,0.0,1046400.0,0.0,0.0,261600.0,0.0,0.0,0.0,0.0,0.0,0.0,0.0,0.0,0.0,0.0,"[1.0, 1.0, 1.0]","[0.0, 0.0, 0.0]","[0.0, 0.0, 0.0]","[1.0, 1.0, 1.0]","[0.0, 0.0, 0.0]","[0.0, 0.0, 0.0]","[1.0, 1.0, 1.0]","[0.0, 0.0, 0.0]","[0.0, 0.0, 0.0]",0.41666666666666663,0.41666666666666663,3.0,0
longbench_v2,Legal,full_centered_s50,7,0.7142857142857143,0.42857142857142855,0.2857142857142857,"(0.0, 0.5714285714285714)",275,4287,0.06414742243993468,0.0,1.6666666666666667,0,0,51677920.0,22471378.0,0.0,22471378.0,0.0,52038097.602482,72253440.0,543195711.9013966,7154949085.704437,52038097.602482,65437335.76811218,6792940.0,6792940.0,0.434835186865106,0.434835186865106,0.7202161945850882,0.7202161945850882,0.2755338068590494,0.0,48855520.0,21416942.0,21416942.0,2257920.0,803233.0,803233.0,564480.0,251203.0,251203.0,0.0,0.0,0.1854477539841727,0.13144762792310527,0.0,0.43837302315071053,0.35574023880385486,0.4450166524943311,42740320.0,17958106.0,0.0,17958106.0,0.0,11002900.479541779,12042240.0,13754116.467452046,1901764445.114746,11002900.479541779,11297464.27708435,5006708.0,5006708.0,0.4201677947193657,0.4201677947193657,0.9136921768326971,0.9136921768326971,0.08504288541834748,0.0,42269920.0,17931682.0,17931682.0,376320.0,26259.0,26259.0,94080.0,165.0,165.0,0.0,0.0,0.024460880828032994,0.11714250150677394,0.0,0.42421849863922145,0.06977838010204082,0.001753826530612245,8937600.0,4513272.0,0.0,4513272.0,0.0,41035197.12294022,60211200.0,529441595.4339446,5253184640.589691,41035197.12294022,54139871.49102783,1786232.0,1786232.0,0.5049758324382384,0.5049758324382384,0.6815209981355664,0.6815209981355664,0.31746634821500813,0.0,6585600.0,3485260.0,3485260.0,1881600.0,776974.0,776974.0,470400.0,251038.0,251038.0,0.0,0.0,0.21764512861540067,0.1998558897243108,0.0,0.5292243683187561,0.4129326105442177,0.5336692176870749,"[0.7106895863115481, 0.725541365275107, 0.732639608863722]","[0.26906348777607814, 0.2732372251052184, 0.28433967584833514]","[0.37859056745999764, 0.4454752109704641, 0.4862060611214432]","[0.8972749932457367, 0.9271527726729126, 0.9344484085741942]","[0.06393003999361511, 0.083542835595828, 0.10101573603922388]","[0.3400257872012652, 0.4333408743308692, 0.4820811931936116]","[0.6695142007073058, 0.6861186791072565, 0.6948023695542707]","[0.30875664879355613, 0.314644467254975, 0.3277619496261302]","[0.49356739069896965, 0.5037408200734395, 0.5144454972365712]",0.7083333333333333,0.41666666666666663,5.0,0
longbench_v2,Legal,jl_gaussian_r1_s50,7,0.7142857142857143,0.42857142857142855,0.2857142857142857,"(0.0, 0.5714285714285714)",162,3934,0.041179461108286734,0.0,1.6666666666666667,0,0,44568960.0,18772886.0,0.0,18772886.0,0.0,43185903.113650545,62545920.0,844022981.436067,6152258999.155304,43185903.113650545,55949017.440504074,5806381.0,5806381.0,0.42120987341863037,0.42120987341863037,0.690467149794112,0.690467149794112,0.3703904929805908,0.0,42125760.0,17772101.0,17772101.0,1954560.0,763706.0,763706.0,488640.0,237079.0,237079.0,0.0,0.0,0.20405990233821053,0.13027858401901232,0.0,0.4218820265794611,0.3907303945645056,0.4851813195808775,36832160.0,14720539.0,0.0,14720539.0,0.0,9631496.048942566,10424320.0,9563127.88563693,1645907420.980957,9631496.048942566,9876542.741317749,4233059.0,4233059.0,0.3996653739558038,0.3996653739558038,0.9239447799897322,0.9239447799897322,0.07622497315539235,0.0,36424960.0,14692752.0,14692752.0,325760.0,27651.0,27651.0,81440.0,136.0,136.0,0.0,0.0,0.023507211249768147,0.11492833979869765,0.0,0.40337043609656675,0.08488150785854617,0.0016699410609037329,7736800.0,4052347.0,0.0,4052347.0,0.0,33554407.064707983,52121600.0,834459853.55043,4506351578.174347,33554407.064707983,46072474.699186325,1573322.0,1573322.0,0.5237755919760108,0.5237755919760108,0.643771623754988,0.643771623754988,0.43031866884848724,0.0,5700800.0,3079349.0,3079349.0,1628800.0,736055.0,736055.0,407200.0,236943.0,236943.0,0.0,0.0,0.24017044055589892,0.20335565091510702,0.0,0.5401608546168959,0.4519001719056974,0.5818835952848723,"[0.6846966157338823, 0.6925085974801506, 0.706319802929555]","[0.36292287219704983, 0.370230366696125, 0.3778179633078525]","[0.3700355564061185, 0.44958001378243917, 0.4779078008882877]","[0.9087370663131246, 0.927497486970215, 0.9444058107575545]","[0.05899675891578066, 0.0752069938292181, 0.09146429679411967]","[0.323242680660332, 0.43363976561865303, 0.4702273343962045]","[0.6372319081236095, 0.6498714628580434, 0.658616075091102]","[0.42162631072197515, 0.43125620746128357, 0.43673586858528096]","[0.5157253232336424, 0.5219526315789473, 0.5282969107551487]",0.7083333333333333,0.41666666666666663,5.0,0
longbench_v2,Legal,jl_gaussian_r2_s50,7,0.42857142857142855,0.42857142857142855,0.0,"(0.0, 0.0)",219,4365,0.05017182130584193,0.0,1.0,0,0,58396000.0,24508364.0,0.0,24508364.0,0.0,55470632.811824545,79872000.0,813897883.2937582,7962936401.651001,55470632.811824545,71672075.99990273,7838930.0,7838930.0,0.41969251318583467,0.41969251318583467,0.6944941007089411,0.6944941007089411,0.31970419576606346,0.0,55276000.0,23255686.0,23255686.0,2496000.0,955712.0,955712.0,624000.0,296966.0,296966.0,0.0,0.0,0.20284258799176408,0.13423744777039523,0.0,0.42071940806136476,0.3828974358974359,0.4759070512820513,48516000.0,19352535.0,0.0,19352535.0,0.0,12245688.611953735,13312000.0,13862293.339632584,2138210681.46875,12245688.611953735,12576867.23336029,5823775.0,5823775.0,0.39888974771209496,0.39888974771209496,0.9198984834700823,0.9198984834700823,0.08051787321329866,0.0,47996000.0,19317457.0,19317457.0,416000.0,34726.0,34726.0,104000.0,352.0,352.0,0.0,0.0,0.02487820172825685,0.12003823480913513,0.0,0.40248056088007333,0.08347596153846154,0.003384615384615385,9880000.0,5155829.0,0.0,5155829.0,0.0,43224944.19987081,66560000.0,800035589.9541256,5824725720.182251,43224944.19987081,59095208.766542435,2015155.0,2015155.0,0.5218450404858299,0.5218450404858299,0.6494132241567129,0.6494132241567129,0.3706098124544957,0.0,7280000.0,3938229.0,3938229.0,2080000.0,920986.0,920986.0,520000.0,296614.0,296614.0,0.0,0.0,0.23843546524446552,0.20396305668016193,0.0,0.540965521978022,0.4427817307692308,0.5704115384615385,"[0.6890552247279399, 0.7017749548881208, 0.7157604267844943]","[0.3135573898162762, 0.31749274403044825, 0.32749297463083193]","[0.36159556932058345, 0.4332211825659406, 0.47364300846002605]","[0.9051559755203586, 0.9306985793753139, 0.9403915040193842]","[0.05991111097193644, 0.07771974409502413, 0.09485784387704553]","[0.3152438265890193, 0.4144215552902635, 0.4651373383511355]","[0.642278647016066, 0.6609232424010505, 0.6709079943925159]","[0.3641650915873169, 0.3691569955667431, 0.3808783761371837]","[0.5077271318319838, 0.5191271929824561, 0.5263878054630247]",0.41666666666666663,0.41666666666666663,3.0,0
longbench_v2,Legal,jl_gaussian_r32_s50,7,0.7142857142857143,0.42857142857142855,0.2857142857142857,"(0.0, 0.5714285714285714)",252,4205,0.05992865636147444,0.0,1.6666666666666667,0,0,51987520.0,21122958.0,0.0,21122958.0,0.0,51848960.91182558,72253440.0,562668688.9410695,7181406148.50116,51848960.91182558,65406441.67598724,6650248.0,6650248.0,0.4063082447479703,0.4063082447479703,0.7175985103522488,0.7175985103522488,0.2799120723774415,0.0,49165120.0,20060203.0,20060203.0,2257920.0,809759.0,809759.0,564480.0,252996.0,252996.0,0.0,0.0,0.18763785868412164,0.12792008543588923,0.0,0.4080169640590728,0.3586305094954649,0.44819302721088433,43049920.0,16573294.0,0.0,16573294.0,0.0,11174221.209758759,12042240.0,10479813.362559075,1930941142.755371,11174221.209758759,11432859.817726135,4854508.0,4854508.0,0.384978508670864,0.384978508670864,0.9279188265437958,0.9279188265437958,0.07367026906609064,0.0,42579520.0,16547835.0,16547835.0,376320.0,25311.0,25311.0,94080.0,148.0,148.0,0.0,0.0,0.02147761612186576,0.11276462302368971,0.0,0.3886336670775058,0.0672592474489796,0.0015731292517006802,8937600.0,4549664.0,0.0,4549664.0,0.0,40674739.702066824,60211200.0,552188875.5785104,5250465005.745789,40674739.702066824,53973581.85826111,1795740.0,1795740.0,0.5090476190476191,0.5090476190476191,0.6755344471139393,0.6755344471139393,0.32429850186817893,0.0,6585600.0,3512368.0,3512368.0,1881600.0,784448.0,784448.0,470400.0,252848.0,252848.0,0.0,0.0,0.22086990719657282,0.20091970998925887,0.0,0.533340621963071,0.4169047619047619,0.5375170068027211,"[0.7113493035866674, 0.7172173115372038, 0.7405001695234047]","[0.2709664458267426, 0.2776368446860596, 0.28979082155749847]","[0.3474335929609321, 0.42127494606256743, 0.457261326550968]","[0.9113263835591566, 0.9361216218865449, 0.9455936285785157]","[0.05380699412245995, 0.07385399859067747, 0.0871482377812692]","[0.2999441809906331, 0.4018620315046171, 0.44825310190900536]","[0.666790445025899, 0.6728413603515676, 0.7037308285084266]","[0.3113626878599537, 0.32193334951212205, 0.33681191897536167]","[0.48801740396958626, 0.5102638808559862, 0.5185382032155488]",0.7083333333333333,0.41666666666666663,5.0,0
longbench_v2,Legal,jl_gaussian_r8_s50,7,0.7142857142857143,0.42857142857142855,0.2857142857142857,"(0.0, 0.5714285714285714)",245,4188,0.058500477554918814,0.0,1.6666666666666667,0,0,54060640.0,22133958.0,0.0,22133958.0,0.0,54296131.18823838,75939840.0,640334409.9816701,7462816623.789764,54296131.18823838,68685076.80837059,6827662.0,6827662.0,0.40942833825126745,0.40942833825126745,0.7149887488337924,0.7149887488337924,0.29292202988632543,0.0,51094240.0,21006198.0,21006198.0,2373120.0,855526.0,855526.0,593280.0,272234.0,272234.0,0.0,0.0,0.18947821881284196,0.12629635905161316,0.0,0.41112653794243736,0.36050684331175836,0.45886259439050703,44667040.0,17368396.0,0.0,17368396.0,0.0,11749007.084358215,12656640.0,10808159.711737644,1994371006.0722656,11749007.084358215,12014453.696861267,4925152.0,4925152.0,0.38884143654918707,0.38884143654918707,0.9282880041115348,0.9282880041115348,0.07361611610835944,0.0,44172640.0,17344294.0,17344294.0,395520.0,23979.0,23979.0,98880.0,123.0,123.0,0.0,0.0,0.02097291322997666,0.11026367540808614,0.0,0.3926478924510738,0.060626516990291264,0.0012439320388349514,9393600.0,4765562.0,0.0,4765562.0,0.0,42547124.10388017,63283200.0,629526250.2699325,5468445617.717499,42547124.10388017,56670623.11150932,1902510.0,1902510.0,0.5073200902742293,0.5073200902742293,0.6723288977782439,0.6723288977782439,0.339293057502226,0.0,6921600.0,3661904.0,3661904.0,1977600.0,831547.0,831547.0,494400.0,272111.0,272111.0,0.0,0.0,0.22317927992941503,0.20253257537046498,0.0,0.5290545538603791,0.4204829085760518,0.5503863268608414,"[0.7015095864699931, 0.7114417249516178, 0.728468879149527]","[0.28463335483750124, 0.29255662063822957, 0.3021831810087215]","[0.33871322446095636, 0.43480728757936793, 0.45550743979710756]","[0.9103551544786659, 0.9285844764431541, 0.948573341502683]","[0.051406304049813556, 0.07605094274285072, 0.0845496627493764]","[0.2878491788211618, 0.415535419896164, 0.44565700868053887]","[0.6575790629514577, 0.6651175958252583, 0.6879165921825094]","[0.3284722332547682, 0.3389077000603549, 0.35089939498565326]","[0.48977921861616064, 0.5121261961722487, 0.5196219869899468]",0.7083333333333333,0.41666666666666663,5.0,0
longbench_v2,Legal,mass_s50,7,0.42857142857142855,0.42857142857142855,0.0,"(0.0, 0.0)",231,4107,0.056245434623813005,0.0,1.0,0,0,42453120.0,18297427.0,18297427.0,18297427.0,0.0,43827573.87719059,58368000.0,556931748.4105963,6109764459.886932,43827573.87719059,52771940.265470505,4953865.0,4953865.0,0.43100311590761764,0.43100311590761764,0.7508835984990164,0.7508835984990164,0.3019178248833781,0.0,40173120.0,17255644.0,17255644.0,1824000.0,816938.0,816938.0,456000.0,224845.0,224845.0,0.43100311590761764,0.0,0.15324092633429132,0.11669024561681214,0.0,0.4295320851355334,0.4478826754385965,0.4930811403508772,35233120.0,14636858.0,14636858.0,14636858.0,0.0,8946195.981578827,9728000.0,11130558.464985434,1564906807.7788086,8946195.981578827,9134534.00743866,3583704.0,3583704.0,0.41542894867102315,0.41542894867102315,0.9196336329747972,0.9196336329747972,0.0843362405628684,0.0,34853120.0,14582229.0,14582229.0,304000.0,53500.0,53500.0,76000.0,1129.0,1129.0,0.41542894867102315,0.0,0.019360405618815045,0.1017140690350443,0.0,0.4183909216735833,0.17598684210526316,0.014855263157894736,7220000.0,3660569.0,3660569.0,3660569.0,0.0,34881377.89561176,48640000.0,545801189.9456108,4544857652.108124,34881377.89561176,43637406.258031845,1370161.0,1370161.0,0.5070040166204987,0.5070040166204987,0.7171335916038603,0.7171335916038603,0.34654297259890393,0.0,5320000.0,2673415.0,2673415.0,1520000.0,763438.0,763438.0,380000.0,223716.0,223716.0,0.5070040166204987,0.0,0.18001703047738657,0.1897729916897507,0.0,0.5025216165413534,0.5022618421052631,0.5887263157894737,"[0.7434950777589501, 0.755170033813345, 0.7653141031850342]","[0.27548593989432946, 0.2958789030640575, 0.31261395278431003]","[0.3642725756052574, 0.46399092600839803, 0.49091770317674216]","[0.9043282388873329, 0.9221682822985345, 0.9361752929448082]","[0.07030392231697222, 0.08254031390038272, 0.09912869399080552]","[0.3235005180253584, 0.45162200722493373, 0.49047492490165284]","[0.7069317058058099, 0.7195839820075326, 0.7344236683562281]","[0.315673005326203, 0.33832063066868057, 0.3588581104792592]","[0.48341352428326917, 0.49673190789473687, 0.5228979606457159]",0.41666666666666663,0.41666666666666663,3.0,0
longbench_v2,Literary,blasst_aggressive_s50,6,0.5,0.3333333333333333,0.16666666666666666,"(-0.3333333333333333, 0.6666666666666666)",191,2652,0.07202111613876319,0.0,1.5,0,0,31148160.0,13616965.0,13616965.0,13616965.0,0.0,29650399.29278195,39075840.0,449307296.6798987,3784111257.900421,29650399.29278195,35399357.18102455,2536121.0,2536121.0,0.437167556606875,0.437167556606875,0.7587910917022372,0.7587910917022372,0.3445797784133393,0.0,29621760.0,13016250.0,13016250.0,1221120.0,467969.0,467969.0,305280.0,132746.0,132746.0,0.437167556606875,0.0,0.14712307881910158,0.08142121396576876,0.0,0.43941514616282085,0.38322933045073376,0.43483359538784067,26314560.0,11280949.0,11280949.0,11280949.0,0.0,5843970.030630112,6512640.0,23208595.77216426,946761509.1855469,5843970.030630112,5930630.282979965,1654265.0,1654265.0,0.4286960906813566,0.4286960906813566,0.897327355823462,0.897327355823462,0.15656840796999502,0.0,26060160.0,11245651.0,11245651.0,203520.0,34363.0,34363.0,50880.0,935.0,935.0,0.4286960906813566,0.0,0.01330647054801947,0.06286500705312953,0.0,0.4315265524079668,0.16884335691823898,0.018376572327044025,4833600.0,2336016.0,2336016.0,2336016.0,0.0,23806429.262151837,32563200.0,426098700.9077344,2837349748.7148743,23806429.262151837,29468726.898044586,881856.0,881856.0,0.48328699106256207,0.48328699106256207,0.7310838388779922,0.7310838388779922,0.38752405746152413,0.0,3561600.0,1770599.0,1770599.0,1017600.0,433606.0,433606.0,254400.0,131811.0,131811.0,0.48328699106256207,0.0,0.173886400473318,0.1824428997020854,0.0,0.4971358378256963,0.4261065251572327,0.518125,"[0.7468972560202489, 0.7595446809368307, 0.7715068584742779]","[0.33186912449416606, 0.34191018833878817, 0.3567214347015707]","[0.37430654720458334, 0.4534807157537297, 0.5266878579926297]","[0.8761201900345157, 0.8904084649206035, 0.9145687242180012]","[0.14158283771127272, 0.16176461453736998, 0.17350636130111752]","[0.3541365041961453, 0.4490700053807377, 0.5338861295061739]","[0.7177663891092514, 0.7299195928432038, 0.7496330967305496]","[0.3706072008991041, 0.38535782329660084, 0.40119276703370027]","[0.47553182636077374, 0.48180994152046785, 0.4918862888499159]",0.5,0.3333333333333333,3.0,0
longbench_v2,Literary,blasst_original_s50,6,0.3333333333333333,0.3333333333333333,0.0,"(0.0, 0.0)",291,2404,0.12104825291181365,0.0,1.0,0,0,20462400.0,8312798.0,8312798.0,8312798.0,0.0,24171144.878240585,25681920.0,38768854.16587002,2594525991.208435,24171144.878240585,24991158.594327927,1426130.0,1426130.0,0.4062474587536164,0.4062474587536164,0.9411735913140679,0.9411735913140679,0.12223975473468063,0.0,19459200.0,8115850.0,8115850.0,802560.0,171135.0,171135.0,200640.0,25813.0,25813.0,0.4062474587536164,0.0,0.03192961102936779,0.06969514817421221,0.0,0.41707007482321984,0.21323639354066987,0.12865330940988837,17285600.0,7573577.0,7573577.0,7573577.0,0.0,3837976.5139598846,4280320.0,15788434.702631874,651576529.0151367,3837976.5139598846,3894456.7684841156,1102847.0,1102847.0,0.4381437149997686,0.4381437149997686,0.8966564448358731,0.8966564448358731,0.15566351099154174,0.0,17118400.0,7549651.0,7549651.0,133760.0,23216.0,23216.0,33440.0,710.0,710.0,0.4381437149997686,0.0,0.013195334583449592,0.06380148794372194,0.0,0.4410255047200673,0.1735645933014354,0.021232057416267942,3176800.0,739221.0,739221.0,739221.0,0.0,20333168.3642807,21401600.0,22980419.463238146,1942949462.1932983,20333168.3642807,21096701.82584381,323283.0,323283.0,0.23269359103500378,0.23269359103500378,0.9500770206097068,0.9500770206097068,0.10875474730429163,0.0,2340800.0,566199.0,566199.0,668800.0,147919.0,147919.0,167200.0,25103.0,25103.0,0.23269359103500378,0.0,0.03567646631855143,0.10176372450264418,0.0,0.24188268967874232,0.22117075358851673,0.15013755980861243,"[0.93848233745549, 0.9410254099179811, 0.9431109540787868]","[0.11583734268740264, 0.1251963084569136, 0.12867651280782297]","[0.3379562488661103, 0.42156186879125856, 0.487585148166942]","[0.88317090947938, 0.8870851515546336, 0.913176284218207]","[0.1425437273422272, 0.16126157308125544, 0.17062391763523546]","[0.3602618258356596, 0.4555393734389882, 0.5308424270810941]","[0.9456422483786026, 0.9514228156999989, 0.953390908613664]","[0.10050929884588097, 0.11033324993172854, 0.11570904521526629]","[0.21547327941268943, 0.22890001993620415, 0.26130339347910214]",0.3333333333333333,0.3333333333333333,2.0,0
longbench_v2,Literary,dense,6,0.3333333333333333,0.3333333333333333,0.0,"(0.0, 0.0)",2273,2273,1.0,1.0,1.0,0,0,17520960.0,0.0,0.0,0.0,0.0,21995520.0,21995520.0,0.0,2250925966.6286316,21995520.0,21995520.0,0.0,0.0,0.0,0.0,1.0,1.0,0.0,0.0,16661760.0,0.0,0.0,687360.0,0.0,0.0,171840.0,0.0,0.0,0.0,0.0,0.0,0.0,0.0,0.0,0.0,0.0,14800160.0,0.0,0.0,0.0,0.0,3665920.0,3665920.0,0.0,570772925.9140625,3665920.0,3665920.0,0.0,0.0,0.0,0.0,1.0,1.0,0.0,0.0,14656960.0,0.0,0.0,114560.0,0.0,0.0,28640.0,0.0,0.0,0.0,0.0,0.0,0.0,0.0,0.0,0.0,0.0,2720800.0,0.0,0.0,0.0,0.0,18329600.0,18329600.0,0.0,1680153040.714569,18329600.0,18329600.0,0.0,0.0,0.0,0.0,1.0,1.0,0.0,0.0,2004800.0,0.0,0.0,572800.0,0.0,0.0,143200.0,0.0,0.0,0.0,0.0,0.0,0.0,0.0,0.0,0.0,0.0,"[1.0, 1.0, 1.0]","[0.0, 0.0, 0.0]","[0.0, 0.0, 0.0]","[1.0, 1.0, 1.0]","[0.0, 0.0, 0.0]","[0.0, 0.0, 0.0]","[1.0, 1.0, 1.0]","[0.0, 0.0, 0.0]","[0.0, 0.0, 0.0]",0.3333333333333333,0.3333333333333333,2.0,0
longbench_v2,Literary,full_centered_s50,6,0.3333333333333333,0.3333333333333333,0.0,"(-0.5, 0.5)",174,2715,0.06408839779005525,0.0,1.0,0,0,35588800.0,17870115.0,0.0,17870115.0,0.0,31988095.110539086,44605440.0,358916230.5136366,4349320217.808655,31988095.110539086,40523745.97003555,4874740.0,4874740.0,0.5021274951670188,0.5021274951670188,0.7171343923642293,0.7171343923642293,0.28726707816302666,0.0,33846400.0,17199002.0,17199002.0,1393920.0,525248.0,525248.0,348480.0,145865.0,145865.0,0.0,0.0,0.19135896562160282,0.1369739918176505,0.0,0.5081486361917368,0.3768135904499541,0.41857495408631773,30071200.0,15090077.0,0.0,15090077.0,0.0,6453110.237297058,7434240.0,16463358.814612746,1113806939.7363281,6453110.237297058,6712811.791252136,3771671.0,3771671.0,0.501811600468222,0.501811600468222,0.8680255462961995,0.8680255462961995,0.12157779487157326,0.0,29780800.0,15056503.0,15056503.0,232320.0,33516.0,33516.0,58080.0,58.0,58.0,0.0,0.0,0.03493316787661928,0.1254246920641677,0.0,0.5055775197442648,0.14426652892561984,0.0009986225895316804,5517600.0,2780038.0,0.0,2780038.0,0.0,25534984.873242028,37171200.0,342452871.69902384,3235513278.0723267,25534984.873242028,33810934.17878342,1103069.0,1103069.0,0.5038491373060751,0.5038491373060751,0.6869561615778352,0.6869561615778352,0.32533352063929843,0.0,4065600.0,2142499.0,2142499.0,1161600.0,491732.0,491732.0,290400.0,145807.0,145807.0,0.0,0.0,0.2226441251705995,0.1999182615629984,0.0,0.5269822412436049,0.42332300275482093,0.502090220385675,"[0.7059657843699296, 0.7196609972764341, 0.7352501788833687]","[0.2723607338949971, 0.2834444747450498, 0.3016254054819508]","[0.43646850819535976, 0.5074283254473261, 0.5690005383068082]","[0.8602285350496157, 0.8656743229581907, 0.8805365518297674]","[0.10832967942152555, 0.12534442117727038, 0.13035385634049934]","[0.423563057443585, 0.5079115375852846, 0.5817842520376946]","[0.6747270562023557, 0.6878223537138795, 0.709215060751929]","[0.3068846070337158, 0.3212371398797651, 0.34250205547506674]","[0.4964980692584342, 0.5057283384400575, 0.5087863235639265]",0.3333333333333333,0.3333333333333333,2.0,0
longbench_v2,Literary,jl_gaussian_r1_s50,6,0.16666666666666666,0.3333333333333333,-0.16666666666666666,"(-0.5, 0.0)",133,2674,0.049738219895287955,0.0,0.5,0,0,44281600.0,21383173.0,0.0,21383173.0,0.0,38285775.27570406,55541760.0,771320389.8100872,5376575428.158081,38285775.27570406,49965781.98895073,5933965.0,5933965.0,0.4828907040396011,0.4828907040396011,0.6893151256946857,0.6893151256946857,0.3787603721323987,0.0,42112000.0,20494856.0,20494856.0,1735680.0,697277.0,697277.0,433920.0,191040.0,191040.0,0.0,0.0,0.21029234063246585,0.13400520758057521,0.0,0.486674962006079,0.40173130991887906,0.44026548672566373,37411200.0,17778326.0,0.0,17778326.0,0.0,8202688.115093231,9256960.0,15678341.687796682,1392944631.461914,8202688.115093231,8503603.655082703,4546260.0,4546260.0,0.4752140000855359,0.4752140000855359,0.8861103553535103,0.8861103553535103,0.10609212189276565,0.0,37049600.0,17736400.0,17736400.0,289280.0,41852.0,41852.0,72320.0,74.0,74.0,0.0,0.0,0.032506950444797365,0.12152136258660508,0.0,0.4787204180342028,0.14467643805309735,0.0010232300884955752,6870400.0,3604847.0,0.0,3604847.0,0.0,30083087.16061083,46284800.0,755642048.1222905,3983630796.696167,30083087.16061083,41462178.33386803,1387705.0,1387705.0,0.5246924487657196,0.5246924487657196,0.6499560797629206,0.6499560797629206,0.4355304436491816,0.0,5062400.0,2758456.0,2758456.0,1446400.0,655425.0,655425.0,361600.0,190966.0,190966.0,0.0,0.0,0.24584941866999963,0.20198314508616674,0.0,0.5448909608091024,0.4531422842920354,0.5281139380530974,"[0.6785113809184815, 0.6914428065322764, 0.7002186144610525]","[0.3617139321956312, 0.38210469208148307, 0.3920921065893971]","[0.412535155409573, 0.4826908401771002, 0.5377682125955419]","[0.8796968820334081, 0.8846117116133623, 0.897274884522369]","[0.09471092187265143, 0.10691940090976085, 0.11338625008736064]","[0.39139179195328444, 0.4759972017507036, 0.5396571430782959]","[0.6359369349895592, 0.6519771391032856, 0.6639765925674996]","[0.415422223199231, 0.43819602663191126, 0.45183734473586223]","[0.518016195221704, 0.525356960667042, 0.5309428462460499]",0.16666666666666666,0.3333333333333333,1.0,0
longbench_v2,Literary,jl_gaussian_r2_s50,6,0.5,0.3333333333333333,0.16666666666666666,"(-0.3333333333333333, 0.6666666666666666)",105,2892,0.03630705394190872,0.0,1.5,0,0,41557760.0,19975349.0,0.0,19975349.0,0.0,36490432.78420067,52101120.0,557787581.5997626,5066479876.920227,36490432.78420067,47108227.1256752,5760086.0,5760086.0,0.4806647182138787,0.4806647182138787,0.700377127865978,0.700377127865978,0.331803726654295,0.0,39522560.0,19162195.0,19162195.0,1628160.0,626217.0,626217.0,407040.0,186937.0,186937.0,0.0,0.0,0.20379205555417107,0.13860434248621678,0.0,0.4848419484972633,0.38461637676886795,0.4592595322327044,35112960.0,16623190.0,0.0,16623190.0,0.0,7621719.889053345,8683520.0,16788143.153460935,1303989277.784668,7621719.889053345,7927220.781986237,4459997.0,4459997.0,0.4734203553331875,0.4734203553331875,0.877722385513403,0.877722385513403,0.11346562814348042,0.0,34773760.0,16587189.0,16587189.0,271360.0,35869.0,35869.0,67840.0,132.0,132.0,0.0,0.0,0.035181688178629385,0.12701854244130942,0.0,0.47700303332167704,0.1321823408018868,0.001945754716981132,6444800.0,3352159.0,0.0,3352159.0,0.0,28868712.895147324,43417600.0,540999438.4463016,3762490599.135559,28868712.895147324,39181006.343688965,1300089.0,1300089.0,0.5201339064051639,0.5201339064051639,0.6649080763364931,0.6649080763364931,0.37919333515804204,0.0,4748800.0,2575006.0,2575006.0,1356800.0,590348.0,590348.0,339200.0,186805.0,186805.0,0.0,0.0,0.2375141290292794,0.2017268185203575,0.0,0.5422435141509434,0.43510318396226416,0.5507222877358491,"[0.6913724244273365, 0.6993759859402698, 0.7079419086713361]","[0.31956273870545404, 0.32957888038321176, 0.3515195682769149]","[0.41785770178902315, 0.49108195283787714, 0.5405599764913372]","[0.8706066689148634, 0.8746613783308619, 0.889340563523547]","[0.10292992523436487, 0.11556355393100856, 0.12146138465086984]","[0.3987532556576179, 0.48618679483547356, 0.5441889661378965]","[0.6548278017266967, 0.6614472870377717, 0.675231571928408]","[0.36519724984095925, 0.3760208975604323, 0.40254086894396357]","[0.5154120527973276, 0.521168651161354, 0.5240208078335373]",0.5,0.3333333333333333,3.0,0
longbench_v2,Literary,jl_gaussian_r32_s50,6,0.3333333333333333,0.3333333333333333,0.0,"(-0.5, 0.5)",175,2770,0.0631768953068592,0.0,1.0,0,0,41141120.0,19425692.0,0.0,19425692.0,0.0,37097435.11499182,51609600.0,427877513.09529203,5040462635.453217,37097435.11499182,47087973.598789215,5552616.0,5552616.0,0.4721721722694958,0.4721721722694958,0.71880880911675,0.71880880911675,0.29135637938949116,0.0,39125120.0,18648644.0,18648644.0,1612800.0,596908.0,596908.0,403200.0,180140.0,180140.0,0.0,0.0,0.1935790721841943,0.13496511519375262,0.0,0.47664119624425433,0.37010664682539685,0.4467757936507937,34757120.0,16205915.0,0.0,16205915.0,0.0,7621890.325767517,8601600.0,14844911.683281086,1310538150.005371,7621890.325767517,7893650.965888977,4271884.0,4271884.0,0.4662617328478309,0.4662617328478309,0.8861014608639691,0.8861014608639691,0.10642997868363294,0.0,34421120.0,16170238.0,16170238.0,268800.0,35618.0,35618.0,67200.0,59.0,59.0,0.0,0.0,0.031594196442692055,0.12290673105251529,0.0,0.4697766371344105,0.13250744047619048,0.0008779761904761905,6384000.0,3219777.0,0.0,3219777.0,0.0,29475544.789224304,43008000.0,413032601.41201097,3729924485.4478455,29475544.789224304,39194322.63290024,1280732.0,1280732.0,0.5043510338345865,0.5043510338345865,0.6853502787673061,0.6853502787673061,0.33276845217430884,0.0,4704000.0,2478406.0,2478406.0,1344000.0,561290.0,561290.0,336000.0,180081.0,180081.0,0.0,0.0,0.22597604733249474,0.20061591478696741,0.0,0.5268720238095238,0.4176264880952381,0.5359553571428571,"[0.7038830562003653, 0.7255207740283265, 0.7423746188437785]","[0.272071894158217, 0.28661224458235546, 0.3030466477132854]","[0.399041809853638, 0.4760497868306736, 0.5437786937005769]","[0.8760300837596798, 0.8814097241327408, 0.9009671145565061]","[0.0921431683147575, 0.1087261909692345, 0.11639085736709467]","[0.3793493052248712, 0.4707452945958908, 0.55133260754007]","[0.6683808040955913, 0.6928063049747746, 0.713265645326813]","[0.3081352395781942, 0.3283992163429253, 0.34670703288711013]","[0.4997713966991022, 0.5048924701459532, 0.5092717818490903]",0.3333333333333333,0.3333333333333333,2.0,0
longbench_v2,Literary,jl_gaussian_r8_s50,6,0.3333333333333333,0.3333333333333333,0.0,"(0.0, 0.0)",160,2655,0.060263653483992465,0.0,1.0,0,0,32512000.0,14796262.0,0.0,14796262.0,0.0,29400085.169705536,40796160.0,367596160.6980601,3940899198.164673,29400085.169705536,37174104.29059601,4355690.0,4355690.0,0.4551015625,0.4551015625,0.720658149436259,0.720658149436259,0.30541321180525227,0.0,30918400.0,14184180.0,14184180.0,1274880.0,470960.0,470960.0,318720.0,141122.0,141122.0,0.0,0.0,0.19055761917029623,0.13397176427165355,0.0,0.45876177292486026,0.3694151606425703,0.442777359437751,27465600.0,12246928.0,0.0,12246928.0,0.0,6035172.657455444,6799360.0,10626265.180320889,1013256480.4711914,6035172.657455444,6249857.303291321,3346256.0,3346256.0,0.4459006174997087,0.4459006174997087,0.8876089304663151,0.8876089304663151,0.10240723251417543,0.0,27200000.0,12217422.0,12217422.0,212480.0,29415.0,29415.0,53120.0,91.0,91.0,0.0,0.0,0.031574243139924414,0.12183444017243387,0.0,0.44916992647058823,0.13843655873493976,0.0017131024096385542,5046400.0,2549334.0,0.0,2549334.0,0.0,23364912.512250092,33996800.0,356969895.51773924,2927642717.6934814,23364912.512250092,30924246.987304688,1009434.0,1009434.0,0.5051787412809131,0.5051787412809131,0.6872679932302479,0.6872679932302479,0.3491859479485567,0.0,3718400.0,1966758.0,1966758.0,1062400.0,441545.0,441545.0,265600.0,141031.0,141031.0,0.0,0.0,0.22235429437637058,0.20003051680405834,0.0,0.5289258820998279,0.4156108810240964,0.5309902108433735,"[0.7119177417462879, 0.72418195412771, 0.7312779751960481]","[0.28922422511555923, 0.2979689520200003, 0.32235609328869685]","[0.40333918028012317, 0.4653339714112313, 0.5313802314730492]","[0.8773711260527272, 0.8822585866205196, 0.9011532117316602]","[0.09048031507163323, 0.1059209268406314, 0.11510415327906104]","[0.3844715042127035, 0.45830116593772185, 0.535711023393805]","[0.6766689239746462, 0.6902737309742296, 0.7017539654541979]","[0.32885709882336744, 0.34158405004094783, 0.36832736171979563]","[0.5004717567223143, 0.5039188789599205, 0.5131001011573593]",0.3333333333333333,0.3333333333333333,2.0,1
longbench_v2,Literary,mass_s50,6,0.6666666666666666,0.3333333333333333,0.3333333333333333,"(0.0, 0.6666666666666666)",174,3128,0.055626598465473145,0.0,2.0,0,0,41668480.0,19733362.0,19733362.0,19733362.0,0.0,38139029.32098293,52101120.0,597135952.5656021,5477449987.92392,38139029.32098293,46936658.686496735,5172629.0,5172629.0,0.4735800777950144,0.4735800777950144,0.7320193754180896,0.7320193754180896,0.33017744278246985,0.0,39633280.0,18755395.0,18755395.0,1628160.0,785449.0,785449.0,407040.0,192518.0,192518.0,0.4735800777950144,0.0,0.1688568185389067,0.12413769352757768,0.0,0.4732233870121272,0.4824151189072327,0.47297071540880503,35223680.0,16396673.0,16396673.0,16396673.0,0.0,7679632.348297119,8683520.0,16582909.278440073,1348609028.4985352,7679632.348297119,7921044.370025635,3960708.0,3960708.0,0.46550141836400966,0.46550141836400966,0.8843916232469228,0.8843916232469228,0.1108887099407887,0.0,34884480.0,16323612.0,16323612.0,271360.0,72119.0,72119.0,67840.0,942.0,942.0,0.46550141836400966,0.0,0.027801170692128955,0.11244446917528209,0.0,0.4679333617700479,0.2657687205188679,0.01388561320754717,6444800.0,3336689.0,3336689.0,3336689.0,0.0,30459396.972685814,43417600.0,580553043.287162,4128840959.4253845,30459396.972685814,39015614.3164711,1211921.0,1211921.0,0.5177335215988084,0.5177335215988084,0.7015449258523229,0.7015449258523229,0.3749789388954094,0.0,4748800.0,2431783.0,2431783.0,1356800.0,713330.0,713330.0,339200.0,191576.0,191576.0,0.5177335215988084,0.0,0.19706794810826223,0.1880463319265144,0.0,0.5120836842991914,0.5257443985849056,0.5647877358490566,"[0.7185909509336, 0.7493996267891425, 0.7561118555892534]","[0.2941355044258917, 0.30885899722170507, 0.3401333384647872]","[0.4588002839553732, 0.47623237321399925, 0.5385447529914623]","[0.8751121473579835, 0.8785834897938631, 0.8895388442630083]","[0.10542689741045917, 0.11996069403877362, 0.12416194616925427]","[0.44559379949363054, 0.47357234555561917, 0.5468214043764581]","[0.6848730726260644, 0.7230911538298522, 0.7323117972355073]","[0.33134469929816623, 0.3478431832719373, 0.3874436678597626]","[0.48361041877530364, 0.5006133130081301, 0.5312363659972299]",0.6666666666666666,0.3333333333333333,4.0,1
longbench_v2,Many-shot learning,blasst_aggressive_s50,4,0.5,0.25,0.25,"(0.0, 0.75)",118,3472,0.03398617511520737,0.0,2.0,0,0,18911680.0,9472348.0,9472348.0,9472348.0,0.0,18208220.042114377,23715840.0,273620396.77058667,2340689752.827423,18208220.042114377,21499325.8567276,1630906.0,1630906.0,0.500872899710655,0.500872899710655,0.7677661867390899,0.7677661867390899,0.3419025242845877,0.0,17985280.0,9113216.0,9113216.0,741120.0,277529.0,277529.0,185280.0,81603.0,81603.0,0.500872899710655,0.0,0.1387724750467714,0.08623802856224301,0.0,0.5067041491708775,0.3744724201208981,0.4404306994818653,15978080.0,8068920.0,8068920.0,8068920.0,0.0,3505549.9759902954,3952640.0,15791443.350484893,576483414.7666016,3505549.9759902954,3560911.0534858704,1091723.0,1091723.0,0.5049993491082784,0.5049993491082784,0.8868882508880889,0.8868882508880889,0.16550743369131085,0.0,15823680.0,8048845.0,8048845.0,123520.0,19506.0,19506.0,30880.0,569.0,569.0,0.5049993491082784,0.0,0.014006101617039485,0.06832629452349719,0.0,0.5086582261521972,0.15791774611398965,0.01842616580310881,2933600.0,1403428.0,1403428.0,1403428.0,0.0,14702670.066124082,19763200.0,257828953.4201018,1764206338.0608215,14702670.066124082,17938414.80324173,539183.0,539183.0,0.47839787292064356,0.47839787292064356,0.7439417739092901,0.7439417739092901,0.38228842966731946,0.0,2161600.0,1064371.0,1064371.0,617600.0,258023.0,258023.0,154400.0,81034.0,81034.0,0.47839787292064356,0.0,0.16372574973271778,0.18379567766566676,0.0,0.4923996113989637,0.4177833549222798,0.5248316062176166,"[0.7577937630281986, 0.7646577516985046, 0.7749213278032756]","[0.3172601149442591, 0.3414900018482435, 0.35588076695223664]","[0.4676768445873636, 0.4851513863196354, 0.5248730785601198]","[0.8797232931100534, 0.8921069000381976, 0.8961618782505393]","[0.15471245169972758, 0.15766407411577354, 0.1739684340018111]","[0.46622658864167943, 0.487064446212058, 0.5328673243719146]","[0.7301201399837304, 0.739167922030566, 0.75396093474192]","[0.3554088341332805, 0.3834191785183582, 0.39689712391851756]","[0.4739146176611742, 0.47573402255639097, 0.48219900294213797]",0.5,0.25,2.0,0
longbench_v2,Many-shot learning,blasst_original_s50,4,0.5,0.25,0.25,"(0.0, 0.75)",161,3314,0.04858177429088715,0.0,2.0,0,0,16513920.0,7711858.0,7711858.0,7711858.0,0.0,19312051.72767353,20643840.0,43047249.41928324,2104931763.598114,19312051.72767353,20033018.488307953,1170792.0,1170792.0,0.46699136243847617,0.46699136243847617,0.9354873767512987,0.9354873767512987,0.1430058133777056,0.0,15707520.0,7551619.0,7551619.0,645120.0,135144.0,135144.0,161280.0,25095.0,25095.0,0.46699136243847617,0.0,0.03492406260823676,0.0708972793861179,0.0,0.480764563724891,0.20948660714285713,0.15559895833333334,13960320.0,7130296.0,7130296.0,7130296.0,0.0,3065889.5809555054,3440640.0,13918694.15509718,530072497.90722656,3065889.5809555054,3111233.352706909,890573.0,890573.0,0.5107544812726356,0.5107544812726356,0.8910811886612681,0.8910811886612681,0.16204349810934274,0.0,13825920.0,7111199.0,7111199.0,107520.0,18309.0,18309.0,26880.0,788.0,788.0,0.5107544812726356,0.0,0.01317887711338699,0.06379316519965159,0.0,0.5143382140212007,0.1702845982142857,0.02931547619047619,2553600.0,581562.0,581562.0,581562.0,0.0,16246162.146718025,17203200.0,29128555.264186066,1574859265.6908875,16246162.146718025,16921785.135601044,280219.0,280219.0,0.2277420112781955,0.2277420112781955,0.9443686143693049,0.9443686143693049,0.13599990261957232,0.0,1881600.0,440420.0,440420.0,537600.0,116835.0,116835.0,134400.0,24307.0,24307.0,0.2277420112781955,0.0,0.03927309970720671,0.10973488408521304,0.0,0.23406675170068028,0.21732700892857143,0.18085565476190477,"[0.9330632674962401, 0.9386512281734721, 0.9396593079115593]","[0.12734811687148412, 0.13611791620751393, 0.1497462179630277]","[0.435028774893016, 0.4451261027762968, 0.4857039256909662]","[0.8861517994103791, 0.8925622385091632, 0.8988637972381052]","[0.15060162272973524, 0.158925010575314, 0.1675386391894358]","[0.4743863877631963, 0.4871033399767692, 0.532376419556101]","[0.9420141618990243, 0.9467821032652946, 0.9491193475334697]","[0.11442882816872722, 0.12987006530708983, 0.14474073700283874]","[0.21126205063851777, 0.22201188455008491, 0.23510836988304096]",0.5,0.25,2.0,0
longbench_v2,Many-shot learning,dense,4,0.25,0.25,0.0,"(0.0, 0.0)",3294,3294,1.0,1.0,1.0,0,0,34957440.0,0.0,0.0,0.0,0.0,43253760.0,43253760.0,0.0,4703026916.552795,43253760.0,43253760.0,0.0,0.0,0.0,0.0,1.0,1.0,0.0,0.0,33267840.0,0.0,0.0,1351680.0,0.0,0.0,337920.0,0.0,0.0,0.0,0.0,0.0,0.0,0.0,0.0,0.0,0.0,29607040.0,0.0,0.0,0.0,0.0,7208960.0,7208960.0,0.0,1178768447.6376953,7208960.0,7208960.0,0.0,0.0,0.0,0.0,1.0,1.0,0.0,0.0,29325440.0,0.0,0.0,225280.0,0.0,0.0,56320.0,0.0,0.0,0.0,0.0,0.0,0.0,0.0,0.0,0.0,0.0,5350400.0,0.0,0.0,0.0,0.0,36044800.0,36044800.0,0.0,3524258468.9151,36044800.0,36044800.0,0.0,0.0,0.0,0.0,1.0,1.0,0.0,0.0,3942400.0,0.0,0.0,1126400.0,0.0,0.0,281600.0,0.0,0.0,0.0,0.0,0.0,0.0,0.0,0.0,0.0,0.0,"[1.0, 1.0, 1.0]","[0.0, 0.0, 0.0]","[0.0, 0.0, 0.0]","[1.0, 1.0, 1.0]","[0.0, 0.0, 0.0]","[0.0, 0.0, 0.0]","[1.0, 1.0, 1.0]","[0.0, 0.0, 0.0]","[0.0, 0.0, 0.0]",0.25,0.25,1.0,1
longbench_v2,Many-shot learning,full_centered_s50,4,0.5,0.25,0.25,"(0.0, 0.75)",77,3741,0.02058273188986902,0.0,2.0,0,0,21584640.0,11712062.0,0.0,11712062.0,0.0,19450959.00105518,27033600.0,204041659.09300607,2700767852.353119,19450959.00105518,24507801.609962463,2773586.0,2773586.0,0.5426109492676273,0.5426109492676273,0.7195104980859072,0.7195104980859072,0.2748626918030952,0.0,20528640.0,11311822.0,11311822.0,844800.0,305905.0,305905.0,211200.0,94335.0,94335.0,0.0,0.0,0.18705768410079612,0.12849813571132065,0.0,0.5510263709627136,0.36210345643939396,0.4466619318181818,18240640.0,10021095.0,0.0,10021095.0,0.0,3894834.084438324,4505600.0,11914845.915394008,668784346.2724609,3894834.084438324,4028974.310661316,2108503.0,2108503.0,0.5493828615662608,0.5493828615662608,0.8644429342237047,0.8644429342237047,0.13347537986171343,0.0,18064640.0,10002245.0,10002245.0,140800.0,18789.0,18789.0,35200.0,61.0,61.0,0.0,0.0,0.029771889697929675,0.11559369627381495,0.0,0.5536919086126266,0.13344460227272728,0.0017329545454545456,3344000.0,1690967.0,0.0,1690967.0,0.0,15556124.916616857,22528000.0,192126813.17761207,2031983506.080658,15556124.916616857,20478827.299301147,665083.0,665083.0,0.5056719497607656,0.5056719497607656,0.6905240108583477,0.6905240108583477,0.30749205602390944,0.0,2464000.0,1309577.0,1309577.0,704000.0,287116.0,287116.0,176000.0,94274.0,94274.0,0.0,0.0,0.21851484298136942,0.19888845693779905,0.0,0.5314841720779221,0.40783522727272725,0.5356477272727272,"[0.7057105332452198, 0.7194748281267629, 0.7259067217062233]","[0.26812651927658737, 0.2728664474991427, 0.29251022178062325]","[0.5219140694687625, 0.5522660151444573, 0.5678917515682006]","[0.8552832302332601, 0.8642335009125331, 0.8710563370936197]","[0.12228074845306622, 0.1337394524555658, 0.14774895463856133]","[0.5256609796807356, 0.5615825222377324, 0.5778417215498973]","[0.6742385119201632, 0.69071199633022, 0.6982831583477035]","[0.297838633103717, 0.3059521176288018, 0.32952280352138946]","[0.4962971838532984, 0.5080079131394921, 0.5136392097013694]",0.5,0.25,2.0,0
longbench_v2,Many-shot learning,jl_gaussian_r1_s50,4,0.25,0.25,0.0,"(-0.75, 0.75)",178,3445,0.05166908563134978,0.0,1.0,0,0,23712000.0,12478221.0,0.0,12478221.0,0.0,20391943.508950174,29736960.0,392067611.052927,2873560938.2981567,20391943.508950174,26783567.051651,3102011.0,3102011.0,0.5262407641700405,0.5262407641700405,0.6857440541652601,0.6857440541652601,0.3693773638265928,0.0,22550400.0,12011993.0,12011993.0,929280.0,365144.0,365144.0,232320.0,101084.0,101084.0,0.0,0.0,0.21493870061703776,0.13082030195681513,0.0,0.5326731676599972,0.39293216253443525,0.4351067493112948,20033600.0,10583148.0,0.0,10583148.0,0.0,4366895.182502747,4956160.0,11065934.896329999,737706132.1674805,4366895.182502747,4506238.035987854,2350273.0,2350273.0,0.5282699065569842,0.5282699065569842,0.8811045612939749,0.8811045612939749,0.12247638481750571,0.0,19840000.0,10561236.0,10561236.0,154880.0,21870.0,21870.0,38720.0,42.0,42.0,0.0,0.0,0.02811508375135335,0.11731655818225381,0.0,0.5323203629032258,0.1412060950413223,0.0010847107438016529,3678400.0,1895073.0,0.0,1895073.0,0.0,16025048.326447427,24780800.0,381001676.156597,2135854806.1306763,16025048.326447427,22277329.015663147,751738.0,751738.0,0.5151894845585037,0.5151894845585037,0.6466719527395172,0.6466719527395172,0.4223549417316332,0.0,2710400.0,1450757.0,1450757.0,774400.0,343274.0,343274.0,193600.0,101042.0,101042.0,0.0,0.0,0.25230342399017464,0.20436548499347543,0.0,0.5352556818181818,0.44327737603305783,0.5219111570247934,"[0.6775295792750203, 0.6856185337741165, 0.6912343460156996]","[0.3632655707121619, 0.3694933676352516, 0.3754967313925781]","[0.5119008033155763, 0.5151656422968471, 0.5463422217589972]","[0.873466316766509, 0.8786945015661857, 0.88948591480302]","[0.1099013143616487, 0.1204623517395309, 0.13541299439304602]","[0.5117779576592558, 0.5150809490514121, 0.5516438220830073]","[0.63742882358178, 0.6453672606354459, 0.6538063041173836]","[0.4180742273058271, 0.4224269312150678, 0.4264104686502429]","[0.511752743395049, 0.515622671385991, 0.5182272036618789]",0.25,0.25,1.0,0
longbench_v2,Many-shot learning,jl_gaussian_r2_s50,4,0.5,0.25,0.25,"(0.0, 0.75)",84,3357,0.025022341376228777,0.0,2.0,0,0,24233280.0,13148190.0,0.0,13148190.0,0.0,21379210.528150037,30351360.0,304655259.43042386,3013788590.8709717,21379210.528150037,27428836.656719208,3186413.0,3186413.0,0.5425674939587213,0.5425674939587213,0.7043905290619609,0.7043905290619609,0.31794203363685486,0.0,23047680.0,12679009.0,12679009.0,948480.0,357969.0,357969.0,237120.0,111212.0,111212.0,0.0,0.0,0.19931977112620886,0.13148913395132644,0.0,0.550120836457292,0.37741333502024293,0.4690114709851552,20478880.0,11212658.0,0.0,11212658.0,0.0,4432679.265666962,5058560.0,12300223.97424528,761326336.1582031,4432679.265666962,4573154.900760651,2424884.0,2424884.0,0.5475230090708085,0.5475230090708085,0.8762729444084802,0.8762729444084802,0.12710747253631577,0.0,20281280.0,11191133.0,11191133.0,158080.0,21436.0,21436.0,39520.0,89.0,89.0,0.0,0.0,0.027769886112587173,0.1184090145554835,0.0,0.5517961884062544,0.13560222672064778,0.0022520242914979755,3754400.0,1935532.0,0.0,1935532.0,0.0,16946531.262483075,25292800.0,292355035.45617855,2252462254.7127686,16946531.262483075,22855681.755958557,761529.0,761529.0,0.5155369699552526,0.5155369699552526,0.670014045992657,0.670014045992657,0.36026869646372295,0.0,2766400.0,1487876.0,1487876.0,790400.0,336533.0,336533.0,197600.0,111123.0,111123.0,0.0,0.0,0.2336297481289332,0.20283640528446623,0.0,0.5378383458646616,0.4257755566801619,0.5623633603238867,"[0.6858309448346861, 0.693294492731725, 0.714151235780156]","[0.3132964076480982, 0.32280313969565283, 0.3285494667775987]","[0.5184707869203955, 0.5250627368967309, 0.5568220174381815]","[0.8740113402105841, 0.8752826541437275, 0.877269548816343]","[0.12141559899171213, 0.12433315894005617, 0.1303661831248071]","[0.5194049008107997, 0.5267046492748038, 0.5641719937539076]","[0.6481948657595066, 0.6568968604493245, 0.6815275731729186]","[0.3542754768806414, 0.3665013085230719, 0.3735587827673403]","[0.513385744577164, 0.51613033859027, 0.5166396431419458]",0.5,0.25,2.0,0
longbench_v2,Many-shot learning,jl_gaussian_r32_s50,4,0.5,0.25,0.25,"(0.0, 0.75)",133,3416,0.0389344262295082,0.0,2.0,0,0,19585920.0,10332848.0,0.0,10332848.0,0.0,17825825.944006573,24576000.0,189964510.3667962,2410905551.400818,17825825.944006573,22393211.224308014,2486230.0,2486230.0,0.5275651079959481,0.5275651079959481,0.7253347145184966,0.7253347145184966,0.28070240771744276,0.0,18625920.0,9977433.0,9977433.0,768000.0,272341.0,272341.0,192000.0,83074.0,83074.0,0.0,0.0,0.18584738282476565,0.12693965869359214,0.0,0.5356746405009792,0.3546106770833333,0.4326770833333333,16545920.0,8804204.0,0.0,8804204.0,0.0,3599650.137840271,4096000.0,8951591.633286923,608647458.1523438,3599650.137840271,3706095.3939056396,1882045.0,1882045.0,0.5321072506092136,0.5321072506092136,0.8788208344336599,0.8788208344336599,0.12127386660903725,0.0,16385920.0,8788498.0,8788498.0,128000.0,15672.0,15672.0,32000.0,34.0,34.0,0.0,0.0,0.025987611344084144,0.11374677261826481,0.0,0.5363444957622153,0.1224375,0.0010625,3040000.0,1528644.0,0.0,1528644.0,0.0,14226175.806166302,20480000.0,181012918.7335093,1802258093.2484741,14226175.806166302,18687115.830402374,604185.0,604185.0,0.5028434210526316,0.5028434210526316,0.694637490535464,0.694637490535464,0.31691755256255444,0.0,2240000.0,1188935.0,1188935.0,640000.0,256669.0,256669.0,160000.0,83040.0,83040.0,0.0,0.0,0.21781933712090196,0.19874506578947368,0.0,0.5307745535714286,0.4010453125,0.519,"[0.7114134144777915, 0.7239509071753696, 0.7361542159332839]","[0.2740479194391351, 0.279447630860629, 0.2891122042953171]","[0.5117805037347805, 0.525467495331466, 0.5449566792708977]","[0.8712681784094022, 0.8789967891730761, 0.885463329456093]","[0.11158034768201454, 0.11805333001693986, 0.13269065540870728]","[0.5142059466397563, 0.5295384205233966, 0.5518517616669548]","[0.6782233767936252, 0.6917846269819039, 0.7084371611617056]","[0.3094350151712215, 0.31323090257037567, 0.32841741887061787]","[0.497121959833795, 0.503321052631579, 0.5088751794258374]",0.5,0.25,2.0,0
longbench_v2,Many-shot learning,jl_gaussian_r8_s50,4,0.5,0.25,0.25,"(0.0, 0.75)",145,3666,0.03955264593562466,0.0,2.0,0,0,27936000.0,14625650.0,0.0,14625650.0,0.0,25224481.78724474,34897920.0,271699730.6067166,3449814152.6746216,25224481.78724474,31718404.84186554,3585116.0,3585116.0,0.5235413087056129,0.5235413087056129,0.7228075996289962,0.7228075996289962,0.28063817931657,0.0,26572800.0,14113066.0,14113066.0,1090560.0,398409.0,398409.0,272640.0,114175.0,114175.0,0.0,0.0,0.18608338418509754,0.12833319014891179,0.0,0.5311094803709056,0.3653251540492958,0.4187756748826291,23619200.0,12449673.0,0.0,12449673.0,0.0,5158824.124710083,5816320.0,12138242.182374626,871922489.7905273,5158824.124710083,5303648.653690338,2728802.0,2728802.0,0.5270996900826447,0.5270996900826447,0.886956722585773,0.886956722585773,0.11798830421647007,0.0,23392000.0,12426339.0,12426339.0,181760.0,23253.0,23253.0,45440.0,81.0,81.0,0.0,0.0,0.024899683817302887,0.11553321026961116,0.0,0.5312217424760602,0.12793243838028168,0.0017825704225352113,4316800.0,2175977.0,0.0,2175977.0,0.0,20065657.662534658,29081600.0,259561488.42434192,2577891662.884094,20065657.662534658,26414756.1881752,856314.0,856314.0,0.5040717661230542,0.5040717661230542,0.6899777750376409,0.6899777750376409,0.3173129502333715,0.0,3180800.0,1686727.0,1686727.0,908800.0,375156.0,375156.0,227200.0,114094.0,114094.0,0.0,0.0,0.21832012425865646,0.1983677724240178,0.0,0.5302838908450704,0.4128036971830986,0.5021742957746479,"[0.7032609506641032, 0.7139336882025769, 0.7304075128054782]","[0.2733122442279907, 0.28793337081667475, 0.3002187208487902]","[0.5024620277196458, 0.5105273282213278, 0.534073602271999]","[0.8823295627969775, 0.887446277577733, 0.8889291238097196]","[0.11085333614689559, 0.11599681063056963, 0.1222952004220385]","[0.5032673905744651, 0.5117104704895021, 0.5388219341679054]","[0.6674181011970727, 0.6790054651322831, 0.6989128818012956]","[0.30821264012586636, 0.3273198727008403, 0.34072799421538685]","[0.49806817795956165, 0.5039033169047019, 0.5081365968132405]",0.5,0.25,2.0,0
longbench_v2,Many-shot learning,mass_s50,4,0.25,0.25,0.0,"(-0.75, 0.75)",120,3294,0.03642987249544627,0.0,1.0,0,0,20620160.0,10977948.0,10977948.0,10977948.0,0.0,19286858.663715124,25804800.0,236250201.36475235,2618549552.424103,19286858.663715124,23425481.71609497,2208656.0,2208656.0,0.5323890794251839,0.5323890794251839,0.7474136076898532,0.7474136076898532,0.300369405725159,0.0,19612160.0,10518466.0,10518466.0,806400.0,361089.0,361089.0,201600.0,98393.0,98393.0,0.5323890794251839,0.0,0.16038190772181324,0.10711148701077004,0.0,0.5363236889766348,0.44777901785714286,0.48806051587301585,17428160.0,9385386.0,9385386.0,9385386.0,0.0,3802466.0459899902,4300800.0,10649632.51488018,638746832.3837891,3802466.0459899902,3876763.1279945374,1582874.0,1582874.0,0.5385184666654426,0.5385184666654426,0.8841299400088333,0.8841299400088333,0.1291227988623416,0.0,17260160.0,9350596.0,9350596.0,134400.0,34589.0,34589.0,33600.0,201.0,201.0,0.5385184666654426,0.0,0.01727517717739656,0.09082278335750876,0.0,0.5417444565983166,0.25735863095238093,0.005982142857142857,3192000.0,1592562.0,1592562.0,1592562.0,0.0,15484392.617725134,21504000.0,225600568.84987217,1979802720.0403137,15484392.617725134,19548718.588100433,625782.0,625782.0,0.4989229323308271,0.4989229323308271,0.7200703412260572,0.7200703412260572,0.33756634148229187,0.0,2352000.0,1167870.0,1167870.0,672000.0,326500.0,326500.0,168000.0,98192.0,98192.0,0.4989229323308271,0.0,0.18900325383069658,0.196046992481203,0.0,0.49654336734693877,0.48586309523809523,0.5844761904761905,"[0.7440506766115259, 0.7493394741150221, 0.761344746011882]","[0.27815088741537014, 0.29889650189777683, 0.30548182392793066]","[0.5023934920193587, 0.5134289346263288, 0.5458707090824217]","[0.8800991673729597, 0.8842395458317514, 0.8881507289796099]","[0.12288220770272765, 0.12493885262499729, 0.1320986034660402]","[0.5053822301225696, 0.5179414534792507, 0.5536631125889944]","[0.7161703195672376, 0.7216882787507273, 0.7371911531270969]","[0.3123478049469863, 0.33720192765850443, 0.3430166170863832]","[0.48417690058479534, 0.48893228498074454, 0.5052053730127383]",0.25,0.25,1.0,0
longbench_v2,Multi-news,blasst_aggressive_s50,4,0.0,0.0,0.0,"(0.0, 0.0)",147,2689,0.054667162513945704,0.0,,0,0,15781760.0,8484441.0,8484441.0,8484441.0,0.0,23621996.12978971,31334400.0,377633728.76666516,3178470897.953308,23621996.12978971,28250511.45723152,1454891.0,1454891.0,0.5376105706841315,0.5376105706841315,0.7538678299182275,0.7538678299182275,0.3446880830370498,0.0,14563520.0,7991256.0,7991256.0,979200.0,385052.0,385052.0,239040.0,108133.0,108133.0,0.5376105706841315,0.0,0.14771354573382006,0.09218813364288901,0.0,0.5487173430599196,0.3932312091503268,0.45236362115127177,11905760.0,6604925.0,6604925.0,6604925.0,0.0,4658526.582527161,5222400.0,17650684.98493877,844005507.4013672,4658526.582527161,4742229.865226746,743266.0,743266.0,0.5547671883189313,0.5547671883189313,0.8920279148527804,0.8920279148527804,0.1446132684217994,0.0,11707520.0,6584420.0,6584420.0,163200.0,18961.0,18961.0,35040.0,1544.0,1544.0,0.5547671883189313,0.0,0.016027742551237928,0.062429109943422344,0.0,0.562409459902695,0.11618259803921568,0.04406392694063927,3876000.0,1879516.0,1879516.0,1879516.0,0.0,18963469.54726255,26112000.0,359983043.78172636,2334465390.551941,18963469.54726255,23508281.592004776,711625.0,711625.0,0.48491124871001035,0.48491124871001035,0.726235812931317,0.726235812931317,0.39268770385972573,0.0,2856000.0,1406836.0,1406836.0,816000.0,366091.0,366091.0,204000.0,106589.0,106589.0,0.48491124871001035,0.0,0.17405070637033648,0.18359778121775025,0.0,0.49258963585434173,0.448640931372549,0.5224950980392157,"[0.750753609606754, 0.7537076896949589, 0.7658174193811231]","[0.33084762637583215, 0.3402895308639563, 0.3576625970139197]","[0.5118319488366448, 0.5354726641468478, 0.5558461799596188]","[0.8794201003817371, 0.8921036254061914, 0.8979445513085309]","[0.1405086578348569, 0.1540610838270605, 0.15572672970250492]","[0.5173238543899341, 0.5534854173016506, 0.5878369640983583]","[0.7214479324241386, 0.7279035352503678, 0.7414643458651361]","[0.37224138519513145, 0.38770065676761817, 0.40636050243284844]","[0.4776068408678436, 0.4811656034024455, 0.4883108723958334]",0.0,0.0,0.0,0
longbench_v2,Multi-news,blasst_original_s50,4,0.25,0.0,0.25,"(0.0, 0.75)",182,2529,0.0719652036378015,0.0,,0,0,12076000.0,5811265.0,5811265.0,5811265.0,0.0,22314881.589024544,23838720.0,45096239.545515195,2494726876.742737,22314881.589024544,23121694.79777527,875200.0,875200.0,0.4812243292480954,0.4812243292480954,0.9360771714682896,0.9360771714682896,0.13444933590248023,0.0,11149760.0,5624239.0,5624239.0,744960.0,160315.0,160315.0,181280.0,26711.0,26711.0,0.4812243292480954,0.0,0.03384465310011296,0.0724743292480954,0.0,0.5044269114312775,0.21519947379725085,0.14734664607237422,9127200.0,5112424.0,5112424.0,5112424.0,0.0,3550868.5471229553,3973120.0,14721150.281317394,674267775.65625,3550868.5471229553,3616697.182785034,563358.0,563358.0,0.5601305986501884,0.5601305986501884,0.8937229550385982,0.8937229550385982,0.1477592475540938,0.0,8976960.0,5094423.0,5094423.0,124160.0,16700.0,16700.0,26080.0,1301.0,1301.0,0.5601305986501884,0.0,0.01656849923034765,0.06172298185642913,0.0,0.5674997994866859,0.13450386597938144,0.04988496932515338,2948800.0,698841.0,698841.0,698841.0,0.0,18764013.04190159,19865600.0,30375089.2641978,1820459101.0864868,18764013.04190159,19504997.614990234,311842.0,311842.0,0.23699165762344004,0.23699165762344004,0.9445480147542278,0.9445480147542278,0.12917198046688613,0.0,2172800.0,529816.0,529816.0,620800.0,143615.0,143615.0,155200.0,25410.0,25410.0,0.23699165762344004,0.0,0.03729988387406602,0.10575217037438958,0.0,0.243840206185567,0.23133859536082474,0.1637242268041237,"[0.9331388050690183, 0.9367421818228157, 0.9394830532111246]","[0.12981263243916222, 0.1341334879579589, 0.13902134840591737]","[0.47203341758875217, 0.4775254943077363, 0.49804586364311726]","[0.8776218395092689, 0.8911774639769667, 0.8996262719820337]","[0.14185879838831106, 0.15974157862394608, 0.16478096467085018]","[0.5270799449276075, 0.5695100889657663, 0.5880517712401719]","[0.9415181503969313, 0.9453147904052173, 0.9506107252303941]","[0.11627925306311006, 0.12793654645605917, 0.13372974709697424]","[0.2103098097473285, 0.2340433361629881, 0.24748196356275304]",0.25,0.0,1.0,0
longbench_v2,Multi-news,dense,4,0.0,0.0,0.0,"(0.0, 0.0)",2479,2479,1.0,1.0,,0,0,12330560.0,0.0,0.0,0.0,0.0,27156480.0,27156480.0,0.0,2890777254.9125977,27156480.0,27156480.0,0.0,0.0,0.0,0.0,1.0,1.0,0.0,0.0,11272800.0,0.0,0.0,848640.0,0.0,0.0,209120.0,0.0,0.0,0.0,0.0,0.0,0.0,0.0,0.0,0.0,0.0,8971360.0,0.0,0.0,0.0,0.0,4526080.0,4526080.0,0.0,795116236.1821289,4526080.0,4526080.0,0.0,0.0,0.0,0.0,1.0,1.0,0.0,0.0,8797600.0,0.0,0.0,141440.0,0.0,0.0,32320.0,0.0,0.0,0.0,0.0,0.0,0.0,0.0,0.0,0.0,0.0,3359200.0,0.0,0.0,0.0,0.0,22630400.0,22630400.0,0.0,2095661018.7304688,22630400.0,22630400.0,0.0,0.0,0.0,0.0,1.0,1.0,0.0,0.0,2475200.0,0.0,0.0,707200.0,0.0,0.0,176800.0,0.0,0.0,0.0,0.0,0.0,0.0,0.0,0.0,0.0,0.0,"[1.0, 1.0, 1.0]","[0.0, 0.0, 0.0]","[0.0, 0.0, 0.0]","[1.0, 1.0, 1.0]","[0.0, 0.0, 0.0]","[0.0, 0.0, 0.0]","[1.0, 1.0, 1.0]","[0.0, 0.0, 0.0]","[0.0, 0.0, 0.0]",0.0,0.0,0.0,0
longbench_v2,Multi-news,full_centered_s50,4,0.0,0.0,0.0,"(0.0, 0.0)",170,2773,0.06130544536602957,0.0,,0,0,25032480.0,11258597.0,0.0,11258597.0,0.0,36293000.688049555,50503680.0,401919801.3462576,5263292573.892273,36293000.688049555,46003143.34212875,2916161.0,2916161.0,0.4497595523895355,0.4497595523895355,0.7186209141205068,0.7186209141205068,0.2763382134357661,0.0,23069920.0,10525344.0,10525344.0,1578240.0,564445.0,564445.0,384320.0,168808.0,168808.0,0.0,0.0,0.19226604188208066,0.11649508957961816,0.0,0.45623669262832295,0.35764205697485807,0.43923813488759367,18785280.0,8065172.0,0.0,8065172.0,0.0,7975084.731693268,8417280.0,5788478.652773968,1433933507.1923828,7975084.731693268,8081367.680923462,1675006.0,1675006.0,0.42933467055055874,0.42933467055055874,0.9474657765564729,0.9474657765564729,0.06353568424765646,0.0,18466720.0,8060118.0,8060118.0,263040.0,4909.0,4909.0,55520.0,145.0,145.0,0.0,0.0,0.012626757008225234,0.08916587881575361,0.0,0.4364672231993554,0.01866256082725061,0.002611671469740634,6247200.0,3193425.0,0.0,3193425.0,0.0,28317915.956356287,42086400.0,396131322.69348365,3829359066.69989,28317915.956356287,37921775.66120529,1241155.0,1241155.0,0.5111770072992701,0.5111770072992701,0.6728519416333135,0.6728519416333135,0.3216299970206026,0.0,4603200.0,2465226.0,2465226.0,1315200.0,559536.0,559536.0,328800.0,168663.0,168663.0,0.0,0.0,0.22819389885685173,0.19867380586502753,0.0,0.53554614181439,0.4254379562043796,0.5129653284671533,"[0.7144070615150194, 0.7255850586636501, 0.732124546237878]","[0.2598842262674855, 0.2774249327705279, 0.2891455647458395]","[0.37163276666327777, 0.48593767898619145, 0.5692545775769956]","[0.8835031395012629, 0.9168494779256765, 0.9681058021158486]","[0.03537018919964913, 0.08373643498531758, 0.11546558477250576]","[0.303874487508875, 0.4751210993649025, 0.5831737018712033]","[0.6658589698664623, 0.6875484419204532, 0.6994841574262256]","[0.29742747899991606, 0.3245975990409874, 0.3328117026197673]","[0.4927092396436666, 0.49821602123205744, 0.5165170297243391]",0.0,0.0,0.0,1
longbench_v2,Multi-news,jl_gaussian_r1_s50,4,0.0,0.0,0.0,"(0.0, 0.0)",98,2752,0.03561046511627907,0.0,,0,0,27862080.0,12563141.0,0.0,12563141.0,0.0,37736814.478612676,53698560.0,695482897.2436935,5419422141.335815,37736814.478612676,48569260.00103569,3183161.0,3183161.0,0.450904634542719,0.450904634542719,0.7027528201615216,0.7027528201615216,0.3582339457903301,0.0,25775840.0,11729893.0,11729893.0,1678080.0,632773.0,632773.0,408160.0,200475.0,200475.0,0.0,0.0,0.20172692754559926,0.1142470698526456,0.0,0.4550731615342119,0.37708154557589624,0.49116767934143474,21219680.0,9109405.0,0.0,9109405.0,0.0,8507128.5337677,8949760.0,5527915.417667992,1497171362.4550781,8507128.5337677,8616968.590553284,1849663.0,1849663.0,0.4292904040023224,0.4292904040023224,0.9505426440225995,0.9505426440225995,0.0607638018630229,0.0,20881440.0,9101720.0,9101720.0,279680.0,7566.0,7566.0,58560.0,119.0,119.0,0.0,0.0,0.012272961150420066,0.08716733711347202,0.0,0.43587606984958893,0.027052345537757438,0.002032103825136612,6642400.0,3453736.0,0.0,3453736.0,0.0,29229685.94484498,44748800.0,689954981.8260255,3922250778.8807373,29229685.94484498,39952291.41048241,1333498.0,1333498.0,0.5199530290256533,0.5199530290256533,0.6531948553893061,0.6531948553893061,0.41941378306680543,0.0,4894400.0,2628173.0,2628173.0,1398400.0,625207.0,625207.0,349600.0,200356.0,200356.0,0.0,0.0,0.239617720824635,0.20075544983740817,0.0,0.5369755230467473,0.447087385583524,0.5731006864988558,"[0.696799340729414, 0.7035276605477314, 0.7085729836324827]","[0.34913105373172965, 0.3642645673395317, 0.3752544355701118]","[0.36470934631805935, 0.4647392048548666, 0.5463801246079897]","[0.9003881943862833, 0.9284566915738914, 0.972800525471062]","[0.031469292336680166, 0.07480645169693155, 0.10005773217067158]","[0.28958381684375945, 0.4423195546031332, 0.553110974023424]","[0.6441096563886568, 0.6562168062411335, 0.669559427355243]","[0.40925433404646117, 0.42237917921292445, 0.4373290506084226]","[0.5098211837828591, 0.5171800150317107, 0.5240217749646628]",0.0,0.0,0.0,0
longbench_v2,Multi-news,jl_gaussian_r2_s50,4,0.0,0.0,0.0,"(0.0, 0.0)",101,3181,0.03175102169129205,0.0,,0,0,23336000.0,9969043.0,0.0,9969043.0,0.0,34641188.2912032,49152000.0,501593154.8243264,5283018946.450134,34641188.2912032,44656707.34767151,2753334.0,2753334.0,0.427195877613987,0.427195877613987,0.704776780013086,0.704776780013086,0.30813051971610184,0.0,21423360.0,9198145.0,9198145.0,1536000.0,592594.0,592594.0,376640.0,178304.0,178304.0,0.0,0.0,0.20376625684546526,0.1179865443949263,0.0,0.4293511848748282,0.38580338541666664,0.4734069668649108,17256000.0,6745517.0,0.0,6745517.0,0.0,7831242.214725494,8192000.0,4417705.399542493,1448173132.484375,7831242.214725494,7926180.918815613,1548701.0,1548701.0,0.3909084955957348,0.3909084955957348,0.9559621844147332,0.9559621844147332,0.05523166461922252,0.0,16943360.0,6740114.0,6740114.0,256000.0,5098.0,5098.0,56640.0,305.0,305.0,0.0,0.0,0.011589197276625782,0.08974855122855818,0.0,0.39780267904358996,0.0199140625,0.005384887005649717,6080000.0,3223526.0,0.0,3223526.0,0.0,26809946.07647771,40960000.0,497175449.42478395,3834845813.9657593,26809946.07647771,36730526.428855896,1204633.0,1204633.0,0.5301851973684211,0.5301851973684211,0.6545396991327566,0.6545396991327566,0.3600649800652716,0.0,4480000.0,2458031.0,2458031.0,1280000.0,587496.0,587496.0,320000.0,177999.0,177999.0,0.0,0.0,0.24220166875923305,0.19813042763157895,0.0,0.5486676339285714,0.45898125,0.556246875,"[0.7011669025462937, 0.7074686867431168, 0.7137249146380055]","[0.3016754393398638, 0.31194459865507496, 0.3308652243431857]","[0.369966117925539, 0.46330049373495974, 0.543316866072552]","[0.8905015425368562, 0.9214079562870219, 0.9698160263827443]","[0.036375764496314626, 0.0804715374635235, 0.10938406195517511]","[0.29502801583601884, 0.44173915917890927, 0.5492312195906746]","[0.6490293623240604, 0.6626904771530147, 0.6783695890582354]","[0.34835715964023634, 0.3630362974023189, 0.38176676183835706]","[0.5086263292502355, 0.5142232551487415, 0.5330842105263158]",0.0,0.0,0.0,1
longbench_v2,Multi-news,jl_gaussian_r32_s50,4,0.0,0.0,0.0,"(0.0, 0.0)",153,2631,0.05815279361459521,0.0,,0,0,22518080.0,9762119.0,0.0,9762119.0,0.0,32458473.89635085,44113920.0,330490005.1286527,4473475541.395172,32458473.89635085,40548381.13795471,2548708.0,2548708.0,0.43352359526211826,0.43352359526211826,0.7357875676510011,0.7357875676510011,0.2718044929137469,0.0,20805600.0,9136172.0,9136172.0,1378560.0,481703.0,481703.0,333920.0,144244.0,144244.0,0.0,0.0,0.18338672332007364,0.11318496070712956,0.0,0.43912081362710037,0.3494247620705664,0.4319717297556301,17061280.0,7029056.0,0.0,7029056.0,0.0,7001045.971740723,7352320.0,4448406.63222379,1237562508.6860352,7001045.971740723,7085630.059867859,1470710.0,1470710.0,0.4119887839599374,0.4119887839599374,0.9522226959300905,0.9522226959300905,0.05995406959404311,0.0,16784800.0,7025356.0,7025356.0,229760.0,3630.0,3630.0,46720.0,70.0,70.0,0.0,0.0,0.011504407877668033,0.08620162144926992,0.0,0.41855464467851866,0.015799094707520892,0.0014982876712328766,5456800.0,2733063.0,0.0,2733063.0,0.0,25457427.924610127,36761600.0,326041598.4964289,3235913032.709137,25457427.924610127,33462751.078086853,1077998.0,1077998.0,0.5008545301275473,0.5008545301275473,0.6925005419951832,0.6925005419951832,0.3174227766276482,0.0,4020800.0,2110816.0,2110816.0,1148800.0,478073.0,478073.0,287200.0,144174.0,144174.0,0.0,0.0,0.21776318640855474,0.19755131212432195,0.0,0.5249741345005969,0.4161498955431755,0.5019986072423398,"[0.7222493245231273, 0.7352678398998029, 0.7414351549593914]","[0.2574092152453817, 0.2706678472714651, 0.2987558228995132]","[0.34041803277708776, 0.4587116764180653, 0.5437645343066205]","[0.8945730009519341, 0.9272765603453959, 0.9752564940980155]","[0.02855927674309447, 0.0755793145489573, 0.10399524030599841]","[0.26479698860117373, 0.43861164956767884, 0.5524528890802296]","[0.6843249718992922, 0.6914144478707365, 0.7024918228216985]","[0.29643849384238563, 0.3179461230537442, 0.3453239276493317]","[0.49333837140209885, 0.49935199849648193, 0.5060159516509135]",0.0,0.0,0.0,0
longbench_v2,Multi-news,jl_gaussian_r8_s50,4,0.25,0.0,0.25,"(0.0, 0.75)",113,2766,0.040853217642805494,0.0,,0,0,13827200.0,6213661.0,0.0,6213661.0,0.0,17695365.898495402,24576000.0,217908618.39101562,2448315619.3792725,17695365.898495402,22445316.2858696,1609328.0,1609328.0,0.44937955623698217,0.44937955623698217,0.720026281677059,0.720026281677059,0.2983345158036438,0.0,12874720.0,5851159.0,5851159.0,768000.0,282346.0,282346.0,184480.0,80156.0,80156.0,0.0,0.0,0.19327597604875474,0.11638856746123583,0.0,0.4544688350503933,0.36763802083333336,0.4344969644405898,10787200.0,4676971.0,0.0,4676971.0,0.0,3851527.9535980225,4096000.0,3200252.870019272,662686308.3022461,3851527.9535980225,3910460.22051239,1001195.0,1001195.0,0.4335667272322753,0.4335667272322753,0.9403144417963922,0.9403144417963922,0.06949253411969533,0.0,10634720.0,4673507.0,4673507.0,128000.0,3438.0,3438.0,24480.0,26.0,26.0,0.0,0.0,0.014387760477140545,0.09281324161969742,0.0,0.43945745633171346,0.026859375,0.0010620915032679738,3040000.0,1536690.0,0.0,1536690.0,0.0,13843837.94489738,20480000.0,214708365.52099633,1785629311.0770264,13843837.94489738,18534856.06535721,608133.0,608133.0,0.5054901315789474,0.5054901315789474,0.6759686496531924,0.6759686496531924,0.346759868673538,0.0,2240000.0,1177652.0,1177652.0,640000.0,278908.0,278908.0,160000.0,80130.0,80130.0,0.0,0.0,0.22905361916307757,0.20004375,0.0,0.5257375,0.43579375,0.5008125,"[0.7096851493916585, 0.7183248069749462, 0.7332132456576275]","[0.2817975079427416, 0.29746061675496693, 0.31005177744927537]","[0.3341494168701381, 0.4436882777084431, 0.531061401290356]","[0.8967226060657227, 0.9286484455846167, 0.9745970191688247]","[0.02978401403016354, 0.07394435516948131, 0.10301344522898878]","[0.2521114138140021, 0.4186089934390268, 0.5355902052484459]","[0.6656089291143057, 0.6796129296145903, 0.6889229396086654]","[0.3247672472051059, 0.34916705558649597, 0.3579809958794328]","[0.5015303362573099, 0.5051770660585959, 0.5083897331650816]",0.25,0.0,1.0,0
longbench_v2,Multi-news,mass_s50,4,0.0,0.0,0.0,"(0.0, 0.0)",114,2715,0.041988950276243095,0.0,,0,0,19597440.0,8419378.0,8419378.0,8419378.0,0.0,31117542.470913887,40919040.0,425465856.6992645,4509369789.224335,31117542.470913887,37540707.42250061,2023205.0,2023205.0,0.42961621517912546,0.42961621517912546,0.7604660928241201,0.7604660928241201,0.30716691189032486,0.0,18004800.0,7701792.0,7701792.0,1278720.0,562201.0,562201.0,313920.0,155385.0,155385.0,0.42961621517912546,0.0,0.1569725230989467,0.10323822907481793,0.0,0.42776326312983204,0.43965919044044044,0.4949827981651376,14535840.0,5842945.0,5842945.0,5842945.0,0.0,6509119.831012726,6819840.0,3993407.8133011735,1177890109.3012695,6509119.831012726,6574117.41185379,1055110.0,1055110.0,0.4019681697101784,0.4019681697101784,0.9544387890350398,0.9544387890350398,0.05822633358052691,0.0,14275200.0,5824391.0,5824391.0,213120.0,17862.0,17862.0,47520.0,692.0,692.0,0.4019681697101784,0.0,0.009530660666681982,0.0725867923697564,0.0,0.4080076636404394,0.08381193693693693,0.014562289562289563,5061600.0,2576433.0,2576433.0,2576433.0,0.0,24608422.63990116,34099200.0,421472448.8859633,3331479679.923065,24608422.63990116,30966590.01064682,968095.0,968095.0,0.5090155286865813,0.5090155286865813,0.7216715535819362,0.7216715535819362,0.35568537717277404,0.0,3729600.0,1877401.0,1877401.0,1065600.0,544339.0,544339.0,266400.0,154693.0,154693.0,0.5090155286865813,0.0,0.18646089558539963,0.19126264422317055,0.0,0.5033786465036465,0.5108286411411411,0.5806794294294294,"[0.7534904727592162, 0.764895262625989, 0.773394326783214]","[0.2748820001686169, 0.29182457848983906, 0.31370676284180665]","[0.3743738886604196, 0.4616981892633929, 0.5281022579787032]","[0.8951276032625435, 0.9272127220914719, 0.9670030465204009]","[0.04086820554047442, 0.07933744165099582, 0.10807991295796161]","[0.310356712470141, 0.4498967297210704, 0.5360914666707739]","[0.7166789177560856, 0.7310196861764672, 0.7442863793833818]","[0.31599324123814954, 0.331389183717813, 0.36243662503766527]","[0.47914766735712266, 0.48542439833558254, 0.512732430640555]",0.0,0.0,0.0,0
longbench_v2,New language translation,blasst_aggressive_s50,4,1.0,1.0,0.0,"(0.0, 0.0)",68,2518,0.027005559968228753,0.0,1.0,0,0,21404800.0,9413590.0,9413590.0,9413590.0,0.0,20408879.85903704,26787840.0,299222677.39518166,2643600085.2897644,20408879.85903704,24300033.3395195,1814443.0,1814443.0,0.43978873897443566,0.43978873897443566,0.7618710526506446,0.7618710526506446,0.33643360847082493,0.0,20358400.0,8994934.0,8994934.0,837120.0,325761.0,325761.0,209280.0,92895.0,92895.0,0.43978873897443566,0.0,0.14525820224708147,0.08476804268201525,0.0,0.44182912213140524,0.3891449254587156,0.4438790137614679,18091200.0,7813600.0,7813600.0,7813600.0,0.0,4059113.72208786,4464640.0,14882676.63963695,664230322.9941406,4059113.72208786,4113890.1398468018,1218512.0,1218512.0,0.43190059255328556,0.43190059255328556,0.9091693220702811,0.9091693220702811,0.14968599687326142,0.0,17916800.0,7790063.0,7790063.0,139520.0,22812.0,22812.0,34880.0,725.0,725.0,0.43190059255328556,0.0,0.012268943914613866,0.06735385159635623,0.0,0.4347909782996964,0.16350344036697248,0.020785550458715597,3313600.0,1599990.0,1599990.0,1599990.0,0.0,16349766.136949182,22323200.0,284340000.75554466,1979369762.2956238,16349766.136949182,20186143.1996727,595931.0,595931.0,0.482855504587156,0.482855504587156,0.7324113987667172,0.7324113987667172,0.3790142287827322,0.0,2441600.0,1204871.0,1204871.0,697600.0,302949.0,302949.0,174400.0,92170.0,92170.0,0.482855504587156,0.0,0.171856053913575,0.1798439763399324,0.0,0.493475999344692,0.43427322247706424,0.5284977064220183,"[0.7376650819363022, 0.7699519261442846, 0.7903395085429601]","[0.29297557349119313, 0.3301050863043873, 0.3602022458422013]","[0.40111463312265677, 0.43935372187670785, 0.4636885592742694]","[0.9024424741812638, 0.9096046761290304, 0.9145328441523015]","[0.1388888338856017, 0.14761449528521142, 0.1586830061093795]","[0.3879887469251749, 0.43015545421914714, 0.4596210710318683]","[0.704123060488204, 0.7420012212986408, 0.7661035082991534]","[0.32906580327143664, 0.37250118618177225, 0.40508266647574653]","[0.4714797697368421, 0.48512023593466425, 0.4905304748941319]",1.0,1.0,4.0,0
longbench_v2,New language translation,blasst_original_s50,4,1.0,1.0,0.0,"(0.0, 0.0)",149,2276,0.06546572934973638,0.0,1.0,0,0,13029440.0,5392936.0,5392936.0,5392936.0,0.0,15439487.317686081,16343040.0,24035490.14147232,1688806211.100525,15439487.317686081,15942034.293811798,937756.0,937756.0,0.4139038976348945,0.4139038976348945,0.9447133041151512,0.9447133041151512,0.11929893939014186,0.0,12391040.0,5267917.0,5267917.0,510720.0,104222.0,104222.0,127680.0,20797.0,20797.0,0.4139038976348945,0.0,0.03074990798075004,0.0719720878257239,0.0,0.4251392134962037,0.2040687656641604,0.16288377192982456,11007840.0,4930286.0,4930286.0,4930286.0,0.0,2475104.698326111,2723840.0,9931720.140956845,434991222.2348633,2475104.698326111,2508342.139728546,731362.0,731362.0,0.4478885957644733,0.4478885957644733,0.9086821172778544,0.9086821172778544,0.1511026183612844,0.0,10901440.0,4915071.0,4915071.0,85120.0,14653.0,14653.0,21280.0,562.0,562.0,0.4478885957644733,0.0,0.012202420627656288,0.06644010087355921,0.0,0.45086438121936184,0.1721452067669173,0.026409774436090227,2021600.0,462650.0,462650.0,462650.0,0.0,12964382.61935997,13619200.0,14103770.000515476,1253814988.8656616,12964382.61935997,13433692.154083252,206394.0,206394.0,0.22885338345864661,0.22885338345864661,0.9519195414826106,0.9519195414826106,0.10605981856312444,0.0,1489600.0,352846.0,352846.0,425600.0,89569.0,89569.0,106400.0,20235.0,20235.0,0.22885338345864661,0.0,0.034459405451368795,0.10209438068856351,0.0,0.23687298603651988,0.210453477443609,0.19017857142857142,"[0.9419719651119031, 0.944971980944617, 0.9468736720688027]","[0.1125893199256375, 0.12038708035868524, 0.1246376176699452]","[0.3748828491734962, 0.4193201431064253, 0.4363905654617543]","[0.9032584694804446, 0.9081023802077057, 0.9130992842475547]","[0.1423544589394177, 0.1521809156984828, 0.15793840174012]","[0.40137529076902223, 0.4528586458646145, 0.47458333752585224]","[0.9497146642381946, 0.9523459010919992, 0.9536285496330522]","[0.10026880469607467, 0.10711906247169298, 0.11094261634404498]","[0.21366594344904816, 0.22629474284114542, 0.2537671522556391]",1.0,1.0,4.0,0
longbench_v2,New language translation,dense,4,1.0,1.0,0.0,"(0.0, 0.0)",2055,2055,1.0,1.0,1.0,0,0,17753280.0,0.0,0.0,0.0,0.0,22241280.0,22241280.0,0.0,2311276669.6672974,22241280.0,22241280.0,0.0,0.0,0.0,0.0,1.0,1.0,0.0,0.0,16884480.0,0.0,0.0,695040.0,0.0,0.0,173760.0,0.0,0.0,0.0,0.0,0.0,0.0,0.0,0.0,0.0,0.0,15002080.0,0.0,0.0,0.0,0.0,3706880.0,3706880.0,0.0,603677924.5913086,3706880.0,3706880.0,0.0,0.0,0.0,0.0,1.0,1.0,0.0,0.0,14857280.0,0.0,0.0,115840.0,0.0,0.0,28960.0,0.0,0.0,0.0,0.0,0.0,0.0,0.0,0.0,0.0,0.0,2751200.0,0.0,0.0,0.0,0.0,18534400.0,18534400.0,0.0,1707598745.0759888,18534400.0,18534400.0,0.0,0.0,0.0,0.0,1.0,1.0,0.0,0.0,2027200.0,0.0,0.0,579200.0,0.0,0.0,144800.0,0.0,0.0,0.0,0.0,0.0,0.0,0.0,0.0,0.0,0.0,"[1.0, 1.0, 1.0]","[0.0, 0.0, 0.0]","[0.0, 0.0, 0.0]","[1.0, 1.0, 1.0]","[0.0, 0.0, 0.0]","[0.0, 0.0, 0.0]","[1.0, 1.0, 1.0]","[0.0, 0.0, 0.0]","[0.0, 0.0, 0.0]",1.0,1.0,4.0,0
longbench_v2,New language translation,full_centered_s50,4,1.0,1.0,0.0,"(0.0, 0.0)",89,2689,0.033097805875790254,0.0,1.0,0,0,33872960.0,15426851.0,0.0,15426851.0,0.0,30459542.394130155,42393600.0,356583690.27155477,4206337231.354004,30459542.394130155,38850186.271598816,4832236.0,4832236.0,0.45543262236308846,0.45543262236308846,0.7184938857311046,0.7184938857311046,0.2911579772312456,0.0,32216960.0,14794824.0,14794824.0,1324800.0,488258.0,488258.0,331200.0,143769.0,143769.0,0.0,0.0,0.1979224193620891,0.14265762425250111,0.0,0.4592247064899978,0.3685522342995169,0.43408514492753625,28628960.0,12827436.0,0.0,12827436.0,0.0,6344029.300662994,7065600.0,12758745.10701491,1097493978.0498047,6344029.300662994,6554494.882659912,3765352.0,3765352.0,0.448058050309896,0.448058050309896,0.8978755237577833,0.8978755237577833,0.10782088882800468,0.0,28352960.0,12796562.0,12796562.0,220800.0,30798.0,30798.0,55200.0,76.0,76.0,0.0,0.0,0.0297873615824442,0.13152248632154295,0.0,0.4513307252576098,0.13948369565217392,0.0013768115942028986,5244000.0,2599415.0,0.0,2599415.0,0.0,24115513.09346716,35328000.0,343824945.1645399,3108843253.304199,24115513.09346716,32295691.388938904,1066884.0,1066884.0,0.49569317315026695,0.49569317315026695,0.6826175581257689,0.6826175581257689,0.3325594386192491,0.0,3864000.0,1998262.0,1998262.0,1104000.0,457460.0,457460.0,276000.0,143693.0,143693.0,0.0,0.0,0.23154943091801808,0.20344851258581237,0.0,0.5171485507246377,0.4143659420289855,0.5206268115942029,"[0.712779220652777, 0.7169905760743639, 0.726596813049555]","[0.2822711804550612, 0.2895759327072737, 0.3012796961860061]","[0.412628358637799, 0.4585135833094104, 0.49683357851475457]","[0.8875906763148778, 0.896912220922992, 0.9097983580079085]","[0.09572567421862821, 0.10847486264448389, 0.11843658536491798]","[0.39614818370605653, 0.45389918946565566, 0.4968482381567988]","[0.6775238242907003, 0.6813726286417088, 0.6899565040578843]","[0.323085157233153, 0.33037020330337297, 0.3438776488058892]","[0.4836373886639676, 0.49309932889452546, 0.5081961406481188]",1.0,1.0,4.0,0
longbench_v2,New language translation,jl_gaussian_r1_s50,4,1.0,1.0,0.0,"(0.0, 0.0)",95,2600,0.03653846153846154,0.0,1.0,0,0,33972480.0,14859651.0,0.0,14859651.0,0.0,29649208.99240694,42516480.0,580534323.5356449,4154150598.4074097,29649208.99240694,38582051.56539917,4671008.0,4671008.0,0.43740259763196565,0.43740259763196565,0.697358036046421,0.697358036046421,0.3738288654347518,0.0,32311680.0,14183927.0,14183927.0,1328640.0,517570.0,517570.0,332160.0,158154.0,158154.0,0.0,0.0,0.21010306057773906,0.13749387739723445,0.0,0.4389721302018341,0.38954871146435455,0.4761380057803468,28713280.0,12167156.0,0.0,12167156.0,0.0,6475045.78578186,7086080.0,9543980.818463203,1109838033.8183594,6475045.78578186,6659932.601348877,3597935.0,3597935.0,0.42374664266847956,0.42374664266847956,0.9137697832626587,0.9137697832626587,0.09273314244818054,0.0,28436480.0,12136447.0,12136447.0,221440.0,30646.0,30646.0,55360.0,63.0,63.0,0.0,0.0,0.026091550697567144,0.1253056077187977,0.0,0.4267914664543572,0.13839414739884393,0.0011380057803468209,5259200.0,2692495.0,0.0,2692495.0,0.0,23174163.206625078,35430400.0,570990342.7171817,3044312564.5890503,23174163.206625078,31922118.964050293,1073073.0,1073073.0,0.5119590432004868,0.5119590432004868,0.6540756866031735,0.6540756866031735,0.43308162876523953,0.0,3875200.0,2047480.0,2047480.0,1107200.0,486924.0,486924.0,276800.0,158091.0,158091.0,0.0,0.0,0.24690536255377346,0.2040373060541527,0.0,0.5283546655656483,0.43977962427745665,0.5711380057803468,"[0.6891026375694255, 0.6946168648745367, 0.7058818624015339]","[0.36514309972485076, 0.3764839817004909, 0.38224564935519667]","[0.39235652386790426, 0.4466182868079377, 0.481069945122207]","[0.9038540031731642, 0.9126699671493843, 0.9230253777288211]","[0.08302078176676668, 0.09322096504717187, 0.10205472530960444]","[0.3703242717310338, 0.43608411046307266, 0.47430629588281087]","[0.6453890118066441, 0.6513896653237534, 0.6629097752547611]","[0.42381463001308173, 0.43524827738209537, 0.4427391617071432]","[0.5024406085526316, 0.5132223235645933, 0.5209399035156465]",1.0,1.0,4.0,0
longbench_v2,New language translation,jl_gaussian_r2_s50,4,1.0,1.0,0.0,"(0.0, 0.0)",108,2750,0.03927272727272727,0.0,1.0,0,0,30942400.0,13332488.0,0.0,13332488.0,0.0,27091286.145625383,38707200.0,415509089.85037655,3804492089.1286926,27091286.145625383,35102606.66597366,4302224.0,4302224.0,0.43088086250581725,0.43088086250581725,0.6999030192218859,0.6999030192218859,0.3304775191737987,0.0,29430400.0,12723707.0,12723707.0,1209600.0,464627.0,464627.0,302400.0,144154.0,144154.0,0.0,0.0,0.20697235967334968,0.13903976420704275,0.0,0.4323321123736001,0.3841162367724868,0.47669973544973543,26154400.0,10859002.0,0.0,10859002.0,0.0,5876088.26411438,6451200.0,9799534.824916353,1008748723.3930664,5876088.26411438,6047840.95954895,3331020.0,3331020.0,0.41518834307038205,0.41518834307038205,0.9108519754641586,0.9108519754641586,0.09856239119556537,0.0,25902400.0,10832370.0,10832370.0,201600.0,26506.0,26506.0,50400.0,126.0,126.0,0.0,0.0,0.02662337168814644,0.1273598323800202,0.0,0.4181994718636111,0.1314781746031746,0.0025,4788000.0,2473486.0,0.0,2473486.0,0.0,21215197.881511,32256000.0,405709555.0254602,2795743365.735626,21215197.881511,29054765.706424713,971204.0,971204.0,0.5166010860484544,0.5166010860484544,0.6577132279734312,0.6577132279734312,0.3809420955763968,0.0,3528000.0,1891337.0,1891337.0,1008000.0,438121.0,438121.0,252000.0,144028.0,144028.0,0.0,0.0,0.24304215727039044,0.20284126984126985,0.0,0.5360932539682539,0.4346438492063492,0.5715396825396826,"[0.6923024881768471, 0.7011308307690403, 0.7105183122427481]","[0.3243580680980673, 0.3311274634259256, 0.3385951591163239]","[0.38627930000104, 0.43264749458847773, 0.47205629897101126]","[0.9000107099007816, 0.9085845335681214, 0.9191001254193909]","[0.08971542807700685, 0.09786584380457278, 0.10724457905226625]","[0.36261888476010773, 0.4180690419628037, 0.46311422959611337]","[0.6497593866598605, 0.6585550325010883, 0.6706714529461278]","[0.37353423401900093, 0.38233103490618114, 0.39025274383518493]","[0.509708181511471, 0.5158286943319839, 0.5236758954678362]",1.0,1.0,4.0,0
longbench_v2,New language translation,jl_gaussian_r32_s50,4,0.5,1.0,-0.5,"(-1.0, 0.0)",218,3358,0.06491959499702203,0.0,0.5,0,0,42649920.0,18536057.0,0.0,18536057.0,0.0,37771865.76614962,53207040.0,451476925.2455437,5328562087.416382,37771865.76614962,48447315.773628235,5883292.0,5883292.0,0.43460942013490295,0.43460942013490295,0.7099035346854404,0.7099035346854404,0.29108026664954356,0.0,40571520.0,17721415.0,17721415.0,1662720.0,630454.0,630454.0,415680.0,184188.0,184188.0,0.0,0.0,0.2006398026930011,0.13794379919118255,0.0,0.43679445581531084,0.3791702752117013,0.44310046189376445,36068320.0,15208000.0,0.0,15208000.0,0.0,8085155.251937866,8867840.0,13145150.166419083,1387395444.0708008,8085155.251937866,8310205.568016052,4544367.0,4544367.0,0.4216442573427318,0.4216442573427318,0.911738963709073,0.911738963709073,0.09733805049190496,0.0,35721920.0,15170959.0,15170959.0,277120.0,36959.0,36959.0,69280.0,82.0,82.0,0.0,0.0,0.025378256269642442,0.12599330936400696,0.0,0.4246960689682973,0.13336821593533488,0.0011836027713625866,6581600.0,3328057.0,0.0,3328057.0,0.0,29686710.51421175,44339200.0,438331775.0791246,3941166643.345581,29686710.51421175,40137110.20561218,1338925.0,1338925.0,0.5056607815728699,0.5056607815728699,0.669536448880714,0.669536448880714,0.33349480867993647,0.0,4849600.0,2550456.0,2550456.0,1385600.0,593495.0,593495.0,346400.0,184106.0,184106.0,0.0,0.0,0.23569211197767284,0.2034345751792877,0.0,0.5259105905641702,0.4283306870669746,0.5314838337182448,"[0.7011989139318396, 0.7084975894546761, 0.7212449133209489]","[0.28418766403646695, 0.28964936821177345, 0.3013470730447879]","[0.3880701492094778, 0.43379169686512686, 0.47262134670462175]","[0.8981250982079695, 0.9118449387351872, 0.9234883256035451]","[0.08370491226180159, 0.09639911866353035, 0.10952631557502535]","[0.3671663153913646, 0.4223467076897506, 0.4652489102694753]","[0.6618136770766135, 0.6672165774273674, 0.6812854646013948]","[0.3264679647343581, 0.3325396533648156, 0.3438632174456565]","[0.49644394468940634, 0.5009285150873068, 0.5155193489624219]",0.5,1.0,2.0,0
longbench_v2,New language translation,jl_gaussian_r8_s50,4,0.75,1.0,-0.25,"(-0.75, 0.0)",157,2784,0.05639367816091954,0.0,0.75,0,0,38902400.0,16984515.0,0.0,16984515.0,0.0,34592862.22786227,48660480.0,455099296.2080444,4781619619.214386,34592862.22786227,44407227.72855759,5312066.0,5312066.0,0.4365929865509583,0.4365929865509583,0.7109026098357901,0.7109026098357901,0.3085073885513042,0.0,37001600.0,16253650.0,16253650.0,1520640.0,564360.0,564360.0,380160.0,166505.0,166505.0,0.0,0.0,0.201690684117693,0.13654854199226782,0.0,0.4392688424284355,0.37113320707070707,0.4379866372053872,32883200.0,13963554.0,0.0,13963554.0,0.0,7382384.304626465,8110080.0,11863819.09759859,1253676353.5454102,7382384.304626465,7592802.867446899,4074021.0,4074021.0,0.42464097168158815,0.42464097168158815,0.9102726859200483,0.9102726859200483,0.09727909927050983,0.0,32566400.0,13932314.0,13932314.0,253440.0,31118.0,31118.0,63360.0,122.0,122.0,0.0,0.0,0.02594531284776902,0.12389369039509537,0.0,0.42781253070649505,0.12278251262626262,0.0019255050505050505,6019200.0,3020961.0,0.0,3020961.0,0.0,27210477.923235808,40550400.0,443235477.11044586,3527943265.668976,27210477.923235808,36814424.86111069,1238045.0,1238045.0,0.5018874601275917,0.5018874601275917,0.6710285946189386,0.6710285946189386,0.3544512082132462,0.0,4435200.0,2321336.0,2321336.0,1267200.0,533242.0,533242.0,316800.0,166383.0,166383.0,0.0,0.0,0.2368397583716777,0.20568264885699097,0.0,0.5233892496392496,0.42080334595959595,0.5251988636363636,"[0.7064623331699167, 0.7083361833332746, 0.7174624049577368]","[0.30619943197470034, 0.307690290027983, 0.31065256336515285]","[0.3919763406074514, 0.43699472487446805, 0.47374396925745144]","[0.9002649527065805, 0.9087196960212665, 0.9219323124483502]","[0.08542256548467093, 0.09586688301103481, 0.10763372563174638]","[0.3708158411228547, 0.42481041672963316, 0.4690061215532631]","[0.6655176005891086, 0.6698196298481589, 0.6775045128911037]","[0.3507253013936107, 0.3540844712323729, 0.3571977747722382]","[0.4920812438955034, 0.503585987604234, 0.5150171879795492]",0.75,1.0,3.0,0
longbench_v2,New language translation,mass_s50,4,1.0,1.0,0.0,"(0.0, 0.0)",98,2333,0.04200600085726532,0.0,1.0,0,0,22558720.0,10472760.0,10472760.0,10472760.0,0.0,21330258.829274654,28262400.0,245294320.1709689,2872916623.884735,21330258.829274654,25813245.54820633,2786853.0,2786853.0,0.4642444252156151,0.4642444252156151,0.754722133621867,0.754722133621867,0.29220136132240937,0.0,21454720.0,9970898.0,9970898.0,883200.0,397953.0,397953.0,220800.0,103909.0,103909.0,0.4642444252156151,0.0,0.15862017093140268,0.123537727317862,0.0,0.4647414648152015,0.45058084239130436,0.4706023550724638,19062720.0,8745402.0,8745402.0,8745402.0,0.0,4218256.496585846,4710400.0,9744831.390439397,712420476.5200195,4218256.496585846,4330655.297943115,2124663.0,2124663.0,0.4587698922294405,0.4587698922294405,0.8955198065102424,0.8955198065102424,0.11695504700080835,0.0,18878720.0,8706873.0,8706873.0,147200.0,38291.0,38291.0,36800.0,238.0,238.0,0.4587698922294405,0.0,0.023861837924012672,0.11145644483053835,0.0,0.4612003885856668,0.2601290760869565,0.006467391304347826,3496000.0,1727358.0,1727358.0,1727358.0,0.0,17112002.33268881,23552000.0,235549488.7805295,2160496147.3647156,17112002.33268881,21482590.250263214,662190.0,662190.0,0.4940955377574371,0.4940955377574371,0.726562599044192,0.726562599044192,0.3301903182912194,0.0,2576000.0,1264025.0,1264025.0,736000.0,359662.0,359662.0,184000.0,103671.0,103671.0,0.4940955377574371,0.0,0.18557183753288067,0.18941361556064074,0.0,0.49069293478260867,0.48867119565217393,0.563429347826087,"[0.736677856853694, 0.7592071782384735, 0.7710959578830959]","[0.27426382518631837, 0.2927887332764997, 0.3059062114557467]","[0.419063575175704, 0.47674585247308354, 0.5153906073534235]","[0.8795785648104775, 0.893140695910732, 0.9107473838854877]","[0.10276756060310828, 0.11529447400647089, 0.1338067539064233]","[0.4054683759843094, 0.4746840815376603, 0.5181122276219404]","[0.7071139727304487, 0.729436784740062, 0.7465363671856741]","[0.30880762959967634, 0.3325767866411301, 0.34485256654046864]","[0.48560874303214935, 0.4959915158139915, 0.5017780076926822]",1.0,1.0,4.0,0
longbench_v2,Table QA,blasst_aggressive_s50,3,0.0,0.0,0.0,"(0.0, 0.0)",76,3295,0.023065250379362672,0.0,,0,0,26536000.0,13885884.0,13885884.0,13885884.0,0.0,24793319.57999623,33054720.0,408972021.5889956,3376023083.2215576,24793319.57999623,29937682.128522873,2159928.0,2159928.0,0.5232847452517335,0.5232847452517335,0.7500689638271396,0.7500689638271396,0.3480519693464983,0.0,25244800.0,13351910.0,13351910.0,1032960.0,414188.0,414188.0,258240.0,119786.0,119786.0,0.5232847452517335,0.0,0.1556317085283628,0.0813961410913476,0.0,0.528897436303714,0.4009719640644362,0.46385532837670385,22447200.0,11894789.0,11894789.0,11894789.0,0.0,4961432.095237732,5509120.0,20252993.09007684,864992824.4033203,4961432.095237732,5029186.60666275,1398254.0,1398254.0,0.5299007894080331,0.5299007894080331,0.9005852287185125,0.9005852287185125,0.15301653203184826,0.0,22232000.0,11866992.0,11866992.0,172160.0,26944.0,26944.0,43040.0,853.0,853.0,0.5299007894080331,0.0,0.012298608747861421,0.062290797961438396,0.0,0.5337797768981648,0.15650557620817843,0.019818773234200743,4088800.0,1991095.0,1991095.0,1991095.0,0.0,19831887.484758496,27545600.0,388719028.4989188,2511030258.8182373,19831887.484758496,24908495.521860123,761674.0,761674.0,0.4869631676775582,0.4869631676775582,0.7199657108488651,0.7199657108488651,0.39345215400216715,0.0,3012800.0,1484918.0,1484918.0,860800.0,387244.0,387244.0,215200.0,118933.0,118933.0,0.4869631676775582,0.0,0.1842983284844631,0.18628301702210917,0.0,0.49286975570897507,0.44986524163568775,0.5526626394052044,"[0.7350223924248742, 0.7400175659654022, 0.755255363726115]","[0.3467944677161554, 0.34719356327693485, 0.35195742172328237]","[0.49796252093289295, 0.5113035736043702, 0.5761639202519866]","[0.8906908911910768, 0.8920441298745573, 0.9040467266214766]","[0.14698766010596123, 0.16112616565951401, 0.1690534755917781]","[0.5009792700123775, 0.5159280141758914, 0.5909733632518449]","[0.7038886926716338, 0.7096122531835712, 0.7254970911470427]","[0.3903384875892912, 0.3930601742259949, 0.39757868056358286]","[0.48145470214247393, 0.4857762330354187, 0.4955084854734805]",0.0,0.0,0.0,2
longbench_v2,Table QA,blasst_original_s50,3,0.0,0.0,0.0,"(0.0, 0.0)",155,3317,0.04672897196261682,0.0,,0,0,23072960.0,10107939.0,10107939.0,10107939.0,0.0,26621152.17780304,28385280.0,46040686.54175101,2983500544.682068,26621152.17780304,27556512.95419693,1580623.0,1580623.0,0.4380859239560074,0.4380859239560074,0.9378506105207713,0.9378506105207713,0.12422466515550022,0.0,21964160.0,9890921.0,9890921.0,887040.0,178994.0,178994.0,221760.0,38024.0,38024.0,0.4380859239560074,0.0,0.032952318116780614,0.068505427998835,0.0,0.45032093191817946,0.20178796897546897,0.17146464646464646,19561760.0,9306483.0,9306483.0,9306483.0,0.0,4271581.522880554,4730880.0,16765967.456811422,753446485.7685547,4271581.522880554,4334517.708229065,1223093.0,1223093.0,0.4757487567580831,0.4757487567580831,0.9029147902463293,0.9029147902463293,0.1491722717389337,0.0,19376960.0,9282233.0,9282233.0,147840.0,23297.0,23297.0,36960.0,953.0,953.0,0.4757487567580831,0.0,0.013303272403550871,0.06252469102984598,0.0,0.47903453379683913,0.15758252164502165,0.025784632034632035,3511200.0,801456.0,801456.0,801456.0,0.0,22349570.654922485,23654400.0,29274719.084939584,2230054058.913513,22349570.654922485,23221995.245967865,357530.0,357530.0,0.228257006151743,0.228257006151743,0.9448377745756598,0.9448377745756598,0.11457468520870423,0.0,2587200.0,608688.0,608688.0,739200.0,155697.0,155697.0,184800.0,37071.0,37071.0,0.228257006151743,0.0,0.03688212725942656,0.10182558669400775,0.0,0.23526901669758812,0.21062905844155844,0.20060064935064936,"[0.9362483643690852, 0.9375763508207302, 0.9411692378203412]","[0.11902981359084257, 0.12337169282952289, 0.12988207235471946]","[0.42769393300486824, 0.4578235394666869, 0.4971345488172859]","[0.8901944371405556, 0.8969007072784007, 0.9057600246733408]","[0.1434380626217695, 0.15244202612552854, 0.16968325060005918]","[0.4634045011794411, 0.5041314464277685, 0.5470774178809361]","[0.9438765336216068, 0.9453960673861899, 0.949959861500128]","[0.10546881670315987, 0.11343226329102993, 0.1161085451183057]","[0.2106169114647083, 0.2302938596491228, 0.23326663335554076]",0.0,0.0,0.0,1
longbench_v2,Table QA,dense,3,0.0,0.0,0.0,"(0.0, 0.0)",3295,3295,1.0,1.0,,0,0,24071360.0,0.0,0.0,0.0,0.0,29614080.0,29614080.0,0.0,3179977076.664337,29614080.0,29614080.0,0.0,0.0,0.0,0.0,1.0,1.0,0.0,0.0,22914560.0,0.0,0.0,925440.0,0.0,0.0,231360.0,0.0,0.0,0.0,0.0,0.0,0.0,0.0,0.0,0.0,0.0,20408160.0,0.0,0.0,0.0,0.0,4935680.0,4935680.0,0.0,802452233.5869141,4935680.0,4935680.0,0.0,0.0,0.0,0.0,1.0,1.0,0.0,0.0,20215360.0,0.0,0.0,154240.0,0.0,0.0,38560.0,0.0,0.0,0.0,0.0,0.0,0.0,0.0,0.0,0.0,0.0,3663200.0,0.0,0.0,0.0,0.0,24678400.0,24678400.0,0.0,2377524843.077423,24678400.0,24678400.0,0.0,0.0,0.0,0.0,1.0,1.0,0.0,0.0,2699200.0,0.0,0.0,771200.0,0.0,0.0,192800.0,0.0,0.0,0.0,0.0,0.0,0.0,0.0,0.0,0.0,0.0,"[1.0, 1.0, 1.0]","[0.0, 0.0, 0.0]","[0.0, 0.0, 0.0]","[1.0, 1.0, 1.0]","[0.0, 0.0, 0.0]","[0.0, 0.0, 0.0]","[1.0, 1.0, 1.0]","[0.0, 0.0, 0.0]","[0.0, 0.0, 0.0]",0.0,0.0,0.0,0
longbench_v2,Table QA,full_centered_s50,3,0.0,0.0,0.0,"(0.0, 0.0)",87,3568,0.02438340807174888,0.0,,0,0,30047040.0,16118697.0,0.0,16118697.0,0.0,26666255.852687582,37478400.0,300767018.29354644,3763851657.4241333,26666255.852687582,34080248.803001404,4024358.0,4024358.0,0.5364487483625675,0.5364487483625675,0.7115099858235032,0.7115099858235032,0.28268245603488035,0.0,28583040.0,15547047.0,15547047.0,1171200.0,434620.0,434620.0,292800.0,137030.0,137030.0,0.0,0.0,0.1978204232388208,0.13393525618496863,0.0,0.5439255936387453,0.3710894808743169,0.4679986338797814,25411040.0,13792295.0,0.0,13792295.0,0.0,5563341.45715332,6246400.0,12896847.02795139,976777148.9199219,5563341.45715332,5730252.739780426,3075127.0,3075127.0,0.5427678284714046,0.5427678284714046,0.8906476461887359,0.8906476461887359,0.11490634981393975,0.0,25167040.0,13765811.0,13765811.0,195200.0,26384.0,26384.0,48800.0,100.0,100.0,0.0,0.0,0.026721196629595562,0.12101539330936475,0.0,0.5469777534425979,0.1351639344262295,0.0020491803278688526,4636000.0,2326402.0,0.0,2326402.0,0.0,21102914.395534262,31232000.0,287870171.265595,2787074508.5042114,21102914.395534262,28349996.063220978,949231.0,949231.0,0.5018123382226057,0.5018123382226057,0.6756824537504567,0.6756824537504567,0.32138384591156316,0.0,3416000.0,1781236.0,1781236.0,976000.0,408236.0,408236.0,244000.0,136930.0,136930.0,0.0,0.0,0.23204026856066584,0.20475215703192406,0.0,0.5214391100702576,0.4182745901639344,0.5611885245901639,"[0.6990774361039527, 0.7138359401694785, 0.7189520107647405]","[0.27870704697328724, 0.27955809837640844, 0.2920948655416389]","[0.5217806029291935, 0.5367057946711384, 0.5597896965062751]","[0.8745671973701286, 0.890165899195967, 0.9034566178118385]","[0.10698798244485867, 0.1112361146251128, 0.12853198844085928]","[0.5250134171238231, 0.5442389971338808, 0.5709431595419792]","[0.6639794838507175, 0.6785699483641807, 0.6820510893553209]","[0.3170996874707587, 0.32008911106742777, 0.33069318104218925]","[0.4964192886061307, 0.4996941873915558, 0.504875240987083]",0.0,0.0,0.0,1
longbench_v2,Table QA,jl_gaussian_r1_s50,3,0.6666666666666666,0.0,0.6666666666666666,"(0.0, 1.0)",124,3502,0.03540833809251856,0.0,,0,0,40309440.0,20276446.0,0.0,20276446.0,0.0,34169698.23072273,50257920.0,702260762.3252345,4964916155.446991,34169698.23072273,45084228.37301636,5457845.0,5457845.0,0.5030197889129693,0.5030197889129693,0.6798868363577867,0.6798868363577867,0.37609126125859665,0.0,38346240.0,19462061.0,19462061.0,1570560.0,622299.0,622299.0,392640.0,192086.0,192086.0,0.0,0.0,0.21717035130569717,0.13539868080529027,0.0,0.5075350542843314,0.3962274602689487,0.48921658516707417,34092640.0,17037612.0,0.0,17037612.0,0.0,7550883.129577637,8376320.0,13957928.585812572,1300299356.8144531,7550883.129577637,7778990.215866089,4167795.0,4167795.0,0.49974457830194435,0.49974457830194435,0.9014559054068656,0.9014559054068656,0.10360693164788166,0.0,33765440.0,17001966.0,17001966.0,261760.0,35532.0,35532.0,65440.0,114.0,114.0,0.0,0.0,0.02723237487207415,0.12224911300503569,0.0,0.5035315991735929,0.13574266503667481,0.0017420537897310513,6216800.0,3238834.0,0.0,3238834.0,0.0,26618815.101145096,41881600.0,688302833.739422,3664616798.632538,26618815.101145096,37305238.15715027,1290050.0,1290050.0,0.5209808904902844,0.5209808904902844,0.6355730225479709,0.6355730225479709,0.43338661558017033,0.0,4580800.0,2460095.0,2460095.0,1308800.0,586767.0,586767.0,327200.0,191972.0,191972.0,0.0,0.0,0.2551579465924218,0.2075102946853687,0.0,0.5370448393293747,0.4483244193154034,0.5867114914425428,"[0.6703274888214663, 0.6823491806499444, 0.6851307756008973]","[0.3706982966539435, 0.3803846659122348, 0.38877510435799517]","[0.48873427985799545, 0.4935939047199912, 0.5377258579514351]","[0.8876185412876912, 0.9009004103607602, 0.9152566664301164]","[0.09791272284787662, 0.09969632237589086, 0.11538824713595607]","[0.48297548516260563, 0.4883279259532542, 0.5405429694973015]","[0.6268692783282213, 0.6386389347077813, 0.6391055974350535]","[0.42763689109978237, 0.44147469092811853, 0.44635975123531507]","[0.5203779026217229, 0.522293021880544, 0.5223095739051947]",0.6666666666666666,0.0,2.0,0
longbench_v2,Table QA,jl_gaussian_r2_s50,3,0.0,0.0,0.0,"(0.0, 0.0)",62,3517,0.017628660790446404,0.0,,0,0,33505920.0,17124810.0,0.0,17124810.0,0.0,28644916.593756743,41779200.0,441497749.4399931,4210389629.803711,28644916.593756743,37667106.92261124,4594908.0,4594908.0,0.5110980387943385,0.5110980387943385,0.6856262588502591,0.6856262588502591,0.3238195786628358,0.0,31873920.0,16448732.0,16448732.0,1305600.0,517469.0,517469.0,326400.0,158609.0,158609.0,0.0,0.0,0.2159493319368129,0.13713719844135006,0.0,0.5160561361765356,0.39634574142156864,0.48593443627450983,28337920.0,14446335.0,0.0,14446335.0,0.0,6266571.10956955,6963200.0,12772041.876696363,1100534082.0031738,6266571.10956955,6454615.389865875,3521944.0,3521944.0,0.5097881213582366,0.5097881213582366,0.8999556395866196,0.8999556395866196,0.107727955720876,0.0,28065920.0,14416930.0,14416930.0,217600.0,29243.0,29243.0,54400.0,162.0,162.0,0.0,0.0,0.02700544007012949,0.12428378653055694,0.0,0.5136810052904021,0.1343887867647059,0.002977941176470588,5168000.0,2678475.0,0.0,2678475.0,0.0,22378345.484187193,34816000.0,428725707.5632967,3109855547.800537,22378345.484187193,31212491.53274536,1072964.0,1072964.0,0.51828076625387,0.51828076625387,0.642760382702987,0.642760382702987,0.3712954733768681,0.0,3808000.0,2031802.0,2031802.0,1088000.0,488226.0,488226.0,272000.0,158447.0,158447.0,0.0,0.0,0.2537381103101496,0.20761687306501547,0.0,0.533561449579832,0.44873713235294116,0.5825257352941177,"[0.6720665180012264, 0.674319371416439, 0.693077595607243]","[0.3153829629764729, 0.3359751188004331, 0.3383717196332052]","[0.4855644989314842, 0.5114003079807178, 0.5548304982844029]","[0.8846429830703482, 0.9037064675534101, 0.906251301745471]","[0.10131877007855687, 0.10646898049890771, 0.12360082009712882]","[0.480051044454406, 0.5104286712380074, 0.5607766211583767]","[0.628210303550222, 0.6298285431869914, 0.6512291394175989]","[0.36221020390641284, 0.3852025927587391, 0.386012125903651]","[0.5159021721259065, 0.5166987431264729, 0.5223157778071601]",0.0,0.0,0.0,0
longbench_v2,Table QA,jl_gaussian_r32_s50,3,0.0,0.0,0.0,"(0.0, 0.0)",92,3295,0.027921092564491653,0.0,,0,0,24659200.0,12449834.0,0.0,12449834.0,0.0,21901869.785861716,30720000.0,252145934.1624751,3104531125.24115,21901869.785861716,27940117.885849,3290401.0,3290401.0,0.5048758272774462,0.5048758272774462,0.712951490425186,0.712951490425186,0.28498892006239296,0.0,23459200.0,11990590.0,11990590.0,960000.0,353450.0,353450.0,240000.0,105794.0,105794.0,0.0,0.0,0.19655755533812772,0.13343502627822476,0.0,0.5111252728140772,0.3681770833333333,0.44080833333333336,20859200.0,10523192.0,0.0,10523192.0,0.0,4588111.834186554,5120000.0,8926983.395663023,798697850.0095215,4588111.834186554,4723335.416168213,2514458.0,2514458.0,0.5044868451330827,0.5044868451330827,0.8961155926145613,0.8961155926145613,0.1057209618775579,0.0,20659200.0,10502860.0,10502860.0,160000.0,20258.0,20258.0,40000.0,74.0,74.0,0.0,0.0,0.02641085585579276,0.1205443161770346,0.0,0.5083865783767039,0.1266125,0.00185,3800000.0,1926642.0,0.0,1926642.0,0.0,17313757.95167516,25600000.0,243218950.7668121,2305833275.2316284,17313757.95167516,23216782.469680786,775943.0,775943.0,0.507011052631579,0.507011052631579,0.676318669987311,0.676318669987311,0.32477661738718516,0.0,2800000.0,1487730.0,1487730.0,800000.0,333192.0,333192.0,200000.0,105720.0,105720.0,0.0,0.0,0.2305868952345947,0.20419552631578947,0.0,0.5313321428571428,0.41649,0.5286,"[0.7056894498941788, 0.7115590120099734, 0.7183701252708504]","[0.2746795741576587, 0.29655389339203847, 0.2988478690629042]","[0.48854206620458135, 0.5009021584440227, 0.5466858008610849]","[0.8897498309127949, 0.8975065675070104, 0.9054429831929842]","[0.099788313426985, 0.10414020603790344, 0.11319005044731201]","[0.48380669609786875, 0.503805580507523, 0.5543825680773445]","[0.6684805529061569, 0.6723853969890725, 0.6821460160393197]","[0.3127989681420375, 0.33910374229524587, 0.34104430041418465]","[0.4900073002273124, 0.5097274436090226, 0.5197505230467473]",0.0,0.0,0.0,1
longbench_v2,Table QA,jl_gaussian_r8_s50,3,0.0,0.0,0.0,"(0.0, 0.0)",176,3532,0.04983012457531144,0.0,,0,0,45041280.0,20288189.0,0.0,20288189.0,0.0,38621231.4146401,55050240.0,507725642.3936921,5625644200.551849,38621231.4146401,49756091.94282341,6029063.0,6029063.0,0.45043544499623456,0.45043544499623456,0.7015633612976092,0.7015633612976092,0.30041970700420123,0.0,42890880.0,19449453.0,19449453.0,1720320.0,642473.0,642473.0,430080.0,196263.0,196263.0,0.0,0.0,0.20226724766655535,0.13385638685223866,0.0,0.4534636034513631,0.37346133277529764,0.45634068080357143,38231680.0,16799720.0,0.0,16799720.0,0.0,8322978.053886414,9175040.0,12194060.35347882,1430630130.2287598,8322978.053886414,8572325.137237549,4630658.0,4630658.0,0.43941882752732814,0.43941882752732814,0.9071326178290682,0.9071326178290682,0.09232312289928177,0.0,37873280.0,16760912.0,16760912.0,286720.0,38544.0,38544.0,71680.0,264.0,264.0,0.0,0.0,0.02717667534431842,0.12112096564943,0.0,0.4425524274633726,0.13443080357142856,0.003683035714285714,6809600.0,3488469.0,0.0,3488469.0,0.0,30298253.36075369,45875200.0,495531582.0402132,4195014070.3230896,30298253.36075369,41183766.80558586,1398405.0,1398405.0,0.5122869184680451,0.5122869184680451,0.6604495099913175,0.6604495099913175,0.3436916321661537,0.0,5017600.0,2688541.0,2688541.0,1433600.0,603929.0,603929.0,358400.0,195999.0,195999.0,0.0,0.0,0.23728536213100263,0.20535787711466166,0.0,0.5358221061862245,0.4212674386160714,0.5468722098214286,"[0.7005273342920187, 0.7081968724084285, 0.7106312731275201]","[0.2994166105137486, 0.302543707199514, 0.3057445639972971]","[0.4421010540401962, 0.4870676329911339, 0.525610793312706]","[0.899713214238913, 0.9090747353243108, 0.9112774880286632]","[0.08955192756920524, 0.09977120110955769, 0.1055979037882061]","[0.4295682347705363, 0.4879004418668876, 0.5303108340225782]","[0.6592859301398302, 0.6703616800966016, 0.6709701062015613]","[0.34231282988852674, 0.3468187725665368, 0.3512984515563634]","[0.4869059691912709, 0.5043982670089859, 0.5177005756765243]",0.0,0.0,0.0,2
longbench_v2,Table QA,mass_s50,3,0.0,0.0,0.0,"(0.0, 0.0)",116,3305,0.03509833585476551,0.0,,0,0,27637120.0,14781190.0,14781190.0,14781190.0,0.0,24906683.16041398,34406400.0,440579588.43773896,3734601509.645355,24906683.16041398,30962555.824272156,3161000.0,3161000.0,0.5348310533080147,0.5348310533080147,0.723896808745291,0.723896808745291,0.34347098237597457,0.0,26293120.0,14117100.0,14117100.0,1075200.0,525087.0,525087.0,268800.0,139003.0,139003.0,0.5348310533080147,0.0,0.1760100639374702,0.1143751592061691,0.0,0.536912317747,0.48836216517857145,0.517124255952381,23381120.0,12566525.0,12566525.0,12566525.0,0.0,5157181.125961304,5734400.0,11982078.567231268,946945443.0195312,5157181.125961304,5267628.809474945,2346699.0,2346699.0,0.5374646295814742,0.5374646295814742,0.8993410166645689,0.8993410166645689,0.1124873283886728,0.0,23157120.0,12517911.0,12517911.0,179200.0,47979.0,47979.0,44800.0,635.0,635.0,0.5374646295814742,0.0,0.019260547487730425,0.10036726213286618,0.0,0.5405642411491585,0.26773995535714284,0.014174107142857143,4256000.0,2214665.0,2214665.0,2214665.0,0.0,19749502.034452677,28672000.0,428597509.87050766,2787656066.625824,19749502.034452677,25694927.01479721,814301.0,814301.0,0.5203630169172933,0.5203630169172933,0.6888079671614354,0.6888079671614354,0.39210756961202464,0.0,3136000.0,1599189.0,1599189.0,896000.0,477108.0,477108.0,224000.0,138368.0,138368.0,0.5203630169172933,0.0,0.20735996722741817,0.19133012218045112,0.0,0.5099454719387755,0.5324866071428571,0.6177142857142857,"[0.7189412183794824, 0.7240320876336098, 0.7438225737017264]","[0.3142517911514858, 0.32509718060793147, 0.34963211871894784]","[0.5117933570829327, 0.5360778658236164, 0.5623052168172845]","[0.8888105757965964, 0.9012396345967374, 0.9082401812422501]","[0.1076233756559589, 0.10863532414463434, 0.12652781987585784]","[0.5131345198384591, 0.5367956987509026, 0.5720276371139766]","[0.6831029880760384, 0.6916978429410197, 0.7115605051336288]","[0.358004370744349, 0.36684923305199085, 0.3992585422869428]","[0.4987760725002027, 0.5036662679425837, 0.5264266820749872]",0.0,0.0,0.0,2
longbench_v2,User guide QA,blasst_aggressive_s50,8,0.25,0.125,0.125,"(0.0, 0.375)",285,4661,0.06114567689337052,0.0,2.0,0,0,41126880.0,18813066.0,18813066.0,18813066.0,0.0,41245738.70051372,53084160.0,550264524.3949616,5276601564.618195,41245738.70051372,48504173.79338455,3508079.0,3508079.0,0.4574396599012617,0.4574396599012617,0.7769876871088046,0.7769876871088046,0.3229301589893734,0.0,39053280.0,18007849.0,18007849.0,1658880.0,618918.0,618918.0,414720.0,186299.0,186299.0,0.4574396599012617,0.0,0.13673448148884396,0.085298933446933,0.0,0.4611097710614832,0.3730938946759259,0.4492163387345679,34560480.0,15695250.0,15695250.0,15695250.0,0.0,8066845.398605347,8847360.0,23608833.90482772,1346922571.3320312,8066845.398605347,8185896.744110107,2325306.0,2325306.0,0.4541386577964195,0.4541386577964195,0.911779943237909,0.911779943237909,0.13239328341912468,0.0,34214880.0,15652713.0,15652713.0,276480.0,40996.0,40996.0,69120.0,1541.0,1541.0,0.4541386577964195,0.0,0.013456143471584827,0.06728222524687157,0.0,0.4574826215962178,0.1482783564814815,0.022294560185185185,6566400.0,3117816.0,3117816.0,3117816.0,0.0,33178893.301908374,44236800.0,526655690.4901339,3929678993.2861633,33178893.301908374,40318277.049274445,1182773.0,1182773.0,0.47481359649122806,0.47481359649122806,0.7500292358829838,0.7500292358829838,0.36608746011395416,0.0,4838400.0,2355136.0,2355136.0,1382400.0,577922.0,577922.0,345600.0,184758.0,184758.0,0.47481359649122806,0.0,0.1613901490922958,0.18012503045808967,0.0,0.4867592592592593,0.4180570023148148,0.5346006944444445,"[0.76469100182855, 0.7709203809692212, 0.7941882015003426]","[0.30759893781378705, 0.3199336936904041, 0.3393582372341551]","[0.43841003119118194, 0.46038838666849813, 0.4858536049084117]","[0.9031188488155604, 0.9098046507970208, 0.9180710279726557]","[0.12626608925750368, 0.13163897940775607, 0.1444003525831171]","[0.43162120659758035, 0.4583422111276839, 0.48717368693588964]","[0.7372297252642322, 0.7420903066007686, 0.7696876054400276]","[0.3460821185339651, 0.36346012521592447, 0.38369449530670124]","[0.45787884294068504, 0.47328473883572564, 0.4852178463399879]",0.25,0.125,2.0,0
longbench_v2,User guide QA,blasst_original_s50,8,0.125,0.125,0.0,"(0.0, 0.0)",357,4542,0.0785997357992074,0.0,1.0,0,0,31911200.0,13773319.0,13773319.0,13773319.0,0.0,38629876.939536095,41041920.0,68186036.67872551,4252538621.384918,38629876.939536095,39963614.6359787,2334491.0,2334491.0,0.43161394745418535,0.43161394745418535,0.9412297704282864,0.9412297704282864,0.1266262048211759,0.0,30308000.0,13449068.0,13449068.0,1282560.0,269986.0,269986.0,320640.0,54265.0,54265.0,0.43161394745418535,0.0,0.032496961556442876,0.07315585123718318,0.0,0.44374646957898906,0.2105055513972056,0.16923964570858283,26834400.0,12574840.0,12574840.0,12574840.0,0.0,6231291.1498680115,6840320.0,19893248.29016814,1097582372.9169922,6231291.1498680115,6323505.1003341675,1786989.0,1786989.0,0.4686089497063471,0.4686089497063471,0.9109648598118234,0.9109648598118234,0.13462765766434173,0.0,26567200.0,12537825.0,12537825.0,213760.0,35510.0,35510.0,53440.0,1505.0,1505.0,0.4686089497063471,0.0,0.013480941018279263,0.06659321617028888,0.0,0.47192873166912586,0.16612088323353294,0.0281624251497006,5076800.0,1198479.0,1198479.0,1198479.0,0.0,32398585.789668083,34201600.0,48292788.38855737,3154956248.467926,32398585.789668083,33640109.53564453,547502.0,547502.0,0.2360697683580208,0.2360697683580208,0.947282752551579,0.947282752551579,0.12372129879465169,0.0,3740800.0,911243.0,911243.0,1068800.0,234476.0,234476.0,267200.0,52760.0,52760.0,0.2360697683580208,0.0,0.0363001656640756,0.1078439174283013,0.0,0.24359575491873395,0.21938248502994012,0.19745508982035928,"[0.9386471257818876, 0.9428728910317186, 0.945102085341586]","[0.11364493973133846, 0.12190192699065111, 0.13392344637325299]","[0.4105857908941443, 0.4295146967501942, 0.4528135638362085]","[0.9007963081151801, 0.91084488791076, 0.9161842949756411]","[0.1255795542456442, 0.1366834521621799, 0.14528897506019525]","[0.44442171812491943, 0.4688406261423743, 0.4964580173127676]","[0.9431641740300967, 0.9500317058736167, 0.9525989591937061]","[0.10626431813575146, 0.1135913342856276, 0.1349233648504542]","[0.2123096172248804, 0.2296153639874142, 0.24882304530656538]",0.125,0.125,1.0,0
longbench_v2,User guide QA,dense,8,0.125,0.125,0.0,"(0.0, 0.0)",4012,4012,1.0,1.0,1.0,0,0,30530240.0,0.0,0.0,0.0,0.0,39444480.0,39444480.0,0.0,4110675624.4913635,39444480.0,39444480.0,0.0,0.0,0.0,0.0,1.0,1.0,0.0,0.0,28989440.0,0.0,0.0,1232640.0,0.0,0.0,308160.0,0.0,0.0,0.0,0.0,0.0,0.0,0.0,0.0,0.0,0.0,25651040.0,0.0,0.0,0.0,0.0,6574080.0,6574080.0,0.0,1080735531.8720703,6574080.0,6574080.0,0.0,0.0,0.0,0.0,1.0,1.0,0.0,0.0,25394240.0,0.0,0.0,205440.0,0.0,0.0,51360.0,0.0,0.0,0.0,0.0,0.0,0.0,0.0,0.0,0.0,0.0,4879200.0,0.0,0.0,0.0,0.0,32870400.0,32870400.0,0.0,3029940092.619293,32870400.0,32870400.0,0.0,0.0,0.0,0.0,1.0,1.0,0.0,0.0,3595200.0,0.0,0.0,1027200.0,0.0,0.0,256800.0,0.0,0.0,0.0,0.0,0.0,0.0,0.0,0.0,0.0,0.0,"[1.0, 1.0, 1.0]","[0.0, 0.0, 0.0]","[0.0, 0.0, 0.0]","[1.0, 1.0, 1.0]","[0.0, 0.0, 0.0]","[0.0, 0.0, 0.0]","[1.0, 1.0, 1.0]","[0.0, 0.0, 0.0]","[0.0, 0.0, 0.0]",0.125,0.125,1.0,0
longbench_v2,User guide QA,full_centered_s50,8,0.375,0.125,0.25,"(0.0, 0.625)",260,5675,0.04581497797356828,0.0,3.0,0,0,68862400.0,33282405.0,0.0,33282405.0,0.0,67583885.70690644,91054080.0,629460948.4693098,9190636271.244751,67583885.70690644,83650312.9898262,8708070.0,8708070.0,0.4833175288691652,0.4833175288691652,0.7422389607023259,0.7422389607023259,0.2617047507531143,0.0,65305600.0,31958387.0,31958387.0,2845440.0,1016052.0,1016052.0,711360.0,307966.0,307966.0,0.0,0.0,0.1764492846769718,0.12645609214898115,0.0,0.489366715871227,0.3570808029689609,0.4329256635177688,57599200.0,27743614.0,0.0,27743614.0,0.0,13833140.466659546,15175680.0,20426121.69137834,2413282332.887207,13833140.466659546,14201107.748718262,6482139.0,6482139.0,0.48166665509243184,0.48166665509243184,0.9115334842761277,0.9115334842761277,0.09200022526080748,0.0,57006400.0,27690421.0,27690421.0,474240.0,52915.0,52915.0,118560.0,278.0,278.0,0.0,0.0,0.024247169290517186,0.1125386984541452,0.0,0.48574232016054336,0.11157852564102565,0.002344804318488529,11263200.0,5538791.0,0.0,5538791.0,0.0,53750745.240246885,75878400.0,609034826.7779315,6777353938.357544,53750745.240246885,69449205.24110794,2225931.0,2225931.0,0.49175997940194616,0.49175997940194616,0.7083800559875655,0.7083800559875655,0.29977194143474795,0.0,8299200.0,4267966.0,4267966.0,2371200.0,963137.0,963137.0,592800.0,307688.0,307688.0,0.0,0.0,0.20688970775426282,0.19762864905177924,0.0,0.5142623385386543,0.4061812584345479,0.5190418353576248,"[0.7287723031411522, 0.7402757777194433, 0.7573270596808731]","[0.2537525520745177, 0.26191303208389605, 0.2775056445083601]","[0.42832463873674775, 0.4987538587964786, 0.5292760538817339]","[0.8868801628240085, 0.9048545656003568, 0.9268431791297804]","[0.0761178280537484, 0.09394489569367076, 0.11270947753092213]","[0.4089379474388126, 0.5023436842179844, 0.5349936802078011]","[0.6930123189556496, 0.7039796157813367, 0.7273144080391286]","[0.2894187330113104, 0.30023943662920055, 0.31740897256694434]","[0.4758278886872353, 0.48762472392752865, 0.5021139892501992]",0.375,0.125,3.0,0
longbench_v2,User guide QA,jl_gaussian_r1_s50,8,0.125,0.125,0.0,"(0.0, 0.0)",206,5374,0.03833271306289542,0.0,1.0,0,0,81341600.0,39383305.0,0.0,39383305.0,0.0,71933614.47743857,103587840.0,1405281962.254645,10424756574.297516,71933614.47743857,93537475.62519455,10251260.0,10251260.0,0.4841717522153486,0.4841717522153486,0.6944214154618782,0.6944214154618782,0.36715443161426387,0.0,77295200.0,37718870.0,37718870.0,3237120.0,1290143.0,1290143.0,809280.0,374292.0,374292.0,0.0,0.0,0.20855595741504004,0.12602727263786304,0.0,0.48798463552717375,0.3985465475484381,0.4625,68528000.0,32736177.0,0.0,32736177.0,0.0,15773160.726890564,17264640.0,21284167.730635773,2737445096.7226562,15773160.726890564,16196896.484031677,7649030.0,7649030.0,0.4777051278309596,0.4777051278309596,0.9136107516224239,0.9136107516224239,0.08817706266172072,0.0,67853600.0,32663785.0,32663785.0,539520.0,72133.0,72133.0,134880.0,259.0,259.0,0.0,0.0,0.024543561704218175,0.11161904622927854,0.0,0.4813861755308488,0.13369847271648874,0.0019202253855278766,12813600.0,6647128.0,0.0,6647128.0,0.0,56160453.750548005,86323200.0,1383997794.5240092,7687311477.57486,56160453.750548005,77340579.14116287,2602230.0,2602230.0,0.5187556970718612,0.5187556970718612,0.6505835482297692,0.6505835482297692,0.424307257204459,0.0,9441600.0,5055085.0,5055085.0,2697600.0,1218010.0,1218010.0,674400.0,374033.0,374033.0,0.0,0.0,0.2453584365572044,0.20308344259224573,0.0,0.5354055456702254,0.451516162514828,0.5546159549228944,"[0.685363894530684, 0.6968757173495952, 0.7212380720690738]","[0.34619217710077255, 0.36814407392854587, 0.3764006791412093]","[0.4123449599676827, 0.48733267342065445, 0.5227974089097766]","[0.8973954605109533, 0.9148424242248501, 0.9321605573389129]","[0.06916436845484253, 0.08792175803976143, 0.10287913560160819]","[0.3846391514499292, 0.48091843167027065, 0.5227740841478278]","[0.6360194840756855, 0.6532903673745274, 0.6819587812174496]","[0.4002351505221265, 0.42433025660272544, 0.434461837369631]","[0.4992345720380578, 0.5145983939628482, 0.5286659218016578]",0.125,0.125,1.0,1
longbench_v2,User guide QA,jl_gaussian_r2_s50,8,0.25,0.125,0.125,"(0.0, 0.375)",217,5839,0.03716389792772735,0.0,2.0,0,0,72154560.0,33421379.0,0.0,33421379.0,0.0,68708325.82469516,96952320.0,938371124.7642634,9735132779.788025,68708325.82469516,88077393.99509048,9223949.0,9223949.0,0.4631915016874886,0.4631915016874886,0.7086816058109301,0.7086816058109301,0.31046766687101285,0.0,68367360.0,31908525.0,31908525.0,3029760.0,1160034.0,1160034.0,757440.0,352820.0,352820.0,0.0,0.0,0.19977931596062198,0.1278359815374108,0.0,0.46672161979049653,0.3828798320659062,0.4658058724123363,60161760.0,27299960.0,0.0,27299960.0,0.0,14818964.735866547,16158720.0,19947125.45704922,2557271278.402832,14818964.735866547,15199199.646453857,6786425.0,6786425.0,0.45377595336306653,0.45377595336306653,0.9170877851628437,0.9170877851628437,0.08831851519333633,0.0,59530560.0,27244134.0,27244134.0,504960.0,55291.0,55291.0,126240.0,535.0,535.0,0.0,0.0,0.023531251892929067,0.11280296653555348,0.0,0.45764955007982455,0.10949580164765527,0.004237959442332066,11992800.0,6121419.0,0.0,6121419.0,0.0,53889361.08882861,80793600.0,918423999.3072141,7177861501.385193,53889361.08882861,72878194.34863663,2437524.0,2437524.0,0.5104245047028217,0.5104245047028217,0.6670003699405473,0.6670003699405473,0.3577042290516358,0.0,8836800.0,4664391.0,4664391.0,2524800.0,1104743.0,1104743.0,631200.0,352285.0,352285.0,0.0,0.0,0.23502892877416057,0.20324894936962176,0.0,0.5278371129820749,0.4375566381495564,0.5581194550063371,"[0.697219053445126, 0.7095004235376656, 0.7245593124875385]","[0.3047349202672442, 0.3105443737041859, 0.32008614369165095]","[0.40969304899584114, 0.46931446199411353, 0.5114339045771672]","[0.8964639134705266, 0.9075249346943162, 0.9320249957520502]","[0.07383448078715858, 0.09356443225517513, 0.10588603665088152]","[0.38197315447019164, 0.46219500729803803, 0.5106699575066663]","[0.6571214188653535, 0.6645209216347514, 0.687362871837834]","[0.351966834033618, 0.3560926972059465, 0.36755639844640997]","[0.494433971291866, 0.5096394354563966, 0.5191684746022032]",0.25,0.125,2.0,0
longbench_v2,User guide QA,jl_gaussian_r32_s50,8,0.125,0.125,0.0,"(0.0, 0.0)",242,5358,0.045166106756252336,0.0,1.0,0,0,66559840.0,31040705.0,0.0,31040705.0,0.0,62881716.81389852,85770240.0,635037534.9803605,8616927711.77121,62881716.81389852,78746462.88076973,8388030.0,8388030.0,0.46635786684583375,0.46635786684583375,0.7331414347668669,0.7331414347668669,0.2714710189745311,0.0,63209440.0,29759966.0,29759966.0,2680320.0,984326.0,984326.0,670080.0,296413.0,296413.0,0.0,0.0,0.18496795703114752,0.1260223882749718,0.0,0.47081521367694446,0.3672419711079274,0.4423546442215855,55950240.0,25832528.0,0.0,25832528.0,0.0,13077527.975643158,14295040.0,17490394.03719685,2249485013.6469727,13077527.975643158,13416310.790885925,6240837.0,6240837.0,0.46170540108496405,0.46170540108496405,0.9148297574293711,0.9148297574293711,0.08817759404105256,0.0,55391840.0,25776568.0,25776568.0,446720.0,55794.0,55794.0,111680.0,166.0,166.0,0.0,0.0,0.023699326146885028,0.11154263145251923,0.0,0.46534955329160393,0.12489702722063037,0.0014863896848137535,10609600.0,5208177.0,0.0,5208177.0,0.0,49804188.83825536,71475200.0,617547140.9431636,6367442698.124237,49804188.83825536,65330152.089883804,2147193.0,2147193.0,0.4908928706077515,0.4908928706077515,0.696803770234366,0.696803770234366,0.3114243273102993,0.0,7817600.0,3983398.0,3983398.0,2233600.0,928532.0,928532.0,558400.0,296247.0,296247.0,0.0,0.0,0.21722168320800003,0.202382087920374,0.0,0.5095423147769136,0.4157109598853868,0.5305282951289398,"[0.7204718550404904, 0.7333656515185487, 0.7475798246941993]","[0.26210989128650347, 0.27191132774994164, 0.2810074096460865]","[0.39870869600059644, 0.4774610306436182, 0.5069620941834575]","[0.8982396863243688, 0.9135875359766077, 0.9328677673308301]","[0.06832500292878997, 0.08862038186100601, 0.10265319911658449]","[0.37587546002815825, 0.4755409957916432, 0.5078126670420232]","[0.6850247370040957, 0.6913778253913581, 0.7141228669418485]","[0.3005981265381513, 0.3110567386218173, 0.3232139015829501]","[0.4760563477532274, 0.4883137354131936, 0.503647808908994]",0.125,0.125,1.0,0
longbench_v2,User guide QA,jl_gaussian_r8_s50,8,0.25,0.125,0.125,"(0.0, 0.375)",298,6367,0.0468038322600911,0.0,2.0,0,0,87224480.0,41616139.0,0.0,41616139.0,0.0,79478466.28246538,111452160.0,963552357.6339811,11901471036.025818,79478466.28246538,101701916.65155792,11118173.0,11118173.0,0.4771153579820711,0.4771153579820711,0.713117325697998,0.713117325697998,0.2845360755158391,0.0,82870880.0,39902590.0,39902590.0,3482880.0,1317339.0,1317339.0,870720.0,396210.0,396210.0,0.0,0.0,0.19939901002450325,0.1274661998558203,0.0,0.48150315285658846,0.3782326695148842,0.455037210584344,73438080.0,34533825.0,0.0,34533825.0,0.0,16991081.34666443,18575360.0,23237604.199530117,3044792230.6503906,16991081.34666443,17444472.351272583,8375746.0,8375746.0,0.47024411585923814,0.47024411585923814,0.914710742976956,0.914710742976956,0.08736084854312019,0.0,72712480.0,34465031.0,34465031.0,580480.0,68504.0,68504.0,145120.0,290.0,290.0,0.0,0.0,0.02440819475951768,0.11405181072272041,0.0,0.47399058593517923,0.11801267916207277,0.0019983461962513782,13786400.0,7082314.0,0.0,7082314.0,0.0,62487384.935800955,92876800.0,940314753.434451,8856678805.375427,62487384.935800955,84257444.30028534,2742427.0,2742427.0,0.5137174316717925,0.5137174316717925,0.6727986422422064,0.6727986422422064,0.32583758454425543,0.0,10158400.0,5437559.0,5437559.0,2902400.0,1248835.0,1248835.0,725600.0,395920.0,395920.0,0.0,0.0,0.23439717307750035,0.19892263390007545,0.0,0.5352771105685935,0.4302766675854465,0.5456449834619626,"[0.7058890823726758, 0.7285523854615246, 0.7416378411379516]","[0.2705969635326306, 0.2841659185078723, 0.29146691613569253]","[0.3979612139256384, 0.47035031474032524, 0.5045972472183403]","[0.9037130009185512, 0.9126301391548606, 0.935495794929468]","[0.0665717269532396, 0.08842742757469751, 0.09904293381940352]","[0.3724633142124311, 0.4662212951541063, 0.49998300745788643]","[0.6660621980834193, 0.6914910390787841, 0.7065449982966415]","[0.30965364004074025, 0.32781841047752003, 0.33724726415806067]","[0.48344313861626403, 0.49751245076978157, 0.518250923473256]",0.25,0.125,2.0,1
longbench_v2,User guide QA,mass_s50,8,0.125,0.125,0.0,"(0.0, 0.0)",224,5341,0.04193971166448231,0.0,1.0,0,0,55091680.0,26857144.0,26857144.0,26857144.0,0.0,54003643.576478004,70901760.0,653666007.1797175,7335447135.711395,54003643.576478004,64741998.80084038,5973107.0,5973107.0,0.487499092421941,0.487499092421941,0.7616685901235457,0.7616685901235457,0.2985139660979,0.0,52322080.0,25598203.0,25598203.0,2215680.0,991535.0,991535.0,553920.0,267406.0,267406.0,0.487499092421941,0.0,0.1514540009213082,0.10842121714204395,0.0,0.4892428397342002,0.44750821418255343,0.48275202195262856,46321280.0,22520253.0,22520253.0,22520253.0,0.0,10786354.001285553,11816960.0,16128592.928939074,1859312330.4770508,10786354.001285553,10999377.771335602,4318102.0,4318102.0,0.4861751013788911,0.4861751013788911,0.912785860431579,0.912785860431579,0.09313696156511334,0.0,45859680.0,22430381.0,22430381.0,369280.0,89169.0,89169.0,92320.0,703.0,703.0,0.4861751013788911,0.0,0.01802695194449747,0.09322069683739309,0.0,0.4891089732854656,0.2414671793760832,0.007614818024263431,8770400.0,4336891.0,4336891.0,4336891.0,0.0,43217289.57519245,59084800.0,637537414.2507784,5476134805.2343445,43217289.57519245,53742621.029504776,1655005.0,1655005.0,0.4944918133722521,0.4944918133722521,0.731445136061939,0.731445136061939,0.3412053035671657,0.0,6462400.0,3167822.0,3167822.0,1846400.0,902366.0,902366.0,461600.0,266703.0,266703.0,0.4944918133722521,0.0,0.17813941071667036,0.18870347988689226,0.0,0.49019280762564993,0.4887164211438475,0.5777794627383016,"[0.7528303902986587, 0.7615815141473528, 0.7735228172478601]","[0.28046837079608505, 0.2959181582995388, 0.3106087030345247]","[0.43176389666573417, 0.48650173193367224, 0.5138316757888166]","[0.896330810833553, 0.9098264832723906, 0.930437617369937]","[0.07870227267669946, 0.0921917502495006, 0.10639630278491854]","[0.4167975499032363, 0.48411090693016723, 0.5172948567098247]","[0.7182646729003024, 0.7343655756714089, 0.745384144598778]","[0.32107546496417516, 0.33521951832926533, 0.35852680383739244]","[0.4783270878448357, 0.4917308075696234, 0.49944800807456624]",0.125,0.125,1.0,0
