benchmark,split,condition,name,target,config,method,thresholds,count,accuracy,dense_accuracy,delta,paired_ci95,matching_tokens,compared_tokens,token_agreement,sequence_exact_match,relative_accuracy,length_terminated,empty_outputs,overall_eligible,overall_skipped,overall_softmax_skipped,overall_pv_omitted,overall_compensated,overall_mass_sum,overall_rows,overall_error_sq,overall_dense_sq,overall_denominator_mass_sum,overall_same_budget_best_mass_sum,overall_wrongly_replaced_vs_mass,overall_unnecessarily_retained_vs_mass,overall_physical_sparsity,overall_pv_omission,overall_mass,overall_denominator_mass,overall_relative_error,overall_rescued_rows,overall_prefix_eligible,overall_prefix_skipped,overall_prefix_replaced,overall_canvas_eligible,overall_canvas_skipped,overall_canvas_replaced,overall_boundary_eligible,overall_boundary_skipped,overall_boundary_replaced,overall_softmax_sparsity,overall_compensation_fraction,overall_mass_selection_gap,overall_wrongly_replaced_fraction,overall_rescued_row_rate,overall_prefix_sparsity,overall_canvas_sparsity,overall_boundary_sparsity,global_eligible,global_skipped,global_softmax_skipped,global_pv_omitted,global_compensated,global_mass_sum,global_rows,global_error_sq,global_dense_sq,global_denominator_mass_sum,global_same_budget_best_mass_sum,global_wrongly_replaced_vs_mass,global_unnecessarily_retained_vs_mass,global_physical_sparsity,global_pv_omission,global_mass,global_denominator_mass,global_relative_error,global_rescued_rows,global_prefix_eligible,global_prefix_skipped,global_prefix_replaced,global_canvas_eligible,global_canvas_skipped,global_canvas_replaced,global_boundary_eligible,global_boundary_skipped,global_boundary_replaced,global_softmax_sparsity,global_compensation_fraction,global_mass_selection_gap,global_wrongly_replaced_fraction,global_rescued_row_rate,global_prefix_sparsity,global_canvas_sparsity,global_boundary_sparsity,local_eligible,local_skipped,local_softmax_skipped,local_pv_omitted,local_compensated,local_mass_sum,local_rows,local_error_sq,local_dense_sq,local_denominator_mass_sum,local_same_budget_best_mass_sum,local_wrongly_replaced_vs_mass,local_unnecessarily_retained_vs_mass,local_physical_sparsity,local_pv_omission,local_mass,local_denominator_mass,local_relative_error,local_rescued_rows,local_prefix_eligible,local_prefix_skipped,local_prefix_replaced,local_canvas_eligible,local_canvas_skipped,local_canvas_replaced,local_boundary_eligible,local_boundary_skipped,local_boundary_replaced,local_softmax_sparsity,local_compensation_fraction,local_mass_selection_gap,local_wrongly_replaced_fraction,local_rescued_row_rate,local_prefix_sparsity,local_canvas_sparsity,local_boundary_sparsity,overall_mass_sample_p10_p50_p90,overall_relative_error_sample_p10_p50_p90,overall_physical_sparsity_sample_p10_p50_p90,global_mass_sample_p10_p50_p90,global_relative_error_sample_p10_p50_p90,global_physical_sparsity_sample_p10_p50_p90,local_mass_sample_p10_p50_p90,local_relative_error_sample_p10_p50_p90,local_physical_sparsity_sample_p10_p50_p90,equal_task_macro,dense_equal_task_macro,correct,unparsed_answers
aime26,calibration6,blasst_aggressive_s50,blasst_aggressive,0.5,"{""method"": ""blasst""}",blasst,"{""global"": {""log_scale"": 7.779279118037186, ""source"": ""existing AIME26 refined aggressive policy"", ""source_sha256"": ""25f4b8a909373450454895db3594bdd80091ffde568115199c9c2a74095e1bd1""}, ""local"": {""log_scale"": 8.091333801578767, ""source"": ""existing AIME26 refined aggressive policy"", ""source_sha256"": ""25f4b8a909373450454895db3594bdd80091ffde568115199c9c2a74095e1bd1""}}",6,0.3333333333333333,0.5,-0.16666666666666666,"(-0.5, 0.0)",182,10254,0.017749171055197972,0.0,0.6666666666666666,1,0,10155680.0,5223770.0,5223770.0,5223770.0,0.0,70074792.13222244,102973440.0,3370698713.9605184,11967162301.333496,70074792.13222244,79745962.32236862,1231005.0,1231005.0,0.5143692987569518,0.5143692987569518,0.6805132676175764,0.6805132676175764,0.5307186838300222,0.0,6133280.0,3094112.0,3094112.0,3217920.0,1725849.0,1725849.0,804480.0,403809.0,403809.0,0.5143692987569518,0.0,0.09391907457055118,0.12121344902556992,0.0,0.5044791693840815,0.5363243958830549,0.5019503281622911,1921280.0,951923.0,951923.0,951923.0,0.0,12001569.489307523,17162240.0,585439830.2870995,3335588871.895508,12001569.489307523,13043674.272276878,162135.0,162135.0,0.4954629205529647,0.4954629205529647,0.6993008773509474,0.6993008773509474,0.4189429389049688,0.0,1250880.0,612986.0,612986.0,536320.0,282006.0,282006.0,134080.0,56931.0,56931.0,0.4954629205529647,0.0,0.060720790699195185,0.08438905313124584,0.0,0.4900438091583525,0.5258166766109785,0.42460471360381863,8234400.0,4271847.0,4271847.0,4271847.0,0.0,58073222.64291492,85811200.0,2785258883.673419,8631573429.437988,58073222.64291492,66702288.05009174,1068870.0,1068870.0,0.5187806033226464,0.5187806033226464,0.6767557456709021,0.6767557456709021,0.5680516155484506,0.0,4882400.0,2481126.0,2481126.0,2681600.0,1443843.0,1443843.0,670400.0,346878.0,346878.0,0.5187806033226464,0.0,0.10055873134482238,0.12980545030603322,0.0,0.5081775356382107,0.5384259397374702,0.5174194510739857,"[0.5173936051536253, 0.7001820550849921, 0.7205756401228547]","[0.44906690345676725, 0.49391014430602026, 0.7205208589254604]","[0.4949130105855333, 0.511922070388247, 0.6210541901765045]","[0.5080367734648462, 0.7246884329706467, 0.7482071843474671]","[0.3378369183080453, 0.38463944853802723, 0.5906200784736657]","[0.46393279407904636, 0.4985143498020207, 0.5996921115451389]","[0.5192649714913811, 0.6952807795078612, 0.715049331277932]","[0.48567386969296383, 0.5301271220410091, 0.764705353084637]","[0.4998966283862295, 0.5168534554183409, 0.6253266059027778]",0.3333333333333333,0.5,2.0,0
aime26,calibration6,blasst_original_s50,blasst_original,0.5,"{""method"": ""blasst""}",blasst,"{""global"": {""cap_one"": true, ""log_threshold"": 0.0, ""source"": ""exact lambda1 fallback for this attention type only"", ""unattainable"": true}, ""local"": {""cap_one"": true, ""log_threshold"": 0.0, ""source"": ""exact lambda1 fallback for this attention type only"", ""unattainable"": true}}",6,0.5,0.5,0.0,"(0.0, 0.0)",448,9423,0.04754324525098164,0.0,1.0,0,0,7803040.0,2204814.0,2204814.0,2204814.0,0.0,59699484.56771755,63897600.0,148896791.82168892,6982675023.9096985,59699484.56771755,61188231.4990406,591734.0,591734.0,0.2825583362381841,0.2825583362381841,0.9342993252910524,0.9342993252910524,0.14602652656245235,0.0,5307040.0,1629122.0,1629122.0,1996800.0,485085.0,485085.0,499200.0,90607.0,90607.0,0.2825583362381841,0.0,0.023298949120515503,0.0758337776046259,0.0,0.30697375561518286,0.24293118990384616,0.18150440705128204,1511040.0,549852.0,549852.0,549852.0,0.0,9619675.265154839,10649600.0,58165851.88277685,2001385678.2961426,9619675.265154839,9790411.153335571,88567.0,88567.0,0.36388977128335454,0.36388977128335454,0.9032898198199781,0.9032898198199781,0.17047812206454271,0.0,1095040.0,449303.0,449303.0,332800.0,86776.0,86776.0,83200.0,13773.0,13773.0,0.36388977128335454,0.0,0.016032140942451617,0.05861327297755189,0.0,0.4103073860315605,0.26074519230769233,0.16554086538461538,6292000.0,1654962.0,1654962.0,1654962.0,0.0,50079809.30256271,53248000.0,90730939.93891206,4981289345.613556,50079809.30256271,51397820.34570503,503167.0,503167.0,0.2630263827082009,0.2630263827082009,0.9405012263852673,0.9405012263852673,0.13496054409929467,0.0,4212000.0,1179819.0,1179819.0,1664000.0,398309.0,398309.0,416000.0,76834.0,76834.0,0.2630263827082009,0.0,0.02475231075612828,0.07996932612841703,0.0,0.28010897435897436,0.23936838942307692,0.1846971153846154,"[0.9310942131849897, 0.9332098356053291, 0.9385267706001548]","[0.14037960445623626, 0.1451930479806937, 0.14949465762532987]","[0.2675875025390928, 0.2895341386284265, 0.30267563868613134]","[0.8935093618671663, 0.9077224525484728, 0.9240379446113388]","[0.15567075777415082, 0.16536623826029398, 0.1795650813314027]","[0.3044466089072944, 0.3395336002951257, 0.3915232268920208]","[0.9356716507967584, 0.9390751808355735, 0.9435961998308409]","[0.13169636375489768, 0.1352866122491492, 0.13841868369748606]","[0.2466912420609434, 0.2745273121453762, 0.29555811879652605]",0.5,0.5,3.0,0
aime26,calibration6,dense,dense,0.0,{},dense,,6,0.5,0.5,0.0,"(0.0, 0.0)",9052,9052,1.0,1.0,1.0,1,0,9073520.0,0.0,0.0,0.0,0.0,72253439.97746277,72253440.0,2.7181293168540045e-05,7957463921.763306,72253439.97746277,72253439.98387146,0.0,0.0,0.0,0.0,0.9999999996880808,0.9999999996880808,5.844504781096942e-08,0.0,6251120.0,0.0,0.0,2257920.0,0.0,0.0,564480.0,0.0,0.0,0.0,0.0,8.8697388058617e-11,0.0,0.0,0.0,0.0,0.0,1790720.0,0.0,0.0,0.0,0.0,12042239.997688293,12042240.0,5.245010683177509e-06,2286988228.536133,12042239.997688293,12042239.997283936,0.0,0.0,0.0,0.0,0.9999999998080336,0.9999999998080336,4.7889601581828827e-08,0.0,1320320.0,0.0,0.0,376320.0,0.0,0.0,94080.0,0.0,0.0,0.0,0.0,-3.357829690790501e-11,0.0,0.0,0.0,0.0,0.0,7282800.0,0.0,0.0,0.0,0.0,60211199.979774475,60211200.0,2.1936282485362536e-05,5670475693.227173,60211199.979774475,60211199.986587524,0.0,0.0,0.0,0.0,0.9999999996640904,0.9999999996640904,6.219733382931984e-08,0.0,4930800.0,0.0,0.0,1881600.0,0.0,0.0,470400.0,0.0,0.0,0.0,0.0,1.131525250519214e-10,0.0,0.0,0.0,0.0,0.0,"[0.9999999993430433, 0.999999999740826, 0.9999999997669544]","[5.223758246659457e-08, 5.399473640637724e-08, 8.263977049195048e-08]","[0.0, 0.0, 0.0]","[0.9999999995194302, 0.9999999998491624, 0.999999999883256]","[4.233849313902474e-08, 4.4528051704618e-08, 6.708909666007614e-08]","[0.0, 0.0, 0.0]","[0.999999999307766, 0.9999999997163413, 0.9999999997465114]","[5.567047315936286e-08, 5.737867255354371e-08, 8.849853523042405e-08]","[0.0, 0.0, 0.0]",0.5,0.5,3.0,0
aime26,calibration6,full_centered_s50,full_centered,0.5,"{""family"": ""identity""}",centered,"{""global"": {""log_threshold"": -1.2118581533432007}, ""local"": {""log_threshold"": -0.7402970194816589}}",6,0.5,0.5,0.0,"(0.0, 0.0)",412,9723,0.042373752956906305,0.0,1.0,2,0,12850400.0,6516511.0,0.0,6516511.0,0.0,73812308.4061656,101130240.0,727342307.6698579,10756229168.413422,73812308.4061656,88927075.42009449,2066635.0,2066635.0,0.5071056932079935,0.5071056932079935,0.7298737588891868,0.7298737588891868,0.2600395475779997,0.0,8900000.0,4919571.0,4919571.0,3160320.0,1315363.0,1315363.0,790080.0,281577.0,281577.0,0.0,0.0,0.1494584311668685,0.16082262030753908,0.0,0.5527607865168539,0.4162119658768732,0.35639049210206564,2532800.0,1263069.0,0.0,1263069.0,0.0,13464079.438443184,16855040.0,91183286.93068664,3069193221.2141113,13464079.438443184,14556488.905007362,300328.0,300328.0,0.49868485470625395,0.49868485470625395,0.7988162257961526,0.7988162257961526,0.17236358027882603,0.0,1874400.0,1020383.0,1020383.0,526720.0,200417.0,200417.0,131680.0,42269.0,42269.0,0.0,0.0,0.06481203643326734,0.118575489576753,0.0,0.5443784677763551,0.3805000759416768,0.3209978736330498,10317600.0,5253442.0,0.0,5253442.0,0.0,60348228.96772241,84275200.0,636159020.7391711,7687035947.19931,60348228.96772241,74370586.51508713,1766307.0,1766307.0,0.5091728696596107,0.5091728696596107,0.7160852655077936,0.7160852655077936,0.28767583937076247,0.0,7025600.0,3899188.0,3899188.0,2633600.0,1114946.0,1114946.0,658400.0,239308.0,239308.0,0.0,0.0,0.1663877101135888,0.17119359153291464,0.0,0.5549971532680483,0.4233543438639125,0.36346901579586877,"[0.7046712683622443, 0.7408091919352726, 0.7712692445527618]","[0.2291482874369229, 0.2573324095396563, 0.27102493679240336]","[0.48482789091389855, 0.49877423936830667, 0.5210710391638997]","[0.768658989133453, 0.8133139470300867, 0.863855812563517]","[0.13643544595350093, 0.16203372020567128, 0.18917883706621458]","[0.39480063516021424, 0.45085318852396844, 0.5356129114758478]","[0.6918737242080024, 0.7263082409163099, 0.7527519309506108]","[0.2586683077449399, 0.28674062174070997, 0.29703415195634764]","[0.5022343317090008, 0.5077713500306662, 0.5191151461391406]",0.5,0.5,3.0,0
aime26,calibration6,jl_gaussian_r16_s50,jl_gaussian_r16,0.5,"{""family"": ""gaussian"", ""rank"": 16}",centered,"{""global"": {""log_threshold"": -1.2361350059509277}, ""local"": {""log_threshold"": -0.7595282196998596}}",6,0.3333333333333333,0.5,-0.16666666666666666,"(-0.5, 0.0)",486,10020,0.048502994011976046,0.0,0.6666666666666666,3,0,15345200.0,7827622.0,0.0,7827622.0,0.0,86568190.4346755,119070720.0,880562482.038855,12669888592.186646,86568190.4346755,104510013.83903599,2467797.0,2467797.0,0.5101023121236609,0.5101023121236609,0.7270317205999552,0.7270317205999552,0.2636293086623327,0.0,10694000.0,5935550.0,5935550.0,3720960.0,1550733.0,1550733.0,930240.0,341339.0,341339.0,0.0,0.0,0.15068207704094247,0.16081882282407528,0.0,0.5550355339442679,0.4167561597007224,0.36693648950808394,3120000.0,1596844.0,0.0,1596844.0,0.0,15813711.679018497,19845120.0,108036041.21261016,3598003569.2802734,15813711.679018497,17104965.74118042,353904.0,353904.0,0.5118089743589743,0.5118089743589743,0.7968564402240197,0.7968564402240197,0.17328203356678684,0.0,2344800.0,1307987.0,1307987.0,620160.0,242423.0,242423.0,155040.0,46434.0,46434.0,0.0,0.0,0.06506657869349858,0.11343076923076922,0.0,0.5578245479358581,0.39090396026831786,0.2994969040247678,12225200.0,6230778.0,0.0,6230778.0,0.0,70754478.755657,99225600.0,772526440.8262447,9071885022.906372,70754478.755657,87405048.09785557,2113893.0,2113893.0,0.5096667539181363,0.5096667539181363,0.7130667766751423,0.7130667766751423,0.2918151987308932,0.0,8349200.0,4627563.0,4627563.0,3100800.0,1308310.0,1308310.0,775200.0,294905.0,294905.0,0.0,0.0,0.16780517671043124,0.17291275398357492,0.0,0.5542522636899344,0.4219265995872033,0.3804244066047472,"[0.6995886797712655, 0.7448907204458981, 0.7769793846751698]","[0.22863722366936406, 0.25426288358461907, 0.2765674638185142]","[0.491914947669719, 0.4961021153590095, 0.5237388167515775]","[0.7574462952129, 0.8198419102841782, 0.871669723016509]","[0.13046575146151235, 0.1611753582840367, 0.19235879540765372]","[0.39244862522319535, 0.47369480296920513, 0.5552932865525689]","[0.6880171566829386, 0.7299004824782422, 0.758041317006902]","[0.25927613303313213, 0.2811773493845492, 0.3047151656057989]","[0.4976204258345731, 0.5087810915518352, 0.5221358350351128]",0.3333333333333333,0.5,2.0,0
aime26,calibration6,jl_gaussian_r1_s50,jl_gaussian_r1,0.5,"{""family"": ""gaussian"", ""rank"": 1}",centered,"{""global"": {""log_threshold"": -1.2361350059509277}, ""local"": {""log_threshold"": -0.8611931800842285}}",6,0.3333333333333333,0.5,-0.16666666666666666,"(-0.5, 0.0)",404,9187,0.0439751823228475,0.0,0.6666666666666666,1,0,14261200.0,7069217.0,0.0,7069217.0,0.0,85462872.94802608,116736000.0,1260955858.6913474,12246248645.60553,85462872.94802608,102172636.54649639,2232854.0,2232854.0,0.4956958039996634,0.4956958039996634,0.7321038321342694,0.7321038321342694,0.32088425318474534,0.0,9701200.0,5232091.0,5232091.0,3648000.0,1508466.0,1508466.0,912000.0,328660.0,328660.0,0.0,0.0,0.14314147819413306,0.15656845146271,0.0,0.5393241042345277,0.4135049342105263,0.3603728070175439,2736000.0,1336607.0,0.0,1336607.0,0.0,15436737.90011692,19456000.0,139333764.09735507,3529101118.8945312,15436737.90011692,16836470.621102333,325647.0,325647.0,0.48852595029239765,0.48852595029239765,0.7934178608201542,0.7934178608201542,0.19869920692503382,0.0,1976000.0,1067542.0,1067542.0,608000.0,228317.0,228317.0,152000.0,40748.0,40748.0,0.0,0.0,0.07194349922827985,0.11902302631578947,0.0,0.540254048582996,0.3755213815789474,0.26807894736842103,11525200.0,5732610.0,0.0,5732610.0,0.0,70026135.04790916,97280000.0,1121622094.5939922,8717147526.710999,70026135.04790916,85336165.92539406,1907207.0,1907207.0,0.4973978759587686,0.4973978759587686,0.7198410263970925,0.7198410263970925,0.3587038846087473,0.0,7725200.0,4164549.0,4164549.0,3040000.0,1280149.0,1280149.0,760000.0,287912.0,287912.0,0.0,0.0,0.1573810739873037,0.16548146669905944,0.0,0.5390862372495211,0.4211016447368421,0.3788315789473684,"[0.7172823217841706, 0.7354496412532469, 0.7701195770959293]","[0.29442967692872013, 0.31647360316601836, 0.330907160952539]","[0.47588055953178043, 0.49369281003651144, 0.504063118726485]","[0.7731241490938674, 0.7981557759514222, 0.8449201248273703]","[0.17134589024916214, 0.1963018485000022, 0.20893596756407884]","[0.4009749127848399, 0.4502865059602548, 0.5195933405412112]","[0.7053497184747672, 0.7236726521610758, 0.7551594675496411]","[0.33350850595549686, 0.35305290126784955, 0.3688637742451447]","[0.486207794894364, 0.4953761922105041, 0.5121887947008497]",0.3333333333333333,0.5,2.0,0
aime26,calibration6,jl_gaussian_r24_s50,jl_gaussian_r24,0.5,"{""family"": ""gaussian"", ""rank"": 24}",centered,"{""global"": {""log_threshold"": -1.2361350059509277}, ""local"": {""log_threshold"": -0.7595282196998596}}",6,0.3333333333333333,0.5,-0.16666666666666666,"(-0.6666666666666666, 0.3333333333333333)",447,9834,0.045454545454545456,0.0,0.6666666666666666,1,0,12913520.0,6492958.0,0.0,6492958.0,0.0,75135450.10977696,103096320.0,749904969.6233934,10994424709.431671,75135450.10977696,90440622.89501,2114834.0,2114834.0,0.5028031086798952,0.5028031086798952,0.7287888656915879,0.7287888656915879,0.26116613445493464,0.0,8886320.0,4855948.0,4855948.0,3221760.0,1354429.0,1354429.0,805440.0,282581.0,282581.0,0.0,0.0,0.14845508341357902,0.1637689801076701,0.0,0.5464520746495737,0.4204003401867302,0.3508405343663091,2499520.0,1235473.0,0.0,1235473.0,0.0,13615151.195739746,17182720.0,96051434.05168387,3136460453.3825684,13615151.195739746,14747872.547245026,300133.0,300133.0,0.4942841025476892,0.4942841025476892,0.7923746179731582,0.7923746179731582,0.17499757018942255,0.0,1828320.0,981950.0,981950.0,536960.0,212326.0,212326.0,134240.0,41197.0,41197.0,0.0,0.0,0.0659221212651594,0.12007625464089106,0.0,0.5370777544412356,0.3954223778307509,0.30689064362336116,10414000.0,5257485.0,0.0,5257485.0,0.0,61520298.91403721,85913600.0,653853535.5717095,7857964256.049103,61520298.91403721,75692750.34776497,1814701.0,1814701.0,0.5048478010370655,0.5048478010370655,0.7160717152352737,0.7160717152352737,0.28845974398182905,0.0,7058000.0,3873998.0,3873998.0,2684800.0,1142103.0,1142103.0,671200.0,241384.0,241384.0,0.0,0.0,0.16496167584326296,0.17425590551181103,0.0,0.5488804193822613,0.4253959326579261,0.3596305125148987,"[0.6995396016857626, 0.741958272442585, 0.7771746020691481]","[0.23720930184078898, 0.25844894009569186, 0.27265233120176724]","[0.48439393021255134, 0.4974665916393989, 0.5131327992423694]","[0.7389435141223575, 0.8226636408272563, 0.8648141742060242]","[0.13515765276167113, 0.15979220069492295, 0.2006794702727549]","[0.41020848899764634, 0.46911497872711366, 0.5321152005021614]","[0.6916588191984436, 0.7258171987656508, 0.7596466876417729]","[0.26514139958897126, 0.2872094608997334, 0.3012569774063779]","[0.4986158367152448, 0.5052508964706762, 0.5081568008092481]",0.3333333333333333,0.5,2.0,0
aime26,calibration6,jl_gaussian_r2_s50,jl_gaussian_r2,0.5,"{""family"": ""gaussian"", ""rank"": 2}",centered,"{""global"": {""log_threshold"": -1.2668640613555908}, ""local"": {""log_threshold"": -0.8551128506660461}}",6,0.5,0.5,0.0,"(0.0, 0.0)",526,9862,0.05333603731494626,0.0,1.0,3,0,14936640.0,7459950.0,0.0,7459950.0,0.0,84927420.3214067,115752960.0,978055472.0337808,12311074140.056458,84927420.3214067,102039328.54845905,2389089.0,2389089.0,0.4994396330098335,0.4994396330098335,0.7336954521198137,0.7336954521198137,0.28186020940010176,0.0,10415040.0,5621321.0,5621321.0,3617280.0,1506255.0,1506255.0,904320.0,332374.0,332374.0,0.0,0.0,0.1478312798830574,0.1599482212867151,0.0,0.5397311004086398,0.41640542064755837,0.36754025123849965,3024640.0,1547756.0,0.0,1547756.0,0.0,15248791.733596802,19292160.0,136609582.1820294,3476745210.7976074,15248791.733596802,16493574.800179482,344372.0,344372.0,0.5117157744392721,0.5117157744392721,0.7904139159947254,0.7904139159947254,0.19822304761284731,0.0,2271040.0,1256011.0,1256011.0,602880.0,242713.0,242713.0,150720.0,49032.0,49032.0,0.0,0.0,0.06452274222184969,0.11385553322048243,0.0,0.5530554283500071,0.40258923832271765,0.32531847133757963,11912000.0,5912194.0,0.0,5912194.0,0.0,69678628.5878099,96460800.0,841445889.8517514,8834328929.25885,69678628.5878099,85545753.74827957,2044717.0,2044717.0,0.49632253190060444,0.49632253190060444,0.7223517593448313,0.7223517593448313,0.3086215968496419,0.0,8144000.0,4365310.0,4365310.0,3014400.0,1263542.0,1263542.0,753600.0,283342.0,283342.0,0.0,0.0,0.1644929874152989,0.17165186366689053,0.0,0.5360154715127702,0.41916865711252654,0.37598460721868365,"[0.7132414033307207, 0.7379088520235342, 0.7914641145938945]","[0.24725320328424505, 0.2842131283402682, 0.29091357657828376]","[0.47220233762455416, 0.4934366372163186, 0.5070522883948239]","[0.7594290750648185, 0.8030178213996473, 0.8685356369996615]","[0.15934402590034213, 0.19293134417638122, 0.2124444452408984]","[0.3786071634028365, 0.48005031564178874, 0.5468457343458366]","[0.7040038689839012, 0.7248870581483116, 0.7760498101127411]","[0.27602051971309555, 0.3102756252541662, 0.31879523741994]","[0.4879664444761024, 0.4957556840768642, 0.5003593518980062]",0.5,0.5,3.0,0
aime26,calibration6,jl_gaussian_r32_s50,jl_gaussian_r32,0.5,"{""family"": ""gaussian"", ""rank"": 32}",centered,"{""global"": {""log_threshold"": -1.2361350059509277}, ""local"": {""log_threshold"": -0.7595282196998596}}",6,0.5,0.5,0.0,"(0.0, 0.0)",626,9247,0.06769763166432356,0.0,1.0,1,0,11404960.0,5758937.0,0.0,5758937.0,0.0,65612499.791829295,89948160.0,652203291.1081499,9556909914.281555,65612499.791829295,79216566.09789276,1857584.0,1857584.0,0.5049502146434534,0.5049502146434534,0.7294479374767565,0.7294479374767565,0.2612358325146761,0.0,7891360.0,4354147.0,4354147.0,2810880.0,1150250.0,1150250.0,702720.0,254540.0,254540.0,0.0,0.0,0.15124340849288598,0.16287509995651014,0.0,0.5517612933638815,0.4092134847449909,0.36222108378870677,2216960.0,1091133.0,0.0,1091133.0,0.0,11978345.654505253,14991360.0,78648026.25489756,2737394091.1208496,11978345.654505253,12988246.165138245,270333.0,270333.0,0.4921753211605081,0.4921753211605081,0.7990166105346849,0.7990166105346849,0.16950216563180714,0.0,1631360.0,879973.0,879973.0,468480.0,175354.0,175354.0,117120.0,35806.0,35806.0,0.0,0.0,0.06736550323873162,0.12193860060623557,0.0,0.5394106757551981,0.3743041325136612,0.30572062841530057,9188000.0,4667804.0,0.0,4667804.0,0.0,53634154.13732404,74956800.0,573555264.8532523,6819515823.160706,53634154.13732404,66228319.93275452,1587251.0,1587251.0,0.5080326512842839,0.5080326512842839,0.7155342028651709,0.7155342028651709,0.2900085918785547,0.0,6260000.0,3474174.0,3474174.0,2342400.0,974896.0,974896.0,585600.0,218734.0,218734.0,0.0,0.0,0.16801898954371683,0.1727526121027427,0.0,0.5549798722044729,0.41619535519125683,0.373521174863388,"[0.7067897763957596, 0.7420536583928588, 0.7709286924657393]","[0.23394745746816603, 0.24427222478489768, 0.2790013798392588]","[0.48505549169909545, 0.5024255224408395, 0.5153963453863094]","[0.7715861734082883, 0.8080763933877677, 0.8623874973801264]","[0.1369012777501471, 0.1653181536773871, 0.18243219268822836]","[0.419342867468794, 0.458701647512044, 0.521763063292506]","[0.693574377869248, 0.7291052305178827, 0.7526369314828619]","[0.26453792123697256, 0.2691706700952795, 0.3091221154014409]","[0.498267820179396, 0.5036518102679861, 0.5223874603348287]",0.5,0.5,3.0,0
aime26,calibration6,jl_gaussian_r4_s50,jl_gaussian_r4,0.5,"{""family"": ""gaussian"", ""rank"": 4}",centered,"{""global"": {""log_threshold"": -1.2361350059509277}, ""local"": {""log_threshold"": -0.7595282196998596}}",6,0.3333333333333333,0.5,-0.16666666666666666,"(-0.5, 0.0)",395,9997,0.03951185355606682,0.0,0.6666666666666666,2,0,13491680.0,6813868.0,0.0,6813868.0,0.0,78333902.71863613,107888640.0,868730126.6022909,11510720987.843536,78333902.71863613,94537967.35182571,2184292.0,2184292.0,0.5050422186117667,0.5050422186117667,0.7260625652398263,0.7260625652398263,0.27472056929601596,0.0,9277280.0,5079298.0,5079298.0,3371520.0,1421302.0,1421302.0,842880.0,313268.0,313268.0,0.0,0.0,0.15019250064872064,0.16189918527566619,0.0,0.547498620285256,0.4215611949506454,0.37166381928625664,2658880.0,1320474.0,0.0,1320474.0,0.0,14387376.989070892,17981440.0,103285180.953995,3290604573.909912,14387376.989070892,15586821.949362755,311746.0,311746.0,0.4966279034781562,0.4966279034781562,0.8001237380916596,0.8001237380916596,0.1771663177574641,0.0,1956480.0,1060764.0,1060764.0,561920.0,215084.0,215084.0,140480.0,44626.0,44626.0,0.0,0.0,0.0667046109928828,0.11724711156577206,0.0,0.5421798331697743,0.38276623006833715,0.31766799544419133,10832800.0,5493394.0,0.0,5493394.0,0.0,63946525.72956523,89907200.0,765444945.6482959,8220116413.933624,63946525.72956523,78951145.40246296,1872546.0,1872546.0,0.5071074883686582,0.5071074883686582,0.7112503306694595,0.7112503306694595,0.3051532472403466,0.0,7320800.0,4018534.0,4018534.0,2809600.0,1206218.0,1206218.0,702400.0,268642.0,268642.0,0.0,0.0,0.16689007857988822,0.17285890997710657,0.0,0.5489200633810513,0.4293201879271071,0.3824629840546697,"[0.7071331308419493, 0.720325451413091, 0.7723324985148405]","[0.24615662272522765, 0.27970093796879014, 0.28503273902138615]","[0.4786940284822113, 0.5009056004814251, 0.5171429297581147]","[0.7688808896683925, 0.8020784380351005, 0.8626829258593736]","[0.1447817674607889, 0.17700104280199108, 0.19167743251630526]","[0.386346173679868, 0.4713478747660093, 0.5432364197091658]","[0.6947835790766606, 0.7039748540886891, 0.7542624130459339]","[0.278113894112457, 0.3088110075841618, 0.3166750972810867]","[0.49760172693366383, 0.502931336714137, 0.515226931209289]",0.3333333333333333,0.5,2.0,0
aime26,calibration6,jl_gaussian_r8_s50,jl_gaussian_r8,0.5,"{""family"": ""gaussian"", ""rank"": 8}",centered,"{""global"": {""log_threshold"": -1.268207311630249}, ""local"": {""log_threshold"": -0.7595282196998596}}",6,0.3333333333333333,0.5,-0.16666666666666666,"(-0.5, 0.0)",384,9616,0.03993344425956739,0.0,0.6666666666666666,1,0,12817280.0,6485701.0,0.0,6485701.0,0.0,74644358.32229286,102604800.0,769039599.7411312,10907058460.87732,74644358.32229286,89802827.90700245,2056311.0,2056311.0,0.5060122740550257,0.5060122740550257,0.7274938240929554,0.7274938240929554,0.2655342405616157,0.0,8809280.0,4837369.0,4837369.0,3206400.0,1356107.0,1356107.0,801600.0,292225.0,292225.0,0.0,0.0,0.14773645662492968,0.16043271271283768,0.0,0.5491219486723092,0.4229375623752495,0.36455214570858285,2508480.0,1229091.0,0.0,1229091.0,0.0,13736004.627224922,17100800.0,89468982.24531184,3079441232.0720215,13736004.627224922,14720808.272035599,289638.0,289638.0,0.48997440681209337,0.48997440681209337,0.8032375460343915,0.8032375460343915,0.17045128839948265,0.0,1840480.0,985474.0,985474.0,534400.0,200780.0,200780.0,133600.0,42837.0,42837.0,0.0,0.0,0.05758816223864829,0.11546354764638346,0.0,0.5354440146048857,0.3757110778443114,0.32063622754491017,10308800.0,5256610.0,0.0,5256610.0,0.0,60908353.69506794,85504000.0,679570617.4958193,7827617228.805298,60908353.69506794,75082019.63496685,1766673.0,1766673.0,0.5099148300481142,0.5099148300481142,0.7123450797046681,0.7123450797046681,0.2946473274838297,0.0,6968800.0,3851895.0,3851895.0,2672000.0,1155327.0,1155327.0,668000.0,249388.0,249388.0,0.0,0.0,0.16576611550218595,0.1713752328108024,0.0,0.5527343301572725,0.4323828592814371,0.37333532934131736,"[0.7087842775860027, 0.7392364982663995, 0.7771568759569076]","[0.2334812374521722, 0.25392342125715517, 0.2788894795957677]","[0.4682197199490614, 0.49931131631325076, 0.5181749019417816]","[0.7757774100558266, 0.8253142234187729, 0.874960829664329]","[0.13395940353829566, 0.15943403531638706, 0.18326285717057547]","[0.35210087810062296, 0.43700721650625884, 0.5280366553570923]","[0.695385651092038, 0.7220209532359247, 0.7575960852154233]","[0.2642112391604289, 0.28316011829677745, 0.30781240910263025]","[0.49123946417702535, 0.5094015056716337, 0.5188431202435312]",0.3333333333333333,0.5,2.0,0
aime26,calibration6,mass_s50,mass,0.5,"{""method"": ""mass""}",mass,"{""global"": {""dense_unattainable"": false, ""log_threshold"": -0.045639991760253906}, ""local"": {""dense_unattainable"": false, ""log_threshold"": -0.018442153930664062}}",6,0.5,0.5,0.0,"(0.0, 0.0)",596,10100,0.05900990099009901,0.0,1.0,2,0,12749120.0,6445376.0,6445376.0,6445376.0,0.0,77335945.9371996,102481920.0,990461135.3383237,11177402682.988312,77335945.9371996,88869349.28827572,1823750.0,1823750.0,0.5055545794533269,0.5055545794533269,0.7546301429286218,0.7546301429286218,0.29767904984842647,0.0,8745920.0,4587979.0,4587979.0,3202560.0,1531584.0,1531584.0,800640.0,325813.0,325813.0,0.5055545794533269,0.0,0.11254085941282253,0.1430490888782912,0.0,0.5245850636639713,0.4782374100719424,0.40694069744204636,2497920.0,1297229.0,1297229.0,1297229.0,0.0,13330199.372553825,17080320.0,167436222.37810147,3114101359.9978027,13330199.372553825,14357595.386945724,260205.0,260205.0,0.5193236772995132,0.5193236772995132,0.7804420158728774,0.7804420158728774,0.2318773542895231,0.0,1830720.0,1014817.0,1014817.0,533760.0,239699.0,239699.0,133440.0,42713.0,42713.0,0.5193236772995132,0.0,0.06015086452665402,0.10416866833205227,0.0,0.55432671298724,0.4490763639088729,0.3200914268585132,10251200.0,5148147.0,5148147.0,5148147.0,0.0,64005746.56464577,85401600.0,823024912.9602222,8063301322.990509,64005746.56464577,74511753.90133,1563545.0,1563545.0,0.5021994498205088,0.5021994498205088,0.7494677683397708,0.7494677683397708,0.3194846861563146,0.0,6915200.0,3573162.0,3573162.0,2668800.0,1291885.0,1291885.0,667200.0,283100.0,283100.0,0.5021994498205088,0.0,0.12301885839005625,0.15252311924457623,0.0,0.5167113026376677,0.48406961930455633,0.424310551558753,"[0.7397033968539275, 0.7593828363907189, 0.7707908996935381]","[0.2864137349740754, 0.297495559665112, 0.31149451108922516]","[0.4947498345303484, 0.5026678085142002, 0.5130026830615684]","[0.7526472727705514, 0.792999445522091, 0.8211799239942905]","[0.21428428492012, 0.2297626909287034, 0.24197063551495993]","[0.4384386710033262, 0.4946160034203274, 0.5512319907871237]","[0.7331751789717521, 0.7537610728470937, 0.7635509792495889]","[0.3073466831459254, 0.32116414493456236, 0.3362564269144117]","[0.49265566308202025, 0.5042855902777779, 0.5166007598410238]",0.5,0.5,3.0,0
aime26,full,blasst_aggressive_s50,blasst_aggressive,0.5,"{""method"": ""blasst""}",blasst,"{""global"": {""log_scale"": 7.779279118037186, ""source"": ""existing AIME26 refined aggressive policy"", ""source_sha256"": ""25f4b8a909373450454895db3594bdd80091ffde568115199c9c2a74095e1bd1""}, ""local"": {""log_scale"": 8.091333801578767, ""source"": ""existing AIME26 refined aggressive policy"", ""source_sha256"": ""25f4b8a909373450454895db3594bdd80091ffde568115199c9c2a74095e1bd1""}}",30,0.36666666666666664,0.5666666666666667,-0.2,"(-0.36666666666666664, -0.03333333333333333)",1139,47250,0.024105820105820106,0.0,0.6470588235294117,6,0,62640480.0,32173054.0,32173054.0,32173054.0,0.0,409614623.03328323,585646080.0,16656471745.414755,66588686212.533356,409614623.03328323,463011106.7405901,7596183.0,7596183.0,0.5136144231334115,0.5136144231334115,0.6994234863371462,0.6994234863371462,0.5001396467515733,0.0,39763680.0,20584976.0,20584976.0,18301440.0,9494306.0,9494306.0,4575360.0,2093772.0,2093772.0,0.5136144231334115,0.0,0.09117534553856634,0.12126636002789251,0.0,0.5176828703983133,0.5187737139809764,0.45761907259756607,11918880.0,5912894.0,5912894.0,5912894.0,0.0,70041662.65623039,97607680.0,2860421296.811484,18490155123.11328,70041662.65623039,75397253.6235857,995262.0,995262.0,0.4960947672935712,0.4960947672935712,0.7175835206433591,0.7175835206433591,0.39331881684981557,0.0,8106080.0,4060752.0,4060752.0,3050240.0,1565101.0,1565101.0,762560.0,287041.0,287041.0,0.4960947672935712,0.0,0.05486854074756526,0.08350298014578551,0.0,0.5009513846396779,0.5131074931808645,0.37641759336970204,50721600.0,26260160.0,26260160.0,26260160.0,0.0,339572960.3770528,488038400.0,13796050448.603271,48098531089.420074,339572960.3770528,387613853.1170044,6600921.0,6600921.0,0.5177313018516766,0.5177313018516766,0.6957914794759035,0.6957914794759035,0.535564127835433,0.0,31657600.0,16524224.0,16524224.0,15251200.0,7929205.0,7929205.0,3812800.0,1806731.0,1806731.0,0.5177313018516766,0.0,0.09843670649676667,0.13014023611242548,0.0,0.5219670474072576,0.5199069581409987,0.4738593684431389,"[0.5473617160093686, 0.7104742739030703, 0.7391428447024139]","[0.41664497882104307, 0.4649665491268202, 0.7218203967430854]","[0.48079692145757347, 0.5164969282643197, 0.6260380949797454]","[0.5262637304247255, 0.7347805740591387, 0.768024408311079]","[0.3068192351454477, 0.34922409563799156, 0.5857035486245706]","[0.4469870148192308, 0.48957658151288685, 0.6349172421824368]","[0.5524035797712313, 0.7064345504065617, 0.7333740397173946]","[0.45110884857063577, 0.5048398506825489, 0.7689284041761325]","[0.4858543562291131, 0.5198260309429512, 0.6289268663194445]",0.36666666666666664,0.5666666666666667,11.0,0
aime26,full,blasst_original_s50,blasst_original,0.5,"{""method"": ""blasst""}",blasst,"{""global"": {""cap_one"": true, ""log_threshold"": 0.0, ""source"": ""exact lambda1 fallback for this attention type only"", ""unattainable"": true}, ""local"": {""cap_one"": true, ""log_threshold"": 0.0, ""source"": ""exact lambda1 fallback for this attention type only"", ""unattainable"": true}}",30,0.5333333333333333,0.5666666666666667,-0.03333333333333333,"(-0.2, 0.13333333333333333)",2444,42612,0.057354735755186334,0.0,0.9411764705882353,2,0,35726640.0,10295971.0,10295971.0,10295971.0,0.0,275730101.24419403,295157760.0,692404193.2854809,32114396214.146393,275730101.24419403,282571469.5851383,2814763.0,2814763.0,0.28818749818062933,0.28818749818062933,0.9341787295180517,0.9341787295180517,0.14683512729667697,0.0,24197040.0,7543262.0,7543262.0,9223680.0,2366165.0,2366165.0,2305920.0,386544.0,386544.0,0.28818749818062933,0.0,0.023178683633268832,0.07878611030872201,0.0,0.3117431718920992,0.25653155790313625,0.16763114071606994,6883040.0,2441219.0,2441219.0,2441219.0,0.0,44596637.32763767,49192960.0,262033673.77183664,9213967290.101807,44596637.32763767,45359437.32624817,394321.0,394321.0,0.35467162765289756,0.35467162765289756,0.9065654379740042,0.9065654379740042,0.16863791335761447,0.0,4961440.0,1960751.0,1960751.0,1537280.0,424418.0,424418.0,384320.0,56050.0,56050.0,0.35467162765289756,0.0,0.015506283797732369,0.057288785187940214,0.0,0.39519796671933954,0.2760837323064113,0.14584200666111574,28843600.0,7854752.0,7854752.0,7854752.0,0.0,231133463.91655636,245964800.0,430370519.51364416,22900428924.044586,231133463.91655636,237212032.25889015,2420442.0,2420442.0,0.272322178923574,0.272322178923574,0.9397013878268612,0.9397013878268612,0.13708800263669016,0.0,19235600.0,5582511.0,5582511.0,7686400.0,1941747.0,1941747.0,1921600.0,330494.0,330494.0,0.272322178923574,0.0,0.024713163600376127,0.08391608537075816,0.0,0.2902176693214664,0.25262112302248124,0.17198896752706078,"[0.9306806286393676, 0.9340461944070904, 0.9410806266789804]","[0.13694993010405823, 0.14547804974032896, 0.15358416983735224]","[0.27492095309272785, 0.2895341386284265, 0.31676453986655856]","[0.8919968963873551, 0.9155596477859136, 0.9346119237824327]","[0.1441354131691107, 0.16413941450722, 0.1810222142148241]","[0.27237375070382885, 0.3364631483804933, 0.3840191806684112]","[0.9358355243956827, 0.9396538352279, 0.9435522596130959]","[0.12671178783724368, 0.13755805148476263, 0.14894454951598027]","[0.25813997642647374, 0.28426520735466243, 0.31927713793682794]",0.5333333333333333,0.5666666666666667,16.0,0
aime26,full,dense,dense,0.0,{},dense,,30,0.5666666666666667,0.5666666666666667,0.0,"(0.0, 0.0)",39999,39999,1.0,1.0,1.0,6,0,37578880.0,0.0,0.0,0.0,0.0,300687359.97746277,300687360.0,2.7181293168540045e-05,32978789223.287933,300687359.97746277,300687359.98387146,0.0,0.0,0.0,0.0,0.9999999999250476,0.9999999999250476,2.870897610837873e-08,0.0,25833280.0,0.0,0.0,9396480.0,0.0,0.0,2349120.0,0.0,0.0,0.0,0.0,2.1313471262144175e-11,0.0,0.0,0.0,0.0,0.0,7415680.0,0.0,0.0,0.0,0.0,50114559.99768829,50114560.0,5.245010683177509e-06,9511026284.870605,50114559.99768829,50114559.997283936,0.0,0.0,0.0,0.0,0.9999999999538716,0.9999999999538716,2.3483320079121042e-08,0.0,5458080.0,0.0,0.0,1566080.0,0.0,0.0,391520.0,0.0,0.0,0.0,0.0,-8.068671263526009e-12,0.0,0.0,0.0,0.0,0.0,30163200.0,0.0,0.0,0.0,0.0,250572799.97977448,250572800.0,2.1936282485362536e-05,23467762938.417328,250572799.97977448,250572799.98658752,0.0,0.0,0.0,0.0,0.9999999999192828,0.9999999999192828,3.057353590147204e-08,0.0,20375200.0,0.0,0.0,7830400.0,0.0,0.0,1957600.0,0.0,0.0,0.0,0.0,2.718989976727821e-11,0.0,0.0,0.0,0.0,0.0,"[0.9999999997469359, 1.0, 1.0]","[0.0, 0.0, 5.3302427283925395e-08]","[0.0, 0.0, 0.0]","[0.9999999998577553, 1.0, 1.0]","[0.0, 0.0, 4.4176316024906394e-08]","[0.0, 0.0, 0.0]","[0.9999999997242085, 1.0, 1.0]","[0.0, 0.0, 5.654224268682053e-08]","[0.0, 0.0, 0.0]",0.5666666666666667,0.5666666666666667,17.0,0
aime26,full,full_centered_s50,full_centered,0.5,"{""family"": ""identity""}",centered,"{""global"": {""log_threshold"": -1.2118581533432007}, ""local"": {""log_threshold"": -0.7402970194816589}}",30,0.5,0.5666666666666667,-0.06666666666666667,"(-0.23333333333333334, 0.13333333333333333)",2153,44164,0.04875011321438275,0.0,0.8823529411764706,7,0,59744480.0,30652443.0,0.0,30652443.0,0.0,340996582.3363609,469155840.0,3303635932.389712,49871432090.79761,340996582.3363609,411574356.73124075,9568824.0,9568824.0,0.5130589972496203,0.5130589972496203,0.7268300919719146,0.7268300919719146,0.2573772586398094,0.0,41418080.0,22982559.0,22982559.0,14661120.0,6449458.0,6449458.0,3665280.0,1220426.0,1220426.0,0.0,0.0,0.15043567270713262,0.16016247860890245,0.0,0.5548919457396383,0.43990213571678016,0.3329693775100402,11834880.0,6086108.0,0.0,6086108.0,0.0,61692594.403549194,78192640.0,444678042.7418729,14170371003.560547,61692594.403549194,66850199.764835835,1389646.0,1389646.0,0.5142517710361237,0.5142517710361237,0.7889821139630174,0.7889821139630174,0.17714635974051013,0.0,8780480.0,4903212.0,4903212.0,2443520.0,1016918.0,1016918.0,610880.0,165978.0,165978.0,0.0,0.0,0.06596024077568734,0.11741952601124811,0.0,0.5584218630416561,0.4161692967522263,0.2717031168150864,47909600.0,24566335.0,0.0,24566335.0,0.0,279303987.9328117,390963200.0,2858957889.6478386,35701061087.23706,279303987.9328117,344724156.9664049,8179178.0,8179178.0,0.5127643520296559,0.5127643520296559,0.7143996875736941,0.7143996875736941,0.282984935771082,0.0,32637600.0,18079347.0,18079347.0,12217600.0,5432540.0,5432540.0,3054400.0,1054448.0,1054448.0,0.0,0.0,0.16733075909342168,0.17072106634161002,0.0,0.5539422935509964,0.44464870350969093,0.3452226296490309,"[0.6953025682835646, 0.7401093493679425, 0.8020544960367881]","[0.19585085028804058, 0.2492251006619346, 0.2753395781418678]","[0.47960942494269804, 0.5046889322951835, 0.5255073473229803]","[0.741069816321553, 0.8173888529644623, 0.8695945634931467]","[0.13603464358683612, 0.16161986748880086, 0.20026805224623814]","[0.3684646872695994, 0.4530087242206314, 0.5682749109677633]","[0.6862645773359874, 0.7241834274751437, 0.7901206449957285]","[0.2172148121719161, 0.27790866011866144, 0.30111747400266936]","[0.49349403518473006, 0.509662897273027, 0.525485080499639]",0.5,0.5666666666666667,15.0,0
aime26,full,jl_gaussian_r16_s50,jl_gaussian_r16,0.5,"{""family"": ""gaussian"", ""rank"": 16}",centered,"{""global"": {""log_threshold"": -1.2361350059509277}, ""local"": {""log_threshold"": -0.7595282196998596}}",30,0.36666666666666664,0.5666666666666667,-0.2,"(-0.36666666666666664, -0.03333333333333333)",2064,43603,0.0473361924638213,0.0,0.6470588235294117,8,0,60544800.0,30899586.0,0.0,30899586.0,0.0,343875651.101247,474071040.0,3461449781.3059545,50373233138.1564,343875651.101247,415701963.91577435,9749454.0,9749454.0,0.5103590399175486,0.5103590399175486,0.7253673438926939,0.7253673438926939,0.26213747053907127,0.0,42026400.0,23191265.0,23191265.0,14814720.0,6449532.0,6449532.0,3703680.0,1258789.0,1258789.0,0.0,0.0,0.15150959825457241,0.16102875886946524,0.0,0.5518261140616374,0.4353461962156558,0.3398752052013133,12148800.0,6157146.0,0.0,6157146.0,0.0,62811634.44348812,79011840.0,425357023.86435694,14323675828.717285,62811634.44348812,68050867.8063612,1408979.0,1408979.0,0.5068110430659818,0.5068110430659818,0.7949648362003482,0.7949648362003482,0.17232550606089955,0.0,9062400.0,4975365.0,4975365.0,2469120.0,1014590.0,1014590.0,617280.0,167191.0,167191.0,0.0,0.0,0.06630947162948081,0.11597680429342816,0.0,0.5490118511652542,0.4109115798341109,0.2708511534473821,48396000.0,24742440.0,0.0,24742440.0,0.0,281064016.6577589,395059200.0,3036092757.4415975,36049557309.43912,281064016.6577589,347651096.10941315,8340475.0,8340475.0,0.5112496900570295,0.5112496900570295,0.7114478454311629,0.7114478454311629,0.29020677695965486,0.0,32964000.0,18215900.0,18215900.0,12345600.0,5434942.0,5434942.0,3086400.0,1091598.0,1091598.0,0.0,0.0,0.16854962357959075,0.17233810645507894,0.0,0.5525998058488047,0.44023311949196475,0.35368001555209955,"[0.6885292910338742, 0.7448907204458981, 0.795581258673136]","[0.20793076355715984, 0.2520481505194816, 0.28500460536928657]","[0.46707491288767455, 0.4981021770003192, 0.5238869595440518]","[0.7487049242967085, 0.8292684372050887, 0.8843744710794846]","[0.12631500889248923, 0.15555287405028495, 0.1991537906401611]","[0.3447763714954975, 0.45680466098147554, 0.5501920676007512]","[0.6792824586914575, 0.7287244226973919, 0.7801910057410699]","[0.23377375790127053, 0.2811773493845492, 0.3116973392331225]","[0.4872294160009503, 0.508311465484363, 0.524698534197517]",0.36666666666666664,0.5666666666666667,11.0,0
aime26,full,jl_gaussian_r1_s50,jl_gaussian_r1,0.5,"{""family"": ""gaussian"", ""rank"": 1}",centered,"{""global"": {""log_threshold"": -1.2361350059509277}, ""local"": {""log_threshold"": -0.8611931800842285}}",30,0.4666666666666667,0.5666666666666667,-0.1,"(-0.26666666666666666, 0.06666666666666667)",1720,44008,0.03908380294491911,0.0,0.823529411764706,6,0,69498720.0,34778823.0,0.0,34778823.0,0.0,402928120.1747869,551362560.0,5863684212.299201,57747620638.15701,402928120.1747869,483940022.17354965,11012860.0,11012860.0,0.5004239358652937,0.5004239358652937,0.7307861458253294,0.7307861458253294,0.31865316710494507,0.0,47961120.0,25855889.0,25855889.0,17230080.0,7413283.0,7413283.0,4307520.0,1509651.0,1509651.0,0.0,0.0,0.14693036465653875,0.15846133569078683,0.0,0.5391010259977248,0.43025238420251094,0.35046871517717854,13713920.0,7066486.0,0.0,7066486.0,0.0,72036032.79420757,91893760.0,678261562.09068,16536502010.676758,72036032.79420757,78615932.90708828,1600995.0,1600995.0,0.5152783449225312,0.5152783449225312,0.7839055970090633,0.7839055970090633,0.2025241317080263,0.0,10124320.0,5716146.0,5716146.0,2871680.0,1173750.0,1173750.0,717920.0,176590.0,176590.0,0.0,0.0,0.07160333969227842,0.11674233187885011,0.0,0.5645955481454557,0.4087328671718297,0.24597448183641632,55784800.0,27712337.0,0.0,27712337.0,0.0,330892087.38057935,459468800.0,5185422650.208521,41211118627.480255,330892087.38057935,405324089.2664614,9411865.0,9411865.0,0.49677218525476474,0.49677218525476474,0.7201622555885826,0.7201622555885826,0.35471934892343593,0.0,37836800.0,20139743.0,20139743.0,14358400.0,6239533.0,6239533.0,3589600.0,1333061.0,1333061.0,0.0,0.0,0.16199576964939083,0.16871737462534597,0.0,0.5322792360876184,0.43455628760864723,0.37136756184533093,"[0.7079098119870294, 0.7392233219613552, 0.7805464998758733]","[0.28328940046327394, 0.31325157333510345, 0.3320020357845621]","[0.47518609306716053, 0.49279703139499204, 0.5104348245152059]","[0.7543776974162438, 0.8050044318543392, 0.8530186942757513]","[0.1672451963175744, 0.19233406820300603, 0.21609507603987474]","[0.38485852800851167, 0.4764852066721633, 0.5689568167921596]","[0.6982967939821091, 0.7285026978429479, 0.7658186033579141]","[0.3149163143613592, 0.35190121222126236, 0.36940141867530946]","[0.4855618314282009, 0.49620971575500683, 0.5077760779821773]",0.4666666666666667,0.5666666666666667,14.0,0
aime26,full,jl_gaussian_r24_s50,jl_gaussian_r24,0.5,"{""family"": ""gaussian"", ""rank"": 24}",centered,"{""global"": {""log_threshold"": -1.2361350059509277}, ""local"": {""log_threshold"": -0.7595282196998596}}",30,0.5333333333333333,0.5666666666666667,-0.03333333333333333,"(-0.2, 0.13333333333333333)",2045,42792,0.04778930641241354,0.0,0.9411764705882353,5,0,55498480.0,28122161.0,0.0,28122161.0,0.0,324226114.07791317,442982400.0,3007476158.8057594,47131784415.589386,324226114.07791317,388887367.1523323,8929417.0,8929417.0,0.5067194813263354,0.5067194813263354,0.7319164690920298,0.7319164690920298,0.2526062870315015,0.0,38194480.0,20909363.0,20909363.0,13843200.0,6096868.0,6096868.0,3460800.0,1115930.0,1115930.0,0.0,0.0,0.14596799573621694,0.16089480288469163,0.0,0.5474446307424529,0.44042331252889505,0.32244856680536294,10731680.0,5403307.0,0.0,5403307.0,0.0,58356743.50684595,73830400.0,412671083.7187796,13403933458.967041,58356743.50684595,63233880.09690666,1277567.0,1277567.0,0.5034912520686416,0.5034912520686416,0.7904161904425,0.7904161904425,0.17546313621632723,0.0,7847680.0,4281987.0,4281987.0,2307200.0,964612.0,964612.0,576800.0,156708.0,156708.0,0.0,0.0,0.06605865050251267,0.11904631893608457,0.0,0.5456373093704127,0.4180877253814147,0.2716851595006935,44766800.0,22718854.0,0.0,22718854.0,0.0,265869370.5710672,369152000.0,2594805075.08698,33727850956.622345,265869370.5710672,325653487.05542564,7651850.0,7651850.0,0.5074933656191642,0.5074933656191642,0.7202165248219358,0.7202165248219358,0.27736907252537724,0.0,30346800.0,16627376.0,16627376.0,11536000.0,5132256.0,5132256.0,2884000.0,959222.0,959222.0,0.0,0.0,0.16194986478295778,0.17092689225050708,0.0,0.5479120039015646,0.4448904299583911,0.33260124826629683,"[0.6995607633564117, 0.7488340345626312, 0.7894538622746387]","[0.2149117163778977, 0.24637973308781078, 0.27133223863862677]","[0.47289126103657836, 0.5006057410246585, 0.5187393849518873]","[0.7331013020501289, 0.8340303299684428, 0.8718587692188606]","[0.13326066727549424, 0.15500953905762838, 0.20155202320971902]","[0.3791297732250307, 0.4627575438906016, 0.5446889173962333]","[0.6889330118535862, 0.7327220341621656, 0.7729095852894078]","[0.2380296601664736, 0.2719374292120995, 0.29880600508824556]","[0.4860966831298165, 0.5063482710552667, 0.5195112396635363]",0.5333333333333333,0.5666666666666667,16.0,0
aime26,full,jl_gaussian_r2_s50,jl_gaussian_r2,0.5,"{""family"": ""gaussian"", ""rank"": 2}",centered,"{""global"": {""log_threshold"": -1.2668640613555908}, ""local"": {""log_threshold"": -0.8551128506660461}}",30,0.5333333333333333,0.5666666666666667,-0.03333333333333333,"(-0.2, 0.13333333333333333)",2181,44545,0.0489617240992255,0.0,0.9411764705882353,8,0,61012400.0,30631387.0,0.0,30631387.0,0.0,348797028.14328676,477634560.0,3978373702.64991,50454560432.49042,348797028.14328676,419086102.73550606,9764511.0,9764511.0,0.50205182880857,0.50205182880857,0.7302591925996451,0.7302591925996451,0.2808035372904341,0.0,42354800.0,22898605.0,22898605.0,14926080.0,6447833.0,6447833.0,3731520.0,1284949.0,1284949.0,0.0,0.0,0.14716078039289973,0.16004141781015008,0.0,0.5406377789530349,0.4319843522210788,0.34435002358288314,12246400.0,6322947.0,0.0,6322947.0,0.0,62398418.44680977,79605760.0,577410766.22875,14301990301.2417,62398418.44680977,67588233.59593964,1420346.0,1420346.0,0.5163106708910373,0.5163106708910373,0.7838430089331446,0.7838430089331446,0.20092972926783775,0.0,9136800.0,5095806.0,5095806.0,2487680.0,1043280.0,1043280.0,621920.0,183861.0,183861.0,0.0,0.0,0.06519396522475092,0.11598069636791221,0.0,0.5577232729183084,0.4193786982248521,0.29563448675070747,48766000.0,24308440.0,0.0,24308440.0,0.0,286398609.696477,398028800.0,3400962936.42116,36152570131.24872,286398609.696477,351497869.1395664,8344165.0,8344165.0,0.49847106590657425,0.49847106590657425,0.7195424293329452,0.7195424293329452,0.3067124187590069,0.0,33218000.0,17802799.0,17802799.0,12438400.0,5404553.0,5404553.0,3109600.0,1101088.0,1101088.0,0.0,0.0,0.1635541434265295,0.1711062010417094,0.0,0.5359383165753507,0.43450548302032416,0.3540931309493182,"[0.7040031566036046, 0.7379244928004437, 0.7994807020629336]","[0.23442318996112613, 0.2757443094017148, 0.2953666567872973]","[0.4607694514489085, 0.4943184375055386, 0.5125276277115924]","[0.731965478000791, 0.808739491442839, 0.8639204120384052]","[0.16061572485481362, 0.19329329256264607, 0.2249250358774409]","[0.3598062745740498, 0.4516390012265352, 0.5564578520346866]","[0.6963747363634591, 0.7248870581483116, 0.785132074343244]","[0.25982599943570023, 0.3044799118288881, 0.3216168326651725]","[0.4790114968120115, 0.49603405786046306, 0.5085483284028505]",0.5333333333333333,0.5666666666666667,16.0,0
aime26,full,jl_gaussian_r32_s50,jl_gaussian_r32,0.5,"{""family"": ""gaussian"", ""rank"": 32}",centered,"{""global"": {""log_threshold"": -1.2361350059509277}, ""local"": {""log_threshold"": -0.7595282196998596}}",30,0.5,0.5666666666666667,-0.06666666666666667,"(-0.26666666666666666, 0.1)",2215,42619,0.05197212510851967,0.0,0.8823529411764706,5,0,52427680.0,26560963.0,0.0,26560963.0,0.0,306281654.41013724,417792000.0,2832912878.308681,44366041959.71295,306281654.41013724,367617185.39846087,8333027.0,8333027.0,0.5066209872342243,0.5066209872342243,0.7330960248404403,0.7330960248404403,0.2526918683730712,0.0,36107680.0,19796665.0,19796665.0,13056000.0,5691638.0,5691638.0,3264000.0,1072660.0,1072660.0,0.0,0.0,0.14680877323721764,0.15894327195099994,0.0,0.5482674323024908,0.4359404105392157,0.32863357843137253,10355680.0,5247191.0,0.0,5247191.0,0.0,55344222.8369689,69632000.0,377533260.1609279,12657975014.998535,55344222.8369689,59867537.43347788,1213015.0,1213015.0,0.5066969045007185,0.5066969045007185,0.7948101855033447,0.7948101855033447,0.1727012544430292,0.0,7635680.0,4211594.0,4211594.0,2176000.0,892993.0,892993.0,544000.0,142604.0,142604.0,0.0,0.0,0.06496028545078383,0.11713523399718802,0.0,0.5515676403411353,0.4103828125,0.2621397058823529,42072000.0,21313772.0,0.0,21313772.0,0.0,250937431.57316834,348160000.0,2455379618.147753,31708066944.714417,250937431.57316834,307749647.964983,7120012.0,7120012.0,0.5066023008176459,0.5066023008176459,0.7207531927078594,0.7207531927078594,0.27827515929128877,0.0,28472000.0,15585071.0,15585071.0,10880000.0,4798645.0,4798645.0,2720000.0,930056.0,930056.0,0.0,0.0,0.1631784707945044,0.16923397984407682,0.0,0.5473823756673223,0.44105193014705885,0.34193235294117647,"[0.703512149611914, 0.7534073742576709, 0.8067245815443218]","[0.20341303336879113, 0.24234262382065969, 0.27380475947723565]","[0.45942781294899426, 0.49858917547626846, 0.5241532290650297]","[0.7448011674369036, 0.8368713100130124, 0.8832270336378858]","[0.12833756622332873, 0.15268586457911643, 0.19755595604734755]","[0.3592863587622549, 0.44762948174644035, 0.5465426971567728]","[0.6958763498048978, 0.7376130506110287, 0.7901005073330181]","[0.2264088514536031, 0.26865042285881036, 0.2976278348299912]","[0.4810716217771639, 0.5040859213124838, 0.5214389088473798]",0.5,0.5666666666666667,15.0,0
aime26,full,jl_gaussian_r4_s50,jl_gaussian_r4,0.5,"{""family"": ""gaussian"", ""rank"": 4}",centered,"{""global"": {""log_threshold"": -1.2361350059509277}, ""local"": {""log_threshold"": -0.7595282196998596}}",30,0.43333333333333335,0.5666666666666667,-0.13333333333333333,"(-0.3, 0.0)",1983,44373,0.04468933811101346,0.0,0.7647058823529412,6,0,58406800.0,29797134.0,0.0,29797134.0,0.0,336697688.95300555,466206720.0,3667697215.7523313,49515154867.14929,336697688.95300555,407097318.4090462,9390868.0,9390868.0,0.5101654944287309,0.5101654944287309,0.7222068548325634,0.7222068548325634,0.2721621123101969,0.0,40195600.0,22091912.0,22091912.0,14568960.0,6467827.0,6467827.0,3642240.0,1237395.0,1237395.0,0.0,0.0,0.1510051795393267,0.16078381284371,0.0,0.5496102060922091,0.4439456900149359,0.3397346138639958,11414400.0,5734054.0,0.0,5734054.0,0.0,61722314.27702117,77701120.0,462270179.74064076,14125999890.692383,61722314.27702117,66929200.9459219,1338383.0,1338383.0,0.5023526422764227,0.5023526422764227,0.794355528942455,0.794355528942455,0.18089990554440308,0.0,8379200.0,4574888.0,4574888.0,2428160.0,997328.0,997328.0,607040.0,161838.0,161838.0,0.0,0.0,0.06701173250656783,0.11725390734510793,0.0,0.5459814779453885,0.4107340537691091,0.2666018713758566,46992400.0,24063080.0,0.0,24063080.0,0.0,274975374.6759844,388505600.0,3205427036.01169,35389154976.45691,274975374.6759844,340168117.4631243,8052485.0,8052485.0,0.5120632272452567,0.5120632272452567,0.7077771200105851,0.7077771200105851,0.30095935779949207,0.0,31816400.0,17517024.0,17517024.0,12140800.0,5470499.0,5470499.0,3035200.0,1075557.0,1075557.0,0.0,0.0,0.1678038689458785,0.1713571769052017,0.0,0.5505658716888145,0.4505880172641012,0.3543611623616236,"[0.7014771646375012, 0.7304653411793736, 0.7859162830261106]","[0.2326602618724332, 0.2638550851171334, 0.28738408534576515]","[0.4688049234605036, 0.5065006996476407, 0.5270521153035509]","[0.7576287319692966, 0.812618492522089, 0.871904102494087]","[0.1433039056666781, 0.16932304935644285, 0.19598450470486142]","[0.34825254768885966, 0.475308396639549, 0.5473696933859928]","[0.6875122467356735, 0.7146659913387785, 0.7687187191325154]","[0.2601560270955233, 0.296003692771052, 0.31651757632398203]","[0.4929153986148324, 0.5086843772233777, 0.5221766287305007]",0.43333333333333335,0.5666666666666667,13.0,0
aime26,full,jl_gaussian_r8_s50,jl_gaussian_r8,0.5,"{""family"": ""gaussian"", ""rank"": 8}",centered,"{""global"": {""log_threshold"": -1.268207311630249}, ""local"": {""log_threshold"": -0.7595282196998596}}",30,0.5,0.5666666666666667,-0.06666666666666667,"(-0.2, 0.06666666666666667)",1950,45055,0.043280435023859726,0.0,0.8823529411764706,6,0,63563760.0,32278318.0,0.0,32278318.0,0.0,358381214.4730839,495329280.0,3730177731.255932,52565226636.99039,358381214.4730839,434402396.0767746,10320960.0,10320960.0,0.5078100792023631,0.5078100792023631,0.7235211584364323,0.7235211584364323,0.26638851197510466,0.0,44214960.0,24143003.0,24143003.0,15479040.0,6792280.0,6792280.0,3869760.0,1343035.0,1343035.0,0.0,0.0,0.1534760505247957,0.16237176655377214,0.0,0.5460369748157637,0.4388049904903663,0.3470589907384437,12693760.0,6260911.0,0.0,6260911.0,0.0,65909037.236866,82554880.0,434818848.06974256,14878847014.903076,65909037.236866,71243267.46663952,1530239.0,1530239.0,0.49322745979126753,0.49322745979126753,0.7983663380876576,0.7983663380876576,0.1709501717279341,0.0,9468960.0,5039615.0,5039615.0,2579840.0,1044058.0,1044058.0,644960.0,177238.0,177238.0,0.0,0.0,0.06461435386707026,0.12055049094988404,0.0,0.5322247638600226,0.4046987410071942,0.2748046390473828,50870000.0,26017407.0,0.0,26017407.0,0.0,292472177.2362179,412774400.0,3295358883.186189,37686379622.08731,292472177.2362179,363159128.6101351,8790721.0,8790721.0,0.5114489286416355,0.5114489286416355,0.7085521225061872,0.7085521225061872,0.2957053282421005,0.0,34746000.0,19103388.0,19103388.0,12899200.0,5748222.0,5748222.0,3224800.0,1165797.0,1165797.0,0.0,0.0,0.1712483898563408,0.17280756831138194,0.0,0.5498010706268347,0.44562624038700077,0.3615098610766559,"[0.6986851853498824, 0.7369261918979247, 0.7847237558074177]","[0.2207650859152988, 0.2614948694046024, 0.28035806702726934]","[0.46503095462922495, 0.5033190370686762, 0.5181003361933515]","[0.7625070729468034, 0.8203024954879847, 0.8796761821939227]","[0.13146402240988744, 0.162218998608407, 0.1873465809615426]","[0.3509514041918391, 0.45579194157451686, 0.5309400915314655]","[0.6861243849874796, 0.7182603276118633, 0.7668513327242104]","[0.2471890479480601, 0.2912981014572619, 0.3109645051681006]","[0.4883397569319714, 0.5106235769746661, 0.523686163160757]",0.5,0.5666666666666667,15.0,0
aime26,full,mass_s50,mass,0.5,"{""method"": ""mass""}",mass,"{""global"": {""dense_unattainable"": false, ""log_threshold"": -0.045639991760253906}, ""local"": {""dense_unattainable"": false, ""log_threshold"": -0.018442153930664062}}",30,0.4666666666666667,0.5666666666666667,-0.1,"(-0.23333333333333334, 0.03333333333333333)",1950,45675,0.042692939244663386,0.0,0.823529411764706,8,0,61217520.0,31460530.0,31460530.0,31460530.0,0.0,364197209.78272533,485253120.0,4801952847.440483,52858245551.459625,364197209.78272533,419950162.7927308,8733207.0,8733207.0,0.5139138272834313,0.5139138272834313,0.7505303825408177,0.7505303825408177,0.3014064720048783,0.0,42262320.0,22362799.0,22362799.0,15164160.0,7597059.0,7597059.0,3791040.0,1500672.0,1500672.0,0.5139138272834313,0.0,0.11489457916314989,0.14265862125744394,0.0,0.5291427209864484,0.5009877896302861,0.3958470498860471,12153920.0,6433694.0,6433694.0,6433694.0,0.0,62380229.51803255,80875520.0,810388834.3598356,14687124810.74707,62380229.51803255,67502264.25660944,1289083.0,1289083.0,0.529351353308233,0.529351353308233,0.7713116344480079,0.7713116344480079,0.23489746588628152,0.0,8994720.0,5023612.0,5023612.0,2527360.0,1224156.0,1224156.0,631840.0,185926.0,185926.0,0.529351353308233,0.0,0.06333232526451625,0.10606314670493142,0.0,0.558506768415248,0.48436154722714614,0.2942612053684477,49063600.0,25026836.0,25026836.0,25026836.0,0.0,301816980.2646928,404377600.0,3991564013.0806475,38171120740.712555,301816980.2646928,352447898.53612137,7444124.0,7444124.0,0.5100896795180133,0.5100896795180133,0.7463741321593798,0.7463741321593798,0.323373251537011,0.0,33267600.0,17339187.0,17339187.0,12636800.0,6372903.0,6372903.0,3159200.0,1314746.0,1314746.0,0.5100896795180133,0.0,0.1252070299428766,0.1517239664435549,0.0,0.5212034231504526,0.5043130381109141,0.416164218789567,"[0.7253491936901474, 0.7621012699444919, 0.7923600724590114]","[0.28598604434094493, 0.29944017692949415, 0.3148442009633769]","[0.4922792108796048, 0.5082280207082546, 0.5282555751275217]","[0.7377206498049853, 0.8017568286327967, 0.8415375776868348]","[0.2069575042697941, 0.2223908452541553, 0.2522816112568881]","[0.401211972935021, 0.4889651062133308, 0.5690155467985625]","[0.7213711810421967, 0.7549528005595139, 0.7812646696745053]","[0.30748636299972626, 0.32333519000720595, 0.3354893882066853]","[0.4915964671020026, 0.51322071758039, 0.5291250451793621]",0.4666666666666667,0.5666666666666667,14.0,0
aime26,noncalibration24,blasst_aggressive_s50,blasst_aggressive,0.5,"{""method"": ""blasst""}",blasst,"{""global"": {""log_scale"": 7.779279118037186, ""source"": ""existing AIME26 refined aggressive policy"", ""source_sha256"": ""25f4b8a909373450454895db3594bdd80091ffde568115199c9c2a74095e1bd1""}, ""local"": {""log_scale"": 8.091333801578767, ""source"": ""existing AIME26 refined aggressive policy"", ""source_sha256"": ""25f4b8a909373450454895db3594bdd80091ffde568115199c9c2a74095e1bd1""}}",24,0.375,0.5833333333333334,-0.20833333333333334,"(-0.4166666666666667, 0.0)",957,36996,0.025867661368796625,0.0,0.6428571428571428,5,0,52484800.0,26949284.0,26949284.0,26949284.0,0.0,339539830.90106076,482672640.0,13285773031.454237,54621523911.19986,339539830.90106076,383265144.4182215,6365178.0,6365178.0,0.5134683565527544,0.5134683565527544,0.7034577947096002,0.7034577947096002,0.4931868724968034,0.0,33630400.0,17490864.0,17490864.0,15083520.0,7768457.0,7768457.0,3770880.0,1689963.0,1689963.0,0.5134683565527544,0.0,0.09058999805160017,0.121276598176996,0.0,0.5200908701650887,0.5150294493593007,0.4481614371181263,9997600.0,4960971.0,4960971.0,4960971.0,0.0,58040093.16692287,80445440.0,2274981466.5243845,15154566251.217773,58040093.16692287,62353579.35130882,833127.0,833127.0,0.49621619188605265,0.49621619188605265,0.7214839419974938,0.7214839419974938,0.3874513479540777,0.0,6855200.0,3447766.0,3447766.0,2513920.0,1283095.0,1283095.0,628480.0,230110.0,230110.0,0.49621619188605265,0.0,0.05362002102774197,0.08333269984796352,0.0,0.5029417084840705,0.5103961144348269,0.36613734725050917,42487200.0,21988313.0,21988313.0,21988313.0,0.0,281499737.7341379,402227200.0,11010791564.929852,39466957659.982086,281499737.7341379,320911565.06691265,5532051.0,5532051.0,0.5175279378259805,0.5175279378259805,0.6998525652520214,0.6998525652520214,0.5281927622785401,0.0,26775200.0,14043098.0,14043098.0,12569600.0,6485362.0,6485362.0,3142400.0,1459853.0,1459853.0,0.5175279378259805,0.0,0.09798399345637182,0.13020512060102807,0.0,0.5244815351519316,0.5159561163441955,0.46456625509164967,"[0.5582145786162955, 0.7136808504505516, 0.740342688923578]","[0.41522070652158416, 0.45608182445498835, 0.7000261891506898]","[0.4789760698856384, 0.5178336527006456, 0.633072193287037]","[0.5323358806292448, 0.7380187136722536, 0.7682216955694622]","[0.30324014419806145, 0.3422550951053555, 0.580314167222645]","[0.44618568308746653, 0.48935165601050545, 0.6421078307274789]","[0.564109801528023, 0.7092458577791045, 0.7352140162681635]","[0.4479656711074349, 0.4926164449935874, 0.7411927392185119]","[0.482720073858004, 0.5199854268776098, 0.6323298611111111]",0.375,0.5833333333333334,9.0,0
aime26,noncalibration24,blasst_original_s50,blasst_original,0.5,"{""method"": ""blasst""}",blasst,"{""global"": {""cap_one"": true, ""log_threshold"": 0.0, ""source"": ""exact lambda1 fallback for this attention type only"", ""unattainable"": true}, ""local"": {""cap_one"": true, ""log_threshold"": 0.0, ""source"": ""exact lambda1 fallback for this attention type only"", ""unattainable"": true}}",24,0.5416666666666666,0.5833333333333334,-0.041666666666666664,"(-0.25, 0.16666666666666666)",1996,33189,0.060140407966494926,0.0,0.9285714285714285,2,0,27923600.0,8091157.0,8091157.0,8091157.0,0.0,216030616.67647648,231260160.0,543507401.4637918,25131721190.236694,216030616.67647648,221383238.08609772,2223029.0,2223029.0,0.2897605251471873,0.2897605251471873,0.9341454086881047,0.9341454086881047,0.14705900215710838,0.0,18890000.0,5914140.0,5914140.0,7226880.0,1881080.0,1881080.0,1806720.0,295937.0,295937.0,0.2897605251471873,0.0,0.023145454061872302,0.07961111747768912,0.0,0.31308311275807305,0.26028936415161175,0.16379793216436414,5372000.0,1891367.0,1891367.0,1891367.0,0.0,34976962.062482834,38543360.0,203867821.88905978,7212581611.805664,34976962.062482834,35569026.1729126,305754.0,305754.0,0.35207874162323155,0.35207874162323155,0.9074704971876566,0.9074704971876566,0.1681237124280773,0.0,3866400.0,1511448.0,1511448.0,1204480.0,337642.0,337642.0,301120.0,42277.0,42277.0,0.35207874162323155,0.0,0.015360988518638848,0.05691623231571109,0.0,0.39091868404717567,0.280321798618491,0.1403991764080765,22551600.0,6199790.0,6199790.0,6199790.0,0.0,181053654.61399364,192716800.0,339639579.5747321,17919139578.43103,181053654.61399364,185814211.91318512,1917275.0,1917275.0,0.27491574877170577,0.27491574877170577,0.9394803909881944,0.9394803909881944,0.13767356902465927,0.0,15023600.0,4402692.0,4402692.0,6022400.0,1543438.0,1543438.0,1505600.0,253660.0,253660.0,0.27491574877170577,0.0,0.024702347170518994,0.08501724933042445,0.0,0.293051731941745,0.2562828772582359,0.16847768331562168,"[0.9308930783490043, 0.9341696814378061, 0.9421168360484814]","[0.1369084156234029, 0.146531612823926, 0.153804037581009]","[0.27710249561051004, 0.28936143671813624, 0.31813302906590973]","[0.8927625417547146, 0.9161543051195585, 0.9352391819721693]","[0.1432511006858399, 0.16413941450722, 0.17985777514617557]","[0.26838535366263444, 0.32986830048917354, 0.380764144862109]","[0.9363352220125262, 0.9396538352279, 0.9431474564436024]","[0.12478809636500746, 0.13901919323661888, 0.14939126332955407]","[0.25945353990753367, 0.2859886660916381, 0.32458109459005374]",0.5416666666666666,0.5833333333333334,13.0,0
aime26,noncalibration24,dense,dense,0.0,{},dense,,24,0.5833333333333334,0.5833333333333334,0.0,"(0.0, 0.0)",30947,30947,1.0,1.0,1.0,5,0,28505360.0,0.0,0.0,0.0,0.0,228433920.0,228433920.0,0.0,25021325301.524628,228433920.0,228433920.0,0.0,0.0,0.0,0.0,1.0,1.0,0.0,0.0,19582160.0,0.0,0.0,7138560.0,0.0,0.0,1784640.0,0.0,0.0,0.0,0.0,0.0,0.0,0.0,0.0,0.0,0.0,5624960.0,0.0,0.0,0.0,0.0,38072320.0,38072320.0,0.0,7224038056.334473,38072320.0,38072320.0,0.0,0.0,0.0,0.0,1.0,1.0,0.0,0.0,4137760.0,0.0,0.0,1189760.0,0.0,0.0,297440.0,0.0,0.0,0.0,0.0,0.0,0.0,0.0,0.0,0.0,0.0,22880400.0,0.0,0.0,0.0,0.0,190361600.0,190361600.0,0.0,17797287245.190155,190361600.0,190361600.0,0.0,0.0,0.0,0.0,1.0,1.0,0.0,0.0,15444400.0,0.0,0.0,5948800.0,0.0,0.0,1487200.0,0.0,0.0,0.0,0.0,0.0,0.0,0.0,0.0,0.0,0.0,"[1.0, 1.0, 1.0]","[0.0, 0.0, 0.0]","[0.0, 0.0, 0.0]","[1.0, 1.0, 1.0]","[0.0, 0.0, 0.0]","[0.0, 0.0, 0.0]","[1.0, 1.0, 1.0]","[0.0, 0.0, 0.0]","[0.0, 0.0, 0.0]",0.5833333333333334,0.5833333333333334,14.0,0
aime26,noncalibration24,full_centered_s50,full_centered,0.5,"{""family"": ""identity""}",centered,"{""global"": {""log_threshold"": -1.2118581533432007}, ""local"": {""log_threshold"": -0.7402970194816589}}",24,0.5,0.5833333333333334,-0.08333333333333333,"(-0.2916666666666667, 0.16666666666666666)",1741,34441,0.05055021631195378,0.0,0.8571428571428571,5,0,46894080.0,24135932.0,0.0,24135932.0,0.0,267184273.93019527,368025600.0,2576293624.719854,39115202922.384186,267184273.93019527,322647281.31114626,7502189.0,7502189.0,0.5146903830931324,0.5146903830931324,0.7259937187255323,0.7259937187255323,0.2566403185086136,0.0,32518080.0,18062988.0,18062988.0,11500800.0,5134095.0,5134095.0,2875200.0,938849.0,938849.0,0.0,0.0,0.15070421019883123,0.15998157976443936,0.0,0.5554752310099489,0.4464119887312187,0.3265334585420145,9302080.0,4823039.0,0.0,4823039.0,0.0,48228514.96510601,61337600.0,353494755.8111863,11101177782.346436,48228514.96510601,52293710.85982847,1089318.0,1089318.0,0.518490380646049,0.518490380646049,0.7862797854025265,0.7862797854025265,0.1784460580904575,0.0,6906080.0,3882829.0,3882829.0,1916800.0,816501.0,816501.0,479200.0,123709.0,123709.0,0.0,0.0,0.06627575736126717,0.11710477656610134,0.0,0.5622334233023655,0.42597088898163604,0.25815734557595993,37592000.0,19312893.0,0.0,19312893.0,0.0,218955758.96508926,306688000.0,2222798868.9086676,28014025140.03775,218955758.96508926,270353570.4513178,6412871.0,6412871.0,0.5137500798042136,0.5137500798042136,0.7139365053901335,0.7139365053901335,0.2816840955455897,0.0,25612000.0,14180159.0,14180159.0,9584000.0,4317594.0,4317594.0,2396000.0,815140.0,815140.0,0.0,0.0,0.16758990076634406,0.17059137582464354,0.0,0.553652936123692,0.4505002086811352,0.3402086811352254,"[0.6941026007532147, 0.7401093493679425, 0.8047476991123675]","[0.19529872108007063, 0.24383037272174654, 0.2738050672884871]","[0.47342631353740455, 0.5061197582517556, 0.5321487550052622]","[0.7388712304160435, 0.8173888529644623, 0.8725498539330437]","[0.13675661906161962, 0.16161986748880086, 0.2004263790959373]","[0.37035639795207914, 0.4530087242206314, 0.5704981477068518]","[0.6859216329063379, 0.7241834274751437, 0.7916110708103887]","[0.2151697929192711, 0.2715693414023143, 0.30001707483569595]","[0.4916347638649955, 0.5099086751568467, 0.5249563078081062]",0.5,0.5833333333333334,12.0,0
aime26,noncalibration24,jl_gaussian_r16_s50,jl_gaussian_r16,0.5,"{""family"": ""gaussian"", ""rank"": 16}",centered,"{""global"": {""log_threshold"": -1.2361350059509277}, ""local"": {""log_threshold"": -0.7595282196998596}}",24,0.375,0.5833333333333334,-0.20833333333333334,"(-0.4166666666666667, 0.0)",1578,33583,0.0469880594348331,0.0,0.6428571428571428,5,0,45199600.0,23071964.0,0.0,23071964.0,0.0,257307460.6665715,355000320.0,2580887299.2670994,37703344545.96976,257307460.6665715,311191950.07673836,7281657.0,7281657.0,0.510446198638926,0.510446198638926,0.724809095007496,0.724809095007496,0.26163424146706454,0.0,31332400.0,17255715.0,17255715.0,11093760.0,4898799.0,4898799.0,2773440.0,917450.0,917450.0,0.0,0.0,0.1517871572909198,0.161100031858689,0.0,0.5507307132552884,0.44158148364485983,0.3307985750548056,9028800.0,4560302.0,0.0,4560302.0,0.0,46997922.76446962,59166720.0,317320982.6517468,10725672259.437012,46997922.76446962,50945902.06518078,1055075.0,1055075.0,0.5050839535707957,0.5050839535707957,0.7943303729608405,0.7943303729608405,0.17200344056105135,0.0,6717600.0,3667378.0,3667378.0,1848960.0,772167.0,772167.0,462240.0,120757.0,120757.0,0.0,0.0,0.06672635056854859,0.11685661438950913,0.0,0.5459357508634036,0.4176223390446521,0.26124307718933887,36170800.0,18511662.0,0.0,18511662.0,0.0,210309537.90210187,295833600.0,2263566316.6153526,26977672286.532745,210309537.90210187,260246048.01155758,6226582.0,6226582.0,0.5117846992601767,0.5117846992601767,0.7109048394168271,0.7109048394168271,0.2896639002120225,0.0,24614800.0,13588337.0,13588337.0,9244800.0,4126632.0,4126632.0,2311200.0,796693.0,796693.0,0.0,0.0,0.16879931863539405,0.17214388401694183,0.0,0.552039301558412,0.44637331256490137,0.3447096746278989,"[0.6914823676591298, 0.7420573574267846, 0.7997199202229875]","[0.2064935504667931, 0.2508768617188513, 0.2828537537334046]","[0.463467546946614, 0.5024387237065888, 0.5219134965955715]","[0.7497540088524692, 0.8389882637894307, 0.8853682890827277]","[0.12724422011056108, 0.15106425441884042, 0.19496912345027723]","[0.34034043006489484, 0.44278536099573623, 0.5445133290727581]","[0.6812975677442605, 0.7242816721322007, 0.7820348750365315]","[0.23294706791108735, 0.28083682282951866, 0.31050271996145673]","[0.48567213717221513, 0.508311465484363, 0.5243168334300629]",0.375,0.5833333333333334,9.0,0
aime26,noncalibration24,jl_gaussian_r1_s50,jl_gaussian_r1,0.5,"{""family"": ""gaussian"", ""rank"": 1}",centered,"{""global"": {""log_threshold"": -1.2361350059509277}, ""local"": {""log_threshold"": -0.8611931800842285}}",24,0.5,0.5833333333333334,-0.08333333333333333,"(-0.2916666666666667, 0.125)",1316,34821,0.03779328566095173,0.0,0.8571428571428571,5,0,55237520.0,27709606.0,0.0,27709606.0,0.0,317465247.22676086,434626560.0,4602728353.607853,45501371992.55148,317465247.22676086,381767385.62705326,8780006.0,8780006.0,0.5016446429890408,0.5016446429890408,0.7304322295139093,0.7304322295139093,0.3180500191701677,0.0,38259920.0,20623798.0,20623798.0,13582080.0,5904817.0,5904817.0,3395520.0,1180991.0,1180991.0,0.0,0.0,0.14794801863993862,0.15895003975558641,0.0,0.53904446219438,0.4347505683960041,0.34780858307416834,10977920.0,5729879.0,0.0,5729879.0,0.0,56599294.89409065,72437760.0,538927797.9933249,13007400891.782227,56599294.89409065,61779462.28598595,1275348.0,1275348.0,0.5219457784352591,0.5219457784352591,0.7813507056829291,0.7813507056829291,0.20354949526734373,0.0,8148320.0,4648604.0,4648604.0,2263680.0,945433.0,945433.0,565920.0,135842.0,135842.0,0.0,0.0,0.0715119765146699,0.11617392001399172,0.0,0.5704984585779646,0.41765311351427764,0.24003746112524738,44259600.0,21979727.0,0.0,21979727.0,0.0,260865952.3326702,362188800.0,4063800555.6145287,32493971100.769257,260865952.3326702,319987923.3410673,7504658.0,7504658.0,0.49660925539318024,0.49660925539318024,0.7202485342801054,0.7202485342801054,0.3536427814855277,0.0,30111600.0,15975194.0,15975194.0,11318400.0,4959384.0,4959384.0,2829600.0,1045149.0,1045149.0,0.0,0.0,0.16323522706499236,0.1695600050610489,0.0,0.5305328843369332,0.43817005937234943,0.3693628074639525,"[0.7065573600563426, 0.7392233219613552, 0.7828380293001574]","[0.2790190999721149, 0.31176251479835804, 0.33176033432008745]","[0.4756526449641117, 0.4927219354290181, 0.5106541923281064]","[0.7471074521159085, 0.8050044318543392, 0.8543720328132465]","[0.16824558129942513, 0.19233406820300603, 0.2197935790272671]","[0.3700963672393612, 0.4778218239359959, 0.5716999082398797]","[0.6979001877784584, 0.7285026978429479, 0.7687541512820996]","[0.31192599727982107, 0.3489009421545948, 0.36912510092387785]","[0.4857443088263739, 0.4962375641587041, 0.5031016888696136]",0.5,0.5833333333333334,12.0,0
aime26,noncalibration24,jl_gaussian_r24_s50,jl_gaussian_r24,0.5,"{""family"": ""gaussian"", ""rank"": 24}",centered,"{""global"": {""log_threshold"": -1.2361350059509277}, ""local"": {""log_threshold"": -0.7595282196998596}}",24,0.5833333333333334,0.5833333333333334,0.0,"(-0.16666666666666666, 0.16666666666666666)",1598,32958,0.04848595181746465,0.0,1.0,4,0,42584960.0,21629203.0,0.0,21629203.0,0.0,249090663.96813622,339886080.0,2257571189.182366,36137359706.157715,249090663.96813622,298446744.2573223,6814583.0,6814583.0,0.507907087384842,0.507907087384842,0.7328651528422,0.7328651528422,0.24994388598118716,0.0,29308160.0,16053415.0,16053415.0,10621440.0,4742439.0,4742439.0,2655360.0,833349.0,833349.0,0.0,0.0,0.14521359712403076,0.16002323355475737,0.0,0.5477455766585142,0.4464968026934201,0.31383654193781635,8232160.0,4167834.0,0.0,4167834.0,0.0,44741592.311106205,56647680.0,316619649.6670957,10267473005.584473,44741592.311106205,48486007.54966164,977434.0,977434.0,0.506286806864784,0.506286806864784,0.7898221482522533,0.7898221482522533,0.17560510906986546,0.0,6019360.0,3300037.0,3300037.0,1770240.0,752286.0,752286.0,442560.0,115511.0,115511.0,0.0,0.0,0.06610006338398026,0.11873360090182893,0.0,0.5482371880066984,0.4249627169197397,0.261006417208966,34352800.0,17461369.0,0.0,17461369.0,0.0,204349071.65703002,283238400.0,1940951539.5152702,25869886700.573242,204349071.65703002,249960736.70766068,5837149.0,5837149.0,0.5082953645699914,0.5082953645699914,0.7214737537601894,0.7214737537601894,0.2739113843312327,0.0,23288800.0,12753378.0,12753378.0,8851200.0,3990153.0,3990153.0,2212800.0,717838.0,717838.0,0.0,0.0,0.16103630387204088,0.1699177068535898,0.0,0.5476185119027172,0.4508036198481562,0.32440256688358643,"[0.7037328546622899, 0.7536982437626772, 0.7945442516050332]","[0.21121974471444915, 0.24253175752350006, 0.26832285708478615]","[0.46697902333448, 0.5026566406257795, 0.5189236863866774]","[0.7382582840749146, 0.8348122769354165, 0.871599410487196]","[0.13446728797907165, 0.15219746939739875, 0.1991066832981297]","[0.3622765260977523, 0.4627575438906016, 0.5531044412327766]","[0.6936019920220408, 0.7364429170618907, 0.7791332198286005]","[0.2352347765463795, 0.2666434971123033, 0.2930732052285579]","[0.4860705642921351, 0.5077814397953486, 0.5201617076083495]",0.5833333333333334,0.5833333333333334,14.0,0
aime26,noncalibration24,jl_gaussian_r2_s50,jl_gaussian_r2,0.5,"{""family"": ""gaussian"", ""rank"": 2}",centered,"{""global"": {""log_threshold"": -1.2668640613555908}, ""local"": {""log_threshold"": -0.8551128506660461}}",24,0.5416666666666666,0.5833333333333334,-0.041666666666666664,"(-0.25, 0.16666666666666666)",1655,34683,0.0477179021422599,0.0,0.9285714285714285,5,0,46075760.0,23171437.0,0.0,23171437.0,0.0,263869607.82188007,361881600.0,3000318230.6161294,38143486292.43396,263869607.82188007,317046774.187047,7375422.0,7375422.0,0.5028986391108904,0.5028986391108904,0.729160056277744,0.729160056277744,0.2804616392254183,0.0,31939760.0,17277284.0,17277284.0,11308800.0,4941578.0,4941578.0,2827200.0,952575.0,952575.0,0.0,0.0,0.14694631162558952,0.1600716298548304,0.0,0.5409334321860904,0.43696749434069043,0.33693230050933787,9221760.0,4775191.0,0.0,4775191.0,0.0,47149626.71321297,60313600.0,440801184.04672056,10825245090.444092,47149626.71321297,51094658.795760155,1075974.0,1075974.0,0.5178177484558262,0.5178177484558262,0.7817412111565711,0.7817412111565711,0.20179133210203604,0.0,6865760.0,3839795.0,3839795.0,1884800.0,800567.0,800567.0,471200.0,134829.0,134829.0,0.0,0.0,0.06540866541786906,0.11667772746200292,0.0,0.5592672916035515,0.42474904499151106,0.28613964346349746,36854000.0,18396246.0,0.0,18396246.0,0.0,216719981.1086671,301568000.0,2559517046.569409,27318241201.98987,216719981.1086671,265952115.39128685,6299448.0,6299448.0,0.4991655179899061,0.4991655179899061,0.7186438253019787,0.7186438253019787,0.3060924697439723,0.0,25074000.0,13437489.0,13437489.0,9424000.0,4141011.0,4141011.0,2356000.0,817746.0,817746.0,0.0,0.0,0.1632538408671336,0.17092983122591848,0.0,0.5359132567599905,0.43941118421052633,0.3470908319185059,"[0.7011057240775631, 0.7439403089519372, 0.7970673725585322]","[0.23334839895268655, 0.2707100098882678, 0.2945773987011639]","[0.4585966159064349, 0.4943184375055386, 0.5140112701547073]","[0.7264799954138782, 0.8136985195418334, 0.8621250588527323]","[0.1653041823636352, 0.19383505210047858, 0.2252757979806906]","[0.3572261830477604, 0.448987042401318, 0.5554038288076419]","[0.6953522178233974, 0.728981359354202, 0.7829394371601429]","[0.2576504153693715, 0.29870835329539347, 0.3209068690887827]","[0.47845400709584535, 0.49603405786046306, 0.5092316042592835]",0.5416666666666666,0.5833333333333334,13.0,0
aime26,noncalibration24,jl_gaussian_r32_s50,jl_gaussian_r32,0.5,"{""family"": ""gaussian"", ""rank"": 32}",centered,"{""global"": {""log_threshold"": -1.2361350059509277}, ""local"": {""log_threshold"": -0.7595282196998596}}",24,0.5,0.5833333333333334,-0.08333333333333333,"(-0.2916666666666667, 0.125)",1589,33372,0.0476147668704303,0.0,0.8571428571428571,4,0,41022720.0,20802026.0,0.0,20802026.0,0.0,240669154.61830795,327843840.0,2180709587.200531,34809132045.4314,240669154.61830795,288400619.3005681,6475443.0,6475443.0,0.5070854882367625,0.5070854882367625,0.7340969243720057,0.7340969243720057,0.25029508367923986,0.0,28216320.0,15442518.0,15442518.0,10245120.0,4541388.0,4541388.0,2561280.0,818120.0,818120.0,0.0,0.0,0.14559207420905074,0.15785016205653843,0.0,0.547290291575939,0.4432732852323838,0.31941841579210395,8138720.0,4156058.0,0.0,4156058.0,0.0,43365877.182463646,54640640.0,298885233.90603036,9920580923.877686,43365877.182463646,46879291.268339634,942682.0,942682.0,0.5106525350423654,0.5106525350423654,0.7936560988755558,0.7936560988755558,0.17357360271509248,0.0,6004320.0,3331621.0,3331621.0,1707520.0,717639.0,717639.0,426880.0,106798.0,106798.0,0.0,0.0,0.06430038311915798,0.11582681306151336,0.0,0.5548706597916166,0.42028146083208395,0.2501827211394303,32884000.0,16645968.0,0.0,16645968.0,0.0,197303277.4358443,273203200.0,1881824353.2945006,24888551121.55371,197303277.4358443,241521328.03222847,5532761.0,5532761.0,0.5062026517455297,0.5062026517455297,0.7221850894712958,0.7221850894712958,0.27497279919913153,0.0,22212000.0,12110897.0,12110897.0,8537600.0,3823749.0,3823749.0,2134400.0,711322.0,711322.0,0.0,0.0,0.1618504124270293,0.1682508514779224,0.0,0.5452411759409328,0.4478716501124438,0.3332655547226387,"[0.7044266014867733, 0.7534073742576709, 0.8069176696050085]","[0.2006757937997999, 0.24234262382065969, 0.26869080778780224]","[0.4591430383441092, 0.4976255233472283, 0.526678023112126]","[0.7427575207010024, 0.8397494364454929, 0.8868179973618728]","[0.12680677157067835, 0.15029772550649517, 0.19889522061198944]","[0.3590633348651961, 0.4379029305222558, 0.5635691335765345]","[0.6962359057262724, 0.7376130506110287, 0.7904964094561053]","[0.22466325049905625, 0.26865042285881036, 0.29443653043431806]","[0.4796974850368324, 0.5054297757170281, 0.5204403795162873]",0.5,0.5833333333333334,12.0,0
aime26,noncalibration24,jl_gaussian_r4_s50,jl_gaussian_r4,0.5,"{""family"": ""gaussian"", ""rank"": 4}",centered,"{""global"": {""log_threshold"": -1.2361350059509277}, ""local"": {""log_threshold"": -0.7595282196998596}}",24,0.4583333333333333,0.5833333333333334,-0.125,"(-0.2916666666666667, 0.041666666666666664)",1588,34376,0.04619501978124273,0.0,0.7857142857142856,4,0,44915120.0,22983266.0,0.0,22983266.0,0.0,258363786.23436943,358318080.0,2798967089.15004,38004433879.305756,258363786.23436943,312559351.05722046,7206576.0,7206576.0,0.5117044327166442,0.5117044327166442,0.7210459104781133,0.7210459104781133,0.27138245206025174,0.0,30918320.0,17012614.0,17012614.0,11197440.0,5046525.0,5046525.0,2799360.0,924127.0,924127.0,0.0,0.0,0.15124987503519507,0.1604487753789815,0.0,0.5502438036736795,0.4506856031378601,0.33012081332876086,8755520.0,4413580.0,0.0,4413580.0,0.0,47334937.28795028,59719680.0,358984998.7866457,10835395316.78247,47334937.28795028,51342378.99655914,1026637.0,1026637.0,0.5040911333650085,0.5040911333650085,0.7926187362013708,0.7926187362013708,0.18201860015324606,0.0,6422720.0,3514124.0,3514124.0,1866240.0,782244.0,782244.0,466560.0,117212.0,117212.0,0.0,0.0,0.06710420599388453,0.11725597109023793,0.0,0.5471395296696726,0.4191550925925926,0.25122599451303157,36159600.0,18569686.0,0.0,18569686.0,0.0,211028848.94641915,298598400.0,2439982090.3633947,27169038562.523285,211028848.94641915,261216972.06066132,6179939.0,6179939.0,0.5135478821668381,0.5135478821668381,0.7067313453334617,0.7067313453334617,0.29967891261585833,0.0,24495600.0,13498490.0,13498490.0,9331200.0,4264281.0,4264281.0,2332800.0,806915.0,806915.0,0.0,0.0,0.1680790088434572,0.1709072832664078,0.0,0.551057740982054,0.45699170524691357,0.3458997770919067,"[0.6998789878350267, 0.7373733822577659, 0.7859853300060253]","[0.22843679601634734, 0.2620101162669216, 0.28741663670812206]","[0.46789274236922074, 0.5065006996476407, 0.5280034451374155]","[0.758426915261228, 0.8188130376892013, 0.8782319276088513]","[0.14144996864415324, 0.1678658670662624, 0.19912949257553272]","[0.34712213845777934, 0.475308396639549, 0.547928407637294]","[0.685338007659207, 0.720016569235497, 0.7677061947698549]","[0.25650439549081977, 0.2918573153083851, 0.3143486050741524]","[0.49204686315150903, 0.5109790336432689, 0.5233379508688071]",0.4583333333333333,0.5833333333333334,11.0,0
aime26,noncalibration24,jl_gaussian_r8_s50,jl_gaussian_r8,0.5,"{""family"": ""gaussian"", ""rank"": 8}",centered,"{""global"": {""log_threshold"": -1.268207311630249}, ""local"": {""log_threshold"": -0.7595282196998596}}",24,0.5416666666666666,0.5833333333333334,-0.041666666666666664,"(-0.16666666666666666, 0.08333333333333333)",1566,35439,0.0441886057733006,0.0,0.9285714285714285,5,0,50746480.0,25792617.0,0.0,25792617.0,0.0,283736856.15079105,392724480.0,2961138131.5148005,41658168176.11307,283736856.15079105,344599568.16977215,8264649.0,8264649.0,0.5082641594057361,0.5082641594057361,0.7224832435981354,0.7224832435981354,0.26661172755751394,0.0,35405680.0,19305634.0,19305634.0,12272640.0,5436173.0,5436173.0,3068160.0,1050810.0,1050810.0,0.0,0.0,0.1549756002451925,0.1628615226120117,0.0,0.5452694031014232,0.44295057950041716,0.3424886576971214,10185280.0,5031820.0,0.0,5031820.0,0.0,52173032.609641075,65454080.0,345349865.8244307,11799405782.831055,52173032.609641075,56522459.19460392,1240601.0,1240601.0,0.49402863740613906,0.49402863740613906,0.7970936664244777,0.7970936664244777,0.17108013228446545,0.0,7628480.0,4054141.0,4054141.0,2045440.0,843278.0,843278.0,511360.0,134401.0,134401.0,0.0,0.0,0.06645004535947713,0.121803327939929,0.0,0.5314480735349637,0.4122721761576971,0.26283049123904884,40561200.0,20760797.0,0.0,20760797.0,0.0,231563823.54114997,327270400.0,2615788265.6903696,29858762393.282013,231563823.54114997,288077108.9751682,7024048.0,7024048.0,0.5118388262674675,0.5118388262674675,0.707561159032867,0.707561159032867,0.2959820625243986,0.0,27777200.0,15251493.0,15251493.0,10227200.0,4592895.0,4592895.0,2556800.0,916409.0,916409.0,0.0,0.0,0.17268071122233558,0.17317160241807442,0.0,0.5490651685555059,0.4490862601689612,0.3584202909887359,"[0.6997258454717755, 0.7369261918979247, 0.7890066787229627]","[0.2200452718545355, 0.2614948694046024, 0.27995174627373015]","[0.471152409170779, 0.5033190370686762, 0.5176074191620844]","[0.7633783515961923, 0.8203024954879847, 0.8793363679857238]","[0.1320364349055694, 0.162218998608407, 0.18620767086282164]","[0.35622316986092606, 0.45579194157451686, 0.5279157585321493]","[0.6846619477499793, 0.7182603276118633, 0.7709558874797515]","[0.24666333865615753, 0.2919944519566885, 0.3108658983384515]","[0.4926703354978355, 0.5106235769746661, 0.5232517428756137]",0.5416666666666666,0.5833333333333334,13.0,0
aime26,noncalibration24,mass_s50,mass,0.5,"{""method"": ""mass""}",mass,"{""global"": {""dense_unattainable"": false, ""log_threshold"": -0.045639991760253906}, ""local"": {""dense_unattainable"": false, ""log_threshold"": -0.018442153930664062}}",24,0.4583333333333333,0.5833333333333334,-0.125,"(-0.2916666666666667, 0.041666666666666664)",1354,35575,0.038060435699226985,0.0,0.7857142857142856,6,0,48468400.0,25015154.0,25015154.0,25015154.0,0.0,286861263.84552574,382771200.0,3811491712.1021595,41680842868.47131,286861263.84552574,331080813.5044551,6909457.0,6909457.0,0.5161126424639559,0.5161126424639559,0.7494327259875501,0.7494327259875501,0.3023982291113767,0.0,33516400.0,17774820.0,17774820.0,11961600.0,6065475.0,6065475.0,2990400.0,1174859.0,1174859.0,0.5161126424639559,0.0,0.11552475645745905,0.14255591271838972,0.0,0.5303320165650249,0.5070789024879615,0.39287687265917604,9656000.0,5136465.0,5136465.0,5136465.0,0.0,49050030.145478725,63795200.0,642952611.9817342,11573023450.749268,49050030.145478725,53144668.869663715,1028878.0,1028878.0,0.5319454225352113,0.5319454225352113,0.7688670957294393,0.7688670957294393,0.2357035186861342,0.0,7164000.0,4008795.0,4008795.0,1993600.0,984457.0,984457.0,498400.0,143213.0,143213.0,0.5319454225352113,0.0,0.06418411924698081,0.10655323115161558,0.0,0.5595749581239531,0.4938086878009631,0.2873455056179775,38812400.0,19878689.0,19878689.0,19878689.0,0.0,237811233.70004702,318976000.0,3168539100.120425,30107819417.722046,237811233.70004702,277936144.6347914,5880579.0,5880579.0,0.5121736609949398,0.5121736609949398,0.7455458520391722,0.7455458520391722,0.32440675150121684,0.0,26352400.0,13766025.0,13766025.0,9968000.0,5081018.0,5081018.0,2492000.0,1031646.0,1031646.0,0.5121736609949398,0.0,0.1257928838995547,0.15151289278684132,0.0,0.5223822118668509,0.5097329454253612,0.4139831460674157,"[0.7255916128301736, 0.7621012699444919, 0.7935310711197006]","[0.2866299095872608, 0.29944017692949415, 0.3152611998469206]","[0.49317267011489074, 0.5121892770685587, 0.5294558974731526]","[0.7254708261763015, 0.8017568286327967, 0.8462622092078649]","[0.20593916999720785, 0.2208804250100485, 0.25539640150900017]","[0.39067805514946335, 0.4889651062133308, 0.577700757201588]","[0.7233363133690207, 0.7561137254892316, 0.7836147943715384]","[0.31110418407045093, 0.32333519000720595, 0.3350598678120735]","[0.4929169189764861, 0.5164796676706913, 0.53083610056926]",0.4583333333333333,0.5833333333333334,11.0,0
longbench_v2,calibration6,blasst_aggressive_s50,blasst_aggressive,0.5,"{""method"": ""blasst""}",blasst,"{""global"": {""cap_one"": false, ""log_scale"": 8.361061096191433, ""source"": ""Historical scalar warm start; must reverify on the new12 calibration examples""}, ""local"": {""cap_one"": false, ""log_scale"": 8.37258338928229, ""source"": ""Historical scalar warm start; must reverify on the new12 calibration examples""}}",6,0.3333333333333333,0.16666666666666666,0.16666666666666666,"(0.0, 0.5)",249,3620,0.06878453038674033,0.0,2.0,0,0,32095680.0,15709624.0,15709624.0,15709624.0,0.0,30402322.36086011,40181760.0,476985860.8426267,3991682292.338257,30402322.36086011,36246313.8995018,2688827.0,2688827.0,0.4894622578490314,0.4894622578490314,0.7566199778421878,0.7566199778421878,0.3456804105211649,0.0,30531840.0,15081033.0,15081033.0,1255680.0,483536.0,483536.0,308160.0,145055.0,145055.0,0.4894622578490314,0.0,0.1454389140406416,0.08377535543724264,0.0,0.4939444527417935,0.385079001019368,0.4707132658359294,27125280.0,13306103.0,13306103.0,13306103.0,0.0,6030377.674779892,6696960.0,23319745.560609408,1013161673.4013672,6030377.674779892,6119671.846221924,1782430.0,1782430.0,0.4905425123722225,0.4905425123722225,0.900464938536275,0.900464938536275,0.15171290610521176,0.0,26869440.0,13274076.0,13274076.0,209280.0,31052.0,31052.0,46560.0,975.0,975.0,0.4905425123722225,0.0,0.013333538119091626,0.0657110267617514,0.0,0.49402131194397797,0.14837538226299693,0.020940721649484535,4970400.0,2403521.0,2403521.0,2403521.0,0.0,24371944.686080217,33484800.0,453666115.2820173,2978520618.9368896,24371944.686080217,30126642.053279877,906397.0,906397.0,0.48356691614356995,0.48356691614356995,0.7278509857033704,0.7278509857033704,0.3902724240432046,0.0,3662400.0,1806957.0,1806957.0,1046400.0,452484.0,452484.0,261600.0,144080.0,144080.0,0.48356691614356995,0.0,0.1718599892249516,0.18235896507323354,0.0,0.49338057011795544,0.4324197247706422,0.5507645259938838,"[0.7422619859395096, 0.7492794984383488, 0.7719697766885774]","[0.32872613263485395, 0.3550215657129616, 0.362052057441267]","[0.46912245178405737, 0.5006712723928821, 0.5134908711347075]","[0.8852083597345175, 0.8934451393911893, 0.9127222437685114]","[0.1349141919616524, 0.15547762061122422, 0.17374137890328542]","[0.46730550405419286, 0.5026414820468355, 0.5193481241180682]","[0.7108561409535059, 0.7217090478641688, 0.7453731758832047]","[0.37119645652043276, 0.399277650201493, 0.4086742289449904]","[0.4789656432748538, 0.48181727666868324, 0.4899221705608184]",0.3333333333333333,0.16666666666666666,2.0,0
longbench_v2,calibration6,blasst_original_s50,blasst_original,0.5,"{""method"": ""blasst""}",blasst,"{""global"": {""cap_one"": true, ""log_scale"": 8.361061096191433, ""source"": ""Historical scalar warm start; must reverify on the new12 calibration examples""}, ""local"": {""cap_one"": true, ""log_threshold"": 0.0, ""source"": ""Historical scalar warm start; must reverify on the new12 calibration examples""}}",6,0.16666666666666666,0.16666666666666666,0.0,"(0.0, 0.0)",200,3451,0.05795421616922631,0.0,1.0,0,0,23929120.0,11314740.0,11314740.0,11314740.0,0.0,28124549.229642868,29982720.0,54743771.42026973,3102000444.87442,28124549.229642868,29114544.08189392,1677414.0,1677414.0,0.4728439658457979,0.4728439658457979,0.9380252768809123,0.9380252768809123,0.13284537189299936,0.0,22762880.0,11081517.0,11081517.0,936960.0,197258.0,197258.0,229280.0,35965.0,35965.0,0.4728439658457979,0.0,0.03301884726439272,0.07009927653001866,0.0,0.48682403105406696,0.21052979849726777,0.1568606071179344,20220320.0,10467155.0,10467155.0,10467155.0,0.0,4482421.285985947,4997120.0,19438314.325322602,793960831.3203125,4482421.285985947,4549515.387123108,1294049.0,1294049.0,0.5176552596595899,0.5176552596595899,0.8970009297327154,0.8970009297327154,0.15646952399935585,0.0,20030080.0,10441772.0,10441772.0,156160.0,24538.0,24538.0,34080.0,845.0,845.0,0.5176552596595899,0.0,0.013426553922491606,0.06399745404622677,0.0,0.521304557944851,0.15713370901639345,0.024794600938967137,3708800.0,847585.0,847585.0,847585.0,0.0,23642127.94365692,24985600.0,35305457.09494712,2308039613.5541077,23642127.94365692,24565028.694770813,383365.0,383365.0,0.22853348792062123,0.22853348792062123,0.9462301463105517,0.9462301463105517,0.1236799468878853,0.0,2732800.0,639745.0,639745.0,780800.0,172720.0,172720.0,195200.0,35120.0,35120.0,0.22853348792062123,0.0,0.03693730593277294,0.10336631794650561,0.0,0.23409872658079625,0.22120901639344262,0.17991803278688526,"[0.9356315682800402, 0.9390542598928335, 0.9405633149763364]","[0.1303238420621302, 0.13200468970197238, 0.13506458782212755]","[0.4431322445710058, 0.47177570165890564, 0.5016193697233609]","[0.8868262913265121, 0.8946473440520797, 0.9051891035092994]","[0.14309405203964257, 0.15729705667857807, 0.17456287481631977]","[0.4827430264768401, 0.5163141049361026, 0.5519348276745789]","[0.943071950561374, 0.9471144801712912, 0.9507799932688085]","[0.11197217998152316, 0.12215117645005254, 0.13157325808564554]","[0.20966734407429088, 0.22983239118691157, 0.24456429655870443]",0.16666666666666666,0.16666666666666666,1.0,0
longbench_v2,calibration6,dense,dense,0.0,{},dense,,6,0.16666666666666666,0.16666666666666666,0.0,"(0.0, 0.0)",3390,3390,1.0,1.0,1.0,0,0,25229920.0,0.0,0.0,0.0,0.0,31580160.0,31580160.0,0.0,3309842090.4704285,31580160.0,31580160.0,0.0,0.0,0.0,0.0,1.0,1.0,0.0,0.0,23999360.0,0.0,0.0,986880.0,0.0,0.0,243680.0,0.0,0.0,0.0,0.0,0.0,0.0,0.0,0.0,0.0,0.0,21323520.0,0.0,0.0,0.0,0.0,5263360.0,5263360.0,0.0,861970967.1230469,5263360.0,5263360.0,0.0,0.0,0.0,0.0,1.0,1.0,0.0,0.0,21120960.0,0.0,0.0,164480.0,0.0,0.0,38080.0,0.0,0.0,0.0,0.0,0.0,0.0,0.0,0.0,0.0,0.0,3906400.0,0.0,0.0,0.0,0.0,26316800.0,26316800.0,0.0,2447871123.3473816,26316800.0,26316800.0,0.0,0.0,0.0,0.0,1.0,1.0,0.0,0.0,2878400.0,0.0,0.0,822400.0,0.0,0.0,205600.0,0.0,0.0,0.0,0.0,0.0,0.0,0.0,0.0,0.0,0.0,"[1.0, 1.0, 1.0]","[0.0, 0.0, 0.0]","[0.0, 0.0, 0.0]","[1.0, 1.0, 1.0]","[0.0, 0.0, 0.0]","[0.0, 0.0, 0.0]","[1.0, 1.0, 1.0]","[0.0, 0.0, 0.0]","[0.0, 0.0, 0.0]",0.16666666666666666,0.16666666666666666,1.0,0
longbench_v2,calibration6,full_centered_s50,full_centered,0.5,"{""family"": ""identity""}",centered,"{""global"": {""log_threshold"": -5.017964839935303}, ""local"": {""log_threshold"": -0.7310190200805664}}",6,0.16666666666666666,0.16666666666666666,0.0,"(0.0, 0.0)",161,3627,0.044389302453818585,0.0,1.0,0,0,40516160.0,21494821.0,0.0,21494821.0,0.0,36957689.60221316,50749440.0,402210016.4118422,5039302313.965088,36957689.60221316,46301391.13043594,5208328.0,5208328.0,0.5305246351085592,0.5305246351085592,0.7282383727231898,0.7282383727231898,0.28251481979669074,0.0,38544000.0,20764782.0,20764782.0,1585920.0,560632.0,560632.0,386240.0,169407.0,169407.0,0.0,0.0,0.1841143769906187,0.12854939856096925,0.0,0.5387292963885429,0.3535058514931396,0.4386055302402651,34238560.0,18389994.0,0.0,18389994.0,0.0,7523011.394378662,8458240.0,16896121.84200117,1321245912.871338,7523011.394378662,7750631.6675338745,3946687.0,3946687.0,0.5371135351486744,0.5371135351486744,0.8894298807291662,0.8894298807291662,0.1130841369550752,0.0,33918400.0,18362042.0,18362042.0,264320.0,27864.0,27864.0,55840.0,88.0,88.0,0.0,0.0,0.02691106816018609,0.11527023916893701,0.0,0.541359321194396,0.10541767554479418,0.0015759312320916905,6277600.0,3104827.0,0.0,3104827.0,0.0,29434678.207834493,42291200.0,385313894.5698411,3718056401.09375,29434678.207834493,38550759.46290207,1261641.0,1261641.0,0.4945882184274245,0.4945882184274245,0.6960000711219945,0.6960000711219945,0.32192102978974346,0.0,4625600.0,2402740.0,2402740.0,1321600.0,532768.0,532768.0,330400.0,169319.0,169319.0,0.0,0.0,0.21555503875670531,0.20097505416082578,0.0,0.5194439640262885,0.40312348668280873,0.5124667070217918,"[0.7019660127605682, 0.7262177956505095, 0.7446935969810842]","[0.2641591365670243, 0.2938603542622655, 0.30414108765769265]","[0.4874035062754355, 0.5493867269949391, 0.5713214240774636]","[0.8695861542341613, 0.888200510571187, 0.9028312053491494]","[0.10115907666982306, 0.1121307478068283, 0.13197061256552883]","[0.4850216681923224, 0.5588945523157292, 0.5861865333713621]","[0.6659377948244414, 0.6952526029206278, 0.7141389146946255]","[0.3021148140536012, 0.33403749887133927, 0.34551721275880953]","[0.48863706563706566, 0.49404097212370546, 0.5058769645467837]",0.16666666666666666,0.16666666666666666,1.0,0
longbench_v2,calibration6,jl_gaussian_r1_s50,jl_gaussian_r1,0.5,"{""family"": ""gaussian"", ""rank"": 1}",centered,"{""global"": {""log_threshold"": -5.242915153503418}, ""local"": {""log_threshold"": -0.7221401929855347}}",6,0.16666666666666666,0.16666666666666666,0.0,"(0.0, 0.0)",148,3454,0.042848870874348584,0.0,1.0,0,0,45489440.0,23179335.0,0.0,23179335.0,0.0,39412106.52965551,57016320.0,792746523.31597,5592848493.044922,39412106.52965551,51213743.328825,5787898.0,5787898.0,0.5095541954352483,0.5095541954352483,0.6912425517756233,0.6912425517756233,0.3764875729779614,0.0,43273600.0,22276265.0,22276265.0,1781760.0,695406.0,695406.0,434080.0,207664.0,207664.0,0.0,0.0,0.20698699598938494,0.12723607940656118,0.0,0.5147772544923463,0.39029162176724136,0.47840029487652047,38436640.0,19531833.0,0.0,19531833.0,0.0,8576058.583816528,9502720.0,15129258.386237243,1465246303.4262695,8576058.583816528,8810869.184700012,4342707.0,4342707.0,0.5081566182684022,0.5081566182684022,0.9024846132282681,0.9024846132282681,0.10161398953744133,0.0,38076800.0,19496824.0,19496824.0,296960.0,34953.0,34953.0,62880.0,56.0,56.0,0.0,0.0,0.024709830541516944,0.11298352301345799,0.0,0.5120394570972351,0.11770272090517242,0.0008905852417302799,7052800.0,3647502.0,0.0,3647502.0,0.0,30836047.94583898,47513600.0,777617264.9297327,4127602189.6186523,30836047.94583898,42402874.144124985,1445191.0,1445191.0,0.5171707690562614,0.5171707690562614,0.6489941394850944,0.6489941394850944,0.43404427281453717,0.0,5196800.0,2779441.0,2779441.0,1484800.0,660453.0,660453.0,371200.0,207608.0,207608.0,0.0,0.0,0.24344242907895855,0.20491024841197822,0.0,0.5348370150862068,0.4448094019396552,0.5592887931034483,"[0.6704383034127386, 0.6881452232141994, 0.7106228106393475]","[0.3597080057480255, 0.3825018165549533, 0.39509870406068925]","[0.4706659279917328, 0.514511116312774, 0.540467310139048]","[0.887056975168369, 0.904041731430071, 0.9156295859559415]","[0.08994857504557738, 0.09959517316370992, 0.11490175857518042]","[0.4619444276042083, 0.5134951191689379, 0.5447175003706244]","[0.6251865387966751, 0.6454999772610337, 0.6710154301509577]","[0.41588947109487373, 0.4414462935126152, 0.4533960871285019]","[0.5094323426709844, 0.519586302997076, 0.5265693286552913]",0.16666666666666666,0.16666666666666666,1.0,0
longbench_v2,calibration6,jl_gaussian_r2_s50,jl_gaussian_r2,0.5,"{""family"": ""gaussian"", ""rank"": 2}",centered,"{""global"": {""log_threshold"": -5.252674579620361}, ""local"": {""log_threshold"": -0.7221401929855347}}",6,0.3333333333333333,0.16666666666666666,0.16666666666666666,"(0.0, 0.5)",167,3496,0.04776887871853547,0.0,2.0,0,0,36354560.0,18459562.0,0.0,18459562.0,0.0,31878977.990002412,45588480.0,494872994.9725232,4520372993.153656,31878977.990002412,41150703.14992714,4828470.0,4828470.0,0.5077646930673896,0.5077646930673896,0.6992770539838664,0.6992770539838664,0.3308717906394522,0.0,34581120.0,17752629.0,17752629.0,1424640.0,545606.0,545606.0,348800.0,161327.0,161327.0,0.0,0.0,0.20337868601727294,0.13281607589254277,0.0,0.5133618864860363,0.3829781558849955,0.4625200688073394,30715360.0,15569044.0,0.0,15569044.0,0.0,6810504.843109131,7598080.0,13982954.76126527,1174871346.1577148,6810504.843109131,7017230.416378021,3676805.0,3676805.0,0.5068813779164562,0.5068813779164562,0.8963455034836605,0.8963455034836605,0.1090948677905782,0.0,30425920.0,15541303.0,15541303.0,237440.0,27574.0,27574.0,52000.0,167.0,167.0,0.0,0.0,0.02720760682552571,0.1197057433153966,0.0,0.5107915553580631,0.11613039083557951,0.0032115384615384614,5639200.0,2890518.0,0.0,2890518.0,0.0,25068473.14689328,37990400.0,480890040.21125793,3345501646.995941,25068473.14689328,34133472.73354912,1151665.0,1151665.0,0.5125758972903958,0.5125758972903958,0.6598633640839076,0.6598633640839076,0.37913359348947345,0.0,4155200.0,2211326.0,2211326.0,1187200.0,518032.0,518032.0,296800.0,161160.0,161160.0,0.0,0.0,0.2386129018556224,0.20422489005532699,0.0,0.5321828070850982,0.4363477088948787,0.5429919137466307,"[0.6816428173744431, 0.7019282444988946, 0.7154370505821885]","[0.3115466965497241, 0.3371270419120872, 0.3464487804498573]","[0.47639296916020923, 0.5138226835210846, 0.5489913479905282]","[0.8782615007384926, 0.8990117371196669, 0.9066639922196102]","[0.09840907897172357, 0.1044474640370459, 0.12599262740549022]","[0.469780779166973, 0.5143189821962835, 0.5552912930117878]","[0.6394554187327552, 0.6639799986129553, 0.6785868715853671]","[0.3577323078081549, 0.38564552223393656, 0.39679531096240805]","[0.5015694694482686, 0.5147546198978235, 0.521954012388272]",0.3333333333333333,0.16666666666666666,2.0,0
longbench_v2,calibration6,jl_gaussian_r32_s50,jl_gaussian_r32,0.5,"{""family"": ""gaussian"", ""rank"": 32}",centered,"{""global"": {""log_threshold"": -5.161729335784912}, ""local"": {""log_threshold"": -0.7221401929855347}}",6,0.3333333333333333,0.16666666666666666,0.16666666666666666,"(0.0, 0.5)",175,3404,0.05141010575793185,0.0,2.0,0,0,49612320.0,25227079.0,0.0,25227079.0,0.0,44438832.59665129,62177280.0,520373039.35318124,6156313262.003998,44438832.59665129,56741563.57474136,6451394.0,6451394.0,0.5084841628047228,0.5084841628047228,0.7147117499615824,0.7147117499615824,0.29073481335940093,0.0,47194240.0,24301473.0,24301473.0,1943040.0,717440.0,717440.0,475040.0,208166.0,208166.0,0.0,0.0,0.19786537748338412,0.1300361281230146,0.0,0.5149245543523956,0.369235836627141,0.4382073088582014,41921120.0,21411759.0,0.0,21411759.0,0.0,9338903.763751984,10362880.0,17368816.36210181,1628097189.2980957,9338903.763751984,9600791.875297546,4869741.0,4869741.0,0.51076304736133,0.51076304736133,0.9011880639119612,0.9011880639119612,0.10328682996688139,0.0,41527040.0,21375076.0,21375076.0,323840.0,36619.0,36619.0,70240.0,64.0,64.0,0.0,0.0,0.025271749894388698,0.11616438205849462,0.0,0.5147266937397897,0.11307744565217391,0.0009111617312072893,7691200.0,3815320.0,0.0,3815320.0,0.0,35099928.83289931,51814400.0,503004222.99107945,4528216072.705902,35099928.83289931,47140771.69944382,1581653.0,1581653.0,0.496063033076763,0.496063033076763,0.6774164871715066,0.6774164871715066,0.333289970325364,0.0,5667200.0,2926397.0,2926397.0,1619200.0,680821.0,680821.0,404800.0,208102.0,208102.0,0.0,0.0,0.2323841030011832,0.2056445028084044,0.0,0.5163744000564653,0.4204675148221344,0.5140859683794466,"[0.7060255150646062, 0.710790664363315, 0.730649080908853]","[0.2708241582394513, 0.2978635719211333, 0.3037975535584062]","[0.4647922134869015, 0.5116338262751128, 0.5445243161530172]","[0.8851042288840538, 0.9021626849041076, 0.9158256288373896]","[0.08780129369658274, 0.1013136895530858, 0.11758252672469861]","[0.4594469353300038, 0.515382863974857, 0.5521755158832082]","[0.6669452352259131, 0.6733560939102752, 0.6960384747428308]","[0.31095213640135133, 0.34125401781891257, 0.34828280879671336]","[0.48341248802618275, 0.49764369481880333, 0.5070891279470096]",0.3333333333333333,0.16666666666666666,2.0,0
longbench_v2,calibration6,jl_gaussian_r8_s50,jl_gaussian_r8,0.5,"{""family"": ""gaussian"", ""rank"": 8}",centered,"{""global"": {""log_threshold"": -5.161729335784912}, ""local"": {""log_threshold"": -0.7221401929855347}}",6,0.3333333333333333,0.16666666666666666,0.16666666666666666,"(0.0, 0.5)",182,3623,0.05023461219983439,0.0,2.0,0,0,41781280.0,20724359.0,0.0,20724359.0,0.0,37639705.40196093,52346880.0,453466434.85404986,5197446387.820801,37639705.40196093,47711520.38432121,5346077.0,5346077.0,0.49602020330636115,0.49602020330636115,0.7190439124922237,0.7190439124922237,0.29537760455860557,0.0,39744000.0,19957733.0,19957733.0,1635840.0,599307.0,599307.0,401440.0,167319.0,167319.0,0.0,0.0,0.1924052585819877,0.12795388269579103,0.0,0.5021571306360708,0.3663604019953052,0.41679703068951773,35306080.0,17500419.0,0.0,17500419.0,0.0,7912212.122253418,8724480.0,12993336.132299349,1364689811.428711,7912212.122253418,8117837.635726929,4023909.0,4023909.0,0.4956772034731695,0.4956772034731695,0.9068978463190263,0.9068978463190263,0.09757607895309885,0.0,34972800.0,17470230.0,17470230.0,272640.0,30087.0,30087.0,60640.0,102.0,102.0,0.0,0.0,0.023568798767778794,0.11397212604741166,0.0,0.4995376406807576,0.11035431338028169,0.0016820580474934037,6475200.0,3223940.0,0.0,3223940.0,0.0,29727493.279707514,43622400.0,440473098.7217505,3832756576.39209,29727493.279707514,39593682.748594284,1322168.0,1322168.0,0.4978904126513467,0.4978904126513467,0.6814731257268631,0.6814731257268631,0.3390034172750029,0.0,4771200.0,2487503.0,2487503.0,1363200.0,569220.0,569220.0,340800.0,167217.0,167217.0,0.0,0.0,0.2261725505448295,0.20418952310353347,0.0,0.5213579393024815,0.41756161971830985,0.4906602112676056,"[0.7083762184653417, 0.7115945248563585, 0.7322716460171282]","[0.27822154404716737, 0.30899708893039435, 0.3134181111139426]","[0.46424765811625734, 0.5024291463153312, 0.5381027529703576]","[0.8901696742712137, 0.9013801458928243, 0.9174850987836392]","[0.08906215270931618, 0.0987896037737264, 0.11134351086893055]","[0.45659752699885414, 0.5048067918226691, 0.5444878853171178]","[0.6707617035856948, 0.6718427567518666, 0.6982794230794975]","[0.31994184647577806, 0.3539041322360238, 0.3585432732749707]","[0.4894717579421527, 0.4990232277121375, 0.510433971740992]",0.3333333333333333,0.16666666666666666,2.0,0
longbench_v2,calibration6,mass_s50,mass,0.5,"{""method"": ""mass""}",mass,"{""global"": {""log_threshold"": -1.3682001829147339, ""source"": ""Historical scalar warm start; must reverify on the new12 calibration examples""}, ""local"": {""log_threshold"": -0.015263557434082031, ""source"": ""Historical scalar warm start; must reverify on the new12 calibration examples""}}",6,0.3333333333333333,0.16666666666666666,0.16666666666666666,"(0.0, 0.5)",145,3428,0.04229871645274212,0.0,2.0,0,0,30401280.0,15417477.0,15417477.0,15417477.0,0.0,28488325.476035953,38092800.0,367571753.2760355,3913821827.9762573,28488325.476035953,34580461.97151756,3311608.0,3311608.0,0.5071324957370216,0.5071324957370216,0.7478664071960043,0.7478664071960043,0.30645770110990567,0.0,28919040.0,14731687.0,14731687.0,1190400.0,541278.0,541278.0,291840.0,144512.0,144512.0,0.5071324957370216,0.0,0.1599288184507731,0.10892988716264579,0.0,0.5094113428384898,0.45470262096774194,0.4951754385964912,25689280.0,13087582.0,13087582.0,13087582.0,0.0,5711537.973186493,6348800.0,11866819.589055877,972973773.4248047,5711537.973186493,5826816.309719086,2403829.0,2403829.0,0.509456940793981,0.509456940793981,0.8996248067645055,0.8996248067645055,0.11043750917455089,0.0,25447040.0,13040028.0,13040028.0,198400.0,47264.0,47264.0,43840.0,290.0,290.0,0.509456940793981,0.0,0.01815750008388873,0.09357323366011036,0.0,0.5124379102638263,0.2382258064516129,0.006614963503649635,4712000.0,2329895.0,2329895.0,2329895.0,0.0,22776787.50284946,31744000.0,355704933.6869796,2940848054.5514526,22776787.50284946,28753645.661798477,907779.0,907779.0,0.4944598896434635,0.4944598896434635,0.717514727282304,0.717514727282304,0.34778324177812436,0.0,3472000.0,1691659.0,1691659.0,992000.0,494014.0,494014.0,248000.0,144222.0,144222.0,0.4944598896434635,0.0,0.18828308212415,0.19265258913412564,0.0,0.48722897465437787,0.4979979838709677,0.5815403225806451,"[0.731693835581175, 0.7467373130997566, 0.7655260470410068]","[0.28817245123687557, 0.3052477145119197, 0.32124536040915874]","[0.4717132317745746, 0.5161793371003188, 0.5364833036310129]","[0.8823892972250055, 0.8942576960117246, 0.9132421098564361]","[0.09688346865926908, 0.11210332118882826, 0.1251153321614689]","[0.46766365478845007, 0.5205502247560795, 0.5443470177656852]","[0.6996354152949696, 0.7162757959860131, 0.73885960296671]","[0.3273244040685592, 0.3451391317593614, 0.3642125180220829]","[0.48682817068713446, 0.49315280609716383, 0.4998927341122179]",0.3333333333333333,0.16666666666666666,2.0,0
longbench_v2,full,blasst_aggressive_s50,blasst_aggressive,0.5,"{""method"": ""blasst""}",blasst,"{""global"": {""cap_one"": false, ""log_scale"": 8.361061096191433, ""source"": ""Historical scalar warm start; must reverify on the new12 calibration examples""}, ""local"": {""cap_one"": false, ""log_scale"": 8.37258338928229, ""source"": ""Historical scalar warm start; must reverify on the new12 calibration examples""}}",100,0.42,0.34,0.08,"(0.01, 0.15)",3094,64908,0.04766746780057928,0.0,1.2352941176470587,0,0,602810720.0,280506614.0,280506614.0,280506614.0,0.0,596538554.3804096,786186240.0,9093048237.999344,78680108456.85721,596538554.3804096,711173896.1094246,49324974.0,49324974.0,0.4653311639846086,0.4653311639846086,0.7587751146349364,0.7587751146349364,0.33995565710975406,0.0,572137920.0,268153805.0,268153805.0,24568320.0,9562317.0,9562317.0,6104480.0,2790492.0,2790492.0,0.4653311639846086,0.0,0.14581194111081744,0.08182497816229943,0.0,0.46868734902241754,0.3892133039621757,0.4571219825439677,505561120.0,233531726.0,233531726.0,233531726.0,0.0,118665895.87187195,131031040.0,419165188.7925431,19987298254.103027,118665895.87187195,120346368.92958069,31569803.0,31569803.0,0.46192580236391595,0.46192580236391595,0.9056319469941775,0.9056319469941775,0.14481566980996635,0.0,500480320.0,232885513.0,232885513.0,4094720.0,623055.0,623055.0,986080.0,23158.0,23158.0,0.46192580236391595,0.0,0.012824999768823786,0.06244507686825285,0.0,0.4653240171361783,0.15216058729290402,0.02348490994645465,97249600.0,46974888.0,46974888.0,46974888.0,0.0,477872658.50853765,655155200.0,8673883049.2068,58692810202.75418,477872658.50853765,590827527.1798439,17755171.0,17755171.0,0.48303425412546686,0.48303425412546686,0.7294037481630882,0.7294037481630882,0.38442739536082177,0.0,71657600.0,35268292.0,35268292.0,20473600.0,8939262.0,8939262.0,5118400.0,2767334.0,2767334.0,0.48303425412546686,0.0,0.1724093293792162,0.18257320338592653,0.0,0.49217796856160406,0.43662384729603,0.5406638793372929,"[0.7408008630460474, 0.7601896451922288, 0.7871460146584562]","[0.30891824222527675, 0.33635008848977527, 0.3622163043543623]","[0.39119656932459507, 0.4850772594998912, 0.5374949360737415]","[0.8828472178863982, 0.9038905265286786, 0.9189208291395554]","[0.1307515876096263, 0.1449712093382516, 0.1621574210071112]","[0.37647922658549315, 0.487064446212058, 0.5521255071995109]","[0.7074422365592788, 0.7316627342797511, 0.7630679495517999]","[0.34770950019934804, 0.3782642865988227, 0.408551198226652]","[0.45970015454268426, 0.48074415616710875, 0.4980001897773279]",0.3417857142857143,0.2744047619047619,42.0,6
longbench_v2,full,blasst_original_s50,blasst_original,0.5,"{""method"": ""blasst""}",blasst,"{""global"": {""cap_one"": true, ""log_scale"": 8.361061096191433, ""source"": ""Historical scalar warm start; must reverify on the new12 calibration examples""}, ""local"": {""cap_one"": true, ""log_threshold"": 0.0, ""source"": ""Historical scalar warm start; must reverify on the new12 calibration examples""}}",100,0.4,0.34,0.06,"(0.01, 0.12)",4445,62072,0.07161038793658976,0.0,1.1764705882352942,0,0,437799360.0,189085500.0,189085500.0,189085500.0,0.0,533506788.95254374,568197120.0,989629307.8139211,58751131592.75789,533506788.95254374,552406659.5290451,30322830.0,30322830.0,0.4318999004475475,0.4318999004475475,0.9389466615961441,0.9389466615961441,0.1297860922148916,0.0,415631040.0,184649726.0,184649726.0,17756160.0,3742969.0,3742969.0,4412160.0,692805.0,692805.0,0.4318999004475475,0.0,0.03326287640546536,0.0692619331375907,0.0,0.4442635612585624,0.21079833702782583,0.15702173085291557,367514560.0,172781046.0,172781046.0,172781046.0,0.0,85704217.98697472,94699520.0,321892809.99223876,15093961039.526367,85704217.98697472,86930600.85742188,22922332.0,22922332.0,0.47013387986587524,0.47013387986587524,0.9050121688787305,0.9050121688787305,0.14603401501200572,0.0,363842240.0,172287016.0,172287016.0,2959360.0,474230.0,474230.0,712960.0,19800.0,19800.0,0.47013387986587524,0.0,0.012950254346032154,0.06237122142861497,0.0,0.47352120523444446,0.16024748594290658,0.027771543985637342,70284800.0,16304454.0,16304454.0,16304454.0,0.0,447802570.965569,473497600.0,667736497.8216823,43657170553.23152,447802570.965569,465476058.67162323,7400498.0,7400498.0,0.23197695661081771,0.23197695661081771,0.945733560139627,0.945733560139627,0.1236729626872238,0.0,51788800.0,12362710.0,12362710.0,14796800.0,3268739.0,3268739.0,3699200.0,673005.0,673005.0,0.23197695661081771,0.0,0.037325400817352,0.10529300787652522,0.0,0.23871396904349976,0.22090850724480968,0.18193258001730103,"[0.9338684614673001, 0.9408368093757766, 0.9450669076051758]","[0.1141101086936078, 0.12531779801541834, 0.13796162776144627]","[0.36984474531571965, 0.44631254172020973, 0.5050609063845773]","[0.885223984786756, 0.9031274131104527, 0.9164922357858676]","[0.1330096996680584, 0.14649013729429852, 0.1622173225275941]","[0.39768092719168524, 0.4908761208887726, 0.5580436884364701]","[0.941580424524023, 0.9485159663065319, 0.953020050707069]","[0.10246335874591928, 0.11579361550812703, 0.13456785910859034]","[0.20929509019413736, 0.2268928975664969, 0.2527025407642095]",0.3005357142857143,0.2744047619047619,40.0,3
longbench_v2,full,dense,dense,0.0,{},dense,,100,0.34,0.34,0.0,"(0.0, 0.0)",58854,58854,1.0,1.0,1.0,0,0,485064160.0,0.0,0.0,0.0,0.0,631480320.0,631480320.0,0.0,67000312050.11685,631480320.0,631480320.0,0.0,0.0,0.0,0.0,1.0,1.0,0.0,0.0,460418400.0,0.0,0.0,19733760.0,0.0,0.0,4912000.0,0.0,0.0,0.0,0.0,0.0,0.0,0.0,0.0,0.0,0.0,406951360.0,0.0,0.0,0.0,0.0,105246720.0,105246720.0,0.0,17457451491.43335,105246720.0,105246720.0,0.0,0.0,0.0,0.0,1.0,1.0,0.0,0.0,402861600.0,0.0,0.0,3288960.0,0.0,0.0,800800.0,0.0,0.0,0.0,0.0,0.0,0.0,0.0,0.0,0.0,0.0,78112800.0,0.0,0.0,0.0,0.0,526233600.0,526233600.0,0.0,49542860558.6835,526233600.0,526233600.0,0.0,0.0,0.0,0.0,1.0,1.0,0.0,0.0,57556800.0,0.0,0.0,16444800.0,0.0,0.0,4111200.0,0.0,0.0,0.0,0.0,0.0,0.0,0.0,0.0,0.0,0.0,"[1.0, 1.0, 1.0]","[0.0, 0.0, 0.0]","[0.0, 0.0, 0.0]","[1.0, 1.0, 1.0]","[0.0, 0.0, 0.0]","[0.0, 0.0, 0.0]","[1.0, 1.0, 1.0]","[0.0, 0.0, 0.0]","[0.0, 0.0, 0.0]",0.2744047619047619,0.2744047619047619,34.0,5
longbench_v2,full,full_centered_s50,full_centered,0.5,"{""family"": ""identity""}",centered,"{""global"": {""log_threshold"": -5.017964839935303}, ""local"": {""log_threshold"": -0.7310190200805664}}",100,0.42,0.34,0.08,"(0.0, 0.16)",3576,67881,0.052680426039687096,0.0,1.2352941176470587,0,0,771456000.0,380380773.0,0.0,380380773.0,0.0,735776638.0225481,1015848960.0,7818031962.297969,101726562318.95389,735776638.0225481,926925562.4169006,100403484.0,100403484.0,0.4930686558922349,0.4930686558922349,0.7242972794130222,0.7242972794130222,0.2772244538554674,0.0,731808800.0,365405346.0,365405346.0,31745280.0,11550120.0,11550120.0,7901920.0,3425307.0,3425307.0,0.0,0.0,0.18816667823763147,0.1301480369586859,0.0,0.49931805411468133,0.36383739566952944,0.4334778129872234,645797600.0,317670924.0,0.0,317670924.0,0.0,152554298.12239456,169308160.0,277541182.23524857,26595951145.30542,152554298.12239456,156979209.77070618,75264926.0,75264926.0,0.49190477635717444,0.49190477635717444,0.9010451600347825,0.9010451600347825,0.10215413570115074,0.0,639218400.0,317057784.0,317057784.0,5290880.0,610761.0,610761.0,1288320.0,2379.0,2379.0,0.0,0.0,0.026135253305638755,0.11654568861822961,0.0,0.49600853792694327,0.1154365625378009,0.001846590909090909,125658400.0,62709849.0,0.0,62709849.0,0.0,583222339.9001535,846540800.0,7540490780.06272,75130611173.64847,583222339.9001535,769946352.6461945,25138558.0,25138558.0,0.49905019481387636,0.49905019481387636,0.6889477032886702,0.6889477032886702,0.3168045028608517,0.0,92590400.0,48347562.0,48347562.0,26454400.0,10939359.0,10939359.0,6613600.0,3422928.0,3422928.0,0.0,0.0,0.22057296322403,0.2000547356961413,0.0,0.5221660344916967,0.41351756229587516,0.5175589693963953,"[0.707837536491959, 0.7246598296337114, 0.7430176160984076]","[0.25804010426909807, 0.27791231991761384, 0.2961114197256445]","[0.3957120538182349, 0.5069783679282013, 0.5741281134941345]","[0.8717240684597886, 0.8949463596328963, 0.9272517877424138]","[0.0748849062390268, 0.1052756586827035, 0.12741208224485082]","[0.3718889493415237, 0.508102084721554, 0.5876817360058116]","[0.6695820083155755, 0.6892854154649064, 0.7149117716386935]","[0.2960819925028474, 0.3170945315371878, 0.3395017240123804]","[0.48319885771020543, 0.4977931209602955, 0.5141177898160498]",0.32744047619047617,0.2744047619047619,42.0,5
longbench_v2,full,jl_gaussian_r1_s50,jl_gaussian_r1,0.5,"{""family"": ""gaussian"", ""rank"": 1}",centered,"{""global"": {""log_threshold"": -5.242915153503418}, ""local"": {""log_threshold"": -0.7221401929855347}}",100,0.39,0.34,0.05,"(-0.03, 0.13)",3368,71331,0.04721649773590725,0.0,1.1470588235294117,1,0,914532320.0,442790919.0,0.0,442790919.0,0.0,810002271.0915865,1184808960.0,16754333527.709232,123342910736.7966,810002271.0915865,1065789196.3532906,118794279.0,118794279.0,0.48417197437046294,0.48417197437046294,0.6836564361326121,0.6836564361326121,0.36855854253468345,0.0,868292480.0,423379997.0,423379997.0,37025280.0,15009627.0,15009627.0,9214560.0,4401295.0,4401295.0,0.0,0.0,0.21588874991433563,0.12989620640197821,0.0,0.4876006722988088,0.405388615562124,0.4776457041898908,767973920.0,365239558.0,0.0,365239558.0,0.0,179007323.32339096,197468160.0,284115303.3133609,31383020165.02661,179007323.32339096,184287124.5948639,89093901.0,89093901.0,0.4755884913383517,0.4755884913383517,0.9065123376011148,0.9065123376011148,0.09514806168440444,0.0,760302080.0,364419082.0,364419082.0,6170880.0,813821.0,813821.0,1500960.0,6655.0,6655.0,0.0,0.0,0.02673748148295366,0.11601162315511965,0.0,0.47930827967746714,0.13188086626218626,0.004433829016096365,146558400.0,77551361.0,0.0,77551361.0,0.0,630994947.7681955,987340800.0,16470218224.395872,91959890571.76999,630994947.7681955,881502071.7584267,29700378.0,29700378.0,0.5291498883721438,0.5291498883721438,0.6390852558389114,0.6390852558389114,0.42320467233360476,0.0,107990400.0,58960915.0,58960915.0,30854400.0,14195806.0,14195806.0,7713600.0,4394640.0,4394640.0,0.0,0.0,0.253719003600612,0.20265217142108538,0.0,0.545982929964145,0.4600901654221116,0.5697261978842564,"[0.670564961378757, 0.6941467737689229, 0.7157830014362939]","[0.3573974997781679, 0.37121572242056294, 0.3879096879978434]","[0.3838261786504969, 0.48671800206336047, 0.554225061167959]","[0.8863636784970111, 0.9079354742947869, 0.9332219974287536]","[0.07072086262707633, 0.09567608158622484, 0.11053439214004282]","[0.351959796047512, 0.4811413668099478, 0.5606574776160086]","[0.6232048730133208, 0.6496953304931814, 0.6774654629684252]","[0.40891916521423666, 0.42808420364366956, 0.44645638303450436]","[0.5023976785183297, 0.5186867927767845, 0.5309241153652955]",0.3622222222222222,0.2744047619047619,39.0,6
longbench_v2,full,jl_gaussian_r2_s50,jl_gaussian_r2,0.5,"{""family"": ""gaussian"", ""rank"": 2}",centered,"{""global"": {""log_threshold"": -5.252674579620361}, ""local"": {""log_threshold"": -0.7221401929855347}}",100,0.43,0.34,0.09,"(0.02, 0.16)",2966,74780,0.03966301150040118,0.0,1.2647058823529411,1,0,949482560.0,453634641.0,0.0,453634641.0,0.0,856663185.7162741,1234944000.0,13222768439.144232,126311138779.23914,856663185.7162741,1113879791.9860954,126205889.0,126205889.0,0.4777703773727029,0.4777703773727029,0.6936858559710191,0.6936858559710191,0.3235492302607738,0.0,901279200.0,434014252.0,434014252.0,38592000.0,15120351.0,15120351.0,9611360.0,4500038.0,4500038.0,0.0,0.0,0.20828200005005998,0.13292070261932984,0.0,0.48155360958069376,0.39180013992537316,0.46819992175925157,796722560.0,373625887.0,0.0,373625887.0,0.0,186630458.59044266,205824000.0,309880540.1422948,32930266533.503906,186630458.59044266,192108023.8520851,95266279.0,95266279.0,0.46895356772626096,0.46895356772626096,0.9067477971006426,0.9067477971006426,0.09700620822337061,0.0,788719200.0,372862759.0,372862759.0,6432000.0,757239.0,757239.0,1571360.0,5889.0,5889.0,0.0,0.0,0.026612859829963736,0.11957271424572187,0.0,0.47274462064572537,0.11772994402985075,0.0037477089909377865,152760000.0,80008754.0,0.0,80008754.0,0.0,670032727.1258315,1029120000.0,12912887899.001938,93380872245.73523,670032727.1258315,921771768.1340103,30939610.0,30939610.0,0.523754608536266,0.523754608536266,0.6510734677450943,0.6510734677450943,0.37186279333304345,0.0,112560000.0,61151493.0,61151493.0,32160000.0,14363112.0,14363112.0,8040000.0,4494149.0,4494149.0,0.0,0.0,0.24461582809407925,0.2025373788949987,0.0,0.5432790778251599,0.4466141791044776,0.5589737562189054,"[0.680681791778452, 0.699229113420254, 0.7201719209817766]","[0.3074792739669378, 0.32262571387982014, 0.3396544274465439]","[0.3854640185189744, 0.48894583697664595, 0.5510190471866137]","[0.880559739164777, 0.9031311278839798, 0.9310502576618264]","[0.07393292321477747, 0.1001289939047255, 0.11918908070885469]","[0.3520079761658339, 0.4821398567940194, 0.5554139633082816]","[0.6373840281672664, 0.6590877133229391, 0.6821259938205092]","[0.35243012639897886, 0.3708551932522798, 0.39137338118393156]","[0.5004269150862988, 0.5166155136895269, 0.5316107166501158]",0.3346428571428571,0.2744047619047619,43.0,7
longbench_v2,full,jl_gaussian_r32_s50,jl_gaussian_r32,0.5,"{""family"": ""gaussian"", ""rank"": 32}",centered,"{""global"": {""log_threshold"": -5.161729335784912}, ""local"": {""log_threshold"": -0.7221401929855347}}",100,0.38,0.34,0.04,"(-0.05, 0.13)",3575,67955,0.05260834375689795,0.0,1.1176470588235294,0,0,792094400.0,368858488.0,0.0,368858488.0,0.0,746325705.2026536,1035755520.0,8258129399.222911,103488032862.14264,746325705.2026536,944696087.9178963,101027637.0,101027637.0,0.46567490945523665,0.46567490945523665,0.7205616487592107,0.7205616487592107,0.282485249957195,0.0,751678400.0,353388854.0,353388854.0,32367360.0,11884150.0,11884150.0,8048640.0,3585484.0,3585484.0,0.0,0.0,0.19152239972155072,0.12754494540044722,0.0,0.4701330435994968,0.36716463746193695,0.44547699984096695,663973600.0,304553533.0,0.0,304553533.0,0.0,157480587.86114883,172625920.0,227800067.222451,27142550656.85669,157480587.86114883,161563256.2027321,75143256.0,75143256.0,0.4586831961391236,0.4586831961391236,0.9122650171025813,0.9122650171025813,0.091611837787551,0.0,657273600.0,303960325.0,303960325.0,5394560.0,591242.0,591242.0,1305440.0,1966.0,1966.0,0.0,0.0,0.023650378469138655,0.1131720538286462,0.0,0.46245631195289144,0.10959967077945189,0.0015060056379458267,128120800.0,64304955.0,0.0,64304955.0,0.0,588845117.3415048,863129600.0,8030329332.00046,76345482205.28595,588845117.3415048,783132831.7151642,25884381.0,25884381.0,0.5019087845221073,0.5019087845221073,0.6822209750905366,0.6822209750905366,0.32432095263091243,0.0,94404800.0,49428529.0,49428529.0,26972800.0,11292908.0,11292908.0,6743200.0,3583518.0,3583518.0,0.0,0.0,0.22509680397203313,0.20203105974986107,0.0,0.5235806759825772,0.41867763079843395,0.5314269189702219,"[0.7049607552033459, 0.7217146437774971, 0.7435473214895247]","[0.26185408967776874, 0.2824444223357189, 0.30198412807697445]","[0.37445308677997463, 0.4776092734255778, 0.5532742555202208]","[0.8867299453919885, 0.9080974833090505, 0.9370524916926286]","[0.0677961161922609, 0.09371522020930871, 0.11294943147572847]","[0.34106219330962273, 0.4738999575216294, 0.5611491680386795]","[0.6655700004163169, 0.6847123117101552, 0.7109243876821293]","[0.3012848412454711, 0.3242715960353677, 0.3456465657023888]","[0.48238833392008446, 0.5022696514012304, 0.5158917609345459]",0.2900595238095238,0.2744047619047619,38.0,3
longbench_v2,full,jl_gaussian_r8_s50,jl_gaussian_r8,0.5,"{""family"": ""gaussian"", ""rank"": 8}",centered,"{""global"": {""log_threshold"": -5.161729335784912}, ""local"": {""log_threshold"": -0.7221401929855347}}",100,0.4,0.34,0.06,"(-0.02, 0.14)",4335,68354,0.06341984375457178,0.0,1.1764705882352942,0,0,826368160.0,382783817.0,0.0,382783817.0,0.0,766821597.352408,1072373760.0,9266379130.696974,107613084619.11829,766821597.352408,975953524.1520557,105687006.0,105687006.0,0.46321220435211347,0.46321220435211347,0.715069340518373,0.715069340518373,0.29344214765300547,0.0,784513120.0,366659154.0,366659154.0,33511680.0,12431267.0,12431267.0,8343360.0,3693396.0,3693396.0,0.0,0.0,0.19501775836033855,0.12789336655952474,0.0,0.4673716024022645,0.3709532616687674,0.4426748935680589,693717760.0,315716899.0,0.0,315716899.0,0.0,163009994.73001862,178728960.0,232569170.28440455,28037258756.252197,163009994.73001862,167304183.4296341,78910762.0,78910762.0,0.4551085718203322,0.4551085718203322,0.9120513806493286,0.9120513806493286,0.09107691191604675,0.0,686770720.0,315091129.0,315091129.0,5585280.0,623288.0,623288.0,1361760.0,2482.0,2482.0,0.0,0.0,0.024026261326734508,0.11375052874529261,0.0,0.45880105226384726,0.11159476337802222,0.0018226412877452708,132650400.0,67066918.0,0.0,67066918.0,0.0,603811602.6223894,893644800.0,9033809960.412569,79575825862.86609,603811602.6223894,808649340.7224216,26776244.0,26776244.0,0.5055915247899743,0.5055915247899743,0.675672932492182,0.675672932492182,0.336934046572737,0.0,97742400.0,51568025.0,51568025.0,27926400.0,11807979.0,11807979.0,6981600.0,3690914.0,3690914.0,0.0,0.0,0.22921605776705936,0.20185573507505442,0.0,0.5275911477516411,0.4228249613269165,0.5286630571788702,"[0.6989584074358333, 0.7153800409316569, 0.7376432844576368]","[0.27304304506656774, 0.29387611224653465, 0.31339254998456045]","[0.36533818744428137, 0.4727416392681932, 0.5368700381582632]","[0.8882043899849251, 0.909125497648233, 0.9402102813210567]","[0.06878582097595898, 0.0913650600500435, 0.11055275205339307]","[0.33440368964631495, 0.46594936911706664, 0.5417425855092969]","[0.6571512192266826, 0.6761214999214302, 0.7049952546389826]","[0.3109460225387567, 0.3389136127971959, 0.3597113831944534]","[0.4855132555414511, 0.5040733073582013, 0.5161638796889625]",0.3166071428571428,0.2744047619047619,40.0,10
longbench_v2,full,mass_s50,mass,0.5,"{""method"": ""mass""}",mass,"{""global"": {""log_threshold"": -1.3682001829147339, ""source"": ""Historical scalar warm start; must reverify on the new12 calibration examples""}, ""local"": {""log_threshold"": -0.015263557434082031, ""source"": ""Historical scalar warm start; must reverify on the new12 calibration examples""}}",100,0.37,0.34,0.03,"(-0.05, 0.11)",3261,68620,0.04752258816671524,0.0,1.088235294117647,0,0,714277760.0,347286436.0,347286436.0,347286436.0,0.0,693264116.7169799,931307520.0,9829449906.30665,98543034505.1452,693264116.7169799,845226326.2686443,81079381.0,81079381.0,0.4862064247947465,0.4862064247947465,0.7443987102315891,0.7443987102315891,0.3158287351468153,0.0,677933760.0,330305840.0,330305840.0,29103360.0,13402508.0,13402508.0,7240640.0,3578088.0,3578088.0,0.4862064247947465,0.0,0.16317081768185923,0.11351239747405827,0.0,0.4872243565507049,0.4605141124598672,0.4941673664206479,599076960.0,288886575.0,288886575.0,288886575.0,0.0,140657385.09966278,155217920.0,249162625.97477952,24702530638.68457,140657385.09966278,143836693.06829453,59151770.0,59151770.0,0.4822194714348554,0.4822194714348554,0.9061929518167927,0.9061929518167927,0.10043167972688735,0.0,593048960.0,287730958.0,287730958.0,4850560.0,1141092.0,1141092.0,1177440.0,14525.0,14525.0,0.4822194714348554,0.0,0.020482866724613656,0.09873818215275713,0.0,0.4851723506942833,0.2352495381976514,0.012336085065905694,115200800.0,58399861.0,58399861.0,58399861.0,0.0,552606731.6173171,776089600.0,9580287280.33187,73840503866.46063,552606731.6173171,701389633.2003498,21927611.0,21927611.0,0.5069397174325179,0.5069397174325179,0.7120398619145484,0.7120398619145484,0.3601985335550603,0.0,84884800.0,42574882.0,42574882.0,24252800.0,12261416.0,12261416.0,6063200.0,3563563.0,3563563.0,0.5069397174325179,0.0,0.19170840787330834,0.19034252366303012,0.0,0.5015607270088402,0.5055670273123103,0.5877363438448344,"[0.7244647113335868, 0.7518413045066525, 0.7700347894623356]","[0.2730296490679895, 0.3018131862760971, 0.32587999395388023]","[0.40687178514721656, 0.4925744859528154, 0.5411051659251293]","[0.8802080178794371, 0.9048517209023571, 0.9265766385856025]","[0.08036476983662033, 0.10221758394571395, 0.12179343744899707]","[0.3897034973461972, 0.4926822582277816, 0.5510395820068557]","[0.689267589346682, 0.7206899547180392, 0.7429132854201855]","[0.31187029554315276, 0.34220497675943673, 0.3746682700870595]","[0.4787773104636591, 0.49541810941828257, 0.5203257482382238]",0.280952380952381,0.2744047619047619,37.0,8
longbench_v2,noncalibration94,blasst_aggressive_s50,blasst_aggressive,0.5,"{""method"": ""blasst""}",blasst,"{""global"": {""cap_one"": false, ""log_scale"": 8.361061096191433, ""source"": ""Historical scalar warm start; must reverify on the new12 calibration examples""}, ""local"": {""cap_one"": false, ""log_scale"": 8.37258338928229, ""source"": ""Historical scalar warm start; must reverify on the new12 calibration examples""}}",94,0.425531914893617,0.35106382978723405,0.07446808510638298,"(0.0, 0.14893617021276595)",2845,61288,0.046420180133141885,0.0,1.2121212121212122,0,0,570715040.0,264796990.0,264796990.0,264796990.0,0.0,566136232.0195495,746004480.0,8616062377.156717,74688426164.51895,566136232.0195495,674927582.2099228,46636147.0,46636147.0,0.463974087663784,0.463974087663784,0.7588911959611148,0.7588911959611148,0.339646984537517,0.0,541606080.0,253072772.0,253072772.0,23312640.0,9078781.0,9078781.0,5796320.0,2645437.0,2645437.0,0.463974087663784,0.0,0.1458320333282359,0.08171529350269094,0.0,0.46726353588940506,0.38943598837368915,0.45639940513981286,478435840.0,220225623.0,220225623.0,220225623.0,0.0,112635518.19709206,124334080.0,395845443.2319337,18974136580.70166,112635518.19709206,114226697.08335876,29787373.0,29787373.0,0.4603033564542322,0.4603033564542322,0.9059102556362025,0.9059102556362025,0.1444381155838711,0.0,473610880.0,219611437.0,219611437.0,3885440.0,592003.0,592003.0,939520.0,22183.0,22183.0,0.4603033564542322,0.0,0.012797608558061542,0.06225991138122094,0.0,0.4636959290293331,0.15236446837423817,0.023610992847411444,92279200.0,44571367.0,44571367.0,44571367.0,0.0,453500713.82245743,621670400.0,8220216933.924783,55714289583.81729,453500713.82245743,560700885.126564,16848774.0,16848774.0,0.48300556355061597,0.48300556355061597,0.7294873840260971,0.7294873840260971,0.3841124119017936,0.0,67995200.0,33461335.0,33461335.0,19427200.0,8486778.0,8486778.0,4856800.0,2623254.0,2623254.0,0.48300556355061597,0.0,0.1724389182822708,0.18258474282395165,0.0,0.4921131932842318,0.4368502923735793,0.5401198319881403,"[0.7410082936764814, 0.7611084656060582, 0.7857467755292745]","[0.3084818280144491, 0.335534488515436, 0.36177548322337494]","[0.39109512424036863, 0.48457330854036496, 0.5399364860669754]","[0.8837073926711714, 0.9042350438495161, 0.9186507009275203]","[0.13098612537513354, 0.14453975097863772, 0.16083290097081948]","[0.3754173400160374, 0.4838088874059973, 0.5523743462428722]","[0.7071450558983225, 0.7323286347997864, 0.761888328122421]","[0.34770065388773275, 0.37749414431261047, 0.4079752621811132]","[0.4596964977580428, 0.480600645242915, 0.49835203694331986]",0.34159274821039526,0.2875272331154684,40.0,6
longbench_v2,noncalibration94,blasst_original_s50,blasst_original,0.5,"{""method"": ""blasst""}",blasst,"{""global"": {""cap_one"": true, ""log_scale"": 8.361061096191433, ""source"": ""Historical scalar warm start; must reverify on the new12 calibration examples""}, ""local"": {""cap_one"": true, ""log_threshold"": 0.0, ""source"": ""Historical scalar warm start; must reverify on the new12 calibration examples""}}",94,0.4148936170212766,0.35106382978723405,0.06382978723404255,"(0.010638297872340425, 0.1276595744680851)",4245,58621,0.07241432251241023,0.0,1.1818181818181817,0,0,413870240.0,177770760.0,177770760.0,177770760.0,0.0,505382239.72290087,538214400.0,934885536.3936514,55649131147.88347,505382239.72290087,523292115.4471512,28645416.0,28645416.0,0.4295325993963712,0.4295325993963712,0.938997989877084,0.938997989877084,0.12961343679297718,0.0,392868160.0,173568209.0,173568209.0,16819200.0,3545711.0,3545711.0,4182880.0,656840.0,656840.0,0.4295325993963712,0.0,0.03327647072291324,0.06921351967708526,0.0,0.4417975969342998,0.21081329670852358,0.1570305626745209,347294240.0,162313891.0,162313891.0,162313891.0,0.0,81221796.70098877,89702400.0,302454495.6669162,14300000208.206055,81221796.70098877,82381085.47029877,21628283.0,21628283.0,0.46736706891539576,0.46736706891539576,0.9054584570868647,0.9054584570868647,0.14543267763711393,0.0,343812160.0,161845244.0,161845244.0,2803200.0,449692.0,449692.0,678880.0,18955.0,18955.0,0.46736706891539576,0.0,0.012923720762320713,0.06227653818848248,0.0,0.47073740498300004,0.1604209474885845,0.027920987508838088,66576000.0,15456869.0,15456869.0,15456869.0,0.0,424160443.0219121,448512000.0,632431040.7267352,41349130939.677414,424160443.0219121,440911029.9768524,7017133.0,7017133.0,0.2321687845469839,0.2321687845469839,0.9457058964351279,0.9457058964351279,0.1236725728291541,0.0,49056000.0,11722965.0,11722965.0,14016000.0,3096019.0,3096019.0,3504000.0,637885.0,637885.0,0.2321687845469839,0.0,0.03734702071503175,0.10540033946166787,0.0,0.23897107387475539,0.22089176655251141,0.18204480593607306,"[0.9335695458554236, 0.9410254099179811, 0.9450992056298264]","[0.11394129262895619, 0.12439214250779668, 0.1381375140700812]","[0.36762749323427546, 0.44176428866114326, 0.5050184157834956]","[0.8856690436114844, 0.9034377209626067, 0.9166597054419625]","[0.1314891731229756, 0.14566903278976934, 0.16189200842435766]","[0.39430396225791947, 0.48752224443725967, 0.5578023811837775]","[0.9415689128820843, 0.9485159663065319, 0.9530498087547998]","[0.10225248194888613, 0.11492327992082804, 0.1345402686605322]","[0.2093072284840959, 0.22642187090861482, 0.25467837585010794]",0.31361655773420477,0.2875272331154684,39.0,3
longbench_v2,noncalibration94,dense,dense,0.0,{},dense,,94,0.35106382978723405,0.35106382978723405,0.0,"(0.0, 0.0)",55464,55464,1.0,1.0,1.0,0,0,459834240.0,0.0,0.0,0.0,0.0,599900160.0,599900160.0,0.0,63690469959.64642,599900160.0,599900160.0,0.0,0.0,0.0,0.0,1.0,1.0,0.0,0.0,436419040.0,0.0,0.0,18746880.0,0.0,0.0,4668320.0,0.0,0.0,0.0,0.0,0.0,0.0,0.0,0.0,0.0,0.0,385627840.0,0.0,0.0,0.0,0.0,99983360.0,99983360.0,0.0,16595480524.310303,99983360.0,99983360.0,0.0,0.0,0.0,0.0,1.0,1.0,0.0,0.0,381740640.0,0.0,0.0,3124480.0,0.0,0.0,762720.0,0.0,0.0,0.0,0.0,0.0,0.0,0.0,0.0,0.0,0.0,74206400.0,0.0,0.0,0.0,0.0,499916800.0,499916800.0,0.0,47094989435.33612,499916800.0,499916800.0,0.0,0.0,0.0,0.0,1.0,1.0,0.0,0.0,54678400.0,0.0,0.0,15622400.0,0.0,0.0,3905600.0,0.0,0.0,0.0,0.0,0.0,0.0,0.0,0.0,0.0,0.0,"[1.0, 1.0, 1.0]","[0.0, 0.0, 0.0]","[0.0, 0.0, 0.0]","[1.0, 1.0, 1.0]","[0.0, 0.0, 0.0]","[0.0, 0.0, 0.0]","[1.0, 1.0, 1.0]","[0.0, 0.0, 0.0]","[0.0, 0.0, 0.0]",0.2875272331154684,0.2875272331154684,33.0,5
longbench_v2,noncalibration94,full_centered_s50,full_centered,0.5,"{""family"": ""identity""}",centered,"{""global"": {""log_threshold"": -5.017964839935303}, ""local"": {""log_threshold"": -0.7310190200805664}}",94,0.43617021276595747,0.35106382978723405,0.0851063829787234,"(0.0, 0.1702127659574468)",3415,64254,0.05314844212033492,0.0,1.2424242424242424,0,0,730939840.0,358885952.0,0.0,358885952.0,0.0,698818948.4203349,965099520.0,7415821945.8861265,96687260004.9888,698818948.4203349,880624171.2864647,95195156.0,95195156.0,0.4909924625260541,0.4909924625260541,0.7240900383209546,0.7240900383209546,0.276945951210143,0.0,693264800.0,344640564.0,344640564.0,30159360.0,10989488.0,10989488.0,7515680.0,3255900.0,3255900.0,0.0,0.0,0.18837976716238525,0.13023664984521846,0.0,0.49712687561808994,0.36438067651302947,0.43321429331743766,611559040.0,299280930.0,0.0,299280930.0,0.0,145031286.7280159,160849920.0,260645060.39324737,25274705232.434082,145031286.7280159,149228578.1031723,71318239.0,71318239.0,0.489373732420013,0.489373732420013,0.9016559456667178,0.9016559456667178,0.10155041434676415,0.0,605300000.0,298695742.0,298695742.0,5026560.0,582897.0,582897.0,1232480.0,2291.0,2291.0,0.0,0.0,0.026094457337351506,0.1166170955464905,0.0,0.49346727573104243,0.11596340240641712,0.001858853693366221,119380800.0,59605022.0,0.0,59605022.0,0.0,553787661.692319,804249600.0,7155176885.49288,71412554772.55472,553787661.692319,731395593.1832924,23876917.0,23876917.0,0.4992848263707397,0.4992848263707397,0.688576856851802,0.688576856851802,0.31653584856712413,0.0,87964800.0,45944822.0,45944822.0,25132800.0,10406591.0,10406591.0,6283200.0,3253609.0,3253609.0,0.0,0.0,0.220836829127392,0.20000634105316767,0.0,0.5223091736694678,0.41406413133435194,0.5178267443340973,"[0.7081409954068014, 0.7246598296337114, 0.7425899461014936]","[0.2586797034513579, 0.2773371727768426, 0.29486358203643886]","[0.3944527992729467, 0.5052713898742848, 0.5736731604786368]","[0.8730548763357726, 0.8959477776036262, 0.9278458781594209]","[0.07092278539212443, 0.10493808659756813, 0.12593147305498614]","[0.3708908601618487, 0.5066837432946265, 0.5865397455104988]","[0.669728804896743, 0.6886895711065615, 0.7141795089131197]","[0.2962988867707111, 0.31677627899149896, 0.3393068529890851]","[0.4828073000240693, 0.49857604594517146, 0.5142150751421174]",0.3431722689075631,0.2875272331154684,41.0,5
longbench_v2,noncalibration94,jl_gaussian_r1_s50,jl_gaussian_r1,0.5,"{""family"": ""gaussian"", ""rank"": 1}",centered,"{""global"": {""log_threshold"": -5.242915153503418}, ""local"": {""log_threshold"": -0.7221401929855347}}",94,0.40425531914893614,0.35106382978723405,0.05319148936170213,"(-0.031914893617021274, 0.13829787234042554)",3220,67877,0.04743874950277708,0.0,1.1515151515151514,1,0,869042880.0,419611584.0,0.0,419611584.0,0.0,770590164.5619309,1127792640.0,15961587004.393263,117750062243.75168,770590164.5619309,1014575453.0244656,113006381.0,113006381.0,0.48284335981211884,0.48284335981211884,0.6832729149233772,0.6832729149233772,0.36817768449848015,0.0,825018880.0,401103732.0,401103732.0,35243520.0,14314221.0,14314221.0,8780480.0,4193631.0,4193631.0,0.0,0.0,0.2163387841070985,0.13003544888371907,0.0,0.48617521577203177,0.40615185429832207,0.4776083995407996,729537280.0,345707725.0,0.0,345707725.0,0.0,170431264.73957443,187965440.0,268986044.9271237,29917773861.60034,170431264.73957443,175476255.41016388,84751194.0,84751194.0,0.47387259633942214,0.47387259633942214,0.9067159619320149,0.9067159619320149,0.09482006245696616,0.0,722225280.0,344922258.0,344922258.0,5873920.0,778868.0,778868.0,1438080.0,6599.0,6599.0,0.0,0.0,0.026839990748243118,0.1161711626306472,0.0,0.4775826429116411,0.13259765199389845,0.004588757231864709,139505600.0,73903859.0,0.0,73903859.0,0.0,600158899.8223565,939827200.0,15692600959.466139,87832288382.15134,600158899.8223565,839099197.6143017,28255187.0,28255187.0,0.529755500854446,0.529755500854446,0.6385843055216496,0.6385843055216496,0.422688436217985,0.0,102793600.0,56181474.0,56181474.0,29369600.0,13535353.0,13535353.0,7342400.0,4187032.0,4187032.0,0.0,0.0,0.2542385427788696,0.20253801281095526,0.0,0.5465464192323257,0.4608626947592068,0.570253867945086,"[0.6707327283358567, 0.6943397171845365, 0.714689361729174]","[0.3577812799088206, 0.37061083001410844, 0.38475739915209134]","[0.38320080594327327, 0.48498035845481147, 0.5551035035887668]","[0.8869331563850865, 0.9079354742947869, 0.9333861936262633]","[0.0664946414232252, 0.09470529079849807, 0.10978147942896394]","[0.3488463487732387, 0.47961460687667107, 0.5639326745148491]","[0.623171596982956, 0.6499787744032812, 0.6766729391862673]","[0.40901980672560134, 0.42778202505680185, 0.44583450878131076]","[0.5014090841510556, 0.5186867927767845, 0.5312698037879158]",0.3898498288204171,0.2875272331154684,38.0,6
longbench_v2,noncalibration94,jl_gaussian_r2_s50,jl_gaussian_r2,0.5,"{""family"": ""gaussian"", ""rank"": 2}",centered,"{""global"": {""log_threshold"": -5.252674579620361}, ""local"": {""log_threshold"": -0.7221401929855347}}",94,0.43617021276595747,0.35106382978723405,0.0851063829787234,"(0.02127659574468085, 0.1595744680851064)",2799,71284,0.039265473317995625,0.0,1.2424242424242424,1,0,913128000.0,435175079.0,0.0,435175079.0,0.0,824784207.7262717,1189355520.0,12727895444.17171,121790765786.08548,824784207.7262717,1072729088.8361683,121377419.0,121377419.0,0.4765762072787167,0.4765762072787167,0.6934715430809719,0.6934715430809719,0.323274254550245,0.0,866698080.0,416261623.0,416261623.0,37167360.0,14574745.0,14574745.0,9262560.0,4338711.0,4338711.0,0.0,0.0,0.20846994606784736,0.13292486814553928,0.0,0.48028446422772736,0.3921382901556635,0.46841380784577913,766007200.0,358056843.0,0.0,358056843.0,0.0,179819953.74733353,198225920.0,295897585.3810296,31755395187.34619,179819953.74733353,185090793.4357071,91589474.0,91589474.0,0.46743273823013676,0.46743273823013676,0.907146521238663,0.907146521238663,0.09652992076422032,0.0,758293280.0,357321456.0,357321456.0,6194560.0,729665.0,729665.0,1519360.0,5722.0,5722.0,0.0,0.0,0.026590062936136534,0.11956738004551393,0.0,0.4712180173876788,0.11779125555325963,0.003766059393428812,147120800.0,77118236.0,0.0,77118236.0,0.0,644964253.9789382,991129600.0,12431997858.79068,90035370598.73929,644964253.9789382,887638295.4004612,29787945.0,29787945.0,0.5241830930772535,0.5241830930772535,0.6507365474494337,0.6507365474494337,0.371589886244778,0.0,108404800.0,58940167.0,58940167.0,30972800.0,13845080.0,13845080.0,7743200.0,4332989.0,4332989.0,0.0,0.0,0.2448459226941895,0.20247269590703693,0.0,0.5437044023880861,0.44700769707614424,0.559586346730034,"[0.6812047417336288, 0.699229113420254, 0.720256913638179]","[0.30675648867252364, 0.32251663286696025, 0.33898579093503045]","[0.3837768201979193, 0.48783535965188857, 0.5497248542045733]","[0.881394056627207, 0.9031311278839798, 0.9331603273809014]","[0.07006512144240894, 0.09989787356015851, 0.11868808348793293]","[0.35138020088464306, 0.4801999965463243, 0.5543550011978331]","[0.637980293222105, 0.6584750214885361, 0.6828367000485125]","[0.35207488262233483, 0.37042135548782207, 0.3910850964141899]","[0.5009932292776476, 0.5167247607655503, 0.5318907067196292]",0.32758714596949895,0.2875272331154684,41.0,7
longbench_v2,noncalibration94,jl_gaussian_r32_s50,jl_gaussian_r32,0.5,"{""family"": ""gaussian"", ""rank"": 32}",centered,"{""global"": {""log_threshold"": -5.161729335784912}, ""local"": {""log_threshold"": -0.7221401929855347}}",94,0.3829787234042553,0.35106382978723405,0.031914893617021274,"(-0.06382978723404255, 0.11702127659574468)",3400,64551,0.052671531037474247,0.0,1.0909090909090908,0,0,742482080.0,343631409.0,0.0,343631409.0,0.0,701886872.6060023,973578240.0,7737756359.869729,97331719600.13864,701886872.6060023,887954524.3431549,94576243.0,94576243.0,0.4628144143222958,0.4628144143222958,0.7209352507775876,0.7209352507775876,0.2819553420218411,0.0,704484160.0,329087381.0,329087381.0,30424320.0,11166710.0,11166710.0,7573600.0,3377318.0,3377318.0,0.0,0.0,0.19111730736417504,0.12737848568681953,0.0,0.46713240649725896,0.3670323609533426,0.44593297771205237,622052480.0,283141774.0,0.0,283141774.0,0.0,148141684.09739685,162263040.0,210431250.86034918,25514453467.558594,148141684.09739685,151962464.32743454,70273515.0,70273515.0,0.4551734509602791,0.4551734509602791,0.9129724433697092,0.9129724433697092,0.09081591927388591,0.0,615746560.0,282585249.0,282585249.0,5070720.0,554623.0,554623.0,1235200.0,1902.0,1902.0,0.0,0.0,0.023546830073180494,0.11297039600260093,0.0,0.4589311047064559,0.1093775637384829,0.0015398316062176167,120429600.0,60489635.0,0.0,60489635.0,0.0,553745188.5086055,811315200.0,7527325109.00938,71817266132.58005,553745188.5086055,735992060.0157204,24302728.0,24302728.0,0.5022821216710842,0.5022821216710842,0.6825278122591633,0.6825278122591633,0.32374711166156467,0.0,88737600.0,46502132.0,46502132.0,25353600.0,10612087.0,10612087.0,6338400.0,3375416.0,3375416.0,0.0,0.0,0.22463140282237395,0.201800288301215,0.0,0.5240409026162529,0.41856332039631455,0.5325343935378013,"[0.7053241473698952, 0.7222427311681914, 0.7436056856882669]","[0.2608836659306262, 0.28199236633290214, 0.2979304534628882]","[0.3717277900292616, 0.47637931491429397, 0.5535206259834308]","[0.88778557911788, 0.9080974833090505, 0.9384155422077994]","[0.06286024182518327, 0.09332214125073504, 0.11134537119269776]","[0.3408532289365191, 0.4709335763666388, 0.5612432238228597]","[0.6644209371222237, 0.6850859983995401, 0.7110710860163072]","[0.30031889534648715, 0.323600548969397, 0.3451334172023784]","[0.4827781851607039, 0.5026054181846369, 0.5164322882009359]",0.285655929038282,0.2875272331154684,36.0,3
longbench_v2,noncalibration94,jl_gaussian_r8_s50,jl_gaussian_r8,0.5,"{""family"": ""gaussian"", ""rank"": 8}",centered,"{""global"": {""log_threshold"": -5.161729335784912}, ""local"": {""log_threshold"": -0.7221401929855347}}",94,0.40425531914893614,0.35106382978723405,0.05319148936170213,"(-0.02127659574468085, 0.13829787234042554)",4153,64731,0.06415782237258809,0.0,1.1515151515151514,0,0,784586880.0,362059458.0,0.0,362059458.0,0.0,729181891.9504471,1020026880.0,8812912695.842924,102415638231.29749,729181891.9504471,928242003.7677345,100340929.0,100340929.0,0.46146509357892906,0.46146509357892906,0.7148653689895379,0.7148653689895379,0.29334358552480194,0.0,744769120.0,346701421.0,346701421.0,31875840.0,11831960.0,11831960.0,7941920.0,3526077.0,3526077.0,0.0,0.0,0.19515182954520516,0.1278901439187971,0.0,0.46551530090291604,0.37118896317712724,0.4439829411527691,658411680.0,298216480.0,0.0,298216480.0,0.0,155097782.6077652,170004480.0,219575834.1521052,26672568944.823486,155097782.6077652,159186345.79390717,74886853.0,74886853.0,0.45293315574231613,0.45293315574231613,0.9123158554866625,0.9123158554866625,0.0907318669889632,0.0,651797920.0,297620899.0,297620899.0,5312640.0,593201.0,593201.0,1301120.0,2380.0,2380.0,0.0,0.0,0.024049737901859807,0.11373864600943896,0.0,0.45661529420038655,0.11165842217805083,0.0018291933103787507,126175200.0,63842978.0,0.0,63842978.0,0.0,574084109.3426819,850022400.0,8593336861.690819,75743069286.474,574084109.3426819,769055657.9738274,25454076.0,25454076.0,0.5059867390739227,0.5059867390739227,0.675375271690113,0.675375271690113,0.3368289941753898,0.0,92971200.0,49080522.0,49080522.0,26563200.0,11238759.0,11238759.0,6640800.0,3523697.0,3523697.0,0.0,0.0,0.22937224787387425,0.20173596713141725,0.0,0.5279110305126749,0.4230950713769425,0.530613329719311,"[0.6987261023205552, 0.715979909663853, 0.7375846430985988]","[0.27350252872341235, 0.29364878598481636, 0.3132354764052128]","[0.3648501910488973, 0.46902251738470124, 0.536042942092117]","[0.8886213399084214, 0.9092134277436641, 0.9411122088446757]","[0.06219427410016909, 0.09119568889102349, 0.10994746823547327]","[0.33055201383133137, 0.46344975437621216, 0.5407323229645767]","[0.6571439064668333, 0.6762302522460264, 0.7047389492801678]","[0.31127013172309853, 0.33873823074871456, 0.3595190590184201]","[0.4855318814614662, 0.5041728930712859, 0.5165140308877528]",0.31400560224089635,0.2875272331154684,38.0,10
longbench_v2,noncalibration94,mass_s50,mass,0.5,"{""method"": ""mass""}",mass,"{""global"": {""log_threshold"": -1.3682001829147339, ""source"": ""Historical scalar warm start; must reverify on the new12 calibration examples""}, ""local"": {""log_threshold"": -0.015263557434082031, ""source"": ""Historical scalar warm start; must reverify on the new12 calibration examples""}}",94,0.3723404255319149,0.35106382978723405,0.02127659574468085,"(-0.05319148936170213, 0.09574468085106383)",3116,65192,0.04779727573935452,0.0,1.0606060606060606,0,0,683876480.0,331868959.0,331868959.0,331868959.0,0.0,664775791.2409439,893214720.0,9461878153.030613,94629212677.16895,664775791.2409439,810645864.2971268,77767773.0,77767773.0,0.4852761700475501,0.4852761700475501,0.7442508238567138,0.7442508238567138,0.3162103363612155,0.0,649014720.0,315574153.0,315574153.0,27912960.0,12861230.0,12861230.0,6948800.0,3433576.0,3433576.0,0.4852761700475501,0.0,0.16330907875788575,0.11371610996184574,0.0,0.486235740539136,0.46076195430366396,0.494125028781948,573387680.0,275798993.0,275798993.0,275798993.0,0.0,134945847.1264763,148869120.0,237295806.38572362,23729556865.259766,134945847.1264763,138009876.75857544,56747941.0,56747941.0,0.4809991609865074,0.4809991609865074,0.9064730625564005,0.9064730625564005,0.10000005009218414,0.0,567601920.0,274690930.0,274690930.0,4652160.0,1093828.0,1093828.0,1133600.0,14235.0,14235.0,0.4809991609865074,0.0,0.02058203630208301,0.0989695854644104,0.0,0.4839499662016647,0.23512260971247764,0.012557339449541285,110488800.0,56069966.0,56069966.0,56069966.0,0.0,529829944.1144676,744345600.0,9224582346.64489,70899655811.90918,529829944.1144676,672635987.5385513,21019832.0,21019832.0,0.5074719428575566,0.5074719428575566,0.7118063761167764,0.7118063761167764,0.3607042775668868,0.0,81412800.0,40883223.0,40883223.0,23260800.0,11767402.0,11767402.0,5815200.0,3419341.0,3419341.0,0.5074719428575566,0.0,0.1918544872490463,0.19024400663234645,0.0,0.5021719311950946,0.5058898232219012,0.5880005846746458,"[0.7249623010946786, 0.7528619464006318, 0.769853577942927]","[0.2717117227964323, 0.3016019588317818, 0.32726552369145784]","[0.40592452572178345, 0.49198834518286805, 0.5407410084493097]","[0.8808156693427488, 0.906191171878064, 0.9282417957565757]","[0.07690105271154239, 0.10141413327027998, 0.12165264848093535]","[0.3860395839541725, 0.4916744728221113, 0.5507077485276552]","[0.6889368079506281, 0.7206899547180392, 0.7428376958207227]","[0.3116621173079943, 0.3408302319163482, 0.37469759287306675]","[0.477847188283208, 0.49541810941828257, 0.5206324100448179]",0.27538904450669155,0.2875272331154684,35.0,8
